token_id	speaker	tu_id	unit	id	span	form	lemma	upos	xpos	feats	deprel	type	meta_label	variation	jefferson_feats	align	prolongations	pace	guesses	overlaps
0-0	BOR019	0	0	0	benissimo	benissimo	_	_	_	_	_	linguistic	_	none	_	Begin=0.71	_	_	_	_
0-1	BOR019	0	0	1	cominciamo	cominciamo	_	_	_	_	_	linguistic	_	none	_	End=1.91	_	_	_	_
1-0	BOR019	1	1	0	allo:ra	allora	_	_	_	_	_	linguistic	_	none	_	Begin=2.189	3x1	_	_	_
1-1	BOR019	1	1	1	dimmi	dimmi	_	_	_	_	_	linguistic	_	none	_	_	_	_	_	_
1-2	BOR019	1	1	2	dove	dove	_	_	_	_	_	linguistic	_	none	_	_	_	_	_	_
1-3	BOR019	1	1	3	vivi	vivi	_	_	_	_	_	linguistic	_	none	_	End=4.284	_	_	_	_
2-0	BOI068	2	2	0	io	io	_	_	_	_	_	linguistic	_	none	_	Begin=4.8	_	_	_	_
2-1	BOI068	2	2	1	abito:	abito	_	_	_	_	_	linguistic	_	none	_	_	4x1	_	_	_
2-2	BOI068	2	2	2	ad	ad	_	_	_	_	_	linguistic	_	none	_	_	_	_	_	_
2-3	BOI068	2	2	3	altedo	altedo	_	_	_	_	_	linguistic	_	none	_	_	_	_	_	_
2-4	BOI068	2	2	4	in	in	_	_	_	_	_	linguistic	_	none	_	_	_	_	_	_
2-5	BOI068	2	2	5	provincia	provincia	_	_	_	_	_	linguistic	_	none	_	_	_	_	_	_
2-6	BOI068	2	2	6	di	di	_	_	_	_	_	linguistic	_	none	_	_	_	_	_	_
2-7	BOI068	2	2	7	bologna	bologna	_	_	_	_	_	linguistic	_	none	_	End=7.53	_	_	_	_
3-0	BOR019	3	3	0	perfetto	perfetto	_	_	_	_	_	linguistic	_	none	_	Begin=7.91	_	_	_	_
3-1	BOR019	3	3	1	e:	e	_	_	_	_	_	linguistic	_	none	_	_	0x1	_	_	_
3-2	BOR019	3	3	2	quanto	quanto	_	_	_	_	_	linguistic	_	none	_	_	_	_	_	_
3-3	BOR019	3	3	3	dista	dista	_	_	_	_	_	linguistic	_	none	_	_	_	_	_	_
3-4	BOR019	3	3	4	da	da	_	_	_	_	_	linguistic	_	none	_	_	_	_	_	_
3-5	BOR019	3	3	5	bologna	bologna	_	_	_	_	_	linguistic	_	none	_	End=10.694	_	_	_	_
4-0	BOI068	4	4	0	eh	eh	_	_	_	_	_	linguistic	_	none	_	Begin=11.0	_	_	_	_
4-1	BOI068	4	4	1	diciamo,	diciamo	_	_	_	_	_	linguistic	_	none	Intonation=WeaklyRising	_	_	_	_	_
4-2	BOI068	4	4	2	una:	una	_	_	_	_	_	linguistic	_	none	_	_	2x1	_	_	_
4-3	BOI068	4	4	3	quarantina	quarantina	_	_	_	_	_	linguistic	_	none	_	_	_	_	_	_
4-4	BOI068	4	4	4	di	di	_	_	_	_	_	linguistic	_	none	_	_	_	_	_	_
4-5	BOI068	4	4	5	minuti	minuti	_	_	_	_	_	linguistic	_	none	_	_	_	_	_	_
4-6	BOI068	4	4	6	quarantacinque	quarantacinque	_	_	_	_	_	linguistic	_	none	_	_	_	_	_	_
4-7	BOI068	4	4	7	minuti	minuti	_	_	_	_	_	linguistic	_	none	_	_	_	_	_	_
4-8	BOI068	4	4	8	in	in	_	_	_	_	_	linguistic	_	none	_	_	_	_	_	_
4-9	BOI068	4	4	9	autobus	autobus	_	_	_	_	_	linguistic	_	none	_	_	_	_	_	_
4-10	BOI068	4	4	10	mentre	mentre	_	_	_	_	_	linguistic	_	none	_	_	_	_	_	_
4-11	BOI068	4	4	11	mezz'	mezz'	_	_	_	_	_	linguistic	_	none	SpaceAfter=No	_	_	_	_	_
4-12	BOI068	4	4	12	oretta	oretta	_	_	_	_	_	linguistic	_	none	_	_	_	_	_	_
4-13	BOI068	4	4	13	in	in	_	_	_	_	_	linguistic	_	none	_	_	_	_	_	_
4-14	BOI068	4	4	14	macchina	macchina	_	_	_	_	_	linguistic	_	none	_	End=17.657	_	_	_	_
5-0	BOR019	5	5	0	beh	beh	_	_	_	_	_	linguistic	_	none	_	Begin=17.9	_	_	_	_
5-1	BOR019	5	5	1	bene	bene	_	_	_	_	_	linguistic	_	none	_	_	_	_	_	_
5-2	BOR019	5	5	2	(dai)	dai	_	_	_	_	_	linguistic	_	none	_	_	_	_	0-3(0)	_
5-3	BOR019	5	5	3	quindi	quindi	_	_	_	_	_	linguistic	_	none	_	_	_	_	_	_
5-4	BOR019	5	5	4	non	non	_	_	_	_	_	linguistic	_	none	_	_	_	_	_	_
5-5	BOR019	5	5	5	sei	sei	_	_	_	_	_	linguistic	_	none	_	_	_	_	_	_
5-6	BOR019	5	5	6	troppo	troppo	_	_	_	_	_	linguistic	_	none	_	_	_	_	_	_
5-7	BOR019	5	5	7	lontano	lontano	_	_	_	_	_	linguistic	_	none	_	_	_	_	_	_
5-8	BOR019	5	5	8	alla	alla	_	_	_	_	_	linguistic	_	none	_	_	_	_	_	_
5-9	BOR019	5	5	9	fine	fine	_	_	_	_	_	linguistic	_	none	_	End=20.631	_	_	_	_
6-0	BOI068	6	6	0	no	no	_	_	_	_	_	linguistic	_	none	_	Begin=20.8	_	_	_	_
6-1	BOI068	6	6	1	in	in	_	_	_	_	_	linguistic	_	none	_	_	_	_	_	_
6-2	BOI068	6	6	2	realtà:	realtà	_	_	_	_	_	linguistic	_	none	_	_	5x1	_	_	_
6-3	BOI068	6	6	3	comunque	comunque	_	_	_	_	_	linguistic	_	none	_	_	_	_	_	_
6-4	BOI068	6	6	4	anche	anche	_	_	_	_	_	linguistic	_	none	_	_	_	_	_	_
6-5	BOI068	6	6	5	i	i	_	_	_	_	_	linguistic	_	none	_	_	_	_	_	_
6-6	BOI068	6	6	6	collegamenti	collegamenti	_	_	_	_	_	linguistic	_	none	_	_	_	_	_	_
6-7	BOI068	6	6	7	con	con	_	_	_	_	_	linguistic	_	none	_	_	_	_	_	_
6-8	BOI068	6	6	8	gli	gli	_	_	_	_	_	linguistic	_	none	_	_	_	_	_	_
6-9	BOI068	6	6	9	autobus	autobus	_	_	_	_	_	linguistic	_	none	_	_	_	_	_	_
6-10	BOI068	6	6	10	sono	sono	_	_	_	_	_	linguistic	_	none	_	_	_	_	_	_
6-11	BOI068	6	6	11	comodissimi	comodissimi	_	_	_	_	_	linguistic	_	none	_	End=25.489	_	_	_	_
7-0	BOI068	7	7	0	quindi	quindi	_	_	_	_	_	linguistic	_	none	_	Begin=25.6|End=26.389	_	_	_	_
8-0	BOR019	8	8	0	ah	ah	_	_	_	_	_	linguistic	_	none	_	Begin=26.49	_	_	_	_
8-1	BOR019	8	8	1	ottimo	ottimo	_	_	_	_	_	linguistic	_	none	_	_	_	_	_	_
8-2	BOR019	8	8	2	ottimo	ottimo	_	_	_	_	_	linguistic	_	none	_	_	_	_	_	_
8-3	BOR019	8	8	3	e	e	_	_	_	_	_	linguistic	_	none	_	_	_	_	_	_
8-4	BOR019	8	8	4	quindi	quindi	_	_	_	_	_	linguistic	_	none	_	_	_	_	_	_
8-5	BOR019	8	8	5	con	con	_	_	_	_	_	linguistic	_	none	_	_	_	_	_	_
8-6	BOR019	8	8	6	l'	l'	_	_	_	_	_	linguistic	_	none	SpaceAfter=No	_	_	_	_	_
8-7	BOR019	8	8	7	autobus	autobus	_	_	_	_	_	linguistic	_	none	_	_	_	_	_	_
8-8	BOR019	8	8	8	dicevi	dicevi	_	_	_	_	_	linguistic	_	none	_	_	_	_	_	_
8-9	BOR019	8	8	9	quaranta	quaranta	_	_	_	_	_	linguistic	_	none	_	_	_	_	_	_
8-10	BOR019	8	8	10	minuti	minuti	_	_	_	_	_	linguistic	_	none	_	End=30.041	_	_	_	_
9-0	BOI068	9	9	0	sì	sì	_	_	_	_	_	linguistic	_	none	_	Begin=30.14	_	_	_	_
9-1	BOI068	9	9	1	diciamo	diciamo	_	_	_	_	_	linguistic	_	none	_	End=31.13	_	_	_	_
10-0	BOI068	10	10	0	[sì	sì	_	_	_	_	_	linguistic	_	none	_	Begin=31.47	_	_	_	0-2(0)
10-1	BOI068	10	10	1	la	la	_	_	_	_	_	linguistic	_	none	_	_	_	_	_	0-2(0)
10-2	BOI068	10	10	2	mag]gior	maggior	_	_	_	_	_	linguistic	_	none	_	_	_	_	_	0-3(0)
10-3	BOI068	10	10	3	parte	parte	_	_	_	_	_	linguistic	_	none	_	_	_	_	_	_
10-4	BOI068	10	10	4	delle	delle	_	_	_	_	_	linguistic	_	none	_	_	_	_	_	_
10-5	BOI068	10	10	5	volte	volte	_	_	_	_	_	linguistic	_	none	_	_	_	_	_	_
10-6	BOI068	10	10	6	sui	sui	_	_	_	_	_	linguistic	_	none	_	_	_	_	_	_
10-7	BOI068	10	10	7	quaranta:	quaranta	_	_	_	_	_	linguistic	_	none	_	_	7x1	_	_	_
10-8	BOI068	10	10	8	minuti	minuti	_	_	_	_	_	linguistic	_	none	_	End=34.736	_	_	_	_
11-0	BOR019	11	11	0	[okay]	okay	_	_	_	_	_	linguistic	_	none	_	Begin=31.5|End=32.087	_	_	_	0-4(0)
12-0	BOR019	12	12	0	okay	okay	_	_	_	_	_	linguistic	_	none	_	Begin=35.0	_	_	_	_
12-1	BOR019	12	12	1	e:hm	ehm	_	_	_	_	_	linguistic	_	none	_	_	0x1	_	_	_
12-2	BOR019	12	12	2	hai	hai	_	_	_	_	_	linguistic	_	none	_	_	_	_	_	_
12-3	BOR019	12	12	3	fatto	fatto	_	_	_	_	_	linguistic	_	none	_	_	_	_	_	_
12-4	BOR019	12	12	4	le	le	_	_	_	_	_	linguistic	_	none	_	_	_	_	_	_
12-5	BOR019	12	12	5	scuole	scuole	_	_	_	_	_	linguistic	_	none	_	_	_	_	_	_
12-6	BOR019	12	12	6	a	a	_	_	_	_	_	linguistic	_	none	_	_	_	_	_	_
12-7	BOR019	12	12	7	bologna	bologna	_	_	_	_	_	linguistic	_	none	_	End=37.641	_	_	_	_
13-0	BOI068	13	13	0	sì	sì	_	_	_	_	_	linguistic	_	none	_	Begin=37.71	_	_	_	_
13-1	BOI068	13	13	1	ho	ho	_	_	_	_	_	linguistic	_	none	_	_	_	_	_	_
13-2	BOI068	13	13	2	fatto:	fatto	_	_	_	_	_	linguistic	_	none	_	_	4x1	_	_	_
13-3	BOI068	13	13	3	le	le	_	_	_	_	_	linguistic	_	none	_	_	_	_	_	_
13-4	BOI068	13	13	4	rosa	rosa	_	_	_	_	_	linguistic	_	none	_	_	_	_	_	_
13-5	BOI068	13	13	5	luxembourg?	luxembourg	_	_	_	_	_	linguistic	_	none	Intonation=Rising	_	_	_	_	_
13-6	BOI068	13	13	6	che	che	_	_	_	_	_	linguistic	_	none	_	_	_	_	_	_
13-7	BOI068	13	13	7	sono	sono	_	_	_	_	_	linguistic	_	none	_	_	_	_	_	_
13-8	BOI068	13	13	8	appunto	appunto	_	_	_	_	_	linguistic	_	none	_	End=41.26	_	_	_	_
14-0	BOI068	14	14	0	sì	sì	_	_	_	_	_	linguistic	_	none	_	Begin=41.31	_	_	_	_
14-1	BOI068	14	14	1	una	una	_	_	_	_	_	linguistic	_	none	_	_	_	_	_	_
14-2	BOI068	14	14	2	scuola	scuola	_	_	_	_	_	linguistic	_	none	_	_	_	_	_	_
14-3	BOI068	14	14	3	diciamo	diciamo	_	_	_	_	_	linguistic	_	none	_	_	_	_	_	_
14-4	BOI068	14	14	4	e:hm	ehm	_	_	_	_	_	linguistic	_	none	_	End=43.727	0x1	_	_	_
15-0	BOI068	15	15	0	un	un	_	_	_	_	_	linguistic	_	none	_	Begin=44.681	_	_	_	_
15-1	BOI068	15	15	1	po'	po'	_	_	_	_	_	linguistic	_	none	_	_	_	_	_	_
15-2	BOI068	15	15	2	più	più	_	_	_	_	_	linguistic	_	none	_	_	_	_	_	_
15-3	BOI068	15	15	3	distante	distante	_	_	_	_	_	linguistic	_	none	_	_	_	_	_	_
15-4	BOI068	15	15	4	dal	dal	_	_	_	_	_	linguistic	_	none	_	_	_	_	_	_
15-5	BOI068	15	15	5	centro	centro	_	_	_	_	_	linguistic	_	none	_	_	_	_	_	_
15-6	BOI068	15	15	6	di	di	_	_	_	_	_	linguistic	_	none	_	_	_	_	_	_
15-7	BOI068	15	15	7	bologna	bologna	_	_	_	_	_	linguistic	_	none	_	End=47.099	_	_	_	_
16-0	BOR019	16	16	0	oka[y]	okay	_	_	_	_	_	linguistic	_	none	_	Begin=47.172|End=47.809	_	_	_	3-4(1)
17-0	BOI068	17	17	0	[e]:h	eh	_	_	_	_	_	linguistic	_	none	_	Begin=47.609	0x1	_	_	0-1(1)
17-1	BOI068	17	17	1	che	che	_	_	_	_	_	linguistic	_	none	_	_	_	_	_	_
17-2	BOI068	17	17	2	è	è	_	_	_	_	_	linguistic	_	none	_	_	_	_	_	_
17-3	BOI068	17	17	3	un	un	_	_	_	_	_	linguistic	_	none	_	_	_	_	_	_
17-4	BOI068	17	17	4	tecnico,	tecnico	_	_	_	_	_	linguistic	_	none	Intonation=WeaklyRising	_	_	_	_	_
17-5	BOI068	17	17	5	[e]	e	_	_	_	_	_	linguistic	_	none	_	End=49.545	_	_	_	0-1(2)
18-0	BOR019	18	18	0	[okay]	okay	_	_	_	_	_	linguistic	_	none	_	Begin=49.045|End=49.548	_	_	_	0-4(2)
19-0	BOI068	19	19	0	commerciale	commerciale	_	_	_	_	_	linguistic	_	none	_	Begin=50.236	_	_	_	_
19-1	BOI068	19	19	1	turistico:	turistico	_	_	_	_	_	linguistic	_	none	_	_	8x1	_	_	_
19-2	BOI068	19	19	2	infatti	infatti	_	_	_	_	_	linguistic	_	none	_	_	_	_	_	_
19-3	BOI068	19	19	3	si	si	_	_	_	_	_	linguistic	_	none	_	_	_	_	_	_
19-4	BOI068	19	19	4	trova:	trova	_	_	_	_	_	linguistic	_	none	_	_	4x1	_	_	_
19-5	BOI068	19	19	5	eh	eh	_	_	_	_	_	linguistic	_	none	_	_	_	_	_	_
19-6	BOI068	19	19	6	diciamo	diciamo	_	_	_	_	_	linguistic	_	none	_	_	_	_	_	_
19-7	BOI068	19	19	7	verso	verso	_	_	_	_	_	linguistic	_	none	_	_	_	_	_	_
19-8	BOI068	19	19	8	l'	l'	_	_	_	_	_	linguistic	_	none	SpaceAfter=No	_	_	_	_	_
19-9	BOI068	19	19	9	ospedale	ospedale	_	_	_	_	_	linguistic	_	none	_	_	_	_	_	_
19-10	BOI068	19	19	10	maggiore	maggiore	_	_	_	_	_	linguistic	_	none	_	_	_	_	_	_
19-11	BOI068	19	19	11	quindi	quindi	_	_	_	_	_	linguistic	_	none	_	_	_	_	_	_
19-12	BOI068	19	19	12	x	x	_	_	_	_	_	unknown	_	none	Syllables=1	_	_	_	_	_
19-13	BOI068	19	19	13	comunque	comunque	_	_	_	_	_	linguistic	_	none	_	End=56.018	_	_	_	_
20-0	BOI068	20	20	0	ehm	ehm	_	_	_	_	_	linguistic	_	none	_	Begin=56.366|End=56.999	_	_	_	_
21-0	BOI068	21	21	0	zona	zona	_	_	_	_	_	linguistic	_	none	_	Begin=57.681|End=58.275	_	_	_	_
22-0	BOI068	22	22	0	non	non	_	_	_	_	_	linguistic	_	none	_	Begin=58.781	_	_	_	_
22-1	BOI068	22	22	1	proprio	proprio	_	_	_	_	_	linguistic	_	none	_	_	_	_	_	_
22-2	BOI068	22	22	2	centrale	centrale	_	_	_	_	_	linguistic	_	none	_	End=59.899	_	_	_	_
23-0	BOR019	23	23	0	okay	okay	_	_	_	_	_	linguistic	_	none	_	Begin=60.253	_	_	_	_
23-1	BOR019	23	23	1	ho	ho	_	_	_	_	_	linguistic	_	none	_	_	_	_	_	_
23-2	BOR019	23	23	2	capito,	capito	_	_	_	_	_	linguistic	_	none	Intonation=WeaklyRising	End=61.509	_	_	_	_
24-0	BOR019	24	24	0	e:h	eh	_	_	_	_	_	linguistic	_	none	_	Begin=61.702	0x1	_	_	_
24-1	BOR019	24	24	1	quindi	quindi	_	_	_	_	_	linguistic	_	none	_	_	_	_	_	_
24-2	BOR019	24	24	2	>dovevi<	dovevi	_	_	_	_	_	linguistic	_	none	_	_	_	Fast=0-6(0)	_	_
24-3	BOR019	24	24	3	prendere	prendere	_	_	_	_	_	linguistic	_	none	_	End=63.381	_	_	_	_
25-0	BOR019	25	25	0	l'	l'	_	_	_	_	_	linguistic	_	none	SpaceAfter=No	Begin=63.863	_	_	_	_
25-1	BOR019	25	25	1	autobus	autobus	_	_	_	_	_	linguistic	_	none	_	_	_	_	_	_
25-2	BOR019	25	25	2	per	per	_	_	_	_	_	linguistic	_	none	_	_	_	_	_	_
25-3	BOR019	25	25	3	andare	andare	_	_	_	_	_	linguistic	_	none	_	_	_	_	_	_
25-4	BOR019	25	25	4	a	a	_	_	_	_	_	linguistic	_	none	_	_	_	_	_	_
25-5	BOR019	25	25	5	bologna	bologna	_	_	_	_	_	linguistic	_	none	_	End=65.954	_	_	_	_
26-0	BOR019	26	26	0	[e	e	_	_	_	_	_	linguistic	_	none	_	Begin=66.181	_	_	_	0-1(5)
26-1	BOR019	26	26	1	poi	poi	_	_	_	_	_	linguistic	_	none	_	_	_	_	_	0-3(5)
26-2	BOR019	26	26	2	l'	l'	_	_	_	_	_	linguistic	_	none	SpaceAfter=No	_	_	_	_	0-2(5)
26-3	BOR019	26	26	3	auto]bu[s]	autobus	_	_	_	_	_	linguistic	_	none	_	End=67.89	_	_	_	0-4(5),5-7(6)
27-0	BOI068	27	27	0	[<sì>	sì	_	_	_	_	_	linguistic	_	none	_	Begin=66.214	_	Slow=0-2(0)	_	0-2(5)
27-1	BOI068	27	27	1	e	e	_	_	_	_	_	linguistic	_	none	_	_	_	_	_	0-1(5)
27-2	BOI068	27	27	2	poi	poi	_	_	_	_	_	linguistic	_	none	_	_	_	_	_	0-3(5)
27-3	BOI068	27	27	3	(un)]	un	_	_	_	_	_	linguistic	_	none	_	End=67.163	_	_	0-2(0)	0-2(5)
28-0	BOI068	28	28	0	[sì]	sì	_	_	_	_	_	linguistic	_	none	_	Begin=67.445|End=67.89	_	_	_	0-2(6)
29-0	BOI068	29	29	0	sì	sì	_	_	_	_	_	linguistic	_	none	_	Begin=68.499	_	_	_	_
29-1	BOI068	29	29	1	dovevo	dovevo	_	_	_	_	_	linguistic	_	none	_	_	_	_	_	_
29-2	BOI068	29	29	2	prendere	prendere	_	_	_	_	_	linguistic	_	none	_	_	_	_	_	_
29-3	BOI068	29	29	3	diciamo	diciamo	_	_	_	_	_	linguistic	_	none	_	_	_	_	_	_
29-4	BOI068	29	29	4	una	una	_	_	_	_	_	linguistic	_	none	_	_	_	_	_	_
29-5	BOI068	29	29	5	navetta	navetta	_	_	_	_	_	linguistic	_	none	_	End=70.545	_	_	_	_
30-0	BOR019	30	30	0	mh	mh	_	_	_	_	_	linguistic	_	none	_	Begin=70.672|End=70.972	_	_	_	_
31-0	BOI068	31	31	0	che	che	_	_	_	_	_	linguistic	_	none	_	Begin=70.981|End=71.215	_	_	_	_
32-0	BOI068	32	32	0	passava	passava	_	_	_	_	_	linguistic	_	none	_	Begin=71.494	_	_	_	_
32-1	BOI068	32	32	1	oddio	oddio	_	_	_	_	_	linguistic	_	none	_	End=72.375	_	_	_	_
33-0	BOI068	33	33	0	e:h	eh	_	_	_	_	_	linguistic	_	none	_	Begin=72.872|End=73.472	0x1	_	_	_
34-0	BOI068	34	34	0	gli	gli	_	_	_	_	_	linguistic	_	none	_	Begin=73.981	_	_	_	_
34-1	BOI068	34	34	1	orari	orari	_	_	_	_	_	linguistic	_	none	_	_	_	_	_	_
34-2	BOI068	34	34	2	eh	eh	_	_	_	_	_	linguistic	_	none	_	_	_	_	_	_
34-3	BOI068	34	34	3	di	di	_	_	_	_	_	linguistic	_	none	_	_	_	_	_	_
34-4	BOI068	34	34	4	inizio	inizio	_	_	_	_	_	linguistic	_	none	_	_	_	_	_	_
34-5	BOI068	34	34	5	scuola	scuola	_	_	_	_	_	linguistic	_	none	_	_	_	_	_	_
34-6	BOI068	34	34	6	e	e	_	_	_	_	_	linguistic	_	none	_	_	_	_	_	_
34-7	BOI068	34	34	7	poi	poi	_	_	_	_	_	linguistic	_	none	_	_	_	_	_	_
34-8	BOI068	34	34	8	alla	alla	_	_	_	_	_	linguistic	_	none	_	_	_	_	_	_
34-9	BOI068	34	34	9	fine	fine	_	_	_	_	_	linguistic	_	none	_	End=77.818	_	_	_	_
35-0	BOI068	35	35	0	eh	eh	_	_	_	_	_	linguistic	_	none	_	Begin=78.199	_	_	_	_
35-1	BOI068	35	35	1	poi	poi	_	_	_	_	_	linguistic	_	none	_	_	_	_	_	_
35-2	BOI068	35	35	2	sì	sì	_	_	_	_	_	linguistic	_	none	_	_	_	_	_	_
35-3	BOI068	35	35	3	c'	c'	_	_	_	_	_	linguistic	_	none	SpaceAfter=No	_	_	_	_	_
35-4	BOI068	35	35	4	è	è	_	_	_	_	_	linguistic	_	none	_	_	_	_	_	_
35-5	BOI068	35	35	5	l'	l'	_	_	_	_	_	linguistic	_	none	SpaceAfter=No	_	_	_	_	_
35-6	BOI068	35	35	6	undici,	undici	_	_	_	_	_	linguistic	_	none	Intonation=WeaklyRising	_	_	_	_	_
35-7	BOI068	35	35	7	che	che	_	_	_	_	_	linguistic	_	none	_	_	_	_	_	_
35-8	BOI068	35	35	8	porta:	porta	_	_	_	_	_	linguistic	_	none	_	_	4x1	_	_	_
35-9	BOI068	35	35	9	fino	fino	_	_	_	_	_	linguistic	_	none	_	_	_	_	_	_
35-10	BOI068	35	35	10	a	a	_	_	_	_	_	linguistic	_	none	_	_	_	_	_	_
35-11	BOI068	35	35	11	scuola	scuola	_	_	_	_	_	linguistic	_	none	_	_	_	_	_	_
35-12	BOI068	35	35	12	solo	solo	_	_	_	_	_	linguistic	_	none	_	_	_	_	_	_
35-13	BOI068	35	35	13	che:	che	_	_	_	_	_	linguistic	_	none	_	_	2x1	_	_	_
35-14	BOI068	35	35	14	comunque	comunque	_	_	_	_	_	linguistic	_	none	_	_	_	_	_	_
35-15	BOI068	35	35	15	fa	fa	_	_	_	_	_	linguistic	_	none	_	_	_	_	_	_
35-16	BOI068	35	35	16	un	un	_	_	_	_	_	linguistic	_	none	_	_	_	_	_	_
35-17	BOI068	35	35	17	giro	giro	_	_	_	_	_	linguistic	_	none	_	_	_	_	_	_
35-18	BOI068	35	35	18	molto	molto	_	_	_	_	_	linguistic	_	none	_	_	_	_	_	_
35-19	BOI068	35	35	19	lungo	lungo	_	_	_	_	_	linguistic	_	none	_	_	_	_	_	_
35-20	BOI068	35	35	20	e	e	_	_	_	_	_	linguistic	_	none	_	_	_	_	_	_
35-21	BOI068	35	35	21	quindi	quindi	_	_	_	_	_	linguistic	_	none	_	_	_	_	_	_
35-22	BOI068	35	35	22	ci	ci	_	_	_	_	_	linguistic	_	none	_	_	_	_	_	_
35-23	BOI068	35	35	23	metteva	metteva	_	_	_	_	_	linguistic	_	none	_	_	_	_	_	_
35-24	BOI068	35	35	24	anche	anche	_	_	_	_	_	linguistic	_	none	_	_	_	_	_	_
35-25	BOI068	35	35	25	mezz'	mezz'	_	_	_	_	_	linguistic	_	none	SpaceAfter=No	_	_	_	_	_
35-26	BOI068	35	35	26	oretta	oretta	_	_	_	_	_	linguistic	_	none	_	_	_	_	_	_
35-27	BOI068	35	35	27	per	per	_	_	_	_	_	linguistic	_	none	_	_	_	_	_	_
35-28	BOI068	35	35	28	arrivare	arrivare	_	_	_	_	_	linguistic	_	none	_	End=86.824	_	_	_	_
36-0	BOI068	36	36	0	quindi:	quindi	_	_	_	_	_	linguistic	_	none	_	Begin=86.936|End=87.617	5x1	_	_	_
37-0	BOI068	37	37	0	diciamo:	diciamo	_	_	_	_	_	linguistic	_	none	_	Begin=87.899	6x1	_	_	_
37-1	BOI068	37	37	1	mh	mh	_	_	_	_	_	linguistic	_	none	_	_	_	_	_	_
37-2	BOI068	37	37	2	preferivo	preferivo	_	_	_	_	_	linguistic	_	none	_	End=89.495	_	_	_	_
38-0	BOI068	38	38	0	prendere	prendere	_	_	_	_	_	linguistic	_	none	_	Begin=89.909	_	_	_	_
38-1	BOI068	38	38	1	la	la	_	_	_	_	_	linguistic	_	none	_	_	_	_	_	_
38-2	BOI068	38	38	2	navetta	navetta	_	_	_	_	_	linguistic	_	none	_	_	_	_	_	_
38-3	BOI068	38	38	3	così:	così	_	_	_	_	_	linguistic	_	none	_	_	3x1	_	_	_
38-4	BOI068	38	38	4	arrivavo	arrivavo	_	_	_	_	_	linguistic	_	none	_	_	_	_	_	_
38-5	BOI068	38	38	5	proprio	proprio	_	_	_	_	_	linguistic	_	none	_	_	_	_	_	_
38-6	BOI068	38	38	6	in	in	_	_	_	_	_	linguistic	_	none	_	_	_	_	_	_
38-7	BOI068	38	38	7	orario	orario	_	_	_	_	_	linguistic	_	none	_	_	_	_	_	_
38-8	BOI068	38	38	8	preciso	preciso	_	_	_	_	_	linguistic	_	none	_	End=93.54	_	_	_	_
39-0	BOR019	39	39	0	ho	ho	_	_	_	_	_	linguistic	_	none	_	Begin=93.899	_	_	_	_
39-1	BOR019	39	39	1	capito	capito	_	_	_	_	_	linguistic	_	none	PauseAfter=Yes	_	_	_	_	_
39-2	BOR019	39	39	2	{P}	{P}	_	_	_	_	_	shortpause	_	none	_	_	_	_	_	_
39-3	BOR019	39	39	3	e	e	_	_	_	_	_	linguistic	_	none	_	_	_	_	_	_
39-4	BOR019	39	39	4	ti	ti	_	_	_	_	_	linguistic	_	none	_	_	_	_	_	_
39-5	BOR019	39	39	5	è	è	_	_	_	_	_	linguistic	_	none	_	_	_	_	_	_
39-6	BOR019	39	39	6	mai	mai	_	_	_	_	_	linguistic	_	none	_	_	_	_	_	_
39-7	BOR019	39	39	7	capitato	capitato	_	_	_	_	_	linguistic	_	none	_	_	_	_	_	_
39-8	BOR019	39	39	8	di:	di	_	_	_	_	_	linguistic	_	none	_	_	1x1	_	_	_
39-9	BOR019	39	39	9	magari	magari	_	_	_	_	_	linguistic	_	none	_	_	_	_	_	_
39-10	BOR019	39	39	10	perdere	perdere	_	_	_	_	_	linguistic	_	none	_	_	_	_	_	_
39-11	BOR019	39	39	11	l'	l'	_	_	_	_	_	linguistic	_	none	SpaceAfter=No	_	_	_	_	_
39-12	BOR019	39	39	12	autobus	autobus	_	_	_	_	_	linguistic	_	none	_	_	_	_	_	_
39-13	BOR019	39	39	13	per	per	_	_	_	_	_	linguistic	_	none	_	_	_	_	_	_
39-14	BOR019	39	39	14	il	il	_	_	_	_	_	linguistic	_	none	_	_	_	_	_	_
39-15	BOR019	39	39	15	ritorno	ritorno	_	_	_	_	_	linguistic	_	none	_	_	_	_	_	_
39-16	BOR019	39	39	16	ad	ad	_	_	_	_	_	linguistic	_	none	_	_	_	_	_	_
39-17	BOR019	39	39	17	altedo:	altedo	_	_	_	_	_	linguistic	_	none	_	End=99.845	5x1	_	_	_
40-0	BOI068	40	40	0	sì	sì	_	_	_	_	_	linguistic	_	none	_	Begin=99.863|End=100.381	_	_	_	_
41-0	BOR019	41	41	0	a[h]	ah	_	_	_	_	_	linguistic	_	none	_	Begin=100.587	_	_	_	1-2(10)
41-1	BOR019	41	41	1	{ride}	{ride}	_	_	_	_	_	nonverbalbehavior	_	none	_	End=100.936	_	_	_	_
42-0	BOI068	42	42	0	[dicia]mo:	diciamo	_	_	_	_	_	linguistic	_	none	_	Begin=100.681	6x1	_	_	0-5(10)
42-1	BOI068	42	42	1	soprattutto	soprattutto	_	_	_	_	_	linguistic	_	none	_	_	_	_	_	_
42-2	BOI068	42	42	2	quando:	quando	_	_	_	_	_	linguistic	_	none	_	_	5x1	_	_	_
42-3	BOI068	42	42	3	dato	dato	_	_	_	_	_	linguistic	_	none	_	_	_	_	_	_
42-4	BOI068	42	42	4	che	che	_	_	_	_	_	linguistic	_	none	_	_	_	_	_	_
42-5	BOI068	42	42	5	io	io	_	_	_	_	_	linguistic	_	none	_	_	_	_	_	_
42-6	BOI068	42	42	6	avevo	avevo	_	_	_	_	_	linguistic	_	none	_	_	_	_	_	_
42-7	BOI068	42	42	7	il	il	_	_	_	_	_	linguistic	_	none	_	_	_	_	_	_
42-8	BOI068	42	42	8	permesso	permesso	_	_	_	_	_	linguistic	_	none	_	_	_	_	_	_
42-9	BOI068	42	42	9	di	di	_	_	_	_	_	linguistic	_	none	_	_	_	_	_	_
42-10	BOI068	42	42	10	uscita	uscita	_	_	_	_	_	linguistic	_	none	_	_	_	_	_	_
42-11	BOI068	42	42	11	anticipata	anticipata	_	_	_	_	_	linguistic	_	none	_	_	_	_	_	_
42-12	BOI068	42	42	12	[anche	anche	_	_	_	_	_	linguistic	_	none	_	_	_	_	_	0-5(11)
42-13	BOI068	42	42	13	s]e	se	_	_	_	_	_	linguistic	_	none	_	_	_	_	_	0-1(11)
42-14	BOI068	42	42	14	non	non	_	_	_	_	_	linguistic	_	none	_	_	_	_	_	_
42-15	BOI068	42	42	15	è	è	_	_	_	_	_	linguistic	_	none	_	_	_	_	_	_
42-16	BOI068	42	42	16	che	che	_	_	_	_	_	linguistic	_	none	_	_	_	_	_	_
42-17	BOI068	42	42	17	servisse	servisse	_	_	_	_	_	linguistic	_	none	_	_	_	_	_	_
42-18	BOI068	42	42	18	a	a	_	_	_	_	_	linguistic	_	none	_	_	_	_	_	_
42-19	BOI068	42	42	19	molto	molto	_	_	_	_	_	linguistic	_	none	_	_	_	_	_	_
42-20	BOI068	42	42	20	perché	perché	_	_	_	_	_	linguistic	_	none	_	End=108.118	_	_	_	_
43-0	BOR019	43	43	0	[okay]	okay	_	_	_	_	_	linguistic	_	none	_	Begin=106.1|End=106.559	_	_	_	0-4(11)
44-0	BOI068	44	44	0	io	io	_	_	_	_	_	linguistic	_	none	_	Begin=108.401	_	_	_	_
44-1	BOI068	44	44	1	uscivo	uscivo	_	_	_	_	_	linguistic	_	none	_	_	_	_	_	_
44-2	BOI068	44	44	2	praticamente	praticamente	_	_	_	_	_	linguistic	_	none	PauseAfter=Yes	_	_	_	_	_
44-3	BOI068	44	44	3	{P}	{P}	_	_	_	_	_	shortpause	_	none	_	_	_	_	_	_
44-4	BOI068	44	44	4	dieci	dieci	_	_	_	_	_	linguistic	_	none	_	_	_	_	_	_
44-5	BOI068	44	44	5	minuti	minuti	_	_	_	_	_	linguistic	_	none	_	_	_	_	_	_
44-6	BOI068	44	44	6	prima	prima	_	_	_	_	_	linguistic	_	none	_	_	_	_	_	_
44-7	BOI068	44	44	7	di	di	_	_	_	_	_	linguistic	_	none	_	End=111.4	_	_	_	_
45-0	BOI068	45	45	0	d:i	di	_	_	_	_	_	linguistic	_	none	_	Begin=112.0	0x1	_	_	_
45-1	BOI068	45	45	1	mh	mh	_	_	_	_	_	linguistic	_	none	_	End=113.175	_	_	_	_
46-0	BOI068	46	46	0	degli	degli	_	_	_	_	_	linguistic	_	none	_	Begin=113.534	_	_	_	_
46-1	BOI068	46	46	1	altri	altri	_	_	_	_	_	linguistic	_	none	PauseAfter=Yes	_	_	_	_	_
46-2	BOI068	46	46	2	{P}	{P}	_	_	_	_	_	shortpause	_	none	_	_	_	_	_	_
46-3	BOI068	46	46	3	[quindi]:	quindi	_	_	_	_	_	linguistic	_	none	_	End=115.193	5x1	_	_	0-6(15)
47-0	BOR019	47	47	0	[sì]	sì	_	_	_	_	_	linguistic	_	none	_	Begin=114.394|End=114.817	_	_	_	0-2(15)
48-0	BOI068	48	48	0	diciamo:	diciamo	_	_	_	_	_	linguistic	_	none	_	Begin=115.7	6x1	_	_	_
48-1	BOI068	48	48	1	io	io	_	_	_	_	_	linguistic	_	none	_	_	_	_	_	_
48-2	BOI068	48	48	2	avevo:	avevo	_	_	_	_	_	linguistic	_	none	_	End=117.6	4x1	_	_	_
49-0	BOI068	49	49	0	e:h	eh	_	_	_	_	_	linguistic	_	none	_	Begin=117.85	0x1	_	_	_
49-1	BOI068	49	49	1	dieci	dieci	_	_	_	_	_	linguistic	_	none	_	_	_	_	_	_
49-2	BOI068	49	49	2	minuti	minuti	_	_	_	_	_	linguistic	_	none	_	_	_	_	_	_
49-3	BOI068	49	49	3	per	per	_	_	_	_	_	linguistic	_	none	_	_	_	_	_	_
49-4	BOI068	49	49	4	prendere	prendere	_	_	_	_	_	linguistic	_	none	_	_	_	_	_	_
49-5	BOI068	49	49	5	la	la	_	_	_	_	_	linguistic	_	none	_	_	_	_	_	_
49-6	BOI068	49	49	6	navetta	navetta	_	_	_	_	_	linguistic	_	none	_	_	_	_	_	_
49-7	BOI068	49	49	7	che	che	_	_	_	_	_	linguistic	_	none	_	_	_	_	_	_
49-8	BOI068	49	49	8	comunque:	comunque	_	_	_	_	_	linguistic	_	none	_	End=121.819	7x1	_	_	_
50-0	BOI068	50	50	0	appena	appena	_	_	_	_	_	linguistic	_	none	_	Begin=121.889	_	_	_	_
50-1	BOI068	50	50	1	uscivo	uscivo	_	_	_	_	_	linguistic	_	none	_	_	_	_	_	_
50-2	BOI068	50	50	2	da	da	_	_	_	_	_	linguistic	_	none	_	_	_	_	_	_
50-3	BOI068	50	50	3	scuola	scuola	_	_	_	_	_	linguistic	_	none	PauseAfter=Yes	_	_	_	_	_
50-4	BOI068	50	50	4	{P}	{P}	_	_	_	_	_	shortpause	_	none	_	_	_	_	_	_
50-5	BOI068	50	50	5	non	non	_	_	_	_	_	linguistic	_	none	_	_	_	_	_	_
50-6	BOI068	50	50	6	passava	passava	_	_	_	_	_	linguistic	_	none	_	_	_	_	_	_
50-7	BOI068	50	50	7	cioè	cioè	_	_	_	_	_	linguistic	_	none	_	_	_	_	_	_
50-8	BOI068	50	50	8	dovevo	dovevo	_	_	_	_	_	linguistic	_	none	_	_	_	_	_	_
50-9	BOI068	50	50	9	aspettare	aspettare	_	_	_	_	_	linguistic	_	none	_	_	_	_	_	_
50-10	BOI068	50	50	10	cinque	cinque	_	_	_	_	_	linguistic	_	none	_	_	_	_	_	_
50-11	BOI068	50	50	11	minuti	minuti	_	_	_	_	_	linguistic	_	none	_	End=125.639	_	_	_	_
51-0	BOI068	51	51	0	arrivare	arrivare	_	_	_	_	_	linguistic	_	none	_	Begin=126.082	_	_	_	_
51-1	BOI068	51	51	1	in	in	_	_	_	_	_	linguistic	_	none	_	_	_	_	_	_
51-2	BOI068	51	51	2	autostazione	autostazione	_	_	_	_	_	linguistic	_	none	_	_	_	_	_	_
51-3	BOI068	51	51	3	e	e	_	_	_	_	_	linguistic	_	none	_	_	_	_	_	_
51-4	BOI068	51	51	4	se	se	_	_	_	_	_	linguistic	_	none	_	_	_	_	_	_
51-5	BOI068	51	51	5	c~	c~	_	_	_	_	_	linguistic	_	none	Interrupted=Yes	_	_	_	_	_
51-6	BOI068	51	51	6	se	se	_	_	_	_	_	linguistic	_	none	_	_	_	_	_	_
51-7	BOI068	51	51	7	ce	ce	_	_	_	_	_	linguistic	_	none	_	_	_	_	_	_
51-8	BOI068	51	51	8	la	la	_	_	_	_	_	linguistic	_	none	_	_	_	_	_	_
51-9	BOI068	51	51	9	facevo	facevo	_	_	_	_	_	linguistic	_	none	_	_	_	_	_	_
51-10	BOI068	51	51	10	prendere	prendere	_	_	_	_	_	linguistic	_	none	_	_	_	_	_	_
51-11	BOI068	51	51	11	l'	l'	_	_	_	_	_	linguistic	_	none	SpaceAfter=No	_	_	_	_	_
51-12	BOI068	51	51	12	autobus	autobus	_	_	_	_	_	linguistic	_	none	_	_	_	_	_	_
51-13	BOI068	51	51	13	quindi	quindi	_	_	_	_	_	linguistic	_	none	_	_	_	_	_	_
51-14	BOI068	51	51	14	la	la	_	_	_	_	_	linguistic	_	none	_	_	_	_	_	_
51-15	BOI068	51	51	15	maggior	maggior	_	_	_	_	_	linguistic	_	none	_	_	_	_	_	_
51-16	BOI068	51	51	16	parte	parte	_	_	_	_	_	linguistic	_	none	_	_	_	_	_	_
51-17	BOI068	51	51	17	delle	delle	_	_	_	_	_	linguistic	_	none	_	_	_	_	_	_
51-18	BOI068	51	51	18	volte	volte	_	_	_	_	_	linguistic	_	none	_	_	_	_	_	_
51-19	BOI068	51	51	19	dovevo	dovevo	_	_	_	_	_	linguistic	_	none	_	_	_	_	_	_
51-20	BOI068	51	51	20	aspettare	aspettare	_	_	_	_	_	linguistic	_	none	_	_	_	_	_	_
51-21	BOI068	51	51	21	diciamo	diciamo	_	_	_	_	_	linguistic	_	none	_	_	_	_	_	_
51-22	BOI068	51	51	22	l'	l'	_	_	_	_	_	linguistic	_	none	SpaceAfter=No	_	_	_	_	_
51-23	BOI068	51	51	23	autobus	autobus	_	_	_	_	_	linguistic	_	none	_	_	_	_	_	_
51-24	BOI068	51	51	24	successivo	successivo	_	_	_	_	_	linguistic	_	none	_	_	_	_	_	_
51-25	BOI068	51	51	25	che	che	_	_	_	_	_	linguistic	_	none	_	_	_	_	_	_
51-26	BOI068	51	51	26	era	era	_	_	_	_	_	linguistic	_	none	_	_	_	_	_	_
51-27	BOI068	51	51	27	mezz'	mezz'	_	_	_	_	_	linguistic	_	none	SpaceAfter=No	_	_	_	_	_
51-28	BOI068	51	51	28	ora	ora	_	_	_	_	_	linguistic	_	none	_	_	_	_	_	_
51-29	BOI068	51	51	29	dopo	dopo	_	_	_	_	_	linguistic	_	none	_	End=135.428	_	_	_	_
52-0	BOR019	52	52	0	cavolo	cavolo	_	_	_	_	_	linguistic	_	none	_	Begin=135.812|End=136.459	_	_	_	_
53-0	BOI068	53	53	0	sì	sì	_	_	_	_	_	linguistic	_	none	_	Begin=136.459|End=136.81	_	_	_	_
54-0	BOR019	54	54	0	m:h	mh	_	_	_	_	_	linguistic	_	none	_	Begin=136.9	0x1	_	_	_
54-1	BOR019	54	54	1	{ride}	{ride}	_	_	_	_	_	nonverbalbehavior	_	none	_	_	_	_	_	_
54-2	BOR019	54	54	2	m::h	mh	_	_	_	_	_	linguistic	_	none	_	End=138.5	0x2	_	_	_
55-0	BOR019	55	55	0	bene	bene	_	_	_	_	_	linguistic	_	none	_	Begin=139.03	_	_	_	_
55-1	BOR019	55	55	1	e::h	eh	_	_	_	_	_	linguistic	_	none	_	_	0x2	_	_	_
55-2	BOR019	55	55	2	>vabbè<	vabbè	_	_	_	_	_	linguistic	_	none	_	_	_	Fast=0-5(0)	_	_
55-3	BOR019	55	55	3	a	a	_	_	_	_	_	linguistic	_	none	_	_	_	Slow=0-1(0)	_	_
55-4	BOR019	55	55	4	parte	parte	_	_	_	_	_	linguistic	_	none	_	_	_	Slow=0-5(0)	_	_
55-5	BOR019	55	55	5	questo	questo	_	_	_	_	_	linguistic	_	none	_	_	_	Slow=0-6(0)	_	_
55-6	BOR019	55	55	6	{ride}	{ride}	_	_	_	_	_	nonverbalbehavior	_	none	_	_	_	Slow=0-6(0)	_	_
55-7	BOR019	55	55	7	pensi	pensi	_	_	_	_	_	linguistic	_	none	_	_	_	Slow=0-5(0)	_	_
55-8	BOR019	55	55	8	che:	che	_	_	_	_	_	linguistic	_	none	_	_	2x1	Slow=0-3(0)	_	_
55-9	BOR019	55	55	9	la	la	_	_	_	_	_	linguistic	_	none	_	_	_	Slow=0-2(0)	_	_
55-10	BOR019	55	55	10	città	città	_	_	_	_	_	linguistic	_	none	_	_	_	Slow=0-5(0)	_	_
55-11	BOR019	55	55	11	sia	sia	_	_	_	_	_	linguistic	_	none	_	_	_	Slow=0-3(0)	_	_
55-12	BOR019	55	55	12	ben	ben	_	_	_	_	_	linguistic	_	none	_	_	_	Slow=0-3(0)	_	_
55-13	BOR019	55	55	13	collegata	collegata	_	_	_	_	_	linguistic	_	none	_	_	_	Slow=0-9(0)	_	_
55-14	BOR019	55	55	14	per	per	_	_	_	_	_	linguistic	_	none	_	_	_	Slow=0-3(0)	_	_
55-15	BOR019	55	55	15	q[uanto	quanto	_	_	_	_	_	linguistic	_	none	_	_	_	Slow=0-6(0)	_	1-6(18)
55-16	BOR019	55	55	16	rigua]rd[a	riguarda	_	_	_	_	_	linguistic	_	none	_	_	_	Slow=0-8(0)	_	0-5(18),7-8(19)
55-17	BOR019	55	55	17	>okay<]	okay	_	_	_	_	_	linguistic	_	none	_	End=146.594	_	Fast=0-4(1)	_	0-4(19)
56-0	BOI068	56	56	0	[sì]	sì	_	_	_	_	_	linguistic	_	none	_	Begin=145.409|End=145.784	_	_	_	0-2(18)
57-0	BOI068	57	57	0	[sì]	sì	_	_	_	_	_	linguistic	_	none	_	Begin=146.092|End=146.563	_	_	_	0-2(19)
58-0	BOI068	58	58	0	secondo	secondo	_	_	_	_	_	linguistic	_	none	_	Begin=146.812	_	_	_	_
58-1	BOI068	58	58	1	me	me	_	_	_	_	_	linguistic	_	none	_	_	_	_	_	_
58-2	BOI068	58	58	2	bologna::	bologna	_	_	_	_	_	linguistic	_	none	_	_	6x2	_	_	_
58-3	BOI068	58	58	3	c(io)è	cioè	_	_	_	_	_	linguistic	_	none	_	_	_	_	1-3(0)	_
58-4	BOI068	58	58	4	mh	mh	_	_	_	_	_	linguistic	_	none	_	_	_	_	_	_
58-5	BOI068	58	58	5	vedendo:	vedendo	_	_	_	_	_	linguistic	_	none	_	_	6x1	_	_	_
58-6	BOI068	58	58	6	tutte	tutte	_	_	_	_	_	linguistic	_	none	_	_	_	_	_	_
58-7	BOI068	58	58	7	le	le	_	_	_	_	_	linguistic	_	none	_	_	_	_	_	_
58-8	BOI068	58	58	8	città	città	_	_	_	_	_	linguistic	_	none	_	_	_	_	_	_
58-9	BOI068	58	58	9	che	che	_	_	_	_	_	linguistic	_	none	_	_	_	_	_	_
58-10	BOI068	58	58	10	ho	ho	_	_	_	_	_	linguistic	_	none	_	_	_	_	_	_
58-11	BOI068	58	58	11	visitato	visitato	_	_	_	_	_	linguistic	_	none	_	_	_	_	_	_
58-12	BOI068	58	58	12	[dell'	dell'	_	_	_	_	_	linguistic	_	none	SpaceAfter=No	_	_	_	_	0-5(20)
58-13	BOI068	58	58	13	ita]lia	italia	_	_	_	_	_	linguistic	_	none	_	_	_	_	_	0-3(20)
58-14	BOI068	58	58	14	è	è	_	_	_	_	_	linguistic	_	none	_	_	_	_	_	_
58-15	BOI068	58	58	15	una	una	_	_	_	_	_	linguistic	_	none	_	_	_	_	_	_
58-16	BOI068	58	58	16	con	con	_	_	_	_	_	linguistic	_	none	_	End=152.221	_	_	_	_
59-0	BOR019	59	59	0	[mh]	mh	_	_	_	_	_	linguistic	_	none	_	Begin=150.9|End=151.147	_	_	_	0-2(20)
60-0	BOI068	60	60	0	>gli	gli	_	_	_	_	_	linguistic	_	none	_	Begin=152.653	_	Fast=0-3(0)	_	_
60-1	BOI068	60	60	1	a~	a~	_	_	_	_	_	linguistic	_	none	Interrupted=Yes	_	_	Fast=0-2(0)	_	_
60-2	BOI068	60	60	2	c(io)è	cioè	_	_	_	_	_	linguistic	_	none	_	_	_	Fast=0-4(0)	1-3(0)	_
60-3	BOI068	60	60	3	la<	la	_	_	_	_	_	linguistic	_	none	_	End=153.732	_	Fast=0-2(0)	_	_
61-0	BOI068	61	61	0	diciamo	diciamo	_	_	_	_	_	linguistic	_	none	_	Begin=154.02	_	_	_	_
61-1	BOI068	61	61	1	il	il	_	_	_	_	_	linguistic	_	none	_	_	_	_	_	_
61-2	BOI068	61	61	2	servizio	servizio	_	_	_	_	_	linguistic	_	none	_	_	_	_	_	_
61-3	BOI068	61	61	3	autobus:	autobus	_	_	_	_	_	linguistic	_	none	_	_	6x1	_	_	_
61-4	BOI068	61	61	4	più	più	_	_	_	_	_	linguistic	_	none	_	_	_	_	_	_
61-5	BOI068	61	61	5	<regolati>	regolati	_	_	_	_	_	linguistic	_	none	_	_	_	Slow=0-8(0)	_	_
61-6	BOI068	61	61	6	e	e	_	_	_	_	_	linguistic	_	none	_	_	_	_	_	_
61-7	BOI068	61	61	7	anche	anche	_	_	_	_	_	linguistic	_	none	_	_	_	_	_	_
61-8	BOI068	61	61	8	più	più	_	_	_	_	_	linguistic	_	none	_	_	_	_	_	_
61-9	BOI068	61	61	9	sicuri	sicuri	_	_	_	_	_	linguistic	_	none	_	_	_	_	_	_
61-10	BOI068	61	61	10	secondo	secondo	_	_	_	_	_	linguistic	_	none	_	_	_	_	_	_
61-11	BOI068	61	61	11	[me	me	_	_	_	_	_	linguistic	_	none	_	_	_	_	_	0-2(22)
61-12	BOI068	61	61	12	perché]	perché	_	_	_	_	_	linguistic	_	none	_	_	_	_	_	0-6(22)
61-13	BOI068	61	61	13	vedendo	vedendo	_	_	_	_	_	linguistic	_	none	_	_	_	_	_	_
61-14	BOI068	61	61	14	città	città	_	_	_	_	_	linguistic	_	none	_	_	_	_	_	_
61-15	BOI068	61	61	15	come	come	_	_	_	_	_	linguistic	_	none	_	End=161.803	_	_	_	_
62-0	BOR019	62	62	0	[a:h]	ah	_	_	_	_	_	linguistic	_	none	_	Begin=159.864|End=160.394	0x1	_	_	0-2(22)
63-0	BOI068	63	63	0	roma:	roma	_	_	_	_	_	linguistic	_	none	_	Begin=162.166	3x1	_	_	_
63-1	BOI068	63	63	1	o	o	_	_	_	_	_	linguistic	_	none	_	_	_	_	_	_
63-2	BOI068	63	63	2	vedendo	vedendo	_	_	_	_	_	linguistic	_	none	_	_	_	_	_	_
63-3	BOI068	63	63	3	c(io)è	cioè	_	_	_	_	_	linguistic	_	none	_	_	_	_	1-3(0)	_
63-4	BOI068	63	63	4	ci	ci	_	_	_	_	_	linguistic	_	none	_	_	_	_	_	_
63-5	BOI068	63	63	5	sono	sono	_	_	_	_	_	linguistic	_	none	_	_	_	_	_	_
63-6	BOI068	63	63	6	molte	molte	_	_	_	_	_	linguistic	_	none	_	_	_	_	_	_
63-7	BOI068	63	63	7	città	città	_	_	_	_	_	linguistic	_	none	_	_	_	_	_	_
63-8	BOI068	63	63	8	che	che	_	_	_	_	_	linguistic	_	none	_	_	_	_	_	_
63-9	BOI068	63	63	9	hanno	hanno	_	_	_	_	_	linguistic	_	none	_	_	_	_	_	_
63-10	BOI068	63	63	10	proprio	proprio	_	_	_	_	_	linguistic	_	none	_	_	_	_	_	_
63-11	BOI068	63	63	11	una:	una	_	_	_	_	_	linguistic	_	none	_	End=166.2	2x1	_	_	_
64-0	BOI068	64	64	0	x	x	_	_	_	_	_	unknown	_	none	Syllables=1	Begin=166.759	_	_	_	_
64-1	BOI068	64	64	1	poco	poco	_	_	_	_	_	linguistic	_	none	_	_	_	_	_	_
64-2	BOI068	64	64	2	controllo	controllo	_	_	_	_	_	linguistic	_	none	_	_	_	_	_	_
64-3	BOI068	64	64	3	sugli	sugli	_	_	_	_	_	linguistic	_	none	_	_	_	_	_	_
64-4	BOI068	64	64	4	autobus	autobus	_	_	_	_	_	linguistic	_	none	_	_	_	_	_	_
64-5	BOI068	64	64	5	>per	per	_	_	_	_	_	linguistic	_	none	_	_	_	Fast=0-3(0)	_	_
64-6	BOI068	64	64	6	quanto	quanto	_	_	_	_	_	linguistic	_	none	_	_	_	Fast=0-6(0)	_	_
64-7	BOI068	64	64	7	riguarda	riguarda	_	_	_	_	_	linguistic	_	none	_	_	_	Fast=0-8(0)	_	_
64-8	BOI068	64	64	8	i	i	_	_	_	_	_	linguistic	_	none	_	_	_	Fast=0-1(0)	_	_
64-9	BOI068	64	64	9	biglietti	biglietti	_	_	_	_	_	linguistic	_	none	_	_	_	Fast=0-9(0)	_	_
64-10	BOI068	64	64	10	per	per	_	_	_	_	_	linguistic	_	none	_	_	_	Fast=0-3(0)	_	_
64-11	BOI068	64	64	11	quanto	quanto	_	_	_	_	_	linguistic	_	none	_	_	_	Fast=0-6(0)	_	_
64-12	BOI068	64	64	12	riguarda	riguarda	_	_	_	_	_	linguistic	_	none	_	_	_	Fast=0-8(0)	_	_
64-13	BOI068	64	64	13	i	i	_	_	_	_	_	linguistic	_	none	_	_	_	Fast=0-1(0)	_	_
64-14	BOI068	64	64	14	borseggi<	borseggi	_	_	_	_	_	linguistic	_	none	_	End=171.641	_	Fast=0-8(0)	_	_
65-0	BOI068	65	65	0	bologna	bologna	_	_	_	_	_	linguistic	_	none	_	Begin=172.004	_	_	_	_
65-1	BOI068	65	65	1	ad	ad	_	_	_	_	_	linguistic	_	none	_	_	_	_	_	_
65-2	BOI068	65	65	2	esempio	esempio	_	_	_	_	_	linguistic	_	none	_	_	_	_	_	_
65-3	BOI068	65	65	3	ha	ha	_	_	_	_	_	linguistic	_	none	_	_	_	_	_	_
65-4	BOI068	65	65	4	fatto	fatto	_	_	_	_	_	linguistic	_	none	_	_	_	_	_	_
65-5	BOI068	65	65	5	anche	anche	_	_	_	_	_	linguistic	_	none	_	_	_	_	_	_
65-6	BOI068	65	65	6	tantissimi:	tantissimi	_	_	_	_	_	linguistic	_	none	_	End=174.347	9x1	_	_	_
66-0	BOI068	66	66	0	e:h	eh	_	_	_	_	_	linguistic	_	none	_	Begin=174.735	0x1	_	_	_
66-1	BOI068	66	66	1	x	x	_	_	_	_	_	unknown	_	none	Syllables=1	_	_	_	_	_
66-2	BOI068	66	66	2	inda~	inda~	_	_	_	_	_	linguistic	_	none	Interrupted=Yes	_	_	_	_	_
66-3	BOI068	66	66	3	tantissime	tantissime	_	_	_	_	_	linguistic	_	none	_	_	_	_	_	_
66-4	BOI068	66	66	4	indagini	indagini	_	_	_	_	_	linguistic	_	none	_	_	_	_	_	_
66-5	BOI068	66	66	5	proprio	proprio	_	_	_	_	_	linguistic	_	none	_	_	_	_	_	_
66-6	BOI068	66	66	6	a	a	_	_	_	_	_	linguistic	_	none	_	_	_	_	_	_
66-7	BOI068	66	66	7	chi	chi	_	_	_	_	_	linguistic	_	none	_	_	_	_	_	_
66-8	BOI068	66	66	8	prende	prende	_	_	_	_	_	linguistic	_	none	_	_	_	_	_	_
66-9	BOI068	66	66	9	x	x	_	_	_	_	_	unknown	_	none	Syllables=1	_	_	_	_	_
66-10	BOI068	66	66	10	diciamo	diciamo	_	_	_	_	_	linguistic	_	none	_	_	_	_	_	_
66-11	BOI068	66	66	11	a	a	_	_	_	_	_	linguistic	_	none	_	_	_	_	_	_
66-12	BOI068	66	66	12	chi	chi	_	_	_	_	_	linguistic	_	none	_	_	_	_	_	_
66-13	BOI068	66	66	13	usa	usa	_	_	_	_	_	linguistic	_	none	_	_	_	_	_	_
66-14	BOI068	66	66	14	l'	l'	_	_	_	_	_	linguistic	_	none	SpaceAfter=No	_	_	_	_	_
66-15	BOI068	66	66	15	autobus	autobus	_	_	_	_	_	linguistic	_	none	_	_	_	_	_	_
66-16	BOI068	66	66	16	e	e	_	_	_	_	_	linguistic	_	none	_	_	_	_	_	_
66-17	BOI068	66	66	17	quindi:	quindi	_	_	_	_	_	linguistic	_	none	_	_	5x1	_	_	_
66-18	BOI068	66	66	18	lo	lo	_	_	_	_	_	linguistic	_	none	_	_	_	_	_	_
66-19	BOI068	66	66	19	vedo	vedo	_	_	_	_	_	linguistic	_	none	_	_	_	_	_	_
66-20	BOI068	66	66	20	come	come	_	_	_	_	_	linguistic	_	none	_	_	_	_	_	_
66-21	BOI068	66	66	21	una	una	_	_	_	_	_	linguistic	_	none	_	_	_	_	_	_
66-22	BOI068	66	66	22	cosa	cosa	_	_	_	_	_	linguistic	_	none	_	_	_	_	_	_
66-23	BOI068	66	66	23	anche	anche	_	_	_	_	_	linguistic	_	none	PauseAfter=Yes	_	_	_	_	_
66-24	BOI068	66	66	24	{P}	{P}	_	_	_	_	_	shortpause	_	none	_	_	_	_	_	_
66-25	BOI068	66	66	25	molto	molto	_	_	_	_	_	linguistic	_	none	_	_	_	_	_	_
66-26	BOI068	66	66	26	positiva	positiva	_	_	_	_	_	linguistic	_	none	_	End=183.2	_	_	_	_
67-0	BOR019	67	67	0	ho	ho	_	_	_	_	_	linguistic	_	none	_	Begin=183.535	_	_	_	_
67-1	BOR019	67	67	1	capito	capito	_	_	_	_	_	linguistic	_	none	_	End=184.155	_	_	_	_
68-0	BOR019	68	68	0	giusto	giusto	_	_	_	_	_	linguistic	_	none	_	Begin=184.366|End=184.932	_	_	_	_
69-0	BOR019	69	69	0	e:h	eh	_	_	_	_	_	linguistic	_	none	_	Begin=185.308	0x1	_	_	_
69-1	BOR019	69	69	1	perché	perché	_	_	_	_	_	linguistic	_	none	_	_	_	_	_	_
69-2	BOR019	69	69	2	quale	quale	_	_	_	_	_	linguistic	_	none	_	_	_	_	_	_
69-3	BOR019	69	69	3	altra:	altra	_	_	_	_	_	linguistic	_	none	_	_	4x1	_	_	_
69-4	BOR019	69	69	4	città	città	_	_	_	_	_	linguistic	_	none	_	_	_	_	_	_
69-5	BOR019	69	69	5	pensi	pensi	_	_	_	_	_	linguistic	_	none	_	_	_	_	_	_
69-6	BOR019	69	69	6	che	che	_	_	_	_	_	linguistic	_	none	_	_	_	_	_	_
69-7	BOR019	69	69	7	sia	sia	_	_	_	_	_	linguistic	_	none	_	_	_	_	_	_
69-8	BOR019	69	69	8	collegata	collegata	_	_	_	_	_	linguistic	_	none	_	_	_	_	_	_
69-9	BOR019	69	69	9	male	male	_	_	_	_	_	linguistic	_	none	_	_	_	_	_	_
69-10	BOR019	69	69	10	invece	invece	_	_	_	_	_	linguistic	_	none	_	End=189.506	_	_	_	_
70-0	BOI068	70	70	0	oddio	oddio	_	_	_	_	_	linguistic	_	none	_	Begin=189.894	_	_	_	_
70-1	BOI068	70	70	1	e:h	eh	_	_	_	_	_	linguistic	_	none	_	_	0x1	_	_	_
70-2	BOI068	70	70	2	io	io	_	_	_	_	_	linguistic	_	none	_	_	_	_	_	_
70-3	BOI068	70	70	3	per	per	_	_	_	_	_	linguistic	_	none	_	_	_	_	_	_
70-4	BOI068	70	70	4	adesso	adesso	_	_	_	_	_	linguistic	_	none	_	_	_	_	_	_
70-5	BOI068	70	70	5	penso	penso	_	_	_	_	_	linguistic	_	none	_	_	_	_	_	_
70-6	BOI068	70	70	6	diciamo	diciamo	_	_	_	_	_	linguistic	_	none	_	_	_	_	_	_
70-7	BOI068	70	70	7	alle	alle	_	_	_	_	_	linguistic	_	none	_	_	_	_	_	_
70-8	BOI068	70	70	8	città	città	_	_	_	_	_	linguistic	_	none	_	_	_	_	_	_
70-9	BOI068	70	70	9	del	del	_	_	_	_	_	linguistic	_	none	_	_	_	_	_	_
70-10	BOI068	70	70	10	su:d:	sud	_	_	_	_	_	linguistic	_	none	_	_	1x1,2x1	_	_	_
70-11	BOI068	70	70	11	m:h	mh	_	_	_	_	_	linguistic	_	none	_	_	0x1	_	_	_
70-12	BOI068	70	70	12	ad	ad	_	_	_	_	_	linguistic	_	none	_	_	_	_	_	_
70-13	BOI068	70	70	13	esempio:	esempio	_	_	_	_	_	linguistic	_	none	_	_	6x1	_	_	_
70-14	BOI068	70	70	14	da	da	_	_	_	_	_	linguistic	_	none	_	_	_	_	_	_
70-15	BOI068	70	70	15	dove	dove	_	_	_	_	_	linguistic	_	none	_	_	_	_	_	_
70-16	BOI068	70	70	16	viene	viene	_	_	_	_	_	linguistic	_	none	_	_	_	_	_	_
70-17	BOI068	70	70	17	mia	mia	_	_	_	_	_	linguistic	_	none	_	_	_	_	_	_
70-18	BOI068	70	70	18	mamma	mamma	_	_	_	_	_	linguistic	_	none	_	_	_	_	_	_
70-19	BOI068	70	70	19	in	in	_	_	_	_	_	linguistic	_	none	_	_	_	_	_	_
70-20	BOI068	70	70	20	provincia	provincia	_	_	_	_	_	linguistic	_	none	_	_	_	_	_	_
70-21	BOI068	70	70	21	di	di	_	_	_	_	_	linguistic	_	none	_	_	_	_	_	_
70-22	BOI068	70	70	22	taranto	taranto	_	_	_	_	_	linguistic	_	none	_	_	_	_	_	_
70-23	BOI068	70	70	23	diciamo:	diciamo	_	_	_	_	_	linguistic	_	none	_	End=199.114	6x1	_	_	_
71-0	BOI068	71	71	0	eh	eh	_	_	_	_	_	linguistic	_	none	_	Begin=199.45	_	_	_	_
71-1	BOI068	71	71	1	non	non	_	_	_	_	_	linguistic	_	none	_	_	_	_	_	_
71-2	BOI068	71	71	2	c'	c'	_	_	_	_	_	linguistic	_	none	SpaceAfter=No	_	_	_	_	_
71-3	BOI068	71	71	3	è	è	_	_	_	_	_	linguistic	_	none	_	_	_	_	_	_
71-4	BOI068	71	71	4	proprio	proprio	_	_	_	_	_	linguistic	_	none	_	_	_	_	_	_
71-5	BOI068	71	71	5	un	un	_	_	_	_	_	linguistic	_	none	PauseAfter=Yes	_	_	_	_	_
71-6	BOI068	71	71	6	{P}	{P}	_	_	_	_	_	shortpause	_	none	_	_	_	_	_	_
71-7	BOI068	71	71	7	c'	c'	_	_	_	_	_	linguistic	_	none	SpaceAfter=No	_	_	_	_	_
71-8	BOI068	71	71	8	è	è	_	_	_	_	_	linguistic	_	none	_	_	_	_	_	_
71-9	BOI068	71	71	9	un	un	_	_	_	_	_	linguistic	_	none	_	_	_	_	_	_
71-10	BOI068	71	71	10	autobus	autobus	_	_	_	_	_	linguistic	_	none	_	_	_	_	_	_
71-11	BOI068	71	71	11	che	che	_	_	_	_	_	linguistic	_	none	_	_	_	_	_	_
71-12	BOI068	71	71	12	passa	passa	_	_	_	_	_	linguistic	_	none	_	_	_	_	_	_
71-13	BOI068	71	71	13	nel	nel	_	_	_	_	_	linguistic	_	none	_	_	_	_	_	_
71-14	BOI068	71	71	14	paesino	paesino	_	_	_	_	_	linguistic	_	none	_	_	_	_	_	_
71-15	BOI068	71	71	15	di	di	_	_	_	_	_	linguistic	_	none	_	_	_	_	_	_
71-16	BOI068	71	71	16	mia	mia	_	_	_	_	_	linguistic	_	none	_	_	_	_	_	_
71-17	BOI068	71	71	17	mamma	mamma	_	_	_	_	_	linguistic	_	none	_	_	_	_	_	_
71-18	BOI068	71	71	18	che	che	_	_	_	_	_	linguistic	_	none	_	_	_	_	_	_
71-19	BOI068	71	71	19	comunque	comunque	_	_	_	_	_	linguistic	_	none	_	_	_	_	_	_
71-20	BOI068	71	71	20	è	è	_	_	_	_	_	linguistic	_	none	_	_	_	_	_	_
71-21	BOI068	71	71	21	un	un	_	_	_	_	_	linguistic	_	none	_	_	_	_	_	_
71-22	BOI068	71	71	22	paese	paese	_	_	_	_	_	linguistic	_	none	_	_	_	_	_	_
71-23	BOI068	71	71	23	da	da	_	_	_	_	_	linguistic	_	none	_	_	_	_	_	_
71-24	BOI068	71	71	24	cinquantamila	cinquantamila	_	_	_	_	_	linguistic	_	none	_	_	_	_	_	_
71-25	BOI068	71	71	25	abitanti	abitanti	_	_	_	_	_	linguistic	_	none	_	_	_	_	_	_
71-26	BOI068	71	71	26	quindi	quindi	_	_	_	_	_	linguistic	_	none	_	End=206.445	_	_	_	_
72-0	BOI068	72	72	0	e:h	eh	_	_	_	_	_	linguistic	_	none	_	Begin=206.971	0x1	_	_	_
72-1	BOI068	72	72	1	ne	ne	_	_	_	_	_	linguistic	_	none	_	_	_	_	_	_
72-2	BOI068	72	72	2	passa	passa	_	_	_	_	_	linguistic	_	none	_	_	_	_	_	_
72-3	BOI068	72	72	3	un	un	_	_	_	_	_	linguistic	_	none	_	_	_	_	_	_
72-4	BOI068	72	72	4	autobus	autobus	_	_	_	_	_	linguistic	_	none	_	_	_	_	_	_
72-5	BOI068	72	72	5	in	in	_	_	_	_	_	linguistic	_	none	_	_	_	_	_	_
72-6	BOI068	72	72	6	campagna	campagna	_	_	_	_	_	linguistic	_	none	_	End=209.736	_	_	_	_
73-0	BOI068	73	73	0	e:h	eh	_	_	_	_	_	linguistic	_	none	_	Begin=210.079	0x1	_	_	_
73-1	BOI068	73	73	1	per	per	_	_	_	_	_	linguistic	_	none	_	_	_	_	_	_
73-2	BOI068	73	73	2	andare	andare	_	_	_	_	_	linguistic	_	none	_	_	_	_	_	_
73-3	BOI068	73	73	3	a	a	_	_	_	_	_	linguistic	_	none	_	_	_	_	_	_
73-4	BOI068	73	73	4	taranto	taranto	_	_	_	_	_	linguistic	_	none	_	_	_	_	_	_
73-5	BOI068	73	73	5	quindi	quindi	_	_	_	_	_	linguistic	_	none	_	_	_	_	_	_
73-6	BOI068	73	73	6	diciamo:	diciamo	_	_	_	_	_	linguistic	_	none	_	_	6x1	_	_	_
73-7	BOI068	73	73	7	non	non	_	_	_	_	_	linguistic	_	none	_	_	_	_	_	_
73-8	BOI068	73	73	8	c'	c'	_	_	_	_	_	linguistic	_	none	SpaceAfter=No	_	_	_	_	_
73-9	BOI068	73	73	9	è	è	_	_	_	_	_	linguistic	_	none	_	_	_	_	_	_
73-10	BOI068	73	73	10	molto:	molto	_	_	_	_	_	linguistic	_	none	_	End=213.566	4x1	_	_	_
74-0	BOI068	74	74	0	però	però	_	_	_	_	_	linguistic	_	none	_	Begin=214.143	_	_	_	_
74-1	BOI068	74	74	1	comunque	comunque	_	_	_	_	_	linguistic	_	none	_	_	_	_	_	_
74-2	BOI068	74	74	2	per	per	_	_	_	_	_	linguistic	_	none	_	_	_	_	_	_
74-3	BOI068	74	74	3	il	il	_	_	_	_	_	linguistic	_	none	_	_	_	_	_	_
74-4	BOI068	74	74	4	resto::	resto	_	_	_	_	_	linguistic	_	none	_	End=216.307	4x2	_	_	_
75-0	BOI068	75	75	0	°m::h°	mh	_	_	_	_	_	linguistic	_	none	Volume=low	Begin=216.564|End=217.14	0x2	_	_	_
76-0	BOI068	76	76	0	bologna	bologna	_	_	_	_	_	linguistic	_	none	_	Begin=218.314	_	_	_	_
76-1	BOI068	76	76	1	la	la	_	_	_	_	_	linguistic	_	none	_	_	_	_	_	_
76-2	BOI068	76	76	2	vedo	vedo	_	_	_	_	_	linguistic	_	none	_	_	_	_	_	_
76-3	BOI068	76	76	3	sempre	sempre	_	_	_	_	_	linguistic	_	none	_	_	_	_	_	_
76-4	BOI068	76	76	4	sì	sì	_	_	_	_	_	linguistic	_	none	_	_	_	_	_	_
76-5	BOI068	76	76	5	un	un	_	_	_	_	_	linguistic	_	none	_	_	_	_	_	_
76-6	BOI068	76	76	6	pochino	pochino	_	_	_	_	_	linguistic	_	none	_	_	_	_	_	_
76-7	BOI068	76	76	7	collegata	collegata	_	_	_	_	_	linguistic	_	none	_	_	_	_	_	_
76-8	BOI068	76	76	8	meglio	meglio	_	_	_	_	_	linguistic	_	none	_	End=222.036	_	_	_	_
77-0	BOI068	77	77	0	per	per	_	_	_	_	_	linguistic	_	none	_	Begin=222.536	_	_	_	_
77-1	BOI068	77	77	1	quanto	quanto	_	_	_	_	_	linguistic	_	none	_	_	_	_	_	_
77-2	BOI068	77	77	2	riguarda:	riguarda	_	_	_	_	_	linguistic	_	none	_	_	7x1	_	_	_
77-3	BOI068	77	77	3	>il	il	_	_	_	_	_	linguistic	_	none	_	_	_	Fast=0-2(0)	_	_
77-4	BOI068	77	77	4	servizio<	servizio	_	_	_	_	_	linguistic	_	none	_	_	_	Fast=0-8(0)	_	_
77-5	BOI068	77	77	5	degli	degli	_	_	_	_	_	linguistic	_	none	_	_	_	_	_	_
77-6	BOI068	77	77	6	autobus	autobus	_	_	_	_	_	linguistic	_	none	_	End=225.07	_	_	_	_
78-0	BOR019	78	78	0	ho	ho	_	_	_	_	_	linguistic	_	none	_	Begin=225.271	_	_	_	_
78-1	BOR019	78	78	1	capito	capito	_	_	_	_	_	linguistic	_	none	_	_	_	_	_	_
78-2	BOR019	78	78	2	ho	ho	_	_	_	_	_	linguistic	_	none	_	_	_	_	_	_
78-3	BOR019	78	78	3	capito	capito	_	_	_	_	_	linguistic	_	none	_	End=226.489	_	_	_	_
79-0	BOR019	79	79	0	e::	e	_	_	_	_	_	linguistic	_	none	_	Begin=227.05	0x2	_	_	_
79-1	BOR019	79	79	1	ora?	ora	_	_	_	_	_	linguistic	_	none	Intonation=Rising	_	_	_	_	_
79-2	BOR019	79	79	2	che	che	_	_	_	_	_	linguistic	_	none	_	_	_	_	_	_
79-3	BOR019	79	79	3	cosa	cosa	_	_	_	_	_	linguistic	_	none	_	_	_	_	_	_
79-4	BOR019	79	79	4	fai	fai	_	_	_	_	_	linguistic	_	none	_	End=229.007	_	_	_	_
80-0	BOI068	80	80	0	allora	allora	_	_	_	_	_	linguistic	_	none	_	Begin=229.471	_	_	_	_
80-1	BOI068	80	80	1	o~	o~	_	_	_	_	_	linguistic	_	none	Interrupted=Yes	_	_	_	_	_
80-2	BOI068	80	80	2	attualmente	attualmente	_	_	_	_	_	linguistic	_	none	_	_	_	_	_	_
80-3	BOI068	80	80	3	sono	sono	_	_	_	_	_	linguistic	_	none	_	_	_	_	_	_
80-4	BOI068	80	80	4	disoccupata	disoccupata	_	_	_	_	_	linguistic	_	none	_	_	_	_	_	_
80-5	BOI068	80	80	5	avevo:	avevo	_	_	_	_	_	linguistic	_	none	_	End=232.8	4x1	_	_	_
81-0	BOI068	81	81	0	eh	eh	_	_	_	_	_	linguistic	_	none	_	Begin=232.957	_	_	_	_
81-1	BOI068	81	81	1	iniziato	iniziato	_	_	_	_	_	linguistic	_	none	_	_	_	_	_	_
81-2	BOI068	81	81	2	una:	una	_	_	_	_	_	linguistic	_	none	_	End=234.557	2x1	_	_	_
82-0	BOI068	82	82	0	una	una	_	_	_	_	_	linguistic	_	none	_	Begin=235.079	_	_	_	_
82-1	BOI068	82	82	1	formazione	formazione	_	_	_	_	_	linguistic	_	none	_	_	_	_	_	_
82-2	BOI068	82	82	2	per:	per	_	_	_	_	_	linguistic	_	none	_	_	2x1	_	_	_
82-3	BOI068	82	82	3	sì	sì	_	_	_	_	_	linguistic	_	none	_	_	_	_	_	_
82-4	BOI068	82	82	4	per	per	_	_	_	_	_	linguistic	_	none	_	_	_	_	_	_
82-5	BOI068	82	82	5	tempocasa	tempocasa	_	_	_	_	_	linguistic	_	none	_	End=238.381	_	_	_	_
83-0	BOI068	83	83	0	ovvero	ovvero	_	_	_	_	_	linguistic	_	none	PauseAfter=Yes	Begin=238.8	_	_	_	_
83-1	BOI068	83	83	1	{P}	{P}	_	_	_	_	_	shortpause	_	none	_	_	_	_	_	_
83-2	BOI068	83	83	2	x	x	_	_	_	_	_	unknown	_	none	Syllables=1	_	_	_	_	_
83-3	BOI068	83	83	3	per	per	_	_	_	_	_	linguistic	_	none	_	_	_	_	_	_
83-4	BOI068	83	83	4	fare	fare	_	_	_	_	_	linguistic	_	none	_	_	_	_	_	_
83-5	BOI068	83	83	5	agente	agente	_	_	_	_	_	linguistic	_	none	_	_	_	_	_	_
83-6	BOI068	83	83	6	immobiliar[e],	immobiliare	_	_	_	_	_	linguistic	_	none	Intonation=WeaklyRising	End=240.915	_	_	_	10-11(25)
84-0	BOR019	84	84	0	[mh]	mh	_	_	_	_	_	linguistic	_	none	_	Begin=240.729|End=240.95	_	_	_	0-2(25)
85-0	BOI068	85	85	0	e:h	eh	_	_	_	_	_	linguistic	_	none	_	Begin=241.343	0x1	_	_	_
85-1	BOI068	85	85	1	l'	l'	_	_	_	_	_	linguistic	_	none	SpaceAfter=No	_	_	_	_	_
85-2	BOI068	85	85	2	unica	unica	_	_	_	_	_	linguistic	_	none	_	_	_	_	_	_
85-3	BOI068	85	85	3	cosa	cosa	_	_	_	_	_	linguistic	_	none	_	_	_	_	_	_
85-4	BOI068	85	85	4	è	è	_	_	_	_	_	linguistic	_	none	_	_	_	_	_	_
85-5	BOI068	85	85	5	che:	che	_	_	_	_	_	linguistic	_	none	_	End=243.457	2x1	_	_	_
86-0	BOI068	86	86	0	>non	non	_	_	_	_	_	linguistic	_	none	_	Begin=243.593	_	Fast=0-3(0)	_	_
86-1	BOI068	86	86	1	ho	ho	_	_	_	_	_	linguistic	_	none	_	_	_	Fast=0-2(0)	_	_
86-2	BOI068	86	86	2	visto	visto	_	_	_	_	_	linguistic	_	none	_	_	_	Fast=0-5(0)	_	_
86-3	BOI068	86	86	3	proprio	proprio	_	_	_	_	_	linguistic	_	none	_	_	_	Fast=0-7(0)	_	_
86-4	BOI068	86	86	4	il	il	_	_	_	_	_	linguistic	_	none	_	_	_	Fast=0-2(0)	_	_
86-5	BOI068	86	86	5	mondo	mondo	_	_	_	_	_	linguistic	_	none	_	_	_	Fast=0-5(0)	_	_
86-6	BOI068	86	86	6	per	per	_	_	_	_	_	linguistic	_	none	_	_	_	Fast=0-3(0)	_	_
86-7	BOI068	86	86	7	me<	me	_	_	_	_	_	linguistic	_	none	_	_	_	Fast=0-2(0)	_	_
86-8	BOI068	86	86	8	quindi	quindi	_	_	_	_	_	linguistic	_	none	_	_	_	_	_	_
86-9	BOI068	86	86	9	ora	ora	_	_	_	_	_	linguistic	_	none	_	_	_	_	_	_
86-10	BOI068	86	86	10	sto:	sto	_	_	_	_	_	linguistic	_	none	_	End=246.004	2x1	_	_	_
87-0	BOI068	87	87	0	em:h	emh	_	_	_	_	_	linguistic	_	none	_	Begin=246.421|End=247.436	1x1	_	_	_
88-0	BOI068	88	88	0	cercando	cercando	_	_	_	_	_	linguistic	_	none	_	Begin=247.75	_	_	_	_
88-1	BOI068	88	88	1	un'	un'	_	_	_	_	_	linguistic	_	none	SpaceAfter=No	_	_	_	_	_
88-2	BOI068	88	88	2	altra	altra	_	_	_	_	_	linguistic	_	none	_	_	_	_	_	_
88-3	BOI068	88	88	3	occupazione	occupazione	_	_	_	_	_	linguistic	_	none	_	End=249.564	_	_	_	_
89-0	BOI068	89	89	0	però	però	_	_	_	_	_	linguistic	_	none	_	Begin=250.179	_	_	_	_
89-1	BOI068	89	89	1	dicia~	dicia~	_	_	_	_	_	linguistic	_	none	Interrupted=Yes	_	_	_	_	_
89-2	BOI068	89	89	2	l'	l'	_	_	_	_	_	linguistic	_	none	SpaceAfter=No	_	_	_	_	_
89-3	BOI068	89	89	3	università	università	_	_	_	_	_	linguistic	_	none	_	_	_	_	_	_
89-4	BOI068	89	89	4	non	non	_	_	_	_	_	linguistic	_	none	_	_	_	_	_	_
89-5	BOI068	89	89	5	l'	l'	_	_	_	_	_	linguistic	_	none	SpaceAfter=No	_	_	_	_	_
89-6	BOI068	89	89	6	ho	ho	_	_	_	_	_	linguistic	_	none	_	_	_	_	_	_
89-7	BOI068	89	89	7	presa:	presa	_	_	_	_	_	linguistic	_	none	_	_	4x1	_	_	_
89-8	BOI068	89	89	8	in	in	_	_	_	_	_	linguistic	_	none	_	_	_	_	_	_
89-9	BOI068	89	89	9	considerazione	considerazione	_	_	_	_	_	linguistic	_	none	_	_	_	_	_	_
89-10	BOI068	89	89	10	quindi:	quindi	_	_	_	_	_	linguistic	_	none	_	End=254.05	5x1	_	_	_
90-0	BOR019	90	90	0	come	come	_	_	_	_	_	linguistic	_	none	_	Begin=254.136	_	_	_	_
90-1	BOR019	90	90	1	mai?	mai	_	_	_	_	_	linguistic	_	none	Intonation=Rising	End=254.621	_	_	_	_
91-0	BOI068	91	91	0	<allora>	allora	_	_	_	_	_	linguistic	_	none	_	Begin=255.343	_	Slow=0-6(0)	_	_
91-1	BOI068	91	91	1	più	più	_	_	_	_	_	linguistic	_	none	_	_	_	_	_	_
91-2	BOI068	91	91	2	che	che	_	_	_	_	_	linguistic	_	none	_	_	_	_	_	_
91-3	BOI068	91	91	3	altro,	altro	_	_	_	_	_	linguistic	_	none	Intonation=WeaklyRising	End=256.836	_	_	_	_
92-0	BOI068	92	92	0	perché	perché	_	_	_	_	_	linguistic	_	none	_	Begin=256.978	_	_	_	_
92-1	BOI068	92	92	1	mi	mi	_	_	_	_	_	linguistic	_	none	_	_	_	_	_	_
92-2	BOI068	92	92	2	sono	sono	_	_	_	_	_	linguistic	_	none	_	_	_	_	_	_
92-3	BOI068	92	92	3	resa	resa	_	_	_	_	_	linguistic	_	none	_	_	_	_	_	_
92-4	BOI068	92	92	4	conto	conto	_	_	_	_	_	linguistic	_	none	_	_	_	_	_	_
92-5	BOI068	92	92	5	alle	alle	_	_	_	_	_	linguistic	_	none	_	_	_	_	_	_
92-6	BOI068	92	92	6	superiori	superiori	_	_	_	_	_	linguistic	_	none	_	_	_	_	_	_
92-7	BOI068	92	92	7	del~	del~	_	_	_	_	_	linguistic	_	none	Interrupted=Yes	End=259.1	_	_	_	_
93-0	BOI068	93	93	0	<della>	della	_	_	_	_	_	linguistic	_	none	_	Begin=259.386	_	Slow=0-5(0)	_	_
93-1	BOI068	93	93	1	mia	mia	_	_	_	_	_	linguistic	_	none	_	_	_	_	_	_
93-2	BOI068	93	93	2	difficoltà	difficoltà	_	_	_	_	_	linguistic	_	none	_	_	_	_	_	_
93-3	BOI068	93	93	3	>proprio<	proprio	_	_	_	_	_	linguistic	_	none	_	_	_	Fast=0-7(0)	_	_
93-4	BOI068	93	93	4	nel:	nel	_	_	_	_	_	linguistic	_	none	_	_	2x1	Slow=0-3(1)	_	_
93-5	BOI068	93	93	5	nello	nello	_	_	_	_	_	linguistic	_	none	_	_	_	Slow=0-5(1)	_	_
93-6	BOI068	93	93	6	studio	studio	_	_	_	_	_	linguistic	_	none	_	_	_	Slow=0-6(1)	_	_
93-7	BOI068	93	93	7	soprat[tutto]	soprattutto	_	_	_	_	_	linguistic	_	none	_	_	_	Slow=0-11(1)	_	6-11(28)
93-8	BOI068	93	93	8	nelle	nelle	_	_	_	_	_	linguistic	_	none	_	_	_	Slow=0-5(1)	_	_
93-9	BOI068	93	93	9	materie	materie	_	_	_	_	_	linguistic	_	none	_	_	_	Slow=0-7(1)	_	_
93-10	BOI068	93	93	10	scientifiche	scientifiche	_	_	_	_	_	linguistic	_	none	_	_	_	Slow=0-12(1)	_	_
93-11	BOI068	93	93	11	così	così	_	_	_	_	_	linguistic	_	none	_	_	_	Slow=0-4(1)	_	_
93-12	BOI068	93	93	12	e:	e	_	_	_	_	_	linguistic	_	none	_	_	0x1	Slow=0-1(1)	_	_
93-13	BOI068	93	93	13	nelle	nelle	_	_	_	_	_	linguistic	_	none	_	_	_	Slow=0-5(1)	_	_
93-14	BOI068	93	93	14	materie	materie	_	_	_	_	_	linguistic	_	none	_	_	_	Slow=0-7(1)	_	_
93-15	BOI068	93	93	15	mnemoniche	mnemoniche	_	_	_	_	_	linguistic	_	none	_	_	_	Slow=0-10(1)	_	_
93-16	BOI068	93	93	16	>avevo<	avevo	_	_	_	_	_	linguistic	_	none	_	End=266.589	_	Fast=0-5(1)	_	_
94-0	BOR019	94	94	0	[°mh°]	mh	_	_	_	_	_	linguistic	_	none	Volume=low	Begin=262.329|End=262.65	_	_	_	0-2(28)
95-0	BOI068	95	95	0	molto	molto	_	_	_	_	_	linguistic	_	none	_	Begin=266.844	_	_	_	_
95-1	BOI068	95	95	1	bisogno	bisogno	_	_	_	_	_	linguistic	_	none	_	_	_	_	_	_
95-2	BOI068	95	95	2	di	di	_	_	_	_	_	linguistic	_	none	_	End=267.923	_	_	_	_
96-0	BOI068	96	96	0	gente	gente	_	_	_	_	_	linguistic	_	none	_	Begin=268.268	_	_	_	_
96-1	BOI068	96	96	1	che	che	_	_	_	_	_	linguistic	_	none	_	_	_	_	_	_
96-2	BOI068	96	96	2	mi	mi	_	_	_	_	_	linguistic	_	none	_	_	_	_	_	_
96-3	BOI068	96	96	3	seguisse	seguisse	_	_	_	_	_	linguistic	_	none	_	_	_	_	_	_
96-4	BOI068	96	96	4	non	non	_	_	_	_	_	linguistic	_	none	_	_	_	_	_	_
96-5	BOI068	96	96	5	soltanto	soltanto	_	_	_	_	_	linguistic	_	none	_	_	_	_	_	_
96-6	BOI068	96	96	6	professori	professori	_	_	_	_	_	linguistic	_	none	_	End=271.014	_	_	_	_
97-0	BOI068	97	97	0	che	che	_	_	_	_	_	linguistic	_	none	_	Begin=271.464	_	_	_	_
97-1	BOI068	97	97	1	facevano	facevano	_	_	_	_	_	linguistic	_	none	_	_	_	_	_	_
97-2	BOI068	97	97	2	ad	ad	_	_	_	_	_	linguistic	_	none	_	_	_	_	_	_
97-3	BOI068	97	97	3	esempio	esempio	_	_	_	_	_	linguistic	_	none	_	_	_	_	_	_
97-4	BOI068	97	97	4	le	le	_	_	_	_	_	linguistic	_	none	_	_	_	_	_	_
97-5	BOI068	97	97	5	ripetizioni	ripetizioni	_	_	_	_	_	linguistic	_	none	_	End=273.471	_	_	_	_
98-0	BOI068	98	98	0	per	per	_	_	_	_	_	linguistic	_	none	_	Begin=273.793	_	_	_	_
98-1	BOI068	98	98	1	recuperare	recuperare	_	_	_	_	_	linguistic	_	none	_	_	_	_	_	_
98-2	BOI068	98	98	2	i	i	_	_	_	_	_	linguistic	_	none	_	_	_	_	_	_
98-3	BOI068	98	98	3	debiti	debiti	_	_	_	_	_	linguistic	_	none	_	_	_	_	_	_
98-4	BOI068	98	98	4	perché	perché	_	_	_	_	_	linguistic	_	none	_	_	_	_	_	_
98-5	BOI068	98	98	5	comunque	comunque	_	_	_	_	_	linguistic	_	none	_	_	_	_	_	_
98-6	BOI068	98	98	6	sì	sì	_	_	_	_	_	linguistic	_	none	_	_	_	_	_	_
98-7	BOI068	98	98	7	era	era	_	_	_	_	_	linguistic	_	none	_	_	_	_	_	_
98-8	BOI068	98	98	8	sempre	sempre	_	_	_	_	_	linguistic	_	none	_	_	_	_	_	_
98-9	BOI068	98	98	9	in	in	_	_	_	_	_	linguistic	_	none	_	_	_	_	_	_
98-10	BOI068	98	98	10	un	un	_	_	_	_	_	linguistic	_	none	_	_	_	_	_	_
98-11	BOI068	98	98	11	gruppo	gruppo	_	_	_	_	_	linguistic	_	none	_	_	_	_	_	_
98-12	BOI068	98	98	12	di	di	_	_	_	_	_	linguistic	_	none	_	_	_	_	_	_
98-13	BOI068	98	98	13	tante	tante	_	_	_	_	_	linguistic	_	none	_	_	_	_	_	_
98-14	BOI068	98	98	14	persone	persone	_	_	_	_	_	linguistic	_	none	PauseAfter=Yes	_	_	_	_	_
98-15	BOI068	98	98	15	{P}	{P}	_	_	_	_	_	shortpause	_	none	_	_	_	_	_	_
98-16	BOI068	98	98	16	e	e	_	_	_	_	_	linguistic	_	none	_	_	_	_	_	_
98-17	BOI068	98	98	17	(n~)	n~	_	_	_	_	_	linguistic	_	none	Interrupted=Yes	_	_	_	0-2(0)	_
98-18	BOI068	98	98	18	venivi	venivi	_	_	_	_	_	linguistic	_	none	_	_	_	_	_	_
98-19	BOI068	98	98	19	seguito	seguito	_	_	_	_	_	linguistic	_	none	_	_	_	_	_	_
98-20	BOI068	98	98	20	proprio	proprio	_	_	_	_	_	linguistic	_	none	_	End=279.579	_	_	_	_
99-0	BOI068	99	99	0	e:h	eh	_	_	_	_	_	linguistic	_	none	_	Begin=280.072	0x1	_	_	_
99-1	BOI068	99	99	1	in	in	_	_	_	_	_	linguistic	_	none	_	_	_	_	_	_
99-2	BOI068	99	99	2	modo	modo	_	_	_	_	_	linguistic	_	none	_	_	_	_	_	_
99-3	BOI068	99	99	3	specifico	specifico	_	_	_	_	_	linguistic	_	none	_	_	_	_	_	_
99-4	BOI068	99	99	4	ecco	ecco	_	_	_	_	_	linguistic	_	none	_	_	_	_	_	_
99-5	BOI068	99	99	5	quindi:	quindi	_	_	_	_	_	linguistic	_	none	_	_	5x1	_	_	_
99-6	BOI068	99	99	6	avevo	avevo	_	_	_	_	_	linguistic	_	none	_	_	_	_	_	_
99-7	BOI068	99	99	7	bisogno	bisogno	_	_	_	_	_	linguistic	_	none	_	End=283.2	_	_	_	_
100-0	BOI068	100	100	0	di	di	_	_	_	_	_	linguistic	_	none	_	Begin=283.35	_	_	_	_
100-1	BOI068	100	100	1	molte	molte	_	_	_	_	_	linguistic	_	none	_	_	_	_	_	_
100-2	BOI068	100	100	2	ripetizioni	ripetizioni	_	_	_	_	_	linguistic	_	none	_	End=284.642	_	_	_	_
101-0	BOR019	101	101	0	ho	ho	_	_	_	_	_	linguistic	_	none	_	Begin=284.843	_	_	_	_
101-1	BOR019	101	101	1	capito	capito	_	_	_	_	_	linguistic	_	none	_	_	_	_	_	_
101-2	BOR019	101	101	2	ho	ho	_	_	_	_	_	linguistic	_	none	_	_	_	_	_	_
101-3	BOR019	101	101	3	capito	capito	_	_	_	_	_	linguistic	_	none	_	End=285.836	_	_	_	_
102-0	BOR019	102	102	0	e::h	eh	_	_	_	_	_	linguistic	_	none	_	Begin=286.429	0x2	_	_	_
102-1	BOR019	102	102	1	m:h	mh	_	_	_	_	_	linguistic	_	none	_	_	0x1	_	_	_
102-2	BOR019	102	102	2	che	che	_	_	_	_	_	linguistic	_	none	_	_	_	_	_	_
102-3	BOR019	102	102	3	indirizzo::	indirizzo	_	_	_	_	_	linguistic	_	none	_	_	8x2	_	_	_
102-4	BOR019	102	102	4	era	era	_	_	_	_	_	linguistic	_	none	PauseAfter=Yes	_	_	_	_	_
102-5	BOR019	102	102	5	{P}	{P}	_	_	_	_	_	shortpause	_	none	_	_	_	_	_	_
102-6	BOR019	102	102	6	quello	quello	_	_	_	_	_	linguistic	_	none	_	_	_	_	_	_
102-7	BOR019	102	102	7	del	del	_	_	_	_	_	linguistic	_	none	_	_	_	_	_	_
102-8	BOR019	102	102	8	tuo:	tuo	_	_	_	_	_	linguistic	_	none	_	_	2x1	_	_	_
102-9	BOR019	102	102	9	[(tecnico)]	tecnico	_	_	_	_	_	linguistic	_	none	_	End=291.55	_	_	0-7(0)	0-7(29)
103-0	BOI068	103	103	0	[allora]	allora	_	_	_	_	_	linguistic	_	none	_	Begin=291.072|End=291.544	_	_	_	0-6(29)
104-0	BOI068	104	104	0	il	il	_	_	_	_	_	linguistic	_	none	_	Begin=291.972	_	_	_	_
104-1	BOI068	104	104	1	mio,	mio	_	_	_	_	_	linguistic	_	none	Intonation=WeaklyRising	_	_	_	_	_
104-2	BOI068	104	104	2	era	era	_	_	_	_	_	linguistic	_	none	_	_	_	_	_	_
104-3	BOI068	104	104	3	un	un	_	_	_	_	_	linguistic	_	none	_	_	_	_	_	_
104-4	BOI068	104	104	4	turistico:	turistico	_	_	_	_	_	linguistic	_	none	_	_	8x1	_	_	_
104-5	BOI068	104	104	5	[nel]	nel	_	_	_	_	_	linguistic	_	none	_	_	_	_	_	0-3(30)
104-6	BOI068	104	104	6	senso	senso	_	_	_	_	_	linguistic	_	none	_	End=294.843	_	_	_	_
105-0	BOR019	105	105	0	[ah]	ah	_	_	_	_	_	linguistic	_	none	_	Begin=293.879|End=294.15	_	_	_	0-2(30)
106-0	BOR019	106	106	0	okay	okay	_	_	_	_	_	linguistic	_	none	_	Begin=294.929|End=295.279	_	_	_	_
107-0	BOI068	107	107	0	io	io	_	_	_	_	_	linguistic	_	none	_	Begin=295.293	_	_	_	_
107-1	BOI068	107	107	1	ho	ho	_	_	_	_	_	linguistic	_	none	_	_	_	_	_	_
107-2	BOI068	107	107	2	fatto:	fatto	_	_	_	_	_	linguistic	_	none	_	_	4x1	_	_	_
107-3	BOI068	107	107	3	ehm	ehm	_	_	_	_	_	linguistic	_	none	_	_	_	_	_	_
107-4	BOI068	107	107	4	si	si	_	_	_	_	_	linguistic	_	none	_	_	_	_	_	_
107-5	BOI068	107	107	5	un:	un	_	_	_	_	_	linguistic	_	none	_	_	1x1	_	_	_
107-6	BOI068	107	107	6	>istituto	istituto	_	_	_	_	_	linguistic	_	none	_	_	_	Fast=0-8(0)	_	_
107-7	BOI068	107	107	7	tecnico<	tecnico	_	_	_	_	_	linguistic	_	none	_	_	_	Fast=0-7(0)	_	_
107-8	BOI068	107	107	8	commerciale	commerciale	_	_	_	_	_	linguistic	_	none	_	End=299.386	_	_	_	_
108-0	BOI068	108	108	0	che	che	_	_	_	_	_	linguistic	_	none	_	Begin=299.696	_	_	_	_
108-1	BOI068	108	108	1	aveva	aveva	_	_	_	_	_	linguistic	_	none	_	_	_	_	_	_
108-2	BOI068	108	108	2	vari	vari	_	_	_	_	_	linguistic	_	none	_	_	_	_	_	_
108-3	BOI068	108	108	3	indirizzi,	indirizzi	_	_	_	_	_	linguistic	_	none	Intonation=WeaklyRising	End=301.314	_	_	_	_
109-0	BOI068	109	109	0	che	che	_	_	_	_	_	linguistic	_	none	PauseAfter=Yes	Begin=301.414	_	_	_	_
109-1	BOI068	109	109	1	{P}	{P}	_	_	_	_	_	shortpause	_	none	_	_	_	_	_	_
109-2	BOI068	109	109	2	potevi	potevi	_	_	_	_	_	linguistic	_	none	_	_	_	_	_	_
109-3	BOI068	109	109	3	scegliere	scegliere	_	_	_	_	_	linguistic	_	none	_	_	_	_	_	_
109-4	BOI068	109	109	4	dal	dal	_	_	_	_	_	linguistic	_	none	_	_	_	_	_	_
109-5	BOI068	109	109	5	terzo	terzo	_	_	_	_	_	linguistic	_	none	_	_	_	_	_	_
109-6	BOI068	109	109	6	anno	anno	_	_	_	_	_	linguistic	_	none	_	End=303.693	_	_	_	_
110-0	BOI068	110	110	0	e:	e	_	_	_	_	_	linguistic	_	none	_	Begin=304.193	0x1	_	_	_
110-1	BOI068	110	110	1	io	io	_	_	_	_	_	linguistic	_	none	_	_	_	_	_	_
110-2	BOI068	110	110	2	ho	ho	_	_	_	_	_	linguistic	_	none	_	_	_	_	_	_
110-3	BOI068	110	110	3	scelto	scelto	_	_	_	_	_	linguistic	_	none	_	_	_	_	_	_
110-4	BOI068	110	110	4	appunto	appunto	_	_	_	_	_	linguistic	_	none	_	_	_	_	_	_
110-5	BOI068	110	110	5	il	il	_	_	_	_	_	linguistic	_	none	_	_	_	_	_	_
110-6	BOI068	110	110	6	turistico	turistico	_	_	_	_	_	linguistic	_	none	_	_	_	_	_	_
110-7	BOI068	110	110	7	ma	ma	_	_	_	_	_	linguistic	_	none	_	_	_	_	_	_
110-8	BOI068	110	110	8	c'	c'	_	_	_	_	_	linguistic	_	none	SpaceAfter=No	_	_	_	_	_
110-9	BOI068	110	110	9	era	era	_	_	_	_	_	linguistic	_	none	_	_	_	_	_	_
110-10	BOI068	110	110	10	anche:	anche	_	_	_	_	_	linguistic	_	none	_	_	4x1	_	_	_
110-11	BOI068	110	110	11	<il	il	_	_	_	_	_	linguistic	_	none	_	_	_	Slow=0-2(0)	_	_
110-12	BOI068	110	110	12	marketing>,	marketing	_	_	_	_	_	linguistic	_	none	Intonation=WeaklyRising	_	_	Slow=0-9(0)|Fast=8-9(0)	_	_
110-13	BOI068	110	110	13	eh	eh	_	_	_	_	_	linguistic	_	none	_	_	_	Fast=0-2(0)	_	_
110-14	BOI068	110	110	14	<la	la	_	_	_	_	_	linguistic	_	none	_	_	_	Slow=0-2(1)	_	_
110-15	BOI068	110	110	15	finanza>,	finanza	_	_	_	_	_	linguistic	_	none	Intonation=WeaklyRising	_	_	Slow=0-7(1)|Fast=6-7(1)	_	_
110-16	BOI068	110	110	16	oppure	oppure	_	_	_	_	_	linguistic	_	none	_	_	_	Fast=0-6(1)	_	_
110-17	BOI068	110	110	17	c'	c'	_	_	_	_	_	linguistic	_	none	SpaceAfter=No	_	_	Fast=0-2(1)	_	_
110-18	BOI068	110	110	18	era	era	_	_	_	_	_	linguistic	_	none	_	_	_	Slow=2-3(2)|Fast=0-3(1)	_	_
110-19	BOI068	110	110	19	<la	la	_	_	_	_	_	linguistic	_	none	_	_	_	Slow=0-2(2)	_	_
110-20	BOI068	110	110	20	logistica>,	logistica	_	_	_	_	_	linguistic	_	none	Intonation=WeaklyRising	_	_	Slow=0-8(2)	_	_
110-21	BOI068	110	110	21	mh	mh	_	_	_	_	_	linguistic	_	none	_	_	_	_	_	_
110-22	BOI068	110	110	22	eh	eh	_	_	_	_	_	linguistic	_	none	_	_	_	_	_	_
110-23	BOI068	110	110	23	l'	l'	_	_	_	_	_	linguistic	_	none	SpaceAfter=No	_	_	_	_	_
110-24	BOI068	110	110	24	informatica	informatica	_	_	_	_	_	linguistic	_	none	_	End=314.1	_	_	_	_
111-0	BOR019	111	111	0	ti	ti	_	_	_	_	_	linguistic	_	none	_	Begin=314.572	_	_	_	_
111-1	BOR019	111	111	1	è	è	_	_	_	_	_	linguistic	_	none	_	_	_	_	_	_
111-2	BOR019	111	111	2	piaciuto?	piaciuto	_	_	_	_	_	linguistic	_	none	Intonation=Rising	End=315.293	_	_	_	_
112-0	BOI068	112	112	0	s:ì	sì	_	_	_	_	_	linguistic	_	none	_	Begin=315.593	0x1	_	_	_
112-1	BOI068	112	112	1	abbastanza	abbastanza	_	_	_	_	_	linguistic	_	none	_	End=317.107	_	_	_	_
113-0	BOI068	113	113	0	l'	l'	_	_	_	_	_	linguistic	_	none	SpaceAfter=No	Begin=317.379	_	_	_	_
113-1	BOI068	113	113	1	unica	unica	_	_	_	_	_	linguistic	_	none	_	_	_	_	_	_
113-2	BOI068	113	113	2	cosa	cosa	_	_	_	_	_	linguistic	_	none	_	_	_	_	_	_
113-3	BOI068	113	113	3	vabbè	vabbè	_	_	_	_	_	linguistic	_	none	_	_	_	_	_	_
113-4	BOI068	113	113	4	ovviamente	ovviamente	_	_	_	_	_	linguistic	_	none	_	_	_	_	_	_
113-5	BOI068	113	113	5	con:	con	_	_	_	_	_	linguistic	_	none	_	_	2x1	_	_	_
113-6	BOI068	113	113	6	>con	con	_	_	_	_	_	linguistic	_	none	_	_	_	Fast=0-3(0)	_	_
113-7	BOI068	113	113	7	la<	la	_	_	_	_	_	linguistic	_	none	_	_	_	Fast=0-2(0)	_	_
113-8	BOI068	113	113	8	pandemia:	pandemia	_	_	_	_	_	linguistic	_	none	_	_	7x1	_	_	_
113-9	BOI068	113	113	9	non	non	_	_	_	_	_	linguistic	_	none	_	_	_	_	_	_
113-10	BOI068	113	113	10	abbiamo	abbiamo	_	_	_	_	_	linguistic	_	none	_	_	_	_	_	_
113-11	BOI068	113	113	11	potuto	potuto	_	_	_	_	_	linguistic	_	none	_	_	_	_	_	_
113-12	BOI068	113	113	12	fare	fare	_	_	_	_	_	linguistic	_	none	_	_	_	_	_	_
113-13	BOI068	113	113	13	stage	stage	_	_	_	_	_	linguistic	_	none	_	_	_	_	_	_
113-14	BOI068	113	113	14	non	non	_	_	_	_	_	linguistic	_	none	_	_	_	_	_	_
113-15	BOI068	113	113	15	abbiam	abbiam	_	_	_	_	_	linguistic	_	none	_	_	_	_	_	_
113-16	BOI068	113	113	16	potuto:	potuto	_	_	_	_	_	linguistic	_	none	_	End=323.086	5x1	_	_	_
114-0	BOI068	114	114	0	fare	fare	_	_	_	_	_	linguistic	_	none	_	Begin=323.679	_	_	_	_
114-1	BOI068	114	114	1	gite	gite	_	_	_	_	_	linguistic	_	none	_	_	_	_	_	_
114-2	BOI068	114	114	2	che	che	_	_	_	_	_	linguistic	_	none	_	_	_	_	_	_
114-3	BOI068	114	114	3	fossero	fossero	_	_	_	_	_	linguistic	_	none	_	_	_	_	_	_
114-4	BOI068	114	114	4	{ride}	{ride}	_	_	_	_	_	nonverbalbehavior	_	none	_	_	_	_	_	_
114-5	BOI068	114	114	5	più	più	_	_	_	_	_	linguistic	_	none	_	_	_	_	_	_
114-6	BOI068	114	114	6	lunghe	lunghe	_	_	_	_	_	linguistic	_	none	_	_	_	_	_	_
114-7	BOI068	114	114	7	di	di	_	_	_	_	_	linguistic	_	none	PauseAfter=Yes	_	_	_	_	_
114-8	BOI068	114	114	8	{P}	{P}	_	_	_	_	_	shortpause	_	none	_	_	_	_	_	_
114-9	BOI068	114	114	9	un	un	_	_	_	_	_	linguistic	_	none	_	_	_	_	_	_
114-10	BOI068	114	114	10	giorno	giorno	_	_	_	_	_	linguistic	_	none	_	_	_	_	_	_
114-11	BOI068	114	114	11	purtroppo	purtroppo	_	_	_	_	_	linguistic	_	none	_	End=327.836	_	_	_	_
115-0	BOI068	115	115	0	non	non	_	_	_	_	_	linguistic	_	none	_	Begin=328.15	_	_	_	_
115-1	BOI068	115	115	1	potevamo:	potevamo	_	_	_	_	_	linguistic	_	none	_	_	7x1	_	_	_
115-2	BOI068	115	115	2	stare	stare	_	_	_	_	_	linguistic	_	none	_	_	_	_	_	_
115-3	BOI068	115	115	3	in	in	_	_	_	_	_	linguistic	_	none	_	_	_	_	_	_
115-4	BOI068	115	115	4	hotel	hotel	_	_	_	_	_	linguistic	_	none	_	_	_	_	_	_
115-5	BOI068	115	115	5	alloggiare	alloggiare	_	_	_	_	_	linguistic	_	none	_	_	_	_	_	_
115-6	BOI068	115	115	6	così	così	_	_	_	_	_	linguistic	_	none	_	_	_	_	_	_
115-7	BOI068	115	115	7	quindi:	quindi	_	_	_	_	_	linguistic	_	none	_	_	5x1	_	_	_
115-8	BOI068	115	115	8	quello	quello	_	_	_	_	_	linguistic	_	none	_	_	_	_	_	_
115-9	BOI068	115	115	9	diciamo	diciamo	_	_	_	_	_	linguistic	_	none	_	_	_	_	_	_
115-10	BOI068	115	115	10	è	è	_	_	_	_	_	linguistic	_	none	_	_	_	_	_	_
115-11	BOI068	115	115	11	stato	stato	_	_	_	_	_	linguistic	_	none	_	_	_	_	_	_
115-12	BOI068	115	115	12	un	un	_	_	_	_	_	linguistic	_	none	_	_	_	_	_	_
115-13	BOI068	115	115	13	po'	po'	_	_	_	_	_	linguistic	_	none	_	_	_	_	_	_
115-14	BOI068	115	115	14	ci	ci	_	_	_	_	_	linguistic	_	none	_	_	_	_	_	_
115-15	BOI068	115	115	15	ha	ha	_	_	_	_	_	linguistic	_	none	_	_	_	_	_	_
115-16	BOI068	115	115	16	penalizzato	penalizzato	_	_	_	_	_	linguistic	_	none	_	_	_	_	_	_
115-17	BOI068	115	115	17	essendo	essendo	_	_	_	_	_	linguistic	_	none	_	_	_	_	_	_
115-18	BOI068	115	115	18	poi	poi	_	_	_	_	_	linguistic	_	none	_	_	_	_	_	_
115-19	BOI068	115	115	19	io	io	_	_	_	_	_	linguistic	_	none	_	_	_	_	_	_
115-20	BOI068	115	115	20	anche	anche	_	_	_	_	_	linguistic	_	none	_	_	_	_	_	_
115-21	BOI068	115	115	21	in	in	_	_	_	_	_	linguistic	_	none	_	_	_	_	_	_
115-22	BOI068	115	115	22	un	un	_	_	_	_	_	linguistic	_	none	_	_	_	_	_	_
115-23	BOI068	115	115	23	indirizzo	indirizzo	_	_	_	_	_	linguistic	_	none	_	_	_	_	_	_
115-24	BOI068	115	115	24	{ride}	{ride}	_	_	_	_	_	nonverbalbehavior	_	none	_	_	_	_	_	_
115-25	BOI068	115	115	25	turistico	turistico	_	_	_	_	_	linguistic	_	none	_	End=337.2	_	_	_	_
116-0	BOR019	116	116	0	esatto	esatto	_	_	_	_	_	linguistic	_	none	_	Begin=337.201	_	_	_	_
116-1	BOR019	116	116	1	{ride}	{ride}	_	_	_	_	_	nonverbalbehavior	_	none	_	End=338.043	_	_	_	_
117-0	BOI068	117	117	0	infatti::	infatti	_	_	_	_	_	linguistic	_	none	_	Begin=338.043	6x2	_	_	_
117-1	BOI068	117	117	1	però	però	_	_	_	_	_	linguistic	_	none	_	_	_	_	_	_
117-2	BOI068	117	117	2	comunque	comunque	_	_	_	_	_	linguistic	_	none	_	_	_	_	_	_
117-3	BOI068	117	117	3	sono	sono	_	_	_	_	_	linguistic	_	none	_	_	_	_	_	_
117-4	BOI068	117	117	4	felice	felice	_	_	_	_	_	linguistic	_	none	_	_	_	_	_	_
117-5	BOI068	117	117	5	che:	che	_	_	_	_	_	linguistic	_	none	_	End=341.057	2x1	_	_	_
118-0	BOI068	118	118	0	mh	mh	_	_	_	_	_	linguistic	_	none	_	Begin=341.193	_	_	_	_
118-1	BOI068	118	118	1	diciamo	diciamo	_	_	_	_	_	linguistic	_	none	_	_	_	_	_	_
118-2	BOI068	118	118	2	stiamo	stiamo	_	_	_	_	_	linguistic	_	none	_	_	_	_	_	_
118-3	BOI068	118	118	3	ricevendo:	ricevendo	_	_	_	_	_	linguistic	_	none	_	_	8x1	_	_	_
118-4	BOI068	118	118	4	dalla	dalla	_	_	_	_	_	linguistic	_	none	_	_	_	_	_	_
118-5	BOI068	118	118	5	scuola	scuola	_	_	_	_	_	linguistic	_	none	_	_	_	_	_	_
118-6	BOI068	118	118	6	molti	molti	_	_	_	_	_	linguistic	_	none	_	_	_	_	_	_
118-7	BOI068	118	118	7	contatti	contatti	_	_	_	_	_	linguistic	_	none	_	_	_	_	_	_
118-8	BOI068	118	118	8	da:	da	_	_	_	_	_	linguistic	_	none	_	_	1x1	_	_	_
118-9	BOI068	118	118	9	hotel,	hotel	_	_	_	_	_	linguistic	_	none	Intonation=WeaklyRising	End=345.648	_	_	_	_
119-0	BOI068	119	119	0	e:h	eh	_	_	_	_	_	linguistic	_	none	_	Begin=346.022	0x1	_	_	_
119-1	BOI068	119	119	1	o	o	_	_	_	_	_	linguistic	_	none	_	_	_	_	_	_
119-2	BOI068	119	119	2	comunque	comunque	_	_	_	_	_	linguistic	_	none	_	_	_	_	_	_
119-3	BOI068	119	119	3	sì	sì	_	_	_	_	_	linguistic	_	none	_	End=347.5	_	_	_	_
120-0	BOI068	120	120	0	eh	eh	_	_	_	_	_	linguistic	_	none	_	Begin=347.8	_	_	_	_
120-1	BOI068	120	120	1	aziende	aziende	_	_	_	_	_	linguistic	_	none	_	_	_	_	_	_
120-2	BOI068	120	120	2	che	che	_	_	_	_	_	linguistic	_	none	_	_	_	_	_	_
120-3	BOI068	120	120	3	si	si	_	_	_	_	_	linguistic	_	none	_	_	_	_	_	_
120-4	BOI068	120	120	4	occupano	occupano	_	_	_	_	_	linguistic	_	none	_	_	_	_	_	_
120-5	BOI068	120	120	5	di	di	_	_	_	_	_	linguistic	_	none	_	_	_	_	_	_
120-6	BOI068	120	120	6	turismo	turismo	_	_	_	_	_	linguistic	_	none	_	End=349.915	_	_	_	_
121-0	BOI068	121	121	0	e	e	_	_	_	_	_	linguistic	_	none	_	Begin=350.257	_	_	_	_
121-1	BOI068	121	121	1	quindi:	quindi	_	_	_	_	_	linguistic	_	none	_	_	5x1	_	_	_
121-2	BOI068	121	121	2	è	è	_	_	_	_	_	linguistic	_	none	_	_	_	_	_	_
121-3	BOI068	121	121	3	una	una	_	_	_	_	_	linguistic	_	none	_	_	_	_	_	_
121-4	BOI068	121	121	4	cosa	cosa	_	_	_	_	_	linguistic	_	none	_	_	_	_	_	_
121-5	BOI068	121	121	5	positiva	positiva	_	_	_	_	_	linguistic	_	none	_	End=352.172	_	_	_	_
122-0	BOR019	122	122	0	quindi	quindi	_	_	_	_	_	linguistic	_	none	_	Begin=352.422	_	_	_	_
122-1	BOR019	122	122	1	ti	ti	_	_	_	_	_	linguistic	_	none	_	_	_	_	_	_
122-2	BOR019	122	122	2	hanno:	hanno	_	_	_	_	_	linguistic	_	none	_	_	4x1	_	_	_
122-3	BOR019	122	122	3	cioè	cioè	_	_	_	_	_	linguistic	_	none	_	_	_	_	_	_
122-4	BOR019	122	122	4	x	x	_	_	_	_	_	unknown	_	none	Syllables=1	_	_	_	_	_
122-5	BOR019	122	122	5	ti	ti	_	_	_	_	_	linguistic	_	none	_	_	_	_	_	_
122-6	BOR019	122	122	6	hanno	hanno	_	_	_	_	_	linguistic	_	none	_	_	_	_	_	_
122-7	BOR019	122	122	7	dato:	dato	_	_	_	_	_	linguistic	_	none	_	_	3x1	_	_	_
122-8	BOR019	122	122	8	dei	dei	_	_	_	_	_	linguistic	_	none	_	_	_	_	_	_
122-9	BOR019	122	122	9	contatti	contatti	_	_	_	_	_	linguistic	_	none	_	_	_	_	_	_
122-10	BOR019	122	122	10	[magari	magari	_	_	_	_	_	linguistic	_	none	_	_	_	_	_	0-6(34)
122-11	BOR019	122	122	11	pe]r	per	_	_	_	_	_	linguistic	_	none	_	_	_	_	_	0-2(34)
122-12	BOR019	122	122	12	iniziare	iniziare	_	_	_	_	_	linguistic	_	none	_	_	_	_	_	_
122-13	BOR019	122	122	13	un	un	_	_	_	_	_	linguistic	_	none	_	_	_	_	_	_
122-14	BOR019	122	122	14	lavo~	lavo~	_	_	_	_	_	linguistic	_	none	Interrupted=Yes	_	_	_	_	_
122-15	BOR019	122	122	15	[AH	ah	_	_	_	_	_	linguistic	_	none	Volume=high	_	_	_	_	0-2(35)
122-16	BOR019	122	122	16	DA]I	dai	_	_	_	_	_	linguistic	_	none	Volume=high	_	_	_	_	0-2(35)
122-17	BOR019	122	122	17	beh	beh	_	_	_	_	_	linguistic	_	none	_	_	_	_	_	_
122-18	BOR019	122	122	18	bello	bello	_	_	_	_	_	linguistic	_	none	_	_	_	_	_	_
122-19	BOR019	122	122	19	bello	bello	_	_	_	_	_	linguistic	_	none	_	End=358.507	_	_	_	_
123-0	BOI068	123	123	0	[sì]	sì	_	_	_	_	_	linguistic	_	none	_	Begin=355.843|End=356.186	_	_	_	0-2(34)
124-0	BOI068	124	124	0	[sì]	sì	_	_	_	_	_	linguistic	_	none	_	Begin=356.965|End=357.215	_	_	_	0-2(35)
125-0	BOR019	125	125	0	e	e	_	_	_	_	_	linguistic	_	none	_	Begin=358.686	_	_	_	_
125-1	BOR019	125	125	1	quindi	quindi	_	_	_	_	_	linguistic	_	none	_	_	_	_	_	_
125-2	BOR019	125	125	2	pensavi	pensavi	_	_	_	_	_	linguistic	_	none	_	_	_	_	_	_
125-3	BOR019	125	125	3	di:	di	_	_	_	_	_	linguistic	_	none	_	_	1x1	_	_	_
125-4	BOR019	125	125	4	magari	magari	_	_	_	_	_	linguistic	_	none	_	_	_	_	_	_
125-5	BOR019	125	125	5	cercare	cercare	_	_	_	_	_	linguistic	_	none	_	_	_	_	_	_
125-6	BOR019	125	125	6	lavoro:	lavoro	_	_	_	_	_	linguistic	_	none	_	_	5x1	_	_	_
125-7	BOR019	125	125	7	lì	lì	_	_	_	_	_	linguistic	_	none	_	_	_	_	_	_
125-8	BOR019	125	125	8	in	in	_	_	_	_	_	linguistic	_	none	_	_	_	_	_	_
125-9	BOR019	125	125	9	quell'	quell'	_	_	_	_	_	linguistic	_	none	SpaceAfter=No	_	_	_	_	_
125-10	BOR019	125	125	10	ambito	ambito	_	_	_	_	_	linguistic	_	none	_	_	_	_	_	_
125-11	BOR019	125	125	11	lì	lì	_	_	_	_	_	linguistic	_	none	_	End=362.907	_	_	_	_
126-0	BOI068	126	126	0	sì	sì	_	_	_	_	_	linguistic	_	none	_	Begin=362.922|End=363.35	_	_	_	_
127-0	BOI068	127	127	0	si	si	_	_	_	_	_	linguistic	_	none	_	Begin=363.536	_	_	_	_
127-1	BOI068	127	127	1	diciamo	diciamo	_	_	_	_	_	linguistic	_	none	_	_	_	_	_	_
127-2	BOI068	127	127	2	adesso:,	adesso	_	_	_	_	_	linguistic	_	none	Intonation=WeaklyRising	_	5x1	_	_	_
127-3	BOI068	127	127	3	mi	mi	_	_	_	_	_	linguistic	_	none	_	_	_	_	_	_
127-4	BOI068	127	127	4	sto	sto	_	_	_	_	_	linguistic	_	none	_	_	_	_	_	_
127-5	BOI068	127	127	5	muovendo	muovendo	_	_	_	_	_	linguistic	_	none	_	_	_	_	_	_
127-6	BOI068	127	127	6	più	più	_	_	_	_	_	linguistic	_	none	_	_	_	_	_	_
127-7	BOI068	127	127	7	che	che	_	_	_	_	_	linguistic	_	none	_	_	_	_	_	_
127-8	BOI068	127	127	8	altro	altro	_	_	_	_	_	linguistic	_	none	_	_	_	_	_	_
127-9	BOI068	127	127	9	sì	sì	_	_	_	_	_	linguistic	_	none	_	_	_	_	_	_
127-10	BOI068	127	127	10	su:	su	_	_	_	_	_	linguistic	_	none	_	End=367.4	1x1	_	_	_
128-0	BOI068	128	128	0	eh	eh	_	_	_	_	_	linguistic	_	none	_	Begin=367.722	_	_	_	_
128-1	BOI068	128	128	1	sugli	sugli	_	_	_	_	_	linguistic	_	none	_	_	_	_	_	_
128-2	BOI068	128	128	2	hotel	hotel	_	_	_	_	_	linguistic	_	none	_	_	_	_	_	_
128-3	BOI068	128	128	3	sul	sul	_	_	_	_	_	linguistic	_	none	_	_	_	_	_	_
128-4	BOI068	128	128	4	turismo	turismo	_	_	_	_	_	linguistic	_	none	_	_	_	_	_	_
128-5	BOI068	128	128	5	anche	anche	_	_	_	_	_	linguistic	_	none	_	_	_	_	_	_
128-6	BOI068	128	128	6	sui	sui	_	_	_	_	_	linguistic	_	none	_	_	_	_	_	_
128-7	BOI068	128	128	7	trasporti	trasporti	_	_	_	_	_	linguistic	_	none	_	_	_	_	_	_
128-8	BOI068	128	128	8	perché:	perché	_	_	_	_	_	linguistic	_	none	_	End=371.215	5x1	_	_	_
129-0	BOI068	129	129	0	eh	eh	_	_	_	_	_	linguistic	_	none	_	Begin=371.585	_	_	_	_
129-1	BOI068	129	129	1	avendo:	avendo	_	_	_	_	_	linguistic	_	none	_	_	5x1	_	_	_
129-2	BOI068	129	129	2	molte	molte	_	_	_	_	_	linguistic	_	none	_	_	_	_	_	_
129-3	BOI068	129	129	3	conoscenze:	conoscenze	_	_	_	_	_	linguistic	_	none	_	_	9x1	_	_	_
129-4	BOI068	129	129	4	per	per	_	_	_	_	_	linguistic	_	none	_	_	_	_	_	_
129-5	BOI068	129	129	5	quanto	quanto	_	_	_	_	_	linguistic	_	none	_	_	_	_	_	_
129-6	BOI068	129	129	6	riguarda	riguarda	_	_	_	_	_	linguistic	_	none	_	_	_	_	_	_
129-7	BOI068	129	129	7	proprio	proprio	_	_	_	_	_	linguistic	_	none	_	_	_	_	_	_
129-8	BOI068	129	129	8	tutte	tutte	_	_	_	_	_	linguistic	_	none	_	_	_	_	_	_
129-9	BOI068	129	129	9	le	le	_	_	_	_	_	linguistic	_	none	_	_	_	_	_	_
129-10	BOI068	129	129	10	aziende	aziende	_	_	_	_	_	linguistic	_	none	_	_	_	_	_	_
129-11	BOI068	129	129	11	di	di	_	_	_	_	_	linguistic	_	none	_	_	_	_	_	_
129-12	BOI068	129	129	12	trasporti	trasporti	_	_	_	_	_	linguistic	_	none	_	_	_	_	_	_
129-13	BOI068	129	129	13	di	di	_	_	_	_	_	linguistic	_	none	_	_	_	_	_	_
129-14	BOI068	129	129	14	bologna:	bologna	_	_	_	_	_	linguistic	_	none	_	End=377.725	6x1	_	_	_
130-0	BOI068	130	130	0	e:h	eh	_	_	_	_	_	linguistic	_	none	_	Begin=378.057	0x1	_	_	_
130-1	BOI068	130	130	1	(so)	so	_	_	_	_	_	linguistic	_	none	_	_	_	_	0-2(0)	_
130-2	BOI068	130	130	2	mi	mi	_	_	_	_	_	linguistic	_	none	_	_	_	_	_	_
130-3	BOI068	130	130	3	sto	sto	_	_	_	_	_	linguistic	_	none	_	_	_	_	_	_
130-4	BOI068	130	130	4	muovendo	muovendo	_	_	_	_	_	linguistic	_	none	_	_	_	_	_	_
130-5	BOI068	130	130	5	anche:	anche	_	_	_	_	_	linguistic	_	none	_	End=380.093	4x1	_	_	_
131-0	BOI068	131	131	0	verso	verso	_	_	_	_	_	linguistic	_	none	_	Begin=380.486	_	_	_	_
131-1	BOI068	131	131	1	lì.	lì	_	_	_	_	_	linguistic	_	none	Intonation=Falling	End=381.168	_	_	_	_
132-0	BOR019	132	132	0	ah	ah	_	_	_	_	_	linguistic	_	none	PauseAfter=Yes	Begin=381.493	_	_	_	_
132-1	BOR019	132	132	1	{P}	{P}	_	_	_	_	_	shortpause	_	none	_	_	_	_	_	_
132-2	BOR019	132	132	2	ben(e)	bene	_	_	_	_	_	linguistic	_	none	_	_	_	_	3-4(0)	_
132-3	BOR019	132	132	3	bene	bene	_	_	_	_	_	linguistic	_	none	_	End=382.507	_	_	_	_
133-0	BOR019	133	133	0	benissimo	benissimo	_	_	_	_	_	linguistic	_	none	_	Begin=382.793|End=383.507	_	_	_	_
134-0	BOR019	134	134	0	e:hm:	ehm	_	_	_	_	_	linguistic	_	none	_	Begin=384.219|End=385.265	0x1,2x1	_	_	_
135-0	BOR019	135	135	0	tu,	tu	_	_	_	_	_	linguistic	_	none	Intonation=WeaklyRising|PauseAfter=Yes	Begin=385.408	_	_	_	_
135-1	BOR019	135	135	1	{P}	{P}	_	_	_	_	_	shortpause	_	none	_	_	_	_	_	_
135-2	BOR019	135	135	2	hai	hai	_	_	_	_	_	linguistic	_	none	_	_	_	_	_	_
135-3	BOR019	135	135	3	fatto	fatto	_	_	_	_	_	linguistic	_	none	_	_	_	_	_	_
135-4	BOR019	135	135	4	solo	solo	_	_	_	_	_	linguistic	_	none	_	_	_	_	_	_
135-5	BOR019	135	135	5	le	le	_	_	_	_	_	linguistic	_	none	_	_	_	_	_	_
135-6	BOR019	135	135	6	scuole	scuole	_	_	_	_	_	linguistic	_	none	_	_	_	_	_	_
135-7	BOR019	135	135	7	(o)	o	_	_	_	_	_	linguistic	_	none	_	_	_	_	0-1(0)	_
135-8	BOR019	135	135	8	a	a	_	_	_	_	_	linguistic	_	none	_	_	_	_	_	_
135-9	BOR019	135	135	9	bologna,	bologna	_	_	_	_	_	linguistic	_	none	Intonation=WeaklyRising	_	_	_	_	_
135-10	BOR019	135	135	10	oppure	oppure	_	_	_	_	_	linguistic	_	none	_	_	_	_	_	_
135-11	BOR019	135	135	11	l'	l'	_	_	_	_	_	linguistic	_	none	SpaceAfter=No	_	_	_	_	_
135-12	BOR019	135	135	12	hai	hai	_	_	_	_	_	linguistic	_	none	_	_	_	_	_	_
135-13	BOR019	135	135	13	anche	anche	_	_	_	_	_	linguistic	_	none	_	_	_	_	_	_
135-14	BOR019	135	135	14	un	un	_	_	_	_	_	linguistic	_	none	_	_	_	_	_	_
135-15	BOR019	135	135	15	po'	po'	_	_	_	_	_	linguistic	_	none	_	_	_	_	_	_
135-16	BOR019	135	135	16	vissuta	vissuta	_	_	_	_	_	linguistic	_	none	_	_	_	_	_	_
135-17	BOR019	135	135	17	come:	come	_	_	_	_	_	linguistic	_	none	_	_	3x1	_	_	_
135-18	BOR019	135	135	18	°insomma°	insomma	_	_	_	_	_	linguistic	_	none	Volume=low	_	_	_	_	_
135-19	BOR019	135	135	19	STUDENT[ESSA:	studentessa	_	_	_	_	_	linguistic	_	none	Volume=high	_	10x1	_	_	6-11(36)
135-20	BOR019	135	135	20	ADOLESC]E[NTE:]	adolescente	_	_	_	_	_	linguistic	_	none	Volume=high	End=393.586	10x1	_	_	0-7(36),7-11(37)
136-0	BOI068	136	136	0	[<allora>]	allora	_	_	_	_	_	linguistic	_	none	_	Begin=391.993|End=392.665	_	Slow=0-6(0)	_	0-6(36)
137-0	BOI068	137	137	0	[allora]	allora	_	_	_	_	_	linguistic	_	none	_	Begin=393.143|End=393.619	_	_	_	0-6(37)
138-0	BOI068	138	138	0	bologna	bologna	_	_	_	_	_	linguistic	_	none	_	Begin=393.765	_	_	_	_
138-1	BOI068	138	138	1	in	in	_	_	_	_	_	linguistic	_	none	_	_	_	_	_	_
138-2	BOI068	138	138	2	realtà	realtà	_	_	_	_	_	linguistic	_	none	_	_	_	_	_	_
138-3	BOI068	138	138	3	sì	sì	_	_	_	_	_	linguistic	_	none	_	_	_	_	_	_
138-4	BOI068	138	138	4	per[ché]	perché	_	_	_	_	_	linguistic	_	none	PauseAfter=Yes	_	_	_	_	3-6(38)
138-5	BOI068	138	138	5	{P}	{P}	_	_	_	_	_	shortpause	_	none	_	_	_	_	_	_
138-6	BOI068	138	138	6	io	io	_	_	_	_	_	linguistic	_	none	_	_	_	_	_	_
138-7	BOI068	138	138	7	alle:	alle	_	_	_	_	_	linguistic	_	none	_	_	3x1	_	_	_
138-8	BOI068	138	138	8	fino	fino	_	_	_	_	_	linguistic	_	none	_	_	_	_	_	_
138-9	BOI068	138	138	9	alle	alle	_	_	_	_	_	linguistic	_	none	_	_	_	_	_	_
138-10	BOI068	138	138	10	<medie>	medie	_	_	_	_	_	linguistic	_	none	_	_	_	Slow=0-5(0)	_	_
138-11	BOI068	138	138	11	diciamo	diciamo	_	_	_	_	_	linguistic	_	none	_	_	_	_	_	_
138-12	BOI068	138	138	12	quasi	quasi	_	_	_	_	_	linguistic	_	none	_	_	_	_	_	_
138-13	BOI068	138	138	13	la	la	_	_	_	_	_	linguistic	_	none	_	End=399.667	_	_	_	_
139-0	BOR019	139	139	0	[mh]	mh	_	_	_	_	_	linguistic	_	none	_	Begin=395.401|End=395.672	_	_	_	0-2(38)
140-0	BOI068	140	140	0	mh	mh	_	_	_	_	_	linguistic	_	none	_	Begin=400.013	_	_	_	_
140-1	BOI068	140	140	1	seconda	seconda	_	_	_	_	_	linguistic	_	none	_	_	_	_	_	_
140-2	BOI068	140	140	2	media,	media	_	_	_	_	_	linguistic	_	none	Intonation=WeaklyRising	_	_	_	_	_
140-3	BOI068	140	140	3	ero	ero	_	_	_	_	_	linguistic	_	none	_	End=401.8	_	_	_	_
141-0	BOI068	141	141	0	bloccata	bloccata	_	_	_	_	_	linguistic	_	none	PauseAfter=Yes	Begin=402.079	_	_	_	_
141-1	BOI068	141	141	1	{P}	{P}	_	_	_	_	_	shortpause	_	none	_	_	_	_	_	_
141-2	BOI068	141	141	2	ad	ad	_	_	_	_	_	linguistic	_	none	_	_	_	_	_	_
141-3	BOI068	141	141	3	altedo	altedo	_	_	_	_	_	linguistic	_	none	_	_	_	_	_	_
141-4	BOI068	141	141	4	pi[ù	più	_	_	_	_	_	linguistic	_	none	_	_	_	_	_	2-3(40)
141-5	BOI068	141	141	5	che	che	_	_	_	_	_	linguistic	_	none	_	_	_	_	_	0-3(40)
141-6	BOI068	141	141	6	a]ltro	altro	_	_	_	_	_	linguistic	_	none	_	End=404.293	_	_	_	0-1(40)
142-0	BOR019	142	142	0	[mh]	mh	_	_	_	_	_	linguistic	_	none	_	Begin=403.65|End=403.951	_	_	_	0-2(40)
143-0	BOR019	143	143	0	mh	mh	_	_	_	_	_	linguistic	_	none	_	Begin=404.293|End=404.572	_	_	_	_
144-0	BOI068	144	144	0	>io	io	_	_	_	_	_	linguistic	_	none	_	Begin=404.6	_	Fast=0-2(0)	_	_
144-1	BOI068	144	144	1	mi	mi	_	_	_	_	_	linguistic	_	none	_	_	_	Fast=0-2(0)	_	_
144-2	BOI068	144	144	2	ricordo	ricordo	_	_	_	_	_	linguistic	_	none	_	_	_	Fast=0-7(0)	_	_
144-3	BOI068	144	144	3	le	le	_	_	_	_	_	linguistic	_	none	_	_	_	Fast=0-2(0)	_	_
144-4	BOI068	144	144	4	prime	prime	_	_	_	_	_	linguistic	_	none	_	_	_	Fast=0-5(0)	_	_
144-5	BOI068	144	144	5	volte	volte	_	_	_	_	_	linguistic	_	none	_	_	_	Fast=0-5(0)	_	_
144-6	BOI068	144	144	6	che<	che	_	_	_	_	_	linguistic	_	none	_	_	_	Fast=0-3(0)	_	_
144-7	BOI068	144	144	7	prendevo:	prendevo	_	_	_	_	_	linguistic	_	none	_	_	7x1	_	_	_
144-8	BOI068	144	144	8	la	la	_	_	_	_	_	linguistic	_	none	_	_	_	_	_	_
144-9	BOI068	144	144	9	corriera	corriera	_	_	_	_	_	linguistic	_	none	_	_	_	_	_	_
144-10	BOI068	144	144	10	la	la	_	_	_	_	_	linguistic	_	none	_	_	_	_	_	_
144-11	BOI068	144	144	11	prendevo	prendevo	_	_	_	_	_	linguistic	_	none	_	_	_	_	_	_
144-12	BOI068	144	144	12	con	con	_	_	_	_	_	linguistic	_	none	_	_	_	_	_	_
144-13	BOI068	144	144	13	mia	mia	_	_	_	_	_	linguistic	_	none	_	_	_	_	_	_
144-14	BOI068	144	144	14	nonna	nonna	_	_	_	_	_	linguistic	_	none	_	_	_	_	_	_
144-15	BOI068	144	144	15	nel	nel	_	_	_	_	_	linguistic	_	none	_	_	_	_	_	_
144-16	BOI068	144	144	16	[sen]so	senso	_	_	_	_	_	linguistic	_	none	_	End=409.065	_	_	_	0-3(41)
145-0	BOR019	145	145	0	[mh]	mh	_	_	_	_	_	linguistic	_	none	_	Begin=408.486|End=408.798	_	_	_	0-2(41)
146-0	BOI068	146	146	0	eh	eh	_	_	_	_	_	linguistic	_	none	_	Begin=409.5	_	_	_	_
146-1	BOI068	146	146	1	per	per	_	_	_	_	_	linguistic	_	none	_	_	_	_	_	_
146-2	BOI068	146	146	2	andare	andare	_	_	_	_	_	linguistic	_	none	_	_	_	_	_	_
146-3	BOI068	146	146	3	a	a	_	_	_	_	_	linguistic	_	none	_	_	_	_	_	_
146-4	BOI068	146	146	4	bologna	bologna	_	_	_	_	_	linguistic	_	none	_	_	_	_	_	_
146-5	BOI068	146	146	5	e	e	_	_	_	_	_	linguistic	_	none	_	_	_	_	_	_
146-6	BOI068	146	146	6	quindi	quindi	_	_	_	_	_	linguistic	_	none	PauseAfter=Yes	_	_	_	_	_
146-7	BOI068	146	146	7	{P}	{P}	_	_	_	_	_	shortpause	_	none	_	_	_	_	_	_
146-8	BOI068	146	146	8	ho	ho	_	_	_	_	_	linguistic	_	none	_	_	_	_	_	_
146-9	BOI068	146	146	9	imparato	imparato	_	_	_	_	_	linguistic	_	none	_	_	_	_	_	_
146-10	BOI068	146	146	10	a	a	_	_	_	_	_	linguistic	_	none	_	_	_	_	_	_
146-11	BOI068	146	146	11	prendere:	prendere	_	_	_	_	_	linguistic	_	none	_	_	7x1	_	_	_
146-12	BOI068	146	146	12	la	la	_	_	_	_	_	linguistic	_	none	_	_	_	_	_	_
146-13	BOI068	146	146	13	corriera	corriera	_	_	_	_	_	linguistic	_	none	_	_	_	_	_	_
146-14	BOI068	146	146	14	da	da	_	_	_	_	_	linguistic	_	none	_	_	_	_	_	_
146-15	BOI068	146	146	15	sola	sola	_	_	_	_	_	linguistic	_	none	_	_	_	_	_	_
146-16	BOI068	146	146	16	già	già	_	_	_	_	_	linguistic	_	none	_	_	_	_	_	_
146-17	BOI068	146	146	17	da	da	_	_	_	_	_	linguistic	_	none	_	_	_	_	_	_
146-18	BOI068	146	146	18	tredici	tredici	_	_	_	_	_	linguistic	_	none	_	_	_	_	_	_
146-19	BOI068	146	146	19	anni	anni	_	_	_	_	_	linguistic	_	none	_	_	_	_	_	_
146-20	BOI068	146	146	20	ecco	ecco	_	_	_	_	_	linguistic	_	none	_	End=415.878	_	_	_	_
147-0	BOI068	147	147	0	quindi:	quindi	_	_	_	_	_	linguistic	_	none	_	Begin=416.279	5x1	_	_	_
147-1	BOI068	147	147	1	sì	sì	_	_	_	_	_	linguistic	_	none	_	_	_	_	_	_
147-2	BOI068	147	147	2	alle	alle	_	_	_	_	_	linguistic	_	none	_	_	_	_	_	_
147-3	BOI068	147	147	3	superiori:	superiori	_	_	_	_	_	linguistic	_	none	_	_	8x1	_	_	_
147-4	BOI068	147	147	4	avevo	avevo	_	_	_	_	_	linguistic	_	none	_	_	_	_	_	_
147-5	BOI068	147	147	5	tutti	tutti	_	_	_	_	_	linguistic	_	none	_	_	_	_	_	_
147-6	BOI068	147	147	6	gli	gli	_	_	_	_	_	linguistic	_	none	_	_	_	_	_	_
147-7	BOI068	147	147	7	amici	amici	_	_	_	_	_	linguistic	_	none	_	_	_	_	_	_
147-8	BOI068	147	147	8	lì	lì	_	_	_	_	_	linguistic	_	none	_	_	_	_	_	_
147-9	BOI068	147	147	9	me	me	_	_	_	_	_	linguistic	_	none	_	_	_	_	_	_
147-10	BOI068	147	147	10	lì	lì	_	_	_	_	_	linguistic	_	none	_	_	_	_	_	_
147-11	BOI068	147	147	11	ero	ero	_	_	_	_	_	linguistic	_	none	_	_	_	_	_	_
147-12	BOI068	147	147	12	fatti:	fatti	_	_	_	_	_	linguistic	_	none	_	_	4x1	_	_	_
147-13	BOI068	147	147	13	grazie	grazie	_	_	_	_	_	linguistic	_	none	_	_	_	_	_	_
147-14	BOI068	147	147	14	alla	alla	_	_	_	_	_	linguistic	_	none	_	_	_	_	_	_
147-15	BOI068	147	147	15	mia	mia	_	_	_	_	_	linguistic	_	none	_	_	_	_	_	_
147-16	BOI068	147	147	16	scuola	scuola	_	_	_	_	_	linguistic	_	none	_	_	_	_	_	_
147-17	BOI068	147	147	17	oppure	oppure	_	_	_	_	_	linguistic	_	none	_	_	_	_	_	_
147-18	BOI068	147	147	18	anche:	anche	_	_	_	_	_	linguistic	_	none	_	End=422.145	4x1	_	_	_
148-0	BOI068	148	148	0	e:h	eh	_	_	_	_	_	linguistic	_	none	_	Begin=422.436	0x1	_	_	_
148-1	BOI068	148	148	1	grazie	grazie	_	_	_	_	_	linguistic	_	none	_	_	_	_	_	_
148-2	BOI068	148	148	2	a	a	_	_	_	_	_	linguistic	_	none	_	_	_	_	_	_
148-3	BOI068	148	148	3	gente	gente	_	_	_	_	_	linguistic	_	none	_	_	_	_	_	_
148-4	BOI068	148	148	4	che	che	_	_	_	_	_	linguistic	_	none	_	_	_	_	_	_
148-5	BOI068	148	148	5	prendeva	prendeva	_	_	_	_	_	linguistic	_	none	_	_	_	_	_	_
148-6	BOI068	148	148	6	l'	l'	_	_	_	_	_	linguistic	_	none	SpaceAfter=No	_	_	_	_	_
148-7	BOI068	148	148	7	autobus	autobus	_	_	_	_	_	linguistic	_	none	_	End=425.049	_	_	_	_
149-0	BOI068	149	149	0	eh	eh	_	_	_	_	_	linguistic	_	none	_	Begin=425.45	_	_	_	_
149-1	BOI068	149	149	1	con	con	_	_	_	_	_	linguistic	_	none	_	_	_	_	_	_
149-2	BOI068	149	149	2	me	me	_	_	_	_	_	linguistic	_	none	_	_	_	_	_	_
149-3	BOI068	149	149	3	al	al	_	_	_	_	_	linguistic	_	none	_	_	_	_	_	_
149-4	BOI068	149	149	4	ritorno	ritorno	_	_	_	_	_	linguistic	_	none	_	_	_	_	_	_
149-5	BOI068	149	149	5	quindi:	quindi	_	_	_	_	_	linguistic	_	none	_	End=427.239	5x1	_	_	_
150-0	BOI068	150	150	0	diciamo:	diciamo	_	_	_	_	_	linguistic	_	none	_	Begin=427.543	6x1	_	_	_
150-1	BOI068	150	150	1	sì	sì	_	_	_	_	_	linguistic	_	none	_	_	_	_	_	_
150-2	BOI068	150	150	2	l'	l'	_	_	_	_	_	linguistic	_	none	SpaceAfter=No	_	_	_	_	_
150-3	BOI068	150	150	3	ho	ho	_	_	_	_	_	linguistic	_	none	_	_	_	_	_	_
150-4	BOI068	150	150	4	vissuta:	vissuta	_	_	_	_	_	linguistic	_	none	_	_	6x1	_	_	_
150-5	BOI068	150	150	5	abbastanza	abbastanza	_	_	_	_	_	linguistic	_	none	_	_	_	_	_	_
150-6	BOI068	150	150	6	bologna	bologna	_	_	_	_	_	linguistic	_	none	_	End=430.572	_	_	_	_
151-0	BOR019	151	151	0	bene	bene	_	_	_	_	_	linguistic	_	none	_	Begin=431.115	_	_	_	_
151-1	BOR019	151	151	1	bene	bene	_	_	_	_	_	linguistic	_	none	_	End=431.789	_	_	_	_
152-0	BOR019	152	152	0	quindi:	quindi	_	_	_	_	_	linguistic	_	none	_	Begin=431.865	5x1	_	_	_
152-1	BOR019	152	152	1	magari:	magari	_	_	_	_	_	linguistic	_	none	_	End=433.056	5x1	_	_	_
153-0	BOR019	153	153	0	conosci	conosci	_	_	_	_	_	linguistic	_	none	_	Begin=433.25	_	_	_	_
153-1	BOR019	153	153	1	un	un	_	_	_	_	_	linguistic	_	none	_	_	_	_	_	_
153-2	BOR019	153	153	2	po'	po'	_	_	_	_	_	linguistic	_	none	_	_	_	_	_	_
153-3	BOR019	153	153	3	le	le	_	_	_	_	_	linguistic	_	none	_	_	_	_	_	_
153-4	BOR019	153	153	4	la	la	_	_	_	_	_	linguistic	_	none	_	_	_	_	_	_
153-5	BOR019	153	153	5	zona	zona	_	_	_	_	_	linguistic	_	none	_	_	_	_	_	_
153-6	BOR019	153	153	6	della	della	_	_	_	_	_	linguistic	_	none	_	_	_	_	_	_
153-7	BOR019	153	153	7	movida::,	movida	_	_	_	_	_	linguistic	_	none	Intonation=WeaklyRising	_	5x2	_	_	_
153-8	BOR019	153	153	8	[la	la	_	_	_	_	_	linguistic	_	none	_	_	_	_	_	0-2(42)
153-9	BOR019	153	153	9	zona:],	zona	_	_	_	_	_	linguistic	_	none	Intonation=WeaklyRising	End=437.1	3x1	_	_	0-4(42)
154-0	BOI068	154	154	0	[sì	sì	_	_	_	_	_	linguistic	_	none	_	Begin=436.243	_	_	_	0-2(42)
154-1	BOI068	154	154	1	dai]	dai	_	_	_	_	_	linguistic	_	none	_	End=437.136	_	_	_	0-3(42)
155-0	BOI068	155	155	0	allora	allora	_	_	_	_	_	linguistic	_	none	_	Begin=437.743	_	_	_	_
155-1	BOI068	155	155	1	diciamo:,	diciamo	_	_	_	_	_	linguistic	_	none	Intonation=WeaklyRising	_	6x1	_	_	_
155-2	BOI068	155	155	2	eh	eh	_	_	_	_	_	linguistic	_	none	_	_	_	_	_	_
155-3	BOI068	155	155	3	zone	zone	_	_	_	_	_	linguistic	_	none	_	_	_	_	_	_
155-4	BOI068	155	155	4	e:h	eh	_	_	_	_	_	linguistic	_	none	_	End=440.7	0x1	_	_	_
156-0	BOI068	156	156	0	>diciamo	diciamo	_	_	_	_	_	linguistic	_	none	_	Begin=441.225	_	Fast=0-7(0)	_	_
156-1	BOI068	156	156	1	prettamente	prettamente	_	_	_	_	_	linguistic	_	none	_	_	_	Fast=0-11(0)	_	_
156-2	BOI068	156	156	2	per	per	_	_	_	_	_	linguistic	_	none	_	_	_	Fast=0-3(0)	_	_
156-3	BOI068	156	156	3	studenti	studenti	_	_	_	_	_	linguistic	_	none	_	_	_	Fast=0-8(0)	_	_
156-4	BOI068	156	156	4	tipo	tipo	_	_	_	_	_	linguistic	_	none	_	_	_	Fast=0-4(0)	_	_
156-5	BOI068	156	156	5	[le	le	_	_	_	_	_	linguistic	_	none	_	_	_	Fast=0-2(0)	_	0-2(43)
156-6	BOI068	156	156	6	univer]sitarie<	universitarie	_	_	_	_	_	linguistic	_	none	_	_	_	Fast=0-13(0)	_	0-6(43)
156-7	BOI068	156	156	7	non	non	_	_	_	_	_	linguistic	_	none	_	_	_	_	_	_
156-8	BOI068	156	156	8	tantissimo	tantissimo	_	_	_	_	_	linguistic	_	none	PauseAfter=Yes	_	_	_	_	_
156-9	BOI068	156	156	9	{P}	{P}	_	_	_	_	_	shortpause	_	none	_	_	_	_	_	_
156-10	BOI068	156	156	10	[però]	però	_	_	_	_	_	linguistic	_	none	_	_	_	_	_	0-4(44)
156-11	BOI068	156	156	11	comunque	comunque	_	_	_	_	_	linguistic	_	none	_	_	_	_	_	_
156-12	BOI068	156	156	12	il	il	_	_	_	_	_	linguistic	_	none	_	_	_	_	_	_
156-13	BOI068	156	156	13	centro	centro	_	_	_	_	_	linguistic	_	none	_	_	_	_	_	_
156-14	BOI068	156	156	14	di	di	_	_	_	_	_	linguistic	_	none	_	_	_	_	_	_
156-15	BOI068	156	156	15	bologna	bologna	_	_	_	_	_	linguistic	_	none	_	_	_	_	_	_
156-16	BOI068	156	156	16	sì	sì	_	_	_	_	_	linguistic	_	none	_	_	_	_	_	_
156-17	BOI068	156	156	17	abbastanza	abbastanza	_	_	_	_	_	linguistic	_	none	_	End=447.8	_	_	_	_
157-0	BOR019	157	157	0	[°mh°]	mh	_	_	_	_	_	linguistic	_	none	Volume=low	Begin=442.779|End=443.089	_	_	_	0-2(43)
158-0	BOR019	158	158	0	[okay]	okay	_	_	_	_	_	linguistic	_	none	_	Begin=444.715|End=445.108	_	_	_	0-4(44)
159-0	BOR019	159	159	0	e:	e	_	_	_	_	_	linguistic	_	none	_	Begin=447.85	0x1	_	_	_
159-1	BOR019	159	159	1	che	che	_	_	_	_	_	linguistic	_	none	_	_	_	_	_	_
159-2	BOR019	159	159	2	zone	zone	_	_	_	_	_	linguistic	_	none	_	_	_	_	_	_
159-3	BOR019	159	159	3	nello	nello	_	_	_	_	_	linguistic	_	none	_	_	_	_	_	_
159-4	BOR019	159	159	4	specifico	specifico	_	_	_	_	_	linguistic	_	none	_	_	_	_	_	_
159-5	BOR019	159	159	5	frequentavi	frequentavi	_	_	_	_	_	linguistic	_	none	_	End=450.307	_	_	_	_
160-0	BOI068	160	160	0	a:llora	allora	_	_	_	_	_	linguistic	_	none	_	Begin=450.708|End=451.589	0x1	_	_	_
161-0	BOI068	161	161	0	x	x	_	_	_	_	_	unknown	_	none	Syllables=1	Begin=451.722	_	_	_	_
161-1	BOI068	161	161	1	in	in	_	_	_	_	_	linguistic	_	none	_	_	_	_	_	_
161-2	BOI068	161	161	2	realtà,	realtà	_	_	_	_	_	linguistic	_	none	Intonation=WeaklyRising	_	_	_	_	_
161-3	BOI068	161	161	3	le	le	_	_	_	_	_	linguistic	_	none	_	_	_	_	_	_
161-4	BOI068	161	161	4	solite:	solite	_	_	_	_	_	linguistic	_	none	_	_	5x1	_	_	_
161-5	BOI068	161	161	5	zone	zone	_	_	_	_	_	linguistic	_	none	_	_	_	_	_	_
161-6	BOI068	161	161	6	tipo	tipo	_	_	_	_	_	linguistic	_	none	_	_	_	_	_	_
161-7	BOI068	161	161	7	<via	via	_	_	_	_	_	linguistic	_	none	_	_	_	Slow=0-3(0)	_	_
161-8	BOI068	161	161	8	rizzoli>	rizzoli	_	_	_	_	_	linguistic	_	none	_	_	_	Slow=0-7(0)	_	_
161-9	BOI068	161	161	9	diciamo	diciamo	_	_	_	_	_	linguistic	_	none	_	_	_	_	_	_
161-10	BOI068	161	161	10	proprio	proprio	_	_	_	_	_	linguistic	_	none	PauseAfter=Yes	_	_	_	_	_
161-11	BOI068	161	161	11	{P}	{P}	_	_	_	_	_	shortpause	_	none	_	_	_	_	_	_
161-12	BOI068	161	161	12	il	il	_	_	_	_	_	linguistic	_	none	_	_	_	_	_	_
161-13	BOI068	161	161	13	centro	centro	_	_	_	_	_	linguistic	_	none	_	_	_	_	_	_
161-14	BOI068	161	161	14	[città]	città	_	_	_	_	_	linguistic	_	none	_	End=457.651	_	_	_	0-5(45)
162-0	BOR019	162	162	0	[ah	ah	_	_	_	_	_	linguistic	_	none	_	Begin=457.001	_	_	_	0-2(45)
162-1	BOR019	162	162	1	oka]y	okay	_	_	_	_	_	linguistic	_	none	_	_	_	_	_	0-3(45)
162-2	BOR019	162	162	2	okay	okay	_	_	_	_	_	linguistic	_	none	_	_	_	_	_	_
162-3	BOR019	162	162	3	o[kay]	okay	_	_	_	_	_	linguistic	_	none	_	End=458.329	_	_	_	1-4(46)
163-0	BOI068	163	163	0	[eh	eh	_	_	_	_	_	linguistic	_	none	_	Begin=458.051	_	_	_	0-2(46)
163-1	BOI068	163	163	1	o]ppure:	oppure	_	_	_	_	_	linguistic	_	none	_	_	5x1	_	_	0-1(46)
163-2	BOI068	163	163	2	verso	verso	_	_	_	_	_	linguistic	_	none	_	_	_	_	_	_
163-3	BOI068	163	163	3	il	il	_	_	_	_	_	linguistic	_	none	_	_	_	_	_	_
163-4	BOI068	163	163	4	quadrilatero,	quadrilatero	_	_	_	_	_	linguistic	_	none	Intonation=WeaklyRising	End=460.522	_	_	_	_
164-0	BOR019	164	164	0	ho	ho	_	_	_	_	_	linguistic	_	none	_	Begin=460.808	_	_	_	_
164-1	BOR019	164	164	1	[capi]to	capito	_	_	_	_	_	linguistic	_	none	_	End=461.601	_	_	_	0-4(47)
165-0	BOI068	165	165	0	[e:]	e	_	_	_	_	_	linguistic	_	none	_	Begin=460.951|End=461.286	0x1	_	_	0-1(47)
166-0	BOI068	166	166	0	(poi)	poi	_	_	_	_	_	linguistic	_	none	_	Begin=461.636	_	_	0-3(0)	_
166-1	BOI068	166	166	1	via	via	_	_	_	_	_	linguistic	_	none	_	_	_	_	_	_
166-2	BOI068	166	166	2	indipendenza,	indipendenza	_	_	_	_	_	linguistic	_	none	Intonation=WeaklyRising	End=463.108	_	_	_	_
167-0	BOI068	167	167	0	e:h	eh	_	_	_	_	_	linguistic	_	none	_	Begin=463.486	0x1	_	_	_
167-1	BOI068	167	167	1	molto	molto	_	_	_	_	_	linguistic	_	none	_	_	_	_	_	_
167-2	BOI068	167	167	2	spesso	spesso	_	_	_	_	_	linguistic	_	none	_	_	_	_	_	_
167-3	BOI068	167	167	3	anche	anche	_	_	_	_	_	linguistic	_	none	_	_	_	_	_	_
167-4	BOI068	167	167	4	diciamo:	diciamo	_	_	_	_	_	linguistic	_	none	_	_	6x1	_	_	_
167-5	BOI068	167	167	5	cioè	cioè	_	_	_	_	_	linguistic	_	none	_	_	_	_	_	_
167-6	BOI068	167	167	6	la:	la	_	_	_	_	_	linguistic	_	none	_	_	1x1	_	_	_
167-7	BOI068	167	167	7	la	la	_	_	_	_	_	linguistic	_	none	_	_	_	_	_	_
167-8	BOI068	167	167	8	via	via	_	_	_	_	_	linguistic	_	none	_	_	_	_	_	_
167-9	BOI068	167	167	9	proprio:	proprio	_	_	_	_	_	linguistic	_	none	_	_	6x1	_	_	_
167-10	BOI068	167	167	10	via	via	_	_	_	_	_	linguistic	_	none	_	_	_	_	_	_
167-11	BOI068	167	167	11	indipendenza	indipendenza	_	_	_	_	_	linguistic	_	none	_	_	_	_	_	_
167-12	BOI068	167	167	12	i	i	_	_	_	_	_	linguistic	_	none	_	_	_	_	_	_
167-13	BOI068	167	167	13	viali	viali	_	_	_	_	_	linguistic	_	none	PauseAfter=Yes	_	_	_	_	_
167-14	BOI068	167	167	14	{P}	{P}	_	_	_	_	_	shortpause	_	none	_	_	_	_	_	_
167-15	BOI068	167	167	15	quindi	quindi	_	_	_	_	_	linguistic	_	none	_	_	_	_	_	_
167-16	BOI068	167	167	16	essendo	essendo	_	_	_	_	_	linguistic	_	none	_	_	_	_	_	_
167-17	BOI068	167	167	17	comunque	comunque	_	_	_	_	_	linguistic	_	none	_	_	_	_	_	_
167-18	BOI068	167	167	18	collegata	collegata	_	_	_	_	_	linguistic	_	none	_	_	_	_	_	_
167-19	BOI068	167	167	19	alla:	alla	_	_	_	_	_	linguistic	_	none	_	End=471.101	3x1	_	_	_
168-0	BOI068	168	168	0	all'	all'	_	_	_	_	_	linguistic	_	none	SpaceAfter=No	Begin=471.619	_	_	_	_
168-1	BOI068	168	168	1	autostazione	autostazione	_	_	_	_	_	linguistic	_	none	_	End=472.801	_	_	_	_
169-0	BOR019	169	169	0	ho	ho	_	_	_	_	_	linguistic	_	none	_	Begin=473.393	_	_	_	_
169-1	BOR019	169	169	1	capito	capito	_	_	_	_	_	linguistic	_	none	_	_	_	_	_	_
169-2	BOR019	169	169	2	ho	ho	_	_	_	_	_	linguistic	_	none	_	_	_	_	_	_
169-3	BOR019	169	169	3	capito	capito	_	_	_	_	_	linguistic	_	none	_	End=474.374	_	_	_	_
170-0	BOR019	170	170	0	e	e	_	_	_	_	_	linguistic	_	none	_	Begin=474.758	_	_	_	_
170-1	BOR019	170	170	1	quadrilatero::?	quadrilatero	_	_	_	_	_	linguistic	_	none	Intonation=Rising	End=476.215	11x2	_	_	_
171-0	BOR019	171	171	0	m::h	mh	_	_	_	_	_	linguistic	_	none	_	Begin=476.379|End=476.979	0x2	_	_	_
172-0	BOR019	172	172	0	perché	perché	_	_	_	_	_	linguistic	_	none	_	Begin=477.129	_	_	_	_
172-1	BOR019	172	172	1	so	so	_	_	_	_	_	linguistic	_	none	_	_	_	_	_	_
172-2	BOR019	172	172	2	che	che	_	_	_	_	_	linguistic	_	none	_	_	_	_	_	_
172-3	BOR019	172	172	3	è	è	_	_	_	_	_	linguistic	_	none	_	_	_	_	_	_
172-4	BOR019	172	172	4	la	la	_	_	_	_	_	linguistic	_	none	_	_	_	_	_	_
172-5	BOR019	172	172	5	zona	zona	_	_	_	_	_	linguistic	_	none	_	_	_	_	_	_
172-6	BOR019	172	172	6	dove	dove	_	_	_	_	_	linguistic	_	none	_	_	_	_	_	_
172-7	BOR019	172	172	7	ci	ci	_	_	_	_	_	linguistic	_	none	_	_	_	_	_	_
172-8	BOR019	172	172	8	sono	sono	_	_	_	_	_	linguistic	_	none	_	_	_	_	_	_
172-9	BOR019	172	172	9	più	più	_	_	_	_	_	linguistic	_	none	_	_	_	_	_	_
172-10	BOR019	172	172	10	loc[a:li]	locali	_	_	_	_	_	linguistic	_	none	_	_	3x1	_	_	3-6(48)
172-11	BOR019	172	172	11	più:	più	_	_	_	_	_	linguistic	_	none	_	_	2x1	_	_	_
172-12	BOR019	172	172	12	oka::y	okay	_	_	_	_	_	linguistic	_	none	_	End=481.615	2x2	_	_	_
173-0	BOI068	173	173	0	[sì]	sì	_	_	_	_	_	linguistic	_	none	_	Begin=479.579|End=480.015	_	_	_	0-2(48)
174-0	BOR019	174	174	0	e:hm::	ehm	_	_	_	_	_	linguistic	_	none	_	Begin=481.886|End=483.479	0x1,2x2	_	_	_
175-0	BOR019	175	175	0	ti	ti	_	_	_	_	_	linguistic	_	none	_	Begin=483.851	_	_	_	_
175-1	BOR019	175	175	1	piaceva:	piaceva	_	_	_	_	_	linguistic	_	none	_	_	6x1	_	_	_
175-2	BOR019	175	175	2	cioè	cioè	_	_	_	_	_	linguistic	_	none	_	_	_	_	_	_
175-3	BOR019	175	175	3	o	o	_	_	_	_	_	linguistic	_	none	_	_	_	_	_	_
175-4	BOR019	175	175	4	[preferi]vi	preferivi	_	_	_	_	_	linguistic	_	none	_	_	_	_	_	0-7(49)
175-5	BOR019	175	175	5	magari	magari	_	_	_	_	_	linguistic	_	none	_	_	_	_	_	_
175-6	BOR019	175	175	6	altri	altri	_	_	_	_	_	linguistic	_	none	_	_	_	_	_	_
175-7	BOR019	175	175	7	altre	altre	_	_	_	_	_	linguistic	_	none	_	_	_	_	_	_
175-8	BOR019	175	175	8	[zone]	zone	_	_	_	_	_	linguistic	_	none	_	End=487.486	_	_	_	0-4(50)
176-0	BOI068	176	176	0	[sì]	sì	_	_	_	_	_	linguistic	_	none	_	Begin=485.365|End=485.729	_	_	_	0-2(49)
177-0	BOI068	177	177	0	[ma	ma	_	_	_	_	_	linguistic	_	none	_	Begin=487.079	_	_	_	0-2(50)
177-1	BOI068	177	177	1	no]	no	_	_	_	_	_	linguistic	_	none	_	_	_	_	_	0-2(50)
177-2	BOI068	177	177	2	in	in	_	_	_	_	_	linguistic	_	none	_	_	_	_	_	_
177-3	BOI068	177	177	3	realtà:	realtà	_	_	_	_	_	linguistic	_	none	_	End=488.679	5x1	_	_	_
178-0	BOI068	178	178	0	mi	mi	_	_	_	_	_	linguistic	_	none	_	Begin=488.779	_	_	_	_
178-1	BOI068	178	178	1	piaceva	piaceva	_	_	_	_	_	linguistic	_	none	_	_	_	_	_	_
178-2	BOI068	178	178	2	abbastanza	abbastanza	_	_	_	_	_	linguistic	_	none	_	_	_	_	_	_
178-3	BOI068	178	178	3	poi	poi	_	_	_	_	_	linguistic	_	none	PauseAfter=Yes	_	_	_	_	_
178-4	BOI068	178	178	4	{P}	{P}	_	_	_	_	_	shortpause	_	none	_	_	_	_	_	_
178-5	BOI068	178	178	5	diciamo:	diciamo	_	_	_	_	_	linguistic	_	none	_	_	6x1	_	_	_
178-6	BOI068	178	178	6	eh	eh	_	_	_	_	_	linguistic	_	none	_	_	_	_	_	_
178-7	BOI068	178	178	7	io	io	_	_	_	_	_	linguistic	_	none	PauseAfter=Yes	_	_	_	_	_
178-8	BOI068	178	178	8	{P}	{P}	_	_	_	_	_	shortpause	_	none	_	_	_	_	_	_
178-9	BOI068	178	178	9	più	più	_	_	_	_	_	linguistic	_	none	_	_	_	_	_	_
178-10	BOI068	178	178	10	che	che	_	_	_	_	_	linguistic	_	none	_	_	_	_	_	_
178-11	BOI068	178	178	11	stare	stare	_	_	_	_	_	linguistic	_	none	_	_	_	_	_	_
178-12	BOI068	178	178	12	cioè	cioè	_	_	_	_	_	linguistic	_	none	_	_	_	_	_	_
178-13	BOI068	178	178	13	molte	molte	_	_	_	_	_	linguistic	_	none	_	_	_	_	_	_
178-14	BOI068	178	178	14	volte	volte	_	_	_	_	_	linguistic	_	none	_	_	_	_	_	_
178-15	BOI068	178	178	15	anche	anche	_	_	_	_	_	linguistic	_	none	_	_	_	_	_	_
178-16	BOI068	178	178	16	ci	ci	_	_	_	_	_	linguistic	_	none	_	_	_	_	_	_
178-17	BOI068	178	178	17	muovevamo	muovevamo	_	_	_	_	_	linguistic	_	none	_	_	_	_	_	_
178-18	BOI068	178	178	18	con	con	_	_	_	_	_	linguistic	_	none	_	_	_	_	_	_
178-19	BOI068	178	178	19	i	i	_	_	_	_	_	linguistic	_	none	_	_	_	_	_	_
178-20	BOI068	178	178	20	miei	miei	_	_	_	_	_	linguistic	_	none	_	_	_	_	_	_
178-21	BOI068	178	178	21	amici	amici	_	_	_	_	_	linguistic	_	none	_	End=496.936	_	_	_	_
179-0	BOI068	179	179	0	soprattutto	soprattutto	_	_	_	_	_	linguistic	_	none	PauseAfter=Yes	Begin=497.179	_	_	_	_
179-1	BOI068	179	179	1	{P}	{P}	_	_	_	_	_	shortpause	_	none	_	_	_	_	_	_
179-2	BOI068	179	179	2	per	per	_	_	_	_	_	linguistic	_	none	_	_	_	_	_	_
179-3	BOI068	179	179	3	quan~	quan~	_	_	_	_	_	linguistic	_	none	Interrupted=Yes	End=498.265	_	_	_	_
180-0	BOI068	180	180	0	c(io)è	cioè	_	_	_	_	_	linguistic	_	none	_	Begin=498.493	_	_	1-3(0)	_
180-1	BOI068	180	180	1	quando	quando	_	_	_	_	_	linguistic	_	none	_	_	_	_	_	_
180-2	BOI068	180	180	2	c'	c'	_	_	_	_	_	linguistic	_	none	SpaceAfter=No	_	_	_	_	_
180-3	BOI068	180	180	3	erano	erano	_	_	_	_	_	linguistic	_	none	_	_	_	_	_	_
180-4	BOI068	180	180	4	compleanni	compleanni	_	_	_	_	_	linguistic	_	none	_	_	_	_	_	_
180-5	BOI068	180	180	5	a[nche]	anche	_	_	_	_	_	linguistic	_	none	_	End=500.508	_	_	_	0-5(51)
181-0	BOR019	181	181	0	[mh]mh	mhmh	_	_	_	_	_	linguistic	_	none	_	Begin=500.301|End=500.701	_	_	_	0-2(51)
182-0	BOI068	182	182	0	nelle:	nelle	_	_	_	_	_	linguistic	_	none	_	Begin=500.793|End=501.757	4x1	_	_	_
183-0	BOI068	183	183	0	cioè	cioè	_	_	_	_	_	linguistic	_	none	_	Begin=501.915	_	_	_	_
183-1	BOI068	183	183	1	m:h	mh	_	_	_	_	_	linguistic	_	none	_	_	0x1	_	_	_
183-2	BOI068	183	183	2	diciamo	diciamo	_	_	_	_	_	linguistic	_	none	_	_	_	_	_	_
183-3	BOI068	183	183	3	nelle:	nelle	_	_	_	_	_	linguistic	_	none	_	_	4x1	_	_	_
183-4	BOI068	183	183	4	nei	nei	_	_	_	_	_	linguistic	_	none	_	_	_	_	_	_
183-5	BOI068	183	183	5	paesini	paesini	_	_	_	_	_	linguistic	_	none	_	_	_	_	_	_
183-6	BOI068	183	183	6	diciamo	diciamo	_	_	_	_	_	linguistic	_	none	_	_	_	_	_	_
183-7	BOI068	183	183	7	vicino	vicino	_	_	_	_	_	linguistic	_	none	_	_	_	_	_	_
183-8	BOI068	183	183	8	a	a	_	_	_	_	_	linguistic	_	none	_	_	_	_	_	_
183-9	BOI068	183	183	9	bologna	bologna	_	_	_	_	_	linguistic	_	none	_	_	_	_	_	_
183-10	BOI068	183	183	10	oppure	oppure	_	_	_	_	_	linguistic	_	none	_	End=506.329	_	_	_	_
184-0	BOI068	184	184	0	san	san	_	_	_	_	_	linguistic	_	none	_	Begin=506.608	_	_	_	_
184-1	BOI068	184	184	1	lazzaro	lazzaro	_	_	_	_	_	linguistic	_	none	_	_	_	_	_	_
184-2	BOI068	184	184	2	[che	che	_	_	_	_	_	linguistic	_	none	_	_	_	_	_	0-3(52)
184-3	BOI068	184	184	3	avev]a	aveva	_	_	_	_	_	linguistic	_	none	_	End=508.086	_	_	_	0-4(52)
185-0	BOR019	185	185	0	[mh]	mh	_	_	_	_	_	linguistic	_	none	_	Begin=507.572|End=507.881	_	_	_	0-2(52)
186-0	BOI068	186	186	0	e:h	eh	_	_	_	_	_	linguistic	_	none	_	Begin=508.408	0x1	_	_	_
186-1	BOI068	186	186	1	locali	locali	_	_	_	_	_	linguistic	_	none	_	_	_	_	_	_
186-2	BOI068	186	186	2	o	o	_	_	_	_	_	linguistic	_	none	_	_	_	_	_	_
186-3	BOI068	186	186	3	il	il	_	_	_	_	_	linguistic	_	none	_	_	_	_	_	_
186-4	BOI068	186	186	4	bowling	bowling	_	_	_	_	_	linguistic	_	none	_	_	_	_	_	_
186-5	BOI068	186	186	5	eh	eh	_	_	_	_	_	linguistic	_	none	_	_	_	_	_	_
186-6	BOI068	186	186	6	questi	questi	_	_	_	_	_	linguistic	_	none	_	_	_	_	_	_
186-7	BOI068	186	186	7	posti	posti	_	_	_	_	_	linguistic	_	none	_	_	_	_	_	_
186-8	BOI068	186	186	8	qui	qui	_	_	_	_	_	linguistic	_	none	_	_	_	_	_	_
186-9	BOI068	186	186	9	quindi	quindi	_	_	_	_	_	linguistic	_	none	_	_	_	_	_	_
186-10	BOI068	186	186	10	diciamo:	diciamo	_	_	_	_	_	linguistic	_	none	_	_	6x1	_	_	_
186-11	BOI068	186	186	11	ci	ci	_	_	_	_	_	linguistic	_	none	_	_	_	_	_	_
186-12	BOI068	186	186	12	muovevamo	muovevamo	_	_	_	_	_	linguistic	_	none	_	_	_	_	_	_
186-13	BOI068	186	186	13	anche:	anche	_	_	_	_	_	linguistic	_	none	_	End=513.9	4x1	_	_	_
187-0	BOR019	187	187	0	[ho	ho	_	_	_	_	_	linguistic	_	none	_	Begin=516.022	_	_	_	0-2(53)
187-1	BOR019	187	187	1	capito]	capito	_	_	_	_	_	linguistic	_	none	_	End=516.578	_	_	_	0-6(53)
188-0	BOI068	188	188	0	[in	in	_	_	_	_	_	linguistic	_	none	_	Begin=516.034	_	_	_	0-2(53)
188-1	BOI068	188	188	1	questo]:	questo	_	_	_	_	_	linguistic	_	none	_	End=516.851	5x1	_	_	0-6(53)
189-0	BOI068	189	189	0	questo	questo	_	_	_	_	_	linguistic	_	none	_	Begin=517.294	_	_	_	_
189-1	BOI068	189	189	1	modo.	modo	_	_	_	_	_	linguistic	_	none	Intonation=Falling	End=517.914	_	_	_	_
190-0	BOR019	190	190	0	va	va	_	_	_	_	_	linguistic	_	none	_	Begin=518.669	_	_	_	_
190-1	BOR019	190	190	1	bene	bene	_	_	_	_	_	linguistic	_	none	_	_	_	_	_	_
190-2	BOR019	190	190	2	e:	e	_	_	_	_	_	linguistic	_	none	_	_	0x1	_	_	_
190-3	BOR019	190	190	3	tu	tu	_	_	_	_	_	linguistic	_	none	_	_	_	_	_	_
190-4	BOR019	190	190	4	hai	hai	_	_	_	_	_	linguistic	_	none	_	_	_	_	_	_
190-5	BOR019	190	190	5	fatto	fatto	_	_	_	_	_	linguistic	_	none	_	_	_	_	_	_
190-6	BOR019	190	190	6	un	un	_	_	_	_	_	linguistic	_	none	_	_	_	_	_	_
190-7	BOR019	190	190	7	turistico:,	turistico	_	_	_	_	_	linguistic	_	none	Intonation=WeaklyRising	End=521.419	8x1	_	_	_
191-0	BOR019	191	191	0	quindi	quindi	_	_	_	_	_	linguistic	_	none	_	Begin=521.894	_	_	_	_
191-1	BOR019	191	191	1	conosci	conosci	_	_	_	_	_	linguistic	_	none	_	_	_	_	_	_
191-2	BOR019	191	191	2	le	le	_	_	_	_	_	linguistic	_	none	_	_	_	_	_	_
191-3	BOR019	191	191	3	lingue	lingue	_	_	_	_	_	linguistic	_	none	_	End=523.006	_	_	_	_
192-0	BOI068	192	192	0	sì	sì	_	_	_	_	_	linguistic	_	none	_	Begin=523.207|End=523.538	_	_	_	_
193-0	BOR019	193	193	0	che	che	_	_	_	_	_	linguistic	_	none	_	Begin=523.914	_	_	_	_
193-1	BOR019	193	193	1	lingue:	lingue	_	_	_	_	_	linguistic	_	none	_	_	5x1	_	_	_
193-2	BOR019	193	193	2	parli	parli	_	_	_	_	_	linguistic	_	none	_	End=524.976	_	_	_	_
194-0	BOI068	194	194	0	allora	allora	_	_	_	_	_	linguistic	_	none	_	Begin=525.232|End=525.763	_	_	_	_
195-0	BOI068	195	195	0	inglese,	inglese	_	_	_	_	_	linguistic	_	none	Intonation=WeaklyRising	Begin=525.888|End=526.726	_	_	_	_
196-0	BOR019	196	196	0	okay	okay	_	_	_	_	_	linguistic	_	none	_	Begin=526.826|End=527.257	_	_	_	_
197-0	BOI068	197	197	0	tedes:co	tedesco	_	_	_	_	_	linguistic	_	none	_	Begin=527.288	4x1	_	_	_
197-1	BOI068	197	197	1	diciamo	diciamo	_	_	_	_	_	linguistic	_	none	PauseAfter=Yes	_	_	_	_	_
197-2	BOI068	197	197	2	{P}	{P}	_	_	_	_	_	shortpause	_	none	_	_	_	_	_	_
197-3	BOI068	197	197	3	io	io	_	_	_	_	_	linguistic	_	none	_	_	_	_	_	_
197-4	BOI068	197	197	4	il	il	_	_	_	_	_	linguistic	_	none	_	_	_	_	_	_
197-5	BOI068	197	197	5	tedesco	tedesco	_	_	_	_	_	linguistic	_	none	_	_	_	_	_	_
197-6	BOI068	197	197	6	l'	l'	_	_	_	_	_	linguistic	_	none	SpaceAfter=No	_	_	_	_	_
197-7	BOI068	197	197	7	ho	ho	_	_	_	_	_	linguistic	_	none	_	_	_	_	_	_
197-8	BOI068	197	197	8	studiato	studiato	_	_	_	_	_	linguistic	_	none	_	_	_	_	_	_
197-9	BOI068	197	197	9	anche	anche	_	_	_	_	_	linguistic	_	none	_	_	_	_	_	_
197-10	BOI068	197	197	10	alle	alle	_	_	_	_	_	linguistic	_	none	_	_	_	_	_	_
197-11	BOI068	197	197	11	medie	medie	_	_	_	_	_	linguistic	_	none	_	_	_	_	_	_
197-12	BOI068	197	197	12	però:	però	_	_	_	_	_	linguistic	_	none	_	End=531.907	3x1	_	_	_
198-0	BOI068	198	198	0	e:h	eh	_	_	_	_	_	linguistic	_	none	_	Begin=532.288|End=532.913	0x1	_	_	_
199-0	BOI068	199	199	0	ho	ho	_	_	_	_	_	linguistic	_	none	_	Begin=533.019	_	_	_	_
199-1	BOI068	199	199	1	una	una	_	_	_	_	_	linguistic	_	none	_	_	_	_	_	_
199-2	BOI068	199	199	2	conoscenza	conoscenza	_	_	_	_	_	linguistic	_	none	_	End=534.344	_	_	_	_
200-0	BOI068	200	200	0	piuttosto	piuttosto	_	_	_	_	_	linguistic	_	none	PauseAfter=Yes	Begin=534.876	_	_	_	_
200-1	BOI068	200	200	1	{P}	{P}	_	_	_	_	_	shortpause	_	none	_	_	_	_	_	_
200-2	BOI068	200	200	2	più	più	_	_	_	_	_	linguistic	_	none	_	_	_	_	_	_
200-3	BOI068	200	200	3	<elementare>	elementare	_	_	_	_	_	linguistic	_	none	_	_	_	Slow=0-10(0)	_	_
200-4	BOI068	200	200	4	che:	che	_	_	_	_	_	linguistic	_	none	_	_	2x1	_	_	_
200-5	BOI068	200	200	5	diciamo:	diciamo	_	_	_	_	_	linguistic	_	none	_	_	6x1	_	_	_
200-6	BOI068	200	200	6	elevata	elevata	_	_	_	_	_	linguistic	_	none	_	_	_	_	_	_
200-7	BOI068	200	200	7	perché	perché	_	_	_	_	_	linguistic	_	none	_	_	_	_	_	_
200-8	BOI068	200	200	8	purtoppo	purtoppo	_	_	_	_	_	linguistic	_	none	_	_	_	_	_	_
200-9	BOI068	200	200	9	io	io	_	_	_	_	_	linguistic	_	none	_	_	_	_	_	_
200-10	BOI068	200	200	10	ho	ho	_	_	_	_	_	linguistic	_	none	_	_	_	_	_	_
200-11	BOI068	200	200	11	cambiato	cambiato	_	_	_	_	_	linguistic	_	none	_	_	_	_	_	_
200-12	BOI068	200	200	12	prof:	prof	_	_	_	_	_	linguistic	_	none	_	_	3x1	_	_	_
200-13	BOI068	200	200	13	mh	mh	_	_	_	_	_	linguistic	_	none	_	End=541.563	_	_	_	_
201-0	BOI068	201	201	0	alle	alle	_	_	_	_	_	linguistic	_	none	_	Begin=541.969	_	_	_	_
201-1	BOI068	201	201	1	superiori	superiori	_	_	_	_	_	linguistic	_	none	_	_	_	_	_	_
201-2	BOI068	201	201	2	tipo	tipo	_	_	_	_	_	linguistic	_	none	_	_	_	_	_	_
201-3	BOI068	201	201	3	tre	tre	_	_	_	_	_	linguistic	_	none	_	_	_	_	_	_
201-4	BOI068	201	201	4	volte	volte	_	_	_	_	_	linguistic	_	none	_	End=543.663	_	_	_	_
202-0	BOI068	202	202	0	e	e	_	_	_	_	_	linguistic	_	none	_	Begin=543.988	_	_	_	_
202-1	BOI068	202	202	1	quindi:	quindi	_	_	_	_	_	linguistic	_	none	_	_	5x1	_	_	_
202-2	BOI068	202	202	2	ho	ho	_	_	_	_	_	linguistic	_	none	_	_	_	_	_	_
202-3	BOI068	202	202	3	cambiato	cambiato	_	_	_	_	_	linguistic	_	none	_	_	_	_	_	_
202-4	BOI068	202	202	4	metodo	metodo	_	_	_	_	_	linguistic	_	none	_	_	_	_	_	_
202-5	BOI068	202	202	5	di	di	_	_	_	_	_	linguistic	_	none	_	_	_	_	_	_
202-6	BOI068	202	202	6	insegnamento	insegnamento	_	_	_	_	_	linguistic	_	none	_	_	_	_	_	_
202-7	BOI068	202	202	7	e	e	_	_	_	_	_	linguistic	_	none	_	_	_	_	_	_
202-8	BOI068	202	202	8	avevo:	avevo	_	_	_	_	_	linguistic	_	none	_	_	4x1	_	_	_
202-9	BOI068	202	202	9	ad	ad	_	_	_	_	_	linguistic	_	none	_	_	_	_	_	_
202-10	BOI068	202	202	10	esempio	esempio	_	_	_	_	_	linguistic	_	none	_	_	_	_	_	_
202-11	BOI068	202	202	11	alle	alle	_	_	_	_	_	linguistic	_	none	_	_	_	_	_	_
202-12	BOI068	202	202	12	medie	medie	_	_	_	_	_	linguistic	_	none	_	_	_	_	_	_
202-13	BOI068	202	202	13	ho	ho	_	_	_	_	_	linguistic	_	none	_	_	_	_	_	_
202-14	BOI068	202	202	14	avuto	avuto	_	_	_	_	_	linguistic	_	none	PauseAfter=Yes	_	_	_	_	_
202-15	BOI068	202	202	15	{P}	{P}	_	_	_	_	_	shortpause	_	none	_	_	_	_	_	_
202-16	BOI068	202	202	16	un	un	_	_	_	_	_	linguistic	_	none	_	_	_	_	_	_
202-17	BOI068	202	202	17	madrelingua	madrelingua	_	_	_	_	_	linguistic	_	none	_	_	_	_	_	_
202-18	BOI068	202	202	18	che	che	_	_	_	_	_	linguistic	_	none	_	_	_	_	_	_
202-19	BOI068	202	202	19	era	era	_	_	_	_	_	linguistic	_	none	_	_	_	_	_	_
202-20	BOI068	202	202	20	<brav[issimo]>	bravissimo	_	_	_	_	_	linguistic	_	none	_	End=550.332	_	Slow=0-10(0)	_	4-10(54)
203-0	BOR019	203	203	0	[a::]h	ah	_	_	_	_	_	linguistic	_	none	_	Begin=549.751|End=550.513	0x2	_	_	0-1(54)
204-0	BOI068	204	204	0	e:	e	_	_	_	_	_	linguistic	_	none	_	Begin=550.951	0x1	_	_	_
204-1	BOI068	204	204	1	ci	ci	_	_	_	_	_	linguistic	_	none	_	_	_	_	_	_
204-2	BOI068	204	204	2	faceva	faceva	_	_	_	_	_	linguistic	_	none	_	_	_	_	_	_
204-3	BOI068	204	204	3	x	x	_	_	_	_	_	unknown	_	none	Syllables=1	_	_	_	_	_
204-4	BOI068	204	204	4	fare	fare	_	_	_	_	_	linguistic	_	none	_	_	_	_	_	_
204-5	BOI068	204	204	5	tanto	tanto	_	_	_	_	_	linguistic	_	none	_	_	_	_	_	_
204-6	BOI068	204	204	6	dialogo	dialogo	_	_	_	_	_	linguistic	_	none	_	End=553.313	_	_	_	_
205-0	BOR019	205	205	0	mh	mh	_	_	_	_	_	linguistic	_	none	_	Begin=553.313|End=553.694	_	_	_	_
206-0	BOI068	206	206	0	<mentre>	mentre	_	_	_	_	_	linguistic	_	none	_	Begin=553.694	_	Slow=0-6(0)	_	_
206-1	BOI068	206	206	1	alle	alle	_	_	_	_	_	linguistic	_	none	_	_	_	_	_	_
206-2	BOI068	206	206	2	superiori	superiori	_	_	_	_	_	linguistic	_	none	_	_	_	_	_	_
206-3	BOI068	206	206	3	ho	ho	_	_	_	_	_	linguistic	_	none	_	_	_	_	_	_
206-4	BOI068	206	206	4	avuto	avuto	_	_	_	_	_	linguistic	_	none	_	End=555.667	_	_	_	_
207-0	BOI068	207	207	0	i	i	_	_	_	_	_	linguistic	_	none	_	Begin=555.706	_	_	_	_
207-1	BOI068	207	207	1	primi	primi	_	_	_	_	_	linguistic	_	none	_	_	_	_	_	_
207-2	BOI068	207	207	2	due	due	_	_	_	_	_	linguistic	_	none	_	_	_	_	_	_
207-3	BOI068	207	207	3	anni,	anni	_	_	_	_	_	linguistic	_	none	Intonation=WeaklyRising	End=556.75	_	_	_	_
208-0	BOI068	208	208	0	una	una	_	_	_	_	_	linguistic	_	none	_	Begin=556.812	_	_	_	_
208-1	BOI068	208	208	1	prof	prof	_	_	_	_	_	linguistic	_	none	_	_	_	_	_	_
208-2	BOI068	208	208	2	che	che	_	_	_	_	_	linguistic	_	none	_	_	_	_	_	_
208-3	BOI068	208	208	3	era	era	_	_	_	_	_	linguistic	_	none	_	End=558.062	_	_	_	_
209-0	BOI068	209	209	0	veramente	veramente	_	_	_	_	_	linguistic	_	none	_	Begin=558.223	_	_	_	_
209-1	BOI068	209	209	1	<rigida>	rigida	_	_	_	_	_	linguistic	_	none	_	End=559.805	_	Slow=0-6(0)	_	_
210-0	BOI068	210	210	0	però	però	_	_	_	_	_	linguistic	_	none	_	Begin=560.167	_	_	_	_
210-1	BOI068	210	210	1	bravissima	bravissima	_	_	_	_	_	linguistic	_	none	_	_	_	_	_	_
210-2	BOI068	210	210	2	una	una	_	_	_	_	_	linguistic	_	none	_	_	_	_	_	_
210-3	BOI068	210	210	3	signora	signora	_	_	_	_	_	linguistic	_	none	_	_	_	_	_	_
210-4	BOI068	210	210	4	comunque:	comunque	_	_	_	_	_	linguistic	_	none	_	_	7x1	_	_	_
210-5	BOI068	210	210	5	già	già	_	_	_	_	_	linguistic	_	none	_	_	_	_	_	_
210-6	BOI068	210	210	6	di	di	_	_	_	_	_	linguistic	_	none	_	_	_	_	_	_
210-7	BOI068	210	210	7	una	una	_	_	_	_	_	linguistic	_	none	_	_	_	_	_	_
210-8	BOI068	210	210	8	certa	certa	_	_	_	_	_	linguistic	_	none	_	_	_	_	_	_
210-9	BOI068	210	210	9	età	età	_	_	_	_	_	linguistic	_	none	_	End=563.495	_	_	_	_
211-0	BOI068	211	211	0	ma	ma	_	_	_	_	_	linguistic	_	none	_	Begin=563.878	_	_	_	_
211-1	BOI068	211	211	1	veramente:	veramente	_	_	_	_	_	linguistic	_	none	_	_	8x1	_	_	_
211-2	BOI068	211	211	2	brava	brava	_	_	_	_	_	linguistic	_	none	_	_	_	_	_	_
211-3	BOI068	211	211	3	come:	come	_	_	_	_	_	linguistic	_	none	_	_	3x1	_	_	_
211-4	BOI068	211	211	4	>come	come	_	_	_	_	_	linguistic	_	none	_	_	_	Fast=0-4(0)	_	_
211-5	BOI068	211	211	5	spiegava<	spiegava	_	_	_	_	_	linguistic	_	none	_	_	_	Fast=0-8(0)	_	_
211-6	BOI068	211	211	6	(s~)	s~	_	_	_	_	_	linguistic	_	none	Interrupted=Yes	_	_	_	0-2(0)	_
211-7	BOI068	211	211	7	cioè	cioè	_	_	_	_	_	linguistic	_	none	_	_	_	_	_	_
211-8	BOI068	211	211	8	si	si	_	_	_	_	_	linguistic	_	none	_	_	_	_	_	_
211-9	BOI068	211	211	9	vedeva	vedeva	_	_	_	_	_	linguistic	_	none	_	_	_	_	_	_
211-10	BOI068	211	211	10	che	che	_	_	_	_	_	linguistic	_	none	_	_	_	_	_	_
211-11	BOI068	211	211	11	c'	c'	_	_	_	_	_	linguistic	_	none	SpaceAfter=No	_	_	_	_	_
211-12	BOI068	211	211	12	aveva	aveva	_	_	_	_	_	linguistic	_	none	_	_	_	_	_	_
211-13	BOI068	211	211	13	la	la	_	_	_	_	_	linguistic	_	none	_	_	_	_	_	_
211-14	BOI068	211	211	14	passione	passione	_	_	_	_	_	linguistic	_	none	_	End=568.432	_	_	_	_
212-0	BOI068	212	212	0	e::h	eh	_	_	_	_	_	linguistic	_	none	_	Begin=569.039|End=569.667	0x2	_	_	_
213-0	BOI068	213	213	0	il	il	_	_	_	_	_	linguistic	_	none	_	Begin=570.095	_	_	_	_
213-1	BOI068	213	213	1	terzo	terzo	_	_	_	_	_	linguistic	_	none	_	_	_	_	_	_
213-2	BOI068	213	213	2	anno,	anno	_	_	_	_	_	linguistic	_	none	Intonation=WeaklyRising	_	_	_	_	_
213-3	BOI068	213	213	3	ho	ho	_	_	_	_	_	linguistic	_	none	_	_	_	_	_	_
213-4	BOI068	213	213	4	avuto	avuto	_	_	_	_	_	linguistic	_	none	_	_	_	_	_	_
213-5	BOI068	213	213	5	un	un	_	_	_	_	_	linguistic	_	none	_	_	_	_	_	_
213-6	BOI068	213	213	6	prof	prof	_	_	_	_	_	linguistic	_	none	_	_	_	_	_	_
213-7	BOI068	213	213	7	che:	che	_	_	_	_	_	linguistic	_	none	_	_	2x1	_	_	_
213-8	BOI068	213	213	8	metteva	metteva	_	_	_	_	_	linguistic	_	none	_	_	_	_	_	_
213-9	BOI068	213	213	9	cioè	cioè	_	_	_	_	_	linguistic	_	none	_	_	_	_	_	_
213-10	BOI068	213	213	10	metteva	metteva	_	_	_	_	_	linguistic	_	none	_	_	_	_	_	_
213-11	BOI068	213	213	11	otto	otto	_	_	_	_	_	linguistic	_	none	_	End=574.795	_	_	_	_
214-0	BOI068	214	214	0	a	a	_	_	_	_	_	linguistic	_	none	_	Begin=575.001	_	_	_	_
214-1	BOI068	214	214	1	caso	caso	_	_	_	_	_	linguistic	_	none	_	End=575.673	_	_	_	_
215-0	BOR019	215	215	0	°mh°	mh	_	_	_	_	_	linguistic	_	none	Volume=low	Begin=575.95|End=576.189	_	_	_	_
216-0	BOI068	216	216	0	e	e	_	_	_	_	_	linguistic	_	none	_	Begin=576.201	_	_	_	_
216-1	BOI068	216	216	1	quindi	quindi	_	_	_	_	_	linguistic	_	none	_	_	_	_	_	_
216-2	BOI068	216	216	2	secondo	secondo	_	_	_	_	_	linguistic	_	none	_	_	_	_	_	_
216-3	BOI068	216	216	3	me	me	_	_	_	_	_	linguistic	_	none	_	_	_	_	_	_
216-4	BOI068	216	216	4	era	era	_	_	_	_	_	linguistic	_	none	_	_	_	_	_	_
216-5	BOI068	216	216	5	m:~	m~	_	_	_	_	_	linguistic	_	none	Interrupted=Yes	_	0x1	_	_	_
216-6	BOI068	216	216	6	molto	molto	_	_	_	_	_	linguistic	_	none	_	_	_	_	_	_
216-7	BOI068	216	216	7	giovane	giovane	_	_	_	_	_	linguistic	_	none	_	_	_	_	_	_
216-8	BOI068	216	216	8	era	era	_	_	_	_	_	linguistic	_	none	_	_	_	_	_	_
216-9	BOI068	216	216	9	tipo	tipo	_	_	_	_	_	linguistic	_	none	_	_	_	_	_	_
216-10	BOI068	216	216	10	mi	mi	_	_	_	_	_	linguistic	_	none	_	_	_	_	_	_
216-11	BOI068	216	216	11	sa	sa	_	_	_	_	_	linguistic	_	none	_	_	_	_	_	_
216-12	BOI068	216	216	12	il	il	_	_	_	_	_	linguistic	_	none	_	_	_	_	_	_
216-13	BOI068	216	216	13	suo	suo	_	_	_	_	_	linguistic	_	none	_	_	_	_	_	_
216-14	BOI068	216	216	14	primo	primo	_	_	_	_	_	linguistic	_	none	_	_	_	_	_	_
216-15	BOI068	216	216	15	anno:	anno	_	_	_	_	_	linguistic	_	none	_	_	3x1	_	_	_
216-16	BOI068	216	216	16	[come	come	_	_	_	_	_	linguistic	_	none	_	_	_	_	_	0-4(55)
216-17	BOI068	216	216	17	prof	prof	_	_	_	_	_	linguistic	_	none	_	_	_	_	_	0-4(55)
216-18	BOI068	216	216	18	di]	di	_	_	_	_	_	linguistic	_	none	_	_	_	_	_	0-2(55)
216-19	BOI068	216	216	19	ruolo	ruolo	_	_	_	_	_	linguistic	_	none	_	_	_	_	_	_
216-20	BOI068	216	216	20	qu[indi]	quindi	_	_	_	_	_	linguistic	_	none	_	End=581.976	_	_	_	2-6(56)
217-0	BOR019	217	217	0	[mhmh]	mhmh	_	_	_	_	_	linguistic	_	none	_	Begin=580.162|End=580.834	_	_	_	0-4(55)
218-0	BOR019	218	218	0	[mh]	mh	_	_	_	_	_	linguistic	_	none	_	Begin=581.495|End=581.751	_	_	_	0-2(56)
219-0	BOI068	219	219	0	e:h	eh	_	_	_	_	_	linguistic	_	none	_	Begin=582.762	0x1	_	_	_
219-1	BOI068	219	219	1	mh	mh	_	_	_	_	_	linguistic	_	none	_	End=583.751	_	_	_	_
220-0	BOI068	220	220	0	>cioè<	cioè	_	_	_	_	_	linguistic	_	none	_	Begin=584.001|End=584.389	_	Fast=0-4(0)	_	_
221-0	BOI068	221	221	0	mi	mi	_	_	_	_	_	linguistic	_	none	_	Begin=584.484	_	_	_	_
221-1	BOI068	221	221	1	piaceva,	piaceva	_	_	_	_	_	linguistic	_	none	Intonation=WeaklyRising	End=585.434	_	_	_	_
222-0	BOI068	222	222	0	#perché	#perché	_	_	_	_	_	error	_	none	_	Begin=585.562	_	_	_	_
222-1	BOI068	222	222	1	comunque:	comunque	_	_	_	_	_	linguistic	_	none	_	_	7x1	_	_	_
222-2	BOI068	222	222	2	era	era	_	_	_	_	_	linguistic	_	none	_	_	_	_	_	_
222-3	BOI068	222	222	3	un	un	_	_	_	_	_	linguistic	_	none	_	_	_	_	_	_
222-4	BOI068	222	222	4	prof	prof	_	_	_	_	_	linguistic	_	none	_	_	_	_	_	_
222-5	BOI068	222	222	5	molto	molto	_	_	_	_	_	linguistic	_	none	_	_	_	_	_	_
222-6	BOI068	222	222	6	<scialla>	scialla	_	_	_	_	_	linguistic	_	none	_	_	_	Slow=0-7(0)	_	_
222-7	BOI068	222	222	7	nel	nel	_	_	_	_	_	linguistic	_	none	_	_	_	_	_	_
222-8	BOI068	222	222	8	senso	senso	_	_	_	_	_	linguistic	_	none	_	_	_	_	_	_
222-9	BOI068	222	222	9	molto	molto	_	_	_	_	_	linguistic	_	none	_	_	_	_	_	_
222-10	BOI068	222	222	10	polleg	polleg	_	_	_	_	_	linguistic	_	none	_	_	_	_	_	_
222-11	BOI068	222	222	11	ecco	ecco	_	_	_	_	_	linguistic	_	none	_	End=589.989	_	_	_	_
223-0	BOI068	223	223	0	però:,	però	_	_	_	_	_	linguistic	_	none	Intonation=WeaklyRising	Begin=590.634|End=591.527	3x1	_	_	_
224-0	BOI068	224	224	0	comunque	comunque	_	_	_	_	_	linguistic	_	none	_	Begin=591.701|End=592.645	_	_	_	_
225-0	BOI068	225	225	0	non	non	_	_	_	_	_	linguistic	_	none	_	Begin=592.806	_	_	_	_
225-1	BOI068	225	225	1	era	era	_	_	_	_	_	linguistic	_	none	_	_	_	_	_	_
225-2	BOI068	225	225	2	<serio>	serio	_	_	_	_	_	linguistic	_	none	_	_	_	Slow=0-5(0)	_	_
225-3	BOI068	225	225	3	quanto	quanto	_	_	_	_	_	linguistic	_	none	_	_	_	_	_	_
225-4	BOI068	225	225	4	la	la	_	_	_	_	_	linguistic	_	none	_	_	_	_	_	_
225-5	BOI068	225	225	5	prof	prof	_	_	_	_	_	linguistic	_	none	_	_	_	_	_	_
225-6	BOI068	225	225	6	che	che	_	_	_	_	_	linguistic	_	none	_	_	_	_	_	_
225-7	BOI068	225	225	7	>avevo	avevo	_	_	_	_	_	linguistic	_	none	_	_	_	Fast=0-5(0)	_	_
225-8	BOI068	225	225	8	avuto<	avuto	_	_	_	_	_	linguistic	_	none	_	_	_	Fast=0-5(0)	_	_
225-9	BOI068	225	225	9	i	i	_	_	_	_	_	linguistic	_	none	_	_	_	_	_	_
225-10	BOI068	225	225	10	primi	primi	_	_	_	_	_	linguistic	_	none	_	_	_	_	_	_
225-11	BOI068	225	225	11	due	due	_	_	_	_	_	linguistic	_	none	_	_	_	_	_	_
225-12	BOI068	225	225	12	anni	anni	_	_	_	_	_	linguistic	_	none	_	_	_	_	_	_
225-13	BOI068	225	225	13	infatti	infatti	_	_	_	_	_	linguistic	_	none	PauseAfter=Yes	_	_	_	_	_
225-14	BOI068	225	225	14	{P}	{P}	_	_	_	_	_	shortpause	_	none	_	_	_	_	_	_
225-15	BOI068	225	225	15	(ci	ci	_	_	_	_	_	linguistic	_	none	_	_	_	_	0-2(0)	_
225-16	BOI068	225	225	16	s~)	s~	_	_	_	_	_	linguistic	_	none	Interrupted=Yes	_	_	_	0-2(0)	_
225-17	BOI068	225	225	17	cioè	cioè	_	_	_	_	_	linguistic	_	none	_	_	_	_	_	_
225-18	BOI068	225	225	18	siamo	siamo	_	_	_	_	_	linguistic	_	none	_	_	_	_	_	_
225-19	BOI068	225	225	19	arrivati	arrivati	_	_	_	_	_	linguistic	_	none	_	_	_	_	_	_
225-20	BOI068	225	225	20	al	al	_	_	_	_	_	linguistic	_	none	_	_	_	_	_	_
225-21	BOI068	225	225	21	quarto	quarto	_	_	_	_	_	linguistic	_	none	_	_	_	_	_	_
225-22	BOI068	225	225	22	che	che	_	_	_	_	_	linguistic	_	none	_	_	_	_	_	_
225-23	BOI068	225	225	23	con	con	_	_	_	_	_	linguistic	_	none	_	_	_	_	_	_
225-24	BOI068	225	225	24	un	un	_	_	_	_	_	linguistic	_	none	_	_	_	_	_	_
225-25	BOI068	225	225	25	<prof>	prof	_	_	_	_	_	linguistic	_	none	_	End=600.078	_	Slow=0-4(1)	_	_
226-0	BOI068	226	226	0	e:h	eh	_	_	_	_	_	linguistic	_	none	_	Begin=600.673|End=601.151	0x1	_	_	_
227-0	BOI068	227	227	0	anche	anche	_	_	_	_	_	linguistic	_	none	_	Begin=601.306	_	_	_	_
227-1	BOI068	227	227	1	lui	lui	_	_	_	_	_	linguistic	_	none	_	_	_	_	_	_
227-2	BOI068	227	227	2	giovanissimo	giovanissimo	_	_	_	_	_	linguistic	_	none	_	End=602.634	_	_	_	_
228-0	BOI068	228	228	0	però	però	_	_	_	_	_	linguistic	_	none	PauseAfter=Yes	Begin=602.812	_	_	_	_
228-1	BOI068	228	228	1	{P}	{P}	_	_	_	_	_	shortpause	_	none	_	_	_	_	_	_
228-2	BOI068	228	228	2	era	era	_	_	_	_	_	linguistic	_	none	_	End=603.556	_	_	_	_
229-0	BOI068	229	229	0	c(io)è	cioè	_	_	_	_	_	linguistic	_	none	_	Begin=603.934	_	_	1-3(0)	_
229-1	BOI068	229	229	1	eh	eh	_	_	_	_	_	linguistic	_	none	_	End=604.521	_	_	_	_
230-0	BOI068	230	230	0	rigido	rigido	_	_	_	_	_	linguistic	_	none	_	Begin=604.756	_	_	_	_
230-1	BOI068	230	230	1	rigido	rigido	_	_	_	_	_	linguistic	_	none	_	_	_	_	_	_
230-2	BOI068	230	230	2	poi	poi	_	_	_	_	_	linguistic	_	none	_	_	_	_	_	_
230-3	BOI068	230	230	3	purtroppo	purtroppo	_	_	_	_	_	linguistic	_	none	_	_	_	_	_	_
230-4	BOI068	230	230	4	con	con	_	_	_	_	_	linguistic	_	none	_	_	_	_	_	_
230-5	BOI068	230	230	5	la	la	_	_	_	_	_	linguistic	_	none	_	_	_	_	_	_
230-6	BOI068	230	230	6	pandemia	pandemia	_	_	_	_	_	linguistic	_	none	_	End=608.039	_	_	_	_
231-0	BOI068	231	231	0	è	è	_	_	_	_	_	linguistic	_	none	_	Begin=608.484	_	_	_	_
231-1	BOI068	231	231	1	s~	s~	_	_	_	_	_	linguistic	_	none	Interrupted=Yes	_	_	_	_	_
231-2	BOI068	231	231	2	m::h	mh	_	_	_	_	_	linguistic	_	none	_	End=609.523	0x2	_	_	_
232-0	BOI068	232	232	0	c(io)è	cioè	_	_	_	_	_	linguistic	_	none	_	Begin=609.934	_	_	1-3(0)	_
232-1	BOI068	232	232	1	lui:	lui	_	_	_	_	_	linguistic	_	none	_	_	2x1	_	_	_
232-2	BOI068	232	232	2	facevamo	facevamo	_	_	_	_	_	linguistic	_	none	_	_	_	_	_	_
232-3	BOI068	232	232	3	videolezioni:	videolezioni	_	_	_	_	_	linguistic	_	none	_	End=612.734	11x1	_	_	_
233-0	BOI068	233	233	0	ehm:	ehm	_	_	_	_	_	linguistic	_	none	_	Begin=613.162|End=614.017	2x1	_	_	_
234-0	BOI068	234	234	0	ad	ad	_	_	_	_	_	linguistic	_	none	_	Begin=614.651	_	_	_	_
234-1	BOI068	234	234	1	esempio	esempio	_	_	_	_	_	linguistic	_	none	_	_	_	_	_	_
234-2	BOI068	234	234	2	le	le	_	_	_	_	_	linguistic	_	none	_	_	_	_	_	_
234-3	BOI068	234	234	3	interrogazioni,	interrogazioni	_	_	_	_	_	linguistic	_	none	Intonation=WeaklyRising	_	_	_	_	_
234-4	BOI068	234	234	4	le	le	_	_	_	_	_	linguistic	_	none	_	_	_	_	_	_
234-5	BOI068	234	234	5	facevamo,	facevamo	_	_	_	_	_	linguistic	_	none	Intonation=WeaklyRising	End=617.595	_	_	_	_
235-0	BOI068	235	235	0	ma:	ma	_	_	_	_	_	linguistic	_	none	_	Begin=617.706	1x1	_	_	_
235-1	BOI068	235	235	1	comunque	comunque	_	_	_	_	_	linguistic	_	none	_	End=619.096	_	_	_	_
236-0	BOI068	236	236	0	e:h	eh	_	_	_	_	_	linguistic	_	none	_	Begin=619.451	0x1	_	_	_
236-1	BOI068	236	236	1	lui	lui	_	_	_	_	_	linguistic	_	none	_	_	_	_	_	_
236-2	BOI068	236	236	2	voleva	voleva	_	_	_	_	_	linguistic	_	none	_	_	_	_	_	_
236-3	BOI068	236	236	3	che	che	_	_	_	_	_	linguistic	_	none	_	_	_	_	_	_
236-4	BOI068	236	236	4	inquadrassimo	inquadrassimo	_	_	_	_	_	linguistic	_	none	_	_	_	_	_	_
236-5	BOI068	236	236	5	bene	bene	_	_	_	_	_	linguistic	_	none	_	_	_	_	_	_
236-6	BOI068	236	236	6	il	il	_	_	_	_	_	linguistic	_	none	_	_	_	_	_	_
236-7	BOI068	236	236	7	nostro	nostro	_	_	_	_	_	linguistic	_	none	_	_	_	_	_	_
236-8	BOI068	236	236	8	viso	viso	_	_	_	_	_	linguistic	_	none	_	_	_	_	_	_
236-9	BOI068	236	236	9	davanti	davanti	_	_	_	_	_	linguistic	_	none	_	_	_	_	_	_
236-10	BOI068	236	236	10	alla	alla	_	_	_	_	_	linguistic	_	none	_	_	_	_	_	_
236-11	BOI068	236	236	11	fotocamera	fotocamera	_	_	_	_	_	linguistic	_	none	_	End=624.101	_	_	_	_
237-0	BOI068	237	237	0	che	che	_	_	_	_	_	linguistic	_	none	PauseAfter=Yes	Begin=624.478	_	_	_	_
237-1	BOI068	237	237	1	{P}	{P}	_	_	_	_	_	shortpause	_	none	_	_	_	_	_	_
237-2	BOI068	237	237	2	non	non	_	_	_	_	_	linguistic	_	none	_	_	_	_	_	_
237-3	BOI068	237	237	3	guardassimo	guardassimo	_	_	_	_	_	linguistic	_	none	_	_	_	_	_	_
237-4	BOI068	237	237	4	da	da	_	_	_	_	_	linguistic	_	none	_	_	_	_	_	_
237-5	BOI068	237	237	5	{ride}	{ride}	_	_	_	_	_	nonverbalbehavior	_	none	_	_	_	_	_	_
237-6	BOI068	237	237	6	nessuna	nessuna	_	_	_	_	_	linguistic	_	none	_	_	_	_	_	_
237-7	BOI068	237	237	7	parte	parte	_	_	_	_	_	linguistic	_	none	_	_	_	_	_	_
237-8	BOI068	237	237	8	per	per	_	_	_	_	_	linguistic	_	none	_	End=627.239	_	_	_	_
238-0	BOI068	238	238	0	e	e	_	_	_	_	_	linguistic	_	none	_	Begin=627.645	_	_	_	_
238-1	BOI068	238	238	1	poi:	poi	_	_	_	_	_	linguistic	_	none	_	_	2x1	_	_	_
238-2	BOI068	238	238	2	ci	ci	_	_	_	_	_	linguistic	_	none	_	_	_	_	_	_
238-3	BOI068	238	238	3	faceva	faceva	_	_	_	_	_	linguistic	_	none	_	_	_	_	_	_
238-4	BOI068	238	238	4	un	un	_	_	_	_	_	linguistic	_	none	_	_	_	_	_	_
238-5	BOI068	238	238	5	casino	casino	_	_	_	_	_	linguistic	_	none	_	_	_	_	_	_
238-6	BOI068	238	238	6	di:	di	_	_	_	_	_	linguistic	_	none	_	End=629.584	1x1	_	_	_
239-0	BOI068	239	239	0	e:h	eh	_	_	_	_	_	linguistic	_	none	_	Begin=629.939	0x1	_	_	_
239-1	BOI068	239	239	1	di	di	_	_	_	_	_	linguistic	_	none	_	_	_	_	_	_
239-2	BOI068	239	239	2	controlli	controlli	_	_	_	_	_	linguistic	_	none	_	_	_	_	_	_
239-3	BOI068	239	239	3	tipo	tipo	_	_	_	_	_	linguistic	_	none	_	_	_	_	_	_
239-4	BOI068	239	239	4	>ci	ci	_	_	_	_	_	linguistic	_	none	_	_	_	Fast=0-2(0)	_	_
239-5	BOI068	239	239	5	faceva<	faceva	_	_	_	_	_	linguistic	_	none	_	_	_	Fast=0-6(0)	_	_
239-6	BOI068	239	239	6	condividere	condividere	_	_	_	_	_	linguistic	_	none	_	_	_	_	_	_
239-7	BOI068	239	239	7	lo	lo	_	_	_	_	_	linguistic	_	none	_	_	_	_	_	_
239-8	BOI068	239	239	8	schermo	schermo	_	_	_	_	_	linguistic	_	none	_	_	_	_	_	_
239-9	BOI068	239	239	9	del	del	_	_	_	_	_	linguistic	_	none	_	_	_	_	_	_
239-10	BOI068	239	239	10	<computer>	computer	_	_	_	_	_	linguistic	_	none	_	_	_	Slow=0-8(0)	_	_
239-11	BOI068	239	239	11	perché	perché	_	_	_	_	_	linguistic	_	none	_	_	_	_	_	_
239-12	BOI068	239	239	12	così	così	_	_	_	_	_	linguistic	_	none	_	End=635.101	_	_	_	_
240-0	BOI068	240	240	0	e:h	eh	_	_	_	_	_	linguistic	_	none	_	Begin=635.345	0x1	_	_	_
240-1	BOI068	240	240	1	non	non	_	_	_	_	_	linguistic	_	none	_	_	_	_	_	_
240-2	BOI068	240	240	2	potevamo	potevamo	_	_	_	_	_	linguistic	_	none	_	_	_	_	_	_
240-3	BOI068	240	240	3	avere	avere	_	_	_	_	_	linguistic	_	none	_	_	_	_	_	_
240-4	BOI068	240	240	4	degli	degli	_	_	_	_	_	linguistic	_	none	_	_	_	_	_	_
240-5	BOI068	240	240	5	<appunti>	appunti	_	_	_	_	_	linguistic	_	none	_	_	_	Slow=0-7(0)	_	_
240-6	BOI068	240	240	6	in	in	_	_	_	_	_	linguistic	_	none	_	_	_	Fast=0-2(0)	_	_
240-7	BOI068	240	240	7	schermate	schermate	_	_	_	_	_	linguistic	_	none	_	_	_	Fast=0-9(0)	_	_
240-8	BOI068	240	240	8	<diverse>	diverse	_	_	_	_	_	linguistic	_	none	_	_	_	Slow=0-7(1)	_	_
240-9	BOI068	240	240	9	sempre	sempre	_	_	_	_	_	linguistic	_	none	_	_	_	_	_	_
240-10	BOI068	240	240	10	queste	queste	_	_	_	_	_	linguistic	_	none	_	_	_	_	_	_
240-11	BOI068	240	240	11	cose	cose	_	_	_	_	_	linguistic	_	none	_	_	_	_	_	_
240-12	BOI068	240	240	12	qui	qui	_	_	_	_	_	linguistic	_	none	_	End=640.584	_	_	_	_
241-0	BOI068	241	241	0	e	e	_	_	_	_	_	linguistic	_	none	_	Begin=641.112	_	_	_	_
241-1	BOI068	241	241	1	>quindi	quindi	_	_	_	_	_	linguistic	_	none	_	_	_	Fast=0-6(0)	_	_
241-2	BOI068	241	241	2	diciamo	diciamo	_	_	_	_	_	linguistic	_	none	_	_	_	Fast=0-7(0)	_	_
241-3	BOI068	241	241	3	avevamo<	avevamo	_	_	_	_	_	linguistic	_	none	_	_	_	Fast=0-7(0)	_	_
241-4	BOI068	241	241	4	tutti	tutti	_	_	_	_	_	linguistic	_	none	_	_	_	_	_	_
241-5	BOI068	241	241	5	un	un	_	_	_	_	_	linguistic	_	none	_	_	_	_	_	_
241-6	BOI068	241	241	6	po'	po'	_	_	_	_	_	linguistic	_	none	_	_	_	_	_	_
241-7	BOI068	241	241	7	paura	paura	_	_	_	_	_	linguistic	_	none	_	_	_	_	_	_
241-8	BOI068	241	241	8	di	di	_	_	_	_	_	linguistic	_	none	_	_	_	_	_	_
241-9	BOI068	241	241	9	lui	lui	_	_	_	_	_	linguistic	_	none	_	End=643.326	_	_	_	_
242-0	BOR019	242	242	0	{ride}	{ride}	_	_	_	_	_	nonverbalbehavior	_	none	_	Begin=643.39|End=643.873	_	_	_	_
243-0	BOI068	243	243	0	però	però	_	_	_	_	_	linguistic	_	none	_	Begin=643.517|End=644.101	_	_	_	_
244-0	BOI068	244	244	0	però	però	_	_	_	_	_	linguistic	_	none	_	Begin=644.473	_	_	_	_
244-1	BOI068	244	244	1	comunque	comunque	_	_	_	_	_	linguistic	_	none	_	_	_	_	_	_
244-2	BOI068	244	244	2	insegnava	insegnava	_	_	_	_	_	linguistic	_	none	_	_	_	_	_	_
244-3	BOI068	244	244	3	abbastanza	abbastanza	_	_	_	_	_	linguistic	_	none	_	_	_	_	_	_
244-4	BOI068	244	244	4	bene	bene	_	_	_	_	_	linguistic	_	none	_	_	_	_	_	_
244-5	BOI068	244	244	5	[c(io)è	cioè	_	_	_	_	_	linguistic	_	none	_	_	_	_	1-3(0)	0-4(57)
244-6	BOI068	244	244	6	era]	era	_	_	_	_	_	linguistic	_	none	_	_	_	_	_	0-3(57)
244-7	BOI068	244	244	7	co[munque]	comunque	_	_	_	_	_	linguistic	_	none	_	_	_	_	_	2-8(58)
244-8	BOI068	244	244	8	m:olto	molto	_	_	_	_	_	linguistic	_	none	_	_	0x1	_	_	_
244-9	BOI068	244	244	9	c(io)è	cioè	_	_	_	_	_	linguistic	_	none	_	_	_	_	1-3(1)	_
244-10	BOI068	244	244	10	qualificato	qualificato	_	_	_	_	_	linguistic	_	none	_	_	_	_	_	_
244-11	BOI068	244	244	11	rispetto	rispetto	_	_	_	_	_	linguistic	_	none	_	_	_	_	_	_
244-12	BOI068	244	244	12	a	a	_	_	_	_	_	linguistic	_	none	_	_	_	_	_	_
244-13	BOI068	244	244	13	quello	quello	_	_	_	_	_	linguistic	_	none	_	_	_	_	_	_
244-14	BOI068	244	244	14	delll'	delll'	_	_	_	_	_	linguistic	_	none	SpaceAfter=No	_	_	_	_	_
244-15	BOI068	244	244	15	anno	anno	_	_	_	_	_	linguistic	_	none	_	_	_	_	_	_
244-16	BOI068	244	244	16	prima	prima	_	_	_	_	_	linguistic	_	none	_	End=651.24	_	_	_	_
245-0	BOR019	245	245	0	[mh]	mh	_	_	_	_	_	linguistic	_	none	_	Begin=646.895|End=647.207	_	_	_	0-2(57)
246-0	BOR019	246	246	0	[mhmh]	mhmh	_	_	_	_	_	linguistic	_	none	_	Begin=647.334|End=647.701	_	_	_	0-4(58)
247-0	BOI068	247	247	0	E	e	_	_	_	_	_	linguistic	_	none	Volume=high	Begin=651.617	_	_	_	_
247-1	BOI068	247	247	1	poi	poi	_	_	_	_	_	linguistic	_	none	_	_	_	_	_	_
247-2	BOI068	247	247	2	l'	l'	_	_	_	_	_	linguistic	_	none	SpaceAfter=No	_	_	_	_	_
247-3	BOI068	247	247	3	ultimo	ultimo	_	_	_	_	_	linguistic	_	none	_	_	_	_	_	_
247-4	BOI068	247	247	4	anno	anno	_	_	_	_	_	linguistic	_	none	_	_	_	_	_	_
247-5	BOI068	247	247	5	siamo	siamo	_	_	_	_	_	linguistic	_	none	_	_	_	_	_	_
247-6	BOI068	247	247	6	tornati	tornati	_	_	_	_	_	linguistic	_	none	_	_	_	_	_	_
247-7	BOI068	247	247	7	con:	con	_	_	_	_	_	linguistic	_	none	_	_	2x1	_	_	_
247-8	BOI068	247	247	8	la	la	_	_	_	_	_	linguistic	_	none	_	_	_	_	_	_
247-9	BOI068	247	247	9	prof:	prof	_	_	_	_	_	linguistic	_	none	_	_	3x1	_	_	_
247-10	BOI068	247	247	10	che	che	_	_	_	_	_	linguistic	_	none	_	_	_	_	_	_
247-11	BOI068	247	247	11	abbiamo	abbiamo	_	_	_	_	_	linguistic	_	none	_	_	_	_	_	_
247-12	BOI068	247	247	12	avuto:	avuto	_	_	_	_	_	linguistic	_	none	_	_	4x1	_	_	_
247-13	BOI068	247	247	13	sempre:	sempre	_	_	_	_	_	linguistic	_	none	_	End=656.495	5x1	_	_	_
248-0	BOI068	248	248	0	e	e	_	_	_	_	_	linguistic	_	none	_	Begin=657.578	_	_	_	_
248-1	BOI068	248	248	1	quindi	quindi	_	_	_	_	_	linguistic	_	none	_	_	_	_	_	_
248-2	BOI068	248	248	2	è	è	_	_	_	_	_	linguistic	_	none	_	_	_	_	_	_
248-3	BOI068	248	248	3	stato	stato	_	_	_	_	_	linguistic	_	none	_	_	_	_	_	_
248-4	BOI068	248	248	4	diciamo	diciamo	_	_	_	_	_	linguistic	_	none	_	_	_	_	_	_
248-5	BOI068	248	248	5	cambiare	cambiare	_	_	_	_	_	linguistic	_	none	_	_	_	_	_	_
248-6	BOI068	248	248	6	professori	professori	_	_	_	_	_	linguistic	_	none	_	_	_	_	_	_
248-7	BOI068	248	248	7	metodo	metodo	_	_	_	_	_	linguistic	_	none	_	_	_	_	_	_
248-8	BOI068	248	248	8	di	di	_	_	_	_	_	linguistic	_	none	_	_	_	_	_	_
248-9	BOI068	248	248	9	insegnamento	insegnamento	_	_	_	_	_	linguistic	_	none	_	End=661.301	_	_	_	_
249-0	BOI068	249	249	0	perché:	perché	_	_	_	_	_	linguistic	_	none	_	Begin=661.823	5x1	_	_	_
249-1	BOI068	249	249	1	diciamo	diciamo	_	_	_	_	_	linguistic	_	none	_	_	_	_	_	_
249-2	BOI068	249	249	2	un	un	_	_	_	_	_	linguistic	_	none	_	_	_	_	_	_
249-3	BOI068	249	249	3	un	un	_	_	_	_	_	linguistic	_	none	_	_	_	_	_	_
249-4	BOI068	249	249	4	diciamo	diciamo	_	_	_	_	_	linguistic	_	none	_	_	_	_	_	_
249-5	BOI068	249	249	5	un	un	_	_	_	_	_	linguistic	_	none	_	_	_	_	_	_
249-6	BOI068	249	249	6	prof	prof	_	_	_	_	_	linguistic	_	none	_	_	_	_	_	_
249-7	BOI068	249	249	7	si::	si	_	_	_	_	_	linguistic	_	none	_	_	1x2	_	_	_
249-8	BOI068	249	249	8	m:h	mh	_	_	_	_	_	linguistic	_	none	_	End=665.862	0x1	_	_	_
250-0	BOI068	250	250	0	concentrava	concentrava	_	_	_	_	_	linguistic	_	none	_	Begin=666.145	_	_	_	_
250-1	BOI068	250	250	1	più	più	_	_	_	_	_	linguistic	_	none	_	_	_	_	_	_
250-2	BOI068	250	250	2	sulla	sulla	_	_	_	_	_	linguistic	_	none	_	_	_	_	_	_
250-3	BOI068	250	250	3	grammatica	grammatica	_	_	_	_	_	linguistic	_	none	_	_	_	_	_	_
250-4	BOI068	250	250	4	un'	un'	_	_	_	_	_	linguistic	_	none	SpaceAfter=No	_	_	_	_	_
250-5	BOI068	250	250	5	altro	altro	_	_	_	_	_	linguistic	_	none	_	_	_	_	_	_
250-6	BOI068	250	250	6	invece	invece	_	_	_	_	_	linguistic	_	none	_	_	_	_	_	_
250-7	BOI068	250	250	7	su	su	_	_	_	_	_	linguistic	_	none	_	_	_	_	_	_
250-8	BOI068	250	250	8	proprio	proprio	_	_	_	_	_	linguistic	_	none	_	_	_	_	_	_
250-9	BOI068	250	250	9	il	il	_	_	_	_	_	linguistic	_	none	_	_	_	_	_	_
250-10	BOI068	250	250	10	lessico	lessico	_	_	_	_	_	linguistic	_	none	_	_	_	_	_	_
250-11	BOI068	250	250	11	[quindi	quindi	_	_	_	_	_	linguistic	_	none	_	_	_	_	_	0-6(59)
250-12	BOI068	250	250	12	ad]	ad	_	_	_	_	_	linguistic	_	none	_	_	_	_	_	0-2(59)
250-13	BOI068	250	250	13	esempio	esempio	_	_	_	_	_	linguistic	_	none	_	_	_	_	_	_
250-14	BOI068	250	250	14	non	non	_	_	_	_	_	linguistic	_	none	_	_	_	_	_	_
250-15	BOI068	250	250	15	so	so	_	_	_	_	_	linguistic	_	none	_	_	_	_	_	_
250-16	BOI068	250	250	16	il	il	_	_	_	_	_	linguistic	_	none	_	_	_	_	_	_
250-17	BOI068	250	250	17	lessico	lessico	_	_	_	_	_	linguistic	_	none	_	_	_	_	_	_
250-18	BOI068	250	250	18	degli	degli	_	_	_	_	_	linguistic	_	none	_	_	_	_	_	_
250-19	BOI068	250	250	19	hotel	hotel	_	_	_	_	_	linguistic	_	none	_	_	_	_	_	_
250-20	BOI068	250	250	20	il	il	_	_	_	_	_	linguistic	_	none	_	_	_	_	_	_
250-21	BOI068	250	250	21	lessico	lessico	_	_	_	_	_	linguistic	_	none	_	_	_	_	_	_
250-22	BOI068	250	250	22	della	della	_	_	_	_	_	linguistic	_	none	_	_	_	_	_	_
250-23	BOI068	250	250	23	casa	casa	_	_	_	_	_	linguistic	_	none	_	_	_	_	_	_
250-24	BOI068	250	250	24	il	il	_	_	_	_	_	linguistic	_	none	_	_	_	_	_	_
250-25	BOI068	250	250	25	less~	less~	_	_	_	_	_	linguistic	_	none	Interrupted=Yes	End=672.845	_	_	_	_
251-0	BOR019	251	251	0	[mh]	mh	_	_	_	_	_	linguistic	_	none	_	Begin=669.606|End=669.89	_	_	_	0-2(59)
252-0	BOR019	252	252	0	certo	certo	_	_	_	_	_	linguistic	_	none	_	Begin=672.845|End=673.301	_	_	_	_
253-0	BOI068	253	253	0	e:h	eh	_	_	_	_	_	linguistic	_	none	_	Begin=673.656	0x1	_	_	_
253-1	BOI068	253	253	1	diciamo:	diciamo	_	_	_	_	_	linguistic	_	none	_	End=674.901	6x1	_	_	_
254-0	BOI068	254	254	0	uno	uno	_	_	_	_	_	linguistic	_	none	_	Begin=675.241	_	_	_	_
254-1	BOI068	254	254	1	se	se	_	_	_	_	_	linguistic	_	none	_	_	_	_	_	_
254-2	BOI068	254	254	2	s'	s'	_	_	_	_	_	linguistic	_	none	SpaceAfter=No	_	_	_	_	_
254-3	BOI068	254	254	3	impara	impara	_	_	_	_	_	linguistic	_	none	_	_	_	_	_	_
254-4	BOI068	254	254	4	a	a	_	_	_	_	_	linguistic	_	none	_	_	_	_	_	_
254-5	BOI068	254	254	5	memoria	memoria	_	_	_	_	_	linguistic	_	none	_	_	_	_	_	_
254-6	BOI068	254	254	6	tutte	tutte	_	_	_	_	_	linguistic	_	none	_	_	_	_	_	_
254-7	BOI068	254	254	7	quelle	quelle	_	_	_	_	_	linguistic	_	none	_	_	_	_	_	_
254-8	BOI068	254	254	8	paroline	paroline	_	_	_	_	_	linguistic	_	none	_	_	_	_	_	_
254-9	BOI068	254	254	9	>secondo	secondo	_	_	_	_	_	linguistic	_	none	_	_	_	Fast=0-7(0)	_	_
254-10	BOI068	254	254	10	me<	me	_	_	_	_	_	linguistic	_	none	_	_	_	Fast=0-2(0)	_	_
254-11	BOI068	254	254	11	dopo	dopo	_	_	_	_	_	linguistic	_	none	_	_	_	_	_	_
254-12	BOI068	254	254	12	un	un	_	_	_	_	_	linguistic	_	none	_	_	_	_	_	_
254-13	BOI068	254	254	13	po':	po'	_	_	_	_	_	linguistic	_	none	_	_	1x1	_	_	_
254-14	BOI068	254	254	14	dopo	dopo	_	_	_	_	_	linguistic	_	none	_	_	_	_	_	_
254-15	BOI068	254	254	15	un:a	una	_	_	_	_	_	linguistic	_	none	_	_	1x1	_	_	_
254-16	BOI068	254	254	16	verifica	verifica	_	_	_	_	_	linguistic	_	none	_	_	_	_	_	_
254-17	BOI068	254	254	17	se	se	_	_	_	_	_	linguistic	_	none	_	_	_	_	_	_
254-18	BOI068	254	254	18	le:	le	_	_	_	_	_	linguistic	_	none	_	End=680.612	1x1	_	_	_
255-0	BOI068	255	255	0	s[e	se	_	_	_	_	_	linguistic	_	none	_	Begin=680.973	_	_	_	1-2(60)
255-1	BOI068	255	255	1	le	le	_	_	_	_	_	linguistic	_	none	_	_	_	_	_	0-2(60)
255-2	BOI068	255	255	2	diment]ica	dimentica	_	_	_	_	_	linguistic	_	none	_	End=681.978	_	_	_	0-6(60)
256-0	BOR019	256	256	0	[dimentica]	dimentica	_	_	_	_	_	linguistic	_	none	_	Begin=681.062|End=681.745	_	_	_	0-9(60)
257-0	BOR019	257	257	0	mhmh	mhmh	_	_	_	_	_	linguistic	_	none	_	Begin=682.101|End=682.573	_	_	_	_
258-0	BOR019	258	258	0	ho	ho	_	_	_	_	_	linguistic	_	none	_	Begin=682.867	_	_	_	_
258-1	BOR019	258	258	1	capito	capito	_	_	_	_	_	linguistic	_	none	_	End=683.445	_	_	_	_
259-0	BOI068	259	259	0	mentre::	mentre	_	_	_	_	_	linguistic	_	none	_	Begin=683.662|End=684.834	5x2	_	_	_
260-0	BOI068	260	260	0	sì	sì	_	_	_	_	_	linguistic	_	none	_	Begin=685.006	_	_	_	_
260-1	BOI068	260	260	1	poi	poi	_	_	_	_	_	linguistic	_	none	_	_	_	_	_	_
260-2	BOI068	260	260	2	ho:	ho	_	_	_	_	_	linguistic	_	none	_	End=685.845	1x1	_	_	_
261-0	BOI068	261	261	0	sì	sì	_	_	_	_	_	linguistic	_	none	_	Begin=685.956	_	_	_	_
261-1	BOI068	261	261	1	studiato	studiato	_	_	_	_	_	linguistic	_	none	_	_	_	_	_	_
261-2	BOI068	261	261	2	l'	l'	_	_	_	_	_	linguistic	_	none	SpaceAfter=No	_	_	_	_	_
261-3	BOI068	261	261	3	inglese	inglese	_	_	_	_	_	linguistic	_	none	PauseAfter=Yes	_	_	_	_	_
261-4	BOI068	261	261	4	{P}	{P}	_	_	_	_	_	shortpause	_	none	_	_	_	_	_	_
261-5	BOI068	261	261	5	l'	l'	_	_	_	_	_	linguistic	_	none	SpaceAfter=No	_	_	_	_	_
261-6	BOI068	261	261	6	inglese	inglese	_	_	_	_	_	linguistic	_	none	_	_	_	_	_	_
261-7	BOI068	261	261	7	praticamente	praticamente	_	_	_	_	_	linguistic	_	none	_	_	_	_	_	_
261-8	BOI068	261	261	8	ho	ho	_	_	_	_	_	linguistic	_	none	_	_	_	_	_	_
261-9	BOI068	261	261	9	avuto:	avuto	_	_	_	_	_	linguistic	_	none	_	End=688.812	4x1	_	_	_
262-0	BOI068	262	262	0	ho	ho	_	_	_	_	_	linguistic	_	none	_	Begin=689.106	_	_	_	_
262-1	BOI068	262	262	1	cambiato	cambiato	_	_	_	_	_	linguistic	_	none	_	_	_	_	_	_
262-2	BOI068	262	262	2	soltanto	soltanto	_	_	_	_	_	linguistic	_	none	_	_	_	_	_	_
262-3	BOI068	262	262	3	due	due	_	_	_	_	_	linguistic	_	none	_	_	_	_	_	_
262-4	BOI068	262	262	4	prof	prof	_	_	_	_	_	linguistic	_	none	_	_	_	_	_	_
262-5	BOI068	262	262	5	però:	però	_	_	_	_	_	linguistic	_	none	_	End=691.295	3x1	_	_	_
263-0	BOI068	263	263	0	mi	mi	_	_	_	_	_	linguistic	_	none	_	Begin=692.071	_	_	_	_
263-1	BOI068	263	263	1	sono	sono	_	_	_	_	_	linguistic	_	none	_	_	_	_	_	_
263-2	BOI068	263	263	2	sempre	sempre	_	_	_	_	_	linguistic	_	none	_	_	_	_	_	_
263-3	BOI068	263	263	3	trovata	trovata	_	_	_	_	_	linguistic	_	none	_	_	_	_	_	_
263-4	BOI068	263	263	4	bene	bene	_	_	_	_	_	linguistic	_	none	_	_	_	_	_	_
263-5	BOI068	263	263	5	perché	perché	_	_	_	_	_	linguistic	_	none	_	End=693.518	_	_	_	_
264-0	BOI068	264	264	0	a	a	_	_	_	_	_	linguistic	_	none	_	Begin=693.789	_	_	_	_
264-1	BOI068	264	264	1	me	me	_	_	_	_	_	linguistic	_	none	_	_	_	_	_	_
264-2	BOI068	264	264	2	l'	l'	_	_	_	_	_	linguistic	_	none	SpaceAfter=No	_	_	_	_	_
264-3	BOI068	264	264	3	in~	in~	_	_	_	_	_	linguistic	_	none	Interrupted=Yes	_	_	_	_	_
264-4	BOI068	264	264	4	io	io	_	_	_	_	_	linguistic	_	none	PauseAfter=Yes	_	_	_	_	_
264-5	BOI068	264	264	5	{P}	{P}	_	_	_	_	_	shortpause	_	none	_	_	_	_	_	_
264-6	BOI068	264	264	6	parlo	parlo	_	_	_	_	_	linguistic	_	none	_	_	_	_	_	_
264-7	BOI068	264	264	7	l'	l'	_	_	_	_	_	linguistic	_	none	SpaceAfter=No	_	_	_	_	_
264-8	BOI068	264	264	8	inglese	inglese	_	_	_	_	_	linguistic	_	none	_	End=695.665	_	_	_	_
265-0	BOI068	265	265	0	molto	molto	_	_	_	_	_	linguistic	_	none	_	Begin=696.054	_	_	_	_
265-1	BOI068	265	265	1	facilme[nte]	facilmente	_	_	_	_	_	linguistic	_	none	_	End=697.248	_	_	_	7-10(61)
266-0	BOR019	266	266	0	[mh]	mh	_	_	_	_	_	linguistic	_	none	_	Begin=697.071|End=697.383	_	_	_	0-2(61)
267-0	BOI068	267	267	0	e:	e	_	_	_	_	_	linguistic	_	none	_	Begin=697.801	0x1	_	_	_
267-1	BOI068	267	267	1	avendo	avendo	_	_	_	_	_	linguistic	_	none	_	_	_	_	_	_
267-2	BOI068	267	267	2	anche	anche	_	_	_	_	_	linguistic	_	none	_	_	_	_	_	_
267-3	BOI068	267	267	3	avuto	avuto	_	_	_	_	_	linguistic	_	none	_	_	_	_	_	_
267-4	BOI068	267	267	4	poi	poi	_	_	_	_	_	linguistic	_	none	_	_	_	_	_	_
267-5	BOI068	267	267	5	una	una	_	_	_	_	_	linguistic	_	none	_	_	_	_	_	_
267-6	BOI068	267	267	6	amica	amica	_	_	_	_	_	linguistic	_	none	_	_	_	_	_	_
267-7	BOI068	267	267	7	che	che	_	_	_	_	_	linguistic	_	none	PauseAfter=Yes	_	_	_	_	_
267-8	BOI068	267	267	8	{P}	{P}	_	_	_	_	_	shortpause	_	none	_	_	_	_	_	_
267-9	BOI068	267	267	9	viene	viene	_	_	_	_	_	linguistic	_	none	_	_	_	_	_	_
267-10	BOI068	267	267	10	dall'	dall'	_	_	_	_	_	linguistic	_	none	SpaceAfter=No	_	_	_	_	_
267-11	BOI068	267	267	11	australia	australia	_	_	_	_	_	linguistic	_	none	_	_	_	_	_	_
267-12	BOI068	267	267	12	perché	perché	_	_	_	_	_	linguistic	_	none	_	_	_	_	_	_
267-13	BOI068	267	267	13	è	è	_	_	_	_	_	linguistic	_	none	_	_	_	_	_	_
267-14	BOI068	267	267	14	venuta	venuta	_	_	_	_	_	linguistic	_	none	_	_	_	_	_	_
267-15	BOI068	267	267	15	in:	in	_	_	_	_	_	linguistic	_	none	_	End=701.765	1x1	_	_	_
268-0	BOI068	268	268	0	in:	in	_	_	_	_	_	linguistic	_	none	_	Begin=702.971	1x1	_	_	_
268-1	BOI068	268	268	1	mh	mh	_	_	_	_	_	linguistic	_	none	_	_	_	_	_	_
268-2	BOI068	268	268	2	al	al	_	_	_	_	_	linguistic	_	none	_	_	_	_	_	_
268-3	BOI068	268	268	3	ha	ha	_	_	_	_	_	linguistic	_	none	_	_	_	_	_	_
268-4	BOI068	268	268	4	fatto	fatto	_	_	_	_	_	linguistic	_	none	_	_	_	_	_	_
268-5	BOI068	268	268	5	l'	l'	_	_	_	_	_	linguistic	_	none	SpaceAfter=No	_	_	_	_	_
268-6	BOI068	268	268	6	anno	anno	_	_	_	_	_	linguistic	_	none	_	_	_	_	_	_
268-7	BOI068	268	268	7	all'	all'	_	_	_	_	_	linguistic	_	none	SpaceAfter=No	_	_	_	_	_
268-8	BOI068	268	268	8	estero	estero	_	_	_	_	_	linguistic	_	none	_	_	_	_	_	5-6(62)
268-9	BOI068	268	268	9	[diciamo	diciamo	_	_	_	_	_	linguistic	_	none	_	_	_	_	_	0-7(62)
268-10	BOI068	268	268	10	e	e	_	_	_	_	_	linguistic	_	none	_	_	_	_	_	0-1(62)
268-11	BOI068	268	268	11	quindi:	quindi	_	_	_	_	_	linguistic	_	none	_	_	5x1	_	_	0-6(62)
268-12	BOI068	268	268	12	dal]l'	dall'	_	_	_	_	_	linguistic	_	none	SpaceAfter=No	_	_	_	_	0-2(62)
268-13	BOI068	268	268	13	australia	australia	_	_	_	_	_	linguistic	_	none	_	_	_	_	_	_
268-14	BOI068	268	268	14	è	è	_	_	_	_	_	linguistic	_	none	_	_	_	_	_	_
268-15	BOI068	268	268	15	venuta	venuta	_	_	_	_	_	linguistic	_	none	_	_	_	_	_	_
268-16	BOI068	268	268	16	nella	nella	_	_	_	_	_	linguistic	_	none	_	_	_	_	_	_
268-17	BOI068	268	268	17	mia	mia	_	_	_	_	_	linguistic	_	none	_	_	_	_	_	_
268-18	BOI068	268	268	18	classe	classe	_	_	_	_	_	linguistic	_	none	_	_	_	_	_	4-6(63)
268-19	BOI068	268	268	19	[qui]ndi	quindi	_	_	_	_	_	linguistic	_	none	_	End=709.501	_	_	_	0-1(63)
269-0	BOR019	269	269	0	[a::h	ah	_	_	_	_	_	linguistic	_	none	_	Begin=705.407	0x2	_	_	0-2(62)
269-1	BOR019	269	269	1	ho	ho	_	_	_	_	_	linguistic	_	none	_	_	_	_	_	0-2(62)
269-2	BOR019	269	269	2	capito	capito	_	_	_	_	_	linguistic	_	none	_	_	_	_	_	0-6(62)
269-3	BOR019	269	269	3	e]	e	_	_	_	_	_	linguistic	_	none	_	End=707.06	_	_	_	0-1(62)
270-0	BOR019	270	270	0	[sì]	sì	_	_	_	_	_	linguistic	_	none	_	Begin=709.03|End=709.237	_	_	_	0-2(63)
271-0	BOR019	271	271	0	okay	okay	_	_	_	_	_	linguistic	_	none	_	Begin=709.895	_	_	_	_
271-1	BOR019	271	271	1	okay	okay	_	_	_	_	_	linguistic	_	none	_	End=710.795	_	_	_	_
272-0	BOI068	272	272	0	mentre	mentre	_	_	_	_	_	linguistic	_	none	PauseAfter=Yes	Begin=711.634	_	_	_	_
272-1	BOI068	272	272	1	{P}	{P}	_	_	_	_	_	shortpause	_	none	_	_	_	_	_	_
272-2	BOI068	272	272	2	<lo	lo	_	_	_	_	_	linguistic	_	none	_	_	_	Slow=0-2(0)	_	_
272-3	BOI068	272	272	3	spagnolo>	spagnolo	_	_	_	_	_	linguistic	_	none	_	_	_	Slow=0-8(0)	_	_
272-4	BOI068	272	272	4	che	che	_	_	_	_	_	linguistic	_	none	_	_	_	_	_	_
272-5	BOI068	272	272	5	è	è	_	_	_	_	_	linguistic	_	none	_	_	_	_	_	_
272-6	BOI068	272	272	6	la	la	_	_	_	_	_	linguistic	_	none	_	_	_	_	_	_
272-7	BOI068	272	272	7	terza	terza	_	_	_	_	_	linguistic	_	none	_	_	_	_	_	_
272-8	BOI068	272	272	8	lingua	lingua	_	_	_	_	_	linguistic	_	none	_	_	_	_	_	_
272-9	BOI068	272	272	9	che	che	_	_	_	_	_	linguistic	_	none	_	_	_	_	_	_
272-10	BOI068	272	272	10	parlo	parlo	_	_	_	_	_	linguistic	_	none	_	_	_	_	_	_
272-11	BOI068	272	272	11	l'	l'	_	_	_	_	_	linguistic	_	none	SpaceAfter=No	_	_	_	_	_
272-12	BOI068	272	272	12	ho	ho	_	_	_	_	_	linguistic	_	none	_	_	_	_	_	_
272-13	BOI068	272	272	13	iniziata	iniziata	_	_	_	_	_	linguistic	_	none	_	_	_	_	_	_
272-14	BOI068	272	272	14	in	in	_	_	_	_	_	linguistic	_	none	_	_	_	_	_	_
272-15	BOI068	272	272	15	terza	terza	_	_	_	_	_	linguistic	_	none	_	_	_	_	_	_
272-16	BOI068	272	272	16	superiore	superiore	_	_	_	_	_	linguistic	_	none	_	_	_	_	_	_
272-17	BOI068	272	272	17	quindi	quindi	_	_	_	_	_	linguistic	_	none	_	_	_	_	_	_
272-18	BOI068	272	272	18	diciamo:	diciamo	_	_	_	_	_	linguistic	_	none	_	_	6x1	_	_	_
272-19	BOI068	272	272	19	anche	anche	_	_	_	_	_	linguistic	_	none	_	_	_	_	_	_
272-20	BOI068	272	272	20	lì	lì	_	_	_	_	_	linguistic	_	none	_	_	_	_	_	_
272-21	BOI068	272	272	21	ho	ho	_	_	_	_	_	linguistic	_	none	_	_	_	_	_	_
272-22	BOI068	272	272	22	una	una	_	_	_	_	_	linguistic	_	none	_	_	_	_	_	_
272-23	BOI068	272	272	23	conoscenza	conoscenza	_	_	_	_	_	linguistic	_	none	_	_	_	_	_	_
272-24	BOI068	272	272	24	più	più	_	_	_	_	_	linguistic	_	none	_	_	_	_	_	_
272-25	BOI068	272	272	25	che	che	_	_	_	_	_	linguistic	_	none	_	_	_	_	_	_
272-26	BOI068	272	272	26	altro	altro	_	_	_	_	_	linguistic	_	none	_	_	_	_	_	_
272-27	BOI068	272	272	27	elementare	elementare	_	_	_	_	_	linguistic	_	none	_	End=720.151	_	_	_	_
273-0	BOI068	273	273	0	e:h	eh	_	_	_	_	_	linguistic	_	none	_	Begin=720.738	0x1	_	_	_
273-1	BOI068	273	273	1	mi	mi	_	_	_	_	_	linguistic	_	none	_	_	_	_	_	_
273-2	BOI068	273	273	2	piace	piace	_	_	_	_	_	linguistic	_	none	_	_	_	_	_	_
273-3	BOI068	273	273	3	come	come	_	_	_	_	_	linguistic	_	none	_	_	_	_	_	_
273-4	BOI068	273	273	4	lingua	lingua	_	_	_	_	_	linguistic	_	none	_	_	_	_	_	_
273-5	BOI068	273	273	5	assolutamente	assolutamente	_	_	_	_	_	linguistic	_	none	_	End=723.526	_	_	_	_
274-0	BOI068	274	274	0	però:	però	_	_	_	_	_	linguistic	_	none	_	Begin=723.913	3x1	_	_	_
274-1	BOI068	274	274	1	comunque	comunque	_	_	_	_	_	linguistic	_	none	_	_	_	_	_	_
274-2	BOI068	274	274	2	prediligo	prediligo	_	_	_	_	_	linguistic	_	none	_	_	_	_	_	_
274-3	BOI068	274	274	3	{ride}	{ride}	_	_	_	_	_	nonverbalbehavior	_	none	_	_	_	_	_	_
274-4	BOI068	274	274	4	sempre	sempre	_	_	_	_	_	linguistic	_	none	_	_	_	_	_	_
274-5	BOI068	274	274	5	l'	l'	_	_	_	_	_	linguistic	_	none	SpaceAfter=No	_	_	_	_	_
274-6	BOI068	274	274	6	inglese	inglese	_	_	_	_	_	linguistic	_	none	_	End=726.474	_	_	_	_
275-0	BOR019	275	275	0	mh	mh	_	_	_	_	_	linguistic	_	none	_	Begin=726.57	_	_	_	_
275-1	BOR019	275	275	1	okay	okay	_	_	_	_	_	linguistic	_	none	_	_	_	_	_	_
275-2	BOR019	275	275	2	okay	okay	_	_	_	_	_	linguistic	_	none	_	_	_	_	_	_
275-3	BOR019	275	275	3	ho	ho	_	_	_	_	_	linguistic	_	none	_	_	_	_	_	_
275-4	BOR019	275	275	4	capito	capito	_	_	_	_	_	linguistic	_	none	PauseAfter=Yes	_	_	_	_	_
275-5	BOR019	275	275	5	{P}	{P}	_	_	_	_	_	shortpause	_	none	_	_	_	_	_	_
275-6	BOR019	275	275	6	e	e	_	_	_	_	_	linguistic	_	none	_	_	_	_	_	_
275-7	BOR019	275	275	7	tu	tu	_	_	_	_	_	linguistic	_	none	_	_	_	_	_	_
275-8	BOR019	275	275	8	hai	hai	_	_	_	_	_	linguistic	_	none	_	_	_	_	_	_
275-9	BOR019	275	275	9	fatto	fatto	_	_	_	_	_	linguistic	_	none	_	_	_	_	_	_
275-10	BOR019	275	275	10	l'	l'	_	_	_	_	_	linguistic	_	none	SpaceAfter=No	_	_	_	_	_
275-11	BOR019	275	275	11	anno	anno	_	_	_	_	_	linguistic	_	none	_	_	_	_	_	_
275-12	BOR019	275	275	12	all'	all'	_	_	_	_	_	linguistic	_	none	SpaceAfter=No	_	_	_	_	_
275-13	BOR019	275	275	13	estero?	estero	_	_	_	_	_	linguistic	_	none	Intonation=Rising	End=729.944	_	_	_	_
276-0	BOI068	276	276	0	no	no	_	_	_	_	_	linguistic	_	none	_	Begin=730.176|End=730.501	_	_	_	_
277-0	BOR019	277	277	0	okay	okay	_	_	_	_	_	linguistic	_	none	_	Begin=730.857|End=731.334	_	_	_	_
278-0	BOR019	278	278	0	ti	ti	_	_	_	_	_	linguistic	_	none	_	Begin=731.804	_	_	_	_
278-1	BOR019	278	278	1	sarebbe	sarebbe	_	_	_	_	_	linguistic	_	none	_	_	_	_	_	_
278-2	BOR019	278	278	2	piaciuto	piaciuto	_	_	_	_	_	linguistic	_	none	_	_	_	_	_	_
278-3	BOR019	278	278	3	farlo	farlo	_	_	_	_	_	linguistic	_	none	_	End=733.07	_	_	_	_
279-0	BOI068	279	279	0	sì	sì	_	_	_	_	_	linguistic	_	none	_	Begin=733.101	_	_	_	_
279-1	BOI068	279	279	1	molto	molto	_	_	_	_	_	linguistic	_	none	_	End=733.97	_	_	_	_
280-0	BOR019	280	280	0	mh	mh	_	_	_	_	_	linguistic	_	none	PauseAfter=Yes	Begin=734.001	_	_	_	_
280-1	BOR019	280	280	1	{P}	{P}	_	_	_	_	_	shortpause	_	none	_	_	_	_	_	_
280-2	BOR019	280	280	2	dove	dove	_	_	_	_	_	linguistic	_	none	_	_	_	_	_	_
280-3	BOR019	280	280	3	saresti	saresti	_	_	_	_	_	linguistic	_	none	_	_	_	_	_	_
280-4	BOR019	280	280	4	andata	andata	_	_	_	_	_	linguistic	_	none	_	_	_	_	_	_
280-5	BOR019	280	280	5	tipo	tipo	_	_	_	_	_	linguistic	_	none	_	End=735.6	_	_	_	_
281-0	BOI068	281	281	0	a:llora	allora	_	_	_	_	_	linguistic	_	none	_	Begin=735.726	0x1	_	_	_
281-1	BOI068	281	281	1	eh	eh	_	_	_	_	_	linguistic	_	none	_	_	_	_	_	_
281-2	BOI068	281	281	2	io	io	_	_	_	_	_	linguistic	_	none	_	_	_	_	_	_
281-3	BOI068	281	281	3	sarei	sarei	_	_	_	_	_	linguistic	_	none	_	_	_	_	_	_
281-4	BOI068	281	281	4	andata	andata	_	_	_	_	_	linguistic	_	none	_	_	_	_	_	_
281-5	BOI068	281	281	5	o	o	_	_	_	_	_	linguistic	_	none	_	_	_	_	_	_
281-6	BOI068	281	281	6	in	in	_	_	_	_	_	linguistic	_	none	_	_	_	_	_	_
281-7	BOI068	281	281	7	australia,	australia	_	_	_	_	_	linguistic	_	none	Intonation=WeaklyRising	_	_	_	_	_
281-8	BOI068	281	281	8	perché	perché	_	_	_	_	_	linguistic	_	none	_	_	_	_	_	_
281-9	BOI068	281	281	9	comunque:	comunque	_	_	_	_	_	linguistic	_	none	_	End=739.632	7x1	_	_	_
282-0	BOI068	282	282	0	m:h	mh	_	_	_	_	_	linguistic	_	none	_	Begin=739.757	0x1	_	_	_
282-1	BOI068	282	282	1	diciamo	diciamo	_	_	_	_	_	linguistic	_	none	_	_	_	_	_	_
282-2	BOI068	282	282	2	lo	lo	_	_	_	_	_	linguistic	_	none	_	_	_	_	_	_
282-3	BOI068	282	282	3	vedo:	vedo	_	_	_	_	_	linguistic	_	none	_	_	3x1	_	_	_
282-4	BOI068	282	282	4	differente	differente	_	_	_	_	_	linguistic	_	none	_	_	_	_	_	_
282-5	BOI068	282	282	5	anche	anche	_	_	_	_	_	linguistic	_	none	_	_	_	_	_	_
282-6	BOI068	282	282	6	dagli	dagli	_	_	_	_	_	linguistic	_	none	_	_	_	_	_	_
282-7	BOI068	282	282	7	stati	stati	_	_	_	_	_	linguistic	_	none	_	_	_	_	_	_
282-8	BOI068	282	282	8	uniti	uniti	_	_	_	_	_	linguistic	_	none	_	_	_	_	_	_
282-9	BOI068	282	282	9	come	come	_	_	_	_	_	linguistic	_	none	_	End=743.788	_	_	_	_
283-0	BOI068	283	283	0	oppure:	oppure	_	_	_	_	_	linguistic	_	none	_	Begin=744.201	5x1	_	_	_
283-1	BOI068	283	283	1	sì	sì	_	_	_	_	_	linguistic	_	none	_	_	_	_	_	_
283-2	BOI068	283	283	2	m:h	mh	_	_	_	_	_	linguistic	_	none	_	_	0x1	_	_	_
283-3	BOI068	283	283	3	(and~)	and~	_	_	_	_	_	linguistic	_	none	Interrupted=Yes	_	_	_	0-4(0)	_
283-4	BOI068	283	283	4	rimanere	rimanere	_	_	_	_	_	linguistic	_	none	_	_	_	_	_	_
283-5	BOI068	283	283	5	in	in	_	_	_	_	_	linguistic	_	none	_	_	_	_	_	_
283-6	BOI068	283	283	6	europa	europa	_	_	_	_	_	linguistic	_	none	_	End=747.807	_	_	_	_
284-0	BOR019	284	284	0	okay	okay	_	_	_	_	_	linguistic	_	none	_	Begin=748.276	_	_	_	_
284-1	BOR019	284	284	1	okay	okay	_	_	_	_	_	linguistic	_	none	_	_	_	_	_	_
284-2	BOR019	284	284	2	ad	ad	_	_	_	_	_	linguistic	_	none	_	_	_	_	_	_
284-3	BOR019	284	284	3	esempio?	esempio	_	_	_	_	_	linguistic	_	none	Intonation=Rising	End=749.895	_	_	_	_
285-0	BOI068	285	285	0	e:hm	ehm	_	_	_	_	_	linguistic	_	none	_	Begin=750.201	0x1	_	_	_
285-1	BOI068	285	285	1	ad	ad	_	_	_	_	_	linguistic	_	none	_	_	_	_	_	_
285-2	BOI068	285	285	2	esempio	esempio	_	_	_	_	_	linguistic	_	none	_	_	_	_	_	_
285-3	BOI068	285	285	3	non	non	_	_	_	_	_	linguistic	_	none	_	_	_	_	_	_
285-4	BOI068	285	285	4	so	so	_	_	_	_	_	linguistic	_	none	_	_	_	_	_	_
285-5	BOI068	285	285	5	la	la	_	_	_	_	_	linguistic	_	none	_	_	_	_	_	_
285-6	BOI068	285	285	6	germania	germania	_	_	_	_	_	linguistic	_	none	_	_	_	_	_	_
285-7	BOI068	285	285	7	oppure	oppure	_	_	_	_	_	linguistic	_	none	_	_	_	_	_	_
285-8	BOI068	285	285	8	paesi	paesi	_	_	_	_	_	linguistic	_	none	_	_	_	_	_	_
285-9	BOI068	285	285	9	più	più	_	_	_	_	_	linguistic	_	none	_	_	_	_	_	_
285-10	BOI068	285	285	10	nordici	nordici	_	_	_	_	_	linguistic	_	none	_	_	_	_	_	_
285-11	BOI068	285	285	11	per:	per	_	_	_	_	_	linguistic	_	none	_	End=755.351	2x1	_	_	_
286-0	BOI068	286	286	0	non	non	_	_	_	_	_	linguistic	_	none	_	Begin=755.595	_	_	_	_
286-1	BOI068	286	286	1	parlare	parlare	_	_	_	_	_	linguistic	_	none	_	_	_	_	_	_
286-2	BOI068	286	286	2	solo	solo	_	_	_	_	_	linguistic	_	none	_	_	_	_	_	_
286-3	BOI068	286	286	3	l'	l'	_	_	_	_	_	linguistic	_	none	SpaceAfter=No	_	_	_	_	_
286-4	BOI068	286	286	4	inglese	inglese	_	_	_	_	_	linguistic	_	none	_	_	_	_	_	_
286-5	BOI068	286	286	5	ma	ma	_	_	_	_	_	linguistic	_	none	_	_	_	_	_	_
286-6	BOI068	286	286	6	anche	anche	_	_	_	_	_	linguistic	_	none	_	_	_	_	_	_
286-7	BOI068	286	286	7	un'	un'	_	_	_	_	_	linguistic	_	none	SpaceAfter=No	_	_	_	_	_
286-8	BOI068	286	286	8	altra	altra	_	_	_	_	_	linguistic	_	none	_	_	_	_	_	_
286-9	BOI068	286	286	9	lingua	lingua	_	_	_	_	_	linguistic	_	none	_	End=757.905	_	_	_	_
287-0	BOI068	287	287	0	ec[co]	ecco	_	_	_	_	_	linguistic	_	none	_	Begin=758.17|End=758.582	_	_	_	2-4(64)
288-0	BOR019	288	288	0	°[giu]sto°	giusto	_	_	_	_	_	linguistic	_	none	Volume=low	Begin=758.301|End=758.901	_	_	_	0-3(64)
289-0	BOR019	289	289	0	giusto	giusto	_	_	_	_	_	linguistic	_	none	_	Begin=759.195|End=759.564	_	_	_	_
290-0	BOR019	290	290	0	e	e	_	_	_	_	_	linguistic	_	none	_	Begin=759.882	_	_	_	_
290-1	BOR019	290	290	1	invece	invece	_	_	_	_	_	linguistic	_	none	_	_	_	_	_	_
290-2	BOR019	290	290	2	come	come	_	_	_	_	_	linguistic	_	none	_	_	_	_	_	_
290-3	BOR019	290	290	3	turista	turista	_	_	_	_	_	linguistic	_	none	_	_	_	_	_	_
290-4	BOR019	290	290	4	hai	hai	_	_	_	_	_	linguistic	_	none	_	_	_	_	_	_
290-5	BOR019	290	290	5	viaggiato	viaggiato	_	_	_	_	_	linguistic	_	none	_	_	_	_	_	_
290-6	BOR019	290	290	6	all'	all'	_	_	_	_	_	linguistic	_	none	SpaceAfter=No	_	_	_	_	_
290-7	BOR019	290	290	7	estero,	estero	_	_	_	_	_	linguistic	_	none	Intonation=WeaklyRising	End=762.801	_	_	_	_
291-0	BOR019	291	291	0	o::	o	_	_	_	_	_	linguistic	_	none	_	Begin=762.984|End=763.434	0x2	_	_	_
292-0	BOI068	292	292	0	allora	allora	_	_	_	_	_	linguistic	_	none	_	Begin=763.488	_	_	_	_
292-1	BOI068	292	292	1	<all'	all'	_	_	_	_	_	linguistic	_	none	SpaceAfter=No	_	_	Slow=0-4(0)	_	_
292-2	BOI068	292	292	2	estero>	estero	_	_	_	_	_	linguistic	_	none	_	_	_	Slow=0-6(0)	_	_
292-3	BOI068	292	292	3	sono	sono	_	_	_	_	_	linguistic	_	none	_	_	_	_	_	_
292-4	BOI068	292	292	4	stata	stata	_	_	_	_	_	linguistic	_	none	_	_	_	_	_	_
292-5	BOI068	292	292	5	in	in	_	_	_	_	_	linguistic	_	none	_	_	_	_	_	_
292-6	BOI068	292	292	6	belgio	belgio	_	_	_	_	_	linguistic	_	none	_	End=766.326	_	_	_	_
293-0	BOI068	293	293	0	perché	perché	_	_	_	_	_	linguistic	_	none	_	Begin=766.551	_	_	_	_
293-1	BOI068	293	293	1	ho	ho	_	_	_	_	_	linguistic	_	none	_	_	_	_	_	_
293-2	BOI068	293	293	2	i	i	_	_	_	_	_	linguistic	_	none	_	_	_	_	_	_
293-3	BOI068	293	293	3	parenti:	parenti	_	_	_	_	_	linguistic	_	none	_	_	6x1	_	_	_
293-4	BOI068	293	293	4	lì	lì	_	_	_	_	_	linguistic	_	none	_	End=768.182	_	_	_	_
294-0	BOR019	294	294	0	ah	ah	_	_	_	_	_	linguistic	_	none	_	Begin=768.463	_	_	_	_
294-1	BOR019	294	294	1	[dai]	dai	_	_	_	_	_	linguistic	_	none	_	End=768.988	_	_	_	0-3(65)
295-0	BOI068	295	295	0	[ho	ho	_	_	_	_	_	linguistic	_	none	_	Begin=768.601	_	_	_	0-2(65)
295-1	BOI068	295	295	1	gli	gli	_	_	_	_	_	linguistic	_	none	_	_	_	_	_	0-3(65)
295-2	BOI068	295	295	2	z]ii	zii	_	_	_	_	_	linguistic	_	none	_	_	_	_	_	0-1(65)
295-3	BOI068	295	295	3	l[ì]	lì	_	_	_	_	_	linguistic	_	none	_	End=769.583	_	_	_	1-2(66)
296-0	BOR019	296	296	0	[oka]y	okay	_	_	_	_	_	linguistic	_	none	_	Begin=769.301|End=769.77	_	_	_	0-3(66)
297-0	BOI068	297	297	0	mentre:	mentre	_	_	_	_	_	linguistic	_	none	_	Begin=769.951	5x1	_	_	_
297-1	BOI068	297	297	1	oddio	oddio	_	_	_	_	_	linguistic	_	none	_	_	_	_	_	_
297-2	BOI068	297	297	2	ricordo:	ricordo	_	_	_	_	_	linguistic	_	none	_	_	6x1	_	_	_
297-3	BOI068	297	297	3	e::h	eh	_	_	_	_	_	linguistic	_	none	_	_	0x2	_	_	_
297-4	BOI068	297	297	4	sì	sì	_	_	_	_	_	linguistic	_	none	_	_	_	_	_	_
297-5	BOI068	297	297	5	con:	con	_	_	_	_	_	linguistic	_	none	_	_	2x1	_	_	_
297-6	BOI068	297	297	6	con	con	_	_	_	_	_	linguistic	_	none	_	_	_	_	_	_
297-7	BOI068	297	297	7	la	la	_	_	_	_	_	linguistic	_	none	_	_	_	_	_	_
297-8	BOI068	297	297	8	nave	nave	_	_	_	_	_	linguistic	_	none	_	_	_	_	_	_
297-9	BOI068	297	297	9	che	che	_	_	_	_	_	linguistic	_	none	_	_	_	_	_	_
297-10	BOI068	297	297	10	che	che	_	_	_	_	_	linguistic	_	none	_	_	_	_	_	_
297-11	BOI068	297	297	11	ho	ho	_	_	_	_	_	linguistic	_	none	_	_	_	_	_	_
297-12	BOI068	297	297	12	preso	preso	_	_	_	_	_	linguistic	_	none	_	_	_	_	_	_
297-13	BOI068	297	297	13	quando	quando	_	_	_	_	_	linguistic	_	none	_	_	_	_	_	_
297-14	BOI068	297	297	14	ero	ero	_	_	_	_	_	linguistic	_	none	_	_	_	_	_	_
297-15	BOI068	297	297	15	veramente	veramente	_	_	_	_	_	linguistic	_	none	_	_	_	_	_	_
297-16	BOI068	297	297	16	piccola	piccola	_	_	_	_	_	linguistic	_	none	_	End=778.001	_	_	_	_
298-0	BOR019	298	298	0	mh[mh]	mhmh	_	_	_	_	_	linguistic	_	none	_	Begin=778.189|End=778.595	_	_	_	2-4(67)
299-0	BOI068	299	299	0	[poi	poi	_	_	_	_	_	linguistic	_	none	_	Begin=778.301	_	_	_	0-3(67)
299-1	BOI068	299	299	1	siamo]	siamo	_	_	_	_	_	linguistic	_	none	_	_	_	_	_	0-5(67)
299-2	BOI068	299	299	2	passati	passati	_	_	_	_	_	linguistic	_	none	_	_	_	_	_	_
299-3	BOI068	299	299	3	per	per	_	_	_	_	_	linguistic	_	none	_	_	_	_	_	_
299-4	BOI068	299	299	4	il	il	_	_	_	_	_	linguistic	_	none	_	_	_	_	_	_
299-5	BOI068	299	299	5	marocco:	marocco	_	_	_	_	_	linguistic	_	none	_	End=780.698	6x1	_	_	_
300-0	BOI068	300	300	0	e	e	_	_	_	_	_	linguistic	_	none	_	Begin=780.851	_	_	_	_
300-1	BOI068	300	300	1	poi	poi	_	_	_	_	_	linguistic	_	none	_	_	_	_	_	_
300-2	BOI068	300	300	2	ci	ci	_	_	_	_	_	linguistic	_	none	_	_	_	_	_	_
300-3	BOI068	300	300	3	sia~	sia~	_	_	_	_	_	linguistic	_	none	Interrupted=Yes	_	_	_	_	_
300-4	BOI068	300	300	4	abbiamo	abbiamo	_	_	_	_	_	linguistic	_	none	_	_	_	_	_	_
300-5	BOI068	300	300	5	fatto	fatto	_	_	_	_	_	linguistic	_	none	_	_	_	_	_	_
300-6	BOI068	300	300	6	credo:	credo	_	_	_	_	_	linguistic	_	none	_	_	4x1	_	_	_
300-7	BOI068	300	300	7	il	il	_	_	_	_	_	linguistic	_	none	_	_	_	_	_	_
300-8	BOI068	300	300	8	primo:	primo	_	_	_	_	_	linguistic	_	none	_	End=783.464	4x1	_	_	_
301-0	BOI068	301	301	0	e:h	eh	_	_	_	_	_	linguistic	_	none	_	Begin=783.889	0x1	_	_	_
301-1	BOI068	301	301	1	il	il	_	_	_	_	_	linguistic	_	none	_	_	_	_	_	_
301-2	BOI068	301	301	2	primo	primo	_	_	_	_	_	linguistic	_	none	_	_	_	_	_	_
301-3	BOI068	301	301	3	scalo	scalo	_	_	_	_	_	linguistic	_	none	_	_	_	_	_	_
301-4	BOI068	301	301	4	con	con	_	_	_	_	_	linguistic	_	none	_	_	_	_	_	_
301-5	BOI068	301	301	5	l'	l'	_	_	_	_	_	linguistic	_	none	SpaceAfter=No	_	_	_	_	_
301-6	BOI068	301	301	6	aereo	aereo	_	_	_	_	_	linguistic	_	none	_	_	_	_	_	_
301-7	BOI068	301	301	7	era:	era	_	_	_	_	_	linguistic	_	none	_	_	2x1	_	_	_
301-8	BOI068	301	301	8	a	a	_	_	_	_	_	linguistic	_	none	_	_	_	_	_	_
301-9	BOI068	301	301	9	barcellona	barcellona	_	_	_	_	_	linguistic	_	none	_	_	_	_	_	_
301-10	BOI068	301	301	10	abbiamo	abbiamo	_	_	_	_	_	linguistic	_	none	_	_	_	_	_	_
301-11	BOI068	301	301	11	>fatto	fatto	_	_	_	_	_	linguistic	_	none	_	_	_	Fast=0-5(0)	_	_
301-12	BOI068	301	301	12	tutto<	tutto	_	_	_	_	_	linguistic	_	none	_	_	_	Fast=0-5(0)	_	_
301-13	BOI068	301	301	13	un	un	_	_	_	_	_	linguistic	_	none	_	_	_	_	_	_
301-14	BOI068	301	301	14	giro:	giro	_	_	_	_	_	linguistic	_	none	_	_	3x1	_	_	_
301-15	BOI068	301	301	15	strano	strano	_	_	_	_	_	linguistic	_	none	_	_	_	_	_	_
301-16	BOI068	301	301	16	quindi:	quindi	_	_	_	_	_	linguistic	_	none	_	_	5x1	_	_	_
301-17	BOI068	301	301	17	sì	sì	_	_	_	_	_	linguistic	_	none	_	_	_	_	_	_
301-18	BOI068	301	301	18	ho	ho	_	_	_	_	_	linguistic	_	none	_	_	_	_	_	_
301-19	BOI068	301	301	19	visto:	visto	_	_	_	_	_	linguistic	_	none	_	_	4x1	_	_	_
301-20	BOI068	301	301	20	poco	poco	_	_	_	_	_	linguistic	_	none	_	_	_	_	_	_
301-21	BOI068	301	301	21	diciamo	diciamo	_	_	_	_	_	linguistic	_	none	_	_	_	_	_	_
301-22	BOI068	301	301	22	dell'	dell'	_	_	_	_	_	linguistic	_	none	SpaceAfter=No	_	_	_	_	_
301-23	BOI068	301	301	23	europa	europa	_	_	_	_	_	linguistic	_	none	_	End=791.395	_	_	_	_
302-0	BOR019	302	302	0	okay	okay	_	_	_	_	_	linguistic	_	none	_	Begin=791.701	_	_	_	_
302-1	BOR019	302	302	1	e	e	_	_	_	_	_	linguistic	_	none	_	End=792.518	_	_	_	_
303-0	BOR019	303	303	0	cioè	cioè	_	_	_	_	_	linguistic	_	none	_	Begin=792.756	_	_	_	_
303-1	BOR019	303	303	1	hai	hai	_	_	_	_	_	linguistic	_	none	_	_	_	_	_	_
303-2	BOR019	303	303	2	viaggiato	viaggiato	_	_	_	_	_	linguistic	_	none	_	_	_	_	_	_
303-3	BOR019	303	303	3	soprattutto	soprattutto	_	_	_	_	_	linguistic	_	none	_	_	_	_	_	_
303-4	BOR019	303	303	4	in	in	_	_	_	_	_	linguistic	_	none	_	_	_	_	_	_
303-5	BOR019	303	303	5	itali[a]	italia	_	_	_	_	_	linguistic	_	none	_	End=794.462	_	_	_	5-6(68)
304-0	BOI068	304	304	0	[s]ì	sì	_	_	_	_	_	linguistic	_	none	_	Begin=794.414|End=794.723	_	_	_	0-1(68)
305-0	BOR019	305	305	0	okay	okay	_	_	_	_	_	linguistic	_	none	_	Begin=795.157	_	_	_	_
305-1	BOR019	305	305	1	ho	ho	_	_	_	_	_	linguistic	_	none	_	_	_	_	_	_
305-2	BOR019	305	305	2	capito	capito	_	_	_	_	_	linguistic	_	none	_	End=796.301	_	_	_	_
306-0	BOR019	306	306	0	ehm:::	ehm	_	_	_	_	_	linguistic	_	none	_	Begin=797.223|End=798.801	2x3	_	_	_
307-0	BOR019	307	307	0	e	e	_	_	_	_	_	linguistic	_	none	_	Begin=799.595	_	_	_	_
307-1	BOR019	307	307	1	tu	tu	_	_	_	_	_	linguistic	_	none	_	_	_	_	_	_
307-2	BOR019	307	307	2	abiti	abiti	_	_	_	_	_	linguistic	_	none	_	_	_	_	_	_
307-3	BOR019	307	307	3	con	con	_	_	_	_	_	linguistic	_	none	_	_	_	_	_	_
307-4	BOR019	307	307	4	i	i	_	_	_	_	_	linguistic	_	none	_	_	_	_	_	_
307-5	BOR019	307	307	5	tuoi	tuoi	_	_	_	_	_	linguistic	_	none	_	_	_	_	_	_
307-6	BOR019	307	307	6	genitori,	genitori	_	_	_	_	_	linguistic	_	none	Intonation=WeaklyRising	_	_	_	_	_
307-7	BOR019	307	307	7	oppure	oppure	_	_	_	_	_	linguistic	_	none	_	_	_	_	_	_
307-8	BOR019	307	307	8	da	da	_	_	_	_	_	linguistic	_	none	_	_	_	_	_	_
307-9	BOR019	307	307	9	sola	sola	_	_	_	_	_	linguistic	_	none	_	End=802.307	_	_	_	_
308-0	BOI068	308	308	0	<adesso>	adesso	_	_	_	_	_	linguistic	_	none	_	Begin=802.826	_	Slow=0-6(0)	_	_
308-1	BOI068	308	308	1	abito	abito	_	_	_	_	_	linguistic	_	none	_	_	_	_	_	_
308-2	BOI068	308	308	2	ancora	ancora	_	_	_	_	_	linguistic	_	none	_	_	_	_	_	_
308-3	BOI068	308	308	3	con	con	_	_	_	_	_	linguistic	_	none	_	_	_	_	_	_
308-4	BOI068	308	308	4	i	i	_	_	_	_	_	linguistic	_	none	_	_	_	_	_	_
308-5	BOI068	308	308	5	miei	miei	_	_	_	_	_	linguistic	_	none	_	_	_	_	_	_
308-6	BOI068	308	308	6	genitori	genitori	_	_	_	_	_	linguistic	_	none	_	End=804.945	_	_	_	_
309-0	BOI068	309	309	0	eh	eh	_	_	_	_	_	linguistic	_	none	_	Begin=805.501	_	_	_	_
309-1	BOI068	309	309	1	però	però	_	_	_	_	_	linguistic	_	none	_	_	_	_	_	_
309-2	BOI068	309	309	2	stavo	stavo	_	_	_	_	_	linguistic	_	none	_	_	_	_	_	_
309-3	BOI068	309	309	3	pensando:	pensando	_	_	_	_	_	linguistic	_	none	_	_	7x1	_	_	_
309-4	BOI068	309	309	4	<appena>	appena	_	_	_	_	_	linguistic	_	none	_	_	_	Slow=0-6(0)	_	_
309-5	BOI068	309	309	5	e:h	eh	_	_	_	_	_	linguistic	_	none	_	_	0x1	_	_	_
309-6	BOI068	309	309	6	comunque	comunque	_	_	_	_	_	linguistic	_	none	_	_	_	_	_	_
309-7	BOI068	309	309	7	ho	ho	_	_	_	_	_	linguistic	_	none	_	_	_	_	_	_
309-8	BOI068	309	309	8	una	una	_	_	_	_	_	linguistic	_	none	_	_	_	_	_	_
309-9	BOI068	309	309	9	mia	mia	_	_	_	_	_	linguistic	_	none	_	_	_	_	_	_
309-10	BOI068	309	309	10	stabilità	stabilità	_	_	_	_	_	linguistic	_	none	_	_	_	_	_	_
309-11	BOI068	309	309	11	con	con	_	_	_	_	_	linguistic	_	none	_	_	_	_	_	_
309-12	BOI068	309	309	12	un	un	_	_	_	_	_	linguistic	_	none	_	_	_	_	_	_
309-13	BOI068	309	309	13	lavoro	lavoro	_	_	_	_	_	linguistic	_	none	_	_	_	_	_	_
309-14	BOI068	309	309	14	e	e	_	_	_	_	_	linguistic	_	none	_	_	_	_	_	_
309-15	BOI068	309	309	15	anche	anche	_	_	_	_	_	linguistic	_	none	_	_	_	_	_	_
309-16	BOI068	309	309	16	la	la	_	_	_	_	_	linguistic	_	none	_	_	_	_	_	_
309-17	BOI068	309	309	17	patente	patente	_	_	_	_	_	linguistic	_	none	_	_	_	_	_	_
309-18	BOI068	309	309	18	che	che	_	_	_	_	_	linguistic	_	none	_	_	_	_	_	_
309-19	BOI068	309	309	19	sto:	sto	_	_	_	_	_	linguistic	_	none	_	_	2x1	_	_	_
309-20	BOI068	309	309	20	ancora	ancora	_	_	_	_	_	linguistic	_	none	_	_	_	_	_	_
309-21	BOI068	309	309	21	prendendo	prendendo	_	_	_	_	_	linguistic	_	none	_	End=813.376	_	_	_	_
310-0	BOR019	310	310	0	ah	ah	_	_	_	_	_	linguistic	_	none	_	Begin=813.376	_	_	_	_
310-1	BOR019	310	310	1	oka[y]	okay	_	_	_	_	_	linguistic	_	none	_	End=813.851	_	_	_	3-4(69)
311-0	BOI068	311	311	0	[e]hm	ehm	_	_	_	_	_	linguistic	_	none	_	Begin=813.801|End=814.251	_	_	_	0-1(69)
312-0	BOI068	312	312	0	cercherò	cercherò	_	_	_	_	_	linguistic	_	none	_	Begin=815.101	_	_	_	_
312-1	BOI068	312	312	1	di	di	_	_	_	_	_	linguistic	_	none	_	_	_	_	_	_
312-2	BOI068	312	312	2	sicuro	sicuro	_	_	_	_	_	linguistic	_	none	_	_	_	_	_	_
312-3	BOI068	312	312	3	di:	di	_	_	_	_	_	linguistic	_	none	_	End=817.001	1x1	_	_	_
313-0	BOI068	313	313	0	di	di	_	_	_	_	_	linguistic	_	none	_	Begin=817.289	_	_	_	_
313-1	BOI068	313	313	1	trovarmi:	trovarmi	_	_	_	_	_	linguistic	_	none	_	_	7x1	_	_	_
313-2	BOI068	313	313	2	sopr~	sopr~	_	_	_	_	_	linguistic	_	none	Interrupted=Yes	End=818.801	_	_	_	_
314-0	BOI068	314	314	0	spero	spero	_	_	_	_	_	linguistic	_	none	_	Begin=819.164	_	_	_	_
314-1	BOI068	314	314	1	a	a	_	_	_	_	_	linguistic	_	none	_	_	_	_	_	_
314-2	BOI068	314	314	2	bologna	bologna	_	_	_	_	_	linguistic	_	none	PauseAfter=Yes	_	_	_	_	_
314-3	BOI068	314	314	3	{P}	{P}	_	_	_	_	_	shortpause	_	none	_	_	_	_	_	_
314-4	BOI068	314	314	4	diciamo:	diciamo	_	_	_	_	_	linguistic	_	none	_	_	6x1	_	_	_
314-5	BOI068	314	314	5	anche:	anche	_	_	_	_	_	linguistic	_	none	_	_	4x1	_	_	_
314-6	BOI068	314	314	6	m:h	mh	_	_	_	_	_	linguistic	_	none	_	_	0x1	_	_	_
314-7	BOI068	314	314	7	una	una	_	_	_	_	_	linguistic	_	none	_	_	_	_	_	_
314-8	BOI068	314	314	8	stanza	stanza	_	_	_	_	_	linguistic	_	none	_	_	_	_	_	_
314-9	BOI068	314	314	9	condivisa	condivisa	_	_	_	_	_	linguistic	_	none	_	_	_	_	_	_
314-10	BOI068	314	314	10	cioè	cioè	_	_	_	_	_	linguistic	_	none	_	_	_	_	_	_
314-11	BOI068	314	314	11	una	una	_	_	_	_	_	linguistic	_	none	_	_	_	_	_	_
314-12	BOI068	314	314	12	casa	casa	_	_	_	_	_	linguistic	_	none	_	_	_	_	_	_
314-13	BOI068	314	314	13	condivisa	condivisa	_	_	_	_	_	linguistic	_	none	_	End=825.001	_	_	_	_
315-0	BOR019	315	315	0	ho	ho	_	_	_	_	_	linguistic	_	none	_	Begin=825.984	_	_	_	_
315-1	BOR019	315	315	1	capito	capito	_	_	_	_	_	linguistic	_	none	_	_	_	_	_	_
315-2	BOR019	315	315	2	ho	ho	_	_	_	_	_	linguistic	_	none	_	_	_	_	_	_
315-3	BOR019	315	315	3	capito	capito	_	_	_	_	_	linguistic	_	none	_	End=827.195	_	_	_	_
316-0	BOR019	316	316	0	e::	e	_	_	_	_	_	linguistic	_	none	_	Begin=827.734|End=828.362	0x2	_	_	_
317-0	BOR019	317	317	0	a	a	_	_	_	_	_	linguistic	_	none	_	Begin=828.551	_	_	_	_
317-1	BOR019	317	317	1	bologna:	bologna	_	_	_	_	_	linguistic	_	none	_	_	6x1	_	_	_
317-2	BOR019	317	317	2	>magari	magari	_	_	_	_	_	linguistic	_	none	_	_	_	Fast=0-6(0)	_	_
317-3	BOR019	317	317	3	quando	quando	_	_	_	_	_	linguistic	_	none	_	_	_	Fast=0-6(0)	_	_
317-4	BOR019	317	317	4	eri<	eri	_	_	_	_	_	linguistic	_	none	_	_	_	Fast=0-3(0)	_	_
317-5	BOR019	317	317	5	°(in)somma	insomma	_	_	_	_	_	linguistic	_	none	Volume=low	_	_	_	0-2(0)	_
317-6	BOR019	317	317	6	al::°	al	_	_	_	_	_	linguistic	_	none	Volume=low	_	1x2	_	_	_
317-7	BOR019	317	317	7	al	al	_	_	_	_	_	linguistic	_	none	_	_	_	_	_	_
317-8	BOR019	317	317	8	liceo	liceo	_	_	_	_	_	linguistic	_	none	_	_	_	_	_	_
317-9	BOR019	317	317	9	facevi::	facevi	_	_	_	_	_	linguistic	_	none	_	_	5x2	_	_	_
317-10	BOR019	317	317	10	scusami	scusami	_	_	_	_	_	linguistic	_	none	_	_	_	_	_	_
317-11	BOR019	317	317	11	{ride}	{ride}	_	_	_	_	_	nonverbalbehavior	_	none	_	_	_	_	_	_
317-12	BOR019	317	317	12	eh	eh	_	_	_	_	_	linguistic	_	none	_	_	_	_	_	_
317-13	BOR019	317	317	13	alla	alla	_	_	_	_	_	linguistic	_	none	_	_	_	_	_	_
317-14	BOR019	317	317	14	scuola	scuola	_	_	_	_	_	linguistic	_	none	_	_	_	_	_	_
317-15	BOR019	317	317	15	superiore	superiore	_	_	_	_	_	linguistic	_	none	_	_	_	_	_	_
317-16	BOR019	317	317	16	facevi:	facevi	_	_	_	_	_	linguistic	_	none	_	_	5x1	_	_	_
317-17	BOR019	317	317	17	qualche	qualche	_	_	_	_	_	linguistic	_	none	_	_	_	_	_	_
317-18	BOR019	317	317	18	sport	sport	_	_	_	_	_	linguistic	_	none	_	_	_	_	_	_
317-19	BOR019	317	317	19	a	a	_	_	_	_	_	linguistic	_	none	_	_	_	_	_	_
317-20	BOR019	317	317	20	bologna	bologna	_	_	_	_	_	linguistic	_	none	_	_	_	_	_	_
317-21	BOR019	317	317	21	o:	o	_	_	_	_	_	linguistic	_	none	_	End=838.218	0x1	_	_	_
318-0	BOI068	318	318	0	no	no	_	_	_	_	_	linguistic	_	none	_	Begin=838.441|End=838.873	_	_	_	_
319-0	BOR019	319	319	0	(°ho	ho	_	_	_	_	_	linguistic	_	none	Volume=low	Begin=839.623	_	_	0-2(0)	_
319-1	BOR019	319	319	1	[capi~]°)	capi~	_	_	_	_	_	linguistic	_	none	Interrupted=Yes|Volume=low	End=840.211	_	_	0-5(0)	0-5(70)
320-0	BOI068	320	320	0	<[per]ché>	perché	_	_	_	_	_	linguistic	_	none	_	Begin=839.79	_	Slow=0-6(0)	_	0-3(70)
320-1	BOI068	320	320	1	allora	allora	_	_	_	_	_	linguistic	_	none	_	_	_	_	_	_
320-2	BOI068	320	320	2	a	a	_	_	_	_	_	linguistic	_	none	_	_	_	_	_	_
320-3	BOI068	320	320	3	bologna,	bologna	_	_	_	_	_	linguistic	_	none	Intonation=WeaklyRising|PauseAfter=Yes	_	_	_	_	_
320-4	BOI068	320	320	4	{P}	{P}	_	_	_	_	_	shortpause	_	none	_	_	_	_	_	_
320-5	BOI068	320	320	5	non	non	_	_	_	_	_	linguistic	_	none	_	_	_	_	_	_
320-6	BOI068	320	320	6	credo	credo	_	_	_	_	_	linguistic	_	none	_	_	_	_	_	_
320-7	BOI068	320	320	7	di	di	_	_	_	_	_	linguistic	_	none	_	_	_	_	_	_
320-8	BOI068	320	320	8	aver	aver	_	_	_	_	_	linguistic	_	none	_	_	_	_	_	_
320-9	BOI068	320	320	9	mai	mai	_	_	_	_	_	linguistic	_	none	_	_	_	_	_	_
320-10	BOI068	320	320	10	fatto:	fatto	_	_	_	_	_	linguistic	_	none	_	_	4x1	_	_	_
320-11	BOI068	320	320	11	diciamo:	diciamo	_	_	_	_	_	linguistic	_	none	_	End=844.864	6x1	_	_	_
321-0	BOI068	321	321	0	degli	degli	_	_	_	_	_	linguistic	_	none	_	Begin=845.253	_	_	_	_
321-1	BOI068	321	321	1	sport	sport	_	_	_	_	_	linguistic	_	none	_	_	_	_	_	_
321-2	BOI068	321	321	2	no	no	_	_	_	_	_	linguistic	_	none	_	End=846.331	_	_	_	_
322-0	BOI068	322	322	0	li	li	_	_	_	_	_	linguistic	_	none	_	Begin=846.753	_	_	_	_
322-1	BOI068	322	322	1	ho	ho	_	_	_	_	_	linguistic	_	none	_	_	_	_	_	_
322-2	BOI068	322	322	2	fatti	fatti	_	_	_	_	_	linguistic	_	none	_	_	_	_	_	_
322-3	BOI068	322	322	3	più	più	_	_	_	_	_	linguistic	_	none	_	_	_	_	_	_
322-4	BOI068	322	322	4	che	che	_	_	_	_	_	linguistic	_	none	_	_	_	_	_	_
322-5	BOI068	322	322	5	altro:	altro	_	_	_	_	_	linguistic	_	none	_	_	4x1	_	_	_
322-6	BOI068	322	322	6	ad	ad	_	_	_	_	_	linguistic	_	none	_	_	_	_	_	_
322-7	BOI068	322	322	7	altedo	altedo	_	_	_	_	_	linguistic	_	none	_	_	_	_	_	_
322-8	BOI068	322	322	8	perché	perché	_	_	_	_	_	linguistic	_	none	_	_	_	_	_	_
322-9	BOI068	322	322	9	abbiam[o:	abbiamo	_	_	_	_	_	linguistic	_	none	_	_	6x1	_	_	6-7(71)
322-10	BOI068	322	322	10	la]	la	_	_	_	_	_	linguistic	_	none	_	_	_	_	_	0-2(71)
322-11	BOI068	322	322	11	paestra	paestra	_	_	_	_	_	linguistic	_	none	_	_	_	_	_	_
322-12	BOI068	322	322	12	con:	con	_	_	_	_	_	linguistic	_	none	_	End=851.106	2x1	_	_	_
323-0	BOR019	323	323	0	[mh]	mh	_	_	_	_	_	linguistic	_	none	_	Begin=849.021|End=849.332	_	_	_	0-2(71)
324-0	BOI068	324	324	0	vari:	vari	_	_	_	_	_	linguistic	_	none	_	Begin=851.49	3x1	_	_	_
324-1	BOI068	324	324	1	varie	varie	_	_	_	_	_	linguistic	_	none	_	_	_	_	_	_
324-2	BOI068	324	324	2	tipologie	tipologie	_	_	_	_	_	linguistic	_	none	_	_	_	_	_	_
324-3	BOI068	324	324	3	di	di	_	_	_	_	_	linguistic	_	none	_	_	_	_	_	_
324-4	BOI068	324	324	4	sport	sport	_	_	_	_	_	linguistic	_	none	_	End=853.832	_	_	_	_
325-0	BOI068	325	325	0	poi:	poi	_	_	_	_	_	linguistic	_	none	_	Begin=853.99	2x1	_	_	_
325-1	BOI068	325	325	1	abbiamo	abbiamo	_	_	_	_	_	linguistic	_	none	_	_	_	_	_	_
325-2	BOI068	325	325	2	anche	anche	_	_	_	_	_	linguistic	_	none	_	_	_	_	_	_
325-3	BOI068	325	325	3	la	la	_	_	_	_	_	linguistic	_	none	_	_	_	_	_	_
325-4	BOI068	325	325	4	piscina	piscina	_	_	_	_	_	linguistic	_	none	_	_	_	_	_	_
325-5	BOI068	325	325	5	di	di	_	_	_	_	_	linguistic	_	none	_	_	_	_	_	_
325-6	BOI068	325	325	6	fianco	fianco	_	_	_	_	_	linguistic	_	none	_	End=856.301	_	_	_	_
326-0	BOI068	326	326	0	e	e	_	_	_	_	_	linguistic	_	none	_	Begin=856.501	_	_	_	_
326-1	BOI068	326	326	1	poi	poi	_	_	_	_	_	linguistic	_	none	_	_	_	_	_	_
326-2	BOI068	326	326	2	c'	c'	_	_	_	_	_	linguistic	_	none	SpaceAfter=No	_	_	_	_	_
326-3	BOI068	326	326	3	è	è	_	_	_	_	_	linguistic	_	none	_	_	_	_	_	_
326-4	BOI068	326	326	4	una	una	_	_	_	_	_	linguistic	_	none	_	_	_	_	_	_
326-5	BOI068	326	326	5	scuola	scuola	_	_	_	_	_	linguistic	_	none	_	_	_	_	_	_
326-6	BOI068	326	326	6	di	di	_	_	_	_	_	linguistic	_	none	_	_	_	_	_	_
326-7	BOI068	326	326	7	ballo	ballo	_	_	_	_	_	linguistic	_	none	PauseAfter=Yes	_	_	_	_	_
326-8	BOI068	326	326	8	{P}	{P}	_	_	_	_	_	shortpause	_	none	_	_	_	_	_	_
326-9	BOI068	326	326	9	di	di	_	_	_	_	_	linguistic	_	none	_	_	_	_	_	_
326-10	BOI068	326	326	10	fianco	fianco	_	_	_	_	_	linguistic	_	none	_	_	_	_	_	_
326-11	BOI068	326	326	11	a	a	_	_	_	_	_	linguistic	_	none	_	_	_	_	_	_
326-12	BOI068	326	326	12	casa	casa	_	_	_	_	_	linguistic	_	none	_	_	_	_	_	_
326-13	BOI068	326	326	13	mia	mia	_	_	_	_	_	linguistic	_	none	_	_	_	_	_	_
326-14	BOI068	326	326	14	quindi	quindi	_	_	_	_	_	linguistic	_	none	_	_	_	_	_	_
326-15	BOI068	326	326	15	sì	sì	_	_	_	_	_	linguistic	_	none	_	_	_	_	_	_
326-16	BOI068	326	326	16	avevo	avevo	_	_	_	_	_	linguistic	_	none	_	_	_	_	_	_
326-17	BOI068	326	326	17	provato	provato	_	_	_	_	_	linguistic	_	none	_	_	_	_	_	_
326-18	BOI068	326	326	18	a:	a	_	_	_	_	_	linguistic	_	none	_	End=860.896	0x1	_	_	_
327-0	BOI068	327	327	0	e:h	eh	_	_	_	_	_	linguistic	_	none	_	Begin=861.311	0x1	_	_	_
327-1	BOI068	327	327	1	fare:	fare	_	_	_	_	_	linguistic	_	none	_	_	3x1	_	_	_
327-2	BOI068	327	327	2	mh	mh	_	_	_	_	_	linguistic	_	none	_	End=862.753	_	_	_	_
328-0	BOI068	328	328	0	danza	danza	_	_	_	_	_	linguistic	_	none	_	Begin=862.869	_	_	_	_
328-1	BOI068	328	328	1	mod[erna]	moderna	_	_	_	_	_	linguistic	_	none	_	End=863.801	_	_	_	3-7(72)
329-0	BOR019	329	329	0	[mhmh]	mhmh	_	_	_	_	_	linguistic	_	none	PauseAfter=Yes	Begin=863.58	_	_	_	0-4(72)
329-1	BOR019	329	329	1	{P}	{P}	_	_	_	_	_	shortpause	_	none	_	_	_	_	_	_
329-2	BOR019	329	329	2	mhmh	mhmh	_	_	_	_	_	linguistic	_	none	_	End=864.453	_	_	_	_
330-0	BOI068	330	330	0	quand'	quand'	_	_	_	_	_	linguistic	_	none	SpaceAfter=No	Begin=864.753	_	_	_	_
330-1	BOI068	330	330	1	ero:	ero	_	_	_	_	_	linguistic	_	none	_	End=865.425	2x1	_	_	_
331-0	BOI068	331	331	0	piccola	piccola	_	_	_	_	_	linguistic	_	none	_	Begin=865.601	_	_	_	_
331-1	BOI068	331	331	1	l'	l'	_	_	_	_	_	linguistic	_	none	SpaceAfter=No	_	_	_	_	_
331-2	BOI068	331	331	2	ho	ho	_	_	_	_	_	linguistic	_	none	_	_	_	_	_	_
331-3	BOI068	331	331	3	fatta	fatta	_	_	_	_	_	linguistic	_	none	_	_	_	_	_	_
331-4	BOI068	331	331	4	per	per	_	_	_	_	_	linguistic	_	none	_	_	_	_	_	_
331-5	BOI068	331	331	5	quattro	quattro	_	_	_	_	_	linguistic	_	none	_	_	_	_	_	_
331-6	BOI068	331	331	6	anni	anni	_	_	_	_	_	linguistic	_	none	_	End=867.606	_	_	_	_
332-0	BOR019	332	332	0	però	però	_	_	_	_	_	linguistic	_	none	_	Begin=867.822|End=868.148	_	_	_	_
333-0	BOI068	333	333	0	e::	e	_	_	_	_	_	linguistic	_	none	_	Begin=868.169	0x2	_	_	_
333-1	BOI068	333	333	1	poi	poi	_	_	_	_	_	linguistic	_	none	_	_	_	_	_	_
333-2	BOI068	333	333	2	ho	ho	_	_	_	_	_	linguistic	_	none	_	_	_	_	_	_
333-3	BOI068	333	333	3	provato:,	provato	_	_	_	_	_	linguistic	_	none	Intonation=WeaklyRising	End=870.738	6x1	_	_	_
334-0	BOI068	334	334	0	e:h	eh	_	_	_	_	_	linguistic	_	none	_	Begin=870.901	0x1	_	_	_
334-1	BOI068	334	334	1	diciamo	diciamo	_	_	_	_	_	linguistic	_	none	_	_	_	_	_	_
334-2	BOI068	334	334	2	la:	la	_	_	_	_	_	linguistic	_	none	_	End=872.18	1x1	_	_	_
335-0	BOI068	335	335	0	eh	eh	_	_	_	_	_	linguistic	_	none	_	Begin=872.506	_	_	_	_
335-1	BOI068	335	335	1	la	la	_	_	_	_	_	linguistic	_	none	_	_	_	_	_	_
335-2	BOI068	335	335	2	danza	danza	_	_	_	_	_	linguistic	_	none	_	_	_	_	_	_
335-3	BOI068	335	335	3	latino	latino	_	_	_	_	_	linguistic	_	none	_	_	_	_	_	_
335-4	BOI068	335	335	4	americana	americana	_	_	_	_	_	linguistic	_	none	_	End=874.259	_	_	_	_
336-0	BOR019	336	336	0	ah	ah	_	_	_	_	_	linguistic	_	none	_	Begin=874.296	_	_	_	_
336-1	BOR019	336	336	1	ah	ah	_	_	_	_	_	linguistic	_	none	_	_	_	_	_	_
336-2	BOR019	336	336	2	ah	ah	_	_	_	_	_	linguistic	_	none	_	End=874.801	_	_	_	_
337-0	BOI068	337	337	0	PERÒ	però	_	_	_	_	_	linguistic	_	none	PauseAfter=Yes|Volume=high	Begin=874.801	_	_	_	_
337-1	BOI068	337	337	1	{P}	{P}	_	_	_	_	_	shortpause	_	none	_	_	_	_	_	_
337-2	BOI068	337	337	2	era	era	_	_	_	_	_	linguistic	_	none	_	_	_	_	_	_
337-3	BOI068	337	337	3	qualcosa	qualcosa	_	_	_	_	_	linguistic	_	none	_	_	_	_	_	_
337-4	BOI068	337	337	4	di	di	_	_	_	_	_	linguistic	_	none	_	_	_	_	_	_
337-5	BOI068	337	337	5	non	non	_	_	_	_	_	linguistic	_	none	_	_	_	_	_	_
337-6	BOI068	337	337	6	serissimo	serissimo	_	_	_	_	_	linguistic	_	none	_	_	_	_	_	_
337-7	BOI068	337	337	7	perché	perché	_	_	_	_	_	linguistic	_	none	_	_	_	_	_	_
337-8	BOI068	337	337	8	la	la	_	_	_	_	_	linguistic	_	none	_	_	_	_	_	_
337-9	BOI068	337	337	9	facevano	facevano	_	_	_	_	_	linguistic	_	none	_	_	_	_	_	_
337-10	BOI068	337	337	10	due	due	_	_	_	_	_	linguistic	_	none	_	_	_	_	_	_
337-11	BOI068	337	337	11	ragazzi	ragazzi	_	_	_	_	_	linguistic	_	none	_	_	_	_	_	_
337-12	BOI068	337	337	12	che	che	_	_	_	_	_	linguistic	_	none	_	_	_	_	_	_
337-13	BOI068	337	337	13	sempre	sempre	_	_	_	_	_	linguistic	_	none	_	_	_	_	_	_
337-14	BOI068	337	337	14	della	della	_	_	_	_	_	linguistic	_	none	_	_	_	_	_	_
337-15	BOI068	337	337	15	scuola	scuola	_	_	_	_	_	linguistic	_	none	_	_	_	_	_	_
337-16	BOI068	337	337	16	di	di	_	_	_	_	_	linguistic	_	none	_	_	_	_	_	_
337-17	BOI068	337	337	17	ballo	ballo	_	_	_	_	_	linguistic	_	none	_	End=881.017	_	_	_	_
338-0	BOI068	338	338	0	ehm	ehm	_	_	_	_	_	linguistic	_	none	_	Begin=882.348|End=882.824	_	_	_	_
339-0	BOI068	339	339	0	(di)ciamo	diciamo	_	_	_	_	_	linguistic	_	none	_	Begin=882.996	_	_	0-2(0)	_
339-1	BOI068	339	339	1	di	di	_	_	_	_	_	linguistic	_	none	_	_	_	_	_	_
339-2	BOI068	339	339	2	cui	cui	_	_	_	_	_	linguistic	_	none	_	_	_	_	_	_
339-3	BOI068	339	339	3	facevo	facevo	_	_	_	_	_	linguistic	_	none	_	_	_	_	_	_
339-4	BOI068	339	339	4	parte	parte	_	_	_	_	_	linguistic	_	none	_	End=884.283	_	_	_	_
340-0	BOI068	340	340	0	però	però	_	_	_	_	_	linguistic	_	none	_	Begin=884.875	_	_	_	_
340-1	BOI068	340	340	1	la	la	_	_	_	_	_	linguistic	_	none	_	_	_	_	_	_
340-2	BOI068	340	340	2	facevano	facevano	_	_	_	_	_	linguistic	_	none	_	_	_	_	_	_
340-3	BOI068	340	340	3	nel	nel	_	_	_	_	_	linguistic	_	none	_	_	_	_	_	_
340-4	BOI068	340	340	4	centro	centro	_	_	_	_	_	linguistic	_	none	_	_	_	_	_	_
340-5	BOI068	340	340	5	anziani	anziani	_	_	_	_	_	linguistic	_	none	_	_	_	_	_	_
340-6	BOI068	340	340	6	ad	ad	_	_	_	_	_	linguistic	_	none	_	_	_	_	_	_
340-7	BOI068	340	340	7	altedo	altedo	_	_	_	_	_	linguistic	_	none	_	_	_	_	_	_
340-8	BOI068	340	340	8	cioè	cioè	_	_	_	_	_	linguistic	_	none	_	_	_	_	_	_
340-9	BOI068	340	340	9	eravamo:	eravamo	_	_	_	_	_	linguistic	_	none	_	_	6x1	_	_	_
340-10	BOI068	340	340	10	un	un	_	_	_	_	_	linguistic	_	none	_	_	_	_	_	_
340-11	BOI068	340	340	11	gruppo	gruppo	_	_	_	_	_	linguistic	_	none	_	_	_	_	_	_
340-12	BOI068	340	340	12	di	di	_	_	_	_	_	linguistic	_	none	_	_	_	_	_	_
340-13	BOI068	340	340	13	tipo	tipo	_	_	_	_	_	linguistic	_	none	_	_	_	_	_	_
340-14	BOI068	340	340	14	cinque:	cinque	_	_	_	_	_	linguistic	_	none	_	_	5x1	_	_	_
340-15	BOI068	340	340	15	bambini	bambini	_	_	_	_	_	linguistic	_	none	_	_	_	_	_	_
340-16	BOI068	340	340	16	diciamo	diciamo	_	_	_	_	_	linguistic	_	none	_	_	_	_	_	_
340-17	BOI068	340	340	17	per[ché	perché	_	_	_	_	_	linguistic	_	none	_	_	_	_	_	3-6(73)
340-18	BOI068	340	340	18	avevam]o	avevamo	_	_	_	_	_	linguistic	_	none	_	_	_	_	_	0-6(73)
340-19	BOI068	340	340	19	ancora	ancora	_	_	_	_	_	linguistic	_	none	_	_	_	_	_	_
340-20	BOI068	340	340	20	nove	nove	_	_	_	_	_	linguistic	_	none	_	_	_	_	_	_
340-21	BOI068	340	340	21	anni	anni	_	_	_	_	_	linguistic	_	none	_	_	_	_	_	_
340-22	BOI068	340	340	22	dieci	dieci	_	_	_	_	_	linguistic	_	none	_	End=893.159	_	_	_	_
341-0	BOR019	341	341	0	[mi]	mi	_	_	_	_	_	linguistic	_	none	_	Begin=890.933|End=891.306	_	_	_	0-2(73)
342-0	BOI068	342	342	0	e	e	_	_	_	_	_	linguistic	_	none	_	Begin=893.601	_	_	_	_
342-1	BOI068	342	342	1	quindi:	quindi	_	_	_	_	_	linguistic	_	none	_	_	5x1	_	_	_
342-2	BOI068	342	342	2	sì	sì	_	_	_	_	_	linguistic	_	none	_	_	_	_	_	_
342-3	BOI068	342	342	3	non	non	_	_	_	_	_	linguistic	_	none	_	_	_	_	_	_
342-4	BOI068	342	342	4	era	era	_	_	_	_	_	linguistic	_	none	_	_	_	_	_	_
342-5	BOI068	342	342	5	una	una	_	_	_	_	_	linguistic	_	none	_	_	_	_	_	_
342-6	BOI068	342	342	6	cosa	cosa	_	_	_	_	_	linguistic	_	none	_	_	_	_	_	_
342-7	BOI068	342	342	7	serissima	serissima	_	_	_	_	_	linguistic	_	none	_	_	_	_	_	_
342-8	BOI068	342	342	8	però:	però	_	_	_	_	_	linguistic	_	none	_	End=896.59	3x1	_	_	_
343-0	BOR019	343	343	0	ho	ho	_	_	_	_	_	linguistic	_	none	_	Begin=897.101	_	_	_	_
343-1	BOR019	343	343	1	capito	capito	_	_	_	_	_	linguistic	_	none	_	End=897.779	_	_	_	_
344-0	BOR019	344	344	0	e:hm:	ehm	_	_	_	_	_	linguistic	_	none	_	Begin=898.001	0x1,2x1	_	_	_
344-1	BOR019	344	344	1	invece::	invece	_	_	_	_	_	linguistic	_	none	_	_	5x2	_	_	_
344-2	BOR019	344	344	2	canto::	canto	_	_	_	_	_	linguistic	_	none	_	_	4x2	_	_	_
344-3	BOR019	344	344	3	m:h	mh	_	_	_	_	_	linguistic	_	none	_	End=902.001	0x1	_	_	_
345-0	BOR019	345	345	0	strumenti::	strumenti	_	_	_	_	_	linguistic	_	none	_	Begin=902.479|End=904.39	8x2	_	_	_
346-0	BOR019	346	346	0	hai	hai	_	_	_	_	_	linguistic	_	none	_	Begin=904.484	_	_	_	_
346-1	BOR019	346	346	1	mai	mai	_	_	_	_	_	linguistic	_	none	_	_	_	_	_	_
346-2	BOR019	346	346	2	suon[ato]	suonato	_	_	_	_	_	linguistic	_	none	_	End=905.607	_	_	_	4-7(74)
347-0	BOI068	347	347	0	[sì]	sì	_	_	_	_	_	linguistic	_	none	_	Begin=905.284|End=905.765	_	_	_	0-2(74)
348-0	BOI068	348	348	0	allora	allora	_	_	_	_	_	linguistic	_	none	_	Begin=906.279|End=906.912	_	_	_	_
349-0	BOI068	349	349	0	e:h	eh	_	_	_	_	_	linguistic	_	none	_	Begin=907.101|End=907.681	0x1	_	_	_
350-0	BOI068	350	350	0	in:	in	_	_	_	_	_	linguistic	_	none	_	Begin=907.995	1x1	_	_	_
350-1	BOI068	350	350	1	prima	prima	_	_	_	_	_	linguistic	_	none	_	_	_	_	_	_
350-2	BOI068	350	350	2	media,	media	_	_	_	_	_	linguistic	_	none	Intonation=WeaklyRising	End=909.895	_	_	_	_
351-0	BOI068	351	351	0	ho:	ho	_	_	_	_	_	linguistic	_	none	_	Begin=910.462	1x1	_	_	_
351-1	BOI068	351	351	1	diciamo:	diciamo	_	_	_	_	_	linguistic	_	none	_	_	6x1	_	_	_
351-2	BOI068	351	351	2	iniziato:	iniziato	_	_	_	_	_	linguistic	_	none	_	_	7x1	_	_	_
351-3	BOI068	351	351	3	a:	a	_	_	_	_	_	linguistic	_	none	_	_	0x1	_	_	_
351-4	BOI068	351	351	4	s~	s~	_	_	_	_	_	linguistic	_	none	Interrupted=Yes	_	_	_	_	_
351-5	BOI068	351	351	5	studiare	studiare	_	_	_	_	_	linguistic	_	none	_	_	_	_	_	_
351-6	BOI068	351	351	6	pianoforte	pianoforte	_	_	_	_	_	linguistic	_	none	_	_	_	_	_	_
351-7	BOI068	351	351	7	perché:	perché	_	_	_	_	_	linguistic	_	none	_	_	5x1	_	_	_
351-8	BOI068	351	351	8	alle	alle	_	_	_	_	_	linguistic	_	none	_	_	_	_	_	_
351-9	BOI068	351	351	9	medie	medie	_	_	_	_	_	linguistic	_	none	_	_	_	_	_	_
351-10	BOI068	351	351	10	ad	ad	_	_	_	_	_	linguistic	_	none	_	_	_	_	_	_
351-11	BOI068	351	351	11	altedo	altedo	_	_	_	_	_	linguistic	_	none	_	End=916.936	_	_	_	_
352-0	BOI068	352	352	0	si	si	_	_	_	_	_	linguistic	_	none	_	Begin=917.329	_	_	_	_
352-1	BOI068	352	352	1	poteva	poteva	_	_	_	_	_	linguistic	_	none	_	_	_	_	_	_
352-2	BOI068	352	352	2	scegliere	scegliere	_	_	_	_	_	linguistic	_	none	_	_	_	_	_	_
352-3	BOI068	352	352	3	l'	l'	_	_	_	_	_	linguistic	_	none	SpaceAfter=No	_	_	_	_	_
352-4	BOI068	352	352	4	indirizzo	indirizzo	_	_	_	_	_	linguistic	_	none	_	_	_	_	_	_
352-5	BOI068	352	352	5	musicale	musicale	_	_	_	_	_	linguistic	_	none	_	End=919.629	_	_	_	_
353-0	BOI068	353	353	0	>e	e	_	_	_	_	_	linguistic	_	none	_	Begin=919.834	_	Fast=0-1(0)	_	_
353-1	BOI068	353	353	1	quindi	quindi	_	_	_	_	_	linguistic	_	none	_	_	_	Fast=0-6(0)	_	_
353-2	BOI068	353	353	2	facevi	facevi	_	_	_	_	_	linguistic	_	none	_	_	_	Fast=0-6(0)	_	_
353-3	BOI068	353	353	3	diciamo<	diciamo	_	_	_	_	_	linguistic	_	none	_	_	_	Fast=0-7(0)	_	_
353-4	BOI068	353	353	4	quasi	quasi	_	_	_	_	_	linguistic	_	none	_	_	_	_	_	_
353-5	BOI068	353	353	5	un	un	_	_	_	_	_	linguistic	_	none	PauseAfter=Yes	_	_	_	_	_
353-6	BOI068	353	353	6	{P}	{P}	_	_	_	_	_	shortpause	_	none	_	_	_	_	_	_
353-7	BOI068	353	353	7	provino	provino	_	_	_	_	_	linguistic	_	none	_	End=922.134	_	_	_	_
354-0	BOR019	354	354	0	mh	mh	_	_	_	_	_	linguistic	_	none	_	Begin=922.24|End=922.507	_	_	_	_
355-0	BOI068	355	355	0	ehm	ehm	_	_	_	_	_	linguistic	_	none	_	Begin=922.507	_	_	_	_
355-1	BOI068	355	355	1	eh	eh	_	_	_	_	_	linguistic	_	none	_	_	_	_	_	_
355-2	BOI068	355	355	2	gli	gli	_	_	_	_	_	linguistic	_	none	_	_	_	_	_	_
355-3	BOI068	355	355	3	ultimi	ultimi	_	_	_	_	_	linguistic	_	none	_	_	_	_	_	_
355-4	BOI068	355	355	4	giorni	giorni	_	_	_	_	_	linguistic	_	none	_	_	_	_	_	_
355-5	BOI068	355	355	5	del~	del~	_	_	_	_	_	linguistic	_	none	Interrupted=Yes	_	_	_	_	_
355-6	BOI068	355	355	6	della	della	_	_	_	_	_	linguistic	_	none	_	_	_	_	_	_
355-7	BOI068	355	355	7	quinta	quinta	_	_	_	_	_	linguistic	_	none	_	_	_	_	_	_
355-8	BOI068	355	355	8	elementare	elementare	_	_	_	_	_	linguistic	_	none	_	End=926.251	_	_	_	_
356-0	BOI068	356	356	0	e	e	_	_	_	_	_	linguistic	_	none	_	Begin=926.507	_	_	_	_
356-1	BOI068	356	356	1	e:h	eh	_	_	_	_	_	linguistic	_	none	_	_	0x1	_	_	_
356-2	BOI068	356	356	2	ti	ti	_	_	_	_	_	linguistic	_	none	_	_	_	_	_	_
356-3	BOI068	356	356	3	sceglievano	sceglievano	_	_	_	_	_	linguistic	_	none	_	_	_	_	_	_
356-4	BOI068	356	356	4	poi	poi	_	_	_	_	_	linguistic	_	none	_	_	_	_	_	_
356-5	BOI068	356	356	5	loro	loro	_	_	_	_	_	linguistic	_	none	_	_	_	_	_	_
356-6	BOI068	356	356	6	ti	ti	_	_	_	_	_	linguistic	_	none	_	_	_	_	_	_
356-7	BOI068	356	356	7	facevano	facevano	_	_	_	_	_	linguistic	_	none	_	_	_	_	_	_
356-8	BOI068	356	356	8	provare	provare	_	_	_	_	_	linguistic	_	none	_	_	_	_	_	_
356-9	BOI068	356	356	9	>praticamente<	praticamente	_	_	_	_	_	linguistic	_	none	_	_	_	Fast=0-12(0)	_	_
356-10	BOI068	356	356	10	a	a	_	_	_	_	_	linguistic	_	none	_	_	_	_	_	_
356-11	BOI068	356	356	11	suonare	suonare	_	_	_	_	_	linguistic	_	none	_	_	_	_	_	_
356-12	BOI068	356	356	12	cioè	cioè	_	_	_	_	_	linguistic	_	none	_	_	_	_	_	_
356-13	BOI068	356	356	13	a	a	_	_	_	_	_	linguistic	_	none	_	_	_	_	_	_
356-14	BOI068	356	356	14	suonare	suonare	_	_	_	_	_	linguistic	_	none	_	_	_	_	_	_
356-15	BOI068	356	356	15	più	più	_	_	_	_	_	linguistic	_	none	_	_	_	_	_	_
356-16	BOI068	356	356	16	che	che	_	_	_	_	_	linguistic	_	none	_	_	_	_	_	_
356-17	BOI068	356	356	17	altro	altro	_	_	_	_	_	linguistic	_	none	_	_	_	_	_	_
356-18	BOI068	356	356	18	a	a	_	_	_	_	_	linguistic	_	none	_	_	_	_	_	_
356-19	BOI068	356	356	19	toccare	toccare	_	_	_	_	_	linguistic	_	none	_	_	_	_	_	_
356-20	BOI068	356	356	20	dei	dei	_	_	_	_	_	linguistic	_	none	_	_	_	_	_	_
356-21	BOI068	356	356	21	tasti	tasti	_	_	_	_	_	linguistic	_	none	_	_	_	_	_	_
356-22	BOI068	356	356	22	di	di	_	_	_	_	_	linguistic	_	none	_	_	_	_	_	_
356-23	BOI068	356	356	23	ogni	ogni	_	_	_	_	_	linguistic	_	none	_	_	_	_	_	_
356-24	BOI068	356	356	24	strumento	strumento	_	_	_	_	_	linguistic	_	none	_	End=935.284	_	_	_	_
357-0	BOR019	357	357	0	giusto	giusto	_	_	_	_	_	linguistic	_	none	_	Begin=935.284|End=935.748	_	_	_	_
358-0	BOI068	358	358	0	e	e	_	_	_	_	_	linguistic	_	none	_	Begin=935.771	_	_	_	_
358-1	BOI068	358	358	1	poi	poi	_	_	_	_	_	linguistic	_	none	_	_	_	_	_	_
358-2	BOI068	358	358	2	dopo	dopo	_	_	_	_	_	linguistic	_	none	_	_	_	_	_	_
358-3	BOI068	358	358	3	sceglievano	sceglievano	_	_	_	_	_	linguistic	_	none	_	_	_	_	_	_
358-4	BOI068	358	358	4	qual	qual	_	_	_	_	_	linguistic	_	none	_	_	_	_	_	_
358-5	BOI068	358	358	5	era	era	_	_	_	_	_	linguistic	_	none	_	_	_	_	_	_
358-6	BOI068	358	358	6	secondo	secondo	_	_	_	_	_	linguistic	_	none	_	_	_	_	_	_
358-7	BOI068	358	358	7	loro	loro	_	_	_	_	_	linguistic	_	none	_	_	_	_	_	_
358-8	BOI068	358	358	8	il	il	_	_	_	_	_	linguistic	_	none	_	_	_	_	_	_
358-9	BOI068	358	358	9	più	più	_	_	_	_	_	linguistic	_	none	_	_	_	_	_	_
358-10	BOI068	358	358	10	adatto	adatto	_	_	_	_	_	linguistic	_	none	_	_	_	_	_	_
358-11	BOI068	358	358	11	a	a	_	_	_	_	_	linguistic	_	none	_	_	_	_	_	_
358-12	BOI068	358	358	12	te	te	_	_	_	_	_	linguistic	_	none	_	_	_	_	_	_
358-13	BOI068	358	358	13	quindi	quindi	_	_	_	_	_	linguistic	_	none	_	_	_	_	_	_
358-14	BOI068	358	358	14	ho	ho	_	_	_	_	_	linguistic	_	none	_	_	_	_	_	_
358-15	BOI068	358	358	15	fatto:	fatto	_	_	_	_	_	linguistic	_	none	_	_	4x1	_	_	_
358-16	BOI068	358	358	16	pianoforte	pianoforte	_	_	_	_	_	linguistic	_	none	_	End=940.414	_	_	_	_
359-0	BOI068	359	359	0	e	e	_	_	_	_	_	linguistic	_	none	_	Begin=940.719	_	_	_	_
359-1	BOI068	359	359	1	poi	poi	_	_	_	_	_	linguistic	_	none	_	End=941.266	_	_	_	_
360-0	BOI068	360	360	0	praticamente	praticamente	_	_	_	_	_	linguistic	_	none	_	Begin=941.319	_	_	_	_
360-1	BOI068	360	360	1	da	da	_	_	_	_	_	linguistic	_	none	_	End=942.119	_	_	_	_
361-0	BOI068	361	361	0	da	da	_	_	_	_	_	linguistic	_	none	_	Begin=942.525	_	_	_	_
361-1	BOI068	361	361	1	quando	quando	_	_	_	_	_	linguistic	_	none	_	_	_	_	_	_
361-2	BOI068	361	361	2	son	son	_	_	_	_	_	linguistic	_	none	_	_	_	_	_	_
361-3	BOI068	361	361	3	piccola	piccola	_	_	_	_	_	linguistic	_	none	_	_	_	_	_	_
361-4	BOI068	361	361	4	canto	canto	_	_	_	_	_	linguistic	_	none	_	_	_	_	_	_
361-5	BOI068	361	361	5	cio[è	cioè	_	_	_	_	_	linguistic	_	none	_	_	_	_	_	3-4(75)
361-6	BOI068	361	361	6	diciamo]	diciamo	_	_	_	_	_	linguistic	_	none	_	End=945.136	_	_	_	0-7(75)
362-0	BOR019	362	362	0	[A:H	ah	_	_	_	_	_	linguistic	_	none	Volume=high	Begin=944.325	0x1	_	_	0-2(75)
362-1	BOR019	362	362	1	BEL]LO	bello	_	_	_	_	_	linguistic	_	none	Volume=high	End=945.389	_	_	_	0-3(75)
363-0	BOI068	363	363	0	sì	sì	_	_	_	_	_	linguistic	_	none	_	Begin=945.389|End=945.756	_	_	_	_
364-0	BOI068	364	364	0	mi	mi	_	_	_	_	_	linguistic	_	none	_	Begin=946.413	_	_	_	_
364-1	BOI068	364	364	1	piace	piace	_	_	_	_	_	linguistic	_	none	_	_	_	_	_	_
364-2	BOI068	364	364	2	perché:	perché	_	_	_	_	_	linguistic	_	none	_	_	5x1	_	_	_
364-3	BOI068	364	364	3	vabbè	vabbè	_	_	_	_	_	linguistic	_	none	_	_	_	_	_	_
364-4	BOI068	364	364	4	ho	ho	_	_	_	_	_	linguistic	_	none	_	_	_	_	_	_
364-5	BOI068	364	364	5	praticamente	praticamente	_	_	_	_	_	linguistic	_	none	_	_	_	_	_	_
364-6	BOI068	364	364	6	tutta	tutta	_	_	_	_	_	linguistic	_	none	_	_	_	_	_	_
364-7	BOI068	364	364	7	la	la	_	_	_	_	_	linguistic	_	none	_	_	_	_	_	_
364-8	BOI068	364	364	8	famiglia	famiglia	_	_	_	_	_	linguistic	_	none	_	_	_	_	_	_
364-9	BOI068	364	364	9	da	da	_	_	_	_	_	linguistic	_	none	_	_	_	_	_	_
364-10	BOI068	364	364	10	parte	parte	_	_	_	_	_	linguistic	_	none	_	_	_	_	_	_
364-11	BOI068	364	364	11	di	di	_	_	_	_	_	linguistic	_	none	_	_	_	_	_	_
364-12	BOI068	364	364	12	mia	mia	_	_	_	_	_	linguistic	_	none	_	_	_	_	_	_
364-13	BOI068	364	364	13	mamma	mamma	_	_	_	_	_	linguistic	_	none	_	_	_	_	_	_
364-14	BOI068	364	364	14	(c~)	c~	_	_	_	_	_	linguistic	_	none	Interrupted=Yes	_	_	_	0-2(0)	_
364-15	BOI068	364	364	15	m:h	mh	_	_	_	_	_	linguistic	_	none	_	_	0x1	_	_	_
364-16	BOI068	364	364	16	che	che	_	_	_	_	_	linguistic	_	none	_	_	_	_	_	_
364-17	BOI068	364	364	17	suonano	suonano	_	_	_	_	_	linguistic	_	none	_	_	_	_	_	_
364-18	BOI068	364	364	18	cantano	cantano	_	_	_	_	_	linguistic	_	none	_	End=953.031	_	_	_	_
365-0	BOI068	365	365	0	eh	eh	_	_	_	_	_	linguistic	_	none	_	Begin=953.566	_	_	_	_
365-1	BOI068	365	365	1	si	si	_	_	_	_	_	linguistic	_	none	_	_	_	_	_	_
365-2	BOI068	365	365	2	ri~	ri~	_	_	_	_	_	linguistic	_	none	Interrupted=Yes	End=954.095	_	_	_	_
366-0	BOI068	366	366	0	si	si	_	_	_	_	_	linguistic	_	none	_	Begin=954.284	_	_	_	_
366-1	BOI068	366	366	1	ritrovano	ritrovano	_	_	_	_	_	linguistic	_	none	_	_	_	_	_	_
366-2	BOI068	366	366	2	in	in	_	_	_	_	_	linguistic	_	none	_	_	_	_	_	_
366-3	BOI068	366	366	3	estate	estate	_	_	_	_	_	linguistic	_	none	_	_	_	_	_	_
366-4	BOI068	366	366	4	quando	quando	_	_	_	_	_	linguistic	_	none	_	_	_	_	_	_
366-5	BOI068	366	366	5	ci	ci	_	_	_	_	_	linguistic	_	none	_	_	_	_	_	_
366-6	BOI068	366	366	6	sono	sono	_	_	_	_	_	linguistic	_	none	_	_	_	_	_	_
366-7	BOI068	366	366	7	le:	le	_	_	_	_	_	linguistic	_	none	_	_	1x1	_	_	_
366-8	BOI068	366	366	8	le	le	_	_	_	_	_	linguistic	_	none	_	_	_	_	_	_
366-9	BOI068	366	366	9	sagre	sagre	_	_	_	_	_	linguistic	_	none	_	_	_	_	_	_
366-10	BOI068	366	366	10	[così	così	_	_	_	_	_	linguistic	_	none	_	_	_	_	_	0-4(76)
366-11	BOI068	366	366	11	o	o	_	_	_	_	_	linguistic	_	none	_	_	_	_	_	0-1(76)
366-12	BOI068	366	366	12	i	i	_	_	_	_	_	linguistic	_	none	_	_	_	_	_	0-1(76)
366-13	BOI068	366	366	13	co]mpleanni	compleanni	_	_	_	_	_	linguistic	_	none	_	_	_	_	_	0-2(76)
366-14	BOI068	366	366	14	a	a	_	_	_	_	_	linguistic	_	none	_	_	_	_	_	_
366-15	BOI068	366	366	15	suonare:	suonare	_	_	_	_	_	linguistic	_	none	_	End=959.284	6x1	_	_	_
367-0	BOR019	367	367	0	[sì]	sì	_	_	_	_	_	linguistic	_	none	_	Begin=957.307|End=957.713	_	_	_	0-2(76)
368-0	BOI068	368	368	0	e	e	_	_	_	_	_	linguistic	_	none	_	Begin=959.642	_	_	_	_
368-1	BOI068	368	368	1	quindi:	quindi	_	_	_	_	_	linguistic	_	none	_	_	5x1	_	_	_
368-2	BOI068	368	368	2	diciamo	diciamo	_	_	_	_	_	linguistic	_	none	_	_	_	_	_	_
368-3	BOI068	368	368	3	mi	mi	_	_	_	_	_	linguistic	_	none	_	_	_	_	_	_
368-4	BOI068	368	368	4	hanno	hanno	_	_	_	_	_	linguistic	_	none	_	_	_	_	_	_
368-5	BOI068	368	368	5	trasmesso	trasmesso	_	_	_	_	_	linguistic	_	none	_	_	_	_	_	_
368-6	BOI068	368	368	6	questa	questa	_	_	_	_	_	linguistic	_	none	_	_	_	_	_	_
368-7	BOI068	368	368	7	passione	passione	_	_	_	_	_	linguistic	_	none	_	End=962.766	_	_	_	_
369-0	BOR019	369	369	0	dai	dai	_	_	_	_	_	linguistic	_	none	_	Begin=963.237|End=963.547	_	_	_	_
370-0	BOR019	370	370	0	bello	bello	_	_	_	_	_	linguistic	_	none	_	Begin=963.766	_	_	_	_
370-1	BOR019	370	370	1	bello	bello	_	_	_	_	_	linguistic	_	none	_	_	_	_	_	_
370-2	BOR019	370	370	2	bello	bello	_	_	_	_	_	linguistic	_	none	_	End=964.746	_	_	_	_
371-0	BOR019	371	371	0	e:	e	_	_	_	_	_	linguistic	_	none	_	Begin=965.195	0x1	_	_	_
371-1	BOR019	371	371	1	volevo	volevo	_	_	_	_	_	linguistic	_	none	_	_	_	_	_	_
371-2	BOR019	371	371	2	chiederti:	chiederti	_	_	_	_	_	linguistic	_	none	_	_	8x1	_	_	_
371-3	BOR019	371	371	3	tu	tu	_	_	_	_	_	linguistic	_	none	_	_	_	_	_	_
371-4	BOR019	371	371	4	mi	mi	_	_	_	_	_	linguistic	_	none	_	_	_	_	_	_
371-5	BOR019	371	371	5	hai	hai	_	_	_	_	_	linguistic	_	none	_	_	_	_	_	_
371-6	BOR019	371	371	6	detto	detto	_	_	_	_	_	linguistic	_	none	_	_	_	_	_	_
371-7	BOR019	371	371	7	che:	che	_	_	_	_	_	linguistic	_	none	_	_	2x1	_	_	_
371-8	BOR019	371	371	8	tua	tua	_	_	_	_	_	linguistic	_	none	_	_	_	_	_	_
371-9	BOR019	371	371	9	mamma	mamma	_	_	_	_	_	linguistic	_	none	_	_	_	_	_	_
371-10	BOR019	371	371	10	è	è	_	_	_	_	_	linguistic	_	none	_	_	_	_	_	_
371-11	BOR019	371	371	11	di	di	_	_	_	_	_	linguistic	_	none	_	_	_	_	_	_
371-12	BOR019	371	371	12	taranto,	taranto	_	_	_	_	_	linguistic	_	none	Intonation=WeaklyRising	End=969.266	_	_	_	_
372-0	BOI068	372	372	0	sì	sì	_	_	_	_	_	linguistic	_	none	_	Begin=969.501|End=969.913	_	_	_	_
373-0	BOR019	373	373	0	okay	okay	_	_	_	_	_	linguistic	_	none	_	Begin=970.189|End=970.766	_	_	_	_
374-0	BOR019	374	374	0	e:	e	_	_	_	_	_	linguistic	_	none	_	Begin=971.437	0x1	_	_	_
374-1	BOR019	374	374	1	quindi	quindi	_	_	_	_	_	linguistic	_	none	_	_	_	_	_	_
374-2	BOR019	374	374	2	hai	hai	_	_	_	_	_	linguistic	_	none	_	_	_	_	_	_
374-3	BOR019	374	374	3	parenti:	parenti	_	_	_	_	_	linguistic	_	none	_	_	6x1	_	_	_
374-4	BOR019	374	374	4	giù	giù	_	_	_	_	_	linguistic	_	none	_	End=973.395	_	_	_	_
375-0	BOI068	375	375	0	°sì°	sì	_	_	_	_	_	linguistic	_	none	Volume=low	Begin=973.472|End=973.742	_	_	_	_
376-0	BOR019	376	376	0	°ottimo	ottimo	_	_	_	_	_	linguistic	_	none	Volume=low	Begin=974.22	_	_	_	_
376-1	BOR019	376	376	1	ottimo°	ottimo	_	_	_	_	_	linguistic	_	none	Volume=low	End=975.183	_	_	_	_
377-0	BOR019	377	377	0	e	e	_	_	_	_	_	linguistic	_	none	_	Begin=975.46	_	_	_	_
377-1	BOR019	377	377	1	vai:	vai	_	_	_	_	_	linguistic	_	none	_	_	2x1	_	_	_
377-2	BOR019	377	377	2	spesso:	spesso	_	_	_	_	_	linguistic	_	none	_	_	5x1	_	_	_
377-3	BOR019	377	377	3	giù,	giù	_	_	_	_	_	linguistic	_	none	Intonation=WeaklyRising	End=977.007	_	_	_	_
378-0	BOR019	378	378	0	oppure	oppure	_	_	_	_	_	linguistic	_	none	_	Begin=977.354	_	_	_	_
378-1	BOR019	378	378	1	no	no	_	_	_	_	_	linguistic	_	none	_	End=978.131	_	_	_	_
379-0	BOI068	379	379	0	e:h	eh	_	_	_	_	_	linguistic	_	none	_	Begin=978.278	0x1	_	_	_
379-1	BOI068	379	379	1	in	in	_	_	_	_	_	linguistic	_	none	_	_	_	_	_	_
379-2	BOI068	379	379	2	realtà	realtà	_	_	_	_	_	linguistic	_	none	_	_	_	_	_	_
379-3	BOI068	379	379	3	soltanto	soltanto	_	_	_	_	_	linguistic	_	none	_	_	_	_	_	_
379-4	BOI068	379	379	4	in	in	_	_	_	_	_	linguistic	_	none	_	_	_	_	_	_
379-5	BOI068	379	379	5	estate	estate	_	_	_	_	_	linguistic	_	none	_	End=980.631	_	_	_	_
380-0	BOR019	380	380	0	ok[ay]	okay	_	_	_	_	_	linguistic	_	none	_	Begin=980.819|End=981.294	_	_	_	2-4(77)
381-0	BOI068	381	381	0	[perché]:	perché	_	_	_	_	_	linguistic	_	none	_	Begin=981.007|End=981.637	5x1	_	_	0-6(77)
382-0	BOI068	382	382	0	prima	prima	_	_	_	_	_	linguistic	_	none	_	Begin=981.966	_	_	_	_
382-1	BOI068	382	382	1	ci	ci	_	_	_	_	_	linguistic	_	none	_	_	_	_	_	_
382-2	BOI068	382	382	2	andavo	andavo	_	_	_	_	_	linguistic	_	none	_	_	_	_	_	_
382-3	BOI068	382	382	3	anche	anche	_	_	_	_	_	linguistic	_	none	_	_	_	_	_	_
382-4	BOI068	382	382	4	in	in	_	_	_	_	_	linguistic	_	none	_	_	_	_	_	_
382-5	BOI068	382	382	5	inverno:	inverno	_	_	_	_	_	linguistic	_	none	_	_	6x1	_	_	_
382-6	BOI068	382	382	6	diciamo	diciamo	_	_	_	_	_	linguistic	_	none	_	_	_	_	_	_
382-7	BOI068	382	382	7	era	era	_	_	_	_	_	linguistic	_	none	PauseAfter=Yes	_	_	_	_	_
382-8	BOI068	382	382	8	{P}	{P}	_	_	_	_	_	shortpause	_	none	_	_	_	_	_	_
382-9	BOI068	382	382	9	molto	molto	_	_	_	_	_	linguistic	_	none	_	_	_	_	_	_
382-10	BOI068	382	382	10	più	più	_	_	_	_	_	linguistic	_	none	_	_	_	_	_	_
382-11	BOI068	382	382	11	frequente	frequente	_	_	_	_	_	linguistic	_	none	_	_	_	_	_	_
382-12	BOI068	382	382	12	soprattutto	soprattutto	_	_	_	_	_	linguistic	_	none	_	_	_	_	_	_
382-13	BOI068	382	382	13	quando	quando	_	_	_	_	_	linguistic	_	none	_	_	_	_	_	_
382-14	BOI068	382	382	14	i	i	_	_	_	_	_	linguistic	_	none	_	_	_	_	_	_
382-15	BOI068	382	382	15	miei	miei	_	_	_	_	_	linguistic	_	none	_	_	_	_	_	_
382-16	BOI068	382	382	16	genitori:	genitori	_	_	_	_	_	linguistic	_	none	_	_	7x1	_	_	_
382-17	BOI068	382	382	17	stavano	stavano	_	_	_	_	_	linguistic	_	none	_	_	_	_	_	_
382-18	BOI068	382	382	18	ancora	ancora	_	_	_	_	_	linguistic	_	none	_	_	_	_	_	_
382-19	BOI068	382	382	19	insieme	insieme	_	_	_	_	_	linguistic	_	none	_	End=988.654	_	_	_	_
383-0	BOI068	383	383	0	era	era	_	_	_	_	_	linguistic	_	none	_	Begin=988.931	_	_	_	_
383-1	BOI068	383	383	1	molto	molto	_	_	_	_	_	linguistic	_	none	_	_	_	_	_	_
383-2	BOI068	383	383	2	più	più	_	_	_	_	_	linguistic	_	none	_	_	_	_	_	_
383-3	BOI068	383	383	3	frequente	frequente	_	_	_	_	_	linguistic	_	none	_	_	_	_	_	_
383-4	BOI068	383	383	4	che:	che	_	_	_	_	_	linguistic	_	none	_	_	2x1	_	_	_
383-5	BOI068	383	383	5	in	in	_	_	_	_	_	linguistic	_	none	_	_	_	_	_	_
383-6	BOI068	383	383	6	inverno	inverno	_	_	_	_	_	linguistic	_	none	_	_	_	_	_	_
383-7	BOI068	383	383	7	>passassimo<	passassimo	_	_	_	_	_	linguistic	_	none	_	End=991.872	_	Fast=0-10(0)	_	_
384-0	BOI068	384	384	0	il	il	_	_	_	_	_	linguistic	_	none	_	Begin=992.231	_	_	_	_
384-1	BOI068	384	384	1	capodanno	capodanno	_	_	_	_	_	linguistic	_	none	_	_	_	_	_	_
384-2	BOI068	384	384	2	o	o	_	_	_	_	_	linguistic	_	none	_	_	_	_	_	_
384-3	BOI068	384	384	3	la	la	_	_	_	_	_	linguistic	_	none	_	_	_	_	_	_
384-4	BOI068	384	384	4	befana	befana	_	_	_	_	_	linguistic	_	none	_	_	_	_	_	_
384-5	BOI068	384	384	5	eh	eh	_	_	_	_	_	linguistic	_	none	_	_	_	_	_	_
384-6	BOI068	384	384	6	giù	giù	_	_	_	_	_	linguistic	_	none	_	End=994.595	_	_	_	_
385-0	BOI068	385	385	0	però	però	_	_	_	_	_	linguistic	_	none	_	Begin=995.007	_	_	_	_
385-1	BOI068	385	385	1	ora:	ora	_	_	_	_	_	linguistic	_	none	_	End=995.919	2x1	_	_	_
386-0	BOI068	386	386	0	anche	anche	_	_	_	_	_	linguistic	_	none	_	Begin=996.131	_	_	_	_
386-1	BOI068	386	386	1	con	con	_	_	_	_	_	linguistic	_	none	_	_	_	_	_	_
386-2	BOI068	386	386	2	il	il	_	_	_	_	_	linguistic	_	none	_	_	_	_	_	_
386-3	BOI068	386	386	3	fatto	fatto	_	_	_	_	_	linguistic	_	none	_	_	_	_	_	_
386-4	BOI068	386	386	4	che	che	_	_	_	_	_	linguistic	_	none	_	_	_	_	_	_
386-5	BOI068	386	386	5	mia	mia	_	_	_	_	_	linguistic	_	none	_	_	_	_	_	_
386-6	BOI068	386	386	6	mamma	mamma	_	_	_	_	_	linguistic	_	none	_	_	_	_	_	_
386-7	BOI068	386	386	7	non	non	_	_	_	_	_	linguistic	_	none	_	_	_	_	_	_
386-8	BOI068	386	386	8	abbia	abbia	_	_	_	_	_	linguistic	_	none	_	_	_	_	_	_
386-9	BOI068	386	386	9	molte	molte	_	_	_	_	_	linguistic	_	none	_	_	_	_	_	_
386-10	BOI068	386	386	10	ferie	ferie	_	_	_	_	_	linguistic	_	none	_	_	_	_	_	_
386-11	BOI068	386	386	11	e	e	_	_	_	_	_	linguistic	_	none	_	_	_	_	_	_
386-12	BOI068	386	386	12	quindi:	quindi	_	_	_	_	_	linguistic	_	none	_	_	5x1	_	_	_
386-13	BOI068	386	386	13	diciamo:	diciamo	_	_	_	_	_	linguistic	_	none	_	End=1000.337	6x1	_	_	_
387-0	BOI068	387	387	0	eh	eh	_	_	_	_	_	linguistic	_	none	_	Begin=1000.761	_	_	_	_
387-1	BOI068	387	387	1	io	io	_	_	_	_	_	linguistic	_	none	_	End=1001.401	_	_	_	_
388-0	BOI068	388	388	0	negli	negli	_	_	_	_	_	linguistic	_	none	_	Begin=1001.707	_	_	_	_
388-1	BOI068	388	388	1	ultimi	ultimi	_	_	_	_	_	linguistic	_	none	_	_	_	_	_	_
388-2	BOI068	388	388	2	anni	anni	_	_	_	_	_	linguistic	_	none	_	_	_	_	_	_
388-3	BOI068	388	388	3	ancora	ancora	_	_	_	_	_	linguistic	_	none	_	_	_	_	_	_
388-4	BOI068	388	388	4	non	non	_	_	_	_	_	linguistic	_	none	_	_	_	_	_	_
388-5	BOI068	388	388	5	essendo	essendo	_	_	_	_	_	linguistic	_	none	_	_	_	_	_	_
388-6	BOI068	388	388	6	maggiorenne	maggiorenne	_	_	_	_	_	linguistic	_	none	_	End=1004.142	_	_	_	_
389-0	BOI068	389	389	0	mh	mh	_	_	_	_	_	linguistic	_	none	_	Begin=1004.254	_	_	_	_
389-1	BOI068	389	389	1	venivo	venivo	_	_	_	_	_	linguistic	_	none	_	_	_	_	_	_
389-2	BOI068	389	389	2	giù	giù	_	_	_	_	_	linguistic	_	none	_	_	_	_	_	_
389-3	BOI068	389	389	3	in	in	_	_	_	_	_	linguistic	_	none	_	_	_	_	_	_
389-4	BOI068	389	389	4	puglia	puglia	_	_	_	_	_	linguistic	_	none	_	_	_	_	_	_
389-5	BOI068	389	389	5	solo	solo	_	_	_	_	_	linguistic	_	none	_	_	_	_	_	_
389-6	BOI068	389	389	6	con	con	_	_	_	_	_	linguistic	_	none	PauseAfter=Yes	_	_	_	_	_
389-7	BOI068	389	389	7	{P}	{P}	_	_	_	_	_	shortpause	_	none	_	_	_	_	_	_
389-8	BOI068	389	389	8	mia	mia	_	_	_	_	_	linguistic	_	none	_	_	_	_	_	_
389-9	BOI068	389	389	9	mamma	mamma	_	_	_	_	_	linguistic	_	none	_	_	_	_	_	_
389-10	BOI068	389	389	10	in	in	_	_	_	_	_	linguistic	_	none	_	_	_	_	_	_
389-11	BOI068	389	389	11	treno	treno	_	_	_	_	_	linguistic	_	none	_	_	_	_	_	_
389-12	BOI068	389	389	12	e	e	_	_	_	_	_	linguistic	_	none	_	_	_	_	_	_
389-13	BOI068	389	389	13	con	con	_	_	_	_	_	linguistic	_	none	_	_	_	_	_	_
389-14	BOI068	389	389	14	i	i	_	_	_	_	_	linguistic	_	none	_	_	_	_	_	_
389-15	BOI068	389	389	15	miei	miei	_	_	_	_	_	linguistic	_	none	_	_	_	_	_	_
389-16	BOI068	389	389	16	fratelli	fratelli	_	_	_	_	_	linguistic	_	none	_	End=1008.082	_	_	_	_
390-0	BOI068	390	390	0	e	e	_	_	_	_	_	linguistic	_	none	_	Begin=1008.466	_	_	_	_
390-1	BOI068	390	390	1	quindi:	quindi	_	_	_	_	_	linguistic	_	none	_	_	5x1	_	_	_
390-2	BOI068	390	390	2	col	col	_	_	_	_	_	linguistic	_	none	_	_	_	_	_	_
390-3	BOI068	390	390	3	fatto	fatto	_	_	_	_	_	linguistic	_	none	_	_	_	_	_	_
390-4	BOI068	390	390	4	che	che	_	_	_	_	_	linguistic	_	none	_	_	_	_	_	_
390-5	BOI068	390	390	5	non	non	_	_	_	_	_	linguistic	_	none	_	_	_	_	_	_
390-6	BOI068	390	390	6	abbia	abbia	_	_	_	_	_	linguistic	_	none	_	_	_	_	_	_
390-7	BOI068	390	390	7	molte:	molte	_	_	_	_	_	linguistic	_	none	_	_	4x1	_	_	_
390-8	BOI068	390	390	8	molte	molte	_	_	_	_	_	linguistic	_	none	_	_	_	_	_	_
390-9	BOI068	390	390	9	ferie	ferie	_	_	_	_	_	linguistic	_	none	_	_	_	_	_	_
390-10	BOI068	390	390	10	x	x	_	_	_	_	_	unknown	_	none	Syllables=1	End=1011.782	_	_	_	_
391-0	BOI068	391	391	0	diciamo	diciamo	_	_	_	_	_	linguistic	_	none	_	Begin=1012.09	_	_	_	_
391-1	BOI068	391	391	1	concentrate	concentrate	_	_	_	_	_	linguistic	_	none	_	_	_	_	_	_
391-2	BOI068	391	391	2	tutte	tutte	_	_	_	_	_	linguistic	_	none	_	_	_	_	_	_
391-3	BOI068	391	391	3	insieme	insieme	_	_	_	_	_	linguistic	_	none	_	End=1013.701	_	_	_	_
392-0	BOI068	392	392	0	ci	ci	_	_	_	_	_	linguistic	_	none	_	Begin=1014.031	_	_	_	_
392-1	BOI068	392	392	1	andiamo	andiamo	_	_	_	_	_	linguistic	_	none	PauseAfter=Yes	_	_	_	_	_
392-2	BOI068	392	392	2	{P}	{P}	_	_	_	_	_	shortpause	_	none	_	_	_	_	_	_
392-3	BOI068	392	392	3	una	una	_	_	_	_	_	linguistic	_	none	_	_	_	_	_	_
392-4	BOI068	392	392	4	due	due	_	_	_	_	_	linguistic	_	none	_	_	_	_	_	_
392-5	BOI068	392	392	5	settimane	settimane	_	_	_	_	_	linguistic	_	none	_	_	_	_	_	_
392-6	BOI068	392	392	6	ecco	ecco	_	_	_	_	_	linguistic	_	none	_	End=1015.96	_	_	_	_
393-0	BOR019	393	393	0	ho	ho	_	_	_	_	_	linguistic	_	none	_	Begin=1016.131	_	_	_	_
393-1	BOR019	393	393	1	ca[pito]	capito	_	_	_	_	_	linguistic	_	none	_	End=1016.701	_	_	_	2-6(78)
394-0	BOI068	394	394	0	[in	in	_	_	_	_	_	linguistic	_	none	_	Begin=1016.295	_	_	_	0-2(78)
394-1	BOI068	394	394	1	esta]te	estate	_	_	_	_	_	linguistic	_	none	_	End=1017.007	_	_	_	0-4(78)
395-0	BOR019	395	395	0	perché	perché	_	_	_	_	_	linguistic	_	none	_	Begin=1017.143	_	_	_	_
395-1	BOR019	395	395	1	tua	tua	_	_	_	_	_	linguistic	_	none	_	_	_	_	_	_
395-2	BOR019	395	395	2	mamma	mamma	_	_	_	_	_	linguistic	_	none	_	_	_	_	_	_
395-3	BOR019	395	395	3	che	che	_	_	_	_	_	linguistic	_	none	_	_	_	_	_	_
395-4	BOR019	395	395	4	lavoro	lavoro	_	_	_	_	_	linguistic	_	none	_	_	_	_	_	_
395-5	BOR019	395	395	5	fa,	fa	_	_	_	_	_	linguistic	_	none	Intonation=WeaklyRising	End=1018.507	_	_	_	_
396-0	BOI068	396	396	0	mia	mia	_	_	_	_	_	linguistic	_	none	_	Begin=1018.866	_	_	_	_
396-1	BOI068	396	396	1	mamma	mamma	_	_	_	_	_	linguistic	_	none	_	_	_	_	_	_
396-2	BOI068	396	396	2	è	è	_	_	_	_	_	linguistic	_	none	_	_	_	_	_	_
396-3	BOI068	396	396	3	ausiliare	ausiliare	_	_	_	_	_	linguistic	_	none	_	_	_	_	_	_
396-4	BOI068	396	396	4	del	del	_	_	_	_	_	linguistic	_	none	_	_	_	_	_	_
396-5	BOI068	396	396	5	traffico	traffico	_	_	_	_	_	linguistic	_	none	_	End=1020.578	_	_	_	_
397-0	BOR019	397	397	0	okay	okay	_	_	_	_	_	linguistic	_	none	_	Begin=1020.678|End=1021.019	_	_	_	_
398-0	BOI068	398	398	0	non	non	_	_	_	_	_	linguistic	_	none	_	Begin=1021.06	_	_	_	_
398-1	BOI068	398	398	1	è	è	_	_	_	_	_	linguistic	_	none	_	End=1021.354	_	_	_	_
399-0	BOI068	399	399	0	è	è	_	_	_	_	_	linguistic	_	none	_	Begin=1021.813	_	_	_	_
399-1	BOI068	399	399	1	stata	stata	_	_	_	_	_	linguistic	_	none	_	_	_	_	_	_
399-2	BOI068	399	399	2	in	in	_	_	_	_	_	linguistic	_	none	_	_	_	_	_	_
399-3	BOI068	399	399	3	tper	tper	_	_	_	_	_	linguistic	_	none	_	_	_	_	_	_
399-4	BOI068	399	399	4	per	per	_	_	_	_	_	linguistic	_	none	_	_	_	_	_	_
399-5	BOI068	399	399	5	<anni>	anni	_	_	_	_	_	linguistic	_	none	_	End=1023.401	_	Slow=0-4(0)	_	_
400-0	BOR019	400	400	0	mh	mh	_	_	_	_	_	linguistic	_	none	_	Begin=1023.531|End=1023.713	_	_	_	_
401-0	BOI068	401	401	0	e	e	_	_	_	_	_	linguistic	_	none	_	Begin=1023.719	_	_	_	_
401-1	BOI068	401	401	1	ora	ora	_	_	_	_	_	linguistic	_	none	_	_	_	_	_	_
401-2	BOI068	401	401	2	invece	invece	_	_	_	_	_	linguistic	_	none	_	_	_	_	_	_
401-3	BOI068	401	401	3	lavora	lavora	_	_	_	_	_	linguistic	_	none	_	_	_	_	_	_
401-4	BOI068	401	401	4	per:	per	_	_	_	_	_	linguistic	_	none	_	_	2x1	_	_	_
401-5	BOI068	401	401	5	bmob	bmob	_	_	_	_	_	linguistic	_	none	_	_	_	_	_	_
401-6	BOI068	401	401	6	che	che	_	_	_	_	_	linguistic	_	none	_	_	_	_	_	_
401-7	BOI068	401	401	7	è	è	_	_	_	_	_	linguistic	_	none	_	_	_	_	_	_
401-8	BOI068	401	401	8	mh	mh	_	_	_	_	_	linguistic	_	none	_	End=1026.531	_	_	_	_
402-0	BOI068	402	402	0	un'	un'	_	_	_	_	_	linguistic	_	none	SpaceAfter=No	Begin=1026.954	_	_	_	_
402-1	BOI068	402	402	1	azienda	azienda	_	_	_	_	_	linguistic	_	none	_	_	_	_	_	_
402-2	BOI068	402	402	2	privata.	privata	_	_	_	_	_	linguistic	_	none	Intonation=Falling	End=1028.06	_	_	_	_
403-0	BOI068	403	403	0	però	però	_	_	_	_	_	linguistic	_	none	_	Begin=1028.501	_	_	_	_
403-1	BOI068	403	403	1	sempre	sempre	_	_	_	_	_	linguistic	_	none	_	_	_	_	_	_
403-2	BOI068	403	403	2	sì	sì	_	_	_	_	_	linguistic	_	none	_	_	_	_	_	_
403-3	BOI068	403	403	3	di	di	_	_	_	_	_	linguistic	_	none	_	_	_	_	_	_
403-4	BOI068	403	403	4	bologna.	bologna	_	_	_	_	_	linguistic	_	none	Intonation=Falling	End=1030.007	_	_	_	_
404-0	BOR019	404	404	0	okay	okay	_	_	_	_	_	linguistic	_	none	_	Begin=1030.566	_	_	_	_
404-1	BOR019	404	404	1	okay	okay	_	_	_	_	_	linguistic	_	none	_	_	_	_	_	_
404-2	BOR019	404	404	2	ho	ho	_	_	_	_	_	linguistic	_	none	_	_	_	_	_	_
404-3	BOR019	404	404	3	capito	capito	_	_	_	_	_	linguistic	_	none	_	End=1031.913	_	_	_	_
405-0	BOR019	405	405	0	e:	e	_	_	_	_	_	linguistic	_	none	_	Begin=1032.613	0x1	_	_	_
405-1	BOR019	405	405	1	m::h	mh	_	_	_	_	_	linguistic	_	none	_	End=1034.242	0x2	_	_	_
406-0	BOR019	406	406	0	per	per	_	_	_	_	_	linguistic	_	none	_	Begin=1035.401	_	_	_	_
406-1	BOR019	406	406	1	quanto	quanto	_	_	_	_	_	linguistic	_	none	_	_	_	_	_	_
406-2	BOR019	406	406	2	riguarda	riguarda	_	_	_	_	_	linguistic	_	none	_	_	_	_	_	_
406-3	BOR019	406	406	3	ad	ad	_	_	_	_	_	linguistic	_	none	_	_	_	_	_	_
406-4	BOR019	406	406	4	esempio	esempio	_	_	_	_	_	linguistic	_	none	_	_	_	_	_	_
406-5	BOR019	406	406	5	non	non	_	_	_	_	_	linguistic	_	none	_	_	_	_	_	_
406-6	BOR019	406	406	6	so	so	_	_	_	_	_	linguistic	_	none	_	_	_	_	_	_
406-7	BOR019	406	406	7	il	il	_	_	_	_	_	linguistic	_	none	_	_	_	_	_	_
406-8	BOR019	406	406	8	cinema::	cinema	_	_	_	_	_	linguistic	_	none	_	End=1038.401	5x2	_	_	_
407-0	BOI068	407	407	0	s[ì]	sì	_	_	_	_	_	linguistic	_	none	_	Begin=1038.401|End=1038.807	_	_	_	1-2(79)
408-0	BOR019	408	408	0	[oppu]re:	oppure	_	_	_	_	_	linguistic	_	none	_	Begin=1038.584	5x1	_	_	0-4(79)
408-1	BOR019	408	408	1	uscite	uscite	_	_	_	_	_	linguistic	_	none	_	_	_	_	_	_
408-2	BOR019	408	408	2	tipo	tipo	_	_	_	_	_	linguistic	_	none	_	_	_	_	_	_
408-3	BOR019	408	408	3	a	a	_	_	_	_	_	linguistic	_	none	_	_	_	_	_	_
408-4	BOR019	408	408	4	ristorante:::	ristorante	_	_	_	_	_	linguistic	_	none	_	_	9x3	_	_	_
408-5	BOR019	408	408	5	o:	o	_	_	_	_	_	linguistic	_	none	_	End=1042.906	0x1	_	_	_
409-0	BOR019	409	409	0	anche	anche	_	_	_	_	_	linguistic	_	none	PauseAfter=Yes	Begin=1043.101	_	_	_	_
409-1	BOR019	409	409	1	{P}	{P}	_	_	_	_	_	shortpause	_	none	_	_	_	_	_	_
409-2	BOR019	409	409	2	<bar>	bar	_	_	_	_	_	linguistic	_	none	_	_	_	Slow=0-3(0)	_	_
409-3	BOR019	409	409	3	che	che	_	_	_	_	_	linguistic	_	none	_	_	_	_	_	_
409-4	BOR019	409	409	4	frequenti	frequenti	_	_	_	_	_	linguistic	_	none	_	_	_	_	_	_
409-5	BOR019	409	409	5	così	così	_	_	_	_	_	linguistic	_	none	_	End=1045.213	_	_	_	_
410-0	BOR019	410	410	0	ora	ora	_	_	_	_	_	linguistic	_	none	PauseAfter=Yes	Begin=1045.607	_	_	_	_
410-1	BOR019	410	410	1	{P}	{P}	_	_	_	_	_	shortpause	_	none	_	_	_	_	_	_
410-2	BOR019	410	410	2	che	che	_	_	_	_	_	linguistic	_	none	_	_	_	_	_	_
410-3	BOR019	410	410	3	non	non	_	_	_	_	_	linguistic	_	none	_	_	_	_	_	_
410-4	BOR019	410	410	4	sei	sei	_	_	_	_	_	linguistic	_	none	_	_	_	_	_	_
410-5	BOR019	410	410	5	più:	più	_	_	_	_	_	linguistic	_	none	PauseAfter=Yes	_	2x1	_	_	_
410-6	BOR019	410	410	6	{P}	{P}	_	_	_	_	_	shortpause	_	none	_	_	_	_	_	_
410-7	BOR019	410	410	7	alle	alle	_	_	_	_	_	linguistic	_	none	_	_	_	_	_	_
410-8	BOR019	410	410	8	superiori	superiori	_	_	_	_	_	linguistic	_	none	_	End=1048.007	_	_	_	_
411-0	BOI068	411	411	0	mhmh	mhmh	_	_	_	_	_	linguistic	_	none	_	Begin=1048.04|End=1048.372	_	_	_	_
412-0	BOR019	412	412	0	e:h	eh	_	_	_	_	_	linguistic	_	none	_	Begin=1048.643|End=1049.318	0x1	_	_	_
413-0	BOR019	413	413	0	frequenti	frequenti	_	_	_	_	_	linguistic	_	none	_	Begin=1049.366	_	_	_	_
413-1	BOR019	413	413	1	sempre	sempre	_	_	_	_	_	linguistic	_	none	_	_	_	_	_	_
413-2	BOR019	413	413	2	le	le	_	_	_	_	_	linguistic	_	none	_	_	_	_	_	_
413-3	BOR019	413	413	3	la	la	_	_	_	_	_	linguistic	_	none	_	_	_	_	_	_
413-4	BOR019	413	413	4	zona	zona	_	_	_	_	_	linguistic	_	none	_	_	_	_	_	_
413-5	BOR019	413	413	5	intorno	intorno	_	_	_	_	_	linguistic	_	none	_	_	_	_	_	_
413-6	BOR019	413	413	6	a	a	_	_	_	_	_	linguistic	_	none	_	_	_	_	_	_
413-7	BOR019	413	413	7	bologna	bologna	_	_	_	_	_	linguistic	_	none	_	_	_	_	_	_
413-8	BOR019	413	413	8	quindi	quindi	_	_	_	_	_	linguistic	_	none	_	_	_	_	_	_
413-9	BOR019	413	413	9	magari	magari	_	_	_	_	_	linguistic	_	none	_	_	_	_	_	_
413-10	BOR019	413	413	10	san	san	_	_	_	_	_	linguistic	_	none	_	_	_	_	_	_
413-11	BOR019	413	413	11	lazzaro	lazzaro	_	_	_	_	_	linguistic	_	none	_	_	_	_	_	_
413-12	BOR019	413	413	12	come	come	_	_	_	_	_	linguistic	_	none	_	_	_	_	_	_
413-13	BOR019	413	413	13	dicevi	dicevi	_	_	_	_	_	linguistic	_	none	_	End=1054.348	_	_	_	_
414-0	BOR019	414	414	0	oppure	oppure	_	_	_	_	_	linguistic	_	none	PauseAfter=Yes	Begin=1054.801	_	_	_	_
414-1	BOR019	414	414	1	{P}	{P}	_	_	_	_	_	shortpause	_	none	_	_	_	_	_	_
414-2	BOR019	414	414	2	frequenti	frequenti	_	_	_	_	_	linguistic	_	none	_	_	_	_	_	_
414-3	BOR019	414	414	3	di	di	_	_	_	_	_	linguistic	_	none	_	_	_	_	_	_
414-4	BOR019	414	414	4	più	più	_	_	_	_	_	linguistic	_	none	_	_	_	_	_	_
414-5	BOR019	414	414	5	il	il	_	_	_	_	_	linguistic	_	none	_	_	_	_	_	_
414-6	BOR019	414	414	6	centro	centro	_	_	_	_	_	linguistic	_	none	_	_	_	_	_	_
414-7	BOR019	414	414	7	di	di	_	_	_	_	_	linguistic	_	none	_	_	_	_	_	_
414-8	BOR019	414	414	8	bologna	bologna	_	_	_	_	_	linguistic	_	none	_	End=1057.054	_	_	_	_
415-0	BOI068	415	415	0	frequento	frequento	_	_	_	_	_	linguistic	_	none	_	Begin=1058.239	_	_	_	_
415-1	BOI068	415	415	1	molto	molto	_	_	_	_	_	linguistic	_	none	_	_	_	_	_	_
415-2	BOI068	415	415	2	di	di	_	_	_	_	_	linguistic	_	none	_	_	_	_	_	_
415-3	BOI068	415	415	3	più	più	_	_	_	_	_	linguistic	_	none	_	_	_	_	_	_
415-4	BOI068	415	415	4	il	il	_	_	_	_	_	linguistic	_	none	_	_	_	_	_	_
415-5	BOI068	415	415	5	centro	centro	_	_	_	_	_	linguistic	_	none	_	_	_	_	_	_
415-6	BOI068	415	415	6	di	di	_	_	_	_	_	linguistic	_	none	_	_	_	_	_	_
415-7	BOI068	415	415	7	bol[o]gna	bologna	_	_	_	_	_	linguistic	_	none	_	End=1060.377	_	_	_	3-4(80)
416-0	BOR019	416	416	0	[ah]	ah	_	_	_	_	_	linguistic	_	none	_	Begin=1059.927|End=1060.136	_	_	_	0-2(80)
417-0	BOR019	417	417	0	dai	dai	_	_	_	_	_	linguistic	_	none	_	Begin=1060.483|End=1060.802	_	_	_	_
418-0	BOI068	418	418	0	e::h	eh	_	_	_	_	_	linguistic	_	none	_	Begin=1061.464	0x2	_	_	_
418-1	BOI068	418	418	1	diciamo,	diciamo	_	_	_	_	_	linguistic	_	none	Intonation=WeaklyRising	_	_	_	_	_
418-2	BOI068	418	418	2	oddio	oddio	_	_	_	_	_	linguistic	_	none	_	End=1063.677	_	_	_	_
419-0	BOI068	419	419	0	e:h	eh	_	_	_	_	_	linguistic	_	none	_	Begin=1063.802	0x1	_	_	_
419-1	BOI068	419	419	1	per	per	_	_	_	_	_	linguistic	_	none	_	_	_	_	_	_
419-2	BOI068	419	419	2	quanto	quanto	_	_	_	_	_	linguistic	_	none	_	_	_	_	_	_
419-3	BOI068	419	419	3	ri~	ri~	_	_	_	_	_	linguistic	_	none	Interrupted=Yes	_	_	_	_	_
419-4	BOI068	419	419	4	si	si	_	_	_	_	_	linguistic	_	none	_	_	_	_	_	_
419-5	BOI068	419	419	5	vabbè	vabbè	_	_	_	_	_	linguistic	_	none	_	_	_	_	_	_
419-6	BOI068	419	419	6	per	per	_	_	_	_	_	linguistic	_	none	_	_	_	_	_	_
419-7	BOI068	419	419	7	il	il	_	_	_	_	_	linguistic	_	none	_	_	_	_	_	_
419-8	BOI068	419	419	8	cinema	cinema	_	_	_	_	_	linguistic	_	none	_	_	_	_	_	_
419-9	BOI068	419	419	9	ovviamente:	ovviamente	_	_	_	_	_	linguistic	_	none	_	_	9x1	_	_	_
419-10	BOI068	419	419	10	io	io	_	_	_	_	_	linguistic	_	none	_	_	_	_	_	_
419-11	BOI068	419	419	11	mi	mi	_	_	_	_	_	linguistic	_	none	_	_	_	_	_	_
419-12	BOI068	419	419	12	sposto	sposto	_	_	_	_	_	linguistic	_	none	_	_	_	_	_	_
419-13	BOI068	419	419	13	più	più	_	_	_	_	_	linguistic	_	none	_	_	_	_	_	_
419-14	BOI068	419	419	14	che	che	_	_	_	_	_	linguistic	_	none	_	_	_	_	_	_
419-15	BOI068	419	419	15	altro	altro	_	_	_	_	_	linguistic	_	none	_	_	_	_	_	_
419-16	BOI068	419	419	16	verso	verso	_	_	_	_	_	linguistic	_	none	_	_	_	_	_	_
419-17	BOI068	419	419	17	san	san	_	_	_	_	_	linguistic	_	none	_	_	_	_	_	_
419-18	BOI068	419	419	18	donato	donato	_	_	_	_	_	linguistic	_	none	_	_	_	_	_	_
419-19	BOI068	419	419	19	dove	dove	_	_	_	_	_	linguistic	_	none	_	_	_	_	_	_
419-20	BOI068	419	419	20	c'	c'	_	_	_	_	_	linguistic	_	none	SpaceAfter=No	_	_	_	_	_
419-21	BOI068	419	419	21	è	è	_	_	_	_	_	linguistic	_	none	_	_	_	_	_	_
419-22	BOI068	419	419	22	il	il	_	_	_	_	_	linguistic	_	none	_	_	_	_	_	_
419-23	BOI068	419	419	23	<the	the	_	_	_	_	_	linguistic	_	none	_	_	_	Slow=0-3(0)	_	_
419-24	BOI068	419	419	24	space>	space	_	_	_	_	_	linguistic	_	none	_	_	_	Slow=0-5(0)	_	_
419-25	BOI068	419	419	25	[dove	dove	_	_	_	_	_	linguistic	_	none	_	_	_	_	_	0-4(81)
419-26	BOI068	419	419	26	c'	c'	_	_	_	_	_	linguistic	_	none	SpaceAfter=No	_	_	_	_	0-2(81)
419-27	BOI068	419	419	27	è]	è	_	_	_	_	_	linguistic	_	none	_	End=1071.654	_	_	_	_
420-0	BOR019	420	420	0	[mhmh]	mhmh	_	_	_	_	_	linguistic	_	none	_	Begin=1071.019|End=1071.654	_	_	_	0-4(81)
421-0	BOI068	421	421	0	anche	anche	_	_	_	_	_	linguistic	_	none	_	Begin=1072.001	_	_	_	_
421-1	BOI068	421	421	1	nei	nei	_	_	_	_	_	linguistic	_	none	_	_	_	_	_	_
421-2	BOI068	421	421	2	centri	centri	_	_	_	_	_	linguistic	_	none	_	_	_	_	_	_
421-3	BOI068	421	421	3	commerciali	commerciali	_	_	_	_	_	linguistic	_	none	_	_	_	_	_	_
421-4	BOI068	421	421	4	diciamo	diciamo	_	_	_	_	_	linguistic	_	none	_	_	_	_	_	_
421-5	BOI068	421	421	5	vicino	vicino	_	_	_	_	_	linguistic	_	none	_	_	_	_	_	_
421-6	BOI068	421	421	6	lì	lì	_	_	_	_	_	linguistic	_	none	_	End=1074.984	_	_	_	_
422-0	BOI068	422	422	0	e::h	eh	_	_	_	_	_	linguistic	_	none	_	Begin=1075.596	0x2	_	_	_
422-1	BOI068	422	422	1	mentre	mentre	_	_	_	_	_	linguistic	_	none	_	_	_	_	_	_
422-2	BOI068	422	422	2	i	i	_	_	_	_	_	linguistic	_	none	_	_	_	_	_	_
422-3	BOI068	422	422	3	locali	locali	_	_	_	_	_	linguistic	_	none	_	_	_	_	_	_
422-4	BOI068	422	422	4	sì	sì	_	_	_	_	_	linguistic	_	none	_	_	_	_	_	_
422-5	BOI068	422	422	5	cerco	cerco	_	_	_	_	_	linguistic	_	none	_	_	_	_	_	_
422-6	BOI068	422	422	6	di	di	_	_	_	_	_	linguistic	_	none	_	_	_	_	_	_
422-7	BOI068	422	422	7	stare	stare	_	_	_	_	_	linguistic	_	none	_	_	_	_	_	_
422-8	BOI068	422	422	8	sempre:	sempre	_	_	_	_	_	linguistic	_	none	_	_	5x1	_	_	_
422-9	BOI068	422	422	9	verso	verso	_	_	_	_	_	linguistic	_	none	_	_	_	_	_	_
422-10	BOI068	422	422	10	il	il	_	_	_	_	_	linguistic	_	none	_	_	_	_	_	_
422-11	BOI068	422	422	11	centro	centro	_	_	_	_	_	linguistic	_	none	_	_	_	_	_	_
422-12	BOI068	422	422	12	perché	perché	_	_	_	_	_	linguistic	_	none	_	_	_	_	_	_
422-13	BOI068	422	422	13	comunque	comunque	_	_	_	_	_	linguistic	_	none	_	_	_	_	_	_
422-14	BOI068	422	422	14	mi	mi	_	_	_	_	_	linguistic	_	none	_	_	_	_	_	_
422-15	BOI068	422	422	15	piace:	piace	_	_	_	_	_	linguistic	_	none	_	End=1080.996	4x1	_	_	_
423-0	BOI068	423	423	0	l'	l'	_	_	_	_	_	linguistic	_	none	SpaceAfter=No	Begin=1081.272	_	_	_	_
423-1	BOI068	423	423	1	atmosfera	atmosfera	_	_	_	_	_	linguistic	_	none	_	_	_	_	_	_
423-2	BOI068	423	423	2	che	che	_	_	_	_	_	linguistic	_	none	_	_	_	_	_	_
423-3	BOI068	423	423	3	si	si	_	_	_	_	_	linguistic	_	none	_	_	_	_	_	_
423-4	BOI068	423	423	4	crea	crea	_	_	_	_	_	linguistic	_	none	_	_	_	_	_	_
423-5	BOI068	423	423	5	di	di	_	_	_	_	_	linguistic	_	none	_	_	_	_	_	_
423-6	BOI068	423	423	6	sera	sera	_	_	_	_	_	linguistic	_	none	_	_	_	_	_	_
423-7	BOI068	423	423	7	cioè	cioè	_	_	_	_	_	linguistic	_	none	_	_	_	_	_	_
423-8	BOI068	423	423	8	a	a	_	_	_	_	_	linguistic	_	none	_	_	_	_	_	_
423-9	BOI068	423	423	9	me	me	_	_	_	_	_	linguistic	_	none	_	_	_	_	_	_
423-10	BOI068	423	423	10	pia~	pia~	_	_	_	_	_	linguistic	_	none	Interrupted=Yes|PauseAfter=Yes	_	_	_	_	_
423-11	BOI068	423	423	11	{P}	{P}	_	_	_	_	_	shortpause	_	none	_	_	_	_	_	_
423-12	BOI068	423	423	12	piace	piace	_	_	_	_	_	linguistic	_	none	_	_	_	_	_	_
423-13	BOI068	423	423	13	proprio	proprio	_	_	_	_	_	linguistic	_	none	_	_	_	_	_	_
423-14	BOI068	423	423	14	la:	la	_	_	_	_	_	linguistic	_	none	_	End=1084.601	1x1	_	_	_
424-0	BOI068	424	424	0	la	la	_	_	_	_	_	linguistic	_	none	_	Begin=1084.79	_	_	_	_
424-1	BOI068	424	424	1	città	città	_	_	_	_	_	linguistic	_	none	_	_	_	_	_	_
424-2	BOI068	424	424	2	di	di	_	_	_	_	_	linguistic	_	none	_	_	_	_	_	_
424-3	BOI068	424	424	3	bologna:	bologna	_	_	_	_	_	linguistic	_	none	_	_	6x1	_	_	_
424-4	BOI068	424	424	4	>cioè<	cioè	_	_	_	_	_	linguistic	_	none	_	End=1086.413	_	Fast=0-4(0)	_	_
425-0	BOI068	425	425	0	vedere	vedere	_	_	_	_	_	linguistic	_	none	_	Begin=1086.537	_	_	_	_
425-1	BOI068	425	425	1	proprio	proprio	_	_	_	_	_	linguistic	_	none	_	_	_	_	_	_
425-2	BOI068	425	425	2	il	il	_	_	_	_	_	linguistic	_	none	_	_	_	_	_	_
425-3	BOI068	425	425	3	centro	centro	_	_	_	_	_	linguistic	_	none	_	_	_	_	_	_
425-4	BOI068	425	425	4	storico	storico	_	_	_	_	_	linguistic	_	none	_	_	_	_	_	_
425-5	BOI068	425	425	5	è:	è	_	_	_	_	_	linguistic	_	none	_	End=1088.301	0x1	_	_	_
426-0	BOI068	426	426	0	sempre	sempre	_	_	_	_	_	linguistic	_	none	_	Begin=1088.713	_	_	_	_
426-1	BOI068	426	426	1	molto	molto	_	_	_	_	_	linguistic	_	none	_	_	_	_	_	_
426-2	BOI068	426	426	2	bello	bello	_	_	_	_	_	linguistic	_	none	_	End=1089.613	_	_	_	_
427-0	BOR019	427	427	0	v[ero	vero	_	_	_	_	_	linguistic	_	none	_	Begin=1089.884	_	_	_	1-4(82)
427-1	BOR019	427	427	1	ve]ro	vero	_	_	_	_	_	linguistic	_	none	_	End=1090.543	_	_	_	0-2(82)
428-0	BOI068	428	428	0	[quindi]	quindi	_	_	_	_	_	linguistic	_	none	_	Begin=1090.078|End=1090.45	_	_	_	0-6(82)
429-0	BOR019	429	429	0	sono	sono	_	_	_	_	_	linguistic	_	none	_	Begin=1090.901	_	_	_	_
429-1	BOR019	429	429	1	d'	d'	_	_	_	_	_	linguistic	_	none	SpaceAfter=No	_	_	_	_	_
429-2	BOR019	429	429	2	accordo	accordo	_	_	_	_	_	linguistic	_	none	_	_	_	_	_	_
429-3	BOR019	429	429	3	{ride}	{ride}	_	_	_	_	_	nonverbalbehavior	_	none	_	End=1092.396	_	_	_	_
430-0	BOR019	430	430	0	e:h	eh	_	_	_	_	_	linguistic	_	none	_	Begin=1092.713	0x1	_	_	_
430-1	BOR019	430	430	1	si	si	_	_	_	_	_	linguistic	_	none	_	_	_	_	_	_
430-2	BOR019	430	430	2	perché:	perché	_	_	_	_	_	linguistic	_	none	_	End=1094.196	5x1	_	_	_
431-0	BOR019	431	431	0	non	non	_	_	_	_	_	linguistic	_	none	_	Begin=1094.366	_	_	_	_
431-1	BOR019	431	431	1	so	so	_	_	_	_	_	linguistic	_	none	_	_	_	_	_	_
431-2	BOR019	431	431	2	magari:	magari	_	_	_	_	_	linguistic	_	none	_	_	5x1	_	_	_
431-3	BOR019	431	431	3	si	si	_	_	_	_	_	linguistic	_	none	_	_	_	_	_	_
431-4	BOR019	431	431	4	riempie	riempie	_	_	_	_	_	linguistic	_	none	_	_	_	_	_	_
431-5	BOR019	431	431	5	di	di	_	_	_	_	_	linguistic	_	none	_	_	_	_	_	_
431-6	BOR019	431	431	6	ge[nte:]	gente	_	_	_	_	_	linguistic	_	none	_	_	4x1	_	_	2-5(83)
431-7	BOR019	431	431	7	tanti	tanti	_	_	_	_	_	linguistic	_	none	_	_	_	_	_	_
431-8	BOR019	431	431	8	studenti:	studenti	_	_	_	_	_	linguistic	_	none	_	End=1098.602	7x1	_	_	_
432-0	BOI068	432	432	0	[sì]	sì	_	_	_	_	_	linguistic	_	none	_	Begin=1096.596|End=1096.949	_	_	_	0-2(83)
433-0	BOR019	433	433	0	e	e	_	_	_	_	_	linguistic	_	none	_	Begin=1098.913	_	_	_	_
433-1	BOR019	433	433	1	magari	magari	_	_	_	_	_	linguistic	_	none	_	_	_	_	_	_
433-2	BOR019	433	433	2	ti	ti	_	_	_	_	_	linguistic	_	none	_	_	_	_	_	_
433-3	BOR019	433	433	3	è	è	_	_	_	_	_	linguistic	_	none	_	_	_	_	_	_
433-4	BOR019	433	433	4	capitato	capitato	_	_	_	_	_	linguistic	_	none	_	End=1100.466	_	_	_	_
434-0	BOR019	434	434	0	di	di	_	_	_	_	_	linguistic	_	none	_	Begin=1100.937	_	_	_	_
434-1	BOR019	434	434	1	conoscere	conoscere	_	_	_	_	_	linguistic	_	none	_	_	_	_	_	_
434-2	BOR019	434	434	2	gente:	gente	_	_	_	_	_	linguistic	_	none	_	_	4x1	_	_	_
434-3	BOR019	434	434	3	in	in	_	_	_	_	_	linguistic	_	none	_	_	_	_	_	_
434-4	BOR019	434	434	4	giro:	giro	_	_	_	_	_	linguistic	_	none	_	End=1104.078	3x1	_	_	_
435-0	BOR019	435	435	0	per:	per	_	_	_	_	_	linguistic	_	none	_	Begin=1104.625	2x1	_	_	_
435-1	BOR019	435	435	1	m:h	mh	_	_	_	_	_	linguistic	_	none	_	_	0x1	_	_	_
435-2	BOR019	435	435	2	mentre	mentre	_	_	_	_	_	linguistic	_	none	_	_	_	_	_	_
435-3	BOR019	435	435	3	eri	eri	_	_	_	_	_	linguistic	_	none	_	_	_	_	_	_
435-4	BOR019	435	435	4	tipo	tipo	_	_	_	_	_	linguistic	_	none	_	_	_	_	_	_
435-5	BOR019	435	435	5	al	al	_	_	_	_	_	linguistic	_	none	_	_	_	_	_	_
435-6	BOR019	435	435	6	bar	bar	_	_	_	_	_	linguistic	_	none	_	_	_	_	_	_
435-7	BOR019	435	435	7	[eh]	eh	_	_	_	_	_	linguistic	_	none	_	End=1107.566	_	_	_	0-2(84)
436-0	BOI068	436	436	0	[sì]	sì	_	_	_	_	_	linguistic	_	none	_	Begin=1107.26|End=1107.707	_	_	_	0-2(84)
437-0	BOR019	437	437	0	sì?	sì	_	_	_	_	_	linguistic	_	none	Intonation=Rising	Begin=1107.772|End=1108.354	_	_	_	_
438-0	BOR019	438	438	0	magari	magari	_	_	_	_	_	linguistic	_	none	_	Begin=1108.637	_	_	_	_
438-1	BOR019	438	438	1	anche	anche	_	_	_	_	_	linguistic	_	none	_	_	_	_	_	_
438-2	BOR019	438	438	2	un	un	_	_	_	_	_	linguistic	_	none	_	_	_	_	_	_
438-3	BOR019	438	438	3	po'	po'	_	_	_	_	_	linguistic	_	none	_	_	_	_	_	_
438-4	BOR019	438	438	4	strana	strana	_	_	_	_	_	linguistic	_	none	_	End=1110.054	_	_	_	_
439-0	BOR019	439	439	0	se	se	_	_	_	_	_	linguistic	_	none	_	Begin=1110.166	_	_	_	_
439-1	BOR019	439	439	1	hai	hai	_	_	_	_	_	linguistic	_	none	_	_	_	_	_	_
439-2	BOR019	439	439	2	qualche	qualche	_	_	_	_	_	linguistic	_	none	_	_	_	_	_	_
439-3	BOR019	439	439	3	aneddoto	aneddoto	_	_	_	_	_	linguistic	_	none	_	_	_	_	_	_
439-4	BOR019	439	439	4	da	da	_	_	_	_	_	linguistic	_	none	_	_	_	_	_	_
439-5	BOR019	439	439	5	raccon[tare]	raccontare	_	_	_	_	_	linguistic	_	none	_	End=1111.984	_	_	_	6-10(85)
440-0	BOI068	440	440	0	[oddi]o	oddio	_	_	_	_	_	linguistic	_	none	_	Begin=1111.625|End=1112.249	_	_	_	0-4(85)
441-0	BOI068	441	441	0	eh	eh	_	_	_	_	_	linguistic	_	none	_	Begin=1112.396	_	_	_	_
441-1	BOI068	441	441	1	diciamo,	diciamo	_	_	_	_	_	linguistic	_	none	Intonation=WeaklyRising	End=1113.378	_	_	_	_
442-0	BOI068	442	442	0	di	di	_	_	_	_	_	linguistic	_	none	_	Begin=1113.496	_	_	_	_
442-1	BOI068	442	442	1	gente	gente	_	_	_	_	_	linguistic	_	none	_	_	_	_	_	_
442-2	BOI068	442	442	2	strana	strana	_	_	_	_	_	linguistic	_	none	_	_	_	_	_	_
442-3	BOI068	442	442	3	più	più	_	_	_	_	_	linguistic	_	none	_	_	_	_	_	_
442-4	BOI068	442	442	4	che	che	_	_	_	_	_	linguistic	_	none	_	_	_	_	_	_
442-5	BOI068	442	442	5	altro:,	altro	_	_	_	_	_	linguistic	_	none	Intonation=WeaklyRising	_	4x1	_	_	_
442-6	BOI068	442	442	6	eh	eh	_	_	_	_	_	linguistic	_	none	_	_	_	_	_	_
442-7	BOI068	442	442	7	più	più	_	_	_	_	_	linguistic	_	none	_	_	_	_	_	_
442-8	BOI068	442	442	8	che	che	_	_	_	_	_	linguistic	_	none	_	_	_	_	_	_
442-9	BOI068	442	442	9	nei	nei	_	_	_	_	_	linguistic	_	none	_	_	_	_	_	_
442-10	BOI068	442	442	10	bar	bar	_	_	_	_	_	linguistic	_	none	_	_	_	_	_	_
442-11	BOI068	442	442	11	vabbè	vabbè	_	_	_	_	_	linguistic	_	none	_	_	_	_	_	_
442-12	BOI068	442	442	12	diciamo	diciamo	_	_	_	_	_	linguistic	_	none	_	_	_	_	_	_
442-13	BOI068	442	442	13	quasi	quasi	_	_	_	_	_	linguistic	_	none	_	End=1118.149	_	_	_	_
443-0	BOI068	443	443	0	al	al	_	_	_	_	_	linguistic	_	none	_	Begin=1118.507	_	_	_	_
443-1	BOI068	443	443	1	ritorno	ritorno	_	_	_	_	_	linguistic	_	none	_	End=1119.754	_	_	_	_
444-0	BOI068	444	444	0	e:hm:	ehm	_	_	_	_	_	linguistic	_	none	_	Begin=1120.054	0x1,2x1	_	_	_
444-1	BOI068	444	444	1	dopo:	dopo	_	_	_	_	_	linguistic	_	none	_	_	3x1	_	_	_
444-2	BOI068	444	444	2	le	le	_	_	_	_	_	linguistic	_	none	_	_	_	_	_	_
444-3	BOI068	444	444	3	serate	serate	_	_	_	_	_	linguistic	_	none	_	_	_	_	_	_
444-4	BOI068	444	444	4	fatte	fatte	_	_	_	_	_	linguistic	_	none	_	End=1123.484	_	_	_	_
445-0	BOR019	445	445	0	mh	mh	_	_	_	_	_	linguistic	_	none	_	Begin=1123.666|End=1123.89	_	_	_	_
446-0	BOI068	446	446	0	eh	eh	_	_	_	_	_	linguistic	_	none	_	Begin=1123.89	_	_	_	_
446-1	BOI068	446	446	1	c'	c'	_	_	_	_	_	linguistic	_	none	SpaceAfter=No	_	_	_	_	_
446-2	BOI068	446	446	2	è	è	_	_	_	_	_	linguistic	_	none	_	_	_	_	_	_
446-3	BOI068	446	446	3	sempre:	sempre	_	_	_	_	_	linguistic	_	none	_	_	5x1	_	_	_
446-4	BOI068	446	446	4	diciamo	diciamo	_	_	_	_	_	linguistic	_	none	_	_	_	_	_	_
446-5	BOI068	446	446	5	gente:	gente	_	_	_	_	_	linguistic	_	none	_	_	4x1	_	_	_
446-6	BOI068	446	446	6	{ride}	{ride}	_	_	_	_	_	nonverbalbehavior	_	none	_	_	_	_	_	_
446-7	BOI068	446	446	7	un	un	_	_	_	_	_	linguistic	_	none	_	_	_	_	_	_
446-8	BOI068	446	446	8	po'	po'	_	_	_	_	_	linguistic	_	none	_	_	_	_	_	_
446-9	BOI068	446	446	9	strana	strana	_	_	_	_	_	linguistic	_	none	_	_	_	_	_	_
446-10	BOI068	446	446	10	verso	verso	_	_	_	_	_	linguistic	_	none	_	End=1127.613	_	_	_	_
447-0	BOI068	447	447	0	e:h	eh	_	_	_	_	_	linguistic	_	none	_	Begin=1127.931	0x1	_	_	_
447-1	BOI068	447	447	1	la:	la	_	_	_	_	_	linguistic	_	none	_	_	1x1	_	_	_
447-2	BOI068	447	447	2	la	la	_	_	_	_	_	linguistic	_	none	_	_	_	_	_	_
447-3	BOI068	447	447	3	montagnola	montagnola	_	_	_	_	_	linguistic	_	none	_	_	_	_	_	_
447-4	BOI068	447	447	4	autostazione	autostazione	_	_	_	_	_	linguistic	_	none	_	_	_	_	_	_
447-5	BOI068	447	447	5	ma	ma	_	_	_	_	_	linguistic	_	none	_	_	_	_	_	_
447-6	BOI068	447	447	6	comunque	comunque	_	_	_	_	_	linguistic	_	none	_	_	_	_	_	_
447-7	BOI068	447	447	7	si	si	_	_	_	_	_	linguistic	_	none	_	_	_	_	_	_
447-8	BOI068	447	447	8	sa	sa	_	_	_	_	_	linguistic	_	none	_	_	_	_	_	_
447-9	BOI068	447	447	9	diciamo	diciamo	_	_	_	_	_	linguistic	_	none	_	_	_	_	_	_
447-10	BOI068	447	447	10	i:	i	_	_	_	_	_	linguistic	_	none	_	_	0x1	_	_	_
447-11	BOI068	447	447	11	i	i	_	_	_	_	_	linguistic	_	none	_	_	_	_	_	_
447-12	BOI068	447	447	12	posti	posti	_	_	_	_	_	linguistic	_	none	_	_	_	_	_	_
447-13	BOI068	447	447	13	quali	quali	_	_	_	_	_	linguistic	_	none	_	_	_	_	_	_
447-14	BOI068	447	447	14	sono	sono	_	_	_	_	_	linguistic	_	none	_	End=1133.99	_	_	_	_
448-0	BOI068	448	448	0	e::	e	_	_	_	_	_	linguistic	_	none	_	Begin=1134.528|End=1135.301	0x2	_	_	_
449-0	BOI068	449	449	0	ehm	ehm	_	_	_	_	_	linguistic	_	none	_	Begin=1135.712	_	_	_	_
449-1	BOI068	449	449	1	ero	ero	_	_	_	_	_	linguistic	_	none	_	_	_	_	_	_
449-2	BOI068	449	449	2	con	con	_	_	_	_	_	linguistic	_	none	_	_	_	_	_	_
449-3	BOI068	449	449	3	delle	delle	_	_	_	_	_	linguistic	_	none	_	_	_	_	_	_
449-4	BOI068	449	449	4	mie	mie	_	_	_	_	_	linguistic	_	none	_	_	_	_	_	_
449-5	BOI068	449	449	5	amiche	amiche	_	_	_	_	_	linguistic	_	none	_	_	_	_	_	_
449-6	BOI068	449	449	6	e	e	_	_	_	_	_	linguistic	_	none	_	End=1137.638	_	_	_	_
450-0	BOI068	450	450	0	praticamente	praticamente	_	_	_	_	_	linguistic	_	none	PauseAfter=Yes	Begin=1137.881	_	_	_	_
450-1	BOI068	450	450	1	{P}	{P}	_	_	_	_	_	shortpause	_	none	_	_	_	_	_	_
450-2	BOI068	450	450	2	due::	due	_	_	_	_	_	linguistic	_	none	_	_	2x2	_	_	_
450-3	BOI068	450	450	3	due	due	_	_	_	_	_	linguistic	_	none	_	_	_	_	_	_
450-4	BOI068	450	450	4	uomini	uomini	_	_	_	_	_	linguistic	_	none	_	_	_	_	_	_
450-5	BOI068	450	450	5	c'	c'	_	_	_	_	_	linguistic	_	none	SpaceAfter=No	_	_	_	_	_
450-6	BOI068	450	450	6	hanno	hanno	_	_	_	_	_	linguistic	_	none	_	_	_	_	_	_
450-7	BOI068	450	450	7	c'	c'	_	_	_	_	_	linguistic	_	none	SpaceAfter=No	_	_	_	_	_
450-8	BOI068	450	450	8	hanno	hanno	_	_	_	_	_	linguistic	_	none	_	_	_	_	_	_
450-9	BOI068	450	450	9	praticamente	praticamente	_	_	_	_	_	linguistic	_	none	_	_	_	_	_	_
450-10	BOI068	450	450	10	accerchiato	accerchiato	_	_	_	_	_	linguistic	_	none	_	End=1142.896	_	_	_	_
451-0	BOI068	451	451	0	e:	e	_	_	_	_	_	linguistic	_	none	_	Begin=1143.301	0x1	_	_	_
451-1	BOI068	451	451	1	lì	lì	_	_	_	_	_	linguistic	_	none	_	_	_	_	_	_
451-2	BOI068	451	451	2	è	è	_	_	_	_	_	linguistic	_	none	_	_	_	_	_	_
451-3	BOI068	451	451	3	stato	stato	_	_	_	_	_	linguistic	_	none	_	_	_	_	_	_
451-4	BOI068	451	451	4	un	un	_	_	_	_	_	linguistic	_	none	_	_	_	_	_	_
451-5	BOI068	451	451	5	po':	po'	_	_	_	_	_	linguistic	_	none	_	End=1145.307	1x1	_	_	_
452-0	BOI068	452	452	0	traumatico	traumatico	_	_	_	_	_	linguistic	_	none	_	Begin=1145.549	_	_	_	_
452-1	BOI068	452	452	1	però	però	_	_	_	_	_	linguistic	_	none	_	_	_	_	_	_
452-2	BOI068	452	452	2	comunque:	comunque	_	_	_	_	_	linguistic	_	none	_	End=1147.328	7x1	_	_	_
453-0	BOI068	453	453	0	mh	mh	_	_	_	_	_	linguistic	_	none	_	Begin=1147.459	_	_	_	_
453-1	BOI068	453	453	1	c'	c'	_	_	_	_	_	linguistic	_	none	SpaceAfter=No	_	_	_	_	_
453-2	BOI068	453	453	2	era	era	_	_	_	_	_	linguistic	_	none	_	_	_	_	_	_
453-3	BOI068	453	453	3	comunque	comunque	_	_	_	_	_	linguistic	_	none	_	_	_	_	_	_
453-4	BOI068	453	453	4	tanta	tanta	_	_	_	_	_	linguistic	_	none	_	_	_	_	_	_
453-5	BOI068	453	453	5	gente	gente	_	_	_	_	_	linguistic	_	none	_	_	_	_	_	_
453-6	BOI068	453	453	6	sem[pre	sempre	_	_	_	_	_	linguistic	_	none	_	_	_	_	_	2-6(86)
453-7	BOI068	453	453	7	verso	verso	_	_	_	_	_	linguistic	_	none	_	_	_	_	_	0-5(86)
453-8	BOI068	453	453	8	l'	l'	_	_	_	_	_	linguistic	_	none	SpaceAfter=No	_	_	_	_	0-2(86)
453-9	BOI068	453	453	9	autostazion]e	autostazione	_	_	_	_	_	linguistic	_	none	_	_	_	_	_	0-10(86)
453-10	BOI068	453	453	10	perché:	perché	_	_	_	_	_	linguistic	_	none	_	_	5x1	_	_	_
453-11	BOI068	453	453	11	gli	gli	_	_	_	_	_	linguistic	_	none	_	_	_	_	_	_
453-12	BOI068	453	453	12	autobus	autobus	_	_	_	_	_	linguistic	_	none	_	End=1152.507	_	_	_	_
454-0	BOR019	454	454	0	[okay	okay	_	_	_	_	_	linguistic	_	none	_	Begin=1149.449	_	_	_	0-4(86)
454-1	BOR019	454	454	1	°okay	okay	_	_	_	_	_	linguistic	_	none	Volume=low	_	_	_	_	0-4(86)
454-2	BOR019	454	454	2	okay°]	okay	_	_	_	_	_	linguistic	_	none	Volume=low	End=1150.786	_	_	_	0-4(86)
455-0	BOI068	455	455	0	eh	eh	_	_	_	_	_	linguistic	_	none	_	Begin=1152.733	_	_	_	_
455-1	BOI068	455	455	1	passano	passano	_	_	_	_	_	linguistic	_	none	_	_	_	_	_	_
455-2	BOI068	455	455	2	in	in	_	_	_	_	_	linguistic	_	none	_	_	_	_	_	_
455-3	BOI068	455	455	3	continuazione	continuazione	_	_	_	_	_	linguistic	_	none	_	_	_	_	_	_
455-4	BOI068	455	455	4	fino	fino	_	_	_	_	_	linguistic	_	none	_	_	_	_	_	_
455-5	BOI068	455	455	5	a	a	_	_	_	_	_	linguistic	_	none	_	_	_	_	_	_
455-6	BOI068	455	455	6	notte	notte	_	_	_	_	_	linguistic	_	none	_	_	_	_	_	_
455-7	BOI068	455	455	7	fonda	fonda	_	_	_	_	_	linguistic	_	none	_	_	_	_	_	_
455-8	BOI068	455	455	8	[quindi]	quindi	_	_	_	_	_	linguistic	_	none	_	End=1155.454	_	_	_	0-6(87)
456-0	BOR019	456	456	0	[vero]	vero	_	_	_	_	_	linguistic	_	none	_	Begin=1154.954|End=1155.301	_	_	_	0-4(87)
457-0	BOI068	457	457	0	quindi	quindi	_	_	_	_	_	linguistic	_	none	_	Begin=1156.996	_	_	_	_
457-1	BOI068	457	457	1	fortunatamente	fortunatamente	_	_	_	_	_	linguistic	_	none	_	_	_	_	_	_
457-2	BOI068	457	457	2	non	non	_	_	_	_	_	linguistic	_	none	_	_	_	_	_	_
457-3	BOI068	457	457	3	eravamo:	eravamo	_	_	_	_	_	linguistic	_	none	_	_	6x1	_	_	_
457-4	BOI068	457	457	4	da	da	_	_	_	_	_	linguistic	_	none	_	_	_	_	_	_
457-5	BOI068	457	457	5	sole:	sole	_	_	_	_	_	linguistic	_	none	_	End=1159.828	3x1	_	_	_
458-0	BOR019	458	458	0	mamma	mamma	_	_	_	_	_	linguistic	_	none	_	Begin=1160.943	_	_	_	_
458-1	BOR019	458	458	1	mia	mia	_	_	_	_	_	linguistic	_	none	_	End=1161.549	_	_	_	_
459-0	BOR019	459	459	0	meno	meno	_	_	_	_	_	linguistic	_	none	_	Begin=1161.696	_	_	_	_
459-1	BOR019	459	459	1	male	male	_	_	_	_	_	linguistic	_	none	_	_	_	_	_	_
459-2	BOR019	459	459	2	{ride}	{ride}	_	_	_	_	_	nonverbalbehavior	_	none	_	End=1162.496	_	_	_	_
460-0	BOI068	460	460	0	sì	sì	_	_	_	_	_	linguistic	_	none	_	Begin=1162.754|End=1163.075	_	_	_	_
461-0	BOR019	461	461	0	e	e	_	_	_	_	_	linguistic	_	none	_	Begin=1163.959|End=1164.212	_	_	_	_
462-0	BOR019	462	462	0	allora	allora	_	_	_	_	_	linguistic	_	none	_	Begin=1164.375|End=1164.88	_	_	_	_
463-0	BOR019	463	463	0	in	in	_	_	_	_	_	linguistic	_	none	PauseAfter=Yes	Begin=1165.075	_	_	_	_
463-1	BOR019	463	463	1	{P}	{P}	_	_	_	_	_	shortpause	_	none	_	_	_	_	_	_
463-2	BOR019	463	463	2	che	che	_	_	_	_	_	linguistic	_	none	_	_	_	_	_	_
463-3	BOR019	463	463	3	zona	zona	_	_	_	_	_	linguistic	_	none	_	_	_	_	_	_
463-4	BOR019	463	463	4	ti	ti	_	_	_	_	_	linguistic	_	none	_	_	_	_	_	_
463-5	BOR019	463	463	5	piacerebbe	piacerebbe	_	_	_	_	_	linguistic	_	none	_	_	_	_	_	_
463-6	BOR019	463	463	6	vivere	vivere	_	_	_	_	_	linguistic	_	none	_	End=1167.338	_	_	_	_
464-0	BOR019	464	464	0	di	di	_	_	_	_	_	linguistic	_	none	_	Begin=1167.517	_	_	_	_
464-1	BOR019	464	464	1	bologna	bologna	_	_	_	_	_	linguistic	_	none	_	End=1168.107	_	_	_	_
465-0	BOR019	465	465	0	se	se	_	_	_	_	_	linguistic	_	none	_	Begin=1168.401	_	_	_	_
465-1	BOR019	465	465	1	dovessi	dovessi	_	_	_	_	_	linguistic	_	none	_	_	_	_	_	_
465-2	BOR019	465	465	2	prendere	prendere	_	_	_	_	_	linguistic	_	none	_	_	_	_	_	_
465-3	BOR019	465	465	3	la	la	_	_	_	_	_	linguistic	_	none	_	_	_	_	_	_
465-4	BOR019	465	465	4	casa	casa	_	_	_	_	_	linguistic	_	none	_	_	_	_	_	_
465-5	BOR019	465	465	5	lì	lì	_	_	_	_	_	linguistic	_	none	_	End=1169.749	_	_	_	_
466-0	BOI068	466	466	0	<allora>	allora	_	_	_	_	_	linguistic	_	none	_	Begin=1170.122|End=1171.333	_	Slow=0-6(0)	_	_
467-0	BOI068	467	467	0	<la	la	_	_	_	_	_	linguistic	_	none	_	Begin=1171.433	_	Slow=0-2(0)	_	_
467-1	BOI068	467	467	1	zona>,	zona	_	_	_	_	_	linguistic	_	none	Intonation=WeaklyRising	End=1172.754	_	Slow=0-4(0)	_	_
468-0	BOI068	468	468	0	<allora>	allora	_	_	_	_	_	linguistic	_	none	_	Begin=1172.854|End=1173.825	_	Slow=0-6(0)	_	_
469-0	BOI068	469	469	0	e:h	eh	_	_	_	_	_	linguistic	_	none	_	Begin=1174.533	0x1	_	_	_
469-1	BOI068	469	469	1	diciamo:,	diciamo	_	_	_	_	_	linguistic	_	none	Intonation=WeaklyRising	End=1175.98	6x1	_	_	_
470-0	BOI068	470	470	0	la	la	_	_	_	_	_	linguistic	_	none	_	Begin=1176.038	_	_	_	_
470-1	BOI068	470	470	1	zona	zona	_	_	_	_	_	linguistic	_	none	_	_	_	_	_	_
470-2	BOI068	470	470	2	di:	di	_	_	_	_	_	linguistic	_	none	_	_	1x1	_	_	_
470-3	BOI068	470	470	3	corticella	corticella	_	_	_	_	_	linguistic	_	none	_	_	_	_	_	_
470-4	BOI068	470	470	4	mi	mi	_	_	_	_	_	linguistic	_	none	_	_	_	_	_	_
470-5	BOI068	470	470	5	piace	piace	_	_	_	_	_	linguistic	_	none	_	_	_	_	_	_
470-6	BOI068	470	470	6	abba[stan]za	abbastanza	_	_	_	_	_	linguistic	_	none	_	End=1178.901	_	_	_	4-8(88)
471-0	BOR019	471	471	0	[mh]	mh	_	_	_	_	_	linguistic	_	none	_	Begin=1178.201|End=1178.565	_	_	_	0-2(88)
472-0	BOR019	472	472	0	dov'	dov'	_	_	_	_	_	linguistic	_	none	SpaceAfter=No	Begin=1179.196	_	_	_	_
472-1	BOR019	472	472	1	è?	è	_	_	_	_	_	linguistic	_	none	Intonation=Rising	_	_	_	_	_
472-2	BOR019	472	472	2	esattamente	esattamente	_	_	_	_	_	linguistic	_	none	_	End=1180.476	_	_	_	_
473-0	BOI068	473	473	0	oddio	oddio	_	_	_	_	_	linguistic	_	none	PauseAfter=Yes	Begin=1180.701	_	_	_	_
473-1	BOI068	473	473	1	{P}	{P}	_	_	_	_	_	shortpause	_	none	_	_	_	_	_	_
473-2	BOI068	473	473	2	corticella	corticella	_	_	_	_	_	linguistic	_	none	_	_	_	_	_	_
473-3	BOI068	473	473	3	è	è	_	_	_	_	_	linguistic	_	none	_	_	_	_	_	_
473-4	BOI068	473	473	4	praticamente	praticamente	_	_	_	_	_	linguistic	_	none	PauseAfter=Yes	_	_	_	_	_
473-5	BOI068	473	473	5	{P}	{P}	_	_	_	_	_	shortpause	_	none	_	_	_	_	_	_
473-6	BOI068	473	473	6	e:h	eh	_	_	_	_	_	linguistic	_	none	_	End=1183.696	0x1	_	_	_
474-0	BOI068	474	474	0	credo	credo	_	_	_	_	_	linguistic	_	none	_	Begin=1183.996	_	_	_	_
474-1	BOI068	474	474	1	dopo:	dopo	_	_	_	_	_	linguistic	_	none	_	End=1185.259	3x1	_	_	_
475-0	BOI068	475	475	0	piazza	piazza	_	_	_	_	_	linguistic	_	none	_	Begin=1185.375	_	_	_	_
475-1	BOI068	475	475	1	dell'	dell'	_	_	_	_	_	linguistic	_	none	SpaceAfter=No	_	_	_	_	_
475-2	BOI068	475	475	2	unità	unità	_	_	_	_	_	linguistic	_	none	_	_	_	_	_	_
475-3	BOI068	475	475	3	non	non	_	_	_	_	_	linguistic	_	none	_	_	_	_	_	_
475-4	BOI068	475	475	4	so	so	_	_	_	_	_	linguistic	_	none	_	_	_	_	_	_
475-5	BOI068	475	475	5	se	se	_	_	_	_	_	linguistic	_	none	_	_	_	_	_	_
475-6	BOI068	475	475	6	hai	hai	_	_	_	_	_	linguistic	_	none	_	_	_	_	_	_
475-7	BOI068	475	475	7	prese[nte]	presente	_	_	_	_	_	linguistic	_	none	_	End=1187.854	_	_	_	4-8(89)
476-0	BOR019	476	476	0	[oka]y	okay	_	_	_	_	_	linguistic	_	none	_	Begin=1187.507|End=1188.185	_	_	_	0-3(89)
477-0	BOR019	477	477	0	okay	okay	_	_	_	_	_	linguistic	_	none	_	Begin=1188.717|End=1189.199	_	_	_	_
478-0	BOI068	478	478	0	e:hm:	ehm	_	_	_	_	_	linguistic	_	none	_	Begin=1189.933|End=1191.049	0x1,2x1	_	_	_
479-0	BOI068	479	479	0	sì	sì	_	_	_	_	_	linguistic	_	none	_	Begin=1191.312|End=1191.654	_	_	_	_
480-0	BOI068	480	480	0	quindi:	quindi	_	_	_	_	_	linguistic	_	none	_	Begin=1193.054	5x1	_	_	_
480-1	BOI068	480	480	1	diciamo	diciamo	_	_	_	_	_	linguistic	_	none	_	_	_	_	_	_
480-2	BOI068	480	480	2	quella	quella	_	_	_	_	_	linguistic	_	none	_	_	_	_	_	_
480-3	BOI068	480	480	3	zona	zona	_	_	_	_	_	linguistic	_	none	_	_	_	_	_	_
480-4	BOI068	480	480	4	lì	lì	_	_	_	_	_	linguistic	_	none	_	_	_	_	_	_
480-5	BOI068	480	480	5	mi:	mi	_	_	_	_	_	linguistic	_	none	_	_	1x1	_	_	_
480-6	BOI068	480	480	6	mi	mi	_	_	_	_	_	linguistic	_	none	_	_	_	_	_	_
480-7	BOI068	480	480	7	piaciucchia	piaciucchia	_	_	_	_	_	linguistic	_	none	_	_	_	_	_	_
480-8	BOI068	480	480	8	anche	anche	_	_	_	_	_	linguistic	_	none	_	_	_	_	_	_
480-9	BOI068	480	480	9	la	la	_	_	_	_	_	linguistic	_	none	_	_	_	_	_	_
480-10	BOI068	480	480	10	zona	zona	_	_	_	_	_	linguistic	_	none	_	_	_	_	_	_
480-11	BOI068	480	480	11	di	di	_	_	_	_	_	linguistic	_	none	_	_	_	_	_	_
480-12	BOI068	480	480	12	san	san	_	_	_	_	_	linguistic	_	none	_	_	_	_	_	_
480-13	BOI068	480	480	13	donato	donato	_	_	_	_	_	linguistic	_	none	_	_	_	_	_	_
480-14	BOI068	480	480	14	diciamo	diciamo	_	_	_	_	_	linguistic	_	none	_	_	_	_	_	_
480-15	BOI068	480	480	15	non:	non	_	_	_	_	_	linguistic	_	none	_	End=1198.291	2x1	_	_	_
481-0	BOI068	481	481	0	non	non	_	_	_	_	_	linguistic	_	none	_	Begin=1198.728	_	_	_	_
481-1	BOI068	481	481	1	mi	mi	_	_	_	_	_	linguistic	_	none	_	_	_	_	_	_
481-2	BOI068	481	481	2	dispiace	dispiace	_	_	_	_	_	linguistic	_	none	_	End=1199.57	_	_	_	_
482-0	BOI068	482	482	0	poi	poi	_	_	_	_	_	linguistic	_	none	_	Begin=1199.928	_	_	_	_
482-1	BOI068	482	482	1	ovviamente	ovviamente	_	_	_	_	_	linguistic	_	none	_	End=1200.801	_	_	_	_
483-0	BOI068	483	483	0	io	io	_	_	_	_	_	linguistic	_	none	_	Begin=1200.901	_	_	_	_
483-1	BOI068	483	483	1	ho	ho	_	_	_	_	_	linguistic	_	none	_	_	_	_	_	_
483-2	BOI068	483	483	2	amici	amici	_	_	_	_	_	linguistic	_	none	_	_	_	_	_	_
483-3	BOI068	483	483	3	che	che	_	_	_	_	_	linguistic	_	none	_	_	_	_	_	_
483-4	BOI068	483	483	4	abitano	abitano	_	_	_	_	_	linguistic	_	none	_	_	_	_	_	_
483-5	BOI068	483	483	5	proprio	proprio	_	_	_	_	_	linguistic	_	none	_	_	_	_	_	_
483-6	BOI068	483	483	6	in	in	_	_	_	_	_	linguistic	_	none	_	_	_	_	_	_
483-7	BOI068	483	483	7	ce~	ce~	_	_	_	_	_	linguistic	_	none	Interrupted=Yes	End=1202.733	_	_	_	_
484-0	BOI068	484	484	0	mh	mh	_	_	_	_	_	linguistic	_	none	_	Begin=1203.012	_	_	_	_
484-1	BOI068	484	484	1	proprio	proprio	_	_	_	_	_	linguistic	_	none	_	_	_	_	_	_
484-2	BOI068	484	484	2	verso	verso	_	_	_	_	_	linguistic	_	none	_	_	_	_	_	_
484-3	BOI068	484	484	3	in	in	_	_	_	_	_	linguistic	_	none	_	_	_	_	_	_
484-4	BOI068	484	484	4	centro	centro	_	_	_	_	_	linguistic	_	none	_	_	_	_	_	_
484-5	BOI068	484	484	5	di	di	_	_	_	_	_	linguistic	_	none	_	_	_	_	_	_
484-6	BOI068	484	484	6	bologna	bologna	_	_	_	_	_	linguistic	_	none	_	End=1205.47	_	_	_	_
485-0	BOR019	485	485	0	mh	mh	_	_	_	_	_	linguistic	_	none	_	Begin=1205.686|End=1205.991	_	_	_	_
486-0	BOI068	486	486	0	e:	e	_	_	_	_	_	linguistic	_	none	_	Begin=1205.991	0x1	_	_	_
486-1	BOI068	486	486	1	m:h	mh	_	_	_	_	_	linguistic	_	none	_	_	0x1	_	_	_
486-2	BOI068	486	486	2	e	e	_	_	_	_	_	linguistic	_	none	_	_	_	_	_	_
486-3	BOI068	486	486	3	lì	lì	_	_	_	_	_	linguistic	_	none	_	_	_	_	_	_
486-4	BOI068	486	486	4	però	però	_	_	_	_	_	linguistic	_	none	_	_	_	_	_	_
486-5	BOI068	486	486	5	comunque	comunque	_	_	_	_	_	linguistic	_	none	_	_	_	_	_	_
486-6	BOI068	486	486	6	più	più	_	_	_	_	_	linguistic	_	none	_	_	_	_	_	_
486-7	BOI068	486	486	7	ti	ti	_	_	_	_	_	linguistic	_	none	_	_	_	_	_	_
486-8	BOI068	486	486	8	avvicini	avvicini	_	_	_	_	_	linguistic	_	none	_	_	_	_	_	_
486-9	BOI068	486	486	9	al	al	_	_	_	_	_	linguistic	_	none	_	_	_	_	_	_
486-10	BOI068	486	486	10	centro	centro	_	_	_	_	_	linguistic	_	none	PauseAfter=Yes	_	_	_	_	_
486-11	BOI068	486	486	11	{P}	{P}	_	_	_	_	_	shortpause	_	none	_	_	_	_	_	_
486-12	BOI068	486	486	12	più:	più	_	_	_	_	_	linguistic	_	none	_	_	2x1	_	_	_
486-13	BOI068	486	486	13	le	le	_	_	_	_	_	linguistic	_	none	_	_	_	_	_	_
486-14	BOI068	486	486	14	case	case	_	_	_	_	_	linguistic	_	none	_	_	_	_	_	_
486-15	BOI068	486	486	15	costano	costano	_	_	_	_	_	linguistic	_	none	_	End=1211.738	_	_	_	_
487-0	BOI068	487	487	0	anche	anche	_	_	_	_	_	linguistic	_	none	_	Begin=1212.075	_	_	_	_
487-1	BOI068	487	487	1	se	se	_	_	_	_	_	linguistic	_	none	PauseAfter=Yes	_	_	_	_	_
487-2	BOI068	487	487	2	{P}	{P}	_	_	_	_	_	shortpause	_	none	_	_	_	_	_	_
487-3	BOI068	487	487	3	a	a	_	_	_	_	_	linguistic	_	none	_	_	_	_	_	_
487-4	BOI068	487	487	4	bologna	bologna	_	_	_	_	_	linguistic	_	none	_	End=1213.491	_	_	_	_
488-0	BOI068	488	488	0	mh	mh	_	_	_	_	_	linguistic	_	none	_	Begin=1213.633	_	_	_	_
488-1	BOI068	488	488	1	tutto	tutto	_	_	_	_	_	linguistic	_	none	_	_	_	_	_	_
488-2	BOI068	488	488	2	costa	costa	_	_	_	_	_	linguistic	_	none	_	End=1215.022	_	_	_	_
489-0	BOR019	489	489	0	vero	vero	_	_	_	_	_	linguistic	_	none	_	Begin=1215.938|End=1216.303	_	_	_	_
490-0	BOR019	490	490	0	vero	vero	_	_	_	_	_	linguistic	_	none	_	Begin=1216.444	_	_	_	_
490-1	BOR019	490	490	1	vero	vero	_	_	_	_	_	linguistic	_	none	_	_	_	_	_	_
490-2	BOR019	490	490	2	vero	vero	_	_	_	_	_	linguistic	_	none	_	End=1217.311	_	_	_	_
491-0	BOR019	491	491	0	e:hm::	ehm	_	_	_	_	_	linguistic	_	none	_	Begin=1218.496|End=1220.191	0x1,2x2	_	_	_
492-0	BOR019	492	492	0	per	per	_	_	_	_	_	linguistic	_	none	_	Begin=1221.717	_	_	_	_
492-1	BOR019	492	492	1	caso	caso	_	_	_	_	_	linguistic	_	none	_	_	_	_	_	_
492-2	BOR019	492	492	2	tifi:	tifi	_	_	_	_	_	linguistic	_	none	_	_	3x1	_	_	_
492-3	BOR019	492	492	3	sei	sei	_	_	_	_	_	linguistic	_	none	_	_	_	_	_	_
492-4	BOR019	492	492	4	una	una	_	_	_	_	_	linguistic	_	none	_	_	_	_	_	_
492-5	BOR019	492	492	5	tifosa,	tifosa	_	_	_	_	_	linguistic	_	none	Intonation=WeaklyRising	End=1223.926	_	_	_	_
493-0	BOR019	493	493	0	calcio:,	calcio	_	_	_	_	_	linguistic	_	none	Intonation=WeaklyRising	Begin=1224.165	5x1	_	_	_
493-1	BOR019	493	493	1	basket	basket	_	_	_	_	_	linguistic	_	none	_	End=1225.665	_	_	_	_
494-0	BOI068	494	494	0	oddio	oddio	_	_	_	_	_	linguistic	_	none	_	Begin=1225.77|End=1226.445	_	_	_	_
495-0	BOI068	495	495	0	eh	eh	_	_	_	_	_	linguistic	_	none	_	Begin=1226.644|End=1226.944	_	_	_	_
496-0	BOI068	496	496	0	<calcio>,	calcio	_	_	_	_	_	linguistic	_	none	Intonation=WeaklyRising	Begin=1227.249|End=1228.301	_	Slow=0-6(0)	_	_
497-0	BOI068	497	497	0	<non	non	_	_	_	_	_	linguistic	_	none	_	Begin=1228.854	_	Slow=0-3(0)	_	_
497-1	BOI068	497	497	1	tantissimo>	tantissimo	_	_	_	_	_	linguistic	_	none	_	End=1230.454	_	Slow=0-10(0)	_	_
498-0	BOI068	498	498	0	e:h	eh	_	_	_	_	_	linguistic	_	none	_	Begin=1230.886|End=1231.47	0x1	_	_	_
499-0	BOI068	499	499	0	sì	sì	_	_	_	_	_	linguistic	_	none	_	Begin=1231.607	_	_	_	_
499-1	BOI068	499	499	1	tifo	tifo	_	_	_	_	_	linguistic	_	none	_	_	_	_	_	_
499-2	BOI068	499	499	2	il	il	_	_	_	_	_	linguistic	_	none	_	_	_	_	_	_
499-3	BOI068	499	499	3	bologna	bologna	_	_	_	_	_	linguistic	_	none	_	End=1232.854	_	_	_	_
500-0	BOI068	500	500	0	perché	perché	_	_	_	_	_	linguistic	_	none	_	Begin=1232.965	_	_	_	_
500-1	BOI068	500	500	1	è	è	_	_	_	_	_	linguistic	_	none	_	_	_	_	_	_
500-2	BOI068	500	500	2	la:	la	_	_	_	_	_	linguistic	_	none	_	_	1x1	_	_	_
500-3	BOI068	500	500	3	è	è	_	_	_	_	_	linguistic	_	none	_	_	_	_	_	_
500-4	BOI068	500	500	4	la	la	_	_	_	_	_	linguistic	_	none	_	_	_	_	_	_
500-5	BOI068	500	500	5	squadra	squadra	_	_	_	_	_	linguistic	_	none	_	_	_	_	_	_
500-6	BOI068	500	500	6	della:	della	_	_	_	_	_	linguistic	_	none	_	_	4x1	_	_	_
500-7	BOI068	500	500	7	della	della	_	_	_	_	_	linguistic	_	none	_	_	_	_	_	_
500-8	BOI068	500	500	8	mia	mia	_	_	_	_	_	linguistic	_	none	_	_	_	_	_	_
500-9	BOI068	500	500	9	<città>	città	_	_	_	_	_	linguistic	_	none	_	_	_	Slow=0-5(0)	_	_
500-10	BOI068	500	500	10	poi	poi	_	_	_	_	_	linguistic	_	none	_	_	_	_	_	_
500-11	BOI068	500	500	11	perché	perché	_	_	_	_	_	linguistic	_	none	_	_	_	_	_	_
500-12	BOI068	500	500	12	diciamo:	diciamo	_	_	_	_	_	linguistic	_	none	_	End=1237.812	6x1	_	_	_
501-0	BOI068	501	501	0	ho:	ho	_	_	_	_	_	linguistic	_	none	_	Begin=1238.017	1x1	_	_	_
501-1	BOI068	501	501	1	{ride}	{ride}	_	_	_	_	_	nonverbalbehavior	_	none	_	_	_	_	_	_
501-2	BOI068	501	501	2	xx	xx	_	_	_	_	_	unknown	_	none	Syllables=2	_	_	_	_	_
501-3	BOI068	501	501	3	la	la	_	_	_	_	_	linguistic	_	none	_	_	_	_	_	_
501-4	BOI068	501	501	4	famiglia	famiglia	_	_	_	_	_	linguistic	_	none	_	End=1239.707	_	_	_	_
502-0	BOI068	502	502	0	da	da	_	_	_	_	_	linguistic	_	none	_	Begin=1240.044	_	_	_	_
502-1	BOI068	502	502	1	parte	parte	_	_	_	_	_	linguistic	_	none	_	_	_	_	_	_
502-2	BOI068	502	502	2	di:	di	_	_	_	_	_	linguistic	_	none	_	_	1x1	_	_	_
502-3	BOI068	502	502	3	di	di	_	_	_	_	_	linguistic	_	none	_	_	_	_	_	_
502-4	BOI068	502	502	4	mio	mio	_	_	_	_	_	linguistic	_	none	_	_	_	_	_	_
502-5	BOI068	502	502	5	padre	padre	_	_	_	_	_	linguistic	_	none	_	_	_	_	_	_
502-6	BOI068	502	502	6	che	che	_	_	_	_	_	linguistic	_	none	_	_	_	_	_	_
502-7	BOI068	502	502	7	son	son	_	_	_	_	_	linguistic	_	none	_	_	_	_	_	_
502-8	BOI068	502	502	8	tutti	tutti	_	_	_	_	_	linguistic	_	none	_	_	_	_	_	_
502-9	BOI068	502	502	9	tifosi	tifosi	_	_	_	_	_	linguistic	_	none	_	_	_	_	_	_
502-10	BOI068	502	502	10	del	del	_	_	_	_	_	linguistic	_	none	_	_	_	_	_	_
502-11	BOI068	502	502	11	bologna	bologna	_	_	_	_	_	linguistic	_	none	_	_	_	_	_	_
502-12	BOI068	502	502	12	x	x	_	_	_	_	_	unknown	_	none	Syllables=1	_	_	_	_	_
502-13	BOI068	502	502	13	hanno	hanno	_	_	_	_	_	linguistic	_	none	_	_	_	_	_	_
502-14	BOI068	502	502	14	l'	l'	_	_	_	_	_	linguistic	_	none	SpaceAfter=No	_	_	_	_	_
502-15	BOI068	502	502	15	abbonamento	abbonamento	_	_	_	_	_	linguistic	_	none	_	_	_	_	_	_
502-16	BOI068	502	502	16	allo	allo	_	_	_	_	_	linguistic	_	none	_	_	_	_	_	_
502-17	BOI068	502	502	17	stadio	stadio	_	_	_	_	_	linguistic	_	none	_	_	_	_	_	_
502-18	BOI068	502	502	18	quindi	quindi	_	_	_	_	_	linguistic	_	none	_	_	_	_	_	_
502-19	BOI068	502	502	19	sono	sono	_	_	_	_	_	linguistic	_	none	_	End=1245.407	_	_	_	_
503-0	BOI068	503	503	0	ogni	ogni	_	_	_	_	_	linguistic	_	none	_	Begin=1245.78	_	_	_	_
503-1	BOI068	503	503	1	volta	volta	_	_	_	_	_	linguistic	_	none	_	_	_	_	_	_
503-2	BOI068	503	503	2	che	che	_	_	_	_	_	linguistic	_	none	_	_	_	_	_	_
503-3	BOI068	503	503	3	c'	c'	_	_	_	_	_	linguistic	_	none	SpaceAfter=No	_	_	_	_	_
503-4	BOI068	503	503	4	è	è	_	_	_	_	_	linguistic	_	none	_	_	_	_	_	_
503-5	BOI068	503	503	5	una	una	_	_	_	_	_	linguistic	_	none	_	_	_	_	_	_
503-6	BOI068	503	503	6	partita	partita	_	_	_	_	_	linguistic	_	none	_	_	_	_	_	_
503-7	BOI068	503	503	7	sono	sono	_	_	_	_	_	linguistic	_	none	_	_	_	_	_	_
503-8	BOI068	503	503	8	a	a	_	_	_	_	_	linguistic	_	none	_	_	_	_	_	_
503-9	BOI068	503	503	9	vederla	vederla	_	_	_	_	_	linguistic	_	none	_	_	_	_	_	_
503-10	BOI068	503	503	10	però	però	_	_	_	_	_	linguistic	_	none	_	End=1248.201	_	_	_	_
504-0	BOI068	504	504	0	e:hm	ehm	_	_	_	_	_	linguistic	_	none	_	Begin=1248.728	0x1	_	_	_
504-1	BOI068	504	504	1	non	non	_	_	_	_	_	linguistic	_	none	_	_	_	_	_	_
504-2	BOI068	504	504	2	sono	sono	_	_	_	_	_	linguistic	_	none	_	End=1250.226	_	_	_	_
505-0	BOI068	505	505	0	così	così	_	_	_	_	_	linguistic	_	none	_	Begin=1251.312	_	_	_	_
505-1	BOI068	505	505	1	tanto	tanto	_	_	_	_	_	linguistic	_	none	_	_	_	_	_	_
505-2	BOI068	505	505	2	tifosa	tifosa	_	_	_	_	_	linguistic	_	none	_	_	_	_	_	_
505-3	BOI068	505	505	3	di	di	_	_	_	_	_	linguistic	_	none	_	_	_	_	_	_
505-4	BOI068	505	505	4	calcio	calcio	_	_	_	_	_	linguistic	_	none	_	_	_	_	_	_
505-5	BOI068	505	505	5	guardo::	guardo	_	_	_	_	_	linguistic	_	none	_	_	5x2	_	_	_
505-6	BOI068	505	505	6	i	i	_	_	_	_	_	linguistic	_	none	_	_	_	_	_	_
505-7	BOI068	505	505	7	mondiali	mondiali	_	_	_	_	_	linguistic	_	none	_	_	_	_	_	_
505-8	BOI068	505	505	8	o	o	_	_	_	_	_	linguistic	_	none	_	_	_	_	_	_
505-9	BOI068	505	505	9	gli	gli	_	_	_	_	_	linguistic	_	none	_	_	_	_	_	_
505-10	BOI068	505	505	10	europei	europei	_	_	_	_	_	linguistic	_	none	_	_	_	_	_	_
505-11	BOI068	505	505	11	quando	quando	_	_	_	_	_	linguistic	_	none	_	_	_	_	_	_
505-12	BOI068	505	505	12	ci	ci	_	_	_	_	_	linguistic	_	none	_	_	_	_	_	_
505-13	BOI068	505	505	13	sono	sono	_	_	_	_	_	linguistic	_	none	_	End=1256.317	_	_	_	_
506-0	BOI068	506	506	0	il	il	_	_	_	_	_	linguistic	_	none	_	Begin=1256.912	_	_	_	_
506-1	BOI068	506	506	1	basket	basket	_	_	_	_	_	linguistic	_	none	_	_	_	_	_	_
506-2	BOI068	506	506	2	invece:,	invece	_	_	_	_	_	linguistic	_	none	Intonation=WeaklyRising	End=1258.349	5x1	_	_	_
507-0	BOI068	507	507	0	oddio	oddio	_	_	_	_	_	linguistic	_	none	_	Begin=1258.417|End=1258.949	_	_	_	_
508-0	BOI068	508	508	0	c'	c'	_	_	_	_	_	linguistic	_	none	SpaceAfter=No	Begin=1258.996	_	_	_	_
508-1	BOI068	508	508	1	è	è	_	_	_	_	_	linguistic	_	none	_	_	_	_	_	_
508-2	BOI068	508	508	2	mio	mio	_	_	_	_	_	linguistic	_	none	_	_	_	_	_	_
508-3	BOI068	508	508	3	fratello,	fratello	_	_	_	_	_	linguistic	_	none	Intonation=WeaklyRising	End=1260.033	_	_	_	_
509-0	BOI068	509	509	0	che	che	_	_	_	_	_	linguistic	_	none	_	Begin=1260.107	_	_	_	_
509-1	BOI068	509	509	1	ha	ha	_	_	_	_	_	linguistic	_	none	_	_	_	_	_	_
509-2	BOI068	509	509	2	fatto:	fatto	_	_	_	_	_	linguistic	_	none	_	_	4x1	_	_	_
509-3	BOI068	509	509	3	m:h	mh	_	_	_	_	_	linguistic	_	none	_	_	0x1	_	_	_
509-4	BOI068	509	509	4	basket	basket	_	_	_	_	_	linguistic	_	none	_	_	_	_	_	_
509-5	BOI068	509	509	5	per	per	_	_	_	_	_	linguistic	_	none	_	_	_	_	_	_
509-6	BOI068	509	509	6	tanti	tanti	_	_	_	_	_	linguistic	_	none	_	_	_	_	_	_
509-7	BOI068	509	509	7	anni	anni	_	_	_	_	_	linguistic	_	none	_	_	_	_	_	_
509-8	BOI068	509	509	8	quindi	quindi	_	_	_	_	_	linguistic	_	none	_	_	_	_	_	_
509-9	BOI068	509	509	9	diciamo	diciamo	_	_	_	_	_	linguistic	_	none	_	_	_	_	_	_
509-10	BOI068	509	509	10	lo	lo	_	_	_	_	_	linguistic	_	none	_	_	_	_	_	_
509-11	BOI068	509	509	11	seguivo	seguivo	_	_	_	_	_	linguistic	_	none	_	End=1264.801	_	_	_	_
510-0	BOI068	510	510	0	eh	eh	_	_	_	_	_	linguistic	_	none	_	Begin=1265.217	_	_	_	_
510-1	BOI068	510	510	1	molto:	molto	_	_	_	_	_	linguistic	_	none	_	End=1266.512	4x1	_	_	_
511-0	BOI068	511	511	0	molto	molto	_	_	_	_	_	linguistic	_	none	_	Begin=1267.344	_	_	_	_
511-1	BOI068	511	511	1	spesso	spesso	_	_	_	_	_	linguistic	_	none	PauseAfter=Yes	_	_	_	_	_
511-2	BOI068	511	511	2	{P}	{P}	_	_	_	_	_	shortpause	_	none	_	_	_	_	_	_
511-3	BOI068	511	511	3	perché	perché	_	_	_	_	_	linguistic	_	none	_	_	_	_	_	_
511-4	BOI068	511	511	4	faceva	faceva	_	_	_	_	_	linguistic	_	none	_	_	_	_	_	_
511-5	BOI068	511	511	5	anche	anche	_	_	_	_	_	linguistic	_	none	_	End=1269.665	_	_	_	_
512-0	BOI068	512	512	0	eh	eh	_	_	_	_	_	linguistic	_	none	_	Begin=1270.102	_	_	_	_
512-1	BOI068	512	512	1	tornei	tornei	_	_	_	_	_	linguistic	_	none	_	_	_	_	_	_
512-2	BOI068	512	512	2	all'	all'	_	_	_	_	_	linguistic	_	none	SpaceAfter=No	_	_	_	_	_
512-3	BOI068	512	512	3	unipol,	unipol	_	_	_	_	_	linguistic	_	none	Intonation=WeaklyRising	_	_	_	_	_
512-4	BOI068	512	512	4	e	e	_	_	_	_	_	linguistic	_	none	_	_	_	_	_	_
512-5	BOI068	512	512	5	quindi:	quindi	_	_	_	_	_	linguistic	_	none	_	_	5x1	_	_	_
512-6	BOI068	512	512	6	poi	poi	_	_	_	_	_	linguistic	_	none	_	_	_	_	_	_
512-7	BOI068	512	512	7	avevamo	avevamo	_	_	_	_	_	linguistic	_	none	_	_	_	_	_	_
512-8	BOI068	512	512	8	il	il	_	_	_	_	_	linguistic	_	none	_	_	_	_	_	_
512-9	BOI068	512	512	9	biglietto	biglietto	_	_	_	_	_	linguistic	_	none	_	_	_	_	_	_
512-10	BOI068	512	512	10	per	per	_	_	_	_	_	linguistic	_	none	_	_	_	_	_	_
512-11	BOI068	512	512	11	vedere	vedere	_	_	_	_	_	linguistic	_	none	_	End=1274.796	_	_	_	_
513-0	BOI068	513	513	0	le	le	_	_	_	_	_	linguistic	_	none	_	Begin=1275.028	_	_	_	_
513-1	BOI068	513	513	1	partite	partite	_	_	_	_	_	linguistic	_	none	_	_	_	_	_	_
513-2	BOI068	513	513	2	della	della	_	_	_	_	_	linguistic	_	none	_	_	_	_	_	_
513-3	BOI068	513	513	3	fortitudo,	fortitudo	_	_	_	_	_	linguistic	_	none	Intonation=WeaklyRising	_	_	_	_	_
513-4	BOI068	513	513	4	della	della	_	_	_	_	_	linguistic	_	none	_	_	_	_	_	_
513-5	BOI068	513	513	5	virtus	virtus	_	_	_	_	_	linguistic	_	none	_	End=1277.358	_	_	_	_
514-0	BOI068	514	514	0	quindi	quindi	_	_	_	_	_	linguistic	_	none	_	Begin=1277.559|End=1277.88	_	_	_	_
515-0	BOI068	515	515	0	>fortunatamente<	fortunatamente	_	_	_	_	_	linguistic	_	none	_	Begin=1278.238|End=1278.949	_	Fast=0-14(0)	_	_
516-0	BOI068	516	516	0	anche	anche	_	_	_	_	_	linguistic	_	none	_	Begin=1279.202	_	_	_	_
516-1	BOI068	516	516	1	se,	se	_	_	_	_	_	linguistic	_	none	Intonation=WeaklyRising	End=1280.08	_	_	_	_
517-0	BOI068	517	517	0	eh	eh	_	_	_	_	_	linguistic	_	none	_	Begin=1280.123	_	_	_	_
517-1	BOI068	517	517	1	non	non	_	_	_	_	_	linguistic	_	none	_	_	_	_	_	_
517-2	BOI068	517	517	2	sono	sono	_	_	_	_	_	linguistic	_	none	_	_	_	_	_	_
517-3	BOI068	517	517	3	mai	mai	_	_	_	_	_	linguistic	_	none	_	_	_	_	_	_
517-4	BOI068	517	517	4	stata	stata	_	_	_	_	_	linguistic	_	none	_	_	_	_	_	_
517-5	BOI068	517	517	5	proprio	proprio	_	_	_	_	_	linguistic	_	none	_	End=1281.996	_	_	_	_
518-0	BOI068	518	518	0	<un>	un	_	_	_	_	_	linguistic	_	none	_	Begin=1282.123|End=1282.659	_	Slow=0-2(0)	_	_
519-0	BOI068	519	519	0	un'	un'	_	_	_	_	_	linguistic	_	none	SpaceAfter=No	Begin=1282.817	_	_	_	_
519-1	BOI068	519	519	1	appassionata	appassionata	_	_	_	_	_	linguistic	_	none	_	_	_	_	_	_
519-2	BOI068	519	519	2	delle	delle	_	_	_	_	_	linguistic	_	none	_	_	_	_	_	_
519-3	BOI068	519	519	3	<squadre>	squadre	_	_	_	_	_	linguistic	_	none	_	_	_	Slow=0-7(0)	_	_
519-4	BOI068	519	519	4	di	di	_	_	_	_	_	linguistic	_	none	_	_	_	_	_	_
519-5	BOI068	519	519	5	calcio	calcio	_	_	_	_	_	linguistic	_	none	_	_	_	_	_	_
519-6	BOI068	519	519	6	basket	basket	_	_	_	_	_	linguistic	_	none	_	_	_	_	_	_
519-7	BOI068	519	519	7	gli	gli	_	_	_	_	_	linguistic	_	none	_	_	_	_	_	_
519-8	BOI068	519	519	8	sport:	sport	_	_	_	_	_	linguistic	_	none	_	_	4x1	_	_	_
519-9	BOI068	519	519	9	da	da	_	_	_	_	_	linguistic	_	none	_	_	_	_	_	_
519-10	BOI068	519	519	10	vedere	vedere	_	_	_	_	_	linguistic	_	none	_	_	_	_	_	_
519-11	BOI068	519	519	11	mi	mi	_	_	_	_	_	linguistic	_	none	_	_	_	_	_	_
519-12	BOI068	519	519	12	piacciono	piacciono	_	_	_	_	_	linguistic	_	none	_	_	_	_	_	_
519-13	BOI068	519	519	13	le	le	_	_	_	_	_	linguistic	_	none	_	_	_	_	_	_
519-14	BOI068	519	519	14	partite	partite	_	_	_	_	_	linguistic	_	none	_	_	_	_	_	_
519-15	BOI068	519	519	15	mi:	mi	_	_	_	_	_	linguistic	_	none	_	_	1x1	_	_	_
519-16	BOI068	519	519	16	piaciucchiano	piaciucchiano	_	_	_	_	_	linguistic	_	none	_	End=1289.596	_	_	_	_
520-0	BOR019	520	520	0	ho	ho	_	_	_	_	_	linguistic	_	none	_	Begin=1289.759	_	_	_	_
520-1	BOR019	520	520	1	capito	capito	_	_	_	_	_	linguistic	_	none	_	_	_	_	_	_
520-2	BOR019	520	520	2	ho	ho	_	_	_	_	_	linguistic	_	none	_	_	_	_	_	_
520-3	BOR019	520	520	3	capito	capito	_	_	_	_	_	linguistic	_	none	_	_	_	_	_	_
520-4	BOR019	520	520	4	e:	e	_	_	_	_	_	linguistic	_	none	_	_	0x1	_	_	_
520-5	BOR019	520	520	5	perché	perché	_	_	_	_	_	linguistic	_	none	_	_	_	_	_	_
520-6	BOR019	520	520	6	che	che	_	_	_	_	_	linguistic	_	none	_	_	_	_	_	_
520-7	BOR019	520	520	7	cosa	cosa	_	_	_	_	_	linguistic	_	none	_	_	_	_	_	_
520-8	BOR019	520	520	8	ti	ti	_	_	_	_	_	linguistic	_	none	_	_	_	_	_	_
520-9	BOR019	520	520	9	piace	piace	_	_	_	_	_	linguistic	_	none	_	_	_	_	_	_
520-10	BOR019	520	520	10	proprio:	proprio	_	_	_	_	_	linguistic	_	none	_	End=1292.496	6x1	_	_	_
521-0	BOR019	521	521	0	esattamente	esattamente	_	_	_	_	_	linguistic	_	none	_	Begin=1293.049|End=1293.87	_	_	_	_
522-0	BOI068	522	522	0	allora	allora	_	_	_	_	_	linguistic	_	none	_	Begin=1294.291|End=1294.933	_	_	_	_
523-0	BOI068	523	523	0	diciamo	diciamo	_	_	_	_	_	linguistic	_	none	_	Begin=1295.112	_	_	_	_
523-1	BOI068	523	523	1	il	il	_	_	_	_	_	linguistic	_	none	_	_	_	_	_	_
523-2	BOI068	523	523	2	basket	basket	_	_	_	_	_	linguistic	_	none	_	_	_	_	_	_
523-3	BOI068	523	523	3	mi	mi	_	_	_	_	_	linguistic	_	none	_	_	_	_	_	_
523-4	BOI068	523	523	4	piace	piace	_	_	_	_	_	linguistic	_	none	_	_	_	_	_	_
523-5	BOI068	523	523	5	proprio	proprio	_	_	_	_	_	linguistic	_	none	_	_	_	_	_	_
523-6	BOI068	523	523	6	come	come	_	_	_	_	_	linguistic	_	none	_	_	_	_	_	_
523-7	BOI068	523	523	7	sport	sport	_	_	_	_	_	linguistic	_	none	_	_	_	_	_	_
523-8	BOI068	523	523	8	vedere:	vedere	_	_	_	_	_	linguistic	_	none	_	End=1298.68	5x1	_	_	_
524-0	BOI068	524	524	0	e:h	eh	_	_	_	_	_	linguistic	_	none	_	Begin=1299.049	0x1	_	_	_
524-1	BOI068	524	524	1	diciamo	diciamo	_	_	_	_	_	linguistic	_	none	_	_	_	_	_	_
524-2	BOI068	524	524	2	i:	i	_	_	_	_	_	linguistic	_	none	_	End=1300.842	0x1	_	_	_
525-0	BOI068	525	525	0	i	i	_	_	_	_	_	linguistic	_	none	_	Begin=1301.202	_	_	_	_
525-1	BOI068	525	525	1	giocatori	giocatori	_	_	_	_	_	linguistic	_	none	_	End=1302.075	_	_	_	_
526-0	BOI068	526	526	0	come:	come	_	_	_	_	_	linguistic	_	none	_	Begin=1302.175	3x1	_	_	_
526-1	BOI068	526	526	1	come	come	_	_	_	_	_	linguistic	_	none	_	_	_	_	_	_
526-2	BOI068	526	526	2	giocano	giocano	_	_	_	_	_	linguistic	_	none	_	_	_	_	_	_
526-3	BOI068	526	526	3	ma	ma	_	_	_	_	_	linguistic	_	none	_	End=1303.649	_	_	_	_
527-0	BOI068	527	527	0	più	più	_	_	_	_	_	linguistic	_	none	_	Begin=1304.733	_	_	_	_
527-1	BOI068	527	527	1	che	che	_	_	_	_	_	linguistic	_	none	_	_	_	_	_	_
527-2	BOI068	527	527	2	altro:	altro	_	_	_	_	_	linguistic	_	none	_	End=1306.049	4x1	_	_	_
528-0	BOI068	528	528	0	m::h	mh	_	_	_	_	_	linguistic	_	none	_	Begin=1306.149|End=1307.044	0x2	_	_	_
529-0	BOI068	529	529	0	sì	sì	_	_	_	_	_	linguistic	_	none	_	Begin=1308.823|End=1309.196	_	_	_	_
530-0	BOI068	530	530	0	non	non	_	_	_	_	_	linguistic	_	none	_	Begin=1309.302	_	_	_	_
530-1	BOI068	530	530	1	mi	mi	_	_	_	_	_	linguistic	_	none	_	_	_	_	_	_
530-2	BOI068	530	530	2	vedo	vedo	_	_	_	_	_	linguistic	_	none	_	_	_	_	_	_
530-3	BOI068	530	530	3	tanto	tanto	_	_	_	_	_	linguistic	_	none	_	End=1310.502	_	_	_	_
531-0	BOI068	531	531	0	una:	una	_	_	_	_	_	linguistic	_	none	_	Begin=1310.565	2x1	_	_	_
531-1	BOI068	531	531	1	una	una	_	_	_	_	_	linguistic	_	none	_	_	_	_	_	_
531-2	BOI068	531	531	2	tifosa	tifosa	_	_	_	_	_	linguistic	_	none	_	End=1312.381	_	_	_	_
532-0	BOI068	532	532	0	perché	perché	_	_	_	_	_	linguistic	_	none	_	Begin=1312.549	_	_	_	_
532-1	BOI068	532	532	1	comunque	comunque	_	_	_	_	_	linguistic	_	none	_	End=1313.549	_	_	_	_
533-0	BOI068	533	533	0	io	io	_	_	_	_	_	linguistic	_	none	_	Begin=1313.865	_	_	_	_
533-1	BOI068	533	533	1	guardo	guardo	_	_	_	_	_	linguistic	_	none	_	_	_	_	_	_
533-2	BOI068	533	533	2	la	la	_	_	_	_	_	linguistic	_	none	_	_	_	_	_	_
533-3	BOI068	533	533	3	partita	partita	_	_	_	_	_	linguistic	_	none	_	End=1315.012	_	_	_	_
534-0	BOI068	534	534	0	e:	e	_	_	_	_	_	linguistic	_	none	_	Begin=1315.086	0x1	_	_	_
534-1	BOI068	534	534	1	che	che	_	_	_	_	_	linguistic	_	none	_	_	_	_	_	_
534-2	BOI068	534	534	2	vinca	vinca	_	_	_	_	_	linguistic	_	none	_	_	_	_	_	_
534-3	BOI068	534	534	3	il	il	_	_	_	_	_	linguistic	_	none	_	_	_	_	_	_
534-4	BOI068	534	534	4	migliore	migliore	_	_	_	_	_	linguistic	_	none	_	_	_	_	_	_
534-5	BOI068	534	534	5	secondo	secondo	_	_	_	_	_	linguistic	_	none	_	_	_	_	_	_
534-6	BOI068	534	534	6	me	me	_	_	_	_	_	linguistic	_	none	_	_	_	_	_	_
534-7	BOI068	534	534	7	cioè	cioè	_	_	_	_	_	linguistic	_	none	_	_	_	_	_	_
534-8	BOI068	534	534	8	nel	nel	_	_	_	_	_	linguistic	_	none	_	_	_	_	_	_
534-9	BOI068	534	534	9	sen[so:]	senso	_	_	_	_	_	linguistic	_	none	_	End=1318.017	4x1	_	_	3-5(3)
535-0	BOR019	535	535	0	[OK]AY	okay	_	_	_	_	_	linguistic	_	none	Volume=high	Begin=1317.759	_	_	_	0-2(3)
535-1	BOR019	535	535	1	OKAY	okay	_	_	_	_	_	linguistic	_	none	Volume=high	End=1318.87	_	_	_	_
536-0	BOR019	536	536	0	bell'	bell'	_	_	_	_	_	linguistic	_	none	SpaceAfter=No	Begin=1319.449	_	_	_	_
536-1	BOR019	536	536	1	approccio	approccio	_	_	_	_	_	linguistic	_	none	_	_	_	_	_	_
536-2	BOR019	536	536	2	mi	mi	_	_	_	_	_	linguistic	_	none	_	_	_	_	_	_
536-3	BOR019	536	536	3	piac[e]	piace	_	_	_	_	_	linguistic	_	none	_	_	_	_	_	3-5(4)
536-4	BOR019	536	536	4	{ride}	{ride}	_	_	_	_	_	nonverbalbehavior	_	none	_	End=1320.649	_	_	_	_
537-0	BOI068	537	537	0	[s]ì	sì	_	_	_	_	_	linguistic	_	none	_	Begin=1320.591|End=1320.881	_	_	_	0-1(4)
538-0	BOR019	538	538	0	>e	e	_	_	_	_	_	linguistic	_	none	_	Begin=1322.559	_	Fast=0-1(0)	_	_
538-1	BOR019	538	538	1	quindi	quindi	_	_	_	_	_	linguistic	_	none	_	_	_	Fast=0-6(0)	_	_
538-2	BOR019	538	538	2	preferisci	preferisci	_	_	_	_	_	linguistic	_	none	_	_	_	Fast=0-10(0)	_	_
538-3	BOR019	538	538	3	guardarla	guardarla	_	_	_	_	_	linguistic	_	none	_	_	_	Fast=0-9(0)	_	_
538-4	BOR019	538	538	4	tipo	tipo	_	_	_	_	_	linguistic	_	none	_	_	_	Fast=0-4(0)	_	_
538-5	BOR019	538	538	5	non	non	_	_	_	_	_	linguistic	_	none	_	_	_	Fast=0-3(0)	_	_
538-6	BOR019	538	538	6	so	so	_	_	_	_	_	linguistic	_	none	_	_	_	Fast=0-2(0)	_	_
538-7	BOR019	538	538	7	a	a	_	_	_	_	_	linguistic	_	none	_	_	_	Fast=0-1(0)	_	_
538-8	BOR019	538	538	8	casa<	casa	_	_	_	_	_	linguistic	_	none	_	End=1324.902	_	Fast=0-4(0)	_	_
539-0	BOI068	539	539	0	sì	sì	_	_	_	_	_	linguistic	_	none	_	Begin=1325.612|End=1325.981	_	_	_	_
540-0	BOI068	540	540	0	dici[amo	diciamo	_	_	_	_	_	linguistic	_	none	_	Begin=1326.396	_	_	_	4-7(7)
540-1	BOI068	540	540	1	sì]	sì	_	_	_	_	_	linguistic	_	none	_	End=1327.102	_	_	_	0-2(7)
541-0	BOR019	541	541	0	[(o)kay]	okay	_	_	_	_	_	linguistic	_	none	_	Begin=1326.728|End=1327.103	_	_	0-1(0)	0-4(7)
542-0	BOI068	542	542	0	non	non	_	_	_	_	_	linguistic	_	none	_	Begin=1327.538	_	_	_	_
542-1	BOI068	542	542	1	sono	sono	_	_	_	_	_	linguistic	_	none	_	_	_	_	_	_
542-2	BOI068	542	542	2	mai	mai	_	_	_	_	_	linguistic	_	none	_	_	_	_	_	_
542-3	BOI068	542	542	3	stata	stata	_	_	_	_	_	linguistic	_	none	_	_	_	_	_	_
542-4	BOI068	542	542	4	allo	allo	_	_	_	_	_	linguistic	_	none	_	_	_	_	_	_
542-5	BOI068	542	542	5	stadio	stadio	_	_	_	_	_	linguistic	_	none	_	_	_	_	_	_
542-6	BOI068	542	542	6	a	a	_	_	_	_	_	linguistic	_	none	_	_	_	_	_	_
542-7	BOI068	542	542	7	vedere	vedere	_	_	_	_	_	linguistic	_	none	_	_	_	_	_	_
542-8	BOI068	542	542	8	una	una	_	_	_	_	_	linguistic	_	none	_	_	_	_	_	_
542-9	BOI068	542	542	9	partita:	partita	_	_	_	_	_	linguistic	_	none	_	End=1330.559	6x1	_	_	_
543-0	BOI068	543	543	0	e:h	eh	_	_	_	_	_	linguistic	_	none	_	Begin=1330.833	0x1	_	_	_
543-1	BOI068	543	543	1	m:h	mh	_	_	_	_	_	linguistic	_	none	_	End=1332.006	0x1	_	_	_
544-0	BOI068	544	544	0	>quindi	quindi	_	_	_	_	_	linguistic	_	none	_	Begin=1332.186	_	Fast=0-6(0)	_	_
544-1	BOI068	544	544	1	di	di	_	_	_	_	_	linguistic	_	none	_	_	_	Fast=0-2(0)	_	_
544-2	BOI068	544	544	2	persona<	persona	_	_	_	_	_	linguistic	_	none	_	End=1333.038	_	Fast=0-7(0)	_	_
545-0	BOI068	545	545	0	però	però	_	_	_	_	_	linguistic	_	none	_	Begin=1333.107	_	_	_	_
545-1	BOI068	545	545	1	comunque	comunque	_	_	_	_	_	linguistic	_	none	_	_	_	_	_	_
545-2	BOI068	545	545	2	non	non	_	_	_	_	_	linguistic	_	none	_	_	_	_	_	_
545-3	BOI068	545	545	3	mi	mi	_	_	_	_	_	linguistic	_	none	_	_	_	_	_	_
545-4	BOI068	545	545	4	dispiacerebbe	dispiacerebbe	_	_	_	_	_	linguistic	_	none	_	End=1335.238	_	_	_	_
546-0	BOR019	546	546	0	e	e	_	_	_	_	_	linguistic	_	none	_	Begin=1335.581	_	_	_	_
546-1	BOR019	546	546	1	invece,	invece	_	_	_	_	_	linguistic	_	none	Intonation=WeaklyRising|PauseAfter=Yes	_	_	_	_	_
546-2	BOR019	546	546	2	{P}	{P}	_	_	_	_	_	shortpause	_	none	_	_	_	_	_	_
546-3	BOR019	546	546	3	sei	sei	_	_	_	_	_	linguistic	_	none	_	_	_	_	_	_
546-4	BOR019	546	546	4	stata	stata	_	_	_	_	_	linguistic	_	none	_	_	_	_	_	_
546-5	BOR019	546	546	5	tipo	tipo	_	_	_	_	_	linguistic	_	none	_	_	_	_	_	_
546-6	BOR019	546	546	6	all'	all'	_	_	_	_	_	linguistic	_	none	SpaceAfter=No	_	_	_	_	_
546-7	BOR019	546	546	7	unipol	unipol	_	_	_	_	_	linguistic	_	none	_	_	_	_	_	_
546-8	BOR019	546	546	8	arena	arena	_	_	_	_	_	linguistic	_	none	_	_	_	_	_	_
546-9	BOR019	546	546	9	per	per	_	_	_	_	_	linguistic	_	none	_	_	_	_	_	_
546-10	BOR019	546	546	10	vedere	vedere	_	_	_	_	_	linguistic	_	none	_	_	_	_	_	_
546-11	BOR019	546	546	11	dei	dei	_	_	_	_	_	linguistic	_	none	_	_	_	_	_	_
546-12	BOR019	546	546	12	concert[i]	concerti	_	_	_	_	_	linguistic	_	none	_	End=1339.354	_	_	_	6-8(8)
547-0	BOI068	547	547	0	[s]ì	sì	_	_	_	_	_	linguistic	_	none	_	Begin=1339.249|End=1339.723	_	_	_	0-1(8)
548-0	BOI068	548	548	0	ho	ho	_	_	_	_	_	linguistic	_	none	_	Begin=1340.181	_	_	_	_
548-1	BOI068	548	548	1	visto:	visto	_	_	_	_	_	linguistic	_	none	_	End=1341.165	4x1	_	_	_
549-0	BOI068	549	549	0	nel	nel	_	_	_	_	_	linguistic	_	none	_	Begin=1341.449	_	_	_	_
549-1	BOI068	549	549	1	duemiladiciannove,	duemiladiciannove	_	_	_	_	_	linguistic	_	none	Intonation=WeaklyRising	_	_	_	_	_
549-2	BOI068	549	549	2	shawn	shawn	_	_	_	_	_	linguistic	_	none	_	_	_	_	_	_
549-3	BOI068	549	549	3	mendes	mendes	_	_	_	_	_	linguistic	_	none	_	End=1343.523	_	_	_	_
550-0	BOR019	550	550	0	mh[mh]	mhmh	_	_	_	_	_	linguistic	_	none	_	Begin=1343.549|End=1343.927	_	_	_	2-4(9)
551-0	BOI068	551	551	0	[che	che	_	_	_	_	_	linguistic	_	none	_	Begin=1343.754	_	_	_	0-3(9)
551-1	BOI068	551	551	1	è	è	_	_	_	_	_	linguistic	_	none	_	_	_	_	_	0-1(9)
551-2	BOI068	551	551	2	v]enuto	venuto	_	_	_	_	_	linguistic	_	none	_	End=1344.491	_	_	_	0-1(9)
552-0	BOI068	552	552	0	e:	e	_	_	_	_	_	linguistic	_	none	_	Begin=1345.06	0x1	_	_	_
552-1	BOI068	552	552	1	è	è	_	_	_	_	_	linguistic	_	none	_	_	_	_	_	_
552-2	BOI068	552	552	2	stato	stato	_	_	_	_	_	linguistic	_	none	_	_	_	_	_	_
552-3	BOI068	552	552	3	praticamente	praticamente	_	_	_	_	_	linguistic	_	none	_	_	_	_	_	_
552-4	BOI068	552	552	4	uno	uno	_	_	_	_	_	linguistic	_	none	_	_	_	_	_	_
552-5	BOI068	552	552	5	dei	dei	_	_	_	_	_	linguistic	_	none	_	_	_	_	_	_
552-6	BOI068	552	552	6	miei	miei	_	_	_	_	_	linguistic	_	none	_	_	_	_	_	_
552-7	BOI068	552	552	7	primi	primi	_	_	_	_	_	linguistic	_	none	_	_	_	_	_	_
552-8	BOI068	552	552	8	concerti	concerti	_	_	_	_	_	linguistic	_	none	_	_	_	_	_	_
552-9	BOI068	552	552	9	da	da	_	_	_	_	_	linguistic	_	none	_	_	_	_	_	_
552-10	BOI068	552	552	10	sola	sola	_	_	_	_	_	linguistic	_	none	_	End=1348.302	_	_	_	_
553-0	BOR019	553	553	0	okay	okay	_	_	_	_	_	linguistic	_	none	_	Begin=1348.57|End=1349.049	_	_	_	_
554-0	BOR019	554	554	0	[DA	da	_	_	_	_	_	linguistic	_	none	Volume=high	Begin=1349.175	_	_	_	0-2(12)
554-1	BOR019	554	554	1	SO]LA?	sola	_	_	_	_	_	linguistic	_	none	Intonation=Rising|Volume=high	_	_	_	_	0-2(12)
554-2	BOR019	554	554	2	[SOLA	sola	_	_	_	_	_	linguistic	_	none	Volume=high	_	_	_	_	0-4(13)
554-3	BOR019	554	554	3	S]OLA	sola	_	_	_	_	_	linguistic	_	none	Volume=high	_	_	_	_	0-1(13)
554-4	BOR019	554	554	4	SOL[A]	sola	_	_	_	_	_	linguistic	_	none	Volume=high	End=1350.844	_	_	_	3-4(14)
555-0	BOI068	555	555	0	[e:]	e	_	_	_	_	_	linguistic	_	none	_	Begin=1349.186|End=1349.602	0x1	_	_	0-1(12)
556-0	BOI068	556	556	0	[sì]	sì	_	_	_	_	_	linguistic	_	none	_	Begin=1349.807|End=1350.18	_	_	_	0-2(13)
557-0	BOI068	557	557	0	[s]ì	sì	_	_	_	_	_	linguistic	_	none	_	Begin=1350.775	_	_	_	0-1(14)
557-1	BOI068	557	557	1	perché	perché	_	_	_	_	_	linguistic	_	none	_	End=1351.654	_	_	_	_
558-0	BOI068	558	558	0	ero	ero	_	_	_	_	_	linguistic	_	none	_	Begin=1351.738	_	_	_	_
558-1	BOI068	558	558	1	riuscita	riuscita	_	_	_	_	_	linguistic	_	none	_	_	_	_	_	_
558-2	BOI068	558	558	2	a	a	_	_	_	_	_	linguistic	_	none	_	_	_	_	_	_
558-3	BOI068	558	558	3	trovare	trovare	_	_	_	_	_	linguistic	_	none	_	_	_	_	_	_
558-4	BOI068	558	558	4	un	un	_	_	_	_	_	linguistic	_	none	_	_	_	_	_	_
558-5	BOI068	558	558	5	solo	solo	_	_	_	_	_	linguistic	_	none	_	_	_	_	_	_
558-6	BOI068	558	558	6	biglietto	biglietto	_	_	_	_	_	linguistic	_	none	_	End=1353.802	_	_	_	_
559-0	BOI068	559	559	0	ed	ed	_	_	_	_	_	linguistic	_	none	_	Begin=1353.844	_	_	_	_
559-1	BOI068	559	559	1	è	è	_	_	_	_	_	linguistic	_	none	_	_	_	_	_	_
559-2	BOI068	559	559	2	stato	stato	_	_	_	_	_	linguistic	_	none	_	End=1354.823	_	_	_	_
560-0	BOI068	560	560	0	c'	c'	_	_	_	_	_	linguistic	_	none	SpaceAfter=No	Begin=1355.223	_	_	_	_
560-1	BOI068	560	560	1	ho	ho	_	_	_	_	_	linguistic	_	none	PauseAfter=Yes	_	_	_	_	_
560-2	BOI068	560	560	2	{P}	{P}	_	_	_	_	_	shortpause	_	none	_	_	_	_	_	_
560-3	BOI068	560	560	3	c'	c'	_	_	_	_	_	linguistic	_	none	SpaceAfter=No	_	_	_	_	_
560-4	BOI068	560	560	4	ho	ho	_	_	_	_	_	linguistic	_	none	_	_	_	_	_	_
560-5	BOI068	560	560	5	impiegato	impiegato	_	_	_	_	_	linguistic	_	none	_	_	_	_	_	_
560-6	BOI068	560	560	6	veramente	veramente	_	_	_	_	_	linguistic	_	none	_	_	_	_	_	_
560-7	BOI068	560	560	7	mesi	mesi	_	_	_	_	_	linguistic	_	none	_	_	_	_	_	_
560-8	BOI068	560	560	8	per	per	_	_	_	_	_	linguistic	_	none	_	_	_	_	_	_
560-9	BOI068	560	560	9	per	per	_	_	_	_	_	linguistic	_	none	_	_	_	_	_	_
560-10	BOI068	560	560	10	trovarne	trovarne	_	_	_	_	_	linguistic	_	none	_	_	_	_	_	_
560-11	BOI068	560	560	11	uno	uno	_	_	_	_	_	linguistic	_	none	_	End=1358.696	_	_	_	_
561-0	BOI068	561	561	0	ah	ah	_	_	_	_	_	linguistic	_	none	_	Begin=1358.828	_	_	_	_
561-1	BOI068	561	561	1	e	e	_	_	_	_	_	linguistic	_	none	_	_	_	_	_	_
561-2	BOI068	561	561	2	poi	poi	_	_	_	_	_	linguistic	_	none	_	_	_	_	_	_
561-3	BOI068	561	561	3	quando	quando	_	_	_	_	_	linguistic	_	none	_	_	_	_	_	_
561-4	BOI068	561	561	4	mio	mio	_	_	_	_	_	linguistic	_	none	_	_	_	_	_	_
561-5	BOI068	561	561	5	padre	padre	_	_	_	_	_	linguistic	_	none	_	_	_	_	_	_
561-6	BOI068	561	561	6	mi	mi	_	_	_	_	_	linguistic	_	none	_	_	_	_	_	_
561-7	BOI068	561	561	7	ha	ha	_	_	_	_	_	linguistic	_	none	_	_	_	_	_	_
561-8	BOI068	561	561	8	accompagnato	accompagnato	_	_	_	_	_	linguistic	_	none	_	_	_	_	_	_
561-9	BOI068	561	561	9	all'	all'	_	_	_	_	_	linguistic	_	none	SpaceAfter=No	_	_	_	_	_
561-10	BOI068	561	561	10	unipol	unipol	_	_	_	_	_	linguistic	_	none	_	End=1361.728	_	_	_	_
562-0	BOI068	562	562	0	c'	c'	_	_	_	_	_	linguistic	_	none	SpaceAfter=No	Begin=1361.802	_	_	_	_
562-1	BOI068	562	562	1	erano:	erano	_	_	_	_	_	linguistic	_	none	_	_	4x1	_	_	_
562-2	BOI068	562	562	2	comunque	comunque	_	_	_	_	_	linguistic	_	none	_	_	_	_	_	_
562-3	BOI068	562	562	3	i	i	_	_	_	_	_	linguistic	_	none	_	_	_	_	_	_
562-4	BOI068	562	562	4	rivenditori	rivenditori	_	_	_	_	_	linguistic	_	none	_	End=1364.005	_	_	_	_
563-0	BOI068	563	563	0	eh	eh	_	_	_	_	_	linguistic	_	none	_	Begin=1364.375	_	_	_	_
563-1	BOI068	563	563	1	solo	solo	_	_	_	_	_	linguistic	_	none	_	_	_	_	_	_
563-2	BOI068	563	563	2	che	che	_	_	_	_	_	linguistic	_	none	_	_	_	_	_	_
563-3	BOI068	563	563	3	mh	mh	_	_	_	_	_	linguistic	_	none	_	_	_	_	_	_
563-4	BOI068	563	563	4	abbiamo	abbiamo	_	_	_	_	_	linguistic	_	none	_	_	_	_	_	_
563-5	BOI068	563	563	5	chiesto	chiesto	_	_	_	_	_	linguistic	_	none	_	End=1366.644	_	_	_	_
564-0	BOI068	564	564	0	che	che	_	_	_	_	_	linguistic	_	none	_	Begin=1366.907	_	_	_	_
564-1	BOI068	564	564	1	non	non	_	_	_	_	_	linguistic	_	none	_	_	_	_	_	_
564-2	BOI068	564	564	2	erano	erano	_	_	_	_	_	linguistic	_	none	_	_	_	_	_	_
564-3	BOI068	564	564	3	quelli	quelli	_	_	_	_	_	linguistic	_	none	_	_	_	_	_	_
564-4	BOI068	564	564	4	ufficiali	ufficiali	_	_	_	_	_	linguistic	_	none	_	_	_	_	_	_
564-5	BOI068	564	564	5	[erano	erano	_	_	_	_	_	linguistic	_	none	_	_	_	_	_	0-5(16)
564-6	BOI068	564	564	6	diciamo:]	diciamo	_	_	_	_	_	linguistic	_	none	_	_	6x1	_	_	0-7(16)
564-7	BOI068	564	564	7	persone	persone	_	_	_	_	_	linguistic	_	none	_	_	_	_	_	_
564-8	BOI068	564	564	8	che:	che	_	_	_	_	_	linguistic	_	none	_	_	2x1	_	_	_
564-9	BOI068	564	564	9	cercavano	cercavano	_	_	_	_	_	linguistic	_	none	_	_	_	_	_	_
564-10	BOI068	564	564	10	di	di	_	_	_	_	_	linguistic	_	none	_	_	_	_	_	_
564-11	BOI068	564	564	11	venderti	venderti	_	_	_	_	_	linguistic	_	none	_	_	_	_	_	_
564-12	BOI068	564	564	12	nei	nei	_	_	_	_	_	linguistic	_	none	_	_	_	_	_	_
564-13	BOI068	564	564	13	parcheggi	parcheggi	_	_	_	_	_	linguistic	_	none	_	_	_	_	_	_
564-14	BOI068	564	564	14	il	il	_	_	_	_	_	linguistic	_	none	_	_	_	_	_	_
564-15	BOI068	564	564	15	biglie[tto]	biglietto	_	_	_	_	_	linguistic	_	none	_	End=1372.556	_	_	_	6-9(17)
565-0	BOR019	565	565	0	[<mh>	mh	_	_	_	_	_	linguistic	_	none	_	Begin=1368.449	_	Slow=0-2(0)	_	0-2(16)
565-1	BOR019	565	565	1	mhmh]	mhmh	_	_	_	_	_	linguistic	_	none	_	End=1369.26	_	_	_	0-4(16)
566-0	BOR019	566	566	0	[cer]to	certo	_	_	_	_	_	linguistic	_	none	_	Begin=1372.302|End=1372.686	_	_	_	0-3(17)
567-0	BOI068	567	567	0	abbiamo	abbiamo	_	_	_	_	_	linguistic	_	none	_	Begin=1373.023	_	_	_	_
567-1	BOI068	567	567	1	chiesto	chiesto	_	_	_	_	_	linguistic	_	none	_	_	_	_	_	_
567-2	BOI068	567	567	2	a	a	_	_	_	_	_	linguistic	_	none	_	_	_	_	_	_
567-3	BOI068	567	567	3	un	un	_	_	_	_	_	linguistic	_	none	_	_	_	_	_	_
567-4	BOI068	567	567	4	parcheggiatore	parcheggiatore	_	_	_	_	_	linguistic	_	none	_	_	_	_	_	_
567-5	BOI068	567	567	5	ha	ha	_	_	_	_	_	linguistic	_	none	_	_	_	_	_	_
567-6	BOI068	567	567	6	detto	detto	_	_	_	_	_	linguistic	_	none	_	_	_	_	_	_
567-7	BOI068	567	567	7	non	non	_	_	_	_	_	linguistic	_	none	_	_	_	_	_	_
567-8	BOI068	567	567	8	vi	vi	_	_	_	_	_	linguistic	_	none	_	_	_	_	_	_
567-9	BOI068	567	567	9	fidate	fidate	_	_	_	_	_	linguistic	_	none	_	_	_	_	_	_
567-10	BOI068	567	567	10	perché	perché	_	_	_	_	_	linguistic	_	none	_	_	_	_	_	_
567-11	BOI068	567	567	11	questo	questo	_	_	_	_	_	linguistic	_	none	_	_	_	_	_	_
567-12	BOI068	567	567	12	qua	qua	_	_	_	_	_	linguistic	_	none	_	_	_	_	_	_
567-13	BOI068	567	567	13	voleva	voleva	_	_	_	_	_	linguistic	_	none	_	_	_	_	_	_
567-14	BOI068	567	567	14	darvi	darvi	_	_	_	_	_	linguistic	_	none	_	End=1376.867	_	_	_	_
568-0	BOI068	568	568	0	cioè	cioè	_	_	_	_	_	linguistic	_	none	_	Begin=1377.028	_	_	_	_
568-1	BOI068	568	568	1	voleva	voleva	_	_	_	_	_	linguistic	_	none	_	_	_	_	_	_
568-2	BOI068	568	568	2	darci	darci	_	_	_	_	_	linguistic	_	none	_	_	_	_	_	_
568-3	BOI068	568	568	3	tipo	tipo	_	_	_	_	_	linguistic	_	none	_	_	_	_	_	_
568-4	BOI068	568	568	4	un	un	_	_	_	_	_	linguistic	_	none	_	_	_	_	_	_
568-5	BOI068	568	568	5	biglie~	biglie~	_	_	_	_	_	linguistic	_	none	Interrupted=Yes	_	_	_	_	_
568-6	BOI068	568	568	6	due	due	_	_	_	_	_	linguistic	_	none	_	_	_	_	_	_
568-7	BOI068	568	568	7	biglietti	biglietti	_	_	_	_	_	linguistic	_	none	_	_	_	_	_	_
568-8	BOI068	568	568	8	vip	vip	_	_	_	_	_	linguistic	_	none	PauseAfter=Yes	_	_	_	_	_
568-9	BOI068	568	568	9	{P}	{P}	_	_	_	_	_	shortpause	_	none	_	_	_	_	_	_
568-10	BOI068	568	568	10	a	a	_	_	_	_	_	linguistic	_	none	_	_	_	_	_	_
568-11	BOI068	568	568	11	cento	cento	_	_	_	_	_	linguistic	_	none	_	_	_	_	_	_
568-12	BOI068	568	568	12	euro	euro	_	_	_	_	_	linguistic	_	none	_	_	_	_	_	_
568-13	BOI068	568	568	13	tutti	tutti	_	_	_	_	_	linguistic	_	none	_	_	_	_	_	_
568-14	BOI068	568	568	14	e	e	_	_	_	_	_	linguistic	_	none	_	_	_	_	_	_
568-15	BOI068	568	568	15	due	due	_	_	_	_	_	linguistic	_	none	_	_	_	_	_	_
568-16	BOI068	568	568	16	insieme	insieme	_	_	_	_	_	linguistic	_	none	_	End=1381.812	_	_	_	_
569-0	BOI068	569	569	0	e:h	eh	_	_	_	_	_	linguistic	_	none	_	Begin=1382.207|End=1382.717	0x1	_	_	_
570-0	BOI068	570	570	0	diciamo	diciamo	_	_	_	_	_	linguistic	_	none	_	Begin=1382.839	_	_	_	_
570-1	BOI068	570	570	1	io	io	_	_	_	_	_	linguistic	_	none	_	_	_	_	_	_
570-2	BOI068	570	570	2	ho	ho	_	_	_	_	_	linguistic	_	none	_	_	_	_	_	_
570-3	BOI068	570	570	3	pagato	pagato	_	_	_	_	_	linguistic	_	none	_	_	_	_	_	_
570-4	BOI068	570	570	4	il	il	_	_	_	_	_	linguistic	_	none	_	_	_	_	_	_
570-5	BOI068	570	570	5	mio	mio	_	_	_	_	_	linguistic	_	none	_	_	_	_	_	_
570-6	BOI068	570	570	6	biglietto	biglietto	_	_	_	_	_	linguistic	_	none	_	_	_	_	_	_
570-7	BOI068	570	570	7	singolo	singolo	_	_	_	_	_	linguistic	_	none	_	End=1384.839	_	_	_	_
571-0	BOI068	571	571	0	in	in	_	_	_	_	_	linguistic	_	none	_	Begin=1384.949	_	_	_	_
571-1	BOI068	571	571	1	parterre	parterre	_	_	_	_	_	linguistic	_	none	_	End=1385.907	_	_	_	_
572-0	BOI068	572	572	0	novanta	novanta	_	_	_	_	_	linguistic	_	none	_	Begin=1385.996	_	_	_	_
572-1	BOI068	572	572	1	euro	euro	_	_	_	_	_	linguistic	_	none	_	_	_	_	_	_
572-2	BOI068	572	572	2	{ride}	{ride}	_	_	_	_	_	nonverbalbehavior	_	none	_	_	_	_	_	_
572-3	BOI068	572	572	3	qui[n~]	quin~	_	_	_	_	_	linguistic	_	none	Interrupted=Yes	End=1387.302	_	_	_	3-5(21)
573-0	BOR019	573	573	0	[be]h	beh	_	_	_	_	_	linguistic	_	none	_	Begin=1387.165|End=1387.507	_	_	_	0-2(21)
574-0	BOR019	574	574	0	{ride}	{ride}	_	_	_	_	_	nonverbalbehavior	_	none	_	Begin=1387.507|End=1388.239	_	_	_	_
575-0	BOI068	575	575	0	quindi	quindi	_	_	_	_	_	linguistic	_	none	_	Begin=1388.028|End=1388.403	_	_	_	_
576-0	BOR019	576	576	0	bene	bene	_	_	_	_	_	linguistic	_	none	_	Begin=1389.149	_	_	_	_
576-1	BOR019	576	576	1	wow	wow	_	_	_	_	_	linguistic	_	none	_	_	_	_	_	_
576-2	BOR019	576	576	2	e	e	_	_	_	_	_	linguistic	_	none	_	_	_	_	_	_
576-3	BOR019	576	576	3	poi?	poi	_	_	_	_	_	linguistic	_	none	Intonation=Rising	End=1390.496	_	_	_	_
577-0	BOI068	577	577	0	e	e	_	_	_	_	_	linguistic	_	none	_	Begin=1391.591	_	_	_	_
577-1	BOI068	577	577	1	poi:	poi	_	_	_	_	_	linguistic	_	none	_	_	2x1	_	_	_
577-2	BOI068	577	577	2	nulla	nulla	_	_	_	_	_	linguistic	_	none	_	_	_	_	_	_
577-3	BOI068	577	577	3	mh	mh	_	_	_	_	_	linguistic	_	none	_	_	_	_	_	_
577-4	BOI068	577	577	4	m:h	mh	_	_	_	_	_	linguistic	_	none	_	End=1393.586	0x1	_	_	_
578-0	BOI068	578	578	0	sì	sì	_	_	_	_	_	linguistic	_	none	_	Begin=1393.623	_	_	_	_
578-1	BOI068	578	578	1	mi	mi	_	_	_	_	_	linguistic	_	none	_	_	_	_	_	_
578-2	BOI068	578	578	2	sono	sono	_	_	_	_	_	linguistic	_	none	_	_	_	_	_	_
578-3	BOI068	578	578	3	fatta	fatta	_	_	_	_	_	linguistic	_	none	_	_	_	_	_	_
578-4	BOI068	578	578	4	diciamo	diciamo	_	_	_	_	_	linguistic	_	none	_	_	_	_	_	_
578-5	BOI068	578	578	5	il	il	_	_	_	_	_	linguistic	_	none	_	_	_	_	_	_
578-6	BOI068	578	578	6	concerto	concerto	_	_	_	_	_	linguistic	_	none	_	_	_	_	_	_
578-7	BOI068	578	578	7	da	da	_	_	_	_	_	linguistic	_	none	_	_	_	_	_	_
578-8	BOI068	578	578	8	sola	sola	_	_	_	_	_	linguistic	_	none	_	_	_	_	_	_
578-9	BOI068	578	578	9	è	è	_	_	_	_	_	linguistic	_	none	_	_	_	_	_	_
578-10	BOI068	578	578	10	stata	stata	_	_	_	_	_	linguistic	_	none	_	_	_	_	_	_
578-11	BOI068	578	578	11	un'	un'	_	_	_	_	_	linguistic	_	none	SpaceAfter=No	_	_	_	_	_
578-12	BOI068	578	578	12	esperienza	esperienza	_	_	_	_	_	linguistic	_	none	_	_	_	_	_	_
578-13	BOI068	578	578	13	bellissima	bellissima	_	_	_	_	_	linguistic	_	none	_	_	_	_	_	_
578-14	BOI068	578	578	14	perch[é:]	perché	_	_	_	_	_	linguistic	_	none	_	End=1398.044	5x1	_	_	4-6(23)
579-0	BOR019	579	579	0	[sì]	sì	_	_	_	_	_	linguistic	_	none	_	Begin=1397.849	_	_	_	0-2(23)
579-1	BOR019	579	579	1	e:	e	_	_	_	_	_	linguistic	_	none	_	End=1398.591	0x1	_	_	_
580-0	BOR019	580	580	0	quali	quali	_	_	_	_	_	linguistic	_	none	_	Begin=1398.707	_	_	_	_
580-1	BOR019	580	580	1	altri	altri	_	_	_	_	_	linguistic	_	none	PauseAfter=Yes	_	_	_	_	_
580-2	BOR019	580	580	2	{P}	{P}	_	_	_	_	_	shortpause	_	none	_	_	_	_	_	_
580-3	BOR019	580	580	3	concerti	concerti	_	_	_	_	_	linguistic	_	none	_	_	_	_	_	_
580-4	BOR019	580	580	4	hai	hai	_	_	_	_	_	linguistic	_	none	_	_	_	_	_	_
580-5	BOR019	580	580	5	visto	visto	_	_	_	_	_	linguistic	_	none	_	_	_	_	_	_
580-6	BOR019	580	580	6	lì	lì	_	_	_	_	_	linguistic	_	none	_	End=1400.291	_	_	_	_
581-0	BOI068	581	581	0	<allora>	allora	_	_	_	_	_	linguistic	_	none	_	Begin=1400.412	_	Slow=0-6(0)	_	_
581-1	BOI068	581	581	1	all'	all'	_	_	_	_	_	linguistic	_	none	SpaceAfter=No	_	_	Fast=0-4(0)	_	_
581-2	BOI068	581	581	2	unipol	unipol	_	_	_	_	_	linguistic	_	none	_	_	_	Fast=0-6(0)	_	_
581-3	BOI068	581	581	3	arena,	arena	_	_	_	_	_	linguistic	_	none	Intonation=WeaklyRising	_	_	Fast=0-5(0)	_	_
581-4	BOI068	581	581	4	<nessuno>,	nessuno	_	_	_	_	_	linguistic	_	none	Intonation=WeaklyRising	_	_	Slow=0-7(1)	_	_
581-5	BOI068	581	581	5	ho	ho	_	_	_	_	_	linguistic	_	none	_	_	_	_	_	_
581-6	BOI068	581	581	6	visto	visto	_	_	_	_	_	linguistic	_	none	_	_	_	_	_	_
581-7	BOI068	581	581	7	allo	allo	_	_	_	_	_	linguistic	_	none	_	_	_	_	_	_
581-8	BOI068	581	581	8	stadio,	stadio	_	_	_	_	_	linguistic	_	none	Intonation=WeaklyRising	End=1405.496	_	_	_	_
582-0	BOI068	582	582	0	e:hm	ehm	_	_	_	_	_	linguistic	_	none	_	Begin=1405.575	0x1	_	_	_
582-1	BOI068	582	582	1	a	a	_	_	_	_	_	linguistic	_	none	_	_	_	_	_	_
582-2	BOI068	582	582	2	bologna,	bologna	_	_	_	_	_	linguistic	_	none	Intonation=WeaklyRising	_	_	_	_	_
582-3	BOI068	582	582	3	ho	ho	_	_	_	_	_	linguistic	_	none	_	_	_	_	_	_
582-4	BOI068	582	582	4	visto:	visto	_	_	_	_	_	linguistic	_	none	_	_	4x1	_	_	_
582-5	BOI068	582	582	5	jovanotti	jovanotti	_	_	_	_	_	linguistic	_	none	_	_	_	_	_	_
582-6	BOI068	582	582	6	tanti	tanti	_	_	_	_	_	linguistic	_	none	_	_	_	_	_	_
582-7	BOI068	582	582	7	anni	anni	_	_	_	_	_	linguistic	_	none	_	_	_	_	_	_
582-8	BOI068	582	582	8	fa	fa	_	_	_	_	_	linguistic	_	none	_	End=1409.539	_	_	_	_
583-0	BOI068	583	583	0	poi	poi	_	_	_	_	_	linguistic	_	none	_	Begin=1410.007	_	_	_	_
583-1	BOI068	583	583	1	sono	sono	_	_	_	_	_	linguistic	_	none	_	_	_	_	_	_
583-2	BOI068	583	583	2	stata	stata	_	_	_	_	_	linguistic	_	none	_	_	_	_	_	_
583-3	BOI068	583	583	3	a	a	_	_	_	_	_	linguistic	_	none	_	_	_	_	_	_
583-4	BOI068	583	583	4	vedere	vedere	_	_	_	_	_	linguistic	_	none	_	_	_	_	_	_
583-5	BOI068	583	583	5	di	di	_	_	_	_	_	linguistic	_	none	_	_	_	_	_	_
583-6	BOI068	583	583	6	recente	recente	_	_	_	_	_	linguistic	_	none	_	End=1412.733	_	_	_	_
584-0	BOI068	584	584	0	e	e	_	_	_	_	_	linguistic	_	none	_	Begin=1412.86	_	_	_	_
584-1	BOI068	584	584	1	samuel	samuel	_	_	_	_	_	linguistic	_	none	_	_	_	_	_	_
584-2	BOI068	584	584	2	dei	dei	_	_	_	_	_	linguistic	_	none	_	_	_	_	_	_
584-3	BOI068	584	584	3	subsonica	subsonica	_	_	_	_	_	linguistic	_	none	_	End=1414.933	_	_	_	_
585-0	BOI068	585	585	0	a:	a	_	_	_	_	_	linguistic	_	none	_	Begin=1415.075|End=1415.496	0x1	_	_	_
586-0	BOI068	586	586	0	e:h	eh	_	_	_	_	_	linguistic	_	none	_	Begin=1416.26|End=1416.87	0x1	_	_	_
587-0	BOI068	587	587	0	all'	all'	_	_	_	_	_	linguistic	_	none	SpaceAfter=No	Begin=1417.144	_	_	_	_
587-1	BOI068	587	587	1	estragon,	estragon	_	_	_	_	_	linguistic	_	none	Intonation=WeaklyRising	_	_	_	_	_
587-2	BOI068	587	587	2	a	a	_	_	_	_	_	linguistic	_	none	_	_	_	_	_	_
587-3	BOI068	587	587	3	bologna	bologna	_	_	_	_	_	linguistic	_	none	_	_	_	_	_	_
587-4	BOI068	587	587	4	sì	sì	_	_	_	_	_	linguistic	_	none	_	_	_	_	_	_
587-5	BOI068	587	587	5	è	è	_	_	_	_	_	linguistic	_	none	_	_	_	_	_	_
587-6	BOI068	587	587	6	stato	stato	_	_	_	_	_	linguistic	_	none	_	_	_	_	_	_
587-7	BOI068	587	587	7	un	un	_	_	_	_	_	linguistic	_	none	_	_	_	_	_	_
587-8	BOI068	587	587	8	concerto	concerto	_	_	_	_	_	linguistic	_	none	_	_	_	_	_	_
587-9	BOI068	587	587	9	in	in	_	_	_	_	_	linguistic	_	none	_	_	_	_	_	_
587-10	BOI068	587	587	10	realtà	realtà	_	_	_	_	_	linguistic	_	none	_	_	_	_	_	_
587-11	BOI068	587	587	11	molto	molto	_	_	_	_	_	linguistic	_	none	_	_	_	_	_	_
587-12	BOI068	587	587	12	piccolo	piccolo	_	_	_	_	_	linguistic	_	none	_	_	_	_	_	_
587-13	BOI068	587	587	13	nel	nel	_	_	_	_	_	linguistic	_	none	_	_	_	_	_	_
587-14	BOI068	587	587	14	senso	senso	_	_	_	_	_	linguistic	_	none	_	_	_	_	_	_
587-15	BOI068	587	587	15	la	la	_	_	_	_	_	linguistic	_	none	_	_	_	_	_	_
587-16	BOI068	587	587	16	gente	gente	_	_	_	_	_	linguistic	_	none	_	_	_	_	_	_
587-17	BOI068	587	587	17	arrivava	arrivava	_	_	_	_	_	linguistic	_	none	_	_	_	_	_	_
587-18	BOI068	587	587	18	anche	anche	_	_	_	_	_	linguistic	_	none	_	End=1422.16	_	_	_	_
588-0	BOI068	588	588	0	la	la	_	_	_	_	_	linguistic	_	none	_	Begin=1422.46	_	_	_	_
588-1	BOI068	588	588	1	sera	sera	_	_	_	_	_	linguistic	_	none	_	_	_	_	_	_
588-2	BOI068	588	588	2	stessa	stessa	_	_	_	_	_	linguistic	_	none	_	_	_	_	_	_
588-3	BOI068	588	588	3	a	a	_	_	_	_	_	linguistic	_	none	_	_	_	_	_	_
588-4	BOI068	588	588	4	comprare:	comprare	_	_	_	_	_	linguistic	_	none	_	_	7x1	_	_	_
588-5	BOI068	588	588	5	i	i	_	_	_	_	_	linguistic	_	none	_	_	_	_	_	_
588-6	BOI068	588	588	6	biglietti	biglietti	_	_	_	_	_	linguistic	_	none	_	_	_	_	_	_
588-7	BOI068	588	588	7	perché	perché	_	_	_	_	_	linguistic	_	none	_	End=1425.102	_	_	_	_
589-0	BOI068	589	589	0	c(io)è	cioè	_	_	_	_	_	linguistic	_	none	_	Begin=1425.439	_	_	1-3(0)	_
589-1	BOI068	589	589	1	oddio	oddio	_	_	_	_	_	linguistic	_	none	_	End=1425.907	_	_	_	_
590-0	BOI068	590	590	0	lui	lui	_	_	_	_	_	linguistic	_	none	_	Begin=1426.002	_	_	_	_
590-1	BOI068	590	590	1	non	non	_	_	_	_	_	linguistic	_	none	_	_	_	_	_	_
590-2	BOI068	590	590	2	è	è	_	_	_	_	_	linguistic	_	none	_	_	_	_	_	_
590-3	BOI068	590	590	3	che	che	_	_	_	_	_	linguistic	_	none	_	_	_	_	_	_
590-4	BOI068	590	590	4	non	non	_	_	_	_	_	linguistic	_	none	_	_	_	_	_	_
590-5	BOI068	590	590	5	sia	sia	_	_	_	_	_	linguistic	_	none	_	_	_	_	_	_
590-6	BOI068	590	590	6	conosciutissimo	conosciutissimo	_	_	_	_	_	linguistic	_	none	_	_	_	_	_	_
590-7	BOI068	590	590	7	>diciamo<	diciamo	_	_	_	_	_	linguistic	_	none	_	_	_	Fast=0-7(0)	_	_
590-8	BOI068	590	590	8	più	più	_	_	_	_	_	linguistic	_	none	_	_	_	_	_	_
590-9	BOI068	590	590	9	conosciuto	conosciuto	_	_	_	_	_	linguistic	_	none	_	_	_	_	_	_
590-10	BOI068	590	590	10	il	il	_	_	_	_	_	linguistic	_	none	_	_	_	_	_	_
590-11	BOI068	590	590	11	suo	suo	_	_	_	_	_	linguistic	_	none	_	_	_	_	_	_
590-12	BOI068	590	590	12	gruppo:	gruppo	_	_	_	_	_	linguistic	_	none	_	End=1429.749	5x1	_	_	_
591-0	BOI068	591	591	0	ora	ora	_	_	_	_	_	linguistic	_	none	_	Begin=1429.781	_	_	_	_
591-1	BOI068	591	591	1	che:	che	_	_	_	_	_	linguistic	_	none	_	_	2x1	_	_	_
591-2	BOI068	591	591	2	lavora:	lavora	_	_	_	_	_	linguistic	_	none	_	End=1431.086	5x1	_	_	_
592-0	BOI068	592	592	0	e:h	eh	_	_	_	_	_	linguistic	_	none	_	Begin=1431.386	0x1	_	_	_
592-1	BOI068	592	592	1	come	come	_	_	_	_	_	linguistic	_	none	_	_	_	_	_	_
592-2	BOI068	592	592	2	solista	solista	_	_	_	_	_	linguistic	_	none	_	_	_	_	_	_
592-3	BOI068	592	592	3	[per	per	_	_	_	_	_	linguistic	_	none	_	_	_	_	_	0-3(24)
592-4	BOI068	592	592	4	la	la	_	_	_	_	_	linguistic	_	none	_	_	_	_	_	0-2(24)
592-5	BOI068	592	592	5	maggior	maggior	_	_	_	_	_	linguistic	_	none	_	_	_	_	_	0-7(24)
592-6	BOI068	592	592	6	parte]	parte	_	_	_	_	_	linguistic	_	none	_	End=1433.923	_	_	_	0-5(24)
593-0	BOR019	593	593	0	[AH	ah	_	_	_	_	_	linguistic	_	none	Volume=high	Begin=1432.881	_	_	_	0-2(24)
593-1	BOR019	593	593	1	si	si	_	_	_	_	_	linguistic	_	none	_	_	_	_	_	0-2(24)
593-2	BOR019	593	593	2	son	son	_	_	_	_	_	linguistic	_	none	_	_	_	_	_	0-3(24)
593-3	BOR019	593	593	3	separat]i	separati	_	_	_	_	_	linguistic	_	none	_	End=1434.081	_	_	_	0-7(24)
594-0	BOI068	594	594	0	eh	eh	_	_	_	_	_	linguistic	_	none	_	Begin=1434.475	_	_	_	_
594-1	BOI068	594	594	1	oddio	oddio	_	_	_	_	_	linguistic	_	none	_	_	_	_	_	_
594-2	BOI068	594	594	2	non	non	_	_	_	_	_	linguistic	_	none	_	_	_	_	_	_
594-3	BOI068	594	594	3	mi	mi	_	_	_	_	_	linguistic	_	none	_	_	_	_	_	_
594-4	BOI068	594	594	4	ricordo	ricordo	_	_	_	_	_	linguistic	_	none	_	End=1436.439	_	_	_	_
595-0	BOR019	595	595	0	m[h]	mh	_	_	_	_	_	linguistic	_	none	_	Begin=1436.696|End=1436.844	_	_	_	1-2(26)
596-0	BOI068	596	596	0	[c]ioè	cioè	_	_	_	_	_	linguistic	_	none	_	Begin=1436.802	_	_	_	0-1(26)
596-1	BOI068	596	596	1	non	non	_	_	_	_	_	linguistic	_	none	_	_	_	_	_	_
596-2	BOI068	596	596	2	so	so	_	_	_	_	_	linguistic	_	none	_	_	_	_	_	_
596-3	BOI068	596	596	3	se:	se	_	_	_	_	_	linguistic	_	none	_	End=1437.749	1x1	_	_	_
597-0	BOI068	597	597	0	comunq~	comunq~	_	_	_	_	_	linguistic	_	none	Interrupted=Yes	Begin=1437.812	_	_	_	_
597-1	BOI068	597	597	1	perché:	perché	_	_	_	_	_	linguistic	_	none	_	_	5x1	_	_	_
597-2	BOI068	597	597	2	musica	musica	_	_	_	_	_	linguistic	_	none	_	_	_	_	_	_
597-3	BOI068	597	597	3	ancora	ancora	_	_	_	_	_	linguistic	_	none	_	_	_	_	_	_
597-4	BOI068	597	597	4	insieme	insieme	_	_	_	_	_	linguistic	_	none	_	_	_	_	_	_
597-5	BOI068	597	597	5	la	la	_	_	_	_	_	linguistic	_	none	_	_	_	_	_	_
597-6	BOI068	597	597	6	fanno	fanno	_	_	_	_	_	linguistic	_	none	_	_	_	_	_	_
597-7	BOI068	597	597	7	alcune	alcune	_	_	_	_	_	linguistic	_	none	_	_	_	_	_	_
597-8	BOI068	597	597	8	canzoni	canzoni	_	_	_	_	_	linguistic	_	none	_	_	_	_	_	_
597-9	BOI068	597	597	9	quindi:	quindi	_	_	_	_	_	linguistic	_	none	_	End=1442.044	5x1	_	_	_
598-0	BOI068	598	598	0	>però	però	_	_	_	_	_	linguistic	_	none	_	Begin=1442.349	_	Fast=0-4(0)	_	_
598-1	BOI068	598	598	1	comunque	comunque	_	_	_	_	_	linguistic	_	none	_	_	_	Fast=0-8(0)	_	_
598-2	BOI068	598	598	2	lui<	lui	_	_	_	_	_	linguistic	_	none	_	_	_	Fast=0-3(0)	_	_
598-3	BOI068	598	598	3	è	è	_	_	_	_	_	linguistic	_	none	_	_	_	_	_	_
598-4	BOI068	598	598	4	prettamente	prettamente	_	_	_	_	_	linguistic	_	none	_	_	_	_	_	_
598-5	BOI068	598	598	5	solista	solista	_	_	_	_	_	linguistic	_	none	_	End=1444.27	_	_	_	_
599-0	BOI068	599	599	0	e	e	_	_	_	_	_	linguistic	_	none	_	Begin=1445.144	_	_	_	_
599-1	BOI068	599	599	1	quindi:	quindi	_	_	_	_	_	linguistic	_	none	_	_	5x1	_	_	_
599-2	BOI068	599	599	2	diciamo	diciamo	_	_	_	_	_	linguistic	_	none	_	_	_	_	_	_
599-3	BOI068	599	599	3	c'	c'	_	_	_	_	_	linguistic	_	none	SpaceAfter=No	_	_	_	_	_
599-4	BOI068	599	599	4	era	era	_	_	_	_	_	linguistic	_	none	_	_	_	_	_	_
599-5	BOI068	599	599	5	poca	poca	_	_	_	_	_	linguistic	_	none	_	_	_	_	_	_
599-6	BOI068	599	599	6	gente	gente	_	_	_	_	_	linguistic	_	none	_	_	_	_	_	_
599-7	BOI068	599	599	7	la	la	_	_	_	_	_	linguistic	_	none	_	_	_	_	_	_
599-8	BOI068	599	599	8	gente	gente	_	_	_	_	_	linguistic	_	none	_	_	_	_	_	_
599-9	BOI068	599	599	9	veniva	veniva	_	_	_	_	_	linguistic	_	none	_	_	_	_	_	_
599-10	BOI068	599	599	10	anche	anche	_	_	_	_	_	linguistic	_	none	_	End=1448.839	_	_	_	_
600-0	BOI068	600	600	0	eh	eh	_	_	_	_	_	linguistic	_	none	_	Begin=1449.144	_	_	_	_
600-1	BOI068	600	600	1	per	per	_	_	_	_	_	linguistic	_	none	_	_	_	_	_	_
600-2	BOI068	600	600	2	bere	bere	_	_	_	_	_	linguistic	_	none	_	_	_	_	_	_
600-3	BOI068	600	600	3	più	più	_	_	_	_	_	linguistic	_	none	_	_	_	_	_	_
600-4	BOI068	600	600	4	che	che	_	_	_	_	_	linguistic	_	none	_	_	_	_	_	_
600-5	BOI068	600	600	5	altro	altro	_	_	_	_	_	linguistic	_	none	_	_	_	_	_	_
600-6	BOI068	600	600	6	perché	perché	_	_	_	_	_	linguistic	_	none	_	_	_	_	_	_
600-7	BOI068	600	600	7	l'	l'	_	_	_	_	_	linguistic	_	none	SpaceAfter=No	_	_	_	_	_
600-8	BOI068	600	600	8	estragon	estragon	_	_	_	_	_	linguistic	_	none	_	_	_	_	_	_
600-9	BOI068	600	600	9	è	è	_	_	_	_	_	linguistic	_	none	_	_	_	_	_	_
600-10	BOI068	600	600	10	anche	anche	_	_	_	_	_	linguistic	_	none	_	_	_	_	_	_
600-11	BOI068	600	600	11	una	una	_	_	_	_	_	linguistic	_	none	_	_	_	_	_	_
600-12	BOI068	600	600	12	discoteca	discoteca	_	_	_	_	_	linguistic	_	none	_	End=1452.123	_	_	_	_
601-0	BOR019	601	601	0	vero	vero	_	_	_	_	_	linguistic	_	none	_	Begin=1452.349	_	_	_	_
601-1	BOR019	601	601	1	vero	vero	_	_	_	_	_	linguistic	_	none	_	_	_	_	_	_
601-2	BOR019	601	601	2	mi	mi	_	_	_	_	_	linguistic	_	none	_	_	_	_	_	_
601-3	BOR019	601	601	3	ricordo	ricordo	_	_	_	_	_	linguistic	_	none	_	End=1453.636	_	_	_	_
602-0	BOR019	602	602	0	ehm::	ehm	_	_	_	_	_	linguistic	_	none	_	Begin=1454.349	2x2	_	_	_
602-1	BOR019	602	602	1	ma	ma	_	_	_	_	_	linguistic	_	none	_	_	_	_	_	_
602-2	BOR019	602	602	2	quindi	quindi	_	_	_	_	_	linguistic	_	none	_	_	_	_	_	_
602-3	BOR019	602	602	3	tu	tu	_	_	_	_	_	linguistic	_	none	_	_	_	_	_	_
602-4	BOR019	602	602	4	sei	sei	_	_	_	_	_	linguistic	_	none	_	_	_	_	_	_
602-5	BOR019	602	602	5	una:	una	_	_	_	_	_	linguistic	_	none	_	_	2x1	_	_	_
602-6	BOR019	602	602	6	di	di	_	_	_	_	_	linguistic	_	none	_	_	_	_	_	_
602-7	BOR019	602	602	7	quelle	quelle	_	_	_	_	_	linguistic	_	none	_	_	_	_	_	_
602-8	BOR019	602	602	8	che	che	_	_	_	_	_	linguistic	_	none	_	_	_	_	_	_
602-9	BOR019	602	602	9	tipo:	tipo	_	_	_	_	_	linguistic	_	none	_	_	3x1	_	_	_
602-10	BOR019	602	602	10	vanno	vanno	_	_	_	_	_	linguistic	_	none	_	_	_	_	_	_
602-11	BOR019	602	602	11	a	a	_	_	_	_	_	linguistic	_	none	_	_	_	_	_	_
602-12	BOR019	602	602	12	ascoltare	ascoltare	_	_	_	_	_	linguistic	_	none	_	_	_	_	_	_
602-13	BOR019	602	602	13	anche	anche	_	_	_	_	_	linguistic	_	none	_	_	_	_	_	_
602-14	BOR019	602	602	14	band	band	_	_	_	_	_	linguistic	_	none	_	_	_	_	_	_
602-15	BOR019	602	602	15	o	o	_	_	_	_	_	linguistic	_	none	_	_	_	_	_	_
602-16	BOR019	602	602	16	cantanti	cantanti	_	_	_	_	_	linguistic	_	none	_	_	_	_	_	_
602-17	BOR019	602	602	17	poco	poco	_	_	_	_	_	linguistic	_	none	_	_	_	_	_	_
602-18	BOR019	602	602	18	conosciuti:,	conosciuti	_	_	_	_	_	linguistic	_	none	Intonation=WeaklyRising	End=1461.302	9x1	_	_	_
603-0	BOR019	603	603	0	e:[hm]	ehm	_	_	_	_	_	linguistic	_	none	_	Begin=1461.697|End=1462.57	0x1	_	_	1-3(27)
604-0	BOI068	604	604	0	[sì]	sì	_	_	_	_	_	linguistic	_	none	_	Begin=1462.149|End=1462.575	_	_	_	0-2(27)
605-0	BOI068	605	605	0	diciamo,	diciamo	_	_	_	_	_	linguistic	_	none	Intonation=WeaklyRising	Begin=1462.891|End=1463.581	_	_	_	_
606-0	BOI068	606	606	0	oddio	oddio	_	_	_	_	_	linguistic	_	none	_	Begin=1463.675|End=1464.16	_	_	_	_
607-0	BOI068	607	607	0	io	io	_	_	_	_	_	linguistic	_	none	_	Begin=1464.218	_	_	_	_
607-1	BOI068	607	607	1	di	di	_	_	_	_	_	linguistic	_	none	_	_	_	_	_	_
607-2	BOI068	607	607	2	concerti	concerti	_	_	_	_	_	linguistic	_	none	_	_	_	_	_	_
607-3	BOI068	607	607	3	purtroppo,	purtroppo	_	_	_	_	_	linguistic	_	none	Intonation=WeaklyRising	End=1465.775	_	_	_	_
608-0	BOI068	608	608	0	mh	mh	_	_	_	_	_	linguistic	_	none	_	Begin=1465.823	_	_	_	_
608-1	BOI068	608	608	1	non	non	_	_	_	_	_	linguistic	_	none	_	_	_	_	_	_
608-2	BOI068	608	608	2	ne	ne	_	_	_	_	_	linguistic	_	none	_	_	_	_	_	_
608-3	BOI068	608	608	3	ho	ho	_	_	_	_	_	linguistic	_	none	_	_	_	_	_	_
608-4	BOI068	608	608	4	visti	visti	_	_	_	_	_	linguistic	_	none	_	_	_	_	_	_
608-5	BOI068	608	608	5	tantissimi	tantissimi	_	_	_	_	_	linguistic	_	none	_	End=1467.502	_	_	_	_
609-0	BOI068	609	609	0	però	però	_	_	_	_	_	linguistic	_	none	_	Begin=1467.586	_	_	_	_
609-1	BOI068	609	609	1	comunque	comunque	_	_	_	_	_	linguistic	_	none	_	_	_	_	_	_
609-2	BOI068	609	609	2	quando	quando	_	_	_	_	_	linguistic	_	none	_	_	_	_	_	_
609-3	BOI068	609	609	3	scopro	scopro	_	_	_	_	_	linguistic	_	none	_	_	_	_	_	_
609-4	BOI068	609	609	4	degli	degli	_	_	_	_	_	linguistic	_	none	_	_	_	_	_	_
609-5	BOI068	609	609	5	artisti	artisti	_	_	_	_	_	linguistic	_	none	_	_	_	_	_	_
609-6	BOI068	609	609	6	anche	anche	_	_	_	_	_	linguistic	_	none	_	_	_	_	_	_
609-7	BOI068	609	609	7	poco	poco	_	_	_	_	_	linguistic	_	none	_	_	_	_	_	_
609-8	BOI068	609	609	8	conosciuti	conosciuti	_	_	_	_	_	linguistic	_	none	_	End=1471.197	_	_	_	_
610-0	BOI068	610	610	0	mi	mi	_	_	_	_	_	linguistic	_	none	_	Begin=1471.223	_	_	_	_
610-1	BOI068	610	610	1	piacerebbe	piacerebbe	_	_	_	_	_	linguistic	_	none	_	_	_	_	_	_
610-2	BOI068	610	610	2	tanto	tanto	_	_	_	_	_	linguistic	_	none	_	_	_	_	_	_
610-3	BOI068	610	610	3	andarli:	andarli	_	_	_	_	_	linguistic	_	none	_	End=1472.681	6x1	_	_	_
611-0	BOI068	611	611	0	>andarli	andarli	_	_	_	_	_	linguistic	_	none	_	Begin=1473.118	_	Fast=0-7(0)	_	_
611-1	BOI068	611	611	1	a	a	_	_	_	_	_	linguistic	_	none	_	_	_	Fast=0-1(0)	_	_
611-2	BOI068	611	611	2	vedere<	vedere	_	_	_	_	_	linguistic	_	none	_	End=1473.692	_	Fast=0-6(0)	_	_
612-0	BOI068	612	612	0	più	più	_	_	_	_	_	linguistic	_	none	_	Begin=1474.044	_	_	_	_
612-1	BOI068	612	612	1	che	che	_	_	_	_	_	linguistic	_	none	_	_	_	_	_	_
612-2	BOI068	612	612	2	altro	altro	_	_	_	_	_	linguistic	_	none	PauseAfter=Yes	_	_	_	_	_
612-3	BOI068	612	612	3	{P}	{P}	_	_	_	_	_	shortpause	_	none	_	_	_	_	_	_
612-4	BOI068	612	612	4	io	io	_	_	_	_	_	linguistic	_	none	_	_	_	_	_	_
612-5	BOI068	612	612	5	quando	quando	_	_	_	_	_	linguistic	_	none	_	_	_	_	_	_
612-6	BOI068	612	612	6	scopro	scopro	_	_	_	_	_	linguistic	_	none	_	_	_	_	_	_
612-7	BOI068	612	612	7	artisti	artisti	_	_	_	_	_	linguistic	_	none	_	_	_	_	_	_
612-8	BOI068	612	612	8	poco	poco	_	_	_	_	_	linguistic	_	none	_	_	_	_	_	_
612-9	BOI068	612	612	9	conosciuti	conosciuti	_	_	_	_	_	linguistic	_	none	_	_	_	_	_	_
612-10	BOI068	612	612	10	i	i	_	_	_	_	_	linguistic	_	none	_	_	_	_	_	_
612-11	BOI068	612	612	11	concerti	concerti	_	_	_	_	_	linguistic	_	none	_	_	_	_	_	_
612-12	BOI068	612	612	12	sono	sono	_	_	_	_	_	linguistic	_	none	_	_	_	_	_	_
612-13	BOI068	612	612	13	sempre	sempre	_	_	_	_	_	linguistic	_	none	_	_	_	_	_	_
612-14	BOI068	612	612	14	a	a	_	_	_	_	_	linguistic	_	none	_	_	_	_	_	_
612-15	BOI068	612	612	15	milano	milano	_	_	_	_	_	linguistic	_	none	_	End=1478.449	_	_	_	_
613-0	BOI068	613	613	0	e	e	_	_	_	_	_	linguistic	_	none	_	Begin=1478.528	_	_	_	_
613-1	BOI068	613	613	1	quindi:	quindi	_	_	_	_	_	linguistic	_	none	_	End=1479.328	5x1	_	_	_
614-0	BOI068	614	614	0	è	è	_	_	_	_	_	linguistic	_	none	_	Begin=1479.697	_	_	_	_
614-1	BOI068	614	614	1	sempre	sempre	_	_	_	_	_	linguistic	_	none	_	_	_	_	_	_
614-2	BOI068	614	614	2	un	un	_	_	_	_	_	linguistic	_	none	_	_	_	_	_	_
614-3	BOI068	614	614	3	po':	po'	_	_	_	_	_	linguistic	_	none	_	_	1x1	_	_	_
614-4	BOI068	614	614	4	difficile	difficile	_	_	_	_	_	linguistic	_	none	_	_	_	_	_	_
614-5	BOI068	614	614	5	bisogna	bisogna	_	_	_	_	_	linguistic	_	none	_	_	_	_	_	_
614-6	BOI068	614	614	6	prendere	prendere	_	_	_	_	_	linguistic	_	none	_	_	_	_	_	_
614-7	BOI068	614	614	7	il	il	_	_	_	_	_	linguistic	_	none	_	_	_	_	_	_
614-8	BOI068	614	614	8	biglietto	biglietto	_	_	_	_	_	linguistic	_	none	_	_	_	_	_	_
614-9	BOI068	614	614	9	del:	del	_	_	_	_	_	linguistic	_	none	_	End=1482.912	2x1	_	_	_
615-0	BOI068	615	615	0	diciamo	diciamo	_	_	_	_	_	linguistic	_	none	_	Begin=1483.497	_	_	_	_
615-1	BOI068	615	615	1	prenotar	prenotar	_	_	_	_	_	linguistic	_	none	_	_	_	_	_	_
615-2	BOI068	615	615	2	la	la	_	_	_	_	_	linguistic	_	none	_	_	_	_	_	_
615-3	BOI068	615	615	3	camera	camera	_	_	_	_	_	linguistic	_	none	_	_	_	_	_	_
615-4	BOI068	615	615	4	d'	d'	_	_	_	_	_	linguistic	_	none	SpaceAfter=No	_	_	_	_	_
615-5	BOI068	615	615	5	hote:l	hotel	_	_	_	_	_	linguistic	_	none	_	_	3x1	_	_	_
615-6	BOI068	615	615	6	e	e	_	_	_	_	_	linguistic	_	none	_	_	_	_	_	_
615-7	BOI068	615	615	7	quindi:	quindi	_	_	_	_	_	linguistic	_	none	_	End=1486.211	5x1	_	_	_
616-0	BOR019	616	616	0	vero	vero	_	_	_	_	_	linguistic	_	none	_	Begin=1486.681|End=1487.154	_	_	_	_
617-0	BOR019	617	617	0	poi	poi	_	_	_	_	_	linguistic	_	none	_	Begin=1487.544	_	_	_	_
617-1	BOR019	617	617	1	magari:	magari	_	_	_	_	_	linguistic	_	none	_	End=1488.407	5x1	_	_	_
618-0	BOR019	618	618	0	ti	ti	_	_	_	_	_	linguistic	_	none	_	Begin=1488.523	_	_	_	_
618-1	BOR019	618	618	1	costa	costa	_	_	_	_	_	linguistic	_	none	_	_	_	_	_	_
618-2	BOR019	618	618	2	molto	molto	_	_	_	_	_	linguistic	_	none	_	_	_	_	_	_
618-3	BOR019	618	618	3	di	di	_	_	_	_	_	linguistic	_	none	_	_	_	_	_	_
618-4	BOR019	618	618	4	più	più	_	_	_	_	_	linguistic	_	none	_	_	_	_	_	_
618-5	BOR019	618	618	5	del	del	_	_	_	_	_	linguistic	_	none	_	_	_	_	_	_
618-6	BOR019	618	618	6	bigliett[o:]	biglietto	_	_	_	_	_	linguistic	_	none	_	End=1490.533	8x1	_	_	8-9(31)
619-0	BOI068	619	619	0	[sì]	sì	_	_	_	_	_	linguistic	_	none	_	Begin=1490.361|End=1490.66	_	_	_	0-2(31)
620-0	BOR019	620	620	0	ste	ste	_	_	_	_	_	linguistic	_	none	_	Begin=1490.718	_	_	_	_
620-1	BOR019	620	620	1	[cos]e:	cose	_	_	_	_	_	linguistic	_	none	_	End=1491.691	3x1	_	_	0-3(32)
621-0	BOI068	621	621	0	[sì]	sì	_	_	_	_	_	linguistic	_	none	_	Begin=1490.97|End=1491.18	_	_	_	0-2(32)
622-0	BOR019	622	622	0	queste	queste	_	_	_	_	_	linguistic	_	none	_	Begin=1491.761	_	_	_	_
622-1	BOR019	622	622	1	co[se	cose	_	_	_	_	_	linguistic	_	none	_	_	_	_	_	2-4(33)
622-2	BOR019	622	622	2	qua]	qua	_	_	_	_	_	linguistic	_	none	_	End=1492.612	_	_	_	0-3(33)
623-0	BOI068	623	623	0	[sì]	sì	_	_	_	_	_	linguistic	_	none	_	Begin=1492.265|End=1492.518	_	_	_	0-2(33)
624-0	BOR019	624	624	0	e:hm::	ehm	_	_	_	_	_	linguistic	_	none	_	Begin=1494.486|End=1495.877	0x1,2x2	_	_	_
625-0	BOR019	625	625	0	mh	mh	_	_	_	_	_	linguistic	_	none	_	Begin=1496.002	_	_	_	_
625-1	BOR019	625	625	1	m:h	mh	_	_	_	_	_	linguistic	_	none	_	End=1497.023	0x1	_	_	_
626-0	BOR019	626	626	0	e	e	_	_	_	_	_	linguistic	_	none	_	Begin=1497.276	_	_	_	_
626-1	BOR019	626	626	1	x	x	_	_	_	_	_	unknown	_	none	Syllables=1	_	_	_	_	_
626-2	BOR019	626	626	2	allora:	allora	_	_	_	_	_	linguistic	_	none	_	_	5x1	_	_	_
626-3	BOR019	626	626	3	a	a	_	_	_	_	_	linguistic	_	none	_	_	_	_	_	_
626-4	BOR019	626	626	4	me	me	_	_	_	_	_	linguistic	_	none	_	_	_	_	_	_
626-5	BOR019	626	626	5	ha	ha	_	_	_	_	_	linguistic	_	none	_	_	_	_	_	_
626-6	BOR019	626	626	6	colpito	colpito	_	_	_	_	_	linguistic	_	none	_	_	_	_	_	_
626-7	BOR019	626	626	7	molto	molto	_	_	_	_	_	linguistic	_	none	_	_	_	_	_	_
626-8	BOR019	626	626	8	l'	l'	_	_	_	_	_	linguistic	_	none	SpaceAfter=No	_	_	_	_	_
626-9	BOR019	626	626	9	episodio	episodio	_	_	_	_	_	linguistic	_	none	_	End=1500.07	_	_	_	_
627-0	BOR019	627	627	0	dei	dei	_	_	_	_	_	linguistic	_	none	_	Begin=1500.533	_	_	_	_
627-1	BOR019	627	627	1	(tuoi)	tuoi	_	_	_	_	_	linguistic	_	none	_	End=1500.997	_	_	0-4(0)	_
628-0	BOR019	628	628	0	dei	dei	_	_	_	_	_	linguistic	_	none	_	Begin=1501.144	_	_	_	_
628-1	BOR019	628	628	1	due	due	_	_	_	_	_	linguistic	_	none	_	_	_	_	_	_
628-2	BOR019	628	628	2	uomini	uomini	_	_	_	_	_	linguistic	_	none	_	_	_	_	_	_
628-3	BOR019	628	628	3	che:	che	_	_	_	_	_	linguistic	_	none	_	_	2x1	_	_	_
628-4	BOR019	628	628	4	ti	ti	_	_	_	_	_	linguistic	_	none	_	_	_	_	_	_
628-5	BOR019	628	628	5	hanno	hanno	_	_	_	_	_	linguistic	_	none	_	_	_	_	_	_
628-6	BOR019	628	628	6	accerchiato	accerchiato	_	_	_	_	_	linguistic	_	none	_	End=1503.297	_	_	_	_
629-0	BOR019	629	629	0	quindi	quindi	_	_	_	_	_	linguistic	_	none	_	Begin=1503.765|End=1504.081	_	_	_	_
630-0	BOR019	630	630	0	eh	eh	_	_	_	_	_	linguistic	_	none	_	Begin=1504.239	_	_	_	_
630-1	BOR019	630	630	1	non	non	_	_	_	_	_	linguistic	_	none	_	_	_	_	_	_
630-2	BOR019	630	630	2	pensi	pensi	_	_	_	_	_	linguistic	_	none	_	_	_	_	_	_
630-3	BOR019	630	630	3	che	che	_	_	_	_	_	linguistic	_	none	_	_	_	_	_	_
630-4	BOR019	630	630	4	bologna	bologna	_	_	_	_	_	linguistic	_	none	_	_	_	_	_	_
630-5	BOR019	630	630	5	sia	sia	_	_	_	_	_	linguistic	_	none	_	_	_	_	_	_
630-6	BOR019	630	630	6	una	una	_	_	_	_	_	linguistic	_	none	_	_	_	_	_	_
630-7	BOR019	630	630	7	città	città	_	_	_	_	_	linguistic	_	none	_	_	_	_	_	_
630-8	BOR019	630	630	8	sicura	sicura	_	_	_	_	_	linguistic	_	none	_	End=1506.697	_	_	_	_
631-0	BOI068	631	631	0	oddio	oddio	_	_	_	_	_	linguistic	_	none	_	Begin=1507.544|End=1508.144	_	_	_	_
632-0	BOI068	632	632	0	e:h	eh	_	_	_	_	_	linguistic	_	none	_	Begin=1508.244	0x1	_	_	_
632-1	BOI068	632	632	1	diciamo	diciamo	_	_	_	_	_	linguistic	_	none	_	End=1509.118	_	_	_	_
633-0	BOI068	633	633	0	allora	allora	_	_	_	_	_	linguistic	_	none	_	Begin=1509.265|End=1509.845	_	_	_	_
634-0	BOI068	634	634	0	p~	p~	_	_	_	_	_	linguistic	_	none	Interrupted=Yes	Begin=1510.028|End=1510.155	_	_	_	_
635-0	BOI068	635	635	0	cioè	cioè	_	_	_	_	_	linguistic	_	none	_	Begin=1510.591	_	_	_	_
635-1	BOI068	635	635	1	prima	prima	_	_	_	_	_	linguistic	_	none	_	_	_	_	_	_
635-2	BOI068	635	635	2	dicevo	dicevo	_	_	_	_	_	linguistic	_	none	_	_	_	_	_	_
635-3	BOI068	635	635	3	più	più	_	_	_	_	_	linguistic	_	none	_	_	_	_	_	_
635-4	BOI068	635	635	4	che	che	_	_	_	_	_	linguistic	_	none	_	_	_	_	_	_
635-5	BOI068	635	635	5	altro	altro	_	_	_	_	_	linguistic	_	none	_	_	_	_	_	_
635-6	BOI068	635	635	6	sugli	sugli	_	_	_	_	_	linguistic	_	none	_	_	_	_	_	_
635-7	BOI068	635	635	7	autobus	autobus	_	_	_	_	_	linguistic	_	none	_	_	_	_	_	_
635-8	BOI068	635	635	8	è	è	_	_	_	_	_	linguistic	_	none	_	_	_	_	_	_
635-9	BOI068	635	635	9	abbastanza	abbastanza	_	_	_	_	_	linguistic	_	none	_	_	_	_	_	_
635-10	BOI068	635	635	10	sicura	sicura	_	_	_	_	_	linguistic	_	none	_	_	_	_	_	_
635-11	BOI068	635	635	11	perché	perché	_	_	_	_	_	linguistic	_	none	_	_	_	_	_	_
635-12	BOI068	635	635	12	comunque:	comunque	_	_	_	_	_	linguistic	_	none	_	_	7x1	_	_	_
635-13	BOI068	635	635	13	e:h	eh	_	_	_	_	_	linguistic	_	none	_	_	0x1	_	_	_
635-14	BOI068	635	635	14	io	io	_	_	_	_	_	linguistic	_	none	_	_	_	_	_	_
635-15	BOI068	635	635	15	vedo:	vedo	_	_	_	_	_	linguistic	_	none	_	End=1516.797	3x1	_	_	_
636-0	BOI068	636	636	0	sempre	sempre	_	_	_	_	_	linguistic	_	none	_	Begin=1516.923	_	_	_	_
636-1	BOI068	636	636	1	un	un	_	_	_	_	_	linguistic	_	none	_	_	_	_	_	_
636-2	BOI068	636	636	2	controllo	controllo	_	_	_	_	_	linguistic	_	none	_	_	_	_	_	_
636-3	BOI068	636	636	3	dei	dei	_	_	_	_	_	linguistic	_	none	_	_	_	_	_	_
636-4	BOI068	636	636	4	borseggi:	borseggi	_	_	_	_	_	linguistic	_	none	_	End=1519.291	7x1	_	_	_
637-0	BOI068	637	637	0	e:h	eh	_	_	_	_	_	linguistic	_	none	_	Begin=1519.812	0x1	_	_	_
637-1	BOI068	637	637	1	mentre::	mentre	_	_	_	_	_	linguistic	_	none	_	_	5x2	_	_	_
637-2	BOI068	637	637	2	sì	sì	_	_	_	_	_	linguistic	_	none	_	_	_	_	_	_
637-3	BOI068	637	637	3	bologna	bologna	_	_	_	_	_	linguistic	_	none	PauseAfter=Yes	_	_	_	_	_
637-4	BOI068	637	637	4	{P}	{P}	_	_	_	_	_	shortpause	_	none	_	_	_	_	_	_
637-5	BOI068	637	637	5	non	non	_	_	_	_	_	linguistic	_	none	_	_	_	_	_	_
637-6	BOI068	637	637	6	è	è	_	_	_	_	_	linguistic	_	none	_	_	_	_	_	_
637-7	BOI068	637	637	7	una	una	_	_	_	_	_	linguistic	_	none	_	_	_	_	_	_
637-8	BOI068	637	637	8	città	città	_	_	_	_	_	linguistic	_	none	_	_	_	_	_	_
637-9	BOI068	637	637	9	sicura	sicura	_	_	_	_	_	linguistic	_	none	_	_	_	_	_	_
637-10	BOI068	637	637	10	ma:	ma	_	_	_	_	_	linguistic	_	none	_	_	1x1	_	_	_
637-11	BOI068	637	637	11	come::	come	_	_	_	_	_	linguistic	_	none	_	End=1524.391	3x2	_	_	_
638-0	BOI068	638	638	0	tante	tante	_	_	_	_	_	linguistic	_	none	_	Begin=1524.939	_	_	_	_
638-1	BOI068	638	638	1	città	città	_	_	_	_	_	linguistic	_	none	_	End=1525.811	_	_	_	_
639-0	BOI068	639	639	0	ha:	ha	_	_	_	_	_	linguistic	_	none	_	Begin=1526.207	1x1	_	_	_
639-1	BOI068	639	639	1	diciamo:	diciamo	_	_	_	_	_	linguistic	_	none	_	_	6x1	_	_	_
639-2	BOI068	639	639	2	i	i	_	_	_	_	_	linguistic	_	none	_	_	_	_	_	_
639-3	BOI068	639	639	3	quartieri	quartieri	_	_	_	_	_	linguistic	_	none	_	_	_	_	_	_
639-4	BOI068	639	639	4	ovunque	ovunque	_	_	_	_	_	linguistic	_	none	_	_	_	_	_	_
639-5	BOI068	639	639	5	le	le	_	_	_	_	_	linguistic	_	none	_	_	_	_	_	_
639-6	BOI068	639	639	6	zone:	zone	_	_	_	_	_	linguistic	_	none	_	End=1529.512	3x1	_	_	_
640-0	BOI068	640	640	0	in	in	_	_	_	_	_	linguistic	_	none	_	Begin=1529.776	_	_	_	_
640-1	BOI068	640	640	1	cui	cui	_	_	_	_	_	linguistic	_	none	_	_	_	_	_	_
640-2	BOI068	640	640	2	c'	c'	_	_	_	_	_	linguistic	_	none	SpaceAfter=No	_	_	_	_	_
640-3	BOI068	640	640	3	è	è	_	_	_	_	_	linguistic	_	none	_	_	_	_	_	_
640-4	BOI068	640	640	4	gente	gente	_	_	_	_	_	linguistic	_	none	_	_	_	_	_	_
640-5	BOI068	640	640	5	poco	poco	_	_	_	_	_	linguistic	_	none	_	_	_	_	_	_
640-6	BOI068	640	640	6	raccomandabile	raccomandabile	_	_	_	_	_	linguistic	_	none	_	_	_	_	_	_
640-7	BOI068	640	640	7	quindi	quindi	_	_	_	_	_	linguistic	_	none	_	_	_	_	_	_
640-8	BOI068	640	640	8	bisogna	bisogna	_	_	_	_	_	linguistic	_	none	_	_	_	_	_	_
640-9	BOI068	640	640	9	comunque:	comunque	_	_	_	_	_	linguistic	_	none	_	End=1532.912	7x1	_	_	_
641-0	BOI068	641	641	0	e:h	eh	_	_	_	_	_	linguistic	_	none	_	Begin=1533.26	0x1	_	_	_
641-1	BOI068	641	641	1	sì	sì	_	_	_	_	_	linguistic	_	none	_	_	_	_	_	_
641-2	BOI068	641	641	2	stare	stare	_	_	_	_	_	linguistic	_	none	_	_	_	_	_	_
641-3	BOI068	641	641	3	attenti	attenti	_	_	_	_	_	linguistic	_	none	_	_	_	_	_	_
641-4	BOI068	641	641	4	perché:	perché	_	_	_	_	_	linguistic	_	none	_	End=1535.181	5x1	_	_	_
642-0	BOI068	642	642	0	°mh°	mh	_	_	_	_	_	linguistic	_	none	Volume=low	Begin=1535.528	_	_	_	_
642-1	BOI068	642	642	1	purtroppo:	purtroppo	_	_	_	_	_	linguistic	_	none	_	_	8x1	_	_	_
642-2	BOI068	642	642	2	m:h	mh	_	_	_	_	_	linguistic	_	none	_	End=1537.26	0x1	_	_	_
643-0	BOI068	643	643	0	c(io)è	cioè	_	_	_	_	_	linguistic	_	none	_	Begin=1537.823|End=1538.193	_	_	1-3(0)	_
644-0	BOI068	644	644	0	è	è	_	_	_	_	_	linguistic	_	none	_	Begin=1538.47	_	_	_	_
644-1	BOI068	644	644	1	brutto	brutto	_	_	_	_	_	linguistic	_	none	_	_	_	_	_	_
644-2	BOI068	644	644	2	dirlo	dirlo	_	_	_	_	_	linguistic	_	none	_	_	_	_	_	_
644-3	BOI068	644	644	3	ma	ma	_	_	_	_	_	linguistic	_	none	_	_	_	_	_	_
644-4	BOI068	644	644	4	non	non	_	_	_	_	_	linguistic	_	none	_	_	_	_	_	_
644-5	BOI068	644	644	5	x	x	_	_	_	_	_	unknown	_	none	Syllables=1	_	_	_	_	_
644-6	BOI068	644	644	6	molte	molte	_	_	_	_	_	linguistic	_	none	_	_	_	_	_	_
644-7	BOI068	644	644	7	volte	volte	_	_	_	_	_	linguistic	_	none	_	_	_	_	_	_
644-8	BOI068	644	644	8	non	non	_	_	_	_	_	linguistic	_	none	_	_	_	_	_	_
644-9	BOI068	644	644	9	si	si	_	_	_	_	_	linguistic	_	none	_	_	_	_	_	_
644-10	BOI068	644	644	10	può:	può	_	_	_	_	_	linguistic	_	none	_	_	2x1	_	_	_
644-11	BOI068	644	644	11	evitare:	evitare	_	_	_	_	_	linguistic	_	none	_	End=1541.707	6x1	_	_	_
645-0	BOI068	645	645	0	mh	mh	_	_	_	_	_	linguistic	_	none	_	Begin=1541.812	_	_	_	_
645-1	BOI068	645	645	1	diciamo:	diciamo	_	_	_	_	_	linguistic	_	none	_	_	6x1	_	_	_
645-2	BOI068	645	645	2	gente	gente	_	_	_	_	_	linguistic	_	none	_	_	_	_	_	_
645-3	BOI068	645	645	3	del	del	_	_	_	_	_	linguistic	_	none	_	_	_	_	_	_
645-4	BOI068	645	645	4	genere	genere	_	_	_	_	_	linguistic	_	none	_	End=1543.739	_	_	_	_
646-0	BOI068	646	646	0	cioè	cioè	_	_	_	_	_	linguistic	_	none	_	Begin=1543.849	_	_	_	_
646-1	BOI068	646	646	1	se	se	_	_	_	_	_	linguistic	_	none	_	_	_	_	_	_
646-2	BOI068	646	646	2	si	si	_	_	_	_	_	linguistic	_	none	_	_	_	_	_	_
646-3	BOI068	646	646	3	se	se	_	_	_	_	_	linguistic	_	none	_	_	_	_	_	_
646-4	BOI068	646	646	4	si	si	_	_	_	_	_	linguistic	_	none	_	_	_	_	_	_
646-5	BOI068	646	646	5	deve	deve	_	_	_	_	_	linguistic	_	none	_	_	_	_	_	_
646-6	BOI068	646	646	6	per	per	_	_	_	_	_	linguistic	_	none	_	_	_	_	_	_
646-7	BOI068	646	646	7	forza	forza	_	_	_	_	_	linguistic	_	none	_	_	_	_	_	_
646-8	BOI068	646	646	8	passare	passare	_	_	_	_	_	linguistic	_	none	_	_	_	_	_	_
646-9	BOI068	646	646	9	da	da	_	_	_	_	_	linguistic	_	none	_	_	_	_	_	_
646-10	BOI068	646	646	10	queste	queste	_	_	_	_	_	linguistic	_	none	_	_	_	_	_	_
646-11	BOI068	646	646	11	zone	zone	_	_	_	_	_	linguistic	_	none	_	_	_	_	_	_
646-12	BOI068	646	646	12	qui:	qui	_	_	_	_	_	linguistic	_	none	_	End=1547.507	2x1	_	_	_
647-0	BOR019	647	647	0	°vero°	vero	_	_	_	_	_	linguistic	_	none	Volume=low	Begin=1548.891|End=1549.218	_	_	_	_
648-0	BOR019	648	648	0	°vero	vero	_	_	_	_	_	linguistic	_	none	Volume=low	Begin=1549.381	_	_	_	_
648-1	BOR019	648	648	1	vero°	vero	_	_	_	_	_	linguistic	_	none	Volume=low	End=1549.856	_	_	_	_
649-0	BOR019	649	649	0	bene	bene	_	_	_	_	_	linguistic	_	none	_	Begin=1550.134|End=1550.402	_	_	_	_
650-0	BOR019	650	650	0	grazie	grazie	_	_	_	_	_	linguistic	_	none	_	Begin=1550.96	_	_	_	_
650-1	BOR019	650	650	1	mille	mille	_	_	_	_	_	linguistic	_	none	_	End=1551.746	_	_	_	_
651-0	BOI068	651	651	0	g[razie	grazie	_	_	_	_	_	linguistic	_	none	_	Begin=1551.955	_	_	_	1-6(39)
651-1	BOI068	651	651	1	a	a	_	_	_	_	_	linguistic	_	none	_	_	_	_	_	0-1(39)
651-2	BOI068	651	651	2	te]	te	_	_	_	_	_	linguistic	_	none	_	End=1552.569	_	_	_	0-2(39)
652-0	BOR019	652	652	0	°[stato	stato	_	_	_	_	_	linguistic	_	none	Volume=low	Begin=1552.055	_	_	_	0-5(39)
652-1	BOR019	652	652	1	un	un	_	_	_	_	_	linguistic	_	none	Volume=low	_	_	_	_	0-2(39)
652-2	BOR019	652	652	2	piac]ere°	piacere	_	_	_	_	_	linguistic	_	none	Volume=low	End=1552.873	_	_	_	0-4(39)
653-0	BOR019	653	653	0	°grazie°	grazie	_	_	_	_	_	linguistic	_	none	Volume=low	Begin=1553.128|End=1553.544	_	_	_	_
