token_id	speaker	tu_id	unit	id	span	form	lemma	upos	xpos	feats	deprel	type	meta_label	variation	jefferson_feats	align	prolongations	pace	guesses	overlaps
0-0	BOR021	0	0	0	in	in	_	_	_	_	_	linguistic	_	none	_	Begin=0.52	_	_	_	_
0-1	BOR021	0	0	1	che	che	_	_	_	_	_	linguistic	_	none	_	_	_	_	_	_
0-2	BOR021	0	0	2	zona	zona	_	_	_	_	_	linguistic	_	none	_	_	_	_	_	_
0-3	BOR021	0	0	3	di	di	_	_	_	_	_	linguistic	_	none	_	_	_	_	_	_
0-4	BOR021	0	0	4	Bologna	bologna	_	_	_	_	_	linguistic	_	none	Volume=high	_	_	_	_	_
0-5	BOR021	0	0	5	vivete?	vivete	_	_	_	_	_	linguistic	_	none	Intonation=Rising	End=1.89	_	_	_	_
1-0	BOI070	1	1	0	allora	allora	_	_	_	_	_	linguistic	_	none	_	Begin=2.33	_	_	_	_
1-1	BOI070	1	1	1	io	io	_	_	_	_	_	linguistic	_	none	_	_	_	_	_	_
1-2	BOI070	1	1	2	san	san	_	_	_	_	_	linguistic	_	none	_	_	_	_	_	_
1-3	BOI070	1	1	3	vitale	vitale	_	_	_	_	_	linguistic	_	none	_	End=3.314	_	_	_	_
2-0	BOI071	2	2	0	anch'	anch'	_	_	_	_	_	linguistic	_	none	SpaceAfter=No	Begin=4.08	_	_	_	_
2-1	BOI071	2	2	1	io	io	_	_	_	_	_	linguistic	_	none	_	_	_	_	_	_
2-2	BOI071	2	2	2	zona:	zona	_	_	_	_	_	linguistic	_	none	_	_	3x1	_	_	_
2-3	BOI071	2	2	3	vicino	vicino	_	_	_	_	_	linguistic	_	none	_	_	_	_	_	_
2-4	BOI071	2	2	4	a	a	_	_	_	_	_	linguistic	_	none	_	_	_	_	_	_
2-5	BOI071	2	2	5	porta	porta	_	_	_	_	_	linguistic	_	none	_	_	_	_	_	_
2-6	BOI071	2	2	6	san	san	_	_	_	_	_	linguistic	_	none	_	_	_	_	_	_
2-7	BOI071	2	2	7	vitale	vitale	_	_	_	_	_	linguistic	_	none	_	End=5.9	_	_	_	_
3-0	BOR021	3	3	0	avete	avete	_	_	_	_	_	linguistic	_	none	_	Begin=6.24	_	_	_	_
3-1	BOR021	3	3	1	sempre	sempre	_	_	_	_	_	linguistic	_	none	_	_	_	_	_	_
3-2	BOR021	3	3	2	vissuto:	vissuto	_	_	_	_	_	linguistic	_	none	_	_	6x1	_	_	_
3-3	BOR021	3	3	3	lì?	lì	_	_	_	_	_	linguistic	_	none	Intonation=Rising	End=7.35	_	_	_	_
4-0	BOI070	4	4	0	sì	sì	_	_	_	_	_	linguistic	_	none	_	Begin=7.952|End=8.068	_	_	_	_
5-0	BOR021	5	5	0	[da	da	_	_	_	_	_	linguistic	_	none	_	Begin=9.425	_	_	_	0-2(4)
5-1	BOR021	5	5	1	quanto]	quanto	_	_	_	_	_	linguistic	_	none	_	_	_	_	_	0-6(4)
5-2	BOR021	5	5	2	più	più	_	_	_	_	_	linguistic	_	none	_	_	_	_	_	_
5-3	BOR021	5	5	3	o	o	_	_	_	_	_	linguistic	_	none	_	_	_	_	_	_
5-4	BOR021	5	5	4	meno?	meno	_	_	_	_	_	linguistic	_	none	Intonation=Rising	End=10.191	_	_	_	_
6-0	BOI071	6	6	0	[xxx]	xxx	_	_	_	_	_	unknown	_	none	Syllables=3	Begin=9.425|End=9.893	_	_	_	0-3(4)
7-0	BOI070	7	7	0	e::h	eh	_	_	_	_	_	linguistic	_	none	_	Begin=10.936	0x2	_	_	_
7-1	BOI070	7	7	1	(allora)	allora	_	_	_	_	_	linguistic	_	none	_	_	_	_	0-6(0)	_
7-2	BOI070	7	7	2	io::	io	_	_	_	_	_	linguistic	_	none	_	End=12.106	1x2	_	_	_
8-0	BOI070	8	8	0	sono	sono	_	_	_	_	_	linguistic	_	none	_	Begin=12.51	_	_	_	_
8-1	BOI070	8	8	1	nato	nato	_	_	_	_	_	linguistic	_	none	_	_	_	_	_	_
8-2	BOI070	8	8	2	a	a	_	_	_	_	_	linguistic	_	none	_	_	_	_	_	_
8-3	BOI070	8	8	3	imola	imola	_	_	_	_	_	linguistic	_	none	_	End=13.212	_	_	_	_
9-0	BOR021	9	9	0	mhmh	mhmh	_	_	_	_	_	linguistic	_	none	_	Begin=13.404|End=13.659	_	_	_	_
10-0	BOI070	10	10	0	quindi	quindi	_	_	_	_	_	linguistic	_	none	_	Begin=13.808	_	_	_	_
10-1	BOI070	10	10	1	di	di	_	_	_	_	_	linguistic	_	none	_	_	_	_	_	_
10-2	BOI070	10	10	2	base	base	_	_	_	_	_	linguistic	_	none	_	_	_	_	_	_
10-3	BOI070	10	10	3	mi	mi	_	_	_	_	_	linguistic	_	none	_	_	_	_	_	_
10-4	BOI070	10	10	4	sono	sono	_	_	_	_	_	linguistic	_	none	_	_	_	_	_	_
10-5	BOI070	10	10	5	trasferito	trasferito	_	_	_	_	_	linguistic	_	none	_	_	_	_	_	_
10-6	BOI070	10	10	6	che	che	_	_	_	_	_	linguistic	_	none	_	_	_	_	_	_
10-7	BOI070	10	10	7	ero	ero	_	_	_	_	_	linguistic	_	none	_	_	_	_	_	_
10-8	BOI070	10	10	8	ancora	ancora	_	_	_	_	_	linguistic	_	none	_	_	_	_	_	_
10-9	BOI070	10	10	9	piccolo	piccolo	_	_	_	_	_	linguistic	_	none	_	End=15.946	_	_	_	_
11-0	BOI070	11	11	0	però	però	_	_	_	_	_	linguistic	_	none	_	Begin=16.819	_	_	_	_
11-1	BOI070	11	11	1	sì	sì	_	_	_	_	_	linguistic	_	none	_	_	_	_	_	_
11-2	BOI070	11	11	2	sono	sono	_	_	_	_	_	linguistic	_	none	_	_	_	_	_	_
11-3	BOI070	11	11	3	sempre	sempre	_	_	_	_	_	linguistic	_	none	_	_	_	_	_	_
11-4	BOI070	11	11	4	stato	stato	_	_	_	_	_	linguistic	_	none	_	_	_	_	_	_
11-5	BOI070	11	11	5	in	in	_	_	_	_	_	linguistic	_	none	_	_	_	_	_	_
11-6	BOI070	11	11	6	zona	zona	_	_	_	_	_	linguistic	_	none	_	_	_	_	_	_
11-7	BOI070	11	11	7	san	san	_	_	_	_	_	linguistic	_	none	_	_	_	_	_	_
11-8	BOI070	11	11	8	vitale	vitale	_	_	_	_	_	linguistic	_	none	_	_	_	_	_	_
11-9	BOI070	11	11	9	quindi:	quindi	_	_	_	_	_	linguistic	_	none	_	_	5x1	_	_	_
11-10	BOI070	11	11	10	mh	mh	_	_	_	_	_	linguistic	_	none	_	_	_	_	_	_
11-11	BOI070	11	11	11	li	li	_	_	_	_	_	linguistic	_	none	_	_	_	_	_	_
11-12	BOI070	11	11	12	ho	ho	_	_	_	_	_	linguistic	_	none	_	_	_	_	_	_
11-13	BOI070	11	11	13	fatti	fatti	_	_	_	_	_	linguistic	_	none	_	_	_	_	_	_
11-14	BOI070	11	11	14	là	là	_	_	_	_	_	linguistic	_	none	_	_	_	_	_	_
11-15	BOI070	11	11	15	i	i	_	_	_	_	_	linguistic	_	none	_	_	_	_	_	_
11-16	BOI070	11	11	16	ventun	ventun	_	_	_	_	_	linguistic	_	none	_	_	_	_	_	_
11-17	BOI070	11	11	17	anni	anni	_	_	_	_	_	linguistic	_	none	_	End=21.732	_	_	_	_
12-0	BOR021	12	12	0	ah	ah	_	_	_	_	_	linguistic	_	none	_	Begin=21.914	_	_	_	_
12-1	BOR021	12	12	1	okay	okay	_	_	_	_	_	linguistic	_	none	_	_	_	_	_	_
12-2	BOR021	12	12	2	(quindi)	quindi	_	_	_	_	_	linguistic	_	none	PauseAfter=Yes	_	_	_	0-6(0)	_
12-3	BOR021	12	12	3	(.)	(.)	_	_	_	_	_	shortpause	_	none	_	_	_	_	_	_
12-4	BOR021	12	12	4	[è	è	_	_	_	_	_	linguistic	_	none	_	_	_	_	_	0-1(6)
12-5	BOR021	12	12	5	la	la	_	_	_	_	_	linguistic	_	none	_	_	_	_	_	0-2(6)
12-6	BOR021	12	12	6	zona]	zona	_	_	_	_	_	linguistic	_	none	_	_	_	_	_	0-4(6)
12-7	BOR021	12	12	7	che	che	_	_	_	_	_	linguistic	_	none	_	_	_	_	_	_
12-8	BOR021	12	12	8	(cono[sci:)	conosci	_	_	_	_	_	linguistic	_	none	_	_	6x1	_	0-7(1)	4-7(7)
12-9	BOR021	12	12	9	meglio]	meglio	_	_	_	_	_	linguistic	_	none	_	End=24.074	_	_	_	0-6(7)
13-0	BOI070	13	13	0	[sì]	sì	_	_	_	_	_	linguistic	_	none	_	Begin=22.765|End=23.095	_	_	_	0-2(6)
14-0	BOI070	14	14	0	[esatto]	esatto	_	_	_	_	_	linguistic	_	none	_	Begin=23.553|End=24.074	_	_	_	0-6(7)
15-0	BOR021	15	15	0	tu	tu	_	_	_	_	_	linguistic	_	none	_	Begin=25.18	_	_	_	_
15-1	BOR021	15	15	1	invece?	invece	_	_	_	_	_	linguistic	_	none	Intonation=Rising	End=25.595	_	_	_	_
16-0	BOI071	16	16	0	((ride))	((ride))	_	_	_	_	_	nonverbalbehavior	_	none	_	Begin=25.955|End=26.536	_	_	_	_
17-0	BOI071	17	17	0	eh	eh	_	_	_	_	_	linguistic	_	none	_	Begin=29.989	_	_	_	_
17-1	BOI071	17	17	1	io:::	io	_	_	_	_	_	linguistic	_	none	_	End=30.867	1x3	_	_	_
18-0	BOI071	18	18	0	abito	abito	_	_	_	_	_	linguistic	_	none	_	Begin=31.525	_	_	_	_
18-1	BOI071	18	18	1	qui	qui	_	_	_	_	_	linguistic	_	none	PauseAfter=Yes	_	_	_	_	_
18-2	BOI071	18	18	2	(.)	(.)	_	_	_	_	_	shortpause	_	none	_	_	_	_	_	_
18-3	BOI071	18	18	3	xxxxx	xxxxx	_	_	_	_	_	unknown	_	none	Syllables=5	_	_	_	_	_
18-4	BOI071	18	18	4	dieci	dieci	_	_	_	_	_	linguistic	_	none	_	_	_	_	_	_
18-5	BOI071	18	18	5	anni	anni	_	_	_	_	_	linguistic	_	none	_	_	_	_	_	_
18-6	BOI071	18	18	6	prima	prima	_	_	_	_	_	linguistic	_	none	_	_	_	_	_	_
18-7	BOI071	18	18	7	abitavo	abitavo	_	_	_	_	_	linguistic	_	none	_	_	_	_	_	_
18-8	BOI071	18	18	8	a	a	_	_	_	_	_	linguistic	_	none	_	_	_	_	_	_
18-9	BOI071	18	18	9	cento	cento	_	_	_	_	_	linguistic	_	none	_	End=34.825	_	_	_	_
19-0	BOR021	19	19	0	mhmh	mhmh	_	_	_	_	_	linguistic	_	none	_	Begin=35.082|End=35.442	_	_	_	_
20-0	BOI071	20	20	0	una	una	_	_	_	_	_	linguistic	_	none	_	Begin=35.814	_	_	_	_
20-1	BOI071	20	20	1	piccola	piccola	_	_	_	_	_	linguistic	_	none	_	_	_	_	_	_
20-2	BOI071	20	20	2	cittadina::	cittadina	_	_	_	_	_	linguistic	_	none	_	End=37.597	8x2	_	_	_
21-0	BOI071	21	21	0	fuori	fuori	_	_	_	_	_	linguistic	_	none	_	Begin=38.175	_	_	_	_
21-1	BOI071	21	21	1	bologna	bologna	_	_	_	_	_	linguistic	_	none	PauseAfter=Yes	_	_	_	_	_
21-2	BOI071	21	21	2	(.)	(.)	_	_	_	_	_	shortpause	_	none	_	_	_	_	_	_
21-3	BOI071	21	21	3	non	non	_	_	_	_	_	linguistic	_	none	_	_	_	_	_	_
21-4	BOI071	21	21	4	troppo	troppo	_	_	_	_	_	linguistic	_	none	_	End=39.558	_	_	_	_
22-0	BOI071	22	22	0	e:::	e	_	_	_	_	_	linguistic	_	none	_	Begin=40.463|End=41.453	0x3	_	_	_
23-0	BOI071	23	23	0	e	e	_	_	_	_	_	linguistic	_	none	_	Begin=41.845	_	_	_	_
23-1	BOI071	23	23	1	niente	niente	_	_	_	_	_	linguistic	_	none	_	End=42.507	_	_	_	_
24-0	BOR021	24	24	0	che	che	_	_	_	_	_	linguistic	_	none	_	Begin=43.095	_	_	_	_
24-1	BOR021	24	24	1	è	è	_	_	_	_	_	linguistic	_	none	_	_	_	_	_	_
24-2	BOR021	24	24	2	vicino	vicino	_	_	_	_	_	linguistic	_	none	_	_	_	_	_	_
24-3	BOR021	24	24	3	ferrara?	ferrara	_	_	_	_	_	linguistic	_	none	Intonation=Rising	End=44.044	_	_	_	_
25-0	BOI071	25	25	0	sì	sì	_	_	_	_	_	linguistic	_	none	_	Begin=44.514	_	_	_	_
25-1	BOI071	25	25	1	esatto	esatto	_	_	_	_	_	linguistic	_	none	_	_	_	_	_	_
25-2	BOI071	25	25	2	è	è	_	_	_	_	_	linguistic	_	none	_	_	_	_	_	_
25-3	BOI071	25	25	3	vicino	vicino	_	_	_	_	_	linguistic	_	none	_	_	_	_	_	_
25-4	BOI071	25	25	4	a	a	_	_	_	_	_	linguistic	_	none	_	_	_	_	_	_
25-5	BOI071	25	25	5	ferrara	ferrara	_	_	_	_	_	linguistic	_	none	_	End=45.779	_	_	_	_
26-0	BOR021	26	26	0	mh	mh	_	_	_	_	_	linguistic	_	none	_	Begin=45.972|End=46.423	_	_	_	_
27-0	BOR021	27	27	0	vi::	vi	_	_	_	_	_	linguistic	_	none	_	Begin=48.414	1x2	_	_	_
27-1	BOR021	27	27	1	piace	piace	_	_	_	_	_	linguistic	_	none	_	_	_	_	_	_
27-2	BOR021	27	27	2	la	la	_	_	_	_	_	linguistic	_	none	_	_	_	_	_	_
27-3	BOR021	27	27	3	vostra	vostra	_	_	_	_	_	linguistic	_	none	_	_	_	_	_	_
27-4	BOR021	27	27	4	zona?	zona	_	_	_	_	_	linguistic	_	none	Intonation=Rising	End=50.031	_	_	_	_
28-0	BOI070	28	28	0	sì	sì	_	_	_	_	_	linguistic	_	none	_	Begin=50.234|End=50.67	_	_	_	_
29-0	BOR021	29	29	0	a	a	_	_	_	_	_	linguistic	_	none	_	Begin=51.308	_	_	_	_
29-1	BOR021	29	29	1	te?	te	_	_	_	_	_	linguistic	_	none	Intonation=Rising	End=51.67	_	_	_	_
30-0	BOI071	30	30	0	abbastanza	abbastanza	_	_	_	_	_	linguistic	_	none	_	Begin=52.542	_	_	_	_
30-1	BOI071	30	30	1	dai	dai	_	_	_	_	_	linguistic	_	none	_	End=53.551	_	_	_	_
31-0	BOR021	31	31	0	perché?	perché	_	_	_	_	_	linguistic	_	none	Intonation=Rising	Begin=54.095|End=54.351	_	_	_	_
32-0	BOI070	32	32	0	e:h	eh	_	_	_	_	_	linguistic	_	none	PauseAfter=Yes	Begin=55.712	0x1	_	_	_
32-1	BOI070	32	32	1	(.)	(.)	_	_	_	_	_	shortpause	_	none	_	_	_	_	_	_
32-2	BOI070	32	32	2	è	è	_	_	_	_	_	linguistic	_	none	_	_	_	_	_	_
32-3	BOI070	32	32	3	una	una	_	_	_	_	_	linguistic	_	none	_	_	_	_	_	_
32-4	BOI070	32	32	4	zona	zona	_	_	_	_	_	linguistic	_	none	_	_	_	_	_	_
32-5	BOI070	32	32	5	in	in	_	_	_	_	_	linguistic	_	none	_	_	_	_	_	_
32-6	BOI070	32	32	6	cui	cui	_	_	_	_	_	linguistic	_	none	PauseAfter=Yes	_	_	_	_	_
32-7	BOI070	32	32	7	(.)	(.)	_	_	_	_	_	shortpause	_	none	_	_	_	_	_	_
32-8	BOI070	32	32	8	comunque	comunque	_	_	_	_	_	linguistic	_	none	PauseAfter=Yes	_	_	_	_	_
32-9	BOI070	32	32	9	(.)	(.)	_	_	_	_	_	shortpause	_	none	_	_	_	_	_	_
32-10	BOI070	32	32	10	sei	sei	_	_	_	_	_	linguistic	_	none	_	_	_	_	_	_
32-11	BOI070	32	32	11	cresciuto	cresciuto	_	_	_	_	_	linguistic	_	none	_	_	_	_	_	_
32-12	BOI070	32	32	12	e	e	_	_	_	_	_	linguistic	_	none	PauseAfter=Yes	_	_	_	_	_
32-13	BOI070	32	32	13	(.)	(.)	_	_	_	_	_	shortpause	_	none	_	_	_	_	_	_
32-14	BOI070	32	32	14	quindi:	quindi	_	_	_	_	_	linguistic	_	none	_	End=59.457	5x1	_	_	_
33-0	BOI070	33	33	0	((inspira))	((inspira))	_	_	_	_	_	nonverbalbehavior	_	none	_	Begin=59.595|End=60.202	_	_	_	_
34-0	BOI070	34	34	0	diciamo	diciamo	_	_	_	_	_	linguistic	_	none	_	Begin=60.404	_	_	_	_
34-1	BOI070	34	34	1	che	che	_	_	_	_	_	linguistic	_	none	_	_	_	_	_	_
34-2	BOI070	34	34	2	mi	mi	_	_	_	_	_	linguistic	_	none	_	_	_	_	_	_
34-3	BOI070	34	34	3	ha	ha	_	_	_	_	_	linguistic	_	none	_	_	_	_	_	_
34-4	BOI070	34	34	4	dato	dato	_	_	_	_	_	linguistic	_	none	_	_	_	_	_	_
34-5	BOI070	34	34	5	((ride))	((ride))	_	_	_	_	_	nonverbalbehavior	_	none	_	_	_	_	_	_
34-6	BOI070	34	34	6	xxxxxx	xxxxxx	_	_	_	_	_	unknown	_	none	Syllables=6	_	_	_	_	_
34-7	BOI070	34	34	7	però	però	_	_	_	_	_	linguistic	_	none	_	End=63.989	_	_	_	_
35-0	BOR021	35	35	0	((ride))	((ride))	_	_	_	_	_	nonverbalbehavior	_	none	_	Begin=61.776|End=62.414	_	_	_	_
36-0	BOI071	36	36	0	perché	perché	_	_	_	_	_	linguistic	_	none	_	Begin=64.021	_	_	_	_
36-1	BOI071	36	36	1	ridi?	ridi	_	_	_	_	_	linguistic	_	none	Intonation=Rising	End=64.405	_	_	_	_
37-0	BOI070	37	37	0	(vedo)	vedo	_	_	_	_	_	linguistic	_	none	_	Begin=64.405	_	_	0-4(0)	_
37-1	BOI070	37	37	1	perché:	perché	_	_	_	_	_	linguistic	_	none	_	End=65.272	5x1	_	_	_
38-0	BOI070	38	38	0	che	che	_	_	_	_	_	linguistic	_	none	_	Begin=66.234	_	_	_	_
38-1	BOI070	38	38	1	dire	dire	_	_	_	_	_	linguistic	_	none	_	_	_	_	_	_
38-2	BOI070	38	38	2	c(io)è	cioè	_	_	_	_	_	linguistic	_	none	Reduced=Yes	_	_	_	_	_
38-3	BOI070	38	38	3	nel	nel	_	_	_	_	_	linguistic	_	none	_	_	_	_	_	_
38-4	BOI070	38	38	4	senso	senso	_	_	_	_	_	linguistic	_	none	_	_	_	_	_	_
38-5	BOI070	38	38	5	quando	quando	_	_	_	_	_	linguistic	_	none	_	_	_	_	_	_
38-6	BOI070	38	38	6	cresci	cresci	_	_	_	_	_	linguistic	_	none	_	_	_	_	_	_
38-7	BOI070	38	38	7	in	in	_	_	_	_	_	linguistic	_	none	_	_	_	_	_	_
38-8	BOI070	38	38	8	una	una	_	_	_	_	_	linguistic	_	none	_	_	_	_	_	_
38-9	BOI070	38	38	9	zona	zona	_	_	_	_	_	linguistic	_	none	_	_	_	_	_	_
38-10	BOI070	38	38	10	dove	dove	_	_	_	_	_	linguistic	_	none	_	End=68.808	_	_	_	_
39-0	BOI070	39	39	0	appunto::	appunto	_	_	_	_	_	linguistic	_	none	PauseAfter=Yes	Begin=69.414	6x2	_	_	_
39-1	BOI070	39	39	1	(.)	(.)	_	_	_	_	_	shortpause	_	none	_	_	_	_	_	_
39-2	BOI070	39	39	2	m::h	mh	_	_	_	_	_	linguistic	_	none	_	End=71.083	0x2	_	_	_
40-0	BOI070	40	40	0	ti	ti	_	_	_	_	_	linguistic	_	none	_	Begin=71.829	_	_	_	_
40-1	BOI070	40	40	1	vedi::	vedi	_	_	_	_	_	linguistic	_	none	PauseAfter=Yes	_	3x2	_	_	_
40-2	BOI070	40	40	2	(.)	(.)	_	_	_	_	_	shortpause	_	none	_	_	_	_	_	_
40-3	BOI070	40	40	3	sì	sì	_	_	_	_	_	linguistic	_	none	PauseAfter=Yes	_	_	_	_	_
40-4	BOI070	40	40	4	(.)	(.)	_	_	_	_	_	shortpause	_	none	_	_	_	_	_	_
40-5	BOI070	40	40	5	scusate	scusate	_	_	_	_	_	linguistic	_	none	_	_	_	_	_	_
40-6	BOI070	40	40	6	il	il	_	_	_	_	_	linguistic	_	none	_	_	_	_	_	_
40-7	BOI070	40	40	7	gioco	gioco	_	_	_	_	_	linguistic	_	none	_	_	_	_	_	_
40-8	BOI070	40	40	8	di	di	_	_	_	_	_	linguistic	_	none	_	_	_	_	_	_
40-9	BOI070	40	40	9	parole	parole	_	_	_	_	_	linguistic	_	none	_	_	_	_	_	_
40-10	BOI070	40	40	10	ma	ma	_	_	_	_	_	linguistic	_	none	PauseAfter=Yes	_	_	_	_	_
40-11	BOI070	40	40	11	(.)	(.)	_	_	_	_	_	shortpause	_	none	_	_	_	_	_	_
40-12	BOI070	40	40	12	magari	magari	_	_	_	_	_	linguistic	_	none	_	_	_	_	_	_
40-13	BOI070	40	40	13	ti	ti	_	_	_	_	_	linguistic	_	none	_	_	_	_	_	_
40-14	BOI070	40	40	14	vedi	vedi	_	_	_	_	_	linguistic	_	none	_	_	_	_	_	_
40-15	BOI070	40	40	15	crescere,	crescere	_	_	_	_	_	linguistic	_	none	Intonation=WeaklyRising	End=75.237	_	_	_	_
41-0	BOI070	41	41	0	come	come	_	_	_	_	_	linguistic	_	none	_	Begin=75.734	_	_	_	_
41-1	BOI070	41	41	1	persona:	persona	_	_	_	_	_	linguistic	_	none	_	End=76.508	6x1	_	_	_
42-0	BOI070	42	42	0	comunque	comunque	_	_	_	_	_	linguistic	_	none	_	Begin=77.085	_	_	_	_
42-1	BOI070	42	42	1	ti	ti	_	_	_	_	_	linguistic	_	none	_	_	_	_	_	_
42-2	BOI070	42	42	2	piace	piace	_	_	_	_	_	linguistic	_	none	_	_	_	_	_	_
42-3	BOI070	42	42	3	lo	lo	_	_	_	_	_	linguistic	_	none	_	_	_	_	_	_
42-4	BOI070	42	42	4	stesso	stesso	_	_	_	_	_	linguistic	_	none	_	_	_	_	_	_
42-5	BOI070	42	42	5	perché	perché	_	_	_	_	_	linguistic	_	none	_	_	_	_	_	_
42-6	BOI070	42	42	6	è	è	_	_	_	_	_	linguistic	_	none	_	_	_	_	_	_
42-7	BOI070	42	42	7	una	una	_	_	_	_	_	linguistic	_	none	_	_	_	_	_	_
42-8	BOI070	42	42	8	zona	zona	_	_	_	_	_	linguistic	_	none	_	_	_	_	_	_
42-9	BOI070	42	42	9	in	in	_	_	_	_	_	linguistic	_	none	_	_	_	_	_	_
42-10	BOI070	42	42	10	cui:	cui	_	_	_	_	_	linguistic	_	none	_	End=79.38	2x1	_	_	_
43-0	BOI070	43	43	0	hai	hai	_	_	_	_	_	linguistic	_	none	_	Begin=80.585	_	_	_	_
43-1	BOI070	43	43	1	magari	magari	_	_	_	_	_	linguistic	_	none	_	_	_	_	_	_
43-2	BOI070	43	43	2	fondato:	fondato	_	_	_	_	_	linguistic	_	none	_	End=82.068	6x1	_	_	_
44-0	BOI070	44	44	0	hai	hai	_	_	_	_	_	linguistic	_	none	_	Begin=82.659	_	_	_	_
44-1	BOI070	44	44	1	creato	creato	_	_	_	_	_	linguistic	_	none	_	_	_	_	_	_
44-2	BOI070	44	44	2	delle	delle	_	_	_	_	_	linguistic	_	none	_	_	_	_	_	_
44-3	BOI070	44	44	3	basi	basi	_	_	_	_	_	linguistic	_	none	_	End=83.851	_	_	_	_
45-0	BOR021	45	45	0	cert[o]	certo	_	_	_	_	_	linguistic	_	none	_	Begin=84.234|End=84.606	_	_	_	4-5(13)
46-0	BOI070	46	46	0	[di]	di	_	_	_	_	_	linguistic	_	none	_	Begin=84.563	_	_	_	0-2(13)
46-1	BOI070	46	46	1	personalità	personalità	_	_	_	_	_	linguistic	_	none	_	End=85.309	_	_	_	_
47-0	BOR021	47	47	0	poi	poi	_	_	_	_	_	linguistic	_	none	_	Begin=85.691	_	_	_	_
47-1	BOR021	47	47	1	ti	ti	_	_	_	_	_	linguistic	_	none	_	_	_	_	_	_
47-2	BOR021	47	47	2	r[ispecchia]	rispecchia	_	_	_	_	_	linguistic	_	none	_	_	_	_	_	1-10(14)
47-3	BOR021	47	47	3	anche	anche	_	_	_	_	_	linguistic	_	none	_	_	_	_	_	_
47-4	BOR021	47	47	4	ma[gari].	magari	_	_	_	_	_	linguistic	_	none	Intonation=Falling	End=87.23	_	_	_	2-6(15)
48-0	BOI070	48	48	0	[adulta]	adulta	_	_	_	_	_	linguistic	_	none	_	Begin=85.84|End=86.425	_	_	_	0-6(14)
49-0	BOI070	49	49	0	[sì]	sì	_	_	_	_	_	linguistic	_	none	_	Begin=86.882|End=87.234	_	_	_	0-2(15)
50-0	BOI070	50	50	0	in	in	_	_	_	_	_	linguistic	_	none	_	Begin=87.521	_	_	_	_
50-1	BOI070	50	50	1	un	un	_	_	_	_	_	linguistic	_	none	_	_	_	_	_	_
50-2	BOI070	50	50	2	certo	certo	_	_	_	_	_	linguistic	_	none	_	_	_	_	_	_
50-3	BOI070	50	50	3	senso	senso	_	_	_	_	_	linguistic	_	none	_	_	_	_	_	_
50-4	BOI070	50	50	4	si	si	_	_	_	_	_	linguistic	_	none	_	_	_	_	_	_
50-5	BOI070	50	50	5	può	può	_	_	_	_	_	linguistic	_	none	_	_	_	_	_	_
50-6	BOI070	50	50	6	anche	anche	_	_	_	_	_	linguistic	_	none	_	_	_	_	_	_
50-7	BOI070	50	50	7	dire	dire	_	_	_	_	_	linguistic	_	none	_	_	_	_	_	_
50-8	BOI070	50	50	8	perché	perché	_	_	_	_	_	linguistic	_	none	_	End=89.489	_	_	_	_
51-0	BOI070	51	51	0	(ma)	ma	_	_	_	_	_	linguistic	_	none	_	Begin=89.734	_	_	0-2(0)	_
51-1	BOI070	51	51	1	a	a	_	_	_	_	_	linguistic	_	none	_	_	_	_	_	_
51-2	BOI070	51	51	2	volte	volte	_	_	_	_	_	linguistic	_	none	_	_	_	_	_	_
51-3	BOI070	51	51	3	magari	magari	_	_	_	_	_	linguistic	_	none	_	_	_	_	_	_
51-4	BOI070	51	51	4	c'	c'	_	_	_	_	_	linguistic	_	none	SpaceAfter=No	_	_	_	_	_
51-5	BOI070	51	51	5	è	è	_	_	_	_	_	linguistic	_	none	_	_	_	_	_	_
51-6	BOI070	51	51	6	anche	anche	_	_	_	_	_	linguistic	_	none	_	_	_	_	_	_
51-7	BOI070	51	51	7	il	il	_	_	_	_	_	linguistic	_	none	_	_	_	_	_	_
51-8	BOI070	51	51	8	detto	detto	_	_	_	_	_	linguistic	_	none	_	_	_	_	_	_
51-9	BOI070	51	51	9	no?	no	_	_	_	_	_	linguistic	_	none	Intonation=Rising	End=91.528	_	_	_	_
52-0	BOI070	52	52	0	che	che	_	_	_	_	_	linguistic	_	none	_	Begin=91.936	_	_	_	_
52-1	BOI070	52	52	1	da:	da	_	_	_	_	_	linguistic	_	none	_	_	1x1	_	_	_
52-2	BOI070	52	52	2	da	da	_	_	_	_	_	linguistic	_	none	_	_	_	_	_	_
52-3	BOI070	52	52	3	dove	dove	_	_	_	_	_	linguistic	_	none	_	_	_	_	_	_
52-4	BOI070	52	52	4	provieni	provieni	_	_	_	_	_	linguistic	_	none	PauseAfter=Yes	_	_	_	_	_
52-5	BOI070	52	52	5	(.)	(.)	_	_	_	_	_	shortpause	_	none	_	_	_	_	_	_
52-6	BOI070	52	52	6	poi	poi	_	_	_	_	_	linguistic	_	none	_	_	_	_	_	_
52-7	BOI070	52	52	7	ritorni	ritorni	_	_	_	_	_	linguistic	_	none	_	_	_	_	_	_
52-8	BOI070	52	52	8	no?	no	_	_	_	_	_	linguistic	_	none	Intonation=Rising	End=94.287	_	_	_	_
53-0	BOI070	53	53	0	e::	e	_	_	_	_	_	linguistic	_	none	_	Begin=95.159|End=95.691	0x2	_	_	_
54-0	BOI070	54	54	0	diciamo	diciamo	_	_	_	_	_	linguistic	_	none	_	Begin=96.255	_	_	_	_
54-1	BOI070	54	54	1	che	che	_	_	_	_	_	linguistic	_	none	_	_	_	_	_	_
54-2	BOI070	54	54	2	è	è	_	_	_	_	_	linguistic	_	none	_	_	_	_	_	_
54-3	BOI070	54	54	3	una	una	_	_	_	_	_	linguistic	_	none	_	_	_	_	_	_
54-4	BOI070	54	54	4	zona	zona	_	_	_	_	_	linguistic	_	none	_	_	_	_	_	_
54-5	BOI070	54	54	5	sì	sì	_	_	_	_	_	linguistic	_	none	PauseAfter=Yes	_	_	_	_	_
54-6	BOI070	54	54	6	(.)	(.)	_	_	_	_	_	shortpause	_	none	_	_	_	_	_	_
54-7	BOI070	54	54	7	e:h	eh	_	_	_	_	_	linguistic	_	none	_	_	0x1	_	_	_
54-8	BOI070	54	54	8	mh	mh	_	_	_	_	_	linguistic	_	none	PauseAfter=Yes	_	_	_	_	_
54-9	BOI070	54	54	9	(.)	(.)	_	_	_	_	_	shortpause	_	none	_	_	_	_	_	_
54-10	BOI070	54	54	10	ci	ci	_	_	_	_	_	linguistic	_	none	_	_	_	_	_	_
54-11	BOI070	54	54	11	sono	sono	_	_	_	_	_	linguistic	_	none	_	_	_	_	_	_
54-12	BOI070	54	54	12	cresciuto:,	cresciuto	_	_	_	_	_	linguistic	_	none	Intonation=WeaklyRising	End=99.5	8x1	_	_	_
55-0	BOI070	55	55	0	e:h	eh	_	_	_	_	_	linguistic	_	none	PauseAfter=Yes	Begin=100.21	0x1	_	_	_
55-1	BOI070	55	55	1	(.)	(.)	_	_	_	_	_	shortpause	_	none	_	_	_	_	_	_
55-2	BOI070	55	55	2	ci	ci	_	_	_	_	_	linguistic	_	none	_	_	_	_	_	_
55-3	BOI070	55	55	3	sono	sono	_	_	_	_	_	linguistic	_	none	_	_	_	_	_	_
55-4	BOI070	55	55	4	anche	anche	_	_	_	_	_	linguistic	_	none	PauseAfter=Yes	_	_	_	_	_
55-5	BOI070	55	55	5	(.)	(.)	_	_	_	_	_	shortpause	_	none	_	_	_	_	_	_
55-6	BOI070	55	55	6	>tra	tra	_	_	_	_	_	linguistic	_	none	_	_	_	Fast=0-3(0)	_	_
55-7	BOI070	55	55	7	virgolette<	virgolette	_	_	_	_	_	linguistic	_	none	_	_	_	Fast=0-10(0)	_	_
55-8	BOI070	55	55	8	mezzo	mezzo	_	_	_	_	_	linguistic	_	none	_	_	_	_	_	_
55-9	BOI070	55	55	9	nato	nato	_	_	_	_	_	linguistic	_	none	_	_	_	_	_	_
55-10	BOI070	55	55	10	perché	perché	_	_	_	_	_	linguistic	_	none	_	_	_	_	_	_
55-11	BOI070	55	55	11	comunque	comunque	_	_	_	_	_	linguistic	_	none	_	_	_	_	_	_
55-12	BOI070	55	55	12	sono	sono	_	_	_	_	_	linguistic	_	none	_	_	_	_	_	_
55-13	BOI070	55	55	13	imolese	imolese	_	_	_	_	_	linguistic	_	none	_	End=104.187	_	_	_	_
56-0	BOI070	56	56	0	poi	poi	_	_	_	_	_	linguistic	_	none	_	Begin=104.296	_	_	_	_
56-1	BOI070	56	56	1	mi	mi	_	_	_	_	_	linguistic	_	none	_	_	_	_	_	_
56-2	BOI070	56	56	2	sono	sono	_	_	_	_	_	linguistic	_	none	_	_	_	_	_	_
56-3	BOI070	56	56	3	trasferito	trasferito	_	_	_	_	_	linguistic	_	none	_	_	_	_	_	_
56-4	BOI070	56	56	4	direttamente	direttamente	_	_	_	_	_	linguistic	_	none	_	_	_	_	_	_
56-5	BOI070	56	56	5	a	a	_	_	_	_	_	linguistic	_	none	_	_	_	_	_	_
56-6	BOI070	56	56	6	san	san	_	_	_	_	_	linguistic	_	none	_	_	_	_	_	_
56-7	BOI070	56	56	7	vitale	vitale	_	_	_	_	_	linguistic	_	none	_	_	_	_	_	_
56-8	BOI070	56	56	8	bologna	bologna	_	_	_	_	_	linguistic	_	none	_	End=106.893	_	_	_	_
57-0	BOI070	57	57	0	e::	e	_	_	_	_	_	linguistic	_	none	_	Begin=107.606|End=108.372	0x2	_	_	_
58-0	BOI070	58	58	0	però	però	_	_	_	_	_	linguistic	_	none	_	Begin=108.5	_	_	_	_
58-1	BOI070	58	58	1	non	non	_	_	_	_	_	linguistic	_	none	_	_	_	_	_	_
58-2	BOI070	58	58	2	ci	ci	_	_	_	_	_	linguistic	_	none	_	_	_	_	_	_
58-3	BOI070	58	58	3	farei	farei	_	_	_	_	_	linguistic	_	none	_	_	_	_	_	_
58-4	BOI070	58	58	4	tutta	tutta	_	_	_	_	_	linguistic	_	none	_	_	_	_	_	_
58-5	BOI070	58	58	5	la	la	_	_	_	_	_	linguistic	_	none	_	_	_	_	_	_
58-6	BOI070	58	58	6	mia	mia	_	_	_	_	_	linguistic	_	none	_	_	_	_	_	_
58-7	BOI070	58	58	7	vita	vita	_	_	_	_	_	linguistic	_	none	_	_	_	_	_	_
58-8	BOI070	58	58	8	intera	intera	_	_	_	_	_	linguistic	_	none	_	_	_	_	_	_
58-9	BOI070	58	58	9	ecco	ecco	_	_	_	_	_	linguistic	_	none	_	End=110.67	_	_	_	_
59-0	BOI070	59	59	0	chiaramente	chiaramente	_	_	_	_	_	linguistic	_	none	_	Begin=110.808|End=111.393	_	_	_	_
60-0	BOI070	60	60	0	arriva::	arriva	_	_	_	_	_	linguistic	_	none	_	Begin=111.776	5x2	_	_	_
60-1	BOI070	60	60	1	un	un	_	_	_	_	_	linguistic	_	none	_	End=112.946	_	_	_	_
61-0	BOI070	61	61	0	a	a	_	_	_	_	_	linguistic	_	none	_	Begin=113.265	_	_	_	_
61-1	BOI070	61	61	1	un'	un'	_	_	_	_	_	linguistic	_	none	SpaceAfter=No	_	_	_	_	_
61-2	BOI070	61	61	2	età	età	_	_	_	_	_	linguistic	_	none	_	_	_	_	_	_
61-3	BOI070	61	61	3	nella	nella	_	_	_	_	_	linguistic	_	none	_	_	_	_	_	_
61-4	BOI070	61	61	4	vita	vita	_	_	_	_	_	linguistic	_	none	_	_	_	_	_	_
61-5	BOI070	61	61	5	dove	dove	_	_	_	_	_	linguistic	_	none	_	_	_	_	_	_
61-6	BOI070	61	61	6	comunque:	comunque	_	_	_	_	_	linguistic	_	none	_	_	7x1	_	_	_
61-7	BOI070	61	61	7	cerchi:	cerchi	_	_	_	_	_	linguistic	_	none	_	_	5x1	_	_	_
61-8	BOI070	61	61	8	qualcosa	qualcosa	_	_	_	_	_	linguistic	_	none	_	_	_	_	_	_
61-9	BOI070	61	61	9	di	di	_	_	_	_	_	linguistic	_	none	_	_	_	_	_	_
61-10	BOI070	61	61	10	nuovo	nuovo	_	_	_	_	_	linguistic	_	none	_	_	_	_	_	_
61-11	BOI070	61	61	11	cerchi	cerchi	_	_	_	_	_	linguistic	_	none	_	_	_	_	_	_
61-12	BOI070	61	61	12	una	una	_	_	_	_	_	linguistic	_	none	_	_	_	_	_	_
61-13	BOI070	61	61	13	zona	zona	_	_	_	_	_	linguistic	_	none	_	_	_	_	_	_
61-14	BOI070	61	61	14	nuova	nuova	_	_	_	_	_	linguistic	_	none	_	_	_	_	_	_
61-15	BOI070	61	61	15	un	un	_	_	_	_	_	linguistic	_	none	_	_	_	_	_	_
61-16	BOI070	61	61	16	posto	posto	_	_	_	_	_	linguistic	_	none	_	_	_	_	_	_
61-17	BOI070	61	61	17	nuovo	nuovo	_	_	_	_	_	linguistic	_	none	_	End=118.32	_	_	_	_
62-0	BOI070	62	62	0	noi	noi	_	_	_	_	_	linguistic	_	none	PauseAfter=Yes	Begin=118.776	_	_	_	_
62-1	BOI070	62	62	1	(.)	(.)	_	_	_	_	_	shortpause	_	none	_	_	_	_	_	_
62-2	BOI070	62	62	2	parliamo	parliamo	_	_	_	_	_	linguistic	_	none	_	_	_	_	_	_
62-3	BOI070	62	62	3	molto::	molto	_	_	_	_	_	linguistic	_	none	_	_	4x2	_	_	_
62-4	BOI070	62	62	4	>in	in	_	_	_	_	_	linguistic	_	none	_	_	_	Fast=0-2(0)	_	_
62-5	BOI070	62	62	5	questo	questo	_	_	_	_	_	linguistic	_	none	_	_	_	Fast=0-6(0)	_	_
62-6	BOI070	62	62	6	modo	modo	_	_	_	_	_	linguistic	_	none	_	_	_	Fast=0-4(0)	_	_
62-7	BOI070	62	62	7	qua<	qua	_	_	_	_	_	linguistic	_	none	_	_	_	Fast=0-3(0)	_	_
62-8	BOI070	62	62	8	a	a	_	_	_	_	_	linguistic	_	none	_	_	_	_	_	_
62-9	BOI070	62	62	9	zona::	zona	_	_	_	_	_	linguistic	_	none	_	End=121.772	3x2	_	_	_
63-0	BOR021	63	63	0	è	è	_	_	_	_	_	linguistic	_	none	_	Begin=121.978	_	_	_	_
63-1	BOR021	63	63	1	[vero]	vero	_	_	_	_	_	linguistic	_	none	_	End=122.553	_	_	_	0-4(18)
64-0	BOI070	64	64	0	[così	così	_	_	_	_	_	linguistic	_	none	_	Begin=122.148	_	_	_	0-4(18)
64-1	BOI070	64	64	1	pe]rché	perché	_	_	_	_	_	linguistic	_	none	_	End=122.914	_	_	_	0-2(18)
65-0	BOR021	65	65	0	qu[artie]re,	quartiere	_	_	_	_	_	linguistic	_	none	Intonation=WeaklyRising	Begin=123.574|End=124.372	_	_	_	2-7(19)
66-0	BOI070	66	66	0	[(>appunto<)]	appunto	_	_	_	_	_	linguistic	_	none	_	Begin=123.67|End=124.106	_	Fast=0-7(0)	0-7(0)	0-7(19)
67-0	BOI070	67	67	0	esatto	esatto	_	_	_	_	_	linguistic	_	none	_	Begin=124.457	_	_	_	_
67-1	BOI070	67	67	1	quartiere	quartiere	_	_	_	_	_	linguistic	_	none	_	_	_	_	_	_
67-2	BOI070	67	67	2	(che)	che	_	_	_	_	_	linguistic	_	none	_	End=125.726	_	_	0-3(0)	_
68-0	BOI070	68	68	0	noi	noi	_	_	_	_	_	linguistic	_	none	_	Begin=126.021	_	_	_	_
68-1	BOI070	68	68	1	di	di	_	_	_	_	_	linguistic	_	none	_	_	_	_	_	_
68-2	BOI070	68	68	2	bologna:	bologna	_	_	_	_	_	linguistic	_	none	_	_	6x1	_	_	_
68-3	BOI070	68	68	3	essendo	essendo	_	_	_	_	_	linguistic	_	none	_	_	_	_	_	_
68-4	BOI070	68	68	4	di	di	_	_	_	_	_	linguistic	_	none	_	_	_	_	_	_
68-5	BOI070	68	68	5	bologna	bologna	_	_	_	_	_	linguistic	_	none	_	_	_	_	_	_
68-6	BOI070	68	68	6	appunto	appunto	_	_	_	_	_	linguistic	_	none	_	_	_	_	_	_
68-7	BOI070	68	68	7	usiamo	usiamo	_	_	_	_	_	linguistic	_	none	_	_	_	_	_	_
68-8	BOI070	68	68	8	molto	molto	_	_	_	_	_	linguistic	_	none	_	_	_	_	_	_
68-9	BOI070	68	68	9	zona	zona	_	_	_	_	_	linguistic	_	none	_	End=129.351	_	_	_	_
69-0	BOI070	69	69	0	e::	e	_	_	_	_	_	linguistic	_	none	_	Begin=130.255|End=131.095	0x2	_	_	_
70-0	BOI070	70	70	0	anche	anche	_	_	_	_	_	linguistic	_	none	_	Begin=131.191	_	_	_	_
70-1	BOI070	70	70	1	perché	perché	_	_	_	_	_	linguistic	_	none	_	_	_	_	_	_
70-2	BOI070	70	70	2	comunque	comunque	_	_	_	_	_	linguistic	_	none	_	End=132.148	_	_	_	_
71-0	BOI070	71	71	0	bologna	bologna	_	_	_	_	_	linguistic	_	none	_	Begin=132.393	_	_	_	_
71-1	BOI070	71	71	1	non	non	_	_	_	_	_	linguistic	_	none	_	_	_	_	_	_
71-2	BOI070	71	71	2	è	è	_	_	_	_	_	linguistic	_	none	_	_	_	_	_	_
71-3	BOI070	71	71	3	piccolissima	piccolissima	_	_	_	_	_	linguistic	_	none	_	_	_	_	_	_
71-4	BOI070	71	71	4	(la)	la	_	_	_	_	_	linguistic	_	none	_	_	_	_	0-2(0)	_
71-5	BOI070	71	71	5	[città]	città	_	_	_	_	_	linguistic	_	none	_	End=134.351	_	_	_	0-5(23)
72-0	BOR021	72	72	0	[xx]xx	xxxx	_	_	_	_	_	unknown	_	none	Syllables=4	Begin=133.904|End=134.617	_	_	_	0-2(23)
73-0	BOI070	73	73	0	media	media	_	_	_	_	_	linguistic	_	none	_	Begin=134.765	_	_	_	_
73-1	BOI070	73	73	1	in	in	_	_	_	_	_	linguistic	_	none	_	_	_	_	_	_
73-2	BOI070	73	73	2	un	un	_	_	_	_	_	linguistic	_	none	_	_	_	_	_	_
73-3	BOI070	73	73	3	certo	certo	_	_	_	_	_	linguistic	_	none	_	_	_	_	_	_
73-4	BOI070	73	73	4	senso	senso	_	_	_	_	_	linguistic	_	none	_	_	_	_	_	_
73-5	BOI070	73	73	5	non	non	_	_	_	_	_	linguistic	_	none	_	_	_	_	_	_
73-6	BOI070	73	73	6	è	è	_	_	_	_	_	linguistic	_	none	_	_	_	_	_	_
73-7	BOI070	73	73	7	>come	come	_	_	_	_	_	linguistic	_	none	_	_	_	Fast=0-4(0)	_	_
73-8	BOI070	73	73	8	neanche<	neanche	_	_	_	_	_	linguistic	_	none	_	_	_	Fast=0-7(0)	_	_
73-9	BOI070	73	73	9	milano	milano	_	_	_	_	_	linguistic	_	none	_	End=136.861	_	_	_	_
74-0	BOI070	74	74	0	però	però	_	_	_	_	_	linguistic	_	none	_	Begin=137.18	_	_	_	_
74-1	BOI070	74	74	1	comunque:	comunque	_	_	_	_	_	linguistic	_	none	_	_	7x1	_	_	_
74-2	BOI070	74	74	2	è	è	_	_	_	_	_	linguistic	_	none	_	_	_	_	_	_
74-3	BOI070	74	74	3	piccolina	piccolina	_	_	_	_	_	linguistic	_	none	_	End=138.585	_	_	_	_
75-0	BOI070	75	75	0	e	e	_	_	_	_	_	linguistic	_	none	_	Begin=139.095	_	_	_	_
75-1	BOI070	75	75	1	noi	noi	_	_	_	_	_	linguistic	_	none	_	_	_	_	_	_
75-2	BOI070	75	75	2	tra::	tra	_	_	_	_	_	linguistic	_	none	_	_	2x2	_	_	_
75-3	BOI070	75	75	3	tra	tra	_	_	_	_	_	linguistic	_	none	_	_	_	_	_	_
75-4	BOI070	75	75	4	noi	noi	_	_	_	_	_	linguistic	_	none	_	_	_	_	_	_
75-5	BOI070	75	75	5	bolognesi	bolognesi	_	_	_	_	_	linguistic	_	none	_	_	_	_	_	_
75-6	BOI070	75	75	6	tra	tra	_	_	_	_	_	linguistic	_	none	_	_	_	_	_	_
75-7	BOI070	75	75	7	persone	persone	_	_	_	_	_	linguistic	_	none	_	_	_	_	_	_
75-8	BOI070	75	75	8	che	che	_	_	_	_	_	linguistic	_	none	_	_	_	_	_	_
75-9	BOI070	75	75	9	magari	magari	_	_	_	_	_	linguistic	_	none	_	_	_	_	_	_
75-10	BOI070	75	75	10	vengono	vengono	_	_	_	_	_	linguistic	_	none	_	_	_	_	_	_
75-11	BOI070	75	75	11	da	da	_	_	_	_	_	linguistic	_	none	_	_	_	_	_	_
75-12	BOI070	75	75	12	altre	altre	_	_	_	_	_	linguistic	_	none	_	_	_	_	_	_
75-13	BOI070	75	75	13	zone	zone	_	_	_	_	_	linguistic	_	none	_	_	_	_	_	_
75-14	BOI070	75	75	14	perché	perché	_	_	_	_	_	linguistic	_	none	_	_	_	_	_	_
75-15	BOI070	75	75	15	c'	c'	_	_	_	_	_	linguistic	_	none	SpaceAfter=No	_	_	_	_	_
75-16	BOI070	75	75	16	è	è	_	_	_	_	_	linguistic	_	none	_	_	_	_	_	_
75-17	BOI070	75	75	17	zona:	zona	_	_	_	_	_	linguistic	_	none	_	_	3x1	_	_	_
75-18	BOI070	75	75	18	san	san	_	_	_	_	_	linguistic	_	none	_	_	_	_	_	_
75-19	BOI070	75	75	19	vitale	vitale	_	_	_	_	_	linguistic	_	none	_	End=144.585	_	_	_	_
76-0	BOI070	76	76	0	zona	zona	_	_	_	_	_	linguistic	_	none	_	Begin=145.159	_	_	_	_
76-1	BOI070	76	76	1	san	san	_	_	_	_	_	linguistic	_	none	_	_	_	_	_	_
76-2	BOI070	76	76	2	donato	donato	_	_	_	_	_	linguistic	_	none	_	_	_	_	_	_
76-3	BOI070	76	76	3	m:h	mh	_	_	_	_	_	linguistic	_	none	_	End=146.404	0x1	_	_	_
77-0	BOI070	77	77	0	zona	zona	_	_	_	_	_	linguistic	_	none	_	Begin=146.861	_	_	_	_
77-1	BOI070	77	77	1	mazzini	mazzini	_	_	_	_	_	linguistic	_	none	_	End=147.797	_	_	_	_
78-0	BOI070	78	78	0	eh	eh	_	_	_	_	_	linguistic	_	none	_	Begin=148.319	_	_	_	_
78-1	BOI070	78	78	1	zona	zona	_	_	_	_	_	linguistic	_	none	_	_	_	_	_	_
78-2	BOI070	78	78	2	san	san	_	_	_	_	_	linguistic	_	none	_	_	_	_	_	_
78-3	BOI070	78	78	3	lazzaro	lazzaro	_	_	_	_	_	linguistic	_	none	_	_	_	_	_	_
78-4	BOI070	78	78	4	che	che	_	_	_	_	_	linguistic	_	none	_	_	_	_	_	_
78-5	BOI070	78	78	5	comunque	comunque	_	_	_	_	_	linguistic	_	none	PauseAfter=Yes	_	_	_	_	_
78-6	BOI070	78	78	6	(.)	(.)	_	_	_	_	_	shortpause	_	none	_	_	_	_	_	_
78-7	BOI070	78	78	7	non	non	_	_	_	_	_	linguistic	_	none	_	_	_	_	_	_
78-8	BOI070	78	78	8	è	è	_	_	_	_	_	linguistic	_	none	_	_	_	_	_	_
78-9	BOI070	78	78	9	molto	molto	_	_	_	_	_	linguistic	_	none	_	End=151.191	_	_	_	_
79-0	BOI070	79	79	0	e:h	eh	_	_	_	_	_	linguistic	_	none	_	Begin=151.734	0x1	_	_	_
79-1	BOI070	79	79	1	diffusa::	diffusa	_	_	_	_	_	linguistic	_	none	PauseAfter=Yes	_	6x2	_	_	_
79-2	BOI070	79	79	2	(.)	(.)	_	_	_	_	_	shortpause	_	none	_	_	_	_	_	_
79-3	BOI070	79	79	3	zona	zona	_	_	_	_	_	linguistic	_	none	_	_	_	_	_	_
79-4	BOI070	79	79	4	san	san	_	_	_	_	_	linguistic	_	none	_	_	_	_	_	_
79-5	BOI070	79	79	5	lazzaro	lazzaro	_	_	_	_	_	linguistic	_	none	_	_	_	_	_	_
79-6	BOI070	79	79	6	in	in	_	_	_	_	_	linguistic	_	none	_	_	_	_	_	_
79-7	BOI070	79	79	7	un	un	_	_	_	_	_	linguistic	_	none	_	_	_	_	_	_
79-8	BOI070	79	79	8	certo	certo	_	_	_	_	_	linguistic	_	none	_	_	_	_	_	_
79-9	BOI070	79	79	9	sen[so	senso	_	_	_	_	_	linguistic	_	none	_	_	_	_	_	3-5(26)
79-10	BOI070	79	79	10	cioè]	cioè	_	_	_	_	_	linguistic	_	none	_	End=154.954	_	_	_	0-4(26)
80-0	BOR021	80	80	0	[mhmh]	mhmh	_	_	_	_	_	linguistic	_	none	_	Begin=154.659|End=154.957	_	_	_	0-4(26)
81-0	BOI070	81	81	0	più	più	_	_	_	_	_	linguistic	_	none	_	Begin=155.144	_	_	_	_
81-1	BOI070	81	81	1	si	si	_	_	_	_	_	linguistic	_	none	_	_	_	_	_	_
81-2	BOI070	81	81	2	dice	dice	_	_	_	_	_	linguistic	_	none	_	_	_	_	_	_
81-3	BOI070	81	81	3	più	più	_	_	_	_	_	linguistic	_	none	_	_	_	_	_	_
81-4	BOI070	81	81	4	san	san	_	_	_	_	_	linguistic	_	none	_	_	_	_	_	_
81-5	BOI070	81	81	5	lazzo	lazzo	_	_	_	_	_	linguistic	_	none	_	_	_	_	_	_
81-6	BOI070	81	81	6	o	o	_	_	_	_	_	linguistic	_	none	_	_	_	_	_	_
81-7	BOI070	81	81	7	sanna	sanna	_	_	_	_	_	linguistic	_	none	_	End=157.081	_	_	_	_
82-0	BOI070	82	82	0	>sanna	sanna	_	_	_	_	_	linguistic	_	none	_	Begin=157.595	_	Fast=0-5(0)	_	_
82-1	BOI070	82	82	1	che	che	_	_	_	_	_	linguistic	_	none	_	_	_	Fast=0-3(0)	_	_
82-2	BOI070	82	82	2	sarebbe<	sarebbe	_	_	_	_	_	linguistic	_	none	_	_	_	Fast=0-7(0)	_	_
82-3	BOI070	82	82	3	(san	san	_	_	_	_	_	linguistic	_	none	_	_	_	_	0-3(0)	_
82-4	BOI070	82	82	4	la	la	_	_	_	_	_	linguistic	_	none	_	_	_	_	0-2(0)	_
82-5	BOI070	82	82	5	sanla)	sanla	_	_	_	_	_	linguistic	_	none	PauseAfter=Yes	_	_	_	0-5(0)	_
82-6	BOI070	82	82	6	(.)	(.)	_	_	_	_	_	shortpause	_	none	_	_	_	_	_	_
82-7	BOI070	82	82	7	sarebbe	sarebbe	_	_	_	_	_	linguistic	_	none	_	End=159.925	_	_	_	_
83-0	BOI070	83	83	0	quindi::	quindi	_	_	_	_	_	linguistic	_	none	_	Begin=160.468|End=161.095	5x2	_	_	_
84-0	BOI070	84	84	0	è	è	_	_	_	_	_	linguistic	_	none	_	Begin=161.436	_	_	_	_
84-1	BOI070	84	84	1	un	un	_	_	_	_	_	linguistic	_	none	_	_	_	_	_	_
84-2	BOI070	84	84	2	po'	po'	_	_	_	_	_	linguistic	_	none	_	_	_	_	_	_
84-3	BOI070	84	84	3	diffusa:	diffusa	_	_	_	_	_	linguistic	_	none	_	_	6x1	_	_	_
84-4	BOI070	84	84	4	la	la	_	_	_	_	_	linguistic	_	none	_	_	_	_	_	_
84-5	BOI070	84	84	5	parola	parola	_	_	_	_	_	linguistic	_	none	_	_	_	_	_	_
84-6	BOI070	84	84	6	zona	zona	_	_	_	_	_	linguistic	_	none	_	_	_	_	_	_
84-7	BOI070	84	84	7	che:	che	_	_	_	_	_	linguistic	_	none	_	_	2x1	_	_	_
84-8	BOI070	84	84	8	mh	mh	_	_	_	_	_	linguistic	_	none	PauseAfter=Yes	_	_	_	_	_
84-9	BOI070	84	84	9	(.)	(.)	_	_	_	_	_	shortpause	_	none	_	_	_	_	_	_
84-10	BOI070	84	84	10	la	la	_	_	_	_	_	linguistic	_	none	_	_	_	_	_	_
84-11	BOI070	84	84	11	(parola)	parola	_	_	_	_	_	linguistic	_	none	_	_	_	_	0-6(0)	_
84-12	BOI070	84	84	12	xxx	xxx	_	_	_	_	_	unknown	_	none	Syllables=3	_	_	_	_	_
84-13	BOI070	84	84	13	del	del	_	_	_	_	_	linguistic	_	none	_	_	_	_	_	_
84-14	BOI070	84	84	14	quartiere	quartiere	_	_	_	_	_	linguistic	_	none	_	_	_	_	_	_
84-15	BOI070	84	84	15	no?	no	_	_	_	_	_	linguistic	_	none	Intonation=Rising	End=165.425	_	_	_	_
85-0	BOR021	85	85	0	quindi	quindi	_	_	_	_	_	linguistic	_	none	_	Begin=165.776	_	_	_	_
85-1	BOR021	85	85	1	vorresti	vorresti	_	_	_	_	_	linguistic	_	none	_	_	_	_	_	_
85-2	BOR021	85	85	2	fare	fare	_	_	_	_	_	linguistic	_	none	_	_	_	_	_	_
85-3	BOR021	85	85	3	più::	più	_	_	_	_	_	linguistic	_	none	PauseAfter=Yes	_	2x2	_	_	_
85-4	BOR021	85	85	4	(.)	(.)	_	_	_	_	_	shortpause	_	none	_	_	_	_	_	_
85-5	BOR021	85	85	5	esperienza	esperienza	_	_	_	_	_	linguistic	_	none	_	_	_	_	_	_
85-6	BOR021	85	85	6	poi	poi	_	_	_	_	_	linguistic	_	none	_	_	_	_	_	_
85-7	BOR021	85	85	7	fuori,	fuori	_	_	_	_	_	linguistic	_	none	Intonation=WeaklyRising	End=168.54	_	_	_	_
86-0	BOI070	86	86	0	beh	beh	_	_	_	_	_	linguistic	_	none	_	Begin=169.053	_	_	_	_
86-1	BOI070	86	86	1	si	si	_	_	_	_	_	linguistic	_	none	_	_	_	_	_	_
86-2	BOI070	86	86	2	quando	quando	_	_	_	_	_	linguistic	_	none	_	_	_	_	_	_
86-3	BOI070	86	86	3	cresci	cresci	_	_	_	_	_	linguistic	_	none	_	_	_	_	_	_
86-4	BOI070	86	86	4	in	in	_	_	_	_	_	linguistic	_	none	_	_	_	_	_	_
86-5	BOI070	86	86	5	un	un	_	_	_	_	_	linguistic	_	none	_	_	_	_	_	_
86-6	BOI070	86	86	6	quartiere	quartiere	_	_	_	_	_	linguistic	_	none	_	_	_	_	_	_
86-7	BOI070	86	86	7	di	di	_	_	_	_	_	linguistic	_	none	_	_	_	_	_	_
86-8	BOI070	86	86	8	una	una	_	_	_	_	_	linguistic	_	none	_	_	_	_	_	_
86-9	BOI070	86	86	9	zona	zona	_	_	_	_	_	linguistic	_	none	_	_	_	_	_	_
86-10	BOI070	86	86	10	appunto	appunto	_	_	_	_	_	linguistic	_	none	_	End=172.154	_	_	_	_
87-0	BOI070	87	87	0	la	la	_	_	_	_	_	linguistic	_	none	_	Begin=172.68	_	_	_	_
87-1	BOI070	87	87	1	parola	parola	_	_	_	_	_	linguistic	_	none	_	_	_	_	_	_
87-2	BOI070	87	87	2	in	in	_	_	_	_	_	linguistic	_	none	_	_	_	_	_	_
87-3	BOI070	87	87	3	SE'	se'	_	_	_	_	_	linguistic	_	none	Truncated=Yes|PauseAfter=Yes|Volume=high	_	_	_	_	_
87-4	BOI070	87	87	4	(.)	(.)	_	_	_	_	_	shortpause	_	none	_	_	_	_	_	_
87-5	BOI070	87	87	5	ti	ti	_	_	_	_	_	linguistic	_	none	_	_	_	_	_	_
87-6	BOI070	87	87	6	comunica	comunica	_	_	_	_	_	linguistic	_	none	_	_	_	_	_	_
87-7	BOI070	87	87	7	poi	poi	_	_	_	_	_	linguistic	_	none	_	_	_	_	_	_
87-8	BOI070	87	87	8	questa	questa	_	_	_	_	_	linguistic	_	none	_	_	_	_	_	_
87-9	BOI070	87	87	9	cosa	cosa	_	_	_	_	_	linguistic	_	none	_	_	_	_	_	_
87-10	BOI070	87	87	10	perché	perché	_	_	_	_	_	linguistic	_	none	_	_	_	_	_	_
87-11	BOI070	87	87	11	[nessuno	nessuno	_	_	_	_	_	linguistic	_	none	_	_	_	_	_	0-7(27)
87-12	BOI070	87	87	12	la]	la	_	_	_	_	_	linguistic	_	none	_	_	_	_	_	0-2(27)
87-13	BOI070	87	87	13	xxx	xxx	_	_	_	_	_	unknown	_	none	Syllables=3	End=176.553	_	_	_	_
88-0	BOR021	88	88	0	[certo	certo	_	_	_	_	_	linguistic	_	none	_	Begin=175.382	_	_	_	0-5(27)
88-1	BOR021	88	88	1	è	è	_	_	_	_	_	linguistic	_	none	_	_	_	_	_	0-1(27)
88-2	BOR021	88	88	2	vero]	vero	_	_	_	_	_	linguistic	_	none	_	End=176.042	_	_	_	0-4(27)
89-0	BOI070	89	89	0	cioè	cioè	_	_	_	_	_	linguistic	_	none	_	Begin=176.851	_	_	_	_
89-1	BOI070	89	89	1	zona:	zona	_	_	_	_	_	linguistic	_	none	_	_	3x1	_	_	_
89-2	BOI070	89	89	2	ehm	ehm	_	_	_	_	_	linguistic	_	none	_	End=178.042	_	_	_	_
90-0	BOI070	90	90	0	è	è	_	_	_	_	_	linguistic	_	none	_	Begin=178.425	_	_	_	_
90-1	BOI070	90	90	1	come	come	_	_	_	_	_	linguistic	_	none	_	_	_	_	_	_
90-2	BOI070	90	90	2	dire:	dire	_	_	_	_	_	linguistic	_	none	_	_	3x1	_	_	_
90-3	BOI070	90	90	3	zona	zona	_	_	_	_	_	linguistic	_	none	_	_	_	_	_	_
90-4	BOI070	90	90	4	ics	ics	_	_	_	_	_	linguistic	_	none	PauseAfter=Yes	_	_	_	_	_
90-5	BOI070	90	90	5	(.)	(.)	_	_	_	_	_	shortpause	_	none	_	_	_	_	_	_
90-6	BOI070	90	90	6	zona:	zona	_	_	_	_	_	linguistic	_	none	_	_	3x1	_	_	_
90-7	BOI070	90	90	7	quella	quella	_	_	_	_	_	linguistic	_	none	_	End=180.712	_	_	_	_
91-0	BOI070	91	91	0	no?	no	_	_	_	_	_	linguistic	_	none	Intonation=Rising	Begin=181.15|End=181.33	_	_	_	_
92-0	BOI070	92	92	0	è	è	_	_	_	_	_	linguistic	_	none	_	Begin=181.47	_	_	_	_
92-1	BOI070	92	92	1	come	come	_	_	_	_	_	linguistic	_	none	_	_	_	_	_	_
92-2	BOI070	92	92	2	se	se	_	_	_	_	_	linguistic	_	none	_	_	_	_	_	_
92-3	BOI070	92	92	3	fosse	fosse	_	_	_	_	_	linguistic	_	none	_	_	_	_	_	_
92-4	BOI070	92	92	4	un	un	_	_	_	_	_	linguistic	_	none	_	_	_	_	_	_
92-5	BOI070	92	92	5	reparto	reparto	_	_	_	_	_	linguistic	_	none	_	_	_	_	_	_
92-6	BOI070	92	92	6	in	in	_	_	_	_	_	linguistic	_	none	_	_	_	_	_	_
92-7	BOI070	92	92	7	un	un	_	_	_	_	_	linguistic	_	none	_	_	_	_	_	_
92-8	BOI070	92	92	8	certo	certo	_	_	_	_	_	linguistic	_	none	_	_	_	_	_	_
92-9	BOI070	92	92	9	senso	senso	_	_	_	_	_	linguistic	_	none	_	_	_	_	_	_
92-10	BOI070	92	92	10	no?	no	_	_	_	_	_	linguistic	_	none	Intonation=Rising	End=184.01	_	_	_	_
93-0	BOI070	93	93	0	quindi:	quindi	_	_	_	_	_	linguistic	_	none	_	Begin=184.69|End=185.21	5x1	_	_	_
94-0	BOI070	94	94	0	bologna	bologna	_	_	_	_	_	linguistic	_	none	_	Begin=185.63	_	_	_	_
94-1	BOI070	94	94	1	è	è	_	_	_	_	_	linguistic	_	none	_	_	_	_	_	_
94-2	BOI070	94	94	2	un	un	_	_	_	_	_	linguistic	_	none	_	_	_	_	_	_
94-3	BOI070	94	94	3	po'	po'	_	_	_	_	_	linguistic	_	none	_	_	_	_	_	_
94-4	BOI070	94	94	4	divisa	divisa	_	_	_	_	_	linguistic	_	none	_	_	_	_	_	_
94-5	BOI070	94	94	5	in	in	_	_	_	_	_	linguistic	_	none	_	_	_	_	_	_
94-6	BOI070	94	94	6	reparti	reparti	_	_	_	_	_	linguistic	_	none	_	_	_	_	_	_
94-7	BOI070	94	94	7	no?	no	_	_	_	_	_	linguistic	_	none	Intonation=Rising	End=187.405	_	_	_	_
95-0	BOI070	95	95	0	quindi	quindi	_	_	_	_	_	linguistic	_	none	_	Begin=187.83	_	_	_	_
95-1	BOI070	95	95	1	magari:	magari	_	_	_	_	_	linguistic	_	none	_	_	5x1	_	_	_
95-2	BOI070	95	95	2	c'	c'	_	_	_	_	_	linguistic	_	none	SpaceAfter=No	_	_	_	_	_
95-3	BOI070	95	95	3	è	è	_	_	_	_	_	linguistic	_	none	_	_	_	_	_	_
95-4	BOI070	95	95	4	zona	zona	_	_	_	_	_	linguistic	_	none	_	_	_	_	_	_
95-5	BOI070	95	95	5	quella	quella	_	_	_	_	_	linguistic	_	none	_	_	_	_	_	_
95-6	BOI070	95	95	6	zona	zona	_	_	_	_	_	linguistic	_	none	_	_	_	_	_	_
95-7	BOI070	95	95	7	quella	quella	_	_	_	_	_	linguistic	_	none	_	_	_	_	_	_
95-8	BOI070	95	95	8	quindi	quindi	_	_	_	_	_	linguistic	_	none	_	_	_	_	_	_
95-9	BOI070	95	95	9	sì	sì	_	_	_	_	_	linguistic	_	none	_	End=190.13	_	_	_	_
96-0	BOI070	96	96	0	la	la	_	_	_	_	_	linguistic	_	none	_	Begin=190.52	_	_	_	_
96-1	BOI070	96	96	1	parola	parola	_	_	_	_	_	linguistic	_	none	_	_	_	_	_	_
96-2	BOI070	96	96	2	poi	poi	_	_	_	_	_	linguistic	_	none	_	_	_	_	_	_
96-3	BOI070	96	96	3	ti	ti	_	_	_	_	_	linguistic	_	none	_	_	_	_	_	_
96-4	BOI070	96	96	4	spinge	spinge	_	_	_	_	_	linguistic	_	none	_	_	_	_	_	_
96-5	BOI070	96	96	5	(per)	per	_	_	_	_	_	linguistic	_	none	_	_	_	_	0-3(0)	_
96-6	BOI070	96	96	6	forza	forza	_	_	_	_	_	linguistic	_	none	_	_	_	_	_	_
96-7	BOI070	96	96	7	a	a	_	_	_	_	_	linguistic	_	none	_	_	_	_	_	_
96-8	BOI070	96	96	8	voler	voler	_	_	_	_	_	linguistic	_	none	_	_	_	_	_	_
96-9	BOI070	96	96	9	magari	magari	_	_	_	_	_	linguistic	_	none	_	_	_	_	_	_
96-10	BOI070	96	96	10	andare:	andare	_	_	_	_	_	linguistic	_	none	_	End=193.53	5x1	_	_	_
97-0	BOI070	97	97	0	fuori	fuori	_	_	_	_	_	linguistic	_	none	_	Begin=194.36	_	_	_	_
97-1	BOI070	97	97	1	fuori	fuori	_	_	_	_	_	linguistic	_	none	_	_	_	_	_	_
97-2	BOI070	97	97	2	xxx	xxx	_	_	_	_	_	unknown	_	none	PauseAfter=Yes|Syllables=3	_	_	_	_	_
97-3	BOI070	97	97	3	(.)	(.)	_	_	_	_	_	shortpause	_	none	_	_	_	_	_	_
97-4	BOI070	97	97	4	x	x	_	_	_	_	_	unknown	_	none	Syllables=1	_	_	_	_	_
97-5	BOI070	97	97	5	ti	ti	_	_	_	_	_	linguistic	_	none	_	_	_	_	_	_
97-6	BOI070	97	97	6	spingi	spingi	_	_	_	_	_	linguistic	_	none	_	_	_	_	_	_
97-7	BOI070	97	97	7	magari::	magari	_	_	_	_	_	linguistic	_	none	_	End=197.039	5x2	_	_	_
98-0	BOI070	98	98	0	e::hm	ehm	_	_	_	_	_	linguistic	_	none	_	Begin=197.812|End=198.546	0x2	_	_	_
99-0	BOI070	99	99	0	oltre:	oltre	_	_	_	_	_	linguistic	_	none	_	Begin=198.91	4x1	_	_	_
99-1	BOI070	99	99	1	appunto:	appunto	_	_	_	_	_	linguistic	_	none	_	End=200.32	6x1	_	_	_
100-0	BOI070	100	100	0	all'	all'	_	_	_	_	_	linguistic	_	none	SpaceAfter=No	Begin=200.87	_	_	_	_
100-1	BOI070	100	100	1	inizio	inizio	_	_	_	_	_	linguistic	_	none	PauseAfter=Yes	_	_	_	_	_
100-2	BOI070	100	100	2	(.)	(.)	_	_	_	_	_	shortpause	_	none	_	_	_	_	_	_
100-3	BOI070	100	100	3	magari	magari	_	_	_	_	_	linguistic	_	none	_	_	_	_	_	_
100-4	BOI070	100	100	4	quando	quando	_	_	_	_	_	linguistic	_	none	_	_	_	_	_	_
100-5	BOI070	100	100	5	cresci	cresci	_	_	_	_	_	linguistic	_	none	_	End=202.476	_	_	_	_
101-0	BOI070	101	101	0	all'	all'	_	_	_	_	_	linguistic	_	none	SpaceAfter=No	Begin=203.38	_	_	_	_
101-1	BOI070	101	101	1	inizio	inizio	_	_	_	_	_	linguistic	_	none	_	_	_	_	_	_
101-2	BOI070	101	101	2	magari	magari	_	_	_	_	_	linguistic	_	none	_	_	_	_	_	_
101-3	BOI070	101	101	3	quando	quando	_	_	_	_	_	linguistic	_	none	_	_	_	_	_	_
101-4	BOI070	101	101	4	cresci	cresci	_	_	_	_	_	linguistic	_	none	_	End=204.82	_	_	_	_
102-0	BOI070	102	102	0	e:::h	eh	_	_	_	_	_	linguistic	_	none	_	Begin=205.4|End=206.13	0x3	_	_	_
103-0	BOI070	103	103	0	inizi	inizi	_	_	_	_	_	linguistic	_	none	_	Begin=206.8	_	_	_	_
103-1	BOI070	103	103	1	a	a	_	_	_	_	_	linguistic	_	none	_	_	_	_	_	_
103-2	BOI070	103	103	2	cercare	cercare	_	_	_	_	_	linguistic	_	none	PauseAfter=Yes	_	_	_	_	_
103-3	BOI070	103	103	3	(.)	(.)	_	_	_	_	_	shortpause	_	none	_	_	_	_	_	_
103-4	BOI070	103	103	4	le	le	_	_	_	_	_	linguistic	_	none	_	_	_	_	_	_
103-5	BOI070	103	103	5	altre	altre	_	_	_	_	_	linguistic	_	none	_	_	_	_	_	_
103-6	BOI070	103	103	6	zone	zone	_	_	_	_	_	linguistic	_	none	_	_	_	_	_	_
103-7	BOI070	103	103	7	inizi	inizi	_	_	_	_	_	linguistic	_	none	_	_	_	_	_	_
103-8	BOI070	103	103	8	a	a	_	_	_	_	_	linguistic	_	none	_	_	_	_	_	_
103-9	BOI070	103	103	9	vedere	vedere	_	_	_	_	_	linguistic	_	none	_	_	_	_	_	_
103-10	BOI070	103	103	10	le	le	_	_	_	_	_	linguistic	_	none	_	_	_	_	_	_
103-11	BOI070	103	103	11	altre	altre	_	_	_	_	_	linguistic	_	none	_	_	_	_	_	_
103-12	BOI070	103	103	12	zone	zone	_	_	_	_	_	linguistic	_	none	_	_	_	_	_	_
103-13	BOI070	103	103	13	come	come	_	_	_	_	_	linguistic	_	none	_	_	_	_	_	_
103-14	BOI070	103	103	14	sono	sono	_	_	_	_	_	linguistic	_	none	_	End=210.202	_	_	_	_
104-0	BOI070	104	104	0	ad	ad	_	_	_	_	_	linguistic	_	none	_	Begin=210.6	_	_	_	_
104-1	BOI070	104	104	1	esempio	esempio	_	_	_	_	_	linguistic	_	none	_	_	_	_	_	_
104-2	BOI070	104	104	2	io	io	_	_	_	_	_	linguistic	_	none	_	_	_	_	_	_
104-3	BOI070	104	104	3	quando:	quando	_	_	_	_	_	linguistic	_	none	_	_	5x1	_	_	_
104-4	BOI070	104	104	4	stavo	stavo	_	_	_	_	_	linguistic	_	none	_	_	_	_	_	_
104-5	BOI070	104	104	5	in	in	_	_	_	_	_	linguistic	_	none	_	_	_	_	_	_
104-6	BOI070	104	104	6	zona:	zona	_	_	_	_	_	linguistic	_	none	_	_	3x1	_	_	_
104-7	BOI070	104	104	7	san	san	_	_	_	_	_	linguistic	_	none	_	_	_	_	_	_
104-8	BOI070	104	104	8	vitale	vitale	_	_	_	_	_	linguistic	_	none	_	End=213.189	_	_	_	_
105-0	BOI070	105	105	0	((inspira))	((inspira))	_	_	_	_	_	nonverbalbehavior	_	none	_	Begin=214.1|End=214.52	_	_	_	_
106-0	BOI070	106	106	0	e	e	_	_	_	_	_	linguistic	_	none	_	Begin=214.66	_	_	_	_
106-1	BOI070	106	106	1	ancora	ancora	_	_	_	_	_	linguistic	_	none	_	_	_	_	_	_
106-2	BOI070	106	106	2	adesso	adesso	_	_	_	_	_	linguistic	_	none	_	_	_	_	_	_
106-3	BOI070	106	106	3	ci	ci	_	_	_	_	_	linguistic	_	none	_	_	_	_	_	_
106-4	BOI070	106	106	4	vivo	vivo	_	_	_	_	_	linguistic	_	none	_	End=215.54	_	_	_	_
107-0	BOI070	107	107	0	comunque	comunque	_	_	_	_	_	linguistic	_	none	_	Begin=215.86|End=216.34	_	_	_	_
108-0	BOI070	108	108	0	so~	so~	_	_	_	_	_	linguistic	_	none	Interrupted=Yes	Begin=217.24	_	_	_	_
108-1	BOI070	108	108	1	m:h	mh	_	_	_	_	_	linguistic	_	none	_	_	0x1	_	_	_
108-2	BOI070	108	108	2	le	le	_	_	_	_	_	linguistic	_	none	_	_	_	_	_	_
108-3	BOI070	108	108	3	prime:	prime	_	_	_	_	_	linguistic	_	none	_	End=218.39	4x1	_	_	_
109-0	BOI070	109	109	0	esperienze	esperienze	_	_	_	_	_	linguistic	_	none	_	Begin=218.74	_	_	_	_
109-1	BOI070	109	109	1	che	che	_	_	_	_	_	linguistic	_	none	_	_	_	_	_	_
109-2	BOI070	109	109	2	ho	ho	_	_	_	_	_	linguistic	_	none	_	_	_	_	_	_
109-3	BOI070	109	109	3	fatto	fatto	_	_	_	_	_	linguistic	_	none	_	_	_	_	_	_
109-4	BOI070	109	109	4	no?	no	_	_	_	_	_	linguistic	_	none	Intonation=Rising	End=219.99	_	_	_	_
110-0	BOI070	110	110	0	nel	nel	_	_	_	_	_	linguistic	_	none	_	Begin=220.085	_	_	_	_
110-1	BOI070	110	110	1	visitare	visitare	_	_	_	_	_	linguistic	_	none	_	_	_	_	_	_
110-2	BOI070	110	110	2	bologna	bologna	_	_	_	_	_	linguistic	_	none	_	_	_	_	_	_
110-3	BOI070	110	110	3	>sono	sono	_	_	_	_	_	linguistic	_	none	_	_	_	Fast=0-4(0)	_	_
110-4	BOI070	110	110	4	state	state	_	_	_	_	_	linguistic	_	none	_	_	_	Fast=0-5(0)	_	_
110-5	BOI070	110	110	5	proprio<	proprio	_	_	_	_	_	linguistic	_	none	_	_	_	Fast=0-7(0)	_	_
110-6	BOI070	110	110	6	le	le	_	_	_	_	_	linguistic	_	none	_	_	_	_	_	_
110-7	BOI070	110	110	7	altre	altre	_	_	_	_	_	linguistic	_	none	_	_	_	_	_	_
110-8	BOI070	110	110	8	zone	zone	_	_	_	_	_	linguistic	_	none	_	_	_	_	_	_
110-9	BOI070	110	110	9	no?	no	_	_	_	_	_	linguistic	_	none	Intonation=Rising	End=222.631	_	_	_	_
111-0	BOI070	111	111	0	ho	ho	_	_	_	_	_	linguistic	_	none	_	Begin=223.08	_	_	_	_
111-1	BOI070	111	111	1	iniziato	iniziato	_	_	_	_	_	linguistic	_	none	_	_	_	_	_	_
111-2	BOI070	111	111	2	a	a	_	_	_	_	_	linguistic	_	none	_	_	_	_	_	_
111-3	BOI070	111	111	3	visitare	visitare	_	_	_	_	_	linguistic	_	none	_	_	_	_	_	_
111-4	BOI070	111	111	4	zona	zona	_	_	_	_	_	linguistic	_	none	_	_	_	_	_	_
111-5	BOI070	111	111	5	mazzini	mazzini	_	_	_	_	_	linguistic	_	none	_	End=224.53	_	_	_	_
112-0	BOI070	112	112	0	e:h	eh	_	_	_	_	_	linguistic	_	none	_	Begin=224.66	0x1	_	_	_
112-1	BOI070	112	112	1	zona:	zona	_	_	_	_	_	linguistic	_	none	_	End=225.733	3x1	_	_	_
113-0	BOI070	113	113	0	san	san	_	_	_	_	_	linguistic	_	none	_	Begin=226.21	_	_	_	_
113-1	BOI070	113	113	1	donato	donato	_	_	_	_	_	linguistic	_	none	PauseAfter=Yes	_	_	_	_	_
113-2	BOI070	113	113	2	(.)	(.)	_	_	_	_	_	shortpause	_	none	_	_	_	_	_	_
113-3	BOI070	113	113	3	poi	poi	_	_	_	_	_	linguistic	_	none	_	_	_	_	_	_
113-4	BOI070	113	113	4	col	col	_	_	_	_	_	linguistic	_	none	_	_	_	_	_	_
113-5	BOI070	113	113	5	tempo:	tempo	_	_	_	_	_	linguistic	_	none	_	_	4x1	_	_	_
113-6	BOI070	113	113	6	inizia::	inizia	_	_	_	_	_	linguistic	_	none	_	_	5x2	_	_	_
113-7	BOI070	113	113	7	andare	andare	_	_	_	_	_	linguistic	_	none	_	_	_	_	_	_
113-8	BOI070	113	113	8	verso	verso	_	_	_	_	_	linguistic	_	none	_	_	_	_	_	_
113-9	BOI070	113	113	9	il	il	_	_	_	_	_	linguistic	_	none	_	_	_	_	_	_
113-10	BOI070	113	113	10	centro	centro	_	_	_	_	_	linguistic	_	none	_	_	_	_	_	_
113-11	BOI070	113	113	11	storico:	storico	_	_	_	_	_	linguistic	_	none	_	End=229.956	6x1	_	_	_
114-0	BOI070	114	114	0	inizia	inizia	_	_	_	_	_	linguistic	_	none	_	Begin=230.33	_	_	_	_
114-1	BOI070	114	114	1	comunque	comunque	_	_	_	_	_	linguistic	_	none	_	_	_	_	_	_
114-2	BOI070	114	114	2	a	a	_	_	_	_	_	linguistic	_	none	_	_	_	_	_	_
114-3	BOI070	114	114	3	vedere	vedere	_	_	_	_	_	linguistic	_	none	_	_	_	_	_	_
114-4	BOI070	114	114	4	sempre	sempre	_	_	_	_	_	linguistic	_	none	_	_	_	_	_	_
114-5	BOI070	114	114	5	di	di	_	_	_	_	_	linguistic	_	none	_	_	_	_	_	_
114-6	BOI070	114	114	6	più	più	_	_	_	_	_	linguistic	_	none	_	_	_	_	_	_
114-7	BOI070	114	114	7	di	di	_	_	_	_	_	linguistic	_	none	_	_	_	_	_	_
114-8	BOI070	114	114	8	bologna	bologna	_	_	_	_	_	linguistic	_	none	_	End=232.532	_	_	_	_
115-0	BOI070	115	115	0	però	però	_	_	_	_	_	linguistic	_	none	_	Begin=232.83	_	_	_	_
115-1	BOI070	115	115	1	i	i	_	_	_	_	_	linguistic	_	none	_	_	_	_	_	_
115-2	BOI070	115	115	2	primi	primi	_	_	_	_	_	linguistic	_	none	_	_	_	_	_	_
115-3	BOI070	115	115	3	anni:	anni	_	_	_	_	_	linguistic	_	none	_	_	3x1	_	_	_
115-4	BOI070	115	115	4	(di)	di	_	_	_	_	_	linguistic	_	none	_	_	_	_	0-2(0)	_
115-5	BOI070	115	115	5	quando	quando	_	_	_	_	_	linguistic	_	none	_	_	_	_	_	_
115-6	BOI070	115	115	6	avevo	avevo	_	_	_	_	_	linguistic	_	none	_	_	_	_	_	_
115-7	BOI070	115	115	7	quattordici	quattordici	_	_	_	_	_	linguistic	_	none	_	_	_	_	_	_
115-8	BOI070	115	115	8	anni	anni	_	_	_	_	_	linguistic	_	none	_	_	_	_	_	_
115-9	BOI070	115	115	9	così	così	_	_	_	_	_	linguistic	_	none	_	_	_	_	_	_
115-10	BOI070	115	115	10	quindici	quindici	_	_	_	_	_	linguistic	_	none	_	_	_	_	_	_
115-11	BOI070	115	115	11	anni	anni	_	_	_	_	_	linguistic	_	none	_	End=235.98	_	_	_	_
116-0	BOR021	116	116	0	(beh	beh	_	_	_	_	_	linguistic	_	none	_	Begin=236.12	_	_	0-3(0)	_
116-1	BOR021	116	116	1	certo)	certo	_	_	_	_	_	linguistic	_	none	_	End=236.46	_	_	0-5(0)	_
117-0	BOI070	117	117	0	giravo	giravo	_	_	_	_	_	linguistic	_	none	_	Begin=236.494	_	_	_	_
117-1	BOI070	117	117	1	le	le	_	_	_	_	_	linguistic	_	none	_	_	_	_	_	_
117-2	BOI070	117	117	2	zone	zone	_	_	_	_	_	linguistic	_	none	_	_	_	_	_	_
117-3	BOI070	117	117	3	perché	perché	_	_	_	_	_	linguistic	_	none	_	_	_	_	_	_
117-4	BOI070	117	117	4	ero	ero	_	_	_	_	_	linguistic	_	none	_	_	_	_	_	_
117-5	BOI070	117	117	5	curioso:	curioso	_	_	_	_	_	linguistic	_	none	_	End=238.45	6x1	_	_	_
118-0	BOI070	118	118	0	poi	poi	_	_	_	_	_	linguistic	_	none	_	Begin=238.86	_	_	_	_
118-1	BOI070	118	118	1	sai:	sai	_	_	_	_	_	linguistic	_	none	_	_	2x1	_	_	_
118-2	BOI070	118	118	2	e:h	eh	_	_	_	_	_	linguistic	_	none	_	_	0x1	_	_	_
118-3	BOI070	118	118	3	arrivavano:	arrivavano	_	_	_	_	_	linguistic	_	none	_	_	9x1	_	_	_
118-4	BOI070	118	118	4	nuove	nuove	_	_	_	_	_	linguistic	_	none	_	_	_	_	_	_
118-5	BOI070	118	118	5	persone	persone	_	_	_	_	_	linguistic	_	none	_	_	_	_	_	_
118-6	BOI070	118	118	6	da	da	_	_	_	_	_	linguistic	_	none	_	_	_	_	_	_
118-7	BOI070	118	118	7	altr~	altr~	_	_	_	_	_	linguistic	_	none	Interrupted=Yes|PauseAfter=Yes	_	_	_	_	_
118-8	BOI070	118	118	8	(.)	(.)	_	_	_	_	_	shortpause	_	none	_	_	_	_	_	_
118-9	BOI070	118	118	9	da	da	_	_	_	_	_	linguistic	_	none	_	_	_	_	_	_
118-10	BOI070	118	118	10	altri	altri	_	_	_	_	_	linguistic	_	none	_	_	_	_	_	_
118-11	BOI070	118	118	11	quartieri	quartieri	_	_	_	_	_	linguistic	_	none	_	End=242.82	_	_	_	_
119-0	BOI070	119	119	0	e::h	eh	_	_	_	_	_	linguistic	_	none	_	Begin=243.65	0x2	_	_	_
119-1	BOI070	119	119	1	e	e	_	_	_	_	_	linguistic	_	none	_	_	_	_	_	_
119-2	BOI070	119	119	2	quindi	quindi	_	_	_	_	_	linguistic	_	none	_	_	_	_	_	_
119-3	BOI070	119	119	3	magari	magari	_	_	_	_	_	linguistic	_	none	_	End=244.83	_	_	_	_
120-0	BOI070	120	120	0	m::h	mh	_	_	_	_	_	linguistic	_	none	_	Begin=244.89	0x2	_	_	_
120-1	BOI070	120	120	1	vai	vai	_	_	_	_	_	linguistic	_	none	_	_	_	_	_	_
120-2	BOI070	120	120	2	a	a	_	_	_	_	_	linguistic	_	none	_	_	_	_	_	_
120-3	BOI070	120	120	3	fare	fare	_	_	_	_	_	linguistic	_	none	_	_	_	_	_	_
120-4	BOI070	120	120	4	un	un	_	_	_	_	_	linguistic	_	none	_	_	_	_	_	_
120-5	BOI070	120	120	5	giretto	giretto	_	_	_	_	_	linguistic	_	none	_	_	_	_	_	_
120-6	BOI070	120	120	6	con	con	_	_	_	_	_	linguistic	_	none	_	_	_	_	_	_
120-7	BOI070	120	120	7	loro:	loro	_	_	_	_	_	linguistic	_	none	_	_	3x1	_	_	_
120-8	BOI070	120	120	8	(nei)	nei	_	_	_	_	_	linguistic	_	none	_	_	_	_	0-3(0)	_
120-9	BOI070	120	120	9	nel	nel	_	_	_	_	_	linguistic	_	none	_	_	_	_	_	_
120-10	BOI070	120	120	10	loro	loro	_	_	_	_	_	linguistic	_	none	_	_	_	_	_	_
120-11	BOI070	120	120	11	quartiere	quartiere	_	_	_	_	_	linguistic	_	none	_	_	_	_	_	_
120-12	BOI070	120	120	12	(vai)	vai	_	_	_	_	_	linguistic	_	none	_	_	_	_	0-3(1)	_
120-13	BOI070	120	120	13	a	a	_	_	_	_	_	linguistic	_	none	_	_	_	_	_	_
120-14	BOI070	120	120	14	casa:	casa	_	_	_	_	_	linguistic	_	none	_	_	3x1	_	_	_
120-15	BOI070	120	120	15	con	con	_	_	_	_	_	linguistic	_	none	_	_	_	_	_	_
120-16	BOI070	120	120	16	loro:	loro	_	_	_	_	_	linguistic	_	none	_	_	3x1	_	_	_
120-17	BOI070	120	120	17	non	non	_	_	_	_	_	linguistic	_	none	_	_	_	_	_	_
120-18	BOI070	120	120	18	lo	lo	_	_	_	_	_	linguistic	_	none	_	_	_	_	_	_
120-19	BOI070	120	120	19	so	so	_	_	_	_	_	linguistic	_	none	_	_	_	_	_	_
120-20	BOI070	120	120	20	a	a	_	_	_	_	_	linguistic	_	none	_	_	_	_	_	_
120-21	BOI070	120	120	21	giocare:	giocare	_	_	_	_	_	linguistic	_	none	_	End=250.26	6x1	_	_	_
121-0	BOI070	121	121	0	ai	ai	_	_	_	_	_	linguistic	_	none	_	Begin=250.57	_	_	_	_
121-1	BOI070	121	121	1	videogio:chi:	videogiochi	_	_	_	_	_	linguistic	_	none	_	End=251.57	7x1,10x1	_	_	_
122-0	BOR021	122	122	0	certo	certo	_	_	_	_	_	linguistic	_	none	_	Begin=251.68|End=252.03	_	_	_	_
123-0	BOI070	123	123	0	e	e	_	_	_	_	_	linguistic	_	none	_	Begin=252.05	_	_	_	_
123-1	BOI070	123	123	1	tutte	tutte	_	_	_	_	_	linguistic	_	none	_	_	_	_	_	_
123-2	BOI070	123	123	2	queste	queste	_	_	_	_	_	linguistic	_	none	_	_	_	_	_	_
123-3	BOI070	123	123	3	cose	cose	_	_	_	_	_	linguistic	_	none	_	_	_	_	_	_
123-4	BOI070	123	123	4	ecco	ecco	_	_	_	_	_	linguistic	_	none	_	End=253.27	_	_	_	_
124-0	BOR021	124	124	0	vabbè	vabbè	_	_	_	_	_	linguistic	_	none	_	Begin=253.47	_	_	_	_
124-1	BOR021	124	124	1	quindi	quindi	_	_	_	_	_	linguistic	_	none	_	_	_	_	_	_
124-2	BOR021	124	124	2	(appuntativi:)	appuntativi	_	_	_	_	_	linguistic	_	none	_	_	10x1	_	0-11(0)	_
124-3	BOR021	124	124	3	molto:	molto	_	_	_	_	_	linguistic	_	none	_	_	4x1	_	_	_
124-4	BOR021	124	124	4	x	x	_	_	_	_	_	unknown	_	none	Syllables=1	End=255.548	_	_	_	_
125-0	BOR021	125	125	0	cose	cose	_	_	_	_	_	linguistic	_	none	_	Begin=256.04	_	_	_	_
125-1	BOR021	125	125	1	del	del	_	_	_	_	_	linguistic	_	none	_	_	_	_	_	_
125-2	BOR021	125	125	2	quartie:re	quartiere	_	_	_	_	_	linguistic	_	none	_	_	6x1	_	_	_
125-3	BOR021	125	125	3	del	del	_	_	_	_	_	linguistic	_	none	_	_	_	_	_	_
125-4	BOR021	125	125	4	e:h	eh	_	_	_	_	_	linguistic	_	none	_	End=257.721	0x1	_	_	_
126-0	BOI070	126	126	0	EH	eh	_	_	_	_	_	linguistic	_	none	Volume=high	Begin=258.54	_	_	_	_
126-1	BOI070	126	126	1	si	si	_	_	_	_	_	linguistic	_	none	_	_	_	_	_	_
126-2	BOI070	126	126	2	diciamo	diciamo	_	_	_	_	_	linguistic	_	none	_	_	_	_	_	_
126-3	BOI070	126	126	3	che:	che	_	_	_	_	_	linguistic	_	none	_	End=260.017	2x1	_	_	_
127-0	BOI070	127	127	0	ti	ti	_	_	_	_	_	linguistic	_	none	_	Begin=260.3	_	_	_	_
127-1	BOI070	127	127	1	vivi	vivi	_	_	_	_	_	linguistic	_	none	_	_	_	_	_	_
127-2	BOI070	127	127	2	molto:	molto	_	_	_	_	_	linguistic	_	none	_	_	4x1	_	_	_
127-3	BOI070	127	127	3	da	da	_	_	_	_	_	linguistic	_	none	_	_	_	_	_	_
127-4	BOI070	127	127	4	dove	dove	_	_	_	_	_	linguistic	_	none	_	_	_	_	_	_
127-5	BOI070	127	127	5	vieni	vieni	_	_	_	_	_	linguistic	_	none	_	_	_	_	_	_
127-6	BOI070	127	127	6	ecco	ecco	_	_	_	_	_	linguistic	_	none	_	End=262.24	_	_	_	_
128-0	BOI070	128	128	0	[per	per	_	_	_	_	_	linguistic	_	none	_	Begin=262.31	_	_	_	0-3(34)
128-1	BOI070	128	128	1	forza]	forza	_	_	_	_	_	linguistic	_	none	_	_	_	_	_	0-5(34)
128-2	BOI070	128	128	2	cioè	cioè	_	_	_	_	_	linguistic	_	none	_	_	_	_	_	_
128-3	BOI070	128	128	3	se	se	_	_	_	_	_	linguistic	_	none	_	_	_	_	_	_
128-4	BOI070	128	128	4	tu	tu	_	_	_	_	_	linguistic	_	none	_	_	_	_	_	_
128-5	BOI070	128	128	5	cresci	cresci	_	_	_	_	_	linguistic	_	none	_	_	_	_	_	_
128-6	BOI070	128	128	6	in	in	_	_	_	_	_	linguistic	_	none	_	_	_	_	_	_
128-7	BOI070	128	128	7	un	un	_	_	_	_	_	linguistic	_	none	_	_	_	_	_	_
128-8	BOI070	128	128	8	posto	posto	_	_	_	_	_	linguistic	_	none	_	_	_	_	_	_
128-9	BOI070	128	128	9	così:	così	_	_	_	_	_	linguistic	_	none	_	End=264.583	3x1	_	_	_
129-0	BOR021	129	129	0	[(esatto)]	esatto	_	_	_	_	_	linguistic	_	none	_	Begin=262.32|End=262.72	_	_	0-6(0)	0-6(34)
130-0	BOI070	130	130	0	e:h	eh	_	_	_	_	_	linguistic	_	none	_	Begin=265.053	0x1	_	_	_
130-1	BOI070	130	130	1	sicuramente	sicuramente	_	_	_	_	_	linguistic	_	none	_	_	_	_	_	_
130-2	BOI070	130	130	2	te	te	_	_	_	_	_	linguistic	_	none	_	_	_	_	_	_
130-3	BOI070	130	130	3	lo	lo	_	_	_	_	_	linguistic	_	none	_	_	_	_	_	_
130-4	BOI070	130	130	4	vivi	vivi	_	_	_	_	_	linguistic	_	none	_	End=266.63	_	_	_	_
131-0	BOI070	131	131	0	te	te	_	_	_	_	_	linguistic	_	none	_	Begin=266.744	_	_	_	_
131-1	BOI070	131	131	1	lo	lo	_	_	_	_	_	linguistic	_	none	_	_	_	_	_	_
131-2	BOI070	131	131	2	vivi	vivi	_	_	_	_	_	linguistic	_	none	_	_	_	_	_	_
131-3	BOI070	131	131	3	al	al	_	_	_	_	_	linguistic	_	none	_	_	_	_	_	_
131-4	BOI070	131	131	4	massimo:	massimo	_	_	_	_	_	linguistic	_	none	PauseAfter=Yes	_	6x1	_	_	_
131-5	BOI070	131	131	5	(.)	(.)	_	_	_	_	_	shortpause	_	none	_	_	_	_	_	_
131-6	BOI070	131	131	6	o	o	_	_	_	_	_	linguistic	_	none	_	End=268.093	_	_	_	_
132-0	BOI070	132	132	0	ti	ti	_	_	_	_	_	linguistic	_	none	_	Begin=268.469	_	_	_	_
132-1	BOI070	132	132	1	spingi:	spingi	_	_	_	_	_	linguistic	_	none	_	End=269.355	5x1	_	_	_
133-0	BOI070	133	133	0	a	a	_	_	_	_	_	linguistic	_	none	_	Begin=270.208	_	_	_	_
133-1	BOI070	133	133	1	curiosare	curiosare	_	_	_	_	_	linguistic	_	none	_	_	_	_	_	_
133-2	BOI070	133	133	2	in	in	_	_	_	_	_	linguistic	_	none	_	_	_	_	_	_
133-3	BOI070	133	133	3	ogni	ogni	_	_	_	_	_	linguistic	_	none	_	_	_	_	_	_
133-4	BOI070	133	133	4	angolo	angolo	_	_	_	_	_	linguistic	_	none	_	_	_	_	_	_
133-5	BOI070	133	133	5	di	di	_	_	_	_	_	linguistic	_	none	_	_	_	_	_	_
133-6	BOI070	133	133	6	quel	quel	_	_	_	_	_	linguistic	_	none	_	_	_	_	_	_
133-7	BOI070	133	133	7	posto	posto	_	_	_	_	_	linguistic	_	none	_	End=272.282	_	_	_	_
134-0	BOI070	134	134	0	fino	fino	_	_	_	_	_	linguistic	_	none	_	Begin=272.53	_	_	_	_
134-1	BOI070	134	134	1	a	a	_	_	_	_	_	linguistic	_	none	_	_	_	_	_	_
134-2	BOI070	134	134	2	quando	quando	_	_	_	_	_	linguistic	_	none	_	_	_	_	_	_
134-3	BOI070	134	134	3	arrivi	arrivi	_	_	_	_	_	linguistic	_	none	_	_	_	_	_	_
134-4	BOI070	134	134	4	a	a	_	_	_	_	_	linguistic	_	none	_	_	_	_	_	_
134-5	BOI070	134	134	5	un	un	_	_	_	_	_	linguistic	_	none	_	_	_	_	_	_
134-6	BOI070	134	134	6	punto	punto	_	_	_	_	_	linguistic	_	none	_	_	_	_	_	_
134-7	BOI070	134	134	7	dove:	dove	_	_	_	_	_	linguistic	_	none	_	End=274.507	3x1	_	_	_
135-0	BOI070	135	135	0	te	te	_	_	_	_	_	linguistic	_	none	_	Begin=275.154	_	_	_	_
135-1	BOI070	135	135	1	lo	lo	_	_	_	_	_	linguistic	_	none	_	_	_	_	_	_
135-2	BOI070	135	135	2	giri	giri	_	_	_	_	_	linguistic	_	none	_	_	_	_	_	_
135-3	BOI070	135	135	3	così	così	_	_	_	_	_	linguistic	_	none	_	_	_	_	_	_
135-4	BOI070	135	135	4	tanto	tanto	_	_	_	_	_	linguistic	_	none	_	End=276.437	_	_	_	_
136-0	BOI070	136	136	0	che	che	_	_	_	_	_	linguistic	_	none	_	Begin=277.127	_	_	_	_
136-1	BOI070	136	136	1	lo	lo	_	_	_	_	_	linguistic	_	none	_	_	_	_	_	_
136-2	BOI070	136	136	2	conosci	conosci	_	_	_	_	_	linguistic	_	none	_	_	_	_	_	_
136-3	BOI070	136	136	3	come	come	_	_	_	_	_	linguistic	_	none	_	_	_	_	_	_
136-4	BOI070	136	136	4	le	le	_	_	_	_	_	linguistic	_	none	_	_	_	_	_	_
136-5	BOI070	136	136	5	tue	tue	_	_	_	_	_	linguistic	_	none	_	_	_	_	_	_
136-6	BOI070	136	136	6	tasche	tasche	_	_	_	_	_	linguistic	_	none	_	End=278.429	_	_	_	_
137-0	BOI070	137	137	0	ma	ma	_	_	_	_	_	linguistic	_	none	_	Begin=278.724	_	_	_	_
137-1	BOI070	137	137	1	immagino	immagino	_	_	_	_	_	linguistic	_	none	_	_	_	_	_	_
137-2	BOI070	137	137	2	come:	come	_	_	_	_	_	linguistic	_	none	_	_	3x1	_	_	_
137-3	BOI070	137	137	3	ogni	ogni	_	_	_	_	_	linguistic	_	none	_	_	_	_	_	_
137-4	BOI070	137	137	4	persona	persona	_	_	_	_	_	linguistic	_	none	_	_	_	_	_	_
137-5	BOI070	137	137	5	che	che	_	_	_	_	_	linguistic	_	none	_	_	_	_	_	_
137-6	BOI070	137	137	6	>magari	magari	_	_	_	_	_	linguistic	_	none	_	_	_	Fast=0-6(0)	_	_
137-7	BOI070	137	137	7	quando<	quando	_	_	_	_	_	linguistic	_	none	_	_	_	Fast=0-6(0)	_	_
137-8	BOI070	137	137	8	si	si	_	_	_	_	_	linguistic	_	none	_	_	_	_	_	_
137-9	BOI070	137	137	9	trasferisce	trasferisce	_	_	_	_	_	linguistic	_	none	_	_	_	_	_	_
137-10	BOI070	137	137	10	in	in	_	_	_	_	_	linguistic	_	none	_	_	_	_	_	_
137-11	BOI070	137	137	11	una	una	_	_	_	_	_	linguistic	_	none	_	_	_	_	_	_
137-12	BOI070	137	137	12	nuova	nuova	_	_	_	_	_	linguistic	_	none	_	_	_	_	_	_
137-13	BOI070	137	137	13	casa:	casa	_	_	_	_	_	linguistic	_	none	_	End=282.557	3x1	_	_	_
138-0	BOI070	138	138	0	se	se	_	_	_	_	_	linguistic	_	none	_	Begin=283.02	_	_	_	_
138-1	BOI070	138	138	1	la	la	_	_	_	_	_	linguistic	_	none	_	_	_	_	_	_
138-2	BOI070	138	138	2	gira	gira	_	_	_	_	_	linguistic	_	none	_	_	_	_	_	_
138-3	BOI070	138	138	3	tutta	tutta	_	_	_	_	_	linguistic	_	none	_	_	_	_	_	_
138-4	BOI070	138	138	4	se	se	_	_	_	_	_	linguistic	_	none	_	_	_	_	_	_
138-5	BOI070	138	138	5	la	la	_	_	_	_	_	linguistic	_	none	_	_	_	_	_	_
138-6	BOI070	138	138	6	gira	gira	_	_	_	_	_	linguistic	_	none	_	_	_	_	_	_
138-7	BOI070	138	138	7	xx	xx	_	_	_	_	_	unknown	_	none	Syllables=2	End=284.516	_	_	_	_
139-0	BOI070	139	139	0	a	a	_	_	_	_	_	linguistic	_	none	_	Begin=284.657	_	_	_	_
139-1	BOI070	139	139	1	una	una	_	_	_	_	_	linguistic	_	none	_	_	_	_	_	_
139-2	BOI070	139	139	2	certa	certa	_	_	_	_	_	linguistic	_	none	_	_	_	_	_	_
139-3	BOI070	139	139	3	la	la	_	_	_	_	_	linguistic	_	none	_	_	_	_	_	_
139-4	BOI070	139	139	4	inizi	inizi	_	_	_	_	_	linguistic	_	none	_	_	_	_	_	_
139-5	BOI070	139	139	5	a	a	_	_	_	_	_	linguistic	_	none	_	_	_	_	_	_
139-6	BOI070	139	139	6	chiamare	chiamare	_	_	_	_	_	linguistic	_	none	_	_	_	_	_	_
139-7	BOI070	139	139	7	appunto	appunto	_	_	_	_	_	linguistic	_	none	_	_	_	_	_	_
139-8	BOI070	139	139	8	casa	casa	_	_	_	_	_	linguistic	_	none	_	End=286.736	_	_	_	_
140-0	BOI070	140	140	0	ecco	ecco	_	_	_	_	_	linguistic	_	none	_	Begin=287.221	_	_	_	_
140-1	BOI070	140	140	1	è	è	_	_	_	_	_	linguistic	_	none	_	_	_	_	_	_
140-2	BOI070	140	140	2	un	un	_	_	_	_	_	linguistic	_	none	_	_	_	_	_	_
140-3	BOI070	140	140	3	po'	po'	_	_	_	_	_	linguistic	_	none	_	_	_	_	_	_
140-4	BOI070	140	140	4	così	così	_	_	_	_	_	linguistic	_	none	_	End=288.06	_	_	_	_
141-0	BOR021	141	141	0	xxx	xxx	_	_	_	_	_	unknown	_	none	Syllables=3	Begin=288.744|End=289.295	_	_	_	_
142-0	BOR021	142	142	0	tu?	tu	_	_	_	_	_	linguistic	_	none	Intonation=Rising|PauseAfter=Yes	Begin=289.738	_	_	_	_
142-1	BOR021	142	142	1	(.)	(.)	_	_	_	_	_	shortpause	_	none	_	_	_	_	_	_
142-2	BOR021	142	142	2	invece?	invece	_	_	_	_	_	linguistic	_	none	Intonation=Rising	End=290.409	_	_	_	_
143-0	BOI071	143	143	0	non	non	_	_	_	_	_	linguistic	_	none	_	Begin=290.838	_	_	_	_
143-1	BOI071	143	143	1	mi	mi	_	_	_	_	_	linguistic	_	none	_	_	_	_	_	_
143-2	BOI071	143	143	2	ricordo	ricordo	_	_	_	_	_	linguistic	_	none	_	_	_	_	_	_
143-3	BOI071	143	143	3	più	più	_	_	_	_	_	linguistic	_	none	_	_	_	_	_	_
143-4	BOI071	143	143	4	la	la	_	_	_	_	_	linguistic	_	none	_	_	_	_	_	_
143-5	BOI071	143	143	5	domanda,	domanda	_	_	_	_	_	linguistic	_	none	Intonation=WeaklyRising	End=292.006	_	_	_	_
144-0	BOR021	144	144	0	((ride))	((ride))	_	_	_	_	_	nonverbalbehavior	_	none	_	Begin=292.349|End=292.811	_	_	_	_
145-0	BOR021	145	145	0	no	no	_	_	_	_	_	linguistic	_	none	_	Begin=293.02	_	_	_	_
145-1	BOR021	145	145	1	come::	come	_	_	_	_	_	linguistic	_	none	_	_	3x2	_	_	_
145-2	BOR021	145	145	2	come	come	_	_	_	_	_	linguistic	_	none	_	_	_	_	_	_
145-3	BOR021	145	145	3	vivi	vivi	_	_	_	_	_	linguistic	_	none	_	_	_	_	_	_
145-4	BOR021	145	145	4	un	un	_	_	_	_	_	linguistic	_	none	_	_	_	_	_	_
145-5	BOR021	145	145	5	po'	po'	_	_	_	_	_	linguistic	_	none	_	_	_	_	_	_
145-6	BOR021	145	145	6	la	la	_	_	_	_	_	linguistic	_	none	_	_	_	_	_	_
145-7	BOR021	145	145	7	tua	tua	_	_	_	_	_	linguistic	_	none	_	_	_	_	_	_
145-8	BOR021	145	145	8	zona	zona	_	_	_	_	_	linguistic	_	none	_	_	_	_	_	_
145-9	BOR021	145	145	9	alla	alla	_	_	_	_	_	linguistic	_	none	_	_	_	_	_	_
145-10	BOR021	145	145	10	fine	fine	_	_	_	_	_	linguistic	_	none	_	End=295.604	_	_	_	_
146-0	BOR021	146	146	0	se	se	_	_	_	_	_	linguistic	_	none	_	Begin=295.698	_	_	_	_
146-1	BOR021	146	146	1	ti	ti	_	_	_	_	_	linguistic	_	none	_	_	_	_	_	_
146-2	BOR021	146	146	2	pia:ce,	piace	_	_	_	_	_	linguistic	_	none	Intonation=WeaklyRising	End=296.477	2x1	_	_	_
147-0	BOI071	147	147	0	((colpo_di_tosse))	((colpo_di_tosse))	_	_	_	_	_	nonverbalbehavior	_	none	_	Begin=297.134|End=297.59	_	_	_	_
148-0	BOI071	148	148	0	ma	ma	_	_	_	_	_	linguistic	_	none	_	Begin=298.429	_	_	_	_
148-1	BOI071	148	148	1	si	si	_	_	_	_	_	linguistic	_	none	_	_	_	_	_	_
148-2	BOI071	148	148	2	la	la	_	_	_	_	_	linguistic	_	none	_	_	_	_	_	_
148-3	BOI071	148	148	3	mia	mia	_	_	_	_	_	linguistic	_	none	_	_	_	_	_	_
148-4	BOI071	148	148	4	zona::	zona	_	_	_	_	_	linguistic	_	none	_	_	3x2	_	_	_
148-5	BOI071	148	148	5	come	come	_	_	_	_	_	linguistic	_	none	_	_	_	_	_	_
148-6	BOI071	148	148	6	ho	ho	_	_	_	_	_	linguistic	_	none	_	_	_	_	_	_
148-7	BOI071	148	148	7	detto	detto	_	_	_	_	_	linguistic	_	none	_	_	_	_	_	_
148-8	BOI071	148	148	8	(boh)	boh	_	_	_	_	_	linguistic	_	none	_	_	_	_	0-3(0)	_
148-9	BOI071	148	148	9	prima	prima	_	_	_	_	_	linguistic	_	none	_	_	_	_	_	_
148-10	BOI071	148	148	10	è	è	_	_	_	_	_	linguistic	_	none	_	_	_	_	_	_
148-11	BOI071	148	148	11	molto	molto	_	_	_	_	_	linguistic	_	none	PauseAfter=Yes	_	_	_	_	_
148-12	BOI071	148	148	12	(.)	(.)	_	_	_	_	_	shortpause	_	none	_	_	_	_	_	_
148-13	BOI071	148	148	13	tranquilla	tranquilla	_	_	_	_	_	linguistic	_	none	_	End=302.503	_	_	_	_
149-0	BOI071	149	149	0	poi	poi	_	_	_	_	_	linguistic	_	none	_	Begin=303.194	_	_	_	_
149-1	BOI071	149	149	1	vabbè	vabbè	_	_	_	_	_	linguistic	_	none	_	_	_	_	_	_
149-2	BOI071	149	149	2	va	va	_	_	_	_	_	linguistic	_	none	_	_	_	_	_	_
149-3	BOI071	149	149	3	in	in	_	_	_	_	_	linguistic	_	none	_	_	_	_	_	_
149-4	BOI071	149	149	4	base	base	_	_	_	_	_	linguistic	_	none	_	_	_	_	_	_
149-5	BOI071	149	149	5	an~	an~	_	_	_	_	_	linguistic	_	none	Interrupted=Yes	_	_	_	_	_
149-6	BOI071	149	149	6	c(io)è	cioè	_	_	_	_	_	linguistic	_	none	Reduced=Yes|PauseAfter=Yes	_	_	_	_	_
149-7	BOI071	149	149	7	(.)	(.)	_	_	_	_	_	shortpause	_	none	_	_	_	_	_	_
149-8	BOI071	149	149	8	come	come	_	_	_	_	_	linguistic	_	none	_	_	_	_	_	_
149-9	BOI071	149	149	9	>stava	stava	_	_	_	_	_	linguistic	_	none	_	_	_	Fast=0-5(0)	_	_
149-10	BOI071	149	149	10	dicendo<	dicendo	_	_	_	_	_	linguistic	_	none	_	_	_	Fast=0-7(0)	_	_
149-11	BOI071	149	149	11	(il)	il	_	_	_	_	_	linguistic	_	none	_	_	_	_	0-2(0)	_
149-12	BOI071	149	149	12	mio	mio	_	_	_	_	_	linguistic	_	none	_	_	_	_	_	_
149-13	BOI071	149	149	13	amico	amico	_	_	_	_	_	linguistic	_	none	_	End=306.31	_	_	_	_
150-0	BOI071	150	150	0	va	va	_	_	_	_	_	linguistic	_	none	_	Begin=306.892	_	_	_	_
150-1	BOI071	150	150	1	molto	molto	_	_	_	_	_	linguistic	_	none	_	_	_	_	_	_
150-2	BOI071	150	150	2	in	in	_	_	_	_	_	linguistic	_	none	_	_	_	_	_	_
150-3	BOI071	150	150	3	base	base	_	_	_	_	_	linguistic	_	none	_	_	_	_	_	_
150-4	BOI071	150	150	4	alle	alle	_	_	_	_	_	linguistic	_	none	_	_	_	_	_	_
150-5	BOI071	150	150	5	zone	zone	_	_	_	_	_	linguistic	_	none	_	_	_	_	_	_
150-6	BOI071	150	150	6	>ci	ci	_	_	_	_	_	linguistic	_	none	_	_	_	Fast=0-2(0)	_	_
150-7	BOI071	150	150	7	sono<	sono	_	_	_	_	_	linguistic	_	none	_	_	_	Fast=0-4(0)	_	_
150-8	BOI071	150	150	8	quelle	quelle	_	_	_	_	_	linguistic	_	none	_	_	_	_	_	_
150-9	BOI071	150	150	9	zone	zone	_	_	_	_	_	linguistic	_	none	_	_	_	_	_	_
150-10	BOI071	150	150	10	un	un	_	_	_	_	_	linguistic	_	none	_	_	_	_	_	_
150-11	BOI071	150	150	11	po::'	po'	_	_	_	_	_	linguistic	_	none	_	End=309.993	1x2	_	_	_
151-0	BOI071	151	151	0	periferiche	periferiche	_	_	_	_	_	linguistic	_	none	_	Begin=310.369	_	_	_	_
151-1	BOI071	151	151	1	diciamo	diciamo	_	_	_	_	_	linguistic	_	none	_	End=311.577	_	_	_	_
152-0	BOI071	152	152	0	o:	o	_	_	_	_	_	linguistic	_	none	_	Begin=311.845	0x1	_	_	_
152-1	BOI071	152	152	1	anche:::	anche	_	_	_	_	_	linguistic	_	none	_	End=313.161	4x3	_	_	_
153-0	BOI071	153	153	0	come	come	_	_	_	_	_	linguistic	_	none	_	Begin=313.664	_	_	_	_
153-1	BOI071	153	153	1	le	le	_	_	_	_	_	linguistic	_	none	_	_	_	_	_	_
153-2	BOI071	153	153	2	zone	zone	_	_	_	_	_	linguistic	_	none	_	_	_	_	_	_
153-3	BOI071	153	153	3	belle	belle	_	_	_	_	_	linguistic	_	none	_	_	_	_	_	_
153-4	BOI071	153	153	4	come	come	_	_	_	_	_	linguistic	_	none	_	_	_	_	_	_
153-5	BOI071	153	153	5	san	san	_	_	_	_	_	linguistic	_	none	_	_	_	_	_	_
153-6	BOI071	153	153	6	la:zzaro	lazzaro	_	_	_	_	_	linguistic	_	none	_	_	1x1	_	_	_
153-7	BOI071	153	153	7	così	così	_	_	_	_	_	linguistic	_	none	_	End=315.724	_	_	_	_
154-0	BOI071	154	154	0	sì	sì	_	_	_	_	_	linguistic	_	none	_	Begin=316.583	_	_	_	_
154-1	BOI071	154	154	1	e	e	_	_	_	_	_	linguistic	_	none	_	_	_	_	_	_
154-2	BOI071	154	154	2	come	come	_	_	_	_	_	linguistic	_	none	_	_	_	_	_	_
154-3	BOI071	154	154	3	ogni	ogni	_	_	_	_	_	linguistic	_	none	_	_	_	_	_	_
154-4	BOI071	154	154	4	città	città	_	_	_	_	_	linguistic	_	none	_	_	_	_	_	_
154-5	BOI071	154	154	5	è	è	_	_	_	_	_	linguistic	_	none	_	_	_	_	_	_
154-6	BOI071	154	154	6	suddivisa::	suddivisa	_	_	_	_	_	linguistic	_	none	PauseAfter=Yes	_	8x2	_	_	_
154-7	BOI071	154	154	7	(.)	(.)	_	_	_	_	_	shortpause	_	none	_	_	_	_	_	_
154-8	BOI071	154	154	8	a:hm	ahm	_	_	_	_	_	linguistic	_	none	_	End=319.398	0x1	_	_	_
155-0	BOI071	155	155	0	come	come	_	_	_	_	_	linguistic	_	none	PauseAfter=Yes	Begin=320.181	_	_	_	_
155-1	BOI071	155	155	1	(.)	(.)	_	_	_	_	_	shortpause	_	none	_	_	_	_	_	_
155-2	BOI071	155	155	2	>ogni	ogni	_	_	_	_	_	linguistic	_	none	_	_	_	Fast=0-4(0)	_	_
155-3	BOI071	155	155	3	città<	città	_	_	_	_	_	linguistic	_	none	_	_	_	Fast=0-5(0)	_	_
155-4	BOI071	155	155	4	grande	grande	_	_	_	_	_	linguistic	_	none	_	End=321.344	_	_	_	_
156-0	BOI071	156	156	0	è	è	_	_	_	_	_	linguistic	_	none	_	Begin=321.59	_	_	_	_
156-1	BOI071	156	156	1	suddivisa:::	suddivisa	_	_	_	_	_	linguistic	_	none	_	End=323.282	8x3	_	_	_
157-0	BOR021	157	157	0	a	a	_	_	_	_	_	linguistic	_	none	_	Begin=323.973	_	_	_	_
157-1	BOR021	157	157	1	zone	zone	_	_	_	_	_	linguistic	_	none	_	End=324.427	_	_	_	_
158-0	BOI071	158	158	0	a	a	_	_	_	_	_	linguistic	_	none	_	Begin=324.536	_	_	_	_
158-1	BOI071	158	158	1	zone	zone	_	_	_	_	_	linguistic	_	none	_	End=325.006	_	_	_	_
159-0	BOR021	159	159	0	((ride))	((ride))	_	_	_	_	_	nonverbalbehavior	_	none	_	Begin=325.013|End=325.322	_	_	_	_
160-0	BOI071	160	160	0	esatto	esatto	_	_	_	_	_	linguistic	_	none	_	Begin=325.543|End=325.975	_	_	_	_
161-0	BOI071	161	161	0	per[ò::	però	_	_	_	_	_	linguistic	_	none	_	Begin=326.758	3x2	_	_	3-4(36)
161-1	BOI071	161	161	1	sì]	sì	_	_	_	_	_	linguistic	_	none	_	_	_	_	_	0-2(36)
161-2	BOI071	161	161	2	io::	io	_	_	_	_	_	linguistic	_	none	_	End=328.226	1x2	_	_	_
162-0	BOR021	162	162	0	[ci	ci	_	_	_	_	_	linguistic	_	none	_	Begin=327.053	_	_	_	0-2(36)
162-1	BOR021	162	162	1	sta]	sta	_	_	_	_	_	linguistic	_	none	_	End=327.362	_	_	_	0-3(36)
163-0	BOI071	163	163	0	mi	mi	_	_	_	_	_	linguistic	_	none	_	Begin=329.073	_	_	_	_
163-1	BOI071	163	163	1	sento	sento	_	_	_	_	_	linguistic	_	none	_	_	_	_	_	_
163-2	BOI071	163	163	2	a	a	_	_	_	_	_	linguistic	_	none	_	_	_	_	_	_
163-3	BOI071	163	163	3	casa	casa	_	_	_	_	_	linguistic	_	none	_	_	_	_	_	_
163-4	BOI071	163	163	4	(>quando<)	quando	_	_	_	_	_	linguistic	_	none	_	End=330.013	_	Fast=0-6(0)	0-6(0)	_
164-0	BOI071	164	164	0	perché:	perché	_	_	_	_	_	linguistic	_	none	_	Begin=330.691	5x1	_	_	_
164-1	BOI071	164	164	1	sono	sono	_	_	_	_	_	linguistic	_	none	_	_	_	_	_	_
164-2	BOI071	164	164	2	cresciuto	cresciuto	_	_	_	_	_	linguistic	_	none	_	_	_	_	_	_
164-3	BOI071	164	164	3	lì	lì	_	_	_	_	_	linguistic	_	none	_	_	_	_	_	_
164-4	BOI071	164	164	4	quindi:	quindi	_	_	_	_	_	linguistic	_	none	_	End=332.743	5x1	_	_	_
165-0	BOR021	165	165	0	ma	ma	_	_	_	_	_	linguistic	_	none	_	Begin=334.275	_	_	_	_
165-1	BOR021	165	165	1	tu	tu	_	_	_	_	_	linguistic	_	none	_	_	_	_	_	_
165-2	BOR021	165	165	2	non	non	_	_	_	_	_	linguistic	_	none	_	_	_	_	_	_
165-3	BOR021	165	165	3	ti	ti	_	_	_	_	_	linguistic	_	none	_	_	_	_	_	_
165-4	BOR021	165	165	4	vorresti	vorresti	_	_	_	_	_	linguistic	_	none	_	_	_	_	_	_
165-5	BOR021	165	165	5	spostare?	spostare	_	_	_	_	_	linguistic	_	none	Intonation=Rising	End=335.552	_	_	_	_
166-0	BOI071	166	166	0	NO:	no	_	_	_	_	_	linguistic	_	none	Volume=high	Begin=335.812	1x1	_	_	_
166-1	BOI071	166	166	1	ovviamente	ovviamente	_	_	_	_	_	linguistic	_	none	_	_	_	_	_	_
166-2	BOI071	166	166	2	sì	sì	_	_	_	_	_	linguistic	_	none	_	_	_	_	_	_
166-3	BOI071	166	166	3	(io)	io	_	_	_	_	_	linguistic	_	none	_	_	_	_	0-2(0)	_
166-4	BOI071	166	166	4	vi	vi	_	_	_	_	_	linguistic	_	none	_	_	_	_	_	_
166-5	BOI071	166	166	5	ho	ho	_	_	_	_	_	linguistic	_	none	_	_	_	_	_	_
166-6	BOI071	166	166	6	sempre	sempre	_	_	_	_	_	linguistic	_	none	_	_	_	_	_	_
166-7	BOI071	166	166	7	invidiati:	invidiati	_	_	_	_	_	linguistic	_	none	_	_	8x1	_	_	_
166-8	BOI071	166	166	8	voi	voi	_	_	_	_	_	linguistic	_	none	_	_	_	_	_	_
166-9	BOI071	166	166	9	fuori	fuori	_	_	_	_	_	linguistic	_	none	_	_	_	_	_	_
166-10	BOI071	166	166	10	sede	sede	_	_	_	_	_	linguistic	_	none	_	End=339.209	_	_	_	_
167-0	BOI071	167	167	0	[perché]::	perché	_	_	_	_	_	linguistic	_	none	_	Begin=339.382	5x2	_	_	0-6(37)
167-1	BOI071	167	167	1	sì	sì	_	_	_	_	_	linguistic	_	none	_	_	_	_	_	_
167-2	BOI071	167	167	2	è	è	_	_	_	_	_	linguistic	_	none	_	_	_	_	_	_
167-3	BOI071	167	167	3	(un)	un	_	_	_	_	_	linguistic	_	none	PauseAfter=Yes	_	_	_	0-2(0)	_
167-4	BOI071	167	167	4	(.)	(.)	_	_	_	_	_	shortpause	_	none	_	_	_	_	_	_
167-5	BOI071	167	167	5	è	è	_	_	_	_	_	linguistic	_	none	_	_	_	_	_	_
167-6	BOI071	167	167	6	una	una	_	_	_	_	_	linguistic	_	none	_	_	_	_	_	_
167-7	BOI071	167	167	7	cosa	cosa	_	_	_	_	_	linguistic	_	none	_	_	_	_	_	_
167-8	BOI071	167	167	8	che	che	_	_	_	_	_	linguistic	_	none	_	_	_	_	_	_
167-9	BOI071	167	167	9	farei	farei	_	_	_	_	_	linguistic	_	none	_	_	_	_	_	_
167-10	BOI071	167	167	10	io	io	_	_	_	_	_	linguistic	_	none	_	End=342.174	_	_	_	_
168-0	BOR021	168	168	0	[(dav)vero]?	davvero	_	_	_	_	_	linguistic	_	none	Intonation=Rising	Begin=339.389|End=339.771	_	_	0-3(0)	0-7(37)
169-0	BOI071	169	169	0	però::	però	_	_	_	_	_	linguistic	_	none	_	Begin=342.657|End=343.248	3x2	_	_	_
170-0	BOI071	170	170	0	arrivarci	arrivarci	_	_	_	_	_	linguistic	_	none	_	Begin=343.557	_	_	_	_
170-1	BOI071	170	170	1	all'	all'	_	_	_	_	_	linguistic	_	none	SpaceAfter=No	_	_	_	_	_
170-2	BOI071	170	170	2	università	università	_	_	_	_	_	linguistic	_	none	_	_	_	_	_	_
170-3	BOI071	170	170	3	prima	prima	_	_	_	_	_	linguistic	_	none	_	_	_	_	_	_
170-4	BOI071	170	170	4	po~	po~	_	_	_	_	_	linguistic	_	none	Interrupted=Yes	End=345.268	_	_	_	_
171-0	BOI071	171	171	0	poi	poi	_	_	_	_	_	linguistic	_	none	_	Begin=345.594|End=345.818	_	_	_	_
172-0	BOR021	172	172	0	poi	poi	_	_	_	_	_	linguistic	_	none	_	Begin=345.861	_	_	_	_
172-1	BOR021	172	172	1	si	si	_	_	_	_	_	linguistic	_	none	_	_	_	_	_	_
172-2	BOR021	172	172	2	vede	vede	_	_	_	_	_	linguistic	_	none	_	_	_	_	_	_
172-3	BOR021	172	172	3	[(della	della	_	_	_	_	_	linguistic	_	none	_	_	_	_	0-5(0)	0-5(38)
172-4	BOR021	172	172	4	serie)]	serie	_	_	_	_	_	linguistic	_	none	_	_	_	_	0-5(0)	0-5(38)
172-5	BOR021	172	172	5	((ride))	((ride))	_	_	_	_	_	nonverbalbehavior	_	none	_	End=347.106	_	_	_	_
173-0	BOI071	173	173	0	[e	e	_	_	_	_	_	linguistic	_	none	_	Begin=346.446	_	_	_	0-1(38)
173-1	BOI071	173	173	1	poi	poi	_	_	_	_	_	linguistic	_	none	_	_	_	_	_	0-3(38)
173-2	BOI071	173	173	2	si	si	_	_	_	_	_	linguistic	_	none	_	_	_	_	_	0-2(38)
173-3	BOI071	173	173	3	vede]	vede	_	_	_	_	_	linguistic	_	none	_	_	_	_	_	0-4(38)
173-4	BOI071	173	173	4	esatto	esatto	_	_	_	_	_	linguistic	_	none	_	End=347.606	_	_	_	_
174-0	BOR021	174	174	0	no	no	_	_	_	_	_	linguistic	_	none	_	Begin=347.744	_	_	_	_
174-1	BOR021	174	174	1	è	è	_	_	_	_	_	linguistic	_	none	_	_	_	_	_	_
174-2	BOR021	174	174	2	vero	vero	_	_	_	_	_	linguistic	_	none	_	End=348.2	_	_	_	_
175-0	BOR021	175	175	0	ma	ma	_	_	_	_	_	linguistic	_	none	_	Begin=348.734	_	_	_	_
175-1	BOR021	175	175	1	secondo	secondo	_	_	_	_	_	linguistic	_	none	_	_	_	_	_	_
175-2	BOR021	175	175	2	voi	voi	_	_	_	_	_	linguistic	_	none	_	_	_	_	_	_
175-3	BOR021	175	175	3	la	la	_	_	_	_	_	linguistic	_	none	_	_	_	_	_	_
175-4	BOR021	175	175	4	città	città	_	_	_	_	_	linguistic	_	none	_	_	_	_	_	_
175-5	BOR021	175	175	5	in	in	_	_	_	_	_	linguistic	_	none	_	_	_	_	_	_
175-6	BOR021	175	175	6	generale:	generale	_	_	_	_	_	linguistic	_	none	_	_	7x1	_	_	_
175-7	BOR021	175	175	7	è	è	_	_	_	_	_	linguistic	_	none	_	_	_	_	_	_
175-8	BOR021	175	175	8	cambiata	cambiata	_	_	_	_	_	linguistic	_	none	_	_	_	_	_	_
175-9	BOR021	175	175	9	molto	molto	_	_	_	_	_	linguistic	_	none	_	_	_	_	_	_
175-10	BOR021	175	175	10	nel	nel	_	_	_	_	_	linguistic	_	none	_	_	_	_	_	_
175-11	BOR021	175	175	11	corso	corso	_	_	_	_	_	linguistic	_	none	_	_	_	_	_	_
175-12	BOR021	175	175	12	del	del	_	_	_	_	_	linguistic	_	none	_	_	_	_	_	_
175-13	BOR021	175	175	13	tempo	tempo	_	_	_	_	_	linguistic	_	none	_	_	_	_	_	_
175-14	BOR021	175	175	14	degli	degli	_	_	_	_	_	linguistic	_	none	_	_	_	_	_	_
175-15	BOR021	175	175	15	anni?	anni	_	_	_	_	_	linguistic	_	none	Intonation=Rising	End=352.765	_	_	_	_
176-0	BOR021	176	176	0	voi	voi	_	_	_	_	_	linguistic	_	none	_	Begin=352.872	_	_	_	_
176-1	BOR021	176	176	1	che	che	_	_	_	_	_	linguistic	_	none	_	_	_	_	_	_
176-2	BOR021	176	176	2	l'	l'	_	_	_	_	_	linguistic	_	none	SpaceAfter=No	_	_	_	_	_
176-3	BOR021	176	176	3	a~	a~	_	_	_	_	_	linguistic	_	none	Interrupted=Yes|PauseAfter=Yes	_	_	_	_	_
176-4	BOR021	176	176	4	(.)	(.)	_	_	_	_	_	shortpause	_	none	_	_	_	_	_	_
176-5	BOR021	176	176	5	l'	l'	_	_	_	_	_	linguistic	_	none	SpaceAfter=No	_	_	_	_	_
176-6	BOR021	176	176	6	avete	avete	_	_	_	_	_	linguistic	_	none	_	_	_	_	_	_
176-7	BOR021	176	176	7	vissuta	vissuta	_	_	_	_	_	linguistic	_	none	Volume=low	_	_	_	_	_
176-8	BOR021	176	176	8	°insomma	insomma	_	_	_	_	_	linguistic	_	none	Volume=low	_	_	_	_	_
176-9	BOR021	176	176	9	da:°	da	_	_	_	_	_	linguistic	_	none	Volume=low	_	1x1	_	_	_
176-10	BOR021	176	176	10	un	un	_	_	_	_	_	linguistic	_	none	_	_	_	_	_	_
176-11	BOR021	176	176	11	bel	bel	_	_	_	_	_	linguistic	_	none	_	_	_	_	_	_
176-12	BOR021	176	176	12	po'	po'	_	_	_	_	_	linguistic	_	none	_	End=355.136	_	_	_	_
177-0	BOI070	177	177	0	beh	beh	_	_	_	_	_	linguistic	_	none	_	Begin=355.51	_	_	_	_
177-1	BOI070	177	177	1	e::	e	_	_	_	_	_	linguistic	_	none	_	End=356.148	0x2	_	_	_
178-0	BOI070	178	178	0	((si_schiarisce_la_voce))	((si_schiarisce_la_voce))	_	_	_	_	_	nonverbalbehavior	_	none	_	Begin=356.409|End=356.717	_	_	_	_
179-0	BOI070	179	179	0	sicuramente:	sicuramente	_	_	_	_	_	linguistic	_	none	_	Begin=356.791	10x1	_	_	_
179-1	BOI070	179	179	1	mh::	mh	_	_	_	_	_	linguistic	_	none	_	_	1x2	_	_	_
179-2	BOI070	179	179	2	ma::	ma	_	_	_	_	_	linguistic	_	none	_	_	1x2	_	_	_
179-3	BOI070	179	179	3	a	a	_	_	_	_	_	linguistic	_	none	_	_	_	_	_	_
179-4	BOI070	179	179	4	dirla	dirla	_	_	_	_	_	linguistic	_	none	_	_	_	_	_	_
179-5	BOI070	179	179	5	schietta	schietta	_	_	_	_	_	linguistic	_	none	_	_	_	_	_	_
179-6	BOI070	179	179	6	così:	così	_	_	_	_	_	linguistic	_	none	_	End=360.429	3x1	_	_	_
180-0	BOI070	180	180	0	son	son	_	_	_	_	_	linguistic	_	none	_	Begin=361.147	_	_	_	_
180-1	BOI070	180	180	1	cambiate	cambiate	_	_	_	_	_	linguistic	_	none	_	_	_	_	_	_
180-2	BOI070	180	180	2	tantissime:	tantissime	_	_	_	_	_	linguistic	_	none	_	End=362.55	9x1	_	_	_
181-0	BOI070	181	181	0	cose:	cose	_	_	_	_	_	linguistic	_	none	_	Begin=363.006	3x1	_	_	_
181-1	BOI070	181	181	1	(in	in	_	_	_	_	_	linguistic	_	none	_	_	_	_	0-2(0)	_
181-2	BOI070	181	181	2	realtà)	realtà	_	_	_	_	_	linguistic	_	none	_	End=363.979	_	_	0-6(0)	_
182-0	BOI070	182	182	0	ma	ma	_	_	_	_	_	linguistic	_	none	_	Begin=364.127	_	_	_	_
182-1	BOI070	182	182	1	cose	cose	_	_	_	_	_	linguistic	_	none	_	_	_	_	_	_
182-2	BOI070	182	182	2	poi	poi	_	_	_	_	_	linguistic	_	none	_	_	_	_	_	_
182-3	BOI070	182	182	3	piccole	piccole	_	_	_	_	_	linguistic	_	none	_	_	_	_	_	_
182-4	BOI070	182	182	4	che	che	_	_	_	_	_	linguistic	_	none	_	_	_	_	_	_
182-5	BOI070	182	182	5	non	non	_	_	_	_	_	linguistic	_	none	_	_	_	_	_	_
182-6	BOI070	182	182	6	si	si	_	_	_	_	_	linguistic	_	none	_	_	_	_	_	_
182-7	BOI070	182	182	7	vedono	vedono	_	_	_	_	_	linguistic	_	none	_	_	_	_	_	_
182-8	BOI070	182	182	8	moltissimo	moltissimo	_	_	_	_	_	linguistic	_	none	_	_	_	_	_	_
182-9	BOI070	182	182	9	okay	okay	_	_	_	_	_	linguistic	_	none	_	_	_	_	_	_
182-10	BOI070	182	182	10	magari	magari	_	_	_	_	_	linguistic	_	none	_	End=367.107	_	_	_	_
183-0	BOI070	183	183	0	((si_schiarisce_la_voce))	((si_schiarisce_la_voce))	_	_	_	_	_	nonverbalbehavior	_	none	_	Begin=367.335|End=367.642	_	_	_	_
184-0	BOI070	184	184	0	c'	c'	_	_	_	_	_	linguistic	_	none	SpaceAfter=No	Begin=369.295	_	_	_	_
184-1	BOI070	184	184	1	è	è	_	_	_	_	_	linguistic	_	none	_	_	_	_	_	_
184-2	BOI070	184	184	2	meno	meno	_	_	_	_	_	linguistic	_	none	_	_	_	_	_	_
184-3	BOI070	184	184	3	degrado	degrado	_	_	_	_	_	linguistic	_	none	_	_	_	_	_	_
184-4	BOI070	184	184	4	forse	forse	_	_	_	_	_	linguistic	_	none	_	_	_	_	_	_
184-5	BOI070	184	184	5	in	in	_	_	_	_	_	linguistic	_	none	_	_	_	_	_	_
184-6	BOI070	184	184	6	giro	giro	_	_	_	_	_	linguistic	_	none	_	End=371.023	_	_	_	_
185-0	BOI070	185	185	0	ma:	ma	_	_	_	_	_	linguistic	_	none	_	Begin=371.395	1x1	_	_	_
185-1	BOI070	185	185	1	c'	c'	_	_	_	_	_	linguistic	_	none	SpaceAfter=No	_	_	_	_	_
185-2	BOI070	185	185	2	è	è	_	_	_	_	_	linguistic	_	none	_	_	_	_	_	_
185-3	BOI070	185	185	3	anche	anche	_	_	_	_	_	linguistic	_	none	_	_	_	_	_	_
185-4	BOI070	185	185	4	mh:	mh	_	_	_	_	_	linguistic	_	none	_	_	1x1	_	_	_
185-5	BOI070	185	185	5	mena:	mena	_	_	_	_	_	linguistic	_	none	_	End=373.12	3x1	_	_	_
186-0	BOI070	186	186	0	meno::	meno	_	_	_	_	_	linguistic	_	none	_	Begin=373.442|End=374.2	3x2	_	_	_
187-0	BOI070	187	187	0	meno:	meno	_	_	_	_	_	linguistic	_	none	_	Begin=374.718	3x1	_	_	_
187-1	BOI070	187	187	1	ecco	ecco	_	_	_	_	_	linguistic	_	none	_	_	_	_	_	_
187-2	BOI070	187	187	2	mh	mh	_	_	_	_	_	linguistic	_	none	_	End=375.932	_	_	_	_
188-0	BOI070	188	188	0	in	in	_	_	_	_	_	linguistic	_	none	_	Begin=376.302	_	_	_	_
188-1	BOI070	188	188	1	un	un	_	_	_	_	_	linguistic	_	none	_	_	_	_	_	_
188-2	BOI070	188	188	2	certo	certo	_	_	_	_	_	linguistic	_	none	_	_	_	_	_	_
188-3	BOI070	188	188	3	senso	senso	_	_	_	_	_	linguistic	_	none	_	End=377.436	_	_	_	_
189-0	BOI070	189	189	0	collettività	collettività	_	_	_	_	_	linguistic	_	none	_	Begin=378.06|End=378.765	_	_	_	_
190-0	BOR021	190	190	0	in	in	_	_	_	_	_	linguistic	_	none	_	Begin=379.335	_	_	_	_
190-1	BOR021	190	190	1	che	che	_	_	_	_	_	linguistic	_	none	_	_	_	_	_	_
190-2	BOR021	190	190	2	senso?	senso	_	_	_	_	_	linguistic	_	none	Intonation=Rising	End=379.791	_	_	_	_
191-0	BOI070	191	191	0	nel	nel	_	_	_	_	_	linguistic	_	none	_	Begin=380.181	_	_	_	_
191-1	BOI070	191	191	1	senso:	senso	_	_	_	_	_	linguistic	_	none	_	End=380.942	4x1	_	_	_
192-0	BOI070	192	192	0	tempo	tempo	_	_	_	_	_	linguistic	_	none	_	Begin=381.154	_	_	_	_
192-1	BOI070	192	192	1	fa:	fa	_	_	_	_	_	linguistic	_	none	_	End=381.716	1x1	_	_	_
193-0	BOI070	193	193	0	era:	era	_	_	_	_	_	linguistic	_	none	PauseAfter=Yes	Begin=382.04	2x1	_	_	_
193-1	BOI070	193	193	1	(.)	(.)	_	_	_	_	_	shortpause	_	none	_	_	_	_	_	_
193-2	BOI070	193	193	2	>un'	un'	_	_	_	_	_	linguistic	_	none	SpaceAfter=No	_	_	Fast=0-3(0)	_	_
193-3	BOI070	193	193	3	altra<	altra	_	_	_	_	_	linguistic	_	none	PauseAfter=Yes	_	_	Fast=0-5(0)	_	_
193-4	BOI070	193	193	4	(.)	(.)	_	_	_	_	_	shortpause	_	none	_	_	_	_	_	_
193-5	BOI070	193	193	5	c(io)è	cioè	_	_	_	_	_	linguistic	_	none	Reduced=Yes	End=383.047	_	_	_	_
194-0	BOI070	194	194	0	c'	c'	_	_	_	_	_	linguistic	_	none	SpaceAfter=No	Begin=383.248	_	_	_	_
194-1	BOI070	194	194	1	è	è	_	_	_	_	_	linguistic	_	none	_	_	_	_	_	_
194-2	BOI070	194	194	2	una	una	_	_	_	_	_	linguistic	_	none	_	_	_	_	_	_
194-3	BOI070	194	194	3	collettività	collettività	_	_	_	_	_	linguistic	_	none	_	_	_	_	_	_
194-4	BOI070	194	194	4	ma	ma	_	_	_	_	_	linguistic	_	none	_	_	_	_	_	_
194-5	BOI070	194	194	5	una	una	_	_	_	_	_	linguistic	_	none	_	_	_	_	_	_
194-6	BOI070	194	194	6	collettività	collettività	_	_	_	_	_	linguistic	_	none	_	_	_	_	_	_
194-7	BOI070	194	194	7	<diversa>	diversa	_	_	_	_	_	linguistic	_	none	_	End=385.335	_	Slow=0-7(0)	_	_
195-0	BOR021	195	195	0	mh	mh	_	_	_	_	_	linguistic	_	none	_	Begin=385.744|End=385.879	_	_	_	_
196-0	BOI070	196	196	0	non	non	_	_	_	_	_	linguistic	_	none	_	Begin=386.543	_	_	_	_
196-1	BOI070	196	196	1	quella	quella	_	_	_	_	_	linguistic	_	none	_	_	_	_	_	_
196-2	BOI070	196	196	2	collettività	collettività	_	_	_	_	_	linguistic	_	none	_	_	_	_	_	_
196-3	BOI070	196	196	3	vera	vera	_	_	_	_	_	linguistic	_	none	_	_	_	_	_	_
196-4	BOI070	196	196	4	no,	no	_	_	_	_	_	linguistic	_	none	Intonation=WeaklyRising	_	_	_	_	_
196-5	BOI070	196	196	5	nel	nel	_	_	_	_	_	linguistic	_	none	_	_	_	_	_	_
196-6	BOI070	196	196	6	mh	mh	_	_	_	_	_	linguistic	_	none	_	_	_	_	_	_
196-7	BOI070	196	196	7	>io	io	_	_	_	_	_	linguistic	_	none	_	_	_	Fast=0-2(0)	_	_
196-8	BOI070	196	196	8	mi	mi	_	_	_	_	_	linguistic	_	none	_	_	_	Fast=0-2(0)	_	_
196-9	BOI070	196	196	9	ricordo:<	ricordo	_	_	_	_	_	linguistic	_	none	_	End=389.245	6x1	Fast=0-7(0)	_	_
197-0	BOI070	197	197	0	quando	quando	_	_	_	_	_	linguistic	_	none	_	Begin=389.892	_	_	_	_
197-1	BOI070	197	197	1	ero	ero	_	_	_	_	_	linguistic	_	none	_	_	_	_	_	_
197-2	BOI070	197	197	2	più	più	_	_	_	_	_	linguistic	_	none	_	_	_	_	_	_
197-3	BOI070	197	197	3	piccolo	piccolo	_	_	_	_	_	linguistic	_	none	PauseAfter=Yes	_	_	_	_	_
197-4	BOI070	197	197	4	(.)	(.)	_	_	_	_	_	shortpause	_	none	_	_	_	_	_	_
197-5	BOI070	197	197	5	bologna	bologna	_	_	_	_	_	linguistic	_	none	_	End=391.583	_	_	_	_
198-0	BOI070	198	198	0	mi	mi	_	_	_	_	_	linguistic	_	none	_	Begin=391.979	_	_	_	_
198-1	BOI070	198	198	1	è	è	_	_	_	_	_	linguistic	_	none	_	_	_	_	_	_
198-2	BOI070	198	198	2	sempre	sempre	_	_	_	_	_	linguistic	_	none	_	_	_	_	_	_
198-3	BOI070	198	198	3	sembrata	sembrata	_	_	_	_	_	linguistic	_	none	_	_	_	_	_	_
198-4	BOI070	198	198	4	un:	un	_	_	_	_	_	linguistic	_	none	_	_	1x1	_	_	_
198-5	BOI070	198	198	5	(posto	posto	_	_	_	_	_	linguistic	_	none	_	_	_	_	0-5(0)	_
198-6	BOI070	198	198	6	>veramente<)	veramente	_	_	_	_	_	linguistic	_	none	_	_	_	Fast=0-9(0)	0-9(0)	_
198-7	BOI070	198	198	7	molto:	molto	_	_	_	_	_	linguistic	_	none	_	End=394.442	4x1	_	_	_
199-0	BOI070	199	199	0	infiammato	infiammato	_	_	_	_	_	linguistic	_	none	_	Begin=394.892	_	_	_	_
199-1	BOI070	199	199	1	nel	nel	_	_	_	_	_	linguistic	_	none	_	_	_	_	_	_
199-2	BOI070	199	199	2	senso:	senso	_	_	_	_	_	linguistic	_	none	_	End=396.483	4x1	_	_	_
200-0	BOI070	200	200	0	(un	un	_	_	_	_	_	linguistic	_	none	_	Begin=396.912	_	_	0-2(0)	_
200-1	BOI070	200	200	1	po'	po'	_	_	_	_	_	linguistic	_	none	_	_	_	_	0-3(0)	_
200-2	BOI070	200	200	2	più)	più	_	_	_	_	_	linguistic	_	none	_	End=397.161	_	_	0-3(0)	_
201-0	BOI070	201	201	0	pieno	pieno	_	_	_	_	_	linguistic	_	none	_	Begin=397.577	_	_	_	_
201-1	BOI070	201	201	1	di	di	_	_	_	_	_	linguistic	_	none	_	_	_	_	_	_
201-2	BOI070	201	201	2	calore:	calore	_	_	_	_	_	linguistic	_	none	PauseAfter=Yes	_	5x1	_	_	_
201-3	BOI070	201	201	3	(.)	(.)	_	_	_	_	_	shortpause	_	none	_	_	_	_	_	_
201-4	BOI070	201	201	4	e	e	_	_	_	_	_	linguistic	_	none	_	_	_	_	_	_
201-5	BOI070	201	201	5	in	in	_	_	_	_	_	linguistic	_	none	_	_	_	_	_	_
201-6	BOI070	201	201	6	un	un	_	_	_	_	_	linguistic	_	none	_	_	_	_	_	_
201-7	BOI070	201	201	7	certo	certo	_	_	_	_	_	linguistic	_	none	_	_	_	_	_	_
201-8	BOI070	201	201	8	senso	senso	_	_	_	_	_	linguistic	_	none	PauseAfter=Yes	_	_	_	_	_
201-9	BOI070	201	201	9	(.)	(.)	_	_	_	_	_	shortpause	_	none	_	_	_	_	_	_
201-10	BOI070	201	201	10	umano	umano	_	_	_	_	_	linguistic	_	none	_	End=400.431	_	_	_	_
202-0	BOI070	202	202	0	(o)k(ay),	okay	_	_	_	_	_	linguistic	_	none	Intonation=WeaklyRising	Begin=400.852	_	_	0-1(0),2-4(1)	_
202-1	BOI070	202	202	1	si	si	_	_	_	_	_	linguistic	_	none	_	_	_	_	_	_
202-2	BOI070	202	202	2	può	può	_	_	_	_	_	linguistic	_	none	_	_	_	_	_	_
202-3	BOI070	202	202	3	dire?	dire	_	_	_	_	_	linguistic	_	none	Intonation=Rising	End=401.617	_	_	_	_
203-0	BOR021	203	203	0	sì	sì	_	_	_	_	_	linguistic	_	none	PauseAfter=Yes	Begin=401.832	_	_	_	_
203-1	BOR021	203	203	1	(.)	(.)	_	_	_	_	_	shortpause	_	none	_	_	_	_	_	_
203-2	BOR021	203	203	2	°sìsì°	sìsì	_	_	_	_	_	linguistic	_	none	Volume=low	End=402.342	_	_	_	_
204-0	BOI070	204	204	0	più	più	_	_	_	_	_	linguistic	_	none	_	Begin=402.503	_	_	_	_
204-1	BOI070	204	204	1	sociale	sociale	_	_	_	_	_	linguistic	_	none	_	End=403.208	_	_	_	_
205-0	BOI070	205	205	0	più:::	più	_	_	_	_	_	linguistic	_	none	_	Begin=403.328|End=403.986	2x3	_	_	_
206-0	BOI070	206	206	0	più:::	più	_	_	_	_	_	linguistic	_	none	_	Begin=404.63	2x3	_	_	_
206-1	BOI070	206	206	1	mh:::	mh	_	_	_	_	_	linguistic	_	none	_	End=406.053	1x3	_	_	_
207-0	BOI070	207	207	0	più	più	_	_	_	_	_	linguistic	_	none	_	Begin=406.919	_	_	_	_
207-1	BOI070	207	207	1	collettiva	collettiva	_	_	_	_	_	linguistic	_	none	_	_	_	_	_	_
207-2	BOI070	207	207	2	sì	sì	_	_	_	_	_	linguistic	_	none	_	_	_	_	_	_
207-3	BOI070	207	207	3	eh	eh	_	_	_	_	_	linguistic	_	none	_	_	_	_	_	_
207-4	BOI070	207	207	4	più	più	_	_	_	_	_	linguistic	_	none	_	_	_	_	_	_
207-5	BOI070	207	207	5	unita	unita	_	_	_	_	_	linguistic	_	none	_	_	_	_	_	_
207-6	BOI070	207	207	6	ecco	ecco	_	_	_	_	_	linguistic	_	none	_	End=408.977	_	_	_	_
208-0	BOI070	208	208	0	col	col	_	_	_	_	_	linguistic	_	none	_	Begin=409.402	_	_	_	_
208-1	BOI070	208	208	1	tempo:	tempo	_	_	_	_	_	linguistic	_	none	_	End=410.04	4x1	_	_	_
209-0	BOI070	209	209	0	ho	ho	_	_	_	_	_	linguistic	_	none	_	Begin=410.288	_	_	_	_
209-1	BOI070	209	209	1	notato	notato	_	_	_	_	_	linguistic	_	none	_	_	_	_	_	_
209-2	BOI070	209	209	2	che	che	_	_	_	_	_	linguistic	_	none	_	_	_	_	_	_
209-3	BOI070	209	209	3	però::	però	_	_	_	_	_	linguistic	_	none	_	_	3x2	_	_	_
209-4	BOI070	209	209	4	(in)	in	_	_	_	_	_	linguistic	_	none	_	_	_	_	0-2(0)	_
209-5	BOI070	209	209	5	realtà	realtà	_	_	_	_	_	linguistic	_	none	_	_	_	_	_	_
209-6	BOI070	209	209	6	le	le	_	_	_	_	_	linguistic	_	none	_	_	_	_	_	_
209-7	BOI070	209	209	7	cose	cose	_	_	_	_	_	linguistic	_	none	_	_	_	_	_	_
209-8	BOI070	209	209	8	cambiano	cambiano	_	_	_	_	_	linguistic	_	none	_	End=412.651	_	_	_	_
210-0	BOI070	210	210	0	gli	gli	_	_	_	_	_	linguistic	_	none	_	Begin=413.308	_	_	_	_
210-1	BOI070	210	210	1	amici	amici	_	_	_	_	_	linguistic	_	none	_	_	_	_	_	_
210-2	BOI070	210	210	2	magari::	magari	_	_	_	_	_	linguistic	_	none	_	_	5x2	_	_	_
210-3	BOI070	210	210	3	>se	se	_	_	_	_	_	linguistic	_	none	_	_	_	Fast=0-2(0)	_	_
210-4	BOI070	210	210	4	ne	ne	_	_	_	_	_	linguistic	_	none	_	_	_	Fast=0-2(0)	_	_
210-5	BOI070	210	210	5	vanno<,	vanno	_	_	_	_	_	linguistic	_	none	Intonation=WeaklyRising	End=414.845	_	Fast=0-5(0)	_	_
211-0	BOI070	211	211	0	e:::	e	_	_	_	_	_	linguistic	_	none	_	Begin=415.402	0x3	_	_	_
211-1	BOI070	211	211	1	magari:	magari	_	_	_	_	_	linguistic	_	none	_	End=416.467	5x1	_	_	_
212-0	BOI070	212	212	0	cambiano	cambiano	_	_	_	_	_	linguistic	_	none	_	Begin=417.187	_	_	_	_
212-1	BOI070	212	212	1	le	le	_	_	_	_	_	linguistic	_	none	_	_	_	_	_	_
212-2	BOI070	212	212	2	persone	persone	_	_	_	_	_	linguistic	_	none	_	_	_	_	_	_
212-3	BOI070	212	212	3	che	che	_	_	_	_	_	linguistic	_	none	_	_	_	_	_	_
212-4	BOI070	212	212	4	ci	ci	_	_	_	_	_	linguistic	_	none	_	_	_	_	_	_
212-5	BOI070	212	212	5	vivono	vivono	_	_	_	_	_	linguistic	_	none	_	End=418.639	_	_	_	_
213-0	BOI070	213	213	0	maggior	maggior	_	_	_	_	_	linguistic	_	none	_	Begin=419.14	_	_	_	_
213-1	BOI070	213	213	1	parte	parte	_	_	_	_	_	linguistic	_	none	_	_	_	_	_	_
213-2	BOI070	213	213	2	delle	delle	_	_	_	_	_	linguistic	_	none	_	_	_	_	_	_
213-3	BOI070	213	213	3	persone	persone	_	_	_	_	_	linguistic	_	none	_	_	_	_	_	_
213-4	BOI070	213	213	4	si	si	_	_	_	_	_	linguistic	_	none	_	_	_	_	_	_
213-5	BOI070	213	213	5	trasferisce	trasferisce	_	_	_	_	_	linguistic	_	none	_	_	_	_	_	_
213-6	BOI070	213	213	6	dopo	dopo	_	_	_	_	_	linguistic	_	none	_	_	_	_	_	_
213-7	BOI070	213	213	7	(i)	i	_	_	_	_	_	linguistic	_	none	_	_	_	_	0-1(0)	_
213-8	BOI070	213	213	8	tot	tot	_	_	_	_	_	linguistic	_	none	_	_	_	_	_	_
213-9	BOI070	213	213	9	anni	anni	_	_	_	_	_	linguistic	_	none	_	_	_	_	_	_
213-10	BOI070	213	213	10	a	a	_	_	_	_	_	linguistic	_	none	_	_	_	_	_	_
213-11	BOI070	213	213	11	bologna	bologna	_	_	_	_	_	linguistic	_	none	_	End=421.751	_	_	_	_
214-0	BOI070	214	214	0	ho	ho	_	_	_	_	_	linguistic	_	none	_	Begin=422.382	_	_	_	_
214-1	BOI070	214	214	1	conosciuto	conosciuto	_	_	_	_	_	linguistic	_	none	_	_	_	_	_	_
214-2	BOI070	214	214	2	persone	persone	_	_	_	_	_	linguistic	_	none	_	_	_	_	_	_
214-3	BOI070	214	214	3	che	che	_	_	_	_	_	linguistic	_	none	_	_	_	_	_	_
214-4	BOI070	214	214	4	vivevano	vivevano	_	_	_	_	_	linguistic	_	none	_	_	_	_	_	_
214-5	BOI070	214	214	5	qui	qui	_	_	_	_	_	linguistic	_	none	_	_	_	_	_	_
214-6	BOI070	214	214	6	da	da	_	_	_	_	_	linguistic	_	none	_	_	_	_	_	_
214-7	BOI070	214	214	7	dieci	dieci	_	_	_	_	_	linguistic	_	none	PauseAfter=Yes	_	_	_	_	_
214-8	BOI070	214	214	8	(.)	(.)	_	_	_	_	_	shortpause	_	none	_	_	_	_	_	_
214-9	BOI070	214	214	9	quindici	quindici	_	_	_	_	_	linguistic	_	none	_	_	_	_	_	_
214-10	BOI070	214	214	10	anni	anni	_	_	_	_	_	linguistic	_	none	_	_	_	_	_	_
214-11	BOI070	214	214	11	e	e	_	_	_	_	_	linguistic	_	none	_	_	_	_	_	_
214-12	BOI070	214	214	12	han	han	_	_	_	_	_	linguistic	_	none	_	_	_	_	_	_
214-13	BOI070	214	214	13	deciso	deciso	_	_	_	_	_	linguistic	_	none	_	_	_	_	_	_
214-14	BOI070	214	214	14	così	così	_	_	_	_	_	linguistic	_	none	_	_	_	_	_	_
214-15	BOI070	214	214	15	da	da	_	_	_	_	_	linguistic	_	none	_	_	_	_	_	_
214-16	BOI070	214	214	16	un	un	_	_	_	_	_	linguistic	_	none	_	_	_	_	_	_
214-17	BOI070	214	214	17	momento	momento	_	_	_	_	_	linguistic	_	none	_	_	_	_	_	_
214-18	BOI070	214	214	18	all'	all'	_	_	_	_	_	linguistic	_	none	SpaceAfter=No	_	_	_	_	_
214-19	BOI070	214	214	19	altro	altro	_	_	_	_	_	linguistic	_	none	_	_	_	_	_	_
214-20	BOI070	214	214	20	di	di	_	_	_	_	_	linguistic	_	none	_	_	_	_	_	_
214-21	BOI070	214	214	21	prendere	prendere	_	_	_	_	_	linguistic	_	none	_	_	_	_	_	_
214-22	BOI070	214	214	22	e	e	_	_	_	_	_	linguistic	_	none	_	_	_	_	_	_
214-23	BOI070	214	214	23	andarsene	andarsene	_	_	_	_	_	linguistic	_	none	_	End=427.013	_	_	_	_
215-0	BOI070	215	215	0	perché::	perché	_	_	_	_	_	linguistic	_	none	_	Begin=427.979	5x2	_	_	_
215-1	BOI070	215	215	1	magari	magari	_	_	_	_	_	linguistic	_	none	_	_	_	_	_	_
215-2	BOI070	215	215	2	ti	ti	_	_	_	_	_	linguistic	_	none	_	_	_	_	_	_
215-3	BOI070	215	215	3	fa	fa	_	_	_	_	_	linguistic	_	none	_	_	_	_	_	_
215-4	BOI070	215	215	4	quest'	quest'	_	_	_	_	_	linguistic	_	none	SpaceAfter=No	_	_	_	_	_
215-5	BOI070	215	215	5	effetto	effetto	_	_	_	_	_	linguistic	_	none	_	End=430.0	_	_	_	_
216-0	BOI070	216	216	0	c(io)è	cioè	_	_	_	_	_	linguistic	_	none	Reduced=Yes	Begin=430.644	_	_	_	_
216-1	BOI070	216	216	1	bologna:	bologna	_	_	_	_	_	linguistic	_	none	PauseAfter=Yes	_	6x1	_	_	_
216-2	BOI070	216	216	2	(.)	(.)	_	_	_	_	_	shortpause	_	none	_	_	_	_	_	_
216-3	BOI070	216	216	3	la:	la	_	_	_	_	_	linguistic	_	none	PauseAfter=Yes	_	1x1	_	_	_
216-4	BOI070	216	216	4	(.)	(.)	_	_	_	_	_	shortpause	_	none	_	_	_	_	_	_
216-5	BOI070	216	216	5	la	la	_	_	_	_	_	linguistic	_	none	_	_	_	_	_	_
216-6	BOI070	216	216	6	consiglierei:	consiglierei	_	_	_	_	_	linguistic	_	none	_	End=433.382	11x1	_	_	_
217-0	BOI070	217	217	0	e:h	eh	_	_	_	_	_	linguistic	_	none	_	Begin=434.127	0x1	_	_	_
217-1	BOI070	217	217	1	tantissimo	tantissimo	_	_	_	_	_	linguistic	_	none	_	_	_	_	_	_
217-2	BOI070	217	217	2	alle	alle	_	_	_	_	_	linguistic	_	none	_	_	_	_	_	_
217-3	BOI070	217	217	3	persone	persone	_	_	_	_	_	linguistic	_	none	_	_	_	_	_	_
217-4	BOI070	217	217	4	che	che	_	_	_	_	_	linguistic	_	none	_	End=435.704	_	_	_	_
218-0	BOI070	218	218	0	ci	ci	_	_	_	_	_	linguistic	_	none	_	Begin=436.181	_	_	_	_
218-1	BOI070	218	218	1	verrebbero	verrebbero	_	_	_	_	_	linguistic	_	none	_	_	_	_	_	_
218-2	BOI070	218	218	2	a	a	_	_	_	_	_	linguistic	_	none	_	_	_	_	_	_
218-3	BOI070	218	218	3	vivere	vivere	_	_	_	_	_	linguistic	_	none	_	_	_	_	_	_
218-4	BOI070	218	218	4	da	da	_	_	_	_	_	linguistic	_	none	_	_	_	_	_	_
218-5	BOI070	218	218	5	capo	capo	_	_	_	_	_	linguistic	_	none	_	End=437.818	_	_	_	_
219-0	BOI070	219	219	0	ma	ma	_	_	_	_	_	linguistic	_	none	_	Begin=439.295	_	_	_	_
219-1	BOI070	219	219	1	non	non	_	_	_	_	_	linguistic	_	none	_	_	_	_	_	_
219-2	BOI070	219	219	2	a	a	_	_	_	_	_	linguistic	_	none	_	_	_	_	_	_
219-3	BOI070	219	219	3	quelle	quelle	_	_	_	_	_	linguistic	_	none	_	_	_	_	_	_
219-4	BOI070	219	219	4	che	che	_	_	_	_	_	linguistic	_	none	_	_	_	_	_	_
219-5	BOI070	219	219	5	c'	c'	_	_	_	_	_	linguistic	_	none	SpaceAfter=No	_	_	_	_	_
219-6	BOI070	219	219	6	han	han	_	_	_	_	_	linguistic	_	none	_	_	_	_	_	_
219-7	BOI070	219	219	7	già	già	_	_	_	_	_	linguistic	_	none	_	_	_	_	_	_
219-8	BOI070	219	219	8	vissuto	vissuto	_	_	_	_	_	linguistic	_	none	_	_	_	_	_	_
219-9	BOI070	219	219	9	e	e	_	_	_	_	_	linguistic	_	none	_	_	_	_	_	_
219-10	BOI070	219	219	10	che	che	_	_	_	_	_	linguistic	_	none	_	_	_	_	_	_
219-11	BOI070	219	219	11	debbano	debbano	_	_	_	_	_	linguistic	_	none	PauseAfter=Yes	_	_	_	_	_
219-12	BOI070	219	219	12	(.)	(.)	_	_	_	_	_	shortpause	_	none	_	_	_	_	_	_
219-13	BOI070	219	219	13	poi	poi	_	_	_	_	_	linguistic	_	none	_	End=442.085	_	_	_	_
220-0	BOI070	220	220	0	andarsene	andarsene	_	_	_	_	_	linguistic	_	none	_	Begin=442.536	_	_	_	_
220-1	BOI070	220	220	1	>perché<	perché	_	_	_	_	_	linguistic	_	none	_	_	_	Fast=0-6(0)	_	_
220-2	BOI070	220	220	2	ti	ti	_	_	_	_	_	linguistic	_	none	_	_	_	_	_	_
220-3	BOI070	220	220	3	crea	crea	_	_	_	_	_	linguistic	_	none	_	_	_	_	_	_
220-4	BOI070	220	220	4	questo	questo	_	_	_	_	_	linguistic	_	none	_	_	_	_	_	_
220-5	BOI070	220	220	5	effetto	effetto	_	_	_	_	_	linguistic	_	none	_	_	_	_	_	_
220-6	BOI070	220	220	6	come	come	_	_	_	_	_	linguistic	_	none	_	_	_	_	_	_
220-7	BOI070	220	220	7	ogni	ogni	_	_	_	_	_	linguistic	_	none	_	_	_	_	_	_
220-8	BOI070	220	220	8	città	città	_	_	_	_	_	linguistic	_	none	_	_	_	_	_	_
220-9	BOI070	220	220	9	no,	no	_	_	_	_	_	linguistic	_	none	Intonation=WeaklyRising	_	_	_	_	_
220-10	BOI070	220	220	10	mag[ari]	magari	_	_	_	_	_	linguistic	_	none	_	End=445.631	_	_	_	3-6(52)
221-0	BOR021	221	221	0	[cer]to	certo	_	_	_	_	_	linguistic	_	none	_	Begin=445.396|End=445.761	_	_	_	0-3(52)
222-0	BOI070	222	222	0	ti	ti	_	_	_	_	_	linguistic	_	none	_	Begin=446.115	_	_	_	_
222-1	BOI070	222	222	1	sposti	sposti	_	_	_	_	_	linguistic	_	none	_	_	_	_	_	_
222-2	BOI070	222	222	2	sempre	sempre	_	_	_	_	_	linguistic	_	none	_	_	_	_	_	_
222-3	BOI070	222	222	3	da	da	_	_	_	_	_	linguistic	_	none	_	_	_	_	_	_
222-4	BOI070	222	222	4	una	una	_	_	_	_	_	linguistic	_	none	_	_	_	_	_	_
222-5	BOI070	222	222	5	città	città	_	_	_	_	_	linguistic	_	none	_	_	_	_	_	_
222-6	BOI070	222	222	6	all'	all'	_	_	_	_	_	linguistic	_	none	SpaceAfter=No	_	_	_	_	_
222-7	BOI070	222	222	7	altra	altra	_	_	_	_	_	linguistic	_	none	_	_	_	_	_	_
222-8	BOI070	222	222	8	nella	nella	_	_	_	_	_	linguistic	_	none	_	_	_	_	_	_
222-9	BOI070	222	222	9	vita	vita	_	_	_	_	_	linguistic	_	none	_	_	_	_	_	_
222-10	BOI070	222	222	10	>una	una	_	_	_	_	_	linguistic	_	none	_	_	_	Fast=0-3(0)	_	_
222-11	BOI070	222	222	11	volta	volta	_	_	_	_	_	linguistic	_	none	_	_	_	Fast=0-5(0)	_	_
222-12	BOI070	222	222	12	nella	nella	_	_	_	_	_	linguistic	_	none	_	_	_	Fast=0-5(0)	_	_
222-13	BOI070	222	222	13	vita<	vita	_	_	_	_	_	linguistic	_	none	_	_	_	Fast=0-4(0)	_	_
222-14	BOI070	222	222	14	deve	deve	_	_	_	_	_	linguistic	_	none	_	_	_	_	_	_
222-15	BOI070	222	222	15	succedere	succedere	_	_	_	_	_	linguistic	_	none	_	_	_	_	_	_
222-16	BOI070	222	222	16	che	che	_	_	_	_	_	linguistic	_	none	_	_	_	_	_	_
222-17	BOI070	222	222	17	devi	devi	_	_	_	_	_	linguistic	_	none	_	_	_	_	_	_
222-18	BOI070	222	222	18	provare	provare	_	_	_	_	_	linguistic	_	none	_	_	_	_	_	_
222-19	BOI070	222	222	19	un'	un'	_	_	_	_	_	linguistic	_	none	SpaceAfter=No	_	_	_	_	_
222-20	BOI070	222	222	20	altra	altra	_	_	_	_	_	linguistic	_	none	_	_	_	_	_	_
222-21	BOI070	222	222	21	città	città	_	_	_	_	_	linguistic	_	none	_	End=450.451	_	_	_	_
223-0	BOI070	223	223	0	poi	poi	_	_	_	_	_	linguistic	_	none	PauseAfter=Yes	Begin=450.513	_	_	_	_
223-1	BOI070	223	223	1	(.)	(.)	_	_	_	_	_	shortpause	_	none	_	_	_	_	_	_
223-2	BOI070	223	223	2	>chiaramente<	chiaramente	_	_	_	_	_	linguistic	_	none	_	_	_	Fast=0-11(0)	_	_
223-3	BOI070	223	223	3	c'	c'	_	_	_	_	_	linguistic	_	none	SpaceAfter=No	_	_	_	_	_
223-4	BOI070	223	223	4	è	è	_	_	_	_	_	linguistic	_	none	_	_	_	_	_	_
223-5	BOI070	223	223	5	chi	chi	_	_	_	_	_	linguistic	_	none	_	_	_	_	_	_
223-6	BOI070	223	223	6	sta	sta	_	_	_	_	_	linguistic	_	none	_	_	_	_	_	_
223-7	BOI070	223	223	7	bene	bene	_	_	_	_	_	linguistic	_	none	_	_	_	_	_	_
223-8	BOI070	223	223	8	una	una	_	_	_	_	_	linguistic	_	none	_	_	_	_	_	_
223-9	BOI070	223	223	9	città	città	_	_	_	_	_	linguistic	_	none	_	_	_	_	_	_
223-10	BOI070	223	223	10	e	e	_	_	_	_	_	linguistic	_	none	_	_	_	_	_	_
223-11	BOI070	223	223	11	basta	basta	_	_	_	_	_	linguistic	_	none	_	_	_	_	_	_
223-12	BOI070	223	223	12	no?	no	_	_	_	_	_	linguistic	_	none	Intonation=Rising	End=452.814	_	_	_	_
224-0	BOI070	224	224	0	però:	però	_	_	_	_	_	linguistic	_	none	_	Begin=453.433	3x1	_	_	_
224-1	BOI070	224	224	1	bologna	bologna	_	_	_	_	_	linguistic	_	none	PauseAfter=Yes	_	_	_	_	_
224-2	BOI070	224	224	2	(.)	(.)	_	_	_	_	_	shortpause	_	none	_	_	_	_	_	_
224-3	BOI070	224	224	3	((si_schiarisce_la_voce))	((si_schiarisce_la_voce))	_	_	_	_	_	nonverbalbehavior	_	none	_	_	_	_	_	_
224-4	BOI070	224	224	4	ti	ti	_	_	_	_	_	linguistic	_	none	_	_	_	_	_	_
224-5	BOI070	224	224	5	dà	dà	_	_	_	_	_	linguistic	_	none	_	_	_	_	_	_
224-6	BOI070	224	224	6	quest'	quest'	_	_	_	_	_	linguistic	_	none	SpaceAfter=No	_	_	_	_	_
224-7	BOI070	224	224	7	effetto	effetto	_	_	_	_	_	linguistic	_	none	_	End=455.616	_	_	_	_
225-0	BOI070	225	225	0	c(io)è:	cioè	_	_	_	_	_	linguistic	_	none	Reduced=Yes	Begin=456.787	3x1	_	_	_
225-1	BOI070	225	225	1	ti	ti	_	_	_	_	_	linguistic	_	none	_	_	_	_	_	_
225-2	BOI070	225	225	2	dà:	dà	_	_	_	_	_	linguistic	_	none	_	_	1x1	_	_	_
225-3	BOI070	225	225	3	quell'	quell'	_	_	_	_	_	linguistic	_	none	SpaceAfter=No	_	_	_	_	_
225-4	BOI070	225	225	4	effetto:	effetto	_	_	_	_	_	linguistic	_	none	_	_	6x1	_	_	_
225-5	BOI070	225	225	5	non	non	_	_	_	_	_	linguistic	_	none	_	_	_	_	_	_
225-6	BOI070	225	225	6	lo	lo	_	_	_	_	_	linguistic	_	none	_	_	_	_	_	_
225-7	BOI070	225	225	7	so,	so	_	_	_	_	_	linguistic	_	none	Intonation=WeaklyRising	End=458.884	_	_	_	_
226-0	BOI070	226	226	0	a	a	_	_	_	_	_	linguistic	_	none	_	Begin=459.088	_	_	_	_
226-1	BOI070	226	226	1	me	me	_	_	_	_	_	linguistic	_	none	_	_	_	_	_	_
226-2	BOI070	226	226	2	mi	mi	_	_	_	_	_	linguistic	_	none	_	_	_	_	_	_
226-3	BOI070	226	226	3	ha	ha	_	_	_	_	_	linguistic	_	none	_	_	_	_	_	_
226-4	BOI070	226	226	4	sempre	sempre	_	_	_	_	_	linguistic	_	none	_	_	_	_	_	_
226-5	BOI070	226	226	5	dato	dato	_	_	_	_	_	linguistic	_	none	_	_	_	_	_	_
226-6	BOI070	226	226	6	un	un	_	_	_	_	_	linguistic	_	none	_	_	_	_	_	_
226-7	BOI070	226	226	7	po'	po'	_	_	_	_	_	linguistic	_	none	_	_	_	_	_	_
226-8	BOI070	226	226	8	l'	l'	_	_	_	_	_	linguistic	_	none	SpaceAfter=No	_	_	_	_	_
226-9	BOI070	226	226	9	effetto	effetto	_	_	_	_	_	linguistic	_	none	_	_	_	_	_	_
226-10	BOI070	226	226	10	di	di	_	_	_	_	_	linguistic	_	none	_	_	_	_	_	_
226-11	BOI070	226	226	11	protezione	protezione	_	_	_	_	_	linguistic	_	none	_	_	_	_	_	_
226-12	BOI070	226	226	12	si	si	_	_	_	_	_	linguistic	_	none	_	_	_	_	_	_
226-13	BOI070	226	226	13	può	può	_	_	_	_	_	linguistic	_	none	_	_	_	_	_	_
226-14	BOI070	226	226	14	dire	dire	_	_	_	_	_	linguistic	_	none	_	_	_	_	_	_
226-15	BOI070	226	226	15	nel	nel	_	_	_	_	_	linguistic	_	none	_	_	_	_	_	_
226-16	BOI070	226	226	16	senso:	senso	_	_	_	_	_	linguistic	_	none	_	End=462.522	4x1	_	_	_
227-0	BOI070	227	227	0	ehm	ehm	_	_	_	_	_	linguistic	_	none	_	Begin=462.955|End=463.743	_	_	_	_
228-0	BOI070	228	228	0	quando	quando	_	_	_	_	_	linguistic	_	none	_	Begin=463.84	_	_	_	_
228-1	BOI070	228	228	1	te	te	_	_	_	_	_	linguistic	_	none	_	_	_	_	_	_
228-2	BOI070	228	228	2	la	la	_	_	_	_	_	linguistic	_	none	_	_	_	_	_	_
228-3	BOI070	228	228	3	giri	giri	_	_	_	_	_	linguistic	_	none	_	_	_	_	_	_
228-4	BOI070	228	228	4	tutta::	tutta	_	_	_	_	_	linguistic	_	none	_	_	4x2	_	_	_
228-5	BOI070	228	228	5	e	e	_	_	_	_	_	linguistic	_	none	_	_	_	_	_	_
228-6	BOI070	228	228	6	giri	giri	_	_	_	_	_	linguistic	_	none	_	_	_	_	_	_
228-7	BOI070	228	228	7	nei	nei	_	_	_	_	_	linguistic	_	none	_	_	_	_	_	_
228-8	BOI070	228	228	8	suoi	suoi	_	_	_	_	_	linguistic	_	none	_	_	_	_	_	_
228-9	BOI070	228	228	9	portici	portici	_	_	_	_	_	linguistic	_	none	_	_	_	_	_	_
228-10	BOI070	228	228	10	no?	no	_	_	_	_	_	linguistic	_	none	Intonation=Rising	End=466.841	_	_	_	_
229-0	BOI070	229	229	0	prendiamo	prendiamo	_	_	_	_	_	linguistic	_	none	_	Begin=467.106	_	_	_	_
229-1	BOI070	229	229	1	esempio	esempio	_	_	_	_	_	linguistic	_	none	_	_	_	_	_	_
229-2	BOI070	229	229	2	i	i	_	_	_	_	_	linguistic	_	none	_	_	_	_	_	_
229-3	BOI070	229	229	3	(>portici)	portici	_	_	_	_	_	linguistic	_	none	_	_	_	Fast=0-7(0)	0-7(0)	_
229-4	BOI070	229	229	4	perché	perché	_	_	_	_	_	linguistic	_	none	_	_	_	Fast=0-6(0)	_	_
229-5	BOI070	229	229	5	poi<	poi	_	_	_	_	_	linguistic	_	none	_	_	_	Fast=0-3(0)	_	_
229-6	BOI070	229	229	6	sono	sono	_	_	_	_	_	linguistic	_	none	_	_	_	_	_	_
229-7	BOI070	229	229	7	<famosissimi>	famosissimi	_	_	_	_	_	linguistic	_	none	_	_	_	Slow=0-11(0)	_	_
229-8	BOI070	229	229	8	no,	no	_	_	_	_	_	linguistic	_	none	Intonation=WeaklyRising	_	_	_	_	_
229-9	BOI070	229	229	9	>i	i	_	_	_	_	_	linguistic	_	none	_	_	_	Fast=0-1(1)	_	_
229-10	BOI070	229	229	10	[portici<	portici	_	_	_	_	_	linguistic	_	none	_	_	_	Fast=0-7(1)	_	0-7(58)
229-11	BOI070	229	229	11	di	di	_	_	_	_	_	linguistic	_	none	_	_	_	_	_	0-2(58)
229-12	BOI070	229	229	12	bolognA]:,	bologna	_	_	_	_	_	linguistic	_	none	Intonation=WeaklyRising|Volume=high	End=470.67	6x1	_	_	0-7(58)
230-0	BOR021	230	230	0	[certo	certo	_	_	_	_	_	linguistic	_	none	_	Begin=469.53	_	_	_	0-5(58)
230-1	BOR021	230	230	1	xxx]	xxx	_	_	_	_	_	unknown	_	none	Syllables=3	End=470.45	_	_	_	0-3(58)
231-0	BOI070	231	231	0	>c(io)è	cioè	_	_	_	_	_	linguistic	_	none	Reduced=Yes	Begin=471.212	_	Fast=0-4(0)	_	_
231-1	BOI070	231	231	1	se	se	_	_	_	_	_	linguistic	_	none	_	_	_	Fast=0-2(0)	_	_
231-2	BOI070	231	231	2	tu	tu	_	_	_	_	_	linguistic	_	none	_	_	_	Fast=0-2(0)	_	_
231-3	BOI070	231	231	3	dici	dici	_	_	_	_	_	linguistic	_	none	_	_	_	Fast=0-4(0)	_	_
231-4	BOI070	231	231	4	portici<	portici	_	_	_	_	_	linguistic	_	none	PauseAfter=Yes	_	_	Fast=0-7(0)	_	_
231-5	BOI070	231	231	5	(.)	(.)	_	_	_	_	_	shortpause	_	none	_	_	_	_	_	_
231-6	BOI070	231	231	6	ti	ti	_	_	_	_	_	linguistic	_	none	_	_	_	Slow=0-2(0)	_	_
231-7	BOI070	231	231	7	viene	viene	_	_	_	_	_	linguistic	_	none	_	_	_	Slow=0-5(0)	_	_
231-8	BOI070	231	231	8	molto	molto	_	_	_	_	_	linguistic	_	none	_	_	_	Slow=0-5(0)	_	_
231-9	BOI070	231	231	9	in	in	_	_	_	_	_	linguistic	_	none	_	_	_	Slow=0-2(0)	_	_
231-10	BOI070	231	231	10	mente	mente	_	_	_	_	_	linguistic	_	none	_	_	_	Slow=0-5(0)	_	_
231-11	BOI070	231	231	11	bologn~	bologn~	_	_	_	_	_	linguistic	_	none	Interrupted=Yes	_	_	Slow=0-7(0)	_	_
231-12	BOI070	231	231	12	se	se	_	_	_	_	_	linguistic	_	none	_	_	_	Slow=0-2(0)	_	_
231-13	BOI070	231	231	13	conosci	conosci	_	_	_	_	_	linguistic	_	none	_	_	_	Slow=0-7(0)	_	_
231-14	BOI070	231	231	14	poi	poi	_	_	_	_	_	linguistic	_	none	_	_	_	Slow=0-3(0)	_	_
231-15	BOI070	231	231	15	bologna	bologna	_	_	_	_	_	linguistic	_	none	_	_	_	Slow=0-7(0)	_	_
231-16	BOI070	231	231	16	come	come	_	_	_	_	_	linguistic	_	none	_	_	_	Slow=0-4(0)	_	_
231-17	BOI070	231	231	17	città	città	_	_	_	_	_	linguistic	_	none	_	_	_	Slow=0-5(0)	_	_
231-18	BOI070	231	231	18	>perché	perché	_	_	_	_	_	linguistic	_	none	_	_	_	Fast=0-6(1)	_	_
231-19	BOI070	231	231	19	magari<	magari	_	_	_	_	_	linguistic	_	none	_	_	_	Fast=0-6(1)	_	_
231-20	BOI070	231	231	20	alcuni	alcuni	_	_	_	_	_	linguistic	_	none	_	_	_	Slow=0-6(1)	_	_
231-21	BOI070	231	231	21	>ti	ti	_	_	_	_	_	linguistic	_	none	_	_	_	Fast=0-2(2)	_	_
231-22	BOI070	231	231	22	dicono<	dicono	_	_	_	_	_	linguistic	_	none	_	_	_	Fast=0-6(2)	_	_
231-23	BOI070	231	231	23	cos'	cos'	_	_	_	_	_	linguistic	_	none	SpaceAfter=No	_	_	_	_	_
231-24	BOI070	231	231	24	è	è	_	_	_	_	_	linguistic	_	none	_	_	_	_	_	_
231-25	BOI070	231	231	25	bologna	bologna	_	_	_	_	_	linguistic	_	none	_	_	_	_	_	_
231-26	BOI070	231	231	26	no?	no	_	_	_	_	_	linguistic	_	none	Intonation=Rising	End=476.787	_	_	_	_
232-0	BOR021	232	232	0	dov'	dov'	_	_	_	_	_	linguistic	_	none	SpaceAfter=No	Begin=476.787	_	_	_	_
232-1	BOR021	232	232	1	è?	è	_	_	_	_	_	linguistic	_	none	Intonation=Rising	_	_	_	_	_
232-2	BOR021	232	232	2	((ride))	((ride))	_	_	_	_	_	nonverbalbehavior	_	none	_	End=477.229	_	_	_	_
233-0	BOI070	233	233	0	dipende	dipende	_	_	_	_	_	linguistic	_	none	_	Begin=477.229	_	_	_	_
233-1	BOI070	233	233	1	dove	dove	_	_	_	_	_	linguistic	_	none	_	_	_	_	_	_
233-2	BOI070	233	233	2	fai	fai	_	_	_	_	_	linguistic	_	none	_	_	_	_	_	_
233-3	BOI070	233	233	3	la	la	_	_	_	_	_	linguistic	_	none	_	_	_	_	_	_
233-4	BOI070	233	233	4	domanda	domanda	_	_	_	_	_	linguistic	_	none	_	_	_	_	_	_
233-5	BOI070	233	233	5	ec~	ec~	_	_	_	_	_	linguistic	_	none	Interrupted=Yes	_	_	_	_	_
233-6	BOI070	233	233	6	>se	se	_	_	_	_	_	linguistic	_	none	_	_	_	Fast=0-2(0)	_	_
233-7	BOI070	233	233	7	la	la	_	_	_	_	_	linguistic	_	none	_	_	_	Fast=0-2(0)	_	_
233-8	BOI070	233	233	8	fai<	fai	_	_	_	_	_	linguistic	_	none	_	_	_	Fast=0-3(0)	_	_
233-9	BOI070	233	233	9	in:	in	_	_	_	_	_	linguistic	_	none	_	_	1x1	_	_	_
233-10	BOI070	233	233	10	sud'	sud'	_	_	_	_	_	linguistic	_	none	SpaceAfter=No	_	_	_	_	_
233-11	BOI070	233	233	11	africa	africa	_	_	_	_	_	linguistic	_	none	_	_	_	_	_	_
233-12	BOI070	233	233	12	magari	magari	_	_	_	_	_	linguistic	_	none	_	_	_	_	_	_
233-13	BOI070	233	233	13	ti	ti	_	_	_	_	_	linguistic	_	none	_	_	_	_	_	_
233-14	BOI070	233	233	14	dicono	dicono	_	_	_	_	_	linguistic	_	none	_	End=480.522	_	_	_	_
234-0	BOR021	234	234	0	((ride))	((ride))	_	_	_	_	_	nonverbalbehavior	_	none	_	Begin=479.849|End=480.619	_	_	_	_
235-0	BOI070	235	235	0	ecco	ecco	_	_	_	_	_	linguistic	_	none	_	Begin=480.929|End=481.327	_	_	_	_
236-0	BOI070	236	236	0	e::	e	_	_	_	_	_	linguistic	_	none	_	Begin=481.911|End=482.345	0x2	_	_	_
237-0	BOI070	237	237	0	se	se	_	_	_	_	_	linguistic	_	none	_	Begin=483.053	_	_	_	_
237-1	BOI070	237	237	1	tu	tu	_	_	_	_	_	linguistic	_	none	_	_	_	_	_	_
237-2	BOI070	237	237	2	la	la	_	_	_	_	_	linguistic	_	none	_	_	_	_	_	_
237-3	BOI070	237	237	3	conosci	conosci	_	_	_	_	_	linguistic	_	none	_	_	_	_	_	_
237-4	BOI070	237	237	4	la	la	_	_	_	_	_	linguistic	_	none	_	_	_	_	_	_
237-5	BOI070	237	237	5	conosci	conosci	_	_	_	_	_	linguistic	_	none	PauseAfter=Yes	_	_	_	_	_
237-6	BOI070	237	237	6	(.)	(.)	_	_	_	_	_	shortpause	_	none	_	_	_	_	_	_
237-7	BOI070	237	237	7	tramite	tramite	_	_	_	_	_	linguistic	_	none	_	_	_	_	_	_
237-8	BOI070	237	237	8	i	i	_	_	_	_	_	linguistic	_	none	_	_	_	_	_	_
237-9	BOI070	237	237	9	portici	portici	_	_	_	_	_	linguistic	_	none	_	End=485.428	_	_	_	_
238-0	BOI070	238	238	0	poi	poi	_	_	_	_	_	linguistic	_	none	_	Begin=485.566	_	_	_	_
238-1	BOI070	238	238	1	chiaramente	chiaramente	_	_	_	_	_	linguistic	_	none	_	_	_	_	_	_
238-2	BOI070	238	238	2	se	se	_	_	_	_	_	linguistic	_	none	_	_	_	_	_	_
238-3	BOI070	238	238	3	vai	vai	_	_	_	_	_	linguistic	_	none	_	_	_	_	_	_
238-4	BOI070	238	238	4	a	a	_	_	_	_	_	linguistic	_	none	_	_	_	_	_	_
238-5	BOI070	238	238	5	fondo	fondo	_	_	_	_	_	linguistic	_	none	_	_	_	_	_	_
238-6	BOI070	238	238	6	e	e	_	_	_	_	_	linguistic	_	none	_	_	_	_	_	_
238-7	BOI070	238	238	7	conosci	conosci	_	_	_	_	_	linguistic	_	none	_	_	_	_	_	_
238-8	BOI070	238	238	8	le	le	_	_	_	_	_	linguistic	_	none	_	_	_	_	_	_
238-9	BOI070	238	238	9	persone,	persone	_	_	_	_	_	linguistic	_	none	Intonation=WeaklyRising	End=487.685	_	_	_	_
239-0	BOI070	239	239	0	vai	vai	_	_	_	_	_	linguistic	_	none	_	Begin=488.185	_	_	_	_
239-1	BOI070	239	239	1	a	a	_	_	_	_	_	linguistic	_	none	_	_	_	_	_	_
239-2	BOI070	239	239	2	conoscere	conoscere	_	_	_	_	_	linguistic	_	none	_	_	_	_	_	_
239-3	BOI070	239	239	3	tantissime	tantissime	_	_	_	_	_	linguistic	_	none	_	_	_	_	_	_
239-4	BOI070	239	239	4	storie	storie	_	_	_	_	_	linguistic	_	none	_	End=489.734	_	_	_	_
240-0	BOI070	240	240	0	tante	tante	_	_	_	_	_	linguistic	_	none	_	Begin=490.194	_	_	_	_
240-1	BOI070	240	240	1	storie	storie	_	_	_	_	_	linguistic	_	none	_	_	_	_	_	_
240-2	BOI070	240	240	2	di	di	_	_	_	_	_	linguistic	_	none	_	_	_	_	_	_
240-3	BOI070	240	240	3	persone	persone	_	_	_	_	_	linguistic	_	none	_	_	_	_	_	_
240-4	BOI070	240	240	4	che	che	_	_	_	_	_	linguistic	_	none	_	_	_	_	_	_
240-5	BOI070	240	240	5	magari	magari	_	_	_	_	_	linguistic	_	none	_	_	_	_	_	_
240-6	BOI070	240	240	6	hanno	hanno	_	_	_	_	_	linguistic	_	none	_	_	_	_	_	_
240-7	BOI070	240	240	7	fatto:	fatto	_	_	_	_	_	linguistic	_	none	_	End=492.439	4x1	_	_	_
241-0	BOI070	241	241	0	gli	gli	_	_	_	_	_	linguistic	_	none	_	Begin=492.778	_	_	_	_
241-1	BOI070	241	241	1	artisti	artisti	_	_	_	_	_	linguistic	_	none	_	_	_	_	_	_
241-2	BOI070	241	241	2	di	di	_	_	_	_	_	linguistic	_	none	_	_	_	_	_	_
241-3	BOI070	241	241	3	strada	strada	_	_	_	_	_	linguistic	_	none	_	_	_	_	_	_
241-4	BOI070	241	241	4	magari	magari	_	_	_	_	_	linguistic	_	none	_	_	_	_	_	_
241-5	BOI070	241	241	5	han	han	_	_	_	_	_	linguistic	_	none	_	_	_	_	_	_
241-6	BOI070	241	241	6	fatto:	fatto	_	_	_	_	_	linguistic	_	none	_	_	4x1	_	_	_
241-7	BOI070	241	241	7	murales	murales	_	_	_	_	_	linguistic	_	none	_	_	_	_	_	_
241-8	BOI070	241	241	8	hanno	hanno	_	_	_	_	_	linguistic	_	none	_	_	_	_	_	_
241-9	BOI070	241	241	9	fatto:	fatto	_	_	_	_	_	linguistic	_	none	_	End=495.61	4x1	_	_	_
242-0	BOI070	242	242	0	e:::hm	ehm	_	_	_	_	_	linguistic	_	none	_	Begin=496.035|End=497.274	0x3	_	_	_
243-0	BOI070	243	243	0	cantautori	cantautori	_	_	_	_	_	linguistic	_	none	_	Begin=497.513	_	_	_	_
243-1	BOI070	243	243	1	>non	non	_	_	_	_	_	linguistic	_	none	_	_	_	Fast=0-3(0)	_	_
243-2	BOI070	243	243	2	so<	so	_	_	_	_	_	linguistic	_	none	_	_	_	Fast=0-2(0)	_	_
243-3	BOI070	243	243	3	scrittori:,	scrittori	_	_	_	_	_	linguistic	_	none	Intonation=WeaklyRising	End=499.354	8x1	_	_	_
244-0	BOI070	244	244	0	conosci	conosci	_	_	_	_	_	linguistic	_	none	_	Begin=499.69	_	_	_	_
244-1	BOI070	244	244	1	dei	dei	_	_	_	_	_	linguistic	_	none	_	_	_	_	_	_
244-2	BOI070	244	244	2	bei	bei	_	_	_	_	_	linguistic	_	none	_	_	_	_	_	_
244-3	BOI070	244	244	3	pezzi	pezzi	_	_	_	_	_	linguistic	_	none	_	_	_	_	_	_
244-4	BOI070	244	244	4	di	di	_	_	_	_	_	linguistic	_	none	_	_	_	_	_	_
244-5	BOI070	244	244	5	storia	storia	_	_	_	_	_	linguistic	_	none	_	End=501.517	_	_	_	_
245-0	BOI070	245	245	0	chiaramente	chiaramente	_	_	_	_	_	linguistic	_	none	_	Begin=502.079	_	_	_	_
245-1	BOI070	245	245	1	ci	ci	_	_	_	_	_	linguistic	_	none	_	_	_	_	_	_
245-2	BOI070	245	245	2	sono	sono	_	_	_	_	_	linguistic	_	none	_	_	_	_	_	_
245-3	BOI070	245	245	3	anche	anche	_	_	_	_	_	linguistic	_	none	_	_	_	_	_	_
245-4	BOI070	245	245	4	persone	persone	_	_	_	_	_	linguistic	_	none	_	_	_	_	_	_
245-5	BOI070	245	245	5	che	che	_	_	_	_	_	linguistic	_	none	_	End=503.517	_	_	_	_
246-0	BOI070	246	246	0	sono	sono	_	_	_	_	_	linguistic	_	none	_	Begin=503.938	_	_	_	_
246-1	BOI070	246	246	1	stat(i):	stati	_	_	_	_	_	linguistic	_	none	_	_	4x1	_	4-5(0)	_
246-2	BOI070	246	246	2	fuori	fuori	_	_	_	_	_	linguistic	_	none	_	_	_	_	_	_
246-3	BOI070	246	246	3	sede	sede	_	_	_	_	_	linguistic	_	none	_	_	_	_	_	_
246-4	BOI070	246	246	4	x	x	_	_	_	_	_	unknown	_	none	Syllables=1	_	_	_	_	_
246-5	BOI070	246	246	5	universitari:	universitari	_	_	_	_	_	linguistic	_	none	_	End=506.362	11x1	_	_	_
247-0	BOI070	247	247	0	e	e	_	_	_	_	_	linguistic	_	none	_	Begin=506.734	_	_	_	_
247-1	BOI070	247	247	1	sicuramente	sicuramente	_	_	_	_	_	linguistic	_	none	_	_	_	_	_	_
247-2	BOI070	247	247	2	anche	anche	_	_	_	_	_	linguistic	_	none	_	_	_	_	_	_
247-3	BOI070	247	247	3	loro	loro	_	_	_	_	_	linguistic	_	none	_	_	_	_	_	_
247-4	BOI070	247	247	4	(hanno)	hanno	_	_	_	_	_	linguistic	_	none	_	_	_	_	0-5(0)	_
247-5	BOI070	247	247	5	lasciato:	lasciato	_	_	_	_	_	linguistic	_	none	_	_	7x1	_	_	_
247-6	BOI070	247	247	6	una	una	_	_	_	_	_	linguistic	_	none	_	_	_	_	_	_
247-7	BOI070	247	247	7	bella	bella	_	_	_	_	_	linguistic	_	none	_	_	_	_	_	_
247-8	BOI070	247	247	8	impronta	impronta	_	_	_	_	_	linguistic	_	none	_	End=509.212	_	_	_	_
248-0	BOI070	248	248	0	e	e	_	_	_	_	_	linguistic	_	none	_	Begin=509.884	_	_	_	_
248-1	BOI070	248	248	1	hanno	hanno	_	_	_	_	_	linguistic	_	none	_	End=510.168	_	_	_	_
249-0	BOI070	249	249	0	anche	anche	_	_	_	_	_	linguistic	_	none	_	Begin=510.495	_	_	_	_
249-1	BOI070	249	249	1	loro	loro	_	_	_	_	_	linguistic	_	none	_	End=511.097	_	_	_	_
250-0	BOI070	250	250	0	aiutato	aiutato	_	_	_	_	_	linguistic	_	none	_	Begin=511.504	_	_	_	_
250-1	BOI070	250	250	1	e	e	_	_	_	_	_	linguistic	_	none	_	_	_	_	_	_
250-2	BOI070	250	250	2	collaborato	collaborato	_	_	_	_	_	linguistic	_	none	_	_	_	_	_	_
250-3	BOI070	250	250	3	alla	alla	_	_	_	_	_	linguistic	_	none	_	_	_	_	_	_
250-4	BOI070	250	250	4	crescita	crescita	_	_	_	_	_	linguistic	_	none	_	_	_	_	_	_
250-5	BOI070	250	250	5	di	di	_	_	_	_	_	linguistic	_	none	_	_	_	_	_	_
250-6	BOI070	250	250	6	bologna	bologna	_	_	_	_	_	linguistic	_	none	_	_	_	_	_	_
250-7	BOI070	250	250	7	in	in	_	_	_	_	_	linguistic	_	none	_	_	_	_	_	_
250-8	BOI070	250	250	8	un	un	_	_	_	_	_	linguistic	_	none	_	_	_	_	_	_
250-9	BOI070	250	250	9	certo	certo	_	_	_	_	_	linguistic	_	none	_	_	_	_	_	_
250-10	BOI070	250	250	10	senso	senso	_	_	_	_	_	linguistic	_	none	_	End=514.717	_	_	_	_
251-0	BOI070	251	251	0	però	però	_	_	_	_	_	linguistic	_	none	_	Begin=515.283	_	_	_	_
251-1	BOI070	251	251	1	è	è	_	_	_	_	_	linguistic	_	none	_	_	_	_	_	_
251-2	BOI070	251	251	2	bolo(gna)	bologna	_	_	_	_	_	linguistic	_	none	_	_	_	_	4-7(0)	_
251-3	BOI070	251	251	3	è:	è	_	_	_	_	_	linguistic	_	none	_	_	0x1	_	_	_
251-4	BOI070	251	251	4	questo	questo	_	_	_	_	_	linguistic	_	none	_	_	_	_	_	_
251-5	BOI070	251	251	5	>non	non	_	_	_	_	_	linguistic	_	none	_	_	_	Fast=0-3(0)	_	_
251-6	BOI070	251	251	6	è<	è	_	_	_	_	_	linguistic	_	none	_	_	_	Fast=0-1(0)	_	_
251-7	BOI070	251	251	7	solamente	solamente	_	_	_	_	_	linguistic	_	none	_	_	_	_	_	_
251-8	BOI070	251	251	8	quello	quello	_	_	_	_	_	linguistic	_	none	_	_	_	_	_	_
251-9	BOI070	251	251	9	stile	stile	_	_	_	_	_	linguistic	_	none	_	_	_	_	_	_
251-10	BOI070	251	251	10	universitario	universitario	_	_	_	_	_	linguistic	_	none	_	End=518.265	_	_	_	_
252-0	BOR021	252	252	0	no:	no	_	_	_	_	_	linguistic	_	none	_	Begin=518.389	1x1	_	_	_
252-1	BOR021	252	252	1	hai	hai	_	_	_	_	_	linguistic	_	none	_	_	_	_	_	_
252-2	BOR021	252	252	2	voglia	voglia	_	_	_	_	_	linguistic	_	none	_	End=519.159	_	_	_	_
253-0	BOI070	253	253	0	cè	cè	_	_	_	_	_	linguistic	_	none	_	Begin=519.318	_	_	_	_
253-1	BOI070	253	253	1	[tantiss~	tantiss~	_	_	_	_	_	linguistic	_	none	Interrupted=Yes	_	_	_	_	0-8(60)
253-2	BOI070	253	253	2	x]	x	_	_	_	_	_	unknown	_	none	Syllables=1	End=519.909	_	_	_	0-1(60)
254-0	BOR021	254	254	0	[c'	c'	_	_	_	_	_	linguistic	_	none	SpaceAfter=No	Begin=519.46	_	_	_	0-2(60)
254-1	BOR021	254	254	1	è	è	_	_	_	_	_	linguistic	_	none	_	_	_	_	_	0-1(60)
254-2	BOR021	254	254	2	tanto]	tanto	_	_	_	_	_	linguistic	_	none	_	_	_	_	_	0-5(60)
254-3	BOR021	254	254	3	altro	altro	_	_	_	_	_	linguistic	_	none	_	End=520.38	_	_	_	_
255-0	BOI070	255	255	0	es[atto]	esatto	_	_	_	_	_	linguistic	_	none	_	Begin=520.522|End=520.982	_	_	_	2-6(61)
256-0	BOR021	256	256	0	[sicura]mente	sicuramente	_	_	_	_	_	linguistic	_	none	_	Begin=520.681|End=521.274	_	_	_	0-6(61)
257-0	BOI070	257	257	0	perché	perché	_	_	_	_	_	linguistic	_	none	_	Begin=521.575	_	_	_	_
257-1	BOI070	257	257	1	tante	tante	_	_	_	_	_	linguistic	_	none	_	_	_	_	_	_
257-2	BOI070	257	257	2	persone	persone	_	_	_	_	_	linguistic	_	none	_	_	_	_	_	_
257-3	BOI070	257	257	3	io	io	_	_	_	_	_	linguistic	_	none	_	_	_	_	_	_
257-4	BOI070	257	257	4	ho	ho	_	_	_	_	_	linguistic	_	none	_	_	_	_	_	_
257-5	BOI070	257	257	5	notato	notato	_	_	_	_	_	linguistic	_	none	_	_	_	_	_	_
257-6	BOI070	257	257	6	che	che	_	_	_	_	_	linguistic	_	none	_	_	_	_	_	_
257-7	BOI070	257	257	7	quando	quando	_	_	_	_	_	linguistic	_	none	_	_	_	_	_	_
257-8	BOI070	257	257	8	parlano	parlano	_	_	_	_	_	linguistic	_	none	_	_	_	_	_	_
257-9	BOI070	257	257	9	di	di	_	_	_	_	_	linguistic	_	none	_	_	_	_	_	_
257-10	BOI070	257	257	10	bologna:	bologna	_	_	_	_	_	linguistic	_	none	_	End=523.995	6x1	_	_	_
258-0	BOI070	258	258	0	è:	è	_	_	_	_	_	linguistic	_	none	_	Begin=524.654	0x1	_	_	_
258-1	BOI070	258	258	1	>è	è	_	_	_	_	_	linguistic	_	none	_	_	_	Fast=0-1(0)	_	_
258-2	BOI070	258	258	2	come	come	_	_	_	_	_	linguistic	_	none	_	_	_	Fast=0-4(0)	_	_
258-3	BOI070	258	258	3	se	se	_	_	_	_	_	linguistic	_	none	_	_	_	Fast=0-2(0)	_	_
258-4	BOI070	258	258	4	parlassero	parlassero	_	_	_	_	_	linguistic	_	none	_	_	_	Fast=0-10(0)	_	_
258-5	BOI070	258	258	5	solo	solo	_	_	_	_	_	linguistic	_	none	_	_	_	Fast=0-4(0)	_	_
258-6	BOI070	258	258	6	di	di	_	_	_	_	_	linguistic	_	none	_	_	_	Fast=0-2(0)	_	_
258-7	BOI070	258	258	7	università<	università	_	_	_	_	_	linguistic	_	none	_	End=526.522	_	Fast=0-10(0)	_	_
259-0	BOR021	259	259	0	è	è	_	_	_	_	_	linguistic	_	none	_	Begin=526.902	_	_	_	_
259-1	BOR021	259	259	1	vero	vero	_	_	_	_	_	linguistic	_	none	_	End=527.389	_	_	_	_
260-0	BOI070	260	260	0	però:	però	_	_	_	_	_	linguistic	_	none	_	Begin=527.592|End=527.956	3x1	_	_	_
261-0	BOI070	261	261	0	vista	vista	_	_	_	_	_	linguistic	_	none	_	Begin=528.035	_	_	_	_
261-1	BOI070	261	261	1	da	da	_	_	_	_	_	linguistic	_	none	_	_	_	_	_	_
261-2	BOI070	261	261	2	una	una	_	_	_	_	_	linguistic	_	none	_	_	_	_	_	_
261-3	BOI070	261	261	3	persona	persona	_	_	_	_	_	linguistic	_	none	_	_	_	_	_	_
261-4	BOI070	261	261	4	che:	che	_	_	_	_	_	linguistic	_	none	_	_	2x1	_	_	_
261-5	BOI070	261	261	5	non	non	_	_	_	_	_	linguistic	_	none	_	_	_	_	_	_
261-6	BOI070	261	261	6	>fa	fa	_	_	_	_	_	linguistic	_	none	_	_	_	Fast=0-2(0)	_	_
261-7	BOI070	261	261	7	l'	l'	_	_	_	_	_	linguistic	_	none	SpaceAfter=No	_	_	Fast=0-2(0)	_	_
261-8	BOI070	261	261	8	università	università	_	_	_	_	_	linguistic	_	none	_	_	_	Fast=0-10(0)	_	_
261-9	BOI070	261	261	9	perché	perché	_	_	_	_	_	linguistic	_	none	_	_	_	Fast=0-6(0)	_	_
261-10	BOI070	261	261	10	io	io	_	_	_	_	_	linguistic	_	none	_	_	_	Fast=0-2(0)	_	_
261-11	BOI070	261	261	11	non	non	_	_	_	_	_	linguistic	_	none	_	_	_	Fast=0-3(0)	_	_
261-12	BOI070	261	261	12	la	la	_	_	_	_	_	linguistic	_	none	_	_	_	Fast=0-2(0)	_	_
261-13	BOI070	261	261	13	faccio	faccio	_	_	_	_	_	linguistic	_	none	_	_	_	Fast=0-6(0)	_	_
261-14	BOI070	261	261	14	l'	l'	_	_	_	_	_	linguistic	_	none	SpaceAfter=No	_	_	Fast=0-2(0)	_	_
261-15	BOI070	261	261	15	università<	università	_	_	_	_	_	linguistic	_	none	_	End=531.389	_	Fast=0-9(0)	_	_
262-0	BOI070	262	262	0	e	e	_	_	_	_	_	linguistic	_	none	_	Begin=532.035	_	_	_	_
262-1	BOI070	262	262	1	che	che	_	_	_	_	_	linguistic	_	none	_	_	_	_	_	_
262-2	BOI070	262	262	2	ci	ci	_	_	_	_	_	linguistic	_	none	_	_	_	_	_	_
262-3	BOI070	262	262	3	vive:	vive	_	_	_	_	_	linguistic	_	none	_	End=532.964	3x1	_	_	_
263-0	BOI070	263	263	0	e	e	_	_	_	_	_	linguistic	_	none	_	Begin=533.141	_	_	_	_
263-1	BOI070	263	263	1	ci	ci	_	_	_	_	_	linguistic	_	none	_	_	_	_	_	_
263-2	BOI070	263	263	2	vive	vive	_	_	_	_	_	linguistic	_	none	_	_	_	_	_	_
263-3	BOI070	263	263	3	tutt'	tutt'	_	_	_	_	_	linguistic	_	none	SpaceAfter=No	_	_	_	_	_
263-4	BOI070	263	263	4	ora	ora	_	_	_	_	_	linguistic	_	none	_	End=534.203	_	_	_	_
264-0	BOI070	264	264	0	c'	c'	_	_	_	_	_	linguistic	_	none	SpaceAfter=No	Begin=534.752	_	_	_	_
264-1	BOI070	264	264	1	è	è	_	_	_	_	_	linguistic	_	none	_	_	_	_	_	_
264-2	BOI070	264	264	2	nato	nato	_	_	_	_	_	linguistic	_	none	_	_	_	_	_	_
264-3	BOI070	264	264	3	c'	c'	_	_	_	_	_	linguistic	_	none	SpaceAfter=No	_	_	_	_	_
264-4	BOI070	264	264	4	è	è	_	_	_	_	_	linguistic	_	none	_	_	_	_	_	_
264-5	BOI070	264	264	5	di	di	_	_	_	_	_	linguistic	_	none	_	_	_	_	_	_
264-6	BOI070	264	264	6	mezzo:	mezzo	_	_	_	_	_	linguistic	_	none	_	End=535.959	4x1	_	_	_
265-0	BOI070	265	265	0	sì	sì	_	_	_	_	_	linguistic	_	none	_	Begin=536.008	_	_	_	_
265-1	BOI070	265	265	1	nato	nato	_	_	_	_	_	linguistic	_	none	_	_	_	_	_	_
265-2	BOI070	265	265	2	cresciuto	cresciuto	_	_	_	_	_	linguistic	_	none	_	_	_	_	_	_
265-3	BOI070	265	265	3	e	e	_	_	_	_	_	linguistic	_	none	_	_	_	_	_	_
265-4	BOI070	265	265	4	tutto	tutto	_	_	_	_	_	linguistic	_	none	_	End=537.584	_	_	_	_
266-0	BOI070	266	266	0	la	la	_	_	_	_	_	linguistic	_	none	_	Begin=538.486	_	_	_	_
266-1	BOI070	266	266	1	vedi	vedi	_	_	_	_	_	linguistic	_	none	_	_	_	_	_	_
266-2	BOI070	266	266	2	tutto	tutto	_	_	_	_	_	linguistic	_	none	_	_	_	_	_	_
266-3	BOI070	266	266	3	in	in	_	_	_	_	_	linguistic	_	none	_	_	_	_	_	_
266-4	BOI070	266	266	4	un	un	_	_	_	_	_	linguistic	_	none	_	_	_	_	_	_
266-5	BOI070	266	266	5	altro	altro	_	_	_	_	_	linguistic	_	none	_	_	_	_	_	_
266-6	BOI070	266	266	6	modo	modo	_	_	_	_	_	linguistic	_	none	_	End=539.961	_	_	_	_
267-0	BOI070	267	267	0	(per)ché	perché	_	_	_	_	_	linguistic	_	none	_	Begin=540.531	_	_	0-3(0)	_
267-1	BOI070	267	267	1	la	la	_	_	_	_	_	linguistic	_	none	_	_	_	_	_	_
267-2	BOI070	267	267	2	vedi	vedi	_	_	_	_	_	linguistic	_	none	_	_	_	_	_	_
267-3	BOI070	267	267	3	come	come	_	_	_	_	_	linguistic	_	none	_	_	_	_	_	_
267-4	BOI070	267	267	4	una	una	_	_	_	_	_	linguistic	_	none	_	_	_	_	_	_
267-5	BOI070	267	267	5	città	città	_	_	_	_	_	linguistic	_	none	_	_	_	_	_	_
267-6	BOI070	267	267	6	che	che	_	_	_	_	_	linguistic	_	none	_	_	_	_	_	_
267-7	BOI070	267	267	7	è	è	_	_	_	_	_	linguistic	_	none	_	_	_	_	_	_
267-8	BOI070	267	267	8	dissociata	dissociata	_	_	_	_	_	linguistic	_	none	_	_	_	_	_	_
267-9	BOI070	267	267	9	dalla:	dalla	_	_	_	_	_	linguistic	_	none	_	End=542.711	4x1	_	_	_
268-0	BOI070	268	268	0	c(io)è	cioè	_	_	_	_	_	linguistic	_	none	Reduced=Yes	Begin=543.221	_	_	_	_
268-1	BOI070	268	268	1	è	è	_	_	_	_	_	linguistic	_	none	_	_	_	_	_	_
268-2	BOI070	268	268	2	un	un	_	_	_	_	_	linguistic	_	none	_	_	_	_	_	_
268-3	BOI070	268	268	3	po'	po'	_	_	_	_	_	linguistic	_	none	_	_	_	_	_	_
268-4	BOI070	268	268	4	lontana	lontana	_	_	_	_	_	linguistic	_	none	_	_	_	_	_	_
268-5	BOI070	268	268	5	>dalla<	dalla	_	_	_	_	_	linguistic	_	none	_	_	_	Fast=0-5(0)	_	_
268-6	BOI070	268	268	6	dal	dal	_	_	_	_	_	linguistic	_	none	_	_	_	_	_	_
268-7	BOI070	268	268	7	mh	mh	_	_	_	_	_	linguistic	_	none	_	_	_	_	_	_
268-8	BOI070	268	268	8	dalla	dalla	_	_	_	_	_	linguistic	_	none	_	_	_	_	_	_
268-9	BOI070	268	268	9	parte	parte	_	_	_	_	_	linguistic	_	none	_	_	_	_	_	_
268-10	BOI070	268	268	10	universitaria	universitaria	_	_	_	_	_	linguistic	_	none	_	End=545.924	_	_	_	_
269-0	BOI070	269	269	0	poi	poi	_	_	_	_	_	linguistic	_	none	_	Begin=546.088	_	_	_	_
269-1	BOI070	269	269	1	è	è	_	_	_	_	_	linguistic	_	none	_	_	_	_	_	_
269-2	BOI070	269	269	2	chiaro	chiaro	_	_	_	_	_	linguistic	_	none	_	_	_	_	_	_
269-3	BOI070	269	269	3	è	è	_	_	_	_	_	linguistic	_	none	_	_	_	_	_	_
269-4	BOI070	269	269	4	bello	bello	_	_	_	_	_	linguistic	_	none	_	_	_	_	_	_
269-5	BOI070	269	269	5	vederla	vederla	_	_	_	_	_	linguistic	_	none	_	_	_	_	_	_
269-6	BOI070	269	269	6	anche	anche	_	_	_	_	_	linguistic	_	none	_	_	_	_	_	_
269-7	BOI070	269	269	7	insieme	insieme	_	_	_	_	_	linguistic	_	none	_	End=547.84	_	_	_	_
270-0	BOI070	270	270	0	°non	non	_	_	_	_	_	linguistic	_	none	Volume=low	Begin=548.309	_	_	_	_
270-1	BOI070	270	270	1	c'	c'	_	_	_	_	_	linguistic	_	none	SpaceAfter=No|Volume=low	_	_	_	_	_
270-2	BOI070	270	270	2	è	è	_	_	_	_	_	linguistic	_	none	Volume=low	_	_	_	_	_
270-3	BOI070	270	270	3	dubbio°	dubbio	_	_	_	_	_	linguistic	_	none	Volume=low	End=548.966	_	_	_	_
271-0	BOI070	271	271	0	però	però	_	_	_	_	_	linguistic	_	none	_	Begin=549.442	_	_	_	_
271-1	BOI070	271	271	1	è	è	_	_	_	_	_	linguistic	_	none	_	_	_	_	_	_
271-2	BOI070	271	271	2	bello	bello	_	_	_	_	_	linguistic	_	none	_	_	_	_	_	_
271-3	BOI070	271	271	3	anche	anche	_	_	_	_	_	linguistic	_	none	_	_	_	_	_	_
271-4	BOI070	271	271	4	vederla	vederla	_	_	_	_	_	linguistic	_	none	_	_	_	_	_	_
271-5	BOI070	271	271	5	appunto	appunto	_	_	_	_	_	linguistic	_	none	_	_	_	_	_	_
271-6	BOI070	271	271	6	separate	separate	_	_	_	_	_	linguistic	_	none	_	_	_	_	_	_
271-7	BOI070	271	271	7	perché	perché	_	_	_	_	_	linguistic	_	none	_	_	_	_	_	_
271-8	BOI070	271	271	8	non:	non	_	_	_	_	_	linguistic	_	none	_	End=552.044	2x1	_	_	_
272-0	BOI070	272	272	0	mh	mh	_	_	_	_	_	linguistic	_	none	_	Begin=552.168	_	_	_	_
272-1	BOI070	272	272	1	n:on	non	_	_	_	_	_	linguistic	_	none	_	_	0x1	_	_	_
272-2	BOI070	272	272	2	puoi	puoi	_	_	_	_	_	linguistic	_	none	_	_	_	_	_	_
272-3	BOI070	272	272	3	creare	creare	_	_	_	_	_	linguistic	_	none	_	_	_	_	_	_
272-4	BOI070	272	272	4	un	un	_	_	_	_	_	linguistic	_	none	_	_	_	_	_	_
272-5	BOI070	272	272	5	impasto	impasto	_	_	_	_	_	linguistic	_	none	_	_	_	_	_	_
272-6	BOI070	272	272	6	troppo:	troppo	_	_	_	_	_	linguistic	_	none	_	End=554.61	5x1	_	_	_
273-0	BOI070	273	273	0	(che	che	_	_	_	_	_	linguistic	_	none	_	Begin=555.221	_	_	_	_
273-1	BOI070	273	273	1	c(io)è	cioè	_	_	_	_	_	linguistic	_	none	_	_	_	_	_	_
273-2	BOI070	273	273	2	non:,)	non	_	_	_	_	_	linguistic	_	none	Intonation=WeaklyRising	End=555.699	2x1	_	_	_
274-0	BOR021	274	274	0	certo	certo	_	_	_	_	_	linguistic	_	none	_	Begin=555.867	_	_	_	_
274-1	BOR021	274	274	1	poi	poi	_	_	_	_	_	linguistic	_	none	_	_	_	_	_	_
274-2	BOR021	274	274	2	alla	alla	_	_	_	_	_	linguistic	_	none	_	_	_	_	_	_
274-3	BOR021	274	274	3	fine	fine	_	_	_	_	_	linguistic	_	none	_	_	_	_	_	_
274-4	BOR021	274	274	4	sono::	sono	_	_	_	_	_	linguistic	_	none	_	End=557.401	3x2	_	_	_
275-0	BOR021	275	275	0	sono	sono	_	_	_	_	_	linguistic	_	none	_	Begin=558.902	_	_	_	_
275-1	BOR021	275	275	1	cose	cose	_	_	_	_	_	linguistic	_	none	_	_	_	_	_	_
275-2	BOR021	275	275	2	diverse	diverse	_	_	_	_	_	linguistic	_	none	_	End=559.814	_	_	_	_
276-0	BOR021	276	276	0	un	un	_	_	_	_	_	linguistic	_	none	_	Begin=559.973	_	_	_	_
276-1	BOR021	276	276	1	conto	conto	_	_	_	_	_	linguistic	_	none	_	_	_	_	_	_
276-2	BOR021	276	276	2	è	è	_	_	_	_	_	linguistic	_	none	_	_	_	_	_	_
276-3	BOR021	276	276	3	la	la	_	_	_	_	_	linguistic	_	none	_	_	_	_	_	_
276-4	BOR021	276	276	4	bologna	bologna	_	_	_	_	_	linguistic	_	none	_	_	_	_	_	_
276-5	BOR021	276	276	5	universitaria:	universitaria	_	_	_	_	_	linguistic	_	none	_	_	12x1	_	_	_
276-6	BOR021	276	276	6	e	e	_	_	_	_	_	linguistic	_	none	_	_	_	_	_	_
276-7	BOR021	276	276	7	tutto	tutto	_	_	_	_	_	linguistic	_	none	_	_	_	_	_	_
276-8	BOR021	276	276	8	quel	quel	_	_	_	_	_	linguistic	_	none	_	_	_	_	_	_
276-9	BOR021	276	276	9	mondo	mondo	_	_	_	_	_	linguistic	_	none	_	_	_	_	_	_
276-10	BOR021	276	276	10	lì	lì	_	_	_	_	_	linguistic	_	none	_	_	_	_	_	_
276-11	BOR021	276	276	11	un	un	_	_	_	_	_	linguistic	_	none	_	_	_	_	_	_
276-12	BOR021	276	276	12	conto	conto	_	_	_	_	_	linguistic	_	none	_	_	_	_	_	_
276-13	BOR021	276	276	13	è	è	_	_	_	_	_	linguistic	_	none	_	_	_	_	_	_
276-14	BOR021	276	276	14	il	il	_	_	_	_	_	linguistic	_	none	_	_	_	_	_	_
276-15	BOR021	276	276	15	resto::	resto	_	_	_	_	_	linguistic	_	none	_	End=563.708	4x2	_	_	_
277-0	BOI070	277	277	0	es[atto]	esatto	_	_	_	_	_	linguistic	_	none	_	Begin=563.911|End=564.469	_	_	_	2-6(62)
278-0	BOR021	278	278	0	[della	della	_	_	_	_	_	linguistic	_	none	_	Begin=564.132	_	_	_	0-5(62)
278-1	BOR021	278	278	1	ci]ttà	città	_	_	_	_	_	linguistic	_	none	_	End=564.743	_	_	_	0-2(62)
279-0	BOR021	279	279	0	c(io)è	cioè	_	_	_	_	_	linguistic	_	none	Reduced=Yes	Begin=565.0	_	_	_	_
279-1	BOR021	279	279	1	la	la	_	_	_	_	_	linguistic	_	none	_	_	_	_	_	_
279-2	BOR021	279	279	2	città	città	_	_	_	_	_	linguistic	_	none	_	_	_	_	_	_
279-3	BOR021	279	279	3	non	non	_	_	_	_	_	linguistic	_	none	_	_	_	_	_	_
279-4	BOR021	279	279	4	è	è	_	_	_	_	_	linguistic	_	none	_	_	_	_	_	_
279-5	BOR021	279	279	5	solo	solo	_	_	_	_	_	linguistic	_	none	_	_	_	_	_	_
279-6	BOR021	279	279	6	[l'	l'	_	_	_	_	_	linguistic	_	none	SpaceAfter=No	_	_	_	_	0-2(63)
279-7	BOR021	279	279	7	università]	università	_	_	_	_	_	linguistic	_	none	_	End=566.336	_	_	_	0-10(63)
280-0	BOI070	280	280	0	[c(io)è	cioè	_	_	_	_	_	linguistic	_	none	Reduced=Yes	Begin=565.663	_	_	_	0-4(63)
280-1	BOI070	280	280	1	se	se	_	_	_	_	_	linguistic	_	none	_	_	_	_	_	0-2(63)
280-2	BOI070	280	280	2	ti	ti	_	_	_	_	_	linguistic	_	none	_	_	_	_	_	0-2(63)
280-3	BOI070	280	280	3	vuoi]	vuoi	_	_	_	_	_	linguistic	_	none	_	_	_	_	_	0-4(63)
280-4	BOI070	280	280	4	vivere	vivere	_	_	_	_	_	linguistic	_	none	_	_	_	_	_	_
280-5	BOI070	280	280	5	bologna	bologna	_	_	_	_	_	linguistic	_	none	_	_	_	_	_	_
280-6	BOI070	280	280	6	>te	te	_	_	_	_	_	linguistic	_	none	_	_	_	Fast=0-2(0)	_	_
280-7	BOI070	280	280	7	la	la	_	_	_	_	_	linguistic	_	none	_	_	_	Fast=0-2(0)	_	_
280-8	BOI070	280	280	8	devi<	devi	_	_	_	_	_	linguistic	_	none	_	_	_	Fast=0-4(0)	_	_
280-9	BOI070	280	280	9	vivere	vivere	_	_	_	_	_	linguistic	_	none	_	_	_	_	_	_
280-10	BOI070	280	280	10	nello	nello	_	_	_	_	_	linguistic	_	none	_	_	_	_	_	_
280-11	BOI070	280	280	11	stesso	stesso	_	_	_	_	_	linguistic	_	none	_	_	_	_	_	_
280-12	BOI070	280	280	12	modo	modo	_	_	_	_	_	linguistic	_	none	_	End=568.3	_	_	_	_
281-0	BOI070	281	281	0	ok[ay]?	okay	_	_	_	_	_	linguistic	_	none	Intonation=Rising	Begin=568.663|End=569.15	_	_	_	2-4(64)
282-0	BOR021	282	282	0	[certo]	certo	_	_	_	_	_	linguistic	_	none	_	Begin=568.876|End=569.15	_	_	_	0-5(64)
283-0	BOI070	283	283	0	io	io	_	_	_	_	_	linguistic	_	none	_	Begin=569.345	_	_	_	_
283-1	BOI070	283	283	1	negli	negli	_	_	_	_	_	linguistic	_	none	_	_	_	_	_	_
283-2	BOI070	283	283	2	ultimi	ultimi	_	_	_	_	_	linguistic	_	none	_	_	_	_	_	_
283-3	BOI070	283	283	3	anni	anni	_	_	_	_	_	linguistic	_	none	_	_	_	_	_	_
283-4	BOI070	283	283	4	in	in	_	_	_	_	_	linguistic	_	none	_	_	_	_	_	_
283-5	BOI070	283	283	5	realtà	realtà	_	_	_	_	_	linguistic	_	none	_	_	_	_	_	_
283-6	BOI070	283	283	6	sto	sto	_	_	_	_	_	linguistic	_	none	_	_	_	_	_	_
283-7	BOI070	283	283	7	conoscendo	conoscendo	_	_	_	_	_	linguistic	_	none	_	_	_	_	_	_
283-8	BOI070	283	283	8	persone	persone	_	_	_	_	_	linguistic	_	none	_	_	_	_	_	_
283-9	BOI070	283	283	9	universitarie	universitarie	_	_	_	_	_	linguistic	_	none	_	End=571.805	_	_	_	_
284-0	BOI070	284	284	0	quindi:	quindi	_	_	_	_	_	linguistic	_	none	_	Begin=572.327|End=572.858	5x1	_	_	_
285-0	BOI070	285	285	0	c(io)è	cioè	_	_	_	_	_	linguistic	_	none	Reduced=Yes	Begin=573.522	_	_	_	_
285-1	BOI070	285	285	1	nel	nel	_	_	_	_	_	linguistic	_	none	_	_	_	_	_	_
285-2	BOI070	285	285	2	senso	senso	_	_	_	_	_	linguistic	_	none	_	_	_	_	_	_
285-3	BOI070	285	285	3	all'	all'	_	_	_	_	_	linguistic	_	none	SpaceAfter=No	_	_	_	_	_
285-4	BOI070	285	285	4	inizio	inizio	_	_	_	_	_	linguistic	_	none	_	_	_	_	_	_
285-5	BOI070	285	285	5	non:	non	_	_	_	_	_	linguistic	_	none	_	_	2x1	_	_	_
285-6	BOI070	285	285	6	non	non	_	_	_	_	_	linguistic	_	none	_	_	_	_	_	_
285-7	BOI070	285	285	7	davo	davo	_	_	_	_	_	linguistic	_	none	_	_	_	_	_	_
285-8	BOI070	285	285	8	neanche	neanche	_	_	_	_	_	linguistic	_	none	_	_	_	_	_	_
285-9	BOI070	285	285	9	molto	molto	_	_	_	_	_	linguistic	_	none	_	_	_	_	_	_
285-10	BOI070	285	285	10	peso	peso	_	_	_	_	_	linguistic	_	none	_	_	_	_	_	_
285-11	BOI070	285	285	11	neanche	neanche	_	_	_	_	_	linguistic	_	none	_	_	_	_	_	_
285-12	BOI070	285	285	12	calcolo	calcolo	_	_	_	_	_	linguistic	_	none	_	_	_	_	_	_
285-13	BOI070	285	285	13	a	a	_	_	_	_	_	linguistic	_	none	_	_	_	_	_	_
285-14	BOI070	285	285	14	(que)sta	questa	_	_	_	_	_	linguistic	_	none	_	_	_	_	0-3(0)	_
285-15	BOI070	285	285	15	cosa	cosa	_	_	_	_	_	linguistic	_	none	_	End=577.296	_	_	_	_
286-0	BOI070	286	286	0	però	però	_	_	_	_	_	linguistic	_	none	_	Begin=577.893|End=578.202	_	_	_	_
287-0	BOI070	287	287	0	ammetto	ammetto	_	_	_	_	_	linguistic	_	none	_	Begin=578.902	_	_	_	_
287-1	BOI070	287	287	1	che	che	_	_	_	_	_	linguistic	_	none	_	_	_	_	_	_
287-2	BOI070	287	287	2	poi	poi	_	_	_	_	_	linguistic	_	none	_	_	_	_	_	_
287-3	BOI070	287	287	3	co(n	con	_	_	_	_	_	linguistic	_	none	_	_	_	_	2-3(0)	_
287-4	BOI070	287	287	4	i)l	il	_	_	_	_	_	linguistic	_	none	_	_	_	_	0-1(0)	_
287-5	BOI070	287	287	5	tempo:	tempo	_	_	_	_	_	linguistic	_	none	_	_	4x1	_	_	_
287-6	BOI070	287	287	6	ho	ho	_	_	_	_	_	linguistic	_	none	_	_	_	_	_	_
287-7	BOI070	287	287	7	iniziato:	iniziato	_	_	_	_	_	linguistic	_	none	_	End=581.194	7x1	_	_	_
288-0	BOI070	288	288	0	a	a	_	_	_	_	_	linguistic	_	none	_	Begin=581.752	_	_	_	_
288-1	BOI070	288	288	1	dire	dire	_	_	_	_	_	linguistic	_	none	_	_	_	_	_	_
288-2	BOI070	288	288	2	(vabbè)	vabbè	_	_	_	_	_	linguistic	_	none	_	_	_	_	0-5(0)	_
288-3	BOI070	288	288	3	vorrei	vorrei	_	_	_	_	_	linguistic	_	none	_	_	_	_	_	_
288-4	BOI070	288	288	4	uscire	uscire	_	_	_	_	_	linguistic	_	none	_	_	_	_	_	_
288-5	BOI070	288	288	5	un	un	_	_	_	_	_	linguistic	_	none	_	_	_	_	_	_
288-6	BOI070	288	288	6	po'	po'	_	_	_	_	_	linguistic	_	none	_	_	_	_	_	_
288-7	BOI070	288	288	7	fuori	fuori	_	_	_	_	_	linguistic	_	none	_	_	_	_	_	_
288-8	BOI070	288	288	8	dagli	dagli	_	_	_	_	_	linguistic	_	none	_	_	_	_	_	_
288-9	BOI070	288	288	9	schemi	schemi	_	_	_	_	_	linguistic	_	none	_	_	_	_	_	_
288-10	BOI070	288	288	10	vorrei	vorrei	_	_	_	_	_	linguistic	_	none	_	_	_	_	_	_
288-11	BOI070	288	288	11	conoscere	conoscere	_	_	_	_	_	linguistic	_	none	PauseAfter=Yes	_	_	_	_	_
288-12	BOI070	288	288	12	(.)	(.)	_	_	_	_	_	shortpause	_	none	_	_	_	_	_	_
288-13	BOI070	288	288	13	un	un	_	_	_	_	_	linguistic	_	none	_	_	_	_	_	_
288-14	BOI070	288	288	14	altro	altro	_	_	_	_	_	linguistic	_	none	_	_	_	_	_	_
288-15	BOI070	288	288	15	stile	stile	_	_	_	_	_	linguistic	_	none	_	_	_	_	_	_
288-16	BOI070	288	288	16	di	di	_	_	_	_	_	linguistic	_	none	_	_	_	_	_	_
288-17	BOI070	288	288	17	bologna	bologna	_	_	_	_	_	linguistic	_	none	_	End=585.619	_	_	_	_
289-0	BOI070	289	289	0	questo	questo	_	_	_	_	_	linguistic	_	none	_	Begin=586.495	_	_	_	_
289-1	BOI070	289	289	1	stile	stile	_	_	_	_	_	linguistic	_	none	_	_	_	_	_	_
289-2	BOI070	289	289	2	che	che	_	_	_	_	_	linguistic	_	none	_	_	_	_	_	_
289-3	BOI070	289	289	3	ne	ne	_	_	_	_	_	linguistic	_	none	_	_	_	_	_	_
289-4	BOI070	289	289	4	parlano	parlano	_	_	_	_	_	linguistic	_	none	_	_	_	_	_	_
289-5	BOI070	289	289	5	tutti	tutti	_	_	_	_	_	linguistic	_	none	_	_	_	_	_	_
289-6	BOI070	289	289	6	no?	no	_	_	_	_	_	linguistic	_	none	Intonation=Rising	_	_	_	_	_
289-7	BOI070	289	289	7	stile	stile	_	_	_	_	_	linguistic	_	none	_	_	_	_	_	_
289-8	BOI070	289	289	8	universitario	universitario	_	_	_	_	_	linguistic	_	none	_	_	_	_	_	_
289-9	BOI070	289	289	9	che	che	_	_	_	_	_	linguistic	_	none	_	_	_	_	_	_
289-10	BOI070	289	289	10	gente	gente	_	_	_	_	_	linguistic	_	none	_	_	_	_	_	_
289-11	BOI070	289	289	11	che	che	_	_	_	_	_	linguistic	_	none	_	_	_	_	_	_
289-12	BOI070	289	289	12	arriva	arriva	_	_	_	_	_	linguistic	_	none	_	_	_	_	_	_
289-13	BOI070	289	289	13	a	a	_	_	_	_	_	linguistic	_	none	_	_	_	_	_	_
289-14	BOI070	289	289	14	studiare	studiare	_	_	_	_	_	linguistic	_	none	_	_	_	_	_	_
289-15	BOI070	289	289	15	da	da	_	_	_	_	_	linguistic	_	none	_	End=590.309	_	_	_	_
290-0	BOI070	290	290	0	da	da	_	_	_	_	_	linguistic	_	none	_	Begin=590.637	_	_	_	_
290-1	BOI070	290	290	1	ogni	ogni	_	_	_	_	_	linguistic	_	none	_	_	_	_	_	_
290-2	BOI070	290	290	2	dove	dove	_	_	_	_	_	linguistic	_	none	_	End=591.509	_	_	_	_
291-0	BOI070	291	291	0	e:::	e	_	_	_	_	_	linguistic	_	none	_	Begin=592.23	0x3	_	_	_
291-1	BOI070	291	291	1	lì	lì	_	_	_	_	_	linguistic	_	none	_	_	_	_	_	_
291-2	BOI070	291	291	2	poi	poi	_	_	_	_	_	linguistic	_	none	_	_	_	_	_	_
291-3	BOI070	291	291	3	inizia	inizia	_	_	_	_	_	linguistic	_	none	_	End=593.946	_	_	_	_
292-0	BOI070	292	292	0	a	a	_	_	_	_	_	linguistic	_	none	_	Begin=594.177	_	_	_	_
292-1	BOI070	292	292	1	vedere	vedere	_	_	_	_	_	linguistic	_	none	PauseAfter=Yes	_	_	_	_	_
292-2	BOI070	292	292	2	(.)	(.)	_	_	_	_	_	shortpause	_	none	_	_	_	_	_	_
292-3	BOI070	292	292	3	un	un	_	_	_	_	_	linguistic	_	none	_	_	_	_	_	_
292-4	BOI070	292	292	4	po'	po'	_	_	_	_	_	linguistic	_	none	_	_	_	_	_	_
292-5	BOI070	292	292	5	bologna	bologna	_	_	_	_	_	linguistic	_	none	_	_	_	_	_	_
292-6	BOI070	292	292	6	a	a	_	_	_	_	_	linguistic	_	none	_	_	_	_	_	_
292-7	BOI070	292	292	7	trecentosessanta	trecentosessanta	_	_	_	_	_	linguistic	_	none	_	_	_	_	_	_
292-8	BOI070	292	292	8	gradi	gradi	_	_	_	_	_	linguistic	_	none	_	End=596.575	_	_	_	_
293-0	BOR021	293	293	0	s[ì]	sì	_	_	_	_	_	linguistic	_	none	_	Begin=597.353|End=597.596	_	_	_	1-2(65)
294-0	BOI070	294	294	0	x[x]	xx	_	_	_	_	_	unknown	_	none	Syllables=2	Begin=597.407	_	_	_	1-2(65)
294-1	BOI070	294	294	1	io	io	_	_	_	_	_	linguistic	_	none	_	_	_	_	_	_
294-2	BOI070	294	294	2	me	me	_	_	_	_	_	linguistic	_	none	_	_	_	_	_	_
294-3	BOI070	294	294	3	la	la	_	_	_	_	_	linguistic	_	none	_	_	_	_	_	_
294-4	BOI070	294	294	4	[son	son	_	_	_	_	_	linguistic	_	none	_	_	_	_	_	0-3(66)
294-5	BOI070	294	294	5	vissuta]	vissuta	_	_	_	_	_	linguistic	_	none	_	End=598.766	_	_	_	0-7(66)
295-0	BOR021	295	295	0	[sicuramente:]	sicuramente	_	_	_	_	_	linguistic	_	none	_	Begin=597.991|End=598.766	10x1	_	_	0-11(66)
296-0	BOI070	296	296	0	io	io	_	_	_	_	_	linguistic	_	none	_	Begin=599.094	_	_	_	_
296-1	BOI070	296	296	1	le	le	_	_	_	_	_	linguistic	_	none	_	_	_	_	_	_
296-2	BOI070	296	296	2	ma	ma	_	_	_	_	_	linguistic	_	none	_	_	_	_	_	_
296-3	BOI070	296	296	3	son	son	_	_	_	_	_	linguistic	_	none	_	_	_	_	_	_
296-4	BOI070	296	296	4	vissuta::	vissuta	_	_	_	_	_	linguistic	_	none	_	_	6x2	_	_	_
296-5	BOI070	296	296	5	tra	tra	_	_	_	_	_	linguistic	_	none	_	_	_	_	_	_
296-6	BOI070	296	296	6	i	i	_	_	_	_	_	linguistic	_	none	_	_	_	_	_	_
296-7	BOI070	296	296	7	quartieri	quartieri	_	_	_	_	_	linguistic	_	none	_	_	_	_	_	_
296-8	BOI070	296	296	8	tra:	tra	_	_	_	_	_	linguistic	_	none	_	End=601.391	2x1	_	_	_
297-0	BOI070	297	297	0	tra	tra	_	_	_	_	_	linguistic	_	none	_	Begin=601.872	_	_	_	_
297-1	BOI070	297	297	1	quartieri	quartieri	_	_	_	_	_	linguistic	_	none	_	_	_	_	_	_
297-2	BOI070	297	297	2	poveri	poveri	_	_	_	_	_	linguistic	_	none	PauseAfter=Yes	_	_	_	_	_
297-3	BOI070	297	297	3	(.)	(.)	_	_	_	_	_	shortpause	_	none	_	_	_	_	_	_
297-4	BOI070	297	297	4	in	in	_	_	_	_	_	linguistic	_	none	_	_	_	_	_	_
297-5	BOI070	297	297	5	un	un	_	_	_	_	_	linguistic	_	none	_	_	_	_	_	_
297-6	BOI070	297	297	6	certo	certo	_	_	_	_	_	linguistic	_	none	_	_	_	_	_	_
297-7	BOI070	297	297	7	senso	senso	_	_	_	_	_	linguistic	_	none	_	_	_	_	_	_
297-8	BOI070	297	297	8	xxx	xxx	_	_	_	_	_	unknown	_	none	Syllables=3	_	_	_	_	_
297-9	BOI070	297	297	9	m::h	mh	_	_	_	_	_	linguistic	_	none	_	_	0x2	_	_	_
297-10	BOI070	297	297	10	°il	il	_	_	_	_	_	linguistic	_	none	Volume=low	_	_	_	_	_
297-11	BOI070	297	297	11	più::°	più	_	_	_	_	_	linguistic	_	none	Volume=low	End=605.275	2x2	_	_	_
298-0	BOI070	298	298	0	un	un	_	_	_	_	_	linguistic	_	none	_	Begin=605.698	_	_	_	_
298-1	BOI070	298	298	1	po'	po'	_	_	_	_	_	linguistic	_	none	_	_	_	_	_	_
298-2	BOI070	298	298	2	messi:::	messi	_	_	_	_	_	linguistic	_	none	_	End=607.165	4x3	_	_	_
299-0	BOI070	299	299	0	sottosopra	sottosopra	_	_	_	_	_	linguistic	_	none	_	Begin=607.597	_	_	_	_
299-1	BOI070	299	299	1	di	di	_	_	_	_	_	linguistic	_	none	_	_	_	_	_	_
299-2	BOI070	299	299	2	bologna	bologna	_	_	_	_	_	linguistic	_	none	_	End=608.939	_	_	_	_
300-0	BOI070	300	300	0	e	e	_	_	_	_	_	linguistic	_	none	_	Begin=609.389	_	_	_	_
300-1	BOI070	300	300	1	anche	anche	_	_	_	_	_	linguistic	_	none	_	_	_	_	_	_
300-2	BOI070	300	300	2	quelli	quelli	_	_	_	_	_	linguistic	_	none	_	_	_	_	_	_
300-3	BOI070	300	300	3	un	un	_	_	_	_	_	linguistic	_	none	_	_	_	_	_	_
300-4	BOI070	300	300	4	po'	po'	_	_	_	_	_	linguistic	_	none	_	_	_	_	_	_
300-5	BOI070	300	300	5	più	più	_	_	_	_	_	linguistic	_	none	_	_	_	_	_	_
300-6	BOI070	300	300	6	messi	messi	_	_	_	_	_	linguistic	_	none	_	_	_	_	_	_
300-7	BOI070	300	300	7	meglio	meglio	_	_	_	_	_	linguistic	_	none	_	_	_	_	_	_
300-8	BOI070	300	300	8	no?	no	_	_	_	_	_	linguistic	_	none	Intonation=Rising	_	_	_	_	_
300-9	BOI070	300	300	9	m:h	mh	_	_	_	_	_	linguistic	_	none	_	_	0x1	_	_	_
300-10	BOI070	300	300	10	messi	messi	_	_	_	_	_	linguistic	_	none	_	End=611.731	_	_	_	_
301-0	BOI070	301	301	0	con	con	_	_	_	_	_	linguistic	_	none	_	Begin=611.838	_	_	_	_
301-1	BOI070	301	301	1	edifici	edifici	_	_	_	_	_	linguistic	_	none	_	_	_	_	_	_
301-2	BOI070	301	301	2	più	più	_	_	_	_	_	linguistic	_	none	_	_	_	_	_	_
301-3	BOI070	301	301	3	moderni	moderni	_	_	_	_	_	linguistic	_	none	_	End=613.094	_	_	_	_
302-0	BOI070	302	302	0	c'	c'	_	_	_	_	_	linguistic	_	none	SpaceAfter=No	Begin=613.134	_	_	_	_
302-1	BOI070	302	302	1	è	è	_	_	_	_	_	linguistic	_	none	_	_	_	_	_	_
302-2	BOI070	302	302	2	la	la	_	_	_	_	_	linguistic	_	none	_	_	_	_	_	_
302-3	BOI070	302	302	3	parte	parte	_	_	_	_	_	linguistic	_	none	_	_	_	_	_	_
302-4	BOI070	302	302	4	più	più	_	_	_	_	_	linguistic	_	none	_	_	_	_	_	_
302-5	BOI070	302	302	5	storica	storica	_	_	_	_	_	linguistic	_	none	_	_	_	_	_	_
302-6	BOI070	302	302	6	più:	più	_	_	_	_	_	linguistic	_	none	_	_	2x1	_	_	_
302-7	BOI070	302	302	7	incallita	incallita	_	_	_	_	_	linguistic	_	none	_	_	_	_	_	_
302-8	BOI070	302	302	8	in	in	_	_	_	_	_	linguistic	_	none	_	_	_	_	_	_
302-9	BOI070	302	302	9	un	un	_	_	_	_	_	linguistic	_	none	_	_	_	_	_	_
302-10	BOI070	302	302	10	certo	certo	_	_	_	_	_	linguistic	_	none	_	_	_	_	_	_
302-11	BOI070	302	302	11	senso	senso	_	_	_	_	_	linguistic	_	none	_	_	_	_	_	_
302-12	BOI070	302	302	12	e	e	_	_	_	_	_	linguistic	_	none	_	_	_	_	_	_
302-13	BOI070	302	302	13	la	la	_	_	_	_	_	linguistic	_	none	_	_	_	_	_	_
302-14	BOI070	302	302	14	parte	parte	_	_	_	_	_	linguistic	_	none	_	_	_	_	_	_
302-15	BOI070	302	302	15	più:	più	_	_	_	_	_	linguistic	_	none	_	_	2x1	_	_	_
302-16	BOI070	302	302	16	moderna	moderna	_	_	_	_	_	linguistic	_	none	_	End=617.208	_	_	_	_
303-0	BOI070	303	303	0	come	come	_	_	_	_	_	linguistic	_	none	_	Begin=617.295	_	_	_	_
303-1	BOI070	303	303	1	in	in	_	_	_	_	_	linguistic	_	none	_	_	_	_	_	_
303-2	BOI070	303	303	2	ogni	ogni	_	_	_	_	_	linguistic	_	none	_	_	_	_	_	_
303-3	BOI070	303	303	3	città	città	_	_	_	_	_	linguistic	_	none	_	_	_	_	_	_
303-4	BOI070	303	303	4	ragazzi	ragazzi	_	_	_	_	_	linguistic	_	none	_	_	_	_	_	_
303-5	BOI070	303	303	5	no?	no	_	_	_	_	_	linguistic	_	none	Intonation=Rising	End=618.55	_	_	_	_
304-0	BOI070	304	304	0	e:::	e	_	_	_	_	_	linguistic	_	none	_	Begin=619.288	0x3	_	_	_
304-1	BOI070	304	304	1	mh	mh	_	_	_	_	_	linguistic	_	none	_	End=620.328	_	_	_	_
305-0	BOI070	305	305	0	e	e	_	_	_	_	_	linguistic	_	none	_	Begin=621.19	_	_	_	_
305-1	BOI070	305	305	1	poi	poi	_	_	_	_	_	linguistic	_	none	_	_	_	_	_	_
305-2	BOI070	305	305	2	°ho:	ho	_	_	_	_	_	linguistic	_	none	Volume=low	_	1x1	_	_	_
305-3	BOI070	305	305	3	visto	visto	_	_	_	_	_	linguistic	_	none	Volume=low	_	_	_	_	_
305-4	BOI070	305	305	4	anche	anche	_	_	_	_	_	linguistic	_	none	Volume=low	_	_	_	_	_
305-5	BOI070	305	305	5	appunto	appunto	_	_	_	_	_	linguistic	_	none	Volume=low	_	_	_	_	_
305-6	BOI070	305	305	6	sti	sti	_	_	_	_	_	linguistic	_	none	Volume=low	_	_	_	_	_
305-7	BOI070	305	305	7	universitari°	universitari	_	_	_	_	_	linguistic	_	none	Volume=low	End=623.308	_	_	_	_
306-0	BOI070	306	306	0	quindi:	quindi	_	_	_	_	_	linguistic	_	none	_	Begin=623.953|End=624.234	5x1	_	_	_
307-0	BOI070	307	307	0	vari	vari	_	_	_	_	_	linguistic	_	none	_	Begin=624.382	_	_	_	_
307-1	BOI070	307	307	1	stili	stili	_	_	_	_	_	linguistic	_	none	_	_	_	_	_	_
307-2	BOI070	307	307	2	c'	c'	_	_	_	_	_	linguistic	_	none	SpaceAfter=No	_	_	_	_	_
307-3	BOI070	307	307	3	ha	ha	_	_	_	_	_	linguistic	_	none	_	_	_	_	_	_
307-4	BOI070	307	307	4	secondo	secondo	_	_	_	_	_	linguistic	_	none	_	_	_	_	_	_
307-5	BOI070	307	307	5	me:	me	_	_	_	_	_	linguistic	_	none	_	_	1x1	_	_	_
307-6	BOI070	307	307	6	è	è	_	_	_	_	_	linguistic	_	none	_	_	_	_	_	_
307-7	BOI070	307	307	7	viva	viva	_	_	_	_	_	linguistic	_	none	_	_	_	_	_	_
307-8	BOI070	307	307	8	in	in	_	_	_	_	_	linguistic	_	none	_	_	_	_	_	_
307-9	BOI070	307	307	9	vari	vari	_	_	_	_	_	linguistic	_	none	_	_	_	_	_	_
307-10	BOI070	307	307	10	modi	modi	_	_	_	_	_	linguistic	_	none	_	End=626.496	_	_	_	_
308-0	BOR021	308	308	0	sì	sì	_	_	_	_	_	linguistic	_	none	_	Begin=627.288	_	_	_	_
308-1	BOR021	308	308	1	sì	sì	_	_	_	_	_	linguistic	_	none	_	_	_	_	_	_
308-2	BOR021	308	308	2	sono::	sono	_	_	_	_	_	linguistic	_	none	_	_	3x2	_	_	_
308-3	BOR021	308	308	3	sono	sono	_	_	_	_	_	linguistic	_	none	_	_	_	_	_	_
308-4	BOR021	308	308	4	d'	d'	_	_	_	_	_	linguistic	_	none	SpaceAfter=No	_	_	_	_	_
308-5	BOR021	308	308	5	accordo	accordo	_	_	_	_	_	linguistic	_	none	_	End=628.785	_	_	_	_
309-0	BOR021	309	309	0	e	e	_	_	_	_	_	linguistic	_	none	_	Begin=629.59	_	_	_	_
309-1	BOR021	309	309	1	mi:	mi	_	_	_	_	_	linguistic	_	none	_	_	1x1	_	_	_
309-2	BOR021	309	309	2	dicevi	dicevi	_	_	_	_	_	linguistic	_	none	_	_	_	_	_	_
309-3	BOR021	309	309	3	prima	prima	_	_	_	_	_	linguistic	_	none	_	_	_	_	_	_
309-4	BOR021	309	309	4	dei:	dei	_	_	_	_	_	linguistic	_	none	_	_	2x1	_	_	_
309-5	BOR021	309	309	5	portici	portici	_	_	_	_	_	linguistic	_	none	_	End=631.577	_	_	_	_
310-0	BOI070	310	310	0	mhmh	mhmh	_	_	_	_	_	linguistic	_	none	_	Begin=631.745|End=632.02	_	_	_	_
311-0	BOR021	311	311	0	ti	ti	_	_	_	_	_	linguistic	_	none	_	Begin=632.221	_	_	_	_
311-1	BOR021	311	311	1	piacciono,	piacciono	_	_	_	_	_	linguistic	_	none	Intonation=WeaklyRising|PauseAfter=Yes	_	_	_	_	_
311-2	BOR021	311	311	2	(.)	(.)	_	_	_	_	_	shortpause	_	none	_	_	_	_	_	_
311-3	BOR021	311	311	3	i	i	_	_	_	_	_	linguistic	_	none	_	_	_	_	_	_
311-4	BOR021	311	311	4	portici	portici	_	_	_	_	_	linguistic	_	none	_	_	_	_	_	_
311-5	BOR021	311	311	5	di	di	_	_	_	_	_	linguistic	_	none	_	_	_	_	_	_
311-6	BOR021	311	311	6	bologna,	bologna	_	_	_	_	_	linguistic	_	none	Intonation=WeaklyRising	_	_	_	_	_
311-7	BOR021	311	311	7	come::	come	_	_	_	_	_	linguistic	_	none	_	_	3x2	_	_	_
311-8	BOR021	311	311	8	come	come	_	_	_	_	_	linguistic	_	none	_	_	_	_	_	_
311-9	BOR021	311	311	9	li	li	_	_	_	_	_	linguistic	_	none	_	_	_	_	_	_
311-10	BOR021	311	311	10	tengono	tengono	_	_	_	_	_	linguistic	_	none	_	_	_	_	_	_
311-11	BOR021	311	311	11	secondo	secondo	_	_	_	_	_	linguistic	_	none	_	_	_	_	_	_
311-12	BOR021	311	311	12	te?	te	_	_	_	_	_	linguistic	_	none	Intonation=Rising	End=635.187	_	_	_	_
312-0	BOI070	312	312	0	beh	beh	_	_	_	_	_	linguistic	_	none	_	Begin=636.234	_	_	_	_
312-1	BOI070	312	312	1	e:h	eh	_	_	_	_	_	linguistic	_	none	_	_	0x1	_	_	_
312-2	BOI070	312	312	2	i	i	_	_	_	_	_	linguistic	_	none	_	_	_	_	_	_
312-3	BOI070	312	312	3	portici	portici	_	_	_	_	_	linguistic	_	none	_	_	_	_	_	_
312-4	BOI070	312	312	4	di	di	_	_	_	_	_	linguistic	_	none	_	_	_	_	_	_
312-5	BOI070	312	312	5	bologna	bologna	_	_	_	_	_	linguistic	_	none	_	_	_	_	_	_
312-6	BOI070	312	312	6	son	son	_	_	_	_	_	linguistic	_	none	_	_	_	_	_	_
312-7	BOI070	312	312	7	proprio	proprio	_	_	_	_	_	linguistic	_	none	_	_	_	_	_	_
312-8	BOI070	312	312	8	belli	belli	_	_	_	_	_	linguistic	_	none	_	_	_	_	_	_
312-9	BOI070	312	312	9	perché	perché	_	_	_	_	_	linguistic	_	none	_	_	_	_	_	_
312-10	BOI070	312	312	10	son	son	_	_	_	_	_	linguistic	_	none	_	_	_	_	_	_
312-11	BOI070	312	312	11	tenuti	tenuti	_	_	_	_	_	linguistic	_	none	_	_	_	_	_	_
312-12	BOI070	312	312	12	proprio	proprio	_	_	_	_	_	linguistic	_	none	_	_	_	_	_	_
312-13	BOI070	312	312	13	di	di	_	_	_	_	_	linguistic	_	none	_	_	_	_	_	_
312-14	BOI070	312	312	14	merda	merda	_	_	_	_	_	linguistic	_	none	_	End=639.389	_	_	_	_
313-0	BOR021	313	313	0	((ride))	((ride))	_	_	_	_	_	nonverbalbehavior	_	none	_	Begin=639.456|End=639.885	_	_	_	_
314-0	BOI070	314	314	0	quindi:	quindi	_	_	_	_	_	linguistic	_	none	_	Begin=639.892|End=640.443	5x1	_	_	_
315-0	BOI070	315	315	0	e	e	_	_	_	_	_	linguistic	_	none	_	Begin=640.724	_	_	_	_
315-1	BOI070	315	315	1	questo	questo	_	_	_	_	_	linguistic	_	none	_	_	_	_	_	_
315-2	BOI070	315	315	2	secondo	secondo	_	_	_	_	_	linguistic	_	none	_	_	_	_	_	_
315-3	BOI070	315	315	3	me	me	_	_	_	_	_	linguistic	_	none	_	_	_	_	_	_
315-4	BOI070	315	315	4	già	già	_	_	_	_	_	linguistic	_	none	_	_	_	_	_	_
315-5	BOI070	315	315	5	(una)	una	_	_	_	_	_	linguistic	_	none	PauseAfter=Yes	_	_	_	0-3(0)	_
315-6	BOI070	315	315	6	(.)	(.)	_	_	_	_	_	shortpause	_	none	_	_	_	_	_	_
315-7	BOI070	315	315	7	già	già	_	_	_	_	_	linguistic	_	none	_	_	_	_	_	_
315-8	BOI070	315	315	8	ha	ha	_	_	_	_	_	linguistic	_	none	_	_	_	_	_	_
315-9	BOI070	315	315	9	una	una	_	_	_	_	_	linguistic	_	none	_	_	_	_	_	_
315-10	BOI070	315	315	10	skill	skill	_	_	_	_	_	linguistic	_	none	_	_	_	_	_	_
315-11	BOI070	315	315	11	in	in	_	_	_	_	_	linguistic	_	none	_	_	_	_	_	_
315-12	BOI070	315	315	12	più	più	_	_	_	_	_	linguistic	_	none	_	_	_	_	_	_
315-13	BOI070	315	315	13	mh	mh	_	_	_	_	_	linguistic	_	none	_	_	_	_	_	_
315-14	BOI070	315	315	14	nel	nel	_	_	_	_	_	linguistic	_	none	_	_	_	_	_	_
315-15	BOI070	315	315	15	senso:	senso	_	_	_	_	_	linguistic	_	none	_	End=644.094	4x1	_	_	_
316-0	BOI070	316	316	0	e::	e	_	_	_	_	_	linguistic	_	none	PauseAfter=Yes	Begin=644.932	0x2	_	_	_
316-1	BOI070	316	316	1	(.)	(.)	_	_	_	_	_	shortpause	_	none	_	_	_	_	_	_
316-2	BOI070	316	316	2	ti	ti	_	_	_	_	_	linguistic	_	none	_	_	_	_	_	_
316-3	BOI070	316	316	3	dà	dà	_	_	_	_	_	linguistic	_	none	_	_	_	_	_	_
316-4	BOI070	316	316	4	l'	l'	_	_	_	_	_	linguistic	_	none	SpaceAfter=No	_	_	_	_	_
316-5	BOI070	316	316	5	idea	idea	_	_	_	_	_	linguistic	_	none	_	_	_	_	_	_
316-6	BOI070	316	316	6	di	di	_	_	_	_	_	linguistic	_	none	_	_	_	_	_	_
316-7	BOI070	316	316	7	vecchio	vecchio	_	_	_	_	_	linguistic	_	none	_	End=646.57	_	_	_	_
317-0	BOI070	317	317	0	e	e	_	_	_	_	_	linguistic	_	none	_	Begin=647.147	_	_	_	_
317-1	BOI070	317	317	1	bologna	bologna	_	_	_	_	_	linguistic	_	none	_	_	_	_	_	_
317-2	BOI070	317	317	2	è	è	_	_	_	_	_	linguistic	_	none	_	_	_	_	_	_
317-3	BOI070	317	317	3	proprio	proprio	_	_	_	_	_	linguistic	_	none	_	_	_	_	_	_
317-4	BOI070	317	317	4	vecchia	vecchia	_	_	_	_	_	linguistic	_	none	_	_	_	_	_	_
317-5	BOI070	317	317	5	nel	nel	_	_	_	_	_	linguistic	_	none	_	_	_	_	_	_
317-6	BOI070	317	317	6	senso	senso	_	_	_	_	_	linguistic	_	none	_	_	_	_	_	_
317-7	BOI070	317	317	7	non	non	_	_	_	_	_	linguistic	_	none	_	_	_	_	_	_
317-8	BOI070	317	317	8	è	è	_	_	_	_	_	linguistic	_	none	_	_	_	_	_	_
317-9	BOI070	317	317	9	una:	una	_	_	_	_	_	linguistic	_	none	_	End=649.443	2x1	_	_	_
318-0	BOI070	318	318	0	tutta	tutta	_	_	_	_	_	linguistic	_	none	_	Begin=649.798	_	_	_	_
318-1	BOI070	318	318	1	costruita	costruita	_	_	_	_	_	linguistic	_	none	_	_	_	_	_	_
318-2	BOI070	318	318	2	ieri	ieri	_	_	_	_	_	linguistic	_	none	_	_	_	_	_	_
318-3	BOI070	318	318	3	no?	no	_	_	_	_	_	linguistic	_	none	Intonation=Rising	End=650.946	_	_	_	_
319-0	BOR021	319	319	0	no:	no	_	_	_	_	_	linguistic	_	none	_	Begin=651.093|End=651.299	1x1	_	_	_
320-0	BOI070	320	320	0	c(io)è	cioè	_	_	_	_	_	linguistic	_	none	Reduced=Yes	Begin=651.308|End=651.508	_	_	_	_
321-0	BOI070	321	321	0	e:::h	eh	_	_	_	_	_	linguistic	_	none	_	Begin=652.22	0x3	_	_	_
321-1	BOI070	321	321	1	e	e	_	_	_	_	_	linguistic	_	none	_	_	_	_	_	_
321-2	BOI070	321	321	2	quindi	quindi	_	_	_	_	_	linguistic	_	none	_	_	_	_	_	_
321-3	BOI070	321	321	3	mi	mi	_	_	_	_	_	linguistic	_	none	_	_	_	_	_	_
321-4	BOI070	321	321	4	sa	sa	_	_	_	_	_	linguistic	_	none	_	_	_	_	_	_
321-5	BOI070	321	321	5	che	che	_	_	_	_	_	linguistic	_	none	_	End=653.881	_	_	_	_
322-0	BOI070	322	322	0	comun~	comun~	_	_	_	_	_	linguistic	_	none	Interrupted=Yes	Begin=654.093	_	_	_	_
322-1	BOI070	322	322	1	c(io)è	cioè	_	_	_	_	_	linguistic	_	none	Reduced=Yes	End=654.61	_	_	_	_
323-0	BOI070	323	323	0	penso	penso	_	_	_	_	_	linguistic	_	none	_	Begin=654.872	_	_	_	_
323-1	BOI070	323	323	1	che	che	_	_	_	_	_	linguistic	_	none	_	_	_	_	_	_
323-2	BOI070	323	323	2	comunque	comunque	_	_	_	_	_	linguistic	_	none	_	_	_	_	_	_
323-3	BOI070	323	323	3	quella	quella	_	_	_	_	_	linguistic	_	none	_	End=656.101	_	_	_	_
324-0	BOI070	324	324	0	quello	quello	_	_	_	_	_	linguistic	_	none	_	Begin=656.83	_	_	_	_
324-1	BOI070	324	324	1	stile	stile	_	_	_	_	_	linguistic	_	none	_	_	_	_	_	_
324-2	BOI070	324	324	2	dei	dei	_	_	_	_	_	linguistic	_	none	_	_	_	_	_	_
324-3	BOI070	324	324	3	portici	portici	_	_	_	_	_	linguistic	_	none	_	_	_	_	_	_
324-4	BOI070	324	324	4	no,	no	_	_	_	_	_	linguistic	_	none	Intonation=WeaklyRising	_	_	_	_	_
324-5	BOI070	324	324	5	che	che	_	_	_	_	_	linguistic	_	none	_	_	_	_	_	_
324-6	BOI070	324	324	6	tu	tu	_	_	_	_	_	linguistic	_	none	_	_	_	_	_	_
324-7	BOI070	324	324	7	magari:	magari	_	_	_	_	_	linguistic	_	none	_	End=658.889	5x1	_	_	_
325-0	BOI070	325	325	0	io	io	_	_	_	_	_	linguistic	_	none	_	Begin=659.059	_	_	_	_
325-1	BOI070	325	325	1	tipo	tipo	_	_	_	_	_	linguistic	_	none	_	_	_	_	_	_
325-2	BOI070	325	325	2	una	una	_	_	_	_	_	linguistic	_	none	_	_	_	_	_	_
325-3	BOI070	325	325	3	cosa	cosa	_	_	_	_	_	linguistic	_	none	_	_	_	_	_	_
325-4	BOI070	325	325	4	che	che	_	_	_	_	_	linguistic	_	none	_	_	_	_	_	_
325-5	BOI070	325	325	5	faccio	faccio	_	_	_	_	_	linguistic	_	none	_	_	_	_	_	_
325-6	BOI070	325	325	6	spesso:	spesso	_	_	_	_	_	linguistic	_	none	_	End=660.644	5x1	_	_	_
326-0	BOI070	326	326	0	°essendo	essendo	_	_	_	_	_	linguistic	_	none	Volume=low	Begin=660.889	_	_	_	_
326-1	BOI070	326	326	1	di	di	_	_	_	_	_	linguistic	_	none	Volume=low	_	_	_	_	_
326-2	BOI070	326	326	2	bologna	bologna	_	_	_	_	_	linguistic	_	none	Volume=low	_	_	_	_	_
326-3	BOI070	326	326	3	a	a	_	_	_	_	_	linguistic	_	none	Volume=low	_	_	_	_	_
326-4	BOI070	326	326	4	volte	volte	_	_	_	_	_	linguistic	_	none	Volume=low	_	_	_	_	_
326-5	BOI070	326	326	5	passeggio°	passeggio	_	_	_	_	_	linguistic	_	none	Volume=low	End=662.571	_	_	_	_
327-0	BOI070	327	327	0	°la	la	_	_	_	_	_	linguistic	_	none	Volume=low	Begin=663.017	_	_	_	_
327-1	BOI070	327	327	1	sera	sera	_	_	_	_	_	linguistic	_	none	Volume=low	_	_	_	_	_
327-2	BOI070	327	327	2	quando	quando	_	_	_	_	_	linguistic	_	none	Volume=low	_	_	_	_	_
327-3	BOI070	327	327	3	è°	è	_	_	_	_	_	linguistic	_	none	Volume=low	End=663.977	_	_	_	_
328-0	BOI070	328	328	0	°quando:°	quando	_	_	_	_	_	linguistic	_	none	Volume=low	Begin=664.305|End=664.839	5x1	_	_	_
329-0	BOI070	329	329	0	magari	magari	_	_	_	_	_	linguistic	_	none	_	Begin=665.415	_	_	_	_
329-1	BOI070	329	329	1	mi	mi	_	_	_	_	_	linguistic	_	none	_	_	_	_	_	_
329-2	BOI070	329	329	2	sveglio	sveglio	_	_	_	_	_	linguistic	_	none	_	_	_	_	_	_
329-3	BOI070	329	329	3	con	con	_	_	_	_	_	linguistic	_	none	_	_	_	_	_	_
329-4	BOI070	329	329	4	la	la	_	_	_	_	_	linguistic	_	none	_	_	_	_	_	_
329-5	BOI070	329	329	5	luna	luna	_	_	_	_	_	linguistic	_	none	_	_	_	_	_	_
329-6	BOI070	329	329	6	storta	storta	_	_	_	_	_	linguistic	_	none	_	_	_	_	_	_
329-7	BOI070	329	329	7	comunque:	comunque	_	_	_	_	_	linguistic	_	none	_	End=667.798	7x1	_	_	_
330-0	BOI070	330	330	0	durante	durante	_	_	_	_	_	linguistic	_	none	_	Begin=668.11	_	_	_	_
330-1	BOI070	330	330	1	fine	fine	_	_	_	_	_	linguistic	_	none	_	_	_	_	_	_
330-2	BOI070	330	330	2	giornata	giornata	_	_	_	_	_	linguistic	_	none	_	End=669.168	_	_	_	_
331-0	BOI070	331	331	0	io	io	_	_	_	_	_	linguistic	_	none	_	Begin=669.813	_	_	_	_
331-1	BOI070	331	331	1	vado	vado	_	_	_	_	_	linguistic	_	none	_	_	_	_	_	_
331-2	BOI070	331	331	2	a	a	_	_	_	_	_	linguistic	_	none	_	_	_	_	_	_
331-3	BOI070	331	331	3	fare	fare	_	_	_	_	_	linguistic	_	none	_	_	_	_	_	_
331-4	BOI070	331	331	4	una	una	_	_	_	_	_	linguistic	_	none	_	_	_	_	_	_
331-5	BOI070	331	331	5	passeggiata	passeggiata	_	_	_	_	_	linguistic	_	none	_	End=670.94	_	_	_	_
332-0	BOI070	332	332	0	e	e	_	_	_	_	_	linguistic	_	none	PauseAfter=Yes	Begin=671.288	_	_	_	_
332-1	BOI070	332	332	1	(.)	(.)	_	_	_	_	_	shortpause	_	none	_	_	_	_	_	_
332-2	BOI070	332	332	2	io	io	_	_	_	_	_	linguistic	_	none	_	End=672.151	_	_	_	_
333-0	BOI070	333	333	0	c(io)è	cioè	_	_	_	_	_	linguistic	_	none	Reduced=Yes	Begin=672.737	_	_	_	_
333-1	BOI070	333	333	1	è	è	_	_	_	_	_	linguistic	_	none	_	_	_	_	_	_
333-2	BOI070	333	333	2	obbligatorio	obbligatorio	_	_	_	_	_	linguistic	_	none	_	_	_	_	_	_
333-3	BOI070	333	333	3	proprio	proprio	_	_	_	_	_	linguistic	_	none	_	_	_	_	_	_
333-4	BOI070	333	333	4	è	è	_	_	_	_	_	linguistic	_	none	_	_	_	_	_	_
333-5	BOI070	333	333	5	da	da	_	_	_	_	_	linguistic	_	none	_	_	_	_	_	_
333-6	BOI070	333	333	6	prassi	prassi	_	_	_	_	_	linguistic	_	none	_	_	_	_	_	_
333-7	BOI070	333	333	7	che	che	_	_	_	_	_	linguistic	_	none	_	_	_	_	_	_
333-8	BOI070	333	333	8	io	io	_	_	_	_	_	linguistic	_	none	_	_	_	_	_	_
333-9	BOI070	333	333	9	debba	debba	_	_	_	_	_	linguistic	_	none	_	_	_	_	_	_
333-10	BOI070	333	333	10	passare	passare	_	_	_	_	_	linguistic	_	none	_	_	_	_	_	_
333-11	BOI070	333	333	11	sotto	sotto	_	_	_	_	_	linguistic	_	none	_	_	_	_	_	_
333-12	BOI070	333	333	12	i	i	_	_	_	_	_	linguistic	_	none	_	_	_	_	_	_
333-13	BOI070	333	333	13	portici:	portici	_	_	_	_	_	linguistic	_	none	_	End=676.423	6x1	_	_	_
334-0	BOR021	334	334	0	tipo	tipo	_	_	_	_	_	linguistic	_	none	_	Begin=677.296	_	_	_	_
334-1	BOR021	334	334	1	(un)	un	_	_	_	_	_	linguistic	_	none	_	_	_	_	0-2(0)	_
334-2	BOR021	334	334	2	[rito]?	rito	_	_	_	_	_	linguistic	_	none	Intonation=Rising	End=677.872	_	_	_	0-4(67)
335-0	BOI070	335	335	0	[xxx]x	xxxx	_	_	_	_	_	unknown	_	none	Syllables=4	Begin=677.483|End=678.05	_	_	_	0-3(67)
336-0	BOI070	336	336	0	eh	eh	_	_	_	_	_	linguistic	_	none	_	Begin=678.339	_	_	_	_
336-1	BOI070	336	336	1	wei	wei	_	_	_	_	_	linguistic	_	none	_	_	_	_	_	_
336-2	BOI070	336	336	2	così	così	_	_	_	_	_	linguistic	_	none	_	_	_	_	_	_
336-3	BOI070	336	336	3	è	è	_	_	_	_	_	linguistic	_	none	_	_	_	_	_	_
336-4	BOI070	336	336	4	un	un	_	_	_	_	_	linguistic	_	none	_	_	_	_	_	_
336-5	BOI070	336	336	5	(po')	po'	_	_	_	_	_	linguistic	_	none	_	_	_	_	0-3(0)	_
336-6	BOI070	336	336	6	xxx	xxx	_	_	_	_	_	unknown	_	none	Syllables=3	_	_	_	_	_
336-7	BOI070	336	336	7	perché:	perché	_	_	_	_	_	linguistic	_	none	_	End=680.006	5x1	_	_	_
337-0	BOI070	337	337	0	magari	magari	_	_	_	_	_	linguistic	_	none	_	Begin=680.576	_	_	_	_
337-1	BOI070	337	337	1	ti	ti	_	_	_	_	_	linguistic	_	none	_	_	_	_	_	_
337-2	BOI070	337	337	2	dà	dà	_	_	_	_	_	linguistic	_	none	_	_	_	_	_	_
337-3	BOI070	337	337	3	quel	quel	_	_	_	_	_	linguistic	_	none	_	_	_	_	_	_
337-4	BOI070	337	337	4	senso	senso	_	_	_	_	_	linguistic	_	none	_	_	_	_	_	_
337-5	BOI070	337	337	5	di	di	_	_	_	_	_	linguistic	_	none	_	_	_	_	_	_
337-6	BOI070	337	337	6	protezione	protezione	_	_	_	_	_	linguistic	_	none	_	_	_	_	_	_
337-7	BOI070	337	337	7	magari	magari	_	_	_	_	_	linguistic	_	none	_	_	_	_	_	_
337-8	BOI070	337	337	8	ti	ti	_	_	_	_	_	linguistic	_	none	_	_	_	_	_	_
337-9	BOI070	337	337	9	dà	dà	_	_	_	_	_	linguistic	_	none	_	_	_	_	_	_
337-10	BOI070	337	337	10	quel	quel	_	_	_	_	_	linguistic	_	none	_	_	_	_	_	_
337-11	BOI070	337	337	11	senso	senso	_	_	_	_	_	linguistic	_	none	_	_	_	_	_	_
337-12	BOI070	337	337	12	di:	di	_	_	_	_	_	linguistic	_	none	_	End=683.481	1x1	_	_	_
338-0	BOI070	338	338	0	e::hm	ehm	_	_	_	_	_	linguistic	_	none	_	Begin=684.364|End=684.728	0x2	_	_	_
339-0	BOI070	339	339	0	di	di	_	_	_	_	_	linguistic	_	none	_	Begin=685.491	_	_	_	_
339-1	BOI070	339	339	1	sentirti::	sentirti	_	_	_	_	_	linguistic	_	none	PauseAfter=Yes	_	7x2	_	_	_
339-2	BOI070	339	339	2	(.)	(.)	_	_	_	_	_	shortpause	_	none	_	_	_	_	_	_
339-3	BOI070	339	339	3	parte	parte	_	_	_	_	_	linguistic	_	none	_	_	_	_	_	_
339-4	BOI070	339	339	4	di	di	_	_	_	_	_	linguistic	_	none	_	_	_	_	_	_
339-5	BOI070	339	339	5	qualcosa	qualcosa	_	_	_	_	_	linguistic	_	none	_	_	_	_	_	_
339-6	BOI070	339	339	6	perché	perché	_	_	_	_	_	linguistic	_	none	_	_	_	_	_	_
339-7	BOI070	339	339	7	comunque	comunque	_	_	_	_	_	linguistic	_	none	_	End=688.466	_	_	_	_
340-0	BOI070	340	340	0	>appunto	appunto	_	_	_	_	_	linguistic	_	none	_	Begin=689.05	_	Fast=0-7(0)	_	_
340-1	BOI070	340	340	1	come	come	_	_	_	_	_	linguistic	_	none	_	_	_	Fast=0-4(0)	_	_
340-2	BOI070	340	340	2	dicevo	dicevo	_	_	_	_	_	linguistic	_	none	_	_	_	Fast=0-6(0)	_	_
340-3	BOI070	340	340	3	prima	prima	_	_	_	_	_	linguistic	_	none	_	_	_	Fast=0-5(0)	_	_
340-4	BOI070	340	340	4	bologna	bologna	_	_	_	_	_	linguistic	_	none	_	_	_	Fast=0-7(0)	_	_
340-5	BOI070	340	340	5	viene	viene	_	_	_	_	_	linguistic	_	none	_	_	_	Fast=0-5(0)	_	_
340-6	BOI070	340	340	6	conosciuta<	conosciuta	_	_	_	_	_	linguistic	_	none	_	_	_	Fast=0-10(0)	_	_
340-7	BOI070	340	340	7	molto:	molto	_	_	_	_	_	linguistic	_	none	_	End=691.336	4x1	_	_	_
341-0	BOI070	341	341	0	tramite	tramite	_	_	_	_	_	linguistic	_	none	_	Begin=692.305	_	_	_	_
341-1	BOI070	341	341	1	i	i	_	_	_	_	_	linguistic	_	none	_	_	_	_	_	_
341-2	BOI070	341	341	2	portici:	portici	_	_	_	_	_	linguistic	_	none	_	_	6x1	_	_	_
341-3	BOI070	341	341	3	perché:	perché	_	_	_	_	_	linguistic	_	none	_	_	5x1	_	_	_
341-4	BOI070	341	341	4	son	son	_	_	_	_	_	linguistic	_	none	_	_	_	_	_	_
341-5	BOI070	341	341	5	famosini	famosini	_	_	_	_	_	linguistic	_	none	_	_	_	_	_	_
341-6	BOI070	341	341	6	no?	no	_	_	_	_	_	linguistic	_	none	Intonation=Rising	End=694.957	_	_	_	_
342-0	BOR021	342	342	0	eh	eh	_	_	_	_	_	linguistic	_	none	_	Begin=695.0	_	_	_	_
342-1	BOR021	342	342	1	[direi]	direi	_	_	_	_	_	linguistic	_	none	_	End=695.644	_	_	_	0-5(68)
343-0	BOI070	343	343	0	[anche	anche	_	_	_	_	_	linguistic	_	none	_	Begin=695.305	_	_	_	0-5(68)
343-1	BOI070	343	343	1	se]	se	_	_	_	_	_	linguistic	_	none	_	_	_	_	_	0-2(68)
343-2	BOI070	343	343	2	tu	tu	_	_	_	_	_	linguistic	_	none	_	_	_	_	_	_
343-3	BOI070	343	343	3	vai	vai	_	_	_	_	_	linguistic	_	none	_	_	_	_	_	_
343-4	BOI070	343	343	4	a	a	_	_	_	_	_	linguistic	_	none	_	_	_	_	_	_
343-5	BOI070	343	343	5	vedere	vedere	_	_	_	_	_	linguistic	_	none	_	_	_	_	_	_
343-6	BOI070	343	343	6	se	se	_	_	_	_	_	linguistic	_	none	_	_	_	_	_	_
343-7	BOI070	343	343	7	tu	tu	_	_	_	_	_	linguistic	_	none	_	_	_	_	_	_
343-8	BOI070	343	343	8	scrivi	scrivi	_	_	_	_	_	linguistic	_	none	_	_	_	_	_	_
343-9	BOI070	343	343	9	bologna	bologna	_	_	_	_	_	linguistic	_	none	_	_	_	_	_	_
343-10	BOI070	343	343	10	su	su	_	_	_	_	_	linguistic	_	none	_	_	_	_	_	_
343-11	BOI070	343	343	11	internet	internet	_	_	_	_	_	linguistic	_	none	_	_	_	_	_	_
343-12	BOI070	343	343	12	ti	ti	_	_	_	_	_	linguistic	_	none	_	_	_	_	_	_
343-13	BOI070	343	343	13	escono	escono	_	_	_	_	_	linguistic	_	none	_	_	_	_	_	_
343-14	BOI070	343	343	14	le	le	_	_	_	_	_	linguistic	_	none	_	_	_	_	_	_
343-15	BOI070	343	343	15	foto	foto	_	_	_	_	_	linguistic	_	none	_	_	_	_	_	_
343-16	BOI070	343	343	16	di	di	_	_	_	_	_	linguistic	_	none	_	_	_	_	_	_
343-17	BOI070	343	343	17	san	san	_	_	_	_	_	linguistic	_	none	_	_	_	_	_	_
343-18	BOI070	343	343	18	luca	luca	_	_	_	_	_	linguistic	_	none	_	End=698.949	_	_	_	_
344-0	BOI070	344	344	0	san	san	_	_	_	_	_	linguistic	_	none	_	Begin=699.457	_	_	_	_
344-1	BOI070	344	344	1	luca	luca	_	_	_	_	_	linguistic	_	none	_	_	_	_	_	_
344-2	BOI070	344	344	2	è	è	_	_	_	_	_	linguistic	_	none	_	_	_	_	_	_
344-3	BOI070	344	344	3	composto	composto	_	_	_	_	_	linguistic	_	none	_	_	_	_	_	_
344-4	BOI070	344	344	4	da	da	_	_	_	_	_	linguistic	_	none	_	End=700.542	_	_	_	_
345-0	BOI070	345	345	0	maggior	maggior	_	_	_	_	_	linguistic	_	none	_	Begin=700.779	_	_	_	_
345-1	BOI070	345	345	1	parte	parte	_	_	_	_	_	linguistic	_	none	_	_	_	_	_	_
345-2	BOI070	345	345	2	dalle	dalle	_	_	_	_	_	linguistic	_	none	_	_	_	_	_	_
345-3	BOI070	345	345	3	scalinate	scalinate	_	_	_	_	_	linguistic	_	none	_	_	_	_	_	_
345-4	BOI070	345	345	4	ma	ma	_	_	_	_	_	linguistic	_	none	_	_	_	_	_	_
345-5	BOI070	345	345	5	da	da	_	_	_	_	_	linguistic	_	none	_	_	_	_	_	_
345-6	BOI070	345	345	6	portici	portici	_	_	_	_	_	linguistic	_	none	_	End=702.686	_	_	_	_
346-0	BOR021	346	346	0	(fighissimo)	fighissimo	_	_	_	_	_	linguistic	_	none	_	Begin=703.042|End=703.525	_	_	0-10(0)	_
347-0	BOI070	347	347	0	capito?	capito	_	_	_	_	_	linguistic	_	none	Intonation=Rising	Begin=703.525|End=703.856	_	_	_	_
348-0	BOI070	348	348	0	quindi	quindi	_	_	_	_	_	linguistic	_	none	_	Begin=704.423	_	_	_	_
348-1	BOI070	348	348	1	tu	tu	_	_	_	_	_	linguistic	_	none	_	End=704.872	_	_	_	_
349-0	BOI070	349	349	0	ti	ti	_	_	_	_	_	linguistic	_	none	_	Begin=705.339	_	_	_	_
349-1	BOI070	349	349	1	viene	viene	_	_	_	_	_	linguistic	_	none	_	_	_	_	_	_
349-2	BOI070	349	349	2	molto	molto	_	_	_	_	_	linguistic	_	none	_	_	_	_	_	_
349-3	BOI070	349	349	3	in	in	_	_	_	_	_	linguistic	_	none	_	_	_	_	_	_
349-4	BOI070	349	349	4	mente	mente	_	_	_	_	_	linguistic	_	none	_	_	_	_	_	_
349-5	BOI070	349	349	5	sta	sta	_	_	_	_	_	linguistic	_	none	_	_	_	_	_	_
349-6	BOI070	349	349	6	cosa	cosa	_	_	_	_	_	linguistic	_	none	_	_	_	_	_	_
349-7	BOI070	349	349	7	capito?	capito	_	_	_	_	_	linguistic	_	none	Intonation=Rising	End=706.754	_	_	_	_
350-0	BOI070	350	350	0	e	e	_	_	_	_	_	linguistic	_	none	_	Begin=707.906	_	_	_	_
350-1	BOI070	350	350	1	anche	anche	_	_	_	_	_	linguistic	_	none	_	_	_	_	_	_
350-2	BOI070	350	350	2	saragozza	saragozza	_	_	_	_	_	linguistic	_	none	_	_	_	_	_	_
350-3	BOI070	350	350	3	la	la	_	_	_	_	_	linguistic	_	none	_	_	_	_	_	_
350-4	BOI070	350	350	4	parte	parte	_	_	_	_	_	linguistic	_	none	_	_	_	_	_	_
350-5	BOI070	350	350	5	di	di	_	_	_	_	_	linguistic	_	none	_	_	_	_	_	_
350-6	BOI070	350	350	6	saragozza	saragozza	_	_	_	_	_	linguistic	_	none	_	_	_	_	_	_
350-7	BOI070	350	350	7	che	che	_	_	_	_	_	linguistic	_	none	_	_	_	_	_	_
350-8	BOI070	350	350	8	è	è	_	_	_	_	_	linguistic	_	none	_	_	_	_	_	_
350-9	BOI070	350	350	9	tutta	tutta	_	_	_	_	_	linguistic	_	none	_	_	_	_	_	_
350-10	BOI070	350	350	10	portici	portici	_	_	_	_	_	linguistic	_	none	_	_	_	_	_	_
350-11	BOI070	350	350	11	c(io)è	cioè	_	_	_	_	_	linguistic	_	none	Reduced=Yes	End=710.932	_	_	_	_
351-0	BOI070	351	351	0	ogni	ogni	_	_	_	_	_	linguistic	_	none	_	Begin=711.169|End=711.432	_	_	_	_
352-0	BOR021	352	352	0	[si	si	_	_	_	_	_	linguistic	_	none	_	Begin=712.059	_	_	_	0-2(69)
352-1	BOR021	352	352	1	è	è	_	_	_	_	_	linguistic	_	none	_	_	_	_	_	0-1(69)
352-2	BOR021	352	352	2	piena	piena	_	_	_	_	_	linguistic	_	none	_	_	_	_	_	0-5(69)
352-3	BOR021	352	352	3	bolo]gna	bologna	_	_	_	_	_	linguistic	_	none	_	End=713.129	_	_	_	0-4(69)
353-0	BOI070	353	353	0	[posto	posto	_	_	_	_	_	linguistic	_	none	_	Begin=712.059	_	_	_	0-5(69)
353-1	BOI070	353	353	1	ha	ha	_	_	_	_	_	linguistic	_	none	_	_	_	_	_	0-2(69)
353-2	BOI070	353	353	2	i	i	_	_	_	_	_	linguistic	_	none	_	_	_	_	_	0-1(69)
353-3	BOI070	353	353	3	portici]	portici	_	_	_	_	_	linguistic	_	none	_	End=712.937	_	_	_	0-7(69)
354-0	BOI070	354	354	0	esatto	esatto	_	_	_	_	_	linguistic	_	none	_	Begin=713.178|End=713.635	_	_	_	_
355-0	BOR021	355	355	0	tip[ico]	tipico	_	_	_	_	_	linguistic	_	none	_	Begin=714.228	_	_	_	3-6(70)
355-1	BOR021	355	355	1	(perché)	perché	_	_	_	_	_	linguistic	_	none	_	End=714.984	_	_	0-6(0)	_
356-0	BOI070	356	356	0	[io]	io	_	_	_	_	_	linguistic	_	none	_	Begin=714.364|End=714.669	_	_	_	0-2(70)
357-0	BOI071	357	357	0	[xxxxx]	xxxxx	_	_	_	_	_	unknown	_	none	Syllables=5	Begin=715.22	_	_	_	0-5(71)
357-1	BOI071	357	357	1	è	è	_	_	_	_	_	linguistic	_	none	_	_	_	_	_	_
357-2	BOI071	357	357	2	chiamata	chiamata	_	_	_	_	_	linguistic	_	none	_	_	_	_	_	_
357-3	BOI071	357	357	3	anche	anche	_	_	_	_	_	linguistic	_	none	_	_	_	_	_	_
357-4	BOI071	357	357	4	la	la	_	_	_	_	_	linguistic	_	none	_	_	_	_	_	_
357-5	BOI071	357	357	5	città	città	_	_	_	_	_	linguistic	_	none	_	_	_	_	_	_
357-6	BOI071	357	357	6	dei	dei	_	_	_	_	_	linguistic	_	none	_	_	_	_	_	_
357-7	BOI071	357	357	7	portici	portici	_	_	_	_	_	linguistic	_	none	_	_	_	_	_	_
357-8	BOI071	357	357	8	x[xx]	xxx	_	_	_	_	_	unknown	_	none	Syllables=3	End=717.906	_	_	_	1-3(72)
358-0	BOI070	358	358	0	[appunto	appunto	_	_	_	_	_	linguistic	_	none	_	Begin=715.228	_	_	_	0-7(71)
358-1	BOI070	358	358	1	a	a	_	_	_	_	_	linguistic	_	none	_	_	_	_	_	0-1(71)
358-2	BOI070	358	358	2	volt~]	volt~	_	_	_	_	_	linguistic	_	none	Interrupted=Yes	End=716.059	_	_	_	0-5(71)
359-0	BOR021	359	359	0	[sì]	sì	_	_	_	_	_	linguistic	_	none	_	Begin=717.703|End=717.906	_	_	_	0-2(72)
360-0	BOI070	360	360	0	ecco	ecco	_	_	_	_	_	linguistic	_	none	_	Begin=718.135	_	_	_	_
360-1	BOI070	360	360	1	immagino	immagino	_	_	_	_	_	linguistic	_	none	_	_	_	_	_	_
360-2	BOI070	360	360	2	di	di	_	_	_	_	_	linguistic	_	none	_	_	_	_	_	_
360-3	BOI070	360	360	3	sì	sì	_	_	_	_	_	linguistic	_	none	_	End=719.117	_	_	_	_
361-0	BOI071	361	361	0	poi	poi	_	_	_	_	_	linguistic	_	none	_	Begin=719.466	_	_	_	_
361-1	BOI071	361	361	1	(c'	c'	_	_	_	_	_	linguistic	_	none	SpaceAfter=No	_	_	_	0-2(0)	_
361-2	BOI071	361	361	2	erano)	erano	_	_	_	_	_	linguistic	_	none	_	_	_	_	0-5(0)	_
361-3	BOI071	361	361	3	tipo	tipo	_	_	_	_	_	linguistic	_	none	_	_	_	_	_	_
361-4	BOI071	361	361	4	anche	anche	_	_	_	_	_	linguistic	_	none	_	_	_	_	_	_
361-5	BOI071	361	361	5	il	il	_	_	_	_	_	linguistic	_	none	_	_	_	_	_	_
361-6	BOI071	361	361	6	portico	portico	_	_	_	_	_	linguistic	_	none	_	_	_	_	_	_
361-7	BOI071	361	361	7	più	più	_	_	_	_	_	linguistic	_	none	_	_	_	_	_	_
361-8	BOI071	361	361	8	lungo:::	lungo	_	_	_	_	_	linguistic	_	none	_	_	4x3	_	_	_
361-9	BOI071	361	361	9	d'	d'	_	_	_	_	_	linguistic	_	none	SpaceAfter=No	_	_	_	_	_
361-10	BOI071	361	361	10	italia	italia	_	_	_	_	_	linguistic	_	none	_	_	_	_	_	_
361-11	BOI071	361	361	11	forse	forse	_	_	_	_	_	linguistic	_	none	_	_	_	_	_	4-5(73)
361-12	BOI071	361	361	12	[xx]	xx	_	_	_	_	_	unknown	_	none	Syllables=2	End=722.66	_	_	_	0-1(73)
362-0	BOR021	362	362	0	[forse	forse	_	_	_	_	_	linguistic	_	none	_	Begin=722.406	_	_	_	0-5(73)
362-1	BOR021	362	362	1	s]ì	sì	_	_	_	_	_	linguistic	_	none	_	End=722.83	_	_	_	0-1(73)
363-0	BOR021	363	363	0	[forse	forse	_	_	_	_	_	linguistic	_	none	_	Begin=723.305	_	_	_	0-5(74)
363-1	BOR021	363	363	1	sì]	sì	_	_	_	_	_	linguistic	_	none	_	End=723.686	_	_	_	0-2(74)
364-0	BOI071	364	364	0	[xx]	xx	_	_	_	_	_	unknown	_	none	Syllables=2	Begin=723.305|End=723.686	_	_	_	0-2(74)
365-0	BOI070	365	365	0	che	che	_	_	_	_	_	linguistic	_	none	_	Begin=723.94	_	_	_	_
365-1	BOI070	365	365	1	è	è	_	_	_	_	_	linguistic	_	none	_	_	_	_	_	_
365-2	BOI070	365	365	2	s~	s~	_	_	_	_	_	linguistic	_	none	Interrupted=Yes	_	_	_	_	_
365-3	BOI070	365	365	3	eh	eh	_	_	_	_	_	linguistic	_	none	_	_	_	_	_	_
365-4	BOI070	365	365	4	che	che	_	_	_	_	_	linguistic	_	none	_	_	_	_	_	_
365-5	BOI070	365	365	5	è	è	_	_	_	_	_	linguistic	_	none	_	_	_	_	_	_
365-6	BOI070	365	365	6	[>quello	quello	_	_	_	_	_	linguistic	_	none	_	_	_	Fast=0-6(0)	_	0-6(75)
365-7	BOI070	365	365	7	di	di	_	_	_	_	_	linguistic	_	none	_	_	_	Fast=0-2(0)	_	0-2(75)
365-8	BOI070	365	365	8	s]an<	san	_	_	_	_	_	linguistic	_	none	_	_	_	Fast=0-3(0)	_	0-1(75)
365-9	BOI070	365	365	9	luca	luca	_	_	_	_	_	linguistic	_	none	_	End=725.347	_	_	_	_
366-0	BOI071	366	366	0	[(esat~)]	esat~	_	_	_	_	_	linguistic	_	none	Interrupted=Yes	Begin=724.72|End=725.0	_	_	0-5(0)	0-5(75)
367-0	BOI071	367	367	0	esatto	esatto	_	_	_	_	_	linguistic	_	none	_	Begin=725.406	_	_	_	_
367-1	BOI071	367	367	1	che	che	_	_	_	_	_	linguistic	_	none	_	_	_	_	_	_
367-2	BOI071	367	367	2	è	è	_	_	_	_	_	linguistic	_	none	_	_	_	_	_	_
367-3	BOI071	367	367	3	quello	quello	_	_	_	_	_	linguistic	_	none	_	_	_	_	_	_
367-4	BOI071	367	367	4	di	di	_	_	_	_	_	linguistic	_	none	_	_	_	_	_	_
367-5	BOI071	367	367	5	san	san	_	_	_	_	_	linguistic	_	none	_	_	_	_	_	_
367-6	BOI071	367	367	6	luca	luca	_	_	_	_	_	linguistic	_	none	_	_	_	_	_	_
367-7	BOI071	367	367	7	xx	xx	_	_	_	_	_	unknown	_	none	Syllables=2	End=726.923	_	_	_	_
368-0	BOR021	368	368	0	a	a	_	_	_	_	_	linguistic	_	none	_	Begin=727.593	_	_	_	_
368-1	BOR021	368	368	1	san	san	_	_	_	_	_	linguistic	_	none	_	_	_	_	_	_
368-2	BOR021	368	368	2	luca	luca	_	_	_	_	_	linguistic	_	none	_	_	_	_	_	_
368-3	BOR021	368	368	3	c'	c'	_	_	_	_	_	linguistic	_	none	SpaceAfter=No	_	_	_	_	_
368-4	BOR021	368	368	4	andate	andate	_	_	_	_	_	linguistic	_	none	_	_	_	_	_	_
368-5	BOR021	368	368	5	spesso?	spesso	_	_	_	_	_	linguistic	_	none	Intonation=Rising	_	_	_	_	_
368-6	BOR021	368	368	6	tu	tu	_	_	_	_	_	linguistic	_	none	_	_	_	_	_	_
368-7	BOR021	368	368	7	ci	ci	_	_	_	_	_	linguistic	_	none	_	_	_	_	_	_
368-8	BOR021	368	368	8	vai	vai	_	_	_	_	_	linguistic	_	none	_	_	_	_	_	_
368-9	BOR021	368	368	9	spesso?	spesso	_	_	_	_	_	linguistic	_	none	Intonation=Rising	End=729.5	_	_	_	_
369-0	BOI071	369	369	0	ma	ma	_	_	_	_	_	linguistic	_	none	PauseAfter=Yes	Begin=729.825	_	_	_	_
369-1	BOI071	369	369	1	(.)	(.)	_	_	_	_	_	shortpause	_	none	_	_	_	_	_	_
369-2	BOI071	369	369	2	prima	prima	_	_	_	_	_	linguistic	_	none	_	_	_	_	_	_
369-3	BOI071	369	369	3	ci	ci	_	_	_	_	_	linguistic	_	none	_	_	_	_	_	_
369-4	BOI071	369	369	4	andavo	andavo	_	_	_	_	_	linguistic	_	none	_	_	_	_	_	_
369-5	BOI071	369	369	5	ogni	ogni	_	_	_	_	_	linguistic	_	none	_	_	_	_	_	_
369-6	BOI071	369	369	6	domenica	domenica	_	_	_	_	_	linguistic	_	none	_	End=731.604	_	_	_	_
370-0	BOR021	370	370	0	s[ì]?	sì	_	_	_	_	_	linguistic	_	none	Intonation=Rising	Begin=731.802|End=732.197	_	_	_	1-2(76)
371-0	BOI071	371	371	0	[così]:	così	_	_	_	_	_	linguistic	_	none	_	Begin=731.848|End=732.372	3x1	_	_	0-4(76)
372-0	BOI071	372	372	0	sì	sì	_	_	_	_	_	linguistic	_	none	_	Begin=732.593	_	_	_	_
372-1	BOI071	372	372	1	l'	l'	_	_	_	_	_	linguistic	_	none	SpaceAfter=No	_	_	_	_	_
372-2	BOI071	372	372	2	ho	ho	_	_	_	_	_	linguistic	_	none	_	_	_	_	_	_
372-3	BOI071	372	372	3	fat~	fat~	_	_	_	_	_	linguistic	_	none	Interrupted=Yes	_	_	_	_	_
372-4	BOI071	372	372	4	no	no	_	_	_	_	_	linguistic	_	none	_	_	_	_	_	_
372-5	BOI071	372	372	5	ho	ho	_	_	_	_	_	linguistic	_	none	_	_	_	_	_	_
372-6	BOI071	372	372	6	visto	visto	_	_	_	_	_	linguistic	_	none	_	_	_	_	_	_
372-7	BOI071	372	372	7	che	che	_	_	_	_	_	linguistic	_	none	_	_	_	_	_	_
372-8	BOI071	372	372	8	lo	lo	_	_	_	_	_	linguistic	_	none	_	_	_	_	_	_
372-9	BOI071	372	372	9	facevano	facevano	_	_	_	_	_	linguistic	_	none	_	_	_	_	_	_
372-10	BOI071	372	372	10	molti	molti	_	_	_	_	_	linguistic	_	none	_	_	_	_	_	_
372-11	BOI071	372	372	11	italiani:	italiani	_	_	_	_	_	linguistic	_	none	_	End=735.08	7x1	_	_	_
373-0	BOI071	373	373	0	per	per	_	_	_	_	_	linguistic	_	none	_	Begin=735.244	_	_	_	_
373-1	BOI071	373	373	1	andare	andare	_	_	_	_	_	linguistic	_	none	_	_	_	_	_	_
373-2	BOI071	373	373	2	lì	lì	_	_	_	_	_	linguistic	_	none	_	_	_	_	_	_
373-3	BOI071	373	373	3	a:	a	_	_	_	_	_	linguistic	_	none	_	End=736.116	0x1	_	_	_
374-0	BOI071	374	374	0	pellegrinaggio	pellegrinaggio	_	_	_	_	_	linguistic	_	none	_	Begin=736.348	_	_	_	_
374-1	BOI071	374	374	1	così	così	_	_	_	_	_	linguistic	_	none	_	_	_	_	_	_
374-2	BOI071	374	374	2	non	non	_	_	_	_	_	linguistic	_	none	_	_	_	_	_	_
374-3	BOI071	374	374	3	lo	lo	_	_	_	_	_	linguistic	_	none	_	_	_	_	_	_
374-4	BOI071	374	374	4	so	so	_	_	_	_	_	linguistic	_	none	_	End=737.872	_	_	_	_
375-0	BOI071	375	375	0	però:	però	_	_	_	_	_	linguistic	_	none	_	Begin=738.36	3x1	_	_	_
375-1	BOI071	375	375	1	io	io	_	_	_	_	_	linguistic	_	none	_	_	_	_	_	_
375-2	BOI071	375	375	2	giusto	giusto	_	_	_	_	_	linguistic	_	none	_	_	_	_	_	_
375-3	BOI071	375	375	3	anche	anche	_	_	_	_	_	linguistic	_	none	_	_	_	_	_	_
375-4	BOI071	375	375	4	per	per	_	_	_	_	_	linguistic	_	none	_	_	_	_	_	_
375-5	BOI071	375	375	5	farmi	farmi	_	_	_	_	_	linguistic	_	none	_	_	_	_	_	_
375-6	BOI071	375	375	6	una	una	_	_	_	_	_	linguistic	_	none	_	_	_	_	_	_
375-7	BOI071	375	375	7	camminata	camminata	_	_	_	_	_	linguistic	_	none	_	_	_	_	_	_
375-8	BOI071	375	375	8	per	per	_	_	_	_	_	linguistic	_	none	_	_	_	_	_	_
375-9	BOI071	375	375	9	vedere	vedere	_	_	_	_	_	linguistic	_	none	_	_	_	_	_	_
375-10	BOI071	375	375	10	anche	anche	_	_	_	_	_	linguistic	_	none	_	_	_	_	_	_
375-11	BOI071	375	375	11	i	i	_	_	_	_	_	linguistic	_	none	_	_	_	_	_	_
375-12	BOI071	375	375	12	colli	colli	_	_	_	_	_	linguistic	_	none	_	_	_	_	_	_
375-13	BOI071	375	375	13	bolognesi	bolognesi	_	_	_	_	_	linguistic	_	none	_	_	_	_	_	_
375-14	BOI071	375	375	14	che	che	_	_	_	_	_	linguistic	_	none	_	_	_	_	_	_
375-15	BOI071	375	375	15	son[o:::]	sono	_	_	_	_	_	linguistic	_	none	_	End=742.883	3x3	_	_	3-4(77)
376-0	BOR021	376	376	0	[sono	sono	_	_	_	_	_	linguistic	_	none	_	Begin=742.511	_	_	_	0-4(77)
376-1	BOR021	376	376	1	be]lli	belli	_	_	_	_	_	linguistic	_	none	_	End=743.174	_	_	_	0-2(77)
377-0	BOI070	377	377	0	(sono	sono	_	_	_	_	_	linguistic	_	none	_	Begin=743.43	_	_	0-4(0)	_
377-1	BOI070	377	377	1	[tutto	tutto	_	_	_	_	_	linguistic	_	none	_	_	_	_	0-5(0)	0-5(219)
377-2	BOI070	377	377	2	il	il	_	_	_	_	_	linguistic	_	none	_	_	_	_	0-2(0)	0-2(219)
377-3	BOI070	377	377	3	pezzo]	pezzo	_	_	_	_	_	linguistic	_	none	_	_	_	_	0-5(0)	0-5(219)
377-4	BOI070	377	377	4	grosso)	grosso	_	_	_	_	_	linguistic	_	none	_	End=744.627	_	_	0-6(0)	_
378-0	BOI071	378	378	0	[no	no	_	_	_	_	_	linguistic	_	none	_	Begin=743.627	_	_	_	0-2(219)
378-1	BOI071	378	378	1	c(io)è]	cioè	_	_	_	_	_	linguistic	_	none	Reduced=Yes	End=744.376	_	_	_	0-4(219)
379-0	BOR021	379	379	0	((ride))	((ride))	_	_	_	_	_	nonverbalbehavior	_	none	_	Begin=744.244	_	_	_	_
379-1	BOR021	379	379	1	è	è	_	_	_	_	_	linguistic	_	none	_	_	_	_	_	_
379-2	BOR021	379	379	2	vero	vero	_	_	_	_	_	linguistic	_	none	_	End=744.93	_	_	_	_
380-0	BOI070	380	380	0	sono	sono	_	_	_	_	_	linguistic	_	none	_	Begin=745.011	_	_	_	_
380-1	BOI070	380	380	1	il	il	_	_	_	_	_	linguistic	_	none	_	_	_	_	_	_
380-2	BOI070	380	380	2	pezzo	pezzo	_	_	_	_	_	linguistic	_	none	_	_	_	_	_	_
380-3	BOI070	380	380	3	grosso	grosso	_	_	_	_	_	linguistic	_	none	_	_	_	_	_	_
380-4	BOI070	380	380	4	pe::~	pe~	_	_	_	_	_	linguistic	_	none	Interrupted=Yes	End=746.569	1x2	_	_	_
381-0	BOI070	381	381	0	(puoi)	puoi	_	_	_	_	_	linguistic	_	none	_	Begin=747.116	_	_	0-4(0)	_
381-1	BOI070	381	381	1	portarci	portarci	_	_	_	_	_	linguistic	_	none	_	_	_	_	_	_
381-2	BOI070	381	381	2	x	x	_	_	_	_	_	unknown	_	none	Syllables=1	_	_	_	_	_
381-3	BOI070	381	381	3	tipe:	tipe	_	_	_	_	_	linguistic	_	none	_	_	3x1	_	_	_
381-4	BOI070	381	381	4	puoi	puoi	_	_	_	_	_	linguistic	_	none	_	_	_	_	_	_
381-5	BOI070	381	381	5	portarci::	portarci	_	_	_	_	_	linguistic	_	none	_	_	7x2	_	_	_
381-6	BOI070	381	381	6	di	di	_	_	_	_	_	linguistic	_	none	_	_	_	_	_	_
381-7	BOI070	381	381	7	tutto	tutto	_	_	_	_	_	linguistic	_	none	_	End=749.922	_	_	_	_
382-0	BOR021	382	382	0	((ride))	((ride))	_	_	_	_	_	nonverbalbehavior	_	none	_	Begin=749.697|End=750.163	_	_	_	_
383-0	BOI070	383	383	0	c(io)è	cioè	_	_	_	_	_	linguistic	_	none	Reduced=Yes	Begin=750.174|End=750.465	_	_	_	_
384-0	BOI070	384	384	0	vab[bè	vabbè	_	_	_	_	_	linguistic	_	none	_	Begin=750.744	_	_	_	3-5(78)
384-1	BOI070	384	384	1	adesso	adesso	_	_	_	_	_	linguistic	_	none	_	_	_	_	_	0-6(78)
384-2	BOI070	384	384	2	scherziamo	scherziamo	_	_	_	_	_	linguistic	_	none	_	_	_	_	_	0-10(78)
384-3	BOI070	384	384	3	e	e	_	_	_	_	_	linguistic	_	none	_	_	_	_	_	0-1(78)
384-4	BOI070	384	384	4	ridiam]o	ridiamo	_	_	_	_	_	linguistic	_	none	_	End=752.034	_	_	_	0-6(78)
385-0	BOR021	385	385	0	[funziona	funziona	_	_	_	_	_	linguistic	_	none	_	Begin=750.848	_	_	_	0-8(78)
385-1	BOR021	385	385	1	sempre	sempre	_	_	_	_	_	linguistic	_	none	_	_	_	_	_	0-6(78)
385-2	BOR021	385	385	2	dici]?	dici	_	_	_	_	_	linguistic	_	none	Intonation=Rising	End=751.988	_	_	_	0-4(78)
386-0	BOI070	386	386	0	no	no	_	_	_	_	_	linguistic	_	none	_	Begin=752.209	_	_	_	_
386-1	BOI070	386	386	1	adesso	adesso	_	_	_	_	_	linguistic	_	none	_	_	_	_	_	_
386-2	BOI070	386	386	2	e	e	_	_	_	_	_	linguistic	_	none	_	_	_	_	_	_
386-3	BOI070	386	386	3	scherziamo	scherziamo	_	_	_	_	_	linguistic	_	none	_	_	_	_	_	_
386-4	BOI070	386	386	4	però	però	_	_	_	_	_	linguistic	_	none	_	End=753.523	_	_	_	_
387-0	BOI070	387	387	0	è	è	_	_	_	_	_	linguistic	_	none	_	Begin=754.023	_	_	_	_
387-1	BOI070	387	387	1	proprio:	proprio	_	_	_	_	_	linguistic	_	none	_	End=754.674	6x1	_	_	_
388-0	BOI070	388	388	0	la	la	_	_	_	_	_	linguistic	_	none	_	Begin=755.162	_	_	_	_
388-1	BOI070	388	388	1	parte::	parte	_	_	_	_	_	linguistic	_	none	_	End=756.186	4x2	_	_	_
389-0	BOI070	389	389	0	chiara	chiara	_	_	_	_	_	linguistic	_	none	_	Begin=756.465|End=756.872	_	_	_	_
390-0	BOI070	390	390	0	mh	mh	_	_	_	_	_	linguistic	_	none	_	Begin=757.046|End=757.593	_	_	_	_
391-0	BOI070	391	391	0	che	che	_	_	_	_	_	linguistic	_	none	_	Begin=757.686	_	_	_	_
391-1	BOI070	391	391	1	comunque	comunque	_	_	_	_	_	linguistic	_	none	_	_	_	_	_	_
391-2	BOI070	391	391	2	è	è	_	_	_	_	_	linguistic	_	none	_	_	_	_	_	_
391-3	BOI070	391	391	3	chiaro	chiaro	_	_	_	_	_	linguistic	_	none	_	_	_	_	_	_
391-4	BOI070	391	391	4	che	che	_	_	_	_	_	linguistic	_	none	_	End=758.918	_	_	_	_
392-0	BOI070	392	392	0	che	che	_	_	_	_	_	linguistic	_	none	_	Begin=759.488	_	_	_	_
392-1	BOI070	392	392	1	comunque	comunque	_	_	_	_	_	linguistic	_	none	PauseAfter=Yes	_	_	_	_	_
392-2	BOI070	392	392	2	(.)	(.)	_	_	_	_	_	shortpause	_	none	_	_	_	_	_	_
392-3	BOI070	392	392	3	bologna	bologna	_	_	_	_	_	linguistic	_	none	PauseAfter=Yes	_	_	_	_	_
392-4	BOI070	392	392	4	(.)	(.)	_	_	_	_	_	shortpause	_	none	_	_	_	_	_	_
392-5	BOI070	392	392	5	è	è	_	_	_	_	_	linguistic	_	none	_	_	_	_	_	_
392-6	BOI070	392	392	6	conosciuta	conosciuta	_	_	_	_	_	linguistic	_	none	_	_	_	_	_	_
392-7	BOI070	392	392	7	sì	sì	_	_	_	_	_	linguistic	_	none	_	_	_	_	_	_
392-8	BOI070	392	392	8	i	i	_	_	_	_	_	linguistic	_	none	_	_	_	_	_	_
392-9	BOI070	392	392	9	portici	portici	_	_	_	_	_	linguistic	_	none	_	_	_	_	_	_
392-10	BOI070	392	392	10	ma	ma	_	_	_	_	_	linguistic	_	none	_	End=761.978	_	_	_	_
393-0	BOI070	393	393	0	è	è	_	_	_	_	_	linguistic	_	none	_	Begin=762.36	_	_	_	_
393-1	BOI070	393	393	1	vero	vero	_	_	_	_	_	linguistic	_	none	_	_	_	_	_	_
393-2	BOI070	393	393	2	ci	ci	_	_	_	_	_	linguistic	_	none	_	_	_	_	_	_
393-3	BOI070	393	393	3	sono	sono	_	_	_	_	_	linguistic	_	none	_	_	_	_	_	_
393-4	BOI070	393	393	4	anche	anche	_	_	_	_	_	linguistic	_	none	_	_	_	_	_	_
393-5	BOI070	393	393	5	quelli	quelli	_	_	_	_	_	linguistic	_	none	_	_	_	_	_	_
393-6	BOI070	393	393	6	bolognesi,	bolognesi	_	_	_	_	_	linguistic	_	none	Intonation=WeaklyRising	End=763.974	_	_	_	_
394-0	BOI070	394	394	0	e	e	_	_	_	_	_	linguistic	_	none	_	Begin=764.755	_	_	_	_
394-1	BOI070	394	394	1	°c'	c'	_	_	_	_	_	linguistic	_	none	SpaceAfter=No|Volume=low	_	_	_	_	_
394-2	BOI070	394	394	2	è	è	_	_	_	_	_	linguistic	_	none	Volume=low	_	_	_	_	_
394-3	BOI070	394	394	3	anche	anche	_	_	_	_	_	linguistic	_	none	Volume=low	_	_	_	_	_
394-4	BOI070	394	394	4	una	una	_	_	_	_	_	linguistic	_	none	Volume=low	_	_	_	_	_
394-5	BOI070	394	394	5	canzone:°	canzone	_	_	_	_	_	linguistic	_	none	Volume=low	End=766.081	6x1	_	_	_
395-0	BOI070	395	395	0	°che:	che	_	_	_	_	_	linguistic	_	none	Volume=low	Begin=766.918	2x1	_	_	_
395-1	BOI070	395	395	1	>non	non	_	_	_	_	_	linguistic	_	none	Volume=low	_	_	Fast=0-3(0)	_	_
395-2	BOI070	395	395	2	mi	mi	_	_	_	_	_	linguistic	_	none	Volume=low	_	_	Fast=0-2(0)	_	_
395-3	BOI070	395	395	3	ricordo<	ricordo	_	_	_	_	_	linguistic	_	none	PauseAfter=Yes|Volume=low	_	_	Fast=0-7(0)	_	_
395-4	BOI070	395	395	4	(.)	(.)	_	_	_	_	_	shortpause	_	none	_	_	_	_	_	_
395-5	BOI070	395	395	5	chi	chi	_	_	_	_	_	linguistic	_	none	Volume=low	_	_	_	_	_
395-6	BOI070	395	395	6	era	era	_	_	_	_	_	linguistic	_	none	Volume=low	_	_	_	_	_
395-7	BOI070	395	395	7	il	il	_	_	_	_	_	linguistic	_	none	Volume=low	_	_	_	_	_
395-8	BOI070	395	395	8	cantante:°	cantante	_	_	_	_	_	linguistic	_	none	Volume=low	End=768.9	7x1	_	_	_
396-0	BOI070	396	396	0	che	che	_	_	_	_	_	linguistic	_	none	_	Begin=769.046	_	_	_	_
396-1	BOI070	396	396	1	si	si	_	_	_	_	_	linguistic	_	none	_	_	_	_	_	_
396-2	BOI070	396	396	2	chiamava:	chiamava	_	_	_	_	_	linguistic	_	none	_	End=769.941	7x1	_	_	_
397-0	BOI070	397	397	0	<vespa	vespa	_	_	_	_	_	linguistic	_	none	_	Begin=770.127	_	Slow=0-5(0)	_	_
397-1	BOI070	397	397	1	special>	special	_	_	_	_	_	linguistic	_	none	_	_	_	Slow=0-7(0)	_	_
397-2	BOI070	397	397	2	(che)	che	_	_	_	_	_	linguistic	_	none	_	_	_	_	0-3(0)	_
397-3	BOI070	397	397	3	una	una	_	_	_	_	_	linguistic	_	none	_	_	_	_	_	_
397-4	BOI070	397	397	4	>cosa	cosa	_	_	_	_	_	linguistic	_	none	_	_	_	Fast=0-4(0)	_	_
397-5	BOI070	397	397	5	così<	così	_	_	_	_	_	linguistic	_	none	_	End=771.91	_	Fast=0-4(0)	_	_
398-0	BOR021	398	398	0	xx	xx	_	_	_	_	_	unknown	_	none	Syllables=2	Begin=771.918	_	_	_	_
398-1	BOR021	398	398	1	certo	certo	_	_	_	_	_	linguistic	_	none	_	End=772.662	_	_	_	_
399-0	BOI070	399	399	0	ecco	ecco	_	_	_	_	_	linguistic	_	none	_	Begin=772.709|End=773.054	_	_	_	_
400-0	BOI070	400	400	0	(ed	ed	_	_	_	_	_	linguistic	_	none	_	Begin=773.151	_	_	0-2(0)	_
400-1	BOI070	400	400	1	è	è	_	_	_	_	_	linguistic	_	none	_	_	_	_	0-1(0)	_
400-2	BOI070	400	400	2	qua)	qua	_	_	_	_	_	linguistic	_	none	_	_	_	_	0-3(0)	_
400-3	BOI070	400	400	3	anche	anche	_	_	_	_	_	linguistic	_	none	_	End=774.058	_	_	_	_
401-0	BOR021	401	401	0	((ride))	((ride))	_	_	_	_	_	nonverbalbehavior	_	none	_	Begin=773.395|End=773.802	_	_	_	_
402-0	BOR021	402	402	0	((ride))	((ride))	_	_	_	_	_	nonverbalbehavior	_	none	_	Begin=774.232|End=774.627	_	_	_	_
403-0	BOI070	403	403	0	(era	era	_	_	_	_	_	linguistic	_	none	_	Begin=774.627	_	_	0-3(0)	_
403-1	BOI070	403	403	1	la)	la	_	_	_	_	_	linguistic	_	none	_	_	_	_	0-2(0)	_
403-2	BOI070	403	403	2	x	x	_	_	_	_	_	unknown	_	none	Syllables=1	_	_	_	_	_
403-3	BOI070	403	403	3	>ha	ha	_	_	_	_	_	linguistic	_	none	_	_	_	Fast=0-2(0)	_	_
403-4	BOI070	403	403	4	fatto<	fatto	_	_	_	_	_	linguistic	_	none	PauseAfter=Yes	_	_	Fast=0-5(0)	_	_
403-5	BOI070	403	403	5	(.)	(.)	_	_	_	_	_	shortpause	_	none	_	_	_	_	_	_
403-6	BOI070	403	403	6	>ha	ha	_	_	_	_	_	linguistic	_	none	_	_	_	Fast=0-2(1)	_	_
403-7	BOI070	403	403	7	fatto:<	fatto	_	_	_	_	_	linguistic	_	none	PauseAfter=Yes	_	4x1	Fast=0-5(1)	_	_
403-8	BOI070	403	403	8	(.)	(.)	_	_	_	_	_	shortpause	_	none	_	_	_	_	_	_
403-9	BOI070	403	403	9	>ha	ha	_	_	_	_	_	linguistic	_	none	_	_	_	Fast=0-2(2)	_	_
403-10	BOI070	403	403	10	fatto::<	fatto	_	_	_	_	_	linguistic	_	none	_	End=776.608	4x2	Fast=0-5(2)	_	_
404-0	BOI070	404	404	0	lo	lo	_	_	_	_	_	linguistic	_	none	_	Begin=777.127	_	_	_	_
404-1	BOI070	404	404	1	scoppio	scoppio	_	_	_	_	_	linguistic	_	none	_	_	_	_	_	_
404-2	BOI070	404	404	2	>quest'	quest'	_	_	_	_	_	linguistic	_	none	SpaceAfter=No	_	_	Fast=0-6(0)	_	_
404-3	BOI070	404	404	3	estate	estate	_	_	_	_	_	linguistic	_	none	_	_	_	Fast=0-6(0)	_	_
404-4	BOI070	404	404	4	o	o	_	_	_	_	_	linguistic	_	none	_	_	_	Fast=0-1(0)	_	_
404-5	BOI070	404	404	5	la	la	_	_	_	_	_	linguistic	_	none	_	_	_	Fast=0-2(0)	_	_
404-6	BOI070	404	404	6	scorsa	scorsa	_	_	_	_	_	linguistic	_	none	_	_	_	Fast=0-6(0)	_	_
404-7	BOI070	404	404	7	estate	estate	_	_	_	_	_	linguistic	_	none	_	_	_	Fast=0-6(0)	_	_
404-8	BOI070	404	404	8	non	non	_	_	_	_	_	linguistic	_	none	_	_	_	Fast=0-3(0)	_	_
404-9	BOI070	404	404	9	mi	mi	_	_	_	_	_	linguistic	_	none	_	_	_	Fast=0-2(0)	_	_
404-10	BOI070	404	404	10	ricordo<	ricordo	_	_	_	_	_	linguistic	_	none	_	End=779.406	_	Fast=0-7(0)	_	_
405-0	BOI070	405	405	0	(però)	però	_	_	_	_	_	linguistic	_	none	_	Begin=780.058	_	_	0-4(0)	_
405-1	BOI070	405	405	1	mi	mi	_	_	_	_	_	linguistic	_	none	_	_	_	_	_	_
405-2	BOI070	405	405	2	ricordo	ricordo	_	_	_	_	_	linguistic	_	none	_	_	_	_	_	_
405-3	BOI070	405	405	3	che	che	_	_	_	_	_	linguistic	_	none	PauseAfter=Yes	_	_	_	_	_
405-4	BOI070	405	405	4	(.)	(.)	_	_	_	_	_	shortpause	_	none	_	_	_	_	_	_
405-5	BOI070	405	405	5	c'	c'	_	_	_	_	_	linguistic	_	none	SpaceAfter=No	_	_	_	_	_
405-6	BOI070	405	405	6	era	era	_	_	_	_	_	linguistic	_	none	_	_	_	_	_	_
405-7	BOI070	405	405	7	sta	sta	_	_	_	_	_	linguistic	_	none	_	_	_	_	_	_
405-8	BOI070	405	405	8	parte	parte	_	_	_	_	_	linguistic	_	none	_	_	_	_	_	_
405-9	BOI070	405	405	9	dove	dove	_	_	_	_	_	linguistic	_	none	_	_	_	_	_	_
405-10	BOI070	405	405	10	diceva:	diceva	_	_	_	_	_	linguistic	_	none	_	_	5x1	_	_	_
405-11	BOI070	405	405	11	dammi	dammi	_	_	_	_	_	linguistic	_	none	_	_	_	_	_	_
405-12	BOI070	405	405	12	la	la	_	_	_	_	_	linguistic	_	none	_	_	_	_	_	_
405-13	BOI070	405	405	13	vespa	vespa	_	_	_	_	_	linguistic	_	none	_	_	_	_	_	_
405-14	BOI070	405	405	14	che	che	_	_	_	_	_	linguistic	_	none	_	_	_	_	_	_
405-15	BOI070	405	405	15	ti	ti	_	_	_	_	_	linguistic	_	none	_	_	_	_	_	_
405-16	BOI070	405	405	16	porto	porto	_	_	_	_	_	linguistic	_	none	_	_	_	_	_	_
405-17	BOI070	405	405	17	sui	sui	_	_	_	_	_	linguistic	_	none	_	_	_	_	_	_
405-18	BOI070	405	405	18	colli	colli	_	_	_	_	_	linguistic	_	none	_	_	_	_	_	_
405-19	BOI070	405	405	19	bologne[si]	bolognesi	_	_	_	_	_	linguistic	_	none	_	End=783.906	_	_	_	6-9(79)
406-0	BOR021	406	406	0	[sì]	sì	_	_	_	_	_	linguistic	_	none	_	Begin=783.86	_	_	_	0-2(79)
406-1	BOR021	406	406	1	è	è	_	_	_	_	_	linguistic	_	none	_	_	_	_	_	_
406-2	BOR021	406	406	2	vecchia	vecchia	_	_	_	_	_	linguistic	_	none	_	_	_	_	_	_
406-3	BOR021	406	406	3	questa	questa	_	_	_	_	_	linguistic	_	none	_	_	_	_	_	_
406-4	BOR021	406	406	4	qui	qui	_	_	_	_	_	linguistic	_	none	PauseAfter=Yes	_	_	_	_	_
406-5	BOR021	406	406	5	(.)	(.)	_	_	_	_	_	shortpause	_	none	_	_	_	_	_	_
406-6	BOR021	406	406	6	e	e	_	_	_	_	_	linguistic	_	none	_	_	_	_	_	_
406-7	BOR021	406	406	7	poi	poi	_	_	_	_	_	linguistic	_	none	_	_	_	_	_	_
406-8	BOR021	406	406	8	adesso	adesso	_	_	_	_	_	linguistic	_	none	_	_	_	_	_	_
406-9	BOR021	406	406	9	la:	la	_	_	_	_	_	linguistic	_	none	_	_	1x1	_	_	_
406-10	BOR021	406	406	10	eh:	eh	_	_	_	_	_	linguistic	_	none	_	_	1x1	_	_	_
406-11	BOR021	406	406	11	la	la	_	_	_	_	_	linguistic	_	none	_	_	_	_	_	_
406-12	BOR021	406	406	12	riascoltan[o::	riascoltano	_	_	_	_	_	linguistic	_	none	_	_	10x2	_	_	10-11(80)
406-13	BOR021	406	406	13	°un	un	_	_	_	_	_	linguistic	_	none	Volume=low	_	_	_	_	0-2(80)
406-14	BOR021	406	406	14	sacco°]	sacco	_	_	_	_	_	linguistic	_	none	Volume=low	End=787.86	_	_	_	0-5(80)
407-0	BOI070	407	407	0	[>la	la	_	_	_	_	_	linguistic	_	none	_	Begin=787.197	_	Fast=0-2(0)	_	0-2(80)
407-1	BOI070	407	407	1	riascoltano	riascoltano	_	_	_	_	_	linguistic	_	none	_	_	_	Fast=0-11(0)	_	0-11(80)
407-2	BOI070	407	407	2	tu]tt[i<	tutti	_	_	_	_	_	linguistic	_	none	PauseAfter=Yes	_	_	Fast=0-5(0)	_	0-2(80),4-5(81)
407-3	BOI070	407	407	3	(.)	(.)	_	_	_	_	_	shortpause	_	none	_	_	_	_	_	_
407-4	BOI070	407	407	4	imma]gino	immagino	_	_	_	_	_	linguistic	_	none	_	End=788.79	_	_	_	0-4(81)
408-0	BOR021	408	408	0	[sì	sì	_	_	_	_	_	linguistic	_	none	_	Begin=788.023	_	_	_	0-2(81)
408-1	BOR021	408	408	1	sì	sì	_	_	_	_	_	linguistic	_	none	_	_	_	_	_	0-2(81)
408-2	BOR021	408	408	2	sì]	sì	_	_	_	_	_	linguistic	_	none	_	End=788.591	_	_	_	0-2(81)
409-0	BOI070	409	409	0	no	no	_	_	_	_	_	linguistic	_	none	_	Begin=789.174	_	_	_	_
409-1	BOI070	409	409	1	ecco	ecco	_	_	_	_	_	linguistic	_	none	PauseAfter=Yes	_	_	_	_	_
409-2	BOI070	409	409	2	(.)	(.)	_	_	_	_	_	shortpause	_	none	_	_	_	_	_	_
409-3	BOI070	409	409	3	appunto	appunto	_	_	_	_	_	linguistic	_	none	_	_	_	_	_	_
409-4	BOI070	409	409	4	bologna	bologna	_	_	_	_	_	linguistic	_	none	_	_	_	_	_	_
409-5	BOI070	409	409	5	è:	è	_	_	_	_	_	linguistic	_	none	_	_	0x1	_	_	_
409-6	BOI070	409	409	6	°è	è	_	_	_	_	_	linguistic	_	none	Volume=low	_	_	_	_	_
409-7	BOI070	409	409	7	quella	quella	_	_	_	_	_	linguistic	_	none	Volume=low	_	_	_	_	_
409-8	BOI070	409	409	8	no?°	no	_	_	_	_	_	linguistic	_	none	Intonation=Rising|Volume=low	End=791.577	_	_	_	_
410-0	BOI070	410	410	0	è	è	_	_	_	_	_	linguistic	_	none	_	Begin=791.686	_	_	_	_
410-1	BOI070	410	410	1	quello	quello	_	_	_	_	_	linguistic	_	none	_	_	_	_	_	_
410-2	BOI070	410	410	2	stile	stile	_	_	_	_	_	linguistic	_	none	_	_	_	_	_	_
410-3	BOI070	410	410	3	che	che	_	_	_	_	_	linguistic	_	none	_	_	_	_	_	_
410-4	BOI070	410	410	4	proprio:	proprio	_	_	_	_	_	linguistic	_	none	_	_	6x1	_	_	_
410-5	BOI070	410	410	5	mh	mh	_	_	_	_	_	linguistic	_	none	_	_	_	_	_	_
410-6	BOI070	410	410	6	anche	anche	_	_	_	_	_	linguistic	_	none	_	_	_	_	_	_
410-7	BOI070	410	410	7	questo	questo	_	_	_	_	_	linguistic	_	none	_	_	_	_	_	_
410-8	BOI070	410	410	8	cantante	cantante	_	_	_	_	_	linguistic	_	none	_	_	_	_	_	_
410-9	BOI070	410	410	9	ne	ne	_	_	_	_	_	linguistic	_	none	_	_	_	_	_	_
410-10	BOI070	410	410	10	ha	ha	_	_	_	_	_	linguistic	_	none	_	_	_	_	_	_
410-11	BOI070	410	410	11	parlato	parlato	_	_	_	_	_	linguistic	_	none	_	_	_	_	_	_
410-12	BOI070	410	410	12	[no]?	no	_	_	_	_	_	linguistic	_	none	Intonation=Rising	End=794.837	_	_	_	0-2(82)
411-0	BOR021	411	411	0	[sì]	sì	_	_	_	_	_	linguistic	_	none	_	Begin=794.698|End=794.846	_	_	_	0-2(82)
412-0	BOI070	412	412	0	è	è	_	_	_	_	_	linguistic	_	none	_	Begin=795.419	_	_	_	_
412-1	BOI070	412	412	1	lo	lo	_	_	_	_	_	linguistic	_	none	_	_	_	_	_	_
412-2	BOI070	412	412	2	stesso	stesso	_	_	_	_	_	linguistic	_	none	_	_	_	_	_	_
412-3	BOI070	412	412	3	stile	stile	_	_	_	_	_	linguistic	_	none	_	End=796.377	_	_	_	_
413-0	BOR021	413	413	0	erano	erano	_	_	_	_	_	linguistic	_	none	_	Begin=796.622	_	_	_	_
413-1	BOR021	413	413	1	[xxx]x	xxxx	_	_	_	_	_	unknown	_	none	Syllables=4	End=797.508	_	_	_	0-3(83)
414-0	BOI070	414	414	0	[è	è	_	_	_	_	_	linguistic	_	none	_	Begin=796.844	_	_	_	0-1(83)
414-1	BOI070	414	414	1	fatto	fatto	_	_	_	_	_	linguistic	_	none	_	_	_	_	_	0-5(83)
414-2	BOI070	414	414	2	di]	di	_	_	_	_	_	linguistic	_	none	_	End=797.431	_	_	_	0-2(83)
415-0	BOI070	415	415	0	c(io)è	cioè	_	_	_	_	_	linguistic	_	none	Reduced=Yes	Begin=798.083	_	_	_	_
415-1	BOI070	415	415	1	te	te	_	_	_	_	_	linguistic	_	none	_	_	_	_	_	_
415-2	BOI070	415	415	2	la	la	_	_	_	_	_	linguistic	_	none	_	_	_	_	_	_
415-3	BOI070	415	415	3	godi	godi	_	_	_	_	_	linguistic	_	none	_	_	_	_	_	_
415-4	BOI070	415	415	4	veramente	veramente	_	_	_	_	_	linguistic	_	none	_	_	_	_	_	_
415-5	BOI070	415	415	5	bene:	bene	_	_	_	_	_	linguistic	_	none	_	End=799.64	3x1	_	_	_
416-0	BOI070	416	416	0	i	i	_	_	_	_	_	linguistic	_	none	_	Begin=799.802	_	_	_	_
416-1	BOI070	416	416	1	colli	colli	_	_	_	_	_	linguistic	_	none	_	_	_	_	_	_
416-2	BOI070	416	416	2	>te	te	_	_	_	_	_	linguistic	_	none	_	_	_	Fast=0-2(0)	_	_
416-3	BOI070	416	416	3	li	li	_	_	_	_	_	linguistic	_	none	_	_	_	Fast=0-2(0)	_	_
416-4	BOI070	416	416	4	guardi	guardi	_	_	_	_	_	linguistic	_	none	_	_	_	Fast=0-6(0)	_	_
416-5	BOI070	416	416	5	veramente	veramente	_	_	_	_	_	linguistic	_	none	_	_	_	Fast=0-9(0)	_	_
416-6	BOI070	416	416	6	bene<	bene	_	_	_	_	_	linguistic	_	none	PauseAfter=Yes	_	_	Fast=0-4(0)	_	_
416-7	BOI070	416	416	7	(.)	(.)	_	_	_	_	_	shortpause	_	none	_	_	_	_	_	_
416-8	BOI070	416	416	8	d'	d'	_	_	_	_	_	linguistic	_	none	SpaceAfter=No	_	_	_	_	_
416-9	BOI070	416	416	9	estate	estate	_	_	_	_	_	linguistic	_	none	_	_	_	_	_	_
416-10	BOI070	416	416	10	primavera	primavera	_	_	_	_	_	linguistic	_	none	_	End=801.964	_	_	_	_
417-0	BOI070	417	417	0	lì	lì	_	_	_	_	_	linguistic	_	none	PauseAfter=Yes	Begin=802.622	_	_	_	_
417-1	BOI070	417	417	1	(.)	(.)	_	_	_	_	_	shortpause	_	none	_	_	_	_	_	_
417-2	BOI070	417	417	2	lì	lì	_	_	_	_	_	linguistic	_	none	_	_	_	_	_	_
417-3	BOI070	417	417	3	se	se	_	_	_	_	_	linguistic	_	none	_	_	_	_	_	_
417-4	BOI070	417	417	4	vai	vai	_	_	_	_	_	linguistic	_	none	_	_	_	_	_	_
417-5	BOI070	417	417	5	lì	lì	_	_	_	_	_	linguistic	_	none	_	End=803.868	_	_	_	_
418-0	BOI070	418	418	0	trovi	trovi	_	_	_	_	_	linguistic	_	none	_	Begin=804.077	_	_	_	_
418-1	BOI070	418	418	1	tantissima	tantissima	_	_	_	_	_	linguistic	_	none	_	_	_	_	_	_
418-2	BOI070	418	418	2	gente	gente	_	_	_	_	_	linguistic	_	none	_	_	_	_	_	_
418-3	BOI070	418	418	3	per	per	_	_	_	_	_	linguistic	_	none	_	_	_	_	_	_
418-4	BOI070	418	418	4	essere	essere	_	_	_	_	_	linguistic	_	none	_	_	_	_	_	_
418-5	BOI070	418	418	5	(dei)	dei	_	_	_	_	_	linguistic	_	none	_	_	_	_	0-3(0)	_
418-6	BOI070	418	418	6	colli	colli	_	_	_	_	_	linguistic	_	none	_	End=806.167	_	_	_	_
419-0	BOI070	419	419	0	nel	nel	_	_	_	_	_	linguistic	_	none	_	Begin=806.52	_	_	_	_
419-1	BOI070	419	419	1	se~	se~	_	_	_	_	_	linguistic	_	none	Interrupted=Yes	_	_	_	_	_
419-2	BOI070	419	419	2	in	in	_	_	_	_	_	linguistic	_	none	_	_	_	_	_	_
419-3	BOI070	419	419	3	estate	estate	_	_	_	_	_	linguistic	_	none	_	_	_	_	_	_
419-4	BOI070	419	419	4	>chiaramente<	chiaramente	_	_	_	_	_	linguistic	_	none	_	_	_	Fast=0-11(0)	_	_
419-5	BOI070	419	419	5	quando	quando	_	_	_	_	_	linguistic	_	none	_	_	_	_	_	_
419-6	BOI070	419	419	6	è	è	_	_	_	_	_	linguistic	_	none	_	_	_	_	_	_
419-7	BOI070	419	419	7	un	un	_	_	_	_	_	linguistic	_	none	_	_	_	_	_	_
419-8	BOI070	419	419	8	po'	po'	_	_	_	_	_	linguistic	_	none	_	_	_	_	_	_
419-9	BOI070	419	419	9	più	più	_	_	_	_	_	linguistic	_	none	_	_	_	_	_	_
419-10	BOI070	419	419	10	caldo	caldo	_	_	_	_	_	linguistic	_	none	_	_	_	_	_	_
419-11	BOI070	419	419	11	no?	no	_	_	_	_	_	linguistic	_	none	Intonation=Rising	End=808.443	_	_	_	_
420-0	BOI070	420	420	0	primavera	primavera	_	_	_	_	_	linguistic	_	none	_	Begin=808.934	_	_	_	_
420-1	BOI070	420	420	1	perché,	perché	_	_	_	_	_	linguistic	_	none	Intonation=WeaklyRising	_	_	_	_	_
420-2	BOI070	420	420	2	perché	perché	_	_	_	_	_	linguistic	_	none	PauseAfter=Yes	_	_	_	_	_
420-3	BOI070	420	420	3	(.)	(.)	_	_	_	_	_	shortpause	_	none	_	_	_	_	_	_
420-4	BOI070	420	420	4	appunto	appunto	_	_	_	_	_	linguistic	_	none	_	_	_	_	_	_
420-5	BOI070	420	420	5	è	è	_	_	_	_	_	linguistic	_	none	_	_	_	_	_	_
420-6	BOI070	420	420	6	la	la	_	_	_	_	_	linguistic	_	none	_	_	_	_	_	_
420-7	BOI070	420	420	7	parte	parte	_	_	_	_	_	linguistic	_	none	_	_	_	_	_	_
420-8	BOI070	420	420	8	più::	più	_	_	_	_	_	linguistic	_	none	_	End=811.245	2x2	_	_	_
421-0	BOI070	421	421	0	più	più	_	_	_	_	_	linguistic	_	none	_	Begin=811.335	_	_	_	_
421-1	BOI070	421	421	1	appetitosa	appetitosa	_	_	_	_	_	linguistic	_	none	_	_	_	_	_	_
421-2	BOI070	421	421	2	in	in	_	_	_	_	_	linguistic	_	none	_	_	_	_	_	_
421-3	BOI070	421	421	3	un	un	_	_	_	_	_	linguistic	_	none	_	_	_	_	_	_
421-4	BOI070	421	421	4	>certo	certo	_	_	_	_	_	linguistic	_	none	_	_	_	Fast=0-5(0)	_	_
421-5	BOI070	421	421	5	senso<	senso	_	_	_	_	_	linguistic	_	none	_	_	_	Fast=0-5(0)	_	_
421-6	BOI070	421	421	6	di	di	_	_	_	_	_	linguistic	_	none	_	_	_	_	_	_
421-7	BOI070	421	421	7	bologna:	bologna	_	_	_	_	_	linguistic	_	none	_	_	6x1	_	_	_
421-8	BOI070	421	421	8	d'	d'	_	_	_	_	_	linguistic	_	none	SpaceAfter=No	_	_	_	_	_
421-9	BOI070	421	421	9	estate	estate	_	_	_	_	_	linguistic	_	none	_	_	_	_	_	_
421-10	BOI070	421	421	10	no?	no	_	_	_	_	_	linguistic	_	none	Intonation=Rising	End=813.856	_	_	_	_
422-0	BOI070	422	422	0	poi::	poi	_	_	_	_	_	linguistic	_	none	_	Begin=814.071	2x2	_	_	_
422-1	BOI070	422	422	1	chiaramente	chiaramente	_	_	_	_	_	linguistic	_	none	_	_	_	_	_	_
422-2	BOI070	422	422	2	se	se	_	_	_	_	_	linguistic	_	none	_	_	_	_	_	_
422-3	BOI070	422	422	3	(devono)	devono	_	_	_	_	_	linguistic	_	none	_	_	_	_	0-6(0)	_
422-4	BOI070	422	422	4	parlare	parlare	_	_	_	_	_	linguistic	_	none	_	_	_	_	_	_
422-5	BOI070	422	422	5	di	di	_	_	_	_	_	linguistic	_	none	_	_	_	_	_	_
422-6	BOI070	422	422	6	bologna	bologna	_	_	_	_	_	linguistic	_	none	_	_	_	_	_	_
422-7	BOI070	422	422	7	(d'	d'	_	_	_	_	_	linguistic	_	none	SpaceAfter=No	_	_	_	0-2(1)	_
422-8	BOI070	422	422	8	)estate	estate	_	_	_	_	_	linguistic	_	none	_	_	_	_	_	_
422-9	BOI070	422	422	9	non	non	_	_	_	_	_	linguistic	_	none	_	_	_	_	_	_
422-10	BOI070	422	422	10	finiamo	finiamo	_	_	_	_	_	linguistic	_	none	_	_	_	_	_	_
422-11	BOI070	422	422	11	più	più	_	_	_	_	_	linguistic	_	none	_	End=817.14	_	_	_	_
423-0	BOI070	423	423	0	<perché	perché	_	_	_	_	_	linguistic	_	none	_	Begin=817.55	_	Slow=0-6(0)	_	_
423-1	BOI070	423	423	1	nel	nel	_	_	_	_	_	linguistic	_	none	_	_	_	Slow=0-3(0)	_	_
423-2	BOI070	423	423	2	senso	senso	_	_	_	_	_	linguistic	_	none	_	_	_	Slow=0-5(0)	_	_
423-3	BOI070	423	423	3	bologna	bologna	_	_	_	_	_	linguistic	_	none	_	_	_	Slow=0-7(0)	_	_
423-4	BOI070	423	423	4	d'	d'	_	_	_	_	_	linguistic	_	none	SpaceAfter=No	_	_	Slow=0-2(0)	_	_
423-5	BOI070	423	423	5	estate	estate	_	_	_	_	_	linguistic	_	none	_	_	_	Slow=0-6(0)	_	_
423-6	BOI070	423	423	6	è	è	_	_	_	_	_	linguistic	_	none	_	_	_	Slow=0-1(0)	_	_
423-7	BOI070	423	423	7	una>	una	_	_	_	_	_	linguistic	_	none	_	_	_	Slow=0-3(0)	_	_
423-8	BOI070	423	423	8	favola	favola	_	_	_	_	_	linguistic	_	none	_	_	_	_	_	_
423-9	BOI070	423	423	9	no?	no	_	_	_	_	_	linguistic	_	none	Intonation=Rising	End=819.167	_	_	_	_
424-0	BOR021	424	424	0	ti	ti	_	_	_	_	_	linguistic	_	none	_	Begin=819.443	_	_	_	_
424-1	BOR021	424	424	1	pi[ace?	piace	_	_	_	_	_	linguistic	_	none	Intonation=Rising	End=819.922	_	_	_	_
425-0	BOI070	425	425	0	[eh]	eh	_	_	_	_	_	linguistic	_	none	_	Begin=819.694|End=819.928	_	_	_	0-2(84)
426-0	BOI070	426	426	0	sì	sì	_	_	_	_	_	linguistic	_	none	_	Begin=820.042|End=820.233	_	_	_	_
427-0	BOR021	427	427	0	a	a	_	_	_	_	_	linguistic	_	none	_	Begin=820.679	_	_	_	_
427-1	BOR021	427	427	1	un	un	_	_	_	_	_	linguistic	_	none	_	_	_	_	_	_
427-2	BOR021	427	427	2	sacco	sacco	_	_	_	_	_	linguistic	_	none	_	_	_	_	_	_
427-3	BOR021	427	427	3	di	di	_	_	_	_	_	linguistic	_	none	_	_	_	_	_	_
427-4	BOR021	427	427	4	gente	gente	_	_	_	_	_	linguistic	_	none	_	_	_	_	_	_
427-5	BOR021	427	427	5	[non	non	_	_	_	_	_	linguistic	_	none	_	_	_	_	_	0-3(85)
427-6	BOR021	427	427	6	pia]ce	piace	_	_	_	_	_	linguistic	_	none	_	End=821.801	_	_	_	0-3(85)
428-0	BOI070	428	428	0	[piena]	piena	_	_	_	_	_	linguistic	_	none	_	Begin=821.314|End=821.622	_	_	_	0-5(85)
429-0	BOI070	429	429	0	piena	piena	_	_	_	_	_	linguistic	_	none	_	Begin=821.972	_	_	_	_
429-1	BOI070	429	429	1	di	di	_	_	_	_	_	linguistic	_	none	_	_	_	_	_	_
429-2	BOI070	429	429	2	eventi	eventi	_	_	_	_	_	linguistic	_	none	_	End=822.806	_	_	_	_
430-0	BOI070	430	430	0	perché	perché	_	_	_	_	_	linguistic	_	none	_	Begin=822.845	_	_	_	_
430-1	BOI070	430	430	1	non	non	_	_	_	_	_	linguistic	_	none	_	_	_	_	_	_
430-2	BOI070	430	430	2	la	la	_	_	_	_	_	linguistic	_	none	_	_	_	_	_	_
430-3	BOI070	430	430	3	capiscono	capiscono	_	_	_	_	_	linguistic	_	none	_	_	_	_	_	_
430-4	BOI070	430	430	4	non	non	_	_	_	_	_	linguistic	_	none	_	_	_	_	_	_
430-5	BOI070	430	430	5	tutti:	tutti	_	_	_	_	_	linguistic	_	none	_	_	4x1	_	_	_
430-6	BOI070	430	430	6	la	la	_	_	_	_	_	linguistic	_	none	_	_	_	_	_	_
430-7	BOI070	430	430	7	capiscono	capiscono	_	_	_	_	_	linguistic	_	none	_	_	_	_	_	_
430-8	BOI070	430	430	8	no:,	no	_	_	_	_	_	linguistic	_	none	Intonation=WeaklyRising	_	1x1	_	_	_
430-9	BOI070	430	430	9	è	è	_	_	_	_	_	linguistic	_	none	_	_	_	_	_	_
430-10	BOI070	430	430	10	come::	come	_	_	_	_	_	linguistic	_	none	_	_	3x2	_	_	_
430-11	BOI070	430	430	11	quel	quel	_	_	_	_	_	linguistic	_	none	_	_	_	_	_	_
430-12	BOI070	430	430	12	detto	detto	_	_	_	_	_	linguistic	_	none	_	_	_	_	_	_
430-13	BOI070	430	430	13	no,	no	_	_	_	_	_	linguistic	_	none	Intonation=WeaklyRising	End=826.502	_	_	_	_
431-0	BOI070	431	431	0	quella	quella	_	_	_	_	_	linguistic	_	none	_	Begin=826.596	_	_	_	_
431-1	BOI070	431	431	1	è	è	_	_	_	_	_	linguistic	_	none	_	_	_	_	_	_
431-2	BOI070	431	431	2	stronza	stronza	_	_	_	_	_	linguistic	_	none	_	_	_	_	_	_
431-3	BOI070	431	431	3	ma	ma	_	_	_	_	_	linguistic	_	none	_	_	_	_	_	_
431-4	BOI070	431	431	4	non	non	_	_	_	_	_	linguistic	_	none	_	_	_	_	_	_
431-5	BOI070	431	431	5	è	è	_	_	_	_	_	linguistic	_	none	_	_	_	_	_	_
431-6	BOI070	431	431	6	vero	vero	_	_	_	_	_	linguistic	_	none	_	_	_	_	_	_
431-7	BOI070	431	431	7	no?	no	_	_	_	_	_	linguistic	_	none	Intonation=Rising	End=828.154	_	_	_	_
432-0	BOR021	432	432	0	((ride))	((ride))	_	_	_	_	_	nonverbalbehavior	_	none	_	Begin=828.232|End=828.453	_	_	_	_
433-0	BOI070	433	433	0	e:h	eh	_	_	_	_	_	linguistic	_	none	_	Begin=828.651	0x1	_	_	_
433-1	BOI070	433	433	1	in	in	_	_	_	_	_	linguistic	_	none	_	_	_	_	_	_
433-2	BOI070	433	433	2	realtà	realtà	_	_	_	_	_	linguistic	_	none	_	_	_	_	_	_
433-3	BOI070	433	433	3	magari	magari	_	_	_	_	_	linguistic	_	none	_	_	_	_	_	_
433-4	BOI070	433	433	4	non	non	_	_	_	_	_	linguistic	_	none	_	_	_	_	_	_
433-5	BOI070	433	433	5	l'	l'	_	_	_	_	_	linguistic	_	none	SpaceAfter=No	_	_	_	_	_
433-6	BOI070	433	433	6	hai	hai	_	_	_	_	_	linguistic	_	none	_	_	_	_	_	_
433-7	BOI070	433	433	7	capita	capita	_	_	_	_	_	linguistic	_	none	_	End=830.055	_	_	_	_
434-0	BOI070	434	434	0	(o)kay,	okay	_	_	_	_	_	linguistic	_	none	Intonation=WeaklyRising	Begin=830.591|End=830.845	_	_	0-1(0)	_
435-0	BOI070	435	435	0	nel	nel	_	_	_	_	_	linguistic	_	none	_	Begin=831.248	_	_	_	_
435-1	BOI070	435	435	1	senso	senso	_	_	_	_	_	linguistic	_	none	_	_	_	_	_	_
435-2	BOI070	435	435	2	è	è	_	_	_	_	_	linguistic	_	none	_	_	_	_	_	_
435-3	BOI070	435	435	3	molto::	molto	_	_	_	_	_	linguistic	_	none	_	_	4x2	_	_	_
435-4	BOI070	435	435	4	da	da	_	_	_	_	_	linguistic	_	none	_	_	_	_	_	_
435-5	BOI070	435	435	5	capire	capire	_	_	_	_	_	linguistic	_	none	_	_	_	_	_	_
435-6	BOI070	435	435	6	bologna	bologna	_	_	_	_	_	linguistic	_	none	_	End=833.773	_	_	_	_
436-0	BOI070	436	436	0	però	però	_	_	_	_	_	linguistic	_	none	_	Begin=834.198	_	_	_	_
436-1	BOI070	436	436	1	in	in	_	_	_	_	_	linguistic	_	none	_	_	_	_	_	_
436-2	BOI070	436	436	2	estate	estate	_	_	_	_	_	linguistic	_	none	_	_	_	_	_	_
436-3	BOI070	436	436	3	è	è	_	_	_	_	_	linguistic	_	none	_	_	_	_	_	_
436-4	BOI070	436	436	4	un'	un'	_	_	_	_	_	linguistic	_	none	SpaceAfter=No	_	_	_	_	_
436-5	BOI070	436	436	5	altra	altra	_	_	_	_	_	linguistic	_	none	_	_	_	_	_	_
436-6	BOI070	436	436	6	cosa	cosa	_	_	_	_	_	linguistic	_	none	_	_	_	_	_	_
436-7	BOI070	436	436	7	è	è	_	_	_	_	_	linguistic	_	none	_	_	_	_	_	_
436-8	BOI070	436	436	8	un'	un'	_	_	_	_	_	linguistic	_	none	SpaceAfter=No	_	_	_	_	_
436-9	BOI070	436	436	9	altra	altra	_	_	_	_	_	linguistic	_	none	_	_	_	_	_	_
436-10	BOI070	436	436	10	cosa	cosa	_	_	_	_	_	linguistic	_	none	_	_	_	_	_	_
436-11	BOI070	436	436	11	magari	magari	_	_	_	_	_	linguistic	_	none	_	_	_	_	_	_
436-12	BOI070	436	436	12	che:	che	_	_	_	_	_	linguistic	_	none	_	_	2x1	_	_	_
436-13	BOI070	436	436	13	>anche	anche	_	_	_	_	_	linguistic	_	none	_	_	_	Fast=0-5(0)	_	_
436-14	BOI070	436	436	14	nelle	nelle	_	_	_	_	_	linguistic	_	none	_	_	_	Fast=0-5(0)	_	_
436-15	BOI070	436	436	15	università<	università	_	_	_	_	_	linguistic	_	none	_	_	_	Fast=0-9(0)	_	_
436-16	BOI070	436	436	16	non:	non	_	_	_	_	_	linguistic	_	none	_	_	2x1	_	_	_
436-17	BOI070	436	436	17	sono	sono	_	_	_	_	_	linguistic	_	none	_	_	_	_	_	_
436-18	BOI070	436	436	18	abituati	abituati	_	_	_	_	_	linguistic	_	none	_	_	_	_	_	_
436-19	BOI070	436	436	19	ma	ma	_	_	_	_	_	linguistic	_	none	_	_	_	_	_	_
436-20	BOI070	436	436	20	quelli	quelli	_	_	_	_	_	linguistic	_	none	_	_	_	_	_	_
436-21	BOI070	436	436	21	che	che	_	_	_	_	_	linguistic	_	none	_	_	_	_	_	_
436-22	BOI070	436	436	22	ci	ci	_	_	_	_	_	linguistic	_	none	_	_	_	_	_	_
436-23	BOI070	436	436	23	vivono:	vivono	_	_	_	_	_	linguistic	_	none	_	End=839.425	5x1	_	_	_
437-0	BOR021	437	437	0	certo	certo	_	_	_	_	_	linguistic	_	none	_	Begin=839.508|End=839.911	_	_	_	_
438-0	BOI070	438	438	0	ne	ne	_	_	_	_	_	linguistic	_	none	_	Begin=839.988	_	_	_	_
438-1	BOI070	438	438	1	sono	sono	_	_	_	_	_	linguistic	_	none	_	_	_	_	_	_
438-2	BOI070	438	438	2	abituati	abituati	_	_	_	_	_	linguistic	_	none	_	_	_	_	_	_
438-3	BOI070	438	438	3	a	a	_	_	_	_	_	linguistic	_	none	_	_	_	_	_	_
438-4	BOI070	438	438	4	(quel~)	quel~	_	_	_	_	_	linguistic	_	none	Interrupted=Yes	_	_	_	0-5(0)	_
438-5	BOI070	438	438	5	quel	quel	_	_	_	_	_	linguistic	_	none	_	_	_	_	_	_
438-6	BOI070	438	438	6	lato	lato	_	_	_	_	_	linguistic	_	none	_	_	_	_	_	_
438-7	BOI070	438	438	7	lì	lì	_	_	_	_	_	linguistic	_	none	_	End=842.033	_	_	_	_
439-0	BOI070	439	439	0	devi:	devi	_	_	_	_	_	linguistic	_	none	_	Begin=842.635	3x1	_	_	_
439-1	BOI070	439	439	1	saperla:	saperla	_	_	_	_	_	linguistic	_	none	_	End=843.629	6x1	_	_	_
440-0	BOI070	440	440	0	prendere	prendere	_	_	_	_	_	linguistic	_	none	_	Begin=844.016|End=844.48	_	_	_	_
441-0	BOI070	441	441	0	c(io)è	cioè	_	_	_	_	_	linguistic	_	none	Reduced=Yes	Begin=844.751	_	_	_	_
441-1	BOI070	441	441	1	in	in	_	_	_	_	_	linguistic	_	none	_	_	_	_	_	_
441-2	BOI070	441	441	2	mh	mh	_	_	_	_	_	linguistic	_	none	PauseAfter=Yes	_	_	_	_	_
441-3	BOI070	441	441	3	(.)	(.)	_	_	_	_	_	shortpause	_	none	_	_	_	_	_	_
441-4	BOI070	441	441	4	piazza	piazza	_	_	_	_	_	linguistic	_	none	_	_	_	_	_	_
441-5	BOI070	441	441	5	maggiore	maggiore	_	_	_	_	_	linguistic	_	none	_	_	_	_	_	_
441-6	BOI070	441	441	6	magari	magari	_	_	_	_	_	linguistic	_	none	_	_	_	_	_	_
441-7	BOI070	441	441	7	no?	no	_	_	_	_	_	linguistic	_	none	Intonation=Rising	End=846.834	_	_	_	_
442-0	BOI070	442	442	0	in	in	_	_	_	_	_	linguistic	_	none	_	Begin=847.408	_	_	_	_
442-1	BOI070	442	442	1	estate	estate	_	_	_	_	_	linguistic	_	none	_	_	_	_	_	_
442-2	BOI070	442	442	2	da	da	_	_	_	_	_	linguistic	_	none	_	_	_	_	_	_
442-3	BOI070	442	442	3	godersela	godersela	_	_	_	_	_	linguistic	_	none	_	_	_	_	_	_
442-4	BOI070	442	442	4	magari	magari	_	_	_	_	_	linguistic	_	none	_	_	_	_	_	_
442-5	BOI070	442	442	5	con	con	_	_	_	_	_	linguistic	_	none	_	_	_	_	_	_
442-6	BOI070	442	442	6	un	un	_	_	_	_	_	linguistic	_	none	_	_	_	_	_	_
442-7	BOI070	442	442	7	gelato	gelato	_	_	_	_	_	linguistic	_	none	_	End=849.718	_	_	_	_
443-0	BOI070	443	443	0	e	e	_	_	_	_	_	linguistic	_	none	_	Begin=849.856	_	_	_	_
443-1	BOI070	443	443	1	guardarsi	guardarsi	_	_	_	_	_	linguistic	_	none	_	_	_	_	_	_
443-2	BOI070	443	443	2	un	un	_	_	_	_	_	linguistic	_	none	_	_	_	_	_	_
443-3	BOI070	443	443	3	film	film	_	_	_	_	_	linguistic	_	none	_	_	_	_	_	_
443-4	BOI070	443	443	4	che	che	_	_	_	_	_	linguistic	_	none	_	_	_	_	_	_
443-5	BOI070	443	443	5	di	di	_	_	_	_	_	linguistic	_	none	_	_	_	_	_	_
443-6	BOI070	443	443	6	solito	solito	_	_	_	_	_	linguistic	_	none	_	_	_	_	_	_
443-7	BOI070	443	443	7	in	in	_	_	_	_	_	linguistic	_	none	_	_	_	_	_	_
443-8	BOI070	443	443	8	estate	estate	_	_	_	_	_	linguistic	_	none	_	_	_	_	_	_
443-9	BOI070	443	443	9	fanno	fanno	_	_	_	_	_	linguistic	_	none	_	_	_	_	_	_
443-10	BOI070	443	443	10	[vedere	vedere	_	_	_	_	_	linguistic	_	none	_	_	_	_	_	0-6(86)
443-11	BOI070	443	443	11	sempre	sempre	_	_	_	_	_	linguistic	_	none	_	_	_	_	_	0-6(86)
443-12	BOI070	443	443	12	i	i	_	_	_	_	_	linguistic	_	none	_	_	_	_	_	0-1(86)
443-13	BOI070	443	443	13	fi]lm:	film	_	_	_	_	_	linguistic	_	none	_	_	3x1	_	_	0-2(86)
443-14	BOI070	443	443	14	all'	all'	_	_	_	_	_	linguistic	_	none	SpaceAfter=No	_	_	_	_	_
443-15	BOI070	443	443	15	[aria	aria	_	_	_	_	_	linguistic	_	none	_	_	_	_	_	0-4(87)
443-16	BOI070	443	443	16	aper]ta	aperta	_	_	_	_	_	linguistic	_	none	_	End=853.864	_	_	_	0-4(87)
444-0	BOR021	444	444	0	[bellissimi:]	bellissimi	_	_	_	_	_	linguistic	_	none	_	Begin=851.767|End=852.64	9x1	_	_	0-10(86)
445-0	BOR021	445	445	0	[bellissimi]	bellissimi	_	_	_	_	_	linguistic	_	none	_	Begin=853.259|End=853.828	_	_	_	0-10(87)
446-0	BOI070	446	446	0	cinema	cinema	_	_	_	_	_	linguistic	_	none	_	Begin=854.292	_	_	_	_
446-1	BOI070	446	446	1	all'	all'	_	_	_	_	_	linguistic	_	none	SpaceAfter=No	_	_	_	_	_
446-2	BOI070	446	446	2	aria	aria	_	_	_	_	_	linguistic	_	none	_	_	_	_	_	_
446-3	BOI070	446	446	3	aperta	aperta	_	_	_	_	_	linguistic	_	none	_	_	_	_	_	_
446-4	BOI070	446	446	4	si	si	_	_	_	_	_	linguistic	_	none	_	_	_	_	_	_
446-5	BOI070	446	446	5	chiama	chiama	_	_	_	_	_	linguistic	_	none	_	End=855.403	_	_	_	_
447-0	BOR021	447	447	0	sì	sì	_	_	_	_	_	linguistic	_	none	_	Begin=855.464|End=855.674	_	_	_	_
448-0	BOI071	448	448	0	xxx	xxx	_	_	_	_	_	unknown	_	none	Syllables=3	Begin=855.696|End=855.944	_	_	_	_
449-0	BOR021	449	449	0	sotto	sotto	_	_	_	_	_	linguistic	_	none	_	Begin=855.939	_	_	_	_
449-1	BOR021	449	449	1	le	le	_	_	_	_	_	linguistic	_	none	_	_	_	_	_	_
449-2	BOR021	449	449	2	ste[lle]	stelle	_	_	_	_	_	linguistic	_	none	_	End=856.745	_	_	_	3-6(89)
450-0	BOI071	450	450	0	[x	x	_	_	_	_	_	unknown	_	none	Syllables=1	Begin=856.558	_	_	_	0-1(89)
450-1	BOI071	450	450	1	cine]ma	cinema	_	_	_	_	_	linguistic	_	none	_	_	_	_	_	0-4(89)
450-2	BOI071	450	450	2	sotto	sotto	_	_	_	_	_	linguistic	_	none	_	_	_	_	_	_
450-3	BOI071	450	450	3	le	le	_	_	_	_	_	linguistic	_	none	_	_	_	_	_	_
450-4	BOI071	450	450	4	stelle	stelle	_	_	_	_	_	linguistic	_	none	PauseAfter=Yes	_	_	_	_	_
450-5	BOI071	450	450	5	(.)	(.)	_	_	_	_	_	shortpause	_	none	_	_	_	_	_	_
450-6	BOI071	450	450	6	[°esa]tto°	esatto	_	_	_	_	_	linguistic	_	none	Volume=low	End=858.033	_	_	_	0-3(90)
451-0	BOI070	451	451	0	[esatto]	esatto	_	_	_	_	_	linguistic	_	none	_	Begin=857.259|End=857.828	_	_	_	0-6(90)
452-0	BOR021	452	452	0	tu	tu	_	_	_	_	_	linguistic	_	none	_	Begin=858.154	_	_	_	_
452-1	BOR021	452	452	1	l'	l'	_	_	_	_	_	linguistic	_	none	SpaceAfter=No	_	_	_	_	_
452-2	BOR021	452	452	2	hai	hai	_	_	_	_	_	linguistic	_	none	_	_	_	_	_	_
452-3	BOR021	452	452	3	visto	visto	_	_	_	_	_	linguistic	_	none	_	_	_	_	_	_
452-4	BOR021	452	452	4	qualche	qualche	_	_	_	_	_	linguistic	_	none	_	_	_	_	_	_
452-5	BOR021	452	452	5	film	film	_	_	_	_	_	linguistic	_	none	_	_	_	_	_	_
452-6	BOR021	452	452	6	lì?	lì	_	_	_	_	_	linguistic	_	none	Intonation=Rising	End=859.491	_	_	_	_
453-0	BOI071	453	453	0	ma	ma	_	_	_	_	_	linguistic	_	none	PauseAfter=Yes	Begin=860.121	_	_	_	_
453-1	BOI071	453	453	1	(.)	(.)	_	_	_	_	_	shortpause	_	none	_	_	_	_	_	_
453-2	BOI071	453	453	2	mi	mi	_	_	_	_	_	linguistic	_	none	_	_	_	_	_	_
453-3	BOI071	453	453	3	ricordo	ricordo	_	_	_	_	_	linguistic	_	none	_	_	_	_	_	_
453-4	BOI071	453	453	4	da	da	_	_	_	_	_	linguistic	_	none	_	_	_	_	_	_
453-5	BOI071	453	453	5	piccolo	piccolo	_	_	_	_	_	linguistic	_	none	_	_	_	_	_	_
453-6	BOI071	453	453	6	avevo	avevo	_	_	_	_	_	linguistic	_	none	_	_	_	_	_	_
453-7	BOI071	453	453	7	visto::	visto	_	_	_	_	_	linguistic	_	none	_	End=862.306	4x2	_	_	_
454-0	BOI071	454	454	0	scream	scream	_	_	_	_	_	linguistic	_	none	_	Begin=862.37	_	_	_	_
454-1	BOI071	454	454	1	dove	dove	_	_	_	_	_	linguistic	_	none	_	_	_	_	_	_
454-2	BOI071	454	454	2	c'	c'	_	_	_	_	_	linguistic	_	none	SpaceAfter=No	_	_	_	_	_
454-3	BOI071	454	454	3	era::	era	_	_	_	_	_	linguistic	_	none	_	_	2x2	_	_	_
454-4	BOI071	454	454	4	sto	sto	_	_	_	_	_	linguistic	_	none	_	_	_	_	_	_
454-5	BOI071	454	454	5	tipo	tipo	_	_	_	_	_	linguistic	_	none	_	_	_	_	_	_
454-6	BOI071	454	454	6	che	che	_	_	_	_	_	linguistic	_	none	_	_	_	_	_	_
454-7	BOI071	454	454	7	pisciava	pisciava	_	_	_	_	_	linguistic	_	none	_	_	_	_	_	_
454-8	BOI071	454	454	8	addosso	addosso	_	_	_	_	_	linguistic	_	none	_	_	_	_	_	_
454-9	BOI071	454	454	9	a	a	_	_	_	_	_	linguistic	_	none	_	_	_	_	_	_
454-10	BOI071	454	454	10	un	un	_	_	_	_	_	linguistic	_	none	_	_	_	_	_	_
454-11	BOI071	454	454	11	altro	altro	_	_	_	_	_	linguistic	_	none	_	_	_	_	_	_
454-12	BOI071	454	454	12	però::	però	_	_	_	_	_	linguistic	_	none	_	_	3x2	_	_	_
454-13	BOI071	454	454	13	((ride))	((ride))	_	_	_	_	_	nonverbalbehavior	_	none	_	End=866.232	_	_	_	_
455-0	BOI071	455	455	0	vab[bè	vabbè	_	_	_	_	_	linguistic	_	none	_	Begin=866.248	_	_	_	3-5(91)
455-1	BOI071	455	455	1	me~	me~	_	_	_	_	_	linguistic	_	none	Interrupted=Yes	_	_	_	_	0-3(91)
455-2	BOI071	455	455	2	m~]	m~	_	_	_	_	_	linguistic	_	none	Interrupted=Yes	_	_	_	_	0-2(91)
455-3	BOI071	455	455	3	>mi	mi	_	_	_	_	_	linguistic	_	none	_	_	_	Fast=0-2(0)	_	_
455-4	BOI071	455	455	4	hai	hai	_	_	_	_	_	linguistic	_	none	_	_	_	Fast=0-3(0)	_	_
455-5	BOI071	455	455	5	esatto	esatto	_	_	_	_	_	linguistic	_	none	_	_	_	Fast=0-6(0)	_	_
455-6	BOI071	455	455	6	mi	mi	_	_	_	_	_	linguistic	_	none	_	_	_	Fast=0-2(0)	_	_
455-7	BOI071	455	455	7	è<	è	_	_	_	_	_	linguistic	_	none	_	_	_	Fast=0-1(0)	_	_
455-8	BOI071	455	455	8	rimasto::	rimasto	_	_	_	_	_	linguistic	_	none	_	_	6x2	_	_	_
455-9	BOI071	455	455	9	sta	sta	_	_	_	_	_	linguistic	_	none	_	_	_	_	_	_
455-10	BOI071	455	455	10	scena	scena	_	_	_	_	_	linguistic	_	none	_	_	_	_	_	_
455-11	BOI071	455	455	11	impressa	impressa	_	_	_	_	_	linguistic	_	none	_	End=869.337	_	_	_	_
456-0	BOR021	456	456	0	[ti	ti	_	_	_	_	_	linguistic	_	none	_	Begin=866.381	_	_	_	0-2(91)
456-1	BOR021	456	456	1	è	è	_	_	_	_	_	linguistic	_	none	_	_	_	_	_	0-1(91)
456-2	BOR021	456	456	2	rimasto]	rimasto	_	_	_	_	_	linguistic	_	none	_	End=867.011	_	_	_	0-7(91)
457-0	BOR021	457	457	0	((ride))	((ride))	_	_	_	_	_	nonverbalbehavior	_	none	_	Begin=867.994|End=868.221	_	_	_	_
458-0	BOI070	458	458	0	e	e	_	_	_	_	_	linguistic	_	none	_	Begin=869.535	_	_	_	_
458-1	BOI070	458	458	1	ognuno	ognuno	_	_	_	_	_	linguistic	_	none	_	_	_	_	_	_
458-2	BOI070	458	458	2	(ha	ha	_	_	_	_	_	linguistic	_	none	_	_	_	_	0-2(0)	_
458-3	BOI070	458	458	3	i	i	_	_	_	_	_	linguistic	_	none	_	_	_	_	0-1(0)	_
458-4	BOI070	458	458	4	suoi)	suoi	_	_	_	_	_	linguistic	_	none	_	_	_	_	0-4(0)	_
458-5	BOI070	458	458	5	pensieri:	pensieri	_	_	_	_	_	linguistic	_	none	_	_	7x1	_	_	_
458-6	BOI070	458	458	6	((ride))	((ride))	_	_	_	_	_	nonverbalbehavior	_	none	_	End=871.099	_	_	_	_
459-0	BOI071	459	459	0	sì	sì	_	_	_	_	_	linguistic	_	none	_	Begin=870.216	_	_	_	_
459-1	BOI071	459	459	1	sì	sì	_	_	_	_	_	linguistic	_	none	_	_	_	_	_	_
459-2	BOI071	459	459	2	proprio	proprio	_	_	_	_	_	linguistic	_	none	PauseAfter=Yes	_	_	_	_	_
459-3	BOI071	459	459	3	(.)	(.)	_	_	_	_	_	shortpause	_	none	_	_	_	_	_	_
459-4	BOI071	459	459	4	in	in	_	_	_	_	_	linguistic	_	none	_	_	_	_	_	_
459-5	BOI071	459	459	5	>generale<	generale	_	_	_	_	_	linguistic	_	none	_	_	_	Fast=0-8(0)	_	_
459-6	BOI071	459	459	6	quel	quel	_	_	_	_	_	linguistic	_	none	_	_	_	_	_	_
459-7	BOI071	459	459	7	mood	mood	_	_	_	_	_	linguistic	_	none	_	_	_	_	_	_
459-8	BOI071	459	459	8	lì	lì	_	_	_	_	_	linguistic	_	none	_	_	_	_	_	_
459-9	BOI071	459	459	9	mi	mi	_	_	_	_	_	linguistic	_	none	_	_	_	_	_	_
459-10	BOI071	459	459	10	è	è	_	_	_	_	_	linguistic	_	none	_	_	_	_	_	_
459-11	BOI071	459	459	11	rimasto	rimasto	_	_	_	_	_	linguistic	_	none	_	_	_	_	_	_
459-12	BOI071	459	459	12	impresso	impresso	_	_	_	_	_	linguistic	_	none	_	End=872.907	_	_	_	_
460-0	BOI071	460	460	0	tutta	tutta	_	_	_	_	_	linguistic	_	none	_	Begin=872.907	_	_	_	_
460-1	BOI071	460	460	1	la	la	_	_	_	_	_	linguistic	_	none	_	_	_	_	_	_
460-2	BOI071	460	460	2	gente	gente	_	_	_	_	_	linguistic	_	none	_	_	_	_	_	_
460-3	BOI071	460	460	3	lì	lì	_	_	_	_	_	linguistic	_	none	_	_	_	_	_	_
460-4	BOI071	460	460	4	zitta::	zitta	_	_	_	_	_	linguistic	_	none	_	_	4x2	_	_	_
460-5	BOI071	460	460	5	in	in	_	_	_	_	_	linguistic	_	none	_	_	_	_	_	_
460-6	BOI071	460	460	6	piazza	piazza	_	_	_	_	_	linguistic	_	none	_	_	_	_	_	_
460-7	BOI071	460	460	7	che	che	_	_	_	_	_	linguistic	_	none	_	_	_	_	_	_
460-8	BOI071	460	460	8	guarda	guarda	_	_	_	_	_	linguistic	_	none	_	_	_	_	_	_
460-9	BOI071	460	460	9	sotto	sotto	_	_	_	_	_	linguistic	_	none	_	_	_	_	_	_
460-10	BOI071	460	460	10	le	le	_	_	_	_	_	linguistic	_	none	_	_	_	_	_	_
460-11	BOI071	460	460	11	stelle	stelle	_	_	_	_	_	linguistic	_	none	_	_	_	_	_	_
460-12	BOI071	460	460	12	ma	ma	_	_	_	_	_	linguistic	_	none	_	_	_	_	_	_
460-13	BOI071	460	460	13	(me::h)	meh	_	_	_	_	_	linguistic	_	none	_	End=877.36	1x2	_	0-3(0)	_
461-0	BOI071	461	461	0	m[agnifico]	magnifico	_	_	_	_	_	linguistic	_	none	_	Begin=877.484|End=878.061	_	_	_	1-9(93)
462-0	BOR021	462	462	0	[è	è	_	_	_	_	_	linguistic	_	none	_	Begin=877.536	_	_	_	0-1(93)
462-1	BOR021	462	462	1	bello]:,	bello	_	_	_	_	_	linguistic	_	none	Intonation=WeaklyRising	End=878.154	4x1	_	_	0-5(93)
463-0	BOI071	463	463	0	sì	sì	_	_	_	_	_	linguistic	_	none	_	Begin=878.402	_	_	_	_
463-1	BOI071	463	463	1	sì	sì	_	_	_	_	_	linguistic	_	none	_	_	_	_	_	_
463-2	BOI071	463	463	2	s[ì:]	sì	_	_	_	_	_	linguistic	_	none	_	End=878.907	1x1	_	_	1-2(94)
464-0	BOI070	464	464	0	[è]	è	_	_	_	_	_	linguistic	_	none	_	Begin=878.855	_	_	_	0-1(94)
464-1	BOI070	464	464	1	bello	bello	_	_	_	_	_	linguistic	_	none	_	_	_	_	_	_
464-2	BOI070	464	464	2	è	è	_	_	_	_	_	linguistic	_	none	_	_	_	_	_	_
464-3	BOI070	464	464	3	bello	bello	_	_	_	_	_	linguistic	_	none	_	_	_	_	_	_
464-4	BOI070	464	464	4	sì	sì	_	_	_	_	_	linguistic	_	none	_	End=879.865	_	_	_	_
465-0	BOR021	465	465	0	quest'	quest'	_	_	_	_	_	linguistic	_	none	SpaceAfter=No	Begin=879.886	_	_	_	_
465-1	BOR021	465	465	1	anno	anno	_	_	_	_	_	linguistic	_	none	_	_	_	_	_	_
465-2	BOR021	465	465	2	non	non	_	_	_	_	_	linguistic	_	none	_	_	_	_	_	_
465-3	BOR021	465	465	3	sei	sei	_	_	_	_	_	linguistic	_	none	_	_	_	_	_	_
465-4	BOR021	465	465	4	andato?	andato	_	_	_	_	_	linguistic	_	none	Intonation=Rising	End=880.777	_	_	_	_
466-0	BOI071	466	466	0	no:	no	_	_	_	_	_	linguistic	_	none	_	Begin=881.298	1x1	_	_	_
466-1	BOI071	466	466	1	beh	beh	_	_	_	_	_	linguistic	_	none	_	_	_	_	_	_
466-2	BOI071	466	466	2	quest'	quest'	_	_	_	_	_	linguistic	_	none	SpaceAfter=No	_	_	_	_	_
466-3	BOI071	466	466	3	anno	anno	_	_	_	_	_	linguistic	_	none	_	_	_	_	_	_
466-4	BOI071	466	466	4	>vabbè<	vabbè	_	_	_	_	_	linguistic	_	none	_	_	_	Fast=0-5(0)	_	_
466-5	BOI071	466	466	5	diciamo	diciamo	_	_	_	_	_	linguistic	_	none	_	_	_	_	_	_
466-6	BOI071	466	466	6	che::	che	_	_	_	_	_	linguistic	_	none	_	End=883.824	2x2	_	_	_
467-0	BOI071	467	467	0	più	più	_	_	_	_	_	linguistic	_	none	_	Begin=884.041	_	_	_	_
467-1	BOI071	467	467	1	avan~	avan~	_	_	_	_	_	linguistic	_	none	Interrupted=Yes|PauseAfter=Yes	_	_	_	_	_
467-2	BOI071	467	467	2	(.)	(.)	_	_	_	_	_	shortpause	_	none	_	_	_	_	_	_
467-3	BOI071	467	467	3	((sospira))	((sospira))	_	_	_	_	_	nonverbalbehavior	_	none	_	_	_	_	_	_
467-4	BOI071	467	467	4	io	io	_	_	_	_	_	linguistic	_	none	_	_	_	_	_	_
467-5	BOI071	467	467	5	ero	ero	_	_	_	_	_	linguistic	_	none	_	_	_	_	_	_
467-6	BOI071	467	467	6	piccolo	piccolo	_	_	_	_	_	linguistic	_	none	_	_	_	_	_	_
467-7	BOI071	467	467	7	capito,	capito	_	_	_	_	_	linguistic	_	none	Intonation=WeaklyRising	End=885.855	_	_	_	_
468-0	BOI071	468	468	0	però	però	_	_	_	_	_	linguistic	_	none	_	Begin=886.402	_	_	_	_
468-1	BOI071	468	468	1	più	più	_	_	_	_	_	linguistic	_	none	_	_	_	_	_	_
468-2	BOI071	468	468	2	avanti	avanti	_	_	_	_	_	linguistic	_	none	_	_	_	_	_	_
468-3	BOI071	468	468	3	come	come	_	_	_	_	_	linguistic	_	none	_	_	_	_	_	_
468-4	BOI071	468	468	4	xx	xx	_	_	_	_	_	unknown	_	none	Syllables=2	_	_	_	_	_
468-5	BOI071	468	468	5	come:	come	_	_	_	_	_	linguistic	_	none	_	_	3x1	_	_	_
468-6	BOI071	468	468	6	(avevi)	avevi	_	_	_	_	_	linguistic	_	none	_	_	_	_	0-5(0)	_
468-7	BOI071	468	468	7	fatto	fatto	_	_	_	_	_	linguistic	_	none	_	_	_	_	_	_
468-8	BOI071	468	468	8	te	te	_	_	_	_	_	linguistic	_	none	_	_	_	_	_	_
468-9	BOI071	468	468	9	la	la	_	_	_	_	_	linguistic	_	none	_	_	_	_	_	_
468-10	BOI071	468	468	10	domanda	domanda	_	_	_	_	_	linguistic	_	none	PauseAfter=Yes	_	_	_	_	_
468-11	BOI071	468	468	11	(.)	(.)	_	_	_	_	_	shortpause	_	none	_	_	_	_	_	_
468-12	BOI071	468	468	12	hanno::	hanno	_	_	_	_	_	linguistic	_	none	_	_	4x2	_	_	_
468-13	BOI071	468	468	13	[xxx[	xxx	_	_	_	_	_	unknown	_	none	Syllables=3	End=890.309	_	_	_	_
469-0	BOI070	469	469	0	[collega],	collega	_	_	_	_	_	linguistic	_	none	Intonation=WeaklyRising	Begin=889.917|End=890.308	_	_	_	0-7(95)
470-0	BOI070	470	470	0	((ride))	((ride))	_	_	_	_	_	nonverbalbehavior	_	none	_	Begin=891.02|End=891.122	_	_	_	_
471-0	BOR021	471	471	0	((ride))	((ride))	_	_	_	_	_	nonverbalbehavior	_	none	_	Begin=891.505|End=891.783	_	_	_	_
472-0	BOI071	472	472	0	((ride))	((ride))	_	_	_	_	_	nonverbalbehavior	_	none	_	Begin=891.639	_	_	_	_
472-1	BOI071	472	472	1	hanno	hanno	_	_	_	_	_	linguistic	_	none	_	_	_	_	_	_
472-2	BOI071	472	472	2	collega	collega	_	_	_	_	_	linguistic	_	none	_	_	_	_	_	_
472-3	BOI071	472	472	3	(vab)bè	vabbè	_	_	_	_	_	linguistic	_	none	_	End=893.226	_	_	0-3(0)	_
473-0	BOR021	473	473	0	((ride))	((ride))	_	_	_	_	_	nonverbalbehavior	_	none	_	Begin=892.257|End=892.71	_	_	_	_
474-0	BOR021	474	474	0	((ride))	((ride))	_	_	_	_	_	nonverbalbehavior	_	none	_	Begin=893.226|End=893.536	_	_	_	_
475-0	BOI071	475	475	0	e:::	e	_	_	_	_	_	linguistic	_	none	_	Begin=893.773|End=894.268	0x3	_	_	_
476-0	BOI071	476	476	0	la	la	_	_	_	_	_	linguistic	_	none	_	Begin=894.742	_	_	_	_
476-1	BOI071	476	476	1	domanda	domanda	_	_	_	_	_	linguistic	_	none	_	_	_	_	_	_
476-2	BOI071	476	476	2	era?	era	_	_	_	_	_	linguistic	_	none	Intonation=Rising	End=895.577	_	_	_	_
477-0	BOI071	477	477	0	com~	com~	_	_	_	_	_	linguistic	_	none	Interrupted=Yes	Begin=895.7	_	_	_	_
477-1	BOI071	477	477	1	come	come	_	_	_	_	_	linguistic	_	none	_	_	_	_	_	_
477-2	BOI071	477	477	2	la	la	_	_	_	_	_	linguistic	_	none	_	_	_	_	_	_
477-3	BOI071	477	477	3	vivi	vivi	_	_	_	_	_	linguistic	_	none	_	_	_	_	_	_
477-4	BOI071	477	477	4	c(io)è:	cioè	_	_	_	_	_	linguistic	_	none	Reduced=Yes	_	3x1	_	_	_
477-5	BOI071	477	477	5	se	se	_	_	_	_	_	linguistic	_	none	_	_	_	_	_	_
477-6	BOI071	477	477	6	la	la	_	_	_	_	_	linguistic	_	none	_	_	_	_	_	_
477-7	BOI071	477	477	7	vedi	vedi	_	_	_	_	_	linguistic	_	none	_	_	_	_	_	_
477-8	BOI071	477	477	8	migliorata	migliorata	_	_	_	_	_	linguistic	_	none	_	_	_	_	_	_
477-9	BOI071	477	477	9	bol[o:gna]	bologna	_	_	_	_	_	linguistic	_	none	_	End=898.484	3x1	_	_	3-7(96)
478-0	BOR021	478	478	0	[sì]	sì	_	_	_	_	_	linguistic	_	none	_	Begin=898.247|End=898.484	_	_	_	0-2(96)
479-0	BOI071	479	479	0	[m::h]	mh	_	_	_	_	_	linguistic	_	none	_	Begin=899.619|End=900.072	0x2	_	_	0-2(97)
480-0	BOR021	480	480	0	[>tu	tu	_	_	_	_	_	linguistic	_	none	_	Begin=899.876	_	Fast=0-2(0)	_	0-2(97)
480-1	BOR021	480	480	1	co]me	come	_	_	_	_	_	linguistic	_	none	_	_	_	Fast=0-4(0)	_	0-2(97)
480-2	BOR021	480	480	2	la	la	_	_	_	_	_	linguistic	_	none	_	_	_	Fast=0-2(0)	_	_
480-3	BOR021	480	480	3	vedi<?	vedi	_	_	_	_	_	linguistic	_	none	Intonation=Rising	End=900.469	_	Fast=0-4(0)	_	_
481-0	BOI071	481	481	0	eh	eh	_	_	_	_	_	linguistic	_	none	_	Begin=900.902	_	_	_	_
481-1	BOI071	481	481	1	iO::	io	_	_	_	_	_	linguistic	_	none	Volume=high	End=901.814	1x2	_	_	_
482-0	BOI071	482	482	0	sinceramente	sinceramente	_	_	_	_	_	linguistic	_	none	_	Begin=902.84	_	_	_	_
482-1	BOI071	482	482	1	non	non	_	_	_	_	_	linguistic	_	none	_	_	_	_	_	_
482-2	BOI071	482	482	2	saprei	saprei	_	_	_	_	_	linguistic	_	none	_	_	_	_	_	_
482-3	BOI071	482	482	3	come	come	_	_	_	_	_	linguistic	_	none	_	_	_	_	_	_
482-4	BOI071	482	482	4	risponderti	risponderti	_	_	_	_	_	linguistic	_	none	_	_	_	_	_	_
482-5	BOI071	482	482	5	perché	perché	_	_	_	_	_	linguistic	_	none	_	End=904.508	_	_	_	_
483-0	BOI071	483	483	0	prima	prima	_	_	_	_	_	linguistic	_	none	_	Begin=905.123	_	_	_	_
483-1	BOI071	483	483	1	sei	sei	_	_	_	_	_	linguistic	_	none	_	_	_	_	_	_
483-2	BOI071	483	483	2	piccolo	piccolo	_	_	_	_	_	linguistic	_	none	_	_	_	_	_	_
483-3	BOI071	483	483	3	e	e	_	_	_	_	_	linguistic	_	none	_	_	_	_	_	_
483-4	BOI071	483	483	4	la	la	_	_	_	_	_	linguistic	_	none	_	_	_	_	_	_
483-5	BOI071	483	483	5	e	e	_	_	_	_	_	linguistic	_	none	_	_	_	_	_	_
483-6	BOI071	483	483	6	la	la	_	_	_	_	_	linguistic	_	none	_	_	_	_	_	_
483-7	BOI071	483	483	7	vedi	vedi	_	_	_	_	_	linguistic	_	none	_	_	_	_	_	_
483-8	BOI071	483	483	8	anche	anche	_	_	_	_	_	linguistic	_	none	_	_	_	_	_	_
483-9	BOI071	483	483	9	da	da	_	_	_	_	_	linguistic	_	none	_	_	_	_	_	_
483-10	BOI071	483	483	10	occhi::	occhi	_	_	_	_	_	linguistic	_	none	PauseAfter=Yes	_	4x2	_	_	_
483-11	BOI071	483	483	11	(.)	(.)	_	_	_	_	_	shortpause	_	none	_	_	_	_	_	_
483-12	BOI071	483	483	12	da	da	_	_	_	_	_	linguistic	_	none	_	_	_	_	_	_
483-13	BOI071	483	483	13	ragazzino	ragazzino	_	_	_	_	_	linguistic	_	none	_	_	_	_	_	_
483-14	BOI071	483	483	14	capito,	capito	_	_	_	_	_	linguistic	_	none	Intonation=WeaklyRising	End=909.0	_	_	_	_
484-0	BOR021	484	484	0	certo	certo	_	_	_	_	_	linguistic	_	none	_	Begin=909.115|End=909.566	_	_	_	_
485-0	BOI071	485	485	0	poi	poi	_	_	_	_	_	linguistic	_	none	_	Begin=909.575	_	_	_	_
485-1	BOI071	485	485	1	piano	piano	_	_	_	_	_	linguistic	_	none	_	_	_	_	_	_
485-2	BOI071	485	485	2	piano	piano	_	_	_	_	_	linguistic	_	none	_	_	_	_	_	_
485-3	BOI071	485	485	3	che	che	_	_	_	_	_	linguistic	_	none	_	_	_	_	_	_
485-4	BOI071	485	485	4	cro~	cro~	_	_	_	_	_	linguistic	_	none	Interrupted=Yes	_	_	_	_	_
485-5	BOI071	485	485	5	e:h	eh	_	_	_	_	_	linguistic	_	none	_	_	0x1	_	_	_
485-6	BOI071	485	485	6	che	che	_	_	_	_	_	linguistic	_	none	_	_	_	_	_	_
485-7	BOI071	485	485	7	cresci	cresci	_	_	_	_	_	linguistic	_	none	_	_	_	_	_	_
485-8	BOI071	485	485	8	comin[ci	cominci	_	_	_	_	_	linguistic	_	none	_	_	_	_	_	5-7(98)
485-9	BOI071	485	485	9	a	a	_	_	_	_	_	linguistic	_	none	_	_	_	_	_	0-1(98)
485-10	BOI071	485	485	10	vede]re::	vedere	_	_	_	_	_	linguistic	_	none	_	End=912.805	5x2	_	_	0-4(98)
486-0	BOI070	486	486	0	[°crolli°]	crolli	_	_	_	_	_	linguistic	_	none	Volume=low	Begin=911.486|End=911.84	_	_	_	0-6(98)
487-0	BOI071	487	487	0	altri	altri	_	_	_	_	_	linguistic	_	none	_	Begin=913.398	_	_	_	_
487-1	BOI071	487	487	1	aspetti	aspetti	_	_	_	_	_	linguistic	_	none	_	_	_	_	_	_
487-2	BOI071	487	487	2	altre::	altre	_	_	_	_	_	linguistic	_	none	_	End=914.92	4x2	_	_	_
488-0	BOI071	488	488	0	con	con	_	_	_	_	_	linguistic	_	none	_	Begin=915.743	_	_	_	_
488-1	BOI071	488	488	1	altri	altri	_	_	_	_	_	linguistic	_	none	_	_	_	_	_	_
488-2	BOI071	488	488	2	occhi	occhi	_	_	_	_	_	linguistic	_	none	_	_	_	_	_	_
488-3	BOI071	488	488	3	in	in	_	_	_	_	_	linguistic	_	none	_	_	_	_	_	_
488-4	BOI071	488	488	4	poche	poche	_	_	_	_	_	linguistic	_	none	_	_	_	_	_	_
488-5	BOI071	488	488	5	parole	parole	_	_	_	_	_	linguistic	_	none	_	_	_	_	_	_
488-6	BOI071	488	488	6	cominci	cominci	_	_	_	_	_	linguistic	_	none	_	_	_	_	_	_
488-7	BOI071	488	488	7	a	a	_	_	_	_	_	linguistic	_	none	_	_	_	_	_	_
488-8	BOI071	488	488	8	vederlo	vederlo	_	_	_	_	_	linguistic	_	none	_	End=917.477	_	_	_	_
489-0	BOI071	489	489	0	però	però	_	_	_	_	_	linguistic	_	none	_	Begin=918.69	_	_	_	_
489-1	BOI071	489	489	1	sì	sì	_	_	_	_	_	linguistic	_	none	_	_	_	_	_	_
489-2	BOI071	489	489	2	c(io)è	cioè	_	_	_	_	_	linguistic	_	none	Reduced=Yes	_	_	_	_	_
489-3	BOI071	489	489	3	quello	quello	_	_	_	_	_	linguistic	_	none	_	_	_	_	_	_
489-4	BOI071	489	489	4	che	che	_	_	_	_	_	linguistic	_	none	_	_	_	_	_	_
489-5	BOI071	489	489	5	ti	ti	_	_	_	_	_	linguistic	_	none	_	_	_	_	_	_
489-6	BOI071	489	489	6	potrei	potrei	_	_	_	_	_	linguistic	_	none	_	_	_	_	_	_
489-7	BOI071	489	489	7	dire	dire	_	_	_	_	_	linguistic	_	none	_	_	_	_	_	_
489-8	BOI071	489	489	8	non	non	_	_	_	_	_	linguistic	_	none	_	End=920.539	_	_	_	_
490-0	BOI071	490	490	0	non	non	_	_	_	_	_	linguistic	_	none	_	Begin=920.973	_	_	_	_
490-1	BOI071	490	490	1	so	so	_	_	_	_	_	linguistic	_	none	_	_	_	_	_	_
490-2	BOI071	490	490	2	se	se	_	_	_	_	_	linguistic	_	none	_	_	_	_	_	_
490-3	BOI071	490	490	3	qui:	qui	_	_	_	_	_	linguistic	_	none	_	End=921.941	2x1	_	_	_
491-0	BOI071	491	491	0	oppure	oppure	_	_	_	_	_	linguistic	_	none	_	Begin=922.274	_	_	_	_
491-1	BOI071	491	491	1	anche:	anche	_	_	_	_	_	linguistic	_	none	_	_	4x1	_	_	_
491-2	BOI071	491	491	2	in	in	_	_	_	_	_	linguistic	_	none	_	_	_	_	_	_
491-3	BOI071	491	491	3	altre	altre	_	_	_	_	_	linguistic	_	none	_	_	_	_	_	_
491-4	BOI071	491	491	4	città	città	_	_	_	_	_	linguistic	_	none	_	End=923.654	_	_	_	_
492-0	BOI071	492	492	0	io	io	_	_	_	_	_	linguistic	_	none	_	Begin=923.938	_	_	_	_
492-1	BOI071	492	492	1	vivo	vivo	_	_	_	_	_	linguistic	_	none	_	_	_	_	_	_
492-2	BOI071	492	492	2	a	a	_	_	_	_	_	linguistic	_	none	_	_	_	_	_	_
492-3	BOI071	492	492	3	bologna	bologna	_	_	_	_	_	linguistic	_	none	_	_	_	_	_	_
492-4	BOI071	492	492	4	ti	ti	_	_	_	_	_	linguistic	_	none	_	_	_	_	_	_
492-5	BOI071	492	492	5	posso	posso	_	_	_	_	_	linguistic	_	none	_	_	_	_	_	_
492-6	BOI071	492	492	6	dire	dire	_	_	_	_	_	linguistic	_	none	_	_	_	_	_	_
492-7	BOI071	492	492	7	la	la	_	_	_	_	_	linguistic	_	none	_	_	_	_	_	_
492-8	BOI071	492	492	8	generazione	generazione	_	_	_	_	_	linguistic	_	none	_	_	_	_	_	_
492-9	BOI071	492	492	9	un	un	_	_	_	_	_	linguistic	_	none	_	_	_	_	_	_
492-10	BOI071	492	492	10	po'	po'	_	_	_	_	_	linguistic	_	none	PauseAfter=Yes	_	_	_	_	_
492-11	BOI071	492	492	11	(.)	(.)	_	_	_	_	_	shortpause	_	none	_	_	_	_	_	_
492-12	BOI071	492	492	12	questa	questa	_	_	_	_	_	linguistic	_	none	_	_	_	_	_	_
492-13	BOI071	492	492	13	qua	qua	_	_	_	_	_	linguistic	_	none	_	End=927.292	_	_	_	_
493-0	BOI071	493	493	0	la	la	_	_	_	_	_	linguistic	_	none	_	Begin=927.424	_	_	_	_
493-1	BOI071	493	493	1	vedi:	vedi	_	_	_	_	_	linguistic	_	none	_	_	3x1	_	_	_
493-2	BOI071	493	493	2	che	che	_	_	_	_	_	linguistic	_	none	_	_	_	_	_	_
493-3	BOI071	493	493	3	è	è	_	_	_	_	_	linguistic	_	none	_	_	_	_	_	_
493-4	BOI071	493	493	4	un	un	_	_	_	_	_	linguistic	_	none	_	_	_	_	_	_
493-5	BOI071	493	493	5	po:	po	_	_	_	_	_	linguistic	_	none	_	_	1x1	_	_	_
493-6	BOI071	493	493	6	più::	più	_	_	_	_	_	linguistic	_	none	PauseAfter=Yes	_	2x2	_	_	_
493-7	BOI071	493	493	7	(.)	(.)	_	_	_	_	_	shortpause	_	none	_	_	_	_	_	_
493-8	BOI071	493	493	8	immatura	immatura	_	_	_	_	_	linguistic	_	none	_	End=930.309	_	_	_	_
494-0	BOI071	494	494	0	HA:::	ha	_	_	_	_	_	linguistic	_	none	Volume=high	Begin=931.371|End=932.203	1x3	_	_	_
495-0	BOI071	495	495	0	ha	ha	_	_	_	_	_	linguistic	_	none	_	Begin=932.938	_	_	_	_
495-1	BOI071	495	495	1	un	un	_	_	_	_	_	linguistic	_	none	_	_	_	_	_	_
495-2	BOI071	495	495	2	altro::	altro	_	_	_	_	_	linguistic	_	none	_	End=934.194	4x2	_	_	_
496-0	BOI071	496	496	0	slang	slang	_	_	_	_	_	linguistic	_	none	PauseAfter=Yes	Begin=934.292	_	_	_	_
496-1	BOI071	496	496	1	(.)	(.)	_	_	_	_	_	shortpause	_	none	_	_	_	_	_	_
496-2	BOI071	496	496	2	[un	un	_	_	_	_	_	linguistic	_	none	_	_	_	_	_	0-2(99)
496-3	BOI071	496	496	3	altro:	altro	_	_	_	_	_	linguistic	_	none	PauseAfter=Yes	_	4x1	_	_	0-5(99)
496-4	BOI071	496	496	4	(.)	(.)	_	_	_	_	_	shortpause	_	none	_	_	_	_	_	_
496-5	BOI071	496	496	5	(un)	un	_	_	_	_	_	linguistic	_	none	_	_	_	_	0-2(0)	0-2(99)
496-6	BOI071	496	496	6	altro]	altro	_	_	_	_	_	linguistic	_	none	_	_	_	_	_	0-5(99)
496-7	BOI071	496	496	7	modo	modo	_	_	_	_	_	linguistic	_	none	_	_	_	_	_	_
496-8	BOI071	496	496	8	di	di	_	_	_	_	_	linguistic	_	none	_	_	_	_	_	_
496-9	BOI071	496	496	9	parla:re	parlare	_	_	_	_	_	linguistic	_	none	_	_	4x1	_	_	_
496-10	BOI071	496	496	10	(>m[olto::<)]	molto	_	_	_	_	_	linguistic	_	none	_	End=937.699	4x2	Fast=0-5(0)	0-5(1)	1-5(100)
497-0	BOR021	497	497	0	[sì	sì	_	_	_	_	_	linguistic	_	none	_	Begin=934.893	_	_	_	0-2(99)
497-1	BOR021	497	497	1	un	un	_	_	_	_	_	linguistic	_	none	_	_	_	_	_	0-2(99)
497-2	BOR021	497	497	2	altro	altro	_	_	_	_	_	linguistic	_	none	_	_	_	_	_	0-5(99)
497-3	BOR021	497	497	3	modo	modo	_	_	_	_	_	linguistic	_	none	_	_	_	_	_	0-4(99)
497-4	BOR021	497	497	4	proprio]	proprio	_	_	_	_	_	linguistic	_	none	_	End=936.123	_	_	_	0-7(99)
498-0	BOI070	498	498	0	[xxxx]x	xxxxx	_	_	_	_	_	unknown	_	none	Syllables=5	Begin=936.955|End=937.743	_	_	_	0-4(100)
499-0	BOI071	499	499	0	sì	sì	_	_	_	_	_	linguistic	_	none	PauseAfter=Yes	Begin=938.769	_	_	_	_
499-1	BOI071	499	499	1	(.)	(.)	_	_	_	_	_	shortpause	_	none	_	_	_	_	_	_
499-2	BOI071	499	499	2	((pensa))	((pensa))	_	_	_	_	_	nonverbalbehavior	_	none	_	_	_	_	_	_
499-3	BOI071	499	499	3	diciamo	diciamo	_	_	_	_	_	linguistic	_	none	_	_	_	_	_	_
499-4	BOI071	499	499	4	che:::	che	_	_	_	_	_	linguistic	_	none	_	End=940.708	2x3	_	_	_
500-0	BOI071	500	500	0	i	i	_	_	_	_	_	linguistic	_	none	_	Begin=941.867	_	_	_	_
500-1	BOI071	500	500	1	ragazzi	ragazzi	_	_	_	_	_	linguistic	_	none	_	_	_	_	_	_
500-2	BOI071	500	500	2	vecchi	vecchi	_	_	_	_	_	linguistic	_	none	_	_	_	_	_	_
500-3	BOI071	500	500	3	quelli	quelli	_	_	_	_	_	linguistic	_	none	_	_	_	_	_	_
500-4	BOI071	500	500	4	che	che	_	_	_	_	_	linguistic	_	none	_	_	_	_	_	_
500-5	BOI071	500	500	5	stanno	stanno	_	_	_	_	_	linguistic	_	none	_	_	_	_	_	_
500-6	BOI071	500	500	6	qua	qua	_	_	_	_	_	linguistic	_	none	_	_	_	_	_	_
500-7	BOI071	500	500	7	dovranno	dovranno	_	_	_	_	_	linguistic	_	none	_	_	_	_	_	_
500-8	BOI071	500	500	8	un	un	_	_	_	_	_	linguistic	_	none	_	_	_	_	_	_
500-9	BOI071	500	500	9	po'	po'	_	_	_	_	_	linguistic	_	none	_	_	_	_	_	_
500-10	BOI071	500	500	10	abituarsi	abituarsi	_	_	_	_	_	linguistic	_	none	_	_	_	_	_	_
500-11	BOI071	500	500	11	a	a	_	_	_	_	_	linguistic	_	none	_	_	_	_	_	_
500-12	BOI071	500	500	12	questo	questo	_	_	_	_	_	linguistic	_	none	_	_	_	_	_	_
500-13	BOI071	500	500	13	slang	slang	_	_	_	_	_	linguistic	_	none	_	_	_	_	_	_
500-14	BOI071	500	500	14	e:::h	eh	_	_	_	_	_	linguistic	_	none	_	_	0x3	_	_	_
500-15	BOI071	500	500	15	nuovo	nuovo	_	_	_	_	_	linguistic	_	none	_	_	_	_	_	_
500-16	BOI071	500	500	16	bolognese	bolognese	_	_	_	_	_	linguistic	_	none	_	_	_	_	_	_
500-17	BOI071	500	500	17	ma	ma	_	_	_	_	_	linguistic	_	none	PauseAfter=Yes	_	_	_	_	_
500-18	BOI071	500	500	18	(.)	(.)	_	_	_	_	_	shortpause	_	none	_	_	_	_	_	_
500-19	BOI071	500	500	19	[non]	non	_	_	_	_	_	linguistic	_	none	_	End=948.239	_	_	_	0-3(101)
501-0	BOR021	501	501	0	[ma	ma	_	_	_	_	_	linguistic	_	none	_	Begin=947.946	_	_	_	0-2(101)
501-1	BOR021	501	501	1	ti]po	tipo	_	_	_	_	_	linguistic	_	none	_	_	_	_	_	0-2(101)
501-2	BOR021	501	501	2	che	che	_	_	_	_	_	linguistic	_	none	_	_	_	_	_	_
501-3	BOR021	501	501	3	cosa:	cosa	_	_	_	_	_	linguistic	_	none	_	_	3x1	_	_	_
501-4	BOR021	501	501	4	e:h,	eh	_	_	_	_	_	linguistic	_	none	Intonation=WeaklyRising	End=949.336	0x1	_	_	_
502-0	BOI071	502	502	0	non	non	_	_	_	_	_	linguistic	_	none	_	Begin=949.929	_	_	_	_
502-1	BOI071	502	502	1	SO	so	_	_	_	_	_	linguistic	_	none	Volume=high	_	_	_	_	_
502-2	BOI071	502	502	2	ci	ci	_	_	_	_	_	linguistic	_	none	_	_	_	_	_	_
502-3	BOI071	502	502	3	sono	sono	_	_	_	_	_	linguistic	_	none	_	_	_	_	_	_
502-4	BOI071	502	502	4	tipo	tipo	_	_	_	_	_	linguistic	_	none	_	_	_	_	_	_
502-5	BOI071	502	502	5	que::~	que~	_	_	_	_	_	linguistic	_	none	Interrupted=Yes	End=951.674	2x2	_	_	_
503-0	BOI071	503	503	0	ma	ma	_	_	_	_	_	linguistic	_	none	_	Begin=952.141	_	_	_	_
503-1	BOI071	503	503	1	per	per	_	_	_	_	_	linguistic	_	none	_	_	_	_	_	_
503-2	BOI071	503	503	2	s~	s~	_	_	_	_	_	linguistic	_	none	Interrupted=Yes	_	_	_	_	_
503-3	BOI071	503	503	3	per	per	_	_	_	_	_	linguistic	_	none	_	_	_	_	_	_
503-4	BOI071	503	503	4	dirti	dirti	_	_	_	_	_	linguistic	_	none	_	_	_	_	_	_
503-5	BOI071	503	503	5	tipo	tipo	_	_	_	_	_	linguistic	_	none	_	_	_	_	_	_
503-6	BOI071	503	503	6	i	i	_	_	_	_	_	linguistic	_	none	_	_	_	_	_	_
503-7	BOI071	503	503	7	trapperi:ni	trapperini	_	_	_	_	_	linguistic	_	none	_	_	7x1	_	_	_
503-8	BOI071	503	503	8	così	così	_	_	_	_	_	linguistic	_	none	_	_	_	_	_	_
503-9	BOI071	503	503	9	capito,	capito	_	_	_	_	_	linguistic	_	none	Intonation=WeaklyRising	End=954.929	_	_	_	_
504-0	BOR021	504	504	0	((ride))	((ride))	_	_	_	_	_	nonverbalbehavior	_	none	_	Begin=954.716|End=954.938	_	_	_	_
505-0	BOI071	505	505	0	quelli	quelli	_	_	_	_	_	linguistic	_	none	_	Begin=954.929	_	_	_	_
505-1	BOI071	505	505	1	vestiti	vestiti	_	_	_	_	_	linguistic	_	none	_	_	_	_	_	_
505-2	BOI071	505	505	2	tutti	tutti	_	_	_	_	_	linguistic	_	none	_	_	_	_	_	_
505-3	BOI071	505	505	3	(di)	di	_	_	_	_	_	linguistic	_	none	_	_	_	_	0-2(0)	_
505-4	BOI071	505	505	4	adidas	adidas	_	_	_	_	_	linguistic	_	none	_	_	_	_	_	_
505-5	BOI071	505	505	5	quelli	quelli	_	_	_	_	_	linguistic	_	none	_	_	_	_	_	_
505-6	BOI071	505	505	6	che	che	_	_	_	_	_	linguistic	_	none	_	_	_	_	_	_
505-7	BOI071	505	505	7	parlano	parlano	_	_	_	_	_	linguistic	_	none	_	_	_	_	_	_
505-8	BOI071	505	505	8	fra	fra	_	_	_	_	_	linguistic	_	none	_	_	_	_	_	_
505-9	BOI071	505	505	9	bro	bro	_	_	_	_	_	linguistic	_	none	_	_	_	_	_	_
505-10	BOI071	505	505	10	così	così	_	_	_	_	_	linguistic	_	none	_	End=958.504	_	_	_	_
506-0	BOR021	506	506	0	sì	sì	_	_	_	_	_	linguistic	_	none	_	Begin=958.522	_	_	_	_
506-1	BOR021	506	506	1	è	è	_	_	_	_	_	linguistic	_	none	_	_	_	_	_	_
506-2	BOR021	506	506	2	molto	molto	_	_	_	_	_	linguistic	_	none	_	_	_	_	_	_
506-3	BOR021	506	506	3	questo	questo	_	_	_	_	_	linguistic	_	none	_	_	_	_	_	_
506-4	BOR021	506	506	4	mood:	mood	_	_	_	_	_	linguistic	_	none	_	_	3x1	_	_	_
506-5	BOR021	506	506	5	e:h	eh	_	_	_	_	_	linguistic	_	none	_	End=959.838	0x1	_	_	_
507-0	BOI071	507	507	0	eh	eh	_	_	_	_	_	linguistic	_	none	_	Begin=959.985	_	_	_	_
507-1	BOI071	507	507	1	esatto	esatto	_	_	_	_	_	linguistic	_	none	PauseAfter=Yes	_	_	_	_	_
507-2	BOI071	507	507	2	(.)	(.)	_	_	_	_	_	shortpause	_	none	_	_	_	_	_	_
507-3	BOI071	507	507	3	bisogna	bisogna	_	_	_	_	_	linguistic	_	none	_	_	_	_	_	_
507-4	BOI071	507	507	4	un	un	_	_	_	_	_	linguistic	_	none	_	_	_	_	_	_
507-5	BOI071	507	507	5	po'	po'	_	_	_	_	_	linguistic	_	none	_	_	_	_	_	_
507-6	BOI071	507	507	6	abi~	abi~	_	_	_	_	_	linguistic	_	none	Interrupted=Yes	_	_	_	_	_
507-7	BOI071	507	507	7	ma	ma	_	_	_	_	_	linguistic	_	none	_	_	_	_	_	_
507-8	BOI071	507	507	8	>no~	no~	_	_	_	_	_	linguistic	_	none	Interrupted=Yes	_	_	Fast=0-3(0)	_	_
507-9	BOI071	507	507	9	non<	non	_	_	_	_	_	linguistic	_	none	_	_	_	Fast=0-3(0)	_	_
507-10	BOI071	507	507	10	non	non	_	_	_	_	_	linguistic	_	none	_	_	_	_	_	_
507-11	BOI071	507	507	11	penso	penso	_	_	_	_	_	linguistic	_	none	_	_	_	_	_	_
507-12	BOI071	507	507	12	sarà	sarà	_	_	_	_	_	linguistic	_	none	_	_	_	_	_	_
507-13	BOI071	507	507	13	soltanto	soltanto	_	_	_	_	_	linguistic	_	none	_	_	_	_	_	_
507-14	BOI071	507	507	14	a	a	_	_	_	_	_	linguistic	_	none	_	_	_	_	_	_
507-15	BOI071	507	507	15	bologna	bologna	_	_	_	_	_	linguistic	_	none	_	_	_	_	_	_
507-16	BOI071	507	507	16	un	un	_	_	_	_	_	linguistic	_	none	_	_	_	_	_	_
507-17	BOI071	507	507	17	po'::	po'	_	_	_	_	_	linguistic	_	none	_	_	1x2	_	_	_
507-18	BOI071	507	507	18	[°ovunque°]	ovunque	_	_	_	_	_	linguistic	_	none	Volume=low	End=964.604	_	_	_	0-7(102)
508-0	BOR021	508	508	0	[°no:	no	_	_	_	_	_	linguistic	_	none	Volume=low	Begin=964.007	1x1	_	_	0-2(102)
508-1	BOR021	508	508	1	ovun~°]	ovun~	_	_	_	_	_	linguistic	_	none	Interrupted=Yes|Volume=low	End=964.61	_	_	_	0-5(102)
509-0	BOI071	509	509	0	è	è	_	_	_	_	_	linguistic	_	none	_	Begin=964.683	_	_	_	_
509-1	BOI071	509	509	1	proprio	proprio	_	_	_	_	_	linguistic	_	none	_	_	_	_	_	_
509-2	BOI071	509	509	2	la	la	_	_	_	_	_	linguistic	_	none	_	_	_	_	_	_
509-3	BOI071	509	509	3	[generaz]ione	generazione	_	_	_	_	_	linguistic	_	none	_	_	_	_	_	0-7(103)
509-4	BOI071	509	509	4	penso	penso	_	_	_	_	_	linguistic	_	none	_	_	_	_	_	_
509-5	BOI071	509	509	5	sia	sia	_	_	_	_	_	linguistic	_	none	_	_	_	_	_	_
509-6	BOI071	509	509	6	così	così	_	_	_	_	_	linguistic	_	none	_	End=966.676	_	_	_	_
510-0	BOR021	510	510	0	[(ovunque)]	ovunque	_	_	_	_	_	linguistic	_	none	_	Begin=965.154|End=965.58	_	_	0-7(0)	0-7(103)
511-0	BOI071	511	511	0	quindi:::	quindi	_	_	_	_	_	linguistic	_	none	_	Begin=967.463|End=968.507	5x3	_	_	_
512-0	BOI071	512	512	0	xxxx	xxxx	_	_	_	_	_	unknown	_	none	Syllables=4	Begin=969.227|End=969.689	_	_	_	_
513-0	BOR021	513	513	0	((ride))	((ride))	_	_	_	_	_	nonverbalbehavior	_	none	_	Begin=969.904	_	_	_	_
513-1	BOR021	513	513	1	non	non	_	_	_	_	_	linguistic	_	none	_	_	_	_	_	_
513-2	BOR021	513	513	2	ti	ti	_	_	_	_	_	linguistic	_	none	_	_	_	_	_	_
513-3	BOR021	513	513	3	convince	convince	_	_	_	_	_	linguistic	_	none	_	_	_	_	_	_
513-4	BOR021	513	513	4	questa	questa	_	_	_	_	_	linguistic	_	none	_	_	_	_	_	_
513-5	BOR021	513	513	5	cosa,	cosa	_	_	_	_	_	linguistic	_	none	Intonation=WeaklyRising	End=971.277	_	_	_	_
514-0	BOI071	514	514	0	uhm	uhm	_	_	_	_	_	linguistic	_	none	_	Begin=971.727	_	_	_	_
514-1	BOI071	514	514	1	c'	c'	_	_	_	_	_	linguistic	_	none	SpaceAfter=No	_	_	_	_	_
514-2	BOI071	514	514	2	è	è	_	_	_	_	_	linguistic	_	none	_	_	_	_	_	_
514-3	BOI071	514	514	3	da	da	_	_	_	_	_	linguistic	_	none	_	_	_	_	_	_
514-4	BOI071	514	514	4	abituarsi	abituarsi	_	_	_	_	_	linguistic	_	none	_	End=972.794	_	_	_	_
515-0	BOR021	515	515	0	((ride))	((ride))	_	_	_	_	_	nonverbalbehavior	_	none	_	Begin=973.073|End=973.316	_	_	_	_
516-0	BOI071	516	516	0	c'	c'	_	_	_	_	_	linguistic	_	none	SpaceAfter=No	Begin=973.308	_	_	_	_
516-1	BOI071	516	516	1	è	è	_	_	_	_	_	linguistic	_	none	_	_	_	_	_	_
516-2	BOI071	516	516	2	da	da	_	_	_	_	_	linguistic	_	none	_	_	_	_	_	_
516-3	BOI071	516	516	3	abituarsi	abituarsi	_	_	_	_	_	linguistic	_	none	_	_	_	_	_	_
516-4	BOI071	516	516	4	a	a	_	_	_	_	_	linguistic	_	none	_	_	_	_	_	_
516-5	BOI071	516	516	5	questa	questa	_	_	_	_	_	linguistic	_	none	_	_	_	_	_	_
516-6	BOI071	516	516	6	generazione	generazione	_	_	_	_	_	linguistic	_	none	_	_	_	_	_	_
516-7	BOI071	516	516	7	diciamo	diciamo	_	_	_	_	_	linguistic	_	none	_	End=975.242	_	_	_	_
517-0	BOR021	517	517	0	[x]	x	_	_	_	_	_	unknown	_	none	Syllables=1	Begin=975.698|End=975.786	_	_	_	0-1(104)
518-0	BOI071	518	518	0	[a]nch'	anch'	_	_	_	_	_	linguistic	_	none	SpaceAfter=No	Begin=975.713	_	_	_	0-1(104)
518-1	BOI071	518	518	1	io	io	_	_	_	_	_	linguistic	_	none	_	_	_	_	_	_
518-2	BOI071	518	518	2	ANCH'	anch'	_	_	_	_	_	linguistic	_	none	SpaceAfter=No|Volume=high	_	_	_	_	_
518-3	BOI071	518	518	3	IO	io	_	_	_	_	_	linguistic	_	none	Volume=high	_	_	_	_	_
518-4	BOI071	518	518	4	NE	ne	_	_	_	_	_	linguistic	_	none	Volume=high	_	_	_	_	_
518-5	BOI071	518	518	5	FACCIO	faccio	_	_	_	_	_	linguistic	_	none	Volume=high	_	_	_	_	5-6(105)
518-6	BOI071	518	518	6	[PARTE]	parte	_	_	_	_	_	linguistic	_	none	Volume=high	End=977.198	_	_	_	0-4(105)
519-0	BOR021	519	519	0	[EH	eh	_	_	_	_	_	linguistic	_	none	Volume=high	Begin=976.911	_	_	_	0-2(105)
519-1	BOR021	519	519	1	INFA]TTI	infatti	_	_	_	_	_	linguistic	_	none	Volume=high	_	_	_	_	0-4(105)
519-2	BOR021	519	519	2	((ride))	((ride))	_	_	_	_	_	nonverbalbehavior	_	none	_	End=977.548	_	_	_	_
520-0	BOI071	520	520	0	anch'	anch'	_	_	_	_	_	linguistic	_	none	SpaceAfter=No	Begin=977.551	_	_	_	_
520-1	BOI071	520	520	1	io	io	_	_	_	_	_	linguistic	_	none	_	_	_	_	_	_
520-2	BOI071	520	520	2	ne	ne	_	_	_	_	_	linguistic	_	none	_	_	_	_	_	_
520-3	BOI071	520	520	3	faccio	faccio	_	_	_	_	_	linguistic	_	none	_	_	_	_	_	_
520-4	BOI071	520	520	4	parte	parte	_	_	_	_	_	linguistic	_	none	_	_	_	_	_	_
520-5	BOI071	520	520	5	però:::	però	_	_	_	_	_	linguistic	_	none	_	End=979.691	3x3	_	_	_
521-0	BOI071	521	521	0	s(ec)ondo	secondo	_	_	_	_	_	linguistic	_	none	_	Begin=980.558	_	_	1-3(0)	_
521-1	BOI071	521	521	1	me	me	_	_	_	_	_	linguistic	_	none	_	_	_	_	_	_
521-2	BOI071	521	521	2	poi	poi	_	_	_	_	_	linguistic	_	none	_	_	_	_	_	_
521-3	BOI071	521	521	3	la	la	_	_	_	_	_	linguistic	_	none	_	_	_	_	_	_
521-4	BOI071	521	521	4	generazione	generazione	_	_	_	_	_	linguistic	_	none	_	_	_	_	_	_
521-5	BOI071	521	521	5	ha	ha	_	_	_	_	_	linguistic	_	none	_	_	_	_	_	_
521-6	BOI071	521	521	6	un	un	_	_	_	_	_	linguistic	_	none	_	_	_	_	_	_
521-7	BOI071	521	521	7	po':::	po'	_	_	_	_	_	linguistic	_	none	_	End=983.139	1x3	_	_	_
522-0	BOR021	522	522	0	un	un	_	_	_	_	_	linguistic	_	none	_	Begin=984.22	_	_	_	_
522-1	BOR021	522	522	1	po'	po'	_	_	_	_	_	linguistic	_	none	_	_	_	_	_	_
522-2	BOR021	522	522	2	troppo,	troppo	_	_	_	_	_	linguistic	_	none	Intonation=WeaklyRising	End=984.801	_	_	_	_
523-0	BOI071	523	523	0	esatto	esatto	_	_	_	_	_	linguistic	_	none	_	Begin=985.007	_	_	_	_
523-1	BOI071	523	523	1	un	un	_	_	_	_	_	linguistic	_	none	_	_	_	_	_	_
523-2	BOI071	523	523	2	po'	po'	_	_	_	_	_	linguistic	_	none	_	_	_	_	_	_
523-3	BOI071	523	523	3	too	too	_	_	_	_	_	linguistic	_	none	_	_	_	_	_	_
523-4	BOI071	523	523	4	much	much	_	_	_	_	_	linguistic	_	none	_	End=986.371	_	_	_	_
524-0	BOR021	524	524	0	dici,	dici	_	_	_	_	_	linguistic	_	none	Intonation=WeaklyRising	Begin=986.713|End=987.161	_	_	_	_
525-0	BOI071	525	525	0	xx	xx	_	_	_	_	_	unknown	_	none	Syllables=2	Begin=987.264	_	_	_	_
525-1	BOI071	525	525	1	s:~	s~	_	_	_	_	_	linguistic	_	none	Interrupted=Yes	End=987.907	0x1	_	_	_
526-0	BOR021	526	526	0	bene	bene	_	_	_	_	_	linguistic	_	none	_	Begin=989.647	_	_	_	_
526-1	BOR021	526	526	1	ragazzi	ragazzi	_	_	_	_	_	linguistic	_	none	_	End=990.375	_	_	_	_
527-0	BOR021	527	527	0	mah	mah	_	_	_	_	_	linguistic	_	none	PauseAfter=Yes	Begin=991.669	_	_	_	_
527-1	BOR021	527	527	1	(.)	(.)	_	_	_	_	_	shortpause	_	none	_	_	_	_	_	_
527-2	BOR021	527	527	2	parlamo	parlamo	_	_	_	_	_	linguistic	_	none	_	_	_	_	_	_
527-3	BOR021	527	527	3	parliamo	parliamo	_	_	_	_	_	linguistic	_	none	_	_	_	_	_	_
527-4	BOR021	527	527	4	un	un	_	_	_	_	_	linguistic	_	none	_	_	_	_	_	_
527-5	BOR021	527	527	5	po'	po'	_	_	_	_	_	linguistic	_	none	_	_	_	_	_	_
527-6	BOR021	527	527	6	del	del	_	_	_	_	_	linguistic	_	none	_	_	_	_	_	_
527-7	BOR021	527	527	7	vostro::	vostro	_	_	_	_	_	linguistic	_	none	_	End=993.882	5x2	_	_	_
528-0	BOI070	528	528	0	mh	mh	_	_	_	_	_	linguistic	_	none	_	Begin=994.203|End=994.335	_	_	_	_
529-0	BOR021	529	529	0	lavoro	lavoro	_	_	_	_	_	linguistic	_	none	_	Begin=994.336|End=994.761	_	_	_	_
530-0	BOR021	530	530	0	ti	ti	_	_	_	_	_	linguistic	_	none	_	Begin=996.132	_	_	_	_
530-1	BOR021	530	530	1	piace?	piace	_	_	_	_	_	linguistic	_	none	Intonation=Rising|PauseAfter=Yes	_	_	_	_	_
530-2	BOR021	530	530	2	(.)	(.)	_	_	_	_	_	shortpause	_	none	_	_	_	_	_	_
530-3	BOR021	530	530	3	quello	quello	_	_	_	_	_	linguistic	_	none	_	_	_	_	_	_
530-4	BOR021	530	530	4	che	che	_	_	_	_	_	linguistic	_	none	_	_	_	_	_	_
530-5	BOR021	530	530	5	fai?	fai	_	_	_	_	_	linguistic	_	none	Intonation=Rising	End=997.23	_	_	_	_
531-0	BOI070	531	531	0	sì	sì	_	_	_	_	_	linguistic	_	none	PauseAfter=Yes	Begin=998.876	_	_	_	_
531-1	BOI070	531	531	1	(.)	(.)	_	_	_	_	_	shortpause	_	none	_	_	_	_	_	_
531-2	BOI070	531	531	2	m:::h	mh	_	_	_	_	_	linguistic	_	none	_	End=1000.038	0x3	_	_	_
532-0	BOI070	532	532	0	nel	nel	_	_	_	_	_	linguistic	_	none	_	Begin=1000.194	_	_	_	_
532-1	BOI070	532	532	1	senso	senso	_	_	_	_	_	linguistic	_	none	_	_	_	_	_	_
532-2	BOI070	532	532	2	per	per	_	_	_	_	_	linguistic	_	none	_	_	_	_	_	_
532-3	BOI070	532	532	3	adesso	adesso	_	_	_	_	_	linguistic	_	none	_	_	_	_	_	_
532-4	BOI070	532	532	4	sì	sì	_	_	_	_	_	linguistic	_	none	_	_	_	_	_	_
532-5	BOI070	532	532	5	c(io)è:	cioè	_	_	_	_	_	linguistic	_	none	Reduced=Yes	End=1001.619	3x1	_	_	_
533-0	BOI070	533	533	0	chiaramente	chiaramente	_	_	_	_	_	linguistic	_	none	_	Begin=1001.769	_	_	_	_
533-1	BOI070	533	533	1	che	che	_	_	_	_	_	linguistic	_	none	_	End=1002.371	_	_	_	_
534-0	BOI070	534	534	0	faccio::	faccio	_	_	_	_	_	linguistic	_	none	_	Begin=1003.194	5x2	_	_	_
534-1	BOI070	534	534	1	mh	mh	_	_	_	_	_	linguistic	_	none	_	_	_	_	_	_
534-2	BOI070	534	534	2	>vabbè<	vabbè	_	_	_	_	_	linguistic	_	none	_	_	_	Fast=0-5(0)	_	_
534-3	BOI070	534	534	3	già:	già	_	_	_	_	_	linguistic	_	none	_	End=1004.938	2x1	_	_	_
535-0	BOI070	535	535	0	xx[xxx]	xxxxx	_	_	_	_	_	unknown	_	none	Syllables=5	Begin=1005.398|End=1006.026	_	_	_	2-5(106)
536-0	BOR021	536	536	0	[dimmi	dimmi	_	_	_	_	_	linguistic	_	none	_	Begin=1005.522	_	_	_	0-5(106)
536-1	BOR021	536	536	1	cosa	cosa	_	_	_	_	_	linguistic	_	none	_	_	_	_	_	0-4(106)
536-2	BOR021	536	536	2	fai],	fai	_	_	_	_	_	linguistic	_	none	Intonation=WeaklyRising	End=1006.026	_	_	_	0-3(106)
537-0	BOI070	537	537	0	sì	sì	_	_	_	_	_	linguistic	_	none	_	Begin=1006.477	_	_	_	_
537-1	BOI070	537	537	1	per	per	_	_	_	_	_	linguistic	_	none	_	_	_	_	_	_
537-2	BOI070	537	537	2	adesso	adesso	_	_	_	_	_	linguistic	_	none	_	_	_	_	_	_
537-3	BOI070	537	537	3	sto	sto	_	_	_	_	_	linguistic	_	none	_	_	_	_	_	_
537-4	BOI070	537	537	4	facendo	facendo	_	_	_	_	_	linguistic	_	none	_	_	_	_	_	_
537-5	BOI070	537	537	5	il	il	_	_	_	_	_	linguistic	_	none	_	_	_	_	_	_
537-6	BOI070	537	537	6	commesso	commesso	_	_	_	_	_	linguistic	_	none	_	End=1007.876	_	_	_	_
538-0	BOR021	538	538	0	mh	mh	_	_	_	_	_	linguistic	_	none	_	Begin=1008.097|End=1008.274	_	_	_	_
539-0	BOI070	539	539	0	(quindi)	quindi	_	_	_	_	_	linguistic	_	none	_	Begin=1009.101	_	_	0-6(0)	_
539-1	BOI070	539	539	1	sto	sto	_	_	_	_	_	linguistic	_	none	_	_	_	_	_	_
539-2	BOI070	539	539	2	lavorando:	lavorando	_	_	_	_	_	linguistic	_	none	_	_	8x1	_	_	_
539-3	BOI070	539	539	3	al	al	_	_	_	_	_	linguistic	_	none	_	_	_	_	_	_
539-4	BOI070	539	539	4	primark	primark	_	_	_	_	_	linguistic	_	none	_	_	_	_	_	_
539-5	BOI070	539	539	5	appunto	appunto	_	_	_	_	_	linguistic	_	none	_	End=1011.053	_	_	_	_
540-0	BOI070	540	540	0	come	come	_	_	_	_	_	linguistic	_	none	_	Begin=1011.61	_	_	_	_
540-1	BOI070	540	540	1	commesso	commesso	_	_	_	_	_	linguistic	_	none	_	_	_	_	_	_
540-2	BOI070	540	540	2	e::	e	_	_	_	_	_	linguistic	_	none	PauseAfter=Yes	_	0x2	_	_	_
540-3	BOI070	540	540	3	(.)	(.)	_	_	_	_	_	shortpause	_	none	_	_	_	_	_	_
540-4	BOI070	540	540	4	sto	sto	_	_	_	_	_	linguistic	_	none	_	_	_	_	_	_
540-5	BOI070	540	540	5	vedendo	vedendo	_	_	_	_	_	linguistic	_	none	_	_	_	_	_	_
540-6	BOI070	540	540	6	un	un	_	_	_	_	_	linguistic	_	none	_	_	_	_	_	_
540-7	BOI070	540	540	7	attimo	attimo	_	_	_	_	_	linguistic	_	none	_	End=1013.669	_	_	_	_
541-0	BOI070	541	541	0	chiaro	chiaro	_	_	_	_	_	linguistic	_	none	_	Begin=1013.906	_	_	_	_
541-1	BOI070	541	541	1	che	che	_	_	_	_	_	linguistic	_	none	_	End=1014.257	_	_	_	_
542-0	BOI070	542	542	0	mh:	mh	_	_	_	_	_	linguistic	_	none	_	Begin=1015.211	1x1	_	_	_
542-1	BOI070	542	542	1	sicura>mente	sicuramente	_	_	_	_	_	linguistic	_	none	_	_	_	Fast=6-11(0)	_	_
542-2	BOI070	542	542	2	non	non	_	_	_	_	_	linguistic	_	none	_	_	_	Fast=0-3(0)	_	_
542-3	BOI070	542	542	3	è<	è	_	_	_	_	_	linguistic	_	none	_	_	_	Fast=0-1(0)	_	_
542-4	BOI070	542	542	4	(il:)	il	_	_	_	_	_	linguistic	_	none	_	_	1x1	_	0-2(0)	_
542-5	BOI070	542	542	5	lavoro	lavoro	_	_	_	_	_	linguistic	_	none	_	_	_	_	_	_
542-6	BOI070	542	542	6	della	della	_	_	_	_	_	linguistic	_	none	_	_	_	_	_	_
542-7	BOI070	542	542	7	vita:	vita	_	_	_	_	_	linguistic	_	none	_	End=1017.711	3x1	_	_	_
543-0	BOI070	543	543	0	ma	ma	_	_	_	_	_	linguistic	_	none	_	Begin=1017.99	_	_	_	_
543-1	BOI070	543	543	1	comunque	comunque	_	_	_	_	_	linguistic	_	none	_	_	_	_	_	_
543-2	BOI070	543	543	2	è	è	_	_	_	_	_	linguistic	_	none	_	_	_	_	_	_
543-3	BOI070	543	543	3	già	già	_	_	_	_	_	linguistic	_	none	_	_	_	_	_	_
543-4	BOI070	543	543	4	un	un	_	_	_	_	_	linguistic	_	none	_	_	_	_	_	_
543-5	BOI070	543	543	5	buon	buon	_	_	_	_	_	linguistic	_	none	PauseAfter=Yes	_	_	_	_	_
543-6	BOI070	543	543	6	(.)	(.)	_	_	_	_	_	shortpause	_	none	_	_	_	_	_	_
543-7	BOI070	543	543	7	punto	punto	_	_	_	_	_	linguistic	_	none	_	End=1019.711	_	_	_	_
544-0	BOR021	544	544	0	c[erto]	certo	_	_	_	_	_	linguistic	_	none	_	Begin=1020.048|End=1020.403	_	_	_	1-5(107)
545-0	BOI070	545	545	0	[°(per)	per	_	_	_	_	_	linguistic	_	none	Volume=low	Begin=1020.086	_	_	0-3(0)	0-3(107)
545-1	BOI070	545	545	1	iniz]iare°	iniziare	_	_	_	_	_	linguistic	_	none	Volume=low	End=1020.624	_	_	_	0-4(107)
546-0	BOR021	546	546	0	tu?	tu	_	_	_	_	_	linguistic	_	none	Intonation=Rising	Begin=1021.591|End=1021.745	_	_	_	_
547-0	BOI071	547	547	0	eh	eh	_	_	_	_	_	linguistic	_	none	_	Begin=1022.68	_	_	_	_
547-1	BOI071	547	547	1	io::	io	_	_	_	_	_	linguistic	_	none	_	_	1x2	_	_	_
547-2	BOI071	547	547	2	faccio	faccio	_	_	_	_	_	linguistic	_	none	_	_	_	_	_	_
547-3	BOI071	547	547	3	il	il	_	_	_	_	_	linguistic	_	none	_	_	_	_	_	_
547-4	BOI071	547	547	4	cameriere	cameriere	_	_	_	_	_	linguistic	_	none	_	End=1024.339	_	_	_	_
548-0	BOI071	548	548	0	s(ec)ondo	secondo	_	_	_	_	_	linguistic	_	none	_	Begin=1025.404	_	_	1-3(0)	_
548-1	BOI071	548	548	1	me::	me	_	_	_	_	_	linguistic	_	none	_	_	1x2	_	_	_
548-2	BOI071	548	548	2	il	il	_	_	_	_	_	linguistic	_	none	_	_	_	_	_	_
548-3	BOI071	548	548	3	cameriere	cameriere	_	_	_	_	_	linguistic	_	none	_	_	_	_	_	_
548-4	BOI071	548	548	4	è:	è	_	_	_	_	_	linguistic	_	none	_	End=1027.361	0x1	_	_	_
549-0	BOI071	549	549	0	perfetto	perfetto	_	_	_	_	_	linguistic	_	none	_	Begin=1028.0	_	_	_	_
549-1	BOI071	549	549	1	>per<	per	_	_	_	_	_	linguistic	_	none	PauseAfter=Yes	_	_	Fast=0-3(0)	_	_
549-2	BOI071	549	549	2	(.)	(.)	_	_	_	_	_	shortpause	_	none	_	_	_	_	_	_
549-3	BOI071	549	549	3	chi	chi	_	_	_	_	_	linguistic	_	none	_	_	_	_	_	_
549-4	BOI071	549	549	4	vuole	vuole	_	_	_	_	_	linguistic	_	none	_	_	_	_	_	_
549-5	BOI071	549	549	5	cominciare	cominciare	_	_	_	_	_	linguistic	_	none	_	_	_	_	_	_
549-6	BOI071	549	549	6	a	a	_	_	_	_	_	linguistic	_	none	_	_	_	_	_	_
549-7	BOI071	549	549	7	lavorare	lavorare	_	_	_	_	_	linguistic	_	none	_	End=1030.194	_	_	_	_
550-0	BOI071	550	550	0	e	e	_	_	_	_	_	linguistic	_	none	_	Begin=1030.457	_	_	_	_
550-1	BOI071	550	550	1	di	di	_	_	_	_	_	linguistic	_	none	_	_	_	_	_	_
550-2	BOI071	550	550	2	sicuramente	sicuramente	_	_	_	_	_	linguistic	_	none	_	_	_	_	_	_
550-3	BOI071	550	550	3	a	a	_	_	_	_	_	linguistic	_	none	_	_	_	_	_	_
550-4	BOI071	550	550	4	bologna	bologna	_	_	_	_	_	linguistic	_	none	_	_	_	_	_	_
550-5	BOI071	550	550	5	di	di	_	_	_	_	_	linguistic	_	none	_	_	_	_	_	_
550-6	BOI071	550	550	6	camerieri:	camerieri	_	_	_	_	_	linguistic	_	none	_	_	8x1	_	_	_
550-7	BOI071	550	550	7	ne	ne	_	_	_	_	_	linguistic	_	none	_	_	_	_	_	_
550-8	BOI071	550	550	8	se[rv°ono°]	servono	_	_	_	_	_	linguistic	_	none	PauseAfter=Yes|Volume=low	_	_	_	_	2-7(108)
550-9	BOI071	550	550	9	(.)	(.)	_	_	_	_	_	shortpause	_	none	_	_	_	_	_	_
550-10	BOI071	550	550	10	((ride))	((ride))	_	_	_	_	_	nonverbalbehavior	_	none	_	_	_	_	_	_
550-11	BOI071	550	550	11	ne	ne	_	_	_	_	_	linguistic	_	none	_	_	_	_	_	_
550-12	BOI071	550	550	12	servono	servono	_	_	_	_	_	linguistic	_	none	_	End=1034.172	_	_	_	_
551-0	BOR021	551	551	0	((ride))	((ride))	_	_	_	_	_	nonverbalbehavior	_	none	_	Begin=1032.893	_	_	_	_
551-1	BOR021	551	551	1	[ne	ne	_	_	_	_	_	linguistic	_	none	_	_	_	_	_	0-2(108)
551-2	BOR021	551	551	2	servono]	servono	_	_	_	_	_	linguistic	_	none	_	End=1033.607	_	_	_	0-7(108)
552-0	BOI071	552	552	0	e:::	e	_	_	_	_	_	linguistic	_	none	_	Begin=1034.914|End=1035.776	0x3	_	_	_
553-0	BOI071	553	553	0	diciAmo	diciamo	_	_	_	_	_	linguistic	_	none	Volume=high	Begin=1036.904	_	_	_	_
553-1	BOI071	553	553	1	chE	che	_	_	_	_	_	linguistic	_	none	Volume=high	_	_	_	_	_
553-2	BOI071	553	553	2	e:::	e	_	_	_	_	_	linguistic	_	none	_	End=1038.457	0x3	_	_	_
554-0	BOI071	554	554	0	ci	ci	_	_	_	_	_	linguistic	_	none	_	Begin=1040.914	_	_	_	_
554-1	BOI071	554	554	1	sono	sono	_	_	_	_	_	linguistic	_	none	_	_	_	_	_	_
554-2	BOI071	554	554	2	POSTI	posti	_	_	_	_	_	linguistic	_	none	Volume=high	_	_	_	_	_
554-3	BOI071	554	554	3	E	e	_	_	_	_	_	linguistic	_	none	Volume=high	_	_	_	_	_
554-4	BOI071	554	554	4	POSTI	posti	_	_	_	_	_	linguistic	_	none	Volume=high	_	_	_	_	_
554-5	BOI071	554	554	5	DOVE	dove	_	_	_	_	_	linguistic	_	none	Volume=high	_	_	_	_	_
554-6	BOI071	554	554	6	LAVORARE	lavorare	_	_	_	_	_	linguistic	_	none	Volume=high	_	_	_	_	_
554-7	BOI071	554	554	7	CAPITO,	capito	_	_	_	_	_	linguistic	_	none	Intonation=WeaklyRising|Volume=high	End=1043.329	_	_	_	_
555-0	BOR021	555	555	0	certo	certo	_	_	_	_	_	linguistic	_	none	_	Begin=1043.351|End=1043.808	_	_	_	_
556-0	BOI071	556	556	0	per	per	_	_	_	_	_	linguistic	_	none	_	Begin=1045.191	_	_	_	_
556-1	BOI071	556	556	1	dirti	dirti	_	_	_	_	_	linguistic	_	none	_	_	_	_	_	_
556-2	BOI071	556	556	2	tipo	tipo	_	_	_	_	_	linguistic	_	none	_	_	_	_	_	_
556-3	BOI071	556	556	3	in	in	_	_	_	_	_	linguistic	_	none	_	_	_	_	_	_
556-4	BOI071	556	556	4	centro:::	centro	_	_	_	_	_	linguistic	_	none	_	End=1047.414	5x3	_	_	_
557-0	BOI071	557	557	0	per	per	_	_	_	_	_	linguistic	_	none	_	Begin=1047.829	_	_	_	_
557-1	BOI071	557	557	1	il	il	_	_	_	_	_	linguistic	_	none	_	_	_	_	_	_
557-2	BOI071	557	557	2	lavoro	lavoro	_	_	_	_	_	linguistic	_	none	_	_	_	_	_	_
557-3	BOI071	557	557	3	come	come	_	_	_	_	_	linguistic	_	none	_	_	_	_	_	_
557-4	BOI071	557	557	4	cameriere	cameriere	_	_	_	_	_	linguistic	_	none	_	_	_	_	_	_
557-5	BOI071	557	557	5	ti	ti	_	_	_	_	_	linguistic	_	none	_	_	_	_	_	_
557-6	BOI071	557	557	6	pagano	pagano	_	_	_	_	_	linguistic	_	none	_	_	_	_	_	_
557-7	BOI071	557	557	7	di	di	_	_	_	_	_	linguistic	_	none	_	_	_	_	_	_
557-8	BOI071	557	557	8	meno	meno	_	_	_	_	_	linguistic	_	none	PauseAfter=Yes	_	_	_	_	_
557-9	BOI071	557	557	9	(.)	(.)	_	_	_	_	_	shortpause	_	none	_	_	_	_	_	_
557-10	BOI071	557	557	10	che	che	_	_	_	_	_	linguistic	_	none	PauseAfter=Yes	_	_	_	_	_
557-11	BOI071	557	557	11	(.)	(.)	_	_	_	_	_	shortpause	_	none	_	_	_	_	_	_
557-12	BOI071	557	557	12	fuori	fuori	_	_	_	_	_	linguistic	_	none	_	End=1050.734	_	_	_	_
558-0	BOR021	558	558	0	(dav)vero?	davvero	_	_	_	_	_	linguistic	_	none	Intonation=Rising	Begin=1050.914|End=1051.351	_	_	0-3(0)	_
559-0	BOI071	559	559	0	sì	sì	_	_	_	_	_	linguistic	_	none	_	Begin=1051.521	_	_	_	_
559-1	BOI071	559	559	1	te	te	_	_	_	_	_	linguistic	_	none	_	_	_	_	_	_
559-2	BOI071	559	559	2	lo	lo	_	_	_	_	_	linguistic	_	none	_	_	_	_	_	_
559-3	BOI071	559	559	3	giuro	giuro	_	_	_	_	_	linguistic	_	none	_	_	_	_	_	_
559-4	BOI071	559	559	4	l'	l'	_	_	_	_	_	linguistic	_	none	SpaceAfter=No	_	_	_	_	_
559-5	BOI071	559	559	5	ho	ho	_	_	_	_	_	linguistic	_	none	_	_	_	_	_	_
559-6	BOI071	559	559	6	scoperto	scoperto	_	_	_	_	_	linguistic	_	none	_	_	_	_	_	_
559-7	BOI071	559	559	7	anche	anche	_	_	_	_	_	linguistic	_	none	_	_	_	_	_	_
559-8	BOI071	559	559	8	io	io	_	_	_	_	_	linguistic	_	none	_	End=1053.262	_	_	_	_
560-0	BOR021	560	560	0	assurda	assurda	_	_	_	_	_	linguistic	_	none	_	Begin=1053.329	_	_	_	_
560-1	BOR021	560	560	1	questa	questa	_	_	_	_	_	linguistic	_	none	_	_	_	_	_	_
560-2	BOR021	560	560	2	cos[a:]	cosa	_	_	_	_	_	linguistic	_	none	_	End=1054.46	3x1	_	_	3-4(109)
561-0	BOI071	561	561	0	[e::]h	eh	_	_	_	_	_	linguistic	_	none	PauseAfter=Yes	Begin=1054.345	0x2	_	_	0-1(109)
561-1	BOI071	561	561	1	(.)	(.)	_	_	_	_	_	shortpause	_	none	_	_	_	_	_	_
561-2	BOI071	561	561	2	infatti	infatti	_	_	_	_	_	linguistic	_	none	_	_	_	_	_	_
561-3	BOI071	561	561	3	>anche	anche	_	_	_	_	_	linguistic	_	none	_	_	_	Fast=0-5(0)	_	_
561-4	BOI071	561	561	4	io	io	_	_	_	_	_	linguistic	_	none	_	_	_	Fast=0-2(0)	_	_
561-5	BOI071	561	561	5	dicevo	dicevo	_	_	_	_	_	linguistic	_	none	_	_	_	Fast=0-6(0)	_	_
561-6	BOI071	561	561	6	(vai)<	vai	_	_	_	_	_	linguistic	_	none	_	_	_	Fast=0-3(0)	0-3(0)	_
561-7	BOI071	561	561	7	in	in	_	_	_	_	_	linguistic	_	none	_	_	_	_	_	_
561-8	BOI071	561	561	8	centro:	centro	_	_	_	_	_	linguistic	_	none	_	_	5x1	_	_	_
561-9	BOI071	561	561	9	s	s	_	_	_	_	_	linguistic	_	none	_	_	_	_	_	_
561-10	BOI071	561	561	10	e:h	eh	_	_	_	_	_	linguistic	_	none	_	End=1056.893	0x1	_	_	_
562-0	BOI071	562	562	0	sono	sono	_	_	_	_	_	linguistic	_	none	_	Begin=1056.982	_	_	_	_
562-1	BOI071	562	562	1	più	più	_	_	_	_	_	linguistic	_	none	_	_	_	_	_	_
562-2	BOI071	562	562	2	ri:cchi	ricchi	_	_	_	_	_	linguistic	_	none	_	_	1x1	_	_	_
562-3	BOI071	562	562	3	tutti	tutti	_	_	_	_	_	linguistic	_	none	_	_	_	_	_	_
562-4	BOI071	562	562	4	ci	ci	_	_	_	_	_	linguistic	_	none	_	_	_	_	_	_
562-5	BOI071	562	562	5	vanno	vanno	_	_	_	_	_	linguistic	_	none	_	_	_	_	_	_
562-6	BOI071	562	562	6	i	i	_	_	_	_	_	linguistic	_	none	_	_	_	_	_	_
562-7	BOI071	562	562	7	ricconi	ricconi	_	_	_	_	_	linguistic	_	none	_	_	_	_	_	_
562-8	BOI071	562	562	8	invece	invece	_	_	_	_	_	linguistic	_	none	_	_	_	_	_	_
562-9	BOI071	562	562	9	sei	sei	_	_	_	_	_	linguistic	_	none	PauseAfter=Yes	_	_	_	_	_
562-10	BOI071	562	562	10	(.)	(.)	_	_	_	_	_	shortpause	_	none	_	_	_	_	_	_
562-11	BOI071	562	562	11	più	più	_	_	_	_	_	linguistic	_	none	_	_	_	_	_	_
562-12	BOI071	562	562	12	sfruttato	sfruttato	_	_	_	_	_	linguistic	_	none	_	End=1060.247	_	_	_	_
563-0	BOR021	563	563	0	perché	perché	_	_	_	_	_	linguistic	_	none	PauseAfter=Yes	Begin=1061.088	_	_	_	_
563-1	BOR021	563	563	1	(.)	(.)	_	_	_	_	_	shortpause	_	none	_	_	_	_	_	_
563-2	BOR021	563	563	2	c'	c'	_	_	_	_	_	linguistic	_	none	SpaceAfter=No	_	_	_	_	_
563-3	BOR021	563	563	3	è	è	_	_	_	_	_	linguistic	_	none	_	_	_	_	_	_
563-4	BOR021	563	563	4	più	più	_	_	_	_	_	linguistic	_	none	_	_	_	_	_	_
563-5	BOR021	563	563	5	ge:nt[e::],	gente	_	_	_	_	_	linguistic	_	none	Intonation=WeaklyRising	End=1062.575	1x1,4x2	_	_	3-5(110)
564-0	BOI071	564	564	0	[e	e	_	_	_	_	_	linguistic	_	none	_	Begin=1062.176	_	_	_	0-1(110)
564-1	BOI071	564	564	1	c'	c'	_	_	_	_	_	linguistic	_	none	SpaceAfter=No	_	_	_	_	0-2(110)
564-2	BOI071	564	564	2	è	è	_	_	_	_	_	linguistic	_	none	_	_	_	_	_	0-1(110)
564-3	BOI071	564	564	3	più]	più	_	_	_	_	_	linguistic	_	none	_	_	_	_	_	0-3(110)
564-4	BOI071	564	564	4	gente	gente	_	_	_	_	_	linguistic	_	none	_	_	_	_	_	_
564-5	BOI071	564	564	5	>esatto<	esatto	_	_	_	_	_	linguistic	_	none	_	_	_	Fast=0-6(0)	_	_
564-6	BOI071	564	564	6	sei	sei	_	_	_	_	_	linguistic	_	none	_	_	_	_	_	_
564-7	BOI071	564	564	7	più	più	_	_	_	_	_	linguistic	_	none	_	_	_	_	_	_
564-8	BOI071	564	564	8	sfruttato	sfruttato	_	_	_	_	_	linguistic	_	none	_	_	_	_	_	_
564-9	BOI071	564	564	9	e	e	_	_	_	_	_	linguistic	_	none	_	_	_	_	_	_
564-10	BOI071	564	564	10	ti	ti	_	_	_	_	_	linguistic	_	none	_	_	_	_	_	_
564-11	BOI071	564	564	11	pagano	pagano	_	_	_	_	_	linguistic	_	none	_	_	_	_	_	_
564-12	BOI071	564	564	12	anche	anche	_	_	_	_	_	linguistic	_	none	_	_	_	_	_	_
564-13	BOI071	564	564	13	di	di	_	_	_	_	_	linguistic	_	none	_	_	_	_	_	_
564-14	BOI071	564	564	14	meno	meno	_	_	_	_	_	linguistic	_	none	_	End=1065.265	_	_	_	_
565-0	BOR021	565	565	0	>ma	ma	_	_	_	_	_	linguistic	_	none	_	Begin=1065.628	_	Fast=0-2(0)	_	_
565-1	BOR021	565	565	1	perché	perché	_	_	_	_	_	linguistic	_	none	_	_	_	Fast=0-6(0)	_	_
565-2	BOR021	565	565	2	secondo	secondo	_	_	_	_	_	linguistic	_	none	_	_	_	Fast=0-7(0)	_	_
565-3	BOR021	565	565	3	te<?	te	_	_	_	_	_	linguistic	_	none	Intonation=Rising	End=1066.336	_	Fast=0-2(0)	_	_
566-0	BOI071	566	566	0	m:h	mh	_	_	_	_	_	linguistic	_	none	_	Begin=1067.062	0x1	_	_	_
566-1	BOI071	566	566	1	non	non	_	_	_	_	_	linguistic	_	none	_	_	_	_	_	_
566-2	BOI071	566	566	2	lo	lo	_	_	_	_	_	linguistic	_	none	_	_	_	_	_	_
566-3	BOI071	566	566	3	so	so	_	_	_	_	_	linguistic	_	none	_	End=1067.796	_	_	_	_
567-0	BOI071	567	567	0	non	non	_	_	_	_	_	linguistic	_	none	_	Begin=1068.221	_	_	_	_
567-1	BOI071	567	567	1	non	non	_	_	_	_	_	linguistic	_	none	_	_	_	_	_	_
567-2	BOI071	567	567	2	saprei	saprei	_	_	_	_	_	linguistic	_	none	_	_	_	_	_	_
567-3	BOI071	567	567	3	dirtelo	dirtelo	_	_	_	_	_	linguistic	_	none	_	End=1069.275	_	_	_	_
568-0	BOI071	568	568	0	m::h	mh	_	_	_	_	_	linguistic	_	none	_	Begin=1070.061	0x2	_	_	_
568-1	BOI071	568	568	1	non	non	_	_	_	_	_	linguistic	_	none	_	_	_	_	_	_
568-2	BOI071	568	568	2	ho	ho	_	_	_	_	_	linguistic	_	none	_	_	_	_	_	_
568-3	BOI071	568	568	3	non	non	_	_	_	_	_	linguistic	_	none	_	_	_	_	_	_
568-4	BOI071	568	568	4	ho	ho	_	_	_	_	_	linguistic	_	none	_	_	_	_	_	_
568-5	BOI071	568	568	5	ancora	ancora	_	_	_	_	_	linguistic	_	none	_	_	_	_	_	_
568-6	BOI071	568	568	6	tutta	tutta	_	_	_	_	_	linguistic	_	none	_	_	_	_	_	_
568-7	BOI071	568	568	7	questa	questa	_	_	_	_	_	linguistic	_	none	_	_	_	_	_	_
568-8	BOI071	568	568	8	esperienza	esperienza	_	_	_	_	_	linguistic	_	none	_	_	_	_	_	_
568-9	BOI071	568	568	9	lavorativa	lavorativa	_	_	_	_	_	linguistic	_	none	_	_	_	_	_	_
568-10	BOI071	568	568	10	perÒ::	però	_	_	_	_	_	linguistic	_	none	Volume=high	_	3x2	_	_	_
568-11	BOI071	568	568	11	non:	non	_	_	_	_	_	linguistic	_	none	_	End=1074.141	2x1	_	_	_
569-0	BOI070	569	569	0	((si_schiarisce_la_voce))	((si_schiarisce_la_voce))	_	_	_	_	_	nonverbalbehavior	_	none	_	Begin=1074.522|End=1074.734	_	_	_	_
570-0	BOI071	570	570	0	io	io	_	_	_	_	_	linguistic	_	none	_	Begin=1074.637	_	_	_	_
570-1	BOI071	570	570	1	ho	ho	_	_	_	_	_	linguistic	_	none	_	_	_	_	_	_
570-2	BOI071	570	570	2	notato	notato	_	_	_	_	_	linguistic	_	none	_	_	_	_	_	_
570-3	BOI071	570	570	3	(que)sta	questa	_	_	_	_	_	linguistic	_	none	_	_	_	_	0-3(0)	_
570-4	BOI071	570	570	4	cosa	cosa	_	_	_	_	_	linguistic	_	none	_	End=1075.635	_	_	_	_
571-0	BOI071	571	571	0	poi:::	poi	_	_	_	_	_	linguistic	_	none	_	Begin=1076.69|End=1077.884	2x3	_	_	_
572-0	BOI071	572	572	0	vabbè	vabbè	_	_	_	_	_	linguistic	_	none	PauseAfter=Yes	Begin=1078.318	_	_	_	_
572-1	BOI071	572	572	1	(.)	(.)	_	_	_	_	_	shortpause	_	none	_	_	_	_	_	_
572-2	BOI071	572	572	2	il	il	_	_	_	_	_	linguistic	_	none	_	_	_	_	_	_
572-3	BOI071	572	572	3	cameriere	cameriere	_	_	_	_	_	linguistic	_	none	_	_	_	_	_	_
572-4	BOI071	572	572	4	per	per	_	_	_	_	_	linguistic	_	none	_	_	_	_	_	_
572-5	BOI071	572	572	5	iniziare	iniziare	_	_	_	_	_	linguistic	_	none	_	End=1079.902	_	_	_	_
573-0	BOR021	573	573	0	ma	ma	_	_	_	_	_	linguistic	_	none	_	Begin=1080.309	_	_	_	_
573-1	BOR021	573	573	1	ti	ti	_	_	_	_	_	linguistic	_	none	_	_	_	_	_	_
573-2	BOR021	573	573	2	piace	piace	_	_	_	_	_	linguistic	_	none	_	_	_	_	_	_
573-3	BOR021	573	573	3	il	il	_	_	_	_	_	linguistic	_	none	_	_	_	_	_	_
573-4	BOR021	573	573	4	contatto	contatto	_	_	_	_	_	linguistic	_	none	_	_	_	_	_	_
573-5	BOR021	573	573	5	col	col	_	_	_	_	_	linguistic	_	none	_	_	_	_	_	_
573-6	BOR021	573	573	6	pubblico	pubblico	_	_	_	_	_	linguistic	_	none	_	_	_	_	_	_
573-7	BOR021	573	573	7	no,	no	_	_	_	_	_	linguistic	_	none	Intonation=WeaklyRising	_	_	_	_	_
573-8	BOR021	573	573	8	il	il	_	_	_	_	_	linguistic	_	none	_	_	_	_	_	_
573-9	BOR021	573	573	9	fatto	fatto	_	_	_	_	_	linguistic	_	none	_	_	_	_	_	_
573-10	BOR021	573	573	10	che	che	_	_	_	_	_	linguistic	_	none	_	_	_	_	_	_
573-11	BOR021	573	573	11	magari:	magari	_	_	_	_	_	linguistic	_	none	_	_	5x1	_	_	_
573-12	BOR021	573	573	12	conosci::	conosci	_	_	_	_	_	linguistic	_	none	_	_	6x2	_	_	_
573-13	BOR021	573	573	13	tante	tante	_	_	_	_	_	linguistic	_	none	_	_	_	_	_	_
573-14	BOR021	573	573	14	persone	persone	_	_	_	_	_	linguistic	_	none	_	_	_	_	_	_
573-15	BOR021	573	573	15	che	che	_	_	_	_	_	linguistic	_	none	_	_	_	_	_	_
573-16	BOR021	573	573	16	puoi	puoi	_	_	_	_	_	linguistic	_	none	_	_	_	_	_	_
573-17	BOR021	573	573	17	anche	anche	_	_	_	_	_	linguistic	_	none	_	_	_	_	_	_
573-18	BOR021	573	573	18	osservare	osservare	_	_	_	_	_	linguistic	_	none	_	_	_	_	_	_
573-19	BOR021	573	573	19	la	la	_	_	_	_	_	linguistic	_	none	_	_	_	_	_	_
573-20	BOR021	573	573	20	gente	gente	_	_	_	_	_	linguistic	_	none	_	_	_	_	_	_
573-21	BOR021	573	573	21	no,	no	_	_	_	_	_	linguistic	_	none	Intonation=WeaklyRising	End=1086.15	_	_	_	_
574-0	BOI071	574	574	0	m:[a	ma	_	_	_	_	_	linguistic	_	none	PauseAfter=Yes	Begin=1086.495	0x1	_	_	1-2(111)
574-1	BOI071	574	574	1	(.)	(.)	_	_	_	_	_	shortpause	_	none	_	_	_	_	_	_
574-2	BOI071	574	574	2	lascia	lascia	_	_	_	_	_	linguistic	_	none	_	_	_	_	_	0-6(111)
574-3	BOI071	574	574	3	stare]	stare	_	_	_	_	_	linguistic	_	none	_	End=1087.663	_	_	_	0-5(111)
575-0	BOR021	575	575	0	[xxxx]	xxxx	_	_	_	_	_	unknown	_	none	Syllables=4	Begin=1086.725|End=1087.681	_	_	_	0-4(111)
576-0	BOI071	576	576	0	ci	ci	_	_	_	_	_	linguistic	_	none	_	Begin=1087.867	_	_	_	_
576-1	BOI071	576	576	1	sono	sono	_	_	_	_	_	linguistic	_	none	_	_	_	_	_	_
576-2	BOI071	576	576	2	certe	certe	_	_	_	_	_	linguistic	_	none	_	_	_	_	_	_
576-3	BOI071	576	576	3	scene	scene	_	_	_	_	_	linguistic	_	none	_	_	_	_	_	_
576-4	BOI071	576	576	4	[che::	che	_	_	_	_	_	linguistic	_	none	_	_	2x2	_	_	0-3(112)
576-5	BOI071	576	576	5	ti	ti	_	_	_	_	_	linguistic	_	none	_	_	_	_	_	0-2(112)
576-6	BOI071	576	576	6	lascio:]	lascio	_	_	_	_	_	linguistic	_	none	_	End=1090.424	5x1	_	_	0-6(112)
577-0	BOR021	577	577	0	((ride))	((ride))	_	_	_	_	_	nonverbalbehavior	_	none	_	Begin=1089.185	_	_	_	_
577-1	BOR021	577	577	1	[perché	perché	_	_	_	_	_	linguistic	_	none	_	_	_	_	_	0-6(112)
577-2	BOR021	577	577	2	ti]po?	tipo	_	_	_	_	_	linguistic	_	none	Intonation=Rising	End=1090.654	_	_	_	0-2(112)
578-0	BOI071	578	578	0	ma	ma	_	_	_	_	_	linguistic	_	none	_	Begin=1091.46	_	_	_	_
578-1	BOI071	578	578	1	ora	ora	_	_	_	_	_	linguistic	_	none	_	_	_	_	_	_
578-2	BOI071	578	578	2	non	non	_	_	_	_	_	linguistic	_	none	_	_	_	_	_	_
578-3	BOI071	578	578	3	non	non	_	_	_	_	_	linguistic	_	none	_	_	_	_	_	_
578-4	BOI071	578	578	4	me	me	_	_	_	_	_	linguistic	_	none	_	_	_	_	_	_
578-5	BOI071	578	578	5	ne	ne	_	_	_	_	_	linguistic	_	none	_	_	_	_	_	_
578-6	BOI071	578	578	6	ne	ne	_	_	_	_	_	linguistic	_	none	_	_	_	_	_	_
578-7	BOI071	578	578	7	vengono	vengono	_	_	_	_	_	linguistic	_	none	_	_	_	_	_	_
578-8	BOI071	578	578	8	in	in	_	_	_	_	_	linguistic	_	none	_	_	_	_	_	_
578-9	BOI071	578	578	9	mente	mente	_	_	_	_	_	linguistic	_	none	_	_	_	_	_	_
578-10	BOI071	578	578	10	però:	però	_	_	_	_	_	linguistic	_	none	_	_	3x1	_	_	_
578-11	BOI071	578	578	11	sì	sì	_	_	_	_	_	linguistic	_	none	_	End=1093.84	_	_	_	_
579-0	BOI071	579	579	0	ci	ci	_	_	_	_	_	linguistic	_	none	_	Begin=1094.079	_	_	_	_
579-1	BOI071	579	579	1	sono:::	sono	_	_	_	_	_	linguistic	_	none	_	End=1095.371	3x3	_	_	_
580-0	BOI071	580	580	0	gente	gente	_	_	_	_	_	linguistic	_	none	_	Begin=1096.203	_	_	_	_
580-1	BOI071	580	580	1	che	che	_	_	_	_	_	linguistic	_	none	_	_	_	_	_	_
580-2	BOI071	580	580	2	tipo:::	tipo	_	_	_	_	_	linguistic	_	none	_	End=1098.292	3x3	_	_	_
581-0	BOI071	581	581	0	mh	mh	_	_	_	_	_	linguistic	_	none	_	Begin=1098.601	_	_	_	_
581-1	BOI071	581	581	1	viene	viene	_	_	_	_	_	linguistic	_	none	_	_	_	_	_	_
581-2	BOI071	581	581	2	che	che	_	_	_	_	_	linguistic	_	none	_	_	_	_	_	_
581-3	BOI071	581	581	3	è	è	_	_	_	_	_	linguistic	_	none	_	_	_	_	_	_
581-4	BOI071	581	581	4	scazzata	scazzata	_	_	_	_	_	linguistic	_	none	_	_	_	_	_	_
581-5	BOI071	581	581	5	di	di	_	_	_	_	_	linguistic	_	none	_	_	_	_	_	_
581-6	BOI071	581	581	6	suo	suo	_	_	_	_	_	linguistic	_	none	_	End=1100.566	_	_	_	_
582-0	BOR021	582	582	0	((ride))	((ride))	_	_	_	_	_	nonverbalbehavior	_	none	_	Begin=1100.575|End=1100.849	_	_	_	_
583-0	BOI071	583	583	0	così:	così	_	_	_	_	_	linguistic	_	none	PauseAfter=Yes	Begin=1100.964	3x1	_	_	_
583-1	BOI071	583	583	1	(.)	(.)	_	_	_	_	_	shortpause	_	none	_	_	_	_	_	_
583-2	BOI071	583	583	2	magari	magari	_	_	_	_	_	linguistic	_	none	_	_	_	_	_	_
583-3	BOI071	583	583	3	tu	tu	_	_	_	_	_	linguistic	_	none	_	_	_	_	_	_
583-4	BOI071	583	583	4	gli	gli	_	_	_	_	_	linguistic	_	none	_	_	_	_	_	_
583-5	BOI071	583	583	5	fai	fai	_	_	_	_	_	linguistic	_	none	_	_	_	_	_	_
583-6	BOI071	583	583	6	anche	anche	_	_	_	_	_	linguistic	_	none	_	_	_	_	_	_
583-7	BOI071	583	583	7	un	un	_	_	_	_	_	linguistic	_	none	_	_	_	_	_	_
583-8	BOI071	583	583	8	servizio	servizio	_	_	_	_	_	linguistic	_	none	_	_	_	_	_	_
583-9	BOI071	583	583	9	perfetto	perfetto	_	_	_	_	_	linguistic	_	none	_	_	_	_	_	_
583-10	BOI071	583	583	10	ma	ma	_	_	_	_	_	linguistic	_	none	_	_	_	_	_	_
583-11	BOI071	583	583	11	loro	loro	_	_	_	_	_	linguistic	_	none	_	_	_	_	_	_
583-12	BOI071	583	583	12	si	si	_	_	_	_	_	linguistic	_	none	_	_	_	_	_	_
583-13	BOI071	583	583	13	fermano::	fermano	_	_	_	_	_	linguistic	_	none	_	_	6x2	_	_	_
583-14	BOI071	583	583	14	su	su	_	_	_	_	_	linguistic	_	none	_	_	_	_	_	_
583-15	BOI071	583	583	15	una	una	_	_	_	_	_	linguistic	_	none	PauseAfter=Yes	_	_	_	_	_
583-16	BOI071	583	583	16	(.)	(.)	_	_	_	_	_	shortpause	_	none	_	_	_	_	_	_
583-17	BOI071	583	583	17	minuscola	minuscola	_	_	_	_	_	linguistic	_	none	_	_	_	_	_	_
583-18	BOI071	583	583	18	cosa	cosa	_	_	_	_	_	linguistic	_	none	_	End=1105.752	_	_	_	_
584-0	BOI071	584	584	0	cosa	cosa	_	_	_	_	_	linguistic	_	none	_	Begin=1106.053	_	_	_	_
584-1	BOI071	584	584	1	ci	ci	_	_	_	_	_	linguistic	_	none	_	_	_	_	_	_
584-2	BOI071	584	584	2	fa	fa	_	_	_	_	_	linguistic	_	none	_	_	_	_	_	_
584-3	BOI071	584	584	3	quella	quella	_	_	_	_	_	linguistic	_	none	_	_	_	_	_	_
584-4	BOI071	584	584	4	pezza	pezza	_	_	_	_	_	linguistic	_	none	_	_	_	_	_	_
584-5	BOI071	584	584	5	lì,	lì	_	_	_	_	_	linguistic	_	none	Intonation=WeaklyRising|PauseAfter=Yes	_	_	_	_	_
584-6	BOI071	584	584	6	(.)	(.)	_	_	_	_	_	shortpause	_	none	_	_	_	_	_	_
584-7	BOI071	584	584	7	e:h	eh	_	_	_	_	_	linguistic	_	none	_	_	0x1	_	_	_
584-8	BOI071	584	584	8	°scusami°	scusami	_	_	_	_	_	linguistic	_	none	Volume=low	_	_	_	_	_
584-9	BOI071	584	584	9	(>ma	ma	_	_	_	_	_	linguistic	_	none	_	_	_	Fast=0-2(0)	0-2(0)	_
584-10	BOI071	584	584	10	non<)	non	_	_	_	_	_	linguistic	_	none	_	_	_	Fast=0-3(0)	0-3(0)	_
584-11	BOI071	584	584	11	non	non	_	_	_	_	_	linguistic	_	none	_	_	_	_	_	_
584-12	BOI071	584	584	12	l'	l'	_	_	_	_	_	linguistic	_	none	SpaceAfter=No	_	_	_	_	_
584-13	BOI071	584	584	13	ho	ho	_	_	_	_	_	linguistic	_	none	_	_	_	_	_	_
584-14	BOI071	584	584	14	lasciata	lasciata	_	_	_	_	_	linguistic	_	none	_	_	_	_	_	_
584-15	BOI071	584	584	15	io	io	_	_	_	_	_	linguistic	_	none	_	_	_	_	_	_
584-16	BOI071	584	584	16	(me)	me	_	_	_	_	_	linguistic	_	none	_	_	_	_	0-2(1)	_
584-17	BOI071	584	584	17	l'	l'	_	_	_	_	_	linguistic	_	none	SpaceAfter=No	_	_	_	_	_
584-18	BOI071	584	584	18	ha	ha	_	_	_	_	_	linguistic	_	none	_	_	_	_	_	_
584-19	BOI071	584	584	19	lasciata	lasciata	_	_	_	_	_	linguistic	_	none	_	_	_	_	_	_
584-20	BOI071	584	584	20	il	il	_	_	_	_	_	linguistic	_	none	_	_	_	_	_	_
584-21	BOI071	584	584	21	mio	mio	_	_	_	_	_	linguistic	_	none	_	_	_	_	_	_
584-22	BOI071	584	584	22	collega	collega	_	_	_	_	_	linguistic	_	none	_	End=1109.628	_	_	_	_
585-0	BOR021	585	585	0	e	e	_	_	_	_	_	linguistic	_	none	_	Begin=1109.955	_	_	_	_
585-1	BOR021	585	585	1	lì	lì	_	_	_	_	_	linguistic	_	none	_	End=1110.232	_	_	_	_
586-0	BOI071	586	586	0	E	e	_	_	_	_	_	linguistic	_	none	Volume=high	Begin=1110.659	_	_	_	_
586-1	BOI071	586	586	1	LÌ	lì	_	_	_	_	_	linguistic	_	none	Volume=high	_	_	_	_	_
586-2	BOI071	586	586	2	ti	ti	_	_	_	_	_	linguistic	_	none	_	_	_	_	_	_
586-3	BOI071	586	586	3	dop~	dop~	_	_	_	_	_	linguistic	_	none	Interrupted=Yes	_	_	_	_	_
586-4	BOI071	586	586	4	dopo	dopo	_	_	_	_	_	linguistic	_	none	_	_	_	_	_	_
586-5	BOI071	586	586	5	un	un	_	_	_	_	_	linguistic	_	none	_	_	_	_	_	_
586-6	BOI071	586	586	6	po'	po'	_	_	_	_	_	linguistic	_	none	_	_	_	_	_	_
586-7	BOI071	586	586	7	vai:::	vai	_	_	_	_	_	linguistic	_	none	_	End=1112.948	2x3	_	_	_
587-0	BOI071	587	587	0	su	su	_	_	_	_	_	linguistic	_	none	_	Begin=1113.082	_	_	_	_
587-1	BOI071	587	587	1	internet	internet	_	_	_	_	_	linguistic	_	none	_	_	_	_	_	_
587-2	BOI071	587	587	2	ti	ti	_	_	_	_	_	linguistic	_	none	_	_	_	_	_	_
587-3	BOI071	587	587	3	ritrovi	ritrovi	_	_	_	_	_	linguistic	_	none	_	_	_	_	_	_
587-4	BOI071	587	587	4	la	la	_	_	_	_	_	linguistic	_	none	_	_	_	_	_	_
587-5	BOI071	587	587	5	brutta	brutta	_	_	_	_	_	linguistic	_	none	_	_	_	_	_	_
587-6	BOI071	587	587	6	recensione	recensione	_	_	_	_	_	linguistic	_	none	_	_	_	_	_	_
587-7	BOI071	587	587	7	di	di	_	_	_	_	_	linguistic	_	none	_	_	_	_	_	_
587-8	BOI071	587	587	8	que[sto	questo	_	_	_	_	_	linguistic	_	none	_	_	_	_	_	3-6(113)
587-9	BOI071	587	587	9	qua]	qua	_	_	_	_	_	linguistic	_	none	_	End=1115.309	_	_	_	0-3(113)
588-0	BOR021	588	588	0	[per	per	_	_	_	_	_	linguistic	_	none	_	Begin=1114.999	_	_	_	0-3(113)
588-1	BOR021	588	588	1	questa]	questa	_	_	_	_	_	linguistic	_	none	_	_	_	_	_	0-6(113)
588-2	BOR021	588	588	2	cosa,	cosa	_	_	_	_	_	linguistic	_	none	Intonation=WeaklyRising	End=1115.824	_	_	_	_
589-0	BOI071	589	589	0	te	te	_	_	_	_	_	linguistic	_	none	_	Begin=1115.907	_	_	_	_
589-1	BOI071	589	589	1	lo	lo	_	_	_	_	_	linguistic	_	none	_	_	_	_	_	_
589-2	BOI071	589	589	2	giuro	giuro	_	_	_	_	_	linguistic	_	none	_	_	_	_	_	_
589-3	BOI071	589	589	3	è	è	_	_	_	_	_	linguistic	_	none	_	_	_	_	_	_
589-4	BOI071	589	589	4	capitato	capitato	_	_	_	_	_	linguistic	_	none	_	End=1117.041	_	_	_	_
590-0	BOI071	590	590	0	°quind[i::]°	quindi	_	_	_	_	_	linguistic	_	none	Volume=low	Begin=1117.639|End=1118.268	5x2	_	_	5-6(114)
591-0	BOR021	591	591	0	[sono]	sono	_	_	_	_	_	linguistic	_	none	_	Begin=1118.051	_	_	_	0-4(114)
591-1	BOR021	591	591	1	tremendi	tremendi	_	_	_	_	_	linguistic	_	none	_	End=1118.938	_	_	_	_
592-0	BOI071	592	592	0	°sì	sì	_	_	_	_	_	linguistic	_	none	Volume=low	Begin=1119.319	_	_	_	_
592-1	BOI071	592	592	1	sì	sì	_	_	_	_	_	linguistic	_	none	Volume=low	_	_	_	_	_
592-2	BOI071	592	592	2	sì°	sì	_	_	_	_	_	linguistic	_	none	Volume=low	_	_	_	_	_
592-3	BOI071	592	592	3	poi::	poi	_	_	_	_	_	linguistic	_	none	_	_	2x2	_	_	_
592-4	BOI071	592	592	4	nei	nei	_	_	_	_	_	linguistic	_	none	_	_	_	_	_	_
592-5	BOI071	592	592	5	ristoranti	ristoranti	_	_	_	_	_	linguistic	_	none	_	_	_	_	_	_
592-6	BOI071	592	592	6	in	in	_	_	_	_	_	linguistic	_	none	_	_	_	_	_	_
592-7	BOI071	592	592	7	centro	centro	_	_	_	_	_	linguistic	_	none	_	_	_	_	_	_
592-8	BOI071	592	592	8	ne	ne	_	_	_	_	_	linguistic	_	none	_	_	_	_	_	_
592-9	BOI071	592	592	9	vedi	vedi	_	_	_	_	_	linguistic	_	none	_	_	_	_	_	_
592-10	BOI071	592	592	10	di	di	_	_	_	_	_	linguistic	_	none	_	_	_	_	_	_
592-11	BOI071	592	592	11	tutti	tutti	_	_	_	_	_	linguistic	_	none	_	End=1123.02	_	_	_	_
593-0	BOI071	593	593	0	soprattutto	soprattutto	_	_	_	_	_	linguistic	_	none	_	Begin=1123.374	_	_	_	_
593-1	BOI071	593	593	1	nei	nei	_	_	_	_	_	linguistic	_	none	_	_	_	_	_	_
593-2	BOI071	593	593	2	pub	pub	_	_	_	_	_	linguistic	_	none	_	_	_	_	_	_
593-3	BOI071	593	593	3	magari	magari	_	_	_	_	_	linguistic	_	none	_	End=1125.061	_	_	_	_
594-0	BOI071	594	594	0	vedi::	vedi	_	_	_	_	_	linguistic	_	none	_	Begin=1125.608	3x2	_	_	_
594-1	BOI071	594	594	1	GENTE	gente	_	_	_	_	_	linguistic	_	none	Volume=high	_	_	_	_	_
594-2	BOI071	594	594	2	sui	sui	_	_	_	_	_	linguistic	_	none	_	_	_	_	_	_
594-3	BOI071	594	594	3	TAvoli	tavoli	_	_	_	_	_	linguistic	_	none	Volume=high	_	_	_	_	_
594-4	BOI071	594	594	4	che	che	_	_	_	_	_	linguistic	_	none	_	_	_	_	_	_
594-5	BOI071	594	594	5	BAlla	balla	_	_	_	_	_	linguistic	_	none	Volume=high	_	_	_	_	_
594-6	BOI071	594	594	6	la	la	_	_	_	_	_	linguistic	_	none	_	_	_	_	_	_
594-7	BOI071	594	594	7	SEra:	sera	_	_	_	_	_	linguistic	_	none	Volume=high	_	3x1	_	_	_
594-8	BOI071	594	594	8	notte:	notte	_	_	_	_	_	linguistic	_	none	_	End=1129.1	4x1	_	_	_
595-0	BOR021	595	595	0	no,	no	_	_	_	_	_	linguistic	_	none	Intonation=WeaklyRising	Begin=1129.793	_	_	_	_
595-1	BOR021	595	595	1	non	non	_	_	_	_	_	linguistic	_	none	_	_	_	_	_	_
595-2	BOR021	595	595	2	sei	sei	_	_	_	_	_	linguistic	_	none	_	_	_	_	_	_
595-3	BOR021	595	595	3	convinto,	convinto	_	_	_	_	_	linguistic	_	none	Intonation=WeaklyRising	End=1131.092	_	_	_	_
596-0	BOI070	596	596	0	mh	mh	_	_	_	_	_	linguistic	_	none	PauseAfter=Yes	Begin=1131.69	_	_	_	_
596-1	BOI070	596	596	1	(.)	(.)	_	_	_	_	_	shortpause	_	none	_	_	_	_	_	_
596-2	BOI070	596	596	2	io	io	_	_	_	_	_	linguistic	_	none	_	_	_	_	_	_
596-3	BOI070	596	596	3	non	non	_	_	_	_	_	linguistic	_	none	_	_	_	_	_	_
596-4	BOI070	596	596	4	ho	ho	_	_	_	_	_	linguistic	_	none	_	_	_	_	_	_
596-5	BOI070	596	596	5	mai	mai	_	_	_	_	_	linguistic	_	none	_	_	_	_	_	_
596-6	BOI070	596	596	6	lavorato	lavorato	_	_	_	_	_	linguistic	_	none	_	_	_	_	_	_
596-7	BOI070	596	596	7	n	n	_	_	_	_	_	linguistic	_	none	_	_	_	_	_	_
596-8	BOI070	596	596	8	eh	eh	_	_	_	_	_	linguistic	_	none	_	_	_	_	_	_
596-9	BOI070	596	596	9	nei	nei	_	_	_	_	_	linguistic	_	none	_	_	_	_	_	_
596-10	BOI070	596	596	10	bar	bar	_	_	_	_	_	linguistic	_	none	_	_	_	_	_	_
596-11	BOI070	596	596	11	nei	nei	_	_	_	_	_	linguistic	_	none	_	_	_	_	_	_
596-12	BOI070	596	596	12	pub	pub	_	_	_	_	_	linguistic	_	none	PauseAfter=Yes	_	_	_	_	_
596-13	BOI070	596	596	13	(.)	(.)	_	_	_	_	_	shortpause	_	none	_	_	_	_	_	_
596-14	BOI070	596	596	14	[(quindi)]	quindi	_	_	_	_	_	linguistic	_	none	_	End=1135.072	_	_	0-6(0)	0-6(115)
597-0	BOR021	597	597	0	[ma	ma	_	_	_	_	_	linguistic	_	none	_	Begin=1134.628	_	_	_	0-2(115)
597-1	BOR021	597	597	1	non	non	_	_	_	_	_	linguistic	_	none	_	_	_	_	_	0-3(115)
597-2	BOR021	597	597	2	ti	ti	_	_	_	_	_	linguistic	_	none	_	_	_	_	_	0-2(115)
597-3	BOR021	597	597	3	pia]cerebbe?	piacerebbe	_	_	_	_	_	linguistic	_	none	Intonation=Rising	End=1135.546	_	_	_	0-3(115)
598-0	BOI070	598	598	0	°no:	no	_	_	_	_	_	linguistic	_	none	Volume=low	Begin=1136.381	1x1	_	_	_
598-1	BOI070	598	598	1	non°	non	_	_	_	_	_	linguistic	_	none	Volume=low	End=1136.84	_	_	_	_
599-0	BOI070	599	599	0	(per)	per	_	_	_	_	_	linguistic	_	none	_	Begin=1137.01	_	_	0-3(0)	_
599-1	BOI070	599	599	1	adesso	adesso	_	_	_	_	_	linguistic	_	none	_	_	_	_	_	_
599-2	BOI070	599	599	2	non	non	_	_	_	_	_	linguistic	_	none	_	_	_	_	_	_
599-3	BOI070	599	599	3	ne	ne	_	_	_	_	_	linguistic	_	none	_	_	_	_	_	_
599-4	BOI070	599	599	4	vedo	vedo	_	_	_	_	_	linguistic	_	none	_	_	_	_	_	_
599-5	BOI070	599	599	5	motivo	motivo	_	_	_	_	_	linguistic	_	none	_	End=1138.322	_	_	_	_
600-0	BOI070	600	600	0	°magari	magari	_	_	_	_	_	linguistic	_	none	Volume=low	Begin=1138.948	_	_	_	_
600-1	BOI070	600	600	1	più	più	_	_	_	_	_	linguistic	_	none	Volume=low	_	_	_	_	_
600-2	BOI070	600	600	2	avanti°	avanti	_	_	_	_	_	linguistic	_	none	Volume=low	End=1139.659	_	_	_	_
601-0	BOR021	601	601	0	ma	ma	_	_	_	_	_	linguistic	_	none	_	Begin=1140.144	_	_	_	_
601-1	BOR021	601	601	1	perché	perché	_	_	_	_	_	linguistic	_	none	_	_	_	_	_	_
601-2	BOR021	601	601	2	non:	non	_	_	_	_	_	linguistic	_	none	_	_	2x1	_	_	_
601-3	BOR021	601	601	3	così	così	_	_	_	_	_	linguistic	_	none	_	_	_	_	_	_
601-4	BOR021	601	601	4	non	non	_	_	_	_	_	linguistic	_	none	_	_	_	_	_	_
601-5	BOR021	601	601	5	ti	ti	_	_	_	_	_	linguistic	_	none	_	_	_	_	_	_
601-6	BOR021	601	601	6	va	va	_	_	_	_	_	linguistic	_	none	_	_	_	_	_	_
601-7	BOR021	601	601	7	o	o	_	_	_	_	_	linguistic	_	none	_	_	_	_	_	_
601-8	BOR021	601	601	8	proprio::	proprio	_	_	_	_	_	linguistic	_	none	_	End=1142.412	6x2	_	_	_
602-0	BOI070	602	602	0	non:	non	_	_	_	_	_	linguistic	_	none	_	Begin=1144.855	2x1	_	_	_
602-1	BOI070	602	602	1	[non	non	_	_	_	_	_	linguistic	_	none	_	_	_	_	_	0-3(116)
602-2	BOI070	602	602	2	ne	ne	_	_	_	_	_	linguistic	_	none	_	_	_	_	_	0-2(116)
602-3	BOI070	602	602	3	vedo	vedo	_	_	_	_	_	linguistic	_	none	_	_	_	_	_	0-4(116)
602-4	BOI070	602	602	4	il	il	_	_	_	_	_	linguistic	_	none	_	_	_	_	_	0-2(116)
602-5	BOI070	602	602	5	biso]gno	bisogno	_	_	_	_	_	linguistic	_	none	_	_	_	_	_	0-4(116)
602-6	BOI070	602	602	6	adesso	adesso	_	_	_	_	_	linguistic	_	none	_	_	_	_	_	_
602-7	BOI070	602	602	7	x	x	_	_	_	_	_	unknown	_	none	Syllables=1	_	_	_	_	_
602-8	BOI070	602	602	8	>nel	nel	_	_	_	_	_	linguistic	_	none	_	_	_	Fast=0-3(0)	_	_
602-9	BOI070	602	602	9	senso<	senso	_	_	_	_	_	linguistic	_	none	_	_	_	Fast=0-5(0)	_	_
602-10	BOI070	602	602	10	non	non	_	_	_	_	_	linguistic	_	none	_	_	_	_	_	_
602-11	BOI070	602	602	11	e:h	eh	_	_	_	_	_	linguistic	_	none	_	End=1147.701	0x1	_	_	_
603-0	BOR021	603	603	0	[ci	ci	_	_	_	_	_	linguistic	_	none	_	Begin=1145.144	_	_	_	0-2(116)
603-1	BOR021	603	603	1	hai	hai	_	_	_	_	_	linguistic	_	none	_	_	_	_	_	0-3(116)
603-2	BOR021	603	603	2	mai	mai	_	_	_	_	_	linguistic	_	none	_	_	_	_	_	0-3(116)
603-3	BOR021	603	603	3	pensato]?	pensato	_	_	_	_	_	linguistic	_	none	Intonation=Rising	End=1145.907	_	_	_	0-7(116)
604-0	BOI070	604	604	0	(ap)punto	appunto	_	_	_	_	_	linguistic	_	none	_	Begin=1147.948	_	_	0-2(0)	_
604-1	BOI070	604	604	1	non	non	_	_	_	_	_	linguistic	_	none	_	_	_	_	_	_
604-2	BOI070	604	604	2	mi	mi	_	_	_	_	_	linguistic	_	none	_	_	_	_	_	_
604-3	BOI070	604	604	3	va	va	_	_	_	_	_	linguistic	_	none	_	_	_	_	_	_
604-4	BOI070	604	604	4	non:	non	_	_	_	_	_	linguistic	_	none	_	_	2x1	_	_	_
604-5	BOI070	604	604	5	ne	ne	_	_	_	_	_	linguistic	_	none	_	_	_	_	_	_
604-6	BOI070	604	604	6	vedo	vedo	_	_	_	_	_	linguistic	_	none	_	_	_	_	_	_
604-7	BOI070	604	604	7	il	il	_	_	_	_	_	linguistic	_	none	_	_	_	_	_	_
604-8	BOI070	604	604	8	bisogno	bisogno	_	_	_	_	_	linguistic	_	none	_	End=1149.936	_	_	_	_
605-0	BOI070	605	605	0	c(io)è	cioè	_	_	_	_	_	linguistic	_	none	Reduced=Yes	Begin=1150.44	_	_	_	_
605-1	BOI070	605	605	1	magari	magari	_	_	_	_	_	linguistic	_	none	PauseAfter=Yes	_	_	_	_	_
605-2	BOI070	605	605	2	(.)	(.)	_	_	_	_	_	shortpause	_	none	_	_	_	_	_	_
605-3	BOI070	605	605	3	più	più	_	_	_	_	_	linguistic	_	none	_	_	_	_	_	_
605-4	BOI070	605	605	4	avanti::	avanti	_	_	_	_	_	linguistic	_	none	_	_	5x2	_	_	_
605-5	BOI070	605	605	5	mi	mi	_	_	_	_	_	linguistic	_	none	_	_	_	_	_	_
605-6	BOI070	605	605	6	sveglio	sveglio	_	_	_	_	_	linguistic	_	none	_	_	_	_	_	_
605-7	BOI070	605	605	7	una	una	_	_	_	_	_	linguistic	_	none	_	_	_	_	_	_
605-8	BOI070	605	605	8	mattina	mattina	_	_	_	_	_	linguistic	_	none	_	_	_	_	_	_
605-9	BOI070	605	605	9	dico	dico	_	_	_	_	_	linguistic	_	none	_	_	_	_	_	_
605-10	BOI070	605	605	10	voglio	voglio	_	_	_	_	_	linguistic	_	none	_	_	_	_	_	_
605-11	BOI070	605	605	11	fare	fare	_	_	_	_	_	linguistic	_	none	_	_	_	_	_	_
605-12	BOI070	605	605	12	il	il	_	_	_	_	_	linguistic	_	none	_	_	_	_	_	_
605-13	BOI070	605	605	13	cameriere	cameriere	_	_	_	_	_	linguistic	_	none	_	End=1154.139	_	_	_	_
606-0	BOI070	606	606	0	voglio	voglio	_	_	_	_	_	linguistic	_	none	_	Begin=1154.233	_	_	_	_
606-1	BOI070	606	606	1	fare	fare	_	_	_	_	_	linguistic	_	none	_	_	_	_	_	_
606-2	BOI070	606	606	2	(un')	un'	_	_	_	_	_	linguistic	_	none	Truncated=Yes	_	_	_	0-3(0)	_
606-3	BOI070	606	606	3	esperienza	esperienza	_	_	_	_	_	linguistic	_	none	_	_	_	_	_	_
606-4	BOI070	606	606	4	come	come	_	_	_	_	_	linguistic	_	none	_	_	_	_	_	_
606-5	BOI070	606	606	5	cameriere	cameriere	_	_	_	_	_	linguistic	_	none	_	End=1155.67	_	_	_	_
607-0	BOI070	607	607	0	c(io)è	cioè	_	_	_	_	_	linguistic	_	none	Reduced=Yes	Begin=1156.34	_	_	_	_
607-1	BOI070	607	607	1	sono	sono	_	_	_	_	_	linguistic	_	none	_	_	_	_	_	_
607-2	BOI070	607	607	2	molto	molto	_	_	_	_	_	linguistic	_	none	_	_	_	_	_	_
607-3	BOI070	607	607	3	più::	più	_	_	_	_	_	linguistic	_	none	_	End=1157.808	2x2	_	_	_
608-0	BOI070	608	608	0	così	così	_	_	_	_	_	linguistic	_	none	_	Begin=1158.68	_	_	_	_
608-1	BOI070	608	608	1	ecco	ecco	_	_	_	_	_	linguistic	_	none	_	_	_	_	_	_
608-2	BOI070	608	608	2	diciamo	diciamo	_	_	_	_	_	linguistic	_	none	_	_	_	_	_	_
608-3	BOI070	608	608	3	c(io)è	cioè	_	_	_	_	_	linguistic	_	none	Reduced=Yes|PauseAfter=Yes	_	_	_	_	_
608-4	BOI070	608	608	4	(.)	(.)	_	_	_	_	_	shortpause	_	none	_	_	_	_	_	_
608-5	BOI070	608	608	5	a	a	_	_	_	_	_	linguistic	_	none	_	_	_	_	_	_
608-6	BOI070	608	608	6	me	me	_	_	_	_	_	linguistic	_	none	_	_	_	_	_	_
608-7	BOI070	608	608	7	basta	basta	_	_	_	_	_	linguistic	_	none	_	_	_	_	_	_
608-8	BOI070	608	608	8	ave[re	avere	_	_	_	_	_	linguistic	_	none	_	_	_	_	_	3-5(117)
608-9	BOI070	608	608	9	un	un	_	_	_	_	_	linguistic	_	none	_	_	_	_	_	0-2(117)
608-10	BOI070	608	608	10	lavoro]	lavoro	_	_	_	_	_	linguistic	_	none	_	End=1160.9	_	_	_	0-6(117)
609-0	BOR021	609	609	0	((ride))	((ride))	_	_	_	_	_	nonverbalbehavior	_	none	_	Begin=1160.28	_	_	_	_
609-1	BOR021	609	609	1	[alla	alla	_	_	_	_	_	linguistic	_	none	_	_	_	_	_	0-4(117)
609-2	BOR021	609	609	2	giorna]ta	giornata	_	_	_	_	_	linguistic	_	none	_	End=1161.03	_	_	_	0-6(117)
610-0	BOI070	610	610	0	sì	sì	_	_	_	_	_	linguistic	_	none	_	Begin=1161.34	_	_	_	_
610-1	BOI070	610	610	1	anche	anche	_	_	_	_	_	linguistic	_	none	_	_	_	_	_	_
610-2	BOI070	610	610	2	anche	anche	_	_	_	_	_	linguistic	_	none	_	_	_	_	_	_
610-3	BOI070	610	610	3	appunto	appunto	_	_	_	_	_	linguistic	_	none	_	End=1162.76	_	_	_	_
611-0	BOR021	611	611	0	((ride))	((ride))	_	_	_	_	_	nonverbalbehavior	_	none	_	Begin=1161.957|End=1162.123	_	_	_	_
612-0	BOR021	612	612	0	beh	beh	_	_	_	_	_	linguistic	_	none	_	Begin=1163.432	_	_	_	_
612-1	BOR021	612	612	1	ci	ci	_	_	_	_	_	linguistic	_	none	_	_	_	_	_	_
612-2	BOR021	612	612	2	sta	sta	_	_	_	_	_	linguistic	_	none	_	End=1163.986	_	_	_	_
613-0	BOR021	613	613	0	vabbè	vabbè	_	_	_	_	_	linguistic	_	none	_	Begin=1165.865	_	_	_	_
613-1	BOR021	613	613	1	se	se	_	_	_	_	_	linguistic	_	none	_	_	_	_	_	_
613-2	BOR021	613	613	2	mi	mi	_	_	_	_	_	linguistic	_	none	_	_	_	_	_	_
613-3	BOR021	613	613	3	doveste:	doveste	_	_	_	_	_	linguistic	_	none	_	_	6x1	_	_	_
613-4	BOR021	613	613	4	(de)scrivere	descrivere	_	_	_	_	_	linguistic	_	none	_	_	_	_	0-2(0)	_
613-5	BOR021	613	613	5	tipo	tipo	_	_	_	_	_	linguistic	_	none	_	_	_	_	_	_
613-6	BOR021	613	613	6	un'	un'	_	_	_	_	_	linguistic	_	none	SpaceAfter=No	_	_	_	_	_
613-7	BOR021	613	613	7	uscita::	uscita	_	_	_	_	_	linguistic	_	none	_	End=1168.576	5x2	_	_	_
614-0	BOR021	614	614	0	bolognese	bolognese	_	_	_	_	_	linguistic	_	none	_	Begin=1169.25	_	_	_	_
614-1	BOR021	614	614	1	di	di	_	_	_	_	_	linguistic	_	none	_	_	_	_	_	_
614-2	BOR021	614	614	2	sera,	sera	_	_	_	_	_	linguistic	_	none	Intonation=WeaklyRising	End=1170.521	_	_	_	_
615-0	BOR021	615	615	0	voi	voi	_	_	_	_	_	linguistic	_	none	_	Begin=1170.865	_	_	_	_
615-1	BOR021	615	615	1	che	che	_	_	_	_	_	linguistic	_	none	_	_	_	_	_	_
615-2	BOR021	615	615	2	la	la	_	_	_	_	_	linguistic	_	none	_	_	_	_	_	_
615-3	BOR021	615	615	3	girate	girate	_	_	_	_	_	linguistic	_	none	_	_	_	_	_	_
615-4	BOR021	615	615	4	comunque	comunque	_	_	_	_	_	linguistic	_	none	_	_	_	_	_	_
615-5	BOR021	615	615	5	la	la	_	_	_	_	_	linguistic	_	none	_	_	_	_	_	_
615-6	BOR021	615	615	6	sera	sera	_	_	_	_	_	linguistic	_	none	_	_	_	_	_	_
615-7	BOR021	615	615	7	bologna	bologna	_	_	_	_	_	linguistic	_	none	_	End=1172.869	_	_	_	_
616-0	BOI070	616	616	0	è	è	_	_	_	_	_	linguistic	_	none	_	Begin=1172.869	_	_	_	_
616-1	BOI070	616	616	1	dura	dura	_	_	_	_	_	linguistic	_	none	PauseAfter=Yes	_	_	_	_	_
616-2	BOI070	616	616	2	(.)	(.)	_	_	_	_	_	shortpause	_	none	_	_	_	_	_	_
616-3	BOI070	616	616	3	((sospira))	((sospira))	_	_	_	_	_	nonverbalbehavior	_	none	_	_	_	_	_	_
616-4	BOI070	616	616	4	(ah)	ah	_	_	_	_	_	linguistic	_	none	_	_	_	_	0-2(0)	_
616-5	BOI070	616	616	5	>la	la	_	_	_	_	_	linguistic	_	none	_	_	_	Fast=0-2(0)	_	_
616-6	BOI070	616	616	6	stiamo	stiamo	_	_	_	_	_	linguistic	_	none	_	_	_	Fast=0-6(0)	_	_
616-7	BOI070	616	616	7	cercando	cercando	_	_	_	_	_	linguistic	_	none	_	_	_	Fast=0-8(0)	_	_
616-8	BOI070	616	616	8	anche	anche	_	_	_	_	_	linguistic	_	none	_	_	_	Fast=0-5(0)	_	_
616-9	BOI070	616	616	9	noi<	noi	_	_	_	_	_	linguistic	_	none	_	_	_	Fast=0-3(0)	_	_
616-10	BOI070	616	616	10	da:	da	_	_	_	_	_	linguistic	_	none	_	_	1x1	_	_	_
616-11	BOI070	616	616	11	ventun	ventun	_	_	_	_	_	linguistic	_	none	_	_	_	_	_	_
616-12	BOI070	616	616	12	anni	anni	_	_	_	_	_	linguistic	_	none	_	End=1175.423	_	_	_	_
617-0	BOR021	617	617	0	((ride))	((ride))	_	_	_	_	_	nonverbalbehavior	_	none	_	Begin=1174.682|End=1175.423	_	_	_	_
618-0	BOR021	618	618	0	perché?	perché	_	_	_	_	_	linguistic	_	none	Intonation=Rising	Begin=1175.519|End=1175.977	_	_	_	_
619-0	BOI070	619	619	0	((ride))	((ride))	_	_	_	_	_	nonverbalbehavior	_	none	_	Begin=1176.057	_	_	_	_
619-1	BOI070	619	619	1	una	una	_	_	_	_	_	linguistic	_	none	PauseAfter=Yes	_	_	_	_	_
619-2	BOI070	619	619	2	(.)	(.)	_	_	_	_	_	shortpause	_	none	_	_	_	_	_	_
619-3	BOI070	619	619	3	serata	serata	_	_	_	_	_	linguistic	_	none	_	End=1177.173	_	_	_	_
620-0	BOI070	620	620	0	nel	nel	_	_	_	_	_	linguistic	_	none	_	Begin=1177.73	_	_	_	_
620-1	BOI070	620	620	1	senso	senso	_	_	_	_	_	linguistic	_	none	PauseAfter=Yes	_	_	_	_	_
620-2	BOI070	620	620	2	(.)	(.)	_	_	_	_	_	shortpause	_	none	_	_	_	_	_	_
620-3	BOI070	620	620	3	mh	mh	_	_	_	_	_	linguistic	_	none	_	_	_	_	_	_
620-4	BOI070	620	620	4	dipende	dipende	_	_	_	_	_	linguistic	_	none	PauseAfter=Yes	_	_	_	_	_
620-5	BOI070	620	620	5	(.)	(.)	_	_	_	_	_	shortpause	_	none	_	_	_	_	_	_
620-6	BOI070	620	620	6	dipende:	dipende	_	_	_	_	_	linguistic	_	none	_	End=1180.51	6x1	_	_	_
621-0	BOI070	621	621	0	dipende	dipende	_	_	_	_	_	linguistic	_	none	_	Begin=1180.999	_	_	_	_
621-1	BOI070	621	621	1	come	come	_	_	_	_	_	linguistic	_	none	_	_	_	_	_	_
621-2	BOI070	621	621	2	esci	esci	_	_	_	_	_	linguistic	_	none	_	_	_	_	_	_
621-3	BOI070	621	621	3	di	di	_	_	_	_	_	linguistic	_	none	_	_	_	_	_	_
621-4	BOI070	621	621	4	casa	casa	_	_	_	_	_	linguistic	_	none	_	_	_	_	_	_
621-5	BOI070	621	621	5	con	con	_	_	_	_	_	linguistic	_	none	_	_	_	_	_	_
621-6	BOI070	621	621	6	quale	quale	_	_	_	_	_	linguistic	_	none	_	_	_	_	_	_
621-7	BOI070	621	621	7	idea::	idea	_	_	_	_	_	linguistic	_	none	_	_	3x2	_	_	_
621-8	BOI070	621	621	8	come	come	_	_	_	_	_	linguistic	_	none	_	_	_	_	_	_
621-9	BOI070	621	621	9	ti	ti	_	_	_	_	_	linguistic	_	none	_	_	_	_	_	_
621-10	BOI070	621	621	10	senti::	senti	_	_	_	_	_	linguistic	_	none	_	_	4x2	_	_	_
621-11	BOI070	621	621	11	con	con	_	_	_	_	_	linguistic	_	none	_	_	_	_	_	_
621-12	BOI070	621	621	12	quale	quale	_	_	_	_	_	linguistic	_	none	_	_	_	_	_	_
621-13	BOI070	621	621	13	stato	stato	_	_	_	_	_	linguistic	_	none	_	_	_	_	_	_
621-14	BOI070	621	621	14	d'	d'	_	_	_	_	_	linguistic	_	none	SpaceAfter=No	_	_	_	_	_
621-15	BOI070	621	621	15	animo	animo	_	_	_	_	_	linguistic	_	none	_	End=1186.048	_	_	_	_
622-0	BOR021	622	622	0	ma	ma	_	_	_	_	_	linguistic	_	none	_	Begin=1187.048	_	_	_	_
622-1	BOR021	622	622	1	di	di	_	_	_	_	_	linguistic	_	none	_	_	_	_	_	_
622-2	BOR021	622	622	2	so[lito	solito	_	_	_	_	_	linguistic	_	none	_	_	_	_	_	2-6(118)
622-3	BOR021	622	622	3	dove	dove	_	_	_	_	_	linguistic	_	none	_	_	_	_	_	0-4(118)
622-4	BOR021	622	622	4	anda]te,	andate	_	_	_	_	_	linguistic	_	none	Intonation=WeaklyRising	End=1188.108	_	_	_	0-4(118)
623-0	BOI070	623	623	0	[nel	nel	_	_	_	_	_	linguistic	_	none	_	Begin=1187.336	_	_	_	0-3(118)
623-1	BOI070	623	623	1	senso]	senso	_	_	_	_	_	linguistic	_	none	_	End=1187.923	_	_	_	0-5(118)
624-0	BOI070	624	624	0	se	se	_	_	_	_	_	linguistic	_	none	_	Begin=1188.692	_	_	_	_
624-1	BOI070	624	624	1	te	te	_	_	_	_	_	linguistic	_	none	_	_	_	_	_	_
624-2	BOI070	624	624	2	esci	esci	_	_	_	_	_	linguistic	_	none	_	_	_	_	_	_
624-3	BOI070	624	624	3	di	di	_	_	_	_	_	linguistic	_	none	_	_	_	_	_	_
624-4	BOI070	624	624	4	casa	casa	_	_	_	_	_	linguistic	_	none	_	_	_	_	_	_
624-5	BOI070	624	624	5	che	che	_	_	_	_	_	linguistic	_	none	_	_	_	_	_	_
624-6	BOI070	624	624	6	sei	sei	_	_	_	_	_	linguistic	_	none	_	_	_	_	_	_
624-7	BOI070	624	624	7	incazzato	incazzato	_	_	_	_	_	linguistic	_	none	_	_	_	_	_	_
624-8	BOI070	624	624	8	duro	duro	_	_	_	_	_	linguistic	_	none	_	_	_	_	_	_
624-9	BOI070	624	624	9	e:::	e	_	_	_	_	_	linguistic	_	none	_	_	0x3	_	_	_
624-10	BOI070	624	624	10	cosa:,	cosa	_	_	_	_	_	linguistic	_	none	Intonation=WeaklyRising	End=1192.192	3x1	_	_	_
625-0	BOI070	625	625	0	cosa	cosa	_	_	_	_	_	linguistic	_	none	_	Begin=1192.278	_	_	_	_
625-1	BOI070	625	625	1	ti	ti	_	_	_	_	_	linguistic	_	none	_	_	_	_	_	_
625-2	BOI070	625	625	2	aspetteresti,	aspetteresti	_	_	_	_	_	linguistic	_	none	Intonation=WeaklyRising	_	_	_	_	_
625-3	BOI070	625	625	3	magari	magari	_	_	_	_	_	linguistic	_	none	_	_	_	_	_	_
625-4	BOI070	625	625	4	non	non	_	_	_	_	_	linguistic	_	none	_	_	_	_	_	_
625-5	BOI070	625	625	5	vuoi	vuoi	_	_	_	_	_	linguistic	_	none	_	_	_	_	_	_
625-6	BOI070	625	625	6	fare	fare	_	_	_	_	_	linguistic	_	none	_	_	_	_	_	_
625-7	BOI070	625	625	7	la	la	_	_	_	_	_	linguistic	_	none	_	_	_	_	_	_
625-8	BOI070	625	625	8	tipica	tipica	_	_	_	_	_	linguistic	_	none	_	_	_	_	_	_
625-9	BOI070	625	625	9	serata	serata	_	_	_	_	_	linguistic	_	none	_	_	_	_	_	_
625-10	BOI070	625	625	10	vai	vai	_	_	_	_	_	linguistic	_	none	_	_	_	_	_	_
625-11	BOI070	625	625	11	a	a	_	_	_	_	_	linguistic	_	none	_	_	_	_	_	_
625-12	BOI070	625	625	12	fare	fare	_	_	_	_	_	linguistic	_	none	_	_	_	_	_	_
625-13	BOI070	625	625	13	una	una	_	_	_	_	_	linguistic	_	none	_	_	_	_	_	_
625-14	BOI070	625	625	14	corsetta	corsetta	_	_	_	_	_	linguistic	_	none	_	_	_	_	_	_
625-15	BOI070	625	625	15	sui	sui	_	_	_	_	_	linguistic	_	none	_	_	_	_	_	_
625-16	BOI070	625	625	16	a	a	_	_	_	_	_	linguistic	_	none	_	_	_	_	_	_
625-17	BOI070	625	625	17	san	san	_	_	_	_	_	linguistic	_	none	_	_	_	_	_	_
625-18	BOI070	625	625	18	luca	luca	_	_	_	_	_	linguistic	_	none	_	_	_	_	_	_
625-19	BOI070	625	625	19	no?	no	_	_	_	_	_	linguistic	_	none	Intonation=Rising	End=1196.865	_	_	_	_
626-0	BOI070	626	626	0	che	che	_	_	_	_	_	linguistic	_	none	_	Begin=1196.923	_	_	_	_
626-1	BOI070	626	626	1	per	per	_	_	_	_	_	linguistic	_	none	_	_	_	_	_	_
626-2	BOI070	626	626	2	dirti	dirti	_	_	_	_	_	linguistic	_	none	_	_	_	_	_	_
626-3	BOI070	626	626	3	questo	questo	_	_	_	_	_	linguistic	_	none	_	_	_	_	_	_
626-4	BOI070	626	626	4	magari	magari	_	_	_	_	_	linguistic	_	none	_	End=1197.788	_	_	_	_
627-0	BOR021	627	627	0	((ride))	((ride))	_	_	_	_	_	nonverbalbehavior	_	none	_	Begin=1197.836	_	_	_	_
627-1	BOR021	627	627	1	vabbè	vabbè	_	_	_	_	_	linguistic	_	none	_	_	_	_	_	_
627-2	BOR021	627	627	2	cert[o]	certo	_	_	_	_	_	linguistic	_	none	_	End=1198.663	_	_	_	4-5(119)
628-0	BOI070	628	628	0	[(una)]	una	_	_	_	_	_	linguistic	_	none	_	Begin=1198.576	_	_	0-3(0)	0-3(119)
628-1	BOI070	628	628	1	sera:ta:	serata	_	_	_	_	_	linguistic	_	none	_	_	3x1,5x1	_	_	_
628-2	BOI070	628	628	2	no?	no	_	_	_	_	_	linguistic	_	none	Intonation=Rising	End=1199.548	_	_	_	_
629-0	BOR021	629	629	0	((ride))	((ride))	_	_	_	_	_	nonverbalbehavior	_	none	_	Begin=1199.163|End=1199.837	_	_	_	_
630-0	BOI070	630	630	0	(dopo)	dopo	_	_	_	_	_	linguistic	_	none	_	Begin=1199.644	_	_	0-4(0)	_
630-1	BOI070	630	630	1	ma[gari	magari	_	_	_	_	_	linguistic	_	none	_	_	_	_	_	2-6(120)
630-2	BOI070	630	630	2	sei	sei	_	_	_	_	_	linguistic	_	none	_	_	_	_	_	0-3(120)
630-3	BOI070	630	630	3	incazzato]	incazzato	_	_	_	_	_	linguistic	_	none	_	End=1200.855	_	_	_	0-9(120)
631-0	BOR021	631	631	0	[(una)	una	_	_	_	_	_	linguistic	_	none	_	Begin=1199.932	_	_	0-3(0)	0-3(120)
631-1	BOR021	631	631	1	serata	serata	_	_	_	_	_	linguistic	_	none	_	_	_	_	_	0-6(120)
631-2	BOR021	631	631	2	al	al	_	_	_	_	_	linguistic	_	none	_	_	_	_	_	0-2(120)
631-3	BOR021	631	631	3	to]p	top	_	_	_	_	_	linguistic	_	none	_	_	_	_	_	0-2(120)
631-4	BOR021	631	631	4	eh	eh	_	_	_	_	_	linguistic	_	none	_	End=1201.086	_	_	_	_
632-0	BOI070	632	632	0	esatto	esatto	_	_	_	_	_	linguistic	_	none	PauseAfter=Yes	Begin=1201.211	_	_	_	_
632-1	BOI070	632	632	1	(.)	(.)	_	_	_	_	_	shortpause	_	none	_	_	_	_	_	_
632-2	BOI070	632	632	2	(questa)	questa	_	_	_	_	_	linguistic	_	none	_	_	_	_	0-6(0)	_
632-3	BOI070	632	632	3	è	è	_	_	_	_	_	linguistic	_	none	_	_	_	_	_	_
632-4	BOI070	632	632	4	(la)	la	_	_	_	_	_	linguistic	_	none	_	_	_	_	0-2(1)	_
632-5	BOI070	632	632	5	serata	serata	_	_	_	_	_	linguistic	_	none	_	_	_	_	_	_
632-6	BOI070	632	632	6	top	top	_	_	_	_	_	linguistic	_	none	_	_	_	_	_	_
632-7	BOI070	632	632	7	ti	ti	_	_	_	_	_	linguistic	_	none	_	_	_	_	_	_
632-8	BOI070	632	632	8	vai	vai	_	_	_	_	_	linguistic	_	none	_	_	_	_	_	_
632-9	BOI070	632	632	9	a	a	_	_	_	_	_	linguistic	_	none	_	_	_	_	_	_
632-10	BOI070	632	632	10	fare	fare	_	_	_	_	_	linguistic	_	none	_	_	_	_	_	_
632-11	BOI070	632	632	11	(una)	una	_	_	_	_	_	linguistic	_	none	_	_	_	_	0-3(2)	_
632-12	BOI070	632	632	12	corsa	corsa	_	_	_	_	_	linguistic	_	none	_	_	_	_	_	_
632-13	BOI070	632	632	13	a	a	_	_	_	_	_	linguistic	_	none	_	_	_	_	_	_
632-14	BOI070	632	632	14	san	san	_	_	_	_	_	linguistic	_	none	_	_	_	_	_	_
632-15	BOI070	632	632	15	luca	luca	_	_	_	_	_	linguistic	_	none	_	End=1203.711	_	_	_	_
633-0	BOI071	633	633	0	((ride))	((ride))	_	_	_	_	_	nonverbalbehavior	_	none	_	Begin=1201.432|End=1201.894	_	_	_	_
634-0	BOI070	634	634	0	[xxxx]	xxxx	_	_	_	_	_	unknown	_	none	Syllables=4	Begin=1204.069|End=1204.965	_	_	_	0-4(121)
635-0	BOR021	635	635	0	[sì,	sì	_	_	_	_	_	linguistic	_	none	Intonation=WeaklyRising	Begin=1204.074	_	_	_	0-2(121)
635-1	BOR021	635	635	1	vai	vai	_	_	_	_	_	linguistic	_	none	_	_	_	_	_	0-3(121)
635-2	BOR021	635	635	2	a	a	_	_	_	_	_	linguistic	_	none	_	_	_	_	_	0-1(121)
635-3	BOR021	635	635	3	fare	fare	_	_	_	_	_	linguistic	_	none	_	_	_	_	_	0-4(121)
635-4	BOR021	635	635	4	una	una	_	_	_	_	_	linguistic	_	none	_	_	_	_	_	0-3(121)
635-5	BOR021	635	635	5	corsa	corsa	_	_	_	_	_	linguistic	_	none	_	_	_	_	_	0-5(121)
635-6	BOR021	635	635	6	a	a	_	_	_	_	_	linguistic	_	none	_	_	_	_	_	0-1(121)
635-7	BOR021	635	635	7	s]an	san	_	_	_	_	_	linguistic	_	none	_	_	_	_	_	0-1(121)
635-8	BOR021	635	635	8	luca?	luca	_	_	_	_	_	linguistic	_	none	Intonation=Rising	End=1205.534	_	_	_	_
636-0	BOR021	636	636	0	quando	quando	_	_	_	_	_	linguistic	_	none	_	Begin=1205.604	_	_	_	_
636-1	BOR021	636	636	1	[stai	stai	_	_	_	_	_	linguistic	_	none	_	_	_	_	_	0-4(122)
636-2	BOR021	636	636	2	incazzato]?	incazzato	_	_	_	_	_	linguistic	_	none	Intonation=Rising	End=1206.534	_	_	_	0-9(122)
637-0	BOI071	637	637	0	[no	no	_	_	_	_	_	linguistic	_	none	_	Begin=1205.744	_	_	_	0-2(122)
637-1	BOI071	637	637	1	xx]	xx	_	_	_	_	_	unknown	_	none	Syllables=2	End=1206.546	_	_	_	0-2(122)
638-0	BOI071	638	638	0	m(i)	mi	_	_	_	_	_	linguistic	_	none	_	Begin=1206.755	_	_	1-2(0)	_
638-1	BOI071	638	638	1	è	è	_	_	_	_	_	linguistic	_	none	_	_	_	_	_	_
638-2	BOI071	638	638	2	[capitato	capitato	_	_	_	_	_	linguistic	_	none	_	_	_	_	_	0-8(124)
638-3	BOI071	638	638	3	MA	ma	_	_	_	_	_	linguistic	_	none	Volume=high	_	_	_	_	0-2(124)
638-4	BOI071	638	638	4	NON	non	_	_	_	_	_	linguistic	_	none	Volume=high	_	_	_	_	0-3(124)
638-5	BOI071	638	638	5	A	a	_	_	_	_	_	linguistic	_	none	Volume=high	_	_	_	_	0-1(124)
638-6	BOI071	638	638	6	S]AN	san	_	_	_	_	_	linguistic	_	none	Volume=high	_	_	_	_	0-1(124)
638-7	BOI071	638	638	7	LUCA	luca	_	_	_	_	_	linguistic	_	none	Volume=high	_	_	_	_	_
638-8	BOI071	638	638	8	pe[rò	però	_	_	_	_	_	linguistic	_	none	_	_	_	_	_	2-4(123)
638-9	BOI071	638	638	9	sì]	sì	_	_	_	_	_	linguistic	_	none	_	_	_	_	_	0-2(123)
638-10	BOI071	638	638	10	in	in	_	_	_	_	_	linguistic	_	none	_	_	_	_	_	_
638-11	BOI071	638	638	11	un	un	_	_	_	_	_	linguistic	_	none	_	_	_	_	_	_
638-12	BOI071	638	638	12	quartiere	quartiere	_	_	_	_	_	linguistic	_	none	_	_	_	_	_	_
638-13	BOI071	638	638	13	quando	quando	_	_	_	_	_	linguistic	_	none	_	_	_	_	_	_
638-14	BOI071	638	638	14	ero	ero	_	_	_	_	_	linguistic	_	none	_	_	_	_	_	_
638-15	BOI071	638	638	15	incazzato	incazzato	_	_	_	_	_	linguistic	_	none	_	_	_	_	_	_
638-16	BOI071	638	638	16	mi	mi	_	_	_	_	_	linguistic	_	none	_	_	_	_	_	_
638-17	BOI071	638	638	17	prendevo	prendevo	_	_	_	_	_	linguistic	_	none	_	_	_	_	_	_
638-18	BOI071	638	638	18	così	così	_	_	_	_	_	linguistic	_	none	_	_	_	_	_	_
638-19	BOI071	638	638	19	e	e	_	_	_	_	_	linguistic	_	none	_	_	_	_	_	_
638-20	BOI071	638	638	20	andavo	andavo	_	_	_	_	_	linguistic	_	none	_	End=1211.709	_	_	_	_
639-0	BOI070	639	639	0	[(no	no	_	_	_	_	_	linguistic	_	none	_	Begin=1206.976	_	_	0-2(0)	0-2(124)
639-1	BOI070	639	639	1	da	da	_	_	_	_	_	linguistic	_	none	_	_	_	_	0-2(0)	0-2(124)
639-2	BOI070	639	639	2	noi)	noi	_	_	_	_	_	linguistic	_	none	_	_	_	_	0-3(0)	0-3(124)
639-3	BOI070	639	639	3	è	è	_	_	_	_	_	linguistic	_	none	_	_	_	_	_	0-1(124)
639-4	BOI070	639	639	4	successo]	successo	_	_	_	_	_	linguistic	_	none	_	End=1207.965	_	_	_	0-8(124)
640-0	BOI070	640	640	0	[(da)	da	_	_	_	_	_	linguistic	_	none	_	Begin=1208.558	_	_	0-2(0)	0-2(123)
640-1	BOI070	640	640	1	me	me	_	_	_	_	_	linguistic	_	none	_	_	_	_	_	0-2(123)
640-2	BOI070	640	640	2	sì]	sì	_	_	_	_	_	linguistic	_	none	_	End=1209.116	_	_	_	0-2(123)
641-0	BOR021	641	641	0	((ride))	((ride))	_	_	_	_	_	nonverbalbehavior	_	none	_	Begin=1211.383|End=1211.76	_	_	_	_
642-0	BOI070	642	642	0	eh	eh	_	_	_	_	_	linguistic	_	none	_	Begin=1212.023	_	_	_	_
642-1	BOI070	642	642	1	an[che	anche	_	_	_	_	_	linguistic	_	none	_	_	_	_	_	2-5(125)
642-2	BOI070	642	642	2	io	io	_	_	_	_	_	linguistic	_	none	_	_	_	_	_	0-2(125)
642-3	BOI070	642	642	3	magari	magari	_	_	_	_	_	linguistic	_	none	_	_	_	_	_	0-6(125)
642-4	BOI070	642	642	4	anche	anche	_	_	_	_	_	linguistic	_	none	_	_	_	_	_	0-5(125)
642-5	BOI070	642	642	5	a	a	_	_	_	_	_	linguistic	_	none	_	_	_	_	_	0-1(125)
642-6	BOI070	642	642	6	m]e	me	_	_	_	_	_	linguistic	_	none	_	_	_	_	_	0-1(125)
642-7	BOI070	642	642	7	magari	magari	_	_	_	_	_	linguistic	_	none	_	_	_	_	_	_
642-8	BOI070	642	642	8	sai	sai	_	_	_	_	_	linguistic	_	none	_	_	_	_	_	_
642-9	BOI070	642	642	9	che	che	_	_	_	_	_	linguistic	_	none	_	_	_	_	_	_
642-10	BOI070	642	642	10	ne	ne	_	_	_	_	_	linguistic	_	none	_	_	_	_	_	_
642-11	BOI070	642	642	11	so	so	_	_	_	_	_	linguistic	_	none	_	_	_	_	_	_
642-12	BOI070	642	642	12	un	un	_	_	_	_	_	linguistic	_	none	_	_	_	_	_	_
642-13	BOI070	642	642	13	sabato:::	sabato	_	_	_	_	_	linguistic	_	none	_	End=1215.348	5x3	_	_	_
643-0	BOI071	643	643	0	[xxxx]	xxxx	_	_	_	_	_	unknown	_	none	Syllables=4	Begin=1212.372|End=1213.229	_	_	_	0-4(125)
644-0	BOI070	644	644	0	te	te	_	_	_	_	_	linguistic	_	none	_	Begin=1215.918	_	_	_	_
644-1	BOI070	644	644	1	lo	lo	_	_	_	_	_	linguistic	_	none	_	_	_	_	_	_
644-2	BOI070	644	644	2	passi	passi	_	_	_	_	_	linguistic	_	none	_	_	_	_	_	_
644-3	BOI070	644	644	3	di	di	_	_	_	_	_	linguistic	_	none	_	_	_	_	_	_
644-4	BOI070	644	644	4	merda	merda	_	_	_	_	_	linguistic	_	none	_	_	_	_	_	_
644-5	BOI070	644	644	5	e	e	_	_	_	_	_	linguistic	_	none	_	_	_	_	_	_
644-6	BOI070	644	644	6	dici	dici	_	_	_	_	_	linguistic	_	none	_	_	_	_	_	_
644-7	BOI070	644	644	7	ma	ma	_	_	_	_	_	linguistic	_	none	_	_	_	_	_	_
644-8	BOI070	644	644	8	sai	sai	_	_	_	_	_	linguistic	_	none	_	_	_	_	_	_
644-9	BOI070	644	644	9	cosa	cosa	_	_	_	_	_	linguistic	_	none	_	_	_	_	_	_
644-10	BOI070	644	644	10	io	io	_	_	_	_	_	linguistic	_	none	_	_	_	_	_	_
644-11	BOI070	644	644	11	non	non	_	_	_	_	_	linguistic	_	none	_	_	_	_	_	_
644-12	BOI070	644	644	12	vado	vado	_	_	_	_	_	linguistic	_	none	_	_	_	_	_	_
644-13	BOI070	644	644	13	a	a	_	_	_	_	_	linguistic	_	none	_	_	_	_	_	_
644-14	BOI070	644	644	14	uscire	uscire	_	_	_	_	_	linguistic	_	none	_	_	_	_	_	_
644-15	BOI070	644	644	15	a	a	_	_	_	_	_	linguistic	_	none	_	_	_	_	_	_
644-16	BOI070	644	644	16	bere	bere	_	_	_	_	_	linguistic	_	none	_	_	_	_	_	_
644-17	BOI070	644	644	17	co(n)	con	_	_	_	_	_	linguistic	_	none	_	_	_	_	2-3(0)	_
644-18	BOI070	644	644	18	i	i	_	_	_	_	_	linguistic	_	none	_	_	_	_	_	_
644-19	BOI070	644	644	19	miei	miei	_	_	_	_	_	linguistic	_	none	_	_	_	_	_	_
644-20	BOI070	644	644	20	amici	amici	_	_	_	_	_	linguistic	_	none	_	_	_	_	_	_
644-21	BOI070	644	644	21	sai	sai	_	_	_	_	_	linguistic	_	none	_	_	_	_	_	_
644-22	BOI070	644	644	22	cosa	cosa	_	_	_	_	_	linguistic	_	none	_	_	_	_	_	_
644-23	BOI070	644	644	23	cosa	cosa	_	_	_	_	_	linguistic	_	none	_	_	_	_	_	_
644-24	BOI070	644	644	24	faccio,	faccio	_	_	_	_	_	linguistic	_	none	Intonation=WeaklyRising	_	_	_	_	_
644-25	BOI070	644	644	25	mh	mh	_	_	_	_	_	linguistic	_	none	_	_	_	_	_	_
644-26	BOI070	644	644	26	vado	vado	_	_	_	_	_	linguistic	_	none	_	_	_	_	_	_
644-27	BOI070	644	644	27	a	a	_	_	_	_	_	linguistic	_	none	_	_	_	_	_	_
644-28	BOI070	644	644	28	correre	correre	_	_	_	_	_	linguistic	_	none	_	_	_	_	_	_
644-29	BOI070	644	644	29	a	a	_	_	_	_	_	linguistic	_	none	_	_	_	_	_	_
644-30	BOI070	644	644	30	san	san	_	_	_	_	_	linguistic	_	none	_	_	_	_	_	_
644-31	BOI070	644	644	31	luca	luca	_	_	_	_	_	linguistic	_	none	_	_	_	_	_	_
644-32	BOI070	644	644	32	perché	perché	_	_	_	_	_	linguistic	_	none	_	_	_	_	_	_
644-33	BOI070	644	644	33	sono	sono	_	_	_	_	_	linguistic	_	none	_	_	_	_	_	_
644-34	BOI070	644	644	34	incazzato	incazzato	_	_	_	_	_	linguistic	_	none	_	_	_	_	_	_
644-35	BOI070	644	644	35	duro	duro	_	_	_	_	_	linguistic	_	none	_	End=1221.992	_	_	_	_
645-0	BOI070	645	645	0	[xx	xx	_	_	_	_	_	unknown	_	none	Syllables=2	Begin=1222.639	_	_	_	0-2(126)
645-1	BOI070	645	645	1	eh	eh	_	_	_	_	_	linguistic	_	none	_	_	_	_	_	0-2(126)
645-2	BOI070	645	645	2	è	è	_	_	_	_	_	linguistic	_	none	_	_	_	_	_	0-1(126)
645-3	BOI070	645	645	3	un	un	_	_	_	_	_	linguistic	_	none	_	_	_	_	_	0-2(126)
645-4	BOI070	645	645	4	tip]o	tipo	_	_	_	_	_	linguistic	_	none	_	_	_	_	_	0-3(126)
645-5	BOI070	645	645	5	di	di	_	_	_	_	_	linguistic	_	none	_	_	_	_	_	_
645-6	BOI070	645	645	6	serata	serata	_	_	_	_	_	linguistic	_	none	_	End=1224.395	_	_	_	_
646-0	BOR021	646	646	0	[beh	beh	_	_	_	_	_	linguistic	_	none	PauseAfter=Yes	Begin=1222.651	_	_	_	0-3(126)
646-1	BOR021	646	646	1	(.)	(.)	_	_	_	_	_	shortpause	_	none	_	_	_	_	_	_
646-2	BOR021	646	646	2	ci	ci	_	_	_	_	_	linguistic	_	none	_	_	_	_	_	0-2(126)
646-3	BOR021	646	646	3	può	può	_	_	_	_	_	linguistic	_	none	_	_	_	_	_	0-3(126)
646-4	BOR021	646	646	4	stare:]	stare	_	_	_	_	_	linguistic	_	none	_	End=1223.593	4x1	_	_	0-5(126)
647-0	BOI070	647	647	0	però	però	_	_	_	_	_	linguistic	_	none	_	Begin=1224.43	_	_	_	_
647-1	BOI070	647	647	1	e:h	eh	_	_	_	_	_	linguistic	_	none	_	_	0x1	_	_	_
647-2	BOI070	647	647	2	serata	serata	_	_	_	_	_	linguistic	_	none	_	_	_	_	_	_
647-3	BOI070	647	647	3	bolognese	bolognese	_	_	_	_	_	linguistic	_	none	_	_	_	_	_	_
647-4	BOI070	647	647	4	poi	poi	_	_	_	_	_	linguistic	_	none	_	_	_	_	_	_
647-5	BOI070	647	647	5	non	non	_	_	_	_	_	linguistic	_	none	_	_	_	_	_	_
647-6	BOI070	647	647	6	so	so	_	_	_	_	_	linguistic	_	none	_	_	_	_	_	_
647-7	BOI070	647	647	7	se	se	_	_	_	_	_	linguistic	_	none	_	_	_	_	_	_
647-8	BOI070	647	647	8	magari	magari	_	_	_	_	_	linguistic	_	none	_	_	_	_	_	_
647-9	BOI070	647	647	9	in	in	_	_	_	_	_	linguistic	_	none	_	_	_	_	_	_
647-10	BOI070	647	647	10	altre	altre	_	_	_	_	_	linguistic	_	none	_	_	_	_	_	_
647-11	BOI070	647	647	11	città	città	_	_	_	_	_	linguistic	_	none	_	_	_	_	_	_
647-12	BOI070	647	647	12	è	è	_	_	_	_	_	linguistic	_	none	_	_	_	_	_	_
647-13	BOI070	647	647	13	così	così	_	_	_	_	_	linguistic	_	none	_	End=1227.372	_	_	_	_
648-0	BOR021	648	648	0	non	non	_	_	_	_	_	linguistic	_	none	_	Begin=1227.662	_	_	_	_
648-1	BOR021	648	648	1	cred[o]	credo	_	_	_	_	_	linguistic	_	none	_	End=1228.244	_	_	_	4-5(127)
649-0	BOI070	649	649	0	[ok]ay	okay	_	_	_	_	_	linguistic	_	none	_	Begin=1228.174	_	_	_	0-2(127)
649-1	BOI070	649	649	1	bolognese	bolognese	_	_	_	_	_	linguistic	_	none	_	_	_	_	_	_
649-2	BOI070	649	649	2	incazzato	incazzato	_	_	_	_	_	linguistic	_	none	_	_	_	_	_	_
649-3	BOI070	649	649	3	[sappiatelo]	sappiatelo	_	_	_	_	_	linguistic	_	none	_	End=1230.174	_	_	_	0-10(128)
650-0	BOR021	650	650	0	((ride))	((ride))	_	_	_	_	_	nonverbalbehavior	_	none	_	Begin=1228.453|End=1228.965	_	_	_	_
651-0	BOR021	651	651	0	[>bolognese	bolognese	_	_	_	_	_	linguistic	_	none	_	Begin=1229.604	_	Fast=0-9(0)	_	0-9(128)
651-1	BOR021	651	651	1	incazza]to<	incazzato	_	_	_	_	_	linguistic	_	none	_	_	_	Fast=0-9(0)	_	0-7(128)
651-2	BOR021	651	651	2	se	se	_	_	_	_	_	linguistic	_	none	_	_	_	_	_	_
651-3	BOR021	651	651	3	ne	ne	_	_	_	_	_	linguistic	_	none	_	_	_	_	_	_
651-4	BOR021	651	651	4	va	va	_	_	_	_	_	linguistic	_	none	_	End=1230.697	_	_	_	_
652-0	BOI070	652	652	0	sap~	sap~	_	_	_	_	_	linguistic	_	none	Interrupted=Yes	Begin=1230.825	_	_	_	_
652-1	BOI070	652	652	1	esatto	esatto	_	_	_	_	_	linguistic	_	none	_	_	_	_	_	_
652-2	BOI070	652	652	2	(>adesso<)	adesso	_	_	_	_	_	linguistic	_	none	_	_	_	Fast=0-6(0)	0-6(0)	_
652-3	BOI070	652	652	3	sappiatelo	sappiatelo	_	_	_	_	_	linguistic	_	none	_	_	_	Slow=0-10(0)	_	_
652-4	BOI070	652	652	4	sta	sta	_	_	_	_	_	linguistic	_	none	_	_	_	Slow=0-3(0)	_	_
652-5	BOI070	652	652	5	cosa	cosa	_	_	_	_	_	linguistic	_	none	_	_	_	Slow=0-4(0)	_	_
652-6	BOI070	652	652	6	il	il	_	_	_	_	_	linguistic	_	none	_	_	_	Slow=0-2(0)	_	_
652-7	BOI070	652	652	7	>bolognese<	bolognese	_	_	_	_	_	linguistic	_	none	_	_	_	Fast=0-9(1)	_	_
652-8	BOI070	652	652	8	incazzato	incazzato	_	_	_	_	_	linguistic	_	none	_	_	_	_	_	_
652-9	BOI070	652	652	9	prende	prende	_	_	_	_	_	linguistic	_	none	_	_	_	_	_	_
652-10	BOI070	652	652	10	e	e	_	_	_	_	_	linguistic	_	none	_	_	_	_	_	_
652-11	BOI070	652	652	11	si	si	_	_	_	_	_	linguistic	_	none	_	_	_	_	_	_
652-12	BOI070	652	652	12	va	va	_	_	_	_	_	linguistic	_	none	_	_	_	_	_	_
652-13	BOI070	652	652	13	a	a	_	_	_	_	_	linguistic	_	none	_	_	_	_	_	_
652-14	BOI070	652	652	14	fare	fare	_	_	_	_	_	linguistic	_	none	_	_	_	_	_	_
652-15	BOI070	652	652	15	una	una	_	_	_	_	_	linguistic	_	none	_	_	_	_	_	_
652-16	BOI070	652	652	16	corsa	corsa	_	_	_	_	_	linguistic	_	none	_	_	_	_	_	_
652-17	BOI070	652	652	17	a	a	_	_	_	_	_	linguistic	_	none	_	_	_	_	_	_
652-18	BOI070	652	652	18	san	san	_	_	_	_	_	linguistic	_	none	_	_	_	_	_	_
652-19	BOI070	652	652	19	luca	luca	_	_	_	_	_	linguistic	_	none	_	End=1234.674	_	_	_	_
653-0	BOR021	653	653	0	((ride))	((ride))	_	_	_	_	_	nonverbalbehavior	_	none	_	Begin=1234.686|End=1235.255	_	_	_	_
654-0	BOI070	654	654	0	o[kay],	okay	_	_	_	_	_	linguistic	_	none	Intonation=WeaklyRising	Begin=1235.651|End=1236.127	_	_	_	1-4(129)
655-0	BOR021	655	655	0	[xxx	xxx	_	_	_	_	_	unknown	_	none	Syllables=3	Begin=1235.779	_	_	_	0-3(?)
655-1	BOR021	655	655	1	certificato]	certificato	_	_	_	_	_	linguistic	_	none	_	End=1236.907	_	_	_	0-11(?)
656-0	BOI071	656	656	0	[torna	torna	_	_	_	_	_	linguistic	_	none	_	Begin=1236.255	_	_	_	0-5(130)
656-1	BOI071	656	656	1	nelle	nelle	_	_	_	_	_	linguistic	_	none	_	_	_	_	_	0-5(130)
656-2	BOI071	656	656	2	sue]	sue	_	_	_	_	_	linguistic	_	none	_	_	_	_	_	0-3(130)
656-3	BOI071	656	656	3	origini	origini	_	_	_	_	_	linguistic	_	none	PauseAfter=Yes	_	_	_	_	_
656-4	BOI071	656	656	4	(.)	(.)	_	_	_	_	_	shortpause	_	none	_	_	_	_	_	_
656-5	BOI071	656	656	5	esatto	esatto	_	_	_	_	_	linguistic	_	none	_	End=1237.93	_	_	_	_
657-0	BOR021	657	657	0	((ride))	((ride))	_	_	_	_	_	nonverbalbehavior	_	none	_	Begin=1237.581|End=1238.36	_	_	_	_
658-0	BOR021	658	658	0	ci	ci	_	_	_	_	_	linguistic	_	none	_	Begin=1238.5	_	_	_	_
658-1	BOR021	658	658	1	sta	sta	_	_	_	_	_	linguistic	_	none	_	End=1238.94	_	_	_	_
659-0	BOR021	659	659	0	[vabbè]	vabbè	_	_	_	_	_	linguistic	_	none	_	Begin=1239.302|End=1239.609	_	_	_	0-5(131)
660-0	BOI070	660	660	0	[mah]	mah	_	_	_	_	_	linguistic	_	none	PauseAfter=Yes	Begin=1239.302	_	_	_	0-3(131)
660-1	BOI070	660	660	1	(.)	(.)	_	_	_	_	_	shortpause	_	none	_	_	_	_	_	_
660-2	BOI070	660	660	2	le	le	_	_	_	_	_	linguistic	_	none	_	_	_	_	_	_
660-3	BOI070	660	660	3	serate::	serate	_	_	_	_	_	linguistic	_	none	_	_	5x2	_	_	_
660-4	BOI070	660	660	4	mh	mh	_	_	_	_	_	linguistic	_	none	_	_	_	_	_	_
660-5	BOI070	660	660	5	a	a	_	_	_	_	_	linguistic	_	none	_	_	_	_	_	_
660-6	BOI070	660	660	6	bologna	bologna	_	_	_	_	_	linguistic	_	none	_	_	_	_	_	_
660-7	BOI070	660	660	7	ce	ce	_	_	_	_	_	linguistic	_	none	_	_	_	_	_	_
660-8	BOI070	660	660	8	ne	ne	_	_	_	_	_	linguistic	_	none	_	_	_	_	_	_
660-9	BOI070	660	660	9	sono	sono	_	_	_	_	_	linguistic	_	none	_	End=1242.36	_	_	_	_
661-0	BOI070	661	661	0	ci	ci	_	_	_	_	_	linguistic	_	none	_	Begin=1242.441	_	_	_	_
661-1	BOI070	661	661	1	sono	sono	_	_	_	_	_	linguistic	_	none	_	_	_	_	_	_
661-2	BOI070	661	661	2	varie	varie	_	_	_	_	_	linguistic	_	none	_	_	_	_	_	_
661-3	BOI070	661	661	3	discoteche	discoteche	_	_	_	_	_	linguistic	_	none	_	_	_	_	_	_
661-4	BOI070	661	661	4	chiaramente::	chiaramente	_	_	_	_	_	linguistic	_	none	_	End=1244.627	10x2	_	_	_
662-0	BOR021	662	662	0	eh	eh	_	_	_	_	_	linguistic	_	none	_	Begin=1244.651	_	_	_	_
662-1	BOR021	662	662	1	ma	ma	_	_	_	_	_	linguistic	_	none	_	_	_	_	_	_
662-2	BOR021	662	662	2	tipo	tipo	_	_	_	_	_	linguistic	_	none	_	_	_	_	_	_
662-3	BOR021	662	662	3	a	a	_	_	_	_	_	linguistic	_	none	_	_	_	_	_	_
662-4	BOR021	662	662	4	te	te	_	_	_	_	_	linguistic	_	none	_	_	_	_	_	_
662-5	BOR021	662	662	5	cosa	cosa	_	_	_	_	_	linguistic	_	none	_	_	_	_	_	_
662-6	BOR021	662	662	6	piace	piace	_	_	_	_	_	linguistic	_	none	_	_	_	_	_	_
662-7	BOR021	662	662	7	fare,	fare	_	_	_	_	_	linguistic	_	none	Intonation=WeaklyRising	End=1246.104	_	_	_	_
663-0	BOR021	663	663	0	c(io)è	cioè	_	_	_	_	_	linguistic	_	none	Reduced=Yes	Begin=1246.29	_	_	_	_
663-1	BOR021	663	663	1	tu	tu	_	_	_	_	_	linguistic	_	none	_	_	_	_	_	_
663-2	BOR021	663	663	2	dove	dove	_	_	_	_	_	linguistic	_	none	_	_	_	_	_	_
663-3	BOR021	663	663	3	m::h	mh	_	_	_	_	_	linguistic	_	none	_	End=1247.36	0x2	_	_	_
664-0	BOR021	664	664	0	dove	dove	_	_	_	_	_	linguistic	_	none	_	Begin=1247.581	_	_	_	_
664-1	BOR021	664	664	1	ti	ti	_	_	_	_	_	linguistic	_	none	_	_	_	_	_	_
664-2	BOR021	664	664	2	piace	piace	_	_	_	_	_	linguistic	_	none	_	_	_	_	_	_
664-3	BOR021	664	664	3	andare	andare	_	_	_	_	_	linguistic	_	none	_	_	_	_	_	_
664-4	BOR021	664	664	4	se	se	_	_	_	_	_	linguistic	_	none	_	_	_	_	_	_
664-5	BOR021	664	664	5	vuoi	vuoi	_	_	_	_	_	linguistic	_	none	_	_	_	_	_	_
664-6	BOR021	664	664	6	uscire	uscire	_	_	_	_	_	linguistic	_	none	_	_	_	_	_	_
664-7	BOR021	664	664	7	così	così	_	_	_	_	_	linguistic	_	none	_	_	_	_	_	_
664-8	BOR021	664	664	8	a	a	_	_	_	_	_	linguistic	_	none	_	_	_	_	_	_
664-9	BOR021	664	664	9	divertirti	divertirti	_	_	_	_	_	linguistic	_	none	_	_	_	_	_	_
664-10	BOR021	664	664	10	la	la	_	_	_	_	_	linguistic	_	none	_	_	_	_	_	_
664-11	BOR021	664	664	11	sera	sera	_	_	_	_	_	linguistic	_	none	_	_	_	_	_	_
664-12	BOR021	664	664	12	a	a	_	_	_	_	_	linguistic	_	none	_	_	_	_	_	_
664-13	BOR021	664	664	13	bologna?	bologna	_	_	_	_	_	linguistic	_	none	Intonation=Rising	_	_	_	_	_
664-14	BOR021	664	664	14	in	in	_	_	_	_	_	linguistic	_	none	_	_	_	_	_	_
664-15	BOR021	664	664	15	che	che	_	_	_	_	_	linguistic	_	none	_	_	_	_	_	_
664-16	BOR021	664	664	16	zona?	zona	_	_	_	_	_	linguistic	_	none	Intonation=Rising	End=1251.058	_	_	_	_
665-0	BOI070	665	665	0	allora	allora	_	_	_	_	_	linguistic	_	none	_	Begin=1252.383	_	_	_	_
665-1	BOI070	665	665	1	io	io	_	_	_	_	_	linguistic	_	none	_	_	_	_	_	_
665-2	BOI070	665	665	2	intanto::	intanto	_	_	_	_	_	linguistic	_	none	PauseAfter=Yes	_	6x2	_	_	_
665-3	BOI070	665	665	3	(.)	(.)	_	_	_	_	_	shortpause	_	none	_	_	_	_	_	_
665-4	BOI070	665	665	4	((ride))	((ride))	_	_	_	_	_	nonverbalbehavior	_	none	_	End=1253.857	_	_	_	_
666-0	BOI070	666	666	0	verrei	verrei	_	_	_	_	_	linguistic	_	none	_	Begin=1254.604	_	_	_	_
666-1	BOI070	666	666	1	verso	verso	_	_	_	_	_	linguistic	_	none	_	_	_	_	_	_
666-2	BOI070	666	666	2	il	il	_	_	_	_	_	linguistic	_	none	_	_	_	_	_	_
666-3	BOI070	666	666	3	centro	centro	_	_	_	_	_	linguistic	_	none	_	_	_	_	_	_
666-4	BOI070	666	666	4	storico	storico	_	_	_	_	_	linguistic	_	none	_	End=1255.848	_	_	_	_
667-0	BOR021	667	667	0	beh	beh	_	_	_	_	_	linguistic	_	none	_	Begin=1256.104|End=1256.407	_	_	_	_
668-0	BOR021	668	668	0	c[i	ci	_	_	_	_	_	linguistic	_	none	_	Begin=1256.837	_	_	_	1-2(132)
668-1	BOR021	668	668	1	sta]	sta	_	_	_	_	_	linguistic	_	none	_	End=1257.244	_	_	_	0-3(132)
669-0	BOI070	669	669	0	[oka]y	okay	_	_	_	_	_	linguistic	_	none	_	Begin=1256.895|End=1257.29	_	_	_	0-3(132)
670-0	BOI070	670	670	0	poi	poi	_	_	_	_	_	linguistic	_	none	_	Begin=1257.848	_	_	_	_
670-1	BOI070	670	670	1	magari	magari	_	_	_	_	_	linguistic	_	none	_	_	_	_	_	_
670-2	BOI070	670	670	2	andrei	andrei	_	_	_	_	_	linguistic	_	none	_	_	_	_	_	_
670-3	BOI070	670	670	3	anche	anche	_	_	_	_	_	linguistic	_	none	_	_	_	_	_	_
670-4	BOI070	670	670	4	in	in	_	_	_	_	_	linguistic	_	none	_	_	_	_	_	_
670-5	BOI070	670	670	5	zona	zona	_	_	_	_	_	linguistic	_	none	_	_	_	_	_	_
670-6	BOI070	670	670	6	universitaria	universitaria	_	_	_	_	_	linguistic	_	none	_	End=1259.825	_	_	_	_
671-0	BOR021	671	671	0	zamboni?	zamboni	_	_	_	_	_	linguistic	_	none	Intonation=Rising	Begin=1260.5|End=1260.965	_	_	_	_
672-0	BOI070	672	672	0	m::h	mh	_	_	_	_	_	linguistic	_	none	_	Begin=1261.569	0x2	_	_	_
672-1	BOI070	672	672	1	zamboni	zamboni	_	_	_	_	_	linguistic	_	none	_	_	_	_	_	_
672-2	BOI070	672	672	2	è	è	_	_	_	_	_	linguistic	_	none	_	_	_	_	_	_
672-3	BOI070	672	672	3	molto	molto	_	_	_	_	_	linguistic	_	none	_	_	_	_	_	_
672-4	BOI070	672	672	4	degradata	degradata	_	_	_	_	_	linguistic	_	none	_	_	_	_	_	_
672-5	BOI070	672	672	5	ogni	ogni	_	_	_	_	_	linguistic	_	none	_	_	_	_	_	_
672-6	BOI070	672	672	6	tanto:	tanto	_	_	_	_	_	linguistic	_	none	_	_	4x1	_	_	_
672-7	BOI070	672	672	7	sì	sì	_	_	_	_	_	linguistic	_	none	_	End=1264.22	_	_	_	_
673-0	BOI070	673	673	0	ci	ci	_	_	_	_	_	linguistic	_	none	_	Begin=1264.302	_	_	_	_
673-1	BOI070	673	673	1	sono	sono	_	_	_	_	_	linguistic	_	none	_	_	_	_	_	_
673-2	BOI070	673	673	2	dei	dei	_	_	_	_	_	linguistic	_	none	_	_	_	_	_	_
673-3	BOI070	673	673	3	momenti	momenti	_	_	_	_	_	linguistic	_	none	_	_	_	_	_	_
673-4	BOI070	673	673	4	dove	dove	_	_	_	_	_	linguistic	_	none	PauseAfter=Yes	_	_	_	_	_
673-5	BOI070	673	673	5	(.)	(.)	_	_	_	_	_	shortpause	_	none	_	_	_	_	_	_
673-6	BOI070	673	673	6	ci	ci	_	_	_	_	_	linguistic	_	none	_	_	_	_	_	_
673-7	BOI070	673	673	7	sono	sono	_	_	_	_	_	linguistic	_	none	_	_	_	_	_	_
673-8	BOI070	673	673	8	dei	dei	_	_	_	_	_	linguistic	_	none	_	_	_	_	_	_
673-9	BOI070	673	673	9	periodi	periodi	_	_	_	_	_	linguistic	_	none	_	_	_	_	_	_
673-10	BOI070	673	673	10	più	più	_	_	_	_	_	linguistic	_	none	_	_	_	_	_	_
673-11	BOI070	673	673	11	che	che	_	_	_	_	_	linguistic	_	none	_	_	_	_	_	_
673-12	BOI070	673	673	12	altro	altro	_	_	_	_	_	linguistic	_	none	_	_	_	_	_	_
673-13	BOI070	673	673	13	dove	dove	_	_	_	_	_	linguistic	_	none	_	_	_	_	_	_
673-14	BOI070	673	673	14	vai	vai	_	_	_	_	_	linguistic	_	none	_	_	_	_	_	_
673-15	BOI070	673	673	15	più:	più	_	_	_	_	_	linguistic	_	none	_	_	2x1	_	_	_
673-16	BOI070	673	673	16	in	in	_	_	_	_	_	linguistic	_	none	_	_	_	_	_	_
673-17	BOI070	673	673	17	un	un	_	_	_	_	_	linguistic	_	none	_	_	_	_	_	_
673-18	BOI070	673	673	18	posto	posto	_	_	_	_	_	linguistic	_	none	_	_	_	_	_	_
673-19	BOI070	673	673	19	più	più	_	_	_	_	_	linguistic	_	none	_	_	_	_	_	_
673-20	BOI070	673	673	20	in	in	_	_	_	_	_	linguistic	_	none	_	_	_	_	_	_
673-21	BOI070	673	673	21	un	un	_	_	_	_	_	linguistic	_	none	_	_	_	_	_	_
673-22	BOI070	673	673	22	altro:	altro	_	_	_	_	_	linguistic	_	none	_	End=1268.488	4x1	_	_	_
674-0	BOI070	674	674	0	anche	anche	_	_	_	_	_	linguistic	_	none	_	Begin=1269.186	_	_	_	_
674-1	BOI070	674	674	1	per	per	_	_	_	_	_	linguistic	_	none	_	_	_	_	_	_
674-2	BOI070	674	674	2	cambiare	cambiare	_	_	_	_	_	linguistic	_	none	_	_	_	_	_	_
674-3	BOI070	674	674	3	un	un	_	_	_	_	_	linguistic	_	none	_	_	_	_	_	_
674-4	BOI070	674	674	4	po'	po'	_	_	_	_	_	linguistic	_	none	_	_	_	_	_	_
674-5	BOI070	674	674	5	aria	aria	_	_	_	_	_	linguistic	_	none	_	_	_	_	_	_
674-6	BOI070	674	674	6	no?	no	_	_	_	_	_	linguistic	_	none	Intonation=Rising	End=1270.523	_	_	_	_
675-0	BOR021	675	675	0	mhmh	mhmh	_	_	_	_	_	linguistic	_	none	_	Begin=1270.686|End=1271.143	_	_	_	_
676-0	BOI070	676	676	0	e:::	e	_	_	_	_	_	linguistic	_	none	_	Begin=1271.325|End=1271.802	0x3	_	_	_
677-0	BOI070	677	677	0	>ci	ci	_	_	_	_	_	linguistic	_	none	_	Begin=1271.848	_	Fast=0-2(0)	_	_
677-1	BOI070	677	677	1	sono	sono	_	_	_	_	_	linguistic	_	none	_	_	_	Fast=0-4(0)	_	_
677-2	BOI070	677	677	2	anche	anche	_	_	_	_	_	linguistic	_	none	_	_	_	Fast=0-5(0)	_	_
677-3	BOI070	677	677	3	dei	dei	_	_	_	_	_	linguistic	_	none	_	_	_	Fast=0-3(0)	_	_
677-4	BOI070	677	677	4	periodi<	periodi	_	_	_	_	_	linguistic	_	none	_	_	_	Fast=0-7(0)	_	_
677-5	BOI070	677	677	5	dove	dove	_	_	_	_	_	linguistic	_	none	_	_	_	_	_	_
677-6	BOI070	677	677	6	vai	vai	_	_	_	_	_	linguistic	_	none	_	_	_	_	_	_
677-7	BOI070	677	677	7	più	più	_	_	_	_	_	linguistic	_	none	_	_	_	_	_	_
677-8	BOI070	677	677	8	in	in	_	_	_	_	_	linguistic	_	none	_	_	_	_	_	_
677-9	BOI070	677	677	9	discoteca	discoteca	_	_	_	_	_	linguistic	_	none	_	_	_	_	_	_
677-10	BOI070	677	677	10	e	e	_	_	_	_	_	linguistic	_	none	_	_	_	_	_	_
677-11	BOI070	677	677	11	te	te	_	_	_	_	_	linguistic	_	none	_	_	_	_	_	_
677-12	BOI070	677	677	12	ne	ne	_	_	_	_	_	linguistic	_	none	_	_	_	_	_	_
677-13	BOI070	677	677	13	sbatti	sbatti	_	_	_	_	_	linguistic	_	none	_	_	_	_	_	_
677-14	BOI070	677	677	14	il	il	_	_	_	_	_	linguistic	_	none	_	_	_	_	_	_
677-15	BOI070	677	677	15	cazzo	cazzo	_	_	_	_	_	linguistic	_	none	_	_	_	_	_	_
677-16	BOI070	677	677	16	di	di	_	_	_	_	_	linguistic	_	none	_	_	_	_	_	_
677-17	BOI070	677	677	17	(andare)	andare	_	_	_	_	_	linguistic	_	none	_	_	_	_	0-6(0)	_
677-18	BOI070	677	677	18	zamboni	zamboni	_	_	_	_	_	linguistic	_	none	_	_	_	_	_	_
677-19	BOI070	677	677	19	o:	o	_	_	_	_	_	linguistic	_	none	_	_	0x1	_	_	_
677-20	BOI070	677	677	20	in	in	_	_	_	_	_	linguistic	_	none	_	_	_	_	_	_
677-21	BOI070	677	677	21	piazza	piazza	_	_	_	_	_	linguistic	_	none	_	_	_	_	_	_
677-22	BOI070	677	677	22	verd[i	verdi	_	_	_	_	_	linguistic	_	none	_	_	_	_	_	4-5(133)
677-23	BOI070	677	677	23	no]?	no	_	_	_	_	_	linguistic	_	none	Intonation=Rising	End=1277.267	_	_	_	0-2(133)
678-0	BOR021	678	678	0	[(vero)]	vero	_	_	_	_	_	linguistic	_	none	_	Begin=1276.965|End=1277.276	_	_	0-4(0)	0-4(133)
679-0	BOI070	679	679	0	diciamo	diciamo	_	_	_	_	_	linguistic	_	none	_	Begin=1278.069	_	_	_	_
679-1	BOI070	679	679	1	che	che	_	_	_	_	_	linguistic	_	none	_	_	_	_	_	_
679-2	BOI070	679	679	2	è	è	_	_	_	_	_	linguistic	_	none	PauseAfter=Yes	_	_	_	_	_
679-3	BOI070	679	679	3	(.)	(.)	_	_	_	_	_	shortpause	_	none	_	_	_	_	_	_
679-4	BOI070	679	679	4	è	è	_	_	_	_	_	linguistic	_	none	_	_	_	_	_	_
679-5	BOI070	679	679	5	varia	varia	_	_	_	_	_	linguistic	_	none	_	End=1279.337	_	_	_	_
680-0	BOI070	680	680	0	a	a	_	_	_	_	_	linguistic	_	none	_	Begin=1279.5	_	_	_	_
680-1	BOI070	680	680	1	volte	volte	_	_	_	_	_	linguistic	_	none	_	_	_	_	_	_
680-2	BOI070	680	680	2	invece	invece	_	_	_	_	_	linguistic	_	none	_	_	_	_	_	_
680-3	BOI070	680	680	3	vai	vai	_	_	_	_	_	linguistic	_	none	_	_	_	_	_	_
680-4	BOI070	680	680	4	a	a	_	_	_	_	_	linguistic	_	none	_	_	_	_	_	_
680-5	BOI070	680	680	5	fare	fare	_	_	_	_	_	linguistic	_	none	_	_	_	_	_	_
680-6	BOI070	680	680	6	una	una	_	_	_	_	_	linguistic	_	none	_	_	_	_	_	_
680-7	BOI070	680	680	7	passeggiata	passeggiata	_	_	_	_	_	linguistic	_	none	_	_	_	_	_	_
680-8	BOI070	680	680	8	in	in	_	_	_	_	_	linguistic	_	none	_	_	_	_	_	_
680-9	BOI070	680	680	9	piazza	piazza	_	_	_	_	_	linguistic	_	none	_	_	_	_	_	_
680-10	BOI070	680	680	10	maggiore	maggiore	_	_	_	_	_	linguistic	_	none	_	_	_	_	_	_
680-11	BOI070	680	680	11	ti	ti	_	_	_	_	_	linguistic	_	none	_	_	_	_	_	_
680-12	BOI070	680	680	12	siedi	siedi	_	_	_	_	_	linguistic	_	none	_	_	_	_	_	_
680-13	BOI070	680	680	13	nella	nella	_	_	_	_	_	linguistic	_	none	_	_	_	_	_	_
680-14	BOI070	680	680	14	scalina:ta:	scalinata	_	_	_	_	_	linguistic	_	none	_	_	6x1,8x1	_	_	_
680-15	BOI070	680	680	15	e	e	_	_	_	_	_	linguistic	_	none	_	_	_	_	_	_
680-16	BOI070	680	680	16	stai	stai	_	_	_	_	_	linguistic	_	none	_	_	_	_	_	_
680-17	BOI070	680	680	17	lì	lì	_	_	_	_	_	linguistic	_	none	_	_	_	_	_	_
680-18	BOI070	680	680	18	eh	eh	_	_	_	_	_	linguistic	_	none	_	End=1283.848	_	_	_	_
681-0	BOI070	681	681	0	c(io)è	cioè	_	_	_	_	_	linguistic	_	none	Reduced=Yes	Begin=1284.364|End=1284.527	_	_	_	_
682-0	BOI070	682	682	0	ogni	ogni	_	_	_	_	_	linguistic	_	none	_	Begin=1284.889	_	_	_	_
682-1	BOI070	682	682	1	serata	serata	_	_	_	_	_	linguistic	_	none	_	_	_	_	_	_
682-2	BOI070	682	682	2	è	è	_	_	_	_	_	linguistic	_	none	_	_	_	_	_	_
682-3	BOI070	682	682	3	serata	serata	_	_	_	_	_	linguistic	_	none	_	End=1286.033	_	_	_	_
683-0	BOI070	683	683	0	però	però	_	_	_	_	_	linguistic	_	none	_	Begin=1286.489	_	_	_	_
683-1	BOI070	683	683	1	quando	quando	_	_	_	_	_	linguistic	_	none	_	_	_	_	_	_
683-2	BOI070	683	683	2	già	già	_	_	_	_	_	linguistic	_	none	_	_	_	_	_	_
683-3	BOI070	683	683	3	conosci	conosci	_	_	_	_	_	linguistic	_	none	_	_	_	_	_	_
683-4	BOI070	683	683	4	la	la	_	_	_	_	_	linguistic	_	none	_	_	_	_	_	_
683-5	BOI070	683	683	5	città:	città	_	_	_	_	_	linguistic	_	none	_	End=1288.307	4x1	_	_	_
684-0	BOI070	684	684	0	<appunto>	appunto	_	_	_	_	_	linguistic	_	none	_	Begin=1288.822	_	Slow=0-7(0)	_	_
684-1	BOI070	684	684	1	non	non	_	_	_	_	_	linguistic	_	none	_	_	_	_	_	_
684-2	BOI070	684	684	2	è	è	_	_	_	_	_	linguistic	_	none	_	_	_	_	_	_
684-3	BOI070	684	684	3	che	che	_	_	_	_	_	linguistic	_	none	PauseAfter=Yes	_	_	_	_	_
684-4	BOI070	684	684	4	(.)	(.)	_	_	_	_	_	shortpause	_	none	_	_	_	_	_	_
684-5	BOI070	684	684	5	((si_schiarisce_la_voce))	((si_schiarisce_la_voce))	_	_	_	_	_	nonverbalbehavior	_	none	_	_	_	_	_	_
684-6	BOI070	684	684	6	hai	hai	_	_	_	_	_	linguistic	_	none	_	_	_	_	_	_
684-7	BOI070	684	684	7	un	un	_	_	_	_	_	linguistic	_	none	_	_	_	_	_	_
684-8	BOI070	684	684	8	posto	posto	_	_	_	_	_	linguistic	_	none	_	_	_	_	_	_
684-9	BOI070	684	684	9	prestabilito	prestabilito	_	_	_	_	_	linguistic	_	none	_	_	_	_	_	_
684-10	BOI070	684	684	10	un	un	_	_	_	_	_	linguistic	_	none	_	_	_	_	_	_
684-11	BOI070	684	684	11	posto	posto	_	_	_	_	_	linguistic	_	none	_	End=1292.266	_	_	_	_
685-0	BOI070	685	685	0	m::h	mh	_	_	_	_	_	linguistic	_	none	_	Begin=1293.189	0x2	_	_	_
685-1	BOI070	685	685	1	che	che	_	_	_	_	_	linguistic	_	none	_	_	_	_	_	_
685-2	BOI070	685	685	2	è	è	_	_	_	_	_	linguistic	_	none	_	_	_	_	_	_
685-3	BOI070	685	685	3	quello	quello	_	_	_	_	_	linguistic	_	none	_	_	_	_	_	_
685-4	BOI070	685	685	4	e	e	_	_	_	_	_	linguistic	_	none	_	_	_	_	_	_
685-5	BOI070	685	685	5	ba:sta	basta	_	_	_	_	_	linguistic	_	none	_	_	1x1	_	_	_
685-6	BOI070	685	685	6	c(io)è	cioè	_	_	_	_	_	linguistic	_	none	Reduced=Yes	_	_	_	_	_
685-7	BOI070	685	685	7	lo	lo	_	_	_	_	_	linguistic	_	none	_	_	_	_	_	_
685-8	BOI070	685	685	8	cambi::	cambi	_	_	_	_	_	linguistic	_	none	_	End=1296.1	4x2	_	_	_
686-0	BOI071	686	686	0	e::h	eh	_	_	_	_	_	linguistic	_	none	_	Begin=1296.211	0x2	_	_	_
686-1	BOI071	686	686	1	[esci	esci	_	_	_	_	_	linguistic	_	none	_	_	_	_	_	0-4(134)
686-2	BOI071	686	686	2	un	un	_	_	_	_	_	linguistic	_	none	_	_	_	_	_	0-2(134)
686-3	BOI071	686	686	3	po']	po'	_	_	_	_	_	linguistic	_	none	_	_	_	_	_	0-3(134)
686-4	BOI071	686	686	4	e	e	_	_	_	_	_	linguistic	_	none	_	_	_	_	_	_
686-5	BOI071	686	686	5	vedi	vedi	_	_	_	_	_	linguistic	_	none	_	_	_	_	_	_
686-6	BOI071	686	686	6	un	un	_	_	_	_	_	linguistic	_	none	_	_	_	_	_	_
686-7	BOI071	686	686	7	po'	po'	_	_	_	_	_	linguistic	_	none	_	_	_	_	_	_
686-8	BOI071	686	686	8	come::	come	_	_	_	_	_	linguistic	_	none	_	_	3x2	_	_	_
686-9	BOI071	686	686	9	[con	con	_	_	_	_	_	linguistic	_	none	_	_	_	_	_	0-3(220)
686-10	BOI071	686	686	10	chi	chi	_	_	_	_	_	linguistic	_	none	_	_	_	_	_	0-3(220)
686-11	BOI071	686	686	11	ti	ti	_	_	_	_	_	linguistic	_	none	_	_	_	_	_	0-2(220)
686-12	BOI071	686	686	12	va:::]	va	_	_	_	_	_	linguistic	_	none	_	End=1299.511	1x3	_	_	0-2(220)
687-0	BOI070	687	687	0	[xxx]	xxx	_	_	_	_	_	unknown	_	none	Syllables=3	Begin=1296.389|End=1296.938	_	_	_	0-3(134)
688-0	BOI070	688	688	0	[xxxxx]	xxxxx	_	_	_	_	_	unknown	_	none	Syllables=5	Begin=1298.322|End=1299.122	_	_	_	0-5(220)
689-0	BOR021	689	689	0	[vabbè	vabbè	_	_	_	_	_	linguistic	_	none	_	Begin=1298.755	_	_	_	0-5(220)
689-1	BOR021	689	689	1	certo]	certo	_	_	_	_	_	linguistic	_	none	_	_	_	_	_	0-5(220)
689-2	BOR021	689	689	2	se	se	_	_	_	_	_	linguistic	_	none	_	End=1299.6	_	_	_	_
690-0	BOR021	690	690	0	se	se	_	_	_	_	_	linguistic	_	none	_	Begin=1299.889	_	_	_	_
690-1	BOR021	690	690	1	la	la	_	_	_	_	_	linguistic	_	none	_	_	_	_	_	_
690-2	BOR021	690	690	2	conosci	conosci	_	_	_	_	_	linguistic	_	none	_	_	_	_	_	_
690-3	BOR021	690	690	3	ecco	ecco	_	_	_	_	_	linguistic	_	none	_	_	_	_	_	_
690-4	BOR021	690	690	4	non	non	_	_	_	_	_	linguistic	_	none	_	_	_	_	_	_
690-5	BOR021	690	690	5	e::h	eh	_	_	_	_	_	linguistic	_	none	_	End=1301.466	0x2	_	_	_
691-0	BOR021	691	691	0	magari	magari	_	_	_	_	_	linguistic	_	none	_	Begin=1301.755	_	_	_	_
691-1	BOR021	691	691	1	[poi]	poi	_	_	_	_	_	linguistic	_	none	_	_	_	_	_	0-3(135)
691-2	BOR021	691	691	2	cambiate	cambiate	_	_	_	_	_	linguistic	_	none	_	_	_	_	_	_
691-3	BOR021	691	691	3	zona	zona	_	_	_	_	_	linguistic	_	none	PauseAfter=Yes	_	_	_	_	_
691-4	BOR021	691	691	4	(.)	(.)	_	_	_	_	_	shortpause	_	none	_	_	_	_	_	_
691-5	BOR021	691	691	5	voi	voi	_	_	_	_	_	linguistic	_	none	_	_	_	_	_	_
691-6	BOR021	691	691	6	che	che	_	_	_	_	_	linguistic	_	none	_	_	_	_	_	_
691-7	BOR021	691	691	7	la	la	_	_	_	_	_	linguistic	_	none	_	_	_	_	_	_
691-8	BOR021	691	691	8	conoscete	conoscete	_	_	_	_	_	linguistic	_	none	_	_	_	_	_	_
691-9	BOR021	691	691	9	sapete:	sapete	_	_	_	_	_	linguistic	_	none	_	End=1304.29	5x1	_	_	_
692-0	BOI071	692	692	0	[eh]	eh	_	_	_	_	_	linguistic	_	none	_	Begin=1301.955|End=1302.117	_	_	_	0-2(135)
693-0	BOI071	693	693	0	[mh]	mh	_	_	_	_	_	linguistic	_	none	_	Begin=1304.825|End=1304.914	_	_	_	0-2(136)
694-0	BOR021	694	694	0	[c](io)è	cioè	_	_	_	_	_	linguistic	_	none	_	Begin=1304.869|End=1305.03	_	_	1-3(0)	0-1(136)
695-0	BOR021	695	695	0	m::h	mh	_	_	_	_	_	linguistic	_	none	_	Begin=1305.186	0x2	_	_	_
695-1	BOR021	695	695	1	di	di	_	_	_	_	_	linguistic	_	none	_	_	_	_	_	_
695-2	BOR021	695	695	2	solito	solito	_	_	_	_	_	linguistic	_	none	_	_	_	_	_	_
695-3	BOR021	695	695	3	gli	gli	_	_	_	_	_	linguistic	_	none	_	_	_	_	_	_
695-4	BOR021	695	695	4	universitari	universitari	_	_	_	_	_	linguistic	_	none	_	_	_	_	_	_
695-5	BOR021	695	695	5	magari	magari	_	_	_	_	_	linguistic	_	none	_	_	_	_	_	_
695-6	BOR021	695	695	6	inizialmente	inizialmente	_	_	_	_	_	linguistic	_	none	_	_	_	_	_	_
695-7	BOR021	695	695	7	conoscono	conoscono	_	_	_	_	_	linguistic	_	none	_	_	_	_	_	_
695-8	BOR021	695	695	8	solo	solo	_	_	_	_	_	linguistic	_	none	_	_	_	_	_	_
695-9	BOR021	695	695	9	la	la	_	_	_	_	_	linguistic	_	none	_	_	_	_	_	_
695-10	BOR021	695	695	10	zona	zona	_	_	_	_	_	linguistic	_	none	_	_	_	_	_	_
695-11	BOR021	695	695	11	del	del	_	_	_	_	_	linguistic	_	none	_	_	_	_	_	_
695-12	BOR021	695	695	12	centro	centro	_	_	_	_	_	linguistic	_	none	_	_	_	_	_	_
695-13	BOR021	695	695	13	<cl[assico>]	classico	_	_	_	_	_	linguistic	_	none	_	End=1309.788	_	Slow=0-8(0)	_	2-8(221)
696-0	BOI070	696	696	0	[(piazza)	piazza	_	_	_	_	_	linguistic	_	none	_	Begin=1309.144	_	_	0-6(0)	0-6(221)
696-1	BOI070	696	696	1	ve:]rdi	verdi	_	_	_	_	_	linguistic	_	none	_	_	1x1	_	_	0-2(221)
696-2	BOI070	696	696	2	cos[ì]	così	_	_	_	_	_	linguistic	_	none	_	End=1310.712	_	_	_	3-4(137)
697-0	BOI071	697	697	0	[xxxx]	xxxx	_	_	_	_	_	unknown	_	none	Syllables=4	Begin=1309.152|End=1309.796	_	_	_	0-4(221)
698-0	BOR021	698	698	0	[es]atto	esatto	_	_	_	_	_	linguistic	_	none	_	Begin=1310.542	_	_	_	0-2(137)
698-1	BOR021	698	698	1	e	e	_	_	_	_	_	linguistic	_	none	_	_	_	_	_	_
698-2	BOR021	698	698	2	vanno	vanno	_	_	_	_	_	linguistic	_	none	_	_	_	_	_	_
698-3	BOR021	698	698	3	sempre	sempre	_	_	_	_	_	linguistic	_	none	_	_	_	_	_	_
698-4	BOR021	698	698	4	lì	lì	_	_	_	_	_	linguistic	_	none	_	End=1311.686	_	_	_	_
699-0	BOI070	699	699	0	diciamo	diciamo	_	_	_	_	_	linguistic	_	none	_	Begin=1311.737	_	_	_	_
699-1	BOI070	699	699	1	che	che	_	_	_	_	_	linguistic	_	none	_	_	_	_	_	_
699-2	BOI070	699	699	2	va~	va~	_	_	_	_	_	linguistic	_	none	Interrupted=Yes	_	_	_	_	_
699-3	BOI070	699	699	3	andiamo	andiamo	_	_	_	_	_	linguistic	_	none	_	_	_	_	_	_
699-4	BOI070	699	699	4	di	di	_	_	_	_	_	linguistic	_	none	_	_	_	_	_	_
699-5	BOI070	699	699	5	solito:	solito	_	_	_	_	_	linguistic	_	none	_	End=1313.432	5x1	_	_	_
700-0	BOI070	700	700	0	dipende	dipende	_	_	_	_	_	linguistic	_	none	_	Begin=1313.669	_	_	_	_
700-1	BOI070	700	700	1	in:	in	_	_	_	_	_	linguistic	_	none	_	_	1x1	_	_	_
700-2	BOI070	700	700	2	alcune	alcune	_	_	_	_	_	linguistic	_	none	_	_	_	_	_	_
700-3	BOI070	700	700	3	situazioni	situazioni	_	_	_	_	_	linguistic	_	none	_	_	_	_	_	_
700-4	BOI070	700	700	4	si	si	_	_	_	_	_	linguistic	_	none	_	_	_	_	_	_
700-5	BOI070	700	700	5	va	va	_	_	_	_	_	linguistic	_	none	_	_	_	_	_	_
700-6	BOI070	700	700	6	dove	dove	_	_	_	_	_	linguistic	_	none	_	_	_	_	_	_
700-7	BOI070	700	700	7	c'	c'	_	_	_	_	_	linguistic	_	none	SpaceAfter=No	_	_	_	_	_
700-8	BOI070	700	700	8	è	è	_	_	_	_	_	linguistic	_	none	_	_	_	_	_	_
700-9	BOI070	700	700	9	più	più	_	_	_	_	_	linguistic	_	none	_	_	_	_	_	_
700-10	BOI070	700	700	10	fluenza	fluenza	_	_	_	_	_	linguistic	_	none	_	End=1316.262	_	_	_	_
701-0	BOI070	701	701	0	di	di	_	_	_	_	_	linguistic	_	none	_	Begin=1316.567	_	_	_	_
701-1	BOI070	701	701	1	persone	persone	_	_	_	_	_	linguistic	_	none	_	_	_	_	_	_
701-2	BOI070	701	701	2	perché	perché	_	_	_	_	_	linguistic	_	none	_	_	_	_	_	_
701-3	BOI070	701	701	3	così:	così	_	_	_	_	_	linguistic	_	none	_	_	3x1	_	_	_
701-4	BOI070	701	701	4	sai	sai	_	_	_	_	_	linguistic	_	none	_	_	_	_	_	_
701-5	BOI070	701	701	5	socializzi	socializzi	_	_	_	_	_	linguistic	_	none	_	_	_	_	_	_
701-6	BOI070	701	701	6	conosci,	conosci	_	_	_	_	_	linguistic	_	none	Intonation=WeaklyRising	End=1319.195	_	_	_	_
702-0	BOI070	702	702	0	e:	e	_	_	_	_	_	linguistic	_	none	_	Begin=1319.678	0x1	_	_	_
702-1	BOI070	702	702	1	magari	magari	_	_	_	_	_	linguistic	_	none	_	_	_	_	_	_
702-2	BOI070	702	702	2	si	si	_	_	_	_	_	linguistic	_	none	_	_	_	_	_	_
702-3	BOI070	702	702	3	fa	fa	_	_	_	_	_	linguistic	_	none	_	_	_	_	_	_
702-4	BOI070	702	702	4	qualcosa	qualcosa	_	_	_	_	_	linguistic	_	none	_	_	_	_	_	_
702-5	BOI070	702	702	5	tutti	tutti	_	_	_	_	_	linguistic	_	none	_	_	_	_	_	_
702-6	BOI070	702	702	6	insieme	insieme	_	_	_	_	_	linguistic	_	none	_	_	_	_	_	_
702-7	BOI070	702	702	7	no?	no	_	_	_	_	_	linguistic	_	none	Intonation=Rising	End=1321.458	_	_	_	_
703-0	BOI070	703	703	0	o	o	_	_	_	_	_	linguistic	_	none	_	Begin=1322.11	_	_	_	_
703-1	BOI070	703	703	1	a	a	_	_	_	_	_	linguistic	_	none	_	_	_	_	_	_
703-2	BOI070	703	703	2	volte	volte	_	_	_	_	_	linguistic	_	none	_	_	_	_	_	_
703-3	BOI070	703	703	3	invece:	invece	_	_	_	_	_	linguistic	_	none	PauseAfter=Yes	_	5x1	_	_	_
703-4	BOI070	703	703	4	(.)	(.)	_	_	_	_	_	shortpause	_	none	_	_	_	_	_	_
703-5	BOI070	703	703	5	letteralmente	letteralmente	_	_	_	_	_	linguistic	_	none	_	_	_	_	_	_
703-6	BOI070	703	703	6	vai	vai	_	_	_	_	_	linguistic	_	none	_	_	_	_	_	_
703-7	BOI070	703	703	7	dalle	dalle	_	_	_	_	_	linguistic	_	none	_	_	_	_	_	_
703-8	BOI070	703	703	8	parti	parti	_	_	_	_	_	linguistic	_	none	_	_	_	_	_	_
703-9	BOI070	703	703	9	opposte	opposte	_	_	_	_	_	linguistic	_	none	_	End=1325.186	_	_	_	_
704-0	BOI070	704	704	0	dove	dove	_	_	_	_	_	linguistic	_	none	_	Begin=1325.618	_	_	_	_
704-1	BOI070	704	704	1	magari	magari	_	_	_	_	_	linguistic	_	none	_	_	_	_	_	_
704-2	BOI070	704	704	2	c'	c'	_	_	_	_	_	linguistic	_	none	SpaceAfter=No	_	_	_	_	_
704-3	BOI070	704	704	3	è	è	_	_	_	_	_	linguistic	_	none	_	_	_	_	_	_
704-4	BOI070	704	704	4	meno	meno	_	_	_	_	_	linguistic	_	none	_	_	_	_	_	_
704-5	BOI070	704	704	5	affluenza	affluenza	_	_	_	_	_	linguistic	_	none	_	_	_	_	_	_
704-6	BOI070	704	704	6	perché	perché	_	_	_	_	_	linguistic	_	none	_	_	_	_	_	_
704-7	BOI070	704	704	7	vuoi	vuoi	_	_	_	_	_	linguistic	_	none	_	_	_	_	_	_
704-8	BOI070	704	704	8	stare	stare	_	_	_	_	_	linguistic	_	none	_	_	_	_	_	_
704-9	BOI070	704	704	9	tranquillo::	tranquillo	_	_	_	_	_	linguistic	_	none	_	_	9x2	_	_	_
704-10	BOI070	704	704	10	(e	e	_	_	_	_	_	linguistic	_	none	_	_	_	_	0-1(0)	_
704-11	BOI070	704	704	11	sei)	sei	_	_	_	_	_	linguistic	_	none	_	_	_	_	0-3(0)	_
704-12	BOI070	704	704	12	rilassato	rilassato	_	_	_	_	_	linguistic	_	none	_	End=1329.555	_	_	_	_
705-0	BOI070	705	705	0	non	non	_	_	_	_	_	linguistic	_	none	_	Begin=1330.025	_	_	_	_
705-1	BOI070	705	705	1	sei	sei	_	_	_	_	_	linguistic	_	none	_	_	_	_	_	_
705-2	BOI070	705	705	2	magari:	magari	_	_	_	_	_	linguistic	_	none	_	_	5x1	_	_	_
705-3	BOI070	705	705	3	in	in	_	_	_	_	_	linguistic	_	none	_	_	_	_	_	_
705-4	BOI070	705	705	4	uno	uno	_	_	_	_	_	linguistic	_	none	_	_	_	_	_	_
705-5	BOI070	705	705	5	stato	stato	_	_	_	_	_	linguistic	_	none	_	_	_	_	_	_
705-6	BOI070	705	705	6	d'	d'	_	_	_	_	_	linguistic	_	none	SpaceAfter=No	_	_	_	_	_
705-7	BOI070	705	705	7	animo	animo	_	_	_	_	_	linguistic	_	none	_	_	_	_	_	_
705-8	BOI070	705	705	8	dove:	dove	_	_	_	_	_	linguistic	_	none	PauseAfter=Yes	_	3x1	_	_	_
705-9	BOI070	705	705	9	(.)	(.)	_	_	_	_	_	shortpause	_	none	_	_	_	_	_	_
705-10	BOI070	705	705	10	festaiolo	festaiolo	_	_	_	_	_	linguistic	_	none	_	_	_	_	_	_
705-11	BOI070	705	705	11	dove::	dove	_	_	_	_	_	linguistic	_	none	_	_	3x2	_	_	_
705-12	BOI070	705	705	12	eh	eh	_	_	_	_	_	linguistic	_	none	_	End=1334.262	_	_	_	_
706-0	BOI070	706	706	0	però	però	_	_	_	_	_	linguistic	_	none	_	Begin=1334.652	_	_	_	_
706-1	BOI070	706	706	1	magari	magari	_	_	_	_	_	linguistic	_	none	_	_	_	_	_	_
706-2	BOI070	706	706	2	>sei	sei	_	_	_	_	_	linguistic	_	none	_	_	_	Fast=0-3(0)	_	_
706-3	BOI070	706	706	3	uno	uno	_	_	_	_	_	linguistic	_	none	_	_	_	Fast=0-3(0)	_	_
706-4	BOI070	706	706	4	stato	stato	_	_	_	_	_	linguistic	_	none	_	_	_	Fast=0-5(0)	_	_
706-5	BOI070	706	706	5	d'	d'	_	_	_	_	_	linguistic	_	none	SpaceAfter=No	_	_	Fast=0-2(0)	_	_
706-6	BOI070	706	706	6	animo<	animo	_	_	_	_	_	linguistic	_	none	_	_	_	Fast=0-5(0)	_	_
706-7	BOI070	706	706	7	dove	dove	_	_	_	_	_	linguistic	_	none	_	_	_	_	_	_
706-8	BOI070	706	706	8	stai	stai	_	_	_	_	_	linguistic	_	none	_	_	_	_	_	_
706-9	BOI070	706	706	9	tranquillo	tranquillo	_	_	_	_	_	linguistic	_	none	_	_	_	_	_	_
706-10	BOI070	706	706	10	vuoi	vuoi	_	_	_	_	_	linguistic	_	none	_	_	_	_	_	_
706-11	BOI070	706	706	11	fare	fare	_	_	_	_	_	linguistic	_	none	_	_	_	_	_	_
706-12	BOI070	706	706	12	due	due	_	_	_	_	_	linguistic	_	none	_	_	_	_	_	_
706-13	BOI070	706	706	13	chiacchere	chiacchere	_	_	_	_	_	linguistic	_	none	_	_	_	_	_	_
706-14	BOI070	706	706	14	due	due	_	_	_	_	_	linguistic	_	none	_	_	_	_	_	_
706-15	BOI070	706	706	15	con	con	_	_	_	_	_	linguistic	_	none	_	_	_	_	_	_
706-16	BOI070	706	706	16	un	un	_	_	_	_	_	linguistic	_	none	_	_	_	_	_	_
706-17	BOI070	706	706	17	amico	amico	_	_	_	_	_	linguistic	_	none	_	_	_	_	_	_
706-18	BOI070	706	706	18	(o	o	_	_	_	_	_	linguistic	_	none	_	_	_	_	0-1(0)	_
706-19	BOI070	706	706	19	due	due	_	_	_	_	_	linguistic	_	none	_	_	_	_	0-3(0)	_
706-20	BOI070	706	706	20	te)	te	_	_	_	_	_	linguistic	_	none	_	End=1338.5	_	_	0-2(0)	_
707-0	BOI070	707	707	0	(a)	a	_	_	_	_	_	linguistic	_	none	_	Begin=1339.025	_	_	0-1(0)	_
707-1	BOI070	707	707	1	posto	posto	_	_	_	_	_	linguistic	_	none	_	_	_	_	_	_
707-2	BOI070	707	707	2	così	così	_	_	_	_	_	linguistic	_	none	_	End=1339.534	_	_	_	_
708-0	BOI070	708	708	0	(o)kay,	okay	_	_	_	_	_	linguistic	_	none	Intonation=WeaklyRising	Begin=1340.161	_	_	0-1(0)	_
708-1	BOI070	708	708	1	c(io)è	cioè	_	_	_	_	_	linguistic	_	none	Reduced=Yes|PauseAfter=Yes	_	_	_	_	_
708-2	BOI070	708	708	2	(.)	(.)	_	_	_	_	_	shortpause	_	none	_	_	_	_	_	_
708-3	BOI070	708	708	3	vai	vai	_	_	_	_	_	linguistic	_	none	_	_	_	_	_	_
708-4	BOI070	708	708	4	in	in	_	_	_	_	_	linguistic	_	none	_	_	_	_	_	_
708-5	BOI070	708	708	5	qualche	qualche	_	_	_	_	_	linguistic	_	none	_	_	_	_	_	_
708-6	BOI070	708	708	6	pub	pub	_	_	_	_	_	linguistic	_	none	_	_	_	_	_	_
708-7	BOI070	708	708	7	magari	magari	_	_	_	_	_	linguistic	_	none	_	_	_	_	_	_
708-8	BOI070	708	708	8	più	più	_	_	_	_	_	linguistic	_	none	_	_	_	_	_	_
708-9	BOI070	708	708	9	tranquillo	tranquillo	_	_	_	_	_	linguistic	_	none	PauseAfter=Yes	_	_	_	_	_
708-10	BOI070	708	708	10	(.)	(.)	_	_	_	_	_	shortpause	_	none	_	_	_	_	_	_
708-11	BOI070	708	708	11	fuori	fuori	_	_	_	_	_	linguistic	_	none	_	_	_	_	_	_
708-12	BOI070	708	708	12	bologna	bologna	_	_	_	_	_	linguistic	_	none	_	End=1342.86	_	_	_	_
709-0	BOR021	709	709	0	certo	certo	_	_	_	_	_	linguistic	_	none	_	Begin=1343.322|End=1343.714	_	_	_	_
710-0	BOR021	710	710	0	ma	ma	_	_	_	_	_	linguistic	_	none	_	Begin=1344.364	_	_	_	_
710-1	BOR021	710	710	1	vi	vi	_	_	_	_	_	linguistic	_	none	_	_	_	_	_	_
710-2	BOR021	710	710	2	è	è	_	_	_	_	_	linguistic	_	none	_	_	_	_	_	_
710-3	BOR021	710	710	3	capitato	capitato	_	_	_	_	_	linguistic	_	none	_	_	_	_	_	_
710-4	BOR021	710	710	4	tipo	tipo	_	_	_	_	_	linguistic	_	none	_	_	_	_	_	_
710-5	BOR021	710	710	5	>non	non	_	_	_	_	_	linguistic	_	none	_	_	_	Fast=0-3(0)	_	_
710-6	BOR021	710	710	6	lo	lo	_	_	_	_	_	linguistic	_	none	_	_	_	Fast=0-2(0)	_	_
710-7	BOR021	710	710	7	so<	so	_	_	_	_	_	linguistic	_	none	_	_	_	Fast=0-2(0)	_	_
710-8	BOR021	710	710	8	di	di	_	_	_	_	_	linguistic	_	none	_	_	_	_	_	_
710-9	BOR021	710	710	9	uscire	uscire	_	_	_	_	_	linguistic	_	none	_	_	_	_	_	_
710-10	BOR021	710	710	10	qualche	qualche	_	_	_	_	_	linguistic	_	none	_	_	_	_	_	_
710-11	BOR021	710	710	11	se:ra	sera	_	_	_	_	_	linguistic	_	none	_	_	1x1	_	_	_
710-12	BOR021	710	710	12	e	e	_	_	_	_	_	linguistic	_	none	_	_	_	_	_	_
710-13	BOR021	710	710	13	mettervi	mettervi	_	_	_	_	_	linguistic	_	none	_	_	_	_	_	_
710-14	BOR021	710	710	14	a	a	_	_	_	_	_	linguistic	_	none	_	_	_	_	_	_
710-15	BOR021	710	710	15	chiaccherare	chiaccherare	_	_	_	_	_	linguistic	_	none	_	_	_	_	_	_
710-16	BOR021	710	710	16	perché	perché	_	_	_	_	_	linguistic	_	none	_	End=1347.923	_	_	_	_
711-0	BOR021	711	711	0	che	che	_	_	_	_	_	linguistic	_	none	_	Begin=1348.152	_	_	_	_
711-1	BOR021	711	711	1	ne	ne	_	_	_	_	_	linguistic	_	none	_	_	_	_	_	_
711-2	BOR021	711	711	2	so	so	_	_	_	_	_	linguistic	_	none	_	_	_	_	_	_
711-3	BOR021	711	711	3	avete	avete	_	_	_	_	_	linguistic	_	none	_	_	_	_	_	_
711-4	BOR021	711	711	4	conosciuto	conosciuto	_	_	_	_	_	linguistic	_	none	_	_	_	_	_	_
711-5	BOR021	711	711	5	persone	persone	_	_	_	_	_	linguistic	_	none	_	_	_	_	_	_
711-6	BOR021	711	711	6	e	e	_	_	_	_	_	linguistic	_	none	_	_	_	_	_	_
711-7	BOR021	711	711	7	avete	avete	_	_	_	_	_	linguistic	_	none	_	_	_	_	_	_
711-8	BOR021	711	711	8	continuato	continuato	_	_	_	_	_	linguistic	_	none	_	_	_	_	_	_
711-9	BOR021	711	711	9	la	la	_	_	_	_	_	linguistic	_	none	_	_	_	_	_	_
711-10	BOR021	711	711	10	serata	serata	_	_	_	_	_	linguistic	_	none	_	_	_	_	_	_
711-11	BOR021	711	711	11	co(n)	con	_	_	_	_	_	linguistic	_	none	_	_	_	_	2-3(0)	_
711-12	BOR021	711	711	12	questi,	questi	_	_	_	_	_	linguistic	_	none	Intonation=WeaklyRising	End=1351.008	_	_	_	_
712-0	BOI071	712	712	0	>oddio<	oddio	_	_	_	_	_	linguistic	_	none	PauseAfter=Yes	Begin=1351.356	_	Fast=0-5(0)	_	_
712-1	BOI071	712	712	1	(.)	(.)	_	_	_	_	_	shortpause	_	none	_	_	_	_	_	_
712-2	BOI071	712	712	2	((ride))	((ride))	_	_	_	_	_	nonverbalbehavior	_	none	_	_	_	_	_	_
712-3	BOI071	712	712	3	è	è	_	_	_	_	_	linguistic	_	none	_	_	_	_	_	_
712-4	BOI071	712	712	4	capita:ta	capitata	_	_	_	_	_	linguistic	_	none	_	_	5x1	_	_	_
712-5	BOI071	712	712	5	[xxx]x	xxxx	_	_	_	_	_	unknown	_	none	Syllables=4	End=1353.542	_	_	_	0-3(138)
713-0	BOR021	713	713	0	((ride))	((ride))	_	_	_	_	_	nonverbalbehavior	_	none	_	Begin=1352.898	_	_	_	_
713-1	BOR021	713	713	1	[sì]?	sì	_	_	_	_	_	linguistic	_	none	Intonation=Rising	End=1353.423	_	_	_	0-2(138)
714-0	BOI070	714	714	0	x[xx]	xxx	_	_	_	_	_	unknown	_	none	Syllables=3	Begin=1353.844|End=1354.472	_	_	_	1-3(139)
715-0	BOI071	715	715	0	soprattutto	soprattutto	_	_	_	_	_	linguistic	_	none	_	Begin=1353.966	_	_	_	_
715-1	BOI071	715	715	1	con	con	_	_	_	_	_	linguistic	_	none	_	_	_	_	_	_
715-2	BOI071	715	715	2	e::h	eh	_	_	_	_	_	linguistic	_	none	_	_	0x2	_	_	_
715-3	BOI071	715	715	3	le	le	_	_	_	_	_	linguistic	_	none	_	_	_	_	_	_
715-4	BOI071	715	715	4	universitarie	universitarie	_	_	_	_	_	linguistic	_	none	_	_	_	_	_	_
715-5	BOI071	715	715	5	questo	questo	_	_	_	_	_	linguistic	_	none	_	_	_	_	_	_
715-6	BOI071	715	715	6	è	è	_	_	_	_	_	linguistic	_	none	_	_	_	_	_	_
715-7	BOI071	715	715	7	capitato	capitato	_	_	_	_	_	linguistic	_	none	_	End=1356.844	_	_	_	_
716-0	BOR021	716	716	0	con	con	_	_	_	_	_	linguistic	_	none	_	Begin=1357.305	_	_	_	_
716-1	BOR021	716	716	1	l[e	le	_	_	_	_	_	linguistic	_	none	_	_	_	_	_	1-2(140)
716-2	BOR021	716	716	2	unive]rsita[rie]?	universitarie	_	_	_	_	_	linguistic	_	none	Intonation=Rising	End=1358.475	_	_	_	0-5(140),10-13(141)
717-0	BOI070	717	717	0	[xx]	xx	_	_	_	_	_	unknown	_	none	Syllables=2	Begin=1357.51|End=1357.896	_	_	_	0-2(140)
718-0	BOI070	718	718	0	[no]	no	_	_	_	_	_	linguistic	_	none	_	Begin=1358.373	_	_	_	0-2(141)
718-1	BOI070	718	718	1	xx	xx	_	_	_	_	_	unknown	_	none	Syllables=2	_	_	_	_	_
718-2	BOI070	718	718	2	universi[tarie	universitarie	_	_	_	_	_	linguistic	_	none	_	_	_	_	_	8-13(142)
718-3	BOI070	718	718	3	xx]	xx	_	_	_	_	_	unknown	_	none	Syllables=2	End=1359.794	_	_	_	0-2(142)
719-0	BOI071	719	719	0	[c(io)è	cioè	_	_	_	_	_	linguistic	_	none	Reduced=Yes	Begin=1359.044	_	_	_	0-4(142)
719-1	BOI071	719	719	1	con	con	_	_	_	_	_	linguistic	_	none	_	_	_	_	_	0-3(142)
719-2	BOI071	719	719	2	con]	con	_	_	_	_	_	linguistic	_	none	_	_	_	_	_	0-3(142)
719-3	BOI071	719	719	3	gli	gli	_	_	_	_	_	linguistic	_	none	_	_	_	_	_	_
719-4	BOI071	719	719	4	universitari	universitari	_	_	_	_	_	linguistic	_	none	_	_	_	_	_	_
719-5	BOI071	719	719	5	vo[levo]	volevo	_	_	_	_	_	linguistic	_	none	_	_	_	_	_	2-6(143)
719-6	BOI071	719	719	6	[dire	dire	_	_	_	_	_	linguistic	_	none	_	_	_	_	_	0-4(144)
719-7	BOI071	719	719	7	xxx]	xxx	_	_	_	_	_	unknown	_	none	Syllables=3	End=1360.805	_	_	_	0-3(144)
720-0	BOR021	720	720	0	[AH]	ah	_	_	_	_	_	linguistic	_	none	Volume=high	Begin=1360.419|End=1360.675	_	_	_	0-2(143)
721-0	BOR021	721	721	0	((ride))	((ride))	_	_	_	_	_	nonverbalbehavior	_	none	_	Begin=1360.675|End=1361.421	_	_	_	_
722-0	BOI070	722	722	0	[xxx	xxx	_	_	_	_	_	unknown	_	none	Syllables=3	Begin=1360.69	_	_	_	0-3(?)
722-1	BOI070	722	722	1	(perché)]	perché	_	_	_	_	_	linguistic	_	none	_	_	_	_	0-6(0)	0-6(?)
722-2	BOI070	722	722	2	sì	sì	_	_	_	_	_	linguistic	_	none	_	_	_	_	_	_
722-3	BOI070	722	722	3	anche	anche	_	_	_	_	_	linguistic	_	none	_	End=1362.407	_	_	_	_
723-0	BOI071	723	723	0	[xxx]	xxx	_	_	_	_	_	unknown	_	none	Syllables=3	Begin=1360.805|End=1361.874	_	_	_	0-3(145)
724-0	BOR021	724	724	0	((ride))	((ride))	_	_	_	_	_	nonverbalbehavior	_	none	_	Begin=1362.18|End=1362.991	_	_	_	_
725-0	BOI071	725	725	0	n[o	no	_	_	_	_	_	linguistic	_	none	_	Begin=1362.723	_	_	_	1-2(146)
725-1	BOI071	725	725	1	E:::H]	eh	_	_	_	_	_	linguistic	_	none	Volume=high	End=1363.535	0x3	_	_	0-2(146)
726-0	BOI070	726	726	0	[in	in	_	_	_	_	_	linguistic	_	none	_	Begin=1362.781	_	_	_	0-2(146)
726-1	BOI070	726	726	1	generale	generale	_	_	_	_	_	linguistic	_	none	_	_	_	_	_	0-8(146)
726-2	BOI070	726	726	2	mas]chi	maschi	_	_	_	_	_	linguistic	_	none	_	_	_	_	_	0-3(146)
726-3	BOI070	726	726	3	e	e	_	_	_	_	_	linguistic	_	none	_	_	_	_	_	_
726-4	BOI070	726	726	4	femmina	femmina	_	_	_	_	_	linguistic	_	none	_	_	_	_	_	_
726-5	BOI070	726	726	5	proprio	proprio	_	_	_	_	_	linguistic	_	none	_	_	_	_	_	_
726-6	BOI070	726	726	6	tutti	tutti	_	_	_	_	_	linguistic	_	none	_	End=1364.832	_	_	_	_
727-0	BOR021	727	727	0	((ride))	((ride))	_	_	_	_	_	nonverbalbehavior	_	none	_	Begin=1364.731|End=1364.977	_	_	_	_
728-0	BOI070	728	728	0	perché	perché	_	_	_	_	_	linguistic	_	none	_	Begin=1365.684	_	_	_	_
728-1	BOI070	728	728	1	comunque	comunque	_	_	_	_	_	linguistic	_	none	_	_	_	_	_	_
728-2	BOI070	728	728	2	sei	sei	_	_	_	_	_	linguistic	_	none	_	_	_	_	_	_
728-3	BOI070	728	728	3	con~	con~	_	_	_	_	_	linguistic	_	none	Interrupted=Yes	End=1366.679	_	_	_	_
729-0	BOI070	729	729	0	son	son	_	_	_	_	_	linguistic	_	none	_	Begin=1366.825	_	_	_	_
729-1	BOI070	729	729	1	composti	composti	_	_	_	_	_	linguistic	_	none	_	_	_	_	_	_
729-2	BOI070	729	729	2	da	da	_	_	_	_	_	linguistic	_	none	_	_	_	_	_	_
729-3	BOI070	729	729	3	gruppi	gruppi	_	_	_	_	_	linguistic	_	none	_	_	_	_	_	_
729-4	BOI070	729	729	4	di	di	_	_	_	_	_	linguistic	_	none	_	_	_	_	_	_
729-5	BOI070	729	729	5	maschi	maschi	_	_	_	_	_	linguistic	_	none	_	_	_	_	_	_
729-6	BOI070	729	729	6	e	e	_	_	_	_	_	linguistic	_	none	_	_	_	_	_	_
729-7	BOI070	729	729	7	femmine	femmine	_	_	_	_	_	linguistic	_	none	_	_	_	_	_	_
729-8	BOI070	729	729	8	ma	ma	_	_	_	_	_	linguistic	_	none	_	_	_	_	_	_
729-9	BOI070	729	729	9	come:	come	_	_	_	_	_	linguistic	_	none	_	_	3x1	_	_	_
729-10	BOI070	729	729	10	ogni	ogni	_	_	_	_	_	linguistic	_	none	_	_	_	_	_	_
729-11	BOI070	729	729	11	gruppo	gruppo	_	_	_	_	_	linguistic	_	none	_	_	_	_	_	_
729-12	BOI070	729	729	12	no?	no	_	_	_	_	_	linguistic	_	none	Intonation=Rising	_	_	_	_	_
729-13	BOI070	729	729	13	c(io)è	cioè	_	_	_	_	_	linguistic	_	none	Reduced=Yes	_	_	_	_	_
729-14	BOI070	729	729	14	a	a	_	_	_	_	_	linguistic	_	none	_	_	_	_	_	_
729-15	BOI070	729	729	15	bologna	bologna	_	_	_	_	_	linguistic	_	none	_	_	_	_	_	_
729-16	BOI070	729	729	16	è	è	_	_	_	_	_	linguistic	_	none	_	_	_	_	_	_
729-17	BOI070	729	729	17	connotata	connotata	_	_	_	_	_	linguistic	_	none	_	_	_	_	_	_
729-18	BOI070	729	729	18	molto	molto	_	_	_	_	_	linguistic	_	none	_	_	_	_	_	_
729-19	BOI070	729	729	19	sta	sta	_	_	_	_	_	linguistic	_	none	_	_	_	_	_	_
729-20	BOI070	729	729	20	cosa	cosa	_	_	_	_	_	linguistic	_	none	_	End=1371.573	_	_	_	_
730-0	BOI070	730	730	0	che	che	_	_	_	_	_	linguistic	_	none	_	Begin=1372.248	_	_	_	_
730-1	BOI070	730	730	1	col	col	_	_	_	_	_	linguistic	_	none	_	_	_	_	_	_
730-2	BOI070	730	730	2	tempo	tempo	_	_	_	_	_	linguistic	_	none	_	_	_	_	_	_
730-3	BOI070	730	730	3	magari	magari	_	_	_	_	_	linguistic	_	none	_	End=1373.156	_	_	_	_
731-0	BOI070	731	731	0	tempo	tempo	_	_	_	_	_	linguistic	_	none	_	Begin=1373.517	_	_	_	_
731-1	BOI070	731	731	1	fa	fa	_	_	_	_	_	linguistic	_	none	_	_	_	_	_	_
731-2	BOI070	731	731	2	c'	c'	_	_	_	_	_	linguistic	_	none	SpaceAfter=No	_	_	_	_	_
731-3	BOI070	731	731	3	era	era	_	_	_	_	_	linguistic	_	none	_	_	_	_	_	_
731-4	BOI070	731	731	4	anche	anche	_	_	_	_	_	linguistic	_	none	_	_	_	_	_	_
731-5	BOI070	731	731	5	di	di	_	_	_	_	_	linguistic	_	none	_	_	_	_	_	_
731-6	BOI070	731	731	6	meno	meno	_	_	_	_	_	linguistic	_	none	_	_	_	_	_	_
731-7	BOI070	731	731	7	in	in	_	_	_	_	_	linguistic	_	none	_	_	_	_	_	_
731-8	BOI070	731	731	8	realtà	realtà	_	_	_	_	_	linguistic	_	none	_	End=1374.989	_	_	_	_
732-0	BOI070	732	732	0	>però	però	_	_	_	_	_	linguistic	_	none	_	Begin=1375.647	_	Fast=0-4(0)	_	_
732-1	BOI070	732	732	1	adesso<	adesso	_	_	_	_	_	linguistic	_	none	_	_	_	Fast=0-6(0)	_	_
732-2	BOI070	732	732	2	c'	c'	_	_	_	_	_	linguistic	_	none	SpaceAfter=No	_	_	_	_	_
732-3	BOI070	732	732	3	è	è	_	_	_	_	_	linguistic	_	none	_	_	_	_	_	_
732-4	BOI070	732	732	4	mo:lto	molto	_	_	_	_	_	linguistic	_	none	_	_	1x1	_	_	_
732-5	BOI070	732	732	5	di	di	_	_	_	_	_	linguistic	_	none	_	_	_	_	_	_
732-6	BOI070	732	732	6	più	più	_	_	_	_	_	linguistic	_	none	_	End=1376.838	_	_	_	_
733-0	BOI070	733	733	0	e:	e	_	_	_	_	_	linguistic	_	none	_	Begin=1377.684	0x1	_	_	_
733-1	BOI070	733	733	1	negli	negli	_	_	_	_	_	linguistic	_	none	_	_	_	_	_	_
733-2	BOI070	733	733	2	ultimi	ultimi	_	_	_	_	_	linguistic	_	none	_	_	_	_	_	_
733-3	BOI070	733	733	3	anni:	anni	_	_	_	_	_	linguistic	_	none	_	_	3x1	_	_	_
733-4	BOI070	733	733	4	è	è	_	_	_	_	_	linguistic	_	none	_	_	_	_	_	_
733-5	BOI070	733	733	5	proprio:	proprio	_	_	_	_	_	linguistic	_	none	_	_	6x1	_	_	_
733-6	BOI070	733	733	6	appunto:	appunto	_	_	_	_	_	linguistic	_	none	_	_	6x1	_	_	_
733-7	BOI070	733	733	7	i	i	_	_	_	_	_	linguistic	_	none	_	_	_	_	_	_
733-8	BOI070	733	733	8	gruppi	gruppi	_	_	_	_	_	linguistic	_	none	_	End=1380.582	_	_	_	_
734-0	BOR021	734	734	0	pro[prio	proprio	_	_	_	_	_	linguistic	_	none	_	Begin=1381.554	_	_	_	3-7(148)
734-1	BOR021	734	734	1	grandi	grandi	_	_	_	_	_	linguistic	_	none	_	_	_	_	_	0-6(148)
734-2	BOR021	734	734	2	gru]ppi	gruppi	_	_	_	_	_	linguistic	_	none	_	_	_	_	_	0-3(148)
734-3	BOR021	734	734	3	di	di	_	_	_	_	_	linguistic	_	none	_	_	_	_	_	_
734-4	BOR021	734	734	4	persone	persone	_	_	_	_	_	linguistic	_	none	_	_	_	_	_	_
734-5	BOR021	734	734	5	[intendi:]?	intendi	_	_	_	_	_	linguistic	_	none	Intonation=Rising	End=1383.23	6x1	_	_	0-7(147)
735-0	BOI070	735	735	0	[xxx]	xxx	_	_	_	_	_	unknown	_	none	Syllables=3	Begin=1381.647|End=1382.239	_	_	_	0-3(148)
736-0	BOI070	736	736	0	[sì	sì	_	_	_	_	_	linguistic	_	none	PauseAfter=Yes	Begin=1382.767	_	_	_	0-2(147)
736-1	BOI070	736	736	1	(.)	(.)	_	_	_	_	_	shortpause	_	none	_	_	_	_	_	_
736-2	BOI070	736	736	2	sì]	sì	_	_	_	_	_	linguistic	_	none	_	_	_	_	_	0-2(147)
736-3	BOI070	736	736	3	sì	sì	_	_	_	_	_	linguistic	_	none	_	_	_	_	_	_
736-4	BOI070	736	736	4	sì	sì	_	_	_	_	_	linguistic	_	none	PauseAfter=Yes	_	_	_	_	_
736-5	BOI070	736	736	5	(.)	(.)	_	_	_	_	_	shortpause	_	none	_	_	_	_	_	_
736-6	BOI070	736	736	6	molto	molto	_	_	_	_	_	linguistic	_	none	_	End=1384.082	_	_	_	_
737-0	BOI070	737	737	0	molto	molto	_	_	_	_	_	linguistic	_	none	_	Begin=1384.258|End=1384.671	_	_	_	_
738-0	BOI070	738	738	0	molto	molto	_	_	_	_	_	linguistic	_	none	_	Begin=1385.369|End=1385.795	_	_	_	_
739-0	BOI070	739	739	0	che	che	_	_	_	_	_	linguistic	_	none	_	Begin=1386.287|End=1386.416	_	_	_	_
740-0	BOI070	740	740	0	in	in	_	_	_	_	_	linguistic	_	none	_	Begin=1386.787	_	_	_	_
740-1	BOI070	740	740	1	altre	altre	_	_	_	_	_	linguistic	_	none	_	_	_	_	_	_
740-2	BOI070	740	740	2	città::	città	_	_	_	_	_	linguistic	_	none	_	_	4x2	_	_	_
740-3	BOI070	740	740	3	ho	ho	_	_	_	_	_	linguistic	_	none	_	_	_	_	_	_
740-4	BOI070	740	740	4	visto	visto	_	_	_	_	_	linguistic	_	none	_	_	_	_	_	_
740-5	BOI070	740	740	5	molto	molto	_	_	_	_	_	linguistic	_	none	_	_	_	_	_	_
740-6	BOI070	740	740	6	meno	meno	_	_	_	_	_	linguistic	_	none	_	_	_	_	_	_
740-7	BOI070	740	740	7	sta	sta	_	_	_	_	_	linguistic	_	none	_	_	_	_	_	_
740-8	BOI070	740	740	8	cosa	cosa	_	_	_	_	_	linguistic	_	none	_	End=1389.157	_	_	_	_
741-0	BOI070	741	741	0	son	son	_	_	_	_	_	linguistic	_	none	_	Begin=1389.31	_	_	_	_
741-1	BOI070	741	741	1	sempre	sempre	_	_	_	_	_	linguistic	_	none	_	_	_	_	_	_
741-2	BOI070	741	741	2	gruppi	gruppi	_	_	_	_	_	linguistic	_	none	_	_	_	_	_	_
741-3	BOI070	741	741	3	da	da	_	_	_	_	_	linguistic	_	none	_	_	_	_	_	_
741-4	BOI070	741	741	4	due	due	_	_	_	_	_	linguistic	_	none	_	End=1390.448	_	_	_	_
742-0	BOI070	742	742	0	in	in	_	_	_	_	_	linguistic	_	none	_	Begin=1391.086	_	_	_	_
742-1	BOI070	742	742	1	realtà	realtà	_	_	_	_	_	linguistic	_	none	_	End=1391.544	_	_	_	_
743-0	BOI070	743	743	0	ci	ci	_	_	_	_	_	linguistic	_	none	_	Begin=1391.883	_	_	_	_
743-1	BOI070	743	743	1	sono	sono	_	_	_	_	_	linguistic	_	none	_	_	_	_	_	_
743-2	BOI070	743	743	2	anche	anche	_	_	_	_	_	linguistic	_	none	_	_	_	_	_	_
743-3	BOI070	743	743	3	in	in	_	_	_	_	_	linguistic	_	none	_	_	_	_	_	_
743-4	BOI070	743	743	4	altre	altre	_	_	_	_	_	linguistic	_	none	_	_	_	_	_	_
743-5	BOI070	743	743	5	città	città	_	_	_	_	_	linguistic	_	none	_	_	_	_	_	_
743-6	BOI070	743	743	6	gruppi	gruppi	_	_	_	_	_	linguistic	_	none	PauseAfter=Yes	_	_	_	_	_
743-7	BOI070	743	743	7	(.)	(.)	_	_	_	_	_	shortpause	_	none	_	_	_	_	_	_
743-8	BOI070	743	743	8	enormi	enormi	_	_	_	_	_	linguistic	_	none	_	End=1393.871	_	_	_	_
744-0	BOI070	744	744	0	però	però	_	_	_	_	_	linguistic	_	none	_	Begin=1394.332	_	_	_	_
744-1	BOI070	744	744	1	bologna	bologna	_	_	_	_	_	linguistic	_	none	_	_	_	_	_	_
744-2	BOI070	744	744	2	è	è	_	_	_	_	_	linguistic	_	none	_	_	_	_	_	_
744-3	BOI070	744	744	3	molto	molto	_	_	_	_	_	linguistic	_	none	_	_	_	_	_	_
744-4	BOI070	744	744	4	centrata	centrata	_	_	_	_	_	linguistic	_	none	_	_	_	_	_	_
744-5	BOI070	744	744	5	invece	invece	_	_	_	_	_	linguistic	_	none	_	_	_	_	_	_
744-6	BOI070	744	744	6	sui	sui	_	_	_	_	_	linguistic	_	none	_	_	_	_	_	_
744-7	BOI070	744	744	7	gruppi	gruppi	_	_	_	_	_	linguistic	_	none	_	_	_	_	_	_
744-8	BOI070	744	744	8	da:	da	_	_	_	_	_	linguistic	_	none	_	_	1x1	_	_	_
744-9	BOI070	744	744	9	da	da	_	_	_	_	_	linguistic	_	none	_	_	_	_	_	_
744-10	BOI070	744	744	10	cinque	cinque	_	_	_	_	_	linguistic	_	none	_	_	_	_	_	_
744-11	BOI070	744	744	11	sei	sei	_	_	_	_	_	linguistic	_	none	_	End=1397.521	_	_	_	_
745-0	BOI070	745	745	0	persone:	persone	_	_	_	_	_	linguistic	_	none	PauseAfter=Yes	Begin=1398.086	6x1	_	_	_
745-1	BOI070	745	745	1	(.)	(.)	_	_	_	_	_	shortpause	_	none	_	_	_	_	_	_
745-2	BOI070	745	745	2	o	o	_	_	_	_	_	linguistic	_	none	_	_	_	_	_	_
745-3	BOI070	745	745	3	anche	anche	_	_	_	_	_	linguistic	_	none	_	_	_	_	_	_
745-4	BOI070	745	745	4	di	di	_	_	_	_	_	linguistic	_	none	_	_	_	_	_	_
745-5	BOI070	745	745	5	più	più	_	_	_	_	_	linguistic	_	none	_	End=1399.267	_	_	_	_
746-0	BOI071	746	746	0	e:h	eh	_	_	_	_	_	linguistic	_	unspecified	_	Begin=1399.615	0x1	_	_	_
746-1	BOI071	746	746	1	alle	alle	_	_	_	_	_	linguistic	_	unspecified	_	_	_	_	_	_
746-2	BOI071	746	746	2	balotte	balotte	_	_	_	_	_	linguistic	_	unspecified	_	End=1400.578	_	_	_	_
747-0	BOI070	747	747	0	le	le	_	_	_	_	_	linguistic	_	unspecified	_	Begin=1400.673	_	_	_	_
747-1	BOI070	747	747	1	balott[e]	balotte	_	_	_	_	_	linguistic	_	unspecified	_	End=1401.375	_	_	_	6-7(149)
748-0	BOR021	748	748	0	((ride))	((ride))	_	_	_	_	_	nonverbalbehavior	_	none	_	Begin=1401.223	_	_	_	_
748-1	BOR021	748	748	1	[#eh]	#eh	_	_	_	_	_	error	_	none	_	_	_	_	_	0-3(?)
748-2	BOR021	748	748	2	le	le	_	_	_	_	_	linguistic	_	none	_	_	_	_	_	_
748-3	BOR021	748	748	3	balotte	balotte	_	_	_	_	_	linguistic	_	none	_	End=1402.115	_	_	_	_
749-0	BOI070	749	749	0	proprio::	proprio	_	_	_	_	_	linguistic	_	none	_	Begin=1402.02|End=1402.904	6x2	_	_	_
750-0	BOR021	750	750	0	ma	ma	_	_	_	_	_	linguistic	_	none	_	Begin=1402.66	_	_	_	_
750-1	BOR021	750	750	1	perché	perché	_	_	_	_	_	linguistic	_	none	_	_	_	_	_	_
750-2	BOR021	750	750	2	magari:	magari	_	_	_	_	_	linguistic	_	none	_	_	5x1	_	_	_
750-3	BOR021	750	750	3	si	si	_	_	_	_	_	linguistic	_	none	_	_	_	_	_	_
750-4	BOR021	750	750	4	riuni:scono	riuniscono	_	_	_	_	_	linguistic	_	none	_	_	4x1	_	_	_
750-5	BOR021	750	750	5	poi	poi	_	_	_	_	_	linguistic	_	none	_	_	_	_	_	_
750-6	BOR021	750	750	6	si	si	_	_	_	_	_	linguistic	_	none	_	_	_	_	_	_
750-7	BOR021	750	750	7	ritro:vano::	ritrovano	_	_	_	_	_	linguistic	_	none	_	_	4x1,8x2	_	_	_
750-8	BOR021	750	750	8	negli	negli	_	_	_	_	_	linguistic	_	none	_	_	_	_	_	_
750-9	BOR021	750	750	9	stessi	stessi	_	_	_	_	_	linguistic	_	none	_	_	_	_	_	_
750-10	BOR021	750	750	10	posti	posti	_	_	_	_	_	linguistic	_	none	_	_	_	_	_	_
750-11	BOR021	750	750	11	quindi	quindi	_	_	_	_	_	linguistic	_	none	_	_	_	_	_	_
750-12	BOR021	750	750	12	poi	poi	_	_	_	_	_	linguistic	_	none	_	_	_	_	_	_
750-13	BOR021	750	750	13	alla	alla	_	_	_	_	_	linguistic	_	none	_	_	_	_	_	_
750-14	BOR021	750	750	14	fine	fine	_	_	_	_	_	linguistic	_	none	_	_	_	_	_	_
750-15	BOR021	750	750	15	anche	anche	_	_	_	_	_	linguistic	_	none	_	_	_	_	_	_
750-16	BOR021	750	750	16	°così	così	_	_	_	_	_	linguistic	_	none	Volume=low	_	_	_	_	_
750-17	BOR021	750	750	17	nascono°	nascono	_	_	_	_	_	linguistic	_	none	Volume=low	_	_	_	_	_
750-18	BOR021	750	750	18	mh	mh	_	_	_	_	_	linguistic	_	none	_	End=1408.871	_	_	_	_
751-0	BOI070	751	751	0	S[Ì:	sì	_	_	_	_	_	linguistic	_	none	Volume=high	Begin=1409.465	1x1	_	_	1-2(152)
751-1	BOI070	751	751	1	mh]	mh	_	_	_	_	_	linguistic	_	none	_	_	_	_	_	0-2(152)
751-2	BOI070	751	751	2	sì:	sì	_	_	_	_	_	linguistic	_	none	_	_	1x1	_	_	_
751-3	BOI070	751	751	3	ma	ma	_	_	_	_	_	linguistic	_	none	_	_	_	_	_	_
751-4	BOI070	751	751	4	anche	anche	_	_	_	_	_	linguistic	_	none	PauseAfter=Yes	_	_	_	_	_
751-5	BOI070	751	751	5	(.)	(.)	_	_	_	_	_	shortpause	_	none	_	_	_	_	_	_
751-6	BOI070	751	751	6	magari	magari	_	_	_	_	_	linguistic	_	none	_	End=1411.609	_	_	_	_
752-0	BOR021	752	752	0	[(rapporti)]	rapporti	_	_	_	_	_	linguistic	_	none	_	Begin=1409.558|End=1410.227	_	_	0-8(0)	0-8(152)
753-0	BOI070	753	753	0	posso	posso	_	_	_	_	_	linguistic	_	none	_	Begin=1411.848	_	_	_	_
753-1	BOI070	753	753	1	anche	anche	_	_	_	_	_	linguistic	_	none	_	_	_	_	_	_
753-2	BOI070	753	753	2	immaginare	immaginare	_	_	_	_	_	linguistic	_	none	_	_	_	_	_	_
753-3	BOI070	753	753	3	>che	che	_	_	_	_	_	linguistic	_	none	_	_	_	Fast=0-3(0)	_	_
753-4	BOI070	753	753	4	magari<	magari	_	_	_	_	_	linguistic	_	none	_	_	_	Fast=0-6(0)	_	_
753-5	BOI070	753	753	5	sia	sia	_	_	_	_	_	linguistic	_	none	_	_	_	_	_	_
753-6	BOI070	753	753	6	la	la	_	_	_	_	_	linguistic	_	none	_	_	_	_	_	_
753-7	BOI070	753	753	7	combriccola:	combriccola	_	_	_	_	_	linguistic	_	none	_	End=1414.03	10x1	_	_	_
754-0	BOI070	754	754	0	no?	no	_	_	_	_	_	linguistic	_	none	Intonation=Rising	Begin=1414.51|End=1414.685	_	_	_	_
755-0	BOI070	755	755	0	e:hm	ehm	_	_	_	_	_	linguistic	_	none	_	Begin=1414.828	0x1	_	_	_
755-1	BOI070	755	755	1	universitaria	universitaria	_	_	_	_	_	linguistic	_	none	_	_	_	_	_	_
755-2	BOI070	755	755	2	x	x	_	_	_	_	_	unknown	_	none	Syllables=1	_	_	_	_	_
755-3	BOI070	755	755	3	io	io	_	_	_	_	_	linguistic	_	none	_	_	_	_	_	_
755-4	BOI070	755	755	4	[ti	ti	_	_	_	_	_	linguistic	_	none	_	_	_	_	_	0-2(153)
755-5	BOI070	755	755	5	dico]	dico	_	_	_	_	_	linguistic	_	none	_	_	_	_	_	0-4(153)
755-6	BOI070	755	755	6	magari	magari	_	_	_	_	_	linguistic	_	none	_	_	_	_	_	_
755-7	BOI070	755	755	7	xxx	xxx	_	_	_	_	_	unknown	_	none	Syllables=3	End=1417.815	_	_	_	_
756-0	BOR021	756	756	0	[°esatto°]	esatto	_	_	_	_	_	linguistic	_	none	Volume=low	Begin=1416.467|End=1416.938	_	_	_	0-6(153)
757-0	BOI070	757	757	0	parlato	parlato	_	_	_	_	_	linguistic	_	none	_	Begin=1418.34	_	_	_	_
757-1	BOI070	757	757	1	e	e	_	_	_	_	_	linguistic	_	none	_	_	_	_	_	_
757-2	BOI070	757	757	2	conosciuto	conosciuto	_	_	_	_	_	linguistic	_	none	_	_	_	_	_	_
757-3	BOI070	757	757	3	persone	persone	_	_	_	_	_	linguistic	_	none	_	_	_	_	_	_
757-4	BOI070	757	757	4	universitarie	universitarie	_	_	_	_	_	linguistic	_	none	_	End=1420.549	_	_	_	_
758-0	BOI070	758	758	0	e	e	_	_	_	_	_	linguistic	_	none	_	Begin=1421.075|End=1421.117	_	_	_	_
759-0	BOI070	759	759	0	vi	vi	_	_	_	_	_	linguistic	_	none	_	Begin=1421.431	_	_	_	_
759-1	BOI070	759	759	1	garantisco	garantisco	_	_	_	_	_	linguistic	_	none	_	_	_	_	_	_
759-2	BOI070	759	759	2	che	che	_	_	_	_	_	linguistic	_	none	_	_	_	_	_	_
759-3	BOI070	759	759	3	a	a	_	_	_	_	_	linguistic	_	none	_	_	_	_	_	_
759-4	BOI070	759	759	4	volte	volte	_	_	_	_	_	linguistic	_	none	_	_	_	_	_	_
759-5	BOI070	759	759	5	quando	quando	_	_	_	_	_	linguistic	_	none	_	_	_	_	_	_
759-6	BOI070	759	759	6	dico	dico	_	_	_	_	_	linguistic	_	none	_	_	_	_	_	_
759-7	BOI070	759	759	7	sono	sono	_	_	_	_	_	linguistic	_	none	_	_	_	_	_	_
759-8	BOI070	759	759	8	bolognese	bolognese	_	_	_	_	_	linguistic	_	none	_	_	_	_	_	_
759-9	BOI070	759	759	9	(>sono	sono	_	_	_	_	_	linguistic	_	none	_	_	_	Fast=0-4(0)	0-4(0)	_
759-10	BOI070	759	759	10	imolese<)	imolese	_	_	_	_	_	linguistic	_	none	_	_	_	Fast=0-7(0)	0-7(0)	_
759-11	BOI070	759	759	11	ci	ci	_	_	_	_	_	linguistic	_	none	_	_	_	_	_	_
759-12	BOI070	759	759	12	rimangono	rimangono	_	_	_	_	_	linguistic	_	none	_	_	_	_	_	_
759-13	BOI070	759	759	13	di	di	_	_	_	_	_	linguistic	_	none	_	_	_	_	_	_
759-14	BOI070	759	759	14	merda	merda	_	_	_	_	_	linguistic	_	none	_	_	_	_	_	_
759-15	BOI070	759	759	15	no,	no	_	_	_	_	_	linguistic	_	none	Intonation=WeaklyRising	End=1424.928	_	_	_	_
760-0	BOR021	760	760	0	((ride))	((ride))	_	_	_	_	_	nonverbalbehavior	_	none	_	Begin=1424.982	_	_	_	_
760-1	BOR021	760	760	1	perché?	perché	_	_	_	_	_	linguistic	_	none	Intonation=Rising	End=1425.329	_	_	_	_
761-0	BOI070	761	761	0	mi	mi	_	_	_	_	_	linguistic	_	none	_	Begin=1425.388	_	_	_	_
761-1	BOI070	761	761	1	dicono	dicono	_	_	_	_	_	linguistic	_	none	_	_	_	_	_	_
761-2	BOI070	761	761	2	cazzo	cazzo	_	_	_	_	_	linguistic	_	none	_	_	_	_	_	_
761-3	BOI070	761	761	3	(ma)	ma	_	_	_	_	_	linguistic	_	none	_	_	_	_	0-2(0)	_
761-4	BOI070	761	761	4	sei	sei	_	_	_	_	_	linguistic	_	none	_	_	_	_	_	_
761-5	BOI070	761	761	5	l'	l'	_	_	_	_	_	linguistic	_	none	SpaceAfter=No	_	_	_	_	_
761-6	BOI070	761	761	6	unico	unico	_	_	_	_	_	linguistic	_	none	_	_	_	_	_	_
761-7	BOI070	761	761	7	bolognese	bolognese	_	_	_	_	_	linguistic	_	none	_	_	_	_	_	_
761-8	BOI070	761	761	8	che	che	_	_	_	_	_	linguistic	_	none	_	_	_	_	_	_
761-9	BOI070	761	761	9	ho	ho	_	_	_	_	_	linguistic	_	none	_	_	_	_	_	_
761-10	BOI070	761	761	10	visto	visto	_	_	_	_	_	linguistic	_	none	_	_	_	_	_	_
761-11	BOI070	761	761	11	fino	fino	_	_	_	_	_	linguistic	_	none	_	_	_	_	_	_
761-12	BOI070	761	761	12	adesso	adesso	_	_	_	_	_	linguistic	_	none	_	_	_	_	_	_
761-13	BOI070	761	761	13	che	che	_	_	_	_	_	linguistic	_	none	_	_	_	_	_	_
761-14	BOI070	761	761	14	sono	sono	_	_	_	_	_	linguistic	_	none	_	_	_	_	_	_
761-15	BOI070	761	761	15	qui	qui	_	_	_	_	_	linguistic	_	none	_	_	_	_	_	_
761-16	BOI070	761	761	16	da	da	_	_	_	_	_	linguistic	_	none	_	_	_	_	_	_
761-17	BOI070	761	761	17	tre	tre	_	_	_	_	_	linguistic	_	none	_	_	_	_	_	_
761-18	BOI070	761	761	18	anni	anni	_	_	_	_	_	linguistic	_	none	_	End=1428.999	_	_	_	_
762-0	BOR021	762	762	0	questa	questa	_	_	_	_	_	linguistic	_	none	_	Begin=1429.058	_	_	_	_
762-1	BOR021	762	762	1	cosa	cosa	_	_	_	_	_	linguistic	_	none	_	_	_	_	_	_
762-2	BOR021	762	762	2	è	è	_	_	_	_	_	linguistic	_	none	_	_	_	_	_	_
762-3	BOR021	762	762	3	vera:,	vera	_	_	_	_	_	linguistic	_	none	Intonation=WeaklyRising	End=1429.956	3x1	_	_	_
763-0	BOI070	763	763	0	((ride))	((ride))	_	_	_	_	_	nonverbalbehavior	_	none	_	Begin=1429.532|End=1429.956	_	_	_	_
764-0	BOI070	764	764	0	((ride))	((ride))	_	_	_	_	_	nonverbalbehavior	_	none	_	Begin=1430.236	_	_	_	_
764-1	BOI070	764	764	1	hai	hai	_	_	_	_	_	linguistic	_	none	_	_	_	_	_	_
764-2	BOI070	764	764	2	capito?	capito	_	_	_	_	_	linguistic	_	none	Intonation=Rising	_	_	_	_	_
764-3	BOI070	764	764	3	c(io)è	cioè	_	_	_	_	_	linguistic	_	none	Reduced=Yes	_	_	_	_	_
764-4	BOI070	764	764	4	or[mai	ormai	_	_	_	_	_	linguistic	_	none	_	_	_	_	_	2-5(154)
764-5	BOI070	764	764	5	(sto)	sto	_	_	_	_	_	linguistic	_	none	_	_	_	_	0-3(0)	0-3(154)
764-6	BOI070	764	764	6	facendo	facendo	_	_	_	_	_	linguistic	_	none	_	_	_	_	_	0-7(154)
764-7	BOI070	764	764	7	la	la	_	_	_	_	_	linguistic	_	none	_	_	_	_	_	0-2(154)
764-8	BOI070	764	764	8	magis]trale:	magistrale	_	_	_	_	_	linguistic	_	none	PauseAfter=Yes	_	9x1	_	_	0-5(154)
764-9	BOI070	764	764	9	(.)	(.)	_	_	_	_	_	shortpause	_	none	_	_	_	_	_	_
764-10	BOI070	764	764	10	[e]	e	_	_	_	_	_	linguistic	_	none	_	End=1432.871	_	_	_	0-1(222)
765-0	BOR021	765	765	0	[è	è	_	_	_	_	_	linguistic	_	none	_	Begin=1431.185	_	_	_	0-1(154)
765-1	BOR021	765	765	1	come	come	_	_	_	_	_	linguistic	_	none	PauseAfter=Yes	_	_	_	_	0-4(154)
765-2	BOR021	765	765	2	(.)	(.)	_	_	_	_	_	shortpause	_	none	_	_	_	_	_	_
765-3	BOR021	765	765	3	è	è	_	_	_	_	_	linguistic	_	none	_	_	_	_	_	0-1(154)
765-4	BOR021	765	765	4	come]	come	_	_	_	_	_	linguistic	_	none	_	End=1432.092	_	_	_	0-4(154)
766-0	BOI071	766	766	0	[eh	eh	_	_	_	_	_	linguistic	_	none	_	Begin=1432.592	_	_	_	0-2(222)
766-1	BOI071	766	766	1	ma	ma	_	_	_	_	_	linguistic	_	none	_	_	_	_	_	0-2(222)
766-2	BOI071	766	766	2	perché]	perché	_	_	_	_	_	linguistic	_	none	_	End=1433.388	_	_	_	0-6(222)
767-0	BOR021	767	767	0	[è	è	_	_	_	_	_	linguistic	_	none	_	Begin=1432.727	_	_	_	0-1(222)
767-1	BOR021	767	767	1	come	come	_	_	_	_	_	linguistic	_	none	_	_	_	_	_	0-4(222)
767-2	BOR021	767	767	2	un	un	_	_	_	_	_	linguistic	_	none	_	_	_	_	_	0-2(222)
767-3	BOR021	767	767	3	mit]o	mito	_	_	_	_	_	linguistic	_	none	PauseAfter=Yes	_	_	_	_	0-3(222)
767-4	BOR021	767	767	4	(.)	(.)	_	_	_	_	_	shortpause	_	none	_	_	_	_	_	_
767-5	BOR021	767	767	5	una	una	_	_	_	_	_	linguistic	_	none	_	_	_	_	_	_
767-6	BOR021	767	767	6	leggenda	leggenda	_	_	_	_	_	linguistic	_	none	_	End=1434.371	_	_	_	_
768-0	BOI071	768	768	0	perché	perché	_	_	_	_	_	linguistic	_	none	_	Begin=1434.668	_	_	_	_
768-1	BOI071	768	768	1	[è	è	_	_	_	_	_	linguistic	_	none	_	_	_	_	_	0-1(155)
768-2	BOI071	768	768	2	con]osciuto:::	conosciuto	_	_	_	_	_	linguistic	_	none	_	End=1436.454	9x3	_	_	0-3(155)
769-0	BOI070	769	769	0	[sì]	sì	_	_	_	_	_	linguistic	_	none	_	Begin=1434.829|End=1435.066	_	_	_	0-2(155)
770-0	BOI071	770	770	0	da	da	_	_	_	_	_	linguistic	_	none	_	Begin=1437.015	_	_	_	_
770-1	BOI071	770	770	1	gente	gente	_	_	_	_	_	linguistic	_	none	_	_	_	_	_	_
770-2	BOI071	770	770	2	universitaria	universitaria	_	_	_	_	_	linguistic	_	none	_	_	_	_	_	_
770-3	BOI071	770	770	3	perché	perché	_	_	_	_	_	linguistic	_	none	_	_	_	_	_	_
770-4	BOI071	770	770	4	loro	loro	_	_	_	_	_	linguistic	_	none	_	_	_	_	_	_
770-5	BOI071	770	770	5	>sono	sono	_	_	_	_	_	linguistic	_	none	_	_	_	Fast=0-4(0)	_	_
770-6	BOI071	770	770	6	abituat(e)<	abituate	_	_	_	_	_	linguistic	_	none	PauseAfter=Yes	_	_	Fast=0-8(0)	7-8(0)	_
770-7	BOI071	770	770	7	(.)	(.)	_	_	_	_	_	shortpause	_	none	_	_	_	_	_	_
770-8	BOI071	770	770	8	a	a	_	_	_	_	_	linguistic	_	none	PauseAfter=Yes	_	_	_	_	_
770-9	BOI071	770	770	9	(.)	(.)	_	_	_	_	_	shortpause	_	none	_	_	_	_	_	_
770-10	BOI071	770	770	10	stare	stare	_	_	_	_	_	linguistic	_	none	_	End=1439.778	_	_	_	_
771-0	BOI071	771	771	0	molto	molto	_	_	_	_	_	linguistic	_	none	_	Begin=1440.143	_	_	_	_
771-1	BOI071	771	771	1	nella	nella	_	_	_	_	_	linguistic	_	none	_	_	_	_	_	_
771-2	BOI071	771	771	2	ge~	ge~	_	_	_	_	_	linguistic	_	none	Interrupted=Yes	_	_	_	_	_
771-3	BOI071	771	771	3	nella::	nella	_	_	_	_	_	linguistic	_	none	_	_	4x2	_	_	_
771-4	BOI071	771	771	4	zona	zona	_	_	_	_	_	linguistic	_	none	_	_	_	_	_	_
771-5	BOI071	771	771	5	universitaria	universitaria	_	_	_	_	_	linguistic	_	none	_	_	_	_	_	_
771-6	BOI071	771	771	6	capito?	capito	_	_	_	_	_	linguistic	_	none	Intonation=Rising	End=1442.832	_	_	_	_
772-0	BOI070	772	772	0	no	no	_	_	_	_	_	linguistic	_	none	_	Begin=1442.922	_	_	_	_
772-1	BOI070	772	772	1	ma	ma	_	_	_	_	_	linguistic	_	none	_	_	_	_	_	_
772-2	BOI070	772	772	2	alcuni::	alcuni	_	_	_	_	_	linguistic	_	none	_	_	5x2	_	_	_
772-3	BOI070	772	772	3	(ap~)	ap~	_	_	_	_	_	linguistic	_	none	Interrupted=Yes	End=1444.38	_	_	0-3(0)	_
773-0	BOI070	773	773	0	è	è	_	_	_	_	_	linguistic	_	none	_	Begin=1444.448	_	_	_	_
773-1	BOI070	773	773	1	vero	vero	_	_	_	_	_	linguistic	_	none	_	_	_	_	_	_
773-2	BOI070	773	773	2	anche	anche	_	_	_	_	_	linguistic	_	none	_	_	_	_	_	_
773-3	BOI070	773	773	3	quello	quello	_	_	_	_	_	linguistic	_	none	_	_	_	_	_	_
773-4	BOI070	773	773	4	però:	però	_	_	_	_	_	linguistic	_	none	_	End=1445.838	3x1	_	_	_
774-0	BOI070	774	774	0	ecco	ecco	_	_	_	_	_	linguistic	_	none	_	Begin=1446.414	_	_	_	_
774-1	BOI070	774	774	1	questo	questo	_	_	_	_	_	linguistic	_	none	_	_	_	_	_	_
774-2	BOI070	774	774	2	ti	ti	_	_	_	_	_	linguistic	_	none	_	_	_	_	_	_
774-3	BOI070	774	774	3	fa	fa	_	_	_	_	_	linguistic	_	none	_	_	_	_	_	_
774-4	BOI070	774	774	4	capire	capire	_	_	_	_	_	linguistic	_	none	_	_	_	_	_	_
774-5	BOI070	774	774	5	come	come	_	_	_	_	_	linguistic	_	none	_	_	_	_	_	_
774-6	BOI070	774	774	6	sta	sta	_	_	_	_	_	linguistic	_	none	_	_	_	_	_	_
774-7	BOI070	774	774	7	dicendo::	dicendo	_	_	_	_	_	linguistic	_	none	_	_	6x2	_	_	_
774-8	BOI070	774	774	8	lui	lui	_	_	_	_	_	linguistic	_	none	_	End=1448.976	_	_	_	_
775-0	BOI070	775	775	0	che	che	_	_	_	_	_	linguistic	_	none	PauseAfter=Yes	Begin=1449.609	_	_	_	_
775-1	BOI070	775	775	1	(.)	(.)	_	_	_	_	_	shortpause	_	none	_	_	_	_	_	_
775-2	BOI070	775	775	2	appunto	appunto	_	_	_	_	_	linguistic	_	none	_	_	_	_	_	_
775-3	BOI070	775	775	3	magari:	magari	_	_	_	_	_	linguistic	_	none	_	End=1450.871	5x1	_	_	_
776-0	BOI070	776	776	0	essendo	essendo	_	_	_	_	_	linguistic	_	none	_	Begin=1451.143	_	_	_	_
776-1	BOI070	776	776	1	molto	molto	_	_	_	_	_	linguistic	_	none	_	_	_	_	_	_
776-2	BOI070	776	776	2	abituati	abituati	_	_	_	_	_	linguistic	_	none	_	_	_	_	_	_
776-3	BOI070	776	776	3	a	a	_	_	_	_	_	linguistic	_	none	_	_	_	_	_	_
776-4	BOI070	776	776	4	stare	stare	_	_	_	_	_	linguistic	_	none	_	_	_	_	_	_
776-5	BOI070	776	776	5	in	in	_	_	_	_	_	linguistic	_	none	_	_	_	_	_	_
776-6	BOI070	776	776	6	zona	zona	_	_	_	_	_	linguistic	_	none	_	_	_	_	_	_
776-7	BOI070	776	776	7	universitaria	universitaria	_	_	_	_	_	linguistic	_	none	_	End=1453.448	_	_	_	_
777-0	BOI070	777	777	0	xxx	xxx	_	_	_	_	_	unknown	_	none	Syllables=3	Begin=1453.778	_	_	_	_
777-1	BOI070	777	777	1	(va	va	_	_	_	_	_	linguistic	_	none	_	_	_	_	0-2(0)	_
777-2	BOI070	777	777	2	a	a	_	_	_	_	_	linguistic	_	none	_	_	_	_	0-1(0)	_
777-3	BOI070	777	777	3	finire)	finire	_	_	_	_	_	linguistic	_	none	_	_	_	_	0-6(0)	_
777-4	BOI070	777	777	4	che	che	_	_	_	_	_	linguistic	_	none	_	_	_	_	_	_
777-5	BOI070	777	777	5	anche	anche	_	_	_	_	_	linguistic	_	none	_	_	_	_	_	_
777-6	BOI070	777	777	6	la	la	_	_	_	_	_	linguistic	_	none	_	_	_	_	_	_
777-7	BOI070	777	777	7	la	la	_	_	_	_	_	linguistic	_	none	_	_	_	_	_	_
777-8	BOI070	777	777	8	pa~	pa~	_	_	_	_	_	linguistic	_	none	Interrupted=Yes	_	_	_	_	_
777-9	BOI070	777	777	9	eh	eh	_	_	_	_	_	linguistic	_	none	_	End=1455.6	_	_	_	_
778-0	BOI070	778	778	0	i	i	_	_	_	_	_	linguistic	_	none	_	Begin=1455.778	_	_	_	_
778-1	BOI070	778	778	1	ragazzi	ragazzi	_	_	_	_	_	linguistic	_	none	_	_	_	_	_	_
778-2	BOI070	778	778	2	bolognesi	bolognesi	_	_	_	_	_	linguistic	_	none	_	_	_	_	_	_
778-3	BOI070	778	778	3	che	che	_	_	_	_	_	linguistic	_	none	_	_	_	_	_	_
778-4	BOI070	778	778	4	sono	sono	_	_	_	_	_	linguistic	_	none	_	_	_	_	_	_
778-5	BOI070	778	778	5	bolognesi	bolognesi	_	_	_	_	_	linguistic	_	none	_	_	_	_	_	_
778-6	BOI070	778	778	6	non	non	_	_	_	_	_	linguistic	_	none	_	_	_	_	_	_
778-7	BOI070	778	778	7	vanno	vanno	_	_	_	_	_	linguistic	_	none	_	_	_	_	_	_
778-8	BOI070	778	778	8	troppo	troppo	_	_	_	_	_	linguistic	_	none	_	_	_	_	_	_
778-9	BOI070	778	778	9	anche	anche	_	_	_	_	_	linguistic	_	none	_	_	_	_	_	_
778-10	BOI070	778	778	10	loro	loro	_	_	_	_	_	linguistic	_	none	_	_	_	_	_	_
778-11	BOI070	778	778	11	nella	nella	_	_	_	_	_	linguistic	_	none	_	_	_	_	_	_
778-12	BOI070	778	778	12	zona	zona	_	_	_	_	_	linguistic	_	none	_	_	_	_	_	_
778-13	BOI070	778	778	13	universitaria	universitaria	_	_	_	_	_	linguistic	_	none	_	End=1459.321	_	_	_	_
779-0	BOI070	779	779	0	e	e	_	_	_	_	_	linguistic	_	none	_	Begin=1459.321	_	_	_	_
779-1	BOI070	779	779	1	quindi	quindi	_	_	_	_	_	linguistic	_	none	_	_	_	_	_	_
779-2	BOI070	779	779	2	è	è	_	_	_	_	_	linguistic	_	none	_	_	_	_	_	_
779-3	BOI070	779	779	3	bologna	bologna	_	_	_	_	_	linguistic	_	none	_	_	_	_	_	_
779-4	BOI070	779	779	4	è	è	_	_	_	_	_	linguistic	_	none	_	_	_	_	_	_
779-5	BOI070	779	779	5	come	come	_	_	_	_	_	linguistic	_	none	_	_	_	_	_	_
779-6	BOI070	779	779	6	se	se	_	_	_	_	_	linguistic	_	none	_	_	_	_	_	_
779-7	BOI070	779	779	7	di~	di~	_	_	_	_	_	linguistic	_	none	Interrupted=Yes	_	_	_	_	_
779-8	BOI070	779	779	8	fosse	fosse	_	_	_	_	_	linguistic	_	none	_	_	_	_	_	_
779-9	BOI070	779	779	9	divisa	divisa	_	_	_	_	_	linguistic	_	none	_	_	_	_	_	_
779-10	BOI070	779	779	10	in	in	_	_	_	_	_	linguistic	_	none	_	_	_	_	_	_
779-11	BOI070	779	779	11	due	due	_	_	_	_	_	linguistic	_	none	_	_	_	_	_	_
779-12	BOI070	779	779	12	a	a	_	_	_	_	_	linguistic	_	none	_	_	_	_	_	_
779-13	BOI070	779	779	13	questo	questo	_	_	_	_	_	linguistic	_	none	_	_	_	_	_	_
779-14	BOI070	779	779	14	punto	punto	_	_	_	_	_	linguistic	_	none	_	End=1461.744	_	_	_	_
780-0	BOR021	780	780	0	certo	certo	_	_	_	_	_	linguistic	_	none	_	Begin=1461.956|End=1462.287	_	_	_	_
781-0	BOI070	781	781	0	capito?	capito	_	_	_	_	_	linguistic	_	none	Intonation=Rising	Begin=1462.405|End=1462.753	_	_	_	_
782-0	BOI070	782	782	0	quindi	quindi	_	_	_	_	_	linguistic	_	none	PauseAfter=Yes	Begin=1463.109	_	_	_	_
782-1	BOI070	782	782	1	(.)	(.)	_	_	_	_	_	shortpause	_	none	_	_	_	_	_	_
782-2	BOI070	782	782	2	le	le	_	_	_	_	_	linguistic	_	none	_	_	_	_	_	_
782-3	BOI070	782	782	3	serate	serate	_	_	_	_	_	linguistic	_	none	_	_	_	_	_	_
782-4	BOI070	782	782	4	sono	sono	_	_	_	_	_	linguistic	_	none	_	_	_	_	_	_
782-5	BOI070	782	782	5	divise	divise	_	_	_	_	_	linguistic	_	none	_	_	_	_	_	_
782-6	BOI070	782	782	6	in	in	_	_	_	_	_	linguistic	_	none	_	_	_	_	_	_
782-7	BOI070	782	782	7	due	due	_	_	_	_	_	linguistic	_	none	_	End=1464.702	_	_	_	_
783-0	BOR021	783	783	0	[vero]	vero	_	_	_	_	_	linguistic	_	none	_	Begin=1465.931|End=1466.185	_	_	_	0-4(156)
784-0	BOI070	784	784	0	[(quindi)	quindi	_	_	_	_	_	linguistic	_	none	_	Begin=1465.939	_	_	0-6(0)	0-6(156)
784-1	BOI070	784	784	1	s]e	se	_	_	_	_	_	linguistic	_	none	_	_	_	_	_	0-1(156)
784-2	BOI070	784	784	2	ci	ci	_	_	_	_	_	linguistic	_	none	_	_	_	_	_	_
784-3	BOI070	784	784	3	pen[si]	pensi	_	_	_	_	_	linguistic	_	none	_	End=1466.736	_	_	_	3-5(157)
785-0	BOR021	785	785	0	[ho]	ho	_	_	_	_	_	linguistic	_	none	_	Begin=1466.685	_	_	_	0-2(157)
785-1	BOR021	785	785	1	in	in	_	_	_	_	_	linguistic	_	none	_	_	_	_	_	_
785-2	BOR021	785	785	2	più	più	_	_	_	_	_	linguistic	_	none	_	End=1467.216	_	_	_	_
786-0	BOR021	786	786	0	[c(io)è]	cioè	_	_	_	_	_	linguistic	_	none	Reduced=Yes	Begin=1467.422|End=1467.592	_	_	_	0-4(158)
787-0	BOI070	787	787	0	[eh]	eh	_	_	_	_	_	linguistic	_	none	_	Begin=1467.422|End=1467.592	_	_	_	0-2(158)
788-0	BOI070	788	788	0	perc~	perc~	_	_	_	_	_	linguistic	_	none	Interrupted=Yes	Begin=1467.739|End=1467.864	_	_	_	_
789-0	BOR021	789	789	0	cose	cose	_	_	_	_	_	linguistic	_	none	_	Begin=1468.089	_	_	_	_
789-1	BOR021	789	789	1	da	da	_	_	_	_	_	linguistic	_	none	_	_	_	_	_	_
789-2	BOR021	789	789	2	fare	fare	_	_	_	_	_	linguistic	_	none	_	End=1468.605	_	_	_	_
790-0	BOI070	790	790	0	perché	perché	_	_	_	_	_	linguistic	_	none	_	Begin=1468.793	_	_	_	_
790-1	BOI070	790	790	1	nel	nel	_	_	_	_	_	linguistic	_	none	_	_	_	_	_	_
790-2	BOI070	790	790	2	senso	senso	_	_	_	_	_	linguistic	_	none	_	_	_	_	_	_
790-3	BOI070	790	790	3	o	o	_	_	_	_	_	linguistic	_	none	_	_	_	_	_	_
790-4	BOI070	790	790	4	si	si	_	_	_	_	_	linguistic	_	none	_	_	_	_	_	_
790-5	BOI070	790	790	5	mischiano	mischiano	_	_	_	_	_	linguistic	_	none	_	_	_	_	_	_
790-6	BOI070	790	790	6	le	le	_	_	_	_	_	linguistic	_	none	_	_	_	_	_	_
790-7	BOI070	790	790	7	cose	cose	_	_	_	_	_	linguistic	_	none	_	_	_	_	_	_
790-8	BOI070	790	790	8	quindi	quindi	_	_	_	_	_	linguistic	_	none	_	_	_	_	_	_
790-9	BOI070	790	790	9	o	o	_	_	_	_	_	linguistic	_	none	_	_	_	_	_	_
790-10	BOI070	790	790	10	che	che	_	_	_	_	_	linguistic	_	none	_	_	_	_	_	_
790-11	BOI070	790	790	11	magari	magari	_	_	_	_	_	linguistic	_	none	_	_	_	_	_	_
790-12	BOI070	790	790	12	un	un	_	_	_	_	_	linguistic	_	none	_	_	_	_	_	_
790-13	BOI070	790	790	13	po'	po'	_	_	_	_	_	linguistic	_	none	_	_	_	_	_	_
790-14	BOI070	790	790	14	di	di	_	_	_	_	_	linguistic	_	none	_	_	_	_	_	_
790-15	BOI070	790	790	15	gente	gente	_	_	_	_	_	linguistic	_	none	_	_	_	_	_	_
790-16	BOI070	790	790	16	bolognese	bolognese	_	_	_	_	_	linguistic	_	none	_	_	_	_	_	_
790-17	BOI070	790	790	17	va	va	_	_	_	_	_	linguistic	_	none	_	_	_	_	_	_
790-18	BOI070	790	790	18	in	in	_	_	_	_	_	linguistic	_	none	_	_	_	_	_	_
790-19	BOI070	790	790	19	giro	giro	_	_	_	_	_	linguistic	_	none	_	End=1473.049	_	_	_	_
791-0	BOI070	791	791	0	e	e	_	_	_	_	_	linguistic	_	none	_	Begin=1473.072	_	_	_	_
791-1	BOI070	791	791	1	sicuro	sicuro	_	_	_	_	_	linguistic	_	none	_	_	_	_	_	_
791-2	BOI070	791	791	2	perché	perché	_	_	_	_	_	linguistic	_	none	_	_	_	_	_	_
791-3	BOI070	791	791	3	a	a	_	_	_	_	_	linguistic	_	none	_	_	_	_	_	_
791-4	BOI070	791	791	4	tutti:	tutti	_	_	_	_	_	linguistic	_	none	_	End=1474.795	4x1	_	_	_
792-0	BOI070	792	792	0	piace	piace	_	_	_	_	_	linguistic	_	none	_	Begin=1475.211	_	_	_	_
792-1	BOI070	792	792	1	andare	andare	_	_	_	_	_	linguistic	_	none	_	_	_	_	_	_
792-2	BOI070	792	792	2	verso	verso	_	_	_	_	_	linguistic	_	none	_	_	_	_	_	_
792-3	BOI070	792	792	3	quella	quella	_	_	_	_	_	linguistic	_	none	_	_	_	_	_	_
792-4	BOI070	792	792	4	zona	zona	_	_	_	_	_	linguistic	_	none	_	_	_	_	_	_
792-5	BOI070	792	792	5	universitaria	universitaria	_	_	_	_	_	linguistic	_	none	_	_	_	_	_	_
792-6	BOI070	792	792	6	ma	ma	_	_	_	_	_	linguistic	_	none	_	End=1477.406	_	_	_	_
793-0	BOI070	793	793	0	non	non	_	_	_	_	_	linguistic	_	none	_	Begin=1477.878	_	_	_	_
793-1	BOI070	793	793	1	è	è	_	_	_	_	_	linguistic	_	none	_	_	_	_	_	_
793-2	BOI070	793	793	2	perché	perché	_	_	_	_	_	linguistic	_	none	_	_	_	_	_	_
793-3	BOI070	793	793	3	eh	eh	_	_	_	_	_	linguistic	_	none	_	_	_	_	_	_
793-4	BOI070	793	793	4	andiamo	andiamo	_	_	_	_	_	linguistic	_	none	_	_	_	_	_	_
793-5	BOI070	793	793	5	dagli	dagli	_	_	_	_	_	linguistic	_	none	_	_	_	_	_	_
793-6	BOI070	793	793	6	universitari	universitari	_	_	_	_	_	linguistic	_	none	_	_	_	_	_	_
793-7	BOI070	793	793	7	non	non	_	_	_	_	_	linguistic	_	none	_	_	_	_	_	_
793-8	BOI070	793	793	8	è:	è	_	_	_	_	_	linguistic	_	none	_	_	0x1	_	_	_
793-9	BOI070	793	793	9	una	una	_	_	_	_	_	linguistic	_	none	_	_	_	_	_	_
793-10	BOI070	793	793	10	cosa	cosa	_	_	_	_	_	linguistic	_	none	_	_	_	_	_	_
793-11	BOI070	793	793	11	così	così	_	_	_	_	_	linguistic	_	none	_	_	_	_	_	_
793-12	BOI070	793	793	12	ma	ma	_	_	_	_	_	linguistic	_	none	_	_	_	_	_	_
793-13	BOI070	793	793	13	perché	perché	_	_	_	_	_	linguistic	_	none	_	_	_	_	_	_
793-14	BOI070	793	793	14	diciamo	diciamo	_	_	_	_	_	linguistic	_	none	_	_	_	_	_	_
793-15	BOI070	793	793	15	>andiamo<	andiamo	_	_	_	_	_	linguistic	_	none	_	_	_	Fast=0-7(0)	_	_
793-16	BOI070	793	793	16	dove	dove	_	_	_	_	_	linguistic	_	none	_	_	_	_	_	_
793-17	BOI070	793	793	17	c'	c'	_	_	_	_	_	linguistic	_	none	SpaceAfter=No	_	_	_	_	_
793-18	BOI070	793	793	18	è	è	_	_	_	_	_	linguistic	_	none	_	_	_	_	_	_
793-19	BOI070	793	793	19	fluenza	fluenza	_	_	_	_	_	linguistic	_	none	_	_	_	_	_	_
793-20	BOI070	793	793	20	dove	dove	_	_	_	_	_	linguistic	_	none	_	_	_	_	_	_
793-21	BOI070	793	793	21	c'	c'	_	_	_	_	_	linguistic	_	none	SpaceAfter=No	_	_	_	_	_
793-22	BOI070	793	793	22	è	è	_	_	_	_	_	linguistic	_	none	_	_	_	_	_	_
793-23	BOI070	793	793	23	una	una	_	_	_	_	_	linguistic	_	none	_	_	_	_	_	_
793-24	BOI070	793	793	24	ragazza	ragazza	_	_	_	_	_	linguistic	_	none	_	_	_	_	_	_
793-25	BOI070	793	793	25	della	della	_	_	_	_	_	linguistic	_	none	_	_	_	_	_	_
793-26	BOI070	793	793	26	nostra	nostra	_	_	_	_	_	linguistic	_	none	_	_	_	_	_	_
793-27	BOI070	793	793	27	età	età	_	_	_	_	_	linguistic	_	none	_	End=1483.443	_	_	_	_
794-0	BOR021	794	794	0	eh	eh	_	_	_	_	_	linguistic	_	none	_	Begin=1483.656	_	_	_	_
794-1	BOR021	794	794	1	e	e	_	_	_	_	_	linguistic	_	none	_	_	_	_	_	_
794-2	BOR021	794	794	2	[sono	sono	_	_	_	_	_	linguistic	_	none	_	_	_	_	_	0-4(159)
794-3	BOR021	794	794	3	gli	gli	_	_	_	_	_	linguistic	_	none	_	_	_	_	_	0-3(159)
794-4	BOR021	794	794	4	unversitari	unversitari	_	_	_	_	_	linguistic	_	none	_	_	_	_	_	0-11(159)
794-5	BOR021	794	794	5	spesso]	spesso	_	_	_	_	_	linguistic	_	none	_	End=1485.35	_	_	_	0-6(159)
795-0	BOI070	795	795	0	[xxx	xxx	_	_	_	_	_	unknown	_	none	Syllables=3	Begin=1483.952	_	_	_	0-3(159)
795-1	BOI070	795	795	1	esa(tto)	esatto	_	_	_	_	_	linguistic	_	none	_	_	_	_	3-6(0)	0-6(159)
795-2	BOI070	795	795	2	(sono)	sono	_	_	_	_	_	linguistic	_	none	_	_	_	_	0-4(1)	0-4(159)
795-3	BOI070	795	795	3	la	la	_	_	_	_	_	linguistic	_	none	_	_	_	_	_	0-2(159)
795-4	BOI070	795	795	4	maggio]r	maggior	_	_	_	_	_	linguistic	_	none	_	_	_	_	_	0-6(159)
795-5	BOI070	795	795	5	parte	parte	_	_	_	_	_	linguistic	_	none	_	_	_	_	_	_
795-6	BOI070	795	795	6	di	di	_	_	_	_	_	linguistic	_	none	_	_	_	_	_	_
795-7	BOI070	795	795	7	quella	quella	_	_	_	_	_	linguistic	_	none	_	_	_	_	_	_
795-8	BOI070	795	795	8	zona	zona	_	_	_	_	_	linguistic	_	none	_	_	_	_	_	_
795-9	BOI070	795	795	9	lì	lì	_	_	_	_	_	linguistic	_	none	_	End=1486.369	_	_	_	_
796-0	BOI070	796	796	0	e:	e	_	_	_	_	_	linguistic	_	none	_	Begin=1487.221	0x1	_	_	_
796-1	BOI070	796	796	1	altre	altre	_	_	_	_	_	linguistic	_	none	_	_	_	_	_	_
796-2	BOI070	796	796	2	pa~	pa~	_	_	_	_	_	linguistic	_	none	Interrupted=Yes	_	_	_	_	_
796-3	BOI070	796	796	3	mh	mh	_	_	_	_	_	linguistic	_	none	_	_	_	_	_	_
796-4	BOI070	796	796	4	>invece	invece	_	_	_	_	_	linguistic	_	none	_	_	_	Fast=0-6(0)	_	_
796-5	BOI070	796	796	5	in	in	_	_	_	_	_	linguistic	_	none	_	_	_	Fast=0-2(0)	_	_
796-6	BOI070	796	796	6	estate<	estate	_	_	_	_	_	linguistic	_	none	_	_	_	Fast=0-6(0)	_	_
796-7	BOI070	796	796	7	cambia	cambia	_	_	_	_	_	linguistic	_	none	_	_	_	_	_	_
796-8	BOI070	796	796	8	un	un	_	_	_	_	_	linguistic	_	none	_	_	_	_	_	_
796-9	BOI070	796	796	9	po'	po'	_	_	_	_	_	linguistic	_	none	_	_	_	_	_	_
796-10	BOI070	796	796	10	tutto	tutto	_	_	_	_	_	linguistic	_	none	_	_	_	_	_	_
796-11	BOI070	796	796	11	magari	magari	_	_	_	_	_	linguistic	_	none	_	_	_	_	_	_
796-12	BOI070	796	796	12	in	in	_	_	_	_	_	linguistic	_	none	_	_	_	_	_	_
796-13	BOI070	796	796	13	estate	estate	_	_	_	_	_	linguistic	_	none	_	_	_	_	_	_
796-14	BOI070	796	796	14	(c'	c'	_	_	_	_	_	linguistic	_	none	SpaceAfter=No	_	_	_	0-2(0)	_
796-15	BOI070	796	796	15	è)	è	_	_	_	_	_	linguistic	_	none	_	End=1490.415	_	_	0-1(0)	_
797-0	BOI070	797	797	0	mh	mh	_	_	_	_	_	linguistic	_	none	_	Begin=1490.998	_	_	_	_
797-1	BOI070	797	797	1	zo[na	zona	_	_	_	_	_	linguistic	_	none	_	_	_	_	_	2-4(160)
797-2	BOI070	797	797	2	xx]	xx	_	_	_	_	_	unknown	_	none	Syllables=2	End=1491.721	_	_	_	0-2(160)
798-0	BOI071	798	798	0	[non	non	_	_	_	_	_	linguistic	_	none	_	Begin=1491.332	_	_	_	0-3(160)
798-1	BOI071	798	798	1	ci	ci	_	_	_	_	_	linguistic	_	none	_	_	_	_	_	0-2(160)
798-2	BOI071	798	798	2	sta]	sta	_	_	_	_	_	linguistic	_	none	_	_	_	_	_	0-3(160)
798-3	BOI071	798	798	3	nessuno	nessuno	_	_	_	_	_	linguistic	_	none	_	_	_	_	_	_
798-4	BOI071	798	798	4	a	a	_	_	_	_	_	linguistic	_	none	_	_	_	_	_	_
798-5	BOI071	798	798	5	[bolo(gna)]	bologna	_	_	_	_	_	linguistic	_	none	_	End=1492.767	_	_	4-7(0)	0-7(161)
799-0	BOI070	799	799	0	[non	non	_	_	_	_	_	linguistic	_	none	_	Begin=1492.258	_	_	_	0-3(161)
799-1	BOI070	799	799	1	ci	ci	_	_	_	_	_	linguistic	_	none	_	_	_	_	_	0-2(161)
799-2	BOI070	799	799	2	sta	sta	_	_	_	_	_	linguistic	_	none	_	_	_	_	_	0-3(161)
799-3	BOI070	799	799	3	nes]suno	nessuno	_	_	_	_	_	linguistic	_	none	_	_	_	_	_	0-3(161)
799-4	BOI070	799	799	4	[a	a	_	_	_	_	_	linguistic	_	none	_	_	_	_	_	0-1(162)
799-5	BOI070	799	799	5	bologna]	bologna	_	_	_	_	_	linguistic	_	none	_	End=1493.722	_	_	_	0-7(162)
800-0	BOR021	800	800	0	[vero	vero	_	_	_	_	_	linguistic	_	none	PauseAfter=Yes	Begin=1493.045	_	_	_	0-4(162)
800-1	BOR021	800	800	1	(.)	(.)	_	_	_	_	_	shortpause	_	none	_	_	_	_	_	_
800-2	BOR021	800	800	2	si	si	_	_	_	_	_	linguistic	_	none	_	_	_	_	_	0-2(162)
800-3	BOR021	800	800	3	svuo]ta	svuota	_	_	_	_	_	linguistic	_	none	_	End=1494.054	_	_	_	0-4(162)
801-0	BOI070	801	801	0	(è	è	_	_	_	_	_	linguistic	_	none	_	Begin=1494.526	_	_	0-1(0)	_
801-1	BOI070	801	801	1	vuota)	vuota	_	_	_	_	_	linguistic	_	none	_	End=1494.983	_	_	0-5(0)	_
802-0	BOI071	802	802	0	[(è)	è	_	_	_	_	_	linguistic	_	none	_	Begin=1494.535	_	_	0-1(0)	0-1(163)
802-1	BOI071	802	802	1	molto	molto	_	_	_	_	_	linguistic	_	none	_	_	_	_	_	0-5(163)
802-2	BOI071	802	802	2	tris]te	triste	_	_	_	_	_	linguistic	_	none	_	End=1495.183	_	_	_	0-4(163)
803-0	BOR021	803	803	0	cosa	cosa	_	_	_	_	_	linguistic	_	none	_	Begin=1496.702	_	_	_	_
803-1	BOR021	803	803	1	fai	fai	_	_	_	_	_	linguistic	_	none	_	_	_	_	_	_
803-2	BOR021	803	803	2	d'	d'	_	_	_	_	_	linguistic	_	none	SpaceAfter=No	_	_	_	_	_
803-3	BOR021	803	803	3	estate	estate	_	_	_	_	_	linguistic	_	none	_	_	_	_	_	_
803-4	BOR021	803	803	4	tu?	tu	_	_	_	_	_	linguistic	_	none	Intonation=Rising	End=1497.452	_	_	_	_
804-0	BOR021	804	804	0	quando:	quando	_	_	_	_	_	linguistic	_	none	_	Begin=1497.804	5x1	_	_	_
804-1	BOR021	804	804	1	dici	dici	_	_	_	_	_	linguistic	_	none	_	_	_	_	_	_
804-2	BOR021	804	804	2	vabbè	vabbè	_	_	_	_	_	linguistic	_	none	PauseAfter=Yes	_	_	_	_	_
804-3	BOR021	804	804	3	(.)	(.)	_	_	_	_	_	shortpause	_	none	_	_	_	_	_	_
804-4	BOR021	804	804	4	voglio:	voglio	_	_	_	_	_	linguistic	_	none	_	_	5x1	_	_	_
804-5	BOR021	804	804	5	usci:re	uscire	_	_	_	_	_	linguistic	_	none	_	End=1499.646	3x1	_	_	_
805-0	BOR021	805	805	0	andare	andare	_	_	_	_	_	linguistic	_	none	_	Begin=1500.1	_	_	_	_
805-1	BOR021	805	805	1	dove	dove	_	_	_	_	_	linguistic	_	none	_	_	_	_	_	_
805-2	BOR021	805	805	2	c'	c'	_	_	_	_	_	linguistic	_	none	SpaceAfter=No	_	_	_	_	_
805-3	BOR021	805	805	3	è	è	_	_	_	_	_	linguistic	_	none	_	_	_	_	_	_
805-4	BOR021	805	805	4	gente	gente	_	_	_	_	_	linguistic	_	none	_	_	_	_	_	_
805-5	BOR021	805	805	5	dove	dove	_	_	_	_	_	linguistic	_	none	_	_	_	_	_	_
805-6	BOR021	805	805	6	la	la	_	_	_	_	_	linguistic	_	none	_	_	_	_	_	_
805-7	BOR021	805	805	7	trovi	trovi	_	_	_	_	_	linguistic	_	none	_	_	_	_	_	_
805-8	BOR021	805	805	8	((ride))	((ride))	_	_	_	_	_	nonverbalbehavior	_	none	_	_	_	_	_	_
805-9	BOR021	805	805	9	la	la	_	_	_	_	_	linguistic	_	none	_	_	_	_	_	_
805-10	BOR021	805	805	10	gente	gente	_	_	_	_	_	linguistic	_	none	_	_	_	_	_	_
805-11	BOR021	805	805	11	se	se	_	_	_	_	_	linguistic	_	none	_	_	_	_	_	_
805-12	BOR021	805	805	12	si	si	_	_	_	_	_	linguistic	_	none	_	_	_	_	_	_
805-13	BOR021	805	805	13	svuota	svuota	_	_	_	_	_	linguistic	_	none	_	_	_	_	_	_
805-14	BOR021	805	805	14	bologna?	bologna	_	_	_	_	_	linguistic	_	none	Intonation=Rising	End=1502.924	_	_	_	_
806-0	BOI071	806	806	0	esatto	esatto	_	_	_	_	_	linguistic	_	none	_	Begin=1502.986	_	_	_	_
806-1	BOI071	806	806	1	me	me	_	_	_	_	_	linguistic	_	none	_	_	_	_	_	_
806-2	BOI071	806	806	2	la	la	_	_	_	_	_	linguistic	_	none	_	_	_	_	_	_
806-3	BOI071	806	806	3	bevo	bevo	_	_	_	_	_	linguistic	_	none	_	_	_	_	_	_
806-4	BOI071	806	806	4	da	da	_	_	_	_	_	linguistic	_	none	_	_	_	_	_	_
806-5	BOI071	806	806	5	solo	solo	_	_	_	_	_	linguistic	_	none	_	_	_	_	_	_
806-6	BOI071	806	806	6	la	la	_	_	_	_	_	linguistic	_	none	_	_	_	_	_	_
806-7	BOI071	806	806	7	birra	birra	_	_	_	_	_	linguistic	_	none	_	End=1504.609	_	_	_	_
807-0	BOR021	807	807	0	((ride))	((ride))	_	_	_	_	_	nonverbalbehavior	_	none	PauseAfter=Yes	Begin=1504.378	_	_	_	_
807-1	BOR021	807	807	1	(.)	(.)	_	_	_	_	_	shortpause	_	none	_	_	_	_	_	_
807-2	BOR021	807	807	2	[esatto]	esatto	_	_	_	_	_	linguistic	_	none	_	End=1505.452	_	_	_	0-6(?)
808-0	BOI071	808	808	0	[c(io)è::]	cioè	_	_	_	_	_	linguistic	_	none	Reduced=Yes	Begin=1504.859	3x2	_	_	0-4(165)
808-1	BOI071	808	808	1	è	è	_	_	_	_	_	linguistic	_	none	_	_	_	_	_	_
808-2	BOI071	808	808	2	triste	triste	_	_	_	_	_	linguistic	_	none	_	_	_	_	_	_
808-3	BOI071	808	808	3	però	però	_	_	_	_	_	linguistic	_	none	_	_	_	_	_	_
808-4	BOI071	808	808	4	si	si	_	_	_	_	_	linguistic	_	none	_	_	_	_	_	_
808-5	BOI071	808	808	5	vai	vai	_	_	_	_	_	linguistic	_	none	_	_	_	_	_	_
808-6	BOI071	808	808	6	a	a	_	_	_	_	_	linguistic	_	none	_	_	_	_	_	_
808-7	BOI071	808	808	7	gia[dini	giadini	_	_	_	_	_	linguistic	_	none	_	_	_	_	_	3-7(166)
808-8	BOI071	808	808	8	margheri~]	margheri~	_	_	_	_	_	linguistic	_	none	Interrupted=Yes	End=1507.776	_	_	_	0-9(166)
809-0	BOI070	809	809	0	[no	no	_	_	_	_	_	linguistic	_	none	_	Begin=1507.109	_	_	_	0-2(166)
809-1	BOI070	809	809	1	dai]	dai	_	_	_	_	_	linguistic	_	none	_	_	_	_	_	0-3(166)
809-2	BOI070	809	809	2	((ride))	((ride))	_	_	_	_	_	nonverbalbehavior	_	none	_	End=1507.859	_	_	_	_
810-0	BOI071	810	810	0	no:	no	_	_	_	_	_	linguistic	_	none	PauseAfter=Yes	Begin=1508.165	1x1	_	_	_
810-1	BOI071	810	810	1	(.)	(.)	_	_	_	_	_	shortpause	_	none	_	_	_	_	_	_
810-2	BOI071	810	810	2	vai	vai	_	_	_	_	_	linguistic	_	none	_	_	_	_	_	_
810-3	BOI071	810	810	3	ai	ai	_	_	_	_	_	linguistic	_	none	_	_	_	_	_	_
810-4	BOI071	810	810	4	giardin[i	giardini	_	_	_	_	_	linguistic	_	none	_	_	_	_	_	7-8(167)
810-5	BOI071	810	810	5	margherita]	margherita	_	_	_	_	_	linguistic	_	none	_	_	_	_	_	0-10(167)
810-6	BOI071	810	810	6	con	con	_	_	_	_	_	linguistic	_	none	_	_	_	_	_	_
810-7	BOI071	810	810	7	la	la	_	_	_	_	_	linguistic	_	none	_	_	_	_	_	_
810-8	BOI071	810	810	8	luna	luna	_	_	_	_	_	linguistic	_	none	_	_	_	_	_	_
810-9	BOI071	810	810	9	dai	dai	_	_	_	_	_	linguistic	_	none	_	End=1510.989	_	_	_	_
811-0	BOI070	811	811	0	[xxx]	xxx	_	_	_	_	_	unknown	_	none	Syllables=3	Begin=1508.971|End=1509.73	_	_	_	0-3(167)
812-0	BOI071	812	812	0	anche	anche	_	_	_	_	_	linguistic	_	none	_	Begin=1511.221	_	_	_	_
812-1	BOI071	812	812	1	lì	lì	_	_	_	_	_	linguistic	_	none	_	End=1511.693	_	_	_	_
813-0	BOI070	813	813	0	eh	eh	_	_	_	_	_	linguistic	_	none	_	Begin=1511.693	_	_	_	_
813-1	BOI070	813	813	1	è	è	_	_	_	_	_	linguistic	_	none	_	_	_	_	_	_
813-2	BOI070	813	813	2	un	un	_	_	_	_	_	linguistic	_	none	_	_	_	_	_	_
813-3	BOI070	813	813	3	a[ltro	altro	_	_	_	_	_	linguistic	_	none	_	_	_	_	_	1-5(168)
813-4	BOI070	813	813	4	moo]d	mood	_	_	_	_	_	linguistic	_	none	_	_	_	_	_	0-3(168)
813-5	BOI070	813	813	5	(eh)	eh	_	_	_	_	_	linguistic	_	none	_	End=1512.776	_	_	0-2(0)	_
814-0	BOI071	814	814	0	[dipende]	dipende	_	_	_	_	_	linguistic	_	none	_	Begin=1512.082|End=1512.609	_	_	_	0-7(168)
815-0	BOI070	815	815	0	opti	opti	_	_	_	_	_	linguistic	_	none	_	Begin=1512.924	_	_	_	_
815-1	BOI070	815	815	1	per	per	_	_	_	_	_	linguistic	_	none	_	_	_	_	_	_
815-2	BOI070	815	815	2	altri	altri	_	_	_	_	_	linguistic	_	none	_	_	_	_	_	_
815-3	BOI070	815	815	3	mood	mood	_	_	_	_	_	linguistic	_	none	_	_	_	_	_	_
815-4	BOI070	815	815	4	eh	eh	_	_	_	_	_	linguistic	_	none	PauseAfter=Yes	_	_	_	_	_
815-5	BOI070	815	815	5	(.)	(.)	_	_	_	_	_	shortpause	_	none	_	_	_	_	_	_
815-6	BOI070	815	815	6	x	x	_	_	_	_	_	unknown	_	none	Syllables=1	_	_	_	_	_
815-7	BOI070	815	815	7	mood	mood	_	_	_	_	_	linguistic	_	none	_	_	_	_	_	_
815-8	BOI070	815	815	8	ecco	ecco	_	_	_	_	_	linguistic	_	none	_	End=1515.378	_	_	_	_
816-0	BOI070	816	816	0	m:h	mh	_	_	_	_	_	linguistic	_	none	_	Begin=1515.859	0x1	_	_	_
816-1	BOI070	816	816	1	nel	nel	_	_	_	_	_	linguistic	_	none	_	_	_	_	_	_
816-2	BOI070	816	816	2	senso:	senso	_	_	_	_	_	linguistic	_	none	_	End=1517.035	4x1	_	_	_
817-0	BOI070	817	817	0	altri	altri	_	_	_	_	_	linguistic	_	none	_	Begin=1517.267	_	_	_	_
817-1	BOI070	817	817	1	stato	stato	_	_	_	_	_	linguistic	_	none	_	_	_	_	_	_
817-2	BOI070	817	817	2	d'	d'	_	_	_	_	_	linguistic	_	none	SpaceAfter=No	_	_	_	_	_
817-3	BOI070	817	817	3	animo	animo	_	_	_	_	_	linguistic	_	none	_	_	_	_	_	_
817-4	BOI070	817	817	4	ok,	ok	_	_	_	_	_	linguistic	_	none	Intonation=WeaklyRising	_	_	_	_	_
817-5	BOI070	817	817	5	in	in	_	_	_	_	_	linguistic	_	none	_	_	_	_	_	_
817-6	BOI070	817	817	6	[un	un	_	_	_	_	_	linguistic	_	none	_	_	_	_	_	0-2(169)
817-7	BOI070	817	817	7	certo	certo	_	_	_	_	_	linguistic	_	none	_	_	_	_	_	0-5(169)
817-8	BOI070	817	817	8	senso:	senso	_	_	_	_	_	linguistic	_	none	_	_	4x1	_	_	0-5(169)
817-9	BOI070	817	817	9	m:h]	mh	_	_	_	_	_	linguistic	_	none	_	_	0x1	_	_	0-2(169)
817-10	BOI070	817	817	10	nel	nel	_	_	_	_	_	linguistic	_	none	_	_	_	_	_	_
817-11	BOI070	817	817	11	senso	senso	_	_	_	_	_	linguistic	_	none	_	End=1520.776	_	_	_	_
818-0	BOR021	818	818	0	[certo	certo	_	_	_	_	_	linguistic	_	none	PauseAfter=Yes	Begin=1518.378	_	_	_	0-5(169)
818-1	BOR021	818	818	1	(.)	(.)	_	_	_	_	_	shortpause	_	none	_	_	_	_	_	_
818-2	BOR021	818	818	2	sì	sì	_	_	_	_	_	linguistic	_	none	_	_	_	_	_	0-2(169)
818-3	BOR021	818	818	3	sìsì]	sìsì	_	_	_	_	_	linguistic	_	none	_	End=1519.656	_	_	_	0-4(169)
819-0	BOI070	819	819	0	opti	opti	_	_	_	_	_	linguistic	_	none	_	Begin=1520.943	_	_	_	_
819-1	BOI070	819	819	1	per	per	_	_	_	_	_	linguistic	_	none	_	_	_	_	_	_
819-2	BOI070	819	819	2	altre	altre	_	_	_	_	_	linguistic	_	none	_	_	_	_	_	_
819-3	BOI070	819	819	3	scelte	scelte	_	_	_	_	_	linguistic	_	none	_	End=1522.165	_	_	_	_
820-0	BOI070	820	820	0	però	però	_	_	_	_	_	linguistic	_	none	_	Begin=1522.739	_	_	_	_
820-1	BOI070	820	820	1	ti	ti	_	_	_	_	_	linguistic	_	none	_	_	_	_	_	_
820-2	BOI070	820	820	2	garantisco	garantisco	_	_	_	_	_	linguistic	_	none	_	_	_	_	_	_
820-3	BOI070	820	820	3	che	che	_	_	_	_	_	linguistic	_	none	PauseAfter=Yes	_	_	_	_	_
820-4	BOI070	820	820	4	(.)	(.)	_	_	_	_	_	shortpause	_	none	_	_	_	_	_	_
820-5	BOI070	820	820	5	è	è	_	_	_	_	_	linguistic	_	none	_	_	_	_	_	_
820-6	BOI070	820	820	6	positivo	positivo	_	_	_	_	_	linguistic	_	none	_	End=1524.498	_	_	_	_
821-0	BOI070	821	821	0	sembra	sembra	_	_	_	_	_	linguistic	_	none	_	Begin=1524.822	_	_	_	_
821-1	BOI070	821	821	1	una	una	_	_	_	_	_	linguistic	_	none	_	_	_	_	_	_
821-2	BOI070	821	821	2	cosa	cosa	_	_	_	_	_	linguistic	_	none	_	_	_	_	_	_
821-3	BOI070	821	821	3	strana	strana	_	_	_	_	_	linguistic	_	none	_	_	_	_	_	_
821-4	BOI070	821	821	4	ma	ma	_	_	_	_	_	linguistic	_	none	_	_	_	_	_	_
821-5	BOI070	821	821	5	è	è	_	_	_	_	_	linguistic	_	none	_	_	_	_	_	_
821-6	BOI070	821	821	6	positivo	positivo	_	_	_	_	_	linguistic	_	none	_	_	_	_	_	_
821-7	BOI070	821	821	7	perché	perché	_	_	_	_	_	linguistic	_	none	_	_	_	_	_	_
821-8	BOI070	821	821	8	se	se	_	_	_	_	_	linguistic	_	none	_	_	_	_	_	_
821-9	BOI070	821	821	9	tu:	tu	_	_	_	_	_	linguistic	_	none	_	_	1x1	_	_	_
821-10	BOI070	821	821	10	durante	durante	_	_	_	_	_	linguistic	_	none	_	_	_	_	_	_
821-11	BOI070	821	821	11	l'	l'	_	_	_	_	_	linguistic	_	none	SpaceAfter=No	_	_	_	_	_
821-12	BOI070	821	821	12	anno	anno	_	_	_	_	_	linguistic	_	none	_	_	_	_	_	_
821-13	BOI070	821	821	13	vedi	vedi	_	_	_	_	_	linguistic	_	none	_	_	_	_	_	_
821-14	BOI070	821	821	14	(il)	il	_	_	_	_	_	linguistic	_	none	_	_	_	_	0-2(0)	_
821-15	BOI070	821	821	15	fottio	fottio	_	_	_	_	_	linguistic	_	none	_	_	_	_	_	_
821-16	BOI070	821	821	16	di	di	_	_	_	_	_	linguistic	_	none	_	_	_	_	_	_
821-17	BOI070	821	821	17	unversitari	unversitari	_	_	_	_	_	linguistic	_	none	_	End=1528.98	_	_	_	_
822-0	BOI070	822	822	0	poi	poi	_	_	_	_	_	linguistic	_	none	_	Begin=1529.443	_	_	_	_
822-1	BOI070	822	822	1	in	in	_	_	_	_	_	linguistic	_	none	_	_	_	_	_	_
822-2	BOI070	822	822	2	estate	estate	_	_	_	_	_	linguistic	_	none	_	End=1530.276	_	_	_	_
823-0	BOI070	823	823	0	ti	ti	_	_	_	_	_	linguistic	_	none	_	Begin=1530.961	_	_	_	_
823-1	BOI070	823	823	1	vai	vai	_	_	_	_	_	linguistic	_	none	_	_	_	_	_	_
823-2	BOI070	823	823	2	a	a	_	_	_	_	_	linguistic	_	none	_	_	_	_	_	_
823-3	BOI070	823	823	3	invece	invece	_	_	_	_	_	linguistic	_	none	_	_	_	_	_	_
823-4	BOI070	823	823	4	a	a	_	_	_	_	_	linguistic	_	none	_	_	_	_	_	_
823-5	BOI070	823	823	5	berti	berti	_	_	_	_	_	linguistic	_	none	_	_	_	_	_	_
823-6	BOI070	823	823	6	una	una	_	_	_	_	_	linguistic	_	none	_	_	_	_	_	_
823-7	BOI070	823	823	7	birra	birra	_	_	_	_	_	linguistic	_	none	_	_	_	_	_	_
823-8	BOI070	823	823	8	in	in	_	_	_	_	_	linguistic	_	none	_	_	_	_	_	_
823-9	BOI070	823	823	9	solitudine	solitudine	_	_	_	_	_	linguistic	_	none	_	End=1533.304	_	_	_	_
824-0	BOI070	824	824	0	e::h	eh	_	_	_	_	_	linguistic	_	none	_	Begin=1534.221	0x2	_	_	_
824-1	BOI070	824	824	1	fa	fa	_	_	_	_	_	linguistic	_	none	_	_	_	_	_	_
824-2	BOI070	824	824	2	un	un	_	_	_	_	_	linguistic	_	none	_	_	_	_	_	_
824-3	BOI070	824	824	3	effetto	effetto	_	_	_	_	_	linguistic	_	none	_	_	_	_	_	_
824-4	BOI070	824	824	4	particolare	particolare	_	_	_	_	_	linguistic	_	none	_	End=1536.239	_	_	_	_
825-0	BOI070	825	825	0	perché	perché	_	_	_	_	_	linguistic	_	none	_	Begin=1536.406	_	_	_	_
825-1	BOI070	825	825	1	ti	ti	_	_	_	_	_	linguistic	_	none	_	_	_	_	_	_
825-2	BOI070	825	825	2	vivi	vivi	_	_	_	_	_	linguistic	_	none	_	_	_	_	_	_
825-3	BOI070	825	825	3	bologna	bologna	_	_	_	_	_	linguistic	_	none	_	_	_	_	_	_
825-4	BOI070	825	825	4	ancora	ancora	_	_	_	_	_	linguistic	_	none	_	_	_	_	_	_
825-5	BOI070	825	825	5	una	una	_	_	_	_	_	linguistic	_	none	_	_	_	_	_	_
825-6	BOI070	825	825	6	volta	volta	_	_	_	_	_	linguistic	_	none	_	_	_	_	_	_
825-7	BOI070	825	825	7	in	in	_	_	_	_	_	linguistic	_	none	_	_	_	_	_	_
825-8	BOI070	825	825	8	due	due	_	_	_	_	_	linguistic	_	none	_	_	_	_	_	_
825-9	BOI070	825	825	9	modi	modi	_	_	_	_	_	linguistic	_	none	_	_	_	_	_	_
825-10	BOI070	825	825	10	diversi	diversi	_	_	_	_	_	linguistic	_	none	_	End=1538.961	_	_	_	_
826-0	BOR021	826	826	0	anche	anche	_	_	_	_	_	linguistic	_	none	_	Begin=1539.517	_	_	_	_
826-1	BOR021	826	826	1	perché	perché	_	_	_	_	_	linguistic	_	none	_	_	_	_	_	_
826-2	BOR021	826	826	2	magari	magari	_	_	_	_	_	linguistic	_	none	_	_	_	_	_	_
826-3	BOR021	826	826	3	non	non	_	_	_	_	_	linguistic	_	none	_	_	_	_	_	_
826-4	BOR021	826	826	4	ci	ci	_	_	_	_	_	linguistic	_	none	_	_	_	_	_	_
826-5	BOR021	826	826	5	si	si	_	_	_	_	_	linguistic	_	none	_	_	_	_	_	_
826-6	BOR021	826	826	6	[xx]	xx	_	_	_	_	_	unknown	_	none	Syllables=2	_	_	_	_	0-2(170)
826-7	BOR021	826	826	7	normalmente	normalmente	_	_	_	_	_	linguistic	_	none	_	End=1541.6	_	_	_	_
827-0	BOI070	827	827	0	[io	io	_	_	_	_	_	linguistic	_	none	_	Begin=1540.359	_	_	_	0-2(170)
827-1	BOI070	827	827	1	ti	ti	_	_	_	_	_	linguistic	_	none	_	_	_	_	_	0-2(170)
827-2	BOI070	827	827	2	dico]	dico	_	_	_	_	_	linguistic	_	none	_	End=1540.869	_	_	_	0-4(170)
828-0	BOR021	828	828	0	a	a	_	_	_	_	_	linguistic	_	none	_	Begin=1541.767	_	_	_	_
828-1	BOR021	828	828	1	viverla	viverla	_	_	_	_	_	linguistic	_	none	_	_	_	_	_	_
828-2	BOR021	828	828	2	così	così	_	_	_	_	_	linguistic	_	none	_	End=1542.443	_	_	_	_
829-0	BOI070	829	829	0	esa~	esa~	_	_	_	_	_	linguistic	_	none	Interrupted=Yes	Begin=1542.785	_	_	_	_
829-1	BOI070	829	829	1	io	io	_	_	_	_	_	linguistic	_	none	_	_	_	_	_	_
829-2	BOI070	829	829	2	ti	ti	_	_	_	_	_	linguistic	_	none	_	_	_	_	_	_
829-3	BOI070	829	829	3	di~	di~	_	_	_	_	_	linguistic	_	none	Interrupted=Yes	_	_	_	_	_
829-4	BOI070	829	829	4	brava	brava	_	_	_	_	_	linguistic	_	none	_	_	_	_	_	_
829-5	BOI070	829	829	5	esatto	esatto	_	_	_	_	_	linguistic	_	none	_	_	_	_	_	_
829-6	BOI070	829	829	6	io	io	_	_	_	_	_	linguistic	_	none	_	_	_	_	_	_
829-7	BOI070	829	829	7	ti	ti	_	_	_	_	_	linguistic	_	none	_	_	_	_	_	_
829-8	BOI070	829	829	8	dirò	dirò	_	_	_	_	_	linguistic	_	none	_	End=1544.637	_	_	_	_
830-0	BOI070	830	830	0	in	in	_	_	_	_	_	linguistic	_	none	_	Begin=1544.748	_	_	_	_
830-1	BOI070	830	830	1	questa	questa	_	_	_	_	_	linguistic	_	none	_	_	_	_	_	_
830-2	BOI070	830	830	2	situazione	situazione	_	_	_	_	_	linguistic	_	none	_	_	_	_	_	_
830-3	BOI070	830	830	3	qua:	qua	_	_	_	_	_	linguistic	_	none	_	End=1546.005	2x1	_	_	_
831-0	BOI070	831	831	0	che	che	_	_	_	_	_	linguistic	_	none	_	Begin=1546.35	_	_	_	_
831-1	BOI070	831	831	1	mi	mi	_	_	_	_	_	linguistic	_	none	_	_	_	_	_	_
831-2	BOI070	831	831	2	stai	stai	_	_	_	_	_	linguistic	_	none	_	_	_	_	_	_
831-3	BOI070	831	831	3	facendo	facendo	_	_	_	_	_	linguistic	_	none	_	_	_	_	_	_
831-4	BOI070	831	831	4	appunto	appunto	_	_	_	_	_	linguistic	_	none	_	_	_	_	_	_
831-5	BOI070	831	831	5	l'	l'	_	_	_	_	_	linguistic	_	none	SpaceAfter=No	_	_	_	_	_
831-6	BOI070	831	831	6	intervista	intervista	_	_	_	_	_	linguistic	_	none	_	_	_	_	_	_
831-7	BOI070	831	831	7	non	non	_	_	_	_	_	linguistic	_	none	_	_	_	_	_	_
831-8	BOI070	831	831	8	me	me	_	_	_	_	_	linguistic	_	none	_	_	_	_	_	_
831-9	BOI070	831	831	9	ne	ne	_	_	_	_	_	linguistic	_	none	_	_	_	_	_	_
831-10	BOI070	831	831	10	sto	sto	_	_	_	_	_	linguistic	_	none	_	_	_	_	_	_
831-11	BOI070	831	831	11	accorgendo	accorgendo	_	_	_	_	_	linguistic	_	none	_	_	_	_	_	_
831-12	BOI070	831	831	12	ma	ma	_	_	_	_	_	linguistic	_	none	_	_	_	_	_	_
831-13	BOI070	831	831	13	sto	sto	_	_	_	_	_	linguistic	_	none	_	_	_	_	_	_
831-14	BOI070	831	831	14	tirando	tirando	_	_	_	_	_	linguistic	_	none	_	_	_	_	_	_
831-15	BOI070	831	831	15	fuori	fuori	_	_	_	_	_	linguistic	_	none	_	End=1549.73	_	_	_	_
832-0	BOR021	832	832	0	((ride))	((ride))	_	_	_	_	_	nonverbalbehavior	_	none	_	Begin=1548.637|End=1548.961	_	_	_	_
833-0	BOI070	833	833	0	dettagli	dettagli	_	_	_	_	_	linguistic	_	none	_	Begin=1550.211	_	_	_	_
833-1	BOI070	833	833	1	di	di	_	_	_	_	_	linguistic	_	none	_	_	_	_	_	_
833-2	BOI070	833	833	2	bologna	bologna	_	_	_	_	_	linguistic	_	none	_	_	_	_	_	_
833-3	BOI070	833	833	3	che	che	_	_	_	_	_	linguistic	_	none	_	_	_	_	_	_
833-4	BOI070	833	833	4	manco	manco	_	_	_	_	_	linguistic	_	none	_	_	_	_	_	_
833-5	BOI070	833	833	5	io	io	_	_	_	_	_	linguistic	_	none	_	_	_	_	_	_
833-6	BOI070	833	833	6	sapevo	sapevo	_	_	_	_	_	linguistic	_	none	_	_	_	_	_	_
833-7	BOI070	833	833	7	oka[y],	okay	_	_	_	_	_	linguistic	_	none	Intonation=WeaklyRising	End=1552.498	_	_	_	3-4(171)
834-0	BOR021	834	834	0	[è]	è	_	_	_	_	_	linguistic	_	none	_	Begin=1552.461	_	_	_	0-1(171)
834-1	BOR021	834	834	1	vero	vero	_	_	_	_	_	linguistic	_	none	_	_	_	_	_	_
834-2	BOR021	834	834	2	perché	perché	_	_	_	_	_	linguistic	_	none	_	_	_	_	_	_
834-3	BOR021	834	834	3	poi	poi	_	_	_	_	_	linguistic	_	none	_	_	_	_	_	_
834-4	BOR021	834	834	4	magari	magari	_	_	_	_	_	linguistic	_	none	_	_	_	_	_	_
834-5	BOR021	834	834	5	ci	ci	_	_	_	_	_	linguistic	_	none	_	_	_	_	_	_
834-6	BOR021	834	834	6	pensi	pensi	_	_	_	_	_	linguistic	_	none	_	End=1554.026	_	_	_	_
835-0	BOI070	835	835	0	ci	ci	_	_	_	_	_	linguistic	_	none	_	Begin=1554.035	_	_	_	_
835-1	BOI070	835	835	1	[sto	sto	_	_	_	_	_	linguistic	_	none	_	_	_	_	_	0-3(172)
835-2	BOI070	835	835	2	pensando	pensando	_	_	_	_	_	linguistic	_	none	_	_	_	_	_	0-8(172)
835-3	BOI070	835	835	3	adesso]	adesso	_	_	_	_	_	linguistic	_	none	_	_	_	_	_	0-6(172)
835-4	BOI070	835	835	4	infatti	infatti	_	_	_	_	_	linguistic	_	none	_	End=1555.433	_	_	_	_
836-0	BOR021	836	836	0	[xxxxx]	xxxxx	_	_	_	_	_	unknown	_	none	Syllables=5	Begin=1554.22|End=1554.998	_	_	_	0-5(172)
837-0	BOI070	837	837	0	quindi	quindi	_	_	_	_	_	linguistic	_	none	_	Begin=1555.545	_	_	_	_
837-1	BOI070	837	837	1	c(io)è	cioè	_	_	_	_	_	linguistic	_	none	Reduced=Yes	End=1555.97	_	_	_	_
838-0	BOI070	838	838	0	chiaro	chiaro	_	_	_	_	_	linguistic	_	none	_	Begin=1556.141	_	_	_	_
838-1	BOI070	838	838	1	ti	ti	_	_	_	_	_	linguistic	_	none	_	_	_	_	_	_
838-2	BOI070	838	838	2	sto	sto	_	_	_	_	_	linguistic	_	none	_	_	_	_	_	_
838-3	BOI070	838	838	3	dicendo	dicendo	_	_	_	_	_	linguistic	_	none	_	_	_	_	_	_
838-4	BOI070	838	838	4	adesso	adesso	_	_	_	_	_	linguistic	_	none	_	_	_	_	_	_
838-5	BOI070	838	838	5	le	le	_	_	_	_	_	linguistic	_	none	_	_	_	_	_	_
838-6	BOI070	838	838	6	cose	cose	_	_	_	_	_	linguistic	_	none	_	End=1557.553	_	_	_	_
839-0	BOI070	839	839	0	e	e	_	_	_	_	_	linguistic	_	none	PauseAfter=Yes	Begin=1558.073	_	_	_	_
839-1	BOI070	839	839	1	(.)	(.)	_	_	_	_	_	shortpause	_	none	_	_	_	_	_	_
839-2	BOI070	839	839	2	alcune	alcune	_	_	_	_	_	linguistic	_	none	_	_	_	_	_	_
839-3	BOI070	839	839	3	cose	cose	_	_	_	_	_	linguistic	_	none	_	_	_	_	_	_
839-4	BOI070	839	839	4	ci	ci	_	_	_	_	_	linguistic	_	none	_	_	_	_	_	_
839-5	BOI070	839	839	5	sto	sto	_	_	_	_	_	linguistic	_	none	_	_	_	_	_	_
839-6	BOI070	839	839	6	pensando	pensando	_	_	_	_	_	linguistic	_	none	_	_	_	_	_	_
839-7	BOI070	839	839	7	mentre	mentre	_	_	_	_	_	linguistic	_	none	_	_	_	_	_	_
839-8	BOI070	839	839	8	te	te	_	_	_	_	_	linguistic	_	none	_	_	_	_	_	_
839-9	BOI070	839	839	9	lo	lo	_	_	_	_	_	linguistic	_	none	_	_	_	_	_	_
839-10	BOI070	839	839	10	sto	sto	_	_	_	_	_	linguistic	_	none	_	_	_	_	_	_
839-11	BOI070	839	839	11	dicendo	dicendo	_	_	_	_	_	linguistic	_	none	_	End=1560.674	_	_	_	_
840-0	BOR021	840	840	0	certo	certo	_	_	_	_	_	linguistic	_	none	_	Begin=1560.728|End=1561.073	_	_	_	_
841-0	BOI070	841	841	0	e	e	_	_	_	_	_	linguistic	_	none	_	Begin=1561.343	_	_	_	_
841-1	BOI070	841	841	1	mi	mi	_	_	_	_	_	linguistic	_	none	_	_	_	_	_	_
841-2	BOI070	841	841	2	fa::	fa	_	_	_	_	_	linguistic	_	none	_	_	1x2	_	_	_
841-3	BOI070	841	841	3	mi	mi	_	_	_	_	_	linguistic	_	none	_	_	_	_	_	_
841-4	BOI070	841	841	4	stupisce	stupisce	_	_	_	_	_	linguistic	_	none	_	_	_	_	_	_
841-5	BOI070	841	841	5	anche	anche	_	_	_	_	_	linguistic	_	none	_	_	_	_	_	_
841-6	BOI070	841	841	6	a	a	_	_	_	_	_	linguistic	_	none	_	_	_	_	_	_
841-7	BOI070	841	841	7	me	me	_	_	_	_	_	linguistic	_	none	_	_	_	_	_	_
841-8	BOI070	841	841	8	perché	perché	_	_	_	_	_	linguistic	_	none	_	_	_	_	_	_
841-9	BOI070	841	841	9	comunque	comunque	_	_	_	_	_	linguistic	_	none	_	_	_	_	_	_
841-10	BOI070	841	841	10	chiaramente	chiaramente	_	_	_	_	_	linguistic	_	none	_	_	_	_	_	_
841-11	BOI070	841	841	11	non	non	_	_	_	_	_	linguistic	_	none	_	_	_	_	_	_
841-12	BOI070	841	841	12	è	è	_	_	_	_	_	linguistic	_	none	_	_	_	_	_	_
841-13	BOI070	841	841	13	una	una	_	_	_	_	_	linguistic	_	none	_	_	_	_	_	_
841-14	BOI070	841	841	14	cosa:	cosa	_	_	_	_	_	linguistic	_	none	_	End=1564.857	3x1	_	_	_
842-0	BOI070	842	842	0	che	che	_	_	_	_	_	linguistic	_	none	_	Begin=1565.587	_	_	_	_
842-1	BOI070	842	842	1	tu	tu	_	_	_	_	_	linguistic	_	none	_	_	_	_	_	_
842-2	BOI070	842	842	2	noti:	noti	_	_	_	_	_	linguistic	_	none	_	_	3x1	_	_	_
842-3	BOI070	842	842	3	perché	perché	_	_	_	_	_	linguistic	_	none	_	_	_	_	_	_
842-4	BOI070	842	842	4	ap~	ap~	_	_	_	_	_	linguistic	_	none	Interrupted=Yes	_	_	_	_	_
842-5	BOI070	842	842	5	(sei	sei	_	_	_	_	_	linguistic	_	none	_	_	_	_	0-3(0)	_
842-6	BOI070	842	842	6	di)	di	_	_	_	_	_	linguistic	_	none	_	_	_	_	0-2(0)	_
842-7	BOI070	842	842	7	bologna	bologna	_	_	_	_	_	linguistic	_	none	_	_	_	_	_	_
842-8	BOI070	842	842	8	oka:y	okay	_	_	_	_	_	linguistic	_	none	_	_	2x1	_	_	_
842-9	BOI070	842	842	9	sei	sei	_	_	_	_	_	linguistic	_	none	_	_	_	_	_	_
842-10	BOI070	842	842	10	cresciuto	cresciuto	_	_	_	_	_	linguistic	_	none	_	_	_	_	_	_
842-11	BOI070	842	842	11	(tu)	tu	_	_	_	_	_	linguistic	_	none	_	_	_	_	0-2(1)	_
842-12	BOI070	842	842	12	ci	ci	_	_	_	_	_	linguistic	_	none	_	_	_	_	_	_
842-13	BOI070	842	842	13	vivi	vivi	_	_	_	_	_	linguistic	_	none	_	_	_	_	_	_
842-14	BOI070	842	842	14	°appunto°	appunto	_	_	_	_	_	linguistic	_	none	Volume=low	End=1569.046	_	_	_	_
843-0	BOI070	843	843	0	però	però	_	_	_	_	_	linguistic	_	none	_	Begin=1569.532	_	_	_	_
843-1	BOI070	843	843	1	adesso	adesso	_	_	_	_	_	linguistic	_	none	_	_	_	_	_	_
843-2	BOI070	843	843	2	parlando	parlando	_	_	_	_	_	linguistic	_	none	_	_	_	_	_	_
843-3	BOI070	843	843	3	no,	no	_	_	_	_	_	linguistic	_	none	Intonation=WeaklyRising	_	_	_	_	_
843-4	BOI070	843	843	4	come	come	_	_	_	_	_	linguistic	_	none	_	_	_	_	_	_
843-5	BOI070	843	843	5	anche	anche	_	_	_	_	_	linguistic	_	none	_	_	_	_	_	_
843-6	BOI070	843	843	6	lui	lui	_	_	_	_	_	linguistic	_	none	_	_	_	_	_	_
843-7	BOI070	843	843	7	che	che	_	_	_	_	_	linguistic	_	none	_	_	_	_	_	_
843-8	BOI070	843	843	8	ha	ha	_	_	_	_	_	linguistic	_	none	_	_	_	_	_	_
843-9	BOI070	843	843	9	detto	detto	_	_	_	_	_	linguistic	_	none	_	_	_	_	_	_
843-10	BOI070	843	843	10	eh	eh	_	_	_	_	_	linguistic	_	none	_	_	_	_	_	_
843-11	BOI070	843	843	11	ti	ti	_	_	_	_	_	linguistic	_	none	_	_	_	_	_	_
843-12	BOI070	843	843	12	fai	fai	_	_	_	_	_	linguistic	_	none	_	_	_	_	_	_
843-13	BOI070	843	843	13	la	la	_	_	_	_	_	linguistic	_	none	_	_	_	_	_	_
843-14	BOI070	843	843	14	birra	birra	_	_	_	_	_	linguistic	_	none	_	_	_	_	_	_
843-15	BOI070	843	843	15	con	con	_	_	_	_	_	linguistic	_	none	_	_	_	_	_	_
843-16	BOI070	843	843	16	la	la	_	_	_	_	_	linguistic	_	none	_	_	_	_	_	_
843-17	BOI070	843	843	17	luna	luna	_	_	_	_	_	linguistic	_	none	_	_	_	_	_	_
843-18	BOI070	843	843	18	piena	piena	_	_	_	_	_	linguistic	_	none	_	_	_	_	_	_
843-19	BOI070	843	843	19	no?	no	_	_	_	_	_	linguistic	_	none	Intonation=Rising	End=1573.421	_	_	_	_
844-0	BOI070	844	844	0	cazzo	cazzo	_	_	_	_	_	linguistic	_	none	_	Begin=1573.688	_	_	_	_
844-1	BOI070	844	844	1	è	è	_	_	_	_	_	linguistic	_	none	_	_	_	_	_	_
844-2	BOI070	844	844	2	vero	vero	_	_	_	_	_	linguistic	_	none	_	_	_	_	_	_
844-3	BOI070	844	844	3	no?	no	_	_	_	_	_	linguistic	_	none	Intonation=Rising	End=1574.483	_	_	_	_
845-0	BOI070	845	845	0	(e)	e	_	_	_	_	_	linguistic	_	none	_	Begin=1574.85	_	_	0-1(0)	_
845-1	BOI070	845	845	1	nel	nel	_	_	_	_	_	linguistic	_	none	_	_	_	_	_	_
845-2	BOI070	845	845	2	senso	senso	_	_	_	_	_	linguistic	_	none	_	End=1575.377	_	_	_	_
846-0	BOI070	846	846	0	ti	ti	_	_	_	_	_	linguistic	_	none	_	Begin=1575.87	_	_	_	_
846-1	BOI070	846	846	1	fai	fai	_	_	_	_	_	linguistic	_	none	_	_	_	_	_	_
846-2	BOI070	846	846	2	tutta::	tutta	_	_	_	_	_	linguistic	_	none	_	_	4x2	_	_	_
846-3	BOI070	846	846	3	l:'	l'	_	_	_	_	_	linguistic	_	none	SpaceAfter=No	_	0x1	_	_	_
846-4	BOI070	846	846	4	inverno	inverno	_	_	_	_	_	linguistic	_	none	_	_	_	_	_	_
846-5	BOI070	846	846	5	che	che	_	_	_	_	_	linguistic	_	none	_	_	_	_	_	_
846-6	BOI070	846	846	6	vedi	vedi	_	_	_	_	_	linguistic	_	none	_	_	_	_	_	_
846-7	BOI070	846	846	7	molta	molta	_	_	_	_	_	linguistic	_	none	_	_	_	_	_	_
846-8	BOI070	846	846	8	gente	gente	_	_	_	_	_	linguistic	_	none	_	_	_	_	_	_
846-9	BOI070	846	846	9	che	che	_	_	_	_	_	linguistic	_	none	_	_	_	_	_	_
846-10	BOI070	846	846	10	va	va	_	_	_	_	_	linguistic	_	none	_	_	_	_	_	_
846-11	BOI070	846	846	11	a	a	_	_	_	_	_	linguistic	_	none	_	_	_	_	_	_
846-12	BOI070	846	846	12	studia:re	studiare	_	_	_	_	_	linguistic	_	none	_	End=1579.296	5x1	_	_	_
847-0	BOI070	847	847	0	e	e	_	_	_	_	_	linguistic	_	none	_	Begin=1579.803	_	_	_	_
847-1	BOI070	847	847	1	magari	magari	_	_	_	_	_	linguistic	_	none	_	_	_	_	_	_
847-2	BOI070	847	847	2	tu	tu	_	_	_	_	_	linguistic	_	none	_	_	_	_	_	_
847-3	BOI070	847	847	3	torni	torni	_	_	_	_	_	linguistic	_	none	_	_	_	_	_	_
847-4	BOI070	847	847	4	dal	dal	_	_	_	_	_	linguistic	_	none	_	_	_	_	_	_
847-5	BOI070	847	847	5	lavoro	lavoro	_	_	_	_	_	linguistic	_	none	_	_	_	_	_	_
847-6	BOI070	847	847	6	no?	no	_	_	_	_	_	linguistic	_	none	Intonation=Rising	End=1581.343	_	_	_	_
848-0	BOI070	848	848	0	e:::h	eh	_	_	_	_	_	linguistic	_	none	_	Begin=1582.012	0x3	_	_	_
848-1	BOI070	848	848	1	vedi	vedi	_	_	_	_	_	linguistic	_	none	_	_	_	_	_	_
848-2	BOI070	848	848	2	sta	sta	_	_	_	_	_	linguistic	_	none	_	_	_	_	_	_
848-3	BOI070	848	848	3	cosa	cosa	_	_	_	_	_	linguistic	_	none	_	_	_	_	_	_
848-4	BOI070	848	848	4	poi	poi	_	_	_	_	_	linguistic	_	none	_	_	_	_	_	_
848-5	BOI070	848	848	5	magari	magari	_	_	_	_	_	linguistic	_	none	_	_	_	_	_	_
848-6	BOI070	848	848	6	in	in	_	_	_	_	_	linguistic	_	none	_	_	_	_	_	_
848-7	BOI070	848	848	7	estate	estate	_	_	_	_	_	linguistic	_	none	_	_	_	_	_	_
848-8	BOI070	848	848	8	invece	invece	_	_	_	_	_	linguistic	_	none	_	_	_	_	_	_
848-9	BOI070	848	848	9	il	il	_	_	_	_	_	linguistic	_	none	_	_	_	_	_	_
848-10	BOI070	848	848	10	contrario	contrario	_	_	_	_	_	linguistic	_	none	_	_	_	_	_	_
848-11	BOI070	848	848	11	no,	no	_	_	_	_	_	linguistic	_	none	Intonation=WeaklyRising	_	_	_	_	_
848-12	BOI070	848	848	12	tanta	tanta	_	_	_	_	_	linguistic	_	none	_	_	_	_	_	_
848-13	BOI070	848	848	13	gente	gente	_	_	_	_	_	linguistic	_	none	_	_	_	_	_	_
848-14	BOI070	848	848	14	che	che	_	_	_	_	_	linguistic	_	none	_	_	_	_	_	_
848-15	BOI070	848	848	15	va	va	_	_	_	_	_	linguistic	_	none	_	_	_	_	_	_
848-16	BOI070	848	848	16	via	via	_	_	_	_	_	linguistic	_	none	_	End=1586.282	_	_	_	_
849-0	BOI070	849	849	0	tu	tu	_	_	_	_	_	linguistic	_	none	_	Begin=1587.228	_	_	_	_
849-1	BOI070	849	849	1	che	che	_	_	_	_	_	linguistic	_	none	_	_	_	_	_	_
849-2	BOI070	849	849	2	hai	hai	_	_	_	_	_	linguistic	_	none	_	_	_	_	_	_
849-3	BOI070	849	849	3	bologna	bologna	_	_	_	_	_	linguistic	_	none	_	_	_	_	_	_
849-4	BOI070	849	849	4	intera	intera	_	_	_	_	_	linguistic	_	none	_	_	_	_	_	_
849-5	BOI070	849	849	5	i	i	_	_	_	_	_	linguistic	_	none	_	_	_	_	_	_
849-6	BOI070	849	849	6	suoi	suoi	_	_	_	_	_	linguistic	_	none	_	_	_	_	_	_
849-7	BOI070	849	849	7	portici	portici	_	_	_	_	_	linguistic	_	none	_	_	_	_	_	_
849-8	BOI070	849	849	8	in	in	_	_	_	_	_	linguistic	_	none	_	_	_	_	_	_
849-9	BOI070	849	849	9	un	un	_	_	_	_	_	linguistic	_	none	_	_	_	_	_	_
849-10	BOI070	849	849	10	modo:	modo	_	_	_	_	_	linguistic	_	none	_	End=1589.681	3x1	_	_	_
850-0	BOI070	850	850	0	intero	intero	_	_	_	_	_	linguistic	_	none	_	Begin=1590.742	_	_	_	_
850-1	BOI070	850	850	1	no,	no	_	_	_	_	_	linguistic	_	none	Intonation=WeaklyRising	_	_	_	_	_
850-2	BOI070	850	850	2	è	è	_	_	_	_	_	linguistic	_	none	_	_	_	_	_	_
850-3	BOI070	850	850	3	tutta	tutta	_	_	_	_	_	linguistic	_	none	_	_	_	_	_	_
850-4	BOI070	850	850	4	tua	tua	_	_	_	_	_	linguistic	_	none	_	End=1592.032	_	_	_	_
851-0	BOR021	851	851	0	eh	eh	_	_	_	_	_	linguistic	_	none	_	Begin=1592.303	_	_	_	_
851-1	BOR021	851	851	1	come	come	_	_	_	_	_	linguistic	_	none	_	_	_	_	_	_
851-2	BOR021	851	851	2	se	se	_	_	_	_	_	linguistic	_	none	_	_	_	_	_	_
851-3	BOR021	851	851	3	fosse	fosse	_	_	_	_	_	linguistic	_	none	_	_	_	_	_	_
851-4	BOR021	851	851	4	[un	un	_	_	_	_	_	linguistic	_	none	_	_	_	_	_	0-2(173)
851-5	BOR021	851	851	5	po'	po'	_	_	_	_	_	linguistic	_	none	_	_	_	_	_	0-3(173)
851-6	BOR021	851	851	6	tu]a	tua	_	_	_	_	_	linguistic	_	none	_	_	_	_	_	0-2(173)
851-7	BOR021	851	851	7	esatto	esatto	_	_	_	_	_	linguistic	_	none	_	_	_	_	_	_
851-8	BOR021	851	851	8	perché	perché	_	_	_	_	_	linguistic	_	none	_	End=1593.992	_	_	_	_
852-0	BOI070	852	852	0	[(o)kay]	okay	_	_	_	_	_	linguistic	_	none	_	Begin=1592.938|End=1593.296	_	_	0-1(0)	0-4(173)
853-0	BOI070	853	853	0	esatto	esatto	_	_	_	_	_	linguistic	_	none	_	Begin=1594.005|End=1594.499	_	_	_	_
854-0	BOR021	854	854	0	a	a	_	_	_	_	_	linguistic	_	none	_	Begin=1594.512	_	_	_	_
854-1	BOR021	854	854	1	volte	volte	_	_	_	_	_	linguistic	_	none	_	_	_	_	_	_
854-2	BOR021	854	854	2	magari	magari	_	_	_	_	_	linguistic	_	none	_	_	_	_	_	_
854-3	BOR021	854	854	3	>ti	ti	_	_	_	_	_	linguistic	_	none	_	_	_	Fast=0-2(0)	_	_
854-4	BOR021	854	854	4	ritrovi<	ritrovi	_	_	_	_	_	linguistic	_	none	_	_	_	Fast=0-7(0)	_	_
854-5	BOR021	854	854	5	tu	tu	_	_	_	_	_	linguistic	_	none	_	_	_	_	_	_
854-6	BOR021	854	854	6	da	da	_	_	_	_	_	linguistic	_	none	_	_	_	_	_	_
854-7	BOR021	854	854	7	solo	solo	_	_	_	_	_	linguistic	_	none	_	_	_	_	_	_
854-8	BOR021	854	854	8	in	in	_	_	_	_	_	linguistic	_	none	_	_	_	_	_	_
854-9	BOR021	854	854	9	un:::	un	_	_	_	_	_	linguistic	_	none	_	_	1x3	_	_	_
854-10	BOR021	854	854	10	posto	posto	_	_	_	_	_	linguistic	_	none	_	End=1597.323	_	_	_	_
855-0	BOR021	855	855	0	xxxx	xxxx	_	_	_	_	_	unknown	_	none	Syllables=4	Begin=1597.843	_	_	_	_
855-1	BOR021	855	855	1	spazio	spazio	_	_	_	_	_	linguistic	_	none	_	End=1599.098	_	_	_	_
856-0	BOR021	856	856	0	vedi	vedi	_	_	_	_	_	linguistic	_	none	_	Begin=1599.201	_	_	_	_
856-1	BOR021	856	856	1	un	un	_	_	_	_	_	linguistic	_	none	_	_	_	_	_	_
856-2	BOR021	856	856	2	po'	po'	_	_	_	_	_	linguistic	_	none	_	End=1599.674	_	_	_	_
857-0	BOI070	857	857	0	esatto	esatto	_	_	_	_	_	linguistic	_	none	_	Begin=1599.701|End=1600.059	_	_	_	_
858-0	BOI070	858	858	0	in	in	_	_	_	_	_	linguistic	_	none	_	Begin=1600.276	_	_	_	_
858-1	BOI070	858	858	1	alcune	alcune	_	_	_	_	_	linguistic	_	none	_	_	_	_	_	_
858-2	BOI070	858	858	2	situazioni	situazioni	_	_	_	_	_	linguistic	_	none	_	_	_	_	_	_
858-3	BOI070	858	858	3	ti	ti	_	_	_	_	_	linguistic	_	none	_	_	_	_	_	_
858-4	BOI070	858	858	4	dico	dico	_	_	_	_	_	linguistic	_	none	_	End=1601.708	_	_	_	_
859-0	BOI070	859	859	0	cuffie	cuffie	_	_	_	_	_	linguistic	_	none	_	Begin=1601.972|End=1602.431	_	_	_	_
860-0	BOI070	860	860	0	ti	ti	_	_	_	_	_	linguistic	_	none	_	Begin=1602.661	_	_	_	_
860-1	BOI070	860	860	1	metti	metti	_	_	_	_	_	linguistic	_	none	_	_	_	_	_	_
860-2	BOI070	860	860	2	la	la	_	_	_	_	_	linguistic	_	none	_	_	_	_	_	_
860-3	BOI070	860	860	3	musica	musica	_	_	_	_	_	linguistic	_	none	_	End=1603.593	_	_	_	_
861-0	BOI070	861	861	0	e	e	_	_	_	_	_	linguistic	_	none	_	Begin=1604.005	_	_	_	_
861-1	BOI070	861	861	1	passeggi	passeggi	_	_	_	_	_	linguistic	_	none	_	End=1604.593	_	_	_	_
862-0	BOI070	862	862	0	ed	ed	_	_	_	_	_	linguistic	_	none	_	Begin=1604.674	_	_	_	_
862-1	BOI070	862	862	1	è	è	_	_	_	_	_	linguistic	_	none	_	_	_	_	_	_
862-2	BOI070	862	862	2	bellissimo	bellissimo	_	_	_	_	_	linguistic	_	none	_	End=1605.323	_	_	_	_
863-0	BOI070	863	863	0	in	in	_	_	_	_	_	linguistic	_	none	_	Begin=1605.553	_	_	_	_
863-1	BOI070	863	863	1	altre	altre	_	_	_	_	_	linguistic	_	none	_	_	_	_	_	_
863-2	BOI070	863	863	2	comunque	comunque	_	_	_	_	_	linguistic	_	none	_	_	_	_	_	_
863-3	BOI070	863	863	3	senti:	senti	_	_	_	_	_	linguistic	_	none	_	End=1607.323	4x1	_	_	_
864-0	BOI070	864	864	0	che:	che	_	_	_	_	_	linguistic	_	none	_	Begin=1608.458	2x1	_	_	_
864-1	BOI070	864	864	1	è:	è	_	_	_	_	_	linguistic	_	none	_	_	0x1	_	_	_
864-2	BOI070	864	864	2	un'	un'	_	_	_	_	_	linguistic	_	none	SpaceAfter=No	_	_	_	_	_
864-3	BOI070	864	864	3	altra	altra	_	_	_	_	_	linguistic	_	none	_	_	_	_	_	_
864-4	BOI070	864	864	4	bologna	bologna	_	_	_	_	_	linguistic	_	none	_	_	_	_	_	_
864-5	BOI070	864	864	5	è	è	_	_	_	_	_	linguistic	_	none	_	_	_	_	_	_
864-6	BOI070	864	864	6	un'	un'	_	_	_	_	_	linguistic	_	none	SpaceAfter=No	_	_	_	_	_
864-7	BOI070	864	864	7	altra	altra	_	_	_	_	_	linguistic	_	none	_	_	_	_	_	_
864-8	BOI070	864	864	8	faccia	faccia	_	_	_	_	_	linguistic	_	none	_	End=1610.458	_	_	_	_
865-0	BOR021	865	865	0	certo	certo	_	_	_	_	_	linguistic	_	none	_	Begin=1610.836|End=1611.208	_	_	_	_
866-0	BOI070	866	866	0	non	non	_	_	_	_	_	linguistic	_	none	_	Begin=1612.019	_	_	_	_
866-1	BOI070	866	866	1	è	è	_	_	_	_	_	linguistic	_	none	_	_	_	_	_	_
866-2	BOI070	866	866	2	che	che	_	_	_	_	_	linguistic	_	none	_	_	_	_	_	_
866-3	BOI070	866	866	3	ti	ti	_	_	_	_	_	linguistic	_	none	_	_	_	_	_	_
866-4	BOI070	866	866	4	sale	sale	_	_	_	_	_	linguistic	_	none	_	_	_	_	_	_
866-5	BOI070	866	866	5	tristezza	tristezza	_	_	_	_	_	linguistic	_	none	_	_	_	_	_	_
866-6	BOI070	866	866	6	tene~	tene~	_	_	_	_	_	linguistic	_	none	Interrupted=Yes	_	_	_	_	_
866-7	BOI070	866	866	7	EH	eh	_	_	_	_	_	linguistic	_	none	PauseAfter=Yes|Volume=high	_	_	_	_	_
866-8	BOI070	866	866	8	(.)	(.)	_	_	_	_	_	shortpause	_	none	_	_	_	_	_	_
866-9	BOI070	866	866	9	però	però	_	_	_	_	_	linguistic	_	none	_	_	_	_	_	_
866-10	BOI070	866	866	10	comunque	comunque	_	_	_	_	_	linguistic	_	none	_	End=1614.458	_	_	_	_
867-0	BOI070	867	867	0	m::h	mh	_	_	_	_	_	linguistic	_	none	_	Begin=1615.431	0x2	_	_	_
867-1	BOI070	867	867	1	[senti	senti	_	_	_	_	_	linguistic	_	none	_	_	_	_	_	0-5(174)
867-2	BOI070	867	867	2	nostalgi]a	nostalgia	_	_	_	_	_	linguistic	_	none	_	_	_	_	_	0-8(174)
867-3	BOI070	867	867	3	dell'	dell'	_	_	_	_	_	linguistic	_	none	SpaceAfter=No	_	_	_	_	_
867-4	BOI070	867	867	4	inverno	inverno	_	_	_	_	_	linguistic	_	none	_	_	_	_	_	_
867-5	BOI070	867	867	5	piuttosto	piuttosto	_	_	_	_	_	linguistic	_	none	_	_	_	_	_	_
867-6	BOI070	867	867	6	senti::	senti	_	_	_	_	_	linguistic	_	none	_	End=1619.041	4x2	_	_	_
868-0	BOR021	868	868	0	[è	è	_	_	_	_	_	linguistic	_	none	_	Begin=1615.985	_	_	_	0-1(174)
868-1	BOR021	868	868	1	un'	un'	_	_	_	_	_	linguistic	_	none	SpaceAfter=No	_	_	_	_	0-3(174)
868-2	BOR021	868	868	2	altra	altra	_	_	_	_	_	linguistic	_	none	_	_	_	_	_	0-5(174)
868-3	BOR021	868	868	3	versione]	versione	_	_	_	_	_	linguistic	_	none	_	End=1616.945	_	_	_	0-8(174)
869-0	BOI070	869	869	0	la	la	_	_	_	_	_	linguistic	_	none	_	Begin=1619.309	_	_	_	_
869-1	BOI070	869	869	1	nostalgia	nostalgia	_	_	_	_	_	linguistic	_	none	_	_	_	_	_	_
869-2	BOI070	869	869	2	delle	delle	_	_	_	_	_	linguistic	_	none	_	_	_	_	_	_
869-3	BOI070	869	869	3	persone	persone	_	_	_	_	_	linguistic	_	none	_	_	_	_	_	_
869-4	BOI070	869	869	4	che	che	_	_	_	_	_	linguistic	_	none	_	_	_	_	_	_
869-5	BOI070	869	869	5	xxx	xxx	_	_	_	_	_	unknown	_	none	Syllables=3	_	_	_	_	_
869-6	BOI070	869	869	6	a:ddosso:	addosso	_	_	_	_	_	linguistic	_	none	_	_	0x1,6x1	_	_	_
869-7	BOI070	869	869	7	ti	ti	_	_	_	_	_	linguistic	_	none	_	_	_	_	_	_
869-8	BOI070	869	869	8	s~	s~	_	_	_	_	_	linguistic	_	none	Interrupted=Yes	End=1621.809	_	_	_	_
870-0	BOR021	870	870	0	((ride))	((ride))	_	_	_	_	_	nonverbalbehavior	_	none	_	Begin=1621.931|End=1622.282	_	_	_	_
871-0	BOI070	871	871	0	ti	ti	_	_	_	_	_	linguistic	_	none	_	Begin=1622.397	_	_	_	_
871-1	BOI070	871	871	1	dan	dan	_	_	_	_	_	linguistic	_	none	_	_	_	_	_	_
871-2	BOI070	871	871	2	le	le	_	_	_	_	_	linguistic	_	none	_	_	_	_	_	_
871-3	BOI070	871	871	3	spalla:te	spallate	_	_	_	_	_	linguistic	_	none	_	End=1623.641	5x1	_	_	_
872-0	BOR021	872	872	0	che	che	_	_	_	_	_	linguistic	_	none	_	Begin=1623.668	_	_	_	_
872-1	BOR021	872	872	1	poi	poi	_	_	_	_	_	linguistic	_	none	_	_	_	_	_	_
872-2	BOR021	872	872	2	magari	magari	_	_	_	_	_	linguistic	_	none	_	_	_	_	_	_
872-3	BOR021	872	872	3	quando	quando	_	_	_	_	_	linguistic	_	none	_	_	_	_	_	_
872-4	BOR021	872	872	4	lo	lo	_	_	_	_	_	linguistic	_	none	_	_	_	_	_	_
872-5	BOR021	872	872	5	vivi	vivi	_	_	_	_	_	linguistic	_	none	_	_	_	_	_	_
872-6	BOR021	872	872	6	in	in	_	_	_	_	_	linguistic	_	none	_	_	_	_	_	_
872-7	BOR021	872	872	7	realtà	realtà	_	_	_	_	_	linguistic	_	none	_	_	_	_	_	_
872-8	BOR021	872	872	8	dici	dici	_	_	_	_	_	linguistic	_	none	_	_	_	_	_	_
872-9	BOR021	872	872	9	che	che	_	_	_	_	_	linguistic	_	none	_	_	_	_	_	_
872-10	BOR021	872	872	10	palle	palle	_	_	_	_	_	linguistic	_	none	_	_	_	_	_	_
872-11	BOR021	872	872	11	[xx]	xx	_	_	_	_	_	unknown	_	none	Syllables=2	End=1625.951	_	_	_	0-2(175)
873-0	BOI070	873	873	0	[esa]tto	esatto	_	_	_	_	_	linguistic	_	none	_	Begin=1625.674|End=1626.249	_	_	_	0-3(175)
874-0	BOI070	874	874	0	e	e	_	_	_	_	_	linguistic	_	none	_	Begin=1626.316	_	_	_	_
874-1	BOI070	874	874	1	invece	invece	_	_	_	_	_	linguistic	_	none	_	_	_	_	_	_
874-2	BOI070	874	874	2	quando	quando	_	_	_	_	_	linguistic	_	none	_	_	_	_	_	_
874-3	BOI070	874	874	3	sei	sei	_	_	_	_	_	linguistic	_	none	_	_	_	_	_	_
874-4	BOI070	874	874	4	in	in	_	_	_	_	_	linguistic	_	none	_	_	_	_	_	_
874-5	BOI070	874	874	5	estate	estate	_	_	_	_	_	linguistic	_	none	_	_	_	_	_	_
874-6	BOI070	874	874	6	dici	dici	_	_	_	_	_	linguistic	_	none	_	_	_	_	_	_
874-7	BOI070	874	874	7	che	che	_	_	_	_	_	linguistic	_	none	_	End=1627.857	_	_	_	_
875-0	BOI070	875	875	0	e:h	eh	_	_	_	_	_	linguistic	_	none	_	Begin=1627.857|End=1628.755	0x1	_	_	_
876-0	BOI070	876	876	0	wow	wow	_	_	_	_	_	linguistic	_	none	_	Begin=1628.755	_	_	_	_
876-1	BOI070	876	876	1	bello	bello	_	_	_	_	_	linguistic	_	none	_	_	_	_	_	_
876-2	BOI070	876	876	2	poi	poi	_	_	_	_	_	linguistic	_	none	_	_	_	_	_	_
876-3	BOI070	876	876	3	dopo	dopo	_	_	_	_	_	linguistic	_	none	_	_	_	_	_	_
876-4	BOI070	876	876	4	un	un	_	_	_	_	_	linguistic	_	none	_	_	_	_	_	_
876-5	BOI070	876	876	5	po'	po'	_	_	_	_	_	linguistic	_	none	_	_	_	_	_	_
876-6	BOI070	876	876	6	però	però	_	_	_	_	_	linguistic	_	none	_	_	_	_	_	_
876-7	BOI070	876	876	7	dici	dici	_	_	_	_	_	linguistic	_	none	_	_	_	_	_	_
876-8	BOI070	876	876	8	che	che	_	_	_	_	_	linguistic	_	none	_	_	_	_	_	_
876-9	BOI070	876	876	9	palle	palle	_	_	_	_	_	linguistic	_	none	_	_	_	_	_	_
876-10	BOI070	876	876	10	perché	perché	_	_	_	_	_	linguistic	_	none	_	_	_	_	_	_
876-11	BOI070	876	876	11	non	non	_	_	_	_	_	linguistic	_	none	_	_	_	_	_	_
876-12	BOI070	876	876	12	sto	sto	_	_	_	_	_	linguistic	_	none	_	_	_	_	_	_
876-13	BOI070	876	876	13	vedendo	vedendo	_	_	_	_	_	linguistic	_	none	_	_	_	_	_	_
876-14	BOI070	876	876	14	nessuna	nessuna	_	_	_	_	_	linguistic	_	none	_	_	_	_	_	_
876-15	BOI070	876	876	15	spallata	spallata	_	_	_	_	_	linguistic	_	none	_	_	_	_	_	_
876-16	BOI070	876	876	16	nessuno	nessuno	_	_	_	_	_	linguistic	_	none	_	_	_	_	_	_
876-17	BOI070	876	876	17	che	che	_	_	_	_	_	linguistic	_	none	_	_	_	_	_	_
876-18	BOI070	876	876	18	mi	mi	_	_	_	_	_	linguistic	_	none	_	End=1633.222	_	_	_	_
877-0	BOI070	877	877	0	che::	che	_	_	_	_	_	linguistic	_	none	_	Begin=1633.688|End=1634.109	2x2	_	_	_
878-0	BOI070	878	878	0	è	è	_	_	_	_	_	linguistic	_	none	_	Begin=1634.559	_	_	_	_
878-1	BOI070	878	878	1	lì	lì	_	_	_	_	_	linguistic	_	none	_	_	_	_	_	_
878-2	BOI070	878	878	2	a::	a	_	_	_	_	_	linguistic	_	none	_	_	0x2	_	_	_
878-3	BOI070	878	878	3	no,	no	_	_	_	_	_	linguistic	_	none	Intonation=WeaklyRising	_	_	_	_	_
878-4	BOI070	878	878	4	suonare	suonare	_	_	_	_	_	linguistic	_	none	_	_	_	_	_	_
878-5	BOI070	878	878	5	il	il	_	_	_	_	_	linguistic	_	none	_	_	_	_	_	_
878-6	BOI070	878	878	6	clacson	clacson	_	_	_	_	_	linguistic	_	none	_	_	_	_	_	_
878-7	BOI070	878	878	7	[eh]	eh	_	_	_	_	_	linguistic	_	none	_	End=1636.566	_	_	_	0-2(176)
879-0	BOR021	879	879	0	((ride))	((ride))	_	_	_	_	_	nonverbalbehavior	_	none	_	Begin=1636.431	_	_	_	_
879-1	BOR021	879	879	1	[è]	è	_	_	_	_	_	linguistic	_	none	_	_	_	_	_	0-1(176)
879-2	BOR021	879	879	2	vero	vero	_	_	_	_	_	linguistic	_	none	_	End=1636.857	_	_	_	_
880-0	BOI070	880	880	0	°rottura	rottura	_	_	_	_	_	linguistic	_	none	Volume=low	Begin=1637.208	_	_	_	_
880-1	BOI070	880	880	1	di	di	_	_	_	_	_	linguistic	_	none	Volume=low	_	_	_	_	_
880-2	BOI070	880	880	2	coglioni°	coglioni	_	_	_	_	_	linguistic	_	none	Volume=low	_	_	_	_	_
880-3	BOI070	880	880	3	perché	perché	_	_	_	_	_	linguistic	_	none	_	_	_	_	_	_
880-4	BOI070	880	880	4	son	son	_	_	_	_	_	linguistic	_	none	_	_	_	_	_	_
880-5	BOI070	880	880	5	tutti:	tutti	_	_	_	_	_	linguistic	_	none	_	_	4x1	_	_	_
880-6	BOI070	880	880	6	al	al	_	_	_	_	_	linguistic	_	none	_	_	_	_	_	_
880-7	BOI070	880	880	7	mare	mare	_	_	_	_	_	linguistic	_	none	_	_	_	_	_	_
880-8	BOI070	880	880	8	appunto	appunto	_	_	_	_	_	linguistic	_	none	_	End=1639.789	_	_	_	_
881-0	BOR021	881	881	0	xxx	xxx	_	_	_	_	_	unknown	_	none	Syllables=3	Begin=1639.918|End=1640.374	_	_	_	_
882-0	BOI070	882	882	0	però	però	_	_	_	_	_	linguistic	_	none	PauseAfter=Yes	Begin=1640.641	_	_	_	_
882-1	BOI070	882	882	1	(.)	(.)	_	_	_	_	_	shortpause	_	none	_	_	_	_	_	_
882-2	BOI070	882	882	2	penso	penso	_	_	_	_	_	linguistic	_	none	_	_	_	_	_	_
882-3	BOI070	882	882	3	che	che	_	_	_	_	_	linguistic	_	none	_	_	_	_	_	_
882-4	BOI070	882	882	4	da	da	_	_	_	_	_	linguistic	_	none	_	_	_	_	_	_
882-5	BOI070	882	882	5	una	una	_	_	_	_	_	linguistic	_	none	_	_	_	_	_	_
882-6	BOI070	882	882	6	parte:	parte	_	_	_	_	_	linguistic	_	none	_	End=1642.309	4x1	_	_	_
883-0	BOI070	883	883	0	a	a	_	_	_	_	_	linguistic	_	none	_	Begin=1643.688	_	_	_	_
883-1	BOI070	883	883	1	bologna	bologna	_	_	_	_	_	linguistic	_	none	_	_	_	_	_	_
883-2	BOI070	883	883	2	dev(i)	devi	_	_	_	_	_	linguistic	_	none	_	_	_	_	3-4(0)	_
883-3	BOI070	883	883	3	seguire	seguire	_	_	_	_	_	linguistic	_	none	_	_	_	_	_	_
883-4	BOI070	883	883	4	molto	molto	_	_	_	_	_	linguistic	_	none	_	_	_	_	_	_
883-5	BOI070	883	883	5	il	il	_	_	_	_	_	linguistic	_	none	_	_	_	_	_	_
883-6	BOI070	883	883	6	flusso	flusso	_	_	_	_	_	linguistic	_	none	_	_	_	_	_	_
883-7	BOI070	883	883	7	molto	molto	_	_	_	_	_	linguistic	_	none	_	_	_	_	_	_
883-8	BOI070	883	883	8	il	il	_	_	_	_	_	linguistic	_	none	_	_	_	_	_	_
883-9	BOI070	883	883	9	flusso	flusso	_	_	_	_	_	linguistic	_	none	_	_	_	_	_	_
883-10	BOI070	883	883	10	di:	di	_	_	_	_	_	linguistic	_	none	_	End=1646.364	1x1	_	_	_
884-0	BOI070	884	884	0	di	di	_	_	_	_	_	linguistic	_	none	_	Begin=1647.127	_	_	_	_
884-1	BOI070	884	884	1	persone	persone	_	_	_	_	_	linguistic	_	none	_	End=1647.647	_	_	_	_
885-0	BOR021	885	885	0	(certo)	certo	_	_	_	_	_	linguistic	_	none	_	Begin=1648.789|End=1648.893	_	_	0-5(0)	_
886-0	BOR021	886	886	0	ma	ma	_	_	_	_	_	linguistic	_	none	_	Begin=1649.795	_	_	_	_
886-1	BOR021	886	886	1	tipo	tipo	_	_	_	_	_	linguistic	_	none	_	_	_	_	_	_
886-2	BOR021	886	886	2	a	a	_	_	_	_	_	linguistic	_	none	_	_	_	_	_	_
886-3	BOR021	886	886	3	te	te	_	_	_	_	_	linguistic	_	none	_	_	_	_	_	_
886-4	BOR021	886	886	4	quando:	quando	_	_	_	_	_	linguistic	_	none	_	_	5x1	_	_	_
886-5	BOR021	886	886	5	vabbè	vabbè	_	_	_	_	_	linguistic	_	none	_	_	_	_	_	_
886-6	BOR021	886	886	6	a	a	_	_	_	_	_	linguistic	_	none	_	_	_	_	_	_
886-7	BOR021	886	886	7	parte	parte	_	_	_	_	_	linguistic	_	none	_	_	_	_	_	_
886-8	BOR021	886	886	8	le	le	_	_	_	_	_	linguistic	_	none	_	_	_	_	_	_
886-9	BOR021	886	886	9	pestate	pestate	_	_	_	_	_	linguistic	_	none	_	_	_	_	_	_
886-10	BOR021	886	886	10	quello	quello	_	_	_	_	_	linguistic	_	none	_	_	_	_	_	_
886-11	BOR021	886	886	11	che	che	_	_	_	_	_	linguistic	_	none	_	_	_	_	_	_
886-12	BOR021	886	886	12	ti	ti	_	_	_	_	_	linguistic	_	none	_	_	_	_	_	_
886-13	BOR021	886	886	13	pare	pare	_	_	_	_	_	linguistic	_	none	_	End=1652.592	_	_	_	_
887-0	BOR021	887	887	0	quando:::	quando	_	_	_	_	_	linguistic	_	none	_	Begin=1653.022|End=1654.012	5x3	_	_	_
888-0	BOR021	888	888	0	ti	ti	_	_	_	_	_	linguistic	_	none	_	Begin=1654.475	_	_	_	_
888-1	BOR021	888	888	1	devi	devi	_	_	_	_	_	linguistic	_	none	_	_	_	_	_	_
888-2	BOR021	888	888	2	fare	fare	_	_	_	_	_	linguistic	_	none	_	_	_	_	_	_
888-3	BOR021	888	888	3	un	un	_	_	_	_	_	linguistic	_	none	_	_	_	_	_	_
888-4	BOR021	888	888	4	giro	giro	_	_	_	_	_	linguistic	_	none	PauseAfter=Yes	_	_	_	_	_
888-5	BOR021	888	888	5	(.)	(.)	_	_	_	_	_	shortpause	_	none	_	_	_	_	_	_
888-6	BOR021	888	888	6	no?	no	_	_	_	_	_	linguistic	_	none	Intonation=Rising	End=1655.686	_	_	_	_
889-0	BOI071	889	889	0	eh	eh	_	_	_	_	_	linguistic	_	none	_	Begin=1655.991|End=1656.164	_	_	_	_
890-0	BOR021	890	890	0	c(io)è	cioè	_	_	_	_	_	linguistic	_	none	Reduced=Yes	Begin=1656.515	_	_	_	_
890-1	BOR021	890	890	1	cosa	cosa	_	_	_	_	_	linguistic	_	none	_	_	_	_	_	_
890-2	BOR021	890	890	2	ti	ti	_	_	_	_	_	linguistic	_	none	_	_	_	_	_	_
890-3	BOR021	890	890	3	piace	piace	_	_	_	_	_	linguistic	_	none	_	_	_	_	_	_
890-4	BOR021	890	890	4	fare?	fare	_	_	_	_	_	linguistic	_	none	Intonation=Rising	End=1657.363	_	_	_	_
891-0	BOR021	891	891	0	a	a	_	_	_	_	_	linguistic	_	none	_	Begin=1657.507	_	_	_	_
891-1	BOR021	891	891	1	parte	parte	_	_	_	_	_	linguistic	_	none	_	_	_	_	_	_
891-2	BOR021	891	891	2	la	la	_	_	_	_	_	linguistic	_	none	_	_	_	_	_	_
891-3	BOR021	891	891	3	bevuta	bevuta	_	_	_	_	_	linguistic	_	none	_	_	_	_	_	_
891-4	BOR021	891	891	4	maga:ri	magari	_	_	_	_	_	linguistic	_	none	_	_	3x1	_	_	_
891-5	BOR021	891	891	5	esci	esci	_	_	_	_	_	linguistic	_	none	_	_	_	_	_	_
891-6	BOR021	891	891	6	tranquillo	tranquillo	_	_	_	_	_	linguistic	_	none	_	_	_	_	_	_
891-7	BOR021	891	891	7	così	così	_	_	_	_	_	linguistic	_	none	_	End=1659.964	_	_	_	_
892-0	BOR021	892	892	0	se	se	_	_	_	_	_	linguistic	_	none	_	Begin=1660.007	_	_	_	_
892-1	BOR021	892	892	1	non	non	_	_	_	_	_	linguistic	_	none	_	_	_	_	_	_
892-2	BOR021	892	892	2	lavori,	lavori	_	_	_	_	_	linguistic	_	none	Intonation=WeaklyRising|PauseAfter=Yes	_	_	_	_	_
892-3	BOR021	892	892	3	(.)	(.)	_	_	_	_	_	shortpause	_	none	_	_	_	_	_	_
892-4	BOR021	892	892	4	e	e	_	_	_	_	_	linguistic	_	none	_	_	_	_	_	_
892-5	BOR021	892	892	5	ti	ti	_	_	_	_	_	linguistic	_	none	_	_	_	_	_	_
892-6	BOR021	892	892	6	devi	devi	_	_	_	_	_	linguistic	_	none	_	_	_	_	_	_
892-7	BOR021	892	892	7	svagare,	svagare	_	_	_	_	_	linguistic	_	none	Intonation=WeaklyRising	End=1661.863	_	_	_	_
893-0	BOR021	893	893	0	c(io)è	cioè	_	_	_	_	_	linguistic	_	none	Reduced=Yes	Begin=1662.066	_	_	_	_
893-1	BOR021	893	893	1	che	che	_	_	_	_	_	linguistic	_	none	_	_	_	_	_	_
893-2	BOR021	893	893	2	fai?	fai	_	_	_	_	_	linguistic	_	none	Intonation=Rising	_	_	_	_	_
893-3	BOR021	893	893	3	[vai	vai	_	_	_	_	_	linguistic	_	none	_	_	_	_	_	0-3(177)
893-4	BOR021	893	893	4	A	a	_	_	_	_	_	linguistic	_	none	Volume=high	_	_	_	_	0-1(177)
893-5	BOR021	893	893	5	QUALCHE	qualche	_	_	_	_	_	linguistic	_	none	Volume=high	_	_	_	_	0-7(177)
893-6	BOR021	893	893	6	EVENTO]?	evento	_	_	_	_	_	linguistic	_	none	Intonation=Rising|Volume=high	End=1663.719	_	_	_	0-6(177)
894-0	BOI071	894	894	0	[diciamo	diciamo	_	_	_	_	_	linguistic	_	none	_	Begin=1662.71	_	_	_	0-7(177)
894-1	BOI071	894	894	1	che::]	che	_	_	_	_	_	linguistic	_	none	_	End=1663.719	2x2	_	_	0-3(177)
895-0	BOI071	895	895	0	((ride))	((ride))	_	_	_	_	_	nonverbalbehavior	_	none	_	Begin=1663.846|End=1666.032	_	_	_	_
896-0	BOR021	896	896	0	((ride))	((ride))	_	_	_	_	_	nonverbalbehavior	_	none	_	Begin=1664.405|End=1666.041	_	_	_	_
897-0	BOI071	897	897	0	>allora<	allora	_	_	_	_	_	linguistic	_	none	_	Begin=1666.464	_	Fast=0-6(0)	_	_
897-1	BOI071	897	897	1	diciamo	diciamo	_	_	_	_	_	linguistic	_	none	_	_	_	_	_	_
897-2	BOI071	897	897	2	che	che	_	_	_	_	_	linguistic	_	none	_	_	_	_	_	_
897-3	BOI071	897	897	3	anch'	anch'	_	_	_	_	_	linguistic	_	none	SpaceAfter=No	_	_	_	_	_
897-4	BOI071	897	897	4	io	io	_	_	_	_	_	linguistic	_	none	_	_	_	_	_	_
897-5	BOI071	897	897	5	sono	sono	_	_	_	_	_	linguistic	_	none	_	_	_	_	_	_
897-6	BOI071	897	897	6	un	un	_	_	_	_	_	linguistic	_	none	_	_	_	_	_	_
897-7	BOI071	897	897	7	po'	po'	_	_	_	_	_	linguistic	_	none	_	_	_	_	_	_
897-8	BOI071	897	897	8	solitario	solitario	_	_	_	_	_	linguistic	_	none	_	_	_	_	_	_
897-9	BOI071	897	897	9	così:	così	_	_	_	_	_	linguistic	_	none	_	_	3x1	_	_	_
897-10	BOI071	897	897	10	e	e	_	_	_	_	_	linguistic	_	none	_	_	_	_	_	_
897-11	BOI071	897	897	11	[xxx]	xxx	_	_	_	_	_	unknown	_	none	Syllables=3	End=1670.193	_	_	_	0-3(178)
898-0	BOR021	898	898	0	[momenti	momenti	_	_	_	_	_	linguistic	_	none	_	Begin=1669.761	_	_	_	0-7(178)
898-1	BOR021	898	898	1	int]rospettivi?	introspettivi	_	_	_	_	_	linguistic	_	none	Intonation=Rising	End=1670.914	_	_	_	0-3(178)
899-0	BOI071	899	899	0	esatto	esatto	_	_	_	_	_	linguistic	_	none	_	Begin=1671.82	_	_	_	_
899-1	BOI071	899	899	1	>c(io)è	cioè	_	_	_	_	_	linguistic	_	none	Reduced=Yes	_	_	Fast=0-4(0)	_	_
899-2	BOI071	899	899	2	(ma)<	ma	_	_	_	_	_	linguistic	_	none	PauseAfter=Yes	_	_	Fast=0-2(0)	0-2(0)	_
899-3	BOI071	899	899	3	(.)	(.)	_	_	_	_	_	shortpause	_	none	_	_	_	_	_	_
899-4	BOI071	899	899	4	mh	mh	_	_	_	_	_	linguistic	_	none	_	_	_	_	_	_
899-5	BOI071	899	899	5	vedi	vedi	_	_	_	_	_	linguistic	_	none	_	_	_	_	_	_
899-6	BOI071	899	899	6	un	un	_	_	_	_	_	linguistic	_	none	_	_	_	_	_	_
899-7	BOI071	899	899	7	po'	po'	_	_	_	_	_	linguistic	_	none	_	_	_	_	_	_
899-8	BOI071	899	899	8	te	te	_	_	_	_	_	linguistic	_	none	_	_	_	_	_	_
899-9	BOI071	899	899	9	come:::	come	_	_	_	_	_	linguistic	_	none	_	End=1674.888	3x3	_	_	_
900-0	BOI070	900	900	0	((ride))	((ride))	_	_	_	_	_	nonverbalbehavior	_	none	_	Begin=1675.736|End=1678.125	_	_	_	_
901-0	BOI071	901	901	0	diciamo	diciamo	_	_	_	_	_	linguistic	_	none	_	Begin=1675.787	_	_	_	_
901-1	BOI071	901	901	1	che	che	_	_	_	_	_	linguistic	_	none	_	End=1676.481	_	_	_	_
902-0	BOR021	902	902	0	((ride))	((ride))	_	_	_	_	_	nonverbalbehavior	_	none	_	Begin=1677.202|End=1678.06	_	_	_	_
903-0	BOI071	903	903	0	diciamo	diciamo	_	_	_	_	_	linguistic	_	none	_	Begin=1679.041	_	_	_	_
903-1	BOI071	903	903	1	che:::	che	_	_	_	_	_	linguistic	_	none	_	End=1680.431	2x3	_	_	_
904-0	BOI071	904	904	0	in	in	_	_	_	_	_	linguistic	_	none	_	Begin=1680.532	_	_	_	_
904-1	BOI071	904	904	1	piazza	piazza	_	_	_	_	_	linguistic	_	none	_	_	_	_	_	_
904-2	BOI071	904	904	2	ve:rdi::	verdi	_	_	_	_	_	linguistic	_	none	_	End=1681.922	1x1,4x2	_	_	_
905-0	BOI071	905	905	0	ti	ti	_	_	_	_	_	linguistic	_	none	_	Begin=1682.151	_	_	_	_
905-1	BOI071	905	905	1	puoi	puoi	_	_	_	_	_	linguistic	_	none	_	_	_	_	_	_
905-2	BOI071	905	905	2	sempre	sempre	_	_	_	_	_	linguistic	_	none	_	_	_	_	_	_
905-3	BOI071	905	905	3	divertire	divertire	_	_	_	_	_	linguistic	_	none	_	_	_	_	_	_
905-4	BOI071	905	905	4	con	con	_	_	_	_	_	linguistic	_	none	_	_	_	_	_	_
905-5	BOI071	905	905	5	gli	gli	_	_	_	_	_	linguistic	_	none	_	_	_	_	_	_
905-6	BOI071	905	905	6	unversitari	unversitari	_	_	_	_	_	linguistic	_	none	_	_	_	_	_	_
905-7	BOI071	905	905	7	an~	an~	_	_	_	_	_	linguistic	_	none	Interrupted=Yes	End=1684.233	_	_	_	_
906-0	BOI071	906	906	0	anche	anche	_	_	_	_	_	linguistic	_	none	_	Begin=1684.397	_	_	_	_
906-1	BOI071	906	906	1	perché	perché	_	_	_	_	_	linguistic	_	none	_	_	_	_	_	_
906-2	BOI071	906	906	2	vedi:::	vedi	_	_	_	_	_	linguistic	_	none	_	End=1686.253	3x3	_	_	_
907-0	BOI070	907	907	0	((si_soffia_il_naso))	((si_soffia_il_naso))	_	_	_	_	_	nonverbalbehavior	_	none	_	Begin=1686.363|End=1687.134	_	_	_	_
908-0	BOR021	908	908	0	quindi	quindi	_	_	_	_	_	linguistic	_	none	_	Begin=1686.473	_	_	_	_
908-1	BOR021	908	908	1	vai	vai	_	_	_	_	_	linguistic	_	none	_	_	_	_	_	_
908-2	BOR021	908	908	2	sempre	sempre	_	_	_	_	_	linguistic	_	none	_	_	_	_	_	_
908-3	BOR021	908	908	3	là,	là	_	_	_	_	_	linguistic	_	none	Intonation=WeaklyRising	_	_	_	_	_
908-4	BOR021	908	908	4	((ride))	((ride))	_	_	_	_	_	nonverbalbehavior	_	none	_	_	_	_	_	_
908-5	BOR021	908	908	5	scusami,	scusami	_	_	_	_	_	linguistic	_	none	Intonation=WeaklyRising	End=1688.075	_	_	_	_
909-0	BOI071	909	909	0	no	no	_	_	_	_	_	linguistic	_	none	_	Begin=1688.337	_	_	_	_
909-1	BOI071	909	909	1	non	non	_	_	_	_	_	linguistic	_	none	_	_	_	_	_	_
909-2	BOI071	909	909	2	è	è	_	_	_	_	_	linguistic	_	none	_	_	_	_	_	_
909-3	BOI071	909	909	3	che	che	_	_	_	_	_	linguistic	_	none	_	_	_	_	_	_
909-4	BOI071	909	909	4	vado	vado	_	_	_	_	_	linguistic	_	none	_	_	_	_	_	_
909-5	BOI071	909	909	5	sempre	sempre	_	_	_	_	_	linguistic	_	none	_	_	_	_	_	_
909-6	BOI071	909	909	6	lì	lì	_	_	_	_	_	linguistic	_	none	_	End=1689.507	_	_	_	_
910-0	BOI071	910	910	0	però	però	_	_	_	_	_	linguistic	_	none	_	Begin=1689.609	_	_	_	_
910-1	BOI071	910	910	1	vedi	vedi	_	_	_	_	_	linguistic	_	none	_	_	_	_	_	_
910-2	BOI071	910	910	2	sempre	sempre	_	_	_	_	_	linguistic	_	none	_	_	_	_	_	_
910-3	BOI071	910	910	3	nuovi	nuovi	_	_	_	_	_	linguistic	_	none	_	_	_	_	_	_
910-4	BOI071	910	910	4	accenti	accenti	_	_	_	_	_	linguistic	_	none	_	_	_	_	_	_
910-5	BOI071	910	910	5	nuove	nuove	_	_	_	_	_	linguistic	_	none	_	_	_	_	_	_
910-6	BOI071	910	910	6	ve~	ve~	_	_	_	_	_	linguistic	_	none	Interrupted=Yes|PauseAfter=Yes	_	_	_	_	_
910-7	BOI071	910	910	7	(.)	(.)	_	_	_	_	_	shortpause	_	none	_	_	_	_	_	_
910-8	BOI071	910	910	8	nuove	nuove	_	_	_	_	_	linguistic	_	none	_	_	_	_	_	_
910-9	BOI071	910	910	9	persone	persone	_	_	_	_	_	linguistic	_	none	_	End=1692.854	_	_	_	_
911-0	BOI071	911	911	0	e::	e	_	_	_	_	_	linguistic	_	none	PauseAfter=Yes	Begin=1693.727	0x2	_	_	_
911-1	BOI071	911	911	1	(.)	(.)	_	_	_	_	_	shortpause	_	none	_	_	_	_	_	_
911-2	BOI071	911	911	2	quindi::	quindi	_	_	_	_	_	linguistic	_	none	_	End=1695.151	5x2	_	_	_
912-0	BOI071	912	912	0	uno	uno	_	_	_	_	_	linguistic	_	none	_	Begin=1695.719	_	_	_	_
912-1	BOI071	912	912	1	sì	sì	_	_	_	_	_	linguistic	_	none	_	_	_	_	_	_
912-2	BOI071	912	912	2	puoi	puoi	_	_	_	_	_	linguistic	_	none	_	_	_	_	_	_
912-3	BOI071	912	912	3	andare	andare	_	_	_	_	_	linguistic	_	none	_	_	_	_	_	_
912-4	BOI071	912	912	4	in	in	_	_	_	_	_	linguistic	_	none	_	_	_	_	_	_
912-5	BOI071	912	912	5	piazza	piazza	_	_	_	_	_	linguistic	_	none	_	_	_	_	_	_
912-6	BOI071	912	912	6	verdi	verdi	_	_	_	_	_	linguistic	_	none	_	_	_	_	_	_
912-7	BOI071	912	912	7	però	però	_	_	_	_	_	linguistic	_	none	_	_	_	_	_	_
912-8	BOI071	912	912	8	io	io	_	_	_	_	_	linguistic	_	none	_	_	_	_	_	_
912-9	BOI071	912	912	9	com~	com~	_	_	_	_	_	linguistic	_	none	Interrupted=Yes	End=1697.82	_	_	_	_
913-0	BOI071	913	913	0	preferisco	preferisco	_	_	_	_	_	linguistic	_	none	_	Begin=1698.481	_	_	_	_
913-1	BOI071	913	913	1	molto	molto	_	_	_	_	_	linguistic	_	none	_	_	_	_	_	_
913-2	BOI071	913	913	2	andare:	andare	_	_	_	_	_	linguistic	_	none	_	_	5x1	_	_	_
913-3	BOI071	913	913	3	sui	sui	_	_	_	_	_	linguistic	_	none	_	_	_	_	_	_
913-4	BOI071	913	913	4	colli	colli	_	_	_	_	_	linguistic	_	none	_	_	_	_	_	_
913-5	BOI071	913	913	5	bolognesi	bolognesi	_	_	_	_	_	linguistic	_	none	_	End=1700.863	_	_	_	_
914-0	BOI071	914	914	0	a	a	_	_	_	_	_	linguistic	_	none	_	Begin=1700.998	_	_	_	_
914-1	BOI071	914	914	1	volte	volte	_	_	_	_	_	linguistic	_	none	_	_	_	_	_	_
914-2	BOI071	914	914	2	ci	ci	_	_	_	_	_	linguistic	_	none	_	_	_	_	_	_
914-3	BOI071	914	914	3	vado	vado	_	_	_	_	_	linguistic	_	none	_	_	_	_	_	_
914-4	BOI071	914	914	4	anche	anche	_	_	_	_	_	linguistic	_	none	_	_	_	_	_	_
914-5	BOI071	914	914	5	a	a	_	_	_	_	_	linguistic	_	none	_	_	_	_	_	_
914-6	BOI071	914	914	6	piedi	piedi	_	_	_	_	_	linguistic	_	none	_	_	_	_	_	_
914-7	BOI071	914	914	7	cos[ì:]	così	_	_	_	_	_	linguistic	_	none	_	End=1702.719	3x1	_	_	3-4(179)
915-0	BOR021	915	915	0	[che	che	_	_	_	_	_	linguistic	_	none	_	Begin=1702.439	_	_	_	0-3(179)
915-1	BOR021	915	915	1	poi	poi	_	_	_	_	_	linguistic	_	none	_	_	_	_	_	0-3(179)
915-2	BOR021	915	915	2	s]ui	sui	_	_	_	_	_	linguistic	_	none	_	_	_	_	_	0-1(179)
915-3	BOR021	915	915	3	colli	colli	_	_	_	_	_	linguistic	_	none	_	_	_	_	_	_
915-4	BOR021	915	915	4	ci	ci	_	_	_	_	_	linguistic	_	none	_	_	_	_	_	_
915-5	BOR021	915	915	5	stanno	stanno	_	_	_	_	_	linguistic	_	none	_	_	_	_	_	_
915-6	BOR021	915	915	6	un	un	_	_	_	_	_	linguistic	_	none	_	_	_	_	_	_
915-7	BOR021	915	915	7	sacco	sacco	_	_	_	_	_	linguistic	_	none	_	_	_	_	_	_
915-8	BOR021	915	915	8	di	di	_	_	_	_	_	linguistic	_	none	_	_	_	_	_	_
915-9	BOR021	915	915	9	cose	cose	_	_	_	_	_	linguistic	_	none	_	_	_	_	_	_
915-10	BOR021	915	915	10	anche	anche	_	_	_	_	_	linguistic	_	none	PauseAfter=Yes	_	_	_	_	_
915-11	BOR021	915	915	11	(.)	(.)	_	_	_	_	_	shortpause	_	none	_	_	_	_	_	_
915-12	BOR021	915	915	12	in	in	_	_	_	_	_	linguistic	_	none	_	_	_	_	_	_
915-13	BOR021	915	915	13	estate	estate	_	_	_	_	_	linguistic	_	none	_	_	_	_	_	_
915-14	BOR021	915	915	14	forse	forse	_	_	_	_	_	linguistic	_	none	_	_	_	_	_	_
915-15	BOR021	915	915	15	di	di	_	_	_	_	_	linguistic	_	none	_	_	_	_	_	_
915-16	BOR021	915	915	16	più	più	_	_	_	_	_	linguistic	_	none	_	End=1705.575	_	_	_	_
916-0	BOR021	916	916	0	tipo:::	tipo	_	_	_	_	_	linguistic	_	none	_	Begin=1706.007|End=1707.081	3x3	_	_	_
917-0	BOR021	917	917	0	°come	come	_	_	_	_	_	linguistic	_	none	Volume=low	Begin=1707.21	_	_	_	_
917-1	BOR021	917	917	1	si	si	_	_	_	_	_	linguistic	_	none	Volume=low	_	_	_	_	_
917-2	BOR021	917	917	2	chiama°	chiama	_	_	_	_	_	linguistic	_	none	Volume=low	_	_	_	_	_
917-3	BOR021	917	917	3	quel	quel	_	_	_	_	_	linguistic	_	none	_	_	_	_	_	_
917-4	BOR021	917	917	4	po:sto:	posto	_	_	_	_	_	linguistic	_	none	_	End=1708.803	1x1,4x1	_	_	_
918-0	BOR021	918	918	0	(collywood,)	collywood	_	_	_	_	_	linguistic	_	none	Intonation=WeaklyRising	Begin=1708.871	_	_	0-9(0)	_
918-1	BOR021	918	918	1	una	una	_	_	_	_	_	linguistic	_	none	_	_	_	_	_	_
918-2	BOR021	918	918	2	co[sa	cosa	_	_	_	_	_	linguistic	_	none	_	_	_	_	_	2-4(180)
918-3	BOR021	918	918	3	xx]	xx	_	_	_	_	_	unknown	_	none	Syllables=2	End=1710.185	_	_	_	0-2(180)
919-0	BOI071	919	919	0	[(collywoo]d),	collywood	_	_	_	_	_	linguistic	_	none	Intonation=WeaklyRising	Begin=1709.778	_	_	0-9(0)	0-8(180)
919-1	BOI071	919	919	1	sì	sì	_	_	_	_	_	linguistic	_	none	_	_	_	_	_	_
919-2	BOI071	919	919	2	[è::	è	_	_	_	_	_	linguistic	_	none	_	_	0x2	_	_	0-1(181)
919-3	BOI071	919	919	3	u]n	un	_	_	_	_	_	linguistic	_	none	_	_	_	_	_	0-1(181)
919-4	BOI071	919	919	4	bar	bar	_	_	_	_	_	linguistic	_	none	_	_	_	_	_	_
919-5	BOI071	919	919	5	sui	sui	_	_	_	_	_	linguistic	_	none	_	_	_	_	_	_
919-6	BOI071	919	919	6	colli	colli	_	_	_	_	_	linguistic	_	none	_	_	_	_	_	_
919-7	BOI071	919	919	7	così	così	_	_	_	_	_	linguistic	_	none	_	End=1712.736	_	_	_	_
920-0	BOR021	920	920	0	[ci	ci	_	_	_	_	_	linguistic	_	none	_	Begin=1710.625	_	_	_	0-2(181)
920-1	BOR021	920	920	1	siete	siete	_	_	_	_	_	linguistic	_	none	_	_	_	_	_	0-5(181)
920-2	BOR021	920	920	2	stati]?	stati	_	_	_	_	_	linguistic	_	none	Intonation=Rising	End=1711.244	_	_	_	0-5(181)
921-0	BOI070	921	921	0	sì:	sì	_	_	_	_	_	linguistic	_	none	_	Begin=1712.854	1x1	_	_	_
921-1	BOI070	921	921	1	un:	un	_	_	_	_	_	linguistic	_	none	_	End=1713.642	1x1	_	_	_
922-0	BOI071	922	922	0	(puoi)	puoi	_	_	_	_	_	linguistic	_	none	_	Begin=1713.312	_	_	0-4(0)	_
922-1	BOI071	922	922	1	fare	fare	_	_	_	_	_	linguistic	_	none	_	_	_	_	_	_
922-2	BOI071	922	922	2	aperiti:	aperiti	_	_	_	_	_	linguistic	_	none	_	_	6x1	_	_	_
922-3	BOI071	922	922	3	[vedi	vedi	_	_	_	_	_	linguistic	_	none	_	_	_	_	_	0-4(?)
922-4	BOI071	922	922	4	un	un	_	_	_	_	_	linguistic	_	none	_	_	_	_	_	0-2(?)
922-5	BOI071	922	922	5	bel	bel	_	_	_	_	_	linguistic	_	none	_	_	_	_	_	0-3(?)
922-6	BOI071	922	922	6	tramo:n]to::	tramonto	_	_	_	_	_	linguistic	_	none	_	_	4x1,7x2	_	_	0-6(?)
922-7	BOI071	922	922	7	°sì°	sì	_	_	_	_	_	linguistic	_	none	Volume=low	End=1716.236	_	_	_	_
923-0	BOR021	923	923	0	[c'	c'	_	_	_	_	_	linguistic	_	none	SpaceAfter=No	Begin=1714.337	_	_	_	0-2(183)
923-1	BOR021	923	923	1	è	è	_	_	_	_	_	linguistic	_	none	_	_	_	_	_	0-1(183)
923-2	BOR021	923	923	2	un	un	_	_	_	_	_	linguistic	_	none	_	_	_	_	_	0-2(183)
923-3	BOR021	923	923	3	sacco	sacco	_	_	_	_	_	linguistic	_	none	_	_	_	_	_	0-5(183)
923-4	BOR021	923	923	4	di	di	_	_	_	_	_	linguistic	_	none	_	_	_	_	_	0-2(183)
923-5	BOR021	923	923	5	hype]	hype	_	_	_	_	_	linguistic	_	none	_	End=1715.397	_	_	_	0-4(183)
924-0	BOI070	924	924	0	(un'	un'	_	_	_	_	_	linguistic	_	none	SpaceAfter=No	Begin=1715.939	_	_	0-3(0)	_
924-1	BOI070	924	924	1	area)	area	_	_	_	_	_	linguistic	_	none	_	_	_	_	0-4(0)	_
924-2	BOI070	924	924	2	da:	da	_	_	_	_	_	linguistic	_	none	_	_	1x1	_	_	_
924-3	BOI070	924	924	3	una	una	_	_	_	_	_	linguistic	_	none	_	_	_	_	_	_
924-4	BOI070	924	924	4	una	una	_	_	_	_	_	linguistic	_	none	_	_	_	_	_	_
924-5	BOI070	924	924	5	collinetta	collinetta	_	_	_	_	_	linguistic	_	none	_	_	_	_	_	_
924-6	BOI070	924	924	6	con	con	_	_	_	_	_	linguistic	_	none	_	_	_	_	_	_
924-7	BOI070	924	924	7	un	un	_	_	_	_	_	linguistic	_	none	_	_	_	_	_	_
924-8	BOI070	924	924	8	tavolino	tavolino	_	_	_	_	_	linguistic	_	none	_	End=1718.397	_	_	_	_
925-0	BOR021	925	925	0	quindi	quindi	_	_	_	_	_	linguistic	_	none	_	Begin=1718.6	_	_	_	_
925-1	BOR021	925	925	1	niente	niente	_	_	_	_	_	linguistic	_	none	_	_	_	_	_	_
925-2	BOR021	925	925	2	di	di	_	_	_	_	_	linguistic	_	none	_	_	_	_	_	_
925-3	BOR021	925	925	3	che,	che	_	_	_	_	_	linguistic	_	none	Intonation=WeaklyRising	End=1719.265	_	_	_	_
926-0	BOI071	926	926	0	no	no	_	_	_	_	_	linguistic	_	none	_	Begin=1720.142	_	_	_	_
926-1	BOI071	926	926	1	è	è	_	_	_	_	_	linguistic	_	none	_	_	_	_	_	_
926-2	BOI071	926	926	2	carino	carino	_	_	_	_	_	linguistic	_	none	_	_	_	_	_	_
926-3	BOI071	926	926	3	è	è	_	_	_	_	_	linguistic	_	none	_	_	_	_	_	_
926-4	BOI071	926	926	4	>carino<	carino	_	_	_	_	_	linguistic	_	none	_	_	_	Fast=0-6(0)	_	_
926-5	BOI071	926	926	5	xx	xx	_	_	_	_	_	unknown	_	none	Syllables=2	_	_	_	_	_
926-6	BOI071	926	926	6	l'	l'	_	_	_	_	_	linguistic	_	none	SpaceAfter=No	_	_	_	_	_
926-7	BOI071	926	926	7	idea	idea	_	_	_	_	_	linguistic	_	none	_	_	_	_	_	_
926-8	BOI071	926	926	8	c'	c'	_	_	_	_	_	linguistic	_	none	SpaceAfter=No	_	_	_	_	_
926-9	BOI071	926	926	9	è	è	_	_	_	_	_	linguistic	_	none	_	End=1722.116	_	_	_	_
927-0	BOI071	927	927	0	però:	però	_	_	_	_	_	linguistic	_	none	_	Begin=1722.346	3x1	_	_	_
927-1	BOI071	927	927	1	magari	magari	_	_	_	_	_	linguistic	_	none	_	_	_	_	_	_
927-2	BOI071	927	927	2	è	è	_	_	_	_	_	linguistic	_	none	_	_	_	_	_	_
927-3	BOI071	927	927	3	da	da	_	_	_	_	_	linguistic	_	none	_	_	_	_	_	_
927-4	BOI071	927	927	4	migliorare	migliorare	_	_	_	_	_	linguistic	_	none	_	End=1723.835	_	_	_	_
928-0	BOI070	928	928	0	xx[xxxx]	xxxxxx	_	_	_	_	_	unknown	_	none	Syllables=6	Begin=1724.812|End=1725.753	_	_	_	2-6(185)
929-0	BOI071	929	929	0	[poi	poi	_	_	_	_	_	linguistic	_	none	_	Begin=1724.922	_	_	_	0-3(?)
929-1	BOI071	929	929	1	vabbè	vabbè	_	_	_	_	_	linguistic	_	none	_	_	_	_	_	0-5(?)
929-2	BOI071	929	929	2	ci	ci	_	_	_	_	_	linguistic	_	none	_	_	_	_	_	0-2(?)
929-3	BOI071	929	929	3	sono::]	sono	_	_	_	_	_	linguistic	_	none	_	End=1726.329	3x2	_	_	0-4(?)
930-0	BOR021	930	930	0	[perché	perché	_	_	_	_	_	linguistic	_	none	_	Begin=1725.795	_	_	_	0-6(186)
930-1	BOR021	930	930	1	è	è	_	_	_	_	_	linguistic	_	none	_	_	_	_	_	0-1(186)
930-2	BOR021	930	930	2	da	da	_	_	_	_	_	linguistic	_	none	_	_	_	_	_	0-2(186)
930-3	BOR021	930	930	3	miglio]rare?	migliorare	_	_	_	_	_	linguistic	_	none	Intonation=Rising	End=1726.625	_	_	_	0-6(186)
931-0	BOI070	931	931	0	eh	eh	_	_	_	_	_	linguistic	_	none	_	Begin=1727.041	_	_	_	_
931-1	BOI070	931	931	1	(da	da	_	_	_	_	_	linguistic	_	none	_	_	_	_	0-2(0)	_
931-2	BOI070	931	931	2	aggiungere)	aggiungere	_	_	_	_	_	linguistic	_	none	_	_	_	_	0-10(0)	_
931-3	BOI070	931	931	3	[xx	xx	_	_	_	_	_	unknown	_	none	Syllables=2	_	_	_	_	0-2(187)
931-4	BOI070	931	931	4	sai],	sai	_	_	_	_	_	linguistic	_	none	Intonation=WeaklyRising	End=1728.329	_	_	_	0-3(187)
932-0	BOI071	932	932	0	[è	è	_	_	_	_	_	linguistic	_	none	_	Begin=1727.575	_	_	_	0-1(187)
932-1	BOI071	932	932	1	un	un	_	_	_	_	_	linguistic	_	none	_	_	_	_	_	0-2(187)
932-2	BOI071	932	932	2	po'	po'	_	_	_	_	_	linguistic	_	none	_	_	_	_	_	0-3(187)
932-3	BOI071	932	932	3	vuoto	vuoto	_	_	_	_	_	linguistic	_	none	_	_	_	_	_	0-5(187)
932-4	BOI071	932	932	4	s]econdo	secondo	_	_	_	_	_	linguistic	_	none	_	_	_	_	_	0-1(187)
932-5	BOI071	932	932	5	me	me	_	_	_	_	_	linguistic	_	none	_	End=1728.905	_	_	_	_
933-0	BOI071	933	933	0	sì::	sì	_	_	_	_	_	linguistic	_	none	_	Begin=1729.024	1x2	_	_	_
933-1	BOI071	933	933	1	[eh]	eh	_	_	_	_	_	linguistic	_	none	_	End=1729.884	_	_	_	0-2(188)
934-0	BOI070	934	934	0	[(beh)	beh	_	_	_	_	_	linguistic	_	none	_	Begin=1729.354	_	_	0-3(0)	0-3(188)
934-1	BOI070	934	934	1	un	un	_	_	_	_	_	linguistic	_	none	_	_	_	_	_	0-2(188)
934-2	BOI070	934	934	2	tavo]lino	tavolino	_	_	_	_	_	linguistic	_	none	_	_	_	_	_	0-4(188)
934-3	BOI070	934	934	3	e	e	_	_	_	_	_	linguistic	_	none	_	_	_	_	_	_
934-4	BOI070	934	934	4	una	una	_	_	_	_	_	linguistic	_	none	_	_	_	_	_	_
934-5	BOI070	934	934	5	sedia	sedia	_	_	_	_	_	linguistic	_	none	_	_	_	_	_	_
934-6	BOI070	934	934	6	[(piano	piano	_	_	_	_	_	linguistic	_	none	_	_	_	_	0-5(1)	0-5(189)
934-7	BOI070	934	934	7	piano]	piano	_	_	_	_	_	linguistic	_	none	_	_	_	_	0-5(1)	0-5(189)
934-8	BOI070	934	934	8	è	è	_	_	_	_	_	linguistic	_	none	_	_	_	_	0-1(1)	_
934-9	BOI070	934	934	9	un	un	_	_	_	_	_	linguistic	_	none	_	_	_	_	0-2(1)	_
934-10	BOI070	934	934	10	po'	po'	_	_	_	_	_	linguistic	_	none	_	_	_	_	0-3(1)	_
934-11	BOI070	934	934	11	vuoto)	vuoto	_	_	_	_	_	linguistic	_	none	_	End=1731.575	_	_	0-5(1)	_
935-0	BOI071	935	935	0	[esatto]	esatto	_	_	_	_	_	linguistic	_	none	_	Begin=1730.507|End=1731.117	_	_	_	0-6(189)
936-0	BOI071	936	936	0	vabbè	vabbè	_	_	_	_	_	linguistic	_	none	_	Begin=1731.583	_	_	_	_
936-1	BOI071	936	936	1	ho	ho	_	_	_	_	_	linguistic	_	none	_	_	_	_	_	_
936-2	BOI071	936	936	2	anche	anche	_	_	_	_	_	linguistic	_	none	_	_	_	_	_	_
936-3	BOI071	936	936	3	dei:	dei	_	_	_	_	_	linguistic	_	none	PauseAfter=Yes	_	2x1	_	_	_
936-4	BOI071	936	936	4	(.)	(.)	_	_	_	_	_	shortpause	_	none	_	_	_	_	_	_
936-5	BOI071	936	936	5	bei	bei	_	_	_	_	_	linguistic	_	none	_	_	_	_	_	_
936-6	BOI071	936	936	6	ricordi	ricordi	_	_	_	_	_	linguistic	_	none	_	_	_	_	_	_
936-7	BOI071	936	936	7	lì	lì	_	_	_	_	_	linguistic	_	none	_	End=1733.464	_	_	_	_
937-0	BOR021	937	937	0	((ride))	((ride))	_	_	_	_	_	nonverbalbehavior	_	none	_	Begin=1733.634	_	_	_	_
937-1	BOR021	937	937	1	che	che	_	_	_	_	_	linguistic	_	none	_	_	_	_	_	_
937-2	BOR021	937	937	2	ricordi	ricordi	_	_	_	_	_	linguistic	_	none	_	_	_	_	_	_
937-3	BOR021	937	937	3	hai?	hai	_	_	_	_	_	linguistic	_	none	Intonation=Rising	End=1734.575	_	_	_	_
938-0	BOI070	938	938	0	((ride))	((ride))	_	_	_	_	_	nonverbalbehavior	_	none	_	Begin=1733.634|End=1734.371	_	_	_	_
939-0	BOI070	939	939	0	di	di	_	_	_	_	_	linguistic	_	none	_	Begin=1734.931	_	_	_	_
939-1	BOI070	939	939	1	una	una	_	_	_	_	_	linguistic	_	none	_	_	_	_	_	_
939-2	BOI070	939	939	2	laurea	laurea	_	_	_	_	_	linguistic	_	none	_	End=1735.685	_	_	_	_
940-0	BOI071	940	940	0	((ride))	((ride))	_	_	_	_	_	nonverbalbehavior	_	none	_	Begin=1735.786|End=1736.007	_	_	_	_
941-0	BOR021	941	941	0	di	di	_	_	_	_	_	linguistic	_	none	_	Begin=1736.083	_	_	_	_
941-1	BOR021	941	941	1	una	una	_	_	_	_	_	linguistic	_	none	_	_	_	_	_	_
941-2	BOR021	941	941	2	laurea?	laurea	_	_	_	_	_	linguistic	_	none	Intonation=Rising	_	_	_	_	_
941-3	BOR021	941	941	3	raccontacela	raccontacela	_	_	_	_	_	linguistic	_	none	_	End=1737.524	_	_	_	_
942-0	BOR021	942	942	0	((ride))	((ride))	_	_	_	_	_	nonverbalbehavior	_	none	_	Begin=1737.702|End=1738.024	_	_	_	_
943-0	BOI071	943	943	0	((ride))	((ride))	_	_	_	_	_	nonverbalbehavior	_	none	_	Begin=1737.702|End=1738.414	_	_	_	_
944-0	BOR021	944	944	0	ra[ccontaci	raccontaci	_	_	_	_	_	linguistic	_	none	_	Begin=1738.481	_	_	_	2-10(190)
944-1	BOR021	944	944	1	un	un	_	_	_	_	_	linguistic	_	none	_	_	_	_	_	0-2(190)
944-2	BOR021	944	944	2	po']	po'	_	_	_	_	_	linguistic	_	none	_	End=1739.32	_	_	_	0-3(190)
945-0	BOI070	945	945	0	[non	non	_	_	_	_	_	linguistic	_	none	_	Begin=1738.541	_	_	_	0-3(190)
945-1	BOI070	945	945	1	facciamo	facciamo	_	_	_	_	_	linguistic	_	none	_	_	_	_	_	0-8(190)
945-2	BOI070	945	945	2	no]mi	nomi	_	_	_	_	_	linguistic	_	none	_	_	_	_	_	0-2(190)
945-3	BOI070	945	945	3	però	però	_	_	_	_	_	linguistic	_	none	_	_	_	_	_	_
945-4	BOI070	945	945	4	xx[xx]	xxxx	_	_	_	_	_	unknown	_	none	Syllables=4	End=1740.278	_	_	_	2-4(191)
946-0	BOR021	946	946	0	[no	no	_	_	_	_	_	linguistic	_	none	_	Begin=1739.964	_	_	_	0-2(191)
946-1	BOR021	946	946	1	n]o	no	_	_	_	_	_	linguistic	_	none	_	End=1740.431	_	_	_	0-1(191)
947-0	BOI071	947	947	0	e::h	eh	_	_	_	_	_	linguistic	_	none	_	Begin=1741.185	0x2	_	_	_
947-1	BOI071	947	947	1	ero:	ero	_	_	_	_	_	linguistic	_	none	_	_	2x1	_	_	_
947-2	BOI071	947	947	2	ad	ad	_	_	_	_	_	linguistic	_	none	_	_	_	_	_	_
947-3	BOI071	947	947	3	una	una	_	_	_	_	_	linguistic	_	none	_	_	_	_	_	_
947-4	BOI071	947	947	4	laurea	laurea	_	_	_	_	_	linguistic	_	none	_	_	_	_	_	_
947-5	BOI071	947	947	5	di	di	_	_	_	_	_	linguistic	_	none	_	_	_	_	_	_
947-6	BOI071	947	947	6	una	una	_	_	_	_	_	linguistic	_	none	_	_	_	_	_	_
947-7	BOI071	947	947	7	mia	mia	_	_	_	_	_	linguistic	_	none	_	_	_	_	_	_
947-8	BOI071	947	947	8	amica	amica	_	_	_	_	_	linguistic	_	none	_	_	_	_	_	_
947-9	BOI071	947	947	9	e:::	e	_	_	_	_	_	linguistic	_	none	_	End=1744.397	0x3	_	_	_
948-0	BOI071	948	948	0	diciamo	diciamo	_	_	_	_	_	linguistic	_	none	_	Begin=1745.244	_	_	_	_
948-1	BOI071	948	948	1	che::	che	_	_	_	_	_	linguistic	_	none	_	End=1746.185	2x2	_	_	_
949-0	BOI070	949	949	0	tra	tra	_	_	_	_	_	linguistic	_	none	_	Begin=1746.185	_	_	_	_
949-1	BOI070	949	949	1	una	una	_	_	_	_	_	linguistic	_	none	_	_	_	_	_	_
949-2	BOI070	949	949	2	sbr[onza	sbronza	_	_	_	_	_	linguistic	_	none	_	_	_	_	_	3-7(192)
949-3	BOI070	949	949	3	e	e	_	_	_	_	_	linguistic	_	none	_	_	_	_	_	0-1(192)
949-4	BOI070	949	949	4	l'	l'	_	_	_	_	_	linguistic	_	none	SpaceAfter=No	_	_	_	_	0-2(192)
949-5	BOI070	949	949	5	altra]	altra	_	_	_	_	_	linguistic	_	none	_	End=1747.303	_	_	_	0-5(192)
950-0	BOI071	950	950	0	[doveva	doveva	_	_	_	_	_	linguistic	_	none	_	Begin=1746.566	_	_	_	0-6(192)
950-1	BOI071	950	950	1	essere	essere	_	_	_	_	_	linguistic	_	none	_	_	_	_	_	0-6(192)
950-2	BOI071	950	950	2	lei	lei	_	_	_	_	_	linguistic	_	none	_	_	_	_	_	0-3(192)
950-3	BOI071	950	950	3	ad]	ad	_	_	_	_	_	linguistic	_	none	_	_	_	_	_	0-2(192)
950-4	BOI071	950	950	4	ad	ad	_	_	_	_	_	linguistic	_	none	_	_	_	_	_	_
950-5	BOI071	950	950	5	essere	essere	_	_	_	_	_	linguistic	_	none	_	_	_	_	_	_
950-6	BOI071	950	950	6	ubriaca	ubriaca	_	_	_	_	_	linguistic	_	none	_	_	_	_	_	_
950-7	BOI071	950	950	7	ma	ma	_	_	_	_	_	linguistic	_	none	_	_	_	_	_	_
950-8	BOI071	950	950	8	mi	mi	_	_	_	_	_	linguistic	_	none	_	_	_	_	_	_
950-9	BOI071	950	950	9	sono	sono	_	_	_	_	_	linguistic	_	none	_	_	_	_	_	_
950-10	BOI071	950	950	10	ubriacato	ubriacato	_	_	_	_	_	linguistic	_	none	_	_	_	_	_	_
950-11	BOI071	950	950	11	io	io	_	_	_	_	_	linguistic	_	none	_	_	_	_	_	_
950-12	BOI071	950	950	12	un	un	_	_	_	_	_	linguistic	_	none	_	_	_	_	_	_
950-13	BOI071	950	950	13	po'::	po'	_	_	_	_	_	linguistic	_	none	_	_	1x2	_	_	_
950-14	BOI071	950	950	14	((ride))	((ride))	_	_	_	_	_	nonverbalbehavior	_	none	_	End=1750.592	_	_	_	_
951-0	BOR021	951	951	0	((ride))	((ride))	_	_	_	_	_	nonverbalbehavior	_	none	_	Begin=1749.32|End=1750.676	_	_	_	_
952-0	BOR021	952	952	0	che	che	_	_	_	_	_	linguistic	_	none	_	Begin=1750.812	_	_	_	_
952-1	BOR021	952	952	1	hai	hai	_	_	_	_	_	linguistic	_	none	_	_	_	_	_	_
952-2	BOR021	952	952	2	combinato?	combinato	_	_	_	_	_	linguistic	_	none	Intonation=Rising	End=1751.668	_	_	_	_
953-0	BOI071	953	953	0	tra:	tra	_	_	_	_	_	linguistic	_	none	_	Begin=1751.778	2x1	_	_	_
953-1	BOI071	953	953	1	autobus	autobus	_	_	_	_	_	linguistic	_	none	PauseAfter=Yes	_	_	_	_	_
953-2	BOI071	953	953	2	(.)	(.)	_	_	_	_	_	shortpause	_	none	_	_	_	_	_	_
953-3	BOI071	953	953	3	c(io)è	cioè	_	_	_	_	_	linguistic	_	none	Reduced=Yes	_	_	_	_	_
953-4	BOI071	953	953	4	avevo	avevo	_	_	_	_	_	linguistic	_	none	_	_	_	_	_	_
953-5	BOI071	953	953	5	già	già	_	_	_	_	_	linguistic	_	none	_	_	_	_	_	_
953-6	BOI071	953	953	6	cominciato	cominciato	_	_	_	_	_	linguistic	_	none	_	_	_	_	_	_
953-7	BOI071	953	953	7	a	a	_	_	_	_	_	linguistic	_	none	_	_	_	_	_	_
953-8	BOI071	953	953	8	bere	bere	_	_	_	_	_	linguistic	_	none	_	_	_	_	_	_
953-9	BOI071	953	953	9	alle::	alle	_	_	_	_	_	linguistic	_	none	_	End=1755.166	3x2	_	_	_
954-0	BOI071	954	954	0	cinque	cinque	_	_	_	_	_	linguistic	_	none	_	Begin=1755.303	_	_	_	_
954-1	BOI071	954	954	1	di	di	_	_	_	_	_	linguistic	_	none	_	_	_	_	_	_
954-2	BOI071	954	954	2	pomeriggio	pomeriggio	_	_	_	_	_	linguistic	_	none	_	_	_	_	_	_
954-3	BOI071	954	954	3	così	così	_	_	_	_	_	linguistic	_	none	_	End=1756.773	_	_	_	_
955-0	BOR021	955	955	0	[xxxx]	xxxx	_	_	_	_	_	unknown	_	none	Syllables=4	Begin=1756.88|End=1757.676	_	_	_	0-4(193)
956-0	BOI070	956	956	0	[sai	sai	_	_	_	_	_	linguistic	_	none	_	Begin=1756.88	_	_	_	0-3(193)
956-1	BOI070	956	956	1	sapete	sapete	_	_	_	_	_	linguistic	_	none	_	_	_	_	_	0-6(193)
956-2	BOI070	956	956	2	co~]	co~	_	_	_	_	_	linguistic	_	none	Interrupted=Yes|PauseAfter=Yes	_	_	_	_	0-3(193)
956-3	BOI070	956	956	3	(.)	(.)	_	_	_	_	_	shortpause	_	none	_	_	_	_	_	_
956-4	BOI070	956	956	4	vabbè	vabbè	_	_	_	_	_	linguistic	_	none	_	_	_	_	_	_
956-5	BOI070	956	956	5	tu	tu	_	_	_	_	_	linguistic	_	none	_	_	_	_	_	_
956-6	BOI070	956	956	6	lo	lo	_	_	_	_	_	linguistic	_	none	_	_	_	_	_	_
956-7	BOI070	956	956	7	sai	sai	_	_	_	_	_	linguistic	_	none	_	_	_	_	_	_
956-8	BOI070	956	956	8	come	come	_	_	_	_	_	linguistic	_	none	_	_	_	_	_	_
956-9	BOI070	956	956	9	sono	sono	_	_	_	_	_	linguistic	_	none	_	_	_	_	_	_
956-10	BOI070	956	956	10	le	le	_	_	_	_	_	linguistic	_	none	_	_	_	_	_	_
956-11	BOI070	956	956	11	laure[e::	lauree	_	_	_	_	_	linguistic	_	none	_	_	5x2	_	_	5-6(194)
956-12	BOI070	956	956	12	sono]:	sono	_	_	_	_	_	linguistic	_	none	_	_	3x1	_	_	0-4(194)
956-13	BOI070	956	956	13	delle	delle	_	_	_	_	_	linguistic	_	none	_	_	_	_	_	_
956-14	BOI070	956	956	14	lauree	lauree	_	_	_	_	_	linguistic	_	none	_	End=1760.964	_	_	_	_
957-0	BOR021	957	957	0	[sì	sì	_	_	_	_	_	linguistic	_	none	_	Begin=1759.405	_	_	_	0-2(194)
957-1	BOR021	957	957	1	a	a	_	_	_	_	_	linguistic	_	none	_	_	_	_	_	0-1(194)
957-2	BOR021	957	957	2	voglia]	voglia	_	_	_	_	_	linguistic	_	none	_	End=1760.151	_	_	_	0-6(194)
958-0	BOI070	958	958	0	dove	dove	_	_	_	_	_	linguistic	_	none	_	Begin=1761.261	_	_	_	_
958-1	BOI070	958	958	1	ti	ti	_	_	_	_	_	linguistic	_	none	_	_	_	_	_	_
958-2	BOI070	958	958	2	distruggi	distruggi	_	_	_	_	_	linguistic	_	none	_	_	_	_	_	_
958-3	BOI070	958	958	3	[no,	no	_	_	_	_	_	linguistic	_	none	Intonation=WeaklyRising	_	_	_	_	0-2(195)
958-4	BOI070	958	958	4	(alle	alle	_	_	_	_	_	linguistic	_	none	_	_	_	_	0-4(0)	0-4(195)
958-5	BOI070	958	958	5	lauree)]	lauree	_	_	_	_	_	linguistic	_	none	_	End=1762.964	_	_	0-6(0)	0-6(195)
959-0	BOR021	959	959	0	[c(io)è	cioè	_	_	_	_	_	linguistic	_	none	Reduced=Yes	Begin=1762.295	_	_	_	0-4(195)
959-1	BOR021	959	959	1	è	è	_	_	_	_	_	linguistic	_	none	_	_	_	_	_	0-1(195)
959-2	BOR021	959	959	2	quello	quello	_	_	_	_	_	linguistic	_	none	_	_	_	_	_	0-6(195)
959-3	BOR021	959	959	3	l'	l'	_	_	_	_	_	linguistic	_	none	SpaceAfter=No	_	_	_	_	0-2(195)
959-4	BOR021	959	959	4	obie]ttivo	obiettivo	_	_	_	_	_	linguistic	_	none	_	_	_	_	_	0-4(195)
959-5	BOR021	959	959	5	spe[sso]	spesso	_	_	_	_	_	linguistic	_	none	_	_	_	_	_	2-6(196)
959-6	BOR021	959	959	6	((ride))	((ride))	_	_	_	_	_	nonverbalbehavior	_	none	_	End=1763.592	_	_	_	_
960-0	BOI070	960	960	0	[è	è	_	_	_	_	_	linguistic	_	none	_	Begin=1763.337	_	_	_	0-1(196)
960-1	BOI070	960	960	1	dis]truzione	distruzione	_	_	_	_	_	linguistic	_	none	_	_	_	_	_	0-3(196)
960-2	BOI070	960	960	2	no,	no	_	_	_	_	_	linguistic	_	none	Intonation=WeaklyRising	_	_	_	_	_
960-3	BOI070	960	960	3	totale	totale	_	_	_	_	_	linguistic	_	none	_	End=1764.939	_	_	_	_
961-0	BOI071	961	961	0	e:h	eh	_	_	_	_	_	linguistic	_	none	_	Begin=1765.38	0x1	_	_	_
961-1	BOI071	961	961	1	mi	mi	_	_	_	_	_	linguistic	_	none	_	_	_	_	_	_
961-2	BOI071	961	961	2	ricordo	ricordo	_	_	_	_	_	linguistic	_	none	_	_	_	_	_	_
961-3	BOI071	961	961	3	sta	sta	_	_	_	_	_	linguistic	_	none	_	_	_	_	_	_
961-4	BOI071	961	961	4	scena	scena	_	_	_	_	_	linguistic	_	none	_	End=1766.812	_	_	_	_
962-0	BOI071	962	962	0	che	che	_	_	_	_	_	linguistic	_	none	_	Begin=1766.88	_	_	_	_
962-1	BOI071	962	962	1	>praticamente<	praticamente	_	_	_	_	_	linguistic	_	none	_	_	_	Fast=0-12(0)	_	_
962-2	BOI071	962	962	2	c'	c'	_	_	_	_	_	linguistic	_	none	SpaceAfter=No	_	_	_	_	_
962-3	BOI071	962	962	3	era	era	_	_	_	_	_	linguistic	_	none	_	_	_	_	_	_
962-4	BOI071	962	962	4	(la)	la	_	_	_	_	_	linguistic	_	none	_	_	_	_	0-2(0)	_
962-5	BOI071	962	962	5	ragazza	ragazza	_	_	_	_	_	linguistic	_	none	_	_	_	_	_	_
962-6	BOI071	962	962	6	che	che	_	_	_	_	_	linguistic	_	none	_	_	_	_	_	_
962-7	BOI071	962	962	7	aveva	aveva	_	_	_	_	_	linguistic	_	none	_	_	_	_	_	_
962-8	BOI071	962	962	8	perso	perso	_	_	_	_	_	linguistic	_	none	_	_	_	_	_	_
962-9	BOI071	962	962	9	il	il	_	_	_	_	_	linguistic	_	none	_	_	_	_	_	_
962-10	BOI071	962	962	10	telefono	telefono	_	_	_	_	_	linguistic	_	none	_	End=1769.169	_	_	_	_
963-0	BOI070	963	963	0	mh	mh	_	_	_	_	_	linguistic	_	none	_	Begin=1769.753|End=1769.858	_	_	_	_
964-0	BOI071	964	964	0	lo	lo	_	_	_	_	_	linguistic	_	none	_	Begin=1769.975	_	_	_	_
964-1	BOI071	964	964	1	cerca	cerca	_	_	_	_	_	linguistic	_	none	_	_	_	_	_	_
964-2	BOI071	964	964	2	a	a	_	_	_	_	_	linguistic	_	none	_	_	_	_	_	_
964-3	BOI071	964	964	3	tutti	tutti	_	_	_	_	_	linguistic	_	none	_	_	_	_	_	_
964-4	BOI071	964	964	4	chiede	chiede	_	_	_	_	_	linguistic	_	none	_	_	_	_	_	_
964-5	BOI071	964	964	5	a	a	_	_	_	_	_	linguistic	_	none	_	_	_	_	_	_
964-6	BOI071	964	964	6	tutti	tutti	_	_	_	_	_	linguistic	_	none	_	_	_	_	_	_
964-7	BOI071	964	964	7	dov'	dov'	_	_	_	_	_	linguistic	_	none	SpaceAfter=No	_	_	_	_	_
964-8	BOI071	964	964	8	è	è	_	_	_	_	_	linguistic	_	none	_	_	_	_	_	_
964-9	BOI071	964	964	9	il	il	_	_	_	_	_	linguistic	_	none	_	_	_	_	_	_
964-10	BOI071	964	964	10	telefono	telefono	_	_	_	_	_	linguistic	_	none	_	_	_	_	_	_
964-11	BOI071	964	964	11	dov'	dov'	_	_	_	_	_	linguistic	_	none	SpaceAfter=No	_	_	_	_	_
964-12	BOI071	964	964	12	è	è	_	_	_	_	_	linguistic	_	none	_	_	_	_	_	_
964-13	BOI071	964	964	13	il	il	_	_	_	_	_	linguistic	_	none	_	_	_	_	_	_
964-14	BOI071	964	964	14	telefono	telefono	_	_	_	_	_	linguistic	_	none	_	End=1772.778	_	_	_	_
965-0	BOI071	965	965	0	e	e	_	_	_	_	_	linguistic	_	none	_	Begin=1773.243	_	_	_	_
965-1	BOI071	965	965	1	ce	ce	_	_	_	_	_	linguistic	_	none	_	_	_	_	_	_
965-2	BOI071	965	965	2	l'	l'	_	_	_	_	_	linguistic	_	none	SpaceAfter=No	_	_	_	_	_
965-3	BOI071	965	965	3	avevo	avevo	_	_	_	_	_	linguistic	_	none	_	_	_	_	_	_
965-4	BOI071	965	965	4	io	io	_	_	_	_	_	linguistic	_	none	_	_	_	_	_	_
965-5	BOI071	965	965	5	in	in	_	_	_	_	_	linguistic	_	none	_	_	_	_	_	_
965-6	BOI071	965	965	6	tasca	tasca	_	_	_	_	_	linguistic	_	none	PauseAfter=Yes	_	_	_	_	_
965-7	BOI071	965	965	7	(.)	(.)	_	_	_	_	_	shortpause	_	none	_	_	_	_	_	_
965-8	BOI071	965	965	8	ma	ma	_	_	_	_	_	linguistic	_	none	_	_	_	_	_	_
965-9	BOI071	965	965	9	io	io	_	_	_	_	_	linguistic	_	none	_	_	_	_	_	_
965-10	BOI071	965	965	10	non	non	_	_	_	_	_	linguistic	_	none	_	_	_	_	_	_
965-11	BOI071	965	965	11	me	me	_	_	_	_	_	linguistic	_	none	_	_	_	_	_	_
965-12	BOI071	965	965	12	lo	lo	_	_	_	_	_	linguistic	_	none	_	_	_	_	_	_
965-13	BOI071	965	965	13	ricordo	ricordo	_	_	_	_	_	linguistic	_	none	_	_	_	_	_	_
965-14	BOI071	965	965	14	come	come	_	_	_	_	_	linguistic	_	none	_	_	_	_	_	_
965-15	BOI071	965	965	15	((ride))	((ride))	_	_	_	_	_	nonverbalbehavior	_	none	_	End=1776.785	_	_	_	_
966-0	BOR021	966	966	0	ma	ma	_	_	_	_	_	linguistic	_	none	_	Begin=1775.367	_	_	_	_
966-1	BOR021	966	966	1	tu	tu	_	_	_	_	_	linguistic	_	none	_	_	_	_	_	_
966-2	BOR021	966	966	2	la	la	_	_	_	_	_	linguistic	_	none	_	_	_	_	_	_
966-3	BOR021	966	966	3	conoscevi	conoscevi	_	_	_	_	_	linguistic	_	none	_	_	_	_	_	_
966-4	BOR021	966	966	4	lei?	lei	_	_	_	_	_	linguistic	_	none	Intonation=Rising	End=1776.594	_	_	_	_
967-0	BOI071	967	967	0	no	no	_	_	_	_	_	linguistic	_	none	_	Begin=1776.94	_	_	_	_
967-1	BOI071	967	967	1	l'	l'	_	_	_	_	_	linguistic	_	none	SpaceAfter=No	_	_	_	_	_
967-2	BOI071	967	967	2	avevo	avevo	_	_	_	_	_	linguistic	_	none	_	_	_	_	_	_
967-3	BOI071	967	967	3	conosciuta	conosciuta	_	_	_	_	_	linguistic	_	none	_	_	_	_	_	_
967-4	BOI071	967	967	4	alla	alla	_	_	_	_	_	linguistic	_	none	_	_	_	_	_	_
967-5	BOI071	967	967	5	sua	sua	_	_	_	_	_	linguistic	_	none	_	_	_	_	_	_
967-6	BOI071	967	967	6	laurea	laurea	_	_	_	_	_	linguistic	_	none	_	_	_	_	_	_
967-7	BOI071	967	967	7	ma	ma	_	_	_	_	_	linguistic	_	none	_	_	_	_	_	_
967-8	BOI071	967	967	8	non	non	_	_	_	_	_	linguistic	_	none	_	_	_	_	_	_
967-9	BOI071	967	967	9	la	la	_	_	_	_	_	linguistic	_	none	_	_	_	_	_	_
967-10	BOI071	967	967	10	conosce[vo	conoscevo	_	_	_	_	_	linguistic	_	none	_	_	_	_	_	6-9(198)
967-11	BOI071	967	967	11	xx]	xx	_	_	_	_	_	unknown	_	none	Syllables=2	End=1779.035	_	_	_	0-2(198)
968-0	BOR021	968	968	0	[te	te	_	_	_	_	_	linguistic	_	none	_	Begin=1778.636	_	_	_	0-2(198)
968-1	BOR021	968	968	1	perché	perché	_	_	_	_	_	linguistic	_	none	_	_	_	_	_	0-6(198)
968-2	BOR021	968	968	2	av]evi	avevi	_	_	_	_	_	linguistic	_	none	_	_	_	_	_	0-2(198)
968-3	BOR021	968	968	3	il	il	_	_	_	_	_	linguistic	_	none	_	_	_	_	_	_
968-4	BOR021	968	968	4	suo	suo	_	_	_	_	_	linguistic	_	none	_	_	_	_	_	_
968-5	BOR021	968	968	5	telefono	telefono	_	_	_	_	_	linguistic	_	none	_	_	_	_	_	_
968-6	BOR021	968	968	6	in	in	_	_	_	_	_	linguistic	_	none	_	_	_	_	_	_
968-7	BOR021	968	968	7	[tasca]?	tasca	_	_	_	_	_	linguistic	_	none	Intonation=Rising	End=1780.194	_	_	_	0-5(199)
969-0	BOI071	969	969	0	((ride))	((ride))	_	_	_	_	_	nonverbalbehavior	_	none	_	Begin=1779.035|End=1779.601	_	_	_	_
970-0	BOI071	970	970	0	[NON	non	_	_	_	_	_	linguistic	_	none	Volume=high	Begin=1779.803	_	_	_	0-3(199)
970-1	BOI071	970	970	1	LO	lo	_	_	_	_	_	linguistic	_	none	Volume=high	_	_	_	_	0-2(199)
970-2	BOI071	970	970	2	SO]:	so	_	_	_	_	_	linguistic	_	none	PauseAfter=Yes|Volume=high	_	1x1	_	_	0-2(199)
970-3	BOI071	970	970	3	(.)	(.)	_	_	_	_	_	shortpause	_	none	_	_	_	_	_	_
970-4	BOI071	970	970	4	[°non	non	_	_	_	_	_	linguistic	_	none	Volume=low	_	_	_	_	0-3(200)
970-5	BOI071	970	970	5	lo	lo	_	_	_	_	_	linguistic	_	none	Volume=low	_	_	_	_	0-2(200)
970-6	BOI071	970	970	6	so°]	so	_	_	_	_	_	linguistic	_	none	Volume=low	End=1781.114	_	_	_	0-2(200)
971-0	BOI070	971	971	0	[xx	xx	_	_	_	_	_	unknown	_	none	Syllables=2	Begin=1780.578	_	_	_	0-2(200)
971-1	BOI070	971	971	1	(esperti	esperti	_	_	_	_	_	linguistic	_	none	_	_	_	_	0-7(0)	0-7(200)
971-2	BOI070	971	971	2	di]	di	_	_	_	_	_	linguistic	_	none	_	_	_	_	0-2(0)	0-2(200)
971-3	BOI070	971	971	3	zona)	zona	_	_	_	_	_	linguistic	_	none	_	End=1781.545	_	_	0-4(0)	_
972-0	BOI071	972	972	0	esatt[o	esatto	_	_	_	_	_	linguistic	_	none	_	Begin=1782.172	_	_	_	5-6(201)
972-1	BOI071	972	972	1	questo:]	questo	_	_	_	_	_	linguistic	_	none	_	End=1783.048	5x1	_	_	0-6(201)
973-0	BOI070	973	973	0	[(cambiamo)]	cambiamo	_	_	_	_	_	linguistic	_	none	_	Begin=1782.513|End=1783.049	_	_	0-8(0)	0-8(201)
974-0	BOI071	974	974	0	((ride))	((ride))	_	_	_	_	_	nonverbalbehavior	_	none	_	Begin=1783.071|End=1784.955	_	_	_	_
975-0	BOI070	975	975	0	((ride))	((ride))	_	_	_	_	_	nonverbalbehavior	_	none	_	Begin=1783.6|End=1783.984	_	_	_	_
976-0	BOI070	976	976	0	cambiamo	cambiamo	_	_	_	_	_	linguistic	_	none	_	Begin=1784.049	_	_	_	_
976-1	BOI070	976	976	1	((ride))	((ride))	_	_	_	_	_	nonverbalbehavior	_	none	_	End=1785.143	_	_	_	_
977-0	BOI070	977	977	0	xxxx	xxxx	_	_	_	_	_	unknown	_	none	Syllables=4	Begin=1785.267	_	_	_	_
977-1	BOI070	977	977	1	((ride))	((ride))	_	_	_	_	_	nonverbalbehavior	_	none	_	End=1786.172	_	_	_	_
978-0	BOI070	978	978	0	no	no	_	_	_	_	_	linguistic	_	none	_	Begin=1786.426	_	_	_	_
978-1	BOI070	978	978	1	dai	dai	_	_	_	_	_	linguistic	_	none	PauseAfter=Yes	_	_	_	_	_
978-2	BOI070	978	978	2	(.)	(.)	_	_	_	_	_	shortpause	_	none	_	_	_	_	_	_
978-3	BOI070	978	978	3	nel	nel	_	_	_	_	_	linguistic	_	none	_	_	_	_	_	_
978-4	BOI070	978	978	4	senso	senso	_	_	_	_	_	linguistic	_	none	_	_	_	_	_	_
978-5	BOI070	978	978	5	era	era	_	_	_	_	_	linguistic	_	none	_	_	_	_	_	_
978-6	BOI070	978	978	6	una	una	_	_	_	_	_	linguistic	_	none	_	_	_	_	_	_
978-7	BOI070	978	978	7	situazione	situazione	_	_	_	_	_	linguistic	_	none	_	_	_	_	_	_
978-8	BOI070	978	978	8	molto	molto	_	_	_	_	_	linguistic	_	none	_	_	_	_	_	_
978-9	BOI070	978	978	9	più	più	_	_	_	_	_	linguistic	_	none	_	End=1788.713	_	_	_	_
979-0	BOI070	979	979	0	più::	più	_	_	_	_	_	linguistic	_	none	_	Begin=1789.375	2x2	_	_	_
979-1	BOI070	979	979	1	drammatica	drammatica	_	_	_	_	_	linguistic	_	none	_	_	_	_	_	_
979-2	BOI070	979	979	2	nel	nel	_	_	_	_	_	linguistic	_	none	_	_	_	_	_	_
979-3	BOI070	979	979	3	senso:	senso	_	_	_	_	_	linguistic	_	none	PauseAfter=Yes	_	4x1	_	_	_
979-4	BOI070	979	979	4	(.)	(.)	_	_	_	_	_	shortpause	_	none	_	_	_	_	_	_
979-5	BOI070	979	979	5	[erava~]	erava~	_	_	_	_	_	linguistic	_	none	Interrupted=Yes	End=1791.556	_	_	_	0-6(202)
980-0	BOR021	980	980	0	[perché]?	perché	_	_	_	_	_	linguistic	_	none	Intonation=Rising	Begin=1791.006	_	_	_	0-6(202)
980-1	BOR021	980	980	1	((ride))	((ride))	_	_	_	_	_	nonverbalbehavior	_	none	_	End=1791.556	_	_	_	_
981-0	BOI070	981	981	0	erava~	erava~	_	_	_	_	_	linguistic	_	none	Interrupted=Yes	Begin=1791.94	_	_	_	_
981-1	BOI070	981	981	1	erano	erano	_	_	_	_	_	linguistic	_	none	_	_	_	_	_	_
981-2	BOI070	981	981	2	tutti	tutti	_	_	_	_	_	linguistic	_	none	_	_	_	_	_	_
981-3	BOI070	981	981	3	ubriachi	ubriachi	_	_	_	_	_	linguistic	_	none	_	_	_	_	_	_
981-4	BOI070	981	981	4	okay?	okay	_	_	_	_	_	linguistic	_	none	Intonation=Rising	End=1793.665	_	_	_	_
982-0	BOI070	982	982	0	letteralmente	letteralmente	_	_	_	_	_	linguistic	_	none	_	Begin=1793.853	_	_	_	_
982-1	BOI070	982	982	1	eravamo	eravamo	_	_	_	_	_	linguistic	_	none	_	_	_	_	_	_
982-2	BOI070	982	982	2	mezzi	mezzi	_	_	_	_	_	linguistic	_	none	_	_	_	_	_	_
982-3	BOI070	982	982	3	tutti	tutti	_	_	_	_	_	linguistic	_	none	_	_	_	_	_	_
982-4	BOI070	982	982	4	ubriachi	ubriachi	_	_	_	_	_	linguistic	_	none	_	End=1795.998	_	_	_	_
983-0	BOI070	983	983	0	tra	tra	_	_	_	_	_	linguistic	_	none	_	Begin=1796.346	_	_	_	_
983-1	BOI070	983	983	1	una	una	_	_	_	_	_	linguistic	_	none	_	_	_	_	_	_
983-2	BOI070	983	983	2	cosa	cosa	_	_	_	_	_	linguistic	_	none	_	_	_	_	_	_
983-3	BOI070	983	983	3	(all'	all'	_	_	_	_	_	linguistic	_	none	SpaceAfter=No	_	_	_	0-4(0)	_
983-4	BOI070	983	983	4	altra)	altra	_	_	_	_	_	linguistic	_	none	_	_	_	_	0-5(0)	_
983-5	BOI070	983	983	5	si	si	_	_	_	_	_	linguistic	_	none	_	_	_	_	_	_
983-6	BOI070	983	983	6	son	son	_	_	_	_	_	linguistic	_	none	_	_	_	_	_	_
983-7	BOI070	983	983	7	scambiati	scambiati	_	_	_	_	_	linguistic	_	none	_	_	_	_	_	_
983-8	BOI070	983	983	8	i	i	_	_	_	_	_	linguistic	_	none	_	_	_	_	_	_
983-9	BOI070	983	983	9	telefoni:	telefoni	_	_	_	_	_	linguistic	_	none	_	End=1798.52	7x1	_	_	_
984-0	BOI070	984	984	0	>°volevano	volevano	_	_	_	_	_	linguistic	_	none	_	Begin=1798.578	_	Fast=0-8(0)	_	_
984-1	BOI070	984	984	1	scambiarsi	scambiarsi	_	_	_	_	_	linguistic	_	none	_	_	_	Fast=0-10(0)	_	_
984-2	BOI070	984	984	2	il	il	_	_	_	_	_	linguistic	_	none	_	_	_	Fast=0-2(0)	_	_
984-3	BOI070	984	984	3	numero	numero	_	_	_	_	_	linguistic	_	none	_	_	_	Fast=0-6(0)	_	_
984-4	BOI070	984	984	4	ma	ma	_	_	_	_	_	linguistic	_	none	_	_	_	Fast=0-2(0)	_	_
984-5	BOI070	984	984	5	si	si	_	_	_	_	_	linguistic	_	none	_	_	_	Fast=0-2(0)	_	_
984-6	BOI070	984	984	6	sono<	sono	_	_	_	_	_	linguistic	_	none	_	_	_	Fast=0-4(0)	_	_
984-7	BOI070	984	984	7	scambiati	scambiati	_	_	_	_	_	linguistic	_	none	_	_	_	_	_	_
984-8	BOI070	984	984	8	il	il	_	_	_	_	_	linguistic	_	none	_	_	_	_	_	_
984-9	BOI070	984	984	9	telefono	telefono	_	_	_	_	_	linguistic	_	none	_	_	_	_	_	_
984-10	BOI070	984	984	10	[quindi	quindi	_	_	_	_	_	linguistic	_	none	_	_	_	_	_	0-6(203)
984-11	BOI070	984	984	11	di~]	di~	_	_	_	_	_	linguistic	_	none	Interrupted=Yes	End=1800.873	_	_	_	0-3(203)
985-0	BOR021	985	985	0	[ah	ah	_	_	_	_	_	linguistic	_	none	PauseAfter=Yes	Begin=1800.404	_	_	_	0-2(203)
985-1	BOR021	985	985	1	(.)	(.)	_	_	_	_	_	shortpause	_	none	_	_	_	_	_	_
985-2	BOR021	985	985	2	c(io)è]	cioè	_	_	_	_	_	linguistic	_	none	Reduced=Yes	_	_	_	_	0-4(203)
985-3	BOR021	985	985	3	proprio	proprio	_	_	_	_	_	linguistic	_	none	_	_	_	_	_	_
985-4	BOR021	985	985	4	[direttamente]	direttamente	_	_	_	_	_	linguistic	_	none	_	End=1801.962	_	_	_	0-12(204)
986-0	BOI070	986	986	0	[direttamente	direttamente	_	_	_	_	_	linguistic	_	none	_	Begin=1801.172	_	_	_	0-12(204)
986-1	BOI070	986	986	1	es]atto:	esatto	_	_	_	_	_	linguistic	_	none	PauseAfter=Yes	_	5x1	_	_	0-2(204)
986-2	BOI070	986	986	2	(.)	(.)	_	_	_	_	_	shortpause	_	none	_	_	_	_	_	_
986-3	BOI070	986	986	3	si	si	_	_	_	_	_	linguistic	_	none	_	_	_	_	_	_
986-4	BOI070	986	986	4	sono	sono	_	_	_	_	_	linguistic	_	none	_	_	_	_	_	_
986-5	BOI070	986	986	5	[presi	presi	_	_	_	_	_	linguistic	_	none	_	_	_	_	_	0-5(205)
986-6	BOI070	986	986	6	a	a	_	_	_	_	_	linguistic	_	none	_	_	_	_	_	0-1(205)
986-7	BOI070	986	986	7	xx]	xx	_	_	_	_	_	unknown	_	none	Syllables=2	End=1803.535	_	_	_	0-2(205)
987-0	BOR021	987	987	0	((ride))	((ride))	_	_	_	_	_	nonverbalbehavior	_	none	_	Begin=1802.68|End=1803.303	_	_	_	_
988-0	BOI071	988	988	0	[xxx]	xxx	_	_	_	_	_	unknown	_	none	Syllables=3	Begin=1802.955|End=1803.527	_	_	_	0-3(205)
989-0	BOI070	989	989	0	un	un	_	_	_	_	_	linguistic	_	none	_	Begin=1804.042	_	_	_	_
989-1	BOI070	989	989	1	po':	po'	_	_	_	_	_	linguistic	_	none	_	_	1x1	_	_	_
989-2	BOI070	989	989	2	una	una	_	_	_	_	_	linguistic	_	none	_	_	_	_	_	_
989-3	BOI070	989	989	3	roba	roba	_	_	_	_	_	linguistic	_	none	_	_	_	_	_	_
989-4	BOI070	989	989	4	così	così	_	_	_	_	_	linguistic	_	none	_	_	_	_	_	_
989-5	BOI070	989	989	5	oka[y]?	okay	_	_	_	_	_	linguistic	_	none	Intonation=Rising	End=1805.919	_	_	_	3-4(206)
990-0	BOR021	990	990	0	[s]cusami,	scusami	_	_	_	_	_	linguistic	_	none	Intonation=WeaklyRising|PauseAfter=Yes	Begin=1805.838	_	_	_	0-1(206)
990-1	BOR021	990	990	1	(.)	(.)	_	_	_	_	_	shortpause	_	none	_	_	_	_	_	_
990-2	BOR021	990	990	2	tu	tu	_	_	_	_	_	linguistic	_	none	_	_	_	_	_	_
990-3	BOR021	990	990	3	il	il	_	_	_	_	_	linguistic	_	none	_	_	_	_	_	_
990-4	BOR021	990	990	4	tuo	tuo	_	_	_	_	_	linguistic	_	none	_	_	_	_	_	_
990-5	BOR021	990	990	5	come:	come	_	_	_	_	_	linguistic	_	none	_	_	3x1	_	_	_
990-6	BOR021	990	990	6	°come°	come	_	_	_	_	_	linguistic	_	none	Volume=low	_	_	_	_	_
990-7	BOR021	990	990	7	facevi	facevi	_	_	_	_	_	linguistic	_	none	_	_	_	_	_	_
990-8	BOR021	990	990	8	ad	ad	_	_	_	_	_	linguistic	_	none	_	_	_	_	_	_
990-9	BOR021	990	990	9	averlo	averlo	_	_	_	_	_	linguistic	_	none	_	End=1808.086	_	_	_	_
991-0	BOR021	991	991	0	tipo	tipo	_	_	_	_	_	linguistic	_	none	_	Begin=1808.671	_	_	_	_
991-1	BOR021	991	991	1	non	non	_	_	_	_	_	linguistic	_	none	_	_	_	_	_	_
991-2	BOR021	991	991	2	l'	l'	_	_	_	_	_	linguistic	_	none	SpaceAfter=No	_	_	_	_	_
991-3	BOR021	991	991	3	hai	hai	_	_	_	_	_	linguistic	_	none	_	_	_	_	_	_
991-4	BOR021	991	991	4	lasciato	lasciato	_	_	_	_	_	linguistic	_	none	_	_	_	_	_	_
991-5	BOR021	991	991	5	a	a	_	_	_	_	_	linguistic	_	none	_	_	_	_	_	_
991-6	BOR021	991	991	6	lei?	lei	_	_	_	_	_	linguistic	_	none	Intonation=Rising	End=1809.732	_	_	_	_
992-0	BOI071	992	992	0	eh	eh	_	_	_	_	_	linguistic	_	none	_	Begin=1809.868	_	_	_	_
992-1	BOI071	992	992	1	no	no	_	_	_	_	_	linguistic	_	none	_	_	_	_	_	_
992-2	BOI071	992	992	2	ma	ma	_	_	_	_	_	linguistic	_	none	_	_	_	_	_	_
992-3	BOI071	992	992	3	perché	perché	_	_	_	_	_	linguistic	_	none	_	_	_	_	_	_
992-4	BOI071	992	992	4	ci	ci	_	_	_	_	_	linguistic	_	none	_	_	_	_	_	_
992-5	BOI071	992	992	5	tengo	tengo	_	_	_	_	_	linguistic	_	none	_	_	_	_	_	_
992-6	BOI071	992	992	6	xx	xx	_	_	_	_	_	unknown	_	none	Syllables=2	_	_	_	_	_
992-7	BOI071	992	992	7	al	al	_	_	_	_	_	linguistic	_	none	_	_	_	_	_	_
992-8	BOI071	992	992	8	mio	mio	_	_	_	_	_	linguistic	_	none	_	_	_	_	_	_
992-9	BOI071	992	992	9	telefono	telefono	_	_	_	_	_	linguistic	_	none	_	_	_	_	_	_
992-10	BOI071	992	992	10	(lo	lo	_	_	_	_	_	linguistic	_	none	_	_	_	_	0-2(0)	_
992-11	BOI071	992	992	11	dico)	dico	_	_	_	_	_	linguistic	_	none	_	_	_	_	0-4(0)	_
992-12	BOI071	992	992	12	quindi:	quindi	_	_	_	_	_	linguistic	_	none	_	_	5x1	_	_	_
992-13	BOI071	992	992	13	((ride))	((ride))	_	_	_	_	_	nonverbalbehavior	_	none	_	End=1813.278	_	_	_	_
993-0	BOI070	993	993	0	xx[xx]	xxxx	_	_	_	_	_	unknown	_	none	Syllables=4	Begin=1812.891|End=1813.612	_	_	_	2-4(208)
994-0	BOR021	994	994	0	[sei	sei	_	_	_	_	_	linguistic	_	none	_	Begin=1813.368	_	_	_	0-3(208)
994-1	BOR021	994	994	1	sta]to	stato	_	_	_	_	_	linguistic	_	none	_	_	_	_	_	0-3(208)
994-2	BOR021	994	994	2	attento	attento	_	_	_	_	_	linguistic	_	none	_	_	_	_	_	_
994-3	BOR021	994	994	3	a	a	_	_	_	_	_	linguistic	_	none	_	_	_	_	_	_
994-4	BOR021	994	994	4	recuperarl[o]	recuperarlo	_	_	_	_	_	linguistic	_	none	_	End=1814.674	_	_	_	10-11(209)
995-0	BOI071	995	995	0	[es][a:tto]	esatto	_	_	_	_	_	linguistic	_	none	_	Begin=1814.546|End=1815.215	2x1	_	_	0-2(209),2-6(210)
996-0	BOI070	996	996	0	[(ecco)	ecco	_	_	_	_	_	linguistic	_	none	_	Begin=1814.859	_	_	0-4(0)	0-4(210)
996-1	BOI070	996	996	1	poi]	poi	_	_	_	_	_	linguistic	_	none	_	_	_	_	_	0-3(210)
996-2	BOI070	996	996	2	chiaramente	chiaramente	_	_	_	_	_	linguistic	_	none	_	_	_	_	_	_
996-3	BOI070	996	996	3	è	è	_	_	_	_	_	linguistic	_	none	_	_	_	_	_	_
996-4	BOI070	996	996	4	successo	successo	_	_	_	_	_	linguistic	_	none	_	_	_	_	_	_
996-5	BOI070	996	996	5	che	che	_	_	_	_	_	linguistic	_	none	_	_	_	_	_	_
996-6	BOI070	996	996	6	poi	poi	_	_	_	_	_	linguistic	_	none	_	_	_	_	_	_
996-7	BOI070	996	996	7	si	si	_	_	_	_	_	linguistic	_	none	_	_	_	_	_	_
996-8	BOI070	996	996	8	s:~	s~	_	_	_	_	_	linguistic	_	none	Interrupted=Yes	_	0x1	_	_	_
996-9	BOI070	996	996	9	si	si	_	_	_	_	_	linguistic	_	none	_	_	_	_	_	_
996-10	BOI070	996	996	10	sono	sono	_	_	_	_	_	linguistic	_	none	_	_	_	_	_	_
996-11	BOI070	996	996	11	ridati	ridati	_	_	_	_	_	linguistic	_	none	_	_	_	_	_	_
996-12	BOI070	996	996	12	sto	sto	_	_	_	_	_	linguistic	_	none	_	_	_	_	_	_
996-13	BOI070	996	996	13	telefono	telefono	_	_	_	_	_	linguistic	_	none	_	_	_	_	_	_
996-14	BOI070	996	996	14	e	e	_	_	_	_	_	linguistic	_	none	_	_	_	_	_	_
996-15	BOI070	996	996	15	basta	basta	_	_	_	_	_	linguistic	_	none	_	_	_	_	_	_
996-16	BOI070	996	996	16	è	è	_	_	_	_	_	linguistic	_	none	_	_	_	_	_	_
996-17	BOI070	996	996	17	finita	finita	_	_	_	_	_	linguistic	_	none	_	_	_	_	_	_
996-18	BOI070	996	996	18	lì	lì	_	_	_	_	_	linguistic	_	none	_	End=1818.768	_	_	_	_
997-0	BOI070	997	997	0	semplicemente	semplicemente	_	_	_	_	_	linguistic	_	none	_	Begin=1819.258	_	_	_	_
997-1	BOI070	997	997	1	che	che	_	_	_	_	_	linguistic	_	none	_	End=1820.258	_	_	_	_
998-0	BOI070	998	998	0	e:hm	ehm	_	_	_	_	_	linguistic	_	none	_	Begin=1820.638	0x1	_	_	_
998-1	BOI070	998	998	1	le	le	_	_	_	_	_	linguistic	_	none	_	_	_	_	_	_
998-2	BOI070	998	998	2	lauree	lauree	_	_	_	_	_	linguistic	_	none	_	_	_	_	_	_
998-3	BOI070	998	998	3	li	li	_	_	_	_	_	linguistic	_	none	_	_	_	_	_	_
998-4	BOI070	998	998	4	su	su	_	_	_	_	_	linguistic	_	none	_	End=1822.59	_	_	_	_
999-0	BOI070	999	999	0	secondo	secondo	_	_	_	_	_	linguistic	_	none	_	Begin=1822.874	_	_	_	_
999-1	BOI070	999	999	1	me	me	_	_	_	_	_	linguistic	_	none	_	_	_	_	_	_
999-2	BOI070	999	999	2	son	son	_	_	_	_	_	linguistic	_	none	PauseAfter=Yes	_	_	_	_	_
999-3	BOI070	999	999	3	(.)	(.)	_	_	_	_	_	shortpause	_	none	_	_	_	_	_	_
999-4	BOI070	999	999	4	<belle>	belle	_	_	_	_	_	linguistic	_	none	_	End=1823.975	_	Slow=0-5(0)	_	_
1000-0	BOI070	1000	1000	0	ma	ma	_	_	_	_	_	linguistic	_	none	_	Begin=1824.421	_	_	_	_
1000-1	BOI070	1000	1000	1	anche	anche	_	_	_	_	_	linguistic	_	none	_	_	_	_	_	_
1000-2	BOI070	1000	1000	2	distruttive	distruttive	_	_	_	_	_	linguistic	_	none	PauseAfter=Yes	_	_	_	_	_
1000-3	BOI070	1000	1000	3	(.)	(.)	_	_	_	_	_	shortpause	_	none	_	_	_	_	_	_
1000-4	BOI070	1000	1000	4	in	in	_	_	_	_	_	linguistic	_	none	_	_	_	_	_	_
1000-5	BOI070	1000	1000	5	sé	sé	_	_	_	_	_	linguistic	_	none	_	_	_	_	_	_
1000-6	BOI070	1000	1000	6	una	una	_	_	_	_	_	linguistic	_	none	_	_	_	_	_	_
1000-7	BOI070	1000	1000	7	laurea	laurea	_	_	_	_	_	linguistic	_	none	_	_	_	_	_	_
1000-8	BOI070	1000	1000	8	in	in	_	_	_	_	_	linguistic	_	none	_	_	_	_	_	_
1000-9	BOI070	1000	1000	9	sé	sé	_	_	_	_	_	linguistic	_	none	_	_	_	_	_	_
1000-10	BOI070	1000	1000	10	è	è	_	_	_	_	_	linguistic	_	none	PauseAfter=Yes	_	_	_	_	_
1000-11	BOI070	1000	1000	11	(.)	(.)	_	_	_	_	_	shortpause	_	none	_	_	_	_	_	_
1000-12	BOI070	1000	1000	12	è	è	_	_	_	_	_	linguistic	_	none	_	_	_	_	_	_
1000-13	BOI070	1000	1000	13	distruttiva	distruttiva	_	_	_	_	_	linguistic	_	none	_	_	_	_	_	_
1000-14	BOI070	1000	1000	14	ecco	ecco	_	_	_	_	_	linguistic	_	none	_	End=1827.969	_	_	_	_
1001-0	BOI070	1001	1001	0	quando	quando	_	_	_	_	_	linguistic	_	none	_	Begin=1828.594	_	_	_	_
1001-1	BOI070	1001	1001	1	ti	ti	_	_	_	_	_	linguistic	_	none	_	_	_	_	_	_
1001-2	BOI070	1001	1001	2	fai:	fai	_	_	_	_	_	linguistic	_	none	_	_	2x1	_	_	_
1001-3	BOI070	1001	1001	3	la	la	_	_	_	_	_	linguistic	_	none	_	_	_	_	_	_
1001-4	BOI070	1001	1001	4	serata	serata	_	_	_	_	_	linguistic	_	none	_	End=1830.344	_	_	_	_
1002-0	BOI070	1002	1002	0	di	di	_	_	_	_	_	linguistic	_	none	_	Begin=1830.707	_	_	_	_
1002-1	BOI070	1002	1002	1	laurea	laurea	_	_	_	_	_	linguistic	_	none	_	_	_	_	_	_
1002-2	BOI070	1002	1002	2	appunto	appunto	_	_	_	_	_	linguistic	_	none	_	_	_	_	_	_
1002-3	BOI070	1002	1002	3	non	non	_	_	_	_	_	linguistic	_	none	_	_	_	_	_	_
1002-4	BOI070	1002	1002	4	mh	mh	_	_	_	_	_	linguistic	_	none	_	_	_	_	_	_
1002-5	BOI070	1002	1002	5	[la	la	_	_	_	_	_	linguistic	_	none	_	_	_	_	_	0-2(211)
1002-6	BOI070	1002	1002	6	laurea]	laurea	_	_	_	_	_	linguistic	_	none	_	_	_	_	_	0-6(211)
1002-7	BOI070	1002	1002	7	in	in	_	_	_	_	_	linguistic	_	none	_	_	_	_	_	_
1002-8	BOI070	1002	1002	8	sé	sé	_	_	_	_	_	linguistic	_	none	_	_	_	_	_	_
1002-9	BOI070	1002	1002	9	°>c(io)è	cioè	_	_	_	_	_	linguistic	_	none	Reduced=Yes|Volume=low	_	_	Fast=0-4(0)	_	_
1002-10	BOI070	1002	1002	10	nel	nel	_	_	_	_	_	linguistic	_	none	Volume=low	_	_	Fast=0-3(0)	_	_
1002-11	BOI070	1002	1002	11	se~	se~	_	_	_	_	_	linguistic	_	none	Interrupted=Yes|Volume=low	_	_	Fast=0-3(0)	_	_
1002-12	BOI070	1002	1002	12	ovvio<°	ovvio	_	_	_	_	_	linguistic	_	none	Volume=low	_	_	Fast=0-5(0)	_	_
1002-13	BOI070	1002	1002	13	se	se	_	_	_	_	_	linguistic	_	none	_	_	_	_	_	_
1002-14	BOI070	1002	1002	14	è	è	_	_	_	_	_	linguistic	_	none	_	End=1833.302	_	_	_	_
1003-0	BOR021	1003	1003	0	[certo]	certo	_	_	_	_	_	linguistic	_	none	_	Begin=1831.737|End=1832.141	_	_	_	0-5(211)
1004-0	BOI070	1004	1004	0	immagino	immagino	_	_	_	_	_	linguistic	_	none	_	Begin=1833.35	_	_	_	_
1004-1	BOI070	1004	1004	1	(l'	l'	_	_	_	_	_	linguistic	_	none	SpaceAfter=No	_	_	_	0-2(0)	_
1004-2	BOI070	1004	1004	2	immagine)	immagine	_	_	_	_	_	linguistic	_	none	_	_	_	_	0-8(0)	_
1004-3	BOI070	1004	1004	3	eh	eh	_	_	_	_	_	linguistic	_	none	_	_	_	_	_	_
1004-4	BOI070	1004	1004	4	xx	xx	_	_	_	_	_	unknown	_	none	Syllables=2	_	_	_	_	_
1004-5	BOI070	1004	1004	5	l'	l'	_	_	_	_	_	linguistic	_	none	SpaceAfter=No	_	_	_	_	_
1004-6	BOI070	1004	1004	6	agitazione	agitazione	_	_	_	_	_	linguistic	_	none	_	_	_	_	_	9-10(212)
1004-7	BOI070	1004	1004	7	[che	che	_	_	_	_	_	linguistic	_	none	_	_	_	_	_	0-3(212)
1004-8	BOI070	1004	1004	8	tu	tu	_	_	_	_	_	linguistic	_	none	_	_	_	_	_	0-2(212)
1004-9	BOI070	1004	1004	9	PRO:VI	provi	_	_	_	_	_	linguistic	_	none	Volume=high	_	2x1	_	_	0-5(212)
1004-10	BOI070	1004	1004	10	PER	per	_	_	_	_	_	linguistic	_	none	Volume=high	_	_	_	_	0-3(212)
1004-11	BOI070	1004	1004	11	FARE	fare	_	_	_	_	_	linguistic	_	none	Volume=high	_	_	_	_	0-4(212)
1004-12	BOI070	1004	1004	12	QUES~	ques~	_	_	_	_	_	linguistic	_	none	Interrupted=Yes|PauseAfter=Yes|Volume=high	_	_	_	_	0-5(212)
1004-13	BOI070	1004	1004	13	(.)	(.)	_	_	_	_	_	shortpause	_	none	_	_	_	_	_	_
1004-14	BOI070	1004	1004	14	esatto]	esatto	_	_	_	_	_	linguistic	_	none	_	End=1837.094	_	_	_	0-5(212)
1005-0	BOR021	1005	1005	0	[anche	anche	_	_	_	_	_	linguistic	_	none	_	Begin=1834.957	_	_	_	0-5(212)
1005-1	BOR021	1005	1005	1	la	la	_	_	_	_	_	linguistic	_	none	_	_	_	_	_	0-2(212)
1005-2	BOR021	1005	1005	2	laurea	laurea	_	_	_	_	_	linguistic	_	none	_	_	_	_	_	0-6(212)
1005-3	BOR021	1005	1005	3	in	in	_	_	_	_	_	linguistic	_	none	_	_	_	_	_	0-2(212)
1005-4	BOR021	1005	1005	4	sé	sé	_	_	_	_	_	linguistic	_	none	_	_	_	_	_	0-2(212)
1005-5	BOR021	1005	1005	5	è	è	_	_	_	_	_	linguistic	_	none	_	_	_	_	_	0-1(212)
1005-6	BOR021	1005	1005	6	distruttiva	distruttiva	_	_	_	_	_	linguistic	_	none	PauseAfter=Yes	_	_	_	_	0-11(212)
1005-7	BOR021	1005	1005	7	(.)	(.)	_	_	_	_	_	shortpause	_	none	_	_	_	_	_	_
1005-8	BOR021	1005	1005	8	sicuramen]te	sicuramente	_	_	_	_	_	linguistic	_	none	_	_	_	_	_	0-9(212)
1005-9	BOR021	1005	1005	9	((ride))	((ride))	_	_	_	_	_	nonverbalbehavior	_	none	_	End=1837.582	_	_	_	_
1006-0	BOI071	1006	1006	0	((ride))	((ride))	_	_	_	_	_	nonverbalbehavior	_	none	_	Begin=1837.13|End=1837.808	_	_	_	_
1007-0	BOI070	1007	1007	0	che	che	_	_	_	_	_	linguistic	_	none	_	Begin=1837.612	_	_	_	_
1007-1	BOI070	1007	1007	1	tu	tu	_	_	_	_	_	linguistic	_	none	_	_	_	_	_	_
1007-2	BOI070	1007	1007	2	provi	provi	_	_	_	_	_	linguistic	_	none	_	_	_	_	_	_
1007-3	BOI070	1007	1007	3	per	per	_	_	_	_	_	linguistic	_	none	_	_	_	_	_	_
1007-4	BOI070	1007	1007	4	fare	fare	_	_	_	_	_	linguistic	_	none	_	_	_	_	_	_
1007-5	BOI070	1007	1007	5	l'	l'	_	_	_	_	_	linguistic	_	none	SpaceAfter=No	_	_	_	_	_
1007-6	BOI070	1007	1007	6	esame	esame	_	_	_	_	_	linguistic	_	none	_	End=1838.963	_	_	_	_
1008-0	BOI070	1008	1008	0	però	però	_	_	_	_	_	linguistic	_	none	_	Begin=1839.022	_	_	_	_
1008-1	BOI070	1008	1008	1	dopo	dopo	_	_	_	_	_	linguistic	_	none	_	_	_	_	_	_
1008-2	BOI070	1008	1008	2	hai	hai	_	_	_	_	_	linguistic	_	none	_	_	_	_	_	_
1008-3	BOI070	1008	1008	3	un'	un'	_	_	_	_	_	linguistic	_	none	SpaceAfter=No	_	_	_	_	_
1008-4	BOI070	1008	1008	4	agitazione	agitazione	_	_	_	_	_	linguistic	_	none	_	_	_	_	_	_
1008-5	BOI070	1008	1008	5	più:	più	_	_	_	_	_	linguistic	_	none	_	_	2x1	_	_	_
1008-6	BOI070	1008	1008	6	euforica	euforica	_	_	_	_	_	linguistic	_	none	_	_	_	_	_	_
1008-7	BOI070	1008	1008	7	più	più	_	_	_	_	_	linguistic	_	none	_	_	_	_	_	_
1008-8	BOI070	1008	1008	8	fiera	fiera	_	_	_	_	_	linguistic	_	none	_	_	_	_	_	_
1008-9	BOI070	1008	1008	9	più	più	_	_	_	_	_	linguistic	_	none	_	End=1842.415	_	_	_	_
1009-0	BOI070	1009	1009	0	più:	più	_	_	_	_	_	linguistic	_	none	_	Begin=1842.957	2x1	_	_	_
1009-1	BOI070	1009	1009	1	più	più	_	_	_	_	_	linguistic	_	none	_	_	_	_	_	_
1009-2	BOI070	1009	1009	2	sciolto	sciolto	_	_	_	_	_	linguistic	_	none	_	_	_	_	_	_
1009-3	BOI070	1009	1009	3	più	più	_	_	_	_	_	linguistic	_	none	_	_	_	_	_	_
1009-4	BOI070	1009	1009	4	(rilassante)	rilassante	_	_	_	_	_	linguistic	_	none	_	_	_	_	0-10(0)	_
1009-5	BOI070	1009	1009	5	x[xx	xxx	_	_	_	_	_	unknown	_	none	Syllables=3	_	_	_	_	1-3(213)
1009-6	BOI070	1009	1009	6	comunque]	comunque	_	_	_	_	_	linguistic	_	none	_	_	_	_	_	0-8(213)
1009-7	BOI070	1009	1009	7	l'	l'	_	_	_	_	_	linguistic	_	none	SpaceAfter=No	_	_	_	_	_
1009-8	BOI070	1009	1009	8	hai	hai	_	_	_	_	_	linguistic	_	none	_	_	_	_	_	_
1009-9	BOI070	1009	1009	9	già	già	_	_	_	_	_	linguistic	_	none	_	_	_	_	_	_
1009-10	BOI070	1009	1009	10	passato	passato	_	_	_	_	_	linguistic	_	none	_	_	_	_	_	_
1009-11	BOI070	1009	1009	11	sei	sei	_	_	_	_	_	linguistic	_	none	_	_	_	_	_	_
1009-12	BOI070	1009	1009	12	già	già	_	_	_	_	_	linguistic	_	none	_	_	_	_	_	_
1009-13	BOI070	1009	1009	13	laureato	laureato	_	_	_	_	_	linguistic	_	none	_	_	_	_	_	_
1009-14	BOI070	1009	1009	14	sei	sei	_	_	_	_	_	linguistic	_	none	_	_	_	_	_	_
1009-15	BOI070	1009	1009	15	a	a	_	_	_	_	_	linguistic	_	none	_	_	_	_	_	_
1009-16	BOI070	1009	1009	16	posto	posto	_	_	_	_	_	linguistic	_	none	_	_	_	_	_	_
1009-17	BOI070	1009	1009	17	no?	no	_	_	_	_	_	linguistic	_	none	Intonation=Rising	End=1847.468	_	_	_	_
1010-0	BOR021	1010	1010	0	[certo]	certo	_	_	_	_	_	linguistic	_	none	_	Begin=1844.692|End=1845.181	_	_	_	0-5(213)
1011-0	BOI070	1011	1011	0	devi	devi	_	_	_	_	_	linguistic	_	none	_	Begin=1847.897	_	_	_	_
1011-1	BOI070	1011	1011	1	iniziare	iniziare	_	_	_	_	_	linguistic	_	none	_	_	_	_	_	_
1011-2	BOI070	1011	1011	2	un	un	_	_	_	_	_	linguistic	_	none	_	_	_	_	_	_
1011-3	BOI070	1011	1011	3	nuovo	nuovo	_	_	_	_	_	linguistic	_	none	_	_	_	_	_	_
1011-4	BOI070	1011	1011	4	percorso	percorso	_	_	_	_	_	linguistic	_	none	_	_	_	_	_	_
1011-5	BOI070	1011	1011	5	in:	in	_	_	_	_	_	linguistic	_	none	_	_	1x1	_	_	_
1011-6	BOI070	1011	1011	6	un	un	_	_	_	_	_	linguistic	_	none	_	_	_	_	_	_
1011-7	BOI070	1011	1011	7	certo	certo	_	_	_	_	_	linguistic	_	none	_	_	_	_	_	_
1011-8	BOI070	1011	1011	8	senso	senso	_	_	_	_	_	linguistic	_	none	_	End=1849.87	_	_	_	_
1012-0	BOI070	1012	1012	0	quella	quella	_	_	_	_	_	linguistic	_	none	_	Begin=1849.958	_	_	_	_
1012-1	BOI070	1012	1012	1	sera	sera	_	_	_	_	_	linguistic	_	none	_	_	_	_	_	_
1012-2	BOI070	1012	1012	2	è	è	_	_	_	_	_	linguistic	_	none	_	_	_	_	_	_
1012-3	BOI070	1012	1012	3	stat(a)	stata	_	_	_	_	_	linguistic	_	none	_	_	_	_	4-5(0)	_
1012-4	BOI070	1012	1012	4	un	un	_	_	_	_	_	linguistic	_	none	_	_	_	_	_	_
1012-5	BOI070	1012	1012	5	po'	po'	_	_	_	_	_	linguistic	_	none	_	_	_	_	_	_
1012-6	BOI070	1012	1012	6	così	così	_	_	_	_	_	linguistic	_	none	_	End=1851.127	_	_	_	_
1013-0	BOI070	1013	1013	0	(o)kay,	okay	_	_	_	_	_	linguistic	_	none	Intonation=WeaklyRising|PauseAfter=Yes	Begin=1851.654	_	_	0-1(0)	_
1013-1	BOI070	1013	1013	1	(.)	(.)	_	_	_	_	_	shortpause	_	none	_	_	_	_	_	_
1013-2	BOI070	1013	1013	2	s~	s~	_	_	_	_	_	linguistic	_	none	Interrupted=Yes	_	_	_	_	_
1013-3	BOI070	1013	1013	3	si	si	_	_	_	_	_	linguistic	_	none	_	_	_	_	_	_
1013-4	BOI070	1013	1013	4	ha	ha	_	_	_	_	_	linguistic	_	none	_	_	_	_	_	_
1013-5	BOI070	1013	1013	5	bevuti	bevuti	_	_	_	_	_	linguistic	_	none	_	_	_	_	_	_
1013-6	BOI070	1013	1013	6	si	si	_	_	_	_	_	linguistic	_	none	_	_	_	_	_	_
1013-7	BOI070	1013	1013	7	è	è	_	_	_	_	_	linguistic	_	none	_	_	_	_	_	_
1013-8	BOI070	1013	1013	8	andat(o)	andato	_	_	_	_	_	linguistic	_	none	_	_	_	_	5-6(1)	_
1013-9	BOI070	1013	1013	9	[verso	verso	_	_	_	_	_	linguistic	_	none	_	_	_	_	_	0-5(214)
1013-10	BOI070	1013	1013	10	la	la	_	_	_	_	_	linguistic	_	none	_	_	_	_	_	0-2(214)
1013-11	BOI070	1013	1013	11	distruzione]	distruzione	_	_	_	_	_	linguistic	_	none	_	End=1854.316	_	_	_	0-11(214)
1014-0	BOI071	1014	1014	0	[(vabbè)	vabbè	_	_	_	_	_	linguistic	_	none	_	Begin=1853.309	_	_	0-5(0)	0-5(?)
1014-1	BOI071	1014	1014	1	ma	ma	_	_	_	_	_	linguistic	_	none	_	_	_	_	_	0-2(?)
1014-2	BOI071	1014	1014	2	non	non	_	_	_	_	_	linguistic	_	none	_	_	_	_	_	0-3(?)
1014-3	BOI071	1014	1014	3	ero	ero	_	_	_	_	_	linguistic	_	none	_	_	_	_	_	0-3(?)
1014-4	BOI071	1014	1014	4	io	io	_	_	_	_	_	linguistic	_	none	_	_	_	_	_	0-2(?)
1014-5	BOI071	1014	1014	5	quello]	quello	_	_	_	_	_	linguistic	_	none	_	_	_	_	_	0-6(?)
1014-6	BOI071	1014	1014	6	laureato,	laureato	_	_	_	_	_	linguistic	_	none	Intonation=WeaklyRising	_	_	_	_	_
1014-7	BOI071	1014	1014	7	((scoppia_a_ridere))	((scoppia_a_ridere))	_	_	_	_	_	nonverbalbehavior	_	none	_	End=1856.701	_	_	_	_
1015-0	BOR021	1015	1015	0	((ride))	((ride))	_	_	_	_	_	nonverbalbehavior	_	none	_	Begin=1854.749|End=1855.37	_	_	_	_
1016-0	BOI070	1016	1016	0	non	non	_	_	_	_	_	linguistic	_	none	_	Begin=1855.586	_	_	_	_
1016-1	BOI070	1016	1016	1	era	era	_	_	_	_	_	linguistic	_	none	_	_	_	_	_	_
1016-2	BOI070	1016	1016	2	lui	lui	_	_	_	_	_	linguistic	_	none	_	_	_	_	_	_
1016-3	BOI070	1016	1016	3	quello	quello	_	_	_	_	_	linguistic	_	none	_	_	_	_	_	_
1016-4	BOI070	1016	1016	4	laureato	laureato	_	_	_	_	_	linguistic	_	none	_	_	_	_	_	_
1016-5	BOI070	1016	1016	5	e	e	_	_	_	_	_	linguistic	_	none	_	_	_	_	_	_
1016-6	BOI070	1016	1016	6	ha	ha	_	_	_	_	_	linguistic	_	none	_	_	_	_	_	_
1016-7	BOI070	1016	1016	7	bevu[to	bevuto	_	_	_	_	_	linguistic	_	none	_	_	_	_	_	4-6(216)
1016-8	BOI070	1016	1016	8	(come	come	_	_	_	_	_	linguistic	_	none	_	_	_	_	0-4(0)	0-4(216)
1016-9	BOI070	1016	1016	9	il	il	_	_	_	_	_	linguistic	_	none	_	_	_	_	0-2(0)	0-2(216)
1016-10	BOI070	1016	1016	10	laureato)]	laureato	_	_	_	_	_	linguistic	_	none	_	End=1857.965	_	_	0-8(0)	0-8(216)
1017-0	BOR021	1017	1017	0	[lui	lui	_	_	_	_	_	linguistic	_	none	_	Begin=1857.161	_	_	_	0-3(216)
1017-1	BOR021	1017	1017	1	ha	ha	_	_	_	_	_	linguistic	_	none	_	_	_	_	_	0-2(216)
1017-2	BOR021	1017	1017	2	seguito	seguito	_	_	_	_	_	linguistic	_	none	_	_	_	_	_	0-7(216)
1017-3	BOR021	1017	1017	3	il	il	_	_	_	_	_	linguistic	_	none	_	_	_	_	_	0-2(216)
1017-4	BOR021	1017	1017	4	f]luss[o]	flusso	_	_	_	_	_	linguistic	_	none	_	End=1858.492	_	_	_	0-1(216),5-6(217)
1018-0	BOI071	1018	1018	0	[e]satt[o]	esatto	_	_	_	_	_	linguistic	_	none	_	Begin=1858.33|End=1858.999	_	_	_	0-1(217),5-6(218)
1019-0	BOR021	1019	1019	0	[s]i	si	_	_	_	_	_	linguistic	_	none	_	Begin=1858.985	_	_	_	0-1(218)
1019-1	BOR021	1019	1019	1	è	è	_	_	_	_	_	linguistic	_	none	_	_	_	_	_	_
1019-2	BOR021	1019	1019	2	liberato	liberato	_	_	_	_	_	linguistic	_	none	_	End=1859.796	_	_	_	_
1020-0	BOI070	1020	1020	0	esatto	esatto	_	_	_	_	_	linguistic	_	none	_	Begin=1859.83	_	_	_	_
1020-1	BOI070	1020	1020	1	no	no	_	_	_	_	_	linguistic	_	none	_	_	_	_	_	_
1020-2	BOI070	1020	1020	2	>vabbè<	vabbè	_	_	_	_	_	linguistic	_	none	_	_	_	Fast=0-5(0)	_	_
1020-3	BOI070	1020	1020	3	sai	sai	_	_	_	_	_	linguistic	_	none	_	End=1861.08	_	_	_	_
1021-0	BOI070	1021	1021	0	è	è	_	_	_	_	_	linguistic	_	none	_	Begin=1861.433	_	_	_	_
1021-1	BOI070	1021	1021	1	bello	bello	_	_	_	_	_	linguistic	_	none	_	_	_	_	_	_
1021-2	BOI070	1021	1021	2	comunque	comunque	_	_	_	_	_	linguistic	_	none	_	_	_	_	_	_
1021-3	BOI070	1021	1021	3	poter	poter	_	_	_	_	_	linguistic	_	none	_	_	_	_	_	_
1021-4	BOI070	1021	1021	4	festeggiare:	festeggiare	_	_	_	_	_	linguistic	_	none	_	_	10x1	_	_	_
1021-5	BOI070	1021	1021	5	nel	nel	_	_	_	_	_	linguistic	_	none	_	_	_	_	_	_
1021-6	BOI070	1021	1021	6	senso	senso	_	_	_	_	_	linguistic	_	none	_	_	_	_	_	_
1021-7	BOI070	1021	1021	7	tutti	tutti	_	_	_	_	_	linguistic	_	none	_	_	_	_	_	_
1021-8	BOI070	1021	1021	8	insieme:	insieme	_	_	_	_	_	linguistic	_	none	_	_	6x1	_	_	_
1021-9	BOI070	1021	1021	9	a	a	_	_	_	_	_	linguistic	_	none	_	_	_	_	_	_
1021-10	BOI070	1021	1021	10	una	una	_	_	_	_	_	linguistic	_	none	_	_	_	_	_	_
1021-11	BOI070	1021	1021	11	laurea	laurea	_	_	_	_	_	linguistic	_	none	_	End=1865.072	_	_	_	_
1022-0	BOI070	1022	1022	0	anche	anche	_	_	_	_	_	linguistic	_	none	_	Begin=1865.118	_	_	_	_
1022-1	BOI070	1022	1022	1	se	se	_	_	_	_	_	linguistic	_	none	_	_	_	_	_	_
1022-2	BOI070	1022	1022	2	lui	lui	_	_	_	_	_	linguistic	_	none	_	_	_	_	_	_
1022-3	BOI070	1022	1022	3	>al	al	_	_	_	_	_	linguistic	_	none	_	_	_	Fast=0-2(0)	_	_
1022-4	BOI070	1022	1022	4	momento	momento	_	_	_	_	_	linguistic	_	none	_	_	_	Fast=0-7(0)	_	_
1022-5	BOI070	1022	1022	5	non	non	_	_	_	_	_	linguistic	_	none	_	_	_	Fast=0-3(0)	_	_
1022-6	BOI070	1022	1022	6	fa	fa	_	_	_	_	_	linguistic	_	none	_	_	_	Fast=0-2(0)	_	_
1022-7	BOI070	1022	1022	7	l'	l'	_	_	_	_	_	linguistic	_	none	SpaceAfter=No	_	_	Fast=0-2(0)	_	_
1022-8	BOI070	1022	1022	8	università<	università	_	_	_	_	_	linguistic	_	none	_	_	_	Fast=0-10(0)	_	_
1022-9	BOI070	1022	1022	9	manco	manco	_	_	_	_	_	linguistic	_	none	_	_	_	_	_	_
1022-10	BOI070	1022	1022	10	io	io	_	_	_	_	_	linguistic	_	none	_	_	_	_	_	_
1022-11	BOI070	1022	1022	11	però	però	_	_	_	_	_	linguistic	_	none	_	_	_	_	_	_
1022-12	BOI070	1022	1022	12	comunque	comunque	_	_	_	_	_	linguistic	_	none	_	_	_	_	_	_
1022-13	BOI070	1022	1022	13	vi	vi	_	_	_	_	_	linguistic	_	none	_	End=1868.026	_	_	_	_
1023-0	BOI070	1023	1023	0	fare	fare	_	_	_	_	_	linguistic	_	none	_	Begin=1868.22	_	_	_	_
1023-1	BOI070	1023	1023	1	parte	parte	_	_	_	_	_	linguistic	_	none	_	_	_	_	_	_
1023-2	BOI070	1023	1023	2	di:	di	_	_	_	_	_	linguistic	_	none	_	End=1869.146	1x1	_	_	_
1024-0	BOR021	1024	1024	0	certo	certo	_	_	_	_	_	linguistic	_	none	PauseAfter=Yes	Begin=1869.137	_	_	_	_
1024-1	BOR021	1024	1024	1	(.)	(.)	_	_	_	_	_	shortpause	_	none	_	_	_	_	_	_
1024-2	BOR021	1024	1024	2	di	di	_	_	_	_	_	linguistic	_	none	_	_	_	_	_	_
1024-3	BOR021	1024	1024	3	[quel	quel	_	_	_	_	_	linguistic	_	none	_	_	_	_	_	0-4(0)
1024-4	BOR021	1024	1024	4	mondo	mondo	_	_	_	_	_	linguistic	_	none	_	_	_	_	_	0-5(0)
1024-5	BOR021	1024	1024	5	eh]	eh	_	_	_	_	_	linguistic	_	none	_	End=1870.405	_	_	_	0-2(0)
1025-0	BOI070	1025	1025	0	[del	del	_	_	_	_	_	linguistic	_	none	_	Begin=1869.683	_	_	_	0-3(0)
1025-1	BOI070	1025	1025	1	success]o	successo	_	_	_	_	_	linguistic	_	none	_	_	_	_	_	0-7(0)
1025-2	BOI070	1025	1025	2	di	di	_	_	_	_	_	linguistic	_	none	_	_	_	_	_	_
1025-3	BOI070	1025	1025	3	una	una	_	_	_	_	_	linguistic	_	none	_	_	_	_	_	_
1025-4	BOI070	1025	1025	4	per[sona]	persona	_	_	_	_	_	linguistic	_	none	_	End=1871.331	_	_	_	3-7(2)
1026-0	BOR021	1026	1026	0	[certo]	certo	_	_	_	_	_	linguistic	_	none	_	Begin=1870.961|End=1871.328	_	_	_	0-5(2)
1027-0	BOI070	1027	1027	0	è	è	_	_	_	_	_	linguistic	_	none	_	Begin=1871.702	_	_	_	_
1027-1	BOI070	1027	1027	1	bello	bello	_	_	_	_	_	linguistic	_	none	_	_	_	_	_	_
1027-2	BOI070	1027	1027	2	no?	no	_	_	_	_	_	linguistic	_	none	Intonation=Rising	End=1872.22	_	_	_	_
1028-0	BOR021	1028	1028	0	[(eh	eh	_	_	_	_	_	linguistic	_	none	_	Begin=1872.72	_	_	0-2(0)	0-2(3)
1028-1	BOR021	1028	1028	1	ovvio)]	ovvio	_	_	_	_	_	linguistic	_	none	_	End=1873.211	_	_	0-5(0)	0-5(3)
1029-0	BOI070	1029	1029	0	[quindi:]::	quindi	_	_	_	_	_	linguistic	_	none	_	Begin=1872.72|End=1873.776	5x3	_	_	0-6(3)
1030-0	BOI070	1030	1030	0	diciamo	diciamo	_	_	_	_	_	linguistic	_	none	_	Begin=1874.415	_	_	_	_
1030-1	BOI070	1030	1030	1	che::	che	_	_	_	_	_	linguistic	_	none	_	_	2x2	_	_	_
1030-2	BOI070	1030	1030	2	abbiam	abbiam	_	_	_	_	_	linguistic	_	none	_	_	_	_	_	_
1030-3	BOI070	1030	1030	3	bevuto	bevuto	_	_	_	_	_	linguistic	_	none	PauseAfter=Yes	_	_	_	_	_
1030-4	BOI070	1030	1030	4	(.)	(.)	_	_	_	_	_	shortpause	_	none	_	_	_	_	_	_
1030-5	BOI070	1030	1030	5	tutti::	tutti	_	_	_	_	_	linguistic	_	none	_	_	4x2	_	_	_
1030-6	BOI070	1030	1030	6	no?	no	_	_	_	_	_	linguistic	_	none	Intonation=Rising	End=1877.192	_	_	_	_
1031-0	BOI070	1031	1031	0	tipico	tipico	_	_	_	_	_	linguistic	_	none	_	Begin=1877.729	_	_	_	_
1031-1	BOI070	1031	1031	1	da	da	_	_	_	_	_	linguistic	_	none	_	_	_	_	_	_
1031-2	BOI070	1031	1031	2	universitari	universitari	_	_	_	_	_	linguistic	_	none	_	_	_	_	_	_
1031-3	BOI070	1031	1031	3	no?	no	_	_	_	_	_	linguistic	_	none	Intonation=Rising	End=1879.322	_	_	_	_
1032-0	BOI070	1032	1032	0	e::	e	_	_	_	_	_	linguistic	_	none	_	Begin=1880.054	0x2	_	_	_
1032-1	BOI070	1032	1032	1	infatti	infatti	_	_	_	_	_	linguistic	_	none	_	_	_	_	_	_
1032-2	BOI070	1032	1032	2	noi	noi	_	_	_	_	_	linguistic	_	none	PauseAfter=Yes	_	_	_	_	_
1032-3	BOI070	1032	1032	3	(.)	(.)	_	_	_	_	_	shortpause	_	none	_	_	_	_	_	_
1032-4	BOI070	1032	1032	4	noi	noi	_	_	_	_	_	linguistic	_	none	_	_	_	_	_	_
1032-5	BOI070	1032	1032	5	(i)	i	_	_	_	_	_	linguistic	_	none	_	_	_	_	0-1(0)	_
1032-6	BOI070	1032	1032	6	bolognesi	bolognesi	_	_	_	_	_	linguistic	_	none	_	_	_	_	_	_
1032-7	BOI070	1032	1032	7	li	li	_	_	_	_	_	linguistic	_	none	_	_	_	_	_	_
1032-8	BOI070	1032	1032	8	prendiamo	prendiamo	_	_	_	_	_	linguistic	_	none	_	_	_	_	_	_
1032-9	BOI070	1032	1032	9	proprio	proprio	_	_	_	_	_	linguistic	_	none	_	_	_	_	_	_
1032-10	BOI070	1032	1032	10	per	per	_	_	_	_	_	linguistic	_	none	_	_	_	_	_	_
1032-11	BOI070	1032	1032	11	il	il	_	_	_	_	_	linguistic	_	none	_	_	_	_	_	_
1032-12	BOI070	1032	1032	12	culo:	culo	_	_	_	_	_	linguistic	_	none	_	_	3x1	_	_	_
1032-13	BOI070	1032	1032	13	ogni	ogni	_	_	_	_	_	linguistic	_	none	_	_	_	_	_	_
1032-14	BOI070	1032	1032	14	tanto:	tanto	_	_	_	_	_	linguistic	_	none	_	End=1883.905	4x1	_	_	_
1033-0	BOR021	1033	1033	0	((ride))	((ride))	_	_	_	_	_	nonverbalbehavior	_	none	_	Begin=1880.239|End=1880.694	_	_	_	_
1034-0	BOR021	1034	1034	0	perch[é]?	perché	_	_	_	_	_	linguistic	_	none	Intonation=Rising	Begin=1884.202|End=1884.581	_	_	_	5-6(5)
1035-0	BOI070	1035	1035	0	[con	con	_	_	_	_	_	linguistic	_	none	_	Begin=1884.424	_	_	_	0-3(5)
1035-1	BOI070	1035	1035	1	lo]	lo	_	_	_	_	_	linguistic	_	none	_	_	_	_	_	0-2(5)
1035-2	BOI070	1035	1035	2	stile	stile	_	_	_	_	_	linguistic	_	none	_	_	_	_	_	_
1035-3	BOI070	1035	1035	3	universitario	universitario	_	_	_	_	_	linguistic	_	none	_	_	_	_	_	_
1035-4	BOI070	1035	1035	4	che	che	_	_	_	_	_	linguistic	_	none	_	_	_	_	_	_
1035-5	BOI070	1035	1035	5	fate	fate	_	_	_	_	_	linguistic	_	none	_	_	_	_	_	_
1035-6	BOI070	1035	1035	6	no,	no	_	_	_	_	_	linguistic	_	none	Intonation=WeaklyRising	_	_	_	_	_
1035-7	BOI070	1035	1035	7	stile	stile	_	_	_	_	_	linguistic	_	none	_	_	_	_	_	_
1035-8	BOI070	1035	1035	8	molto:	molto	_	_	_	_	_	linguistic	_	none	_	_	4x1	_	_	_
1035-9	BOI070	1035	1035	9	libertino	libertino	_	_	_	_	_	linguistic	_	none	_	_	_	_	_	_
1035-10	BOI070	1035	1035	10	molto:	molto	_	_	_	_	_	linguistic	_	none	_	End=1888.202	4x1	_	_	_
1036-0	BOI070	1036	1036	0	tipo	tipo	_	_	_	_	_	linguistic	_	none	_	Begin=1888.665	_	_	_	_
1036-1	BOI070	1036	1036	1	vabbè	vabbè	_	_	_	_	_	linguistic	_	none	_	_	_	_	_	_
1036-2	BOI070	1036	1036	2	(da)	da	_	_	_	_	_	linguistic	_	none	_	_	_	_	0-2(0)	_
1036-3	BOI070	1036	1036	3	fuori	fuori	_	_	_	_	_	linguistic	_	none	_	_	_	_	_	_
1036-4	BOI070	1036	1036	4	sede:	sede	_	_	_	_	_	linguistic	_	none	_	End=1890.239	3x1	_	_	_
1037-0	BOI070	1037	1037	0	è	è	_	_	_	_	_	linguistic	_	none	_	Begin=1890.85	_	_	_	_
1037-1	BOI070	1037	1037	1	una	una	_	_	_	_	_	linguistic	_	none	_	_	_	_	_	_
1037-2	BOI070	1037	1037	2	>cosa	cosa	_	_	_	_	_	linguistic	_	none	_	_	_	Fast=0-4(0)	_	_
1037-3	BOI070	1037	1037	3	molto	molto	_	_	_	_	_	linguistic	_	none	_	_	_	Fast=0-5(0)	_	_
1037-4	BOI070	1037	1037	4	diffusa<	diffusa	_	_	_	_	_	linguistic	_	none	_	_	_	Fast=0-7(0)	_	_
1037-5	BOI070	1037	1037	5	(fra)	fra	_	_	_	_	_	linguistic	_	none	_	_	_	_	0-3(0)	_
1037-6	BOI070	1037	1037	6	bolognesi	bolognesi	_	_	_	_	_	linguistic	_	none	_	_	_	_	_	_
1037-7	BOI070	1037	1037	7	[non]	non	_	_	_	_	_	linguistic	_	none	PauseAfter=Yes	_	_	_	_	0-3(8)
1037-8	BOI070	1037	1037	8	(.)	(.)	_	_	_	_	_	shortpause	_	none	_	_	_	_	_	_
1037-9	BOI070	1037	1037	9	NON	non	_	_	_	_	_	linguistic	_	none	Volume=high	_	_	_	_	_
1037-10	BOI070	1037	1037	10	ve	ve	_	_	_	_	_	linguistic	_	none	_	_	_	_	_	_
1037-11	BOI070	1037	1037	11	lo	lo	_	_	_	_	_	linguistic	_	none	_	_	_	_	_	_
1037-12	BOI070	1037	1037	12	ammetteranno	ammetteranno	_	_	_	_	_	linguistic	_	none	_	_	_	_	_	_
1037-13	BOI070	1037	1037	13	mai	mai	_	_	_	_	_	linguistic	_	none	PauseAfter=Yes	_	_	_	_	_
1037-14	BOI070	1037	1037	14	(.)	(.)	_	_	_	_	_	shortpause	_	none	_	_	_	_	_	_
1037-15	BOI070	1037	1037	15	però	però	_	_	_	_	_	linguistic	_	none	_	_	_	_	_	_
1037-16	BOI070	1037	1037	16	è	è	_	_	_	_	_	linguistic	_	none	_	_	_	_	_	_
1037-17	BOI070	1037	1037	17	proprio	proprio	_	_	_	_	_	linguistic	_	none	_	_	_	_	_	_
1037-18	BOI070	1037	1037	18	così	così	_	_	_	_	_	linguistic	_	none	_	End=1895.183	_	_	_	_
1038-0	BOR021	1038	1038	0	[cioè]?	cioè	_	_	_	_	_	linguistic	_	none	Intonation=Rising	Begin=1892.72|End=1893.077	_	_	_	0-4(8)
1039-0	BOI070	1039	1039	0	s[ì]	sì	_	_	_	_	_	linguistic	_	none	_	Begin=1895.748|End=1896.058	_	_	_	1-2(9)
1040-0	BOR021	1040	1040	0	[xxx]	xxx	_	_	_	_	_	unknown	_	none	Syllables=3	Begin=1895.831	_	_	_	0-3(9)
1040-1	BOR021	1040	1040	1	perché	perché	_	_	_	_	_	linguistic	_	none	_	_	_	_	_	_
1040-2	BOR021	1040	1040	2	facciamo:::	facciamo	_	_	_	_	_	linguistic	_	none	_	_	7x3	_	_	_
1040-3	BOR021	1040	1040	3	viviamo	viviamo	_	_	_	_	_	linguistic	_	none	_	_	_	_	_	_
1040-4	BOR021	1040	1040	4	uno	uno	_	_	_	_	_	linguistic	_	none	_	_	_	_	_	_
1040-5	BOR021	1040	1040	5	stile	stile	_	_	_	_	_	linguistic	_	none	_	_	_	_	_	_
1040-6	BOR021	1040	1040	6	di	di	_	_	_	_	_	linguistic	_	none	_	_	_	_	_	_
1040-7	BOR021	1040	1040	7	vita	vita	_	_	_	_	_	linguistic	_	none	_	_	_	_	_	_
1040-8	BOR021	1040	1040	8	particolare?	particolare	_	_	_	_	_	linguistic	_	none	Intonation=Rising	End=1899.22	_	_	_	_
1041-0	BOI070	1041	1041	0	eh	eh	_	_	_	_	_	linguistic	_	none	_	Begin=1899.489	_	_	_	_
1041-1	BOI070	1041	1041	1	[si	si	_	_	_	_	_	linguistic	_	none	_	_	_	_	_	0-2(10)
1041-2	BOI070	1041	1041	2	dai]	dai	_	_	_	_	_	linguistic	_	none	_	End=1900.026	_	_	_	0-3(10)
1042-0	BOR021	1042	1042	0	[da	da	_	_	_	_	_	linguistic	_	none	_	Begin=1899.581	_	_	_	0-2(10)
1042-1	BOR021	1042	1042	1	fuori	fuori	_	_	_	_	_	linguistic	_	none	_	_	_	_	_	0-5(10)
1042-2	BOR021	1042	1042	2	se]de,	sede	_	_	_	_	_	linguistic	_	none	Intonation=WeaklyRising	End=1900.183	_	_	_	0-2(10)
1043-0	BOI070	1043	1043	0	mh	mh	_	_	_	_	_	linguistic	_	none	_	Begin=1900.174	_	_	_	_
1043-1	BOI070	1043	1043	1	sì	sì	_	_	_	_	_	linguistic	_	none	_	_	_	_	_	_
1043-2	BOI070	1043	1043	2	nel	nel	_	_	_	_	_	linguistic	_	none	_	_	_	_	_	_
1043-3	BOI070	1043	1043	3	senso	senso	_	_	_	_	_	linguistic	_	none	_	_	_	_	_	_
1043-4	BOI070	1043	1043	4	(è	è	_	_	_	_	_	linguistic	_	none	_	_	_	_	0-1(0)	_
1043-5	BOI070	1043	1043	5	tu~)	tu~	_	_	_	_	_	linguistic	_	none	Interrupted=Yes	_	_	_	0-3(0)	_
1043-6	BOI070	1043	1043	6	molto	molto	_	_	_	_	_	linguistic	_	none	_	_	_	_	_	_
1043-7	BOI070	1043	1043	7	più:	più	_	_	_	_	_	linguistic	_	none	_	_	2x1	_	_	_
1043-8	BOI070	1043	1043	8	magari	magari	_	_	_	_	_	linguistic	_	none	_	_	_	_	_	_
1043-9	BOI070	1043	1043	9	no?	no	_	_	_	_	_	linguistic	_	none	Intonation=Rising	End=1902.6	_	_	_	_
1044-0	BOI070	1044	1044	0	libertini	libertini	_	_	_	_	_	linguistic	_	none	_	Begin=1902.785	_	_	_	_
1044-1	BOI070	1044	1044	1	c(io)è	cioè	_	_	_	_	_	linguistic	_	none	Reduced=Yes	End=1903.739	_	_	_	_
1045-0	BOI070	1045	1045	0	abbiamo:	abbiamo	_	_	_	_	_	linguistic	_	none	_	Begin=1903.989	6x1	_	_	_
1045-1	BOI070	1045	1045	1	s~	s~	_	_	_	_	_	linguistic	_	none	Interrupted=Yes	_	_	_	_	_
1045-2	BOI070	1045	1045	2	noi	noi	_	_	_	_	_	linguistic	_	none	_	_	_	_	_	_
1045-3	BOI070	1045	1045	3	bolognesi	bolognesi	_	_	_	_	_	linguistic	_	none	_	_	_	_	_	_
1045-4	BOI070	1045	1045	4	abbiamo	abbiamo	_	_	_	_	_	linguistic	_	none	_	_	_	_	_	_
1045-5	BOI070	1045	1045	5	sempre	sempre	_	_	_	_	_	linguistic	_	none	_	_	_	_	_	_
1045-6	BOI070	1045	1045	6	invidiato	invidiato	_	_	_	_	_	linguistic	_	none	_	_	_	_	_	_
1045-7	BOI070	1045	1045	7	il	il	_	_	_	_	_	linguistic	_	none	_	_	_	_	_	_
1045-8	BOI070	1045	1045	8	vostro	vostro	_	_	_	_	_	linguistic	_	none	_	_	_	_	_	_
1045-9	BOI070	1045	1045	9	stile	stile	_	_	_	_	_	linguistic	_	none	_	_	_	_	_	_
1045-10	BOI070	1045	1045	10	perché	perché	_	_	_	_	_	linguistic	_	none	_	_	_	_	_	_
1045-11	BOI070	1045	1045	11	magari	magari	_	_	_	_	_	linguistic	_	none	_	_	_	_	_	_
1045-12	BOI070	1045	1045	12	sai	sai	_	_	_	_	_	linguistic	_	none	_	_	_	_	_	_
1045-13	BOI070	1045	1045	13	vi	vi	_	_	_	_	_	linguistic	_	none	_	_	_	_	_	_
1045-14	BOI070	1045	1045	14	vi	vi	_	_	_	_	_	linguistic	_	none	_	_	_	_	_	_
1045-15	BOI070	1045	1045	15	godete	godete	_	_	_	_	_	linguistic	_	none	_	_	_	_	_	_
1045-16	BOI070	1045	1045	16	bologna	bologna	_	_	_	_	_	linguistic	_	none	_	_	_	_	_	_
1045-17	BOI070	1045	1045	17	come	come	_	_	_	_	_	linguistic	_	none	_	_	_	_	_	_
1045-18	BOI070	1045	1045	18	vi	vi	_	_	_	_	_	linguistic	_	none	_	_	_	_	_	_
1045-19	BOI070	1045	1045	19	pare	pare	_	_	_	_	_	linguistic	_	none	_	End=1908.544	_	_	_	_
1046-0	BOI070	1046	1046	0	in	in	_	_	_	_	_	linguistic	_	none	_	Begin=1909.017	_	_	_	_
1046-1	BOI070	1046	1046	1	un	un	_	_	_	_	_	linguistic	_	none	_	_	_	_	_	_
1046-2	BOI070	1046	1046	2	certo	certo	_	_	_	_	_	linguistic	_	none	_	_	_	_	_	_
1046-3	BOI070	1046	1046	3	senso	senso	_	_	_	_	_	linguistic	_	none	_	_	_	_	_	_
1046-4	BOI070	1046	1046	4	quindi	quindi	_	_	_	_	_	linguistic	_	none	_	_	_	_	_	_
1046-5	BOI070	1046	1046	5	magari	magari	_	_	_	_	_	linguistic	_	none	_	End=1910.396	_	_	_	_
1047-0	BOI070	1047	1047	0	per	per	_	_	_	_	_	linguistic	_	none	_	Begin=1910.859	_	_	_	_
1047-1	BOI070	1047	1047	1	voi	voi	_	_	_	_	_	linguistic	_	none	_	_	_	_	_	_
1047-2	BOI070	1047	1047	2	è	è	_	_	_	_	_	linguistic	_	none	_	_	_	_	_	_
1047-3	BOI070	1047	1047	3	tutta	tutta	_	_	_	_	_	linguistic	_	none	_	_	_	_	_	_
1047-4	BOI070	1047	1047	4	nuova:	nuova	_	_	_	_	_	linguistic	_	none	_	_	4x1	_	_	_
1047-5	BOI070	1047	1047	5	tutta:	tutta	_	_	_	_	_	linguistic	_	none	_	_	4x1	_	_	_
1047-6	BOI070	1047	1047	6	no,	no	_	_	_	_	_	linguistic	_	none	Intonation=WeaklyRising	_	_	_	_	_
1047-7	BOI070	1047	1047	7	xx	xx	_	_	_	_	_	unknown	_	none	Syllables=2	_	_	_	_	_
1047-8	BOI070	1047	1047	8	stesse	stesse	_	_	_	_	_	linguistic	_	none	_	_	_	_	_	_
1047-9	BOI070	1047	1047	9	storie	storie	_	_	_	_	_	linguistic	_	none	_	_	_	_	_	_
1047-10	BOI070	1047	1047	10	che	che	_	_	_	_	_	linguistic	_	none	_	_	_	_	_	_
1047-11	BOI070	1047	1047	11	dicevo	dicevo	_	_	_	_	_	linguistic	_	none	_	_	_	_	_	_
1047-12	BOI070	1047	1047	12	prima	prima	_	_	_	_	_	linguistic	_	none	_	_	_	_	_	_
1047-13	BOI070	1047	1047	13	no,	no	_	_	_	_	_	linguistic	_	none	Intonation=WeaklyRising	_	_	_	_	_
1047-14	BOI070	1047	1047	14	tutta	tutta	_	_	_	_	_	linguistic	_	none	_	_	_	_	_	_
1047-15	BOI070	1047	1047	15	nuova	nuova	_	_	_	_	_	linguistic	_	none	_	_	_	_	_	_
1047-16	BOI070	1047	1047	16	tutta:	tutta	_	_	_	_	_	linguistic	_	none	_	End=1915.47	4x1	_	_	_
1048-0	BOI070	1048	1048	0	cazzo	cazzo	_	_	_	_	_	linguistic	_	none	_	Begin=1915.757	_	_	_	_
1048-1	BOI070	1048	1048	1	(è)	è	_	_	_	_	_	linguistic	_	none	_	_	_	_	0-1(0)	_
1048-2	BOI070	1048	1048	2	da	da	_	_	_	_	_	linguistic	_	none	_	_	_	_	_	_
1048-3	BOI070	1048	1048	3	scoprire	scoprire	_	_	_	_	_	linguistic	_	none	_	_	_	_	_	_
1048-4	BOI070	1048	1048	4	sta	sta	_	_	_	_	_	linguistic	_	none	_	_	_	_	_	_
1048-5	BOI070	1048	1048	5	città	città	_	_	_	_	_	linguistic	_	none	_	_	_	_	_	_
1048-6	BOI070	1048	1048	6	no?	no	_	_	_	_	_	linguistic	_	none	Intonation=Rising	End=1917.211	_	_	_	_
1049-0	BOI070	1049	1049	0	poi	poi	_	_	_	_	_	linguistic	_	none	_	Begin=1917.47	_	_	_	_
1049-1	BOI070	1049	1049	1	chiaramente	chiaramente	_	_	_	_	_	linguistic	_	none	_	_	_	_	_	_
1049-2	BOI070	1049	1049	2	quando	quando	_	_	_	_	_	linguistic	_	none	_	_	_	_	_	_
1049-3	BOI070	1049	1049	3	la	la	_	_	_	_	_	linguistic	_	none	_	_	_	_	_	_
1049-4	BOI070	1049	1049	4	scopr(i)	scopri	_	_	_	_	_	linguistic	_	none	_	_	_	_	5-6(0)	_
1049-5	BOI070	1049	1049	5	dic(e)	dice	_	_	_	_	_	linguistic	_	none	_	_	_	_	3-4(1)	_
1049-6	BOI070	1049	1049	6	°che	che	_	_	_	_	_	linguistic	_	none	Volume=low	_	_	_	_	_
1049-7	BOI070	1049	1049	7	palle	palle	_	_	_	_	_	linguistic	_	none	Volume=low	_	_	_	_	_
1049-8	BOI070	1049	1049	8	è:°	è	_	_	_	_	_	linguistic	_	none	Volume=low	_	0x1	_	_	_
1049-9	BOI070	1049	1049	9	sempre	sempre	_	_	_	_	_	linguistic	_	none	_	_	_	_	_	_
1049-10	BOI070	1049	1049	10	la	la	_	_	_	_	_	linguistic	_	none	_	_	_	_	_	_
1049-11	BOI070	1049	1049	11	stessa	stessa	_	_	_	_	_	linguistic	_	none	_	End=1920.161	_	_	_	_
1050-0	BOI070	1050	1050	0	perché	perché	_	_	_	_	_	linguistic	_	none	_	Begin=1920.285	_	_	_	_
1050-1	BOI070	1050	1050	1	xxx	xxx	_	_	_	_	_	unknown	_	none	Syllables=3	_	_	_	_	_
1050-2	BOI070	1050	1050	2	abbiamo	abbiamo	_	_	_	_	_	linguistic	_	none	_	_	_	_	_	_
1050-3	BOI070	1050	1050	3	sentiti	sentiti	_	_	_	_	_	linguistic	_	none	_	_	_	_	_	_
1050-4	BOI070	1050	1050	4	conversazioni	conversazioni	_	_	_	_	_	linguistic	_	none	_	_	_	_	_	_
1050-5	BOI070	1050	1050	5	del	del	_	_	_	_	_	linguistic	_	none	_	_	_	_	_	_
1050-6	BOI070	1050	1050	6	genere:	genere	_	_	_	_	_	linguistic	_	none	_	_	5x1	_	_	_
1050-7	BOI070	1050	1050	7	anche	anche	_	_	_	_	_	linguistic	_	none	_	_	_	_	_	_
1050-8	BOI070	1050	1050	8	passeggiando	passeggiando	_	_	_	_	_	linguistic	_	none	_	_	_	_	_	_
1050-9	BOI070	1050	1050	9	magari	magari	_	_	_	_	_	linguistic	_	none	_	_	_	_	_	_
1050-10	BOI070	1050	1050	10	da	da	_	_	_	_	_	linguistic	_	none	_	End=1924.183	_	_	_	_
1051-0	BOI070	1051	1051	0	da	da	_	_	_	_	_	linguistic	_	none	_	Begin=1924.489	_	_	_	_
1051-1	BOI070	1051	1051	1	un	un	_	_	_	_	_	linguistic	_	none	_	_	_	_	_	_
1051-2	BOI070	1051	1051	2	gruppetto	gruppetto	_	_	_	_	_	linguistic	_	none	_	_	_	_	_	_
1051-3	BOI070	1051	1051	3	di	di	_	_	_	_	_	linguistic	_	none	_	_	_	_	_	_
1051-4	BOI070	1051	1051	4	universitari	universitari	_	_	_	_	_	linguistic	_	none	_	_	_	_	_	_
1051-5	BOI070	1051	1051	5	cazzo	cazzo	_	_	_	_	_	linguistic	_	none	_	_	_	_	_	_
1051-6	BOI070	1051	1051	6	ragazzi	ragazzi	_	_	_	_	_	linguistic	_	none	_	_	_	_	_	_
1051-7	BOI070	1051	1051	7	questa	questa	_	_	_	_	_	linguistic	_	none	_	_	_	_	_	_
1051-8	BOI070	1051	1051	8	città	città	_	_	_	_	_	linguistic	_	none	_	_	_	_	_	_
1051-9	BOI070	1051	1051	9	è	è	_	_	_	_	_	linguistic	_	none	_	_	_	_	_	_
1051-10	BOI070	1051	1051	10	tutta	tutta	_	_	_	_	_	linguistic	_	none	_	_	_	_	_	_
1051-11	BOI070	1051	1051	11	uguale	uguale	_	_	_	_	_	linguistic	_	none	_	End=1927.72	_	_	_	_
1052-0	BOR021	1052	1052	0	((ride))	((ride))	_	_	_	_	_	nonverbalbehavior	_	none	_	Begin=1927.729|End=1930.665	_	_	_	_
1053-0	BOI070	1053	1053	0	no	no	_	_	_	_	_	linguistic	_	none	_	Begin=1928.109	_	_	_	_
1053-1	BOI070	1053	1053	1	tutti	tutti	_	_	_	_	_	linguistic	_	none	_	_	_	_	_	_
1053-2	BOI070	1053	1053	2	i	i	_	_	_	_	_	linguistic	_	none	_	_	_	_	_	_
1053-3	BOI070	1053	1053	3	portici	portici	_	_	_	_	_	linguistic	_	none	_	_	_	_	_	_
1053-4	BOI070	1053	1053	4	che	che	_	_	_	_	_	linguistic	_	none	_	_	_	_	_	_
1053-5	BOI070	1053	1053	5	palle	palle	_	_	_	_	_	linguistic	_	none	_	End=1929.655	_	_	_	_
1054-0	BOI070	1054	1054	0	no,	no	_	_	_	_	_	linguistic	_	none	Intonation=WeaklyRising	Begin=1929.878|End=1930.211	_	_	_	_
1055-0	BOI070	1055	1055	0	ecco	ecco	_	_	_	_	_	linguistic	_	none	_	Begin=1930.368	_	_	_	_
1055-1	BOI070	1055	1055	1	ed	ed	_	_	_	_	_	linguistic	_	none	_	_	_	_	_	_
1055-2	BOI070	1055	1055	2	è	è	_	_	_	_	_	linguistic	_	none	_	_	_	_	_	_
1055-3	BOI070	1055	1055	3	anche	anche	_	_	_	_	_	linguistic	_	none	_	_	_	_	_	_
1055-4	BOI070	1055	1055	4	difficile	difficile	_	_	_	_	_	linguistic	_	none	_	_	_	_	_	_
1055-5	BOI070	1055	1055	5	non	non	_	_	_	_	_	linguistic	_	none	_	_	_	_	_	_
1055-6	BOI070	1055	1055	6	eh	eh	_	_	_	_	_	linguistic	_	none	_	_	_	_	_	_
1055-7	BOI070	1055	1055	7	non	non	_	_	_	_	_	linguistic	_	none	_	_	_	_	_	_
1055-8	BOI070	1055	1055	8	non	non	_	_	_	_	_	linguistic	_	none	_	_	_	_	_	_
1055-9	BOI070	1055	1055	9	rispondere	rispondere	_	_	_	_	_	linguistic	_	none	_	End=1932.887	_	_	_	_
1056-0	BOI070	1056	1056	0	però	però	_	_	_	_	_	linguistic	_	none	_	Begin=1932.942|End=1933.308	_	_	_	_
1057-0	BOI070	1057	1057	0	e:h	eh	_	_	_	_	_	linguistic	_	none	_	Begin=1933.813	0x1	_	_	_
1057-1	BOI070	1057	1057	1	dai	dai	_	_	_	_	_	linguistic	_	none	PauseAfter=Yes	_	_	_	_	_
1057-2	BOI070	1057	1057	2	(.)	(.)	_	_	_	_	_	shortpause	_	none	_	_	_	_	_	_
1057-3	BOI070	1057	1057	3	le	le	_	_	_	_	_	linguistic	_	none	_	_	_	_	_	_
1057-4	BOI070	1057	1057	4	serate	serate	_	_	_	_	_	linguistic	_	none	_	_	_	_	_	_
1057-5	BOI070	1057	1057	5	le	le	_	_	_	_	_	linguistic	_	none	_	_	_	_	_	_
1057-6	BOI070	1057	1057	6	fate	fate	_	_	_	_	_	linguistic	_	none	_	_	_	_	_	_
1057-7	BOI070	1057	1057	7	bene	bene	_	_	_	_	_	linguistic	_	none	_	_	_	_	_	_
1057-8	BOI070	1057	1057	8	in	in	_	_	_	_	_	linguistic	_	none	_	_	_	_	_	_
1057-9	BOI070	1057	1057	9	un	un	_	_	_	_	_	linguistic	_	none	_	_	_	_	_	_
1057-10	BOI070	1057	1057	10	certo	certo	_	_	_	_	_	linguistic	_	none	_	_	_	_	_	_
1057-11	BOI070	1057	1057	11	senso	senso	_	_	_	_	_	linguistic	_	none	_	_	_	_	_	_
1057-12	BOI070	1057	1057	12	a	a	_	_	_	_	_	linguistic	_	none	_	_	_	_	_	_
1057-13	BOI070	1057	1057	13	volte:	volte	_	_	_	_	_	linguistic	_	none	_	End=1937.081	4x1	_	_	_
1058-0	BOR021	1058	1058	0	dici:	dici	_	_	_	_	_	linguistic	_	none	_	Begin=1937.239	3x1	_	_	_
1058-1	BOR021	1058	1058	1	prendiamo	prendiamo	_	_	_	_	_	linguistic	_	none	_	_	_	_	_	_
1058-2	BOR021	1058	1058	2	il	il	_	_	_	_	_	linguistic	_	none	_	_	_	_	_	_
1058-3	BOR021	1058	1058	3	meglio	meglio	_	_	_	_	_	linguistic	_	none	_	_	_	_	_	_
1058-4	BOR021	1058	1058	4	forse,	forse	_	_	_	_	_	linguistic	_	none	Intonation=WeaklyRising|PauseAfter=Yes	_	_	_	_	_
1058-5	BOR021	1058	1058	5	(.)	(.)	_	_	_	_	_	shortpause	_	none	_	_	_	_	_	_
1058-6	BOR021	1058	1058	6	della	della	_	_	_	_	_	linguistic	_	none	_	_	_	_	_	_
1058-7	BOR021	1058	1058	7	città,	città	_	_	_	_	_	linguistic	_	none	Intonation=WeaklyRising	End=1939.581	_	_	_	_
1059-0	BOI070	1059	1059	0	((inspira))	((inspira))	_	_	_	_	_	nonverbalbehavior	_	none	_	Begin=1939.507|End=1939.974	_	_	_	_
1060-0	BOI070	1060	1060	0	vi	vi	_	_	_	_	_	linguistic	_	none	_	Begin=1940.192	_	_	_	_
1060-1	BOI070	1060	1060	1	spingete	spingete	_	_	_	_	_	linguistic	_	none	_	_	_	_	_	_
1060-2	BOI070	1060	1060	2	oltre	oltre	_	_	_	_	_	linguistic	_	none	_	_	_	_	_	_
1060-3	BOI070	1060	1060	3	perché	perché	_	_	_	_	_	linguistic	_	none	_	_	_	_	_	_
1060-4	BOI070	1060	1060	4	appunto:	appunto	_	_	_	_	_	linguistic	_	none	_	_	6x1	_	_	_
1060-5	BOI070	1060	1060	5	magari	magari	_	_	_	_	_	linguistic	_	none	_	_	_	_	_	_
1060-6	BOI070	1060	1060	6	sai	sai	_	_	_	_	_	linguistic	_	none	_	_	_	_	_	_
1060-7	BOI070	1060	1060	7	non	non	_	_	_	_	_	linguistic	_	none	_	_	_	_	_	_
1060-8	BOI070	1060	1060	8	essendo	essendo	_	_	_	_	_	linguistic	_	none	_	_	_	_	_	_
1060-9	BOI070	1060	1060	9	una	una	_	_	_	_	_	linguistic	_	none	_	_	_	_	_	_
1060-10	BOI070	1060	1060	10	città	città	_	_	_	_	_	linguistic	_	none	_	_	_	_	_	_
1060-11	BOI070	1060	1060	11	dove	dove	_	_	_	_	_	linguistic	_	none	_	_	_	_	_	_
1060-12	BOI070	1060	1060	12	in	in	_	_	_	_	_	linguistic	_	none	_	_	_	_	_	_
1060-13	BOI070	1060	1060	13	cui	cui	_	_	_	_	_	linguistic	_	none	_	_	_	_	_	_
1060-14	BOI070	1060	1060	14	siete	siete	_	_	_	_	_	linguistic	_	none	_	_	_	_	_	_
1060-15	BOI070	1060	1060	15	nati	nati	_	_	_	_	_	linguistic	_	none	_	_	_	_	_	_
1060-16	BOI070	1060	1060	16	cresciuti:	cresciuti	_	_	_	_	_	linguistic	_	none	_	End=1945.217	8x1	_	_	_
1061-0	BOI070	1061	1061	0	magari	magari	_	_	_	_	_	linguistic	_	none	_	Begin=1945.554	_	_	_	_
1061-1	BOI070	1061	1061	1	anche	anche	_	_	_	_	_	linguistic	_	none	_	_	_	_	_	_
1061-2	BOI070	1061	1061	2	la	la	_	_	_	_	_	linguistic	_	none	_	_	_	_	_	_
1061-3	BOI070	1061	1061	3	(soglia)	soglia	_	_	_	_	_	linguistic	_	none	_	_	_	_	0-6(0)	_
1061-4	BOI070	1061	1061	4	magari	magari	_	_	_	_	_	linguistic	_	none	_	_	_	_	_	_
1061-5	BOI070	1061	1061	5	di	di	_	_	_	_	_	linguistic	_	none	_	_	_	_	_	_
1061-6	BOI070	1061	1061	6	essere	essere	_	_	_	_	_	linguistic	_	none	_	_	_	_	_	_
1061-7	BOI070	1061	1061	7	giudicati:	giudicati	_	_	_	_	_	linguistic	_	none	_	_	8x1	_	_	_
1061-8	BOI070	1061	1061	8	è	è	_	_	_	_	_	linguistic	_	none	_	_	_	_	_	_
1061-9	BOI070	1061	1061	9	minore	minore	_	_	_	_	_	linguistic	_	none	_	_	_	_	_	_
1061-10	BOI070	1061	1061	10	di	di	_	_	_	_	_	linguistic	_	none	_	_	_	_	_	_
1061-11	BOI070	1061	1061	11	una	una	_	_	_	_	_	linguistic	_	none	_	_	_	_	_	_
1061-12	BOI070	1061	1061	12	persona	persona	_	_	_	_	_	linguistic	_	none	_	_	_	_	_	_
1061-13	BOI070	1061	1061	13	che	che	_	_	_	_	_	linguistic	_	none	_	_	_	_	_	_
1061-14	BOI070	1061	1061	14	magari	magari	_	_	_	_	_	linguistic	_	none	_	_	_	_	_	_
1061-15	BOI070	1061	1061	15	ci	ci	_	_	_	_	_	linguistic	_	none	_	_	_	_	_	_
1061-16	BOI070	1061	1061	16	vive	vive	_	_	_	_	_	linguistic	_	none	_	_	_	_	_	_
1061-17	BOI070	1061	1061	17	no?	no	_	_	_	_	_	linguistic	_	none	Intonation=Rising	End=1949.794	_	_	_	_
1062-0	BOR021	1062	1062	0	certo	certo	_	_	_	_	_	linguistic	_	none	_	Begin=1949.924	_	_	_	_
1062-1	BOR021	1062	1062	1	non	non	_	_	_	_	_	linguistic	_	none	_	_	_	_	_	_
1062-2	BOR021	1062	1062	2	la	la	_	_	_	_	_	linguistic	_	none	_	_	_	_	_	_
1062-3	BOR021	1062	1062	3	senti	senti	_	_	_	_	_	linguistic	_	none	_	_	_	_	_	_
1062-4	BOR021	1062	1062	4	come	come	_	_	_	_	_	linguistic	_	none	_	_	_	_	_	_
1062-5	BOR021	1062	1062	5	il	il	_	_	_	_	_	linguistic	_	none	_	_	_	_	_	_
1062-6	BOR021	1062	1062	6	tuo	tuo	_	_	_	_	_	linguistic	_	none	PauseAfter=Yes	_	_	_	_	_
1062-7	BOR021	1062	1062	7	(.)	(.)	_	_	_	_	_	shortpause	_	none	_	_	_	_	_	_
1062-8	BOR021	1062	1062	8	ambiente	ambiente	_	_	_	_	_	linguistic	_	none	_	_	_	_	_	_
1062-9	BOR021	1062	1062	9	[quindi	quindi	_	_	_	_	_	linguistic	_	none	_	_	_	_	_	0-6(12)
1062-10	BOR021	1062	1062	10	magari	magari	_	_	_	_	_	linguistic	_	none	_	_	_	_	_	0-6(12)
1062-11	BOR021	1062	1062	11	ti	ti	_	_	_	_	_	linguistic	_	none	_	_	_	_	_	0-2(12)
1062-12	BOR021	1062	1062	12	senti	senti	_	_	_	_	_	linguistic	_	none	PauseAfter=Yes	_	_	_	_	0-5(12)
1062-13	BOR021	1062	1062	13	(.)	(.)	_	_	_	_	_	shortpause	_	none	_	_	_	_	_	_
1062-14	BOR021	1062	1062	14	più	più	_	_	_	_	_	linguistic	_	none	_	_	_	_	_	0-3(12)
1062-15	BOR021	1062	1062	15	libero]	libero	_	_	_	_	_	linguistic	_	none	_	End=1953.683	_	_	_	0-6(12)
1063-0	BOI070	1063	1063	0	[esatto	esatto	_	_	_	_	_	linguistic	_	none	PauseAfter=Yes	Begin=1952.081	_	_	_	0-6(12)
1063-1	BOI070	1063	1063	1	(.)	(.)	_	_	_	_	_	shortpause	_	none	_	_	_	_	_	_
1063-2	BOI070	1063	1063	2	esatto	esatto	_	_	_	_	_	linguistic	_	none	_	_	_	_	_	0-6(12)
1063-3	BOI070	1063	1063	3	quindi]	quindi	_	_	_	_	_	linguistic	_	none	PauseAfter=Yes	_	_	_	_	0-6(12)
1063-4	BOI070	1063	1063	4	(.)	(.)	_	_	_	_	_	shortpause	_	none	_	_	_	_	_	_
1063-5	BOI070	1063	1063	5	esatto	esatto	_	_	_	_	_	linguistic	_	none	_	_	_	_	_	_
1063-6	BOI070	1063	1063	6	quindi	quindi	_	_	_	_	_	linguistic	_	none	_	_	_	_	_	_
1063-7	BOI070	1063	1063	7	fa	fa	_	_	_	_	_	linguistic	_	none	_	_	_	_	_	_
1063-8	BOI070	1063	1063	8	più	più	_	_	_	_	_	linguistic	_	none	_	_	_	_	_	_
1063-9	BOI070	1063	1063	9	follie	follie	_	_	_	_	_	linguistic	_	none	_	_	_	_	_	_
1063-10	BOI070	1063	1063	10	ed	ed	_	_	_	_	_	linguistic	_	none	_	_	_	_	_	_
1063-11	BOI070	1063	1063	11	è	è	_	_	_	_	_	linguistic	_	none	_	_	_	_	_	_
1063-12	BOI070	1063	1063	12	bello::	bello	_	_	_	_	_	linguistic	_	none	_	End=1955.841	4x2	_	_	_
1064-0	BOI070	1064	1064	0	proprio	proprio	_	_	_	_	_	linguistic	_	none	_	Begin=1956.387	_	_	_	_
1064-1	BOI070	1064	1064	1	quella:	quella	_	_	_	_	_	linguistic	_	none	_	_	5x1	_	_	_
1064-2	BOI070	1064	1064	2	quella	quella	_	_	_	_	_	linguistic	_	none	_	_	_	_	_	_
1064-3	BOI070	1064	1064	3	parte	parte	_	_	_	_	_	linguistic	_	none	_	_	_	_	_	_
1064-4	BOI070	1064	1064	4	anche	anche	_	_	_	_	_	linguistic	_	none	_	_	_	_	_	_
1064-5	BOI070	1064	1064	5	lì	lì	_	_	_	_	_	linguistic	_	none	_	_	_	_	_	_
1064-6	BOI070	1064	1064	6	della	della	_	_	_	_	_	linguistic	_	none	_	_	_	_	_	_
1064-7	BOI070	1064	1064	7	serata	serata	_	_	_	_	_	linguistic	_	none	_	_	_	_	_	_
1064-8	BOI070	1064	1064	8	dove	dove	_	_	_	_	_	linguistic	_	none	_	End=1958.822	_	_	_	_
1065-0	BOI070	1065	1065	0	m:h	mh	_	_	_	_	_	linguistic	_	none	_	Begin=1959.229	0x1	_	_	_
1065-1	BOI070	1065	1065	1	vi	vi	_	_	_	_	_	linguistic	_	none	_	_	_	_	_	_
1065-2	BOI070	1065	1065	2	travestite	travestite	_	_	_	_	_	linguistic	_	none	_	_	_	_	_	_
1065-3	BOI070	1065	1065	3	no?	no	_	_	_	_	_	linguistic	_	none	Intonation=Rising	_	_	_	_	_
1065-4	BOI070	1065	1065	4	(dove::)	dove	_	_	_	_	_	linguistic	_	none	_	End=1961.452	3x2	_	0-4(0)	_
1066-0	BOI070	1066	1066	0	fate	fate	_	_	_	_	_	linguistic	_	none	_	Begin=1962.128	_	_	_	_
1066-1	BOI070	1066	1066	1	tutte:	tutte	_	_	_	_	_	linguistic	_	none	PauseAfter=Yes	_	4x1	_	_	_
1066-2	BOI070	1066	1066	2	(.)	(.)	_	_	_	_	_	shortpause	_	none	_	_	_	_	_	_
1066-3	BOI070	1066	1066	3	tutte	tutte	_	_	_	_	_	linguistic	_	none	_	_	_	_	_	_
1066-4	BOI070	1066	1066	4	queste	queste	_	_	_	_	_	linguistic	_	none	_	_	_	_	_	_
1066-5	BOI070	1066	1066	5	serate	serate	_	_	_	_	_	linguistic	_	none	_	_	_	_	_	_
1066-6	BOI070	1066	1066	6	piene	piene	_	_	_	_	_	linguistic	_	none	_	_	_	_	_	_
1066-7	BOI070	1066	1066	7	di	di	_	_	_	_	_	linguistic	_	none	_	_	_	_	_	_
1066-8	BOI070	1066	1066	8	alcool	alcool	_	_	_	_	_	linguistic	_	none	_	_	_	_	_	_
1066-9	BOI070	1066	1066	9	e	e	_	_	_	_	_	linguistic	_	none	_	_	_	_	_	_
1066-10	BOI070	1066	1066	10	divertimento	divertimento	_	_	_	_	_	linguistic	_	none	_	End=1965.35	_	_	_	_
1067-0	BOR021	1067	1067	0	((ride))	((ride))	_	_	_	_	_	nonverbalbehavior	_	none	_	Begin=1965.229|End=1965.637	_	_	_	_
1068-0	BOR021	1068	1068	0	come	come	_	_	_	_	_	linguistic	_	none	_	Begin=1965.896	_	_	_	_
1068-1	BOR021	1068	1068	1	i	i	_	_	_	_	_	linguistic	_	none	_	_	_	_	_	_
1068-2	BOR021	1068	1068	2	giovani	giovani	_	_	_	_	_	linguistic	_	none	_	_	_	_	_	_
1068-3	BOR021	1068	1068	3	in	in	_	_	_	_	_	linguistic	_	none	_	_	_	_	_	_
1068-4	BOR021	1068	1068	4	generale	generale	_	_	_	_	_	linguistic	_	none	_	_	_	_	_	_
1068-5	BOR021	1068	1068	5	di	di	_	_	_	_	_	linguistic	_	none	_	_	_	_	_	_
1068-6	BOR021	1068	1068	6	oggi	oggi	_	_	_	_	_	linguistic	_	none	_	End=1967.711	_	_	_	_
1069-0	BOI070	1069	1069	0	esatto	esatto	_	_	_	_	_	linguistic	_	none	_	Begin=1967.72|End=1968.182	_	_	_	_
1070-0	BOR021	1070	1070	0	a	a	_	_	_	_	_	linguistic	_	none	_	Begin=1968.933	_	_	_	_
1070-1	BOR021	1070	1070	1	parte::	parte	_	_	_	_	_	linguistic	_	none	_	_	4x2	_	_	_
1070-2	BOR021	1070	1070	2	sbronze	sbronze	_	_	_	_	_	linguistic	_	none	PauseAfter=Yes	_	_	_	_	_
1070-3	BOR021	1070	1070	3	(.)	(.)	_	_	_	_	_	shortpause	_	none	_	_	_	_	_	_
1070-4	BOR021	1070	1070	4	ne	ne	_	_	_	_	_	linguistic	_	none	_	_	_	_	_	_
1070-5	BOR021	1070	1070	5	fate	fate	_	_	_	_	_	linguistic	_	none	_	_	_	_	_	_
1070-6	BOR021	1070	1070	6	sport?	sport	_	_	_	_	_	linguistic	_	none	Intonation=Rising	End=1971.433	_	_	_	_
1071-0	BOR021	1071	1071	0	((ride))	((ride))	_	_	_	_	_	nonverbalbehavior	_	none	_	Begin=1971.683	_	_	_	_
1071-1	BOR021	1071	1071	1	per	per	_	_	_	_	_	linguistic	_	none	_	_	_	_	_	_
1071-2	BOR021	1071	1071	2	riprendervi?	riprendervi	_	_	_	_	_	linguistic	_	none	Intonation=Rising	_	_	_	_	_
1071-3	BOR021	1071	1071	3	((ride))	((ride))	_	_	_	_	_	nonverbalbehavior	_	none	_	End=1973.035	_	_	_	_
1072-0	BOI070	1072	1072	0	beh	beh	_	_	_	_	_	linguistic	_	none	_	Begin=1973.146	_	_	_	_
1072-1	BOI070	1072	1072	1	eh	eh	_	_	_	_	_	linguistic	_	none	_	_	_	_	_	_
1072-2	BOI070	1072	1072	2	eh	eh	_	_	_	_	_	linguistic	_	none	_	_	_	_	_	_
1072-3	BOI070	1072	1072	3	nel	nel	_	_	_	_	_	linguistic	_	none	_	_	_	_	_	_
1072-4	BOI070	1072	1072	4	senso:	senso	_	_	_	_	_	linguistic	_	none	_	End=1974.748	4x1	_	_	_
1073-0	BOR021	1073	1073	0	((ride))	((ride))	_	_	_	_	_	nonverbalbehavior	_	none	_	Begin=1973.776|End=1974.747	_	_	_	_
1074-0	BOI070	1074	1074	0	io	io	_	_	_	_	_	linguistic	_	none	_	Begin=1974.933	_	_	_	_
1074-1	BOI070	1074	1074	1	sì	sì	_	_	_	_	_	linguistic	_	none	_	End=1975.628	_	_	_	_
1075-0	BOR021	1075	1075	0	che	che	_	_	_	_	_	linguistic	_	none	_	Begin=1976.285	_	_	_	_
1075-1	BOR021	1075	1075	1	fai?	fai	_	_	_	_	_	linguistic	_	none	Intonation=Rising	End=1976.733	_	_	_	_
1076-0	BOI070	1076	1076	0	eh:	eh	_	_	_	_	_	linguistic	_	none	_	Begin=1977.766	1x1	_	_	_
1076-1	BOI070	1076	1076	1	eh	eh	_	_	_	_	_	linguistic	_	none	_	_	_	_	_	_
1076-2	BOI070	1076	1076	2	io:	io	_	_	_	_	_	linguistic	_	none	_	_	1x1	_	_	_
1076-3	BOI070	1076	1076	3	faccio:::	faccio	_	_	_	_	_	linguistic	_	none	_	End=1980.016	5x3	_	_	_
1077-0	BOI070	1077	1077	0	°fitness°	fitness	_	_	_	_	_	linguistic	_	none	PauseAfter=Yes|Volume=low	Begin=1980.544	_	_	_	_
1077-1	BOI070	1077	1077	1	(.)	(.)	_	_	_	_	_	shortpause	_	none	_	_	_	_	_	_
1077-2	BOI070	1077	1077	2	°normale°	normale	_	_	_	_	_	linguistic	_	none	Volume=low	End=1981.785	_	_	_	_
1078-0	BOR021	1078	1078	0	ma	ma	_	_	_	_	_	linguistic	_	none	_	Begin=1982.535	_	_	_	_
1078-1	BOR021	1078	1078	1	ti	ti	_	_	_	_	_	linguistic	_	none	_	_	_	_	_	_
1078-2	BOR021	1078	1078	2	alleni	alleni	_	_	_	_	_	linguistic	_	none	_	_	_	_	_	_
1078-3	BOR021	1078	1078	3	per	per	_	_	_	_	_	linguistic	_	none	_	_	_	_	_	_
1078-4	BOR021	1078	1078	4	i	i	_	_	_	_	_	linguistic	_	none	_	_	_	_	_	_
1078-5	BOR021	1078	1078	5	fatti	fatti	_	_	_	_	_	linguistic	_	none	_	_	_	_	_	_
1078-6	BOR021	1078	1078	6	tuoi?	tuoi	_	_	_	_	_	linguistic	_	none	Intonation=Rising	End=1983.831	_	_	_	_
1079-0	BOI070	1079	1079	0	sì:sì:	sìsì	_	_	_	_	_	linguistic	_	none	_	Begin=1983.868	1x1,3x1	_	_	_
1079-1	BOI070	1079	1079	1	m::h	mh	_	_	_	_	_	linguistic	_	none	PauseAfter=Yes	_	0x2	_	_	_
1079-2	BOI070	1079	1079	2	(.)	(.)	_	_	_	_	_	shortpause	_	none	_	_	_	_	_	_
1079-3	BOI070	1079	1079	3	c'	c'	_	_	_	_	_	linguistic	_	none	SpaceAfter=No	_	_	_	_	_
1079-4	BOI070	1079	1079	4	ho	ho	_	_	_	_	_	linguistic	_	none	_	_	_	_	_	_
1079-5	BOI070	1079	1079	5	sì	sì	_	_	_	_	_	linguistic	_	none	_	End=1986.22	_	_	_	_
1080-0	BOR021	1080	1080	0	[xxx]?	xxx	_	_	_	_	_	linguistic	_	none	Intonation=Rising	Begin=1986.572|End=1987.035	_	_	_	0-3(16)
1081-0	BOI070	1081	1081	0	[xx	xx	_	_	_	_	_	unknown	_	none	Syllables=2	Begin=1986.572	_	_	_	0-2(16)
1081-1	BOI070	1081	1081	1	allename]nto	allenamento	_	_	_	_	_	linguistic	_	none	_	_	_	_	_	0-8(16)
1081-2	BOI070	1081	1081	2	per	per	_	_	_	_	_	linguistic	_	none	_	_	_	_	_	_
1081-3	BOI070	1081	1081	3	fatti	fatti	_	_	_	_	_	linguistic	_	none	_	_	_	_	_	_
1081-4	BOI070	1081	1081	4	miei	miei	_	_	_	_	_	linguistic	_	none	_	_	_	_	_	_
1081-5	BOI070	1081	1081	5	esa~	esa~	_	_	_	_	_	linguistic	_	none	Interrupted=Yes	_	_	_	_	_
1081-6	BOI070	1081	1081	6	sì	sì	_	_	_	_	_	linguistic	_	none	_	End=1988.072	_	_	_	_
1082-0	BOR021	1082	1082	0	non	non	_	_	_	_	_	linguistic	_	none	_	Begin=1988.165	_	_	_	_
1082-1	BOR021	1082	1082	1	vai	vai	_	_	_	_	_	linguistic	_	none	_	_	_	_	_	_
1082-2	BOR021	1082	1082	2	in	in	_	_	_	_	_	linguistic	_	none	_	_	_	_	_	_
1082-3	BOR021	1082	1082	3	palestra?	palestra	_	_	_	_	_	linguistic	_	none	Intonation=Rising	End=1988.841	_	_	_	_
1083-0	BOI070	1083	1083	0	no	no	_	_	_	_	_	linguistic	_	none	_	Begin=1989.192	_	_	_	_
1083-1	BOI070	1083	1083	1	ho	ho	_	_	_	_	_	linguistic	_	none	_	_	_	_	_	_
1083-2	BOI070	1083	1083	2	sempre	sempre	_	_	_	_	_	linguistic	_	none	_	_	_	_	_	_
1083-3	BOI070	1083	1083	3	odiato	odiato	_	_	_	_	_	linguistic	_	none	_	_	_	_	_	_
1083-4	BOI070	1083	1083	4	la	la	_	_	_	_	_	linguistic	_	none	_	_	_	_	_	_
1083-5	BOI070	1083	1083	5	palestra:	palestra	_	_	_	_	_	linguistic	_	none	_	_	7x1	_	_	_
1083-6	BOI070	1083	1083	6	m::h	mh	_	_	_	_	_	linguistic	_	none	_	End=1991.905	0x2	_	_	_
1084-0	BOI070	1084	1084	0	c(io)è	cioè	_	_	_	_	_	linguistic	_	none	Reduced=Yes	Begin=1992.053	_	_	_	_
1084-1	BOI070	1084	1084	1	mi	mi	_	_	_	_	_	linguistic	_	none	_	_	_	_	_	_
1084-2	BOI070	1084	1084	2	piaccion	piaccion	_	_	_	_	_	linguistic	_	none	_	_	_	_	_	_
1084-3	BOI070	1084	1084	3	più	più	_	_	_	_	_	linguistic	_	none	_	_	_	_	_	_
1084-4	BOI070	1084	1084	4	gli	gli	_	_	_	_	_	linguistic	_	none	_	_	_	_	_	_
1084-5	BOI070	1084	1084	5	sport	sport	_	_	_	_	_	linguistic	_	none	_	_	_	_	_	_
1084-6	BOI070	1084	1084	6	individuali	individuali	_	_	_	_	_	linguistic	_	none	_	End=1993.591	_	_	_	_
1085-0	BOR021	1085	1085	0	perché?	perché	_	_	_	_	_	linguistic	_	none	Intonation=Rising	Begin=1993.961|End=1994.304	_	_	_	_
1086-0	BOI070	1086	1086	0	perché	perché	_	_	_	_	_	linguistic	_	none	_	Begin=1994.405	_	_	_	_
1086-1	BOI070	1086	1086	1	la	la	_	_	_	_	_	linguistic	_	none	_	_	_	_	_	_
1086-2	BOI070	1086	1086	2	palestra	palestra	_	_	_	_	_	linguistic	_	none	_	_	_	_	_	_
1086-3	BOI070	1086	1086	3	vai	vai	_	_	_	_	_	linguistic	_	none	_	_	_	_	_	_
1086-4	BOI070	1086	1086	4	lì	lì	_	_	_	_	_	linguistic	_	none	_	_	_	_	_	_
1086-5	BOI070	1086	1086	5	e::	e	_	_	_	_	_	linguistic	_	none	PauseAfter=Yes	_	0x2	_	_	_
1086-6	BOI070	1086	1086	6	(.)	(.)	_	_	_	_	_	shortpause	_	none	_	_	_	_	_	_
1086-7	BOI070	1086	1086	7	poi	poi	_	_	_	_	_	linguistic	_	none	_	_	_	_	_	_
1086-8	BOI070	1086	1086	8	tra	tra	_	_	_	_	_	linguistic	_	none	_	_	_	_	_	_
1086-9	BOI070	1086	1086	9	una	una	_	_	_	_	_	linguistic	_	none	_	_	_	_	_	_
1086-10	BOI070	1086	1086	10	chiacchiera	chiacchiera	_	_	_	_	_	linguistic	_	none	_	_	_	_	_	_
1086-11	BOI070	1086	1086	11	e	e	_	_	_	_	_	linguistic	_	none	_	_	_	_	_	_
1086-12	BOI070	1086	1086	12	l'	l'	_	_	_	_	_	linguistic	_	none	SpaceAfter=No	_	_	_	_	_
1086-13	BOI070	1086	1086	13	altra	altra	_	_	_	_	_	linguistic	_	none	_	_	_	_	_	_
1086-14	BOI070	1086	1086	14	non	non	_	_	_	_	_	linguistic	_	none	_	_	_	_	_	_
1086-15	BOI070	1086	1086	15	fai	fai	_	_	_	_	_	linguistic	_	none	_	_	_	_	_	_
1086-16	BOI070	1086	1086	16	un	un	_	_	_	_	_	linguistic	_	none	_	_	_	_	_	_
1086-17	BOI070	1086	1086	17	cazzo	cazzo	_	_	_	_	_	linguistic	_	none	_	_	_	_	_	_
1086-18	BOI070	1086	1086	18	qui[ndi]	quindi	_	_	_	_	_	linguistic	_	none	_	End=1998.359	_	_	_	2-6(17)
1087-0	BOR021	1087	1087	0	[BEH]	beh	_	_	_	_	_	linguistic	_	none	Volume=high	Begin=1998.118	_	_	_	0-3(17)
1087-1	BOR021	1087	1087	1	però	però	_	_	_	_	_	linguistic	_	none	_	_	_	_	_	_
1087-2	BOR021	1087	1087	2	anche	anche	_	_	_	_	_	linguistic	_	none	_	_	_	_	_	_
1087-3	BOR021	1087	1087	3	la	la	_	_	_	_	_	linguistic	_	none	_	_	_	_	_	_
1087-4	BOR021	1087	1087	4	palestra	palestra	_	_	_	_	_	linguistic	_	none	PauseAfter=Yes	_	_	_	_	_
1087-5	BOR021	1087	1087	5	(.)	(.)	_	_	_	_	_	shortpause	_	none	_	_	_	_	_	_
1087-6	BOR021	1087	1087	6	(è)	è	_	_	_	_	_	linguistic	_	none	_	_	_	_	0-1(0)	_
1087-7	BOR021	1087	1087	7	parecchio	parecchio	_	_	_	_	_	linguistic	_	none	_	_	_	_	_	_
1087-8	BOR021	1087	1087	8	individuale	individuale	_	_	_	_	_	linguistic	_	none	_	_	_	_	_	_
1087-9	BOR021	1087	1087	9	c(io)è	cioè	_	_	_	_	_	linguistic	_	none	Reduced=Yes	_	_	_	_	_
1087-10	BOR021	1087	1087	10	ti	ti	_	_	_	_	_	linguistic	_	none	_	_	_	_	_	_
1087-11	BOR021	1087	1087	11	metti	metti	_	_	_	_	_	linguistic	_	none	_	_	_	_	_	_
1087-12	BOR021	1087	1087	12	lì	lì	_	_	_	_	_	linguistic	_	none	_	_	_	_	_	_
1087-13	BOR021	1087	1087	13	a	a	_	_	_	_	_	linguistic	_	none	_	_	_	_	_	_
1087-14	BOR021	1087	1087	14	fare	fare	_	_	_	_	_	linguistic	_	none	_	_	_	_	_	_
1087-15	BOR021	1087	1087	15	[il	il	_	_	_	_	_	linguistic	_	none	_	_	_	_	_	0-2(20)
1087-16	BOR021	1087	1087	16	tuo	tuo	_	_	_	_	_	linguistic	_	none	_	_	_	_	_	0-3(20)
1087-17	BOR021	1087	1087	17	°esercizio°]	esercizio	_	_	_	_	_	linguistic	_	none	Volume=low	End=2001.6	_	_	_	0-9(20)
1088-0	BOI070	1088	1088	0	[non	non	_	_	_	_	_	linguistic	_	none	_	Begin=2000.961	_	_	_	0-3(20)
1088-1	BOI070	1088	1088	1	è	è	_	_	_	_	_	linguistic	_	none	_	_	_	_	_	0-1(20)
1088-2	BOI070	1088	1088	2	tanto]	tanto	_	_	_	_	_	linguistic	_	none	_	_	_	_	_	0-5(20)
1088-3	BOI070	1088	1088	3	individuale	individuale	_	_	_	_	_	linguistic	_	none	_	_	_	_	_	_
1088-4	BOI070	1088	1088	4	perché	perché	_	_	_	_	_	linguistic	_	none	_	_	_	_	_	_
1088-5	BOI070	1088	1088	5	magari	magari	_	_	_	_	_	linguistic	_	none	_	_	_	_	_	_
1088-6	BOI070	1088	1088	6	corri	corri	_	_	_	_	_	linguistic	_	none	_	_	_	_	_	_
1088-7	BOI070	1088	1088	7	nel	nel	_	_	_	_	_	linguistic	_	none	_	_	_	_	_	_
1088-8	BOI070	1088	1088	8	tapis	tapis	_	_	_	_	_	linguistic	_	none	_	_	_	_	_	_
1088-9	BOI070	1088	1088	9	roulant	roulant	_	_	_	_	_	linguistic	_	none	_	_	_	_	_	_
1088-10	BOI070	1088	1088	10	c'	c'	_	_	_	_	_	linguistic	_	none	SpaceAfter=No	_	_	_	_	_
1088-11	BOI070	1088	1088	11	è	è	_	_	_	_	_	linguistic	_	none	_	_	_	_	_	_
1088-12	BOI070	1088	1088	12	vicino	vicino	_	_	_	_	_	linguistic	_	none	_	_	_	_	_	_
1088-13	BOI070	1088	1088	13	il	il	_	_	_	_	_	linguistic	_	none	_	_	_	_	_	_
1088-14	BOI070	1088	1088	14	tipello	tipello	_	_	_	_	_	linguistic	_	none	_	_	_	_	_	_
1088-15	BOI070	1088	1088	15	amico	amico	_	_	_	_	_	linguistic	_	none	_	_	_	_	_	_
1088-16	BOI070	1088	1088	16	che	che	_	_	_	_	_	linguistic	_	none	_	_	_	_	_	_
1088-17	BOI070	1088	1088	17	ti	ti	_	_	_	_	_	linguistic	_	none	_	_	_	_	_	_
1088-18	BOI070	1088	1088	18	sei	sei	_	_	_	_	_	linguistic	_	none	_	_	_	_	_	_
1088-19	BOI070	1088	1088	19	fatto	fatto	_	_	_	_	_	linguistic	_	none	_	End=2005.628	_	_	_	_
1089-0	BOI070	1089	1089	0	che	che	_	_	_	_	_	linguistic	_	none	_	Begin=2005.766	_	_	_	_
1089-1	BOI070	1089	1089	1	gli	gli	_	_	_	_	_	linguistic	_	none	_	_	_	_	_	_
1089-2	BOI070	1089	1089	2	hai	hai	_	_	_	_	_	linguistic	_	none	_	_	_	_	_	_
1089-3	BOI070	1089	1089	3	magari	magari	_	_	_	_	_	linguistic	_	none	_	_	_	_	_	_
1089-4	BOI070	1089	1089	4	detto	detto	_	_	_	_	_	linguistic	_	none	_	_	_	_	_	_
1089-5	BOI070	1089	1089	5	ciao	ciao	_	_	_	_	_	linguistic	_	none	_	_	_	_	_	_
1089-6	BOI070	1089	1089	6	una	una	_	_	_	_	_	linguistic	_	none	_	_	_	_	_	_
1089-7	BOI070	1089	1089	7	volta	volta	_	_	_	_	_	linguistic	_	none	_	_	_	_	_	_
1089-8	BOI070	1089	1089	8	e	e	_	_	_	_	_	linguistic	_	none	_	_	_	_	_	_
1089-9	BOI070	1089	1089	9	lui	lui	_	_	_	_	_	linguistic	_	none	_	_	_	_	_	_
1089-10	BOI070	1089	1089	10	ti	ti	_	_	_	_	_	linguistic	_	none	_	_	_	_	_	_
1089-11	BOI070	1089	1089	11	racconta	racconta	_	_	_	_	_	linguistic	_	none	_	_	_	_	_	_
1089-12	BOI070	1089	1089	12	tutta	tutta	_	_	_	_	_	linguistic	_	none	_	_	_	_	_	_
1089-13	BOI070	1089	1089	13	la	la	_	_	_	_	_	linguistic	_	none	_	_	_	_	_	_
1089-14	BOI070	1089	1089	14	sua	sua	_	_	_	_	_	linguistic	_	none	_	_	_	_	_	_
1089-15	BOI070	1089	1089	15	vita	vita	_	_	_	_	_	linguistic	_	none	_	End=2008.553	_	_	_	_
1090-0	BOI070	1090	1090	0	tu	tu	_	_	_	_	_	linguistic	_	none	_	Begin=2009.174	_	_	_	_
1090-1	BOI070	1090	1090	1	sei	sei	_	_	_	_	_	linguistic	_	none	_	_	_	_	_	_
1090-2	BOI070	1090	1090	2	magari	magari	_	_	_	_	_	linguistic	_	none	_	_	_	_	_	_
1090-3	BOI070	1090	1090	3	lì	lì	_	_	_	_	_	linguistic	_	none	_	_	_	_	_	_
1090-4	BOI070	1090	1090	4	solo	solo	_	_	_	_	_	linguistic	_	none	_	_	_	_	_	_
1090-5	BOI070	1090	1090	5	x	x	_	_	_	_	_	unknown	_	none	Syllables=1	_	_	_	_	_
1090-6	BOI070	1090	1090	6	per	per	_	_	_	_	_	linguistic	_	none	_	_	_	_	_	_
1090-7	BOI070	1090	1090	7	fare	fare	_	_	_	_	_	linguistic	_	none	_	_	_	_	_	_
1090-8	BOI070	1090	1090	8	una	una	_	_	_	_	_	linguistic	_	none	_	_	_	_	_	_
1090-9	BOI070	1090	1090	9	cazzo	cazzo	_	_	_	_	_	linguistic	_	none	_	_	_	_	_	_
1090-10	BOI070	1090	1090	10	di	di	_	_	_	_	_	linguistic	_	none	_	_	_	_	_	_
1090-11	BOI070	1090	1090	11	corsa	corsa	_	_	_	_	_	linguistic	_	none	_	End=2011.261	_	_	_	_
1091-0	BOI070	1091	1091	0	e	e	_	_	_	_	_	linguistic	_	none	_	Begin=2011.655	_	_	_	_
1091-1	BOI070	1091	1091	1	stai	stai	_	_	_	_	_	linguistic	_	none	_	_	_	_	_	_
1091-2	BOI070	1091	1091	2	al	al	_	_	_	_	_	linguistic	_	none	_	_	_	_	_	_
1091-3	BOI070	1091	1091	3	caldo	caldo	_	_	_	_	_	linguistic	_	none	_	_	_	_	_	_
1091-4	BOI070	1091	1091	4	e	e	_	_	_	_	_	linguistic	_	none	_	_	_	_	_	_
1091-5	BOI070	1091	1091	5	lui	lui	_	_	_	_	_	linguistic	_	none	_	_	_	_	_	_
1091-6	BOI070	1091	1091	6	invece	invece	_	_	_	_	_	linguistic	_	none	_	_	_	_	_	_
1091-7	BOI070	1091	1091	7	ti	ti	_	_	_	_	_	linguistic	_	none	_	_	_	_	_	_
1091-8	BOI070	1091	1091	8	deve	deve	_	_	_	_	_	linguistic	_	none	_	_	_	_	_	_
1091-9	BOI070	1091	1091	9	ehm	ehm	_	_	_	_	_	linguistic	_	none	_	End=2014.498	_	_	_	_
1092-0	BOI070	1092	1092	0	c(io)è	cioè	_	_	_	_	_	linguistic	_	none	Reduced=Yes	Begin=2014.628	_	_	_	_
1092-1	BOI070	1092	1092	1	capisci	capisci	_	_	_	_	_	linguistic	_	none	_	_	_	_	_	_
1092-2	BOI070	1092	1092	2	[x]	x	_	_	_	_	_	unknown	_	none	Syllables=1	End=2015.378	_	_	_	0-1(21)
1093-0	BOR021	1093	1093	0	[mi	mi	_	_	_	_	_	linguistic	_	none	_	Begin=2015.183	_	_	_	0-2(?)
1093-1	BOR021	1093	1093	1	chiedo]	chiedo	_	_	_	_	_	linguistic	_	none	_	_	_	_	_	0-6(?)
1093-2	BOR021	1093	1093	2	con	con	_	_	_	_	_	linguistic	_	none	_	_	_	_	_	_
1093-3	BOR021	1093	1093	3	quale	quale	_	_	_	_	_	linguistic	_	none	_	_	_	_	_	_
1093-4	BOR021	1093	1093	4	fiato	fiato	_	_	_	_	_	linguistic	_	none	_	_	_	_	_	_
1093-5	BOR021	1093	1093	5	te	te	_	_	_	_	_	linguistic	_	none	_	_	_	_	_	_
1093-6	BOR021	1093	1093	6	la	la	_	_	_	_	_	linguistic	_	none	_	_	_	_	_	_
1093-7	BOR021	1093	1093	7	racconta	racconta	_	_	_	_	_	linguistic	_	none	_	_	_	_	_	_
1093-8	BOR021	1093	1093	8	mentre	mentre	_	_	_	_	_	linguistic	_	none	_	_	_	_	_	_
1093-9	BOR021	1093	1093	9	è	è	_	_	_	_	_	linguistic	_	none	_	_	_	_	_	_
1093-10	BOR021	1093	1093	10	((ride))	((ride))	_	_	_	_	_	nonverbalbehavior	_	none	_	_	_	_	_	_
1093-11	BOR021	1093	1093	11	sul	sul	_	_	_	_	_	linguistic	_	none	_	_	_	_	_	_
1093-12	BOR021	1093	1093	12	tapis	tapis	_	_	_	_	_	linguistic	_	none	_	_	_	_	_	_
1093-13	BOR021	1093	1093	13	roulant	roulant	_	_	_	_	_	linguistic	_	none	_	_	_	_	_	_
1093-14	BOR021	1093	1093	14	((ride))	((ride))	_	_	_	_	_	nonverbalbehavior	_	none	_	End=2020.674	_	_	_	_
1094-0	BOI070	1094	1094	0	eh	eh	_	_	_	_	_	linguistic	_	none	_	Begin=2017.461	_	_	_	_
1094-1	BOI070	1094	1094	1	infatti	infatti	_	_	_	_	_	linguistic	_	none	_	_	_	_	_	_
1094-2	BOI070	1094	1094	2	xxx	xxx	_	_	_	_	_	unknown	_	none	Syllables=3	_	_	_	_	_
1094-3	BOI070	1094	1094	3	tu	tu	_	_	_	_	_	linguistic	_	none	_	_	_	_	_	_
1094-4	BOI070	1094	1094	4	ti	ti	_	_	_	_	_	linguistic	_	none	_	_	_	_	_	_
1094-5	BOI070	1094	1094	5	chiedi	chiedi	_	_	_	_	_	linguistic	_	none	_	_	_	_	_	_
1094-6	BOI070	1094	1094	6	allora	allora	_	_	_	_	_	linguistic	_	none	_	_	_	_	_	_
1094-7	BOI070	1094	1094	7	che	che	_	_	_	_	_	linguistic	_	none	_	_	_	_	_	_
1094-8	BOI070	1094	1094	8	cazzo	cazzo	_	_	_	_	_	linguistic	_	none	_	_	_	_	_	_
1094-9	BOI070	1094	1094	9	ha	ha	_	_	_	_	_	linguistic	_	none	_	_	_	_	_	_
1094-10	BOI070	1094	1094	10	fatto	fatto	_	_	_	_	_	linguistic	_	none	_	_	_	_	_	_
1094-11	BOI070	1094	1094	11	fino	fino	_	_	_	_	_	linguistic	_	none	_	_	_	_	_	_
1094-12	BOI070	1094	1094	12	adesso,	adesso	_	_	_	_	_	linguistic	_	none	Intonation=WeaklyRising	End=2020.674	_	_	_	_
1095-0	BOR021	1095	1095	0	ce[rto]	certo	_	_	_	_	_	linguistic	_	none	_	Begin=2020.831|End=2021.266	_	_	_	2-5(24)
1096-0	BOI070	1096	1096	0	[capi]to?	capito	_	_	_	_	_	linguistic	_	none	Intonation=Rising	Begin=2021.044|End=2021.461	_	_	_	0-4(24)
1097-0	BOI070	1097	1097	0	è	è	_	_	_	_	_	linguistic	_	none	_	Begin=2022.016	_	_	_	_
1097-1	BOI070	1097	1097	1	quello	quello	_	_	_	_	_	linguistic	_	none	_	_	_	_	_	_
1097-2	BOI070	1097	1097	2	no?	no	_	_	_	_	_	linguistic	_	none	Intonation=Rising	End=2022.729	_	_	_	_
1098-0	BOI070	1098	1098	0	magari	magari	_	_	_	_	_	linguistic	_	none	_	Begin=2022.831	_	_	_	_
1098-1	BOI070	1098	1098	1	corre	corre	_	_	_	_	_	linguistic	_	none	_	_	_	_	_	_
1098-2	BOI070	1098	1098	2	lì	lì	_	_	_	_	_	linguistic	_	none	_	_	_	_	_	_
1098-3	BOI070	1098	1098	3	solo	solo	_	_	_	_	_	linguistic	_	none	_	_	_	_	_	_
1098-4	BOI070	1098	1098	4	per	per	_	_	_	_	_	linguistic	_	none	_	_	_	_	_	_
1098-5	BOI070	1098	1098	5	raccontarti	raccontarti	_	_	_	_	_	linguistic	_	none	_	_	_	_	_	_
1098-6	BOI070	1098	1098	6	la	la	_	_	_	_	_	linguistic	_	none	_	_	_	_	_	_
1098-7	BOI070	1098	1098	7	storia	storia	_	_	_	_	_	linguistic	_	none	_	End=2024.896	_	_	_	_
1099-0	BOR021	1099	1099	0	((ride))	((ride))	_	_	_	_	_	nonverbalbehavior	_	none	_	Begin=2024.572	_	_	_	_
1099-1	BOR021	1099	1099	1	aspetta	aspetta	_	_	_	_	_	linguistic	_	none	_	_	_	_	_	_
1099-2	BOR021	1099	1099	2	solo	solo	_	_	_	_	_	linguistic	_	none	_	_	_	_	_	_
1099-3	BOR021	1099	1099	3	quello	quello	_	_	_	_	_	linguistic	_	none	_	End=2025.868	_	_	_	_
1100-0	BOR021	1100	1100	0	((ride))	((ride))	_	_	_	_	_	nonverbalbehavior	_	none	_	Begin=2026.229	_	_	_	_
1100-1	BOR021	1100	1100	1	tu?	tu	_	_	_	_	_	linguistic	_	none	Intonation=Rising|PauseAfter=Yes	_	_	_	_	_
1100-2	BOR021	1100	1100	2	(.)	(.)	_	_	_	_	_	shortpause	_	none	_	_	_	_	_	_
1100-3	BOR021	1100	1100	3	ne	ne	_	_	_	_	_	linguistic	_	none	_	_	_	_	_	_
1100-4	BOR021	1100	1100	4	fai	fai	_	_	_	_	_	linguistic	_	none	_	_	_	_	_	_
1100-5	BOR021	1100	1100	5	sport?	sport	_	_	_	_	_	linguistic	_	none	Intonation=Rising	End=2027.637	_	_	_	_
1101-0	BOI071	1101	1101	0	m:h	mh	_	_	_	_	_	linguistic	_	none	_	Begin=2028.016	0x1	_	_	_
1101-1	BOI071	1101	1101	1	no:	no	_	_	_	_	_	linguistic	_	none	_	_	1x1	_	_	_
1101-2	BOI071	1101	1101	2	io::	io	_	_	_	_	_	linguistic	_	none	_	End=2029.294	1x2	_	_	_
1102-0	BOI071	1102	1102	0	anche	anche	_	_	_	_	_	linguistic	_	none	_	Begin=2029.739	_	_	_	_
1102-1	BOI071	1102	1102	1	io	io	_	_	_	_	_	linguistic	_	none	_	_	_	_	_	_
1102-2	BOI071	1102	1102	2	facevo::	facevo	_	_	_	_	_	linguistic	_	none	_	_	5x2	_	_	_
1102-3	BOI071	1102	1102	3	un	un	_	_	_	_	_	linguistic	_	none	_	_	_	_	_	_
1102-4	BOI071	1102	1102	4	po'	po'	_	_	_	_	_	linguistic	_	none	_	_	_	_	_	_
1102-5	BOI071	1102	1102	5	individuale	individuale	_	_	_	_	_	linguistic	_	none	_	_	_	_	_	_
1102-6	BOI071	1102	1102	6	così	così	_	_	_	_	_	linguistic	_	none	PauseAfter=Yes	_	_	_	_	_
1102-7	BOI071	1102	1102	7	(.)	(.)	_	_	_	_	_	shortpause	_	none	_	_	_	_	_	_
1102-8	BOI071	1102	1102	8	per	per	_	_	_	_	_	linguistic	_	none	_	_	_	_	_	_
1102-9	BOI071	1102	1102	9	i	i	_	_	_	_	_	linguistic	_	none	_	_	_	_	_	_
1102-10	BOI071	1102	1102	10	fatti	fatti	_	_	_	_	_	linguistic	_	none	_	_	_	_	_	_
1102-11	BOI071	1102	1102	11	miei	miei	_	_	_	_	_	linguistic	_	none	_	End=2033.072	_	_	_	_
1103-0	BOI071	1103	1103	0	poi	poi	_	_	_	_	_	linguistic	_	none	_	Begin=2033.192	_	_	_	_
1103-1	BOI071	1103	1103	1	(io)	io	_	_	_	_	_	linguistic	_	none	_	_	_	_	0-2(0)	_
1103-2	BOI071	1103	1103	2	mi	mi	_	_	_	_	_	linguistic	_	none	_	_	_	_	_	_
1103-3	BOI071	1103	1103	3	sono	sono	_	_	_	_	_	linguistic	_	none	_	_	_	_	_	_
1103-4	BOI071	1103	1103	4	iscritto	iscritto	_	_	_	_	_	linguistic	_	none	_	_	_	_	_	_
1103-5	BOI071	1103	1103	5	anche	anche	_	_	_	_	_	linguistic	_	none	_	_	_	_	_	_
1103-6	BOI071	1103	1103	6	in	in	_	_	_	_	_	linguistic	_	none	_	_	_	_	_	_
1103-7	BOI071	1103	1103	7	palestra	palestra	_	_	_	_	_	linguistic	_	none	_	End=2034.628	_	_	_	_
1104-0	BOR021	1104	1104	0	per	per	_	_	_	_	_	linguistic	_	none	_	Begin=2035.053	_	_	_	_
1104-1	BOR021	1104	1104	1	quanto?	quanto	_	_	_	_	_	linguistic	_	none	Intonation=Rising	End=2035.587	_	_	_	_
1105-0	BOI071	1105	1105	0	a:h	ah	_	_	_	_	_	linguistic	_	none	_	Begin=2036.248	0x1	_	_	_
1105-1	BOI071	1105	1105	1	penso::	penso	_	_	_	_	_	linguistic	_	none	_	_	4x2	_	_	_
1105-2	BOI071	1105	1105	2	due	due	_	_	_	_	_	linguistic	_	none	_	_	_	_	_	_
1105-3	BOI071	1105	1105	3	tre	tre	_	_	_	_	_	linguistic	_	none	_	_	_	_	_	_
1105-4	BOI071	1105	1105	4	me:si	mesi	_	_	_	_	_	linguistic	_	none	_	End=2038.433	1x1	_	_	_
1106-0	BOR021	1106	1106	0	beh	beh	_	_	_	_	_	linguistic	_	none	PauseAfter=Yes	Begin=2038.711	_	_	_	_
1106-1	BOR021	1106	1106	1	(.)	(.)	_	_	_	_	_	shortpause	_	none	_	_	_	_	_	_
1106-2	BOR021	1106	1106	2	un	un	_	_	_	_	_	linguistic	_	none	_	_	_	_	_	_
1106-3	BOR021	1106	1106	3	po'	po'	_	_	_	_	_	linguistic	_	none	_	End=2039.535	_	_	_	_
1107-0	BOI071	1107	1107	0	sì	sì	_	_	_	_	_	linguistic	_	none	_	Begin=2040.22	_	_	_	_
1107-1	BOI071	1107	1107	1	sì	sì	_	_	_	_	_	linguistic	_	none	_	_	_	_	_	_
1107-2	BOI071	1107	1107	2	però::	però	_	_	_	_	_	linguistic	_	none	_	End=2041.702	3x2	_	_	_
1108-0	BOI071	1108	1108	0	poi	poi	_	_	_	_	_	linguistic	_	none	_	Begin=2041.803	_	_	_	_
1108-1	BOI071	1108	1108	1	col	col	_	_	_	_	_	linguistic	_	none	_	_	_	_	_	_
1108-2	BOI071	1108	1108	2	lavoro	lavoro	_	_	_	_	_	linguistic	_	none	_	_	_	_	_	_
1108-3	BOI071	1108	1108	3	così	così	_	_	_	_	_	linguistic	_	none	_	_	_	_	_	_
1108-4	BOI071	1108	1108	4	non:	non	_	_	_	_	_	linguistic	_	none	_	_	2x1	_	_	_
1108-5	BOI071	1108	1108	5	c(io)è	cioè	_	_	_	_	_	linguistic	_	none	Reduced=Yes	_	_	_	_	_
1108-6	BOI071	1108	1108	6	non	non	_	_	_	_	_	linguistic	_	none	_	_	_	_	_	_
1108-7	BOI071	1108	1108	7	avevi	avevi	_	_	_	_	_	linguistic	_	none	_	_	_	_	_	_
1108-8	BOI071	1108	1108	8	più	più	_	_	_	_	_	linguistic	_	none	_	_	_	_	_	_
1108-9	BOI071	1108	1108	9	tempo	tempo	_	_	_	_	_	linguistic	_	none	_	_	_	_	_	_
1108-10	BOI071	1108	1108	10	di:	di	_	_	_	_	_	linguistic	_	none	_	_	1x1	_	_	_
1108-11	BOI071	1108	1108	11	dedi~	dedi~	_	_	_	_	_	linguistic	_	none	Interrupted=Yes	_	_	_	_	_
1108-12	BOI071	1108	1108	12	x	x	_	_	_	_	_	unknown	_	none	Syllables=1	_	_	_	_	_
1108-13	BOI071	1108	1108	13	del	del	_	_	_	_	_	linguistic	_	none	_	_	_	_	_	_
1108-14	BOI071	1108	1108	14	tempo	tempo	_	_	_	_	_	linguistic	_	none	_	_	_	_	_	_
1108-15	BOI071	1108	1108	15	a:	a	_	_	_	_	_	linguistic	_	none	_	_	0x1	_	_	_
1108-16	BOI071	1108	1108	16	te	te	_	_	_	_	_	linguistic	_	none	_	_	_	_	_	_
1108-17	BOI071	1108	1108	17	stesso	stesso	_	_	_	_	_	linguistic	_	none	_	End=2046.942	_	_	_	_
1109-0	BOI071	1109	1109	0	quindi	quindi	_	_	_	_	_	linguistic	_	none	_	Begin=2047.627	_	_	_	_
1109-1	BOI071	1109	1109	1	è	è	_	_	_	_	_	linguistic	_	none	_	_	_	_	_	_
1109-2	BOI071	1109	1109	2	un	un	_	_	_	_	_	linguistic	_	none	_	_	_	_	_	_
1109-3	BOI071	1109	1109	3	po':	po'	_	_	_	_	_	linguistic	_	none	_	_	1x1	_	_	_
1109-4	BOI071	1109	1109	4	eh	eh	_	_	_	_	_	linguistic	_	none	_	_	_	_	_	_
1109-5	BOI071	1109	1109	5	infatti	infatti	_	_	_	_	_	linguistic	_	none	_	_	_	_	_	_
1109-6	BOI071	1109	1109	6	ora	ora	_	_	_	_	_	linguistic	_	none	_	_	_	_	_	_
1109-7	BOI071	1109	1109	7	non	non	_	_	_	_	_	linguistic	_	none	_	_	_	_	_	_
1109-8	BOI071	1109	1109	8	faccio:	faccio	_	_	_	_	_	linguistic	_	none	_	_	5x1	_	_	_
1109-9	BOI071	1109	1109	9	c(io)é	cioé	_	_	_	_	_	linguistic	_	none	Reduced=Yes	_	_	_	_	_
1109-10	BOI071	1109	1109	10	solt~	solt~	_	_	_	_	_	linguistic	_	none	Interrupted=Yes	_	_	_	_	_
1109-11	BOI071	1109	1109	11	solo	solo	_	_	_	_	_	linguistic	_	none	_	_	_	_	_	_
1109-12	BOI071	1109	1109	12	lavoro	lavoro	_	_	_	_	_	linguistic	_	none	_	_	_	_	_	_
1109-13	BOI071	1109	1109	13	e	e	_	_	_	_	_	linguistic	_	none	_	_	_	_	_	_
1109-14	BOI071	1109	1109	14	a	a	_	_	_	_	_	linguistic	_	none	_	_	_	_	_	_
1109-15	BOI071	1109	1109	15	casa	casa	_	_	_	_	_	linguistic	_	none	_	End=2051.257	_	_	_	_
1110-0	BOI071	1110	1110	0	e:hm	ehm	_	_	_	_	_	linguistic	_	none	_	Begin=2051.469|End=2051.929	0x1	_	_	_
1111-0	BOR021	1111	1111	0	ma	ma	_	_	_	_	_	linguistic	_	none	_	Begin=2052.637	_	_	_	_
1111-1	BOR021	1111	1111	1	dici	dici	_	_	_	_	_	linguistic	_	none	_	_	_	_	_	_
1111-2	BOR021	1111	1111	2	che:::	che	_	_	_	_	_	linguistic	_	none	_	_	2x3	_	_	_
1111-3	BOR021	1111	1111	3	il	il	_	_	_	_	_	linguistic	_	none	_	_	_	_	_	_
1111-4	BOR021	1111	1111	4	lavoro	lavoro	_	_	_	_	_	linguistic	_	none	_	_	_	_	_	_
1111-5	BOR021	1111	1111	5	ti	ti	_	_	_	_	_	linguistic	_	none	_	_	_	_	_	_
1111-6	BOR021	1111	1111	6	toglie	toglie	_	_	_	_	_	linguistic	_	none	_	_	_	_	_	_
1111-7	BOR021	1111	1111	7	tanto	tanto	_	_	_	_	_	linguistic	_	none	_	_	_	_	_	_
1111-8	BOR021	1111	1111	8	temp[o]?	tempo	_	_	_	_	_	linguistic	_	none	Intonation=Rising	End=2055.1	_	_	_	4-5(28)
1112-0	BOI071	1112	1112	0	[m]olto	molto	_	_	_	_	_	linguistic	_	none	_	Begin=2055.016	_	_	_	0-1(28)
1112-1	BOI071	1112	1112	1	tempo	tempo	_	_	_	_	_	linguistic	_	none	_	End=2055.978	_	_	_	_
1113-0	BOR021	1113	1113	0	quanto	quanto	_	_	_	_	_	linguistic	_	none	_	Begin=2056.228	_	_	_	_
1113-1	BOR021	1113	1113	1	lavori?	lavori	_	_	_	_	_	linguistic	_	none	Intonation=Rising	End=2056.775	_	_	_	_
1114-0	BOR021	1114	1114	0	al	al	_	_	_	_	_	linguistic	_	none	_	Begin=2057.377	_	_	_	_
1114-1	BOR021	1114	1114	1	giorno,	giorno	_	_	_	_	_	linguistic	_	none	Intonation=WeaklyRising	End=2057.846	_	_	_	_
1115-0	BOI071	1115	1115	0	eh	eh	_	_	_	_	_	linguistic	_	none	_	Begin=2058.34	_	_	_	_
1115-1	BOI071	1115	1115	1	al	al	_	_	_	_	_	linguistic	_	none	_	_	_	_	_	_
1115-2	BOI071	1115	1115	2	giorno::	giorno	_	_	_	_	_	linguistic	_	none	_	_	5x2	_	_	_
1115-3	BOI071	1115	1115	3	facendo	facendo	_	_	_	_	_	linguistic	_	none	_	_	_	_	_	_
1115-4	BOI071	1115	1115	4	cameriere	cameriere	_	_	_	_	_	linguistic	_	none	_	_	_	_	_	_
1115-5	BOI071	1115	1115	5	devi	devi	_	_	_	_	_	linguistic	_	none	_	_	_	_	_	_
1115-6	BOI071	1115	1115	6	ben~	ben~	_	_	_	_	_	linguistic	_	none	Interrupted=Yes	_	_	_	_	_
1115-7	BOI071	1115	1115	7	devi	devi	_	_	_	_	_	linguistic	_	none	_	_	_	_	_	_
1115-8	BOI071	1115	1115	8	tenere	tenere	_	_	_	_	_	linguistic	_	none	_	_	_	_	_	_
1115-9	BOI071	1115	1115	9	conto	conto	_	_	_	_	_	linguistic	_	none	_	_	_	_	_	_
1115-10	BOI071	1115	1115	10	che	che	_	_	_	_	_	linguistic	_	none	_	_	_	_	_	_
1115-11	BOI071	1115	1115	11	è	è	_	_	_	_	_	linguistic	_	none	_	_	_	_	_	_
1115-12	BOI071	1115	1115	12	spezzato	spezzato	_	_	_	_	_	linguistic	_	none	_	_	_	_	_	_
1115-13	BOI071	1115	1115	13	capito,	capito	_	_	_	_	_	linguistic	_	none	Intonation=WeaklyRising	_	_	_	_	_
1115-14	BOI071	1115	1115	14	tipo	tipo	_	_	_	_	_	linguistic	_	none	_	_	_	_	_	_
1115-15	BOI071	1115	1115	15	[si	si	_	_	_	_	_	linguistic	_	none	_	_	_	_	_	0-2(29)
1115-16	BOI071	1115	1115	16	apre	apre	_	_	_	_	_	linguistic	_	none	_	_	_	_	_	0-4(29)
1115-17	BOI071	1115	1115	17	a	a	_	_	_	_	_	linguistic	_	none	_	_	_	_	_	0-1(29)
1115-18	BOI071	1115	1115	18	pr]anzo	pranzo	_	_	_	_	_	linguistic	_	none	_	_	_	_	_	0-2(29)
1115-19	BOI071	1115	1115	19	poi	poi	_	_	_	_	_	linguistic	_	none	_	_	_	_	_	_
1115-20	BOI071	1115	1115	20	si	si	_	_	_	_	_	linguistic	_	none	_	_	_	_	_	_
1115-21	BOI071	1115	1115	21	torna	torna	_	_	_	_	_	linguistic	_	none	_	_	_	_	_	_
1115-22	BOI071	1115	1115	22	a	a	_	_	_	_	_	linguistic	_	none	_	_	_	_	_	_
1115-23	BOI071	1115	1115	23	casa	casa	_	_	_	_	_	linguistic	_	none	_	_	_	_	_	_
1115-24	BOI071	1115	1115	24	poi	poi	_	_	_	_	_	linguistic	_	none	_	_	_	_	_	_
1115-25	BOI071	1115	1115	25	di	di	_	_	_	_	_	linguistic	_	none	_	_	_	_	_	_
1115-26	BOI071	1115	1115	26	nuovo	nuovo	_	_	_	_	_	linguistic	_	none	_	_	_	_	_	_
1115-27	BOI071	1115	1115	27	a	a	_	_	_	_	_	linguistic	_	none	_	_	_	_	_	_
1115-28	BOI071	1115	1115	28	cena	cena	_	_	_	_	_	linguistic	_	none	_	End=2065.757	_	_	_	_
1116-0	BOR021	1116	1116	0	[è	è	_	_	_	_	_	linguistic	_	none	_	Begin=2062.978	_	_	_	0-1(29)
1116-1	BOR021	1116	1116	1	vero]	vero	_	_	_	_	_	linguistic	_	none	_	End=2063.489	_	_	_	0-4(29)
1117-0	BOI071	1117	1117	0	questa	questa	_	_	_	_	_	linguistic	_	none	_	Begin=2066.368	_	_	_	_
1117-1	BOI071	1117	1117	1	è	è	_	_	_	_	_	linguistic	_	none	_	_	_	_	_	_
1117-2	BOI071	1117	1117	2	un	un	_	_	_	_	_	linguistic	_	none	_	_	_	_	_	_
1117-3	BOI071	1117	1117	3	po'	po'	_	_	_	_	_	linguistic	_	none	_	_	_	_	_	_
1117-4	BOI071	1117	1117	4	una::	una	_	_	_	_	_	linguistic	_	none	_	_	2x2	_	_	_
1117-5	BOI071	1117	1117	5	una	una	_	_	_	_	_	linguistic	_	none	_	_	_	_	_	_
1117-6	BOI071	1117	1117	6	palla	palla	_	_	_	_	_	linguistic	_	none	_	_	_	_	_	_
1117-7	BOI071	1117	1117	7	dei	dei	_	_	_	_	_	linguistic	_	none	_	_	_	_	_	_
1117-8	BOI071	1117	1117	8	camerieri	camerieri	_	_	_	_	_	linguistic	_	none	_	_	_	_	_	_
1117-9	BOI071	1117	1117	9	diciamo:	diciamo	_	_	_	_	_	linguistic	_	none	_	_	6x1	_	_	_
1117-10	BOI071	1117	1117	10	un	un	_	_	_	_	_	linguistic	_	none	_	_	_	_	_	_
1117-11	BOI071	1117	1117	11	[po':]	po'	_	_	_	_	_	linguistic	_	none	_	_	1x1	_	_	0-3(30)
1117-12	BOI071	1117	1117	12	una	una	_	_	_	_	_	linguistic	_	none	_	_	_	_	_	_
1117-13	BOI071	1117	1117	13	rottura	rottura	_	_	_	_	_	linguistic	_	none	_	End=2070.67	_	_	_	_
1118-0	BOR021	1118	1118	0	[certo]	certo	_	_	_	_	_	linguistic	_	none	_	Begin=2069.17|End=2069.86	_	_	_	0-5(30)
1119-0	BOI071	1119	1119	0	però:::	però	_	_	_	_	_	linguistic	_	none	_	Begin=2071.84|End=2073.025	3x3	_	_	_
1120-0	BOI071	1120	1120	0	sì	sì	_	_	_	_	_	linguistic	_	none	_	Begin=2073.275	_	_	_	_
1120-1	BOI071	1120	1120	1	mh	mh	_	_	_	_	_	linguistic	_	none	_	End=2073.813	_	_	_	_
1121-0	BOI071	1121	1121	0	c(io)è	cioè	_	_	_	_	_	linguistic	_	none	Reduced=Yes	Begin=2074.109	_	_	_	_
1121-1	BOI071	1121	1121	1	quando::	quando	_	_	_	_	_	linguistic	_	none	_	End=2075.34	5x2	_	_	_
1122-0	BOI071	1122	1122	0	qua	qua	_	_	_	_	_	linguistic	_	none	_	Begin=2075.701	_	_	_	_
1122-1	BOI071	1122	1122	1	alla	alla	_	_	_	_	_	linguistic	_	none	_	_	_	_	_	_
1122-2	BOI071	1122	1122	2	(winner	winner	_	_	_	_	_	linguistic	_	none	_	_	_	_	0-6(0)	_
1122-3	BOI071	1122	1122	3	house)	house	_	_	_	_	_	linguistic	_	none	_	_	_	_	0-5(0)	_
1122-4	BOI071	1122	1122	4	dove	dove	_	_	_	_	_	linguistic	_	none	_	_	_	_	_	_
1122-5	BOI071	1122	1122	5	lavoro	lavoro	_	_	_	_	_	linguistic	_	none	_	_	_	_	_	_
1122-6	BOI071	1122	1122	6	ora	ora	_	_	_	_	_	linguistic	_	none	_	End=2077.219	_	_	_	_
1123-0	BOI071	1123	1123	0	quando:	quando	_	_	_	_	_	linguistic	_	none	_	Begin=2078.692	5x1	_	_	_
1123-1	BOI071	1123	1123	1	ho	ho	_	_	_	_	_	linguistic	_	none	_	_	_	_	_	_
1123-2	BOI071	1123	1123	2	cominciato	cominciato	_	_	_	_	_	linguistic	_	none	_	_	_	_	_	_
1123-3	BOI071	1123	1123	3	facevo	facevo	_	_	_	_	_	linguistic	_	none	_	_	_	_	_	_
1123-4	BOI071	1123	1123	4	soltanto	soltanto	_	_	_	_	_	linguistic	_	none	_	_	_	_	_	_
1123-5	BOI071	1123	1123	5	mattina	mattina	_	_	_	_	_	linguistic	_	none	_	_	_	_	_	_
1123-6	BOI071	1123	1123	6	così	così	_	_	_	_	_	linguistic	_	none	_	_	_	_	_	_
1123-7	BOI071	1123	1123	7	avevo	avevo	_	_	_	_	_	linguistic	_	none	_	_	_	_	_	_
1123-8	BOI071	1123	1123	8	del	del	_	_	_	_	_	linguistic	_	none	_	_	_	_	_	_
1123-9	BOI071	1123	1123	9	tempo	tempo	_	_	_	_	_	linguistic	_	none	_	_	_	_	_	_
1123-10	BOI071	1123	1123	10	da	da	_	_	_	_	_	linguistic	_	none	_	_	_	_	_	_
1123-11	BOI071	1123	1123	11	dedicarmi	dedicarmi	_	_	_	_	_	linguistic	_	none	_	_	_	_	_	_
1123-12	BOI071	1123	1123	12	anche	anche	_	_	_	_	_	linguistic	_	none	_	_	_	_	_	_
1123-13	BOI071	1123	1123	13	per	per	_	_	_	_	_	linguistic	_	none	_	_	_	_	_	_
1123-14	BOI071	1123	1123	14	eh	eh	_	_	_	_	_	linguistic	_	none	_	End=2082.915	_	_	_	_
1124-0	BOI071	1124	1124	0	per	per	_	_	_	_	_	linguistic	_	none	_	Begin=2083.572	_	_	_	_
1124-1	BOI071	1124	1124	1	la	la	_	_	_	_	_	linguistic	_	none	_	_	_	_	_	_
1124-2	BOI071	1124	1124	2	sera	sera	_	_	_	_	_	linguistic	_	none	_	_	_	_	_	_
1124-3	BOI071	1124	1124	3	anche	anche	_	_	_	_	_	linguistic	_	none	_	_	_	_	_	_
1124-4	BOI071	1124	1124	4	xxx	xxx	_	_	_	_	_	unknown	_	none	Syllables=3	End=2085.043	_	_	_	_
1125-0	BOI071	1125	1125	0	per	per	_	_	_	_	_	linguistic	_	none	_	Begin=2086.137	_	_	_	_
1125-1	BOI071	1125	1125	1	la	la	_	_	_	_	_	linguistic	_	none	_	_	_	_	_	_
1125-2	BOI071	1125	1125	2	mia	mia	_	_	_	_	_	linguistic	_	none	_	_	_	_	_	_
1125-3	BOI071	1125	1125	3	passione	passione	_	_	_	_	_	linguistic	_	none	_	_	_	_	_	_
1125-4	BOI071	1125	1125	4	cioè	cioè	_	_	_	_	_	linguistic	_	none	_	_	_	_	_	_
1125-5	BOI071	1125	1125	5	la	la	_	_	_	_	_	linguistic	_	none	_	_	_	_	_	_
1125-6	BOI071	1125	1125	6	fotografia	fotografia	_	_	_	_	_	linguistic	_	none	_	End=2087.987	_	_	_	_
1126-0	BOI071	1126	1126	0	il	il	_	_	_	_	_	linguistic	_	none	PauseAfter=Yes	Begin=2088.96	_	_	_	_
1126-1	BOI071	1126	1126	1	(.)	(.)	_	_	_	_	_	shortpause	_	none	_	_	_	_	_	_
1126-2	BOI071	1126	1126	2	c(io)è	cioè	_	_	_	_	_	linguistic	_	none	Reduced=Yes	_	_	_	_	_
1126-3	BOI071	1126	1126	3	>una	una	_	_	_	_	_	linguistic	_	none	_	_	_	Fast=0-3(0)	_	_
1126-4	BOI071	1126	1126	4	cosa	cosa	_	_	_	_	_	linguistic	_	none	_	_	_	Fast=0-4(0)	_	_
1126-5	BOI071	1126	1126	5	che<	che	_	_	_	_	_	linguistic	_	none	_	_	_	Fast=0-3(0)	_	_
1126-6	BOI071	1126	1126	6	facevo	facevo	_	_	_	_	_	linguistic	_	none	_	_	_	_	_	_
1126-7	BOI071	1126	1126	7	i:o	io	_	_	_	_	_	linguistic	_	none	_	End=2090.719	0x1	_	_	_
1127-0	BOI071	1127	1127	0	con	con	_	_	_	_	_	linguistic	_	none	_	Begin=2090.84	_	_	_	_
1127-1	BOI071	1127	1127	1	la	la	_	_	_	_	_	linguistic	_	none	_	_	_	_	_	_
1127-2	BOI071	1127	1127	2	fotografia	fotografia	_	_	_	_	_	linguistic	_	none	_	_	_	_	_	_
1127-3	BOI071	1127	1127	3	era	era	_	_	_	_	_	linguistic	_	none	_	_	_	_	_	_
1127-4	BOI071	1127	1127	4	andare	andare	_	_	_	_	_	linguistic	_	none	_	_	_	_	_	_
1127-5	BOI071	1127	1127	5	proprio	proprio	_	_	_	_	_	linguistic	_	none	_	_	_	_	_	_
1127-6	BOI071	1127	1127	6	in	in	_	_	_	_	_	linguistic	_	none	_	_	_	_	_	_
1127-7	BOI071	1127	1127	7	piazza	piazza	_	_	_	_	_	linguistic	_	none	_	_	_	_	_	_
1127-8	BOI071	1127	1127	8	maggiore	maggiore	_	_	_	_	_	linguistic	_	none	_	_	_	_	_	_
1127-9	BOI071	1127	1127	9	fermare	fermare	_	_	_	_	_	linguistic	_	none	_	_	_	_	_	_
1127-10	BOI071	1127	1127	10	gente	gente	_	_	_	_	_	linguistic	_	none	_	_	_	_	_	_
1127-11	BOI071	1127	1127	11	a	a	_	_	_	_	_	linguistic	_	none	_	_	_	_	_	_
1127-12	BOI071	1127	1127	12	caso	caso	_	_	_	_	_	linguistic	_	none	_	_	_	_	_	_
1127-13	BOI071	1127	1127	13	[e::	e	_	_	_	_	_	linguistic	_	none	_	_	0x2	_	_	0-1(31)
1127-14	BOI071	1127	1127	14	es]atto	esatto	_	_	_	_	_	linguistic	_	none	_	_	_	_	_	0-2(31)
1127-15	BOI071	1127	1127	15	sì	sì	_	_	_	_	_	linguistic	_	none	_	End=2096.424	_	_	_	_
1128-0	BOR021	1128	1128	0	[bellissimo]	bellissimo	_	_	_	_	_	linguistic	_	none	_	Begin=2094.803|End=2095.646	_	_	_	0-10(31)
1129-0	BOI071	1129	1129	0	a	a	_	_	_	_	_	linguistic	_	none	_	Begin=2097.034	_	_	_	_
1129-1	BOI071	1129	1129	1	volte::	volte	_	_	_	_	_	linguistic	_	none	_	_	4x2	_	_	_
1129-2	BOI071	1129	1129	2	ti	ti	_	_	_	_	_	linguistic	_	none	_	_	_	_	_	_
1129-3	BOI071	1129	1129	3	dicevano	dicevano	_	_	_	_	_	linguistic	_	none	_	_	_	_	_	_
1129-4	BOI071	1129	1129	4	di	di	_	_	_	_	_	linguistic	_	none	_	_	_	_	_	_
1129-5	BOI071	1129	1129	5	no	no	_	_	_	_	_	linguistic	_	none	_	_	_	_	_	_
1129-6	BOI071	1129	1129	6	però::	però	_	_	_	_	_	linguistic	_	none	_	_	3x2	_	_	_
1129-7	BOI071	1129	1129	7	m::h	mh	_	_	_	_	_	linguistic	_	none	_	End=2100.424	0x2	_	_	_
1130-0	BOR021	1130	1130	0	però	però	_	_	_	_	_	linguistic	_	none	_	Begin=2100.748	_	_	_	_
1130-1	BOR021	1130	1130	1	ci	ci	_	_	_	_	_	linguistic	_	none	_	_	_	_	_	_
1130-2	BOR021	1130	1130	2	provi	provi	_	_	_	_	_	linguistic	_	none	_	End=2101.415	_	_	_	_
1131-0	BOI071	1131	1131	0	esatto	esatto	_	_	_	_	_	linguistic	_	none	_	Begin=2101.526	_	_	_	_
1131-1	BOI071	1131	1131	1	l'	l'	_	_	_	_	_	linguistic	_	none	SpaceAfter=No	_	_	_	_	_
1131-2	BOI071	1131	1131	2	importante	importante	_	_	_	_	_	linguistic	_	none	_	_	_	_	_	_
1131-3	BOI071	1131	1131	3	è	è	_	_	_	_	_	linguistic	_	none	_	_	_	_	_	_
1131-4	BOI071	1131	1131	4	provarci	provarci	_	_	_	_	_	linguistic	_	none	_	End=2103.285	_	_	_	_
1132-0	BOR021	1132	1132	0	quindi	quindi	_	_	_	_	_	linguistic	_	none	_	Begin=2103.359	_	_	_	_
1132-1	BOR021	1132	1132	1	ancora	ancora	_	_	_	_	_	linguistic	_	none	_	_	_	_	_	_
1132-2	BOR021	1132	1132	2	la	la	_	_	_	_	_	linguistic	_	none	_	_	_	_	_	_
1132-3	BOR021	1132	1132	3	coltivi	coltivi	_	_	_	_	_	linguistic	_	none	_	_	_	_	_	_
1132-4	BOR021	1132	1132	4	sta	sta	_	_	_	_	_	linguistic	_	none	_	_	_	_	_	_
1132-5	BOR021	1132	1132	5	passione?	passione	_	_	_	_	_	linguistic	_	none	Intonation=Rising	End=2104.834	_	_	_	_
1133-0	BOI071	1133	1133	0	col	col	_	_	_	_	_	linguistic	_	none	_	Begin=2105.646	_	_	_	_
1133-1	BOI071	1133	1133	1	lavoro	lavoro	_	_	_	_	_	linguistic	_	none	_	_	_	_	_	_
1133-2	BOI071	1133	1133	2	un	un	_	_	_	_	_	linguistic	_	none	_	_	_	_	_	_
1133-3	BOI071	1133	1133	3	po'	po'	_	_	_	_	_	linguistic	_	none	_	_	_	_	_	_
1133-4	BOI071	1133	1133	4	di	di	_	_	_	_	_	linguistic	_	none	_	_	_	_	_	_
1133-5	BOI071	1133	1133	5	meno	meno	_	_	_	_	_	linguistic	_	none	_	End=2106.907	_	_	_	_
1134-0	BOI071	1134	1134	0	però	però	_	_	_	_	_	linguistic	_	none	_	Begin=2107.016	_	_	_	_
1134-1	BOI071	1134	1134	1	sì	sì	_	_	_	_	_	linguistic	_	none	_	_	_	_	_	_
1134-2	BOI071	1134	1134	2	c(io)è::	cioè	_	_	_	_	_	linguistic	_	none	Reduced=Yes	_	3x2	_	_	_
1134-3	BOI071	1134	1134	3	ora	ora	_	_	_	_	_	linguistic	_	none	_	_	_	_	_	_
1134-4	BOI071	1134	1134	4	sto	sto	_	_	_	_	_	linguistic	_	none	_	_	_	_	_	_
1134-5	BOI071	1134	1134	5	cercando	cercando	_	_	_	_	_	linguistic	_	none	_	_	_	_	_	_
1134-6	BOI071	1134	1134	6	di	di	_	_	_	_	_	linguistic	_	none	_	_	_	_	_	_
1134-7	BOI071	1134	1134	7	diminuire	diminuire	_	_	_	_	_	linguistic	_	none	_	_	_	_	_	_
1134-8	BOI071	1134	1134	8	le	le	_	_	_	_	_	linguistic	_	none	_	_	_	_	_	_
1134-9	BOI071	1134	1134	9	ore	ore	_	_	_	_	_	linguistic	_	none	_	End=2109.942	_	_	_	_
1135-0	BOI071	1135	1135	0	e:::hm	ehm	_	_	_	_	_	linguistic	_	none	_	Begin=2110.424|End=2112.063	0x3	_	_	_
1136-0	BOR021	1136	1136	0	°adesso:°	adesso	_	_	_	_	_	linguistic	_	none	Volume=low	Begin=2113.702|End=2114.396	5x1	_	_	_
1137-0	BOI071	1137	1137	0	esatto	esatto	_	_	_	_	_	linguistic	_	none	_	Begin=2114.405	_	_	_	_
1137-1	BOI071	1137	1137	1	però::	però	_	_	_	_	_	linguistic	_	none	_	_	3x2	_	_	_
1137-2	BOI071	1137	1137	2	sì	sì	_	_	_	_	_	linguistic	_	none	_	End=2115.989	_	_	_	_
1138-0	BOR021	1138	1138	0	[tu	tu	_	_	_	_	_	linguistic	_	none	_	Begin=2116.813	_	_	_	0-2(32)
1138-1	BOR021	1138	1138	1	invec]e?	invece	_	_	_	_	_	linguistic	_	none	Intonation=Rising	End=2117.34	_	_	_	0-5(32)
1139-0	BOI071	1139	1139	0	[xx]	xx	_	_	_	_	_	unknown	_	none	Syllables=2	Begin=2116.831|End=2117.192	_	_	_	0-2(32)
1140-0	BOR021	1140	1140	0	le	le	_	_	_	_	_	linguistic	_	none	_	Begin=2118.952	_	_	_	_
1140-1	BOR021	1140	1140	1	foto?	foto	_	_	_	_	_	linguistic	_	none	Intonation=Rising	End=2119.535	_	_	_	_
1141-0	BOI070	1141	1141	0	io?	io	_	_	_	_	_	linguistic	_	none	Intonation=Rising	Begin=2120.155|End=2120.387	_	_	_	_
1142-0	BOI070	1142	1142	0	eh	eh	_	_	_	_	_	linguistic	_	none	_	Begin=2121.303	_	_	_	_
1142-1	BOI070	1142	1142	1	io:	io	_	_	_	_	_	linguistic	_	none	_	_	1x1	_	_	_
1142-2	BOI070	1142	1142	2	adesso	adesso	_	_	_	_	_	linguistic	_	none	_	_	_	_	_	_
1142-3	BOI070	1142	1142	3	non	non	_	_	_	_	_	linguistic	_	none	_	_	_	_	_	_
1142-4	BOI070	1142	1142	4	eh	eh	_	_	_	_	_	linguistic	_	none	PauseAfter=Yes	_	_	_	_	_
1142-5	BOI070	1142	1142	5	(.)	(.)	_	_	_	_	_	shortpause	_	none	_	_	_	_	_	_
1142-6	BOI070	1142	1142	6	(le)	le	_	_	_	_	_	linguistic	_	none	_	_	_	_	0-2(0)	_
1142-7	BOI070	1142	1142	7	foto	foto	_	_	_	_	_	linguistic	_	none	_	_	_	_	_	_
1142-8	BOI070	1142	1142	8	non	non	_	_	_	_	_	linguistic	_	none	_	_	_	_	_	_
1142-9	BOI070	1142	1142	9	sto	sto	_	_	_	_	_	linguistic	_	none	_	_	_	_	_	_
1142-10	BOI070	1142	1142	10	facendo	facendo	_	_	_	_	_	linguistic	_	none	_	_	_	_	_	_
1142-11	BOI070	1142	1142	11	niente	niente	_	_	_	_	_	linguistic	_	none	PauseAfter=Yes	_	_	_	_	_
1142-12	BOI070	1142	1142	12	(.)	(.)	_	_	_	_	_	shortpause	_	none	_	_	_	_	_	_
1142-13	BOI070	1142	1142	13	(metà)	metà	_	_	_	_	_	linguistic	_	none	_	_	_	_	0-4(1)	_
1142-14	BOI070	1142	1142	14	delle	delle	_	_	_	_	_	linguistic	_	none	_	_	_	_	_	_
1142-15	BOI070	1142	1142	15	passioni:,	passioni	_	_	_	_	_	linguistic	_	none	Intonation=WeaklyRising	End=2125.739	7x1	_	_	_
1143-0	BOI070	1143	1143	0	per	per	_	_	_	_	_	linguistic	_	none	_	Begin=2126.822	_	_	_	_
1143-1	BOI070	1143	1143	1	adesso	adesso	_	_	_	_	_	linguistic	_	none	_	_	_	_	_	_
1143-2	BOI070	1143	1143	2	sono	sono	_	_	_	_	_	linguistic	_	none	_	_	_	_	_	_
1143-3	BOI070	1143	1143	3	un	un	_	_	_	_	_	linguistic	_	none	_	_	_	_	_	_
1143-4	BOI070	1143	1143	4	po':	po'	_	_	_	_	_	linguistic	_	none	PauseAfter=Yes	_	1x1	_	_	_
1143-5	BOI070	1143	1143	5	(.)	(.)	_	_	_	_	_	shortpause	_	none	_	_	_	_	_	_
1143-6	BOI070	1143	1143	6	stand	stand	_	_	_	_	_	linguistic	_	none	_	_	_	_	_	_
1143-7	BOI070	1143	1143	7	by	by	_	_	_	_	_	linguistic	_	none	_	End=2128.544	_	_	_	_
1144-0	BOR021	1144	1144	0	[perché]?	perché	_	_	_	_	_	linguistic	_	none	Intonation=Rising	Begin=2129.035|End=2129.433	_	_	_	0-6(33)
1145-0	BOI070	1145	1145	0	[°c(io)è	cioè	_	_	_	_	_	linguistic	_	none	Reduced=Yes|Volume=low	Begin=2129.035	_	_	_	0-4(33)
1145-1	BOI070	1145	1145	1	nel	nel	_	_	_	_	_	linguistic	_	none	Volume=low	_	_	_	_	0-3(33)
1145-2	BOI070	1145	1145	2	se]nso°	senso	_	_	_	_	_	linguistic	_	none	Volume=low	End=2129.641	_	_	_	0-2(33)
1146-0	BOI070	1146	1146	0	perché::	perché	_	_	_	_	_	linguistic	_	none	_	Begin=2130.489|End=2131.455	5x2	_	_	_
1147-0	BOI071	1147	1147	0	si	si	_	_	_	_	_	linguistic	_	none	_	Begin=2131.979	_	_	_	_
1147-1	BOI071	1147	1147	1	sta	sta	_	_	_	_	_	linguistic	_	none	_	_	_	_	_	_
1147-2	BOI071	1147	1147	2	rilassando	rilassando	_	_	_	_	_	linguistic	_	none	_	End=2132.924	_	_	_	_
1148-0	BOI070	1148	1148	0	sì	sì	_	_	_	_	_	linguistic	_	none	_	Begin=2133.757	_	_	_	_
1148-1	BOI070	1148	1148	1	si	si	_	_	_	_	_	linguistic	_	none	_	_	_	_	_	_
1148-2	BOI070	1148	1148	2	può	può	_	_	_	_	_	linguistic	_	none	_	_	_	_	_	_
1148-3	BOI070	1148	1148	3	anche	anche	_	_	_	_	_	linguistic	_	none	_	_	_	_	_	_
1148-4	BOI070	1148	1148	4	dire	dire	_	_	_	_	_	linguistic	_	none	_	_	_	_	_	_
1148-5	BOI070	1148	1148	5	così	così	_	_	_	_	_	linguistic	_	none	_	End=2134.933	_	_	_	_
1149-0	BOI070	1149	1149	0	nel	nel	_	_	_	_	_	linguistic	_	none	_	Begin=2135.081	_	_	_	_
1149-1	BOI070	1149	1149	1	senso	senso	_	_	_	_	_	linguistic	_	none	_	_	_	_	_	_
1149-2	BOI070	1149	1149	2	s~	s~	_	_	_	_	_	linguistic	_	none	Interrupted=Yes	End=2135.85	_	_	_	_
1150-0	BOI070	1150	1150	0	sai	sai	_	_	_	_	_	linguistic	_	none	_	Begin=2135.915	_	_	_	_
1150-1	BOI070	1150	1150	1	c'	c'	_	_	_	_	_	linguistic	_	none	SpaceAfter=No	_	_	_	_	_
1150-2	BOI070	1150	1150	2	è	è	_	_	_	_	_	linguistic	_	none	_	_	_	_	_	_
1150-3	BOI070	1150	1150	3	stato	stato	_	_	_	_	_	linguistic	_	none	_	_	_	_	_	_
1150-4	BOI070	1150	1150	4	un	un	_	_	_	_	_	linguistic	_	none	_	_	_	_	_	_
1150-5	BOI070	1150	1150	5	periodo	periodo	_	_	_	_	_	linguistic	_	none	_	_	_	_	_	_
1150-6	BOI070	1150	1150	6	dove:	dove	_	_	_	_	_	linguistic	_	none	_	_	3x1	_	_	_
1150-7	BOI070	1150	1150	7	dato	dato	_	_	_	_	_	linguistic	_	none	_	_	_	_	_	_
1150-8	BOI070	1150	1150	8	veramente	veramente	_	_	_	_	_	linguistic	_	none	_	_	_	_	_	_
1150-9	BOI070	1150	1150	9	il	il	_	_	_	_	_	linguistic	_	none	_	_	_	_	_	_
1150-10	BOI070	1150	1150	10	massimo	massimo	_	_	_	_	_	linguistic	_	none	_	_	_	_	_	_
1150-11	BOI070	1150	1150	11	su	su	_	_	_	_	_	linguistic	_	none	_	_	_	_	_	_
1150-12	BOI070	1150	1150	12	alcune	alcune	_	_	_	_	_	linguistic	_	none	_	_	_	_	_	_
1150-13	BOI070	1150	1150	13	cose	cose	_	_	_	_	_	linguistic	_	none	_	_	_	_	_	_
1150-14	BOI070	1150	1150	14	progetti:	progetti	_	_	_	_	_	linguistic	_	none	_	End=2140.525	7x1	_	_	_
1151-0	BOI070	1151	1151	0	ho	ho	_	_	_	_	_	linguistic	_	none	_	Begin=2141.026	_	_	_	_
1151-1	BOI070	1151	1151	1	dovuto:	dovuto	_	_	_	_	_	linguistic	_	none	_	_	5x1	_	_	_
1151-2	BOI070	1151	1151	2	sistemare	sistemare	_	_	_	_	_	linguistic	_	none	_	_	_	_	_	_
1151-3	BOI070	1151	1151	3	molte	molte	_	_	_	_	_	linguistic	_	none	_	_	_	_	_	_
1151-4	BOI070	1151	1151	4	cose	cose	_	_	_	_	_	linguistic	_	none	_	End=2142.949	_	_	_	_
1152-0	BOI070	1152	1152	0	e	e	_	_	_	_	_	linguistic	_	none	_	Begin=2143.118	_	_	_	_
1152-1	BOI070	1152	1152	1	quando	quando	_	_	_	_	_	linguistic	_	none	_	_	_	_	_	_
1152-2	BOI070	1152	1152	2	arrivi	arrivi	_	_	_	_	_	linguistic	_	none	_	_	_	_	_	_
1152-3	BOI070	1152	1152	3	a	a	_	_	_	_	_	linguistic	_	none	_	_	_	_	_	_
1152-4	BOI070	1152	1152	4	un	un	_	_	_	_	_	linguistic	_	none	_	_	_	_	_	_
1152-5	BOI070	1152	1152	5	punto	punto	_	_	_	_	_	linguistic	_	none	_	_	_	_	_	_
1152-6	BOI070	1152	1152	6	così	così	_	_	_	_	_	linguistic	_	none	_	End=2144.618	_	_	_	_
1153-0	BOI070	1153	1153	0	e:hm	ehm	_	_	_	_	_	linguistic	_	none	_	Begin=2145.692|End=2146.562	0x1	_	_	_
1154-0	BOI070	1154	1154	0	vai	vai	_	_	_	_	_	linguistic	_	none	_	Begin=2146.748	_	_	_	_
1154-1	BOI070	1154	1154	1	a	a	_	_	_	_	_	linguistic	_	none	_	_	_	_	_	_
1154-2	BOI070	1154	1154	2	(fare)	fare	_	_	_	_	_	linguistic	_	none	_	_	_	_	0-4(0)	_
1154-3	BOI070	1154	1154	3	la	la	_	_	_	_	_	linguistic	_	none	_	_	_	_	_	_
1154-4	BOI070	1154	1154	4	parte	parte	_	_	_	_	_	linguistic	_	none	_	_	_	_	_	_
1154-5	BOI070	1154	1154	5	opposta	opposta	_	_	_	_	_	linguistic	_	none	_	End=2147.97	_	_	_	_
1155-0	BOI070	1155	1155	0	quando	quando	_	_	_	_	_	linguistic	_	none	_	Begin=2148.859	_	_	_	_
1155-1	BOI070	1155	1155	1	hai	hai	_	_	_	_	_	linguistic	_	none	_	_	_	_	_	_
1155-2	BOI070	1155	1155	2	[xx	xx	_	_	_	_	_	unknown	_	none	Syllables=2	_	_	_	_	0-2(35)
1155-3	BOI070	1155	1155	3	s]ovraccaricare	sovraccaricare	_	_	_	_	_	linguistic	_	none	_	_	_	_	_	0-1(35)
1155-4	BOI070	1155	1155	4	molto	molto	_	_	_	_	_	linguistic	_	none	_	_	_	_	_	_
1155-5	BOI070	1155	1155	5	(una)	una	_	_	_	_	_	linguistic	_	none	_	_	_	_	0-3(0)	_
1155-6	BOI070	1155	1155	6	mente	mente	_	_	_	_	_	linguistic	_	none	_	End=2151.053	_	_	_	_
1156-0	BOR021	1156	1156	0	[troppo]	troppo	_	_	_	_	_	linguistic	_	none	_	Begin=2149.146|End=2149.601	_	_	_	0-6(35)
1157-0	BOI070	1157	1157	0	su	su	_	_	_	_	_	linguistic	_	none	_	Begin=2151.415	_	_	_	_
1157-1	BOI070	1157	1157	1	alcuni	alcuni	_	_	_	_	_	linguistic	_	none	_	_	_	_	_	_
1157-2	BOI070	1157	1157	2	aspetti:	aspetti	_	_	_	_	_	linguistic	_	none	_	_	6x1	_	_	_
1157-3	BOI070	1157	1157	3	su	su	_	_	_	_	_	linguistic	_	none	_	_	_	_	_	_
1157-4	BOI070	1157	1157	4	alcuni	alcuni	_	_	_	_	_	linguistic	_	none	_	_	_	_	_	_
1157-5	BOI070	1157	1157	5	progetti	progetti	_	_	_	_	_	linguistic	_	none	_	_	_	_	_	_
1157-6	BOI070	1157	1157	6	su	su	_	_	_	_	_	linguistic	_	none	_	_	_	_	_	_
1157-7	BOI070	1157	1157	7	alcuni:	alcuni	_	_	_	_	_	linguistic	_	none	_	End=2154.266	5x1	_	_	_
1158-0	BOI070	1158	1158	0	cose	cose	_	_	_	_	_	linguistic	_	none	_	Begin=2154.942	_	_	_	_
1158-1	BOI070	1158	1158	1	che	che	_	_	_	_	_	linguistic	_	none	_	_	_	_	_	_
1158-2	BOI070	1158	1158	2	devi	devi	_	_	_	_	_	linguistic	_	none	_	_	_	_	_	_
1158-3	BOI070	1158	1158	3	risolvere	risolvere	_	_	_	_	_	linguistic	_	none	_	_	_	_	_	_
1158-4	BOI070	1158	1158	4	poi:	poi	_	_	_	_	_	linguistic	_	none	_	_	2x1	_	_	_
1158-5	BOI070	1158	1158	5	è	è	_	_	_	_	_	linguistic	_	none	_	_	_	_	_	_
1158-6	BOI070	1158	1158	6	chiaro	chiaro	_	_	_	_	_	linguistic	_	none	_	_	_	_	_	_
1158-7	BOI070	1158	1158	7	che:	che	_	_	_	_	_	linguistic	_	none	_	End=2157.155	2x1	_	_	_
1159-0	BOI070	1159	1159	0	ti	ti	_	_	_	_	_	linguistic	_	none	_	Begin=2157.989	_	_	_	_
1159-1	BOI070	1159	1159	1	prendi	prendi	_	_	_	_	_	linguistic	_	none	_	_	_	_	_	_
1159-2	BOI070	1159	1159	2	un	un	_	_	_	_	_	linguistic	_	none	_	_	_	_	_	_
1159-3	BOI070	1159	1159	3	periodo	periodo	_	_	_	_	_	linguistic	_	none	_	_	_	_	_	_
1159-4	BOI070	1159	1159	4	appunto	appunto	_	_	_	_	_	linguistic	_	none	_	_	_	_	_	_
1159-5	BOI070	1159	1159	5	dove:	dove	_	_	_	_	_	linguistic	_	none	_	_	3x1	_	_	_
1159-6	BOI070	1159	1159	6	°dici	dici	_	_	_	_	_	linguistic	_	none	Volume=low	_	_	_	_	_
1159-7	BOI070	1159	1159	7	okay	okay	_	_	_	_	_	linguistic	_	none	PauseAfter=Yes|Volume=low	_	_	_	_	_
1159-8	BOI070	1159	1159	8	(.)	(.)	_	_	_	_	_	shortpause	_	none	_	_	_	_	_	_
1159-9	BOI070	1159	1159	9	per	per	_	_	_	_	_	linguistic	_	none	Volume=low	_	_	_	_	_
1159-10	BOI070	1159	1159	10	adesso	adesso	_	_	_	_	_	linguistic	_	none	PauseAfter=Yes|Volume=low	_	_	_	_	_
1159-11	BOI070	1159	1159	11	(.)	(.)	_	_	_	_	_	shortpause	_	none	_	_	_	_	_	_
1159-12	BOI070	1159	1159	12	basta	basta	_	_	_	_	_	linguistic	_	none	Volume=low	_	_	_	_	_
1159-13	BOI070	1159	1159	13	così°	così	_	_	_	_	_	linguistic	_	none	Volume=low	End=2161.387	_	_	_	_
1160-0	BOI070	1160	1160	0	basta::	basta	_	_	_	_	_	linguistic	_	none	_	Begin=2161.979	4x2	_	_	_
1160-1	BOI070	1160	1160	1	perché	perché	_	_	_	_	_	linguistic	_	none	_	_	_	_	_	_
1160-2	BOI070	1160	1160	2	sai	sai	_	_	_	_	_	linguistic	_	none	_	End=2163.239	_	_	_	_
1161-0	BOI070	1161	1161	0	m:::h	mh	_	_	_	_	_	linguistic	_	none	_	Begin=2164.183	0x3	_	_	_
1161-1	BOI070	1161	1161	1	quan~	quan~	_	_	_	_	_	linguistic	_	none	Interrupted=Yes	_	_	_	_	_
1161-2	BOI070	1161	1161	2	mh	mh	_	_	_	_	_	linguistic	_	none	_	End=2165.813	_	_	_	_
1162-0	BOI070	1162	1162	0	ci	ci	_	_	_	_	_	linguistic	_	none	_	Begin=2165.961	_	_	_	_
1162-1	BOI070	1162	1162	1	sono	sono	_	_	_	_	_	linguistic	_	none	_	_	_	_	_	_
1162-2	BOI070	1162	1162	2	persone	persone	_	_	_	_	_	linguistic	_	none	_	_	_	_	_	_
1162-3	BOI070	1162	1162	3	che	che	_	_	_	_	_	linguistic	_	none	_	_	_	_	_	_
1162-4	BOI070	1162	1162	4	magari	magari	_	_	_	_	_	linguistic	_	none	_	_	_	_	_	_
1162-5	BOI070	1162	1162	5	vivono	vivono	_	_	_	_	_	linguistic	_	none	_	_	_	_	_	_
1162-6	BOI070	1162	1162	6	solo	solo	_	_	_	_	_	linguistic	_	none	_	_	_	_	_	_
1162-7	BOI070	1162	1162	7	di	di	_	_	_	_	_	linguistic	_	none	_	_	_	_	_	_
1162-8	BOI070	1162	1162	8	una	una	_	_	_	_	_	linguistic	_	none	_	_	_	_	_	_
1162-9	BOI070	1162	1162	9	passione	passione	_	_	_	_	_	linguistic	_	none	_	End=2167.877	_	_	_	_
1163-0	BOI070	1163	1163	0	altri	altri	_	_	_	_	_	linguistic	_	none	_	Begin=2168.1	_	_	_	_
1163-1	BOI070	1163	1163	1	invece	invece	_	_	_	_	_	linguistic	_	none	_	_	_	_	_	_
1163-2	BOI070	1163	1163	2	x	x	_	_	_	_	_	unknown	_	none	Syllables=1	_	_	_	_	_
1163-3	BOI070	1163	1163	3	devono	devono	_	_	_	_	_	linguistic	_	none	_	_	_	_	_	_
1163-4	BOI070	1163	1163	4	vivere	vivere	_	_	_	_	_	linguistic	_	none	_	_	_	_	_	_
1163-5	BOI070	1163	1163	5	di	di	_	_	_	_	_	linguistic	_	none	_	_	_	_	_	_
1163-6	BOI070	1163	1163	6	due	due	_	_	_	_	_	linguistic	_	none	_	_	_	_	_	_
1163-7	BOI070	1163	1163	7	tre	tre	_	_	_	_	_	linguistic	_	none	_	_	_	_	_	_
1163-8	BOI070	1163	1163	8	passioni	passioni	_	_	_	_	_	linguistic	_	none	_	End=2170.47	_	_	_	_
1164-0	BOR021	1164	1164	0	tu	tu	_	_	_	_	_	linguistic	_	none	_	Begin=2170.803	_	_	_	_
1164-1	BOR021	1164	1164	1	sei	sei	_	_	_	_	_	linguistic	_	none	_	_	_	_	_	_
1164-2	BOR021	1164	1164	2	una	una	_	_	_	_	_	linguistic	_	none	_	_	_	_	_	_
1164-3	BOR021	1164	1164	3	di	di	_	_	_	_	_	linguistic	_	none	_	_	_	_	_	_
1164-4	BOR021	1164	1164	4	queste?	queste	_	_	_	_	_	linguistic	_	none	Intonation=Rising	End=2171.572	_	_	_	_
1165-0	BOI070	1165	1165	0	sì	sì	_	_	_	_	_	linguistic	_	none	_	Begin=2172.394|End=2172.507	_	_	_	_
1166-0	BOR021	1166	1166	0	bene	bene	_	_	_	_	_	linguistic	_	none	_	Begin=2173.36|End=2173.688	_	_	_	_
1167-0	BOI070	1167	1167	0	sì	sì	_	_	_	_	_	linguistic	_	none	_	Begin=2174.015|End=2174.221	_	_	_	_
1168-0	BOR021	1168	1168	0	perché	perché	_	_	_	_	_	linguistic	_	none	_	Begin=2174.965	_	_	_	_
1168-1	BOR021	1168	1168	1	magari	magari	_	_	_	_	_	linguistic	_	none	_	_	_	_	_	_
1168-2	BOR021	1168	1168	2	ne	ne	_	_	_	_	_	linguistic	_	none	_	_	_	_	_	_
1168-3	BOR021	1168	1168	3	scopri	scopri	_	_	_	_	_	linguistic	_	none	_	_	_	_	_	_
1168-4	BOR021	1168	1168	4	altre,	altre	_	_	_	_	_	linguistic	_	none	Intonation=WeaklyRising	End=2176.246	_	_	_	_
1169-0	BOI070	1169	1169	0	eh	eh	_	_	_	_	_	linguistic	_	none	_	Begin=2176.931	_	_	_	_
1169-1	BOI070	1169	1169	1	beh	beh	_	_	_	_	_	linguistic	_	none	_	_	_	_	_	_
1169-2	BOI070	1169	1169	2	a:nche:	anche	_	_	_	_	_	linguistic	_	none	_	_	0x1,4x1	_	_	_
1169-3	BOI070	1169	1169	3	sicuramente	sicuramente	_	_	_	_	_	linguistic	_	none	_	_	_	_	_	_
1169-4	BOI070	1169	1169	4	per	per	_	_	_	_	_	linguistic	_	none	_	_	_	_	_	_
1169-5	BOI070	1169	1169	5	scoprirne	scoprirne	_	_	_	_	_	linguistic	_	none	_	_	_	_	_	_
1169-6	BOI070	1169	1169	6	altre	altre	_	_	_	_	_	linguistic	_	none	_	_	_	_	_	_
1169-7	BOI070	1169	1169	7	devi	devi	_	_	_	_	_	linguistic	_	none	_	_	_	_	_	_
1169-8	BOI070	1169	1169	8	dargli	dargli	_	_	_	_	_	linguistic	_	none	_	_	_	_	_	_
1169-9	BOI070	1169	1169	9	il	il	_	_	_	_	_	linguistic	_	none	_	_	_	_	_	_
1169-10	BOI070	1169	1169	10	tempo	tempo	_	_	_	_	_	linguistic	_	none	_	_	_	_	_	_
1169-11	BOI070	1169	1169	11	di	di	_	_	_	_	_	linguistic	_	none	_	_	_	_	_	_
1169-12	BOI070	1169	1169	12	scoprirne	scoprirne	_	_	_	_	_	linguistic	_	none	_	_	_	_	_	_
1169-13	BOI070	1169	1169	13	altre	altre	_	_	_	_	_	linguistic	_	none	_	End=2180.865	_	_	_	_
1170-0	BOR021	1170	1170	0	certo	certo	_	_	_	_	_	linguistic	_	none	_	Begin=2180.936|End=2181.264	_	_	_	_
1171-0	BOI070	1171	1171	0	è	è	_	_	_	_	_	linguistic	_	none	_	Begin=2181.529	_	_	_	_
1171-1	BOI070	1171	1171	1	chiaro	chiaro	_	_	_	_	_	linguistic	_	none	_	_	_	_	_	_
1171-2	BOI070	1171	1171	2	che	che	_	_	_	_	_	linguistic	_	none	_	End=2182.233	_	_	_	_
1172-0	BOI070	1172	1172	0	è	è	_	_	_	_	_	linguistic	_	none	_	Begin=2182.436	_	_	_	_
1172-1	BOI070	1172	1172	1	sempre	sempre	_	_	_	_	_	linguistic	_	none	_	_	_	_	_	_
1172-2	BOI070	1172	1172	2	buono	buono	_	_	_	_	_	linguistic	_	none	_	_	_	_	_	_
1172-3	BOI070	1172	1172	3	e	e	_	_	_	_	_	linguistic	_	none	_	_	_	_	_	_
1172-4	BOI070	1172	1172	4	positivo	positivo	_	_	_	_	_	linguistic	_	none	_	_	_	_	_	_
1172-5	BOI070	1172	1172	5	(da	da	_	_	_	_	_	linguistic	_	none	_	_	_	_	0-2(0)	_
1172-6	BOI070	1172	1172	6	standard)	standard	_	_	_	_	_	linguistic	_	none	_	_	_	_	0-8(0)	_
1172-7	BOI070	1172	1172	7	sì:	sì	_	_	_	_	_	linguistic	_	none	_	_	1x1	_	_	_
1172-8	BOI070	1172	1172	8	le	le	_	_	_	_	_	linguistic	_	none	_	_	_	_	_	_
1172-9	BOI070	1172	1172	9	solite	solite	_	_	_	_	_	linguistic	_	none	_	_	_	_	_	_
1172-10	BOI070	1172	1172	10	cagate	cagate	_	_	_	_	_	linguistic	_	none	_	_	_	_	_	_
1172-11	BOI070	1172	1172	11	che	che	_	_	_	_	_	linguistic	_	none	_	_	_	_	_	_
1172-12	BOI070	1172	1172	12	diciamo	diciamo	_	_	_	_	_	linguistic	_	none	_	End=2186.467	_	_	_	_
1173-0	BOI070	1173	1173	0	sempre	sempre	_	_	_	_	_	linguistic	_	none	_	Begin=2186.943	_	_	_	_
1173-1	BOI070	1173	1173	1	per:	per	_	_	_	_	_	linguistic	_	none	_	_	2x1	_	_	_
1173-2	BOI070	1173	1173	2	eh	eh	_	_	_	_	_	linguistic	_	none	PauseAfter=Yes	_	_	_	_	_
1173-3	BOI070	1173	1173	3	(.)	(.)	_	_	_	_	_	shortpause	_	none	_	_	_	_	_	_
1173-4	BOI070	1173	1173	4	(quelle	quelle	_	_	_	_	_	linguistic	_	none	_	_	_	_	0-6(0)	_
1173-5	BOI070	1173	1173	5	lì:)	lì	_	_	_	_	_	linguistic	_	none	_	_	1x1	_	0-2(0)	_
1173-6	BOI070	1173	1173	6	invece	invece	_	_	_	_	_	linguistic	_	none	_	_	_	_	_	_
1173-7	BOI070	1173	1173	7	di	di	_	_	_	_	_	linguistic	_	none	_	_	_	_	_	_
1173-8	BOI070	1173	1173	8	averne	averne	_	_	_	_	_	linguistic	_	none	_	_	_	_	_	_
1173-9	BOI070	1173	1173	9	una:	una	_	_	_	_	_	linguistic	_	none	_	End=2189.709	2x1	_	_	_
1174-0	BOI070	1174	1174	0	e	e	_	_	_	_	_	linguistic	_	none	_	Begin=2190.225	_	_	_	_
1174-1	BOI070	1174	1174	1	stare	stare	_	_	_	_	_	linguistic	_	none	_	_	_	_	_	_
1174-2	BOI070	1174	1174	2	lì:	lì	_	_	_	_	_	linguistic	_	none	_	_	1x1	_	_	_
1174-3	BOI070	1174	1174	3	e:	e	_	_	_	_	_	linguistic	_	none	_	_	0x1	_	_	_
1174-4	BOI070	1174	1174	4	comu~	comu~	_	_	_	_	_	linguistic	_	none	Interrupted=Yes	_	_	_	_	_
1174-5	BOI070	1174	1174	5	però:	però	_	_	_	_	_	linguistic	_	none	_	End=2192.256	3x1	_	_	_
1175-0	BOI070	1175	1175	0	quando:	quando	_	_	_	_	_	linguistic	_	none	_	Begin=2192.693	5x1	_	_	_
1175-1	BOI070	1175	1175	1	sei	sei	_	_	_	_	_	linguistic	_	none	_	_	_	_	_	_
1175-2	BOI070	1175	1175	2	in	in	_	_	_	_	_	linguistic	_	none	_	_	_	_	_	_
1175-3	BOI070	1175	1175	3	una	una	_	_	_	_	_	linguistic	_	none	_	_	_	_	_	_
1175-4	BOI070	1175	1175	4	fase	fase	_	_	_	_	_	linguistic	_	none	_	End=2193.811	_	_	_	_
1176-0	BOI070	1176	1176	0	che	che	_	_	_	_	_	linguistic	_	none	_	Begin=2194.568	_	_	_	_
1176-1	BOI070	1176	1176	1	hai	hai	_	_	_	_	_	linguistic	_	none	_	_	_	_	_	_
1176-2	BOI070	1176	1176	2	vent'	vent'	_	_	_	_	_	linguistic	_	none	SpaceAfter=No	_	_	_	_	_
1176-3	BOI070	1176	1176	3	anni	anni	_	_	_	_	_	linguistic	_	none	_	_	_	_	_	_
1176-4	BOI070	1176	1176	4	ventun'	ventun'	_	_	_	_	_	linguistic	_	none	SpaceAfter=No	_	_	_	_	_
1176-5	BOI070	1176	1176	5	anni	anni	_	_	_	_	_	linguistic	_	none	PauseAfter=Yes	_	_	_	_	_
1176-6	BOI070	1176	1176	6	(.)	(.)	_	_	_	_	_	shortpause	_	none	_	_	_	_	_	_
1176-7	BOI070	1176	1176	7	ventidue,	ventidue	_	_	_	_	_	linguistic	_	none	Intonation=WeaklyRising	_	_	_	_	_
1176-8	BOI070	1176	1176	8	quel	quel	_	_	_	_	_	linguistic	_	none	_	_	_	_	_	_
1176-9	BOI070	1176	1176	9	che	che	_	_	_	_	_	linguistic	_	none	_	_	_	_	_	_
1176-10	BOI070	1176	1176	10	è	è	_	_	_	_	_	linguistic	_	none	_	End=2197.022	_	_	_	_
1177-0	BOI070	1177	1177	0	tu	tu	_	_	_	_	_	linguistic	_	none	_	Begin=2197.693	_	_	_	_
1177-1	BOI070	1177	1177	1	devi	devi	_	_	_	_	_	linguistic	_	none	_	_	_	_	_	_
1177-2	BOI070	1177	1177	2	scoprire	scoprire	_	_	_	_	_	linguistic	_	none	_	_	_	_	_	_
1177-3	BOI070	1177	1177	3	te	te	_	_	_	_	_	linguistic	_	none	_	_	_	_	_	_
1177-4	BOI070	1177	1177	4	stesso	stesso	_	_	_	_	_	linguistic	_	none	_	_	_	_	_	_
1177-5	BOI070	1177	1177	5	devi	devi	_	_	_	_	_	linguistic	_	none	_	_	_	_	_	_
1177-6	BOI070	1177	1177	6	scoprire:	scoprire	_	_	_	_	_	linguistic	_	none	_	End=2199.561	7x1	_	_	_
1178-0	BOI070	1178	1178	0	chi	chi	_	_	_	_	_	linguistic	_	none	_	Begin=2200.123	_	_	_	_
1178-1	BOI070	1178	1178	1	se:i	sei	_	_	_	_	_	linguistic	_	none	_	End=2200.858	1x1	_	_	_
1179-0	BOI070	1179	1179	0	m::h	mh	_	_	_	_	_	linguistic	_	none	_	Begin=2201.193	0x2	_	_	_
1179-1	BOI070	1179	1179	1	creare	creare	_	_	_	_	_	linguistic	_	none	_	_	_	_	_	_
1179-2	BOI070	1179	1179	2	una	una	_	_	_	_	_	linguistic	_	none	_	_	_	_	_	_
1179-3	BOI070	1179	1179	3	nuova	nuova	_	_	_	_	_	linguistic	_	none	_	_	_	_	_	_
1179-4	BOI070	1179	1179	4	consapevolezza	consapevolezza	_	_	_	_	_	linguistic	_	none	_	End=2203.443	_	_	_	_
1180-0	BOI070	1180	1180	0	e:	e	_	_	_	_	_	linguistic	_	none	_	Begin=2204.248	0x1	_	_	_
1180-1	BOI070	1180	1180	1	mh	mh	_	_	_	_	_	linguistic	_	none	_	_	_	_	_	_
1180-2	BOI070	1180	1180	2	crearti	crearti	_	_	_	_	_	linguistic	_	none	_	_	_	_	_	_
1180-3	BOI070	1180	1180	3	del~	del~	_	_	_	_	_	linguistic	_	none	Interrupted=Yes	_	_	_	_	_
1180-4	BOI070	1180	1180	4	mh	mh	_	_	_	_	_	linguistic	_	none	_	_	_	_	_	_
1180-5	BOI070	1180	1180	5	magari	magari	_	_	_	_	_	linguistic	_	none	_	_	_	_	_	_
1180-6	BOI070	1180	1180	6	nuove	nuove	_	_	_	_	_	linguistic	_	none	_	_	_	_	_	_
1180-7	BOI070	1180	1180	7	cerchie	cerchie	_	_	_	_	_	linguistic	_	none	_	_	_	_	_	_
1180-8	BOI070	1180	1180	8	di	di	_	_	_	_	_	linguistic	_	none	_	_	_	_	_	_
1180-9	BOI070	1180	1180	9	amici:	amici	_	_	_	_	_	linguistic	_	none	_	End=2207.217	4x1	_	_	_
1181-0	BOI070	1181	1181	0	curiosare	curiosare	_	_	_	_	_	linguistic	_	none	_	Begin=2207.99|End=2208.404	_	_	_	_
1182-0	BOI070	1182	1182	0	essere	essere	_	_	_	_	_	linguistic	_	none	_	Begin=2208.787	_	_	_	_
1182-1	BOI070	1182	1182	1	curioso:	curioso	_	_	_	_	_	linguistic	_	none	_	End=2209.6	6x1	_	_	_
1183-0	BOI070	1183	1183	0	verso	verso	_	_	_	_	_	linguistic	_	none	_	Begin=2210.17	_	_	_	_
1183-1	BOI070	1183	1183	1	il	il	_	_	_	_	_	linguistic	_	none	_	_	_	_	_	_
1183-2	BOI070	1183	1183	2	mondo	mondo	_	_	_	_	_	linguistic	_	none	_	_	_	_	_	_
1183-3	BOI070	1183	1183	3	verso	verso	_	_	_	_	_	linguistic	_	none	_	_	_	_	_	_
1183-4	BOI070	1183	1183	4	le	le	_	_	_	_	_	linguistic	_	none	_	_	_	_	_	_
1183-5	BOI070	1183	1183	5	opportunità	opportunità	_	_	_	_	_	linguistic	_	none	_	_	_	_	_	_
1183-6	BOI070	1183	1183	6	che	che	_	_	_	_	_	linguistic	_	none	_	_	_	_	_	_
1183-7	BOI070	1183	1183	7	ti	ti	_	_	_	_	_	linguistic	_	none	_	_	_	_	_	_
1183-8	BOI070	1183	1183	8	offre	offre	_	_	_	_	_	linguistic	_	none	_	End=2212.537	_	_	_	_
1184-0	BOI070	1184	1184	0	verso:	verso	_	_	_	_	_	linguistic	_	none	_	Begin=2213.209	4x1	_	_	_
1184-1	BOI070	1184	1184	1	le	le	_	_	_	_	_	linguistic	_	none	_	_	_	_	_	_
1184-2	BOI070	1184	1184	2	opportunità	opportunità	_	_	_	_	_	linguistic	_	none	_	_	_	_	_	_
1184-3	BOI070	1184	1184	3	che	che	_	_	_	_	_	linguistic	_	none	_	_	_	_	_	_
1184-4	BOI070	1184	1184	4	anche	anche	_	_	_	_	_	linguistic	_	none	_	_	_	_	_	_
1184-5	BOI070	1184	1184	5	tu	tu	_	_	_	_	_	linguistic	_	none	_	_	_	_	_	_
1184-6	BOI070	1184	1184	6	ti	ti	_	_	_	_	_	linguistic	_	none	_	_	_	_	_	_
1184-7	BOI070	1184	1184	7	vai	vai	_	_	_	_	_	linguistic	_	none	_	_	_	_	_	_
1184-8	BOI070	1184	1184	8	a	a	_	_	_	_	_	linguistic	_	none	_	_	_	_	_	_
1184-9	BOI070	1184	1184	9	creare	creare	_	_	_	_	_	linguistic	_	none	_	_	_	_	_	_
1184-10	BOI070	1184	1184	10	e	e	_	_	_	_	_	linguistic	_	none	_	_	_	_	_	_
1184-11	BOI070	1184	1184	11	che	che	_	_	_	_	_	linguistic	_	none	_	_	_	_	_	_
1184-12	BOI070	1184	1184	12	ti	ti	_	_	_	_	_	linguistic	_	none	_	_	_	_	_	_
1184-13	BOI070	1184	1184	13	offri	offri	_	_	_	_	_	linguistic	_	none	_	_	_	_	_	_
1184-14	BOI070	1184	1184	14	tu	tu	_	_	_	_	_	linguistic	_	none	_	_	_	_	_	_
1184-15	BOI070	1184	1184	15	a	a	_	_	_	_	_	linguistic	_	none	_	_	_	_	_	_
1184-16	BOI070	1184	1184	16	stesso	stesso	_	_	_	_	_	linguistic	_	none	_	_	_	_	_	_
1184-17	BOI070	1184	1184	17	no?	no	_	_	_	_	_	linguistic	_	none	Intonation=Rising	End=2217.186	_	_	_	_
1185-0	BOR021	1185	1185	0	certo	certo	_	_	_	_	_	linguistic	_	none	_	Begin=2217.654|End=2218.068	_	_	_	_
1186-0	BOI070	1186	1186	0	quindi:	quindi	_	_	_	_	_	linguistic	_	none	_	Begin=2218.842	5x1	_	_	_
1186-1	BOI070	1186	1186	1	è	è	_	_	_	_	_	linguistic	_	none	_	_	_	_	_	_
1186-2	BOI070	1186	1186	2	più	più	_	_	_	_	_	linguistic	_	none	_	_	_	_	_	_
1186-3	BOI070	1186	1186	3	quella	quella	_	_	_	_	_	linguistic	_	none	_	_	_	_	_	_
1186-4	BOI070	1186	1186	4	parte	parte	_	_	_	_	_	linguistic	_	none	_	_	_	_	_	_
1186-5	BOI070	1186	1186	5	lì	lì	_	_	_	_	_	linguistic	_	none	_	End=2220.279	_	_	_	_
1187-0	BOI070	1187	1187	0	più	più	_	_	_	_	_	linguistic	_	none	_	Begin=2220.99	_	_	_	_
1187-1	BOI070	1187	1187	1	una	una	_	_	_	_	_	linguistic	_	none	_	_	_	_	_	_
1187-2	BOI070	1187	1187	2	parte	parte	_	_	_	_	_	linguistic	_	none	_	_	_	_	_	_
1187-3	BOI070	1187	1187	3	che:	che	_	_	_	_	_	linguistic	_	none	PauseAfter=Yes	_	2x1	_	_	_
1187-4	BOI070	1187	1187	4	(.)	(.)	_	_	_	_	_	shortpause	_	none	_	_	_	_	_	_
1187-5	BOI070	1187	1187	5	devi	devi	_	_	_	_	_	linguistic	_	none	_	_	_	_	_	_
1187-6	BOI070	1187	1187	6	sapere	sapere	_	_	_	_	_	linguistic	_	none	_	_	_	_	_	_
1187-7	BOI070	1187	1187	7	coltivare	coltivare	_	_	_	_	_	linguistic	_	none	_	_	_	_	_	_
1187-8	BOI070	1187	1187	8	con	con	_	_	_	_	_	linguistic	_	none	_	_	_	_	_	_
1187-9	BOI070	1187	1187	9	il	il	_	_	_	_	_	linguistic	_	none	_	_	_	_	_	_
1187-10	BOI070	1187	1187	10	tempo	tempo	_	_	_	_	_	linguistic	_	none	_	End=2223.873	_	_	_	_
1188-0	BOI070	1188	1188	0	e:	e	_	_	_	_	_	linguistic	_	none	_	Begin=2224.725|End=2225.014	0x1	_	_	_
1189-0	BOI070	1189	1189	0	(con	con	_	_	_	_	_	linguistic	_	none	_	Begin=2225.725	_	_	0-3(0)	_
1189-1	BOI070	1189	1189	1	la)	la	_	_	_	_	_	linguistic	_	none	_	_	_	_	0-2(0)	_
1189-2	BOI070	1189	1189	2	mente	mente	_	_	_	_	_	linguistic	_	none	_	_	_	_	_	_
1189-3	BOI070	1189	1189	3	perché	perché	_	_	_	_	_	linguistic	_	none	_	_	_	_	_	_
1189-4	BOI070	1189	1189	4	la	la	_	_	_	_	_	linguistic	_	none	_	_	_	_	_	_
1189-5	BOI070	1189	1189	5	mente	mente	_	_	_	_	_	linguistic	_	none	_	_	_	_	_	_
1189-6	BOI070	1189	1189	6	se~	se~	_	_	_	_	_	linguistic	_	none	Interrupted=Yes|PauseAfter=Yes	_	_	_	_	_
1189-7	BOI070	1189	1189	7	(.)	(.)	_	_	_	_	_	shortpause	_	none	_	_	_	_	_	_
1189-8	BOI070	1189	1189	8	dopo	dopo	_	_	_	_	_	linguistic	_	none	_	_	_	_	_	_
1189-9	BOI070	1189	1189	9	un	un	_	_	_	_	_	linguistic	_	none	_	_	_	_	_	_
1189-10	BOI070	1189	1189	10	po'	po'	_	_	_	_	_	linguistic	_	none	_	_	_	_	_	_
1189-11	BOI070	1189	1189	11	di	di	_	_	_	_	_	linguistic	_	none	_	_	_	_	_	_
1189-12	BOI070	1189	1189	12	tempo	tempo	_	_	_	_	_	linguistic	_	none	_	_	_	_	_	_
1189-13	BOI070	1189	1189	13	si	si	_	_	_	_	_	linguistic	_	none	_	_	_	_	_	_
1189-14	BOI070	1189	1189	14	brucia	brucia	_	_	_	_	_	linguistic	_	none	_	End=2228.365	_	_	_	_
1190-0	BOR021	1190	1190	0	((ride))	((ride))	_	_	_	_	_	nonverbalbehavior	_	none	_	Begin=2228.686|End=2229.022	_	_	_	_
1191-0	BOI070	1191	1191	0	se	se	_	_	_	_	_	linguistic	_	none	_	Begin=2229.022	_	_	_	_
1191-1	BOI070	1191	1191	1	se	se	_	_	_	_	_	linguistic	_	none	PauseAfter=Yes	_	_	_	_	_
1191-2	BOI070	1191	1191	2	(.)	(.)	_	_	_	_	_	shortpause	_	none	_	_	_	_	_	_
1191-3	BOI070	1191	1191	3	se	se	_	_	_	_	_	linguistic	_	none	_	_	_	_	_	_
1191-4	BOI070	1191	1191	4	tiri	tiri	_	_	_	_	_	linguistic	_	none	_	_	_	_	_	_
1191-5	BOI070	1191	1191	5	al	al	_	_	_	_	_	linguistic	_	none	_	_	_	_	_	_
1191-6	BOI070	1191	1191	6	massimo	massimo	_	_	_	_	_	linguistic	_	none	_	_	_	_	_	_
1191-7	BOI070	1191	1191	7	okay?	okay	_	_	_	_	_	linguistic	_	none	Intonation=Rising	End=2230.67	_	_	_	_
1192-0	BOR021	1192	1192	0	certo	certo	_	_	_	_	_	linguistic	_	none	_	Begin=2230.74|End=2231.131	_	_	_	_
1193-0	BOI070	1193	1193	0	quindi	quindi	_	_	_	_	_	linguistic	_	none	_	Begin=2231.826	_	_	_	_
1193-1	BOI070	1193	1193	1	le	le	_	_	_	_	_	linguistic	_	none	_	_	_	_	_	_
1193-2	BOI070	1193	1193	2	passioni	passioni	_	_	_	_	_	linguistic	_	none	_	_	_	_	_	_
1193-3	BOI070	1193	1193	3	sono	sono	_	_	_	_	_	linguistic	_	none	_	_	_	_	_	_
1193-4	BOI070	1193	1193	4	un	un	_	_	_	_	_	linguistic	_	none	_	_	_	_	_	_
1193-5	BOI070	1193	1193	5	po'	po'	_	_	_	_	_	linguistic	_	none	_	_	_	_	_	_
1193-6	BOI070	1193	1193	6	questo	questo	_	_	_	_	_	linguistic	_	none	_	_	_	_	_	_
1193-7	BOI070	1193	1193	7	le	le	_	_	_	_	_	linguistic	_	none	_	_	_	_	_	_
1193-8	BOI070	1193	1193	8	passioni	passioni	_	_	_	_	_	linguistic	_	none	_	_	_	_	_	_
1193-9	BOI070	1193	1193	9	ti	ti	_	_	_	_	_	linguistic	_	none	_	_	_	_	_	_
1193-10	BOI070	1193	1193	10	tengono	tengono	_	_	_	_	_	linguistic	_	none	_	_	_	_	_	_
1193-11	BOI070	1193	1193	11	vi:vo	vivo	_	_	_	_	_	linguistic	_	none	_	End=2234.308	1x1	_	_	_
1194-0	BOI070	1194	1194	0	certo	certo	_	_	_	_	_	linguistic	_	none	_	Begin=2234.732|End=2235.123	_	_	_	_
1195-0	BOI070	1195	1195	0	però	però	_	_	_	_	_	linguistic	_	none	_	Begin=2236.256	_	_	_	_
1195-1	BOI070	1195	1195	1	ti	ti	_	_	_	_	_	linguistic	_	none	_	_	_	_	_	_
1195-2	BOI070	1195	1195	2	possono	possono	_	_	_	_	_	linguistic	_	none	_	_	_	_	_	_
1195-3	BOI070	1195	1195	3	anche	anche	_	_	_	_	_	linguistic	_	none	_	_	_	_	_	_
1195-4	BOI070	1195	1195	4	in	in	_	_	_	_	_	linguistic	_	none	_	_	_	_	_	_
1195-5	BOI070	1195	1195	5	un	un	_	_	_	_	_	linguistic	_	none	_	_	_	_	_	_
1195-6	BOI070	1195	1195	6	certo	certo	_	_	_	_	_	linguistic	_	none	_	_	_	_	_	_
1195-7	BOI070	1195	1195	7	senso	senso	_	_	_	_	_	linguistic	_	none	PauseAfter=Yes	_	_	_	_	_
1195-8	BOI070	1195	1195	8	(.)	(.)	_	_	_	_	_	shortpause	_	none	_	_	_	_	_	_
1195-9	BOI070	1195	1195	9	>è	è	_	_	_	_	_	linguistic	_	none	_	_	_	Fast=0-1(0)	_	_
1195-10	BOI070	1195	1195	10	brutto	brutto	_	_	_	_	_	linguistic	_	none	_	_	_	Fast=0-6(0)	_	_
1195-11	BOI070	1195	1195	11	da	da	_	_	_	_	_	linguistic	_	none	_	_	_	Fast=0-2(0)	_	_
1195-12	BOI070	1195	1195	12	dire<	dire	_	_	_	_	_	linguistic	_	none	_	_	_	Fast=0-4(0)	_	_
1195-13	BOI070	1195	1195	13	ma	ma	_	_	_	_	_	linguistic	_	none	_	_	_	_	_	_
1195-14	BOI070	1195	1195	14	distruggere	distruggere	_	_	_	_	_	linguistic	_	none	_	_	_	_	_	_
1195-15	BOI070	1195	1195	15	no?	no	_	_	_	_	_	linguistic	_	none	Intonation=Rising	End=2239.951	_	_	_	_
1196-0	BOI070	1196	1196	0	perché	perché	_	_	_	_	_	linguistic	_	none	_	Begin=2240.654|End=2241.123	_	_	_	_
1197-0	BOR021	1197	1197	0	ma[gari	magari	_	_	_	_	_	linguistic	_	none	_	Begin=2241.24	_	_	_	2-6(39)
1197-1	BOR021	1197	1197	1	ti	ti	_	_	_	_	_	linguistic	_	none	_	_	_	_	_	0-2(39)
1197-2	BOR021	1197	1197	2	concen]tri	concentri	_	_	_	_	_	linguistic	_	none	_	_	_	_	_	0-6(39)
1197-3	BOR021	1197	1197	3	tro:ppo	troppo	_	_	_	_	_	linguistic	_	none	_	_	2x1	_	_	_
1197-4	BOR021	1197	1197	4	su	su	_	_	_	_	_	linguistic	_	none	_	_	_	_	_	_
1197-5	BOR021	1197	1197	5	quel[lo]	quello	_	_	_	_	_	linguistic	_	none	_	End=2243.201	_	_	_	4-6(40)
1198-0	BOI070	1198	1198	0	[°ti	ti	_	_	_	_	_	linguistic	_	none	Volume=low	Begin=2241.365	_	_	_	0-2(39)
1198-1	BOI070	1198	1198	1	vengono°]	vengono	_	_	_	_	_	linguistic	_	none	Volume=low	End=2241.967	_	_	_	0-7(39)
1199-0	BOI070	1199	1199	0	[EH]	eh	_	_	_	_	_	linguistic	_	none	PauseAfter=Yes|Volume=high	Begin=2242.99	_	_	_	0-2(40)
1199-1	BOI070	1199	1199	1	(.)	(.)	_	_	_	_	_	shortpause	_	none	_	_	_	_	_	_
1199-2	BOI070	1199	1199	2	diventi	diventi	_	_	_	_	_	linguistic	_	none	_	_	_	_	_	_
1199-3	BOI070	1199	1199	3	molto	molto	_	_	_	_	_	linguistic	_	none	_	_	_	_	_	_
1199-4	BOI070	1199	1199	4	ossessionato	ossessionato	_	_	_	_	_	linguistic	_	none	_	_	_	_	_	_
1199-5	BOI070	1199	1199	5	per	per	_	_	_	_	_	linguistic	_	none	_	_	_	_	_	_
1199-6	BOI070	1199	1199	6	le	le	_	_	_	_	_	linguistic	_	none	_	_	_	_	_	_
1199-7	BOI070	1199	1199	7	passioni::	passioni	_	_	_	_	_	linguistic	_	none	_	End=2245.904	7x2	_	_	_
1200-0	BOI070	1200	1200	0	possono	possono	_	_	_	_	_	linguistic	_	none	_	Begin=2246.764	_	_	_	_
1200-1	BOI070	1200	1200	1	>(arrivare	arrivare	_	_	_	_	_	linguistic	_	none	_	_	_	Fast=0-8(0)	0-8(0)	_
1200-2	BOI070	1200	1200	2	anche	anche	_	_	_	_	_	linguistic	_	none	_	_	_	Fast=0-5(0)	0-5(0)	_
1200-3	BOI070	1200	1200	3	così)	così	_	_	_	_	_	linguistic	_	none	_	_	_	Fast=0-4(0)	0-4(0)	_
1200-4	BOI070	1200	1200	4	da	da	_	_	_	_	_	linguistic	_	none	_	_	_	Fast=0-2(0)	_	_
1200-5	BOI070	1200	1200	5	una	una	_	_	_	_	_	linguistic	_	none	_	_	_	Fast=0-3(0)	_	_
1200-6	BOI070	1200	1200	6	cosa<	cosa	_	_	_	_	_	linguistic	_	none	_	_	_	Fast=0-4(0)	_	_
1200-7	BOI070	1200	1200	7	che	che	_	_	_	_	_	linguistic	_	none	_	_	_	_	_	_
1200-8	BOI070	1200	1200	8	ti	ti	_	_	_	_	_	linguistic	_	none	_	_	_	_	_	_
1200-9	BOI070	1200	1200	9	pia:ce	piace	_	_	_	_	_	linguistic	_	none	_	_	2x1	_	_	_
1200-10	BOI070	1200	1200	10	mo:lto:	molto	_	_	_	_	_	linguistic	_	none	_	End=2249.265	1x1,4x1	_	_	_
1201-0	BOI070	1201	1201	0	può::	può	_	_	_	_	_	linguistic	_	none	_	Begin=2250.084	2x2	_	_	_
1201-1	BOI070	1201	1201	1	può	può	_	_	_	_	_	linguistic	_	none	_	_	_	_	_	_
1201-2	BOI070	1201	1201	2	fare	fare	_	_	_	_	_	linguistic	_	none	_	_	_	_	_	_
1201-3	BOI070	1201	1201	3	anche	anche	_	_	_	_	_	linguistic	_	none	_	_	_	_	_	_
1201-4	BOI070	1201	1201	4	questo	questo	_	_	_	_	_	linguistic	_	none	_	End=2251.522	_	_	_	_
1202-0	BOR021	1202	1202	0	t[u]?	tu	_	_	_	_	_	linguistic	_	none	Intonation=Rising	Begin=2252.186|End=2252.412	_	_	_	1-2(41)
1203-0	BOI070	1203	1203	0	[e]cco	ecco	_	_	_	_	_	linguistic	_	none	_	Begin=2252.28|End=2252.632	_	_	_	0-1(41)
1204-0	BOR021	1204	1204	0	ne	ne	_	_	_	_	_	linguistic	_	none	_	Begin=2252.803	_	_	_	_
1204-1	BOR021	1204	1204	1	hai	hai	_	_	_	_	_	linguistic	_	none	_	_	_	_	_	_
1204-2	BOR021	1204	1204	2	scoperte	scoperte	_	_	_	_	_	linguistic	_	none	_	_	_	_	_	_
1204-3	BOR021	1204	1204	3	altre	altre	_	_	_	_	_	linguistic	_	none	_	_	_	_	_	_
1204-4	BOR021	1204	1204	4	oltre	oltre	_	_	_	_	_	linguistic	_	none	_	_	_	_	_	_
1204-5	BOR021	1204	1204	5	alla:	alla	_	_	_	_	_	linguistic	_	none	PauseAfter=Yes	_	3x1	_	_	_
1204-6	BOR021	1204	1204	6	(.)	(.)	_	_	_	_	_	shortpause	_	none	_	_	_	_	_	_
1204-7	BOR021	1204	1204	7	fotografia?	fotografia	_	_	_	_	_	linguistic	_	none	Intonation=Rising	End=2254.522	_	_	_	_
1205-0	BOR021	1205	1205	0	o	o	_	_	_	_	_	linguistic	_	none	_	Begin=2254.693	_	_	_	_
1205-1	BOR021	1205	1205	1	quella	quella	_	_	_	_	_	linguistic	_	none	_	_	_	_	_	_
1205-2	BOR021	1205	1205	2	è	è	_	_	_	_	_	linguistic	_	none	_	_	_	_	_	_
1205-3	BOR021	1205	1205	3	rima[sta]?	rimasta	_	_	_	_	_	linguistic	_	none	Intonation=Rising	End=2255.529	_	_	_	4-7(42)
1206-0	BOI071	1206	1206	0	[ma	ma	_	_	_	_	_	linguistic	_	none	_	Begin=2255.271	_	_	_	0-2(42)
1206-1	BOI071	1206	1206	1	di]	di	_	_	_	_	_	linguistic	_	none	_	_	_	_	_	0-2(42)
1206-2	BOI071	1206	1206	2	passione	passione	_	_	_	_	_	linguistic	_	none	_	_	_	_	_	_
1206-3	BOI071	1206	1206	3	ce	ce	_	_	_	_	_	linguistic	_	none	_	_	_	_	_	_
1206-4	BOI071	1206	1206	4	ne	ne	_	_	_	_	_	linguistic	_	none	_	_	_	_	_	_
1206-5	BOI071	1206	1206	5	sono	sono	_	_	_	_	_	linguistic	_	none	_	End=2256.662	_	_	_	_
1207-0	BOI071	1207	1207	0	però::	però	_	_	_	_	_	linguistic	_	none	_	Begin=2256.733	3x2	_	_	_
1207-1	BOI071	1207	1207	1	è:	è	_	_	_	_	_	linguistic	_	none	_	_	0x1	_	_	_
1207-2	BOI071	1207	1207	2	sempre	sempre	_	_	_	_	_	linguistic	_	none	_	_	_	_	_	_
1207-3	BOI071	1207	1207	3	questo	questo	_	_	_	_	_	linguistic	_	none	_	_	_	_	_	_
1207-4	BOI071	1207	1207	4	il	il	_	_	_	_	_	linguistic	_	none	_	_	_	_	_	_
1207-5	BOI071	1207	1207	5	punto	punto	_	_	_	_	_	linguistic	_	none	_	_	_	_	_	_
1207-6	BOI071	1207	1207	6	infatti	infatti	_	_	_	_	_	linguistic	_	none	_	_	_	_	_	_
1207-7	BOI071	1207	1207	7	una	una	_	_	_	_	_	linguistic	_	none	_	_	_	_	_	_
1207-8	BOI071	1207	1207	8	volta	volta	_	_	_	_	_	linguistic	_	none	_	_	_	_	_	_
1207-9	BOI071	1207	1207	9	mi	mi	_	_	_	_	_	linguistic	_	none	_	_	_	_	_	_
1207-10	BOI071	1207	1207	10	pento	pento	_	_	_	_	_	linguistic	_	none	_	_	_	_	_	_
1207-11	BOI071	1207	1207	11	molto	molto	_	_	_	_	_	linguistic	_	none	_	_	_	_	_	_
1207-12	BOI071	1207	1207	12	di	di	_	_	_	_	_	linguistic	_	none	_	_	_	_	_	_
1207-13	BOI071	1207	1207	13	fare:	fare	_	_	_	_	_	linguistic	_	none	_	_	3x1	_	_	_
1207-14	BOI071	1207	1207	14	tutte	tutte	_	_	_	_	_	linguistic	_	none	_	_	_	_	_	_
1207-15	BOI071	1207	1207	15	queste	queste	_	_	_	_	_	linguistic	_	none	_	_	_	_	_	_
1207-16	BOI071	1207	1207	16	ore	ore	_	_	_	_	_	linguistic	_	none	_	_	_	_	_	_
1207-17	BOI071	1207	1207	17	a(l)	al	_	_	_	_	_	linguistic	_	none	_	_	_	_	1-2(0)	_
1207-18	BOI071	1207	1207	18	lavoro	lavoro	_	_	_	_	_	linguistic	_	none	_	End=2262.395	_	_	_	_
1208-0	BOI071	1208	1208	0	e	e	_	_	_	_	_	linguistic	_	none	_	Begin=2262.918	_	_	_	_
1208-1	BOI071	1208	1208	1	non	non	_	_	_	_	_	linguistic	_	none	_	_	_	_	_	_
1208-2	BOI071	1208	1208	2	riuscire:	riuscire	_	_	_	_	_	linguistic	_	none	_	End=2263.668	7x1	_	_	_
1209-0	BOI071	1209	1209	0	magari	magari	_	_	_	_	_	linguistic	_	none	_	Begin=2263.815	_	_	_	_
1209-1	BOI071	1209	1209	1	per	per	_	_	_	_	_	linguistic	_	none	_	_	_	_	_	_
1209-2	BOI071	1209	1209	2	lui	lui	_	_	_	_	_	linguistic	_	none	PauseAfter=Yes	_	_	_	_	_
1209-3	BOI071	1209	1209	3	(.)	(.)	_	_	_	_	_	shortpause	_	none	_	_	_	_	_	_
1209-4	BOI071	1209	1209	4	è::	è	_	_	_	_	_	linguistic	_	none	_	End=2265.543	0x2	_	_	_
1210-0	BOI071	1210	1210	0	che	che	_	_	_	_	_	linguistic	_	none	PauseAfter=Yes	Begin=2266.861	_	_	_	_
1210-1	BOI071	1210	1210	1	(.)	(.)	_	_	_	_	_	shortpause	_	none	_	_	_	_	_	_
1210-2	BOI071	1210	1210	2	se	se	_	_	_	_	_	linguistic	_	none	_	_	_	_	_	_
1210-3	BOI071	1210	1210	3	le	le	_	_	_	_	_	linguistic	_	none	_	_	_	_	_	_
1210-4	BOI071	1210	1210	4	segui	segui	_	_	_	_	_	linguistic	_	none	_	_	_	_	_	_
1210-5	BOI071	1210	1210	5	troppo	troppo	_	_	_	_	_	linguistic	_	none	_	_	_	_	_	_
1210-6	BOI071	1210	1210	6	le	le	_	_	_	_	_	linguistic	_	none	_	_	_	_	_	_
1210-7	BOI071	1210	1210	7	bruci	bruci	_	_	_	_	_	linguistic	_	none	_	_	_	_	_	_
1210-8	BOI071	1210	1210	8	okay?	okay	_	_	_	_	_	linguistic	_	none	Intonation=Rising	_	_	_	_	_
1210-9	BOI071	1210	1210	9	ma	ma	_	_	_	_	_	linguistic	_	none	_	_	_	_	_	_
1210-10	BOI071	1210	1210	10	i[o	io	_	_	_	_	_	linguistic	_	none	_	_	_	_	_	1-2(43)
1210-11	BOI071	1210	1210	11	non	non	_	_	_	_	_	linguistic	_	none	_	_	_	_	_	0-3(43)
1210-12	BOI071	1210	1210	12	ho	ho	_	_	_	_	_	linguistic	_	none	_	_	_	_	_	0-2(43)
1210-13	BOI071	1210	1210	13	ne]anche	neanche	_	_	_	_	_	linguistic	_	none	_	_	_	_	_	0-2(43)
1210-14	BOI071	1210	1210	14	il	il	_	_	_	_	_	linguistic	_	none	_	_	_	_	_	_
1210-15	BOI071	1210	1210	15	tempo	tempo	_	_	_	_	_	linguistic	_	none	_	_	_	_	_	_
1210-16	BOI071	1210	1210	16	di	di	_	_	_	_	_	linguistic	_	none	_	_	_	_	_	_
1210-17	BOI071	1210	1210	17	segurile	segurile	_	_	_	_	_	linguistic	_	none	_	_	_	_	_	_
1210-18	BOI071	1210	1210	18	perch[é:	perché	_	_	_	_	_	linguistic	_	none	_	_	5x1	_	_	5-6(44)
1210-19	BOI071	1210	1210	19	esatto]	esatto	_	_	_	_	_	linguistic	_	none	_	End=2271.747	_	_	_	0-6(44)
1211-0	BOR021	1211	1211	0	[mh]	mh	_	_	_	_	_	linguistic	_	none	_	Begin=2269.281|End=2269.512	_	_	_	0-2(43)
1212-0	BOR021	1212	1212	0	[certo	certo	_	_	_	_	_	linguistic	_	none	_	Begin=2270.668	_	_	_	0-5(44)
1212-1	BOR021	1212	1212	1	quindi	quindi	_	_	_	_	_	linguistic	_	none	_	_	_	_	_	0-6(44)
1212-2	BOR021	1212	1212	2	dici	dici	_	_	_	_	_	linguistic	_	none	_	_	_	_	_	0-4(44)
1212-3	BOR021	1212	1212	3	non	non	_	_	_	_	_	linguistic	_	none	_	_	_	_	_	0-3(44)
1212-4	BOR021	1212	1212	4	non	non	_	_	_	_	_	linguistic	_	none	_	_	_	_	_	0-3(44)
1212-5	BOR021	1212	1212	5	c]i	ci	_	_	_	_	_	linguistic	_	none	_	_	_	_	_	0-1(44)
1212-6	BOR021	1212	1212	6	arrivo	arrivo	_	_	_	_	_	linguistic	_	none	_	_	_	_	_	_
1212-7	BOR021	1212	1212	7	al	al	_	_	_	_	_	linguistic	_	none	_	_	_	_	_	_
1212-8	BOR021	1212	1212	8	tro[ppo]	troppo	_	_	_	_	_	linguistic	_	none	_	_	_	_	_	3-6(45)
1212-9	BOR021	1212	1212	9	((ride))	((ride))	_	_	_	_	_	nonverbalbehavior	_	none	_	End=2272.668	_	_	_	_
1213-0	BOI071	1213	1213	0	[(eh)	eh	_	_	_	_	_	linguistic	_	none	_	Begin=2272.429	_	_	0-2(0)	0-2(45)
1213-1	BOI071	1213	1213	1	esa]tto	esatto	_	_	_	_	_	linguistic	_	none	_	_	_	_	_	0-3(45)
1213-2	BOI071	1213	1213	2	capito,	capito	_	_	_	_	_	linguistic	_	none	Intonation=WeaklyRising	_	_	_	_	_
1213-3	BOI071	1213	1213	3	quindi	quindi	_	_	_	_	_	linguistic	_	none	_	_	_	_	_	_
1213-4	BOI071	1213	1213	4	è	è	_	_	_	_	_	linguistic	_	none	_	_	_	_	_	_
1213-5	BOI071	1213	1213	5	un	un	_	_	_	_	_	linguistic	_	none	_	_	_	_	_	_
1213-6	BOI071	1213	1213	6	po':::	po'	_	_	_	_	_	linguistic	_	none	_	End=2275.297	1x3	_	_	_
1214-0	BOI071	1214	1214	0	mi	mi	_	_	_	_	_	linguistic	_	none	_	Begin=2276.35	_	_	_	_
1214-1	BOI071	1214	1214	1	dispiace	dispiace	_	_	_	_	_	linguistic	_	none	_	End=2277.13	_	_	_	_
1215-0	BOI071	1215	1215	0	però::	però	_	_	_	_	_	linguistic	_	none	_	Begin=2277.793	3x2	_	_	_
1215-1	BOI071	1215	1215	1	sì	sì	_	_	_	_	_	linguistic	_	none	_	_	_	_	_	_
1215-2	BOI071	1215	1215	2	a	a	_	_	_	_	_	linguistic	_	none	_	_	_	_	_	_
1215-3	BOI071	1215	1215	3	vent'	vent'	_	_	_	_	_	linguistic	_	none	SpaceAfter=No	_	_	_	_	_
1215-4	BOI071	1215	1215	4	anni	anni	_	_	_	_	_	linguistic	_	none	_	_	_	_	_	_
1215-5	BOI071	1215	1215	5	la	la	_	_	_	_	_	linguistic	_	none	_	_	_	_	_	_
1215-6	BOI071	1215	1215	6	cosa	cosa	_	_	_	_	_	linguistic	_	none	_	_	_	_	_	_
1215-7	BOI071	1215	1215	7	che	che	_	_	_	_	_	linguistic	_	none	_	_	_	_	_	_
1215-8	BOI071	1215	1215	8	dovresti	dovresti	_	_	_	_	_	linguistic	_	none	_	_	_	_	_	_
1215-9	BOI071	1215	1215	9	fare	fare	_	_	_	_	_	linguistic	_	none	_	_	_	_	_	_
1215-10	BOI071	1215	1215	10	è	è	_	_	_	_	_	linguistic	_	none	_	_	_	_	_	_
1215-11	BOI071	1215	1215	11	un	un	_	_	_	_	_	linguistic	_	none	_	_	_	_	_	_
1215-12	BOI071	1215	1215	12	po':	po'	_	_	_	_	_	linguistic	_	none	PauseAfter=Yes	_	1x1	_	_	_
1215-13	BOI071	1215	1215	13	(.)	(.)	_	_	_	_	_	shortpause	_	none	_	_	_	_	_	_
1215-14	BOI071	1215	1215	14	quello	quello	_	_	_	_	_	linguistic	_	none	_	_	_	_	_	_
1215-15	BOI071	1215	1215	15	di	di	_	_	_	_	_	linguistic	_	none	_	_	_	_	_	_
1215-16	BOI071	1215	1215	16	scoprire	scoprire	_	_	_	_	_	linguistic	_	none	_	_	_	_	_	_
1215-17	BOI071	1215	1215	17	te	te	_	_	_	_	_	linguistic	_	none	_	_	_	_	_	_
1215-18	BOI071	1215	1215	18	stesso	stesso	_	_	_	_	_	linguistic	_	none	_	_	_	_	_	_
1215-19	BOI071	1215	1215	19	e	e	_	_	_	_	_	linguistic	_	none	_	_	_	_	_	_
1215-20	BOI071	1215	1215	20	seguire	seguire	_	_	_	_	_	linguistic	_	none	_	_	_	_	_	_
1215-21	BOI071	1215	1215	21	le	le	_	_	_	_	_	linguistic	_	none	_	_	_	_	_	_
1215-22	BOI071	1215	1215	22	tue	tue	_	_	_	_	_	linguistic	_	none	_	_	_	_	_	_
1215-23	BOI071	1215	1215	23	passioni	passioni	_	_	_	_	_	linguistic	_	none	_	End=2283.71	_	_	_	_
1216-0	BOI071	1216	1216	0	però	però	_	_	_	_	_	linguistic	_	none	_	Begin=2284.259	_	_	_	_
1216-1	BOI071	1216	1216	1	non	non	_	_	_	_	_	linguistic	_	none	_	_	_	_	_	_
1216-2	BOI071	1216	1216	2	avendo	avendo	_	_	_	_	_	linguistic	_	none	_	_	_	_	_	_
1216-3	BOI071	1216	1216	3	tempo	tempo	_	_	_	_	_	linguistic	_	none	_	End=2285.736	_	_	_	_
1217-0	BOI070	1217	1217	0	no	no	_	_	_	_	_	linguistic	_	none	_	Begin=2286.122	_	_	_	_
1217-1	BOI070	1217	1217	1	[più	più	_	_	_	_	_	linguistic	_	none	_	_	_	_	_	0-3(46)
1217-2	BOI070	1217	1217	2	che	che	_	_	_	_	_	linguistic	_	none	_	_	_	_	_	0-3(46)
1217-3	BOI070	1217	1217	3	altro	altro	_	_	_	_	_	linguistic	_	none	_	_	_	_	_	0-5(46)
1217-4	BOI070	1217	1217	4	non	non	_	_	_	_	_	linguistic	_	none	_	_	_	_	_	0-3(46)
1217-5	BOI070	1217	1217	5	non	non	_	_	_	_	_	linguistic	_	none	_	_	_	_	_	0-3(46)
1217-6	BOI070	1217	1217	6	è]	è	_	_	_	_	_	linguistic	_	none	_	_	_	_	_	0-1(46)
1217-7	BOI070	1217	1217	7	x	x	_	_	_	_	_	unknown	_	none	Syllables=1	_	_	_	_	_
1217-8	BOI070	1217	1217	8	io	io	_	_	_	_	_	linguistic	_	none	_	_	_	_	_	_
1217-9	BOI070	1217	1217	9	penso	penso	_	_	_	_	_	linguistic	_	none	_	_	_	_	_	_
1217-10	BOI070	1217	1217	10	che	che	_	_	_	_	_	linguistic	_	none	_	_	_	_	_	_
1217-11	BOI070	1217	1217	11	proprio	proprio	_	_	_	_	_	linguistic	_	none	_	_	_	_	_	_
1217-12	BOI070	1217	1217	12	sia:	sia	_	_	_	_	_	linguistic	_	none	_	End=2288.418	2x1	_	_	_
1218-0	BOI071	1218	1218	0	[(me	me	_	_	_	_	_	linguistic	_	none	_	Begin=2286.338	_	_	0-2(0)	0-2(46)
1218-1	BOI071	1218	1218	1	ne	ne	_	_	_	_	_	linguistic	_	none	_	_	_	_	0-2(0)	0-2(46)
1218-2	BOI071	1218	1218	2	pento)]	pento	_	_	_	_	_	linguistic	_	none	_	End=2286.997	_	_	0-5(0)	0-5(46)
1219-0	BOI070	1219	1219	0	avendo	avendo	_	_	_	_	_	linguistic	_	none	_	Begin=2289.35	_	_	_	_
1219-1	BOI070	1219	1219	1	molte	molte	_	_	_	_	_	linguistic	_	none	_	_	_	_	_	_
1219-2	BOI070	1219	1219	2	priorità	priorità	_	_	_	_	_	linguistic	_	none	_	End=2290.497	_	_	_	_
1220-0	BOI071	1220	1220	0	esatto	esatto	_	_	_	_	_	linguistic	_	none	_	Begin=2291.304	_	_	_	_
1220-1	BOI071	1220	1220	1	sì	sì	_	_	_	_	_	linguistic	_	none	_	_	_	_	_	_
1220-2	BOI071	1220	1220	2	(è	è	_	_	_	_	_	linguistic	_	none	_	_	_	_	0-1(0)	_
1220-3	BOI071	1220	1220	3	[che:)]	che	_	_	_	_	_	linguistic	_	none	_	End=2292.815	2x1	_	0-3(0)	0-3(47)
1221-0	BOI070	1221	1221	0	[è	è	_	_	_	_	_	linguistic	_	none	_	Begin=2292.406	_	_	_	0-1(47)
1221-1	BOI070	1221	1221	1	che	che	_	_	_	_	_	linguistic	_	none	_	_	_	_	_	0-3(47)
1221-2	BOI070	1221	1221	2	pur]troppo:	purtroppo	_	_	_	_	_	linguistic	_	none	_	End=2293.281	8x1	_	_	0-3(47)
1222-0	BOI070	1222	1222	0	quando	quando	_	_	_	_	_	linguistic	_	none	_	Begin=2294.315	_	_	_	_
1222-1	BOI070	1222	1222	1	magari:	magari	_	_	_	_	_	linguistic	_	none	_	End=2295.229	5x1	_	_	_
1223-0	BOI071	1223	1223	0	vabbè	vabbè	_	_	_	_	_	linguistic	_	none	_	Begin=2296.02	_	_	_	_
1223-1	BOI071	1223	1223	1	in	in	_	_	_	_	_	linguistic	_	none	_	_	_	_	_	_
1223-2	BOI071	1223	1223	2	base	base	_	_	_	_	_	linguistic	_	none	_	_	_	_	_	_
1223-3	BOI071	1223	1223	3	alle	alle	_	_	_	_	_	linguistic	_	none	_	_	_	_	_	_
1223-4	BOI071	1223	1223	4	famiglie	famiglie	_	_	_	_	_	linguistic	_	none	_	_	_	_	_	_
1223-5	BOI071	1223	1223	5	che	che	_	_	_	_	_	linguistic	_	none	_	_	_	_	_	_
1223-6	BOI071	1223	1223	6	capito,	capito	_	_	_	_	_	linguistic	_	none	Intonation=WeaklyRising	_	_	_	_	_
1223-7	BOI071	1223	1223	7	[magari	magari	_	_	_	_	_	linguistic	_	none	_	_	_	_	_	0-6(48)
1223-8	BOI071	1223	1223	8	c'	c'	_	_	_	_	_	linguistic	_	none	SpaceAfter=No	_	_	_	_	0-2(48)
1223-9	BOI071	1223	1223	9	è	è	_	_	_	_	_	linguistic	_	none	_	_	_	_	_	0-1(48)
1223-10	BOI071	1223	1223	10	q]uello:	quello	_	_	_	_	_	linguistic	_	none	_	End=2299.009	5x1	_	_	0-1(48)
1224-0	BOI070	1224	1224	0	[xxx]	xxx	_	_	_	_	_	unknown	_	none	Syllables=3	Begin=2297.781|End=2298.338	_	_	_	0-3(48)
1225-0	BOI071	1225	1225	0	mh	mh	_	_	_	_	_	linguistic	_	none	_	Begin=2299.156	_	_	_	_
1225-1	BOI071	1225	1225	1	che	che	_	_	_	_	_	linguistic	_	none	_	_	_	_	_	_
1225-2	BOI071	1225	1225	2	ha::	ha	_	_	_	_	_	linguistic	_	none	_	_	1x2	_	_	_
1225-3	BOI071	1225	1225	3	che	che	_	_	_	_	_	linguistic	_	none	_	_	_	_	_	_
1225-4	BOI071	1225	1225	4	che	che	_	_	_	_	_	linguistic	_	none	_	_	_	_	_	_
1225-5	BOI071	1225	1225	5	gli	gli	_	_	_	_	_	linguistic	_	none	_	_	_	_	_	_
1225-6	BOI071	1225	1225	6	dà	dà	_	_	_	_	_	linguistic	_	none	_	_	_	_	_	_
1225-7	BOI071	1225	1225	7	tutto	tutto	_	_	_	_	_	linguistic	_	none	_	_	_	_	_	_
1225-8	BOI071	1225	1225	8	il	il	_	_	_	_	_	linguistic	_	none	_	_	_	_	_	_
1225-9	BOI071	1225	1225	9	padre	padre	_	_	_	_	_	linguistic	_	none	_	_	_	_	_	_
1225-10	BOI071	1225	1225	10	la	la	_	_	_	_	_	linguistic	_	none	_	_	_	_	_	_
1225-11	BOI071	1225	1225	11	ma~	ma~	_	_	_	_	_	linguistic	_	none	Interrupted=Yes	_	_	_	_	_
1225-12	BOI071	1225	1225	12	c(io)è	cioè	_	_	_	_	_	linguistic	_	none	Reduced=Yes	End=2301.918	_	_	_	_
1226-0	BOI070	1226	1226	0	eh	eh	_	_	_	_	_	linguistic	_	none	_	Begin=2302.009|End=2302.259	_	_	_	_
1227-0	BOR021	1227	1227	0	certo	certo	_	_	_	_	_	linguistic	_	none	_	Begin=2302.315	_	_	_	_
1227-1	BOR021	1227	1227	1	anche	anche	_	_	_	_	_	linguistic	_	none	_	_	_	_	_	_
1227-2	BOR021	1227	1227	2	questo	questo	_	_	_	_	_	linguistic	_	none	_	_	_	_	_	_
1227-3	BOR021	1227	1227	3	[fa]	fa	_	_	_	_	_	linguistic	_	none	_	End=2303.19	_	_	_	0-2(49)
1228-0	BOI071	1228	1228	0	[inv]e[ce	invece	_	_	_	_	_	linguistic	_	none	_	Begin=2303.088	_	_	_	0-3(49),4-6(50)
1228-1	BOI071	1228	1228	1	magar°i:::°]	magari	_	_	_	_	_	linguistic	_	none	Volume=low	End=2304.452	5x3	_	_	0-6(50)
1229-0	BOI070	1229	1229	0	[(per	per	_	_	_	_	_	linguistic	_	none	_	Begin=2303.372	_	_	0-3(0)	0-3(50)
1229-1	BOI070	1229	1229	1	noi)	noi	_	_	_	_	_	linguistic	_	none	PauseAfter=Yes	_	_	_	0-3(0)	0-3(50)
1229-2	BOI070	1229	1229	2	(.)	(.)	_	_	_	_	_	shortpause	_	none	_	_	_	_	_	_
1229-3	BOI070	1229	1229	3	noi	noi	_	_	_	_	_	linguistic	_	none	_	_	_	_	_	0-3(50)
1229-4	BOI070	1229	1229	4	no]	no	_	_	_	_	_	linguistic	_	none	PauseAfter=Yes	_	_	_	_	0-2(50)
1229-5	BOI070	1229	1229	5	(.)	(.)	_	_	_	_	_	shortpause	_	none	_	_	_	_	_	_
1229-6	BOI070	1229	1229	6	purtro~	purtro~	_	_	_	_	_	linguistic	_	none	Interrupted=Yes	_	_	_	_	_
1229-7	BOI070	1229	1229	7	noi	noi	_	_	_	_	_	linguistic	_	none	_	_	_	_	_	_
1229-8	BOI070	1229	1229	8	purtroppo	purtroppo	_	_	_	_	_	linguistic	_	none	_	_	_	_	_	_
1229-9	BOI070	1229	1229	9	siamo	siamo	_	_	_	_	_	linguistic	_	none	_	_	_	_	_	_
1229-10	BOI070	1229	1229	10	ragazzi	ragazzi	_	_	_	_	_	linguistic	_	none	_	_	_	_	_	_
1229-11	BOI070	1229	1229	11	dove	dove	_	_	_	_	_	linguistic	_	none	_	_	_	_	_	_
1229-12	BOI070	1229	1229	12	c(io)è	cioè	_	_	_	_	_	linguistic	_	none	Reduced=Yes	End=2306.338	_	_	_	_
1230-0	BOI070	1230	1230	0	ti	ti	_	_	_	_	_	linguistic	_	none	_	Begin=2306.622	_	_	_	_
1230-1	BOI070	1230	1230	1	devi	devi	_	_	_	_	_	linguistic	_	none	_	_	_	_	_	_
1230-2	BOI070	1230	1230	2	costruire	costruire	_	_	_	_	_	linguistic	_	none	_	_	_	_	_	_
1230-3	BOI070	1230	1230	3	tu	tu	_	_	_	_	_	linguistic	_	none	_	End=2307.554	_	_	_	_
1231-0	BOR021	1231	1231	0	certo	certo	_	_	_	_	_	linguistic	_	none	_	Begin=2307.804|End=2308.215	_	_	_	_
1232-0	BOI070	1232	1232	0	(metti)	metti	_	_	_	_	_	linguistic	_	none	_	Begin=2308.265	_	_	0-5(0)	_
1232-1	BOI070	1232	1232	1	che::	che	_	_	_	_	_	linguistic	_	none	_	End=2309.1	2x2	_	_	_
1233-0	BOI070	1233	1233	0	sì	sì	_	_	_	_	_	linguistic	_	none	_	Begin=2309.6	_	_	_	_
1233-1	BOI070	1233	1233	1	c'	c'	_	_	_	_	_	linguistic	_	none	SpaceAfter=No	_	_	_	_	_
1233-2	BOI070	1233	1233	2	è	è	_	_	_	_	_	linguistic	_	none	_	_	_	_	_	_
1233-3	BOI070	1233	1233	3	magari	magari	_	_	_	_	_	linguistic	_	none	_	_	_	_	_	_
1233-4	BOI070	1233	1233	4	un:::	un	_	_	_	_	_	linguistic	_	none	_	_	1x3	_	_	_
1233-5	BOI070	1233	1233	5	aiuto	aiuto	_	_	_	_	_	linguistic	_	none	_	_	_	_	_	_
1233-6	BOI070	1233	1233	6	da:	da	_	_	_	_	_	linguistic	_	none	_	_	1x1	_	_	_
1233-7	BOI070	1233	1233	7	dai	dai	_	_	_	_	_	linguistic	_	none	_	_	_	_	_	_
1233-8	BOI070	1233	1233	8	genitori	genitori	_	_	_	_	_	linguistic	_	none	_	_	_	_	_	_
1233-9	BOI070	1233	1233	9	ma	ma	_	_	_	_	_	linguistic	_	none	_	_	_	_	_	_
1233-10	BOI070	1233	1233	10	non	non	_	_	_	_	_	linguistic	_	none	_	_	_	_	_	_
1233-11	BOI070	1233	1233	11	è	è	_	_	_	_	_	linguistic	_	none	_	_	_	_	_	_
1233-12	BOI070	1233	1233	12	quell'	quell'	_	_	_	_	_	linguistic	_	none	SpaceAfter=No	_	_	_	_	_
1233-13	BOI070	1233	1233	13	aiuto	aiuto	_	_	_	_	_	linguistic	_	none	_	End=2313.451	_	_	_	_
1234-0	BOI070	1234	1234	0	e::h	eh	_	_	_	_	_	linguistic	_	none	_	Begin=2314.155|End=2314.909	0x2	_	_	_
1235-0	BOI070	1235	1235	0	che	che	_	_	_	_	_	linguistic	_	none	_	Begin=2315.275	_	_	_	_
1235-1	BOI070	1235	1235	1	ti	ti	_	_	_	_	_	linguistic	_	none	_	_	_	_	_	_
1235-2	BOI070	1235	1235	2	va	va	_	_	_	_	_	linguistic	_	none	_	_	_	_	_	_
1235-3	BOI070	1235	1235	3	poi	poi	_	_	_	_	_	linguistic	_	none	_	_	_	_	_	_
1235-4	BOI070	1235	1235	4	a	a	_	_	_	_	_	linguistic	_	none	_	_	_	_	_	_
1235-5	BOI070	1235	1235	5	coprire	coprire	_	_	_	_	_	linguistic	_	none	_	_	_	_	_	_
1235-6	BOI070	1235	1235	6	magari	magari	_	_	_	_	_	linguistic	_	none	_	_	_	_	_	_
1235-7	BOI070	1235	1235	7	<le	le	_	_	_	_	_	linguistic	_	none	_	_	_	Slow=0-2(0)	_	_
1235-8	BOI070	1235	1235	8	spalle>	spalle	_	_	_	_	_	linguistic	_	none	_	End=2317.933	_	Slow=0-6(0)	_	_
1236-0	BOI070	1236	1236	0	in	in	_	_	_	_	_	linguistic	_	none	_	Begin=2318.433	_	_	_	_
1236-1	BOI070	1236	1236	1	un	un	_	_	_	_	_	linguistic	_	none	_	_	_	_	_	_
1236-2	BOI070	1236	1236	2	certo	certo	_	_	_	_	_	linguistic	_	none	_	_	_	_	_	_
1236-3	BOI070	1236	1236	3	<senso>	senso	_	_	_	_	_	linguistic	_	none	PauseAfter=Yes	_	_	Slow=0-5(0)	_	_
1236-4	BOI070	1236	1236	4	(.)	(.)	_	_	_	_	_	shortpause	_	none	_	_	_	_	_	_
1236-5	BOI070	1236	1236	5	per	per	_	_	_	_	_	linguistic	_	none	_	_	_	_	_	_
1236-6	BOI070	1236	1236	6	riuscire	riuscire	_	_	_	_	_	linguistic	_	none	_	_	_	_	_	_
1236-7	BOI070	1236	1236	7	a	a	_	_	_	_	_	linguistic	_	none	_	_	_	_	_	_
1236-8	BOI070	1236	1236	8	correre	correre	_	_	_	_	_	linguistic	_	none	_	_	_	_	_	_
1236-9	BOI070	1236	1236	9	dietro	dietro	_	_	_	_	_	linguistic	_	none	_	_	_	_	_	_
1236-10	BOI070	1236	1236	10	una	una	_	_	_	_	_	linguistic	_	none	_	_	_	_	_	_
1236-11	BOI070	1236	1236	11	passione	passione	_	_	_	_	_	linguistic	_	none	_	End=2321.637	_	_	_	_
1237-0	BOR021	1237	1237	0	cert[(o)]	certo	_	_	_	_	_	linguistic	_	none	_	Begin=2322.09|End=2322.414	_	_	4-5(0)	4-5(51)
1238-0	BOI070	1238	1238	0	[no]i	noi	_	_	_	_	_	linguistic	_	none	_	Begin=2322.313	_	_	_	0-2(51)
1238-1	BOI070	1238	1238	1	facciamo	facciamo	_	_	_	_	_	linguistic	_	none	_	_	_	_	_	_
1238-2	BOI070	1238	1238	2	contemporaneamente	contemporaneamente	_	_	_	_	_	linguistic	_	none	_	End=2323.67	_	_	_	_
1239-0	BOI070	1239	1239	0	lavoriamo	lavoriamo	_	_	_	_	_	linguistic	_	none	_	Begin=2324.09|End=2324.622	_	_	_	_
1240-0	BOI070	1240	1240	0	ci	ci	_	_	_	_	_	linguistic	_	none	_	Begin=2324.85	_	_	_	_
1240-1	BOI070	1240	1240	1	facciamo	facciamo	_	_	_	_	_	linguistic	_	none	_	_	_	_	_	_
1240-2	BOI070	1240	1240	2	il	il	_	_	_	_	_	linguistic	_	none	_	_	_	_	_	_
1240-3	BOI070	1240	1240	3	culo	culo	_	_	_	_	_	linguistic	_	none	_	End=2325.516	_	_	_	_
1241-0	BOI070	1241	1241	0	e	e	_	_	_	_	_	linguistic	_	none	_	Begin=2325.951	_	_	_	_
1241-1	BOI070	1241	1241	1	in	in	_	_	_	_	_	linguistic	_	none	_	_	_	_	_	_
1241-2	BOI070	1241	1241	2	più	più	_	_	_	_	_	linguistic	_	none	_	End=2326.359	_	_	_	_
1242-0	BOI070	1242	1242	0	ci	ci	_	_	_	_	_	linguistic	_	none	_	Begin=2326.618	_	_	_	_
1242-1	BOI070	1242	1242	1	facciamo	facciamo	_	_	_	_	_	linguistic	_	none	_	_	_	_	_	_
1242-2	BOI070	1242	1242	2	anche	anche	_	_	_	_	_	linguistic	_	none	_	_	_	_	_	_
1242-3	BOI070	1242	1242	3	il	il	_	_	_	_	_	linguistic	_	none	_	_	_	_	_	_
1242-4	BOI070	1242	1242	4	culo	culo	_	_	_	_	_	linguistic	_	none	_	_	_	_	_	_
1242-5	BOI070	1242	1242	5	per	per	_	_	_	_	_	linguistic	_	none	_	_	_	_	_	_
1242-6	BOI070	1242	1242	6	le	le	_	_	_	_	_	linguistic	_	none	_	_	_	_	_	_
1242-7	BOI070	1242	1242	7	passioni	passioni	_	_	_	_	_	linguistic	_	none	_	End=2327.968	_	_	_	_
1243-0	BOI070	1243	1243	0	è	è	_	_	_	_	_	linguistic	_	none	_	Begin=2328.525	_	_	_	_
1243-1	BOI070	1243	1243	1	un	un	_	_	_	_	_	linguistic	_	none	_	_	_	_	_	_
1243-2	BOI070	1243	1243	2	po'	po'	_	_	_	_	_	linguistic	_	none	_	_	_	_	_	_
1243-3	BOI070	1243	1243	3	questa	questa	_	_	_	_	_	linguistic	_	none	_	_	_	_	_	_
1243-4	BOI070	1243	1243	4	cosa	cosa	_	_	_	_	_	linguistic	_	none	_	_	_	_	_	_
1243-5	BOI070	1243	1243	5	qua	qua	_	_	_	_	_	linguistic	_	none	_	End=2329.468	_	_	_	_
1244-0	BOI071	1244	1244	0	però	però	_	_	_	_	_	linguistic	_	none	_	Begin=2330.674	_	_	_	_
1244-1	BOI071	1244	1244	1	sta	sta	_	_	_	_	_	linguistic	_	none	_	_	_	_	_	_
1244-2	BOI071	1244	1244	2	un	un	_	_	_	_	_	linguistic	_	none	_	_	_	_	_	_
1244-3	BOI071	1244	1244	3	po'	po'	_	_	_	_	_	linguistic	_	none	_	_	_	_	_	_
1244-4	BOI071	1244	1244	4	a	a	_	_	_	_	_	linguistic	_	none	_	_	_	_	_	_
1244-5	BOI071	1244	1244	5	te	te	_	_	_	_	_	linguistic	_	none	_	_	_	_	_	_
1244-6	BOI071	1244	1244	6	a	a	_	_	_	_	_	linguistic	_	none	_	_	_	_	_	_
1244-7	BOI071	1244	1244	7	cosa	cosa	_	_	_	_	_	linguistic	_	none	_	_	_	_	_	_
1244-8	BOI071	1244	1244	8	dare	dare	_	_	_	_	_	linguistic	_	none	_	_	_	_	_	_
1244-9	BOI071	1244	1244	9	più::	più	_	_	_	_	_	linguistic	_	none	_	End=2332.914	2x2	_	_	_
1245-0	BOI071	1245	1245	0	[prece]denza	precedenza	_	_	_	_	_	linguistic	_	none	_	Begin=2333.313	_	_	_	0-5(53)
1245-1	BOI071	1245	1245	1	C(IO)È	cioè	_	_	_	_	_	linguistic	_	none	Reduced=Yes|Volume=high	_	_	_	_	_
1245-2	BOI071	1245	1245	2	NEL	nel	_	_	_	_	_	linguistic	_	none	Volume=high	_	_	_	_	_
1245-3	BOI071	1245	1245	3	SENSO	senso	_	_	_	_	_	linguistic	_	none	Volume=high	_	_	_	_	_
1245-4	BOI071	1245	1245	4	MAGARI	magari	_	_	_	_	_	linguistic	_	none	Volume=high	End=2334.951	_	_	_	_
1246-0	BOI070	1246	1246	0	[sì]	sì	_	_	_	_	_	linguistic	_	none	_	Begin=2333.313|End=2333.553	_	_	_	0-2(53)
1247-0	BOI071	1247	1247	0	VUOI	vuoi	_	_	_	_	_	linguistic	_	none	Volume=high	Begin=2335.433	_	_	_	_
1247-1	BOI071	1247	1247	1	MANGIARE	mangiare	_	_	_	_	_	linguistic	_	none	Volume=high	_	_	_	_	_
1247-2	BOI071	1247	1247	2	STA	sta	_	_	_	_	_	linguistic	_	none	Volume=high	_	_	_	_	_
1247-3	BOI071	1247	1247	3	SERA	sera	_	_	_	_	_	linguistic	_	none	Volume=high	_	_	_	_	_
1247-4	BOI071	1247	1247	4	OPPURE	oppure	_	_	_	_	_	linguistic	_	none	Volume=high	_	_	_	_	_
1247-5	BOI071	1247	1247	5	VUOI	vuoi	_	_	_	_	_	linguistic	_	none	Volume=high	_	_	_	_	_
1247-6	BOI071	1247	1247	6	ANDARE	andare	_	_	_	_	_	linguistic	_	none	Volume=high	_	_	_	_	_
1247-7	BOI071	1247	1247	7	A	a	_	_	_	_	_	linguistic	_	none	Volume=high	_	_	_	_	_
1247-8	BOI071	1247	1247	8	INSEGUIRE	inseguire	_	_	_	_	_	linguistic	_	none	Volume=high	_	_	_	_	_
1247-9	BOI071	1247	1247	9	LA	la	_	_	_	_	_	linguistic	_	none	Volume=high	_	_	_	_	_
1247-10	BOI071	1247	1247	10	TUA	tua	_	_	_	_	_	linguistic	_	none	Volume=high	_	_	_	_	_
1247-11	BOI071	1247	1247	11	PASSIONE,	passione	_	_	_	_	_	linguistic	_	none	Intonation=WeaklyRising|Volume=high	_	_	_	_	_
1247-12	BOI071	1247	1247	12	[capito,	capito	_	_	_	_	_	linguistic	_	none	Intonation=WeaklyRising	_	_	_	_	0-6(54)
1247-13	BOI071	1247	1247	13	vuoi	vuoi	_	_	_	_	_	linguistic	_	none	_	_	_	_	_	0-4(54)
1247-14	BOI071	1247	1247	14	FA]R	far	_	_	_	_	_	linguistic	_	none	Volume=high	_	_	_	_	0-2(54)
1247-15	BOI071	1247	1247	15	LA	la	_	_	_	_	_	linguistic	_	none	Volume=high	_	_	_	_	_
1247-16	BOI071	1247	1247	16	[SPESA	spesa	_	_	_	_	_	linguistic	_	none	Volume=high	_	_	_	_	0-5(55)
1247-17	BOI071	1247	1247	17	oppure	oppure	_	_	_	_	_	linguistic	_	none	_	_	_	_	_	0-6(55)
1247-18	BOI071	1247	1247	18	xxx]	xxx	_	_	_	_	_	unknown	_	none	Syllables=3	End=2340.211	_	_	_	0-3(55)
1248-0	BOR021	1248	1248	0	[certo]	certo	_	_	_	_	_	linguistic	_	none	_	Begin=2337.97	_	_	_	0-5(54)
1248-1	BOR021	1248	1248	1	((ride))	((ride))	_	_	_	_	_	nonverbalbehavior	_	none	_	End=2338.424	_	_	_	_
1249-0	BOR021	1249	1249	0	[poi	poi	_	_	_	_	_	linguistic	_	none	_	Begin=2338.905	_	_	_	0-3(55)
1249-1	BOR021	1249	1249	1	eh	eh	_	_	_	_	_	linguistic	_	none	PauseAfter=Yes	_	_	_	_	0-2(55)
1249-2	BOR021	1249	1249	2	(.)	(.)	_	_	_	_	_	shortpause	_	none	_	_	_	_	_	_
1249-3	BOR021	1249	1249	3	per	per	_	_	_	_	_	linguistic	_	none	_	_	_	_	_	0-3(55)
1249-4	BOR021	1249	1249	4	quello	quello	_	_	_	_	_	linguistic	_	none	_	_	_	_	_	0-6(55)
1249-5	BOR021	1249	1249	5	poi	poi	_	_	_	_	_	linguistic	_	none	_	_	_	_	_	0-3(55)
1249-6	BOR021	1249	1249	6	magari]	magari	_	_	_	_	_	linguistic	_	none	_	_	_	_	_	0-6(55)
1249-7	BOR021	1249	1249	7	a	a	_	_	_	_	_	linguistic	_	none	_	_	_	_	_	_
1249-8	BOR021	1249	1249	8	un	un	_	_	_	_	_	linguistic	_	none	_	_	_	_	_	_
1249-9	BOR021	1249	1249	9	certo	certo	_	_	_	_	_	linguistic	_	none	_	_	_	_	_	_
1249-10	BOR021	1249	1249	10	punto	punto	_	_	_	_	_	linguistic	_	none	_	_	_	_	_	_
1249-11	BOR021	1249	1249	11	è	è	_	_	_	_	_	linguistic	_	none	_	_	_	_	_	_
1249-12	BOR021	1249	1249	12	questione	questione	_	_	_	_	_	linguistic	_	none	_	_	_	_	_	_
1249-13	BOR021	1249	1249	13	di	di	_	_	_	_	_	linguistic	_	none	_	_	_	_	_	_
1249-14	BOR021	1249	1249	14	[capire	capire	_	_	_	_	_	linguistic	_	none	PauseAfter=Yes	_	_	_	_	0-6(56)
1249-15	BOR021	1249	1249	15	(.)	(.)	_	_	_	_	_	shortpause	_	none	_	_	_	_	_	_
1249-16	BOR021	1249	1249	16	anche]	anche	_	_	_	_	_	linguistic	_	none	_	_	_	_	_	0-5(56)
1249-17	BOR021	1249	1249	17	lì	lì	_	_	_	_	_	linguistic	_	none	_	_	_	_	_	_
1249-18	BOR021	1249	1249	18	le	le	_	_	_	_	_	linguistic	_	none	_	_	_	_	_	_
1249-19	BOR021	1249	1249	19	priorità	priorità	_	_	_	_	_	linguistic	_	none	_	End=2342.822	_	_	_	_
1250-0	BOI071	1250	1250	0	[esatto]	esatto	_	_	_	_	_	linguistic	_	none	_	Begin=2341.396|End=2342.04	_	_	_	0-6(56)
1251-0	BOR021	1251	1251	0	quello	quello	_	_	_	_	_	linguistic	_	none	_	Begin=2343.016	_	_	_	_
1251-1	BOR021	1251	1251	1	che:	che	_	_	_	_	_	linguistic	_	none	_	_	2x1	_	_	_
1251-2	BOR021	1251	1251	2	°insomma	insomma	_	_	_	_	_	linguistic	_	none	PauseAfter=Yes|Volume=low	_	_	_	_	_
1251-3	BOR021	1251	1251	3	(.)	(.)	_	_	_	_	_	shortpause	_	none	_	_	_	_	_	_
1251-4	BOR021	1251	1251	4	viene:	viene	_	_	_	_	_	linguistic	_	none	Volume=low	_	4x1	_	_	_
1251-5	BOR021	1251	1251	5	un	un	_	_	_	_	_	linguistic	_	none	Volume=low	_	_	_	_	_
1251-6	BOR021	1251	1251	6	attimo	attimo	_	_	_	_	_	linguistic	_	none	Volume=low	_	_	_	_	_
1251-7	BOR021	1251	1251	7	prima	prima	_	_	_	_	_	linguistic	_	none	Volume=low	_	_	_	_	_
1251-8	BOR021	1251	1251	8	[nella	nella	_	_	_	_	_	linguistic	_	none	Volume=low	_	_	_	_	0-5(57)
1251-9	BOR021	1251	1251	9	li]sta°	lista	_	_	_	_	_	linguistic	_	none	Volume=low	End=2345.646	_	_	_	0-2(57)
1252-0	BOI071	1252	1252	0	[mhmh]	mhmh	_	_	_	_	_	linguistic	_	none	_	Begin=2345.146|End=2345.405	_	_	_	0-4(57)
1253-0	BOR021	1253	1253	0	bene	bene	_	_	_	_	_	linguistic	_	none	_	Begin=2346.988	_	_	_	_
1253-1	BOR021	1253	1253	1	ragazzi	ragazzi	_	_	_	_	_	linguistic	_	none	PauseAfter=Yes	_	_	_	_	_
1253-2	BOR021	1253	1253	2	(.)	(.)	_	_	_	_	_	shortpause	_	none	_	_	_	_	_	_
1253-3	BOR021	1253	1253	3	grazie	grazie	_	_	_	_	_	linguistic	_	none	_	_	_	_	_	_
1253-4	BOR021	1253	1253	4	mille	mille	_	_	_	_	_	linguistic	_	none	_	End=2348.621	_	_	_	_
1254-0	BOR021	1254	1254	0	(è)	è	_	_	_	_	_	linguistic	_	none	_	Begin=2348.998	_	_	0-1(0)	_
1254-1	BOR021	1254	1254	1	sta[to	stato	_	_	_	_	_	linguistic	_	none	_	_	_	_	_	3-5(59)
1254-2	BOR021	1254	1254	2	un	un	_	_	_	_	_	linguistic	_	none	_	_	_	_	_	0-2(59)
1254-3	BOR021	1254	1254	3	piac]ere	piacere	_	_	_	_	_	linguistic	_	none	_	End=2349.766	_	_	_	0-4(59)
1255-0	BOI070	1255	1255	0	[prego]	prego	_	_	_	_	_	linguistic	_	none	_	Begin=2349.183|End=2349.525	_	_	_	0-5(59)
1256-0	BOI071	1256	1256	0	prego	prego	_	_	_	_	_	linguistic	_	none	_	Begin=2350.516|End=2350.748	_	_	_	_
