token_id	speaker	tu_id	id	span	form	lemma	upos	xpos	feats	deprel	type	meta_label	variation	jefferson_feats	align	prolongations	pace	guesses	overlaps
0-0	BOR020	0	0	no	no	_	_	_	_	_	linguistic	_	ContainsVariation=No	PauseAfter=Yes	Begin=0.1	_	_	_	_
0-1	BOR020	0	1	(.)	(.)	_	_	_	_	_	shortpause	_	ContainsVariation=No	_	_	_	_	_	_
0-2	BOR020	0	2	continuiamo	continuiamo	_	_	_	_	_	linguistic	_	ContainsVariation=No	_	_	_	_	_	_
0-3	BOR020	0	3	per[ò]	però	_	_	_	_	_	linguistic	_	ContainsVariation=No	_	End=1.43	_	_	_	3-4(0)
1-0	BOI078	1	0	[con]tinuiamo	continuiamo	_	_	_	_	_	linguistic	_	ContainsVariation=No	_	Begin=1.302	_	_	_	0-3(0)
1-1	BOI078	1	1	le	le	_	_	_	_	_	linguistic	_	ContainsVariation=No	_	_	_	_	_	_
1-2	BOI078	1	2	cazzate	cazzate	_	_	_	_	_	linguistic	_	ContainsVariation=No	_	_	_	_	_	_
1-3	BOI078	1	3	però::	però	_	_	_	_	_	linguistic	_	ContainsVariation=No	_	_	3x2	_	_	_
1-4	BOI078	1	4	°registra[ndo°]	registrando	_	_	_	_	_	linguistic	_	ContainsVariation=No	Volume=low	End=3.318	_	_	_	8-11(1)
2-0	BOR020	2	0	[inf]a:tti	infatti	_	_	_	_	_	linguistic	_	ContainsVariation=No	_	Begin=3.2|End=3.71	3x1	_	_	0-3(1)
3-0	BOI078	3	0	va	va	_	_	_	_	_	linguistic	_	ContainsVariation=No	_	Begin=4.62	_	_	_	_
3-1	BOI078	3	1	bene	bene	_	_	_	_	_	linguistic	_	ContainsVariation=No	PauseAfter=Yes	_	_	_	_	_
3-2	BOI078	3	2	(.)	(.)	_	_	_	_	_	shortpause	_	ContainsVariation=No	_	_	_	_	_	_
3-3	BOI078	3	3	((si_schiarisce_la_voce))	((si_schiarisce_la_voce))	_	_	_	_	_	nonverbalbehavior	_	ContainsVariation=No	_	End=5.75	_	_	_	_
4-0	BOI078	4	0	[e:::h]	eh	_	_	_	_	_	linguistic	_	ContainsVariation=No	_	Begin=6.8|End=8.28	0x3	_	_	0-2(2)
5-0	BOR020	5	0	[boh]	boh	_	_	_	_	_	linguistic	_	ContainsVariation=No	_	Begin=8.119	_	_	_	0-3(2)
5-1	BOR020	5	1	bella	bella	_	_	_	_	_	linguistic	_	ContainsVariation=No	_	_	_	_	_	_
5-2	BOR020	5	2	>cioè<	cioè	_	_	_	_	_	linguistic	_	ContainsVariation=No	_	_	_	Fast=0-4(0)	_	_
5-3	BOR020	5	3	dite:	dite	_	_	_	_	_	linguistic	_	ContainsVariation=No	_	_	3x1	_	_	_
5-4	BOR020	5	4	non	non	_	_	_	_	_	linguistic	_	ContainsVariation=No	_	_	_	_	_	_
5-5	BOR020	5	5	so	so	_	_	_	_	_	linguistic	_	ContainsVariation=No	_	_	_	_	_	_
5-6	BOR020	5	6	come	come	_	_	_	_	_	linguistic	_	ContainsVariation=No	_	_	_	_	_	_
5-7	BOR020	5	7	vi	vi	_	_	_	_	_	linguistic	_	ContainsVariation=No	_	_	_	_	_	_
5-8	BOR020	5	8	chiamate::	chiamate	_	_	_	_	_	linguistic	_	ContainsVariation=No	_	End=11.17	7x2	_	_	_
6-0	BOI078	6	0	beh	beh	_	_	_	_	_	linguistic	_	ContainsVariation=No	_	Begin=11.62	_	_	_	_
6-1	BOI078	6	1	e::h	eh	_	_	_	_	_	linguistic	_	ContainsVariation=No	_	_	0x2	_	_	_
6-2	BOI078	6	2	ah	ah	_	_	_	_	_	linguistic	_	ContainsVariation=No	PauseAfter=Yes	_	_	_	_	_
6-3	BOI078	6	3	(.)	(.)	_	_	_	_	_	shortpause	_	ContainsVariation=No	_	_	_	_	_	_
6-4	BOI078	6	4	okay	okay	_	_	_	_	_	linguistic	_	ContainsVariation=No	_	End=13.19	_	_	_	_
7-0	BOI078	7	0	allora	allora	_	_	_	_	_	linguistic	_	ContainsVariation=No	_	Begin=13.25	_	_	_	_
7-1	BOI078	7	1	eh	eh	_	_	_	_	_	linguistic	_	ContainsVariation=No	_	_	_	_	_	_
7-2	BOI078	7	2	io	io	_	_	_	_	_	linguistic	_	ContainsVariation=No	_	_	_	_	_	_
7-3	BOI078	7	3	mi	mi	_	_	_	_	_	linguistic	_	ContainsVariation=No	_	_	_	_	_	_
7-4	BOI078	7	4	chiamo	chiamo	_	_	_	_	_	linguistic	_	ContainsVariation=No	_	_	_	_	_	_
7-5	BOI078	7	5	<leonardo>,	leonardo	_	_	_	_	_	linguistic	_	ContainsVariation=No	Intonation=WeaklyRising	End=15.46	_	Slow=0-8(0)	_	_
8-0	BOI078	8	0	e::h	eh	_	_	_	_	_	linguistic	_	ContainsVariation=No	_	Begin=16.41	0x2	_	_	_
8-1	BOI078	8	1	faccio:::	faccio	_	_	_	_	_	linguistic	_	ContainsVariation=No	_	_	5x3	_	_	_
8-2	BOI078	8	2	domani	domani	_	_	_	_	_	linguistic	_	ContainsVariation=No	_	_	_	_	_	_
8-3	BOI078	8	3	inizio:	inizio	_	_	_	_	_	linguistic	_	ContainsVariation=No	_	_	5x1	_	_	_
8-4	BOI078	8	4	l~	l~	_	_	_	_	_	linguistic	_	ContainsVariation=No	Interrupted=Yes	_	_	_	_	_
8-5	BOI078	8	5	l'	l'	_	_	_	_	_	linguistic	_	ContainsVariation=No	SpaceAfter=No	_	_	_	_	_
8-6	BOI078	8	6	università,	università	_	_	_	_	_	linguistic	_	ContainsVariation=No	Intonation=WeaklyRising	End=21.83	_	_	_	_
9-0	BOI078	9	0	faccio::	faccio	_	_	_	_	_	linguistic	_	ContainsVariation=No	_	Begin=22.78	5x2	_	_	_
9-1	BOI078	9	1	giurisprudenza,	giurisprudenza	_	_	_	_	_	linguistic	_	ContainsVariation=No	Intonation=WeaklyRising	End=24.75	_	_	_	_
10-0	BOI078	10	0	°e:h	eh	_	_	_	_	_	linguistic	_	ContainsVariation=No	Volume=low	Begin=25.9	0x1	_	_	_
10-1	BOI078	10	1	se	se	_	_	_	_	_	linguistic	_	ContainsVariation=No	Volume=low	_	_	_	_	_
10-2	BOI078	10	2	vuoi	vuoi	_	_	_	_	_	linguistic	_	ContainsVariation=No	Volume=low	_	_	_	_	_
10-3	BOI078	10	3	dire	dire	_	_	_	_	_	linguistic	_	ContainsVariation=No	Volume=low	_	_	_	_	_
10-4	BOI078	10	4	qualcosa	qualcosa	_	_	_	_	_	linguistic	_	ContainsVariation=No	Volume=low	_	_	_	_	_
10-5	BOI078	10	5	tu°	tu	_	_	_	_	_	linguistic	_	ContainsVariation=No	Volume=low	End=27.38	_	_	_	_
11-0	BOI079	11	0	dobbiam	dobbiam	_	_	_	_	_	linguistic	_	ContainsVariation=No	_	Begin=27.59	_	_	_	_
11-1	BOI079	11	1	dire	dire	_	_	_	_	_	linguistic	_	ContainsVariation=No	_	_	_	_	_	_
11-2	BOI079	11	2	anche	anche	_	_	_	_	_	linguistic	_	ContainsVariation=No	_	_	_	_	_	_
11-3	BOI079	11	3	il	il	_	_	_	_	_	linguistic	_	ContainsVariation=No	_	_	_	_	_	_
11-4	BOI079	11	4	cognome?	cognome	_	_	_	_	_	linguistic	_	ContainsVariation=No	Intonation=Rising	End=28.64	_	_	_	_
12-0	BOR020	12	0	ma	ma	_	_	_	_	_	linguistic	_	ContainsVariation=No	_	Begin=28.69	_	_	_	_
12-1	BOR020	12	1	no	no	_	_	_	_	_	linguistic	_	ContainsVariation=No	_	_	_	_	_	_
12-2	BOR020	12	2	di'	di'	_	_	_	_	_	linguistic	_	ContainsVariation=No	Truncated=Yes	_	_	_	_	_
12-3	BOR020	12	3	[quello	quello	_	_	_	_	_	linguistic	_	ContainsVariation=No	_	_	_	_	_	0-6(?)
12-4	BOR020	12	4	che	che	_	_	_	_	_	linguistic	_	ContainsVariation=No	_	_	_	_	_	0-3(?)
12-5	BOR020	12	5	vuoi]	vuoi	_	_	_	_	_	linguistic	_	ContainsVariation=No	_	End=29.93	_	_	_	0-4(?)
13-0	BOI078	13	0	[xx]	xx	_	_	_	_	_	unknown	_	ContainsVariation=No	Syllables=2	Begin=29.29|End=29.66	_	_	_	0-2(3)
14-0	BOI079	14	0	[>vabbè]	vabbè	_	_	_	_	_	linguistic	_	ContainsVariation=No	_	Begin=29.801	_	Fast=0-5(0)	_	0-5(4)
14-1	BOI079	14	1	allora<	allora	_	_	_	_	_	linguistic	_	ContainsVariation=No	_	_	_	Fast=0-6(0)	_	_
14-2	BOI079	14	2	io	io	_	_	_	_	_	linguistic	_	ContainsVariation=No	_	_	_	_	_	_
14-3	BOI079	14	3	mi	mi	_	_	_	_	_	linguistic	_	ContainsVariation=No	_	_	_	_	_	_
14-4	BOI079	14	4	chiamo	chiamo	_	_	_	_	_	linguistic	_	ContainsVariation=No	_	_	_	_	_	_
14-5	BOI079	14	5	daniele,	daniele	_	_	_	_	_	linguistic	_	ContainsVariation=No	Intonation=WeaklyRising	End=31.33	_	_	_	_
15-0	BOI079	15	0	e:h	eh	_	_	_	_	_	linguistic	_	ContainsVariation=No	_	Begin=31.69	0x1	_	_	_
15-1	BOI079	15	1	mercoledì	mercoledì	_	_	_	_	_	linguistic	_	ContainsVariation=No	_	_	_	_	_	_
15-2	BOI079	15	2	comincio	comincio	_	_	_	_	_	linguistic	_	ContainsVariation=No	_	_	_	_	_	_
15-3	BOI079	15	3	l'	l'	_	_	_	_	_	linguistic	_	ContainsVariation=No	SpaceAfter=No	_	_	_	_	_
15-4	BOI079	15	4	univer[sità]	università	_	_	_	_	_	linguistic	_	ContainsVariation=No	_	End=33.73	_	_	_	5-10(5)
16-0	BOI078	16	0	[(ah)]	ah	_	_	_	_	_	linguistic	_	ContainsVariation=No	_	Begin=33.34|End=33.74	_	_	0-2(0)	0-2(5)
17-0	BOR020	17	0	>e	e	_	_	_	_	_	linguistic	_	ContainsVariation=No	_	Begin=34.088	_	Fast=0-1(0)	_	_
17-1	BOR020	17	1	che	che	_	_	_	_	_	linguistic	_	ContainsVariation=No	_	_	_	Fast=0-3(0)	_	_
17-2	BOR020	17	2	vai	vai	_	_	_	_	_	linguistic	_	ContainsVariation=No	_	_	_	Fast=0-3(0)	_	_
17-3	BOR020	17	3	a	a	_	_	_	_	_	linguistic	_	ContainsVariation=No	_	_	_	Fast=0-1(0)	_	_
17-4	BOR020	17	4	fare<?	fare	_	_	_	_	_	linguistic	_	ContainsVariation=No	Intonation=Rising	End=34.74	_	Fast=0-4(0)	_	_
18-0	BOI079	18	0	fisica	fisica	_	_	_	_	_	linguistic	_	ContainsVariation=No	_	Begin=34.928|End=35.37	_	_	_	_
19-0	BOI078	19	0	sì	sì	_	_	_	_	_	linguistic	_	ContainsVariation=No	_	Begin=36.46|End=36.73	_	_	_	_
20-0	BOR020	20	0	va	va	_	_	_	_	_	linguistic	_	ContainsVariation=No	_	Begin=36.88	_	_	_	_
20-1	BOR020	20	1	bene	bene	_	_	_	_	_	linguistic	_	ContainsVariation=No	_	End=37.24	_	_	_	_
21-0	BOI078	21	0	e::[mh]	emh	_	_	_	_	_	linguistic	_	ContainsVariation=No	_	Begin=37.586|End=38.23	0x2	_	_	1-3(6)
22-0	BOI079	22	0	[abbiamo]	abbiamo	_	_	_	_	_	linguistic	_	ContainsVariation=No	_	Begin=37.98	_	_	_	0-7(6)
22-1	BOI079	22	1	fatto	fatto	_	_	_	_	_	linguistic	_	ContainsVariation=No	_	_	_	_	_	_
22-2	BOI079	22	2	tutti	tutti	_	_	_	_	_	linguistic	_	ContainsVariation=No	_	_	_	_	_	_
22-3	BOI079	22	3	e	e	_	_	_	_	_	linguistic	_	ContainsVariation=No	_	_	_	_	_	_
22-4	BOI079	22	4	due:	due	_	_	_	_	_	linguistic	_	ContainsVariation=No	_	End=39.28	2x1	_	_	_
23-0	BOI078	23	0	la	la	_	_	_	_	_	linguistic	_	ContainsVariation=No	_	Begin=39.36	_	_	_	_
23-1	BOI078	23	1	stessa	stessa	_	_	_	_	_	linguistic	_	ContainsVariation=No	_	_	_	_	_	_
23-2	BOI078	23	2	sc[uola]	scuola	_	_	_	_	_	linguistic	_	ContainsVariation=No	_	End=40.33	_	_	_	2-6(7)
24-0	BOI079	24	0	>[la	la	_	_	_	_	_	linguistic	_	ContainsVariation=No	_	Begin=40.0	_	Fast=0-2(0)	_	0-2(7)
24-1	BOI079	24	1	stes]sa<	stessa	_	_	_	_	_	linguistic	_	ContainsVariation=No	_	_	_	Fast=0-6(0)	_	0-4(7)
24-2	BOI079	24	2	scu[ola],	scuola	_	_	_	_	_	linguistic	_	ContainsVariation=No	Intonation=WeaklyRising	End=40.734	_	_	_	3-6(8)
25-0	BOI078	25	0	[la	la	_	_	_	_	_	linguistic	_	ContainsVariation=No	_	Begin=40.48	_	_	_	0-2(8)
25-1	BOI078	25	1	stes]sa	stessa	_	_	_	_	_	linguistic	_	ContainsVariation=No	_	_	_	_	_	0-4(8)
25-2	BOI078	25	2	classe	classe	_	_	_	_	_	linguistic	_	ContainsVariation=No	_	End=41.383	_	_	_	_
26-0	BOI079	26	0	il	il	_	_	_	_	_	linguistic	_	ContainsVariation=No	_	Begin=41.54	_	_	_	_
26-1	BOI079	26	1	lice[o:::]	liceo	_	_	_	_	_	linguistic	_	ContainsVariation=No	PauseAfter=Yes	_	4x3	_	_	4-5(9)
26-2	BOI079	26	2	(.)	(.)	_	_	_	_	_	shortpause	_	ContainsVariation=No	_	_	_	_	_	_
26-3	BOI079	26	3	classico	classico	_	_	_	_	_	linguistic	_	ContainsVariation=No	_	End=43.68	_	_	_	_
27-0	BOI078	27	0	[abbiamo	abbiamo	_	_	_	_	_	linguistic	_	ContainsVariation=No	_	Begin=42.16	_	_	_	0-7(9)
27-1	BOI078	27	1	condiviso]	condiviso	_	_	_	_	_	linguistic	_	ContainsVariation=No	_	End=42.95	_	_	_	0-9(9)
28-0	BOI078	28	0	°classici°	classici	_	_	_	_	_	linguistic	_	ContainsVariation=No	Volume=low	Begin=44.04|End=44.5	_	_	_	_
29-0	BOI078	29	0	abbiamo	abbiamo	_	_	_	_	_	linguistic	_	ContainsVariation=No	_	Begin=44.56	_	_	_	_
29-1	BOI078	29	1	condiviso:	condiviso	_	_	_	_	_	linguistic	_	ContainsVariation=No	_	End=45.6	8x1	_	_	_
30-0	BOI078	30	0	[l'	l'	_	_	_	_	_	linguistic	_	ContainsVariation=No	SpaceAfter=No	Begin=46.748	_	_	_	0-2(10)
30-1	BOI078	30	1	aula]	aula	_	_	_	_	_	linguistic	_	ContainsVariation=No	_	End=47.58	_	_	_	0-4(10)
31-0	BOR020	31	0	[il	il	_	_	_	_	_	linguistic	_	ContainsVariation=No	_	Begin=46.75	_	_	_	0-2(10)
31-1	BOR020	31	1	malpighi]?	malpighi	_	_	_	_	_	linguistic	_	ContainsVariation=No	Intonation=Rising	End=47.582	_	_	_	0-8(10)
32-0	BOI078	32	0	e[h]?	eh	_	_	_	_	_	linguistic	_	ContainsVariation=No	Intonation=Rising	Begin=47.81|End=48.2	_	_	_	1-2(11)
33-0	BOI079	33	0	[e]h?	eh	_	_	_	_	_	linguistic	_	ContainsVariation=No	Intonation=Rising	Begin=47.88|End=48.21	_	_	_	0-1(11)
34-0	BOR020	34	0	((ride))	((ride))	_	_	_	_	_	nonverbalbehavior	_	ContainsVariation=No	_	Begin=48.43	_	_	_	_
34-1	BOR020	34	1	che	che	_	_	_	_	_	linguistic	_	ContainsVariation=No	_	_	_	_	_	_
34-2	BOR020	34	2	liceo	liceo	_	_	_	_	_	linguistic	_	ContainsVariation=No	_	_	_	_	_	_
34-3	BOR020	34	3	classico?	classico	_	_	_	_	_	linguistic	_	ContainsVariation=No	Intonation=Rising	End=49.91	_	_	_	_
35-0	BOI078	35	0	[NO:	no	_	_	_	_	_	linguistic	_	ContainsVariation=No	Volume=high	Begin=48.83	1x1	_	_	0-2(12)
35-1	BOI078	35	1	mi~	mi~	_	_	_	_	_	linguistic	_	ContainsVariation=No	Interrupted=Yes	_	_	_	_	0-3(12)
35-2	BOI078	35	2	minghe]tti	minghetti	_	_	_	_	_	linguistic	_	ContainsVariation=No	_	_	_	_	_	0-6(12)
35-3	BOI078	35	3	no	no	_	_	_	_	_	linguistic	_	ContainsVariation=No	_	_	_	_	_	_
35-4	BOI078	35	4	malpighi	malpighi	_	_	_	_	_	linguistic	_	ContainsVariation=No	_	_	_	_	_	_
35-5	BOI078	35	5	[xx	xx	_	_	_	_	_	unknown	_	ContainsVariation=No	Syllables=2	_	_	_	_	0-2(13)
35-6	BOI078	35	6	°no	no	_	_	_	_	_	linguistic	_	ContainsVariation=No	Volume=low	_	_	_	_	0-2(13)
35-7	BOI078	35	7	no]n	non	_	_	_	_	_	linguistic	_	ContainsVariation=No	Volume=low	_	_	_	_	0-2(13)
35-8	BOI078	35	8	menzionare	menzionare	_	_	_	_	_	linguistic	_	ContainsVariation=No	Volume=low	_	_	_	_	_
35-9	BOI078	35	9	il	il	_	_	_	_	_	linguistic	_	ContainsVariation=No	Volume=low	_	_	_	_	_
35-10	BOI078	35	10	malpighi	malpighi	_	_	_	_	_	linguistic	_	ContainsVariation=No	Volume=low	_	_	_	_	_
35-11	BOI078	35	11	xx°	xx	_	_	_	_	_	unknown	_	ContainsVariation=No	Volume=low|Syllables=2	End=53.637	_	_	_	_
36-0	BOI079	36	0	[°minghetti	minghetti	_	_	_	_	_	linguistic	_	ContainsVariation=No	Volume=low	Begin=50.53	_	_	_	0-9(13)
36-1	BOI079	36	1	minghetti°	minghetti	_	_	_	_	_	linguistic	_	ContainsVariation=No	Volume=low	_	_	_	_	0-9(13)
36-2	BOI079	36	2	NO:]	no	_	_	_	_	_	linguistic	_	ContainsVariation=No	Volume=high	End=51.88	1x1	_	_	0-2(13)
37-0	BOR020	37	0	((ride))	((ride))	_	_	_	_	_	nonverbalbehavior	_	ContainsVariation=No	_	Begin=53.0|End=53.63	_	_	_	_
38-0	BOI078	38	0	e:h	eh	_	_	_	_	_	linguistic	_	ContainsVariation=No	_	Begin=54.16	0x1	_	_	_
38-1	BOI078	38	1	capisco	capisco	_	_	_	_	_	linguistic	_	ContainsVariation=No	_	_	_	_	_	_
38-2	BOI078	38	2	che	che	_	_	_	_	_	linguistic	_	ContainsVariation=No	_	_	_	_	_	_
38-3	BOI078	38	3	hai	hai	_	_	_	_	_	linguistic	_	ContainsVariation=No	PauseAfter=Yes	_	_	_	_	_
38-4	BOI078	38	4	(.)	(.)	_	_	_	_	_	shortpause	_	ContainsVariation=No	_	_	_	_	_	_
38-5	BOI078	38	5	il	il	_	_	_	_	_	linguistic	_	ContainsVariation=No	_	_	_	_	_	_
38-6	BOI078	38	6	calendario	calendario	_	_	_	_	_	linguistic	_	ContainsVariation=No	_	_	_	_	_	_
38-7	BOI078	38	7	coi	coi	_	_	_	_	_	linguistic	_	ContainsVariation=No	_	_	_	_	_	_
38-8	BOI078	38	8	preti	preti	_	_	_	_	_	linguistic	_	ContainsVariation=No	_	_	_	_	_	_
38-9	BOI078	38	9	°però	però	_	_	_	_	_	linguistic	_	ContainsVariation=No	Volume=low	_	_	_	_	_
38-10	BOI078	38	10	non	non	_	_	_	_	_	linguistic	_	ContainsVariation=No	Volume=low	_	_	_	_	_
38-11	BOI078	38	11	è	è	_	_	_	_	_	linguistic	_	ContainsVariation=No	Volume=low	_	_	_	_	_
38-12	BOI078	38	12	che°	che	_	_	_	_	_	linguistic	_	ContainsVariation=No	Volume=low	End=57.08	_	_	_	_
39-0	BOI078	39	0	>cioè<	cioè	_	_	_	_	_	linguistic	_	ContainsVariation=No	PauseAfter=Yes	Begin=57.21	_	Fast=0-4(0)	_	_
39-1	BOI078	39	1	(.)	(.)	_	_	_	_	_	shortpause	_	ContainsVariation=No	_	_	_	_	_	_
39-2	BOI078	39	2	c'	c'	_	_	_	_	_	linguistic	_	ContainsVariation=No	SpaceAfter=No	_	_	_	_	_
39-3	BOI078	39	3	è	è	_	_	_	_	_	linguistic	_	ContainsVariation=No	_	_	_	_	_	_
39-4	BOI078	39	4	un	un	_	_	_	_	_	linguistic	_	ContainsVariation=No	_	_	_	_	_	_
39-5	BOI078	39	5	limite	limite	_	_	_	_	_	linguistic	_	ContainsVariation=No	_	_	_	_	_	_
39-6	BOI078	39	6	a	a	_	_	_	_	_	linguistic	_	ContainsVariation=No	_	_	_	_	_	_
39-7	BOI078	39	7	tutto	tutto	_	_	_	_	_	linguistic	_	ContainsVariation=No	_	End=58.54	_	_	_	_
40-0	BOR022	40	0	((ride))	((ride))	_	_	_	_	_	nonverbalbehavior	_	ContainsVariation=No	_	Begin=58.35|End=59.25	_	_	_	_
41-0	BOI078	41	0	E:::m::h	emh	_	_	_	_	_	linguistic	_	ContainsVariation=No	Volume=high	Begin=59.08|End=61.41	0x3,1x2	_	_	_
42-0	BOI079	42	0	nie[nte]	niente	_	_	_	_	_	linguistic	_	ContainsVariation=No	_	Begin=62.52|End=63.02	_	_	_	3-6(17)
43-0	BOI078	43	0	[cos]'	cos'	_	_	_	_	_	linguistic	_	ContainsVariation=No	SpaceAfter=No	Begin=62.73	_	_	_	0-3(17)
43-1	BOI078	43	1	altro	altro	_	_	_	_	_	linguistic	_	ContainsVariation=No	_	_	_	_	_	_
43-2	BOI078	43	2	per	per	_	_	_	_	_	linguistic	_	ContainsVariation=No	_	_	_	_	_	_
43-3	BOI078	43	3	e:::h	eh	_	_	_	_	_	linguistic	_	ContainsVariation=No	_	End=65.019	0x3	_	_	_
44-0	BOI078	44	0	e::h	eh	_	_	_	_	_	linguistic	_	ContainsVariation=No	_	Begin=65.2	0x2	_	_	_
44-1	BOI078	44	1	i::	i	_	_	_	_	_	linguistic	_	ContainsVariation=No	_	_	0x2	_	_	_
44-2	BOI078	44	2	m::h	mh	_	_	_	_	_	linguistic	_	ContainsVariation=No	_	End=66.55	0x2	_	_	_
45-0	BOI078	45	0	io	io	_	_	_	_	_	linguistic	_	ContainsVariation=No	_	Begin=66.955	_	_	_	_
45-1	BOI078	45	1	volevo	volevo	_	_	_	_	_	linguistic	_	ContainsVariation=No	_	_	_	_	_	_
45-2	BOI078	45	2	entrare	entrare	_	_	_	_	_	linguistic	_	ContainsVariation=No	PauseAfter=Yes	_	_	_	_	_
45-3	BOI078	45	3	(.)	(.)	_	_	_	_	_	shortpause	_	ContainsVariation=No	_	_	_	_	_	_
45-4	BOI078	45	4	volevo	volevo	_	_	_	_	_	linguistic	_	ContainsVariation=No	_	_	_	_	_	_
45-5	BOI078	45	5	entrare	entrare	_	_	_	_	_	linguistic	_	ContainsVariation=No	_	_	_	_	_	_
45-6	BOI078	45	6	nella	nella	_	_	_	_	_	linguistic	_	ContainsVariation=No	_	_	_	_	_	_
45-7	BOI078	45	7	marina	marina	_	_	_	_	_	linguistic	_	ContainsVariation=No	_	_	_	_	_	_
45-8	BOI078	45	8	militare,	militare	_	_	_	_	_	linguistic	_	ContainsVariation=No	Intonation=WeaklyRising	End=69.6	_	_	_	_
46-0	BOI078	46	0	e::h	eh	_	_	_	_	_	linguistic	_	ContainsVariation=No	_	Begin=70.08	0x2	_	_	_
46-1	BOI078	46	1	solo	solo	_	_	_	_	_	linguistic	_	ContainsVariation=No	_	_	_	_	_	_
46-2	BOI078	46	2	che	che	_	_	_	_	_	linguistic	_	ContainsVariation=No	_	_	_	_	_	_
46-3	BOI078	46	3	[non	non	_	_	_	_	_	linguistic	_	ContainsVariation=No	_	_	_	_	_	0-3(19)
46-4	BOI078	46	4	e::h]	eh	_	_	_	_	_	linguistic	_	ContainsVariation=No	_	_	0x2	_	_	0-2(19)
46-5	BOI078	46	5	non	non	_	_	_	_	_	linguistic	_	ContainsVariation=No	_	_	_	_	_	_
46-6	BOI078	46	6	mi	mi	_	_	_	_	_	linguistic	_	ContainsVariation=No	_	_	_	_	_	_
46-7	BOI078	46	7	hanno:	hanno	_	_	_	_	_	linguistic	_	ContainsVariation=No	_	_	4x1	_	_	_
46-8	BOI078	46	8	non	non	_	_	_	_	_	linguistic	_	ContainsVariation=No	_	_	_	_	_	_
46-9	BOI078	46	9	mi	mi	_	_	_	_	_	linguistic	_	ContainsVariation=No	_	_	_	_	_	_
46-10	BOI078	46	10	hanno	hanno	_	_	_	_	_	linguistic	_	ContainsVariation=No	_	_	_	_	_	_
46-11	BOI078	46	11	preso	preso	_	_	_	_	_	linguistic	_	ContainsVariation=No	_	End=74.29	_	_	_	_
47-0	BOR020	47	0	[(andata	andata	_	_	_	_	_	linguistic	_	ContainsVariation=No	_	Begin=71.46	_	_	0-6(0)	0-6(19)
47-1	BOR020	47	1	bene?)]	bene	_	_	_	_	_	linguistic	_	ContainsVariation=No	Intonation=Rising	End=72.2	_	_	0-4(0)	0-4(19)
48-0	BOI079	48	0	((ride))	((ride))	_	_	_	_	_	nonverbalbehavior	_	ContainsVariation=No	_	Begin=72.77	_	_	_	_
48-1	BOI079	48	1	[(eh	eh	_	_	_	_	_	linguistic	_	ContainsVariation=No	_	_	_	_	0-2(0)	0-2(18)
48-2	BOI079	48	2	xx	xx	_	_	_	_	_	unknown	_	ContainsVariation=No	Syllables=2	_	_	_	0-2(0)	0-2(18)
48-3	BOI079	48	3	effettiva~)]	effettiva~	_	_	_	_	_	linguistic	_	ContainsVariation=No	Interrupted=Yes	End=74.192	_	_	0-10(0)	0-10(18)
49-0	BOI078	49	0	perché	perché	_	_	_	_	_	linguistic	_	ContainsVariation=No	_	Begin=74.67	_	_	_	_
49-1	BOI078	49	1	°m::h°	mh	_	_	_	_	_	linguistic	_	ContainsVariation=No	Volume=low	End=75.93	0x2	_	_	_
50-0	BOI079	50	0	noi	noi	_	_	_	_	_	linguistic	_	ContainsVariation=No	_	Begin=76.381	_	_	_	_
50-1	BOI079	50	1	facciamo:	facciamo	_	_	_	_	_	linguistic	_	ContainsVariation=No	_	End=77.42	7x1	_	_	_
51-0	BOI079	51	0	((ride))	((ride))	_	_	_	_	_	nonverbalbehavior	_	ContainsVariation=No	_	Begin=77.699	_	_	_	_
51-1	BOI079	51	1	xxx	xxx	_	_	_	_	_	unknown	_	ContainsVariation=No	Syllables=3	_	_	_	_	_
51-2	BOI079	51	2	xxx	xxx	_	_	_	_	_	unknown	_	ContainsVariation=No	Syllables=3	End=79.49	_	_	_	_
52-0	BOI078	52	0	((ride))	((ride))	_	_	_	_	_	nonverbalbehavior	_	ContainsVariation=No	_	Begin=78.147|End=79.022	_	_	_	_
53-0	BOI078	53	0	E::mh	emh	_	_	_	_	_	linguistic	_	ContainsVariation=No	Volume=high	Begin=79.67|End=80.72	0x2	_	_	_
54-0	BOI078	54	0	>e	e	_	_	_	_	_	linguistic	_	ContainsVariation=No	_	Begin=81.199	_	Fast=0-1(0)	_	_
54-1	BOI078	54	1	niente	niente	_	_	_	_	_	linguistic	_	ContainsVariation=No	_	_	_	Fast=0-6(0)	_	_
54-2	BOI078	54	2	no<	no	_	_	_	_	_	linguistic	_	ContainsVariation=No	PauseAfter=Yes	_	_	Fast=0-2(0)	_	_
54-3	BOI078	54	3	(.)	(.)	_	_	_	_	_	shortpause	_	ContainsVariation=No	_	_	_	_	_	_
54-4	BOI078	54	4	BOLOGNA	bologna	_	_	_	_	_	linguistic	_	ContainsVariation=No	Volume=high	_	_	_	_	_
54-5	BOI078	54	5	eh	eh	_	_	_	_	_	linguistic	_	ContainsVariation=No	_	_	_	_	_	_
54-6	BOI078	54	6	cosa	cosa	_	_	_	_	_	linguistic	_	ContainsVariation=No	_	_	_	_	_	_
54-7	BOI078	54	7	c'	c'	_	_	_	_	_	linguistic	_	ContainsVariation=No	SpaceAfter=No	_	_	_	_	_
54-8	BOI078	54	8	è	è	_	_	_	_	_	linguistic	_	ContainsVariation=No	_	_	_	_	_	_
54-9	BOI078	54	9	da	da	_	_	_	_	_	linguistic	_	ContainsVariation=No	_	_	_	_	_	_
54-10	BOI078	54	10	sapere	sapere	_	_	_	_	_	linguistic	_	ContainsVariation=No	_	_	_	_	_	_
54-11	BOI078	54	11	su	su	_	_	_	_	_	linguistic	_	ContainsVariation=No	_	_	_	_	_	_
54-12	BOI078	54	12	bologna?	bologna	_	_	_	_	_	linguistic	_	ContainsVariation=No	Intonation=Rising	End=84.71	_	_	_	_
55-0	BOI079	55	0	((ride))	((ride))	_	_	_	_	_	nonverbalbehavior	_	ContainsVariation=No	_	Begin=83.54|End=85.63	_	_	_	_
56-0	BOR022	56	0	((ride))	((ride))	_	_	_	_	_	nonverbalbehavior	_	ContainsVariation=No	_	Begin=84.25|End=85.04	_	_	_	_
57-0	BOR020	57	0	((ride))	((ride))	_	_	_	_	_	nonverbalbehavior	_	ContainsVariation=No	_	Begin=85.38|End=86.11	_	_	_	_
58-0	BOI078	58	0	innanzitutto	innanzitutto	_	_	_	_	_	linguistic	_	ContainsVariation=No	_	Begin=86.12	_	_	_	_
58-1	BOI078	58	1	che	che	_	_	_	_	_	linguistic	_	ContainsVariation=No	_	_	_	_	_	_
58-2	BOI078	58	2	è	è	_	_	_	_	_	linguistic	_	ContainsVariation=No	_	_	_	_	_	_
58-3	BOI078	58	3	il	il	_	_	_	_	_	linguistic	_	ContainsVariation=No	_	_	_	_	_	_
58-4	BOI078	58	4	capoluogo	capoluogo	_	_	_	_	_	linguistic	_	ContainsVariation=No	_	_	_	_	_	_
58-5	BOI078	58	5	dell'	dell'	_	_	_	_	_	linguistic	_	ContainsVariation=No	SpaceAfter=No	_	_	_	_	_
58-6	BOI078	58	6	emilia	emilia	_	_	_	_	_	linguistic	_	ContainsVariation=No	_	_	_	_	_	_
58-7	BOI078	58	7	romagna,	romagna	_	_	_	_	_	linguistic	_	ContainsVariation=No	Intonation=WeaklyRising	End=88.51	_	_	_	_
59-0	BOI078	59	0	è	è	_	_	_	_	_	linguistic	_	ContainsVariation=No	_	Begin=88.92	_	_	_	_
59-1	BOI078	59	1	il	il	_	_	_	_	_	linguistic	_	ContainsVariation=No	_	_	_	_	_	_
59-2	BOI078	59	2	capoluog[o:]	capoluogo	_	_	_	_	_	linguistic	_	ContainsVariation=No	_	End=89.676	8x1	_	_	8-9(22)
60-0	BOR020	60	0	[e	e	_	_	_	_	_	linguistic	_	ContainsVariation=No	_	Begin=89.56	_	_	_	0-1(22)
60-1	BOR020	60	1	f]in	fin	_	_	_	_	_	linguistic	_	ContainsVariation=No	_	_	_	_	_	0-1(22)
60-2	BOR020	60	2	qua	qua	_	_	_	_	_	linguistic	_	ContainsVariation=No	_	_	_	_	_	_
60-3	BOR020	60	3	oggi:	oggi	_	_	_	_	_	linguistic	_	ContainsVariation=No	_	_	3x1	_	_	_
60-4	BOR020	60	4	e:h	eh	_	_	_	_	_	linguistic	_	ContainsVariation=No	_	_	0x1	_	_	_
60-5	BOR020	60	5	spari	spari	_	_	_	_	_	linguistic	_	ContainsVariation=No	_	_	_	_	_	_
60-6	BOR020	60	6	la	la	_	_	_	_	_	linguistic	_	ContainsVariation=No	_	_	_	_	_	_
60-7	BOR020	60	7	tua	tua	_	_	_	_	_	linguistic	_	ContainsVariation=No	_	_	_	_	_	_
60-8	BOR020	60	8	conoscenza	conoscenza	_	_	_	_	_	linguistic	_	ContainsVariation=No	_	_	_	_	_	_
60-9	BOR020	60	9	del[la	della	_	_	_	_	_	linguistic	_	ContainsVariation=No	_	_	_	_	_	3-5(23)
60-10	BOR020	60	10	geografi]a	geografia	_	_	_	_	_	linguistic	_	ContainsVariation=No	_	End=93.08	_	_	_	0-8(23)
61-0	BOI078	61	0	[sì]	sì	_	_	_	_	_	linguistic	_	ContainsVariation=No	_	Begin=92.36|End=92.79	_	_	_	0-2(23)
62-0	BOI078	62	0	e	e	_	_	_	_	_	linguistic	_	ContainsVariation=No	_	Begin=93.207	_	_	_	_
62-1	BOI078	62	1	ha	ha	_	_	_	_	_	linguistic	_	ContainsVariation=No	_	_	_	_	_	_
62-2	BOI078	62	2	una	una	_	_	_	_	_	linguistic	_	ContainsVariation=No	_	_	_	_	_	_
62-3	BOI078	62	3	densità	densità	_	_	_	_	_	linguistic	_	ContainsVariation=No	_	_	_	_	_	_
62-4	BOI078	62	4	abitativa:	abitativa	_	_	_	_	_	linguistic	_	ContainsVariation=No	_	_	8x1	_	_	_
62-5	BOI078	62	5	di::	di	_	_	_	_	_	linguistic	_	ContainsVariation=No	_	End=95.75	1x2	_	_	_
63-0	BOI078	63	0	un	un	_	_	_	_	_	linguistic	_	ContainsVariation=No	_	Begin=96.759	_	_	_	_
63-1	BOI078	63	1	metro:	metro	_	_	_	_	_	linguistic	_	ContainsVariation=No	_	End=97.61	4x1	_	_	_
64-0	BOI079	64	0	dai	dai	_	_	_	_	_	linguistic	_	ContainsVariation=No	_	Begin=97.722	_	_	_	_
64-1	BOI079	64	1	smettila	smettila	_	_	_	_	_	linguistic	_	ContainsVariation=No	_	End=98.319	_	_	_	_
65-0	BOI078	65	0	un	un	_	_	_	_	_	linguistic	_	ContainsVariation=No	_	Begin=98.32	_	_	_	_
65-1	BOI078	65	1	abitante	abitante	_	_	_	_	_	linguistic	_	ContainsVariation=No	_	_	_	_	_	_
65-2	BOI078	65	2	per	per	_	_	_	_	_	linguistic	_	ContainsVariation=No	_	_	_	_	_	_
65-3	BOI078	65	3	metro	metro	_	_	_	_	_	linguistic	_	ContainsVariation=No	_	_	_	_	_	_
65-4	BOI078	65	4	quadro	quadro	_	_	_	_	_	linguistic	_	ContainsVariation=No	_	End=99.57	_	_	_	_
66-0	BOR022	66	0	((ride))	((ride))	_	_	_	_	_	nonverbalbehavior	_	ContainsVariation=No	_	Begin=98.94|End=100.79	_	_	_	_
67-0	BOI079	67	0	no	no	_	_	_	_	_	linguistic	_	ContainsVariation=No	_	Begin=99.77	_	_	_	_
67-1	BOI079	67	1	allora	allora	_	_	_	_	_	linguistic	_	ContainsVariation=No	_	_	_	_	_	_
67-2	BOI079	67	2	((ride))	((ride))	_	_	_	_	_	nonverbalbehavior	_	ContainsVariation=No	_	End=100.52	_	_	_	_
68-0	BOI078	68	0	((ride))	((ride))	_	_	_	_	_	nonverbalbehavior	_	ContainsVariation=No	_	Begin=100.03|End=100.86	_	_	_	_
69-0	BOI079	69	0	e:h	eh	_	_	_	_	_	linguistic	_	ContainsVariation=No	_	Begin=102.38	0x1	_	_	_
69-1	BOI079	69	1	m:h	mh	_	_	_	_	_	linguistic	_	ContainsVariation=No	_	End=103.17	0x1	_	_	_
70-0	BOR020	70	0	vabbè	vabbè	_	_	_	_	_	linguistic	_	ContainsVariation=No	_	Begin=103.2	_	_	_	_
70-1	BOR020	70	1	[quindi	quindi	_	_	_	_	_	linguistic	_	ContainsVariation=No	_	_	_	_	_	0-6(26)
70-2	BOR020	70	2	vi]	vi	_	_	_	_	_	linguistic	_	ContainsVariation=No	_	_	_	_	_	0-2(26)
70-3	BOR020	70	3	siete	siete	_	_	_	_	_	linguistic	_	ContainsVariation=No	_	_	_	_	_	_
70-4	BOR020	70	4	conosciuti	conosciuti	_	_	_	_	_	linguistic	_	ContainsVariation=No	_	_	_	_	_	_
70-5	BOR020	70	5	al	al	_	_	_	_	_	linguistic	_	ContainsVariation=No	_	_	_	_	_	_
70-6	BOR020	70	6	lic[eo].	liceo	_	_	_	_	_	linguistic	_	ContainsVariation=No	Intonation=Falling	End=105.33	_	_	_	3-5(25)
71-0	BOR022	71	0	[ma]	ma	_	_	_	_	_	linguistic	_	ContainsVariation=No	_	Begin=103.53|End=103.78	_	_	_	0-2(26)
72-0	BOI078	72	0	[al]	al	_	_	_	_	_	linguistic	_	ContainsVariation=No	_	Begin=105.15	_	_	_	0-2(25)
72-1	BOI078	72	1	liceo	liceo	_	_	_	_	_	linguistic	_	ContainsVariation=No	_	End=105.87	_	_	_	_
73-0	BOR020	73	0	vi	vi	_	_	_	_	_	linguistic	_	ContainsVariation=No	_	Begin=105.99	_	_	_	_
73-1	BOR020	73	1	siete	siete	_	_	_	_	_	linguistic	_	ContainsVariation=No	_	_	_	_	_	_
73-2	BOR020	73	2	piaciuti	piaciuti	_	_	_	_	_	linguistic	_	ContainsVariation=No	_	_	_	_	_	_
73-3	BOR020	73	3	dall'	dall'	_	_	_	_	_	linguistic	_	ContainsVariation=No	SpaceAfter=No	_	_	_	_	_
73-4	BOR020	73	4	inizio?	inizio	_	_	_	_	_	linguistic	_	ContainsVariation=No	Intonation=Rising	End=107.29	_	_	_	_
74-0	BOI078	74	0	n[o]	no	_	_	_	_	_	linguistic	_	ContainsVariation=No	_	Begin=107.3|End=107.56	_	_	_	1-2(27)
75-0	BOI079	75	0	[n]o	no	_	_	_	_	_	linguistic	_	ContainsVariation=No	_	Begin=107.49|End=107.81	_	_	_	0-1(27)
76-0	BOI078	76	0	perché	perché	_	_	_	_	_	linguistic	_	ContainsVariation=No	_	Begin=108.34	_	_	_	_
76-1	BOI078	76	1	lui:	lui	_	_	_	_	_	linguistic	_	ContainsVariation=No	PauseAfter=Yes	_	2x1	_	_	_
76-2	BOI078	76	2	(.)	(.)	_	_	_	_	_	shortpause	_	ContainsVariation=No	_	_	_	_	_	_
76-3	BOI078	76	3	era:	era	_	_	_	_	_	linguistic	_	ContainsVariation=No	_	_	2x1	_	_	_
76-4	BOI078	76	4	snob	snob	_	_	_	_	_	linguistic	_	ContainsVariation=No	_	_	_	_	_	_
76-5	BOI078	76	5	all'	all'	_	_	_	_	_	linguistic	_	ContainsVariation=No	SpaceAfter=No	_	_	_	_	_
76-6	BOI078	76	6	inizio	inizio	_	_	_	_	_	linguistic	_	ContainsVariation=No	PauseAfter=Yes	_	_	_	_	_
76-7	BOI078	76	7	(.)	(.)	_	_	_	_	_	shortpause	_	ContainsVariation=No	_	_	_	_	_	_
76-8	BOI078	76	8	era	era	_	_	_	_	_	linguistic	_	ContainsVariation=No	_	_	_	_	_	_
76-9	BOI078	76	9	un	un	_	_	_	_	_	linguistic	_	ContainsVariation=No	_	_	_	_	_	_
76-10	BOI078	76	10	po'	po'	_	_	_	_	_	linguistic	_	ContainsVariation=No	_	_	_	_	_	_
76-11	BOI078	76	11	un	un	_	_	_	_	_	linguistic	_	ContainsVariation=No	PauseAfter=Yes	_	_	_	_	_
76-12	BOI078	76	12	(.)	(.)	_	_	_	_	_	shortpause	_	ContainsVariation=No	_	_	_	_	_	_
76-13	BOI078	76	13	testa	testa	_	_	_	_	_	linguistic	_	ContainsVariation=No	_	_	_	_	_	_
76-14	BOI078	76	14	di	di	_	_	_	_	_	linguistic	_	ContainsVariation=No	_	_	_	_	_	_
76-15	BOI078	76	15	°cazzo°	cazzo	_	_	_	_	_	linguistic	_	ContainsVariation=No	Volume=low	_	_	_	_	_
76-16	BOI078	76	16	e	e	_	_	_	_	_	linguistic	_	ContainsVariation=No	_	_	_	_	_	_
76-17	BOI078	76	17	quindi	quindi	_	_	_	_	_	linguistic	_	ContainsVariation=No	_	_	_	_	_	_
76-18	BOI078	76	18	non	non	_	_	_	_	_	linguistic	_	ContainsVariation=No	_	_	_	_	_	_
76-19	BOI078	76	19	non	non	_	_	_	_	_	linguistic	_	ContainsVariation=No	_	_	_	_	_	_
76-20	BOI078	76	20	ci	ci	_	_	_	_	_	linguistic	_	ContainsVariation=No	_	_	_	_	_	_
76-21	BOI078	76	21	guard[ava]	guardava	_	_	_	_	_	linguistic	_	ContainsVariation=No	_	End=113.61	_	_	_	4-8(28)
77-0	BOI079	77	0	[potre]bbe	potrebbe	_	_	_	_	_	linguistic	_	ContainsVariation=No	_	Begin=113.38	_	_	_	0-5(28)
77-1	BOI079	77	1	esse~	esse~	_	_	_	_	_	linguistic	_	ContainsVariation=No	Interrupted=Yes|PauseAfter=Yes	_	_	_	_	_
77-2	BOI079	77	2	(.)	(.)	_	_	_	_	_	shortpause	_	ContainsVariation=No	_	_	_	_	_	_
77-3	BOI079	77	3	io	io	_	_	_	_	_	linguistic	_	ContainsVariation=No	_	_	_	_	_	_
77-4	BOI079	77	4	forse	forse	_	_	_	_	_	linguistic	_	ContainsVariation=No	_	_	_	_	_	_
77-5	BOI079	77	5	ero	ero	_	_	_	_	_	linguistic	_	ContainsVariation=No	_	_	_	_	_	_
77-6	BOI079	77	6	un	un	_	_	_	_	_	linguistic	_	ContainsVariation=No	_	_	_	_	_	_
77-7	BOI079	77	7	po'	po'	_	_	_	_	_	linguistic	_	ContainsVariation=No	_	_	_	_	_	_
77-8	BOI079	77	8	snob	snob	_	_	_	_	_	linguistic	_	ContainsVariation=No	_	_	_	_	_	_
77-9	BOI079	77	9	>però	però	_	_	_	_	_	linguistic	_	ContainsVariation=No	_	_	_	Fast=0-4(0)	_	_
77-10	BOI079	77	10	tu	tu	_	_	_	_	_	linguistic	_	ContainsVariation=No	_	_	_	Fast=0-2(0)	_	_
77-11	BOI079	77	11	eri	eri	_	_	_	_	_	linguistic	_	ContainsVariation=No	_	_	_	Fast=0-3(0)	_	_
77-12	BOI079	77	12	un	un	_	_	_	_	_	linguistic	_	ContainsVariation=No	_	_	_	Fast=0-2(0)	_	_
77-13	BOI079	77	13	cogli[one]<	coglione	_	_	_	_	_	linguistic	_	ContainsVariation=No	_	End=116.24	_	Fast=0-8(0)	_	5-8(29)
78-0	BOI078	78	0	[no	no	_	_	_	_	_	linguistic	_	ContainsVariation=No	_	Begin=115.92	_	_	_	0-2(29)
78-1	BOI078	78	1	e]ro	ero	_	_	_	_	_	linguistic	_	ContainsVariation=No	_	_	_	_	_	0-1(29)
78-2	BOI078	78	2	>eravamo<	eravamo	_	_	_	_	_	linguistic	_	ContainsVariation=No	_	_	_	Fast=0-7(0)	_	_
78-3	BOI078	78	3	un	un	_	_	_	_	_	linguistic	_	ContainsVariation=No	_	_	_	_	_	_
78-4	BOI078	78	4	po'	po'	_	_	_	_	_	linguistic	_	ContainsVariation=No	_	_	_	_	_	_
78-5	BOI078	78	5	dei	dei	_	_	_	_	_	linguistic	_	ContainsVariation=No	_	_	_	_	_	_
78-6	BOI078	78	6	coglioni	coglioni	_	_	_	_	_	linguistic	_	ContainsVariation=No	_	End=117.45	_	_	_	_
79-0	BOI078	79	0	io	io	_	_	_	_	_	linguistic	_	ContainsVariation=No	_	Begin=117.52	_	_	_	_
79-1	BOI078	79	1	ero	ero	_	_	_	_	_	linguistic	_	ContainsVariation=No	_	_	_	_	_	_
79-2	BOI078	79	2	ancora	ancora	_	_	_	_	_	linguistic	_	ContainsVariation=No	_	_	_	_	_	_
79-3	BOI078	79	3	molto:	molto	_	_	_	_	_	linguistic	_	ContainsVariation=No	_	_	4x1	_	_	_
79-4	BOI078	79	4	nella	nella	_	_	_	_	_	linguistic	_	ContainsVariation=No	_	_	_	_	_	_
79-5	BOI078	79	5	nella	nella	_	_	_	_	_	linguistic	_	ContainsVariation=No	_	_	_	_	_	_
79-6	BOI078	79	6	fase	fase	_	_	_	_	_	linguistic	_	ContainsVariation=No	_	_	_	_	_	_
79-7	BOI078	79	7	medie	medie	_	_	_	_	_	linguistic	_	ContainsVariation=No	_	End=120.18	_	_	_	_
80-0	BOI078	80	0	non	non	_	_	_	_	_	linguistic	_	ContainsVariation=No	_	Begin=120.666	_	_	_	_
80-1	BOI078	80	1	ho:	ho	_	_	_	_	_	linguistic	_	ContainsVariation=No	_	_	1x1	_	_	_
80-2	BOI078	80	2	mai	mai	_	_	_	_	_	linguistic	_	ContainsVariation=No	_	_	_	_	_	_
80-3	BOI078	80	3	superato	superato	_	_	_	_	_	linguistic	_	ContainsVariation=No	_	_	_	_	_	_
80-4	BOI078	80	4	la	la	_	_	_	_	_	linguistic	_	ContainsVariation=No	_	_	_	_	_	_
80-5	BOI078	80	5	fase	fase	_	_	_	_	_	linguistic	_	ContainsVariation=No	_	_	_	_	_	_
80-6	BOI078	80	6	medi[e]	medie	_	_	_	_	_	linguistic	_	ContainsVariation=No	_	End=122.67	_	_	_	4-5(30)
81-0	BOR020	81	0	[ne]anche	neanche	_	_	_	_	_	linguistic	_	ContainsVariation=No	_	Begin=122.53	_	_	_	0-2(30)
81-1	BOR020	81	1	adesso?	adesso	_	_	_	_	_	linguistic	_	ContainsVariation=No	Intonation=Rising	End=123.34	_	_	_	_
82-0	BOI078	82	0	difficile	difficile	_	_	_	_	_	linguistic	_	ContainsVariation=No	_	Begin=123.347	_	_	_	_
82-1	BOI078	82	1	non	non	_	_	_	_	_	linguistic	_	ContainsVariation=No	_	_	_	_	_	_
82-2	BOI078	82	2	cr[edo]	credo	_	_	_	_	_	linguistic	_	ContainsVariation=No	_	End=124.34	_	_	_	2-5(31)
83-0	BOI079	83	0	[(dai)]	dai	_	_	_	_	_	linguistic	_	ContainsVariation=No	_	Begin=124.16	_	_	0-3(0)	0-3(31)
83-1	BOI079	83	1	sì:	sì	_	_	_	_	_	linguistic	_	ContainsVariation=No	_	End=124.83	1x1	_	_	_
84-0	BOI078	84	0	cioè:	cioè	_	_	_	_	_	linguistic	_	ContainsVariation=No	_	Begin=125.101	3x1	_	_	_
84-1	BOI078	84	1	[le	le	_	_	_	_	_	linguistic	_	ContainsVariation=No	_	_	_	_	_	0-2(32)
84-2	BOI078	84	2	medie	medie	_	_	_	_	_	linguistic	_	ContainsVariation=No	_	_	_	_	_	0-5(32)
84-3	BOI078	84	3	sono]	sono	_	_	_	_	_	linguistic	_	ContainsVariation=No	_	_	_	_	_	0-4(32)
84-4	BOI078	84	4	proprio	proprio	_	_	_	_	_	linguistic	_	ContainsVariation=No	PauseAfter=Yes	_	_	_	_	_
84-5	BOI078	84	5	(.)	(.)	_	_	_	_	_	shortpause	_	ContainsVariation=No	_	_	_	_	_	_
84-6	BOI078	84	6	un	un	_	_	_	_	_	linguistic	_	ContainsVariation=No	_	_	_	_	_	_
84-7	BOI078	84	7	periodo	periodo	_	_	_	_	_	linguistic	_	ContainsVariation=No	_	_	_	_	_	_
84-8	BOI078	84	8	buio:	buio	_	_	_	_	_	linguistic	_	ContainsVariation=No	_	End=128.07	3x1	_	_	_
85-0	BOI079	85	0	[secondo	secondo	_	_	_	_	_	linguistic	_	ContainsVariation=No	_	Begin=125.56	_	_	_	0-7(32)
85-1	BOI079	85	1	me	me	_	_	_	_	_	linguistic	_	ContainsVariation=No	_	_	_	_	_	0-2(32)
85-2	BOI079	85	2	sì]	sì	_	_	_	_	_	linguistic	_	ContainsVariation=No	_	End=126.41	_	_	_	0-2(32)
86-0	BOI078	86	0	per	per	_	_	_	_	_	linguistic	_	ContainsVariation=No	_	Begin=129.15	_	_	_	_
86-1	BOI078	86	1	[tu]tti	tutti	_	_	_	_	_	linguistic	_	ContainsVariation=No	_	End=129.788	_	_	_	0-2(33)
87-0	BOI079	87	0	[sì]	sì	_	_	_	_	_	linguistic	_	ContainsVariation=No	_	Begin=129.27|End=129.57	_	_	_	0-2(33)
88-0	BOR022	88	0	sì:	sì	_	_	_	_	_	linguistic	_	ContainsVariation=No	_	Begin=130.16	1x1	_	_	_
88-1	BOR022	88	1	sì	sì	_	_	_	_	_	linguistic	_	ContainsVariation=No	_	_	_	_	_	_
88-2	BOR022	88	2	[e:h]	eh	_	_	_	_	_	linguistic	_	ContainsVariation=No	_	End=131.12	0x1	_	_	0-2(34)
89-0	BOI078	89	0	[e::h]	eh	_	_	_	_	_	linguistic	_	ContainsVariation=No	_	Begin=130.585	0x2	_	_	0-2(34)
89-1	BOI078	89	1	senza	senza	_	_	_	_	_	linguistic	_	ContainsVariation=No	_	_	_	_	_	_
89-2	BOI078	89	2	dubbio	dubbio	_	_	_	_	_	linguistic	_	ContainsVariation=No	_	End=131.82	_	_	_	_
90-0	BOI078	90	0	senza	senza	_	_	_	_	_	linguistic	_	ContainsVariation=No	_	Begin=132.22	_	_	_	_
90-1	BOI078	90	1	ombra	ombra	_	_	_	_	_	linguistic	_	ContainsVariation=No	_	_	_	_	_	_
90-2	BOI078	90	2	di	di	_	_	_	_	_	linguistic	_	ContainsVariation=No	_	_	_	_	_	_
90-3	BOI078	90	3	°[dubbio]°	dubbio	_	_	_	_	_	linguistic	_	ContainsVariation=No	Volume=low	End=133.22	_	_	_	0-6(35)
91-0	BOR020	91	0	[no	no	_	_	_	_	_	linguistic	_	ContainsVariation=No	_	Begin=132.73	_	_	_	0-2(35)
91-1	BOR020	91	1	io:]	io	_	_	_	_	_	linguistic	_	ContainsVariation=No	_	_	1x1	_	_	0-2(35)
91-2	BOR020	91	2	top	top	_	_	_	_	_	linguistic	_	ContainsVariation=No	_	_	_	_	_	_
91-3	BOR020	91	3	alle	alle	_	_	_	_	_	linguistic	_	ContainsVariation=No	_	_	_	_	_	_
91-4	BOR020	91	4	medi[e]	medie	_	_	_	_	_	linguistic	_	ContainsVariation=No	_	End=133.955	_	_	_	4-5(36)
92-0	BOI078	92	0	°[eh]	eh	_	_	_	_	_	linguistic	_	ContainsVariation=No	Volume=low	Begin=133.85	_	_	_	0-2(36)
92-1	BOI078	92	1	infatti°	infatti	_	_	_	_	_	linguistic	_	ContainsVariation=No	Volume=low	End=134.44	_	_	_	_
93-0	BOR020	93	0	top	top	_	_	_	_	_	linguistic	_	ContainsVariation=No	_	Begin=134.58	_	_	_	_
93-1	BOR020	93	1	li[fe]	life	_	_	_	_	_	linguistic	_	ContainsVariation=No	_	End=135.43	_	_	_	2-4(37)
94-0	BOI078	94	0	[sei	sei	_	_	_	_	_	linguistic	_	ContainsVariation=No	_	Begin=135.1	_	_	_	0-3(37)
94-1	BOI078	94	1	una	una	_	_	_	_	_	linguistic	_	ContainsVariation=No	_	_	_	_	_	0-3(37)
94-2	BOI078	94	2	di]	di	_	_	_	_	_	linguistic	_	ContainsVariation=No	_	_	_	_	_	0-2(37)
94-3	BOI078	94	3	qu[elle	quelle	_	_	_	_	_	linguistic	_	ContainsVariation=No	_	_	_	_	_	2-6(38)
94-4	BOI078	94	4	lì]	lì	_	_	_	_	_	linguistic	_	ContainsVariation=No	_	End=136.01	_	_	_	0-2(38)
95-0	BOI079	95	0	[come	come	_	_	_	_	_	linguistic	_	ContainsVariation=No	_	Begin=135.639	_	_	_	0-4(38)
95-1	BOI079	95	1	è	è	_	_	_	_	_	linguistic	_	ContainsVariation=No	_	_	_	_	_	0-1(38)
95-2	BOI079	95	2	possi]bile?	possibile	_	_	_	_	_	linguistic	_	ContainsVariation=No	Intonation=Rising	End=136.4	_	_	_	0-5(38)
96-0	BOI078	96	0	ma	ma	_	_	_	_	_	linguistic	_	ContainsVariation=No	_	Begin=137.38	_	_	_	_
96-1	BOI078	96	1	per[ché	perché	_	_	_	_	_	linguistic	_	ContainsVariation=No	_	_	_	_	_	3-6(39)
96-2	BOI078	96	2	era:]	era	_	_	_	_	_	linguistic	_	ContainsVariation=No	_	End=137.945	2x1	_	_	0-3(39)
97-0	BOR020	97	0	[ero	ero	_	_	_	_	_	linguistic	_	ContainsVariation=No	_	Begin=137.623	_	_	_	0-3(39)
97-1	BOR020	97	1	una]	una	_	_	_	_	_	linguistic	_	ContainsVariation=No	_	_	_	_	_	0-3(39)
97-2	BOR020	97	2	bul[la]	bulla	_	_	_	_	_	linguistic	_	ContainsVariation=No	_	End=138.623	_	_	_	3-5(40)
98-0	BOI078	98	0	[ma	ma	_	_	_	_	_	linguistic	_	ContainsVariation=No	_	Begin=138.392	_	_	_	0-2(40)
98-1	BOI078	98	1	per]ché	perché	_	_	_	_	_	linguistic	_	ContainsVariation=No	_	_	_	_	_	0-3(40)
98-2	BOI078	98	2	[a	a	_	_	_	_	_	linguistic	_	ContainsVariation=No	_	_	_	_	_	0-1(440)
98-3	BOI078	98	3	trent~	trent~	_	_	_	_	_	linguistic	_	ContainsVariation=No	Interrupted=Yes	_	_	_	_	0-6(440)
98-4	BOI078	98	4	ah	ah	_	_	_	_	_	linguistic	_	ContainsVariation=No	_	_	_	_	_	0-2(440)
98-5	BOI078	98	5	eh	eh	_	_	_	_	_	linguistic	_	ContainsVariation=No	_	_	_	_	_	0-2(440)
98-6	BOI078	98	6	infatti]	infatti	_	_	_	_	_	linguistic	_	ContainsVariation=No	_	End=140.072	_	_	_	0-7(440)
99-0	BOI079	99	0	[a:::h	ah	_	_	_	_	_	linguistic	_	ContainsVariation=No	_	Begin=138.727	0x3	_	_	0-2(440)
99-1	BOI079	99	1	°xxx]xxxx°	xxxxxxx	_	_	_	_	_	unknown	_	ContainsVariation=No	Volume=low|Syllables=7	End=140.896	_	_	_	0-3(440)
100-0	BOR022	100	0	[a:::h]	ah	_	_	_	_	_	linguistic	_	ContainsVariation=No	_	Begin=138.967|End=139.467	0x3	_	_	0-2(440)
101-0	BOR020	101	0	m:h	mh	_	_	_	_	_	linguistic	_	ContainsVariation=No	_	Begin=141.074|End=141.329	0x1	_	_	_
102-0	BOI078	102	0	poi	poi	_	_	_	_	_	linguistic	_	ContainsVariation=No	_	Begin=141.338	_	_	_	_
102-1	BOI078	102	1	a	a	_	_	_	_	_	linguistic	_	ContainsVariation=No	_	_	_	_	_	_
102-2	BOI078	102	2	trento	trento	_	_	_	_	_	linguistic	_	ContainsVariation=No	_	_	_	_	_	_
102-3	BOI078	102	3	>cosa<	cosa	_	_	_	_	_	linguistic	_	ContainsVariation=No	PauseAfter=Yes	_	_	Fast=0-4(0)	_	_
102-4	BOI078	102	4	(.)	(.)	_	_	_	_	_	shortpause	_	ContainsVariation=No	_	_	_	_	_	_
102-5	BOI078	102	5	vi	vi	_	_	_	_	_	linguistic	_	ContainsVariation=No	_	_	_	_	_	_
102-6	BOI078	102	6	lanciavate	lanciavate	_	_	_	_	_	linguistic	_	ContainsVariation=No	_	_	_	_	_	_
102-7	BOI078	102	7	lo	lo	_	_	_	_	_	linguistic	_	ContainsVariation=No	_	_	_	_	_	_
102-8	BOI078	102	8	yogurt?	yogurt	_	_	_	_	_	linguistic	_	ContainsVariation=No	Intonation=Rising	_	_	_	_	_
102-9	BOI078	102	9	°non	non	_	_	_	_	_	linguistic	_	ContainsVariation=No	Volume=low	_	_	_	_	_
102-10	BOI078	102	10	so	so	_	_	_	_	_	linguistic	_	ContainsVariation=No	Volume=low	_	_	_	_	_
102-11	BOI078	102	11	cosa	cosa	_	_	_	_	_	linguistic	_	ContainsVariation=No	Volume=low	_	_	_	_	_
102-12	BOI078	102	12	vi	vi	_	_	_	_	_	linguistic	_	ContainsVariation=No	Volume=low	_	_	_	_	_
102-13	BOI078	102	13	[lanciavate]°	lanciavate	_	_	_	_	_	linguistic	_	ContainsVariation=No	Volume=low	End=144.607	_	_	_	0-10(41)
103-0	BOR020	103	0	[i	i	_	_	_	_	_	linguistic	_	ContainsVariation=No	_	Begin=144.04	_	_	_	0-1(41)
103-1	BOR020	103	1	petard]i	petardi	_	_	_	_	_	linguistic	_	ContainsVariation=No	_	End=144.878	_	_	_	0-6(41)
104-0	BOI078	104	0	ah	ah	_	_	_	_	_	linguistic	_	ContainsVariation=No	_	Begin=145.047	_	_	_	_
104-1	BOI078	104	1	i	i	_	_	_	_	_	linguistic	_	ContainsVariation=No	_	_	_	_	_	_
104-2	BOI078	104	2	petardi	petardi	_	_	_	_	_	linguistic	_	ContainsVariation=No	_	End=145.817	_	_	_	_
105-0	BOR020	105	0	mh	mh	_	_	_	_	_	linguistic	_	ContainsVariation=No	_	Begin=145.937|End=146.204	_	_	_	_
106-0	BOI078	106	0	ok[ay]	okay	_	_	_	_	_	linguistic	_	ContainsVariation=No	_	Begin=146.622|End=147.026	_	_	_	2-4(42)
107-0	BOI079	107	0	trento::	trento	_	_	_	_	_	linguistic	_	ContainsVariation=No	_	Begin=146.811	5x2	_	_	_
107-1	BOI079	107	1	fa	fa	_	_	_	_	_	linguistic	_	ContainsVariation=No	_	_	_	_	_	_
107-2	BOI079	107	2	un	un	_	_	_	_	_	linguistic	_	ContainsVariation=No	_	_	_	_	_	_
107-3	BOI079	107	3	gran	gran	_	_	_	_	_	linguistic	_	ContainsVariation=No	_	_	_	_	_	_
107-4	BOI079	107	4	caldo::	caldo	_	_	_	_	_	linguistic	_	ContainsVariation=No	_	End=148.633	4x2	_	_	_
108-0	BOI078	108	0	cioè	cioè	_	_	_	_	_	linguistic	_	ContainsVariation=No	_	Begin=148.981	_	_	_	_
108-1	BOI078	108	1	è	è	_	_	_	_	_	linguistic	_	ContainsVariation=No	_	_	_	_	_	_
108-2	BOI078	108	2	tipo	tipo	_	_	_	_	_	linguistic	_	ContainsVariation=No	_	_	_	_	_	_
108-3	BOI078	108	3	una	una	_	_	_	_	_	linguistic	_	ContainsVariation=No	_	_	_	_	_	_
108-4	BOI078	108	4	<b[olla>	bolla	_	_	_	_	_	linguistic	_	ContainsVariation=No	PauseAfter=Yes	_	_	Slow=0-5(0)	_	1-5(43)
108-5	BOI078	108	5	(.)	(.)	_	_	_	_	_	shortpause	_	ContainsVariation=No	_	_	_	_	_	X(43)
108-6	BOI078	108	6	è	è	_	_	_	_	_	linguistic	_	ContainsVariation=No	_	_	_	Fast=0-1(0)	_	0-1(43)
108-7	BOI078	108	7	una	una	_	_	_	_	_	linguistic	_	ContainsVariation=No	_	_	_	Fast=0-3(0)	_	0-3(43)
108-8	BOI078	108	8	<b]olla>	bolla	_	_	_	_	_	linguistic	_	ContainsVariation=No	_	_	_	Slow=0-5(1)	_	0-1(43)
108-9	BOI078	108	9	di	di	_	_	_	_	_	linguistic	_	ContainsVariation=No	_	_	_	_	_	_
108-10	BOI078	108	10	calore	calore	_	_	_	_	_	linguistic	_	ContainsVariation=No	_	End=151.984	_	_	_	_
109-0	BOI079	109	0	[stranamente]	stranamente	_	_	_	_	_	linguistic	_	ContainsVariation=No	_	Begin=149.801|End=150.847	_	_	_	0-11(43)
110-0	BOR020	110	0	qui,	qui	_	_	_	_	_	linguistic	_	ContainsVariation=No	Intonation=WeaklyRising|PauseAfter=Yes	Begin=152.471	_	_	_	_
110-1	BOR020	110	1	(.)	(.)	_	_	_	_	_	shortpause	_	ContainsVariation=No	_	_	_	_	_	_
110-2	BOR020	110	2	peggio.	peggio	_	_	_	_	_	linguistic	_	ContainsVariation=No	Intonation=Falling	End=153.45	_	_	_	_
111-0	BOI078	111	0	ma	ma	_	_	_	_	_	linguistic	_	ContainsVariation=No	_	Begin=153.669	_	_	_	_
111-1	BOI078	111	1	va	va	_	_	_	_	_	linguistic	_	ContainsVariation=No	_	_	_	_	_	_
111-2	BOI078	111	2	là	là	_	_	_	_	_	linguistic	_	ContainsVariation=No	_	End=154.339	_	_	_	_
112-0	BOI079	112	0	no	no	_	_	_	_	_	linguistic	_	ContainsVariation=No	_	Begin=154.447	_	_	_	_
112-1	BOI079	112	1	vabbè	vabbè	_	_	_	_	_	linguistic	_	ContainsVariation=No	PauseAfter=Yes	_	_	_	_	_
112-2	BOI079	112	2	(.)	(.)	_	_	_	_	_	shortpause	_	ContainsVariation=No	_	_	_	_	_	_
112-3	BOI079	112	3	fa	fa	_	_	_	_	_	linguistic	_	ContainsVariation=No	_	_	_	_	_	_
112-4	BOI079	112	4	cald[issimo	caldissimo	_	_	_	_	_	linguistic	_	ContainsVariation=No	_	_	_	_	_	4-10(44)
112-5	BOI079	112	5	anche	anche	_	_	_	_	_	linguistic	_	ContainsVariation=No	_	_	_	_	_	0-5(44)
112-6	BOI079	112	6	qua]	qua	_	_	_	_	_	linguistic	_	ContainsVariation=No	_	End=156.094	_	_	_	0-3(44)
113-0	BOI078	113	0	[A	a	_	_	_	_	_	linguistic	_	ContainsVariation=No	Volume=high	Begin=155.354	_	_	_	0-1(44)
113-1	BOI078	113	1	TRENTO]	trento	_	_	_	_	_	linguistic	_	ContainsVariation=No	PauseAfter=Yes|Volume=high	_	_	_	_	0-6(44)
113-2	BOI078	113	2	(.)	(.)	_	_	_	_	_	shortpause	_	ContainsVariation=No	_	_	_	_	_	_
113-3	BOI078	113	3	ma	ma	_	_	_	_	_	linguistic	_	ContainsVariation=No	_	_	_	_	_	_
113-4	BOI078	113	4	ti	ti	_	_	_	_	_	linguistic	_	ContainsVariation=No	_	_	_	_	_	_
113-5	BOI078	113	5	ri[cordi	ricordi	_	_	_	_	_	linguistic	_	ContainsVariation=No	_	_	_	_	_	2-7(45)
113-6	BOI078	113	6	a	a	_	_	_	_	_	linguistic	_	ContainsVariation=No	_	_	_	_	_	0-1(45)
113-7	BOI078	113	7	tr]ento	trento	_	_	_	_	_	linguistic	_	ContainsVariation=No	_	_	_	_	_	0-2(45)
113-8	BOI078	113	8	[xx	xx	_	_	_	_	_	unknown	_	ContainsVariation=No	Syllables=2	_	_	_	_	0-2(46)
113-9	BOI078	113	9	a	a	_	_	_	_	_	linguistic	_	ContainsVariation=No	_	_	_	_	_	0-1(46)
113-10	BOI078	113	10	giu~	giu~	_	_	_	_	_	linguistic	_	ContainsVariation=No	Interrupted=Yes	_	_	_	_	0-4(46)
113-11	BOI078	113	11	d]iciannove	diciannove	_	_	_	_	_	linguistic	_	ContainsVariation=No	_	_	_	_	_	0-1(46)
113-12	BOI078	113	12	giugno	giugno	_	_	_	_	_	linguistic	_	ContainsVariation=No	_	End=159.018	_	_	_	_
114-0	BOI079	114	0	[PERÒ]	però	_	_	_	_	_	linguistic	_	ContainsVariation=No	Volume=high	Begin=156.467|End=156.795	_	_	_	0-4(45)
115-0	BOI079	115	0	[sì	sì	_	_	_	_	_	linguistic	_	ContainsVariation=No	_	Begin=157.059	_	_	_	0-2(46)
115-1	BOI079	115	1	è	è	_	_	_	_	_	linguistic	_	ContainsVariation=No	_	_	_	_	_	0-1(46)
115-2	BOI079	115	2	vero]	vero	_	_	_	_	_	linguistic	_	ContainsVariation=No	_	End=157.711	_	_	_	0-4(46)
116-0	BOI079	116	0	a	a	_	_	_	_	_	linguistic	_	ContainsVariation=No	_	Begin=159.271	_	_	_	_
116-1	BOI079	116	1	[tren]to,	trento	_	_	_	_	_	linguistic	_	ContainsVariation=No	Intonation=WeaklyRising	_	_	_	_	0-4(47)
116-2	BOI079	116	2	stavamo	stavamo	_	_	_	_	_	linguistic	_	ContainsVariation=No	_	_	_	_	_	_
116-3	BOI079	116	3	mor[endo	morendo	_	_	_	_	_	linguistic	_	ContainsVariation=No	_	_	_	_	_	3-7(48)
116-4	BOI079	116	4	>cioè<	cioè	_	_	_	_	_	linguistic	_	ContainsVariation=No	_	_	_	Fast=0-4(0)	_	0-4(48)
116-5	BOI079	116	5	volevamo	volevamo	_	_	_	_	_	linguistic	_	ContainsVariation=No	_	_	_	_	_	0-8(48)
116-6	BOI079	116	6	uccider]ci	ucciderci	_	_	_	_	_	linguistic	_	ContainsVariation=No	_	End=162.281	_	_	_	0-7(48)
117-0	BOI078	117	0	[C(IO)È]	cioè	_	_	_	_	_	linguistic	_	ContainsVariation=No	Reduced=Yes|Volume=high	Begin=159.436|End=159.771	_	_	_	0-4(47)
118-0	BOI078	118	0	[c'	c'	_	_	_	_	_	linguistic	_	ContainsVariation=No	SpaceAfter=No	Begin=160.453	_	_	_	0-2(48)
118-1	BOI078	118	1	erano	erano	_	_	_	_	_	linguistic	_	ContainsVariation=No	PauseAfter=Yes	_	_	_	_	0-5(48)
118-2	BOI078	118	2	(.)	(.)	_	_	_	_	_	shortpause	_	ContainsVariation=No	_	_	_	_	_	X(48)
118-3	BOI078	118	3	i	i	_	_	_	_	_	linguistic	_	ContainsVariation=No	_	_	_	_	_	0-1(48)
118-4	BOI078	118	4	i	i	_	_	_	_	_	linguistic	_	ContainsVariation=No	_	_	_	_	_	0-1(48)
118-5	BOI078	118	5	dromedari]	dromedari	_	_	_	_	_	linguistic	_	ContainsVariation=No	_	End=162.095	_	_	_	0-9(48)
119-0	BOI078	119	0	io	io	_	_	_	_	_	linguistic	_	ContainsVariation=No	_	Begin=162.281	_	_	_	_
119-1	BOI078	119	1	mi	mi	_	_	_	_	_	linguistic	_	ContainsVariation=No	_	_	_	_	_	_
119-2	BOI078	119	2	ri[cordo]	ricordo	_	_	_	_	_	linguistic	_	ContainsVariation=No	_	End=162.851	_	_	_	2-7(49)
120-0	BOR020	120	0	[perché]	perché	_	_	_	_	_	linguistic	_	ContainsVariation=No	_	Begin=162.57	_	_	_	0-6(49)
120-1	BOR020	120	1	siete	siete	_	_	_	_	_	linguistic	_	ContainsVariation=No	_	_	_	_	_	_
120-2	BOR020	120	2	andati	andati	_	_	_	_	_	linguistic	_	ContainsVariation=No	_	_	_	_	_	_
120-3	BOR020	120	3	a	a	_	_	_	_	_	linguistic	_	ContainsVariation=No	_	_	_	_	_	_
120-4	BOR020	120	4	trento?	trento	_	_	_	_	_	linguistic	_	ContainsVariation=No	Intonation=Rising	End=163.891	_	_	_	_
121-0	BOI078	121	0	perché	perché	_	_	_	_	_	linguistic	_	ContainsVariation=No	_	Begin=163.961	_	_	_	_
121-1	BOI078	121	1	x	x	_	_	_	_	_	unknown	_	ContainsVariation=No	Syllables=1	_	_	_	_	_
121-2	BOI078	121	2	io	io	_	_	_	_	_	linguistic	_	ContainsVariation=No	_	_	_	_	_	_
121-3	BOI078	121	3	ho	ho	_	_	_	_	_	linguistic	_	ContainsVariation=No	_	_	_	_	_	_
121-4	BOI078	121	4	una	una	_	_	_	_	_	linguistic	_	ContainsVariation=No	_	_	_	_	_	_
121-5	BOI078	121	5	casa:	casa	_	_	_	_	_	linguistic	_	ContainsVariation=No	PauseAfter=Yes	_	3x1	_	_	_
121-6	BOI078	121	6	(.)	(.)	_	_	_	_	_	shortpause	_	ContainsVariation=No	_	_	_	_	_	_
121-7	BOI078	121	7	e:h	eh	_	_	_	_	_	linguistic	_	ContainsVariation=No	PauseAfter=Yes	_	0x1	_	_	_
121-8	BOI078	121	8	(.)	(.)	_	_	_	_	_	shortpause	_	ContainsVariation=No	_	_	_	_	_	_
121-9	BOI078	121	9	sopra	sopra	_	_	_	_	_	linguistic	_	ContainsVariation=No	_	_	_	_	_	_
121-10	BOI078	121	10	trento	trento	_	_	_	_	_	linguistic	_	ContainsVariation=No	_	End=166.637	_	_	_	_
122-0	BOR020	122	0	dov[e]?	dove	_	_	_	_	_	linguistic	_	ContainsVariation=No	Intonation=Rising	Begin=167.773|End=168.058	_	_	_	3-4(50)
123-0	BOI078	123	0	[su]	su	_	_	_	_	_	linguistic	_	ContainsVariation=No	_	Begin=167.927	_	_	_	0-2(50)
123-1	BOI078	123	1	una	una	_	_	_	_	_	linguistic	_	ContainsVariation=No	_	_	_	_	_	_
123-2	BOI078	123	2	mongolfiera	mongolfiera	_	_	_	_	_	linguistic	_	ContainsVariation=No	_	End=168.895	_	_	_	_
124-0	BOI078	124	0	no	no	_	_	_	_	_	linguistic	_	ContainsVariation=No	PauseAfter=Yes	Begin=169.099	_	_	_	_
124-1	BOI078	124	1	(.)	(.)	_	_	_	_	_	shortpause	_	ContainsVariation=No	_	_	_	_	_	_
124-2	BOI078	124	2	ho	ho	_	_	_	_	_	linguistic	_	ContainsVariation=No	_	_	_	_	_	_
124-3	BOI078	124	3	una	una	_	_	_	_	_	linguistic	_	ContainsVariation=No	_	_	_	_	_	_
124-4	BOI078	124	4	casa:	casa	_	_	_	_	_	linguistic	_	ContainsVariation=No	_	_	3x1	_	_	_
124-5	BOI078	124	5	a:	a	_	_	_	_	_	linguistic	_	ContainsVariation=No	_	_	0x1	_	_	_
124-6	BOI078	124	6	i	i	_	_	_	_	_	linguistic	_	ContainsVariation=No	_	_	_	_	_	_
124-7	BOI078	124	7	laghi	laghi	_	_	_	_	_	linguistic	_	ContainsVariation=No	_	_	_	_	_	_
124-8	BOI078	124	8	di	di	_	_	_	_	_	linguistic	_	ContainsVariation=No	_	_	_	_	_	_
124-9	BOI078	124	9	lamar	lamar	_	_	_	_	_	linguistic	_	ContainsVariation=No	_	End=171.425	_	_	_	_
125-0	BOR020	125	0	ah?	ah	_	_	_	_	_	linguistic	_	ContainsVariation=No	Intonation=Rising	Begin=171.488|End=171.687	_	_	_	_
126-0	BOI078	126	0	hai	hai	_	_	_	_	_	linguistic	_	ContainsVariation=No	_	Begin=171.885	_	_	_	_
126-1	BOI078	126	1	presente?	presente	_	_	_	_	_	linguistic	_	ContainsVariation=No	Intonation=Rising	End=172.471	_	_	_	_
127-0	BOR020	127	0	certo	certo	_	_	_	_	_	linguistic	_	ContainsVariation=No	_	Begin=172.494|End=172.741	_	_	_	_
128-0	BOI078	128	0	davvero?	davvero	_	_	_	_	_	linguistic	_	ContainsVariation=No	Intonation=Rising	Begin=172.751|End=173.279	_	_	_	_
129-0	BOI078	129	0	ci	ci	_	_	_	_	_	linguistic	_	ContainsVariation=No	_	Begin=173.393	_	_	_	_
129-1	BOI078	129	1	vai?	vai	_	_	_	_	_	linguistic	_	ContainsVariation=No	Intonation=Rising	End=173.873	_	_	_	_
130-0	BOR020	130	0	no	no	_	_	_	_	_	linguistic	_	ContainsVariation=No	_	Begin=173.952|End=174.132	_	_	_	_
131-0	BOI078	131	0	°okay°	okay	_	_	_	_	_	linguistic	_	ContainsVariation=No	Volume=low	Begin=174.457|End=174.656	_	_	_	_
132-0	BOI079	132	0	((ride))	((ride))	_	_	_	_	_	nonverbalbehavior	_	ContainsVariation=No	_	Begin=174.701|End=175.753	_	_	_	_
133-0	BOR022	133	0	((ride))	((ride))	_	_	_	_	_	nonverbalbehavior	_	ContainsVariation=No	_	Begin=174.86|End=176.314	_	_	_	_
134-0	BOI079	134	0	beh	beh	_	_	_	_	_	linguistic	_	ContainsVariation=No	_	Begin=176.42	_	_	_	_
134-1	BOI079	134	1	son	son	_	_	_	_	_	linguistic	_	ContainsVariation=No	_	_	_	_	_	_
134-2	BOI079	134	2	belli	belli	_	_	_	_	_	linguistic	_	ContainsVariation=No	_	End=177.147	_	_	_	_
135-0	BOI078	135	0	s[on	son	_	_	_	_	_	linguistic	_	ContainsVariation=No	_	Begin=177.225	_	_	_	1-3(52)
135-1	BOI078	135	1	molto	molto	_	_	_	_	_	linguistic	_	ContainsVariation=No	_	_	_	_	_	0-5(52)
135-2	BOI078	135	2	bel]li	belli	_	_	_	_	_	linguistic	_	ContainsVariation=No	_	_	_	_	_	0-3(52)
135-3	BOI078	135	3	credo	credo	_	_	_	_	_	linguistic	_	ContainsVariation=No	_	_	_	_	_	_
135-4	BOI078	135	4	siano:	siano	_	_	_	_	_	linguistic	_	ContainsVariation=No	PauseAfter=Yes	_	4x1	_	_	_
135-5	BOI078	135	5	(.)	(.)	_	_	_	_	_	shortpause	_	ContainsVariation=No	_	_	_	_	_	_
135-6	BOI078	135	6	>cioè<	cioè	_	_	_	_	_	linguistic	_	ContainsVariation=No	_	End=178.904	_	Fast=0-4(0)	_	_
136-0	BOR020	136	0	[sì	sì	_	_	_	_	_	linguistic	_	ContainsVariation=No	_	Begin=177.276	_	_	_	0-2(52)
136-1	BOR020	136	1	è	è	_	_	_	_	_	linguistic	_	ContainsVariation=No	_	_	_	_	_	0-1(52)
136-2	BOR020	136	2	bello]	bello	_	_	_	_	_	linguistic	_	ContainsVariation=No	_	End=177.837	_	_	_	0-5(52)
137-0	BOI079	137	0	>cioè<	cioè	_	_	_	_	_	linguistic	_	ContainsVariation=No	_	Begin=179.591	_	Fast=0-4(0)	_	_
137-1	BOI079	137	1	dico	dico	_	_	_	_	_	linguistic	_	ContainsVariation=No	_	_	_	_	_	_
137-2	BOI079	137	2	[e:h]	eh	_	_	_	_	_	linguistic	_	ContainsVariation=No	_	End=180.147	0x1	_	_	0-2(53)
138-0	BOI078	138	0	[dico	dico	_	_	_	_	_	linguistic	_	ContainsVariation=No	_	Begin=179.912	_	_	_	0-4(53)
138-1	BOI078	138	1	i]o	io	_	_	_	_	_	linguistic	_	ContainsVariation=No	PauseAfter=Yes	_	_	_	_	0-1(53)
138-2	BOI078	138	2	(.)	(.)	_	_	_	_	_	shortpause	_	ContainsVariation=No	_	_	_	_	_	_
138-3	BOI078	138	3	di[co	dico	_	_	_	_	_	linguistic	_	ContainsVariation=No	_	_	_	_	_	2-4(54)
138-4	BOI078	138	4	non]	non	_	_	_	_	_	linguistic	_	ContainsVariation=No	_	End=180.948	_	_	_	0-3(54)
139-0	BOI079	139	0	[lo	lo	_	_	_	_	_	linguistic	_	ContainsVariation=No	_	Begin=180.569	_	_	_	0-2(54)
139-1	BOI079	139	1	diceva]mo	dicevamo	_	_	_	_	_	linguistic	_	ContainsVariation=No	_	_	_	_	_	0-6(54)
139-2	BOI079	139	2	anche	anche	_	_	_	_	_	linguistic	_	ContainsVariation=No	_	_	_	_	_	_
139-3	BOI079	139	3	noi	noi	_	_	_	_	_	linguistic	_	ContainsVariation=No	_	_	_	_	_	_
139-4	BOI079	139	4	>cio[è<	cioè	_	_	_	_	_	linguistic	_	ContainsVariation=No	_	_	_	Fast=0-4(0)	_	3-4(55)
139-5	BOI079	139	5	a	a	_	_	_	_	_	linguistic	_	ContainsVariation=No	_	_	_	_	_	0-1(55)
139-6	BOI079	139	6	me]	me	_	_	_	_	_	linguistic	_	ContainsVariation=No	_	_	_	_	_	0-2(55)
139-7	BOI079	139	7	son	son	_	_	_	_	_	linguistic	_	ContainsVariation=No	_	_	_	_	_	_
139-8	BOI079	139	8	piaciuti	piaciuti	_	_	_	_	_	linguistic	_	ContainsVariation=No	_	End=182.616	_	_	_	_
140-0	BOI078	140	0	[sì]	sì	_	_	_	_	_	linguistic	_	ContainsVariation=No	_	Begin=181.538|End=181.913	_	_	_	0-2(55)
141-0	BOI078	141	0	>sì	sì	_	_	_	_	_	linguistic	_	ContainsVariation=No	_	Begin=182.865	_	Fast=0-2(0)	_	_
141-1	BOI078	141	1	sì	sì	_	_	_	_	_	linguistic	_	ContainsVariation=No	_	_	_	Fast=0-2(0)	_	_
141-2	BOI078	141	2	sì<	sì	_	_	_	_	_	linguistic	_	ContainsVariation=No	_	End=183.276	_	Fast=0-2(0)	_	_
142-0	BOI079	142	0	BEH	beh	_	_	_	_	_	linguistic	_	ContainsVariation=No	Volume=high	Begin=183.567	_	_	_	_
142-1	BOI079	142	1	comunque	comunque	_	_	_	_	_	linguistic	_	ContainsVariation=No	_	_	_	_	_	_
142-2	BOI079	142	2	a	a	_	_	_	_	_	linguistic	_	ContainsVariation=No	_	_	_	_	_	_
142-3	BOI079	142	3	trento	trento	_	_	_	_	_	linguistic	_	ContainsVariation=No	_	_	_	_	_	_
142-4	BOI079	142	4	faceva	faceva	_	_	_	_	_	linguistic	_	ContainsVariation=No	_	_	_	_	_	_
142-5	BOI079	142	5	un	un	_	_	_	_	_	linguistic	_	ContainsVariation=No	_	_	_	_	_	_
142-6	BOI079	142	6	gran	gran	_	_	_	_	_	linguistic	_	ContainsVariation=No	_	_	_	_	_	_
142-7	BOI079	142	7	caldo	caldo	_	_	_	_	_	linguistic	_	ContainsVariation=No	_	_	_	_	_	_
142-8	BOI079	142	8	eh	eh	_	_	_	_	_	linguistic	_	ContainsVariation=No	PauseAfter=Yes	_	_	_	_	_
142-9	BOI079	142	9	(.)	(.)	_	_	_	_	_	shortpause	_	ContainsVariation=No	_	_	_	_	_	_
142-10	BOI079	142	10	proprio	proprio	_	_	_	_	_	linguistic	_	ContainsVariation=No	_	_	_	_	_	_
142-11	BOI079	142	11	ti[po:]	tipo	_	_	_	_	_	linguistic	_	ContainsVariation=No	_	End=186.187	3x1	_	_	2-4(56)
143-0	BOI078	143	0	[sì]	sì	_	_	_	_	_	linguistic	_	ContainsVariation=No	_	Begin=186.044	_	_	_	0-2(56)
143-1	BOI078	143	1	tipo	tipo	_	_	_	_	_	linguistic	_	ContainsVariation=No	_	_	_	_	_	_
143-2	BOI078	143	2	una	una	_	_	_	_	_	linguistic	_	ContainsVariation=No	PauseAfter=Yes	_	_	_	_	_
143-3	BOI078	143	3	(.)	(.)	_	_	_	_	_	shortpause	_	ContainsVariation=No	_	_	_	_	_	_
143-4	BOI078	143	4	è	è	_	_	_	_	_	linguistic	_	ContainsVariation=No	_	_	_	_	_	_
143-5	BOI078	143	5	a	a	_	_	_	_	_	linguistic	_	ContainsVariation=No	_	_	_	_	_	_
143-6	BOI078	143	6	fondo	fondo	_	_	_	_	_	linguistic	_	ContainsVariation=No	_	_	_	_	_	_
143-7	BOI078	143	7	valle	valle	_	_	_	_	_	linguistic	_	ContainsVariation=No	_	_	_	_	_	_
143-8	BOI078	143	8	quindi	quindi	_	_	_	_	_	linguistic	_	ContainsVariation=No	_	_	_	_	_	_
143-9	BOI078	143	9	tutto	tutto	_	_	_	_	_	linguistic	_	ContainsVariation=No	_	_	_	_	_	_
143-10	BOI078	143	10	il	il	_	_	_	_	_	linguistic	_	ContainsVariation=No	_	_	_	_	_	_
143-11	BOI078	143	11	calore	calore	_	_	_	_	_	linguistic	_	ContainsVariation=No	_	_	_	_	_	_
143-12	BOI078	143	12	del	del	_	_	_	_	_	linguistic	_	ContainsVariation=No	_	_	_	_	_	_
143-13	BOI078	143	13	mondo	mondo	_	_	_	_	_	linguistic	_	ContainsVariation=No	_	_	_	_	_	_
143-14	BOI078	143	14	si	si	_	_	_	_	_	linguistic	_	ContainsVariation=No	_	_	_	_	_	_
143-15	BOI078	143	15	ri[versa]	riversa	_	_	_	_	_	linguistic	_	ContainsVariation=No	_	End=189.947	_	_	_	2-7(57)
144-0	BOI079	144	0	[sì:	sì	_	_	_	_	_	linguistic	_	ContainsVariation=No	_	Begin=189.453	1x1	_	_	0-2(57)
144-1	BOI079	144	1	è	è	_	_	_	_	_	linguistic	_	ContainsVariation=No	_	_	_	_	_	0-1(57)
144-2	BOI079	144	2	prop]rio	proprio	_	_	_	_	_	linguistic	_	ContainsVariation=No	_	_	_	_	_	0-4(57)
144-3	BOI079	144	3	tipo::	tipo	_	_	_	_	_	linguistic	_	ContainsVariation=No	_	_	3x2	_	_	_
144-4	BOI079	144	4	c(io)è	cioè	_	_	_	_	_	linguistic	_	ContainsVariation=No	Reduced=Yes	End=191.202	_	_	_	_
145-0	BOI078	145	0	°sì°	sì	_	_	_	_	_	linguistic	_	ContainsVariation=No	Volume=low	Begin=192.064	_	_	_	_
145-1	BOI078	145	1	è::	è	_	_	_	_	_	linguistic	_	ContainsVariation=No	_	_	0x2	_	_	_
145-2	BOI078	145	2	allucinante	allucinante	_	_	_	_	_	linguistic	_	ContainsVariation=No	_	End=193.503	_	_	_	_
146-0	BOR022	146	0	qu[indi	quindi	_	_	_	_	_	linguistic	_	ContainsVariation=No	_	Begin=193.9	_	_	_	2-6(58)
146-1	BOR022	146	1	s~]	s~	_	_	_	_	_	linguistic	_	ContainsVariation=No	Interrupted=Yes	End=194.337	_	_	_	0-2(58)
147-0	BOI078	147	0	[e:h]	eh	_	_	_	_	_	linguistic	_	ContainsVariation=No	_	Begin=193.978|End=194.337	0x1	_	_	0-2(58)
148-0	BOR022	148	0	quindi	quindi	_	_	_	_	_	linguistic	_	ContainsVariation=No	_	Begin=194.707	_	_	_	_
148-1	BOR022	148	1	secondo	secondo	_	_	_	_	_	linguistic	_	ContainsVariation=No	_	_	_	_	_	_
148-2	BOR022	148	2	voi	voi	_	_	_	_	_	linguistic	_	ContainsVariation=No	_	_	_	_	_	_
148-3	BOR022	148	3	bologna,	bologna	_	_	_	_	_	linguistic	_	ContainsVariation=No	Intonation=WeaklyRising	_	_	_	_	_
148-4	BOR022	148	4	non	non	_	_	_	_	_	linguistic	_	ContainsVariation=No	_	_	_	_	_	_
148-5	BOR022	148	5	è	è	_	_	_	_	_	linguistic	_	ContainsVariation=No	_	_	_	_	_	_
148-6	BOR022	148	6	posto	posto	_	_	_	_	_	linguistic	_	ContainsVariation=No	_	_	_	_	_	_
148-7	BOR022	148	7	più	più	_	_	_	_	_	linguistic	_	ContainsVariation=No	_	_	_	_	_	_
148-8	BOR022	148	8	caldo	caldo	_	_	_	_	_	linguistic	_	ContainsVariation=No	_	_	_	_	_	_
148-9	BOR022	148	9	in	in	_	_	_	_	_	linguistic	_	ContainsVariation=No	_	_	_	_	_	_
148-10	BOR022	148	10	cui	cui	_	_	_	_	_	linguistic	_	ContainsVariation=No	_	_	_	_	_	_
148-11	BOR022	148	11	siete	siete	_	_	_	_	_	linguistic	_	ContainsVariation=No	_	_	_	_	_	_
148-12	BOR022	148	12	stati?	stati	_	_	_	_	_	linguistic	_	ContainsVariation=No	Intonation=Rising	End=198.265	_	_	_	_
149-0	BOR022	149	0	d'	d'	_	_	_	_	_	linguistic	_	ContainsVariation=No	SpaceAfter=No	Begin=198.878	_	_	_	_
149-1	BOR022	149	1	estate?	estate	_	_	_	_	_	linguistic	_	ContainsVariation=No	Intonation=Rising	End=199.353	_	_	_	_
150-0	BOI078	150	0	d'	d'	_	_	_	_	_	linguistic	_	ContainsVariation=No	SpaceAfter=No	Begin=199.537	_	_	_	_
150-1	BOI078	150	1	es[tate],	estate	_	_	_	_	_	linguistic	_	ContainsVariation=No	Intonation=WeaklyRising	End=200.415	_	_	_	1-6(59)
151-0	BOI079	151	0	[beh	beh	_	_	_	_	_	linguistic	_	ContainsVariation=No	_	Begin=199.964	_	_	_	0-3(59)
151-1	BOI079	151	1	dai]	dai	_	_	_	_	_	linguistic	_	ContainsVariation=No	_	_	_	_	_	0-3(59)
151-2	BOI079	151	2	sì	sì	_	_	_	_	_	linguistic	_	ContainsVariation=No	_	_	_	_	_	_
151-3	BOI079	151	3	si	si	_	_	_	_	_	linguistic	_	ContainsVariation=No	_	_	_	_	_	_
151-4	BOI079	151	4	può	può	_	_	_	_	_	linguistic	_	ContainsVariation=No	_	_	_	_	_	_
151-5	BOI079	151	5	[dire	dire	_	_	_	_	_	linguistic	_	ContainsVariation=No	_	_	_	_	_	0-4(60)
151-6	BOI079	151	6	di]	di	_	_	_	_	_	linguistic	_	ContainsVariation=No	_	_	_	_	_	0-2(60)
151-7	BOI079	151	7	sì	sì	_	_	_	_	_	linguistic	_	ContainsVariation=No	_	End=201.584	_	_	_	_
152-0	BOI078	152	0	BEH	beh	_	_	_	_	_	linguistic	_	ContainsVariation=No	Volume=high	Begin=200.807|End=201.272	_	_	_	_
153-0	BOI078	153	0	BEH	beh	_	_	_	_	_	linguistic	_	ContainsVariation=No	Volume=high	Begin=201.689	_	_	_	_
153-1	BOI078	153	1	i~	i~	_	_	_	_	_	linguistic	_	ContainsVariation=No	Interrupted=Yes	_	_	_	_	_
153-2	BOI078	153	2	>allo[ra<]	allora	_	_	_	_	_	linguistic	_	ContainsVariation=No	_	End=202.431	_	Fast=0-6(0)	_	4-6(61)
154-0	BOI079	154	0	[s]i	si	_	_	_	_	_	linguistic	_	ContainsVariation=No	_	Begin=202.303	_	_	_	0-1(61)
154-1	BOI079	154	1	può	può	_	_	_	_	_	linguistic	_	ContainsVariation=No	_	_	_	_	_	_
154-2	BOI079	154	2	dire	dire	_	_	_	_	_	linguistic	_	ContainsVariation=No	_	_	_	_	_	_
154-3	BOI079	154	3	di	di	_	_	_	_	_	linguistic	_	ContainsVariation=No	_	_	_	_	_	_
154-4	BOI079	154	4	sì	sì	_	_	_	_	_	linguistic	_	ContainsVariation=No	_	End=203.233	_	_	_	_
155-0	BOI078	155	0	sì	sì	_	_	_	_	_	linguistic	_	ContainsVariation=No	_	Begin=203.304	_	_	_	_
155-1	BOI078	155	1	io	io	_	_	_	_	_	linguistic	_	ContainsVariation=No	_	_	_	_	_	_
155-2	BOI078	155	2	poi	poi	_	_	_	_	_	linguistic	_	ContainsVariation=No	_	_	_	_	_	_
155-3	BOI078	155	3	non	non	_	_	_	_	_	linguistic	_	ContainsVariation=No	_	_	_	_	_	_
155-4	BOI078	155	4	ci	ci	_	_	_	_	_	linguistic	_	ContainsVariation=No	_	_	_	_	_	_
155-5	BOI078	155	5	sono	sono	_	_	_	_	_	linguistic	_	ContainsVariation=No	_	_	_	_	_	_
155-6	BOI078	155	6	non	non	_	_	_	_	_	linguistic	_	ContainsVariation=No	_	_	_	_	_	_
155-7	BOI078	155	7	ci	ci	_	_	_	_	_	linguistic	_	ContainsVariation=No	_	_	_	_	_	_
155-8	BOI078	155	8	sto	sto	_	_	_	_	_	linguistic	_	ContainsVariation=No	_	_	_	_	_	_
155-9	BOI078	155	9	tanto	tanto	_	_	_	_	_	linguistic	_	ContainsVariation=No	_	_	_	_	_	_
155-10	BOI078	155	10	a	a	_	_	_	_	_	linguistic	_	ContainsVariation=No	_	_	_	_	_	_
155-11	BOI078	155	11	bologna	bologna	_	_	_	_	_	linguistic	_	ContainsVariation=No	_	_	_	_	_	_
155-12	BOI078	155	12	d'	d'	_	_	_	_	_	linguistic	_	ContainsVariation=No	SpaceAfter=No	_	_	_	_	_
155-13	BOI078	155	13	estate	estate	_	_	_	_	_	linguistic	_	ContainsVariation=No	_	_	_	_	_	_
155-14	BOI078	155	14	quindi	quindi	_	_	_	_	_	linguistic	_	ContainsVariation=No	_	End=206.175	_	_	_	_
156-0	BOI078	156	0	°tu	tu	_	_	_	_	_	linguistic	_	ContainsVariation=No	Volume=low	Begin=206.644	_	_	_	_
156-1	BOI078	156	1	forse	forse	_	_	_	_	_	linguistic	_	ContainsVariation=No	Volume=low	_	_	_	_	_
156-2	BOI078	156	2	ci	ci	_	_	_	_	_	linguistic	_	ContainsVariation=No	Volume=low	_	_	_	_	_
156-3	BOI078	156	3	stai	stai	_	_	_	_	_	linguistic	_	ContainsVariation=No	Volume=low	_	_	_	_	_
156-4	BOI078	156	4	un	un	_	_	_	_	_	linguistic	_	ContainsVariation=No	Volume=low	_	_	_	_	_
156-5	BOI078	156	5	>pochino	pochino	_	_	_	_	_	linguistic	_	ContainsVariation=No	Volume=low	_	_	Fast=0-7(0)	_	_
156-6	BOI078	156	6	di	di	_	_	_	_	_	linguistic	_	ContainsVariation=No	Volume=low	_	_	Fast=0-2(0)	_	_
156-7	BOI078	156	7	più<	più	_	_	_	_	_	linguistic	_	ContainsVariation=No	Volume=low	_	_	Fast=0-3(0)	_	_
156-8	BOI078	156	8	verso	verso	_	_	_	_	_	linguistic	_	ContainsVariation=No	Volume=low	_	_	_	_	_
156-9	BOI078	156	9	fine	fine	_	_	_	_	_	linguistic	_	ContainsVariation=No	Volume=low	_	_	_	_	_
156-10	BOI078	156	10	lu[glio,°]	luglio	_	_	_	_	_	linguistic	_	ContainsVariation=No	Intonation=WeaklyRising|Volume=low	End=208.786	_	_	_	2-6(62)
157-0	BOI079	157	0	[dipe]nde	dipende	_	_	_	_	_	linguistic	_	ContainsVariation=No	_	Begin=208.608	_	_	_	0-4(62)
157-1	BOI079	157	1	a	a	_	_	_	_	_	linguistic	_	ContainsVariation=No	_	_	_	_	_	_
157-2	BOI079	157	2	volte	volte	_	_	_	_	_	linguistic	_	ContainsVariation=No	_	_	_	_	_	_
157-3	BOI079	157	3	sì	sì	_	_	_	_	_	linguistic	_	ContainsVariation=No	_	End=209.945	_	_	_	_
158-0	BOI079	158	0	beh	beh	_	_	_	_	_	linguistic	_	ContainsVariation=No	_	Begin=210.074	_	_	_	_
158-1	BOI079	158	1	dai	dai	_	_	_	_	_	linguistic	_	ContainsVariation=No	_	_	_	_	_	_
158-2	BOI079	158	2	bologna	bologna	_	_	_	_	_	linguistic	_	ContainsVariation=No	_	_	_	_	_	_
158-3	BOI079	158	3	è	è	_	_	_	_	_	linguistic	_	ContainsVariation=No	_	_	_	_	_	_
158-4	BOI079	158	4	invivibile	invivibile	_	_	_	_	_	linguistic	_	ContainsVariation=No	_	_	_	_	_	_
158-5	BOI079	158	5	d'	d'	_	_	_	_	_	linguistic	_	ContainsVariation=No	SpaceAfter=No	_	_	_	_	_
158-6	BOI079	158	6	estate	estate	_	_	_	_	_	linguistic	_	ContainsVariation=No	_	_	_	_	_	_
158-7	BOI079	158	7	obiettivamente	obiettivamente	_	_	_	_	_	linguistic	_	ContainsVariation=No	_	End=212.688	_	_	_	_
159-0	BOI079	159	0	°c(io)è°	cioè	_	_	_	_	_	linguistic	_	ContainsVariation=No	Reduced=Yes|Volume=low	Begin=213.781|End=213.974	_	_	_	_
160-0	BOI078	160	0	nonos[tante	nonostante	_	_	_	_	_	linguistic	_	ContainsVariation=No	_	Begin=214.435	_	_	_	5-10(63)
160-1	BOI078	160	1	xx]	xx	_	_	_	_	_	unknown	_	ContainsVariation=No	Syllables=2	End=215.663	_	_	_	0-2(63)
161-0	BOI079	161	0	[ma	ma	_	_	_	_	_	linguistic	_	ContainsVariation=No	_	Begin=214.792	_	_	_	0-2(63)
161-1	BOI079	161	1	in	in	_	_	_	_	_	linguistic	_	ContainsVariation=No	_	_	_	_	_	0-2(63)
161-2	BOI079	161	2	generale	generale	_	_	_	_	_	linguistic	_	ContainsVariation=No	_	_	_	_	_	0-8(63)
161-3	BOI079	161	3	bologna]	bologna	_	_	_	_	_	linguistic	_	ContainsVariation=No	_	_	_	_	_	0-7(63)
161-4	BOI079	161	4	ha	ha	_	_	_	_	_	linguistic	_	ContainsVariation=No	_	_	_	_	_	_
161-5	BOI079	161	5	un	un	_	_	_	_	_	linguistic	_	ContainsVariation=No	_	_	_	_	_	_
161-6	BOI079	161	6	clima	clima	_	_	_	_	_	linguistic	_	ContainsVariation=No	_	End=216.283	_	_	_	_
162-0	BOI079	162	0	di	di	_	_	_	_	_	linguistic	_	ContainsVariation=No	_	Begin=217.95	_	_	_	_
162-1	BOI079	162	1	merda	merda	_	_	_	_	_	linguistic	_	ContainsVariation=No	_	_	_	_	_	_
162-2	BOI079	162	2	si	si	_	_	_	_	_	linguistic	_	ContainsVariation=No	_	_	_	_	_	_
162-3	BOI079	162	3	[può	può	_	_	_	_	_	linguistic	_	ContainsVariation=No	_	_	_	_	_	0-3(65)
162-4	BOI079	162	4	di]re	dire	_	_	_	_	_	linguistic	_	ContainsVariation=No	_	_	_	_	_	0-2(65)
162-5	BOI079	162	5	anche:	anche	_	_	_	_	_	linguistic	_	ContainsVariation=No	_	_	4x1	_	_	_
162-6	BOI079	162	6	((ride))	((ride))	_	_	_	_	_	nonverbalbehavior	_	ContainsVariation=No	_	End=219.764	_	_	_	_
163-0	BOR020	163	0	[s~]	s~	_	_	_	_	_	linguistic	_	ContainsVariation=No	Interrupted=Yes	Begin=218.629|End=218.842	_	_	_	0-2(64)
164-0	BOR020	164	0	sì	sì	_	_	_	_	_	linguistic	_	ContainsVariation=No	PauseAfter=Yes	Begin=219.38	_	_	_	_
164-1	BOR020	164	1	(.)	(.)	_	_	_	_	_	shortpause	_	ContainsVariation=No	_	_	_	_	_	_
164-2	BOR020	164	2	è	è	_	_	_	_	_	linguistic	_	ContainsVariation=No	_	_	_	_	_	_
164-3	BOR020	164	3	il	il	_	_	_	_	_	linguistic	_	ContainsVariation=No	_	_	_	_	_	_
164-4	BOR020	164	4	peggiore	peggiore	_	_	_	_	_	linguistic	_	ContainsVariation=No	_	_	_	_	_	_
164-5	BOR020	164	5	d'	d'	_	_	_	_	_	linguistic	_	ContainsVariation=No	SpaceAfter=No	_	_	_	_	_
164-6	BOR020	164	6	italia	italia	_	_	_	_	_	linguistic	_	ContainsVariation=No	_	End=221.04	_	_	_	_
165-0	BOI079	165	0	[è	è	_	_	_	_	_	linguistic	_	ContainsVariation=No	_	Begin=221.452	_	_	_	0-1(66)
165-1	BOI079	165	1	un	un	_	_	_	_	_	linguistic	_	ContainsVariation=No	_	_	_	_	_	0-2(66)
165-2	BOI079	165	2	po':]	po'	_	_	_	_	_	linguistic	_	ContainsVariation=No	_	End=222.296	1x1	_	_	0-3(66)
166-0	BOI078	166	0	[e:::]:[:::]:[:::h]	eh	_	_	_	_	_	linguistic	_	ContainsVariation=No	_	Begin=221.452|End=224.457	0x11	_	_	0-1(66),1-2(67)
167-0	BOI079	167	0	BE:::H	beh	_	_	_	_	_	linguistic	_	ContainsVariation=No	Volume=high	Begin=222.355|End=223.241	1x3	_	_	_
168-0	BOI079	168	0	[è	è	_	_	_	_	_	linguistic	_	ContainsVariation=No	_	Begin=223.479	_	_	_	0-1(67)
168-1	BOI079	168	1	un	un	_	_	_	_	_	linguistic	_	ContainsVariation=No	PauseAfter=Yes	_	_	_	_	0-2(67)
168-2	BOI079	168	2	(.)	(.)	_	_	_	_	_	shortpause	_	ContainsVariation=No	_	_	_	_	_	X(67)
168-3	BOI079	168	3	brutto]:	brutto	_	_	_	_	_	linguistic	_	ContainsVariation=No	PauseAfter=Yes	_	5x1	_	_	0-6(67)
168-4	BOI079	168	4	(.)	(.)	_	_	_	_	_	shortpause	_	ContainsVariation=No	_	_	_	_	_	_
168-5	BOI079	168	5	>cioè<	cioè	_	_	_	_	_	linguistic	_	ContainsVariation=No	_	End=225.565	_	Fast=0-4(0)	_	_
169-0	BOI079	169	0	diciamo	diciamo	_	_	_	_	_	linguistic	_	ContainsVariation=No	_	Begin=225.999	_	_	_	_
169-1	BOI079	169	1	che	che	_	_	_	_	_	linguistic	_	ContainsVariation=No	_	_	_	_	_	_
169-2	BOI079	169	2	d'	d'	_	_	_	_	_	linguistic	_	ContainsVariation=No	SpaceAfter=No	_	_	_	_	_
169-3	BOI079	169	3	inverno:::	inverno	_	_	_	_	_	linguistic	_	ContainsVariation=No	_	End=228.0	6x3	_	_	_
170-0	BOR020	170	0	fa	fa	_	_	_	_	_	linguistic	_	ContainsVariation=No	_	Begin=229.344	_	_	_	_
170-1	BOR020	170	1	un	un	_	_	_	_	_	linguistic	_	ContainsVariation=No	_	_	_	_	_	_
170-2	BOR020	170	2	fred[do	freddo	_	_	_	_	_	linguistic	_	ContainsVariation=No	_	_	_	_	_	4-6(69)
170-3	BOR020	170	3	ca]ne,	cane	_	_	_	_	_	linguistic	_	ContainsVariation=No	Intonation=WeaklyRising	End=230.792	_	_	_	0-2(69)
171-0	BOI079	171	0	[se	se	_	_	_	_	_	linguistic	_	ContainsVariation=No	_	Begin=229.932	_	_	_	0-2(69)
171-1	BOI079	171	1	m~]	m~	_	_	_	_	_	linguistic	_	ContainsVariation=No	Interrupted=Yes	End=230.271	_	_	_	0-2(69)
172-0	BOI079	172	0	fa	fa	_	_	_	_	_	linguistic	_	ContainsVariation=No	_	Begin=230.877	_	_	_	_
172-1	BOI079	172	1	freddo,	freddo	_	_	_	_	_	linguistic	_	ContainsVariation=No	Intonation=WeaklyRising	_	_	_	_	_
172-2	BOI079	172	2	e	e	_	_	_	_	_	linguistic	_	ContainsVariation=No	_	_	_	_	_	_
172-3	BOI079	172	3	comunque	comunque	_	_	_	_	_	linguistic	_	ContainsVariation=No	_	_	_	_	_	_
172-4	BOI079	172	4	>sembra	sembra	_	_	_	_	_	linguistic	_	ContainsVariation=No	_	_	_	Fast=0-6(0)	_	_
172-5	BOI079	172	5	comunque<	comunque	_	_	_	_	_	linguistic	_	ContainsVariation=No	_	_	_	Fast=0-8(0)	_	_
172-6	BOI079	172	6	sembra	sembra	_	_	_	_	_	linguistic	_	ContainsVariation=No	_	_	_	_	_	_
172-7	BOI079	172	7	di	di	_	_	_	_	_	linguistic	_	ContainsVariation=No	_	_	_	_	_	_
172-8	BOI079	172	8	essere	essere	_	_	_	_	_	linguistic	_	ContainsVariation=No	_	_	_	_	_	_
172-9	BOI079	172	9	nella	nella	_	_	_	_	_	linguistic	_	ContainsVariation=No	_	_	_	_	_	_
172-10	BOI079	172	10	bassa	bassa	_	_	_	_	_	linguistic	_	ContainsVariation=No	_	_	_	_	_	_
172-11	BOI079	172	11	quindi:	quindi	_	_	_	_	_	linguistic	_	ContainsVariation=No	_	End=234.162	5x1	_	_	_
173-0	BOI079	173	0	>cioè<	cioè	_	_	_	_	_	linguistic	_	ContainsVariation=No	_	Begin=234.266|End=234.466	_	Fast=0-4(0)	_	_
174-0	BOI079	174	0	c'	c'	_	_	_	_	_	linguistic	_	ContainsVariation=No	SpaceAfter=No	Begin=234.629	_	_	_	_
174-1	BOI079	174	1	è	è	_	_	_	_	_	linguistic	_	ContainsVariation=No	_	_	_	_	_	_
174-2	BOI079	174	2	la	la	_	_	_	_	_	linguistic	_	ContainsVariation=No	_	_	_	_	_	_
174-3	BOI079	174	3	nebbia	nebbia	_	_	_	_	_	linguistic	_	ContainsVariation=No	_	_	_	_	_	_
174-4	BOI079	174	4	brutt(a)	brutta	_	_	_	_	_	linguistic	_	ContainsVariation=No	_	End=235.747	_	_	4-6(0)	_
175-0	BOI079	175	0	((ride))	((ride))	_	_	_	_	_	nonverbalbehavior	_	ContainsVariation=No	_	Begin=236.177	_	_	_	_
175-1	BOI079	175	1	d'	d'	_	_	_	_	_	linguistic	_	ContainsVariation=No	SpaceAfter=No	_	_	_	_	_
175-2	BOI079	175	2	estate	estate	_	_	_	_	_	linguistic	_	ContainsVariation=No	_	_	_	_	_	_
175-3	BOI079	175	3	fa	fa	_	_	_	_	_	linguistic	_	ContainsVariation=No	_	_	_	_	_	_
175-4	BOI079	175	4	un	un	_	_	_	_	_	linguistic	_	ContainsVariation=No	_	_	_	_	_	_
175-5	BOI079	175	5	gran	gran	_	_	_	_	_	linguistic	_	ContainsVariation=No	_	_	_	_	_	_
175-6	BOI079	175	6	caldo,	caldo	_	_	_	_	_	linguistic	_	ContainsVariation=No	Intonation=WeaklyRising	_	_	_	_	_
175-7	BOI079	175	7	afoso,	afoso	_	_	_	_	_	linguistic	_	ContainsVariation=No	Intonation=WeaklyRising	_	_	_	_	_
175-8	BOI079	175	8	c'	c'	_	_	_	_	_	linguistic	_	ContainsVariation=No	SpaceAfter=No	_	_	_	_	_
175-9	BOI079	175	9	è	è	_	_	_	_	_	linguistic	_	ContainsVariation=No	_	_	_	_	_	_
175-10	BOI079	175	10	una	una	_	_	_	_	_	linguistic	_	ContainsVariation=No	_	_	_	_	_	_
175-11	BOI079	175	11	cappa	cappa	_	_	_	_	_	linguistic	_	ContainsVariation=No	_	_	_	_	_	_
175-12	BOI079	175	12	tremenda,	tremenda	_	_	_	_	_	linguistic	_	ContainsVariation=No	Intonation=WeaklyRising	End=239.443	_	_	_	_
176-0	BOI079	176	0	HA	ha	_	_	_	_	_	linguistic	_	ContainsVariation=No	Volume=high	Begin=240.099	_	_	_	_
176-1	BOI079	176	1	ALTRE	altre	_	_	_	_	_	linguistic	_	ContainsVariation=No	Volume=high	_	_	_	_	_
176-2	BOI079	176	2	qualità	qualità	_	_	_	_	_	linguistic	_	ContainsVariation=No	PauseAfter=Yes	_	_	_	_	_
176-3	BOI079	176	3	(.)	(.)	_	_	_	_	_	shortpause	_	ContainsVariation=No	_	_	_	_	_	_
176-4	BOI079	176	4	secondo	secondo	_	_	_	_	_	linguistic	_	ContainsVariation=No	_	_	_	_	_	_
176-5	BOI079	176	5	me	me	_	_	_	_	_	linguistic	_	ContainsVariation=No	_	End=241.71	_	_	_	_
177-0	BOI079	177	0	bologna	bologna	_	_	_	_	_	linguistic	_	ContainsVariation=No	_	Begin=242.366|End=242.855	_	_	_	_
178-0	BOR022	178	0	tipo?	tipo	_	_	_	_	_	linguistic	_	ContainsVariation=No	Intonation=Rising	Begin=243.393|End=243.705	_	_	_	_
179-0	BOI079	179	0	beh	beh	_	_	_	_	_	linguistic	_	ContainsVariation=No	_	Begin=244.836	_	_	_	_
179-1	BOI079	179	1	è	è	_	_	_	_	_	linguistic	_	ContainsVariation=No	_	_	_	_	_	_
179-2	BOI079	179	2	bella	bella	_	_	_	_	_	linguistic	_	ContainsVariation=No	_	End=245.581	_	_	_	_
180-0	BOI079	180	0	e:h	eh	_	_	_	_	_	linguistic	_	ContainsVariation=No	_	Begin=246.937|End=247.188	0x1	_	_	_
181-0	BOR020	181	0	basta	basta	_	_	_	_	_	linguistic	_	ContainsVariation=No	_	Begin=247.288	_	_	_	_
181-1	BOR020	181	1	quello	quello	_	_	_	_	_	linguistic	_	ContainsVariation=No	_	End=247.969	_	_	_	_
182-0	BOI079	182	0	[questo]	questo	_	_	_	_	_	linguistic	_	ContainsVariation=No	_	Begin=247.969|End=248.432	_	_	_	0-6(70)
183-0	BOR022	183	0	[basta]	basta	_	_	_	_	_	linguistic	_	ContainsVariation=No	_	Begin=247.969	_	_	_	0-5(71)
183-1	BOR022	183	1	((ride))	((ride))	_	_	_	_	_	nonverbalbehavior	_	ContainsVariation=No	_	End=248.911	_	_	_	_
184-0	BOR020	184	0	((ride))	((ride))	_	_	_	_	_	nonverbalbehavior	_	ContainsVariation=No	_	Begin=248.437|End=249.17	_	_	_	_
185-0	BOI079	185	0	sì	sì	_	_	_	_	_	linguistic	_	ContainsVariation=No	_	Begin=249.125	_	_	_	_
185-1	BOI079	185	1	dai	dai	_	_	_	_	_	linguistic	_	ContainsVariation=No	_	_	_	_	_	_
185-2	BOI079	185	2	il	il	_	_	_	_	_	linguistic	_	ContainsVariation=No	_	_	_	_	_	_
185-3	BOI079	185	3	centro::	centro	_	_	_	_	_	linguistic	_	ContainsVariation=No	_	_	5x2	_	_	_
185-4	BOI079	185	4	è	è	_	_	_	_	_	linguistic	_	ContainsVariation=No	_	_	_	_	_	_
185-5	BOI079	185	5	bellissimo	bellissimo	_	_	_	_	_	linguistic	_	ContainsVariation=No	_	_	_	_	_	_
185-6	BOI079	185	6	°il	il	_	_	_	_	_	linguistic	_	ContainsVariation=No	Volume=low	_	_	_	_	_
185-7	BOI079	185	7	centro	centro	_	_	_	_	_	linguistic	_	ContainsVariation=No	Volume=low	_	_	_	_	_
185-8	BOI079	185	8	medievale	medievale	_	_	_	_	_	linguistic	_	ContainsVariation=No	Volume=low	_	_	_	_	_
185-9	BOI079	185	9	è	è	_	_	_	_	_	linguistic	_	ContainsVariation=No	Volume=low	_	_	_	_	_
185-10	BOI079	185	10	bellis[simo°]	bellissimo	_	_	_	_	_	linguistic	_	ContainsVariation=No	Volume=low	End=252.953	_	_	_	6-10(73)
186-0	BOR020	186	0	[ma	ma	_	_	_	_	_	linguistic	_	ContainsVariation=No	_	Begin=252.497	_	_	_	0-2(73)
186-1	BOR020	186	1	eh	eh	_	_	_	_	_	linguistic	_	ContainsVariation=No	_	_	_	_	_	0-2(73)
186-2	BOR020	186	2	dove]	dove	_	_	_	_	_	linguistic	_	ContainsVariation=No	_	_	_	_	_	0-4(73)
186-3	BOR020	186	3	abitate?	abitate	_	_	_	_	_	linguistic	_	ContainsVariation=No	Intonation=Rising|PauseAfter=Yes	_	_	_	_	_
186-4	BOR020	186	4	(.)	(.)	_	_	_	_	_	shortpause	_	ContainsVariation=No	_	_	_	_	_	_
186-5	BOR020	186	5	tipo?	tipo	_	_	_	_	_	linguistic	_	ContainsVariation=No	Intonation=Rising	End=253.864	_	_	_	_
187-0	BOI078	187	0	[e:h]	eh	_	_	_	_	_	linguistic	_	ContainsVariation=No	_	Begin=254.523|End=254.851	0x1	_	_	0-2(74)
188-0	BOI079	188	0	[al~]	al~	_	_	_	_	_	linguistic	_	ContainsVariation=No	Interrupted=Yes	Begin=254.628|End=254.851	_	_	_	0-3(74)
189-0	BOI079	189	0	vai	vai	_	_	_	_	_	linguistic	_	ContainsVariation=No	_	Begin=255.643	_	_	_	_
189-1	BOI079	189	1	vai	vai	_	_	_	_	_	linguistic	_	ContainsVariation=No	_	End=256.103	_	_	_	_
190-0	BOI079	190	0	vabbè	vabbè	_	_	_	_	_	linguistic	_	ContainsVariation=No	_	Begin=256.591	_	_	_	_
190-1	BOI079	190	1	allora	allora	_	_	_	_	_	linguistic	_	ContainsVariation=No	_	_	_	_	_	_
190-2	BOI079	190	2	io	io	_	_	_	_	_	linguistic	_	ContainsVariation=No	_	_	_	_	_	_
190-3	BOI079	190	3	abito	abito	_	_	_	_	_	linguistic	_	ContainsVariation=No	_	_	_	_	_	_
190-4	BOI079	190	4	a	a	_	_	_	_	_	linguistic	_	ContainsVariation=No	_	_	_	_	_	_
190-5	BOI079	190	5	san	san	_	_	_	_	_	linguistic	_	ContainsVariation=No	_	_	_	_	_	_
190-6	BOI079	190	6	ruffillo,	ruffillo	_	_	_	_	_	linguistic	_	ContainsVariation=No	Intonation=WeaklyRising|PauseAfter=Yes	_	_	_	_	_
190-7	BOI079	190	7	(.)	(.)	_	_	_	_	_	shortpause	_	ContainsVariation=No	_	_	_	_	_	_
190-8	BOI079	190	8	che	che	_	_	_	_	_	linguistic	_	ContainsVariation=No	_	_	_	_	_	_
190-9	BOI079	190	9	non	non	_	_	_	_	_	linguistic	_	ContainsVariation=No	_	_	_	_	_	_
190-10	BOI079	190	10	so	so	_	_	_	_	_	linguistic	_	ContainsVariation=No	_	_	_	_	_	_
190-11	BOI079	190	11	se	se	_	_	_	_	_	linguistic	_	ContainsVariation=No	_	_	_	_	_	_
190-12	BOI079	190	12	avete	avete	_	_	_	_	_	linguistic	_	ContainsVariation=No	_	_	_	_	_	_
190-13	BOI079	190	13	presente	presente	_	_	_	_	_	linguistic	_	ContainsVariation=No	_	_	_	_	_	_
190-14	BOI079	190	14	dov'	dov'	_	_	_	_	_	linguistic	_	ContainsVariation=No	SpaceAfter=No	_	_	_	_	_
190-15	BOI079	190	15	è	è	_	_	_	_	_	linguistic	_	ContainsVariation=No	_	End=259.548	_	_	_	_
191-0	BOI079	191	0	(eh	eh	_	_	_	_	_	linguistic	_	ContainsVariation=No	_	Begin=259.963	_	_	0-2(0)	_
191-1	BOI079	191	1	è	è	_	_	_	_	_	linguistic	_	ContainsVariation=No	_	_	_	_	0-1(0)	_
191-2	BOI079	191	2	pra~)	pra~	_	_	_	_	_	linguistic	_	ContainsVariation=No	Interrupted=Yes	_	_	_	0-4(0)	_
191-3	BOI079	191	3	>avete<	avete	_	_	_	_	_	linguistic	_	ContainsVariation=No	_	_	_	Fast=0-5(0)	_	_
191-4	BOI079	191	4	presente	presente	_	_	_	_	_	linguistic	_	ContainsVariation=No	PauseAfter=Yes	_	_	_	_	_
191-5	BOI079	191	5	(.)	(.)	_	_	_	_	_	shortpause	_	ContainsVariation=No	_	_	_	_	_	_
191-6	BOI079	191	6	via	via	_	_	_	_	_	linguistic	_	ContainsVariation=No	_	_	_	_	_	_
191-7	BOI079	191	7	murri?	murri	_	_	_	_	_	linguistic	_	ContainsVariation=No	Intonation=Rising	End=261.874	_	_	_	_
192-0	BOR020	192	0	mhmh	mhmh	_	_	_	_	_	linguistic	_	ContainsVariation=No	_	Begin=262.329|End=262.68	_	_	_	_
193-0	BOI079	193	0	>cioè<	cioè	_	_	_	_	_	linguistic	_	ContainsVariation=No	_	Begin=262.727	_	Fast=0-4(0)	_	_
193-1	BOI079	193	1	porta	porta	_	_	_	_	_	linguistic	_	ContainsVariation=No	_	_	_	_	_	_
193-2	BOI079	193	2	santo	santo	_	_	_	_	_	linguistic	_	ContainsVariation=No	_	_	_	_	_	_
193-3	BOI079	193	3	stefano,	stefano	_	_	_	_	_	linguistic	_	ContainsVariation=No	Intonation=WeaklyRising	_	_	_	_	_
193-4	BOI079	193	4	via	via	_	_	_	_	_	linguistic	_	ContainsVariation=No	_	_	_	_	_	_
193-5	BOI079	193	5	murri,	murri	_	_	_	_	_	linguistic	_	ContainsVariation=No	Intonation=WeaklyRising	_	_	_	_	_
193-6	BOI079	193	6	in	in	_	_	_	_	_	linguistic	_	ContainsVariation=No	_	_	_	_	_	_
193-7	BOI079	193	7	fondo	fondo	_	_	_	_	_	linguistic	_	ContainsVariation=No	_	_	_	_	_	_
193-8	BOI079	193	8	a	a	_	_	_	_	_	linguistic	_	ContainsVariation=No	_	_	_	_	_	_
193-9	BOI079	193	9	murrri	murrri	_	_	_	_	_	linguistic	_	ContainsVariation=No	_	_	_	_	_	_
193-10	BOI079	193	10	a	a	_	_	_	_	_	linguistic	_	ContainsVariation=No	_	_	_	_	_	_
193-11	BOI079	193	11	un	un	_	_	_	_	_	linguistic	_	ContainsVariation=No	_	_	_	_	_	_
193-12	BOI079	193	12	certo	certo	_	_	_	_	_	linguistic	_	ContainsVariation=No	_	_	_	_	_	_
193-13	BOI079	193	13	punto	punto	_	_	_	_	_	linguistic	_	ContainsVariation=No	_	_	_	_	_	_
193-14	BOI079	193	14	via	via	_	_	_	_	_	linguistic	_	ContainsVariation=No	_	_	_	_	_	_
193-15	BOI079	193	15	murri	murri	_	_	_	_	_	linguistic	_	ContainsVariation=No	_	_	_	_	_	_
193-16	BOI079	193	16	diventa	diventa	_	_	_	_	_	linguistic	_	ContainsVariation=No	_	_	_	_	_	_
193-17	BOI079	193	17	via	via	_	_	_	_	_	linguistic	_	ContainsVariation=No	_	_	_	_	_	_
193-18	BOI079	193	18	toscana,	toscana	_	_	_	_	_	linguistic	_	ContainsVariation=No	Intonation=WeaklyRising	End=267.559	_	_	_	_
194-0	BOI079	194	0	che	che	_	_	_	_	_	linguistic	_	ContainsVariation=No	_	Begin=268.229	_	_	_	_
194-1	BOI079	194	1	è	è	_	_	_	_	_	linguistic	_	ContainsVariation=No	_	_	_	_	_	_
194-2	BOI079	194	2	appunto	appunto	_	_	_	_	_	linguistic	_	ContainsVariation=No	_	_	_	_	_	_
194-3	BOI079	194	3	quindi	quindi	_	_	_	_	_	linguistic	_	ContainsVariation=No	_	_	_	_	_	_
194-4	BOI079	194	4	verso:	verso	_	_	_	_	_	linguistic	_	ContainsVariation=No	PauseAfter=Yes	_	4x1	_	_	_
194-5	BOI079	194	5	(.)	(.)	_	_	_	_	_	shortpause	_	ContainsVariation=No	_	_	_	_	_	_
194-6	BOI079	194	6	diciamo	diciamo	_	_	_	_	_	linguistic	_	ContainsVariation=No	_	_	_	_	_	_
194-7	BOI079	194	7	il	il	_	_	_	_	_	linguistic	_	ContainsVariation=No	_	_	_	_	_	_
194-8	BOI079	194	8	passo	passo	_	_	_	_	_	linguistic	_	ContainsVariation=No	_	_	_	_	_	_
194-9	BOI079	194	9	[della	della	_	_	_	_	_	linguistic	_	ContainsVariation=No	_	_	_	_	_	0-5(75)
194-10	BOI079	194	10	fu]ta,	futa	_	_	_	_	_	linguistic	_	ContainsVariation=No	Intonation=WeaklyRising	End=271.953	_	_	_	0-2(75)
195-0	BOI078	195	0	[x]	x	_	_	_	_	_	unknown	_	ContainsVariation=No	Syllables=1	Begin=271.063|End=271.578	_	_	_	0-1(75)
196-0	BOI079	196	0	e:h	eh	_	_	_	_	_	linguistic	_	ContainsVariation=No	_	Begin=272.24	0x1	_	_	_
196-1	BOI079	196	1	c'	c'	_	_	_	_	_	linguistic	_	ContainsVariation=No	SpaceAfter=No	_	_	_	_	_
196-2	BOI079	196	2	è	è	_	_	_	_	_	linguistic	_	ContainsVariation=No	_	_	_	_	_	_
196-3	BOI079	196	3	san	san	_	_	_	_	_	linguistic	_	ContainsVariation=No	_	_	_	_	_	_
196-4	BOI079	196	4	ruffillo,	ruffillo	_	_	_	_	_	linguistic	_	ContainsVariation=No	Intonation=WeaklyRising	End=273.669	_	_	_	_
197-0	BOI079	197	0	e::h	eh	_	_	_	_	_	linguistic	_	ContainsVariation=No	PauseAfter=Yes	Begin=274.109	0x2	_	_	_
197-1	BOI079	197	1	(.)	(.)	_	_	_	_	_	shortpause	_	ContainsVariation=No	_	_	_	_	_	_
197-2	BOI079	197	2	che	che	_	_	_	_	_	linguistic	_	ContainsVariation=No	_	_	_	_	_	_
197-3	BOI079	197	3	è::	è	_	_	_	_	_	linguistic	_	ContainsVariation=No	_	_	0x2	_	_	_
197-4	BOI079	197	4	lì:	lì	_	_	_	_	_	linguistic	_	ContainsVariation=No	_	_	1x1	_	_	_
197-5	BOI079	197	5	è	è	_	_	_	_	_	linguistic	_	ContainsVariation=No	_	_	_	_	_	_
197-6	BOI079	197	6	al	al	_	_	_	_	_	linguistic	_	ContainsVariation=No	_	_	_	_	_	_
197-7	BOI079	197	7	confine	confine	_	_	_	_	_	linguistic	_	ContainsVariation=No	_	_	_	_	_	_
197-8	BOI079	197	8	>praticamente<	praticamente	_	_	_	_	_	linguistic	_	ContainsVariation=No	_	_	_	Fast=0-12(0)	_	_
197-9	BOI079	197	9	tra	tra	_	_	_	_	_	linguistic	_	ContainsVariation=No	_	_	_	_	_	_
197-10	BOI079	197	10	bologna	bologna	_	_	_	_	_	linguistic	_	ContainsVariation=No	_	_	_	_	_	_
197-11	BOI079	197	11	e	e	_	_	_	_	_	linguistic	_	ContainsVariation=No	_	_	_	_	_	_
197-12	BOI079	197	12	rastignano.	rastignano	_	_	_	_	_	linguistic	_	ContainsVariation=No	Intonation=Falling	End=279.109	_	_	_	_
198-0	BOR020	198	0	mhmh	mhmh	_	_	_	_	_	linguistic	_	ContainsVariation=No	_	Begin=279.195|End=279.517	_	_	_	_
199-0	BOR020	199	0	è	è	_	_	_	_	_	linguistic	_	ContainsVariation=No	_	Begin=280.099	_	_	_	_
199-1	BOR020	199	1	[<b~]	b~	_	_	_	_	_	linguistic	_	ContainsVariation=No	Interrupted=Yes|PauseAfter=Yes	_	_	_	_	0-2(76)
199-2	BOR020	199	2	(.)	(.)	_	_	_	_	_	shortpause	_	ContainsVariation=No	_	_	_	_	_	_
199-3	BOR020	199	3	è	è	_	_	_	_	_	linguistic	_	ContainsVariation=No	_	_	_	_	_	_
199-4	BOR020	199	4	bello?	bello	_	_	_	_	_	linguistic	_	ContainsVariation=No	Intonation=Rising	End=281.219	_	_	_	_
200-0	BOI079	200	0	[EH]	eh	_	_	_	_	_	linguistic	_	ContainsVariation=No	Volume=high	Begin=280.285|End=280.57	_	_	_	0-2(76)
201-0	BOI078	201	0	b[eh]	beh	_	_	_	_	_	linguistic	_	ContainsVariation=No	_	Begin=282.245|End=282.341	_	_	_	1-3(77)
202-0	BOI079	202	0	[ma]	ma	_	_	_	_	_	linguistic	_	ContainsVariation=No	_	Begin=282.312	_	_	_	0-2(77)
202-1	BOI079	202	1	s~	s~	_	_	_	_	_	linguistic	_	ContainsVariation=No	Interrupted=Yes	_	_	_	_	_
202-2	BOI079	202	2	>cioè<	cioè	_	_	_	_	_	linguistic	_	ContainsVariation=No	_	_	_	Fast=0-4(0)	_	_
202-3	BOI079	202	3	allora	allora	_	_	_	_	_	linguistic	_	ContainsVariation=No	_	_	_	_	_	_
202-4	BOI079	202	4	io	io	_	_	_	_	_	linguistic	_	ContainsVariation=No	_	_	_	_	_	_
202-5	BOI079	202	5	a	a	_	_	_	_	_	linguistic	_	ContainsVariation=No	_	_	_	_	_	_
202-6	BOI079	202	6	me	me	_	_	_	_	_	linguistic	_	ContainsVariation=No	_	_	_	_	_	_
202-7	BOI079	202	7	piace	piace	_	_	_	_	_	linguistic	_	ContainsVariation=No	_	_	_	_	_	_
202-8	BOI079	202	8	molto	molto	_	_	_	_	_	linguistic	_	ContainsVariation=No	_	_	_	_	_	_
202-9	BOI079	202	9	essere:	essere	_	_	_	_	_	linguistic	_	ContainsVariation=No	_	_	5x1	_	_	_
202-10	BOI079	202	10	di	di	_	_	_	_	_	linguistic	_	ContainsVariation=No	_	_	_	_	_	_
202-11	BOI079	202	11	rast~	rast~	_	_	_	_	_	linguistic	_	ContainsVariation=No	Interrupted=Yes	_	_	_	_	_
202-12	BOI079	202	12	di:	di	_	_	_	_	_	linguistic	_	ContainsVariation=No	_	_	1x1	_	_	_
202-13	BOI079	202	13	di	di	_	_	_	_	_	linguistic	_	ContainsVariation=No	_	_	_	_	_	_
202-14	BOI079	202	14	san	san	_	_	_	_	_	linguistic	_	ContainsVariation=No	_	_	_	_	_	_
202-15	BOI079	202	15	ruffillo	ruffillo	_	_	_	_	_	linguistic	_	ContainsVariation=No	PauseAfter=Yes	_	_	_	_	_
202-16	BOI079	202	16	(.)	(.)	_	_	_	_	_	shortpause	_	ContainsVariation=No	_	_	_	_	_	_
202-17	BOI079	202	17	[anche	anche	_	_	_	_	_	linguistic	_	ContainsVariation=No	_	_	_	_	_	0-5(78)
202-18	BOI079	202	18	xx]	xx	_	_	_	_	_	unknown	_	ContainsVariation=No	Syllables=2	End=286.643	_	_	_	0-2(78)
203-0	BOI078	203	0	[a	a	_	_	_	_	_	linguistic	_	ContainsVariation=No	_	Begin=286.22	_	_	_	0-1(79)
203-1	BOI078	203	1	me	me	_	_	_	_	_	linguistic	_	ContainsVariation=No	_	_	_	_	_	0-2(79)
203-2	BOI078	203	2	p]iace	piace	_	_	_	_	_	linguistic	_	ContainsVariation=No	_	_	_	_	_	0-1(79)
203-3	BOI078	203	3	molto	molto	_	_	_	_	_	linguistic	_	ContainsVariation=No	_	_	_	_	_	_
203-4	BOI078	203	4	essere	essere	_	_	_	_	_	linguistic	_	ContainsVariation=No	_	_	_	_	_	_
203-5	BOI078	203	5	di	di	_	_	_	_	_	linguistic	_	ContainsVariation=No	_	_	_	_	_	_
203-6	BOI078	203	6	rastignano	rastignano	_	_	_	_	_	linguistic	_	ContainsVariation=No	_	_	_	_	_	_
203-7	BOI078	203	7	((ride))	((ride))	_	_	_	_	_	nonverbalbehavior	_	ContainsVariation=No	_	End=288.474	_	_	_	_
204-0	BOR020	204	0	((ride))	((ride))	_	_	_	_	_	nonverbalbehavior	_	ContainsVariation=No	_	Begin=287.093|End=287.609	_	_	_	_
205-0	BOI079	205	0	((ride))	((ride))	_	_	_	_	_	nonverbalbehavior	_	ContainsVariation=No	_	Begin=288.161|End=289.16	_	_	_	_
206-0	BOI078	206	0	(non	non	_	_	_	_	_	linguistic	_	ContainsVariation=No	_	Begin=288.795	_	_	0-3(0)	_
206-1	BOI078	206	1	sai	sai	_	_	_	_	_	linguistic	_	ContainsVariation=No	_	_	_	_	0-3(0)	_
206-2	BOI078	206	2	chi	chi	_	_	_	_	_	linguistic	_	ContainsVariation=No	_	_	_	_	0-3(0)	_
206-3	BOI078	206	3	[è)	è	_	_	_	_	_	linguistic	_	ContainsVariation=No	_	_	_	_	0-1(0)	0-1(83)
206-4	BOI078	206	4	xxx]x[xxx]	xxxxxxx	_	_	_	_	_	unknown	_	ContainsVariation=No	Syllables=7	End=291.18	_	_	_	0-3(83),4-7(82)
207-0	BOI079	207	0	[NO	no	_	_	_	_	_	linguistic	_	ContainsVariation=No	Volume=high	Begin=289.317	_	_	_	0-2(83)
207-1	BOI079	207	1	di	di	_	_	_	_	_	linguistic	_	ContainsVariation=No	_	_	_	_	_	0-2(83)
207-2	BOI079	207	2	san	san	_	_	_	_	_	linguistic	_	ContainsVariation=No	_	_	_	_	_	0-3(83)
207-3	BOI079	207	3	ruffillo]	ruffillo	_	_	_	_	_	linguistic	_	ContainsVariation=No	_	End=290.393	_	_	_	0-8(83)
208-0	BOI079	208	0	[anche	anche	_	_	_	_	_	linguistic	_	ContainsVariation=No	_	Begin=290.583	_	_	_	0-5(82)
208-1	BOI079	208	1	suo]	suo	_	_	_	_	_	linguistic	_	ContainsVariation=No	_	_	_	_	_	0-3(82)
208-2	BOI079	208	2	padre	padre	_	_	_	_	_	linguistic	_	ContainsVariation=No	_	_	_	_	_	_
208-3	BOI079	208	3	tra	tra	_	_	_	_	_	linguistic	_	ContainsVariation=No	_	_	_	_	_	_
208-4	BOI079	208	4	l'	l'	_	_	_	_	_	linguistic	_	ContainsVariation=No	SpaceAfter=No	_	_	_	_	_
208-5	BOI079	208	5	altro	altro	_	_	_	_	_	linguistic	_	ContainsVariation=No	_	End=292.447	_	_	_	_
209-0	BOI078	209	0	sì	sì	_	_	_	_	_	linguistic	_	ContainsVariation=No	_	Begin=292.559|End=292.807	_	_	_	_
210-0	BOI079	210	0	e:::h	eh	_	_	_	_	_	linguistic	_	ContainsVariation=No	_	Begin=292.844	0x3	_	_	_
210-1	BOI079	210	1	è	è	_	_	_	_	_	linguistic	_	ContainsVariation=No	_	_	_	_	_	_
210-2	BOI079	210	2	un	un	_	_	_	_	_	linguistic	_	ContainsVariation=No	_	_	_	_	_	_
210-3	BOI079	210	3	bel	bel	_	_	_	_	_	linguistic	_	ContainsVariation=No	_	_	_	_	_	_
210-4	BOI079	210	4	quartiere	quartiere	_	_	_	_	_	linguistic	_	ContainsVariation=No	_	_	_	_	_	_
210-5	BOI079	210	5	tra	tra	_	_	_	_	_	linguistic	_	ContainsVariation=No	_	_	_	_	_	_
210-6	BOI079	210	6	l'	l'	_	_	_	_	_	linguistic	_	ContainsVariation=No	SpaceAfter=No	_	_	_	_	_
210-7	BOI079	210	7	altro,	altro	_	_	_	_	_	linguistic	_	ContainsVariation=No	Intonation=WeaklyRising	End=295.639	_	_	_	_
211-0	BOI079	211	0	vabbè	vabbè	_	_	_	_	_	linguistic	_	ContainsVariation=No	_	Begin=296.126	_	_	_	_
211-1	BOI079	211	1	[è	è	_	_	_	_	_	linguistic	_	ContainsVariation=No	_	_	_	_	_	0-1(84)
211-2	BOI079	211	2	xxxxx]	xxxxx	_	_	_	_	_	unknown	_	ContainsVariation=No	Syllables=5	_	_	_	_	0-5(84)
211-3	BOI079	211	3	((ride))	((ride))	_	_	_	_	_	nonverbalbehavior	_	ContainsVariation=No	_	_	_	_	_	_
211-4	BOI079	211	4	vabb[è	vabbè	_	_	_	_	_	linguistic	_	ContainsVariation=No	_	_	_	_	_	4-5(85)
211-5	BOI079	211	5	lo	lo	_	_	_	_	_	linguistic	_	ContainsVariation=No	_	_	_	_	_	0-2(85)
211-6	BOI079	211	6	devo	devo	_	_	_	_	_	linguistic	_	ContainsVariation=No	_	_	_	_	_	0-4(85)
211-7	BOI079	211	7	d~	d~	_	_	_	_	_	linguistic	_	ContainsVariation=No	Interrupted=Yes|PauseAfter=Yes	_	_	_	_	0-2(85)
211-8	BOI079	211	8	(.)	(.)	_	_	_	_	_	shortpause	_	ContainsVariation=No	_	_	_	_	_	X(85)
211-9	BOI079	211	9	lo	lo	_	_	_	_	_	linguistic	_	ContainsVariation=No	_	_	_	_	_	0-2(85)
211-10	BOI079	211	10	devo	devo	_	_	_	_	_	linguistic	_	ContainsVariation=No	_	_	_	_	_	0-4(85)
211-11	BOI079	211	11	dire]	dire	_	_	_	_	_	linguistic	_	ContainsVariation=No	_	End=299.23	_	_	_	0-4(85)
212-0	BOI078	212	0	[no	no	_	_	_	_	_	linguistic	_	ContainsVariation=No	_	Begin=296.341	_	_	_	0-2(84)
212-1	BOI078	212	1	non	non	_	_	_	_	_	linguistic	_	ContainsVariation=No	_	_	_	_	_	0-3(84)
212-2	BOI078	212	2	dirlo]	dirlo	_	_	_	_	_	linguistic	_	ContainsVariation=No	_	End=297.231	_	_	_	0-5(84)
213-0	BOI078	213	0	[quello	quello	_	_	_	_	_	linguistic	_	ContainsVariation=No	_	Begin=297.696	_	_	_	0-6(85)
213-1	BOI078	213	1	della	della	_	_	_	_	_	linguistic	_	ContainsVariation=No	_	_	_	_	_	0-5(85)
213-2	BOI078	213	2	battaglia?	battaglia	_	_	_	_	_	linguistic	_	ContainsVariation=No	Intonation=Rising|PauseAfter=Yes	_	_	_	_	0-9(85)
213-3	BOI078	213	3	(.)	(.)	_	_	_	_	_	shortpause	_	ContainsVariation=No	_	_	_	_	_	X(85)
213-4	BOI078	213	4	no]	no	_	_	_	_	_	linguistic	_	ContainsVariation=No	_	_	_	_	_	0-2(85)
213-5	BOI078	213	5	((ride))	((ride))	_	_	_	_	_	nonverbalbehavior	_	ContainsVariation=No	_	End=299.353	_	_	_	_
214-0	BOI079	214	0	lo	lo	_	_	_	_	_	linguistic	_	ContainsVariation=No	_	Begin=299.488	_	_	_	_
214-1	BOI079	214	1	devo	devo	_	_	_	_	_	linguistic	_	ContainsVariation=No	_	_	_	_	_	_
214-2	BOI079	214	2	dire	dire	_	_	_	_	_	linguistic	_	ContainsVariation=No	_	_	_	_	_	_
214-3	BOI079	214	3	che	che	_	_	_	_	_	linguistic	_	ContainsVariation=No	PauseAfter=Yes	_	_	_	_	_
214-4	BOI079	214	4	(.)	(.)	_	_	_	_	_	shortpause	_	ContainsVariation=No	_	_	_	_	_	_
214-5	BOI079	214	5	il	il	_	_	_	_	_	linguistic	_	ContainsVariation=No	_	_	_	_	_	_
214-6	BOI079	214	6	venti,	venti	_	_	_	_	_	linguistic	_	ContainsVariation=No	Intonation=WeaklyRising	_	_	_	_	_
214-7	BOI079	214	7	giugno,	giugno	_	_	_	_	_	linguistic	_	ContainsVariation=No	Intonation=WeaklyRising|PauseAfter=Yes	_	_	_	_	_
214-8	BOI079	214	8	(.)	(.)	_	_	_	_	_	shortpause	_	ContainsVariation=No	_	_	_	_	_	_
214-9	BOI079	214	9	del	del	_	_	_	_	_	linguistic	_	ContainsVariation=No	_	_	_	_	_	_
214-10	BOI079	214	10	eh	eh	_	_	_	_	_	linguistic	_	ContainsVariation=No	_	_	_	_	_	_
214-11	BOI079	214	11	non	non	_	_	_	_	_	linguistic	_	ContainsVariation=No	_	_	_	_	_	_
214-12	BOI079	214	12	mi	mi	_	_	_	_	_	linguistic	_	ContainsVariation=No	_	_	_	_	_	_
214-13	BOI079	214	13	ricordo	ricordo	_	_	_	_	_	linguistic	_	ContainsVariation=No	_	_	_	_	_	_
214-14	BOI079	214	14	che	che	_	_	_	_	_	linguistic	_	ContainsVariation=No	_	_	_	_	_	_
214-15	BOI079	214	15	anno	anno	_	_	_	_	_	linguistic	_	ContainsVariation=No	_	_	_	_	_	_
214-16	BOI079	214	16	tipo	tipo	_	_	_	_	_	linguistic	_	ContainsVariation=No	_	_	_	_	_	_
214-17	BOI079	214	17	attorno	attorno	_	_	_	_	_	linguistic	_	ContainsVariation=No	_	_	_	_	_	_
214-18	BOI079	214	18	al	al	_	_	_	_	_	linguistic	_	ContainsVariation=No	_	_	_	_	_	_
214-19	BOI079	214	19	milletrecento	milletrecento	_	_	_	_	_	linguistic	_	ContainsVariation=No	_	_	_	_	_	_
214-20	BOI079	214	20	qualcosa,	qualcosa	_	_	_	_	_	linguistic	_	ContainsVariation=No	Intonation=WeaklyRising	End=306.782	_	_	_	_
215-0	BOI079	215	0	ci	ci	_	_	_	_	_	linguistic	_	ContainsVariation=No	_	Begin=307.139	_	_	_	_
215-1	BOI079	215	1	fu	fu	_	_	_	_	_	linguistic	_	ContainsVariation=No	_	_	_	_	_	_
215-2	BOI079	215	2	la	la	_	_	_	_	_	linguistic	_	ContainsVariation=No	_	_	_	_	_	_
215-3	BOI079	215	3	battaglia	battaglia	_	_	_	_	_	linguistic	_	ContainsVariation=No	_	_	_	_	_	_
215-4	BOI079	215	4	di	di	_	_	_	_	_	linguistic	_	ContainsVariation=No	_	_	_	_	_	_
215-5	BOI079	215	5	san	san	_	_	_	_	_	linguistic	_	ContainsVariation=No	_	_	_	_	_	_
215-6	BOI079	215	6	ruffillo,	ruffillo	_	_	_	_	_	linguistic	_	ContainsVariation=No	Intonation=WeaklyRising	End=308.794	_	_	_	_
216-0	BOI079	216	0	che:	che	_	_	_	_	_	linguistic	_	ContainsVariation=No	_	Begin=309.694|End=310.141	2x1	_	_	_
217-0	BOI079	217	0	e:h	eh	_	_	_	_	_	linguistic	_	ContainsVariation=No	PauseAfter=Yes	Begin=310.39	0x1	_	_	_
217-1	BOI079	217	1	(.)	(.)	_	_	_	_	_	shortpause	_	ContainsVariation=No	_	_	_	_	_	_
217-2	BOI079	217	2	praticamente	praticamente	_	_	_	_	_	linguistic	_	ContainsVariation=No	_	_	_	_	_	_
217-3	BOI079	217	3	sancì	sancì	_	_	_	_	_	linguistic	_	ContainsVariation=No	_	_	_	_	_	_
217-4	BOI079	217	4	l'	l'	_	_	_	_	_	linguistic	_	ContainsVariation=No	SpaceAfter=No	_	_	_	_	_
217-5	BOI079	217	5	indipendenza	indipendenza	_	_	_	_	_	linguistic	_	ContainsVariation=No	_	_	_	_	_	_
217-6	BOI079	217	6	di	di	_	_	_	_	_	linguistic	_	ContainsVariation=No	_	_	_	_	_	_
217-7	BOI079	217	7	bologna,	bologna	_	_	_	_	_	linguistic	_	ContainsVariation=No	Intonation=WeaklyRising	End=314.277	_	_	_	_
218-0	BOI078	218	0	sta	sta	_	_	_	_	_	linguistic	_	ContainsVariation=No	_	Begin=314.39	_	_	_	_
218-1	BOI078	218	1	andando	andando	_	_	_	_	_	linguistic	_	ContainsVariation=No	_	_	_	_	_	_
218-2	BOI078	218	2	a	a	_	_	_	_	_	linguistic	_	ContainsVariation=No	_	_	_	_	_	_
218-3	BOI078	218	3	cerca[re]	cercare	_	_	_	_	_	linguistic	_	ContainsVariation=No	_	End=315.367	_	_	_	5-7(86)
219-0	BOI079	219	0	[da]i:::	dai	_	_	_	_	_	linguistic	_	ContainsVariation=No	_	Begin=315.163	2x3	_	_	0-2(86)
219-1	BOI079	219	1	tipo	tipo	_	_	_	_	_	linguistic	_	ContainsVariation=No	_	_	_	_	_	_
219-2	BOI079	219	2	dai	dai	_	_	_	_	_	linguistic	_	ContainsVariation=No	_	_	_	_	_	_
219-3	BOI079	219	3	lanzichenecchi:	lanzichenecchi	_	_	_	_	_	linguistic	_	ContainsVariation=No	_	_	13x1	_	_	_
219-4	BOI079	219	4	eccetera	eccetera	_	_	_	_	_	linguistic	_	ContainsVariation=No	_	_	_	_	_	_
219-5	BOI079	219	5	>cioè<	cioè	_	_	_	_	_	linguistic	_	ContainsVariation=No	_	_	_	Fast=0-4(0)	_	_
219-6	BOI079	219	6	una	una	_	_	_	_	_	linguistic	_	ContainsVariation=No	_	_	_	_	_	_
219-7	BOI079	219	7	battaglia	battaglia	_	_	_	_	_	linguistic	_	ContainsVariation=No	_	_	_	_	_	_
219-8	BOI079	219	8	storica	storica	_	_	_	_	_	linguistic	_	ContainsVariation=No	_	_	_	_	_	_
219-9	BOI079	219	9	per	per	_	_	_	_	_	linguistic	_	ContainsVariation=No	_	_	_	_	_	_
219-10	BOI079	219	10	la	la	_	_	_	_	_	linguistic	_	ContainsVariation=No	_	_	_	_	_	_
219-11	BOI079	219	11	città	città	_	_	_	_	_	linguistic	_	ContainsVariation=No	_	_	_	_	_	_
219-12	BOI079	219	12	di	di	_	_	_	_	_	linguistic	_	ContainsVariation=No	_	_	_	_	_	_
219-13	BOI079	219	13	bologna	bologna	_	_	_	_	_	linguistic	_	ContainsVariation=No	PauseAfter=Yes	_	_	_	_	_
219-14	BOI079	219	14	(.)	(.)	_	_	_	_	_	shortpause	_	ContainsVariation=No	_	_	_	_	_	_
219-15	BOI079	219	15	che	che	_	_	_	_	_	linguistic	_	ContainsVariation=No	_	_	_	_	_	_
219-16	BOI079	219	16	fu	fu	_	_	_	_	_	linguistic	_	ContainsVariation=No	_	End=321.722	_	_	_	_
220-0	BOI079	220	0	combattuta	combattuta	_	_	_	_	_	linguistic	_	ContainsVariation=No	_	Begin=322.06	_	_	_	_
220-1	BOI079	220	1	proprio	proprio	_	_	_	_	_	linguistic	_	ContainsVariation=No	PauseAfter=Yes	_	_	_	_	_
220-2	BOI079	220	2	(.)	(.)	_	_	_	_	_	shortpause	_	ContainsVariation=No	_	_	_	_	_	_
220-3	BOI079	220	3	lì	lì	_	_	_	_	_	linguistic	_	ContainsVariation=No	_	_	_	_	_	_
220-4	BOI079	220	4	dal	dal	_	_	_	_	_	linguistic	_	ContainsVariation=No	_	_	_	_	_	_
220-5	BOI079	220	5	ponte	ponte	_	_	_	_	_	linguistic	_	ContainsVariation=No	PauseAfter=Yes	_	_	_	_	_
220-6	BOI079	220	6	(.)	(.)	_	_	_	_	_	shortpause	_	ContainsVariation=No	_	_	_	_	_	_
220-7	BOI079	220	7	di:	di	_	_	_	_	_	linguistic	_	ContainsVariation=No	_	_	1x1	_	_	_
220-8	BOI079	220	8	san	san	_	_	_	_	_	linguistic	_	ContainsVariation=No	_	_	_	_	_	_
220-9	BOI079	220	9	ruffillo	ruffillo	_	_	_	_	_	linguistic	_	ContainsVariation=No	_	_	_	_	_	_
220-10	BOI079	220	10	che	che	_	_	_	_	_	linguistic	_	ContainsVariation=No	_	_	_	_	_	_
220-11	BOI079	220	11	è	è	_	_	_	_	_	linguistic	_	ContainsVariation=No	_	_	_	_	_	_
220-12	BOI079	220	12	di	di	_	_	_	_	_	linguistic	_	ContainsVariation=No	_	_	_	_	_	_
220-13	BOI079	220	13	fianco	fianco	_	_	_	_	_	linguistic	_	ContainsVariation=No	_	_	_	_	_	_
220-14	BOI079	220	14	a	a	_	_	_	_	_	linguistic	_	ContainsVariation=No	_	_	_	_	_	_
220-15	BOI079	220	15	casa	casa	_	_	_	_	_	linguistic	_	ContainsVariation=No	_	_	_	_	_	_
220-16	BOI079	220	16	mia	mia	_	_	_	_	_	linguistic	_	ContainsVariation=No	_	End=325.931	_	_	_	_
221-0	BOI079	221	0	>cioè<	cioè	_	_	_	_	_	linguistic	_	ContainsVariation=No	_	Begin=326.131	_	Fast=0-4(0)	_	_
221-1	BOI079	221	1	il	il	_	_	_	_	_	linguistic	_	ContainsVariation=No	_	_	_	_	_	_
221-2	BOI079	221	2	ponte	ponte	_	_	_	_	_	linguistic	_	ContainsVariation=No	PauseAfter=Yes	_	_	_	_	_
221-3	BOI079	221	3	(.)	(.)	_	_	_	_	_	shortpause	_	ContainsVariation=No	_	_	_	_	_	_
221-4	BOI079	221	4	savena	savena	_	_	_	_	_	linguistic	_	ContainsVariation=No	_	_	_	_	_	_
221-5	BOI079	221	5	che	che	_	_	_	_	_	linguistic	_	ContainsVariation=No	_	_	_	_	_	_
221-6	BOI079	221	6	è	è	_	_	_	_	_	linguistic	_	ContainsVariation=No	_	_	_	_	_	_
221-7	BOI079	221	7	sul	sul	_	_	_	_	_	linguistic	_	ContainsVariation=No	_	_	_	_	_	_
221-8	BOI079	221	8	savena	savena	_	_	_	_	_	linguistic	_	ContainsVariation=No	_	_	_	_	_	_
221-9	BOI079	221	9	sul	sul	_	_	_	_	_	linguistic	_	ContainsVariation=No	_	_	_	_	_	_
221-10	BOI079	221	10	fiume	fiume	_	_	_	_	_	linguistic	_	ContainsVariation=No	_	End=328.483	_	_	_	_
222-0	BOI079	222	0	quindi	quindi	_	_	_	_	_	linguistic	_	ContainsVariation=No	_	Begin=328.81	_	_	_	_
222-1	BOI079	222	1	dai	dai	_	_	_	_	_	linguistic	_	ContainsVariation=No	_	_	_	_	_	_
222-2	BOI079	222	2	è	è	_	_	_	_	_	linguistic	_	ContainsVariation=No	_	_	_	_	_	_
222-3	BOI079	222	3	un	un	_	_	_	_	_	linguistic	_	ContainsVariation=No	_	_	_	_	_	_
222-4	BOI079	222	4	luogo	luogo	_	_	_	_	_	linguistic	_	ContainsVariation=No	_	_	_	_	_	_
222-5	BOI079	222	5	comun~	comun~	_	_	_	_	_	linguistic	_	ContainsVariation=No	Interrupted=Yes	_	_	_	_	_
222-6	BOI079	222	6	>cioè<	cioè	_	_	_	_	_	linguistic	_	ContainsVariation=No	_	_	_	Fast=0-4(0)	_	_
222-7	BOI079	222	7	comunque	comunque	_	_	_	_	_	linguistic	_	ContainsVariation=No	_	_	_	_	_	_
222-8	BOI079	222	8	è	è	_	_	_	_	_	linguistic	_	ContainsVariation=No	_	_	_	_	_	_
222-9	BOI079	222	9	una	una	_	_	_	_	_	linguistic	_	ContainsVariation=No	_	_	_	_	_	_
222-10	BOI079	222	10	n~	n~	_	_	_	_	_	linguistic	_	ContainsVariation=No	Interrupted=Yes|PauseAfter=Yes	_	_	_	_	_
222-11	BOI079	222	11	(.)	(.)	_	_	_	_	_	shortpause	_	ContainsVariation=No	_	_	_	_	_	_
222-12	BOI079	222	12	una:	una	_	_	_	_	_	linguistic	_	ContainsVariation=No	_	_	2x1	_	_	_
222-13	BOI079	222	13	[zona	zona	_	_	_	_	_	linguistic	_	ContainsVariation=No	_	_	_	_	_	0-4(87)
222-14	BOI079	222	14	di	di	_	_	_	_	_	linguistic	_	ContainsVariation=No	_	_	_	_	_	0-2(87)
222-15	BOI079	222	15	b]ologna:	bologna	_	_	_	_	_	linguistic	_	ContainsVariation=No	_	_	6x1	_	_	0-1(87)
222-16	BOI079	222	16	storica	storica	_	_	_	_	_	linguistic	_	ContainsVariation=No	_	End=332.855	_	_	_	_
223-0	BOI078	223	0	[fiume:]	fiume	_	_	_	_	_	linguistic	_	ContainsVariation=No	_	Begin=331.18|End=331.693	4x1	_	_	0-5(87)
224-0	BOI078	224	0	fiume	fiume	_	_	_	_	_	linguistic	_	ContainsVariation=No	_	Begin=332.955	_	_	_	_
224-1	BOI078	224	1	ancora	ancora	_	_	_	_	_	linguistic	_	ContainsVariation=No	_	_	_	_	_	_
224-2	BOI078	224	2	rosso	rosso	_	_	_	_	_	linguistic	_	ContainsVariation=No	_	_	_	_	_	_
224-3	BOI078	224	3	per	per	_	_	_	_	_	linguistic	_	ContainsVariation=No	_	_	_	_	_	_
224-4	BOI078	224	4	[e::h]	eh	_	_	_	_	_	linguistic	_	ContainsVariation=No	_	End=335.189	0x2	_	_	0-2(88)
225-0	BOI079	225	0	[s:]:ì	sì	_	_	_	_	_	linguistic	_	ContainsVariation=No	_	Begin=334.935	0x2	_	_	0-1(88)
225-1	BOI079	225	1	[i	i	_	_	_	_	_	linguistic	_	ContainsVariation=No	_	_	_	_	_	0-1(89)
225-2	BOI079	225	2	caduti	caduti	_	_	_	_	_	linguistic	_	ContainsVariation=No	_	_	_	_	_	0-6(89)
225-3	BOI079	225	3	bologne]si	bolognesi	_	_	_	_	_	linguistic	_	ContainsVariation=No	_	_	_	_	_	0-7(89)
225-4	BOI079	225	4	°sì	sì	_	_	_	_	_	linguistic	_	ContainsVariation=No	Volume=low	_	_	_	_	_
225-5	BOI079	225	5	sì	sì	_	_	_	_	_	linguistic	_	ContainsVariation=No	Volume=low	_	_	_	_	_
225-6	BOI079	225	6	sì°	sì	_	_	_	_	_	linguistic	_	ContainsVariation=No	Volume=low	End=337.595	_	_	_	_
226-0	BOI078	226	0	[(tanto)	tanto	_	_	_	_	_	linguistic	_	ContainsVariation=No	_	Begin=335.67	_	_	0-5(0)	0-5(89)
226-1	BOI078	226	1	sangue]	sangue	_	_	_	_	_	linguistic	_	ContainsVariation=No	_	End=336.719	_	_	_	0-6(89)
227-0	BOI079	227	0	beh	beh	_	_	_	_	_	linguistic	_	ContainsVariation=No	_	Begin=337.773	_	_	_	_
227-1	BOI079	227	1	[comunque]	comunque	_	_	_	_	_	linguistic	_	ContainsVariation=No	_	End=338.599	_	_	_	0-8(90)
228-0	BOI078	228	0	[dopo	dopo	_	_	_	_	_	linguistic	_	ContainsVariation=No	PauseAfter=Yes	Begin=337.934	_	_	_	0-4(90)
228-1	BOI078	228	1	(.)	(.)	_	_	_	_	_	shortpause	_	ContainsVariation=No	_	_	_	_	_	X(90)
228-2	BOI078	228	2	d]opo	dopo	_	_	_	_	_	linguistic	_	ContainsVariation=No	_	_	_	_	_	0-1(90)
228-3	BOI078	228	3	un	un	_	_	_	_	_	linguistic	_	ContainsVariation=No	_	_	_	_	_	_
228-4	BOI078	228	4	millen[nio]	millennio	_	_	_	_	_	linguistic	_	ContainsVariation=No	_	End=339.587	_	_	_	6-9(91)
229-0	BOR020	229	0	[bel]lo	bello	_	_	_	_	_	linguistic	_	ContainsVariation=No	_	Begin=339.442	_	_	_	0-3(91)
229-1	BOR020	229	1	bellissimo::	bellissimo	_	_	_	_	_	linguistic	_	ContainsVariation=No	_	_	9x2	_	_	_
229-2	BOR020	229	2	bellissimo::	bellissimo	_	_	_	_	_	linguistic	_	ContainsVariation=No	_	_	9x2	_	_	_
229-3	BOR020	229	3	il	il	_	_	_	_	_	linguistic	_	ContainsVariation=No	_	_	_	_	_	_
229-4	BOR020	229	4	[fun	fun	_	_	_	_	_	linguistic	_	ContainsVariation=No	_	_	_	_	_	0-3(92)
229-5	BOR020	229	5	f]act	fact	_	_	_	_	_	linguistic	_	ContainsVariation=No	_	End=343.033	_	_	_	0-1(92)
230-0	BOI079	230	0	[x]	x	_	_	_	_	_	unknown	_	ContainsVariation=No	Syllables=1	Begin=342.117|End=342.414	_	_	_	0-1(92)
231-0	BOI079	231	0	e:h	eh	_	_	_	_	_	linguistic	_	ContainsVariation=No	_	Begin=343.099	0x1	_	_	_
231-1	BOI079	231	1	venti	venti	_	_	_	_	_	linguistic	_	ContainsVariation=No	_	_	_	_	_	_
231-2	BOI079	231	2	[giugno?	giugno	_	_	_	_	_	linguistic	_	ContainsVariation=No	Intonation=Rising|PauseAfter=Yes	_	_	_	_	0-6(93)
231-3	BOI079	231	3	(.)	(.)	_	_	_	_	_	shortpause	_	ContainsVariation=No	_	_	_	_	_	X(93)
231-4	BOI079	231	4	eh	eh	_	_	_	_	_	linguistic	_	ContainsVariation=No	_	_	_	_	_	0-2(93)
231-5	BOI079	231	5	venti]	venti	_	_	_	_	_	linguistic	_	ContainsVariation=No	_	_	_	_	_	0-5(93)
231-6	BOI079	231	6	giugno	giugno	_	_	_	_	_	linguistic	_	ContainsVariation=No	_	_	_	_	_	_
231-7	BOI079	231	7	quando?	quando	_	_	_	_	_	linguistic	_	ContainsVariation=No	Intonation=Rising	End=346.008	_	_	_	_
232-0	BOR020	232	0	[è	è	_	_	_	_	_	linguistic	_	ContainsVariation=No	_	Begin=343.612	_	_	_	0-1(93)
232-1	BOR020	232	1	un	un	_	_	_	_	_	linguistic	_	ContainsVariation=No	_	_	_	_	_	0-2(93)
232-2	BOR020	232	2	flex	flex	_	_	_	_	_	linguistic	_	ContainsVariation=No	_	_	_	_	_	0-4(93)
232-3	BOR020	232	3	comunque]	comunque	_	_	_	_	_	linguistic	_	ContainsVariation=No	_	End=344.994	_	_	_	0-8(93)
233-0	BOR020	233	0	tre	tre	_	_	_	_	_	linguistic	_	ContainsVariation=No	_	Begin=346.425	_	_	_	_
233-1	BOR020	233	1	(e)	e	_	_	_	_	_	linguistic	_	ContainsVariation=No	_	_	_	_	0-1(0)	_
233-2	BOR020	233	2	sessantuno?	sessantuno	_	_	_	_	_	linguistic	_	ContainsVariation=No	Intonation=Rising	End=347.491	_	_	_	_
234-0	BOI079	234	0	tr~	tr~	_	_	_	_	_	linguistic	_	ContainsVariation=No	Interrupted=Yes	Begin=348.436	_	_	_	_
234-1	BOI079	234	1	milletrecentosessantuno	milletrecentosessantuno	_	_	_	_	_	linguistic	_	ContainsVariation=No	PauseAfter=Yes	_	_	_	_	_
234-2	BOI079	234	2	(.)	(.)	_	_	_	_	_	shortpause	_	ContainsVariation=No	_	_	_	_	_	_
234-3	BOI079	234	3	okay	okay	_	_	_	_	_	linguistic	_	ContainsVariation=No	_	End=350.224	_	_	_	_
235-0	BOI079	235	0	eh	eh	_	_	_	_	_	linguistic	_	ContainsVariation=No	_	Begin=350.558	_	_	_	_
235-1	BOI079	235	1	non	non	_	_	_	_	_	linguistic	_	ContainsVariation=No	_	_	_	_	_	_
235-2	BOI079	235	2	mi	mi	_	_	_	_	_	linguistic	_	ContainsVariation=No	_	_	_	_	_	_
235-3	BOI079	235	3	ricordavo:	ricordavo	_	_	_	_	_	linguistic	_	ContainsVariation=No	_	_	8x1	_	_	_
235-4	BOI079	235	4	l'	l'	_	_	_	_	_	linguistic	_	ContainsVariation=No	SpaceAfter=No	_	_	_	_	_
235-5	BOI079	235	5	anno	anno	_	_	_	_	_	linguistic	_	ContainsVariation=No	_	End=351.909	_	_	_	_
236-0	BOI078	236	0	sì	sì	_	_	_	_	_	linguistic	_	ContainsVariation=No	_	Begin=352.854	_	_	_	_
236-1	BOI078	236	1	poi	poi	_	_	_	_	_	linguistic	_	ContainsVariation=No	_	_	_	_	_	_
236-2	BOI078	236	2	lui	lui	_	_	_	_	_	linguistic	_	ContainsVariation=No	_	_	_	_	_	_
236-3	BOI078	236	3	conserva	conserva	_	_	_	_	_	linguistic	_	ContainsVariation=No	_	_	_	_	_	_
236-4	BOI078	236	4	gli	gli	_	_	_	_	_	linguistic	_	ContainsVariation=No	_	_	_	_	_	_
236-5	BOI078	236	5	elmet[ti	elmetti	_	_	_	_	_	linguistic	_	ContainsVariation=No	_	_	_	_	_	5-7(94)
236-6	BOI078	236	6	dei	dei	_	_	_	_	_	linguistic	_	ContainsVariation=No	_	_	_	_	_	0-3(94)
236-7	BOI078	236	7	la]nzichenecchi	lanzichenecchi	_	_	_	_	_	linguistic	_	ContainsVariation=No	_	End=355.631	_	_	_	0-2(94)
237-0	BOI079	237	0	[ma]	ma	_	_	_	_	_	linguistic	_	ContainsVariation=No	_	Begin=354.553	_	_	_	0-2(94)
237-1	BOI079	237	1	((ride))	((ride))	_	_	_	_	_	nonverbalbehavior	_	ContainsVariation=No	_	End=355.53	_	_	_	_
238-0	BOR020	238	0	no	no	_	_	_	_	_	linguistic	_	ContainsVariation=No	_	Begin=355.863|End=356.497	_	_	_	_
239-0	BOI078	239	0	sì	sì	_	_	_	_	_	linguistic	_	ContainsVariation=No	_	Begin=356.006	_	_	_	_
239-1	BOI078	239	1	xxxxxx[xx]	xxxxxxxx	_	_	_	_	_	unknown	_	ContainsVariation=No	Syllables=8	End=357.865	_	_	_	6-8(?)
240-0	BOI079	240	0	[ho	ho	_	_	_	_	_	linguistic	_	ContainsVariation=No	_	Begin=357.375	_	_	_	0-2(96)
240-1	BOI079	240	1	un	un	_	_	_	_	_	linguistic	_	ContainsVariation=No	_	_	_	_	_	0-2(96)
240-2	BOI079	240	2	anti]co	antico	_	_	_	_	_	linguistic	_	ContainsVariation=No	_	_	_	_	_	0-4(96)
240-3	BOI079	240	3	ante~	ante~	_	_	_	_	_	linguistic	_	ContainsVariation=No	Interrupted=Yes	_	_	_	_	_
240-4	BOI079	240	4	ho	ho	_	_	_	_	_	linguistic	_	ContainsVariation=No	_	_	_	_	_	_
240-5	BOI079	240	5	un	un	_	_	_	_	_	linguistic	_	ContainsVariation=No	_	_	_	_	_	_
240-6	BOI079	240	6	antenato	antenato	_	_	_	_	_	linguistic	_	ContainsVariation=No	_	_	_	_	_	_
240-7	BOI079	240	7	che	che	_	_	_	_	_	linguistic	_	ContainsVariation=No	_	_	_	_	_	_
240-8	BOI079	240	8	era	era	_	_	_	_	_	linguistic	_	ContainsVariation=No	_	_	_	_	_	_
240-9	BOI079	240	9	un	un	_	_	_	_	_	linguistic	_	ContainsVariation=No	_	_	_	_	_	_
240-10	BOI079	240	10	condot[tiero]	condottiero	_	_	_	_	_	linguistic	_	ContainsVariation=No	_	End=360.496	_	_	_	6-11(97)
241-0	BOI078	241	0	[era	era	_	_	_	_	_	linguistic	_	ContainsVariation=No	_	Begin=359.836	_	_	_	0-3(97)
241-1	BOI078	241	1	un	un	_	_	_	_	_	linguistic	_	ContainsVariation=No	_	_	_	_	_	0-2(97)
241-2	BOI078	241	2	condo]ttiero	condottiero	_	_	_	_	_	linguistic	_	ContainsVariation=No	PauseAfter=Yes	_	_	_	_	0-5(97)
241-3	BOI078	241	3	(.)	(.)	_	_	_	_	_	shortpause	_	ContainsVariation=No	_	_	_	_	_	_
241-4	BOI078	241	4	però	però	_	_	_	_	_	linguistic	_	ContainsVariation=No	_	_	_	_	_	_
241-5	BOI078	241	5	lanzichenecco	lanzichenecco	_	_	_	_	_	linguistic	_	ContainsVariation=No	_	_	_	_	_	_
241-6	BOI078	241	6	>cioè<	cioè	_	_	_	_	_	linguistic	_	ContainsVariation=No	_	_	_	Fast=0-4(0)	_	_
241-7	BOI078	241	7	era:	era	_	_	_	_	_	linguistic	_	ContainsVariation=No	_	_	2x1	_	_	_
241-8	BOI078	241	8	cattivo	cattivo	_	_	_	_	_	linguistic	_	ContainsVariation=No	_	End=363.05	_	_	_	_
242-0	BOI079	242	0	ma:	ma	_	_	_	_	_	linguistic	_	ContainsVariation=No	_	Begin=363.106	1x1	_	_	_
242-1	BOI079	242	1	che	che	_	_	_	_	_	linguistic	_	ContainsVariation=No	_	_	_	_	_	_
242-2	BOI079	242	2	vuoi?	vuoi	_	_	_	_	_	linguistic	_	ContainsVariation=No	Intonation=Rising	_	_	_	_	_
242-3	BOI079	242	3	°ma	ma	_	_	_	_	_	linguistic	_	ContainsVariation=No	Volume=low	_	_	_	_	_
242-4	BOI079	242	4	che	che	_	_	_	_	_	linguistic	_	ContainsVariation=No	Volume=low	_	_	_	_	_
242-5	BOI079	242	5	vuoi°	vuoi	_	_	_	_	_	linguistic	_	ContainsVariation=No	Volume=low	End=364.879	_	_	_	_
243-0	BOR020	243	0	((ride))	((ride))	_	_	_	_	_	nonverbalbehavior	_	ContainsVariation=No	_	Begin=364.014|End=364.773	_	_	_	_
244-0	BOI078	244	0	((ride))	((ride))	_	_	_	_	_	nonverbalbehavior	_	ContainsVariation=No	_	Begin=364.234|End=364.837	_	_	_	_
245-0	BOI079	245	0	beh	beh	_	_	_	_	_	linguistic	_	ContainsVariation=No	_	Begin=365.404	_	_	_	_
245-1	BOI079	245	1	invece::	invece	_	_	_	_	_	linguistic	_	ContainsVariation=No	_	_	5x2	_	_	_
245-2	BOI079	245	2	dai	dai	_	_	_	_	_	linguistic	_	ContainsVariation=No	_	_	_	_	_	_
245-3	BOI079	245	3	tu	tu	_	_	_	_	_	linguistic	_	ContainsVariation=No	_	End=366.872	_	_	_	_
246-0	BOI078	246	0	io	io	_	_	_	_	_	linguistic	_	ContainsVariation=No	_	Begin=366.964	_	_	_	_
246-1	BOI078	246	1	abito:	abito	_	_	_	_	_	linguistic	_	ContainsVariation=No	_	_	4x1	_	_	_
246-2	BOI078	246	2	in	in	_	_	_	_	_	linguistic	_	ContainsVariation=No	_	_	_	_	_	_
246-3	BOI078	246	3	un	un	_	_	_	_	_	linguistic	_	ContainsVariation=No	_	_	_	_	_	_
246-4	BOI078	246	4	e::h	eh	_	_	_	_	_	linguistic	_	ContainsVariation=No	_	_	0x2	_	_	_
246-5	BOI078	246	5	in	in	_	_	_	_	_	linguistic	_	ContainsVariation=No	_	_	_	_	_	_
246-6	BOI078	246	6	un	un	_	_	_	_	_	linguistic	_	ContainsVariation=No	_	_	_	_	_	_
246-7	BOI078	246	7	non	non	_	_	_	_	_	linguistic	_	ContainsVariation=No	_	_	_	_	_	_
246-8	BOI078	246	8	luogo,	luogo	_	_	_	_	_	linguistic	_	ContainsVariation=No	Intonation=WeaklyRising	End=370.453	_	_	_	_
247-0	BOI078	247	0	[e:::h]	eh	_	_	_	_	_	linguistic	_	ContainsVariation=No	_	Begin=370.978|End=371.922	0x3	_	_	0-2(98)
248-0	BOI079	248	0	[ec]co	ecco	_	_	_	_	_	linguistic	_	ContainsVariation=No	_	Begin=371.638|End=372.135	_	_	_	0-2(98)
249-0	BOI078	249	0	che	che	_	_	_	_	_	linguistic	_	ContainsVariation=No	_	Begin=372.178	_	_	_	_
249-1	BOI078	249	1	si	si	_	_	_	_	_	linguistic	_	ContainsVariation=No	_	_	_	_	_	_
249-2	BOI078	249	2	chiama::	chiama	_	_	_	_	_	linguistic	_	ContainsVariation=No	_	End=373.376	5x2	_	_	_
250-0	BOI078	250	0	che	che	_	_	_	_	_	linguistic	_	ContainsVariation=No	_	Begin=373.83	_	_	_	_
250-1	BOI078	250	1	si	si	_	_	_	_	_	linguistic	_	ContainsVariation=No	_	_	_	_	_	_
250-2	BOI078	250	2	chiama	chiama	_	_	_	_	_	linguistic	_	ContainsVariation=No	_	_	_	_	_	_
250-3	BOI078	250	3	@nomeluogo	@nomeluogo	_	_	_	_	_	anonymized	_	ContainsVariation=No	Anonymized=Yes	End=374.901	_	_	_	_
251-0	BOI078	251	0	e:h	eh	_	_	_	_	_	linguistic	_	ContainsVariation=No	PauseAfter=Yes	Begin=375.801	0x1	_	_	_
251-1	BOI078	251	1	(.)	(.)	_	_	_	_	_	shortpause	_	ContainsVariation=No	_	_	_	_	_	_
251-2	BOI078	251	2	fuori	fuori	_	_	_	_	_	linguistic	_	ContainsVariation=No	_	_	_	_	_	_
251-3	BOI078	251	3	@nomeluogo	@nomeluogo	_	_	_	_	_	anonymized	_	ContainsVariation=No	Anonymized=Yes	End=377.187	_	_	_	_
252-0	BOR022	252	0	ah	ah	_	_	_	_	_	linguistic	_	ContainsVariation=No	_	Begin=377.859	_	_	_	_
252-1	BOR022	252	1	ho	ho	_	_	_	_	_	linguistic	_	ContainsVariation=No	_	_	_	_	_	_
252-2	BOR022	252	2	capito	capito	_	_	_	_	_	linguistic	_	ContainsVariation=No	_	End=378.468	_	_	_	_
253-0	BOI078	253	0	hai	hai	_	_	_	_	_	linguistic	_	ContainsVariation=No	_	Begin=378.522	_	_	_	_
253-1	BOI078	253	1	capito?	capito	_	_	_	_	_	linguistic	_	ContainsVariation=No	Intonation=Rising	End=379.05	_	_	_	_
254-0	BOR022	254	0	sì	sì	_	_	_	_	_	linguistic	_	ContainsVariation=No	_	Begin=379.196|End=379.435	_	_	_	_
255-0	BOI078	255	0	[e:]:h	eh	_	_	_	_	_	linguistic	_	ContainsVariation=No	_	Begin=379.637	0x2	_	_	0-1(99)
255-1	BOI078	255	1	>praticamente<	praticamente	_	_	_	_	_	linguistic	_	ContainsVariation=No	PauseAfter=Yes	_	_	Fast=0-12(0)	_	_
255-2	BOI078	255	2	(.)	(.)	_	_	_	_	_	shortpause	_	ContainsVariation=No	_	_	_	_	_	_
255-3	BOI078	255	3	da	da	_	_	_	_	_	linguistic	_	ContainsVariation=No	_	_	_	_	_	_
255-4	BOI078	255	4	@nomeluogo:	@nomeluogo	_	_	_	_	_	anonymized	_	ContainsVariation=No	Anonymized=Yes	_	9x1	_	_	_
255-5	BOI078	255	5	invece	invece	_	_	_	_	_	linguistic	_	ContainsVariation=No	_	_	_	_	_	_
255-6	BOI078	255	6	di	di	_	_	_	_	_	linguistic	_	ContainsVariation=No	_	_	_	_	_	_
255-7	BOI078	255	7	andare	andare	_	_	_	_	_	linguistic	_	ContainsVariation=No	_	_	_	_	_	_
255-8	BOI078	255	8	al	al	_	_	_	_	_	linguistic	_	ContainsVariation=No	_	_	_	_	_	_
255-9	BOI078	255	9	centro:	centro	_	_	_	_	_	linguistic	_	ContainsVariation=No	_	_	5x1	_	_	_
255-10	BOI078	255	10	vai	vai	_	_	_	_	_	linguistic	_	ContainsVariation=No	_	_	_	_	_	_
255-11	BOI078	255	11	da	da	_	_	_	_	_	linguistic	_	ContainsVariation=No	PauseAfter=Yes	_	_	_	_	_
255-12	BOI078	255	12	(.)	(.)	_	_	_	_	_	shortpause	_	ContainsVariation=No	_	_	_	_	_	_
255-13	BOI078	255	13	vai	vai	_	_	_	_	_	linguistic	_	ContainsVariation=No	_	_	_	_	_	_
255-14	BOI078	255	14	dalla	dalla	_	_	_	_	_	linguistic	_	ContainsVariation=No	_	_	_	_	_	_
255-15	BOI078	255	15	parte	parte	_	_	_	_	_	linguistic	_	ContainsVariation=No	_	_	_	_	_	_
255-16	BOI078	255	16	dove	dove	_	_	_	_	_	linguistic	_	ContainsVariation=No	_	_	_	_	_	_
255-17	BOI078	255	17	ci	ci	_	_	_	_	_	linguistic	_	ContainsVariation=No	_	_	_	_	_	_
255-18	BOI078	255	18	sono	sono	_	_	_	_	_	linguistic	_	ContainsVariation=No	_	_	_	_	_	_
255-19	BOI078	255	19	i	i	_	_	_	_	_	linguistic	_	ContainsVariation=No	_	End=385.179	_	_	_	_
256-0	BOR022	256	0	[s~]	s~	_	_	_	_	_	linguistic	_	ContainsVariation=No	Interrupted=Yes	Begin=379.695|End=379.802	_	_	_	0-2(99)
257-0	BOI078	257	0	i	i	_	_	_	_	_	linguistic	_	ContainsVariation=No	_	Begin=386.086	_	_	_	_
257-1	BOI078	257	1	barili	barili	_	_	_	_	_	linguistic	_	ContainsVariation=No	_	_	_	_	_	_
257-2	BOI078	257	2	di	di	_	_	_	_	_	linguistic	_	ContainsVariation=No	_	_	_	_	_	_
257-3	BOI078	257	3	fieno	fieno	_	_	_	_	_	linguistic	_	ContainsVariation=No	_	_	_	_	_	_
257-4	BOI078	257	4	che	che	_	_	_	_	_	linguistic	_	ContainsVariation=No	_	_	_	_	_	_
257-5	BOI078	257	5	rotolano:	rotolano	_	_	_	_	_	linguistic	_	ContainsVariation=No	_	_	7x1	_	_	_
257-6	BOI078	257	6	e:	e	_	_	_	_	_	linguistic	_	ContainsVariation=No	_	_	0x1	_	_	_
257-7	BOI078	257	7	[le	le	_	_	_	_	_	linguistic	_	ContainsVariation=No	_	_	_	_	_	0-2(100)
257-8	BOI078	257	8	xxxxxxx]	xxxxxxx	_	_	_	_	_	unknown	_	ContainsVariation=No	Syllables=7	End=390.591	_	_	_	0-7(100)
258-0	BOR020	258	0	[è	è	_	_	_	_	_	linguistic	_	ContainsVariation=No	_	Begin=389.253	_	_	_	0-1(100)
258-1	BOR020	258	1	famosa	famosa	_	_	_	_	_	linguistic	_	ContainsVariation=No	_	_	_	_	_	0-6(100)
258-2	BOR020	258	2	@nomeluogo	@nomeluogo	_	_	_	_	_	anonymized	_	ContainsVariation=No	Anonymized=Yes	_	_	_	_	0-10(100)
258-3	BOR020	258	3	c]omunque	comunque	_	_	_	_	_	linguistic	_	ContainsVariation=No	_	_	_	_	_	0-1(100)
258-4	BOR020	258	4	[c'	c'	_	_	_	_	_	linguistic	_	ContainsVariation=No	SpaceAfter=No	_	_	_	_	0-2(101)
258-5	BOR020	258	5	era	era	_	_	_	_	_	linguistic	_	ContainsVariation=No	_	_	_	_	_	0-3(101)
258-6	BOR020	258	6	la	la	_	_	_	_	_	linguistic	_	ContainsVariation=No	_	_	_	_	_	0-2(101)
258-7	BOR020	258	7	serie]	serie	_	_	_	_	_	linguistic	_	ContainsVariation=No	_	_	_	_	_	0-5(101)
258-8	BOR020	258	8	tivù	tivù	_	_	_	_	_	linguistic	_	ContainsVariation=No	_	End=392.02	_	_	_	_
259-0	BOI078	259	0	[sì	sì	_	_	_	_	_	linguistic	_	ContainsVariation=No	_	Begin=391.06	_	_	_	0-2(101)
259-1	BOI078	259	1	sì	sì	_	_	_	_	_	linguistic	_	ContainsVariation=No	_	_	_	_	_	0-2(101)
259-2	BOI078	259	2	no	no	_	_	_	_	_	linguistic	_	ContainsVariation=No	_	_	_	_	_	0-2(101)
259-3	BOI078	259	3	ma	ma	_	_	_	_	_	linguistic	_	ContainsVariation=No	_	_	_	_	_	0-2(101)
259-4	BOI078	259	4	via]	via	_	_	_	_	_	linguistic	_	ContainsVariation=No	_	End=391.702	_	_	_	0-3(101)
260-0	BOI078	260	0	via	via	_	_	_	_	_	linguistic	_	ContainsVariation=No	_	Begin=392.201|End=392.466	_	_	_	_
261-0	BOI078	261	0	c'	c'	_	_	_	_	_	linguistic	_	ContainsVariation=No	SpaceAfter=No	Begin=393.226	_	_	_	_
261-1	BOI078	261	1	è	è	_	_	_	_	_	linguistic	_	ContainsVariation=No	_	_	_	_	_	_
261-2	BOI078	261	2	la	la	_	_	_	_	_	linguistic	_	ContainsVariation=No	_	_	_	_	_	_
261-3	BOI078	261	3	serie	serie	_	_	_	_	_	linguistic	_	ContainsVariation=No	_	_	_	_	_	_
261-4	BOI078	261	4	tivù	tivù	_	_	_	_	_	linguistic	_	ContainsVariation=No	_	_	_	_	_	_
261-5	BOI078	261	5	su	su	_	_	_	_	_	linguistic	_	ContainsVariation=No	_	_	_	_	_	_
261-6	BOI078	261	6	@nomeluogo?	@nomeluogo	_	_	_	_	_	anonymized	_	ContainsVariation=No	Intonation=Rising|Anonymized=Yes	End=394.348	_	_	_	_
262-0	BOI078	262	0	si	si	_	_	_	_	_	linguistic	_	ContainsVariation=No	_	Begin=394.562	_	_	_	_
262-1	BOI078	262	1	chiama	chiama	_	_	_	_	_	linguistic	_	ContainsVariation=No	_	_	_	_	_	_
262-2	BOI078	262	2	<@nomeluogo>?	@nomeluogo	_	_	_	_	_	anonymized	_	ContainsVariation=No	Intonation=Rising|Anonymized=Yes	End=395.835	_	Slow=0-10(0)	_	_
263-0	BOR022	263	0	ma	ma	_	_	_	_	_	linguistic	_	ContainsVariation=No	_	Begin=396.736	_	_	_	_
263-1	BOR022	263	1	quella	quella	_	_	_	_	_	linguistic	_	ContainsVariation=No	_	_	_	_	_	_
263-2	BOR022	263	2	[che	che	_	_	_	_	_	linguistic	_	ContainsVariation=No	_	_	_	_	_	0-3(102)
263-3	BOR022	263	3	ha::]	ha	_	_	_	_	_	linguistic	_	ContainsVariation=No	_	End=397.683	1x2	_	_	0-2(102)
264-0	BOI079	264	0	[ma	ma	_	_	_	_	_	linguistic	_	ContainsVariation=No	_	Begin=397.294	_	_	_	0-2(102)
264-1	BOI079	264	1	non	non	_	_	_	_	_	linguistic	_	ContainsVariation=No	_	_	_	_	_	0-3(102)
264-2	BOI079	264	2	è	è	_	_	_	_	_	linguistic	_	ContainsVariation=No	_	_	_	_	_	0-1(102)
264-3	BOI079	264	3	su]	su	_	_	_	_	_	linguistic	_	ContainsVariation=No	_	_	_	_	_	0-2(102)
264-4	BOI079	264	4	matteo	matteo	_	_	_	_	_	linguistic	_	ContainsVariation=No	_	_	_	_	_	_
264-5	BOI079	264	5	rossi	rossi	_	_	_	_	_	linguistic	_	ContainsVariation=No	_	_	_	_	_	_
264-6	BOI079	264	6	magari?	magari	_	_	_	_	_	linguistic	_	ContainsVariation=No	Intonation=Rising	_	_	_	_	_
264-7	BOI079	264	7	((ride))	((ride))	_	_	_	_	_	nonverbalbehavior	_	ContainsVariation=No	_	End=400.237	_	_	_	_
265-0	BOI078	265	0	((ride))	((ride))	_	_	_	_	_	nonverbalbehavior	_	ContainsVariation=No	_	Begin=398.949|End=399.286	_	_	_	_
266-0	BOI078	266	0	(>cioè<)	cioè	_	_	_	_	_	linguistic	_	ContainsVariation=No	_	Begin=400.463	_	Fast=0-4(0)	0-4(0)	_
266-1	BOI078	266	1	via	via	_	_	_	_	_	linguistic	_	ContainsVariation=No	PauseAfter=Yes	_	_	_	_	_
266-2	BOI078	266	2	(.)	(.)	_	_	_	_	_	shortpause	_	ContainsVariation=No	_	_	_	_	_	_
266-3	BOI078	266	3	@nomeluogo?	@nomeluogo	_	_	_	_	_	anonymized	_	ContainsVariation=No	Intonation=Rising|Anonymized=Yes	_	_	_	_	_
266-4	BOI078	266	4	[c'	c'	_	_	_	_	_	linguistic	_	ContainsVariation=No	SpaceAfter=No	_	_	_	_	0-2(104)
266-5	BOI078	266	5	è	è	_	_	_	_	_	linguistic	_	ContainsVariation=No	_	_	_	_	_	0-1(104)
266-6	BOI078	266	6	una	una	_	_	_	_	_	linguistic	_	ContainsVariation=No	_	_	_	_	_	0-3(104)
266-7	BOI078	266	7	se]rie	serie	_	_	_	_	_	linguistic	_	ContainsVariation=No	_	_	_	_	_	0-2(104)
266-8	BOI078	266	8	tivù?	tivù	_	_	_	_	_	linguistic	_	ContainsVariation=No	Intonation=Rising	End=402.8	_	_	_	_
267-0	BOR020	267	0	[te	te	_	_	_	_	_	linguistic	_	ContainsVariation=No	_	Begin=401.874	_	_	_	0-2(104)
267-1	BOR020	267	1	lo	lo	_	_	_	_	_	linguistic	_	ContainsVariation=No	_	_	_	_	_	0-2(104)
267-2	BOR020	267	2	giuro]	giuro	_	_	_	_	_	linguistic	_	ContainsVariation=No	_	End=402.38	_	_	_	0-5(104)
268-0	BOR022	268	0	ma	ma	_	_	_	_	_	linguistic	_	ContainsVariation=No	_	Begin=402.871	_	_	_	_
268-1	BOR022	268	1	quella	quella	_	_	_	_	_	linguistic	_	ContainsVariation=No	_	_	_	_	_	_
268-2	BOR022	268	2	trash?	trash	_	_	_	_	_	linguistic	_	ContainsVariation=No	Intonation=Rising	End=403.724	_	_	_	_
269-0	BOR020	269	0	è	è	_	_	_	_	_	linguistic	_	ContainsVariation=No	_	Begin=404.459	_	_	_	_
269-1	BOR020	269	1	trash	trash	_	_	_	_	_	linguistic	_	ContainsVariation=No	_	_	_	_	_	_
269-2	BOR020	269	2	è	è	_	_	_	_	_	linguistic	_	ContainsVariation=No	_	_	_	_	_	_
269-3	BOR020	269	3	degli	degli	_	_	_	_	_	linguistic	_	ContainsVariation=No	_	_	_	_	_	_
269-4	BOR020	269	4	anni	anni	_	_	_	_	_	linguistic	_	ContainsVariation=No	_	_	_	_	_	_
269-5	BOR020	269	5	novanta,	novanta	_	_	_	_	_	linguistic	_	ContainsVariation=No	Intonation=WeaklyRising	End=406.138	_	_	_	_
270-0	BOR022	270	0	((ride))	((ride))	_	_	_	_	_	nonverbalbehavior	_	ContainsVariation=No	_	Begin=405.753|End=406.068	_	_	_	_
271-0	BOI078	271	0	ma	ma	_	_	_	_	_	linguistic	_	ContainsVariation=No	_	Begin=406.608	_	_	_	_
271-1	BOI078	271	1	stai	stai	_	_	_	_	_	linguistic	_	ContainsVariation=No	_	_	_	_	_	_
271-2	BOI078	271	2	scherzando?	scherzando	_	_	_	_	_	linguistic	_	ContainsVariation=No	Intonation=Rising	End=407.663	_	_	_	_
272-0	BOR020	272	0	>cioè<	cioè	_	_	_	_	_	linguistic	_	ContainsVariation=No	_	Begin=407.696	_	Fast=0-4(0)	_	_
272-1	BOR020	272	1	tu	tu	_	_	_	_	_	linguistic	_	ContainsVariation=No	_	_	_	_	_	_
272-2	BOR020	272	2	non	non	_	_	_	_	_	linguistic	_	ContainsVariation=No	_	_	_	_	_	_
272-3	BOR020	272	3	la	la	_	_	_	_	_	linguistic	_	ContainsVariation=No	_	_	_	_	_	_
272-4	BOR020	272	4	conosc[i]?	conosci	_	_	_	_	_	linguistic	_	ContainsVariation=No	Intonation=Rising	End=408.834	_	_	_	6-7(106)
273-0	BOI078	273	0	[io]	io	_	_	_	_	_	linguistic	_	ContainsVariation=No	_	Begin=408.785	_	_	_	0-2(106)
273-1	BOI078	273	1	non	non	_	_	_	_	_	linguistic	_	ContainsVariation=No	_	_	_	_	_	_
273-2	BOI078	273	2	ho	ho	_	_	_	_	_	linguistic	_	ContainsVariation=No	_	_	_	_	_	_
273-3	BOI078	273	3	la	la	_	_	_	_	_	linguistic	_	ContainsVariation=No	_	_	_	_	_	_
273-4	BOI078	273	4	più	più	_	_	_	_	_	linguistic	_	ContainsVariation=No	_	_	_	_	_	_
273-5	BOI078	273	5	palli[da	pallida	_	_	_	_	_	linguistic	_	ContainsVariation=No	_	_	_	_	_	5-7(107)
273-6	BOI078	273	6	idea	idea	_	_	_	_	_	linguistic	_	ContainsVariation=No	_	_	_	_	_	0-4(107)
273-7	BOI078	273	7	di	di	_	_	_	_	_	linguistic	_	ContainsVariation=No	_	_	_	_	_	0-2(107)
273-8	BOI078	273	8	xxx]	xxx	_	_	_	_	_	unknown	_	ContainsVariation=No	Syllables=3	End=410.481	_	_	_	0-3(107)
274-0	BOI079	274	0	[davvero	davvero	_	_	_	_	_	linguistic	_	ContainsVariation=No	_	Begin=409.597	_	_	_	0-7(107)
274-1	BOI079	274	1	ma	ma	_	_	_	_	_	linguistic	_	ContainsVariation=No	_	_	_	_	_	0-2(107)
274-2	BOI079	274	2	neanche]	neanche	_	_	_	_	_	linguistic	_	ContainsVariation=No	_	_	_	_	_	0-7(107)
274-3	BOI079	274	3	io	io	_	_	_	_	_	linguistic	_	ContainsVariation=No	_	_	_	_	_	_
274-4	BOI079	274	4	l'	l'	_	_	_	_	_	linguistic	_	ContainsVariation=No	SpaceAfter=No	_	_	_	_	_
274-5	BOI079	274	5	ho	ho	_	_	_	_	_	linguistic	_	ContainsVariation=No	_	_	_	_	_	_
274-6	BOI079	274	6	mai	mai	_	_	_	_	_	linguistic	_	ContainsVariation=No	_	_	_	_	_	_
274-7	BOI079	274	7	sen[tita]	sentita	_	_	_	_	_	linguistic	_	ContainsVariation=No	_	End=411.022	_	_	_	2-7(108)
275-0	BOI078	275	0	[è]	è	_	_	_	_	_	linguistic	_	ContainsVariation=No	_	Begin=410.945	_	_	_	0-1(108)
275-1	BOI078	275	1	che	che	_	_	_	_	_	linguistic	_	ContainsVariation=No	_	_	_	_	_	_
275-2	BOI078	275	2	ne	ne	_	_	_	_	_	linguistic	_	ContainsVariation=No	_	_	_	_	_	_
275-3	BOI078	275	3	fanno	fanno	_	_	_	_	_	linguistic	_	ContainsVariation=No	_	_	_	_	_	_
275-4	BOI078	275	4	talmente	talmente	_	_	_	_	_	linguistic	_	ContainsVariation=No	_	_	_	_	_	_
275-5	BOI078	275	5	tanti	tanti	_	_	_	_	_	linguistic	_	ContainsVariation=No	_	_	_	_	_	_
275-6	BOI078	275	6	di	di	_	_	_	_	_	linguistic	_	ContainsVariation=No	_	_	_	_	_	_
275-7	BOI078	275	7	serie	serie	_	_	_	_	_	linguistic	_	ContainsVariation=No	_	_	_	_	_	_
275-8	BOI078	275	8	tivù	tivù	_	_	_	_	_	linguistic	_	ContainsVariation=No	_	_	_	_	_	_
275-9	BOI078	275	9	su	su	_	_	_	_	_	linguistic	_	ContainsVariation=No	_	_	_	_	_	_
275-10	BOI078	275	10	@nomeluogo	@nomeluogo	_	_	_	_	_	anonymized	_	ContainsVariation=No	Anonymized=Yes	_	_	_	_	_
275-11	BOI078	275	11	devo	devo	_	_	_	_	_	linguistic	_	ContainsVariation=No	_	_	_	_	_	_
275-12	BOI078	275	12	stare	stare	_	_	_	_	_	linguistic	_	ContainsVariation=No	_	_	_	_	_	_
275-13	BOI078	275	13	al	al	_	_	_	_	_	linguistic	_	ContainsVariation=No	_	_	_	_	_	_
275-14	BOI078	275	14	passo	passo	_	_	_	_	_	linguistic	_	ContainsVariation=No	_	End=414.293	_	_	_	_
276-0	BOI078	276	0	m::h	mh	_	_	_	_	_	linguistic	_	ContainsVariation=No	_	Begin=414.383|End=414.776	0x2	_	_	_
277-0	BOR020	277	0	no	no	_	_	_	_	_	linguistic	_	ContainsVariation=No	PauseAfter=Yes	Begin=414.9	_	_	_	_
277-1	BOR020	277	1	(.)	(.)	_	_	_	_	_	shortpause	_	ContainsVariation=No	_	_	_	_	_	_
277-2	BOR020	277	2	è	è	_	_	_	_	_	linguistic	_	ContainsVariation=No	_	_	_	_	_	_
277-3	BOR020	277	3	degli	degli	_	_	_	_	_	linguistic	_	ContainsVariation=No	_	_	_	_	_	_
277-4	BOR020	277	4	anni	anni	_	_	_	_	_	linguistic	_	ContainsVariation=No	_	_	_	_	_	_
277-5	BOR020	277	5	novanta:,	novanta	_	_	_	_	_	linguistic	_	ContainsVariation=No	Intonation=WeaklyRising	_	6x1	_	_	_
277-6	BOR020	277	6	la	la	_	_	_	_	_	linguistic	_	ContainsVariation=No	_	_	_	_	_	_
277-7	BOR020	277	7	vedi	vedi	_	_	_	_	_	linguistic	_	ContainsVariation=No	_	_	_	_	_	_
277-8	BOR020	277	8	su	su	_	_	_	_	_	linguistic	_	ContainsVariation=No	_	_	_	_	_	_
277-9	BOR020	277	9	youtube,	youtube	_	_	_	_	_	linguistic	_	ContainsVariation=No	Intonation=WeaklyRising	End=417.507	_	_	_	_
278-0	BOR020	278	0	malissimo	malissimo	_	_	_	_	_	linguistic	_	ContainsVariation=No	_	Begin=417.945|End=418.885	_	_	_	_
279-0	BOR020	279	0	però:	però	_	_	_	_	_	linguistic	_	ContainsVariation=No	_	Begin=419.631	3x1	_	_	_
279-1	BOR020	279	1	è	è	_	_	_	_	_	linguistic	_	ContainsVariation=No	_	_	_	_	_	_
279-2	BOR020	279	2	figo.	figo	_	_	_	_	_	linguistic	_	ContainsVariation=No	Intonation=Falling	_	_	_	_	_
279-3	BOR020	279	3	non	non	_	_	_	_	_	linguistic	_	ContainsVariation=No	_	_	_	_	_	_
279-4	BOR020	279	4	[c'	c'	_	_	_	_	_	linguistic	_	ContainsVariation=No	SpaceAfter=No	_	_	_	_	0-2(109)
279-5	BOR020	279	5	entra]	entra	_	_	_	_	_	linguistic	_	ContainsVariation=No	_	_	_	_	_	0-5(109)
279-6	BOR020	279	6	niente	niente	_	_	_	_	_	linguistic	_	ContainsVariation=No	_	_	_	_	_	_
279-7	BOR020	279	7	@nomeluogo	@nomeluogo	_	_	_	_	_	anonymized	_	ContainsVariation=No	Anonymized=Yes	_	_	_	_	_
279-8	BOR020	279	8	si	si	_	_	_	_	_	linguistic	_	ContainsVariation=No	_	_	_	_	_	_
279-9	BOR020	279	9	chiama	chiama	_	_	_	_	_	linguistic	_	ContainsVariation=No	_	_	_	_	_	_
279-10	BOR020	279	10	solo	solo	_	_	_	_	_	linguistic	_	ContainsVariation=No	_	_	_	_	_	_
279-11	BOR020	279	11	così	così	_	_	_	_	_	linguistic	_	ContainsVariation=No	_	End=422.418	_	_	_	_
280-0	BOI078	280	0	[xx]	xx	_	_	_	_	_	unknown	_	ContainsVariation=No	Syllables=2	Begin=420.567|End=420.806	_	_	_	0-2(109)
281-0	BOI078	281	0	>cioè<	cioè	_	_	_	_	_	linguistic	_	ContainsVariation=No	_	Begin=423.006	_	Fast=0-4(0)	_	_
281-1	BOI078	281	1	non	non	_	_	_	_	_	linguistic	_	ContainsVariation=No	_	_	_	_	_	_
281-2	BOI078	281	2	c'	c'	_	_	_	_	_	linguistic	_	ContainsVariation=No	SpaceAfter=No	_	_	_	_	_
281-3	BOI078	281	3	è	è	_	_	_	_	_	linguistic	_	ContainsVariation=No	_	_	_	_	_	_
281-4	BOI078	281	4	non	non	_	_	_	_	_	linguistic	_	ContainsVariation=No	_	_	_	_	_	_
281-5	BOI078	281	5	non	non	_	_	_	_	_	linguistic	_	ContainsVariation=No	_	_	_	_	_	_
281-6	BOI078	281	6	ci	ci	_	_	_	_	_	linguistic	_	ContainsVariation=No	_	_	_	_	_	_
281-7	BOI078	281	7	sono	sono	_	_	_	_	_	linguistic	_	ContainsVariation=No	_	_	_	_	_	_
281-8	BOI078	281	8	riprese	riprese	_	_	_	_	_	linguistic	_	ContainsVariation=No	_	_	_	_	_	_
281-9	BOI078	281	9	di	di	_	_	_	_	_	linguistic	_	ContainsVariation=No	_	_	_	_	_	_
281-10	BOI078	281	10	@nomeluogo?	@nomeluogo	_	_	_	_	_	anonymized	_	ContainsVariation=No	Intonation=Rising|Anonymized=Yes	End=425.615	_	_	_	_
282-0	BOR020	282	0	[n~]	n~	_	_	_	_	_	linguistic	_	ContainsVariation=No	Interrupted=Yes	Begin=425.383	_	_	_	0-2(110)
282-1	BOR020	282	1	no.	no	_	_	_	_	_	linguistic	_	ContainsVariation=No	Intonation=Falling	End=426.049	_	_	_	_
283-0	BOR020	283	0	io	io	_	_	_	_	_	linguistic	_	ContainsVariation=No	_	Begin=426.526	_	_	_	_
283-1	BOR020	283	1	ho	ho	_	_	_	_	_	linguistic	_	ContainsVariation=No	_	_	_	_	_	_
283-2	BOR020	283	2	cercato	cercato	_	_	_	_	_	linguistic	_	ContainsVariation=No	_	_	_	_	_	_
283-3	BOR020	283	3	di	di	_	_	_	_	_	linguistic	_	ContainsVariation=No	_	_	_	_	_	_
283-4	BOR020	283	4	capire	capire	_	_	_	_	_	linguistic	_	ContainsVariation=No	_	End=427.847	_	_	_	_
284-0	BOR020	284	0	dove	dove	_	_	_	_	_	linguistic	_	ContainsVariation=No	_	Begin=428.109	_	_	_	_
284-1	BOR020	284	1	fossero	fossero	_	_	_	_	_	linguistic	_	ContainsVariation=No	_	_	_	_	_	_
284-2	BOR020	284	2	le	le	_	_	_	_	_	linguistic	_	ContainsVariation=No	_	_	_	_	_	_
284-3	BOR020	284	3	riprese	riprese	_	_	_	_	_	linguistic	_	ContainsVariation=No	_	_	_	_	_	_
284-4	BOR020	284	4	non	non	_	_	_	_	_	linguistic	_	ContainsVariation=No	_	_	_	_	_	_
284-5	BOR020	284	5	erano	erano	_	_	_	_	_	linguistic	_	ContainsVariation=No	_	_	_	_	_	_
284-6	BOR020	284	6	in	in	_	_	_	_	_	linguistic	_	ContainsVariation=No	_	_	_	_	_	_
284-7	BOR020	284	7	@nomeluogo	@nomeluogo	_	_	_	_	_	anonymized	_	ContainsVariation=No	Anonymized=Yes	End=430.126	_	_	_	_
285-0	BOI078	285	0	sei	sei	_	_	_	_	_	linguistic	_	ContainsVariation=No	_	Begin=430.392	_	_	_	_
285-1	BOI078	285	1	sicura?	sicura	_	_	_	_	_	linguistic	_	ContainsVariation=No	Intonation=Rising	End=430.952	_	_	_	_
286-0	BOR020	286	0	s~	s~	_	_	_	_	_	linguistic	_	ContainsVariation=No	Interrupted=Yes	Begin=431.089	_	_	_	_
286-1	BOR020	286	1	cento	cento	_	_	_	_	_	linguistic	_	ContainsVariation=No	_	_	_	_	_	_
286-2	BOR020	286	2	per	per	_	_	_	_	_	linguistic	_	ContainsVariation=No	_	_	_	_	_	_
286-3	BOR020	286	3	cento	cento	_	_	_	_	_	linguistic	_	ContainsVariation=No	_	End=431.999	_	_	_	_
287-0	BOI078	287	0	ma	ma	_	_	_	_	_	linguistic	_	ContainsVariation=No	_	Begin=432.5	_	_	_	_
287-1	BOI078	287	1	l'	l'	_	_	_	_	_	linguistic	_	ContainsVariation=No	SpaceAfter=No	_	_	_	_	_
287-2	BOI078	287	2	hai	hai	_	_	_	_	_	linguistic	_	ContainsVariation=No	_	_	_	_	_	_
287-3	BOI078	287	3	vista	vista	_	_	_	_	_	linguistic	_	ContainsVariation=No	_	_	_	_	_	_
287-4	BOI078	287	4	tutta	tutta	_	_	_	_	_	linguistic	_	ContainsVariation=No	_	_	_	_	_	_
287-5	BOI078	287	5	@nomeluogo	@nomeluogo	_	_	_	_	_	anonymized	_	ContainsVariation=No	Anonymized=Yes	_	_	_	_	_
287-6	BOI078	287	6	guarda	guarda	_	_	_	_	_	linguistic	_	ContainsVariation=No	_	_	_	_	_	_
287-7	BOI078	287	7	che	che	_	_	_	_	_	linguistic	_	ContainsVariation=No	_	_	_	_	_	_
287-8	BOI078	287	8	è	è	_	_	_	_	_	linguistic	_	ContainsVariation=No	_	_	_	_	_	_
287-9	BOI078	287	9	lunga	lunga	_	_	_	_	_	linguistic	_	ContainsVariation=No	_	_	_	_	_	_
287-10	BOI078	287	10	eh	eh	_	_	_	_	_	linguistic	_	ContainsVariation=No	_	End=434.175	_	_	_	_
288-0	BOI078	288	0	@nomeluogo	@nomeluogo	_	_	_	_	_	anonymized	_	ContainsVariation=No	Anonymized=Yes	Begin=434.762	_	_	_	_
288-1	BOI078	288	1	penso	penso	_	_	_	_	_	linguistic	_	ContainsVariation=No	_	_	_	_	_	_
288-2	BOI078	288	2	sia	sia	_	_	_	_	_	linguistic	_	ContainsVariation=No	_	_	_	_	_	_
288-3	BOI078	288	3	la	la	_	_	_	_	_	linguistic	_	ContainsVariation=No	_	_	_	_	_	_
288-4	BOI078	288	4	via	via	_	_	_	_	_	linguistic	_	ContainsVariation=No	_	_	_	_	_	_
288-5	BOI078	288	5	più	più	_	_	_	_	_	linguistic	_	ContainsVariation=No	_	_	_	_	_	_
288-6	BOI078	288	6	lunga	lunga	_	_	_	_	_	linguistic	_	ContainsVariation=No	_	_	_	_	_	_
288-7	BOI078	288	7	di	di	_	_	_	_	_	linguistic	_	ContainsVariation=No	_	_	_	_	_	_
288-8	BOI078	288	8	bologna	bologna	_	_	_	_	_	linguistic	_	ContainsVariation=No	_	End=436.895	_	_	_	_
289-0	BOI079	289	0	è	è	_	_	_	_	_	linguistic	_	ContainsVariation=No	_	Begin=437.038	_	_	_	_
289-1	BOI079	289	1	molto	molto	_	_	_	_	_	linguistic	_	ContainsVariation=No	_	_	_	_	_	_
289-2	BOI079	289	2	lunga	lunga	_	_	_	_	_	linguistic	_	ContainsVariation=No	_	End=438.022	_	_	_	_
290-0	BOI078	290	0	che	che	_	_	_	_	_	linguistic	_	ContainsVariation=No	_	Begin=438.306	_	_	_	_
290-1	BOI078	290	1	va	va	_	_	_	_	_	linguistic	_	ContainsVariation=No	_	_	_	_	_	_
290-2	BOI078	290	2	da::	da	_	_	_	_	_	linguistic	_	ContainsVariation=No	PauseAfter=Yes	_	1x2	_	_	_
290-3	BOI078	290	3	(.)	(.)	_	_	_	_	_	shortpause	_	ContainsVariation=No	_	_	_	_	_	_
290-4	BOI078	290	4	da	da	_	_	_	_	_	linguistic	_	ContainsVariation=No	_	_	_	_	_	_
290-5	BOI078	290	5	@nomeluogo,	@nomeluogo	_	_	_	_	_	anonymized	_	ContainsVariation=No	Intonation=WeaklyRising|Anonymized=Yes	_	_	_	_	_
290-6	BOI078	290	6	fino	fino	_	_	_	_	_	linguistic	_	ContainsVariation=No	_	_	_	_	_	_
290-7	BOI078	290	7	a::	a	_	_	_	_	_	linguistic	_	ContainsVariation=No	_	_	0x2	_	_	_
290-8	BOI078	290	8	mh	mh	_	_	_	_	_	linguistic	_	ContainsVariation=No	_	End=441.972	_	_	_	_
291-0	BOI078	291	0	fino	fino	_	_	_	_	_	linguistic	_	ContainsVariation=No	_	Begin=442.999	_	_	_	_
291-1	BOI078	291	1	al	al	_	_	_	_	_	linguistic	_	ContainsVariation=No	_	_	_	_	_	_
291-2	BOI078	291	2	trebbo	trebbo	_	_	_	_	_	linguistic	_	ContainsVariation=No	PauseAfter=Yes	_	_	_	_	_
291-3	BOI078	291	3	(.)	(.)	_	_	_	_	_	shortpause	_	ContainsVariation=No	_	_	_	_	_	_
291-4	BOI078	291	4	fino	fino	_	_	_	_	_	linguistic	_	ContainsVariation=No	_	_	_	_	_	_
291-5	BOI078	291	5	a	a	_	_	_	_	_	linguistic	_	ContainsVariation=No	_	_	_	_	_	_
291-6	BOI078	291	6	trebbo	trebbo	_	_	_	_	_	linguistic	_	ContainsVariation=No	_	_	_	_	_	_
291-7	BOI078	291	7	di	di	_	_	_	_	_	linguistic	_	ContainsVariation=No	_	_	_	_	_	_
291-8	BOI078	291	8	reno	reno	_	_	_	_	_	linguistic	_	ContainsVariation=No	_	_	_	_	_	_
291-9	BOI078	291	9	quindi	quindi	_	_	_	_	_	linguistic	_	ContainsVariation=No	_	_	_	_	_	_
291-10	BOI078	291	10	fa	fa	_	_	_	_	_	linguistic	_	ContainsVariation=No	_	_	_	_	_	_
291-11	BOI078	291	11	alme:[no	almeno	_	_	_	_	_	linguistic	_	ContainsVariation=No	_	_	3x1	_	_	4-6(111)
291-12	BOI078	291	12	°cinque°]	cinque	_	_	_	_	_	linguistic	_	ContainsVariation=No	Volume=low	_	_	_	_	0-6(111)
291-13	BOI078	291	13	chilometri	chilometri	_	_	_	_	_	linguistic	_	ContainsVariation=No	_	End=446.806	_	_	_	_
292-0	BOI079	292	0	[vabbè	vabbè	_	_	_	_	_	linguistic	_	ContainsVariation=No	_	Begin=445.623	_	_	_	0-5(111)
292-1	BOI079	292	1	sì]	sì	_	_	_	_	_	linguistic	_	ContainsVariation=No	_	End=446.164	_	_	_	0-2(111)
293-0	BOI079	293	0	sì	sì	_	_	_	_	_	linguistic	_	ContainsVariation=No	_	Begin=447.103|End=447.357	_	_	_	_
294-0	BOI079	294	0	se	se	_	_	_	_	_	linguistic	_	ContainsVariation=No	_	Begin=447.508	_	_	_	_
294-1	BOI079	294	1	escludi::	escludi	_	_	_	_	_	linguistic	_	ContainsVariation=No	_	_	6x2	_	_	_
294-2	BOI079	294	2	la	la	_	_	_	_	_	linguistic	_	ContainsVariation=No	_	_	_	_	_	_
294-3	BOI079	294	3	via	via	_	_	_	_	_	linguistic	_	ContainsVariation=No	_	_	_	_	_	_
294-4	BOI079	294	4	emilia	emilia	_	_	_	_	_	linguistic	_	ContainsVariation=No	_	End=449.259	_	_	_	_
295-0	BOI078	295	0	ah	ah	_	_	_	_	_	linguistic	_	ContainsVariation=No	_	Begin=450.331	_	_	_	_
295-1	BOI078	295	1	vabbè	vabbè	_	_	_	_	_	linguistic	_	ContainsVariation=No	_	_	_	_	_	_
295-2	BOI078	295	2	>ma	ma	_	_	_	_	_	linguistic	_	ContainsVariation=No	_	_	_	Fast=0-2(0)	_	_
295-3	BOI078	295	3	no<	no	_	_	_	_	_	linguistic	_	ContainsVariation=No	_	_	_	Fast=0-2(0)	_	_
295-4	BOI078	295	4	ma	ma	_	_	_	_	_	linguistic	_	ContainsVariation=No	_	_	_	_	_	_
295-5	BOI078	295	5	la	la	_	_	_	_	_	linguistic	_	ContainsVariation=No	_	_	_	_	_	_
295-6	BOI078	295	6	via	via	_	_	_	_	_	linguistic	_	ContainsVariation=No	_	_	_	_	_	_
295-7	BOI078	295	7	emilia	emilia	_	_	_	_	_	linguistic	_	ContainsVariation=No	_	_	_	_	_	_
295-8	BOI078	295	8	non	non	_	_	_	_	_	linguistic	_	ContainsVariation=No	_	_	_	_	_	_
295-9	BOI078	295	9	c'	c'	_	_	_	_	_	linguistic	_	ContainsVariation=No	SpaceAfter=No	_	_	_	_	_
295-10	BOI078	295	10	entra	entra	_	_	_	_	_	linguistic	_	ContainsVariation=No	_	_	_	_	_	_
295-11	BOI078	295	11	un	un	_	_	_	_	_	linguistic	_	ContainsVariation=No	_	_	_	_	_	_
295-12	BOI078	295	12	ca~	ca~	_	_	_	_	_	linguistic	_	ContainsVariation=No	Interrupted=Yes|PauseAfter=Yes	_	_	_	_	_
295-13	BOI078	295	13	(.)	(.)	_	_	_	_	_	shortpause	_	ContainsVariation=No	_	_	_	_	_	_
295-14	BOI078	295	14	la	la	_	_	_	_	_	linguistic	_	ContainsVariation=No	_	_	_	_	_	_
295-15	BOI078	295	15	via	via	_	_	_	_	_	linguistic	_	ContainsVariation=No	_	_	_	_	_	_
295-16	BOI078	295	16	mh	mh	_	_	_	_	_	linguistic	_	ContainsVariation=No	PauseAfter=Yes	_	_	_	_	_
295-17	BOI078	295	17	(.)	(.)	_	_	_	_	_	shortpause	_	ContainsVariation=No	_	_	_	_	_	_
295-18	BOI078	295	18	non	non	_	_	_	_	_	linguistic	_	ContainsVariation=No	_	_	_	_	_	_
295-19	BOI078	295	19	c'	c'	_	_	_	_	_	linguistic	_	ContainsVariation=No	SpaceAfter=No	_	_	_	_	_
295-20	BOI078	295	20	entra:	entra	_	_	_	_	_	linguistic	_	ContainsVariation=No	PauseAfter=Yes	_	4x1	_	_	_
295-21	BOI078	295	21	(.)	(.)	_	_	_	_	_	shortpause	_	ContainsVariation=No	_	_	_	_	_	_
295-22	BOI078	295	22	nulla	nulla	_	_	_	_	_	linguistic	_	ContainsVariation=No	_	End=453.983	_	_	_	_
296-0	BOI079	296	0	cosa	cosa	_	_	_	_	_	linguistic	_	ContainsVariation=No	_	Begin=454.448	_	_	_	_
296-1	BOI079	296	1	vuol	vuol	_	_	_	_	_	linguistic	_	ContainsVariation=No	_	_	_	_	_	_
296-2	BOI079	296	2	dire?	dire	_	_	_	_	_	linguistic	_	ContainsVariation=No	Intonation=Rising	_	_	_	_	_
296-3	BOI079	296	3	(>cio[è<)	cioè	_	_	_	_	_	linguistic	_	ContainsVariation=No	_	_	_	Fast=0-4(0)	0-4(0)	3-4(112)
296-4	BOI079	296	4	pass]a	passa	_	_	_	_	_	linguistic	_	ContainsVariation=No	_	_	_	_	_	0-4(112)
296-5	BOI079	296	5	comunque	comunque	_	_	_	_	_	linguistic	_	ContainsVariation=No	_	_	_	_	_	_
296-6	BOI079	296	6	per	per	_	_	_	_	_	linguistic	_	ContainsVariation=No	_	_	_	_	_	_
296-7	BOI079	296	7	bologna	bologna	_	_	_	_	_	linguistic	_	ContainsVariation=No	_	End=457.03	_	_	_	_
297-0	BOI078	297	0	[un	un	_	_	_	_	_	linguistic	_	ContainsVariation=No	_	Begin=455.204	_	_	_	0-2(112)
297-1	BOI078	297	1	cazzo]	cazzo	_	_	_	_	_	linguistic	_	ContainsVariation=No	_	End=455.841	_	_	_	0-5(112)
298-0	BOI078	298	0	eh?	eh	_	_	_	_	_	linguistic	_	ContainsVariation=No	Intonation=Rising	Begin=457.821|End=458.159	_	_	_	_
299-0	BOI079	299	0	passa	passa	_	_	_	_	_	linguistic	_	ContainsVariation=No	_	Begin=458.219	_	_	_	_
299-1	BOI079	299	1	comunque	comunque	_	_	_	_	_	linguistic	_	ContainsVariation=No	_	_	_	_	_	_
299-2	BOI079	299	2	per	per	_	_	_	_	_	linguistic	_	ContainsVariation=No	_	_	_	_	_	_
299-3	BOI079	299	3	bo[logna]	bologna	_	_	_	_	_	linguistic	_	ContainsVariation=No	_	End=459.694	_	_	_	2-7(113)
300-0	BOI078	300	0	[A:H	ah	_	_	_	_	_	linguistic	_	ContainsVariation=No	Volume=high	Begin=459.177	0x1	_	_	0-2(113)
300-1	BOI078	300	1	n]o	no	_	_	_	_	_	linguistic	_	ContainsVariation=No	_	_	_	_	_	0-1(113)
300-2	BOI078	300	2	in	in	_	_	_	_	_	linguistic	_	ContainsVariation=No	_	_	_	_	_	_
300-3	BOI078	300	3	quel	quel	_	_	_	_	_	linguistic	_	ContainsVariation=No	_	_	_	_	_	_
300-4	BOI078	300	4	se~	se~	_	_	_	_	_	linguistic	_	ContainsVariation=No	Interrupted=Yes	_	_	_	_	_
300-5	BOI078	300	5	>pensavo<	pensavo	_	_	_	_	_	linguistic	_	ContainsVariation=No	_	_	_	Fast=0-7(0)	_	_
300-6	BOI078	300	6	se	se	_	_	_	_	_	linguistic	_	ContainsVariation=No	_	_	_	_	_	_
300-7	BOI078	300	7	escludi	escludi	_	_	_	_	_	linguistic	_	ContainsVariation=No	_	_	_	_	_	_
300-8	BOI078	300	8	nel	nel	_	_	_	_	_	linguistic	_	ContainsVariation=No	_	_	_	_	_	_
300-9	BOI078	300	9	senso	senso	_	_	_	_	_	linguistic	_	ContainsVariation=No	_	_	_	_	_	_
300-10	BOI078	300	10	se	se	_	_	_	_	_	linguistic	_	ContainsVariation=No	_	_	_	_	_	_
300-11	BOI078	300	11	non	non	_	_	_	_	_	linguistic	_	ContainsVariation=No	_	_	_	_	_	_
300-12	BOI078	300	12	consideri	consideri	_	_	_	_	_	linguistic	_	ContainsVariation=No	_	_	_	_	_	_
300-13	BOI078	300	13	la	la	_	_	_	_	_	linguistic	_	ContainsVariation=No	_	_	_	_	_	_
300-14	BOI078	300	14	via	via	_	_	_	_	_	linguistic	_	ContainsVariation=No	_	_	_	_	_	_
300-15	BOI078	300	15	emilia:	emilia	_	_	_	_	_	linguistic	_	ContainsVariation=No	_	End=463.905	5x1	_	_	_
301-0	BOI078	301	0	come	come	_	_	_	_	_	linguistic	_	ContainsVariation=No	_	Begin=464.225	_	_	_	_
301-1	BOI078	301	1	continuum	continuum	_	_	_	_	_	linguistic	_	ContainsVariation=No	_	_	_	_	_	_
301-2	BOI078	301	2	di	di	_	_	_	_	_	linguistic	_	ContainsVariation=No	_	_	_	_	_	_
301-3	BOI078	301	3	@nomeluogo	@nomeluogo	_	_	_	_	_	anonymized	_	ContainsVariation=No	Anonymized=Yes	End=465.914	_	_	_	_
302-0	BOI078	302	0	x[xxx]	xxxx	_	_	_	_	_	unknown	_	ContainsVariation=No	Syllables=4	Begin=466.13|End=466.687	_	_	_	1-4(114)
303-0	BOI079	303	0	[ma	ma	_	_	_	_	_	linguistic	_	ContainsVariation=No	_	Begin=466.229	_	_	_	0-2(114)
303-1	BOI079	303	1	no:]	no	_	_	_	_	_	linguistic	_	ContainsVariation=No	_	_	1x1	_	_	0-2(114)
303-2	BOI079	303	2	no:	no	_	_	_	_	_	linguistic	_	ContainsVariation=No	_	_	1x1	_	_	_
303-3	BOI079	303	3	n[o:	no	_	_	_	_	_	linguistic	_	ContainsVariation=No	_	_	1x1	_	_	1-2(115)
303-4	BOI079	303	4	vabbè]	vabbè	_	_	_	_	_	linguistic	_	ContainsVariation=No	_	End=467.801	_	_	_	0-5(115)
304-0	BOI078	304	0	[x	x	_	_	_	_	_	unknown	_	ContainsVariation=No	Syllables=1	Begin=467.26	_	_	_	0-1(115)
304-1	BOI078	304	1	se	se	_	_	_	_	_	linguistic	_	ContainsVariation=No	_	_	_	_	_	0-2(115)
304-2	BOI078	304	2	escludi]	escludi	_	_	_	_	_	linguistic	_	ContainsVariation=No	_	_	_	_	_	0-7(115)
304-3	BOI078	304	3	eh	eh	_	_	_	_	_	linguistic	_	ContainsVariation=No	_	_	_	_	_	_
304-4	BOI078	304	4	okay	okay	_	_	_	_	_	linguistic	_	ContainsVariation=No	_	End=468.527	_	_	_	_
305-0	BOI079	305	0	no	no	_	_	_	_	_	linguistic	_	ContainsVariation=No	_	Begin=468.527	_	_	_	_
305-1	BOI079	305	1	>cioè<	cioè	_	_	_	_	_	linguistic	_	ContainsVariation=No	_	End=469.118	_	Fast=0-4(0)	_	_
306-0	BOI078	306	0	non	non	_	_	_	_	_	linguistic	_	ContainsVariation=No	_	Begin=469.338	_	_	_	_
306-1	BOI078	306	1	ti	ti	_	_	_	_	_	linguistic	_	ContainsVariation=No	_	_	_	_	_	_
306-2	BOI078	306	2	sei	sei	_	_	_	_	_	linguistic	_	ContainsVariation=No	_	_	_	_	_	_
306-3	BOI078	306	3	espresso	espresso	_	_	_	_	_	linguistic	_	ContainsVariation=No	_	_	_	_	_	_
306-4	BOI078	306	4	bene	bene	_	_	_	_	_	linguistic	_	ContainsVariation=No	_	_	_	_	_	_
306-5	BOI078	306	5	xxxx	xxxx	_	_	_	_	_	unknown	_	ContainsVariation=No	Syllables=4	End=470.643	_	_	_	_
307-0	BOI079	307	0	ma	ma	_	_	_	_	_	linguistic	_	ContainsVariation=No	_	Begin=471.125	_	_	_	_
307-1	BOI079	307	1	perché	perché	_	_	_	_	_	linguistic	_	ContainsVariation=No	_	_	_	_	_	_
307-2	BOI079	307	2	via	via	_	_	_	_	_	linguistic	_	ContainsVariation=No	_	_	_	_	_	_
307-3	BOI079	307	3	za[nardi	zanardi	_	_	_	_	_	linguistic	_	ContainsVariation=No	_	_	_	_	_	2-7(116)
307-4	BOI079	307	4	sarebbeil	sarebbeil	_	_	_	_	_	linguistic	_	ContainsVariation=No	_	_	_	_	_	0-9(116)
307-5	BOI079	307	5	co]ntinuo	continuo	_	_	_	_	_	linguistic	_	ContainsVariation=No	_	_	_	_	_	0-2(116)
307-6	BOI079	307	6	della	della	_	_	_	_	_	linguistic	_	ContainsVariation=No	_	_	_	_	_	_
307-7	BOI079	307	7	via	via	_	_	_	_	_	linguistic	_	ContainsVariation=No	_	_	_	_	_	_
307-8	BOI079	307	8	emilia?	emilia	_	_	_	_	_	linguistic	_	ContainsVariation=No	Intonation=Rising	End=473.44	_	_	_	_
308-0	BOI078	308	0	[no	no	_	_	_	_	_	linguistic	_	ContainsVariation=No	_	Begin=471.699	_	_	_	0-2(116)
308-1	BOI078	308	1	no	no	_	_	_	_	_	linguistic	_	ContainsVariation=No	_	_	_	_	_	0-2(116)
308-2	BOI078	308	2	no	no	_	_	_	_	_	linguistic	_	ContainsVariation=No	_	_	_	_	_	0-2(116)
308-3	BOI078	308	3	x]	x	_	_	_	_	_	unknown	_	ContainsVariation=No	Syllables=1	End=472.34	_	_	_	0-1(116)
309-0	BOI078	309	0	no	no	_	_	_	_	_	linguistic	_	ContainsVariation=No	_	Begin=473.472	_	_	_	_
309-1	BOI078	309	1	appunto	appunto	_	_	_	_	_	linguistic	_	ContainsVariation=No	_	_	_	_	_	_
309-2	BOI078	309	2	è	è	_	_	_	_	_	linguistic	_	ContainsVariation=No	_	_	_	_	_	_
309-3	BOI078	309	3	[quello	quello	_	_	_	_	_	linguistic	_	ContainsVariation=No	_	_	_	_	_	0-6(117)
309-4	BOI078	309	4	°che°]	che	_	_	_	_	_	linguistic	_	ContainsVariation=No	Volume=low	End=474.453	_	_	_	0-3(117)
310-0	BOI079	310	0	[eh	eh	_	_	_	_	_	linguistic	_	ContainsVariation=No	_	Begin=474.039	_	_	_	0-2(117)
310-1	BOI079	310	1	al]lora	allora	_	_	_	_	_	linguistic	_	ContainsVariation=No	PauseAfter=Yes	_	_	_	_	0-2(117)
310-2	BOI079	310	2	(.)	(.)	_	_	_	_	_	shortpause	_	ContainsVariation=No	_	_	_	_	_	_
310-3	BOI079	310	3	[no	no	_	_	_	_	_	linguistic	_	ContainsVariation=No	_	_	_	_	_	0-2(118)
310-4	BOI079	310	4	ovviamente	ovviamente	_	_	_	_	_	linguistic	_	ContainsVariation=No	_	_	_	_	_	0-10(118)
310-5	BOI079	310	5	no]	no	_	_	_	_	_	linguistic	_	ContainsVariation=No	_	End=475.613	_	_	_	0-2(118)
311-0	BOI078	311	0	[(è	è	_	_	_	_	_	linguistic	_	ContainsVariation=No	_	Begin=474.652	_	_	0-1(0)	0-1(118)
311-1	BOI078	311	1	quello	quello	_	_	_	_	_	linguistic	_	ContainsVariation=No	_	_	_	_	0-6(0)	0-6(118)
311-2	BOI078	311	2	che	che	_	_	_	_	_	linguistic	_	ContainsVariation=No	_	_	_	_	0-3(0)	0-3(118)
311-3	BOI078	311	3	tu	tu	_	_	_	_	_	linguistic	_	ContainsVariation=No	_	_	_	_	0-2(0)	0-2(118)
311-4	BOI078	311	4	dicevi)]	dicevi	_	_	_	_	_	linguistic	_	ContainsVariation=No	_	End=475.624	_	_	0-6(0)	0-6(118)
312-0	BOI078	312	0	x[x]	xx	_	_	_	_	_	unknown	_	ContainsVariation=No	Syllables=2	Begin=475.768|End=476.254	_	_	_	1-2(119)
313-0	BOI079	313	0	[no]	no	_	_	_	_	_	linguistic	_	ContainsVariation=No	_	Begin=476.069	_	_	_	0-2(119)
313-1	BOI079	313	1	intendevo	intendevo	_	_	_	_	_	linguistic	_	ContainsVariation=No	_	_	_	_	_	_
313-2	BOI079	313	2	che	che	_	_	_	_	_	linguistic	_	ContainsVariation=No	_	_	_	_	_	_
313-3	BOI079	313	3	>cioè<	cioè	_	_	_	_	_	linguistic	_	ContainsVariation=No	_	End=477.395	_	Fast=0-4(0)	_	_
314-0	BOI078	314	0	va	va	_	_	_	_	_	linguistic	_	ContainsVariation=No	_	Begin=477.566	_	_	_	_
314-1	BOI078	314	1	bene	bene	_	_	_	_	_	linguistic	_	ContainsVariation=No	_	_	_	_	_	_
314-2	BOI078	314	2	basta	basta	_	_	_	_	_	linguistic	_	ContainsVariation=No	_	_	_	_	_	_
314-3	BOI078	314	3	così	così	_	_	_	_	_	linguistic	_	ContainsVariation=No	_	End=478.361	_	_	_	_
315-0	BOI078	315	0	e:h	eh	_	_	_	_	_	linguistic	_	ContainsVariation=No	_	Begin=478.953|End=479.748	0x1	_	_	_
316-0	BOI078	316	0	°gr[azie]°	grazie	_	_	_	_	_	linguistic	_	ContainsVariation=No	Volume=low	Begin=480.284|End=480.754	_	_	_	2-6(120)
317-0	BOR020	317	0	[x	x	_	_	_	_	_	unknown	_	ContainsVariation=No	Syllables=1	Begin=480.377	_	_	_	0-1(120)
317-1	BOR020	317	1	quindi]	quindi	_	_	_	_	_	linguistic	_	ContainsVariation=No	_	_	_	_	_	0-6(120)
317-2	BOR020	317	2	tu	tu	_	_	_	_	_	linguistic	_	ContainsVariation=No	_	_	_	_	_	_
317-3	BOR020	317	3	lo	lo	_	_	_	_	_	linguistic	_	ContainsVariation=No	_	_	_	_	_	_
317-4	BOR020	317	4	odi?	odi	_	_	_	_	_	linguistic	_	ContainsVariation=No	Intonation=Rising	_	_	_	_	_
317-5	BOR020	317	5	lui	lui	_	_	_	_	_	linguistic	_	ContainsVariation=No	_	_	_	_	_	_
317-6	BOR020	317	6	adora	adora	_	_	_	_	_	linguistic	_	ContainsVariation=No	_	_	_	_	_	_
317-7	BOR020	317	7	s~	s~	_	_	_	_	_	linguistic	_	ContainsVariation=No	Interrupted=Yes	_	_	_	_	_
317-8	BOR020	317	8	san	san	_	_	_	_	_	linguistic	_	ContainsVariation=No	_	_	_	_	_	_
317-9	BOR020	317	9	ruffillo	ruffillo	_	_	_	_	_	linguistic	_	ContainsVariation=No	_	_	_	_	_	_
317-10	BOR020	317	10	e	e	_	_	_	_	_	linguistic	_	ContainsVariation=No	_	_	_	_	_	_
317-11	BOR020	317	11	tu	tu	_	_	_	_	_	linguistic	_	ContainsVariation=No	PauseAfter=Yes	_	_	_	_	_
317-12	BOR020	317	12	(.)	(.)	_	_	_	_	_	shortpause	_	ContainsVariation=No	_	_	_	_	_	_
317-13	BOR020	317	13	odi	odi	_	_	_	_	_	linguistic	_	ContainsVariation=No	_	_	_	_	_	_
317-14	BOR020	317	14	[xx]	xx	_	_	_	_	_	unknown	_	ContainsVariation=No	Syllables=2	End=483.894	_	_	_	0-2(121)
318-0	BOI078	318	0	[no	no	_	_	_	_	_	linguistic	_	ContainsVariation=No	_	Begin=483.635	_	_	_	0-2(121)
318-1	BOI078	318	1	a	a	_	_	_	_	_	linguistic	_	ContainsVariation=No	_	_	_	_	_	0-1(121)
318-2	BOI078	318	2	me]	me	_	_	_	_	_	linguistic	_	ContainsVariation=No	PauseAfter=Yes	_	_	_	_	0-2(121)
318-3	BOI078	318	3	(.)	(.)	_	_	_	_	_	shortpause	_	ContainsVariation=No	_	_	_	_	_	_
318-4	BOI078	318	4	a	a	_	_	_	_	_	linguistic	_	ContainsVariation=No	_	_	_	_	_	_
318-5	BOI078	318	5	me	me	_	_	_	_	_	linguistic	_	ContainsVariation=No	_	_	_	_	_	_
318-6	BOI078	318	6	piac[e	piace	_	_	_	_	_	linguistic	_	ContainsVariation=No	_	_	_	_	_	4-5(122)
318-7	BOI078	318	7	moltissimo]	moltissimo	_	_	_	_	_	linguistic	_	ContainsVariation=No	_	End=485.125	_	_	_	0-10(122)
319-0	BOI079	319	0	[non	non	_	_	_	_	_	linguistic	_	ContainsVariation=No	_	Begin=484.45	_	_	_	0-3(122)
319-1	BOI079	319	1	è	è	_	_	_	_	_	linguistic	_	ContainsVariation=No	_	_	_	_	_	0-1(122)
319-2	BOI079	319	2	vero	vero	_	_	_	_	_	linguistic	_	ContainsVariation=No	_	_	_	_	_	0-4(122)
319-3	BOI079	319	3	me	me	_	_	_	_	_	linguistic	_	ContainsVariation=No	_	_	_	_	_	0-2(122)
319-4	BOI079	319	4	ne	ne	_	_	_	_	_	linguistic	_	ContainsVariation=No	_	_	_	_	_	0-2(122)
319-5	BOI079	319	5	p]arli	parli	_	_	_	_	_	linguistic	_	ContainsVariation=No	_	_	_	_	_	0-1(122)
319-6	BOI079	319	6	sempre	sempre	_	_	_	_	_	linguistic	_	ContainsVariation=No	_	_	_	_	_	_
319-7	BOI079	319	7	[bene]	bene	_	_	_	_	_	linguistic	_	ContainsVariation=No	_	End=486.132	_	_	_	0-4(123)
320-0	BOI078	320	0	[ma	ma	_	_	_	_	_	linguistic	_	ContainsVariation=No	_	Begin=485.68	_	_	_	0-2(123)
320-1	BOI078	320	1	io	io	_	_	_	_	_	linguistic	_	ContainsVariation=No	_	_	_	_	_	0-2(123)
320-2	BOI078	320	2	infa]tti	infatti	_	_	_	_	_	linguistic	_	ContainsVariation=No	_	_	_	_	_	0-4(123)
320-3	BOI078	320	3	no	no	_	_	_	_	_	linguistic	_	ContainsVariation=No	PauseAfter=Yes	_	_	_	_	_
320-4	BOI078	320	4	(.)	(.)	_	_	_	_	_	shortpause	_	ContainsVariation=No	_	_	_	_	_	_
320-5	BOI078	320	5	la	la	_	_	_	_	_	linguistic	_	ContainsVariation=No	_	_	_	_	_	_
320-6	BOI078	320	6	mia	mia	_	_	_	_	_	linguistic	_	ContainsVariation=No	PauseAfter=Yes	_	_	_	_	_
320-7	BOI078	320	7	(.)	(.)	_	_	_	_	_	shortpause	_	ContainsVariation=No	_	_	_	_	_	_
320-8	BOI078	320	8	la	la	_	_	_	_	_	linguistic	_	ContainsVariation=No	_	_	_	_	_	_
320-9	BOI078	320	9	mia	mia	_	_	_	_	_	linguistic	_	ContainsVariation=No	_	_	_	_	_	_
320-10	BOI078	320	10	via	via	_	_	_	_	_	linguistic	_	ContainsVariation=No	PauseAfter=Yes	_	_	_	_	_
320-11	BOI078	320	11	(.)	(.)	_	_	_	_	_	shortpause	_	ContainsVariation=No	_	_	_	_	_	_
320-12	BOI078	320	12	è:	è	_	_	_	_	_	linguistic	_	ContainsVariation=No	_	_	0x1	_	_	_
320-13	BOI078	320	13	bellissima	bellissima	_	_	_	_	_	linguistic	_	ContainsVariation=No	_	End=488.947	_	_	_	_
321-0	BOI078	321	0	>cioè<	cioè	_	_	_	_	_	linguistic	_	ContainsVariation=No	_	Begin=489.42	_	Fast=0-4(0)	_	_
321-1	BOI078	321	1	è	è	_	_	_	_	_	linguistic	_	ContainsVariation=No	_	_	_	_	_	_
321-2	BOI078	321	2	[mol]to	molto	_	_	_	_	_	linguistic	_	ContainsVariation=No	PauseAfter=Yes	_	_	_	_	0-3(124)
321-3	BOI078	321	3	(.)	(.)	_	_	_	_	_	shortpause	_	ContainsVariation=No	_	_	_	_	_	_
321-4	BOI078	321	4	no	no	_	_	_	_	_	linguistic	_	ContainsVariation=No	_	_	_	_	_	_
321-5	BOI078	321	5	nel	nel	_	_	_	_	_	linguistic	_	ContainsVariation=No	_	_	_	_	_	_
321-6	BOI078	321	6	senso	senso	_	_	_	_	_	linguistic	_	ContainsVariation=No	_	_	_	_	_	_
321-7	BOI078	321	7	non	non	_	_	_	_	_	linguistic	_	ContainsVariation=No	_	_	_	_	_	_
321-8	BOI078	321	8	è	è	_	_	_	_	_	linguistic	_	ContainsVariation=No	_	_	_	_	_	_
321-9	BOI078	321	9	bellissima	bellissima	_	_	_	_	_	linguistic	_	ContainsVariation=No	_	End=491.13	_	_	_	_
322-0	BOR020	322	0	[mh]	mh	_	_	_	_	_	linguistic	_	ContainsVariation=No	_	Begin=489.592|End=489.76	_	_	_	0-2(124)
323-0	BOI078	323	0	però	però	_	_	_	_	_	linguistic	_	ContainsVariation=No	PauseAfter=Yes	Begin=491.495	_	_	_	_
323-1	BOI078	323	1	(.)	(.)	_	_	_	_	_	shortpause	_	ContainsVariation=No	_	_	_	_	_	_
323-2	BOI078	323	2	è	è	_	_	_	_	_	linguistic	_	ContainsVariation=No	_	End=492.228	_	_	_	_
324-0	BOI078	324	0	come	come	_	_	_	_	_	linguistic	_	ContainsVariation=No	_	Begin=492.436	_	_	_	_
324-1	BOI078	324	1	dire	dire	_	_	_	_	_	linguistic	_	ContainsVariation=No	_	_	_	_	_	_
324-2	BOI078	324	2	ha	ha	_	_	_	_	_	linguistic	_	ContainsVariation=No	_	_	_	_	_	_
324-3	BOI078	324	3	proprio	proprio	_	_	_	_	_	linguistic	_	ContainsVariation=No	_	_	_	_	_	_
324-4	BOI078	324	4	quel	quel	_	_	_	_	_	linguistic	_	ContainsVariation=No	_	_	_	_	_	_
324-5	BOI078	324	5	toc~	toc~	_	_	_	_	_	linguistic	_	ContainsVariation=No	Interrupted=Yes|PauseAfter=Yes	_	_	_	_	_
324-6	BOI078	324	6	(.)	(.)	_	_	_	_	_	shortpause	_	ContainsVariation=No	_	_	_	_	_	_
324-7	BOI078	324	7	>cioè<	cioè	_	_	_	_	_	linguistic	_	ContainsVariation=No	_	End=494.166	_	Fast=0-4(0)	_	_
325-0	BOI078	325	0	ti	ti	_	_	_	_	_	linguistic	_	ContainsVariation=No	PauseAfter=Yes	Begin=494.409	_	_	_	_
325-1	BOI078	325	1	(.)	(.)	_	_	_	_	_	shortpause	_	ContainsVariation=No	_	_	_	_	_	_
325-2	BOI078	325	2	ti	ti	_	_	_	_	_	linguistic	_	ContainsVariation=No	_	_	_	_	_	_
325-3	BOI078	325	3	innamori	innamori	_	_	_	_	_	linguistic	_	ContainsVariation=No	_	End=495.469	_	_	_	_
326-0	BOR020	326	0	((ride))	((ride))	_	_	_	_	_	nonverbalbehavior	_	ContainsVariation=No	_	Begin=494.536|End=495.039	_	_	_	_
327-0	BOI078	327	0	perché	perché	_	_	_	_	_	linguistic	_	ContainsVariation=No	_	Begin=495.872	_	_	_	_
327-1	BOI078	327	1	se	se	_	_	_	_	_	linguistic	_	ContainsVariation=No	_	_	_	_	_	_
327-2	BOI078	327	2	ci	ci	_	_	_	_	_	linguistic	_	ContainsVariation=No	_	_	_	_	_	_
327-3	BOI078	327	3	vivi:::	vivi	_	_	_	_	_	linguistic	_	ContainsVariation=No	_	_	3x3	_	_	_
327-4	BOI078	327	4	ti	ti	_	_	_	_	_	linguistic	_	ContainsVariation=No	_	_	_	_	_	_
327-5	BOI078	327	5	t'	t'	_	_	_	_	_	linguistic	_	ContainsVariation=No	SpaceAfter=No	_	_	_	_	_
327-6	BOI078	327	6	innamori	innamori	_	_	_	_	_	linguistic	_	ContainsVariation=No	_	_	_	_	_	_
327-7	BOI078	327	7	per	per	_	_	_	_	_	linguistic	_	ContainsVariation=No	_	_	_	_	_	_
327-8	BOI078	327	8	forza	forza	_	_	_	_	_	linguistic	_	ContainsVariation=No	_	_	_	_	_	_
327-9	BOI078	327	9	di:	di	_	_	_	_	_	linguistic	_	ContainsVariation=No	_	_	1x1	_	_	_
327-10	BOI078	327	10	@nomeluogo	@nomeluogo	_	_	_	_	_	anonymized	_	ContainsVariation=No	Anonymized=Yes	End=500.695	_	_	_	_
328-0	BOI078	328	0	poi	poi	_	_	_	_	_	linguistic	_	ContainsVariation=No	_	Begin=501.281	_	_	_	_
328-1	BOI078	328	1	anche	anche	_	_	_	_	_	linguistic	_	ContainsVariation=No	_	_	_	_	_	_
328-2	BOI078	328	2	il	il	_	_	_	_	_	linguistic	_	ContainsVariation=No	_	_	_	_	_	_
328-3	BOI078	328	3	nome	nome	_	_	_	_	_	linguistic	_	ContainsVariation=No	PauseAfter=Yes	_	_	_	_	_
328-4	BOI078	328	4	(.)	(.)	_	_	_	_	_	shortpause	_	ContainsVariation=No	_	_	_	_	_	_
328-5	BOI078	328	5	@nomeluogo	@nomeluogo	_	_	_	_	_	anonymized	_	ContainsVariation=No	Anonymized=Yes	_	_	_	_	_
328-6	BOI078	328	6	[(°bellissimo°)]	bellissimo	_	_	_	_	_	linguistic	_	ContainsVariation=No	Volume=low	End=503.458	_	_	0-10(0)	0-10(126)
329-0	BOR020	329	0	[no	no	_	_	_	_	_	linguistic	_	ContainsVariation=No	_	Begin=503.05	_	_	_	0-2(126)
329-1	BOR020	329	1	è	è	_	_	_	_	_	linguistic	_	ContainsVariation=No	_	_	_	_	_	0-1(126)
329-2	BOR020	329	2	vero]	vero	_	_	_	_	_	linguistic	_	ContainsVariation=No	_	_	_	_	_	0-4(126)
329-3	BOR020	329	3	è	è	_	_	_	_	_	linguistic	_	ContainsVariation=No	_	_	_	_	_	_
329-4	BOR020	329	4	(durissimo)	durissimo	_	_	_	_	_	linguistic	_	ContainsVariation=No	_	End=504.083	_	_	0-9(0)	_
330-0	BOR022	330	0	poe[tico]	poetico	_	_	_	_	_	linguistic	_	ContainsVariation=No	_	Begin=504.121|End=504.645	_	_	_	3-7(127)
331-0	BOI078	331	0	[vera~]	vera~	_	_	_	_	_	linguistic	_	ContainsVariation=No	Interrupted=Yes|PauseAfter=Yes	Begin=504.364	_	_	_	0-5(127)
331-1	BOI078	331	1	(.)	(.)	_	_	_	_	_	shortpause	_	ContainsVariation=No	_	_	_	_	_	_
331-2	BOI078	331	2	molto	molto	_	_	_	_	_	linguistic	_	ContainsVariation=No	_	_	_	_	_	_
331-3	BOI078	331	3	poetico	poetico	_	_	_	_	_	linguistic	_	ContainsVariation=No	_	_	_	_	_	_
331-4	BOI078	331	4	poi	poi	_	_	_	_	_	linguistic	_	ContainsVariation=No	_	_	_	_	_	_
331-5	BOI078	331	5	è	è	_	_	_	_	_	linguistic	_	ContainsVariation=No	_	_	_	_	_	_
331-6	BOI078	331	6	molto	molto	_	_	_	_	_	linguistic	_	ContainsVariation=No	_	_	_	_	_	_
331-7	BOI078	331	7	bella	bella	_	_	_	_	_	linguistic	_	ContainsVariation=No	_	_	_	_	_	_
331-8	BOI078	331	8	perché	perché	_	_	_	_	_	linguistic	_	ContainsVariation=No	_	_	_	_	_	_
331-9	BOI078	331	9	ci	ci	_	_	_	_	_	linguistic	_	ContainsVariation=No	_	_	_	_	_	_
331-10	BOI078	331	10	sono	sono	_	_	_	_	_	linguistic	_	ContainsVariation=No	_	_	_	_	_	_
331-11	BOI078	331	11	queste	queste	_	_	_	_	_	linguistic	_	ContainsVariation=No	_	_	_	_	_	_
331-12	BOI078	331	12	casette	casette	_	_	_	_	_	linguistic	_	ContainsVariation=No	_	_	_	_	_	_
331-13	BOI078	331	13	ancora	ancora	_	_	_	_	_	linguistic	_	ContainsVariation=No	_	_	_	_	_	_
331-14	BOI078	331	14	stile	stile	_	_	_	_	_	linguistic	_	ContainsVariation=No	PauseAfter=Yes	_	_	_	_	_
331-15	BOI078	331	15	(.)	(.)	_	_	_	_	_	shortpause	_	ContainsVariation=No	_	_	_	_	_	_
331-16	BOI078	331	16	villini	villini	_	_	_	_	_	linguistic	_	ContainsVariation=No	_	_	_	_	_	_
331-17	BOI078	331	17	bolognesi	bolognesi	_	_	_	_	_	linguistic	_	ContainsVariation=No	_	_	_	_	_	_
331-18	BOI078	331	18	ce	ce	_	_	_	_	_	linguistic	_	ContainsVariation=No	_	_	_	_	_	_
331-19	BOI078	331	19	ne	ne	_	_	_	_	_	linguistic	_	ContainsVariation=No	_	_	_	_	_	_
331-20	BOI078	331	20	sono	sono	_	_	_	_	_	linguistic	_	ContainsVariation=No	_	_	_	_	_	_
331-21	BOI078	331	21	poche	poche	_	_	_	_	_	linguistic	_	ContainsVariation=No	_	_	_	_	_	_
331-22	BOI078	331	22	ancora	ancora	_	_	_	_	_	linguistic	_	ContainsVariation=No	_	End=510.447	_	_	_	_
332-0	BOI078	332	0	ce	ce	_	_	_	_	_	linguistic	_	ContainsVariation=No	_	Begin=511.198	_	_	_	_
332-1	BOI078	332	1	ne	ne	_	_	_	_	_	linguistic	_	ContainsVariation=No	_	_	_	_	_	_
332-2	BOI078	332	2	sono	sono	_	_	_	_	_	linguistic	_	ContainsVariation=No	_	_	_	_	_	_
332-3	BOI078	332	3	alcune::	alcune	_	_	_	_	_	linguistic	_	ContainsVariation=No	_	_	5x2	_	_	_
332-4	BOI078	332	4	in	in	_	_	_	_	_	linguistic	_	ContainsVariation=No	_	_	_	_	_	_
332-5	BOI078	332	5	zona:	zona	_	_	_	_	_	linguistic	_	ContainsVariation=No	_	_	3x1	_	_	_
332-6	BOI078	332	6	mh	mh	_	_	_	_	_	linguistic	_	ContainsVariation=No	_	End=513.793	_	_	_	_
333-0	BOI078	333	0	cirenaica	cirenaica	_	_	_	_	_	linguistic	_	ContainsVariation=No	_	Begin=514.207	_	_	_	_
333-1	BOI078	333	1	°non	non	_	_	_	_	_	linguistic	_	ContainsVariation=No	Volume=low	_	_	_	_	_
333-2	BOI078	333	2	so	so	_	_	_	_	_	linguistic	_	ContainsVariation=No	Volume=low	_	_	_	_	_
333-3	BOI078	333	3	se	se	_	_	_	_	_	linguistic	_	ContainsVariation=No	Volume=low	_	_	_	_	_
333-4	BOI078	333	4	avete	avete	_	_	_	_	_	linguistic	_	ContainsVariation=No	Volume=low	_	_	_	_	_
333-5	BOI078	333	5	presente:	presente	_	_	_	_	_	linguistic	_	ContainsVariation=No	Volume=low	_	7x1	_	_	_
333-6	BOI078	333	6	quel[la	quella	_	_	_	_	_	linguistic	_	ContainsVariation=No	Volume=low	_	_	_	_	4-6(128)
333-7	BOI078	333	7	zo]na°	zona	_	_	_	_	_	linguistic	_	ContainsVariation=No	Volume=low	End=516.621	_	_	_	0-2(128)
334-0	BOR020	334	0	[mhmh]	mhmh	_	_	_	_	_	linguistic	_	ContainsVariation=No	_	Begin=515.803|End=516.118	_	_	_	0-4(128)
335-0	BOI078	335	0	e:::h	eh	_	_	_	_	_	linguistic	_	ContainsVariation=No	_	Begin=517.03	0x3	_	_	_
335-1	BOI078	335	1	mh	mh	_	_	_	_	_	linguistic	_	ContainsVariation=No	_	_	_	_	_	_
335-2	BOI078	335	2	qualcosa	qualcosa	_	_	_	_	_	linguistic	_	ContainsVariation=No	_	_	_	_	_	_
335-3	BOI078	335	3	in	in	_	_	_	_	_	linguistic	_	ContainsVariation=No	_	_	_	_	_	_
335-4	BOI078	335	4	bolognina:	bolognina	_	_	_	_	_	linguistic	_	ContainsVariation=No	_	_	8x1	_	_	_
335-5	BOI078	335	5	ma:	ma	_	_	_	_	_	linguistic	_	ContainsVariation=No	_	_	1x1	_	_	_
335-6	BOI078	335	6	poco	poco	_	_	_	_	_	linguistic	_	ContainsVariation=No	_	End=520.453	_	_	_	_
336-0	BOI078	336	0	e:h	eh	_	_	_	_	_	linguistic	_	ContainsVariation=No	_	Begin=520.945	0x1	_	_	_
336-1	BOI078	336	1	invece:	invece	_	_	_	_	_	linguistic	_	ContainsVariation=No	_	_	5x1	_	_	_
336-2	BOI078	336	2	qu~	qu~	_	_	_	_	_	linguistic	_	ContainsVariation=No	Interrupted=Yes	_	_	_	_	_
336-3	BOI078	336	3	lì	lì	_	_	_	_	_	linguistic	_	ContainsVariation=No	_	_	_	_	_	_
336-4	BOI078	336	4	è	è	_	_	_	_	_	linguistic	_	ContainsVariation=No	PauseAfter=Yes	_	_	_	_	_
336-5	BOI078	336	5	(.)	(.)	_	_	_	_	_	shortpause	_	ContainsVariation=No	_	_	_	_	_	_
336-6	BOI078	336	6	è	è	_	_	_	_	_	linguistic	_	ContainsVariation=No	_	_	_	_	_	_
336-7	BOI078	336	7	pieno	pieno	_	_	_	_	_	linguistic	_	ContainsVariation=No	_	_	_	_	_	_
336-8	BOI078	336	8	di	di	_	_	_	_	_	linguistic	_	ContainsVariation=No	_	_	_	_	_	_
336-9	BOI078	336	9	villini	villini	_	_	_	_	_	linguistic	_	ContainsVariation=No	_	_	_	_	_	_
336-10	BOI078	336	10	bolognesi,	bolognesi	_	_	_	_	_	linguistic	_	ContainsVariation=No	Intonation=WeaklyRising	_	_	_	_	_
336-11	BOI078	336	11	vecchio	vecchio	_	_	_	_	_	linguistic	_	ContainsVariation=No	_	_	_	_	_	_
336-12	BOI078	336	12	stile	stile	_	_	_	_	_	linguistic	_	ContainsVariation=No	_	_	_	_	_	_
336-13	BOI078	336	13	anch'	anch'	_	_	_	_	_	linguistic	_	ContainsVariation=No	SpaceAfter=No	_	_	_	_	_
336-14	BOI078	336	14	io	io	_	_	_	_	_	linguistic	_	ContainsVariation=No	PauseAfter=Yes	_	_	_	_	_
336-15	BOI078	336	15	(.)	(.)	_	_	_	_	_	shortpause	_	ContainsVariation=No	_	_	_	_	_	_
336-16	BOI078	336	16	vivo	vivo	_	_	_	_	_	linguistic	_	ContainsVariation=No	_	_	_	_	_	_
336-17	BOI078	336	17	in	in	_	_	_	_	_	linguistic	_	ContainsVariation=No	_	_	_	_	_	_
336-18	BOI078	336	18	un	un	_	_	_	_	_	linguistic	_	ContainsVariation=No	_	_	_	_	_	_
336-19	BOI078	336	19	villino	villino	_	_	_	_	_	linguistic	_	ContainsVariation=No	_	_	_	_	_	_
336-20	BOI078	336	20	bolognese	bolognese	_	_	_	_	_	linguistic	_	ContainsVariation=No	_	End=526.723	_	_	_	_
337-0	BOI078	337	0	e:h	eh	_	_	_	_	_	linguistic	_	ContainsVariation=No	_	Begin=527.287	0x1	_	_	_
337-1	BOI078	337	1	tanto	tanto	_	_	_	_	_	linguistic	_	ContainsVariation=No	_	_	_	_	_	_
337-2	BOI078	337	2	che	che	_	_	_	_	_	linguistic	_	ContainsVariation=No	_	_	_	_	_	_
337-3	BOI078	337	3	vengono	vengono	_	_	_	_	_	linguistic	_	ContainsVariation=No	_	_	_	_	_	_
337-4	BOI078	337	4	i	i	_	_	_	_	_	linguistic	_	ContainsVariation=No	_	_	_	_	_	_
337-5	BOI078	337	5	turisti,	turisti	_	_	_	_	_	linguistic	_	ContainsVariation=No	Intonation=WeaklyRising	_	_	_	_	_
337-6	BOI078	337	6	giapponesi,	giapponesi	_	_	_	_	_	linguistic	_	ContainsVariation=No	Intonation=WeaklyRising	_	_	_	_	_
337-7	BOI078	337	7	a	a	_	_	_	_	_	linguistic	_	ContainsVariation=No	_	_	_	_	_	_
337-8	BOI078	337	8	fare	fare	_	_	_	_	_	linguistic	_	ContainsVariation=No	_	_	_	_	_	_
337-9	BOI078	337	9	le	le	_	_	_	_	_	linguistic	_	ContainsVariation=No	_	_	_	_	_	_
337-10	BOI078	337	10	foto:	foto	_	_	_	_	_	linguistic	_	ContainsVariation=No	_	End=531.0745	3x1	_	_	_
338-0	BOR022	338	0	((ride))	((ride))	_	_	_	_	_	nonverbalbehavior	_	ContainsVariation=No	_	Begin=531.0745|End=531.353	_	_	_	_
339-0	BOR020	339	0	[davvero]?	davvero	_	_	_	_	_	linguistic	_	ContainsVariation=No	Intonation=Rising	Begin=531.519|End=532.242	_	_	_	0-7(129)
340-0	BOI078	340	0	[si	si	_	_	_	_	_	linguistic	_	ContainsVariation=No	_	Begin=531.519	_	_	_	0-2(129)
340-1	BOI078	340	1	mettono	mettono	_	_	_	_	_	linguistic	_	ContainsVariation=No	_	_	_	_	_	0-7(129)
340-2	BOI078	340	2	sul	sul	_	_	_	_	_	linguistic	_	ContainsVariation=No	_	_	_	_	_	0-3(129)
340-3	BOI078	340	3	mio	mio	_	_	_	_	_	linguistic	_	ContainsVariation=No	_	_	_	_	_	0-3(129)
340-4	BOI078	340	4	t]erra~	terra~	_	_	_	_	_	linguistic	_	ContainsVariation=No	Interrupted=Yes	_	_	_	_	0-1(129)
340-5	BOI078	340	5	no	no	_	_	_	_	_	linguistic	_	ContainsVariation=No	PauseAfter=Yes	_	_	_	_	_
340-6	BOI078	340	6	(.)	(.)	_	_	_	_	_	shortpause	_	ContainsVariation=No	_	_	_	_	_	_
340-7	BOI078	340	7	si	si	_	_	_	_	_	linguistic	_	ContainsVariation=No	_	_	_	_	_	_
340-8	BOI078	340	8	mettono	mettono	_	_	_	_	_	linguistic	_	ContainsVariation=No	_	_	_	_	_	_
340-9	BOI078	340	9	sul	sul	_	_	_	_	_	linguistic	_	ContainsVariation=No	_	_	_	_	_	_
340-10	BOI078	340	10	mio	mio	_	_	_	_	_	linguistic	_	ContainsVariation=No	_	_	_	_	_	_
340-11	BOI078	340	11	[terraz]zo	terrazzo	_	_	_	_	_	linguistic	_	ContainsVariation=No	_	End=533.971	_	_	_	0-6(130)
341-0	BOR020	341	0	[BEH]	beh	_	_	_	_	_	linguistic	_	ContainsVariation=No	Volume=high	Begin=533.492|End=533.853	_	_	_	0-3(130)
342-0	BOI079	342	0	beh	beh	_	_	_	_	_	linguistic	_	ContainsVariation=No	_	Begin=534.078|End=534.319	_	_	_	_
343-0	BOR020	343	0	(fan[no)	fanno	_	_	_	_	_	linguistic	_	ContainsVariation=No	_	Begin=534.624	_	_	0-5(0)	3-5(131)
343-1	BOR020	343	1	tutto]	tutto	_	_	_	_	_	linguistic	_	ContainsVariation=No	PauseAfter=Yes	_	_	_	_	0-5(131)
343-2	BOR020	343	2	(.)	(.)	_	_	_	_	_	shortpause	_	ContainsVariation=No	_	_	_	_	_	_
343-3	BOR020	343	3	quindi:	quindi	_	_	_	_	_	linguistic	_	ContainsVariation=No	_	End=535.827	5x1	_	_	_
344-0	BOI079	344	0	[ma	ma	_	_	_	_	_	linguistic	_	ContainsVariation=No	_	Begin=534.744	_	_	_	0-2(131)
344-1	BOI079	344	1	poi	poi	_	_	_	_	_	linguistic	_	ContainsVariation=No	_	_	_	_	_	0-3(131)
344-2	BOI079	344	2	chi	chi	_	_	_	_	_	linguistic	_	ContainsVariation=No	_	_	_	_	_	0-3(131)
344-3	BOI079	344	3	è]	è	_	_	_	_	_	linguistic	_	ContainsVariation=No	_	End=535.235	_	_	_	0-1(131)
345-0	BOI079	345	0	chi	chi	_	_	_	_	_	linguistic	_	ContainsVariation=No	_	Begin=536.061	_	_	_	_
345-1	BOI079	345	1	è	è	_	_	_	_	_	linguistic	_	ContainsVariation=No	_	_	_	_	_	_
345-2	BOI079	345	2	che	che	_	_	_	_	_	linguistic	_	ContainsVariation=No	_	_	_	_	_	_
345-3	BOI079	345	3	diceva	diceva	_	_	_	_	_	linguistic	_	ContainsVariation=No	_	_	_	_	_	_
345-4	BOI079	345	4	che::	che	_	_	_	_	_	linguistic	_	ContainsVariation=No	_	End=537.582	2x2	_	_	_
346-0	BOI079	346	0	è	è	_	_	_	_	_	linguistic	_	ContainsVariation=No	_	Begin=538.019	_	_	_	_
346-1	BOI079	346	1	una	una	_	_	_	_	_	linguistic	_	ContainsVariation=No	_	_	_	_	_	_
346-2	BOI079	346	2	delle	delle	_	_	_	_	_	linguistic	_	ContainsVariation=No	_	_	_	_	_	_
346-3	BOI079	346	3	zone	zone	_	_	_	_	_	linguistic	_	ContainsVariation=No	_	_	_	_	_	_
346-4	BOI079	346	4	abitate	abitate	_	_	_	_	_	linguistic	_	ContainsVariation=No	_	_	_	_	_	_
346-5	BOI079	346	5	da	da	_	_	_	_	_	linguistic	_	ContainsVariation=No	_	_	_	_	_	_
346-6	BOI079	346	6	più	più	_	_	_	_	_	linguistic	_	ContainsVariation=No	_	_	_	_	_	_
346-7	BOI079	346	7	tempo	tempo	_	_	_	_	_	linguistic	_	ContainsVariation=No	_	_	_	_	_	_
346-8	BOI079	346	8	di	di	_	_	_	_	_	linguistic	_	ContainsVariation=No	_	_	_	_	_	_
346-9	BOI079	346	9	bologna	bologna	_	_	_	_	_	linguistic	_	ContainsVariation=No	_	_	_	_	_	_
346-10	BOI079	346	10	la	la	_	_	_	_	_	linguistic	_	ContainsVariation=No	_	_	_	_	_	_
346-11	BOI079	346	11	tua?	tua	_	_	_	_	_	linguistic	_	ContainsVariation=No	Intonation=Rising	End=540.67	_	_	_	_
347-0	BOI079	347	0	>cioè<	cioè	_	_	_	_	_	linguistic	_	ContainsVariation=No	_	Begin=541.555	_	Fast=0-4(0)	_	_
347-1	BOI079	347	1	una	una	_	_	_	_	_	linguistic	_	ContainsVariation=No	_	_	_	_	_	_
347-2	BOI079	347	2	delle	delle	_	_	_	_	_	linguistic	_	ContainsVariation=No	_	_	_	_	_	_
347-3	BOI079	347	3	più::	più	_	_	_	_	_	linguistic	_	ContainsVariation=No	PauseAfter=Yes	_	2x2	_	_	_
347-4	BOI079	347	4	(.)	(.)	_	_	_	_	_	shortpause	_	ContainsVariation=No	_	_	_	_	_	_
347-5	BOI079	347	5	[chi	chi	_	_	_	_	_	linguistic	_	ContainsVariation=No	_	_	_	_	_	0-3(132)
347-6	BOI079	347	6	è]?	è	_	_	_	_	_	linguistic	_	ContainsVariation=No	Intonation=Rising	End=543.019	_	_	_	0-1(132)
348-0	BOI078	348	0	[AH	ah	_	_	_	_	_	linguistic	_	ContainsVariation=No	Volume=high	Begin=542.437	_	_	_	0-2(132)
348-1	BOI078	348	1	e]:::h	eh	_	_	_	_	_	linguistic	_	ContainsVariation=No	_	End=543.789	0x3	_	_	0-1(132)
349-0	BOI079	349	0	una	una	_	_	_	_	_	linguistic	_	ContainsVariation=No	_	Begin=543.789	_	_	_	_
349-1	BOI079	349	1	delle	delle	_	_	_	_	_	linguistic	_	ContainsVariation=No	_	_	_	_	_	_
349-2	BOI079	349	2	zone	zone	_	_	_	_	_	linguistic	_	ContainsVariation=No	_	_	_	_	_	_
349-3	BOI079	349	3	più	più	_	_	_	_	_	linguistic	_	ContainsVariation=No	_	_	_	_	_	_
349-4	BOI079	349	4	[storiche	storiche	_	_	_	_	_	linguistic	_	ContainsVariation=No	_	_	_	_	_	0-8(133)
349-5	BOI079	349	5	di	di	_	_	_	_	_	linguistic	_	ContainsVariation=No	_	_	_	_	_	0-2(133)
349-6	BOI079	349	6	bologna]	bologna	_	_	_	_	_	linguistic	_	ContainsVariation=No	_	End=545.582	_	_	_	0-7(133)
350-0	BOI078	350	0	[sì	sì	_	_	_	_	_	linguistic	_	ContainsVariation=No	_	Begin=544.503	_	_	_	0-2(133)
350-1	BOI078	350	1	>sì	sì	_	_	_	_	_	linguistic	_	ContainsVariation=No	_	_	_	Fast=0-2(0)	_	0-2(133)
350-2	BOI078	350	2	sì<	sì	_	_	_	_	_	linguistic	_	ContainsVariation=No	_	_	_	Fast=0-2(0)	_	0-2(133)
350-3	BOI078	350	3	no	no	_	_	_	_	_	linguistic	_	ContainsVariation=No	_	_	_	_	_	0-2(133)
350-4	BOI078	350	4	è	è	_	_	_	_	_	linguistic	_	ContainsVariation=No	_	_	_	_	_	0-1(133)
350-5	BOI078	350	5	una	una	_	_	_	_	_	linguistic	_	ContainsVariation=No	_	_	_	_	_	0-3(133)
350-6	BOI078	350	6	z]ona	zona	_	_	_	_	_	linguistic	_	ContainsVariation=No	_	_	_	_	_	0-1(133)
350-7	BOI078	350	7	storicis~	storicis~	_	_	_	_	_	linguistic	_	ContainsVariation=No	Interrupted=Yes	_	_	_	_	_
350-8	BOI078	350	8	c(io)è::	cioè	_	_	_	_	_	linguistic	_	ContainsVariation=No	Reduced=Yes	_	3x2	_	_	_
350-9	BOI078	350	9	perché	perché	_	_	_	_	_	linguistic	_	ContainsVariation=No	_	_	_	_	_	_
350-10	BOI078	350	10	appunto	appunto	_	_	_	_	_	linguistic	_	ContainsVariation=No	_	_	_	_	_	_
350-11	BOI078	350	11	@nomeluogo	@nomeluogo	_	_	_	_	_	anonymized	_	ContainsVariation=No	Anonymized=Yes	_	_	_	_	_
350-12	BOI078	350	12	perché	perché	_	_	_	_	_	linguistic	_	ContainsVariation=No	_	_	_	_	_	_
350-13	BOI078	350	13	un	un	_	_	_	_	_	linguistic	_	ContainsVariation=No	_	_	_	_	_	_
350-14	BOI078	350	14	tempo	tempo	_	_	_	_	_	linguistic	_	ContainsVariation=No	_	_	_	_	_	_
350-15	BOI078	350	15	c'	c'	_	_	_	_	_	linguistic	_	ContainsVariation=No	SpaceAfter=No	_	_	_	_	_
350-16	BOI078	350	16	era:	era	_	_	_	_	_	linguistic	_	ContainsVariation=No	_	_	2x1	_	_	_
350-17	BOI078	350	17	mh	mh	_	_	_	_	_	linguistic	_	ContainsVariation=No	_	End=549.842	_	_	_	_
351-0	BOI078	351	0	come	come	_	_	_	_	_	linguistic	_	ContainsVariation=No	_	Begin=551.231	_	_	_	_
351-1	BOI078	351	1	dire	dire	_	_	_	_	_	linguistic	_	ContainsVariation=No	_	_	_	_	_	_
351-2	BOI078	351	2	una	una	_	_	_	_	_	linguistic	_	ContainsVariation=No	_	_	_	_	_	_
351-3	BOI078	351	3	sorta	sorta	_	_	_	_	_	linguistic	_	ContainsVariation=No	_	_	_	_	_	_
351-4	BOI078	351	4	di:	di	_	_	_	_	_	linguistic	_	ContainsVariation=No	_	_	1x1	_	_	_
351-5	BOI078	351	5	m::h	mh	_	_	_	_	_	linguistic	_	ContainsVariation=No	_	End=553.14	0x2	_	_	_
352-0	BOI078	352	0	>cioè<	cioè	_	_	_	_	_	linguistic	_	ContainsVariation=No	_	Begin=553.305	_	Fast=0-4(0)	_	_
352-1	BOI078	352	1	x	x	_	_	_	_	_	unknown	_	ContainsVariation=No	Syllables=1	_	_	_	_	_
352-2	BOI078	352	2	ancora	ancora	_	_	_	_	_	linguistic	_	ContainsVariation=No	_	_	_	_	_	_
352-3	BOI078	352	3	scorre	scorre	_	_	_	_	_	linguistic	_	ContainsVariation=No	_	_	_	_	_	_
352-4	BOI078	352	4	il	il	_	_	_	_	_	linguistic	_	ContainsVariation=No	_	_	_	_	_	_
352-5	BOI078	352	5	canale	canale	_	_	_	_	_	linguistic	_	ContainsVariation=No	_	_	_	_	_	_
352-6	BOI078	352	6	navile	navile	_	_	_	_	_	linguistic	_	ContainsVariation=No	_	_	_	_	_	_
352-7	BOI078	352	7	lì:	lì	_	_	_	_	_	linguistic	_	ContainsVariation=No	_	End=555.627	1x1	_	_	_
353-0	BOR020	353	0	>mhmh<	mhmh	_	_	_	_	_	linguistic	_	ContainsVariation=No	_	Begin=555.728|End=555.999	_	Fast=0-4(0)	_	_
354-0	BOI078	354	0	però	però	_	_	_	_	_	linguistic	_	ContainsVariation=No	_	Begin=556.013	_	_	_	_
354-1	BOI078	354	1	c'	c'	_	_	_	_	_	linguistic	_	ContainsVariation=No	SpaceAfter=No	_	_	_	_	_
354-2	BOI078	354	2	è	è	_	_	_	_	_	linguistic	_	ContainsVariation=No	_	_	_	_	_	_
354-3	BOI078	354	3	la::	la	_	_	_	_	_	linguistic	_	ContainsVariation=No	_	_	1x2	_	_	_
354-4	BOI078	354	4	e:h	eh	_	_	_	_	_	linguistic	_	ContainsVariation=No	_	_	0x1	_	_	_
354-5	BOI078	354	5	come	come	_	_	_	_	_	linguistic	_	ContainsVariation=No	_	_	_	_	_	_
354-6	BOI078	354	6	si	si	_	_	_	_	_	linguistic	_	ContainsVariation=No	_	_	_	_	_	_
354-7	BOI078	354	7	chiama	chiama	_	_	_	_	_	linguistic	_	ContainsVariation=No	_	End=559.079	_	_	_	_
355-0	BOI078	355	0	c'	c'	_	_	_	_	_	linguistic	_	ContainsVariation=No	SpaceAfter=No	Begin=559.238	_	_	_	_
355-1	BOI078	355	1	erano	erano	_	_	_	_	_	linguistic	_	ContainsVariation=No	_	_	_	_	_	_
355-2	BOI078	355	2	tipo	tipo	_	_	_	_	_	linguistic	_	ContainsVariation=No	_	_	_	_	_	_
355-3	BOI078	355	3	dei	dei	_	_	_	_	_	linguistic	_	ContainsVariation=No	_	_	_	_	_	_
355-4	BOI078	355	4	rigagnoli	rigagnoli	_	_	_	_	_	linguistic	_	ContainsVariation=No	_	_	_	_	_	_
355-5	BOI078	355	5	d'	d'	_	_	_	_	_	linguistic	_	ContainsVariation=No	SpaceAfter=No	_	_	_	_	_
355-6	BOI078	355	6	acqua	acqua	_	_	_	_	_	linguistic	_	ContainsVariation=No	_	End=560.98	_	_	_	_
356-0	BOR022	356	0	°ah	ah	_	_	_	_	_	linguistic	_	ContainsVariation=No	Volume=low	Begin=561.353	_	_	_	_
356-1	BOR022	356	1	o[kay°	okay	_	_	_	_	_	linguistic	_	ContainsVariation=No	Volume=low	_	_	_	_	1-4(134)
356-2	BOR022	356	2	tipo	tipo	_	_	_	_	_	linguistic	_	ContainsVariation=No	_	_	_	_	_	0-4(134)
356-3	BOR022	356	3	i	i	_	_	_	_	_	linguistic	_	ContainsVariation=No	_	_	_	_	_	0-1(134)
356-4	BOR022	356	4	canali]?	canali	_	_	_	_	_	linguistic	_	ContainsVariation=No	Intonation=Rising	End=562.646	_	_	_	0-6(134)
357-0	BOI078	357	0	[dei	dei	_	_	_	_	_	linguistic	_	ContainsVariation=No	_	Begin=561.558	_	_	_	0-3(134)
357-1	BOI078	357	1	d~	d~	_	_	_	_	_	linguistic	_	ContainsVariation=No	Interrupted=Yes	_	_	_	_	0-2(134)
357-2	BOI078	357	2	del]le	delle	_	_	_	_	_	linguistic	_	ContainsVariation=No	_	_	_	_	_	0-3(134)
357-3	BOI078	357	3	pozze	pozze	_	_	_	_	_	linguistic	_	ContainsVariation=No	_	_	_	_	_	_
357-4	BOI078	357	4	tipo	tipo	_	_	_	_	_	linguistic	_	ContainsVariation=No	_	_	_	_	_	_
357-5	BOI078	357	5	no	no	_	_	_	_	_	linguistic	_	ContainsVariation=No	_	_	_	_	_	_
357-6	BOI078	357	6	>proprio<	proprio	_	_	_	_	_	linguistic	_	ContainsVariation=No	_	_	_	Fast=0-7(0)	_	_
357-7	BOI078	357	7	delle	delle	_	_	_	_	_	linguistic	_	ContainsVariation=No	_	_	_	_	_	_
357-8	BOI078	357	8	pozze,	pozze	_	_	_	_	_	linguistic	_	ContainsVariation=No	Intonation=WeaklyRising	_	_	_	_	_
357-9	BOI078	357	9	dove	dove	_	_	_	_	_	linguistic	_	ContainsVariation=No	_	_	_	_	_	_
357-10	BOI078	357	10	la	la	_	_	_	_	_	linguistic	_	ContainsVariation=No	_	_	_	_	_	_
357-11	BOI078	357	11	gente	gente	_	_	_	_	_	linguistic	_	ContainsVariation=No	_	_	_	_	_	_
357-12	BOI078	357	12	andava	andava	_	_	_	_	_	linguistic	_	ContainsVariation=No	_	_	_	_	_	_
357-13	BOI078	357	13	effettivamente	effettivamente	_	_	_	_	_	linguistic	_	ContainsVariation=No	_	_	_	_	_	_
357-14	BOI078	357	14	a:	a	_	_	_	_	_	linguistic	_	ContainsVariation=No	PauseAfter=Yes	_	0x1	_	_	_
357-15	BOI078	357	15	(.)	(.)	_	_	_	_	_	shortpause	_	ContainsVariation=No	_	_	_	_	_	_
357-16	BOI078	357	16	[pescare]	pescare	_	_	_	_	_	linguistic	_	ContainsVariation=No	_	End=566.944	_	_	_	0-7(135)
358-0	BOR022	358	0	[a	a	_	_	_	_	_	linguistic	_	ContainsVariation=No	_	Begin=566.452	_	_	_	0-1(135)
358-1	BOR022	358	1	pescare]	pescare	_	_	_	_	_	linguistic	_	ContainsVariation=No	_	End=566.944	_	_	_	0-7(135)
359-0	BOI078	359	0	(beh)	beh	_	_	_	_	_	linguistic	_	ContainsVariation=No	PauseAfter=Yes	Begin=567.335	_	_	0-3(0)	_
359-1	BOI078	359	1	(.)	(.)	_	_	_	_	_	shortpause	_	ContainsVariation=No	_	_	_	_	_	_
359-2	BOI078	359	2	>cioè<	cioè	_	_	_	_	_	linguistic	_	ContainsVariation=No	_	_	_	Fast=0-4(0)	_	_
359-3	BOI078	359	3	questo	questo	_	_	_	_	_	linguistic	_	ContainsVariation=No	_	_	_	_	_	_
359-4	BOI078	359	4	è	è	_	_	_	_	_	linguistic	_	ContainsVariation=No	_	_	_	_	_	_
359-5	BOI078	359	5	quello	quello	_	_	_	_	_	linguistic	_	ContainsVariation=No	_	_	_	_	_	_
359-6	BOI078	359	6	che	che	_	_	_	_	_	linguistic	_	ContainsVariation=No	_	_	_	_	_	_
359-7	BOI078	359	7	mi	mi	_	_	_	_	_	linguistic	_	ContainsVariation=No	_	_	_	_	_	_
359-8	BOI078	359	8	hanno	hanno	_	_	_	_	_	linguistic	_	ContainsVariation=No	_	_	_	_	_	_
359-9	BOI078	359	9	raccontato.	raccontato	_	_	_	_	_	linguistic	_	ContainsVariation=No	Intonation=Falling	_	_	_	_	_
359-10	BOI078	359	10	POI	poi	_	_	_	_	_	linguistic	_	ContainsVariation=No	Volume=high	End=569.247	_	_	_	_
360-0	BOI078	360	0	è	è	_	_	_	_	_	linguistic	_	ContainsVariation=No	_	Begin=569.429	_	_	_	_
360-1	BOI078	360	1	una	una	_	_	_	_	_	linguistic	_	ContainsVariation=No	_	_	_	_	_	_
360-2	BOI078	360	2	via	via	_	_	_	_	_	linguistic	_	ContainsVariation=No	_	_	_	_	_	_
360-3	BOI078	360	3	anche	anche	_	_	_	_	_	linguistic	_	ContainsVariation=No	_	_	_	_	_	_
360-4	BOI078	360	4	mol~	mol~	_	_	_	_	_	linguistic	_	ContainsVariation=No	Interrupted=Yes	_	_	_	_	_
360-5	BOI078	360	5	è	è	_	_	_	_	_	linguistic	_	ContainsVariation=No	_	_	_	_	_	_
360-6	BOI078	360	6	una	una	_	_	_	_	_	linguistic	_	ContainsVariation=No	_	_	_	_	_	_
360-7	BOI078	360	7	via	via	_	_	_	_	_	linguistic	_	ContainsVariation=No	PauseAfter=Yes	_	_	_	_	_
360-8	BOI078	360	8	(.)	(.)	_	_	_	_	_	shortpause	_	ContainsVariation=No	_	_	_	_	_	_
360-9	BOI078	360	9	importante	importante	_	_	_	_	_	linguistic	_	ContainsVariation=No	_	_	_	_	_	_
360-10	BOI078	360	10	anche	anche	_	_	_	_	_	linguistic	_	ContainsVariation=No	_	_	_	_	_	_
360-11	BOI078	360	11	dal	dal	_	_	_	_	_	linguistic	_	ContainsVariation=No	_	_	_	_	_	_
360-12	BOI078	360	12	punto	punto	_	_	_	_	_	linguistic	_	ContainsVariation=No	_	_	_	_	_	_
360-13	BOI078	360	13	di	di	_	_	_	_	_	linguistic	_	ContainsVariation=No	_	_	_	_	_	_
360-14	BOI078	360	14	vista	vista	_	_	_	_	_	linguistic	_	ContainsVariation=No	_	_	_	_	_	_
360-15	BOI078	360	15	storico	storico	_	_	_	_	_	linguistic	_	ContainsVariation=No	_	_	_	_	_	_
360-16	BOI078	360	16	perché	perché	_	_	_	_	_	linguistic	_	ContainsVariation=No	_	_	_	_	_	_
360-17	BOI078	360	17	anche	anche	_	_	_	_	_	linguistic	_	ContainsVariation=No	_	_	_	_	_	_
360-18	BOI078	360	18	la	la	_	_	_	_	_	linguistic	_	ContainsVariation=No	_	_	_	_	_	_
360-19	BOI078	360	19	mia	mia	_	_	_	_	_	linguistic	_	ContainsVariation=No	_	_	_	_	_	_
360-20	BOI078	360	20	scuola	scuola	_	_	_	_	_	linguistic	_	ContainsVariation=No	PauseAfter=Yes	_	_	_	_	_
360-21	BOI078	360	21	(.)	(.)	_	_	_	_	_	shortpause	_	ContainsVariation=No	_	_	_	_	_	_
360-22	BOI078	360	22	elementare	elementare	_	_	_	_	_	linguistic	_	ContainsVariation=No	_	End=574.511	_	_	_	_
361-0	BOI078	361	0	era	era	_	_	_	_	_	linguistic	_	ContainsVariation=No	_	Begin=575.039	_	_	_	_
361-1	BOI078	361	1	diventata	diventata	_	_	_	_	_	linguistic	_	ContainsVariation=No	_	_	_	_	_	_
361-2	BOI078	361	2	un	un	_	_	_	_	_	linguistic	_	ContainsVariation=No	_	_	_	_	_	_
361-3	BOI078	361	3	e:::h	eh	_	_	_	_	_	linguistic	_	ContainsVariation=No	_	_	0x3	_	_	_
361-4	BOI078	361	4	m:::h	mh	_	_	_	_	_	linguistic	_	ContainsVariation=No	_	End=577.785	0x3	_	_	_
362-0	BOI078	362	0	vedi	vedi	_	_	_	_	_	linguistic	_	ContainsVariation=No	_	Begin=577.874	_	_	_	_
362-1	BOI078	362	1	si	si	_	_	_	_	_	linguistic	_	ContainsVariation=No	_	_	_	_	_	_
362-2	BOI078	362	2	collega	collega	_	_	_	_	_	linguistic	_	ContainsVariation=No	_	_	_	_	_	_
362-3	BOI078	362	3	anche	anche	_	_	_	_	_	linguistic	_	ContainsVariation=No	_	_	_	_	_	_
362-4	BOI078	362	4	a	a	_	_	_	_	_	linguistic	_	ContainsVariation=No	_	_	_	_	_	_
362-5	BOI078	362	5	lui	lui	_	_	_	_	_	linguistic	_	ContainsVariation=No	_	_	_	_	_	_
362-6	BOI078	362	6	per	per	_	_	_	_	_	linguistic	_	ContainsVariation=No	_	_	_	_	_	_
362-7	BOI078	362	7	la	la	_	_	_	_	_	linguistic	_	ContainsVariation=No	_	_	_	_	_	_
362-8	BOI078	362	8	storia	storia	_	_	_	_	_	linguistic	_	ContainsVariation=No	_	End=579.654	_	_	_	_
363-0	BOI078	363	0	tra	tra	_	_	_	_	_	linguistic	_	ContainsVariation=No	_	Begin=580.121	_	_	_	_
363-1	BOI078	363	1	italia,	italia	_	_	_	_	_	linguistic	_	ContainsVariation=No	Intonation=WeaklyRising	_	_	_	_	_
363-2	BOI078	363	2	i	i	_	_	_	_	_	linguistic	_	ContainsVariation=No	_	_	_	_	_	_
363-3	BOI078	363	3	xxx,	xxx	_	_	_	_	_	linguistic	_	ContainsVariation=No	Intonation=WeaklyRising	_	_	_	_	_
363-4	BOI078	363	4	i	i	_	_	_	_	_	linguistic	_	ContainsVariation=No	_	_	_	_	_	_
363-5	BOI078	363	5	rapporti	rapporti	_	_	_	_	_	linguistic	_	ContainsVariation=No	_	_	_	_	_	_
363-6	BOI078	363	6	tra	tra	_	_	_	_	_	linguistic	_	ContainsVariation=No	_	_	_	_	_	_
363-7	BOI078	363	7	italia	italia	_	_	_	_	_	linguistic	_	ContainsVariation=No	_	_	_	_	_	_
363-8	BOI078	363	8	e:::	e	_	_	_	_	_	linguistic	_	ContainsVariation=No	_	End=584.397	0x3	_	_	_
364-0	BOI079	364	0	((ride))	((ride))	_	_	_	_	_	nonverbalbehavior	_	ContainsVariation=No	_	Begin=580.44|End=580.932	_	_	_	_
365-0	BOR020	365	0	((ride))	((ride))	_	_	_	_	_	nonverbalbehavior	_	ContainsVariation=No	_	Begin=580.46|End=581.68	_	_	_	_
366-0	BOI078	366	0	e	e	_	_	_	_	_	linguistic	_	ContainsVariation=No	_	Begin=585.199	_	_	_	_
366-1	BOI078	366	1	comunque	comunque	_	_	_	_	_	linguistic	_	ContainsVariation=No	_	_	_	_	_	_
366-2	BOI078	366	2	vabbè	vabbè	_	_	_	_	_	linguistic	_	ContainsVariation=No	_	_	_	_	_	_
366-3	BOI078	366	3	e	e	_	_	_	_	_	linguistic	_	ContainsVariation=No	_	_	_	_	_	_
366-4	BOI078	366	4	germania,	germania	_	_	_	_	_	linguistic	_	ContainsVariation=No	Intonation=WeaklyRising	_	_	_	_	_
366-5	BOI078	366	5	insomma	insomma	_	_	_	_	_	linguistic	_	ContainsVariation=No	_	_	_	_	_	_
366-6	BOI078	366	6	perché	perché	_	_	_	_	_	linguistic	_	ContainsVariation=No	_	_	_	_	_	_
366-7	BOI078	366	7	la	la	_	_	_	_	_	linguistic	_	ContainsVariation=No	_	_	_	_	_	_
366-8	BOI078	366	8	mh	mh	_	_	_	_	_	linguistic	_	ContainsVariation=No	_	_	_	_	_	_
366-9	BOI078	366	9	la:	la	_	_	_	_	_	linguistic	_	ContainsVariation=No	_	_	1x1	_	_	_
366-10	BOI078	366	10	la	la	_	_	_	_	_	linguistic	_	ContainsVariation=No	_	_	_	_	_	_
366-11	BOI078	366	11	mia	mia	_	_	_	_	_	linguistic	_	ContainsVariation=No	_	_	_	_	_	_
366-12	BOI078	366	12	scuola	scuola	_	_	_	_	_	linguistic	_	ContainsVariation=No	_	_	_	_	_	_
366-13	BOI078	366	13	elementare	elementare	_	_	_	_	_	linguistic	_	ContainsVariation=No	_	_	_	_	_	_
366-14	BOI078	366	14	fu	fu	_	_	_	_	_	linguistic	_	ContainsVariation=No	_	_	_	_	_	_
366-15	BOI078	366	15	presa	presa	_	_	_	_	_	linguistic	_	ContainsVariation=No	PauseAfter=Yes	_	_	_	_	_
366-16	BOI078	366	16	(.)	(.)	_	_	_	_	_	shortpause	_	ContainsVariation=No	_	_	_	_	_	_
366-17	BOI078	366	17	come	come	_	_	_	_	_	linguistic	_	ContainsVariation=No	_	_	_	_	_	_
366-18	BOI078	366	18	tipo	tipo	_	_	_	_	_	linguistic	_	ContainsVariation=No	PauseAfter=Yes	_	_	_	_	_
366-19	BOI078	366	19	(.)	(.)	_	_	_	_	_	shortpause	_	ContainsVariation=No	_	_	_	_	_	_
366-20	BOI078	366	20	ufficio	ufficio	_	_	_	_	_	linguistic	_	ContainsVariation=No	PauseAfter=Yes	_	_	_	_	_
366-21	BOI078	366	21	(.)	(.)	_	_	_	_	_	shortpause	_	ContainsVariation=No	_	_	_	_	_	_
366-22	BOI078	366	22	dai	dai	_	_	_	_	_	linguistic	_	ContainsVariation=No	_	_	_	_	_	_
366-23	BOI078	366	23	nazisti.	nazisti	_	_	_	_	_	linguistic	_	ContainsVariation=No	Intonation=Falling	End=595.234	_	_	_	_
367-0	BOI078	367	0	>cioè<	cioè	_	_	_	_	_	linguistic	_	ContainsVariation=No	_	Begin=595.57	_	Fast=0-4(0)	_	_
367-1	BOI078	367	1	non	non	_	_	_	_	_	linguistic	_	ContainsVariation=No	_	_	_	_	_	_
367-2	BOI078	367	2	come	come	_	_	_	_	_	linguistic	_	ContainsVariation=No	_	_	_	_	_	_
367-3	BOI078	367	3	ufficio	ufficio	_	_	_	_	_	linguistic	_	ContainsVariation=No	_	_	_	_	_	_
367-4	BOI078	367	4	per	per	_	_	_	_	_	linguistic	_	ContainsVariation=No	_	_	_	_	_	_
367-5	BOI078	367	5	fare:	fare	_	_	_	_	_	linguistic	_	ContainsVariation=No	_	End=597.033	3x1	_	_	_
368-0	BOR020	368	0	eh	eh	_	_	_	_	_	linguistic	_	ContainsVariation=No	_	Begin=597.233	_	_	_	_
368-1	BOR020	368	1	x	x	_	_	_	_	_	unknown	_	ContainsVariation=No	Syllables=1	End=597.865	_	_	_	_
369-0	BOI078	369	0	>cioè<	cioè	_	_	_	_	_	linguistic	_	ContainsVariation=No	_	Begin=597.915	_	Fast=0-4(0)	_	_
369-1	BOI078	369	1	nel	nel	_	_	_	_	_	linguistic	_	ContainsVariation=No	_	_	_	_	_	_
369-2	BOI078	369	2	senso	senso	_	_	_	_	_	linguistic	_	ContainsVariation=No	_	_	_	_	_	_
369-3	BOI078	369	3	ufficio	ufficio	_	_	_	_	_	linguistic	_	ContainsVariation=No	_	End=598.791	_	_	_	_
370-0	BOI078	370	0	e	e	_	_	_	_	_	linguistic	_	ContainsVariation=No	_	Begin=599.455	_	_	_	_
370-1	BOI078	370	1	infatti	infatti	_	_	_	_	_	linguistic	_	ContainsVariation=No	_	_	_	_	_	_
370-2	BOI078	370	2	e::h	eh	_	_	_	_	_	linguistic	_	ContainsVariation=No	_	_	0x2	_	_	_
370-3	BOI078	370	3	nella	nella	_	_	_	_	_	linguistic	_	ContainsVariation=No	_	_	_	_	_	_
370-4	BOI078	370	4	mia	mia	_	_	_	_	_	linguistic	_	ContainsVariation=No	_	_	_	_	_	_
370-5	BOI078	370	5	scuola	scuola	_	_	_	_	_	linguistic	_	ContainsVariation=No	_	_	_	_	_	_
370-6	BOI078	370	6	venne:	venne	_	_	_	_	_	linguistic	_	ContainsVariation=No	PauseAfter=Yes	_	4x1	_	_	_
370-7	BOI078	370	7	(.)	(.)	_	_	_	_	_	shortpause	_	ContainsVariation=No	_	_	_	_	_	_
370-8	BOI078	370	8	fucilato	fucilato	_	_	_	_	_	linguistic	_	ContainsVariation=No	_	_	_	_	_	_
370-9	BOI078	370	9	un	un	_	_	_	_	_	linguistic	_	ContainsVariation=No	_	_	_	_	_	_
370-10	BOI078	370	10	partigiano.	partigiano	_	_	_	_	_	linguistic	_	ContainsVariation=No	Intonation=Falling	_	_	_	_	_
370-11	BOI078	370	11	c'	c'	_	_	_	_	_	linguistic	_	ContainsVariation=No	SpaceAfter=No	_	_	_	_	_
370-12	BOI078	370	12	è	è	_	_	_	_	_	linguistic	_	ContainsVariation=No	_	_	_	_	_	_
370-13	BOI078	370	13	la	la	_	_	_	_	_	linguistic	_	ContainsVariation=No	_	_	_	_	_	_
370-14	BOI078	370	14	la	la	_	_	_	_	_	linguistic	_	ContainsVariation=No	_	_	_	_	_	_
370-15	BOI078	370	15	lapide,	lapide	_	_	_	_	_	linguistic	_	ContainsVariation=No	Intonation=WeaklyRising|PauseAfter=Yes	_	_	_	_	_
370-16	BOI078	370	16	(.)	(.)	_	_	_	_	_	shortpause	_	ContainsVariation=No	_	_	_	_	_	_
370-17	BOI078	370	17	[la	la	_	_	_	_	_	linguistic	_	ContainsVariation=No	_	_	_	_	_	0-2(136)
370-18	BOI078	370	18	t]arghetta	targhetta	_	_	_	_	_	linguistic	_	ContainsVariation=No	_	_	_	_	_	0-1(136)
370-19	BOI078	370	19	ogni	ogni	_	_	_	_	_	linguistic	_	ContainsVariation=No	_	_	_	_	_	_
370-20	BOI078	370	20	anno	anno	_	_	_	_	_	linguistic	_	ContainsVariation=No	_	_	_	_	_	_
370-21	BOI078	370	21	vengono:	vengono	_	_	_	_	_	linguistic	_	ContainsVariation=No	PauseAfter=Yes	_	6x1	_	_	_
370-22	BOI078	370	22	(.)	(.)	_	_	_	_	_	shortpause	_	ContainsVariation=No	_	_	_	_	_	_
370-23	BOI078	370	23	quelli	quelli	_	_	_	_	_	linguistic	_	ContainsVariation=No	_	_	_	_	_	_
370-24	BOI078	370	24	dell'	dell'	_	_	_	_	_	linguistic	_	ContainsVariation=No	SpaceAfter=No	_	_	_	_	_
370-25	BOI078	370	25	anpi	anpi	_	_	_	_	_	linguistic	_	ContainsVariation=No	_	End=608.923	_	_	_	_
371-0	BOR020	371	0	[wow]	wow	_	_	_	_	_	linguistic	_	ContainsVariation=No	_	Begin=604.958|End=605.575	_	_	_	0-3(136)
372-0	BOI078	372	0	a:	a	_	_	_	_	_	linguistic	_	ContainsVariation=No	_	Begin=609.536	0x1	_	_	_
372-1	BOI078	372	1	portare	portare	_	_	_	_	_	linguistic	_	ContainsVariation=No	_	_	_	_	_	_
372-2	BOI078	372	2	la	la	_	_	_	_	_	linguistic	_	ContainsVariation=No	_	_	_	_	_	_
372-3	BOI078	372	3	ghirlanda	ghirlanda	_	_	_	_	_	linguistic	_	ContainsVariation=No	PauseAfter=Yes	_	_	_	_	_
372-4	BOI078	372	4	(.)	(.)	_	_	_	_	_	shortpause	_	ContainsVariation=No	_	_	_	_	_	_
372-5	BOI078	372	5	di	di	_	_	_	_	_	linguistic	_	ContainsVariation=No	_	_	_	_	_	_
372-6	BOI078	372	6	fiori	fiori	_	_	_	_	_	linguistic	_	ContainsVariation=No	_	End=612.323	_	_	_	_
373-0	BOI078	373	0	>quindi<	quindi	_	_	_	_	_	linguistic	_	ContainsVariation=No	PauseAfter=Yes	Begin=612.591	_	Fast=0-6(0)	_	_
373-1	BOI078	373	1	(.)	(.)	_	_	_	_	_	shortpause	_	ContainsVariation=No	_	_	_	_	_	_
373-2	BOI078	373	2	è	è	_	_	_	_	_	linguistic	_	ContainsVariation=No	_	_	_	_	_	_
373-3	BOI078	373	3	una	una	_	_	_	_	_	linguistic	_	ContainsVariation=No	_	_	_	_	_	_
373-4	BOI078	373	4	via	via	_	_	_	_	_	linguistic	_	ContainsVariation=No	_	_	_	_	_	_
373-5	BOI078	373	5	importante	importante	_	_	_	_	_	linguistic	_	ContainsVariation=No	_	_	_	_	_	_
373-6	BOI078	373	6	anche	anche	_	_	_	_	_	linguistic	_	ContainsVariation=No	_	_	_	_	_	_
373-7	BOI078	373	7	dal	dal	_	_	_	_	_	linguistic	_	ContainsVariation=No	_	_	_	_	_	_
373-8	BOI078	373	8	punto	punto	_	_	_	_	_	linguistic	_	ContainsVariation=No	_	_	_	_	_	_
373-9	BOI078	373	9	di	di	_	_	_	_	_	linguistic	_	ContainsVariation=No	_	_	_	_	_	_
373-10	BOI078	373	10	vista	vista	_	_	_	_	_	linguistic	_	ContainsVariation=No	PauseAfter=Yes	_	_	_	_	_
373-11	BOI078	373	11	(.)	(.)	_	_	_	_	_	shortpause	_	ContainsVariation=No	_	_	_	_	_	_
373-12	BOI078	373	12	storico	storico	_	_	_	_	_	linguistic	_	ContainsVariation=No	_	End=615.216	_	_	_	_
374-0	BOI078	374	0	e	e	_	_	_	_	_	linguistic	_	ContainsVariation=No	_	Begin=615.721	_	_	_	_
374-1	BOI078	374	1	poi	poi	_	_	_	_	_	linguistic	_	ContainsVariation=No	_	_	_	_	_	_
374-2	BOI078	374	2	comunque	comunque	_	_	_	_	_	linguistic	_	ContainsVariation=No	_	_	_	_	_	_
374-3	BOI078	374	3	è	è	_	_	_	_	_	linguistic	_	ContainsVariation=No	_	_	_	_	_	_
374-4	BOI078	374	4	una	una	_	_	_	_	_	linguistic	_	ContainsVariation=No	_	_	_	_	_	_
374-5	BOI078	374	5	bella	bella	_	_	_	_	_	linguistic	_	ContainsVariation=No	_	_	_	_	_	_
374-6	BOI078	374	6	via	via	_	_	_	_	_	linguistic	_	ContainsVariation=No	_	_	_	_	_	_
374-7	BOI078	374	7	ci	ci	_	_	_	_	_	linguistic	_	ContainsVariation=No	_	_	_	_	_	_
374-8	BOI078	374	8	sono::	sono	_	_	_	_	_	linguistic	_	ContainsVariation=No	_	_	3x2	_	_	_
374-9	BOI078	374	9	i	i	_	_	_	_	_	linguistic	_	ContainsVariation=No	_	_	_	_	_	_
374-10	BOI078	374	10	campi	campi	_	_	_	_	_	linguistic	_	ContainsVariation=No	_	_	_	_	_	_
374-11	BOI078	374	11	ancora	ancora	_	_	_	_	_	linguistic	_	ContainsVariation=No	PauseAfter=Yes	_	_	_	_	_
374-12	BOI078	374	12	(.)	(.)	_	_	_	_	_	shortpause	_	ContainsVariation=No	_	_	_	_	_	_
374-13	BOI078	374	13	campi	campi	_	_	_	_	_	linguistic	_	ContainsVariation=No	PauseAfter=Yes	_	_	_	_	_
374-14	BOI078	374	14	(.)	(.)	_	_	_	_	_	shortpause	_	ContainsVariation=No	_	_	_	_	_	_
374-15	BOI078	374	15	coltivati	coltivati	_	_	_	_	_	linguistic	_	ContainsVariation=No	_	End=620.297	_	_	_	_
375-0	BOI078	375	0	poi	poi	_	_	_	_	_	linguistic	_	ContainsVariation=No	_	Begin=621.031	_	_	_	_
375-1	BOI078	375	1	c'	c'	_	_	_	_	_	linguistic	_	ContainsVariation=No	SpaceAfter=No	_	_	_	_	_
375-2	BOI078	375	2	è	è	_	_	_	_	_	linguistic	_	ContainsVariation=No	_	_	_	_	_	_
375-3	BOI078	375	3	[vabbè	vabbè	_	_	_	_	_	linguistic	_	ContainsVariation=No	PauseAfter=Yes	_	_	_	_	0-5(443)
375-4	BOI078	375	4	(.)	(.)	_	_	_	_	_	shortpause	_	ContainsVariation=No	_	_	_	_	_	X(443)
375-5	BOI078	375	5	beh	beh	_	_	_	_	_	linguistic	_	ContainsVariation=No	PauseAfter=Yes	_	_	_	_	0-3(443)
375-6	BOI078	375	6	(.)	(.)	_	_	_	_	_	shortpause	_	ContainsVariation=No	_	_	_	_	_	X(443)
375-7	BOI078	375	7	un]	un	_	_	_	_	_	linguistic	_	ContainsVariation=No	_	_	_	_	_	0-2(443)
375-8	BOI078	375	8	camp~	camp~	_	_	_	_	_	linguistic	_	ContainsVariation=No	Interrupted=Yes	_	_	_	_	_
375-9	BOI078	375	9	due	due	_	_	_	_	_	linguistic	_	ContainsVariation=No	_	_	_	_	_	_
375-10	BOI078	375	10	campi	campi	_	_	_	_	_	linguistic	_	ContainsVariation=No	_	_	_	_	_	_
375-11	BOI078	375	11	coltiv[ati]	coltivati	_	_	_	_	_	linguistic	_	ContainsVariation=No	_	End=624.627	_	_	_	5-9(137)
376-0	BOI079	376	0	[e:h	eh	_	_	_	_	_	linguistic	_	ContainsVariation=No	_	Begin=621.323	0x1	_	_	0-2(443)
376-1	BOI079	376	1	sì	sì	_	_	_	_	_	linguistic	_	ContainsVariation=No	_	_	_	_	_	0-2(443)
376-2	BOI079	376	2	campi	campi	_	_	_	_	_	linguistic	_	ContainsVariation=No	_	_	_	_	_	0-5(443)
376-3	BOI079	376	3	coltivati]	coltivati	_	_	_	_	_	linguistic	_	ContainsVariation=No	_	End=622.926	_	_	_	0-9(443)
377-0	BOR020	377	0	((ride))	((ride))	_	_	_	_	_	nonverbalbehavior	_	ContainsVariation=No	_	Begin=622.764|End=623.944	_	_	_	_
378-0	BOI079	378	0	[sì]	sì	_	_	_	_	_	linguistic	_	ContainsVariation=No	_	Begin=624.329	_	_	_	0-2(137)
378-1	BOI079	378	1	[no	no	_	_	_	_	_	linguistic	_	ContainsVariation=No	_	_	_	_	_	0-2(138)
378-2	BOI079	378	2	vabbè	vabbè	_	_	_	_	_	linguistic	_	ContainsVariation=No	_	_	_	_	_	0-5(138)
378-3	BOI079	378	3	dai	dai	_	_	_	_	_	linguistic	_	ContainsVariation=No	_	_	_	_	_	0-3(138)
378-4	BOI079	378	4	ci	ci	_	_	_	_	_	linguistic	_	ContainsVariation=No	_	_	_	_	_	0-2(138)
378-5	BOI079	378	5	coltivan]o	coltivano	_	_	_	_	_	linguistic	_	ContainsVariation=No	_	_	_	_	_	0-8(138)
378-6	BOI079	378	6	((ride))	((ride))	_	_	_	_	_	nonverbalbehavior	_	ContainsVariation=No	_	End=626.641	_	_	_	_
379-0	BOR022	379	0	[è	è	_	_	_	_	_	linguistic	_	ContainsVariation=No	_	Begin=624.627	_	_	_	0-1(138)
379-1	BOR022	379	1	ancora	ancora	_	_	_	_	_	linguistic	_	ContainsVariation=No	_	_	_	_	_	0-6(138)
379-2	BOR022	379	2	tutta	tutta	_	_	_	_	_	linguistic	_	ContainsVariation=No	_	_	_	_	_	0-5(138)
379-3	BOR022	379	3	campagna]	campagna	_	_	_	_	_	linguistic	_	ContainsVariation=No	_	End=625.994	_	_	_	0-8(138)
380-0	BOI078	380	0	no	no	_	_	_	_	_	linguistic	_	ContainsVariation=No	_	Begin=626.577	_	_	_	_
380-1	BOI078	380	1	non	non	_	_	_	_	_	linguistic	_	ContainsVariation=No	_	_	_	_	_	_
380-2	BOI078	380	2	ci	ci	_	_	_	_	_	linguistic	_	ContainsVariation=No	_	_	_	_	_	_
380-3	BOI078	380	3	coltivano	coltivano	_	_	_	_	_	linguistic	_	ContainsVariation=No	_	_	_	_	_	_
380-4	BOI078	380	4	niente.	niente	_	_	_	_	_	linguistic	_	ContainsVariation=No	Intonation=Falling	_	_	_	_	_
380-5	BOI078	380	5	PERÒ	però	_	_	_	_	_	linguistic	_	ContainsVariation=No	Volume=high	_	_	_	_	_
380-6	BOI078	380	6	è::	è	_	_	_	_	_	linguistic	_	ContainsVariation=No	_	_	0x2	_	_	_
380-7	BOI078	380	7	bella.	bella	_	_	_	_	_	linguistic	_	ContainsVariation=No	Intonation=Falling	_	_	_	_	_
380-8	BOI078	380	8	poi	poi	_	_	_	_	_	linguistic	_	ContainsVariation=No	_	_	_	_	_	_
380-9	BOI078	380	9	c(io)è:	cioè	_	_	_	_	_	linguistic	_	ContainsVariation=No	Reduced=Yes	_	3x1	_	_	_
380-10	BOI078	380	10	dietro	dietro	_	_	_	_	_	linguistic	_	ContainsVariation=No	_	_	_	_	_	_
380-11	BOI078	380	11	ci	ci	_	_	_	_	_	linguistic	_	ContainsVariation=No	_	_	_	_	_	_
380-12	BOI078	380	12	sono	sono	_	_	_	_	_	linguistic	_	ContainsVariation=No	_	_	_	_	_	_
380-13	BOI078	380	13	i:	i	_	_	_	_	_	linguistic	_	ContainsVariation=No	_	End=631.011	0x1	_	_	_
381-0	BOI078	381	0	c'	c'	_	_	_	_	_	linguistic	_	ContainsVariation=No	SpaceAfter=No	Begin=631.497	_	_	_	_
381-1	BOI078	381	1	è	è	_	_	_	_	_	linguistic	_	ContainsVariation=No	_	_	_	_	_	_
381-2	BOI078	381	2	tutta	tutta	_	_	_	_	_	linguistic	_	ContainsVariation=No	_	_	_	_	_	_
381-3	BOI078	381	3	@nomeluogo,	@nomeluogo	_	_	_	_	_	anonymized	_	ContainsVariation=No	Intonation=WeaklyRising|Anonymized=Yes	_	_	_	_	_
381-4	BOI078	381	4	che	che	_	_	_	_	_	linguistic	_	ContainsVariation=No	_	_	_	_	_	_
381-5	BOI078	381	5	è	è	_	_	_	_	_	linguistic	_	ContainsVariation=No	_	_	_	_	_	_
381-6	BOI078	381	6	una	una	_	_	_	_	_	linguistic	_	ContainsVariation=No	_	_	_	_	_	_
381-7	BOI078	381	7	via	via	_	_	_	_	_	linguistic	_	ContainsVariation=No	_	_	_	_	_	_
381-8	BOI078	381	8	storica	storica	_	_	_	_	_	linguistic	_	ContainsVariation=No	_	_	_	_	_	_
381-9	BOI078	381	9	che	che	_	_	_	_	_	linguistic	_	ContainsVariation=No	_	_	_	_	_	_
381-10	BOI078	381	10	ancora	ancora	_	_	_	_	_	linguistic	_	ContainsVariation=No	_	_	_	_	_	_
381-11	BOI078	381	11	è	è	_	_	_	_	_	linguistic	_	ContainsVariation=No	_	_	_	_	_	_
381-12	BOI078	381	12	rimasta	rimasta	_	_	_	_	_	linguistic	_	ContainsVariation=No	_	_	_	_	_	_
381-13	BOI078	381	13	praticamente	praticamente	_	_	_	_	_	linguistic	_	ContainsVariation=No	_	_	_	_	_	_
381-14	BOI078	381	14	intatta	intatta	_	_	_	_	_	linguistic	_	ContainsVariation=No	_	_	_	_	_	_
381-15	BOI078	381	15	dai	dai	_	_	_	_	_	linguistic	_	ContainsVariation=No	_	_	_	_	_	_
381-16	BOI078	381	16	dal	dal	_	_	_	_	_	linguistic	_	ContainsVariation=No	_	_	_	_	_	_
381-17	BOI078	381	17	eh	eh	_	_	_	_	_	linguistic	_	ContainsVariation=No	_	_	_	_	_	_
381-18	BOI078	381	18	da~	da~	_	_	_	_	_	linguistic	_	ContainsVariation=No	Interrupted=Yes	_	_	_	_	_
381-19	BOI078	381	19	dall'	dall'	_	_	_	_	_	linguistic	_	ContainsVariation=No	SpaceAfter=No	_	_	_	_	_
381-20	BOI078	381	20	ottocen~	ottocen~	_	_	_	_	_	linguistic	_	ContainsVariation=No	Interrupted=Yes	_	_	_	_	_
381-21	BOI078	381	21	dal	dal	_	_	_	_	_	linguistic	_	ContainsVariation=No	_	_	_	_	_	_
381-22	BOI078	381	22	novecento	novecento	_	_	_	_	_	linguistic	_	ContainsVariation=No	_	End=638.044	_	_	_	_
382-0	BOI078	382	0	°anche	anche	_	_	_	_	_	linguistic	_	ContainsVariation=No	Volume=low	Begin=638.526	_	_	_	_
382-1	BOI078	382	1	le	le	_	_	_	_	_	linguistic	_	ContainsVariation=No	Volume=low	_	_	_	_	_
382-2	BOI078	382	2	stesse	stesse	_	_	_	_	_	linguistic	_	ContainsVariation=No	Volume=low	_	_	_	_	_
382-3	BOI078	382	3	persone	persone	_	_	_	_	_	linguistic	_	ContainsVariation=No	Volume=low	_	_	_	_	_
382-4	BOI078	382	4	non	non	_	_	_	_	_	linguistic	_	ContainsVariation=No	Volume=low	_	_	_	_	_
382-5	BOI078	382	5	non	non	_	_	_	_	_	linguistic	_	ContainsVariation=No	Volume=low	_	_	_	_	_
382-6	BOI078	382	6	muoiono	muoiono	_	_	_	_	_	linguistic	_	ContainsVariation=No	Volume=low	_	_	_	_	_
382-7	BOI078	382	7	mai	mai	_	_	_	_	_	linguistic	_	ContainsVariation=No	Volume=low	_	_	_	_	_
382-8	BOI078	382	8	son	son	_	_	_	_	_	linguistic	_	ContainsVariation=No	Volume=low	_	_	_	_	_
382-9	BOI078	382	9	sempre	sempre	_	_	_	_	_	linguistic	_	ContainsVariation=No	Volume=low	_	_	_	_	_
382-10	BOI078	382	10	le	le	_	_	_	_	_	linguistic	_	ContainsVariation=No	Volume=low	_	_	_	_	_
382-11	BOI078	382	11	stess(e)°	stesse	_	_	_	_	_	linguistic	_	ContainsVariation=No	Volume=low	End=641.643	_	_	5-6(0)	_
383-0	BOR020	383	0	((ride))	((ride))	_	_	_	_	_	nonverbalbehavior	_	ContainsVariation=No	_	Begin=641.502|End=641.677	_	_	_	_
384-0	BOI078	384	0	E:::m:::h	emh	_	_	_	_	_	linguistic	_	ContainsVariation=No	Volume=high	Begin=641.96|End=643.741	0x3,1x3	_	_	_
385-0	BOI078	385	0	e	e	_	_	_	_	_	linguistic	_	ContainsVariation=No	_	Begin=644.751	_	_	_	_
385-1	BOI078	385	1	basta	basta	_	_	_	_	_	linguistic	_	ContainsVariation=No	_	End=645.408	_	_	_	_
386-0	BOI078	386	0	più	più	_	_	_	_	_	linguistic	_	ContainsVariation=No	_	Begin=645.634	_	_	_	_
386-1	BOI078	386	1	che	che	_	_	_	_	_	linguistic	_	ContainsVariation=No	_	_	_	_	_	_
386-2	BOI078	386	2	altro	altro	_	_	_	_	_	linguistic	_	ContainsVariation=No	_	_	_	_	_	_
386-3	BOI078	386	3	sì.	sì	_	_	_	_	_	linguistic	_	ContainsVariation=No	Intonation=Falling	_	_	_	_	_
386-4	BOI078	386	4	c'	c'	_	_	_	_	_	linguistic	_	ContainsVariation=No	SpaceAfter=No	_	_	_	_	_
386-5	BOI078	386	5	è	è	_	_	_	_	_	linguistic	_	ContainsVariation=No	_	_	_	_	_	_
386-6	BOI078	386	6	una	una	_	_	_	_	_	linguistic	_	ContainsVariation=No	_	_	_	_	_	_
386-7	BOI078	386	7	fabbrica	fabbrica	_	_	_	_	_	linguistic	_	ContainsVariation=No	_	_	_	_	_	_
386-8	BOI078	386	8	di	di	_	_	_	_	_	linguistic	_	ContainsVariation=No	_	_	_	_	_	_
386-9	BOI078	386	9	crack	crack	_	_	_	_	_	linguistic	_	ContainsVariation=No	_	_	_	_	_	_
386-10	BOI078	386	10	e:h	eh	_	_	_	_	_	linguistic	_	ContainsVariation=No	_	_	0x1	_	_	_
386-11	BOI078	386	11	di	di	_	_	_	_	_	linguistic	_	ContainsVariation=No	_	_	_	_	_	_
386-12	BOI078	386	12	fianco	fianco	_	_	_	_	_	linguistic	_	ContainsVariation=No	_	_	_	_	_	_
386-13	BOI078	386	13	a	a	_	_	_	_	_	linguistic	_	ContainsVariation=No	_	_	_	_	_	_
386-14	BOI078	386	14	casa	casa	_	_	_	_	_	linguistic	_	ContainsVariation=No	_	_	_	_	_	_
386-15	BOI078	386	15	mia	mia	_	_	_	_	_	linguistic	_	ContainsVariation=No	PauseAfter=Yes	_	_	_	_	_
386-16	BOI078	386	16	(.)	(.)	_	_	_	_	_	shortpause	_	ContainsVariation=No	_	_	_	_	_	_
386-17	BOI078	386	17	quella	quella	_	_	_	_	_	linguistic	_	ContainsVariation=No	_	_	_	_	_	_
386-18	BOI078	386	18	purtroppo	purtroppo	_	_	_	_	_	linguistic	_	ContainsVariation=No	_	_	_	_	_	_
386-19	BOI078	386	19	non	non	_	_	_	_	_	linguistic	_	ContainsVariation=No	_	_	_	_	_	_
386-20	BOI078	386	20	si	si	_	_	_	_	_	linguistic	_	ContainsVariation=No	_	_	_	_	_	_
386-21	BOI078	386	21	può	può	_	_	_	_	_	linguistic	_	ContainsVariation=No	_	_	_	_	_	_
386-22	BOI078	386	22	togliere	togliere	_	_	_	_	_	linguistic	_	ContainsVariation=No	_	End=650.054	_	_	_	_
387-0	BOR020	387	0	fa	fa	_	_	_	_	_	linguistic	_	ContainsVariation=No	_	Begin=650.13	_	_	_	_
387-1	BOR020	387	1	parte	parte	_	_	_	_	_	linguistic	_	ContainsVariation=No	_	_	_	_	_	_
387-2	BOR020	387	2	anch[e	anche	_	_	_	_	_	linguistic	_	ContainsVariation=No	_	_	_	_	_	4-5(141)
387-3	BOR020	387	3	quello	quello	_	_	_	_	_	linguistic	_	ContainsVariation=No	_	_	_	_	_	0-6(141)
387-4	BOR020	387	4	(di):]	di	_	_	_	_	_	linguistic	_	ContainsVariation=No	_	End=651.367	1x1	_	0-2(0)	0-2(141)
388-0	BOI078	388	0	[è	è	_	_	_	_	_	linguistic	_	ContainsVariation=No	_	Begin=650.664	_	_	_	0-1(141)
388-1	BOI078	388	1	stata:	stata	_	_	_	_	_	linguistic	_	ContainsVariation=No	_	_	4x1	_	_	0-5(141)
388-2	BOI078	388	2	è	è	_	_	_	_	_	linguistic	_	ContainsVariation=No	_	_	_	_	_	0-1(141)
388-3	BOI078	388	3	st]ata	stata	_	_	_	_	_	linguistic	_	ContainsVariation=No	_	_	_	_	_	0-2(141)
388-4	BOI078	388	4	dichiarata	dichiarata	_	_	_	_	_	linguistic	_	ContainsVariation=No	_	_	_	_	_	_
388-5	BOI078	388	5	sì	sì	_	_	_	_	_	linguistic	_	ContainsVariation=No	_	_	_	_	_	_
388-6	BOI078	388	6	parte	parte	_	_	_	_	_	linguistic	_	ContainsVariation=No	_	_	_	_	_	_
388-7	BOI078	388	7	del	del	_	_	_	_	_	linguistic	_	ContainsVariation=No	_	_	_	_	_	_
388-8	BOI078	388	8	eh	eh	_	_	_	_	_	linguistic	_	ContainsVariation=No	_	_	_	_	_	_
388-9	BOI078	388	9	del	del	_	_	_	_	_	linguistic	_	ContainsVariation=No	_	_	_	_	_	_
388-10	BOI078	388	10	patrimonio	patrimonio	_	_	_	_	_	linguistic	_	ContainsVariation=No	_	_	_	_	_	_
388-11	BOI078	388	11	quindi	quindi	_	_	_	_	_	linguistic	_	ContainsVariation=No	_	_	_	_	_	_
388-12	BOI078	388	12	non	non	_	_	_	_	_	linguistic	_	ContainsVariation=No	_	_	_	_	_	_
388-13	BOI078	388	13	si	si	_	_	_	_	_	linguistic	_	ContainsVariation=No	_	_	_	_	_	_
388-14	BOI078	388	14	può:	può	_	_	_	_	_	linguistic	_	ContainsVariation=No	_	_	2x1	_	_	_
388-15	BOI078	388	15	non	non	_	_	_	_	_	linguistic	_	ContainsVariation=No	_	_	_	_	_	_
388-16	BOI078	388	16	si	si	_	_	_	_	_	linguistic	_	ContainsVariation=No	_	_	_	_	_	_
388-17	BOI078	388	17	può	può	_	_	_	_	_	linguistic	_	ContainsVariation=No	_	_	_	_	_	_
388-18	BOI078	388	18	togliere	togliere	_	_	_	_	_	linguistic	_	ContainsVariation=No	_	End=655.282	_	_	_	_
389-0	BOR020	389	0	cosa	cosa	_	_	_	_	_	linguistic	_	ContainsVariation=No	_	Begin=655.725	_	_	_	_
389-1	BOR020	389	1	significa?	significa	_	_	_	_	_	linguistic	_	ContainsVariation=No	Intonation=Rising	_	_	_	_	_
389-2	BOR020	389	2	°fabbrica	fabbrica	_	_	_	_	_	linguistic	_	ContainsVariation=No	Volume=low	_	_	_	_	_
389-3	BOR020	389	3	di	di	_	_	_	_	_	linguistic	_	ContainsVariation=No	Volume=low	_	_	_	_	_
389-4	BOR020	389	4	crack°	crack	_	_	_	_	_	linguistic	_	ContainsVariation=No	Volume=low	End=657.38	_	_	_	_
390-0	BOI078	390	0	>cioè<	cioè	_	_	_	_	_	linguistic	_	ContainsVariation=No	_	Begin=657.42	_	Fast=0-4(0)	_	_
390-1	BOI078	390	1	penso	penso	_	_	_	_	_	linguistic	_	ContainsVariation=No	_	_	_	_	_	_
390-2	BOI078	390	2	che	che	_	_	_	_	_	linguistic	_	ContainsVariation=No	_	_	_	_	_	_
390-3	BOI078	390	3	sia	sia	_	_	_	_	_	linguistic	_	ContainsVariation=No	_	_	_	_	_	_
390-4	BOI078	390	4	proprio	proprio	_	_	_	_	_	linguistic	_	ContainsVariation=No	PauseAfter=Yes	_	_	_	_	_
390-5	BOI078	390	5	(.)	(.)	_	_	_	_	_	shortpause	_	ContainsVariation=No	_	_	_	_	_	_
390-6	BOI078	390	6	ma	ma	_	_	_	_	_	linguistic	_	ContainsVariation=No	_	_	_	_	_	_
390-7	BOI078	390	7	m:h	mh	_	_	_	_	_	linguistic	_	ContainsVariation=No	_	_	0x1	_	_	_
390-8	BOI078	390	8	ho	ho	_	_	_	_	_	linguistic	_	ContainsVariation=No	_	_	_	_	_	_
390-9	BOI078	390	9	dei	dei	_	_	_	_	_	linguistic	_	ContainsVariation=No	_	_	_	_	_	_
390-10	BOI078	390	10	seri	seri	_	_	_	_	_	linguistic	_	ContainsVariation=No	PauseAfter=Yes	_	_	_	_	_
390-11	BOI078	390	11	(.)	(.)	_	_	_	_	_	shortpause	_	ContainsVariation=No	_	_	_	_	_	_
390-12	BOI078	390	12	ho	ho	_	_	_	_	_	linguistic	_	ContainsVariation=No	_	_	_	_	_	_
390-13	BOI078	390	13	delle	delle	_	_	_	_	_	linguistic	_	ContainsVariation=No	_	End=660.719	_	_	_	_
391-0	BOI078	391	0	prove	prove	_	_	_	_	_	linguistic	_	ContainsVariation=No	_	Begin=661.421	_	_	_	_
391-1	BOI078	391	1	concrete.	concrete	_	_	_	_	_	linguistic	_	ContainsVariation=No	Intonation=Falling	_	_	_	_	_
391-2	BOI078	391	2	>cioè<	cioè	_	_	_	_	_	linguistic	_	ContainsVariation=No	_	_	_	Fast=0-4(0)	_	_
391-3	BOI078	391	3	non	non	_	_	_	_	_	linguistic	_	ContainsVariation=No	PauseAfter=Yes	_	_	_	_	_
391-4	BOI078	391	4	(.)	(.)	_	_	_	_	_	shortpause	_	ContainsVariation=No	_	_	_	_	_	_
391-5	BOI078	391	5	non	non	_	_	_	_	_	linguistic	_	ContainsVariation=No	_	_	_	_	_	_
391-6	BOI078	391	6	ho	ho	_	_	_	_	_	linguistic	_	ContainsVariation=No	_	_	_	_	_	_
391-7	BOI078	391	7	prove	prove	_	_	_	_	_	linguistic	_	ContainsVariation=No	_	_	_	_	_	_
391-8	BOI078	391	8	concrete	concrete	_	_	_	_	_	linguistic	_	ContainsVariation=No	_	_	_	_	_	_
391-9	BOI078	391	9	visto	visto	_	_	_	_	_	linguistic	_	ContainsVariation=No	_	_	_	_	_	_
391-10	BOI078	391	10	che	che	_	_	_	_	_	linguistic	_	ContainsVariation=No	_	_	_	_	_	_
391-11	BOI078	391	11	non	non	_	_	_	_	_	linguistic	_	ContainsVariation=No	PauseAfter=Yes	_	_	_	_	_
391-12	BOI078	391	12	(.)	(.)	_	_	_	_	_	shortpause	_	ContainsVariation=No	_	_	_	_	_	_
391-13	BOI078	391	13	non	non	_	_	_	_	_	linguistic	_	ContainsVariation=No	_	_	_	_	_	_
391-14	BOI078	391	14	la	la	_	_	_	_	_	linguistic	_	ContainsVariation=No	_	_	_	_	_	_
391-15	BOI078	391	15	compro	compro	_	_	_	_	_	linguistic	_	ContainsVariation=No	_	_	_	_	_	_
391-16	BOI078	391	16	non	non	_	_	_	_	_	linguistic	_	ContainsVariation=No	_	_	_	_	_	_
391-17	BOI078	391	17	lo	lo	_	_	_	_	_	linguistic	_	ContainsVariation=No	_	_	_	_	_	_
391-18	BOI078	391	18	compro	compro	_	_	_	_	_	linguistic	_	ContainsVariation=No	_	_	_	_	_	_
391-19	BOI078	391	19	lì	lì	_	_	_	_	_	linguistic	_	ContainsVariation=No	_	_	_	_	_	_
391-20	BOI078	391	20	il	il	_	_	_	_	_	linguistic	_	ContainsVariation=No	_	_	_	_	_	_
391-21	BOI078	391	21	crack	crack	_	_	_	_	_	linguistic	_	ContainsVariation=No	_	End=665.91	_	_	_	_
392-0	BOI078	392	0	E:::H	eh	_	_	_	_	_	linguistic	_	ContainsVariation=No	Volume=high	Begin=666.52	0x3	_	_	_
392-1	BOI078	392	1	però	però	_	_	_	_	_	linguistic	_	ContainsVariation=No	_	_	_	_	_	_
392-2	BOI078	392	2	non	non	_	_	_	_	_	linguistic	_	ContainsVariation=No	_	_	_	_	_	_
392-3	BOI078	392	3	e:::h	eh	_	_	_	_	_	linguistic	_	ContainsVariation=No	_	_	0x3	_	_	_
392-4	BOI078	392	4	m:::h	mh	_	_	_	_	_	linguistic	_	ContainsVariation=No	_	End=670.085	0x3	_	_	_
393-0	BOI078	393	0	non	non	_	_	_	_	_	linguistic	_	ContainsVariation=No	_	Begin=670.461	_	_	_	_
393-1	BOI078	393	1	l'	l'	_	_	_	_	_	linguistic	_	ContainsVariation=No	SpaceAfter=No	_	_	_	_	_
393-2	BOI078	393	2	ho	ho	_	_	_	_	_	linguistic	_	ContainsVariation=No	_	_	_	_	_	_
393-3	BOI078	393	3	an~	an~	_	_	_	_	_	linguistic	_	ContainsVariation=No	Interrupted=Yes	_	_	_	_	_
393-4	BOI078	393	4	non	non	_	_	_	_	_	linguistic	_	ContainsVariation=No	_	_	_	_	_	_
393-5	BOI078	393	5	so	so	_	_	_	_	_	linguistic	_	ContainsVariation=No	_	_	_	_	_	_
393-6	BOI078	393	6	<cioè>	cioè	_	_	_	_	_	linguistic	_	ContainsVariation=No	_	_	_	Slow=0-4(0)	_	_
393-7	BOI078	393	7	vedo	vedo	_	_	_	_	_	linguistic	_	ContainsVariation=No	PauseAfter=Yes	_	_	_	_	_
393-8	BOI078	393	8	(.)	(.)	_	_	_	_	_	shortpause	_	ContainsVariation=No	_	_	_	_	_	_
393-9	BOI078	393	9	>proprio<	proprio	_	_	_	_	_	linguistic	_	ContainsVariation=No	_	_	_	Fast=0-7(0)	_	_
393-10	BOI078	393	10	che	che	_	_	_	_	_	linguistic	_	ContainsVariation=No	_	_	_	_	_	_
393-11	BOI078	393	11	si	si	_	_	_	_	_	linguistic	_	ContainsVariation=No	_	_	_	_	_	_
393-12	BOI078	393	12	st~	st~	_	_	_	_	_	linguistic	_	ContainsVariation=No	Interrupted=Yes	_	_	_	_	_
393-13	BOI078	393	13	si	si	_	_	_	_	_	linguistic	_	ContainsVariation=No	_	_	_	_	_	_
393-14	BOI078	393	14	fan	fan	_	_	_	_	_	linguistic	_	ContainsVariation=No	_	_	_	_	_	_
393-15	BOI078	393	15	delle	delle	_	_	_	_	_	linguistic	_	ContainsVariation=No	_	_	_	_	_	_
393-16	BOI078	393	16	cose	cose	_	_	_	_	_	linguistic	_	ContainsVariation=No	_	_	_	_	_	_
393-17	BOI078	393	17	losche	losche	_	_	_	_	_	linguistic	_	ContainsVariation=No	_	_	_	_	_	_
393-18	BOI078	393	18	dentro	dentro	_	_	_	_	_	linguistic	_	ContainsVariation=No	_	End=673.954	_	_	_	_
394-0	BOI078	394	0	perché	perché	_	_	_	_	_	linguistic	_	ContainsVariation=No	_	Begin=674.407	_	_	_	_
394-1	BOI078	394	1	vedo	vedo	_	_	_	_	_	linguistic	_	ContainsVariation=No	_	_	_	_	_	_
394-2	BOI078	394	2	queste	queste	_	_	_	_	_	linguistic	_	ContainsVariation=No	_	_	_	_	_	_
394-3	BOI078	394	3	persone	persone	_	_	_	_	_	linguistic	_	ContainsVariation=No	_	_	_	_	_	_
394-4	BOI078	394	4	che	che	_	_	_	_	_	linguistic	_	ContainsVariation=No	_	_	_	_	_	_
394-5	BOI078	394	5	<armeggiano>	armeggiano	_	_	_	_	_	linguistic	_	ContainsVariation=No	_	_	_	Slow=0-10(0)	_	_
394-6	BOI078	394	6	alle	alle	_	_	_	_	_	linguistic	_	ContainsVariation=No	_	_	_	_	_	_
394-7	BOI078	394	7	tre	tre	_	_	_	_	_	linguistic	_	ContainsVariation=No	_	_	_	_	_	_
394-8	BOI078	394	8	di	di	_	_	_	_	_	linguistic	_	ContainsVariation=No	_	_	_	_	_	_
394-9	BOI078	394	9	notte	notte	_	_	_	_	_	linguistic	_	ContainsVariation=No	_	_	_	_	_	_
394-10	BOI078	394	10	dentro	dentro	_	_	_	_	_	linguistic	_	ContainsVariation=No	_	_	_	_	_	_
394-11	BOI078	394	11	questo	questo	_	_	_	_	_	linguistic	_	ContainsVariation=No	PauseAfter=Yes	_	_	_	_	_
394-12	BOI078	394	12	(.)	(.)	_	_	_	_	_	shortpause	_	ContainsVariation=No	_	_	_	_	_	_
394-13	BOI078	394	13	questa	questa	_	_	_	_	_	linguistic	_	ContainsVariation=No	PauseAfter=Yes	_	_	_	_	_
394-14	BOI078	394	14	(.)	(.)	_	_	_	_	_	shortpause	_	ContainsVariation=No	_	_	_	_	_	_
394-15	BOI078	394	15	fabbrica	fabbrica	_	_	_	_	_	linguistic	_	ContainsVariation=No	_	_	_	_	_	_
394-16	BOI078	394	16	s~	s~	_	_	_	_	_	linguistic	_	ContainsVariation=No	Interrupted=Yes|PauseAfter=Yes	_	_	_	_	_
394-17	BOI078	394	17	(.)	(.)	_	_	_	_	_	shortpause	_	ContainsVariation=No	_	_	_	_	_	_
394-18	BOI078	394	18	abbandonata	abbandonata	_	_	_	_	_	linguistic	_	ContainsVariation=No	_	End=681.031	_	_	_	_
395-0	BOI078	395	0	°questi:	questi	_	_	_	_	_	linguistic	_	ContainsVariation=No	Volume=low	Begin=681.801	5x1	_	_	_
395-1	BOI078	395	1	>(comunque)	comunque	_	_	_	_	_	linguistic	_	ContainsVariation=No	Volume=low	_	_	Fast=0-8(0)	0-8(0)	_
395-2	BOI078	395	2	chiudono<°	chiudono	_	_	_	_	_	linguistic	_	ContainsVariation=No	Volume=low	_	_	Fast=0-8(0)	_	_
395-3	BOI078	395	3	appena	appena	_	_	_	_	_	linguistic	_	ContainsVariation=No	_	_	_	_	_	_
395-4	BOI078	395	4	vedono	vedono	_	_	_	_	_	linguistic	_	ContainsVariation=No	_	_	_	_	_	_
395-5	BOI078	395	5	che	che	_	_	_	_	_	linguistic	_	ContainsVariation=No	_	_	_	_	_	_
395-6	BOI078	395	6	c'	c'	_	_	_	_	_	linguistic	_	ContainsVariation=No	SpaceAfter=No	_	_	_	_	_
395-7	BOI078	395	7	è	è	_	_	_	_	_	linguistic	_	ContainsVariation=No	_	_	_	_	_	_
395-8	BOI078	395	8	qualcuno	qualcuno	_	_	_	_	_	linguistic	_	ContainsVariation=No	_	_	_	_	_	_
395-9	BOI078	395	9	che	che	_	_	_	_	_	linguistic	_	ContainsVariation=No	_	_	_	_	_	_
395-10	BOI078	395	10	guarda	guarda	_	_	_	_	_	linguistic	_	ContainsVariation=No	_	_	_	_	_	_
395-11	BOI078	395	11	chiudono	chiudono	_	_	_	_	_	linguistic	_	ContainsVariation=No	_	_	_	_	_	_
395-12	BOI078	395	12	le::	le	_	_	_	_	_	linguistic	_	ContainsVariation=No	_	End=684.994	1x2	_	_	_
396-0	BOR020	396	0	sto	sto	_	_	_	_	_	linguistic	_	ContainsVariation=No	_	Begin=685.199	_	_	_	_
396-1	BOR020	396	1	ma[le:]	male	_	_	_	_	_	linguistic	_	ContainsVariation=No	_	End=685.829	3x1	_	_	2-4(142)
397-0	BOI078	397	0	[tap]parelle	tapparelle	_	_	_	_	_	linguistic	_	ContainsVariation=No	_	Begin=685.621	_	_	_	0-3(142)
397-1	BOI078	397	1	ma	ma	_	_	_	_	_	linguistic	_	ContainsVariation=No	_	_	_	_	_	_
397-2	BOI078	397	2	giuro	giuro	_	_	_	_	_	linguistic	_	ContainsVariation=No	_	_	_	_	_	_
397-3	BOI078	397	3	no	no	_	_	_	_	_	linguistic	_	ContainsVariation=No	_	_	_	_	_	_
397-4	BOI078	397	4	è	è	_	_	_	_	_	linguistic	_	ContainsVariation=No	_	_	_	_	_	_
397-5	BOI078	397	5	vero	vero	_	_	_	_	_	linguistic	_	ContainsVariation=No	_	_	_	_	_	_
397-6	BOI078	397	6	[xx]	xx	_	_	_	_	_	unknown	_	ContainsVariation=No	Syllables=2	End=687.406	_	_	_	0-2(143)
398-0	BOR022	398	0	[e	e	_	_	_	_	_	linguistic	_	ContainsVariation=No	_	Begin=687.028	_	_	_	0-1(143)
398-1	BOR022	398	1	c'	c'	_	_	_	_	_	linguistic	_	ContainsVariation=No	SpaceAfter=No	_	_	_	_	0-2(143)
398-2	BOR022	398	2	è	è	_	_	_	_	_	linguistic	_	ContainsVariation=No	_	_	_	_	_	0-1(143)
398-3	BOR022	398	3	d]el	del	_	_	_	_	_	linguistic	_	ContainsVariation=No	_	_	_	_	_	0-1(143)
398-4	BOR022	398	4	fumo	fumo	_	_	_	_	_	linguistic	_	ContainsVariation=No	_	_	_	_	_	_
398-5	BOR022	398	5	strano?	strano	_	_	_	_	_	linguistic	_	ContainsVariation=No	Intonation=Rising	_	_	_	_	_
398-6	BOR022	398	6	ch[e	che	_	_	_	_	_	linguistic	_	ContainsVariation=No	_	_	_	_	_	1-3(144)
398-7	BOR022	398	7	esce]	esce	_	_	_	_	_	linguistic	_	ContainsVariation=No	_	_	_	_	_	0-4(144)
398-8	BOR022	398	8	((ride))	((ride))	_	_	_	_	_	nonverbalbehavior	_	ContainsVariation=No	_	End=689.144	_	_	_	_
399-0	BOI078	399	0	[SÌ	sì	_	_	_	_	_	linguistic	_	ContainsVariation=No	Volume=high	Begin=688.374	_	_	_	0-2(144)
399-1	BOI078	399	1	sì]	sì	_	_	_	_	_	linguistic	_	ContainsVariation=No	_	_	_	_	_	0-2(144)
399-2	BOI078	399	2	c'	c'	_	_	_	_	_	linguistic	_	ContainsVariation=No	SpaceAfter=No	_	_	_	_	_
399-3	BOI078	399	3	è	è	_	_	_	_	_	linguistic	_	ContainsVariation=No	_	_	_	_	_	_
399-4	BOI078	399	4	tipo	tipo	_	_	_	_	_	linguistic	_	ContainsVariation=No	_	_	_	_	_	_
399-5	BOI078	399	5	il	il	_	_	_	_	_	linguistic	_	ContainsVariation=No	_	_	_	_	_	_
399-6	BOI078	399	6	fumo	fumo	_	_	_	_	_	linguistic	_	ContainsVariation=No	_	_	_	_	_	_
399-7	BOI078	399	7	bian~	bian~	_	_	_	_	_	linguistic	_	ContainsVariation=No	Interrupted=Yes	_	_	_	_	_
399-8	BOI078	399	8	cioè	cioè	_	_	_	_	_	linguistic	_	ContainsVariation=No	_	_	_	_	_	_
399-9	BOI078	399	9	[no	no	_	_	_	_	_	linguistic	_	ContainsVariation=No	_	_	_	_	_	0-2(145)
399-10	BOI078	399	10	ma	ma	_	_	_	_	_	linguistic	_	ContainsVariation=No	_	_	_	_	_	0-2(145)
399-11	BOI078	399	11	non	non	_	_	_	_	_	linguistic	_	ContainsVariation=No	_	_	_	_	_	0-3(145)
399-12	BOI078	399	12	sto	sto	_	_	_	_	_	linguistic	_	ContainsVariation=No	_	_	_	_	_	0-3(145)
399-13	BOI078	399	13	scher~]	scher~	_	_	_	_	_	linguistic	_	ContainsVariation=No	Interrupted=Yes	_	_	_	_	0-6(145)
399-14	BOI078	399	14	non	non	_	_	_	_	_	linguistic	_	ContainsVariation=No	_	_	_	_	_	_
399-15	BOI078	399	15	è	è	_	_	_	_	_	linguistic	_	ContainsVariation=No	_	_	_	_	_	_
399-16	BOI078	399	16	una	una	_	_	_	_	_	linguistic	_	ContainsVariation=No	_	_	_	_	_	_
399-17	BOI078	399	17	stronzata	stronzata	_	_	_	_	_	linguistic	_	ContainsVariation=No	_	_	_	_	_	_
399-18	BOI078	399	18	eh	eh	_	_	_	_	_	linguistic	_	ContainsVariation=No	PauseAfter=Yes	_	_	_	_	_
399-19	BOI078	399	19	(.)	(.)	_	_	_	_	_	shortpause	_	ContainsVariation=No	_	_	_	_	_	_
399-20	BOI078	399	20	no	no	_	_	_	_	_	linguistic	_	ContainsVariation=No	_	_	_	_	_	_
399-21	BOI078	399	21	[davvero]	davvero	_	_	_	_	_	linguistic	_	ContainsVariation=No	_	End=692.537	_	_	_	0-7(146)
400-0	BOR020	400	0	[xxxx]	xxxx	_	_	_	_	_	unknown	_	ContainsVariation=No	Syllables=4	Begin=690.616|End=691.295	_	_	_	0-4(145)
401-0	BOR022	401	0	[no	no	_	_	_	_	_	linguistic	_	ContainsVariation=No	_	Begin=692.162	_	_	_	0-2(146)
401-1	BOR022	401	1	°e]:h°	eh	_	_	_	_	_	linguistic	_	ContainsVariation=No	Volume=low	End=692.676	0x1	_	_	0-1(146)
402-0	BOI078	402	0	giuro	giuro	_	_	_	_	_	linguistic	_	ContainsVariation=No	_	Begin=693.146	_	_	_	_
402-1	BOI078	402	1	che	che	_	_	_	_	_	linguistic	_	ContainsVariation=No	_	_	_	_	_	_
402-2	BOI078	402	2	c'	c'	_	_	_	_	_	linguistic	_	ContainsVariation=No	SpaceAfter=No	_	_	_	_	_
402-3	BOI078	402	3	è	è	_	_	_	_	_	linguistic	_	ContainsVariation=No	_	End=693.95	_	_	_	_
403-0	BOR020	403	0	((ride))	((ride))	_	_	_	_	_	nonverbalbehavior	_	ContainsVariation=No	_	Begin=694.063|End=694.378	_	_	_	_
404-0	BOI078	404	0	E:::H	eh	_	_	_	_	_	linguistic	_	ContainsVariation=No	Volume=high	Begin=694.426	0x3	_	_	_
404-1	BOI078	404	1	m:::h	mh	_	_	_	_	_	linguistic	_	ContainsVariation=No	_	End=696.625	0x3	_	_	_
405-0	BOI078	405	0	però	però	_	_	_	_	_	linguistic	_	ContainsVariation=No	_	Begin=696.722	_	_	_	_
405-1	BOI078	405	1	sì	sì	_	_	_	_	_	linguistic	_	ContainsVariation=No	_	_	_	_	_	_
405-2	BOI078	405	2	insomma:	insomma	_	_	_	_	_	linguistic	_	ContainsVariation=No	_	End=697.669	6x1	_	_	_
406-0	BOI078	406	0	via:	via	_	_	_	_	_	linguistic	_	ContainsVariation=No	_	Begin=697.841	2x1	_	_	_
406-1	BOI078	406	1	no	no	_	_	_	_	_	linguistic	_	ContainsVariation=No	PauseAfter=Yes	_	_	_	_	_
406-2	BOI078	406	2	(.)	(.)	_	_	_	_	_	shortpause	_	ContainsVariation=No	_	_	_	_	_	_
406-3	BOI078	406	3	>@nomeluogo	@nomeluogo	_	_	_	_	_	anonymized	_	ContainsVariation=No	Anonymized=Yes	_	_	Fast=0-10(0)	_	_
406-4	BOI078	406	4	è	è	_	_	_	_	_	linguistic	_	ContainsVariation=No	_	_	_	Fast=0-1(0)	_	_
406-5	BOI078	406	5	bella<.	bella	_	_	_	_	_	linguistic	_	ContainsVariation=No	Intonation=Falling	_	_	Fast=0-5(0)	_	_
406-6	BOI078	406	6	poi	poi	_	_	_	_	_	linguistic	_	ContainsVariation=No	_	_	_	_	_	_
406-7	BOI078	406	7	anche	anche	_	_	_	_	_	linguistic	_	ContainsVariation=No	_	_	_	_	_	_
406-8	BOI078	406	8	@nomeluogo	@nomeluogo	_	_	_	_	_	anonymized	_	ContainsVariation=No	Anonymized=Yes	_	_	_	_	_
406-9	BOI078	406	9	di	di	_	_	_	_	_	linguistic	_	ContainsVariation=No	_	_	_	_	_	_
406-10	BOI078	406	10	fianco	fianco	_	_	_	_	_	linguistic	_	ContainsVariation=No	_	_	_	_	_	_
406-11	BOI078	406	11	è	è	_	_	_	_	_	linguistic	_	ContainsVariation=No	_	_	_	_	_	_
406-12	BOI078	406	12	bell~	bell~	_	_	_	_	_	linguistic	_	ContainsVariation=No	Interrupted=Yes	_	_	_	_	_
406-13	BOI078	406	13	vabbè	vabbè	_	_	_	_	_	linguistic	_	ContainsVariation=No	_	_	_	_	_	_
406-14	BOI078	406	14	se	se	_	_	_	_	_	linguistic	_	ContainsVariation=No	_	_	_	_	_	_
406-15	BOI078	406	15	avete:	avete	_	_	_	_	_	linguistic	_	ContainsVariation=No	_	End=701.968	4x1	_	_	_
407-0	BOR020	407	0	ma:	ma	_	_	_	_	_	linguistic	_	ContainsVariation=No	_	Begin=702.139	1x1	_	_	_
407-1	BOR020	407	1	m:::h	mh	_	_	_	_	_	linguistic	_	ContainsVariation=No	_	_	0x3	_	_	_
407-2	BOR020	407	2	>cos'	cos'	_	_	_	_	_	linguistic	_	ContainsVariation=No	SpaceAfter=No	_	_	Fast=0-4(0)	_	_
407-3	BOR020	407	3	è	è	_	_	_	_	_	linguistic	_	ContainsVariation=No	_	_	_	Fast=0-1(0)	_	_
407-4	BOR020	407	4	che	che	_	_	_	_	_	linguistic	_	ContainsVariation=No	_	_	_	Fast=0-3(0)	_	_
407-5	BOR020	407	5	ti	ti	_	_	_	_	_	linguistic	_	ContainsVariation=No	_	_	_	Fast=0-2(0)	_	_
407-6	BOR020	407	6	volev~<	volev~	_	_	_	_	_	linguistic	_	ContainsVariation=No	Interrupted=Yes	_	_	Fast=0-6(0)	_	_
407-7	BOR020	407	7	no	no	_	_	_	_	_	linguistic	_	ContainsVariation=No	_	_	_	_	_	_
407-8	BOR020	407	8	l	l	_	_	_	_	_	linguistic	_	ContainsVariation=No	_	_	_	_	_	_
407-9	BOR020	407	9	e:h	eh	_	_	_	_	_	linguistic	_	ContainsVariation=No	_	_	0x1	_	_	_
407-10	BOR020	407	10	m:h	mh	_	_	_	_	_	linguistic	_	ContainsVariation=No	_	End=705.079	0x1	_	_	_
408-0	BOR020	408	0	e	e	_	_	_	_	_	linguistic	_	ContainsVariation=No	_	Begin=705.483	_	_	_	_
408-1	BOR020	408	1	adesso	adesso	_	_	_	_	_	linguistic	_	ContainsVariation=No	_	_	_	_	_	_
408-2	BOR020	408	2	con	con	_	_	_	_	_	linguistic	_	ContainsVariation=No	_	_	_	_	_	_
408-3	BOR020	408	3	le	le	_	_	_	_	_	linguistic	_	ContainsVariation=No	_	_	_	_	_	_
408-4	BOR020	408	4	alluvioni?	alluvioni	_	_	_	_	_	linguistic	_	ContainsVariation=No	Intonation=Rising	End=706.689	_	_	_	_
409-0	BOI078	409	0	no	no	_	_	_	_	_	linguistic	_	ContainsVariation=No	_	Begin=707.271	_	_	_	_
409-1	BOI078	409	1	[a	a	_	_	_	_	_	linguistic	_	ContainsVariation=No	_	_	_	_	_	0-1(147)
409-2	BOI078	409	2	noi	noi	_	_	_	_	_	linguistic	_	ContainsVariation=No	_	_	_	_	_	0-3(147)
409-3	BOI078	409	3	non	non	_	_	_	_	_	linguistic	_	ContainsVariation=No	_	_	_	_	_	0-3(147)
409-4	BOI078	409	4	n~	n~	_	_	_	_	_	linguistic	_	ContainsVariation=No	Interrupted=Yes|PauseAfter=Yes	_	_	_	_	0-2(147)
409-5	BOI078	409	5	(.)	(.)	_	_	_	_	_	shortpause	_	ContainsVariation=No	_	_	_	_	_	X(147)
409-6	BOI078	409	6	lui]	lui	_	_	_	_	_	linguistic	_	ContainsVariation=No	_	_	_	_	_	0-3(147)
409-7	BOI078	409	7	devi	devi	_	_	_	_	_	linguistic	_	ContainsVariation=No	_	_	_	_	_	_
409-8	BOI078	409	8	chiedere	chiedere	_	_	_	_	_	linguistic	_	ContainsVariation=No	_	_	_	_	_	_
409-9	BOI078	409	9	a	a	_	_	_	_	_	linguistic	_	ContainsVariation=No	_	_	_	_	_	_
409-10	BOI078	409	10	l~	l~	_	_	_	_	_	linguistic	_	ContainsVariation=No	Interrupted=Yes	_	_	_	_	_
409-11	BOI078	409	11	noi	noi	_	_	_	_	_	linguistic	_	ContainsVariation=No	_	_	_	_	_	_
409-12	BOI078	409	12	[io	io	_	_	_	_	_	linguistic	_	ContainsVariation=No	_	_	_	_	_	0-2(148)
409-13	BOI078	409	13	con	con	_	_	_	_	_	linguistic	_	ContainsVariation=No	_	_	_	_	_	0-3(148)
409-14	BOI078	409	14	le	le	_	_	_	_	_	linguistic	_	ContainsVariation=No	_	_	_	_	_	0-2(148)
409-15	BOI078	409	15	al]lu[vioni	alluvioni	_	_	_	_	_	linguistic	_	ContainsVariation=No	_	_	_	_	_	0-2(148),4-9(149)
409-16	BOI078	409	16	zero]	zero	_	_	_	_	_	linguistic	_	ContainsVariation=No	_	End=710.402	_	_	_	0-4(149)
410-0	BOR020	410	0	[era:	era	_	_	_	_	_	linguistic	_	ContainsVariation=No	_	Begin=707.394	2x1	_	_	0-3(147)
410-1	BOR020	410	1	tutto	tutto	_	_	_	_	_	linguistic	_	ContainsVariation=No	_	_	_	_	_	0-5(147)
410-2	BOR020	410	2	a	a	_	_	_	_	_	linguistic	_	ContainsVariation=No	_	_	_	_	_	0-1(147)
410-3	BOR020	410	3	posto]?	posto	_	_	_	_	_	linguistic	_	ContainsVariation=No	Intonation=Rising	End=708.569	_	_	_	0-5(147)
411-0	BOR022	411	0	[ah	ah	_	_	_	_	_	linguistic	_	ContainsVariation=No	_	Begin=709.351	_	_	_	0-2(148)
411-1	BOR022	411	1	okay]	okay	_	_	_	_	_	linguistic	_	ContainsVariation=No	_	End=709.802	_	_	_	0-4(148)
412-0	BOR020	412	0	[ah	ah	_	_	_	_	_	linguistic	_	ContainsVariation=No	_	Begin=709.888	_	_	_	0-2(149)
412-1	BOR020	412	1	tu]?	tu	_	_	_	_	_	linguistic	_	ContainsVariation=No	Intonation=Rising	End=710.402	_	_	_	0-2(149)
413-0	BOI079	413	0	no	no	_	_	_	_	_	linguistic	_	ContainsVariation=No	_	Begin=710.706	_	_	_	_
413-1	BOI079	413	1	vabbè	vabbè	_	_	_	_	_	linguistic	_	ContainsVariation=No	_	_	_	_	_	_
413-2	BOI079	413	2	non	non	_	_	_	_	_	linguistic	_	ContainsVariation=No	_	_	_	_	_	_
413-3	BOI079	413	3	ho	ho	_	_	_	_	_	linguistic	_	ContainsVariation=No	_	_	_	_	_	_
413-4	BOI079	413	4	avuto	avuto	_	_	_	_	_	linguistic	_	ContainsVariation=No	_	_	_	_	_	_
413-5	BOI079	413	5	grossi	grossi	_	_	_	_	_	linguistic	_	ContainsVariation=No	_	_	_	_	_	_
413-6	BOI079	413	6	danni	danni	_	_	_	_	_	linguistic	_	ContainsVariation=No	_	_	_	_	_	_
413-7	BOI079	413	7	>però<	però	_	_	_	_	_	linguistic	_	ContainsVariation=No	PauseAfter=Yes	_	_	Fast=0-4(0)	_	_
413-8	BOI079	413	8	(.)	(.)	_	_	_	_	_	shortpause	_	ContainsVariation=No	_	_	_	_	_	_
413-9	BOI079	413	9	è	è	_	_	_	_	_	linguistic	_	ContainsVariation=No	_	_	_	_	_	_
413-10	BOI079	413	10	che	che	_	_	_	_	_	linguistic	_	ContainsVariation=No	_	_	_	_	_	_
413-11	BOI079	413	11	noi	noi	_	_	_	_	_	linguistic	_	ContainsVariation=No	_	_	_	_	_	_
413-12	BOI079	413	12	abbiamo:	abbiamo	_	_	_	_	_	linguistic	_	ContainsVariation=No	_	End=713.227	6x1	_	_	_
414-0	BOI079	414	0	cioè	cioè	_	_	_	_	_	linguistic	_	ContainsVariation=No	_	Begin=713.745	_	_	_	_
414-1	BOI079	414	1	io	io	_	_	_	_	_	linguistic	_	ContainsVariation=No	_	_	_	_	_	_
414-2	BOI079	414	2	vivo	vivo	_	_	_	_	_	linguistic	_	ContainsVariation=No	PauseAfter=Yes	_	_	_	_	_
414-3	BOI079	414	3	(.)	(.)	_	_	_	_	_	shortpause	_	ContainsVariation=No	_	_	_	_	_	_
414-4	BOI079	414	4	un	un	_	_	_	_	_	linguistic	_	ContainsVariation=No	_	_	_	_	_	_
414-5	BOI079	414	5	po'	po'	_	_	_	_	_	linguistic	_	ContainsVariation=No	_	_	_	_	_	_
414-6	BOI079	414	6	in	in	_	_	_	_	_	linguistic	_	ContainsVariation=No	_	_	_	_	_	_
414-7	BOI079	414	7	collina,	collina	_	_	_	_	_	linguistic	_	ContainsVariation=No	Intonation=WeaklyRising	End=715.709	_	_	_	_
415-0	BOI079	415	0	m:h	mh	_	_	_	_	_	linguistic	_	ContainsVariation=No	PauseAfter=Yes	Begin=716.665	0x1	_	_	_
415-1	BOI079	415	1	(.)	(.)	_	_	_	_	_	shortpause	_	ContainsVariation=No	_	_	_	_	_	_
415-2	BOI079	415	2	e	e	_	_	_	_	_	linguistic	_	ContainsVariation=No	_	_	_	_	_	_
415-3	BOI079	415	3	questa	questa	_	_	_	_	_	linguistic	_	ContainsVariation=No	_	_	_	_	_	_
415-4	BOI079	415	4	collina	collina	_	_	_	_	_	linguistic	_	ContainsVariation=No	PauseAfter=Yes	_	_	_	_	_
415-5	BOI079	415	5	(.)	(.)	_	_	_	_	_	shortpause	_	ContainsVariation=No	_	_	_	_	_	_
415-6	BOI079	415	6	cioè	cioè	_	_	_	_	_	linguistic	_	ContainsVariation=No	_	_	_	_	_	_
415-7	BOI079	415	7	in	in	_	_	_	_	_	linguistic	_	ContainsVariation=No	_	_	_	_	_	_
415-8	BOI079	415	8	realtà	realtà	_	_	_	_	_	linguistic	_	ContainsVariation=No	_	_	_	_	_	_
415-9	BOI079	415	9	è	è	_	_	_	_	_	linguistic	_	ContainsVariation=No	_	_	_	_	_	_
415-10	BOI079	415	10	pr~	pr~	_	_	_	_	_	linguistic	_	ContainsVariation=No	Interrupted=Yes	_	_	_	_	_
415-11	BOI079	415	11	tipo:::	tipo	_	_	_	_	_	linguistic	_	ContainsVariation=No	_	_	3x3	_	_	_
415-12	BOI079	415	12	un	un	_	_	_	_	_	linguistic	_	ContainsVariation=No	_	_	_	_	_	_
415-13	BOI079	415	13	(taglio)	taglio	_	_	_	_	_	linguistic	_	ContainsVariation=No	_	_	_	_	0-6(0)	_
415-14	BOI079	415	14	di	di	_	_	_	_	_	linguistic	_	ContainsVariation=No	_	_	_	_	_	_
415-15	BOI079	415	15	fango	fango	_	_	_	_	_	linguistic	_	ContainsVariation=No	_	_	_	_	_	_
415-16	BOI079	415	16	((ride))	((ride))	_	_	_	_	_	nonverbalbehavior	_	ContainsVariation=No	_	End=719.9	_	_	_	_
416-0	BOI079	416	0	e::	e	_	_	_	_	_	linguistic	_	ContainsVariation=No	_	Begin=720.251	0x2	_	_	_
416-1	BOI079	416	1	non	non	_	_	_	_	_	linguistic	_	ContainsVariation=No	PauseAfter=Yes	_	_	_	_	_
416-2	BOI079	416	2	(.)	(.)	_	_	_	_	_	shortpause	_	ContainsVariation=No	_	_	_	_	_	_
416-3	BOI079	416	3	>cioè<	cioè	_	_	_	_	_	linguistic	_	ContainsVariation=No	_	_	_	Fast=0-4(0)	_	_
416-4	BOI079	416	4	le	le	_	_	_	_	_	linguistic	_	ContainsVariation=No	_	_	_	_	_	_
416-5	BOI079	416	5	il	il	_	_	_	_	_	linguistic	_	ContainsVariation=No	_	_	_	_	_	_
416-6	BOI079	416	6	mio	mio	_	_	_	_	_	linguistic	_	ContainsVariation=No	_	_	_	_	_	_
416-7	BOI079	416	7	palazzo	palazzo	_	_	_	_	_	linguistic	_	ContainsVariation=No	_	_	_	_	_	_
416-8	BOI079	416	8	e	e	_	_	_	_	_	linguistic	_	ContainsVariation=No	_	_	_	_	_	_
416-9	BOI079	416	9	tutti	tutti	_	_	_	_	_	linguistic	_	ContainsVariation=No	_	_	_	_	_	_
416-10	BOI079	416	10	i	i	_	_	_	_	_	linguistic	_	ContainsVariation=No	_	_	_	_	_	_
416-11	BOI079	416	11	palazzi	palazzi	_	_	_	_	_	linguistic	_	ContainsVariation=No	_	_	_	_	_	_
416-12	BOI079	416	12	dietro	dietro	_	_	_	_	_	linguistic	_	ContainsVariation=No	_	_	_	_	_	_
416-13	BOI079	416	13	son	son	_	_	_	_	_	linguistic	_	ContainsVariation=No	_	_	_	_	_	_
416-14	BOI079	416	14	stati:	stati	_	_	_	_	_	linguistic	_	ContainsVariation=No	PauseAfter=Yes	_	4x1	_	_	_
416-15	BOI079	416	15	(.)	(.)	_	_	_	_	_	shortpause	_	ContainsVariation=No	_	_	_	_	_	_
416-16	BOI079	416	16	messi	messi	_	_	_	_	_	linguistic	_	ContainsVariation=No	_	_	_	_	_	_
416-17	BOI079	416	17	su	su	_	_	_	_	_	linguistic	_	ContainsVariation=No	_	_	_	_	_	_
416-18	BOI079	416	18	negli	negli	_	_	_	_	_	linguistic	_	ContainsVariation=No	_	_	_	_	_	_
416-19	BOI079	416	19	anni	anni	_	_	_	_	_	linguistic	_	ContainsVariation=No	_	_	_	_	_	_
416-20	BOI079	416	20	cinquanta,	cinquanta	_	_	_	_	_	linguistic	_	ContainsVariation=No	Intonation=WeaklyRising	_	_	_	_	_
416-21	BOI079	416	21	quando	quando	_	_	_	_	_	linguistic	_	ContainsVariation=No	_	_	_	_	_	_
416-22	BOI079	416	22	c'	c'	_	_	_	_	_	linguistic	_	ContainsVariation=No	SpaceAfter=No	_	_	_	_	_
416-23	BOI079	416	23	era:	era	_	_	_	_	_	linguistic	_	ContainsVariation=No	_	End=726.072	2x1	_	_	_
417-0	BOI079	417	0	il	il	_	_	_	_	_	linguistic	_	ContainsVariation=No	_	Begin=726.277	_	_	_	_
417-1	BOI079	417	1	problema:::	problema	_	_	_	_	_	linguistic	_	ContainsVariation=No	PauseAfter=Yes	_	7x3	_	_	_
417-2	BOI079	417	2	(.)	(.)	_	_	_	_	_	shortpause	_	ContainsVariation=No	_	_	_	_	_	_
417-3	BOI079	417	3	delle	delle	_	_	_	_	_	linguistic	_	ContainsVariation=No	_	_	_	_	_	_
417-4	BOI079	417	4	abitazioni	abitazioni	_	_	_	_	_	linguistic	_	ContainsVariation=No	_	_	_	_	_	_
417-5	BOI079	417	5	quindi	quindi	_	_	_	_	_	linguistic	_	ContainsVariation=No	_	_	_	_	_	_
417-6	BOI079	417	6	sono	sono	_	_	_	_	_	linguistic	_	ContainsVariation=No	_	_	_	_	_	_
417-7	BOI079	417	7	tutti	tutti	_	_	_	_	_	linguistic	_	ContainsVariation=No	_	_	_	_	_	_
417-8	BOI079	417	8	fatti	fatti	_	_	_	_	_	linguistic	_	ContainsVariation=No	PauseAfter=Yes	_	_	_	_	_
417-9	BOI079	417	9	(.)	(.)	_	_	_	_	_	shortpause	_	ContainsVariation=No	_	_	_	_	_	_
417-10	BOI079	417	10	a	a	_	_	_	_	_	linguistic	_	ContainsVariation=No	_	_	_	_	_	_
417-11	BOI079	417	11	cazzo	cazzo	_	_	_	_	_	linguistic	_	ContainsVariation=No	_	_	_	_	_	_
417-12	BOI079	417	12	di	di	_	_	_	_	_	linguistic	_	ContainsVariation=No	_	_	_	_	_	_
417-13	BOI079	417	13	cane:	cane	_	_	_	_	_	linguistic	_	ContainsVariation=No	_	_	3x1	_	_	_
417-14	BOI079	417	14	((ride))	((ride))	_	_	_	_	_	nonverbalbehavior	_	ContainsVariation=No	_	End=731.067	_	_	_	_
418-0	BOI079	418	0	e:::	e	_	_	_	_	_	linguistic	_	ContainsVariation=No	_	Begin=731.385	0x3	_	_	_
418-1	BOI079	418	1	m:h	mh	_	_	_	_	_	linguistic	_	ContainsVariation=No	_	_	0x1	_	_	_
418-2	BOI079	418	2	e	e	_	_	_	_	_	linguistic	_	ContainsVariation=No	_	_	_	_	_	_
418-3	BOI079	418	3	quindi	quindi	_	_	_	_	_	linguistic	_	ContainsVariation=No	_	_	_	_	_	_
418-4	BOI079	418	4	tipo:::	tipo	_	_	_	_	_	linguistic	_	ContainsVariation=No	_	_	3x3	_	_	_
418-5	BOI079	418	5	ci	ci	_	_	_	_	_	linguistic	_	ContainsVariation=No	_	_	_	_	_	_
418-6	BOI079	418	6	si	si	_	_	_	_	_	linguistic	_	ContainsVariation=No	_	_	_	_	_	_
418-7	BOI079	418	7	allagano	allagano	_	_	_	_	_	linguistic	_	ContainsVariation=No	_	_	_	_	_	_
418-8	BOI079	418	8	sempre	sempre	_	_	_	_	_	linguistic	_	ContainsVariation=No	_	_	_	_	_	_
418-9	BOI079	418	9	le	le	_	_	_	_	_	linguistic	_	ContainsVariation=No	_	_	_	_	_	_
418-10	BOI079	418	10	cantine,	cantine	_	_	_	_	_	linguistic	_	ContainsVariation=No	Intonation=WeaklyRising	End=735.397	_	_	_	_
419-0	BOI079	419	0	la	la	_	_	_	_	_	linguistic	_	ContainsVariation=No	_	Begin=735.8	_	_	_	_
419-1	BOI079	419	1	collina	collina	_	_	_	_	_	linguistic	_	ContainsVariation=No	_	_	_	_	_	_
419-2	BOI079	419	2	si	si	_	_	_	_	_	linguistic	_	ContainsVariation=No	_	_	_	_	_	_
419-3	BOI079	419	3	sposta:	sposta	_	_	_	_	_	linguistic	_	ContainsVariation=No	_	_	5x1	_	_	_
419-4	BOI079	419	4	un	un	_	_	_	_	_	linguistic	_	ContainsVariation=No	_	_	_	_	_	_
419-5	BOI079	419	5	po'	po'	_	_	_	_	_	linguistic	_	ContainsVariation=No	_	_	_	_	_	_
419-6	BOI079	419	6	quindi	quindi	_	_	_	_	_	linguistic	_	ContainsVariation=No	_	_	_	_	_	_
419-7	BOI079	419	7	quando	quando	_	_	_	_	_	linguistic	_	ContainsVariation=No	_	_	_	_	_	_
419-8	BOI079	419	8	è	è	_	_	_	_	_	linguistic	_	ContainsVariation=No	_	_	_	_	_	_
419-9	BOI079	419	9	venuta	venuta	_	_	_	_	_	linguistic	_	ContainsVariation=No	_	_	_	_	_	_
419-10	BOI079	419	10	l'	l'	_	_	_	_	_	linguistic	_	ContainsVariation=No	SpaceAfter=No	_	_	_	_	_
419-11	BOI079	419	11	alluvione	alluvione	_	_	_	_	_	linguistic	_	ContainsVariation=No	_	_	_	_	_	_
419-12	BOI079	419	12	abbiamo	abbiamo	_	_	_	_	_	linguistic	_	ContainsVariation=No	_	_	_	_	_	_
419-13	BOI079	419	13	avuto	avuto	_	_	_	_	_	linguistic	_	ContainsVariation=No	_	_	_	_	_	_
419-14	BOI079	419	14	>tipo<	tipo	_	_	_	_	_	linguistic	_	ContainsVariation=No	_	_	_	Slow=3-4(0)|Fast=0-4(0)	_	_
419-15	BOI079	419	15	le	le	_	_	_	_	_	linguistic	_	ContainsVariation=No	_	_	_	Slow=0-2(0)	_	_
419-16	BOI079	419	16	cantine	cantine	_	_	_	_	_	linguistic	_	ContainsVariation=No	_	_	_	Slow=0-7(0)	_	_
419-17	BOI079	419	17	allagate	allagate	_	_	_	_	_	linguistic	_	ContainsVariation=No	_	_	_	Slow=0-8(0)	_	_
419-18	BOI079	419	18	per	per	_	_	_	_	_	linguistic	_	ContainsVariation=No	_	_	_	Slow=0-3(0)	_	_
419-19	BOI079	419	19	due	due	_	_	_	_	_	linguistic	_	ContainsVariation=No	_	_	_	Slow=0-3(0)	_	_
419-20	BOI079	419	20	settimane	settimane	_	_	_	_	_	linguistic	_	ContainsVariation=No	_	_	_	Slow=0-9(0)	_	_
419-21	BOI079	419	21	>però<	però	_	_	_	_	_	linguistic	_	ContainsVariation=No	_	End=741.152	_	Fast=0-4(1)	_	_
420-0	BOI079	420	0	>cioè<	cioè	_	_	_	_	_	linguistic	_	ContainsVariation=No	_	Begin=741.574	_	Fast=0-4(0)	_	_
420-1	BOI079	420	1	non	non	_	_	_	_	_	linguistic	_	ContainsVariation=No	_	_	_	_	_	_
420-2	BOI079	420	2	è	è	_	_	_	_	_	linguistic	_	ContainsVariation=No	_	_	_	_	_	_
420-3	BOI079	420	3	proprio	proprio	_	_	_	_	_	linguistic	_	ContainsVariation=No	_	_	_	_	_	_
420-4	BOI079	420	4	una	una	_	_	_	_	_	linguistic	_	ContainsVariation=No	_	_	_	_	_	_
420-5	BOI079	420	5	novità	novità	_	_	_	_	_	linguistic	_	ContainsVariation=No	_	_	_	_	_	_
420-6	BOI079	420	6	e:h	eh	_	_	_	_	_	linguistic	_	ContainsVariation=No	_	_	0x1	_	_	_
420-7	BOI079	420	7	succede:	succede	_	_	_	_	_	linguistic	_	ContainsVariation=No	_	_	6x1	_	_	_
420-8	BOI079	420	8	sempre	sempre	_	_	_	_	_	linguistic	_	ContainsVariation=No	_	_	_	_	_	_
420-9	BOI079	420	9	tut[to	tutto	_	_	_	_	_	linguistic	_	ContainsVariation=No	_	_	_	_	_	3-5(150)
420-10	BOI079	420	10	l']	l'	_	_	_	_	_	linguistic	_	ContainsVariation=No	Truncated=Yes	_	_	_	_	0-2(150)
420-11	BOI079	420	11	anno	anno	_	_	_	_	_	linguistic	_	ContainsVariation=No	_	_	_	_	_	_
420-12	BOI079	420	12	è	è	_	_	_	_	_	linguistic	_	ContainsVariation=No	_	_	_	_	_	_
420-13	BOI079	420	13	successo	successo	_	_	_	_	_	linguistic	_	ContainsVariation=No	_	_	_	_	_	_
420-14	BOI079	420	14	un	un	_	_	_	_	_	linguistic	_	ContainsVariation=No	_	_	_	_	_	_
420-15	BOI079	420	15	po'	po'	_	_	_	_	_	linguistic	_	ContainsVariation=No	_	_	_	_	_	_
420-16	BOI079	420	16	di	di	_	_	_	_	_	linguistic	_	ContainsVariation=No	_	_	_	_	_	_
420-17	BOI079	420	17	più:	più	_	_	_	_	_	linguistic	_	ContainsVariation=No	_	_	2x1	_	_	_
420-18	BOI079	420	18	ques[t'	quest'	_	_	_	_	_	linguistic	_	ContainsVariation=No	SpaceAfter=No	_	_	_	_	4-6(151)
420-19	BOI079	420	19	an]no	anno	_	_	_	_	_	linguistic	_	ContainsVariation=No	_	_	_	_	_	0-2(151)
420-20	BOI079	420	20	con	con	_	_	_	_	_	linguistic	_	ContainsVariation=No	_	_	_	_	_	_
420-21	BOI079	420	21	l'	l'	_	_	_	_	_	linguistic	_	ContainsVariation=No	SpaceAfter=No	_	_	_	_	_
420-22	BOI079	420	22	alluvione	alluvione	_	_	_	_	_	linguistic	_	ContainsVariation=No	_	End=747.356	_	_	_	_
421-0	BOR022	421	0	[mh]	mh	_	_	_	_	_	linguistic	_	ContainsVariation=No	_	Begin=744.393|End=744.571	_	_	_	0-2(150)
422-0	BOR020	422	0	[mh]	mh	_	_	_	_	_	linguistic	_	ContainsVariation=No	_	Begin=746.363|End=746.571	_	_	_	0-2(151)
423-0	BOI079	423	0	però::	però	_	_	_	_	_	linguistic	_	ContainsVariation=No	_	Begin=748.111	3x2	_	_	_
423-1	BOI079	423	1	°insomma°	insomma	_	_	_	_	_	linguistic	_	ContainsVariation=No	Volume=low	End=749.187	_	_	_	_
424-0	BOI079	424	0	no:	no	_	_	_	_	_	linguistic	_	ContainsVariation=No	_	Begin=749.521	1x1	_	_	_
424-1	BOI079	424	1	conosco	conosco	_	_	_	_	_	linguistic	_	ContainsVariation=No	_	_	_	_	_	_
424-2	BOI079	424	2	gente	gente	_	_	_	_	_	linguistic	_	ContainsVariation=No	_	_	_	_	_	_
424-3	BOI079	424	3	che	che	_	_	_	_	_	linguistic	_	ContainsVariation=No	_	_	_	_	_	_
424-4	BOI079	424	4	è	è	_	_	_	_	_	linguistic	_	ContainsVariation=No	_	_	_	_	_	_
424-5	BOI079	424	5	stat~	stat~	_	_	_	_	_	linguistic	_	ContainsVariation=No	Interrupted=Yes	_	_	_	_	_
424-6	BOI079	424	6	e::h	eh	_	_	_	_	_	linguistic	_	ContainsVariation=No	_	_	0x2	_	_	_
424-7	BOI079	424	7	>cioè<	cioè	_	_	_	_	_	linguistic	_	ContainsVariation=No	_	_	_	Fast=0-4(0)	_	_
424-8	BOI079	424	8	ha	ha	_	_	_	_	_	linguistic	_	ContainsVariation=No	_	_	_	_	_	_
424-9	BOI079	424	9	avuto	avuto	_	_	_	_	_	linguistic	_	ContainsVariation=No	_	_	_	_	_	_
424-10	BOI079	424	10	dan~	dan~	_	_	_	_	_	linguistic	_	ContainsVariation=No	Interrupted=Yes	_	_	_	_	_
424-11	BOI079	424	11	più	più	_	_	_	_	_	linguistic	_	ContainsVariation=No	_	_	_	_	_	_
424-12	BOI079	424	12	danni	danni	_	_	_	_	_	linguistic	_	ContainsVariation=No	_	_	_	_	_	_
424-13	BOI079	424	13	ti[po	tipo	_	_	_	_	_	linguistic	_	ContainsVariation=No	_	_	_	_	_	2-4(152)
424-14	BOI079	424	14	ar~]	ar~	_	_	_	_	_	linguistic	_	ContainsVariation=No	Interrupted=Yes	End=753.421	_	_	_	0-3(152)
425-0	BOR020	425	0	[vici]no	vicino	_	_	_	_	_	linguistic	_	ContainsVariation=No	_	Begin=753.187	_	_	_	0-4(152)
425-1	BOR020	425	1	a	a	_	_	_	_	_	linguistic	_	ContainsVariation=No	_	_	_	_	_	_
425-2	BOR020	425	2	te	te	_	_	_	_	_	linguistic	_	ContainsVariation=No	_	_	_	_	_	_
425-3	BOR020	425	3	dici?	dici	_	_	_	_	_	linguistic	_	ContainsVariation=No	Intonation=Rising	End=754.128	_	_	_	_
426-0	BOI079	426	0	sì	sì	_	_	_	_	_	linguistic	_	ContainsVariation=No	_	Begin=754.128	_	_	_	_
426-1	BOI079	426	1	perché	perché	_	_	_	_	_	linguistic	_	ContainsVariation=No	_	_	_	_	_	_
426-2	BOI079	426	2	e::h	eh	_	_	_	_	_	linguistic	_	ContainsVariation=No	_	_	0x2	_	_	_
426-3	BOI079	426	3	il	il	_	_	_	_	_	linguistic	_	ContainsVariation=No	_	_	_	_	_	_
426-4	BOI079	426	4	savena,	savena	_	_	_	_	_	linguistic	_	ContainsVariation=No	Intonation=WeaklyRising	End=756.333	_	_	_	_
427-0	BOI079	427	0	>che	che	_	_	_	_	_	linguistic	_	ContainsVariation=No	_	Begin=756.614	_	Fast=0-3(0)	_	_
427-1	BOI079	427	1	è	è	_	_	_	_	_	linguistic	_	ContainsVariation=No	_	_	_	Fast=0-1(0)	_	_
427-2	BOI079	427	2	vicino	vicino	_	_	_	_	_	linguistic	_	ContainsVariation=No	_	_	_	Fast=0-6(0)	_	_
427-3	BOI079	427	3	a	a	_	_	_	_	_	linguistic	_	ContainsVariation=No	_	_	_	Fast=0-1(0)	_	_
427-4	BOI079	427	4	casa	casa	_	_	_	_	_	linguistic	_	ContainsVariation=No	_	_	_	Fast=0-4(0)	_	_
427-5	BOI079	427	5	mia<	mia	_	_	_	_	_	linguistic	_	ContainsVariation=No	_	_	_	Fast=0-3(0)	_	_
427-6	BOI079	427	6	è	è	_	_	_	_	_	linguistic	_	ContainsVariation=No	_	_	_	_	_	_
427-7	BOI079	427	7	uno	uno	_	_	_	_	_	linguistic	_	ContainsVariation=No	_	_	_	_	_	_
427-8	BOI079	427	8	dei	dei	_	_	_	_	_	linguistic	_	ContainsVariation=No	_	_	_	_	_	_
427-9	BOI079	427	9	fiumi	fiumi	_	_	_	_	_	linguistic	_	ContainsVariation=No	_	_	_	_	_	_
427-10	BOI079	427	10	che	che	_	_	_	_	_	linguistic	_	ContainsVariation=No	_	_	_	_	_	_
427-11	BOI079	427	11	sono	sono	_	_	_	_	_	linguistic	_	ContainsVariation=No	_	_	_	_	_	_
427-12	BOI079	427	12	esond[ati]	esondati	_	_	_	_	_	linguistic	_	ContainsVariation=No	_	End=758.947	_	_	_	5-8(153)
428-0	BOR020	428	0	[sì	sì	_	_	_	_	_	linguistic	_	ContainsVariation=No	_	Begin=758.636	_	_	_	0-2(153)
428-1	BOR020	428	1	s]ì	sì	_	_	_	_	_	linguistic	_	ContainsVariation=No	_	End=759.018	_	_	_	0-1(153)
429-0	BOI079	429	0	quindi	quindi	_	_	_	_	_	linguistic	_	ContainsVariation=No	_	Begin=759.264	_	_	_	_
429-1	BOI079	429	1	conosco	conosco	_	_	_	_	_	linguistic	_	ContainsVariation=No	_	_	_	_	_	_
429-2	BOI079	429	2	della	della	_	_	_	_	_	linguistic	_	ContainsVariation=No	_	_	_	_	_	_
429-3	BOI079	429	3	gente	gente	_	_	_	_	_	linguistic	_	ContainsVariation=No	_	_	_	_	_	_
429-4	BOI079	429	4	che	che	_	_	_	_	_	linguistic	_	ContainsVariation=No	_	_	_	_	_	_
429-5	BOI079	429	5	vive	vive	_	_	_	_	_	linguistic	_	ContainsVariation=No	_	_	_	_	_	_
429-6	BOI079	429	6	lì	lì	_	_	_	_	_	linguistic	_	ContainsVariation=No	_	_	_	_	_	_
429-7	BOI079	429	7	vicino	vicino	_	_	_	_	_	linguistic	_	ContainsVariation=No	_	_	_	_	_	_
429-8	BOI079	429	8	che	che	_	_	_	_	_	linguistic	_	ContainsVariation=No	_	_	_	_	_	_
429-9	BOI079	429	9	l'	l'	_	_	_	_	_	linguistic	_	ContainsVariation=No	SpaceAfter=No	_	_	_	_	_
429-10	BOI079	429	10	hanno	hanno	_	_	_	_	_	linguistic	_	ContainsVariation=No	_	_	_	_	_	_
429-11	BOI079	429	11	dovuta	dovuta	_	_	_	_	_	linguistic	_	ContainsVariation=No	_	_	_	_	_	_
429-12	BOI079	429	12	evacuare::	evacuare	_	_	_	_	_	linguistic	_	ContainsVariation=No	_	_	7x2	_	_	_
429-13	BOI079	429	13	per	per	_	_	_	_	_	linguistic	_	ContainsVariation=No	_	_	_	_	_	_
429-14	BOI079	429	14	sicurezza	sicurezza	_	_	_	_	_	linguistic	_	ContainsVariation=No	_	_	_	_	_	_
429-15	BOI079	429	15	in	in	_	_	_	_	_	linguistic	_	ContainsVariation=No	_	_	_	_	_	_
429-16	BOI079	429	16	via	via	_	_	_	_	_	linguistic	_	ContainsVariation=No	_	_	_	_	_	_
429-17	BOI079	429	17	preventiva	preventiva	_	_	_	_	_	linguistic	_	ContainsVariation=No	_	End=764.207	_	_	_	_
430-0	BOI079	430	0	o	o	_	_	_	_	_	linguistic	_	ContainsVariation=No	_	Begin=764.491	_	_	_	_
430-1	BOI079	430	1	altri	altri	_	_	_	_	_	linguistic	_	ContainsVariation=No	_	_	_	_	_	_
430-2	BOI079	430	2	che	che	_	_	_	_	_	linguistic	_	ContainsVariation=No	_	_	_	_	_	_
430-3	BOI079	430	3	magari	magari	_	_	_	_	_	linguistic	_	ContainsVariation=No	_	_	_	_	_	_
430-4	BOI079	430	4	gli	gli	_	_	_	_	_	linguistic	_	ContainsVariation=No	_	_	_	_	_	_
430-5	BOI079	430	5	si	si	_	_	_	_	_	linguistic	_	ContainsVariation=No	_	_	_	_	_	_
430-6	BOI079	430	6	sono:	sono	_	_	_	_	_	linguistic	_	ContainsVariation=No	_	End=766.088	3x1	_	_	_
431-0	BOI079	431	0	sempre	sempre	_	_	_	_	_	linguistic	_	ContainsVariation=No	_	Begin=766.684	_	_	_	_
431-1	BOI079	431	1	allagate	allagate	_	_	_	_	_	linguistic	_	ContainsVariation=No	_	_	_	_	_	_
431-2	BOI079	431	2	le	le	_	_	_	_	_	linguistic	_	ContainsVariation=No	_	_	_	_	_	_
431-3	BOI079	431	3	cantine	cantine	_	_	_	_	_	linguistic	_	ContainsVariation=No	_	_	_	_	_	_
431-4	BOI079	431	4	però	però	_	_	_	_	_	linguistic	_	ContainsVariation=No	_	_	_	_	_	_
431-5	BOI079	431	5	proprio	proprio	_	_	_	_	_	linguistic	_	ContainsVariation=No	_	_	_	_	_	_
431-6	BOI079	431	6	con	con	_	_	_	_	_	linguistic	_	ContainsVariation=No	_	_	_	_	_	_
431-7	BOI079	431	7	tipo::	tipo	_	_	_	_	_	linguistic	_	ContainsVariation=No	_	End=769.245	3x2	_	_	_
432-0	BOI079	432	0	ondate	ondate	_	_	_	_	_	linguistic	_	ContainsVariation=No	_	Begin=769.502	_	_	_	_
432-1	BOI079	432	1	di	di	_	_	_	_	_	linguistic	_	ContainsVariation=No	_	_	_	_	_	_
432-2	BOI079	432	2	fango,	fango	_	_	_	_	_	linguistic	_	ContainsVariation=No	Intonation=WeaklyRising	_	_	_	_	_
432-3	BOI079	432	3	quind[i	quindi	_	_	_	_	_	linguistic	_	ContainsVariation=No	_	_	_	_	_	5-6(154)
432-4	BOI079	432	4	han	han	_	_	_	_	_	linguistic	_	ContainsVariation=No	_	_	_	_	_	0-3(154)
432-5	BOI079	432	5	dovu]to	dovuto	_	_	_	_	_	linguistic	_	ContainsVariation=No	_	_	_	_	_	0-4(154)
432-6	BOI079	432	6	do[po:]	dopo	_	_	_	_	_	linguistic	_	ContainsVariation=No	PauseAfter=Yes	_	3x1	_	_	2-4(155)
432-7	BOI079	432	7	(.)	(.)	_	_	_	_	_	shortpause	_	ContainsVariation=No	_	_	_	_	_	_
432-8	BOI079	432	8	°tutto	tutto	_	_	_	_	_	linguistic	_	ContainsVariation=No	Volume=low	_	_	_	_	_
432-9	BOI079	432	9	stare	stare	_	_	_	_	_	linguistic	_	ContainsVariation=No	Volume=low	_	_	_	_	_
432-10	BOI079	432	10	a	a	_	_	_	_	_	linguistic	_	ContainsVariation=No	Volume=low	_	_	_	_	_
432-11	BOI079	432	11	pulire	pulire	_	_	_	_	_	linguistic	_	ContainsVariation=No	Volume=low	_	_	_	_	_
432-12	BOI079	432	12	tutto,	tutto	_	_	_	_	_	linguistic	_	ContainsVariation=No	Intonation=WeaklyRising|Volume=low	_	_	_	_	_
432-13	BOI079	432	13	eccetera°	eccetera	_	_	_	_	_	linguistic	_	ContainsVariation=No	Volume=low	End=773.398	_	_	_	_
433-0	BOR022	433	0	[m:h]	mh	_	_	_	_	_	linguistic	_	ContainsVariation=No	_	Begin=770.663|End=771.02	0x1	_	_	0-2(154)
434-0	BOR020	434	0	[m:h]	mh	_	_	_	_	_	linguistic	_	ContainsVariation=No	_	Begin=771.227|End=771.603	0x1	_	_	0-2(155)
435-0	BOI079	435	0	anch[e	anche	_	_	_	_	_	linguistic	_	ContainsVariation=No	_	Begin=774.427	_	_	_	4-5(156)
435-1	BOI079	435	1	xxxx]	xxxx	_	_	_	_	_	unknown	_	ContainsVariation=No	Syllables=4	End=775.802	_	_	_	0-4(156)
436-0	BOR020	436	0	[vabbè	vabbè	_	_	_	_	_	linguistic	_	ContainsVariation=No	_	Begin=774.783	_	_	_	0-5(156)
436-1	BOR020	436	1	no	no	_	_	_	_	_	linguistic	_	ContainsVariation=No	_	_	_	_	_	0-2(156)
436-2	BOR020	436	2	dai	dai	_	_	_	_	_	linguistic	_	ContainsVariation=No	_	_	_	_	_	0-3(156)
436-3	BOR020	436	3	ades]so	adesso	_	_	_	_	_	linguistic	_	ContainsVariation=No	_	_	_	_	_	0-4(156)
436-4	BOR020	436	4	basta::	basta	_	_	_	_	_	linguistic	_	ContainsVariation=No	PauseAfter=Yes	_	4x2	_	_	_
436-5	BOR020	436	5	(.)	(.)	_	_	_	_	_	shortpause	_	ContainsVariation=No	_	_	_	_	_	_
436-6	BOR020	436	6	[tri~	tri~	_	_	_	_	_	linguistic	_	ContainsVariation=No	Interrupted=Yes	_	_	_	_	0-4(157)
436-7	BOR020	436	7	eh	eh	_	_	_	_	_	linguistic	_	ContainsVariation=No	_	_	_	_	_	0-2(157)
436-8	BOR020	436	8	vabbè:	vabbè	_	_	_	_	_	linguistic	_	ContainsVariation=No	_	_	4x1	_	_	0-5(157)
436-9	BOR020	436	9	no]	no	_	_	_	_	_	linguistic	_	ContainsVariation=No	_	_	_	_	_	0-2(157)
436-10	BOR020	436	10	però::	però	_	_	_	_	_	linguistic	_	ContainsVariation=No	_	End=778.807	3x2	_	_	_
437-0	BOI079	437	0	[no	no	_	_	_	_	_	linguistic	_	ContainsVariation=No	_	Begin=777.081	_	_	_	0-2(157)
437-1	BOI079	437	1	vabbè	vabbè	_	_	_	_	_	linguistic	_	ContainsVariation=No	_	_	_	_	_	0-5(157)
437-2	BOI079	437	2	xxxx]	xxxx	_	_	_	_	_	unknown	_	ContainsVariation=No	Syllables=4	End=778.28	_	_	_	0-4(157)
438-0	BOI079	438	0	beh	beh	_	_	_	_	_	linguistic	_	ContainsVariation=No	_	Begin=779.217	_	_	_	_
438-1	BOI079	438	1	così	così	_	_	_	_	_	linguistic	_	ContainsVariation=No	_	End=779.632	_	_	_	_
439-0	BOR020	439	0	[e:::h	eh	_	_	_	_	_	linguistic	_	ContainsVariation=No	_	Begin=780.474	0x3	_	_	0-2(158)
439-1	BOR020	439	1	mh]	mh	_	_	_	_	_	linguistic	_	ContainsVariation=No	_	End=781.322	_	_	_	0-2(158)
440-0	BOI078	440	0	[volete	volete	_	_	_	_	_	linguistic	_	ContainsVariation=No	_	Begin=780.702	_	_	_	0-6(158)
440-1	BOI078	440	1	conosc]ere	conoscere	_	_	_	_	_	linguistic	_	ContainsVariation=No	_	_	_	_	_	0-6(158)
440-2	BOI078	440	2	bologna	bologna	_	_	_	_	_	linguistic	_	ContainsVariation=No	_	_	_	_	_	_
440-3	BOI078	440	3	bisogna	bisogna	_	_	_	_	_	linguistic	_	ContainsVariation=No	_	_	_	_	_	_
440-4	BOI078	440	4	anche	anche	_	_	_	_	_	linguistic	_	ContainsVariation=No	_	_	_	_	_	_
440-5	BOI078	440	5	conosce[re:	conoscere	_	_	_	_	_	linguistic	_	ContainsVariation=No	_	_	8x1	_	_	7-9(445)
440-6	BOI078	440	6	questi	questi	_	_	_	_	_	linguistic	_	ContainsVariation=No	_	_	_	_	_	0-6(445)
440-7	BOI078	440	7	lati	lati	_	_	_	_	_	linguistic	_	ContainsVariation=No	PauseAfter=Yes	_	_	_	_	0-4(445)
440-8	BOI078	440	8	(.)	(.)	_	_	_	_	_	shortpause	_	ContainsVariation=No	_	_	_	_	_	X(445)
440-9	BOI078	440	9	crudi	crudi	_	_	_	_	_	linguistic	_	ContainsVariation=No	_	_	_	_	_	0-5(445)
440-10	BOI078	440	10	(putroppo)]	putroppo	_	_	_	_	_	linguistic	_	ContainsVariation=No	_	End=784.105	_	_	0-8(0)	0-8(445)
441-0	BOR020	441	0	[no:	no	_	_	_	_	_	linguistic	_	ContainsVariation=No	_	Begin=782.486	1x1	_	_	0-2(444)
441-1	BOR020	441	1	no	no	_	_	_	_	_	linguistic	_	ContainsVariation=No	_	_	_	_	_	0-2(444)
441-2	BOR020	441	2	no	no	_	_	_	_	_	linguistic	_	ContainsVariation=No	_	_	_	_	_	0-2(444)
441-3	BOR020	441	3	ovvio]	ovvio	_	_	_	_	_	linguistic	_	ContainsVariation=No	_	End=783.759	_	_	_	0-5(444)
442-0	BOI079	442	0	[LUCI	luci	_	_	_	_	_	linguistic	_	ContainsVariation=No	PauseAfter=Yes|Volume=high	Begin=783.707	_	_	_	0-4(445)
442-1	BOI079	442	1	(.)	(.)	_	_	_	_	_	shortpause	_	ContainsVariation=No	_	_	_	_	_	X(445)
442-2	BOI079	442	2	e]	e	_	_	_	_	_	linguistic	_	ContainsVariation=No	_	_	_	_	_	0-1(445)
442-3	BOI079	442	3	om[bre:::]	ombre	_	_	_	_	_	linguistic	_	ContainsVariation=No	_	End=785.513	4x3	_	_	2-5(159)
443-0	BOR020	443	0	[xxx]	xxx	_	_	_	_	_	unknown	_	ContainsVariation=No	Syllables=3	Begin=784.052|End=784.587	_	_	_	0-3(445)
444-0	BOI078	444	0	[luci	luci	_	_	_	_	_	linguistic	_	ContainsVariation=No	_	Begin=785.091	_	_	_	0-4(159)
444-1	BOI078	444	1	e	e	_	_	_	_	_	linguistic	_	ContainsVariation=No	_	_	_	_	_	0-1(159)
444-2	BOI078	444	2	o]mbre	ombre	_	_	_	_	_	linguistic	_	ContainsVariation=No	_	_	_	_	_	0-1(159)
444-3	BOI078	444	3	di	di	_	_	_	_	_	linguistic	_	ContainsVariation=No	_	_	_	_	_	_
444-4	BOI078	444	4	bologna	bologna	_	_	_	_	_	linguistic	_	ContainsVariation=No	_	_	_	_	_	_
444-5	BOI078	444	5	[xxx]	xxx	_	_	_	_	_	unknown	_	ContainsVariation=No	Syllables=3	End=786.959	_	_	_	0-3(446)
445-0	BOI079	445	0	[sì	sì	_	_	_	_	_	linguistic	_	ContainsVariation=No	_	Begin=786.473	_	_	_	0-2(446)
445-1	BOI079	445	1	sì]	sì	_	_	_	_	_	linguistic	_	ContainsVariation=No	_	End=786.952	_	_	_	0-2(446)
446-0	BOR020	446	0	[°luc]i	luci	_	_	_	_	_	linguistic	_	ContainsVariation=No	Volume=low	Begin=786.829	_	_	_	0-3(446)
446-1	BOR020	446	1	e	e	_	_	_	_	_	linguistic	_	ContainsVariation=No	Volume=low	_	_	_	_	_
446-2	BOR020	446	2	ombre°	ombre	_	_	_	_	_	linguistic	_	ContainsVariation=No	Volume=low	End=787.445	_	_	_	_
447-0	BOI078	447	0	eh	eh	_	_	_	_	_	linguistic	_	ContainsVariation=No	_	Begin=788.254	_	_	_	_
447-1	BOI078	447	1	insomma	insomma	_	_	_	_	_	linguistic	_	ContainsVariation=No	_	_	_	_	_	_
447-2	BOI078	447	2	è	è	_	_	_	_	_	linguistic	_	ContainsVariation=No	_	_	_	_	_	_
447-3	BOI078	447	3	così	così	_	_	_	_	_	linguistic	_	ContainsVariation=No	_	_	_	_	_	_
447-4	BOI078	447	4	e:::h	eh	_	_	_	_	_	linguistic	_	ContainsVariation=No	PauseAfter=Yes	_	0x3	_	_	_
447-5	BOI078	447	5	(.)	(.)	_	_	_	_	_	shortpause	_	ContainsVariation=No	_	_	_	_	_	_
447-6	BOI078	447	6	MA	ma	_	_	_	_	_	linguistic	_	ContainsVariation=No	Volume=high	_	_	_	_	_
447-7	BOI078	447	7	eh	eh	_	_	_	_	_	linguistic	_	ContainsVariation=No	_	_	_	_	_	_
447-8	BOI078	447	8	voi	voi	_	_	_	_	_	linguistic	_	ContainsVariation=No	_	_	_	_	_	_
447-9	BOI078	447	9	cosa	cosa	_	_	_	_	_	linguistic	_	ContainsVariation=No	_	_	_	_	_	_
447-10	BOI078	447	10	ne	ne	_	_	_	_	_	linguistic	_	ContainsVariation=No	_	_	_	_	_	_
447-11	BOI078	447	11	pensate	pensate	_	_	_	_	_	linguistic	_	ContainsVariation=No	_	_	_	_	_	_
447-12	BOI078	447	12	della::	della	_	_	_	_	_	linguistic	_	ContainsVariation=No	_	_	4x2	_	_	_
447-13	BOI078	447	13	mh	mh	_	_	_	_	_	linguistic	_	ContainsVariation=No	_	End=793.024	_	_	_	_
448-0	BOI078	448	0	della	della	_	_	_	_	_	linguistic	_	ContainsVariation=No	_	Begin=793.631	_	_	_	_
448-1	BOI078	448	1	baracchina	baracchina	_	_	_	_	_	linguistic	_	ContainsVariation=No	_	_	_	_	_	_
448-2	BOI078	448	2	qua	qua	_	_	_	_	_	linguistic	_	ContainsVariation=No	_	_	_	_	_	_
448-3	BOI078	448	3	di	di	_	_	_	_	_	linguistic	_	ContainsVariation=No	_	_	_	_	_	_
448-4	BOI078	448	4	fianco	fianco	_	_	_	_	_	linguistic	_	ContainsVariation=No	_	_	_	_	_	_
448-5	BOI078	448	5	ci	ci	_	_	_	_	_	linguistic	_	ContainsVariation=No	_	_	_	_	_	_
448-6	BOI078	448	6	andate	andate	_	_	_	_	_	linguistic	_	ContainsVariation=No	_	_	_	_	_	_
448-7	BOI078	448	7	spesso:::	spesso	_	_	_	_	_	linguistic	_	ContainsVariation=No	_	End=796.179	5x3	_	_	_
449-0	BOR020	449	0	eh	eh	_	_	_	_	_	linguistic	_	ContainsVariation=No	_	Begin=796.735	_	_	_	_
449-1	BOR020	449	1	[qui	qui	_	_	_	_	_	linguistic	_	ContainsVariation=No	_	_	_	_	_	0-3(447)
449-2	BOR020	449	2	quel~	quel~	_	_	_	_	_	linguistic	_	ContainsVariation=No	Interrupted=Yes	_	_	_	_	0-5(447)
449-3	BOR020	449	3	e	e	_	_	_	_	_	linguistic	_	ContainsVariation=No	_	_	_	_	_	0-1(447)
449-4	BOR020	449	4	x:::]	x	_	_	_	_	_	linguistic	_	ContainsVariation=No	_	End=798.635	0x3	_	_	0-1(447)
450-0	BOR022	450	0	[m:::h]	mh	_	_	_	_	_	linguistic	_	ContainsVariation=No	_	Begin=797.133|End=797.701	0x3	_	_	0-2(447)
451-0	BOI078	451	0	[sì	sì	_	_	_	_	_	linguistic	_	ContainsVariation=No	_	Begin=797.374	_	_	_	0-2(447)
451-1	BOI078	451	1	sì	sì	_	_	_	_	_	linguistic	_	ContainsVariation=No	_	_	_	_	_	0-2(447)
451-2	BOI078	451	2	dolce	dolce	_	_	_	_	_	linguistic	_	ContainsVariation=No	_	_	_	_	_	0-5(447)
451-3	BOI078	451	3	bol]ogna	bologna	_	_	_	_	_	linguistic	_	ContainsVariation=No	_	_	_	_	_	0-3(447)
451-4	BOI078	451	4	lì	lì	_	_	_	_	_	linguistic	_	ContainsVariation=No	_	_	_	_	_	_
451-5	BOI078	451	5	come	come	_	_	_	_	_	linguistic	_	ContainsVariation=No	_	_	_	_	_	_
451-6	BOI078	451	6	°cazzo	cazzo	_	_	_	_	_	linguistic	_	ContainsVariation=No	Volume=low	_	_	_	_	_
451-7	BOI078	451	7	si	si	_	_	_	_	_	linguistic	_	ContainsVariation=No	Volume=low	_	_	_	_	_
451-8	BOI078	451	8	chia[ma°]	chiama	_	_	_	_	_	linguistic	_	ContainsVariation=No	Volume=low	End=799.919	_	_	_	4-6(160)
452-0	BOI079	452	0	[no:]:	no	_	_	_	_	_	linguistic	_	ContainsVariation=No	_	Begin=799.635	1x2	_	_	0-2(160)
452-1	BOI079	452	1	ma	ma	_	_	_	_	_	linguistic	_	ContainsVariation=No	_	_	_	_	_	_
452-2	BOI079	452	2	che	che	_	_	_	_	_	linguistic	_	ContainsVariation=No	_	_	_	_	_	_
452-3	BOI079	452	3	dolce	dolce	_	_	_	_	_	linguistic	_	ContainsVariation=No	_	_	_	_	_	_
452-4	BOI079	452	4	bologna?	bologna	_	_	_	_	_	linguistic	_	ContainsVariation=No	Intonation=Rising	_	_	_	_	_
452-5	BOI079	452	5	dolce	dolce	_	_	_	_	_	linguistic	_	ContainsVariation=No	_	_	_	_	_	_
452-6	BOI079	452	6	bologna	bologna	_	_	_	_	_	linguistic	_	ContainsVariation=No	_	_	_	_	_	_
452-7	BOI079	452	7	è	è	_	_	_	_	_	linguistic	_	ContainsVariation=No	_	_	_	_	_	_
452-8	BOI079	452	8	sotto	sotto	_	_	_	_	_	linguistic	_	ContainsVariation=No	_	_	_	_	_	_
452-9	BOI079	452	9	casa	casa	_	_	_	_	_	linguistic	_	ContainsVariation=No	_	_	_	_	_	_
452-10	BOI079	452	10	mia	mia	_	_	_	_	_	linguistic	_	ContainsVariation=No	_	End=801.763	_	_	_	_
453-0	BOI079	453	0	quella	quella	_	_	_	_	_	linguistic	_	ContainsVariation=No	_	Begin=801.954	_	_	_	_
453-1	BOI079	453	1	del	del	_	_	_	_	_	linguistic	_	ContainsVariation=No	_	_	_	_	_	_
453-2	BOI079	453	2	gelato	gelato	_	_	_	_	_	linguistic	_	ContainsVariation=No	_	_	_	_	_	_
453-3	BOI079	453	3	lì	lì	_	_	_	_	_	linguistic	_	ContainsVariation=No	_	_	_	_	_	_
453-4	BOI079	453	4	in	in	_	_	_	_	_	linguistic	_	ContainsVariation=No	_	_	_	_	_	_
453-5	BOI079	453	5	piazza	piazza	_	_	_	_	_	linguistic	_	ContainsVariation=No	_	_	_	_	_	_
453-6	BOI079	453	6	trento	trento	_	_	_	_	_	linguistic	_	ContainsVariation=No	_	_	_	_	_	_
453-7	BOI079	453	7	e	e	_	_	_	_	_	linguistic	_	ContainsVariation=No	_	_	_	_	_	_
453-8	BOI079	453	8	trieste?	trieste	_	_	_	_	_	linguistic	_	ContainsVariation=No	Intonation=Rising|PauseAfter=Yes	_	_	_	_	_
453-9	BOI079	453	9	(.)	(.)	_	_	_	_	_	shortpause	_	ContainsVariation=No	_	_	_	_	_	_
453-10	BOI079	453	10	°dici°	dici	_	_	_	_	_	linguistic	_	ContainsVariation=No	Volume=low	End=804.109	_	_	_	_
454-0	BOI078	454	0	si	si	_	_	_	_	_	linguistic	_	ContainsVariation=No	_	Begin=804.191	_	_	_	_
454-1	BOI078	454	1	chiama::	chiama	_	_	_	_	_	linguistic	_	ContainsVariation=No	_	_	5x2	_	_	_
454-2	BOI078	454	2	la	la	_	_	_	_	_	linguistic	_	ContainsVariation=No	_	_	_	_	_	_
454-3	BOI078	454	3	dol~	dol~	_	_	_	_	_	linguistic	_	ContainsVariation=No	Interrupted=Yes	_	_	_	_	_
454-4	BOI078	454	4	la	la	_	_	_	_	_	linguistic	_	ContainsVariation=No	_	_	_	_	_	_
454-5	BOI078	454	5	crema	crema	_	_	_	_	_	linguistic	_	ContainsVariation=No	_	_	_	_	_	_
454-6	BOI078	454	6	di	di	_	_	_	_	_	linguistic	_	ContainsVariation=No	_	_	_	_	_	_
454-7	BOI078	454	7	bolo~	bolo~	_	_	_	_	_	linguistic	_	ContainsVariation=No	Interrupted=Yes	_	_	_	_	_
454-8	BOI078	454	8	crema	crema	_	_	_	_	_	linguistic	_	ContainsVariation=No	_	_	_	_	_	_
454-9	BOI078	454	9	bolo[gnese]	bolognese	_	_	_	_	_	linguistic	_	ContainsVariation=No	_	End=807.013	_	_	_	4-9(448)
455-0	BOI079	455	0	[vabbè	vabbè	_	_	_	_	_	linguistic	_	ContainsVariation=No	_	Begin=806.436	_	_	_	0-5(448)
455-1	BOI079	455	1	la	la	_	_	_	_	_	linguistic	_	ContainsVariation=No	_	_	_	_	_	0-2(448)
455-2	BOI079	455	2	gelateria	gelateria	_	_	_	_	_	linguistic	_	ContainsVariation=No	_	_	_	_	_	0-9(448)
455-3	BOI079	455	3	che	che	_	_	_	_	_	linguistic	_	ContainsVariation=No	_	_	_	_	_	0-3(448)
455-4	BOI079	455	4	sta	sta	_	_	_	_	_	linguistic	_	ContainsVariation=No	_	_	_	_	_	0-3(448)
455-5	BOI079	455	5	aperta	aperta	_	_	_	_	_	linguistic	_	ContainsVariation=No	_	_	_	_	_	0-6(448)
455-6	BOI079	455	6	fino	fino	_	_	_	_	_	linguistic	_	ContainsVariation=No	_	_	_	_	_	0-4(448)
455-7	BOI079	455	7	a	a	_	_	_	_	_	linguistic	_	ContainsVariation=No	_	_	_	_	_	0-1(448)
455-8	BOI079	455	8	ta]:rd[i]?	tardi	_	_	_	_	_	linguistic	_	ContainsVariation=No	Intonation=Rising	End=808.245	1x1	_	_	0-2(448),4-5(161)
456-0	BOR020	456	0	[ma	ma	_	_	_	_	_	linguistic	_	ContainsVariation=No	PauseAfter=Yes	Begin=806.865	_	_	_	0-2(448)
456-1	BOR020	456	1	(.)	(.)	_	_	_	_	_	shortpause	_	ContainsVariation=No	_	_	_	_	_	X(448)
456-2	BOR020	456	2	in	in	_	_	_	_	_	linguistic	_	ContainsVariation=No	_	_	_	_	_	0-2(448)
456-3	BOR020	456	3	piazza]?	piazza	_	_	_	_	_	linguistic	_	ContainsVariation=No	Intonation=Rising	End=807.869	_	_	_	0-6(448)
457-0	BOI078	457	0	[s]ì	sì	_	_	_	_	_	linguistic	_	ContainsVariation=No	_	Begin=808.145|End=808.46	_	_	_	0-1(161)
458-0	BOI078	458	0	ci	ci	_	_	_	_	_	linguistic	_	ContainsVariation=No	_	Begin=809.15	_	_	_	_
458-1	BOI078	458	1	anda[te]?	andate	_	_	_	_	_	linguistic	_	ContainsVariation=No	Intonation=Rising	End=809.636	_	_	_	4-6(162)
459-0	BOR020	459	0	[boh	boh	_	_	_	_	_	linguistic	_	ContainsVariation=No	_	Begin=809.494	_	_	_	0-3(162)
459-1	BOR020	459	1	è]	è	_	_	_	_	_	linguistic	_	ContainsVariation=No	_	_	_	_	_	0-1(162)
459-2	BOR020	459	2	oka~	oka~	_	_	_	_	_	linguistic	_	ContainsVariation=No	Interrupted=Yes	End=810.204	_	_	_	_
460-0	BOR020	460	0	sì::	sì	_	_	_	_	_	linguistic	_	ContainsVariation=No	_	Begin=810.328	1x2	_	_	_
460-1	BOR020	460	1	ogni	ogni	_	_	_	_	_	linguistic	_	ContainsVariation=No	_	_	_	_	_	_
460-2	BOR020	460	2	tan[to:	tanto	_	_	_	_	_	linguistic	_	ContainsVariation=No	_	End=811.78	4x1	_	_	_
461-0	BOR022	461	0	[m::h]	mh	_	_	_	_	_	linguistic	_	ContainsVariation=No	_	Begin=811.577|End=811.95	0x2	_	_	0-2(449)
462-0	BOI078	462	0	[ogni	ogni	_	_	_	_	_	linguistic	_	ContainsVariation=No	_	Begin=811.734	_	_	_	0-4(449)
462-1	BOI078	462	1	t]anto	tanto	_	_	_	_	_	linguistic	_	ContainsVariation=No	_	_	_	_	_	0-1(449)
462-2	BOI078	462	2	vuol	vuol	_	_	_	_	_	linguistic	_	ContainsVariation=No	_	_	_	_	_	_
462-3	BOI078	462	3	[dire]?	dire	_	_	_	_	_	linguistic	_	ContainsVariation=No	Intonation=Rising	End=812.713	_	_	_	0-4(163)
463-0	BOR020	463	0	[non	non	_	_	_	_	_	linguistic	_	ContainsVariation=No	_	Begin=812.373	_	_	_	0-3(163)
463-1	BOR020	463	1	è	è	_	_	_	_	_	linguistic	_	ContainsVariation=No	_	_	_	_	_	0-1(163)
463-2	BOR020	463	2	buo]no	buono	_	_	_	_	_	linguistic	_	ContainsVariation=No	_	_	_	_	_	0-3(163)
463-3	BOR020	463	3	lo	lo	_	_	_	_	_	linguistic	_	ContainsVariation=No	_	_	_	_	_	_
463-4	BOR020	463	4	spritz	spritz	_	_	_	_	_	linguistic	_	ContainsVariation=No	_	End=813.406	_	_	_	_
464-0	BOI079	464	0	°ma:	ma	_	_	_	_	_	linguistic	_	ContainsVariation=No	Volume=low	Begin=813.975	1x1	_	_	_
464-1	BOI079	464	1	an[cora	ancora	_	_	_	_	_	linguistic	_	ContainsVariation=No	Volume=low	_	_	_	_	2-6(164)
464-2	BOI079	464	2	n~°]	n~	_	_	_	_	_	linguistic	_	ContainsVariation=No	Interrupted=Yes|Volume=low	End=815.037	_	_	_	0-2(164)
465-0	BOR022	465	0	[io	io	_	_	_	_	_	linguistic	_	ContainsVariation=No	_	Begin=814.573	_	_	_	0-2(164)
465-1	BOR022	465	1	no]n	non	_	_	_	_	_	linguistic	_	ContainsVariation=No	_	_	_	_	_	0-2(164)
465-2	BOR022	465	2	abito	abito	_	_	_	_	_	linguistic	_	ContainsVariation=No	_	_	_	_	_	_
465-3	BOR022	465	3	qui	qui	_	_	_	_	_	linguistic	_	ContainsVariation=No	_	_	_	_	_	_
465-4	BOR022	465	4	quindi:	quindi	_	_	_	_	_	linguistic	_	ContainsVariation=No	_	_	5x1	_	_	_
465-5	BOR022	465	5	((ride))	((ride))	_	_	_	_	_	nonverbalbehavior	_	ContainsVariation=No	_	End=816.56	_	_	_	_
466-0	BOR020	466	0	((ride))	((ride))	_	_	_	_	_	nonverbalbehavior	_	ContainsVariation=No	_	Begin=816.386|End=817.266	_	_	_	_
467-0	BOR022	467	0	io	io	_	_	_	_	_	linguistic	_	ContainsVariation=No	_	Begin=816.912	_	_	_	_
467-1	BOR022	467	1	non	non	_	_	_	_	_	linguistic	_	ContainsVariation=No	_	_	_	_	_	_
467-2	BOR022	467	2	frequento	frequento	_	_	_	_	_	linguistic	_	ContainsVariation=No	_	_	_	_	_	_
467-3	BOR022	467	3	ques~	ques~	_	_	_	_	_	linguistic	_	ContainsVariation=No	Interrupted=Yes	End=817.867	_	_	_	_
468-0	BOI078	468	0	xx	xx	_	_	_	_	_	unknown	_	ContainsVariation=No	Syllables=2	Begin=817.029	_	_	_	_
468-1	BOI078	468	1	(abiti)	abiti	_	_	_	_	_	linguistic	_	ContainsVariation=No	_	_	_	_	0-5(0)	_
468-2	BOI078	468	2	xx	xx	_	_	_	_	_	unknown	_	ContainsVariation=No	Syllables=2	_	_	_	_	_
468-3	BOI078	468	3	dove	dove	_	_	_	_	_	linguistic	_	ContainsVariation=No	PauseAfter=Yes	_	_	_	_	_
468-4	BOI078	468	4	(.)	(.)	_	_	_	_	_	shortpause	_	ContainsVariation=No	_	_	_	_	_	_
468-5	BOI078	468	5	che	che	_	_	_	_	_	linguistic	_	ContainsVariation=No	_	_	_	_	_	_
468-6	BOI078	468	6	zona	zona	_	_	_	_	_	linguistic	_	ContainsVariation=No	_	_	_	_	_	_
468-7	BOI078	468	7	abiti?	abiti	_	_	_	_	_	linguistic	_	ContainsVariation=No	Intonation=Rising	_	_	_	_	_
468-8	BOI078	468	8	esatto	esatto	_	_	_	_	_	linguistic	_	ContainsVariation=No	_	End=819.009	_	_	_	_
469-0	BOR022	469	0	io	io	_	_	_	_	_	linguistic	_	ContainsVariation=No	_	Begin=819.029	_	_	_	_
469-1	BOR022	469	1	abito	abito	_	_	_	_	_	linguistic	_	ContainsVariation=No	_	_	_	_	_	_
469-2	BOR022	469	2	in	in	_	_	_	_	_	linguistic	_	ContainsVariation=No	_	_	_	_	_	_
469-3	BOR022	469	3	eh	eh	_	_	_	_	_	linguistic	_	ContainsVariation=No	_	_	_	_	_	_
469-4	BOR022	469	4	@nomeluogo	@nomeluogo	_	_	_	_	_	anonymized	_	ContainsVariation=No	Anonymized=Yes	End=820.688	_	_	_	_
470-0	BOI078	470	0	a::h	ah	_	_	_	_	_	linguistic	_	ContainsVariation=No	_	Begin=821.059	0x2	_	_	_
470-1	BOI078	470	1	bello	bello	_	_	_	_	_	linguistic	_	ContainsVariation=No	_	End=821.947	_	_	_	_
471-0	BOR022	471	0	sì	sì	_	_	_	_	_	linguistic	_	ContainsVariation=No	PauseAfter=Yes	Begin=822.075	_	_	_	_
471-1	BOR022	471	1	(.)	(.)	_	_	_	_	_	shortpause	_	ContainsVariation=No	_	_	_	_	_	_
471-2	BOR022	471	2	sì	sì	_	_	_	_	_	linguistic	_	ContainsVariation=No	_	_	_	_	_	_
471-3	BOR022	471	3	molto	molto	_	_	_	_	_	linguistic	_	ContainsVariation=No	_	_	_	_	_	_
471-4	BOR022	471	4	bello	bello	_	_	_	_	_	linguistic	_	ContainsVariation=No	_	End=823.157	_	_	_	_
472-0	BOI079	472	0	eh	eh	_	_	_	_	_	linguistic	_	ContainsVariation=No	_	Begin=823.504	_	_	_	_
472-1	BOI079	472	1	beh	beh	_	_	_	_	_	linguistic	_	ContainsVariation=No	_	_	_	_	_	_
472-2	BOI079	472	2	[tra	tra	_	_	_	_	_	linguistic	_	ContainsVariation=No	_	_	_	_	_	0-3(166)
472-3	BOI079	472	3	l'	l'	_	_	_	_	_	linguistic	_	ContainsVariation=No	SpaceAfter=No	_	_	_	_	0-2(166)
472-4	BOI079	472	4	altro:::]	altro	_	_	_	_	_	linguistic	_	ContainsVariation=No	PauseAfter=Yes	_	4x3	_	_	0-5(166)
472-5	BOI079	472	5	(.)	(.)	_	_	_	_	_	shortpause	_	ContainsVariation=No	_	_	_	_	_	_
472-6	BOI079	472	6	vai	vai	_	_	_	_	_	linguistic	_	ContainsVariation=No	_	_	_	_	_	_
472-7	BOI079	472	7	vai	vai	_	_	_	_	_	linguistic	_	ContainsVariation=No	_	End=825.48	_	_	_	_
473-0	BOI078	473	0	[°(io	io	_	_	_	_	_	linguistic	_	ContainsVariation=No	Volume=low	Begin=823.736	_	_	0-2(0)	0-2(166)
473-1	BOI078	473	1	non	non	_	_	_	_	_	linguistic	_	ContainsVariation=No	Volume=low	_	_	_	0-3(0)	0-3(166)
473-2	BOI078	473	2	ci	ci	_	_	_	_	_	linguistic	_	ContainsVariation=No	Volume=low	_	_	_	0-2(0)	0-2(166)
473-3	BOI078	473	3	vado	vado	_	_	_	_	_	linguistic	_	ContainsVariation=No	Volume=low	_	_	_	0-4(0)	0-4(166)
473-4	BOI078	473	4	mai)°]	mai	_	_	_	_	_	linguistic	_	ContainsVariation=No	Volume=low	End=824.597	_	_	0-3(0)	0-3(166)
474-0	BOI079	474	0	@nomeluogo	@nomeluogo	_	_	_	_	_	anonymized	_	ContainsVariation=No	Anonymized=Yes	Begin=825.697	_	_	_	_
474-1	BOI079	474	1	(a)	a	_	_	_	_	_	linguistic	_	ContainsVariation=No	_	_	_	_	0-1(0)	_
474-2	BOI079	474	2	che	che	_	_	_	_	_	linguistic	_	ContainsVariation=No	_	_	_	_	_	_
474-3	BOI079	474	3	altezza?	altezza	_	_	_	_	_	linguistic	_	ContainsVariation=No	Intonation=Rising	End=826.772	_	_	_	_
475-0	BOR022	475	0	quaranta	quaranta	_	_	_	_	_	linguistic	_	ContainsVariation=No	_	Begin=827.334|End=827.765	_	_	_	_
476-0	BOR022	476	0	vici[no:	vicino	_	_	_	_	_	linguistic	_	ContainsVariation=No	_	Begin=828.474	5x1	_	_	4-6(167)
476-1	BOR022	476	1	@nome]luogo	@nomeluogo	_	_	_	_	_	anonymized	_	ContainsVariation=No	Anonymized=Yes	End=829.514	_	_	_	0-5(167)
477-0	BOI079	477	0	[°okay	okay	_	_	_	_	_	linguistic	_	ContainsVariation=No	Volume=low	Begin=828.63	_	_	_	0-4(167)
477-1	BOI079	477	1	(o)kay°]	okay	_	_	_	_	_	linguistic	_	ContainsVariation=No	Volume=low	End=829.183	_	_	0-1(0)	0-4(167)
478-0	BOI079	478	0	bello	bello	_	_	_	_	_	linguistic	_	ContainsVariation=No	_	Begin=830.08	_	_	_	_
478-1	BOI079	478	1	dai	dai	_	_	_	_	_	linguistic	_	ContainsVariation=No	_	_	_	_	_	_
478-2	BOI079	478	2	sì	sì	_	_	_	_	_	linguistic	_	ContainsVariation=No	_	_	_	_	_	_
478-3	BOI079	478	3	bellissi[ma	bellissima	_	_	_	_	_	linguistic	_	ContainsVariation=No	_	_	_	_	_	8-10(168)
478-4	BOI079	478	4	zona]	zona	_	_	_	_	_	linguistic	_	ContainsVariation=No	_	End=831.832	_	_	_	0-4(168)
479-0	BOI078	479	0	°[beh	beh	_	_	_	_	_	linguistic	_	ContainsVariation=No	Volume=low	Begin=831.119	_	_	_	0-3(168)
479-1	BOI078	479	1	porca	porca	_	_	_	_	_	linguistic	_	ContainsVariation=No	Volume=low	_	_	_	_	0-5(168)
479-2	BOI078	479	2	put]tana°	puttana	_	_	_	_	_	linguistic	_	ContainsVariation=No	Volume=low	End=832.378	_	_	_	0-3(168)
480-0	BOI079	480	0	[°bellissimo°	bellissimo	_	_	_	_	_	linguistic	_	ContainsVariation=No	Volume=low	Begin=832.671	_	_	_	0-10(169)
480-1	BOI079	480	1	sei~	sei~	_	_	_	_	_	linguistic	_	ContainsVariation=No	Interrupted=Yes	_	_	_	_	0-4(169)
480-2	BOI079	480	2	>cioè<	cioè	_	_	_	_	_	linguistic	_	ContainsVariation=No	_	_	_	Fast=0-4(0)	_	0-4(169)
480-3	BOI079	480	3	vedi]	vedi	_	_	_	_	_	linguistic	_	ContainsVariation=No	_	_	_	_	_	0-4(169)
480-4	BOI079	480	4	il	il	_	_	_	_	_	linguistic	_	ContainsVariation=No	_	_	_	_	_	_
480-5	BOI079	480	5	@nomeluogo?	@nomeluogo	_	_	_	_	_	anonymized	_	ContainsVariation=No	Intonation=Rising|Anonymized=Yes	End=835.025	_	_	_	_
481-0	BOI078	481	0	[°(bello	bello	_	_	_	_	_	linguistic	_	ContainsVariation=No	Volume=low	Begin=832.671	_	_	0-5(0)	0-5(169)
481-1	BOI078	481	1	bello	bello	_	_	_	_	_	linguistic	_	ContainsVariation=No	Volume=low	_	_	_	0-5(0)	0-5(169)
481-2	BOI078	481	2	bello)	bello	_	_	_	_	_	linguistic	_	ContainsVariation=No	Volume=low	_	_	_	0-5(0)	0-5(169)
481-3	BOI078	481	3	xxx°]	xxx	_	_	_	_	_	unknown	_	ContainsVariation=No	Volume=low|Syllables=3	End=833.928	_	_	_	0-3(169)
482-0	BOR022	482	0	sì	sì	_	_	_	_	_	linguistic	_	ContainsVariation=No	_	Begin=835.237|End=835.364	_	_	_	_
483-0	BOI079	483	0	°a:h	ah	_	_	_	_	_	linguistic	_	ContainsVariation=No	Volume=low	Begin=835.547	0x1	_	_	_
483-1	BOI079	483	1	che	che	_	_	_	_	_	linguistic	_	ContainsVariation=No	Volume=low	_	_	_	_	_
483-2	BOI079	483	2	figata°	figata	_	_	_	_	_	linguistic	_	ContainsVariation=No	Volume=low	End=836.43	_	_	_	_
484-0	BOI079	484	0	il	il	_	_	_	_	_	linguistic	_	ContainsVariation=No	_	Begin=836.896	_	_	_	_
484-1	BOI079	484	1	@nomeluogo	@nomeluogo	_	_	_	_	_	anonymized	_	ContainsVariation=No	Anonymized=Yes	_	_	_	_	_
484-2	BOI079	484	2	per	per	_	_	_	_	_	linguistic	_	ContainsVariation=No	_	_	_	_	_	_
484-3	BOI079	484	3	me	me	_	_	_	_	_	linguistic	_	ContainsVariation=No	_	_	_	_	_	_
484-4	BOI079	484	4	è:	è	_	_	_	_	_	linguistic	_	ContainsVariation=No	_	_	0x1	_	_	_
484-5	BOI079	484	5	la	la	_	_	_	_	_	linguistic	_	ContainsVariation=No	_	_	_	_	_	_
484-6	BOI079	484	6	part~	part~	_	_	_	_	_	linguistic	_	ContainsVariation=No	Interrupted=Yes	_	_	_	_	_
484-7	BOI079	484	7	>cioè	cioè	_	_	_	_	_	linguistic	_	ContainsVariation=No	_	_	_	Fast=0-4(0)	_	_
484-8	BOI079	484	8	proprio<	proprio	_	_	_	_	_	linguistic	_	ContainsVariation=No	_	_	_	Fast=0-7(0)	_	_
484-9	BOI079	484	9	quell'	quell'	_	_	_	_	_	linguistic	_	ContainsVariation=No	SpaceAfter=No	_	_	_	_	_
484-10	BOI079	484	10	a:ngolo	angolo	_	_	_	_	_	linguistic	_	ContainsVariation=No	_	_	0x1	_	_	_
484-11	BOI079	484	11	lì	lì	_	_	_	_	_	linguistic	_	ContainsVariation=No	PauseAfter=Yes	_	_	_	_	_
484-12	BOI079	484	12	(.)	(.)	_	_	_	_	_	shortpause	_	ContainsVariation=No	_	_	_	_	_	_
484-13	BOI079	484	13	penso	penso	_	_	_	_	_	linguistic	_	ContainsVariation=No	_	_	_	_	_	_
484-14	BOI079	484	14	sia	sia	_	_	_	_	_	linguistic	_	ContainsVariation=No	_	_	_	_	_	_
484-15	BOI079	484	15	uno	uno	_	_	_	_	_	linguistic	_	ContainsVariation=No	_	_	_	_	_	_
484-16	BOI079	484	16	degli	degli	_	_	_	_	_	linguistic	_	ContainsVariation=No	_	_	_	_	_	_
484-17	BOI079	484	17	angoli	angoli	_	_	_	_	_	linguistic	_	ContainsVariation=No	_	_	_	_	_	_
484-18	BOI079	484	18	più	più	_	_	_	_	_	linguistic	_	ContainsVariation=No	_	_	_	_	_	_
484-19	BOI079	484	19	belli	belli	_	_	_	_	_	linguistic	_	ContainsVariation=No	_	_	_	_	_	_
484-20	BOI079	484	20	del	del	_	_	_	_	_	linguistic	_	ContainsVariation=No	_	_	_	_	_	_
484-21	BOI079	484	21	centro	centro	_	_	_	_	_	linguistic	_	ContainsVariation=No	_	End=842.149	_	_	_	_
485-0	BOR020	485	0	l'	l'	_	_	_	_	_	linguistic	_	ContainsVariation=No	SpaceAfter=No	Begin=842.364	_	_	_	_
485-1	BOR020	485	1	ango[lo?	angolo	_	_	_	_	_	linguistic	_	ContainsVariation=No	Intonation=Rising	_	_	_	_	3-6(170)
485-2	BOR020	485	2	no]n	non	_	_	_	_	_	linguistic	_	ContainsVariation=No	_	_	_	_	_	0-2(170)
485-3	BOR020	485	3	i:	i	_	_	_	_	_	linguistic	_	ContainsVariation=No	PauseAfter=Yes	_	0x1	_	_	_
485-4	BOR020	485	4	(.)	(.)	_	_	_	_	_	shortpause	_	ContainsVariation=No	_	_	_	_	_	_
485-5	BOR020	485	5	sedili?	sedili	_	_	_	_	_	linguistic	_	ContainsVariation=No	Intonation=Rising	End=844.1	_	_	_	_
486-0	BOI079	486	0	[che	che	_	_	_	_	_	linguistic	_	ContainsVariation=No	_	Begin=842.832	_	_	_	0-3(170)
486-1	BOI079	486	1	c'	c'	_	_	_	_	_	linguistic	_	ContainsVariation=No	SpaceAfter=No	_	_	_	_	0-2(170)
486-2	BOI079	486	2	è]?	è	_	_	_	_	_	linguistic	_	ContainsVariation=No	Intonation=Rising	End=843.103	_	_	_	0-1(170)
487-0	BOR020	487	0	mh	mh	_	_	_	_	_	linguistic	_	ContainsVariation=No	PauseAfter=Yes	Begin=844.278	_	_	_	_
487-1	BOR020	487	1	(.)	(.)	_	_	_	_	_	shortpause	_	ContainsVariation=No	_	_	_	_	_	_
487-2	BOR020	487	2	no	no	_	_	_	_	_	linguistic	_	ContainsVariation=No	_	_	_	_	_	_
487-3	BOR020	487	3	i	i	_	_	_	_	_	linguistic	_	ContainsVariation=No	_	_	_	_	_	_
487-4	BOR020	487	4	((ride))	((ride))	_	_	_	_	_	nonverbalbehavior	_	ContainsVariation=No	_	_	_	_	_	_
487-5	BOR020	487	5	sedili	sedili	_	_	_	_	_	linguistic	_	ContainsVariation=No	_	_	_	_	_	_
487-6	BOR020	487	6	dai	dai	_	_	_	_	_	linguistic	_	ContainsVariation=No	_	End=845.43	_	_	_	_
488-0	BOR022	488	0	((ride))	((ride))	_	_	_	_	_	nonverbalbehavior	_	ContainsVariation=No	_	Begin=845.08|End=845.421	_	_	_	_
489-0	BOI079	489	0	((ride))	((ride))	_	_	_	_	_	nonverbalbehavior	_	ContainsVariation=No	_	Begin=845.629|End=845.786	_	_	_	_
490-0	BOR020	490	0	dove	dove	_	_	_	_	_	linguistic	_	ContainsVariation=No	_	Begin=846.076	_	_	_	_
490-1	BOR020	490	1	ti	ti	_	_	_	_	_	linguistic	_	ContainsVariation=No	_	_	_	_	_	_
490-2	BOR020	490	2	siedi	siedi	_	_	_	_	_	linguistic	_	ContainsVariation=No	_	_	_	_	_	_
490-3	BOR020	490	3	tip[o:]	tipo	_	_	_	_	_	linguistic	_	ContainsVariation=No	_	End=847.374	3x1	_	_	3-4(172)
491-0	BOI079	491	0	[SÌ]	sì	_	_	_	_	_	linguistic	_	ContainsVariation=No	Volume=high	Begin=847.203	_	_	_	0-2(172)
491-1	BOI079	491	1	>cioè<	cioè	_	_	_	_	_	linguistic	_	ContainsVariation=No	_	_	_	Fast=0-4(0)	_	_
491-2	BOI079	491	2	a	a	_	_	_	_	_	linguistic	_	ContainsVariation=No	_	_	_	Slow=0-1(0)	_	_
491-3	BOI079	491	3	me	me	_	_	_	_	_	linguistic	_	ContainsVariation=No	_	_	_	Slow=0-2(0)	_	_
491-4	BOI079	491	4	piace	piace	_	_	_	_	_	linguistic	_	ContainsVariation=No	_	_	_	Slow=0-5(0)	_	_
491-5	BOI079	491	5	>proprio<	proprio	_	_	_	_	_	linguistic	_	ContainsVariation=No	_	_	_	Fast=0-7(1)	_	_
491-6	BOI079	491	6	il	il	_	_	_	_	_	linguistic	_	ContainsVariation=No	_	_	_	Slow=0-2(1)	_	_
491-7	BOI079	491	7	@nomeluogo	@nomeluogo	_	_	_	_	_	anonymized	_	ContainsVariation=No	Anonymized=Yes	_	_	Slow=0-10(1)	_	_
491-8	BOI079	491	8	con	con	_	_	_	_	_	linguistic	_	ContainsVariation=No	_	_	_	Slow=0-3(1)	_	_
491-9	BOI079	491	9	la	la	_	_	_	_	_	linguistic	_	ContainsVariation=No	_	_	_	Slow=0-2(1)	_	_
491-10	BOI079	491	10	piazza,	piazza	_	_	_	_	_	linguistic	_	ContainsVariation=No	Intonation=WeaklyRising	_	_	Slow=0-6(1)	_	_
491-11	BOI079	491	11	e	e	_	_	_	_	_	linguistic	_	ContainsVariation=No	_	_	_	Slow=0-1(1)	_	_
491-12	BOI079	491	12	poi:	poi	_	_	_	_	_	linguistic	_	ContainsVariation=No	_	_	2x1	Slow=0-3(1)	_	_
491-13	BOI079	491	13	i	i	_	_	_	_	_	linguistic	_	ContainsVariation=No	_	_	_	Slow=0-1(1)	_	_
491-14	BOI079	491	14	muretti	muretti	_	_	_	_	_	linguistic	_	ContainsVariation=No	_	_	_	Slow=0-7(1)	_	_
491-15	BOI079	491	15	dove	dove	_	_	_	_	_	linguistic	_	ContainsVariation=No	_	_	_	Slow=0-4(1)	_	_
491-16	BOI079	491	16	ti	ti	_	_	_	_	_	linguistic	_	ContainsVariation=No	_	_	_	Slow=0-2(1)	_	_
491-17	BOI079	491	17	[puoi	puoi	_	_	_	_	_	linguistic	_	ContainsVariation=No	_	_	_	Slow=0-4(1)	_	0-4(173)
491-18	BOI079	491	18	sedere	sedere	_	_	_	_	_	linguistic	_	ContainsVariation=No	_	_	_	Slow=0-6(1)	_	0-6(173)
491-19	BOI079	491	19	lì:	lì	_	_	_	_	_	linguistic	_	ContainsVariation=No	_	_	1x1	Slow=0-2(1)	_	0-2(173)
491-20	BOI079	491	20	>c]ioè	cioè	_	_	_	_	_	linguistic	_	ContainsVariation=No	_	_	_	Fast=0-4(2)	_	0-1(173)
491-21	BOI079	491	21	secondo	secondo	_	_	_	_	_	linguistic	_	ContainsVariation=No	_	_	_	Fast=0-7(2)	_	_
491-22	BOI079	491	22	me	me	_	_	_	_	_	linguistic	_	ContainsVariation=No	_	_	_	Fast=0-2(2)	_	_
491-23	BOI079	491	23	proprio<	proprio	_	_	_	_	_	linguistic	_	ContainsVariation=No	_	End=852.582	_	Fast=0-7(2)	_	_
492-0	BOR020	492	0	[eh	eh	_	_	_	_	_	linguistic	_	ContainsVariation=No	_	Begin=851.122	_	_	_	0-2(173)
492-1	BOR020	492	1	bello]	bello	_	_	_	_	_	linguistic	_	ContainsVariation=No	_	End=851.819	_	_	_	0-5(173)
493-0	BOI079	493	0	a	a	_	_	_	_	_	linguistic	_	ContainsVariation=No	_	Begin=853.037	_	_	_	_
493-1	BOI079	493	1	parte	parte	_	_	_	_	_	linguistic	_	ContainsVariation=No	_	_	_	_	_	_
493-2	BOI079	493	2	il	il	_	_	_	_	_	linguistic	_	ContainsVariation=No	_	_	_	_	_	_
493-3	BOI079	493	3	fatto	fatto	_	_	_	_	_	linguistic	_	ContainsVariation=No	_	_	_	_	_	_
493-4	BOI079	493	4	che	che	_	_	_	_	_	linguistic	_	ContainsVariation=No	_	_	_	_	_	_
493-5	BOI079	493	5	ci	ci	_	_	_	_	_	linguistic	_	ContainsVariation=No	_	_	_	_	_	_
493-6	BOI079	493	6	son	son	_	_	_	_	_	linguistic	_	ContainsVariation=No	_	_	_	_	_	_
493-7	BOI079	493	7	le	le	_	_	_	_	_	linguistic	_	ContainsVariation=No	_	_	_	_	_	_
493-8	BOI079	493	8	blatte	blatte	_	_	_	_	_	linguistic	_	ContainsVariation=No	_	_	_	_	_	_
493-9	BOI079	493	9	ma:	ma	_	_	_	_	_	linguistic	_	ContainsVariation=No	_	End=854.853	1x1	_	_	_
494-0	BOI078	494	0	c'	c'	_	_	_	_	_	linguistic	_	ContainsVariation=No	SpaceAfter=No	Begin=855.417	_	_	_	_
494-1	BOI078	494	1	è	è	_	_	_	_	_	linguistic	_	ContainsVariation=No	_	_	_	_	_	_
494-2	BOI078	494	2	odore	odore	_	_	_	_	_	linguistic	_	ContainsVariation=No	_	_	_	_	_	_
494-3	BOI078	494	3	di	di	_	_	_	_	_	linguistic	_	ContainsVariation=No	_	_	_	_	_	_
494-4	BOI078	494	4	grissino	grissino	_	_	_	_	_	linguistic	_	ContainsVariation=No	_	_	_	_	_	_
494-5	BOI078	494	5	al	al	_	_	_	_	_	linguistic	_	ContainsVariation=No	_	_	_	_	_	_
494-6	BOI078	494	6	pomodoro	pomodoro	_	_	_	_	_	linguistic	_	ContainsVariation=No	_	End=856.843	_	_	_	_
495-0	BOI078	495	0	ma	ma	_	_	_	_	_	linguistic	_	ContainsVariation=No	_	Begin=857.161	_	_	_	_
495-1	BOI078	495	1	tipo	tipo	_	_	_	_	_	linguistic	_	ContainsVariation=No	_	_	_	_	_	_
495-2	BOI078	495	2	di	di	_	_	_	_	_	linguistic	_	ContainsVariation=No	_	_	_	_	_	_
495-3	BOI078	495	3	sugo	sugo	_	_	_	_	_	linguistic	_	ContainsVariation=No	_	End=858.123	_	_	_	_
496-0	BOI079	496	0	[m:h]	mh	_	_	_	_	_	linguistic	_	ContainsVariation=No	_	Begin=858.293|End=858.512	0x1	_	_	0-2(174)
497-0	BOI078	497	0	[sì]	sì	_	_	_	_	_	linguistic	_	ContainsVariation=No	PauseAfter=Yes	Begin=858.355	_	_	_	0-2(174)
497-1	BOI078	497	1	(.)	(.)	_	_	_	_	_	shortpause	_	ContainsVariation=No	_	_	_	_	_	_
497-2	BOI078	497	2	di	di	_	_	_	_	_	linguistic	_	ContainsVariation=No	_	_	_	_	_	_
497-3	BOI078	497	3	sugo	sugo	_	_	_	_	_	linguistic	_	ContainsVariation=No	_	End=859.175	_	_	_	_
498-0	BOR020	498	0	non	non	_	_	_	_	_	linguistic	_	ContainsVariation=No	_	Begin=860.01	_	_	_	_
498-1	BOR020	498	1	so	so	_	_	_	_	_	linguistic	_	ContainsVariation=No	_	_	_	_	_	_
498-2	BOR020	498	2	chi	chi	_	_	_	_	_	linguistic	_	ContainsVariation=No	_	_	_	_	_	_
498-3	BOR020	498	3	è	è	_	_	_	_	_	linguistic	_	ContainsVariation=No	_	_	_	_	_	_
498-4	BOR020	498	4	non	non	_	_	_	_	_	linguistic	_	ContainsVariation=No	_	_	_	_	_	_
498-5	BOR020	498	5	è	è	_	_	_	_	_	linguistic	_	ContainsVariation=No	_	_	_	_	_	_
498-6	BOR020	498	6	quel~	quel~	_	_	_	_	_	linguistic	_	ContainsVariation=No	Interrupted=Yes	End=861.095	_	_	_	_
499-0	BOI079	499	0	non	non	_	_	_	_	_	linguistic	_	ContainsVariation=No	_	Begin=861.895	_	_	_	_
499-1	BOI079	499	1	è:	è	_	_	_	_	_	linguistic	_	ContainsVariation=No	_	_	0x1	_	_	_
499-2	BOI079	499	2	il	il	_	_	_	_	_	linguistic	_	ContainsVariation=No	PauseAfter=Yes	_	_	_	_	_
499-3	BOI079	499	3	(.)	(.)	_	_	_	_	_	shortpause	_	ContainsVariation=No	_	_	_	_	_	_
499-4	BOI079	499	4	coinquilino	coinquilino	_	_	_	_	_	linguistic	_	ContainsVariation=No	_	_	_	_	_	_
499-5	BOI079	499	5	che	che	_	_	_	_	_	linguistic	_	ContainsVariation=No	_	_	_	_	_	_
499-6	BOI079	499	6	sta	sta	_	_	_	_	_	linguistic	_	ContainsVariation=No	_	_	_	_	_	_
499-7	BOI079	499	7	[cucinando	cucinando	_	_	_	_	_	linguistic	_	ContainsVariation=No	_	_	_	_	_	0-9(175)
499-8	BOI079	499	8	in	in	_	_	_	_	_	linguistic	_	ContainsVariation=No	_	_	_	_	_	0-2(175)
499-9	BOI079	499	9	c]amera	camera	_	_	_	_	_	linguistic	_	ContainsVariation=No	_	_	_	_	_	0-1(175)
499-10	BOI079	499	10	per	per	_	_	_	_	_	linguistic	_	ContainsVariation=No	_	_	_	_	_	_
499-11	BOI079	499	11	non	non	_	_	_	_	_	linguistic	_	ContainsVariation=No	_	_	_	_	_	_
499-12	BOI079	499	12	(mos[trarsi])	mostrarsi	_	_	_	_	_	linguistic	_	ContainsVariation=No	_	_	_	_	0-9(0)	3-9(176)
499-13	BOI079	499	13	((ride))	((ride))	_	_	_	_	_	nonverbalbehavior	_	ContainsVariation=No	_	End=865.578	_	_	_	_
500-0	BOI078	500	0	[dov'	dov'	_	_	_	_	_	linguistic	_	ContainsVariation=No	SpaceAfter=No	Begin=863.639	_	_	_	0-4(175)
500-1	BOI078	500	1	è	è	_	_	_	_	_	linguistic	_	ContainsVariation=No	_	_	_	_	_	0-1(175)
500-2	BOI078	500	2	dov~]	dov~	_	_	_	_	_	linguistic	_	ContainsVariation=No	Interrupted=Yes	End=864.166	_	_	_	0-4(175)
501-0	BOI078	501	0	[dov'	dov'	_	_	_	_	_	linguistic	_	ContainsVariation=No	SpaceAfter=No	Begin=865.037	_	_	_	0-4(176)
501-1	BOI078	501	1	è	è	_	_	_	_	_	linguistic	_	ContainsVariation=No	_	_	_	_	_	0-1(176)
501-2	BOI078	501	2	il	il	_	_	_	_	_	linguistic	_	ContainsVariation=No	_	_	_	_	_	0-2(176)
501-3	BOI078	501	3	coin]quilino	coinquilino	_	_	_	_	_	linguistic	_	ContainsVariation=No	_	_	_	_	_	0-4(176)
501-4	BOI078	501	4	in	in	_	_	_	_	_	linguistic	_	ContainsVariation=No	_	_	_	_	_	_
501-5	BOI078	501	5	questo	questo	_	_	_	_	_	linguistic	_	ContainsVariation=No	_	_	_	_	_	_
501-6	BOI078	501	6	momen[to]?	momento	_	_	_	_	_	linguistic	_	ContainsVariation=No	Intonation=Rising	End=866.526	_	_	_	4-7(177)
502-0	BOR020	502	0	[sta	sta	_	_	_	_	_	linguistic	_	ContainsVariation=No	_	Begin=866.36	_	_	_	0-3(177)
502-1	BOR020	502	1	l]avorando	lavorando	_	_	_	_	_	linguistic	_	ContainsVariation=No	_	End=867.118	_	_	_	0-1(177)
503-0	BOI079	503	0	ch[e	che	_	_	_	_	_	linguistic	_	ContainsVariation=No	_	Begin=867.438	_	_	_	2-3(178)
503-1	BOI079	503	1	lavoro	lavoro	_	_	_	_	_	linguistic	_	ContainsVariation=No	_	_	_	_	_	0-6(178)
503-2	BOI079	503	2	fa]?	fa	_	_	_	_	_	linguistic	_	ContainsVariation=No	Intonation=Rising	End=867.949	_	_	_	0-2(178)
504-0	BOI078	504	0	[(e)	e	_	_	_	_	_	linguistic	_	ContainsVariation=No	_	Begin=867.517	_	_	0-1(0)	0-1(178)
504-1	BOI078	504	1	che	che	_	_	_	_	_	linguistic	_	ContainsVariation=No	_	_	_	_	_	0-3(178)
504-2	BOI078	504	2	lavoro]	lavoro	_	_	_	_	_	linguistic	_	ContainsVariation=No	_	_	_	_	_	0-6(178)
504-3	BOI078	504	3	fa?	fa	_	_	_	_	_	linguistic	_	ContainsVariation=No	Intonation=Rising	End=868.091	_	_	_	_
505-0	BOR020	505	0	a	a	_	_	_	_	_	linguistic	_	ContainsVariation=No	_	Begin=868.5	_	_	_	_
505-1	BOR020	505	1	pizzium	pizzium	_	_	_	_	_	linguistic	_	ContainsVariation=No	_	_	_	_	_	_
505-2	BOR020	505	2	in	in	_	_	_	_	_	linguistic	_	ContainsVariation=No	_	_	_	_	_	_
505-3	BOR020	505	3	via	via	_	_	_	_	_	linguistic	_	ContainsVariation=No	_	_	_	_	_	_
505-4	BOR020	505	4	oberdan	oberdan	_	_	_	_	_	linguistic	_	ContainsVariation=No	_	End=869.828	_	_	_	_
506-0	BOI078	506	0	((sussulta))	((sussulta))	_	_	_	_	_	nonverbalbehavior	_	ContainsVariation=No	PauseAfter=Yes	Begin=869.828	_	_	_	_
506-1	BOI078	506	1	(.)	(.)	_	_	_	_	_	shortpause	_	ContainsVariation=No	_	_	_	_	_	_
506-2	BOI078	506	2	dav[vero?	davvero	_	_	_	_	_	linguistic	_	ContainsVariation=No	Intonation=Rising	_	_	_	_	3-7(179)
506-3	BOI078	506	3	BONO	bono	_	_	_	_	_	linguistic	_	ContainsVariation=No	Volume=high	_	_	_	_	0-4(179)
506-4	BOI078	506	4	pi]zzium	pizzium	_	_	_	_	_	linguistic	_	ContainsVariation=No	_	_	_	_	_	0-2(179)
506-5	BOI078	506	5	complimenti	complimenti	_	_	_	_	_	linguistic	_	ContainsVariation=No	_	_	_	_	_	_
506-6	BOI078	506	6	°beh	beh	_	_	_	_	_	linguistic	_	ContainsVariation=No	Volume=low	_	_	_	_	_
506-7	BOI078	506	7	io	io	_	_	_	_	_	linguistic	_	ContainsVariation=No	Volume=low	_	_	_	_	_
506-8	BOI078	506	8	xx°	xx	_	_	_	_	_	unknown	_	ContainsVariation=No	Volume=low|Syllables=2	End=873.249	_	_	_	_
507-0	BOI079	507	0	[buono	buono	_	_	_	_	_	linguistic	_	ContainsVariation=No	_	Begin=870.416	_	_	_	0-5(179)
507-1	BOI079	507	1	pizzium]	pizzium	_	_	_	_	_	linguistic	_	ContainsVariation=No	_	End=871.692	_	_	_	0-7(179)
508-0	BOI079	508	0	beh	beh	_	_	_	_	_	linguistic	_	ContainsVariation=No	_	Begin=873.294	_	_	_	_
508-1	BOI079	508	1	dai	dai	_	_	_	_	_	linguistic	_	ContainsVariation=No	_	_	_	_	_	_
508-2	BOI079	508	2	è	è	_	_	_	_	_	linguistic	_	ContainsVariation=No	_	_	_	_	_	_
508-3	BOI079	508	3	[xx]	xx	_	_	_	_	_	unknown	_	ContainsVariation=No	Syllables=2	End=873.904	_	_	_	0-2(451)
509-0	BOR020	509	0	[è	è	_	_	_	_	_	linguistic	_	ContainsVariation=No	_	Begin=873.597	_	_	_	0-1(451)
509-1	BOR020	509	1	okay:]	okay	_	_	_	_	_	linguistic	_	ContainsVariation=No	_	End=874.609	3x1	_	_	0-4(451)
510-0	BOI078	510	0	[xxxxxx]	xxxxxx	_	_	_	_	_	unknown	_	ContainsVariation=No	Syllables=6	Begin=873.662|End=874.234	_	_	_	0-6(451)
511-0	BOI079	511	0	[beh]	beh	_	_	_	_	_	linguistic	_	ContainsVariation=No	_	Begin=874.517	_	_	_	0-3(180)
511-1	BOI079	511	1	[ci	ci	_	_	_	_	_	linguistic	_	ContainsVariation=No	_	_	_	_	_	0-2(181)
511-2	BOI079	511	2	sta	sta	_	_	_	_	_	linguistic	_	ContainsVariation=No	_	_	_	_	_	0-3(181)
511-3	BOI079	511	3	dai]	dai	_	_	_	_	_	linguistic	_	ContainsVariation=No	_	End=875.501	_	_	_	0-3(181)
512-0	BOI078	512	0	[è	è	_	_	_	_	_	linguistic	_	ContainsVariation=No	_	Begin=874.659	_	_	_	0-1(181)
512-1	BOI078	512	1	una	una	_	_	_	_	_	linguistic	_	ContainsVariation=No	_	_	_	_	_	0-3(181)
512-2	BOI078	512	2	pizzeria	pizzeria	_	_	_	_	_	linguistic	_	ContainsVariation=No	_	_	_	_	_	0-8(181)
512-3	BOI078	512	3	dai	dai	_	_	_	_	_	linguistic	_	ContainsVariation=No	_	_	_	_	_	0-3(181)
512-4	BOI078	512	4	al]l[ora	allora	_	_	_	_	_	linguistic	_	ContainsVariation=No	_	_	_	_	_	0-2(181),3-6(182)
512-5	BOI078	512	5	e	e	_	_	_	_	_	linguistic	_	ContainsVariation=No	_	_	_	_	_	0-1(182)
512-6	BOI078	512	6	che	che	_	_	_	_	_	linguistic	_	ContainsVariation=No	_	_	_	_	_	0-3(182)
512-7	BOI078	512	7	ca]zzo	cazzo	_	_	_	_	_	linguistic	_	ContainsVariation=No	_	_	_	_	_	0-2(182)
512-8	BOI078	512	8	la[ura	laura	_	_	_	_	_	linguistic	_	ContainsVariation=No	_	_	_	_	_	2-5(183)
512-9	BOI078	512	9	però]	però	_	_	_	_	_	linguistic	_	ContainsVariation=No	_	End=877.076	_	_	_	0-4(183)
513-0	BOR020	513	0	[NO::]	no	_	_	_	_	_	linguistic	_	ContainsVariation=No	Volume=high	Begin=875.525|End=876.333	1x2	_	_	0-2(182)
514-0	BOR020	514	0	[dove	dove	_	_	_	_	_	linguistic	_	ContainsVariation=No	_	Begin=876.585	_	_	_	0-4(183)
514-1	BOR020	514	1	vai	vai	_	_	_	_	_	linguistic	_	ContainsVariation=No	_	_	_	_	_	0-3(183)
514-2	BOR020	514	2	a	a	_	_	_	_	_	linguistic	_	ContainsVariation=No	_	_	_	_	_	0-1(183)
514-3	BOR020	514	3	ma]ngiar	mangiar	_	_	_	_	_	linguistic	_	ContainsVariation=No	_	_	_	_	_	0-2(183)
514-4	BOR020	514	4	la	la	_	_	_	_	_	linguistic	_	ContainsVariation=No	_	_	_	_	_	_
514-5	BOR020	514	5	pizza	pizza	_	_	_	_	_	linguistic	_	ContainsVariation=No	_	_	_	_	_	_
514-6	BOR020	514	6	scusami?	scusami	_	_	_	_	_	linguistic	_	ContainsVariation=No	Intonation=Rising	End=878.237	_	_	_	_
515-0	BOI078	515	0	ecco	ecco	_	_	_	_	_	linguistic	_	ContainsVariation=No	_	Begin=878.237	_	_	_	_
515-1	BOI078	515	1	no	no	_	_	_	_	_	linguistic	_	ContainsVariation=No	_	_	_	_	_	_
515-2	BOI078	515	2	io	io	_	_	_	_	_	linguistic	_	ContainsVariation=No	_	_	_	_	_	_
515-3	BOI078	515	3	vado	vado	_	_	_	_	_	linguistic	_	ContainsVariation=No	_	_	_	_	_	_
515-4	BOI078	515	4	[di	di	_	_	_	_	_	linguistic	_	ContainsVariation=No	_	_	_	_	_	0-2(184)
515-5	BOI078	515	5	fian~]	fian~	_	_	_	_	_	linguistic	_	ContainsVariation=No	Interrupted=Yes	End=879.575	_	_	_	0-5(184)
516-0	BOI079	516	0	[allora	allora	_	_	_	_	_	linguistic	_	ContainsVariation=No	_	Begin=878.989	_	_	_	0-6(184)
516-1	BOI079	516	1	questa]	questa	_	_	_	_	_	linguistic	_	ContainsVariation=No	_	_	_	_	_	0-6(184)
516-2	BOI079	516	2	è	è	_	_	_	_	_	linguistic	_	ContainsVariation=No	_	_	_	_	_	_
516-3	BOI079	516	3	una	una	_	_	_	_	_	linguistic	_	ContainsVariation=No	PauseAfter=Yes	_	_	_	_	_
516-4	BOI079	516	4	(.)	(.)	_	_	_	_	_	shortpause	_	ContainsVariation=No	_	_	_	_	_	_
516-5	BOI079	516	5	questione	questione	_	_	_	_	_	linguistic	_	ContainsVariation=No	_	_	_	_	_	_
516-6	BOI079	516	6	deli[cata]	delicata	_	_	_	_	_	linguistic	_	ContainsVariation=No	_	End=880.801	_	_	_	4-8(185)
517-0	BOI078	517	0	[EC]co	ecco	_	_	_	_	_	linguistic	_	ContainsVariation=No	Volume=high	Begin=880.593	_	_	_	0-2(185)
517-1	BOI078	517	1	no	no	_	_	_	_	_	linguistic	_	ContainsVariation=No	PauseAfter=Yes	_	_	_	_	_
517-2	BOI078	517	2	(.)	(.)	_	_	_	_	_	shortpause	_	ContainsVariation=No	_	_	_	_	_	_
517-3	BOI078	517	3	e:h	eh	_	_	_	_	_	linguistic	_	ContainsVariation=No	PauseAfter=Yes	_	0x1	_	_	_
517-4	BOI078	517	4	(.)	(.)	_	_	_	_	_	shortpause	_	ContainsVariation=No	_	_	_	_	_	_
517-5	BOI078	517	5	noi	noi	_	_	_	_	_	linguistic	_	ContainsVariation=No	_	_	_	_	_	_
517-6	BOI078	517	6	di	di	_	_	_	_	_	linguistic	_	ContainsVariation=No	_	_	_	_	_	_
517-7	BOI078	517	7	solito	solito	_	_	_	_	_	linguistic	_	ContainsVariation=No	PauseAfter=Yes	_	_	_	_	_
517-8	BOI078	517	8	(.)	(.)	_	_	_	_	_	shortpause	_	ContainsVariation=No	_	_	_	_	_	_
517-9	BOI078	517	9	[andiamo]	andiamo	_	_	_	_	_	linguistic	_	ContainsVariation=No	_	End=883.317	_	_	_	0-7(186)
518-0	BOR020	518	0	[pausa]	pausa	_	_	_	_	_	linguistic	_	ContainsVariation=No	_	Begin=882.653|End=883.31	_	_	_	0-5(186)
519-0	BOR020	519	0	come	come	_	_	_	_	_	linguistic	_	ContainsVariation=No	_	Begin=884.58|End=885.144	_	_	_	_
520-0	BOR020	520	0	com'	com'	_	_	_	_	_	linguistic	_	ContainsVariation=No	SpaceAfter=No	Begin=885.315	_	_	_	_
520-1	BOR020	520	1	è	è	_	_	_	_	_	linguistic	_	ContainsVariation=No	_	_	_	_	_	_
520-2	BOR020	520	2	fatta	fatta	_	_	_	_	_	linguistic	_	ContainsVariation=No	_	_	_	_	_	_
520-3	BOR020	520	3	la	la	_	_	_	_	_	linguistic	_	ContainsVariation=No	_	_	_	_	_	_
520-4	BOR020	520	4	pizza?	pizza	_	_	_	_	_	linguistic	_	ContainsVariation=No	Intonation=Rising	End=886.663	_	_	_	_
521-0	BOI078	521	0	com'	com'	_	_	_	_	_	linguistic	_	ContainsVariation=No	SpaceAfter=No	Begin=887.458	_	_	_	_
521-1	BOI078	521	1	è	è	_	_	_	_	_	linguistic	_	ContainsVariation=No	_	_	_	_	_	_
521-2	BOI078	521	2	fatta	fatta	_	_	_	_	_	linguistic	_	ContainsVariation=No	_	_	_	_	_	_
521-3	BOI078	521	3	la	la	_	_	_	_	_	linguistic	_	ContainsVariation=No	_	_	_	_	_	_
521-4	BOI078	521	4	pizza?	pizza	_	_	_	_	_	linguistic	_	ContainsVariation=No	Intonation=Rising	End=888.32	_	_	_	_
522-0	BOI078	522	0	allora	allora	_	_	_	_	_	linguistic	_	ContainsVariation=No	_	Begin=888.433	_	_	_	_
522-1	BOI078	522	1	è	è	_	_	_	_	_	linguistic	_	ContainsVariation=No	PauseAfter=Yes	_	_	_	_	_
522-2	BOI078	522	2	(.)	(.)	_	_	_	_	_	shortpause	_	ContainsVariation=No	_	_	_	_	_	_
522-3	BOI078	522	3	[eh	eh	_	_	_	_	_	linguistic	_	ContainsVariation=No	_	_	_	_	_	0-2(188)
522-4	BOI078	522	4	ha	ha	_	_	_	_	_	linguistic	_	ContainsVariation=No	_	_	_	_	_	0-2(188)
522-5	BOI078	522	5	ha	ha	_	_	_	_	_	linguistic	_	ContainsVariation=No	_	_	_	_	_	0-2(188)
522-6	BOI078	522	6	u]na	una	_	_	_	_	_	linguistic	_	ContainsVariation=No	PauseAfter=Yes	_	_	_	_	0-1(188)
522-7	BOI078	522	7	(.)	(.)	_	_	_	_	_	shortpause	_	ContainsVariation=No	_	_	_	_	_	_
522-8	BOI078	522	8	ha	ha	_	_	_	_	_	linguistic	_	ContainsVariation=No	_	_	_	_	_	_
522-9	BOI078	522	9	una	una	_	_	_	_	_	linguistic	_	ContainsVariation=No	_	End=889.996	_	_	_	_
523-0	BOI079	523	0	[tonda]	tonda	_	_	_	_	_	linguistic	_	ContainsVariation=No	_	Begin=888.753|End=889.184	_	_	_	0-5(187)
524-0	BOR020	524	0	((ride))	((ride))	_	_	_	_	_	nonverbalbehavior	_	ContainsVariation=No	_	Begin=889.294|End=889.89	_	_	_	_
525-0	BOI078	525	0	[m:::h]	mh	_	_	_	_	_	linguistic	_	ContainsVariation=No	_	Begin=890.167|End=891.238	0x3	_	_	0-2(189)
526-0	BOI079	526	0	[forma:]	forma	_	_	_	_	_	linguistic	_	ContainsVariation=No	_	Begin=890.851	4x1	_	_	0-5(189)
526-1	BOI079	526	1	circolare	circolare	_	_	_	_	_	linguistic	_	ContainsVariation=No	_	End=892.05	_	_	_	_
527-0	BOR020	527	0	qual	qual	_	_	_	_	_	linguistic	_	ContainsVariation=No	_	Begin=892.093	_	_	_	_
527-1	BOR020	527	1	[è	è	_	_	_	_	_	linguistic	_	ContainsVariation=No	_	_	_	_	_	0-1(190)
527-2	BOR020	527	2	la]	la	_	_	_	_	_	linguistic	_	ContainsVariation=No	_	_	_	_	_	0-2(190)
527-3	BOR020	527	3	sua	sua	_	_	_	_	_	linguistic	_	ContainsVariation=No	_	_	_	_	_	_
527-4	BOR020	527	4	altez[za]?	altezza	_	_	_	_	_	linguistic	_	ContainsVariation=No	Intonation=Rising	End=893.16	_	_	_	5-7(191)
528-0	BOI078	528	0	[sì]	sì	_	_	_	_	_	linguistic	_	ContainsVariation=No	_	Begin=892.187|End=892.336	_	_	_	0-2(190)
529-0	BOI078	529	0	[e:]::	e	_	_	_	_	_	linguistic	_	ContainsVariation=No	_	Begin=892.834	0x3	_	_	0-1(191)
529-1	BOI078	529	1	cosa	cosa	_	_	_	_	_	linguistic	_	ContainsVariation=No	PauseAfter=Yes	_	_	_	_	_
529-2	BOI078	529	2	(.)	(.)	_	_	_	_	_	shortpause	_	ContainsVariation=No	_	_	_	_	_	_
529-3	BOI078	529	3	dentro	dentro	_	_	_	_	_	linguistic	_	ContainsVariation=No	_	_	_	_	_	_
529-4	BOI078	529	4	c'	c'	_	_	_	_	_	linguistic	_	ContainsVariation=No	SpaceAfter=No	_	_	_	_	_
529-5	BOI078	529	5	è::	è	_	_	_	_	_	linguistic	_	ContainsVariation=No	_	End=895.093	0x2	_	_	_
530-0	BOI078	530	0	beh	beh	_	_	_	_	_	linguistic	_	ContainsVariation=No	PauseAfter=Yes	Begin=895.258	_	_	_	_
530-1	BOI078	530	1	(.)	(.)	_	_	_	_	_	shortpause	_	ContainsVariation=No	_	_	_	_	_	_
530-2	BOI078	530	2	[è	è	_	_	_	_	_	linguistic	_	ContainsVariation=No	_	_	_	_	_	0-1(192)
530-3	BOI078	530	3	rossa],	rossa	_	_	_	_	_	linguistic	_	ContainsVariation=No	Intonation=WeaklyRising	End=896.208	_	_	_	0-5(192)
531-0	BOI079	531	0	[allora]	allora	_	_	_	_	_	linguistic	_	ContainsVariation=No	PauseAfter=Yes	Begin=895.415	_	_	_	0-6(192)
531-1	BOI079	531	1	(.)	(.)	_	_	_	_	_	shortpause	_	ContainsVariation=No	_	_	_	_	_	_
531-2	BOI079	531	2	beh	beh	_	_	_	_	_	linguistic	_	ContainsVariation=No	_	_	_	_	_	_
531-3	BOI079	531	3	dipende	dipende	_	_	_	_	_	linguistic	_	ContainsVariation=No	_	End=897.017	_	_	_	_
532-0	BOI079	532	0	c(io)è	cioè	_	_	_	_	_	linguistic	_	ContainsVariation=No	Reduced=Yes|PauseAfter=Yes	Begin=897.074	_	_	_	_
532-1	BOI079	532	1	(.)	(.)	_	_	_	_	_	shortpause	_	ContainsVariation=No	_	_	_	_	_	_
532-2	BOI079	532	2	a	a	_	_	_	_	_	linguistic	_	ContainsVariation=No	_	_	_	_	_	_
532-3	BOI079	532	3	noi	noi	_	_	_	_	_	linguistic	_	ContainsVariation=No	_	_	_	_	_	_
532-4	BOI079	532	4	piace	piace	_	_	_	_	_	linguistic	_	ContainsVariation=No	_	_	_	_	_	_
532-5	BOI079	532	5	sia	sia	_	_	_	_	_	linguistic	_	ContainsVariation=No	_	_	_	_	_	_
532-6	BOI079	532	6	la	la	_	_	_	_	_	linguistic	_	ContainsVariation=No	_	_	_	_	_	_
532-7	BOI079	532	7	pizza	pizza	_	_	_	_	_	linguistic	_	ContainsVariation=No	_	_	_	_	_	_
532-8	BOI079	532	8	più:	più	_	_	_	_	_	linguistic	_	ContainsVariation=No	PauseAfter=Yes	_	2x1	_	_	_
532-9	BOI079	532	9	(.)	(.)	_	_	_	_	_	shortpause	_	ContainsVariation=No	_	_	_	_	_	_
532-10	BOI079	532	10	allora	allora	_	_	_	_	_	linguistic	_	ContainsVariation=No	_	End=899.923	_	_	_	_
533-0	BOI079	533	0	io	io	_	_	_	_	_	linguistic	_	ContainsVariation=No	_	Begin=900.038	_	_	_	_
533-1	BOI079	533	1	se	se	_	_	_	_	_	linguistic	_	ContainsVariation=No	_	_	_	_	_	_
533-2	BOI079	533	2	la	la	_	_	_	_	_	linguistic	_	ContainsVariation=No	_	End=900.679	_	_	_	_
534-0	BOI079	534	0	allora	allora	_	_	_	_	_	linguistic	_	ContainsVariation=No	_	Begin=900.933|End=901.48	_	_	_	_
535-0	BOI078	535	0	[m:::h]	mh	_	_	_	_	_	linguistic	_	ContainsVariation=No	_	Begin=901.717|End=902.606	0x3	_	_	0-2(193)
536-0	BOI079	536	0	[AL	al	_	_	_	_	_	linguistic	_	ContainsVariation=No	Volume=high	Begin=902.293	_	_	_	0-2(193)
536-1	BOI079	536	1	RIS]TORANTE	ristorante	_	_	_	_	_	linguistic	_	ContainsVariation=No	Volume=high	_	_	_	_	0-3(193)
536-2	BOI079	536	2	la	la	_	_	_	_	_	linguistic	_	ContainsVariation=No	_	_	_	_	_	_
536-3	BOI079	536	3	fanno	fanno	_	_	_	_	_	linguistic	_	ContainsVariation=No	_	_	_	_	_	_
536-4	BOI079	536	4	un	un	_	_	_	_	_	linguistic	_	ContainsVariation=No	_	_	_	_	_	_
536-5	BOI079	536	5	po'	po'	_	_	_	_	_	linguistic	_	ContainsVariation=No	_	_	_	_	_	_
536-6	BOI079	536	6	col	col	_	_	_	_	_	linguistic	_	ContainsVariation=No	PauseAfter=Yes	_	_	_	_	_
536-7	BOI079	536	7	(.)	(.)	_	_	_	_	_	shortpause	_	ContainsVariation=No	_	_	_	_	_	_
536-8	BOI079	536	8	un	un	_	_	_	_	_	linguistic	_	ContainsVariation=No	_	_	_	_	_	_
536-9	BOI079	536	9	po'	po'	_	_	_	_	_	linguistic	_	ContainsVariation=No	_	_	_	_	_	_
536-10	BOI079	536	10	più	più	_	_	_	_	_	linguistic	_	ContainsVariation=No	_	_	_	_	_	_
536-11	BOI079	536	11	napoletana,	napoletana	_	_	_	_	_	linguistic	_	ContainsVariation=No	Intonation=WeaklyRising	_	_	_	_	_
536-12	BOI079	536	12	col	col	_	_	_	_	_	linguistic	_	ContainsVariation=No	_	_	_	_	_	_
536-13	BOI079	536	13	bordo	bordo	_	_	_	_	_	linguistic	_	ContainsVariation=No	_	_	_	_	_	_
536-14	BOI079	536	14	un	un	_	_	_	_	_	linguistic	_	ContainsVariation=No	_	_	_	_	_	_
536-15	BOI079	536	15	po'	po'	_	_	_	_	_	linguistic	_	ContainsVariation=No	_	_	_	_	_	_
536-16	BOI079	536	16	più	più	_	_	_	_	_	linguistic	_	ContainsVariation=No	_	_	_	_	_	_
536-17	BOI079	536	17	alto,	alto	_	_	_	_	_	linguistic	_	ContainsVariation=No	Intonation=WeaklyRising	End=906.094	_	_	_	_
537-0	BOI078	537	0	>ma	ma	_	_	_	_	_	linguistic	_	ContainsVariation=No	_	Begin=906.215	_	Fast=0-2(0)	_	_
537-1	BOI078	537	1	dove	dove	_	_	_	_	_	linguistic	_	ContainsVariation=No	_	_	_	Fast=0-4(0)	_	_
537-2	BOI078	537	2	[di	di	_	_	_	_	_	linguistic	_	ContainsVariation=No	_	_	_	Fast=0-2(0)	_	0-2(194)
537-3	BOI078	537	3	cosa	cosa	_	_	_	_	_	linguistic	_	ContainsVariation=No	_	_	_	Fast=0-4(0)	_	0-4(194)
537-4	BOI078	537	4	stiamo]<	stiamo	_	_	_	_	_	linguistic	_	ContainsVariation=No	_	End=907.066	_	Fast=0-6(0)	_	0-6(194)
538-0	BOI079	538	0	[>quando	quando	_	_	_	_	_	linguistic	_	ContainsVariation=No	_	Begin=906.545	_	Fast=0-6(0)	_	0-6(194)
538-1	BOI079	538	1	andiamo<	andiamo	_	_	_	_	_	linguistic	_	ContainsVariation=No	_	_	_	Fast=0-7(0)	_	0-7(194)
538-2	BOI079	538	2	da	da	_	_	_	_	_	linguistic	_	ContainsVariation=No	_	_	_	_	_	0-2(194)
538-3	BOI079	538	3	z]ia	zia	_	_	_	_	_	linguistic	_	ContainsVariation=No	_	_	_	_	_	0-1(194)
538-4	BOI079	538	4	margh[erita]	margherita	_	_	_	_	_	linguistic	_	ContainsVariation=No	_	End=907.826	_	_	_	5-10(195)
539-0	BOI078	539	0	[ah	ah	_	_	_	_	_	linguistic	_	ContainsVariation=No	_	Begin=907.351	_	_	_	0-2(195)
539-1	BOI078	539	1	da	da	_	_	_	_	_	linguistic	_	ContainsVariation=No	_	_	_	_	_	0-2(195)
539-2	BOI078	539	2	zia	zia	_	_	_	_	_	linguistic	_	ContainsVariation=No	_	_	_	_	_	0-3(195)
539-3	BOI078	539	3	margher]ita	margherita	_	_	_	_	_	linguistic	_	ContainsVariation=No	PauseAfter=Yes	_	_	_	_	0-7(195)
539-4	BOI078	539	4	(.)	(.)	_	_	_	_	_	shortpause	_	ContainsVariation=No	_	_	_	_	_	_
539-5	BOI078	539	5	sì	sì	_	_	_	_	_	linguistic	_	ContainsVariation=No	_	End=908.384	_	_	_	_
540-0	BOI079	540	0	che	che	_	_	_	_	_	linguistic	_	ContainsVariation=No	_	Begin=908.667	_	_	_	_
540-1	BOI079	540	1	è	è	_	_	_	_	_	linguistic	_	ContainsVariation=No	_	_	_	_	_	_
540-2	BOI079	540	2	in	in	_	_	_	_	_	linguistic	_	ContainsVariation=No	_	_	_	_	_	_
540-3	BOI079	540	3	[via	via	_	_	_	_	_	linguistic	_	ContainsVariation=No	_	_	_	_	_	0-3(196)
540-4	BOI079	540	4	oberdan]	oberdan	_	_	_	_	_	linguistic	_	ContainsVariation=No	_	End=909.468	_	_	_	0-7(196)
541-0	BOR020	541	0	[è	è	_	_	_	_	_	linguistic	_	ContainsVariation=No	_	Begin=908.852	_	_	_	0-1(196)
541-1	BOR020	541	1	anche	anche	_	_	_	_	_	linguistic	_	ContainsVariation=No	_	_	_	_	_	0-5(196)
541-2	BOR020	541	2	il	il	_	_	_	_	_	linguistic	_	ContainsVariation=No	_	_	_	_	_	0-2(196)
541-3	BOR020	541	3	mio	mio	_	_	_	_	_	linguistic	_	ContainsVariation=No	_	_	_	_	_	0-3(196)
541-4	BOR020	541	4	pre]fe[ri~]	preferi~	_	_	_	_	_	linguistic	_	ContainsVariation=No	Interrupted=Yes	End=909.789	_	_	_	0-3(196),5-8(197)
542-0	BOI079	542	0	[che	che	_	_	_	_	_	linguistic	_	ContainsVariation=No	_	Begin=909.608	_	_	_	0-3(197)
542-1	BOI079	542	1	è]	è	_	_	_	_	_	linguistic	_	ContainsVariation=No	_	_	_	_	_	0-1(197)
542-2	BOI079	542	2	buona.	buona	_	_	_	_	_	linguistic	_	ContainsVariation=No	Intonation=Falling	End=910.154	_	_	_	_
543-0	BOI078	543	0	°buona	buona	_	_	_	_	_	linguistic	_	ContainsVariation=No	Volume=low	Begin=910.154	_	_	_	_
543-1	BOI078	543	1	[la	la	_	_	_	_	_	linguistic	_	ContainsVariation=No	Volume=low	_	_	_	_	0-2(198)
543-2	BOI078	543	2	(zia	zia	_	_	_	_	_	linguistic	_	ContainsVariation=No	Volume=low	_	_	_	0-3(0)	0-3(198)
543-3	BOI078	543	3	margheri~)°]	margheri~	_	_	_	_	_	linguistic	_	ContainsVariation=No	Interrupted=Yes|Volume=low	End=911.084	_	_	0-9(0)	0-9(198)
544-0	BOR020	544	0	[sì	sì	_	_	_	_	_	linguistic	_	ContainsVariation=No	_	Begin=910.413	_	_	_	0-2(198)
544-1	BOR020	544	1	quella	quella	_	_	_	_	_	linguistic	_	ContainsVariation=No	_	_	_	_	_	0-6(198)
544-2	BOR020	544	2	è	è	_	_	_	_	_	linguistic	_	ContainsVariation=No	_	_	_	_	_	0-1(198)
544-3	BOR020	544	3	buo]n[(o)]	buono	_	_	_	_	_	linguistic	_	ContainsVariation=No	_	End=911.203	_	_	4-5(0)	0-3(198),4-5(199)
545-0	BOR022	545	0	[è]	è	_	_	_	_	_	linguistic	_	ContainsVariation=No	_	Begin=911.165	_	_	_	0-1(199)
545-1	BOR022	545	1	buon(o)	buono	_	_	_	_	_	linguistic	_	ContainsVariation=No	_	End=911.59	_	_	4-5(0)	_
546-0	BOI078	546	0	xx	xx	_	_	_	_	_	unknown	_	ContainsVariation=No	Syllables=2	Begin=911.614	_	_	_	_
546-1	BOI078	546	1	[c'	c'	_	_	_	_	_	linguistic	_	ContainsVariation=No	SpaceAfter=No	_	_	_	_	0-2(200)
546-2	BOI078	546	2	è	è	_	_	_	_	_	linguistic	_	ContainsVariation=No	_	_	_	_	_	0-1(200)
546-3	BOI078	546	3	una	una	_	_	_	_	_	linguistic	_	ContainsVariation=No	_	_	_	_	_	0-3(200)
546-4	BOI078	546	4	c]ameriera	cameriera	_	_	_	_	_	linguistic	_	ContainsVariation=No	_	_	_	_	_	0-1(200)
546-5	BOI078	546	5	che	che	_	_	_	_	_	linguistic	_	ContainsVariation=No	_	_	_	_	_	_
546-6	BOI078	546	6	è	è	_	_	_	_	_	linguistic	_	ContainsVariation=No	_	_	_	_	_	_
546-7	BOI078	546	7	molto	molto	_	_	_	_	_	linguistic	_	ContainsVariation=No	_	_	_	_	_	_
546-8	BOI078	546	8	simile	simile	_	_	_	_	_	linguistic	_	ContainsVariation=No	_	_	_	_	_	_
546-9	BOI078	546	9	a	a	_	_	_	_	_	linguistic	_	ContainsVariation=No	_	_	_	_	_	_
546-10	BOI078	546	10	te	te	_	_	_	_	_	linguistic	_	ContainsVariation=No	_	End=913.234	_	_	_	_
547-0	BOI079	547	0	[x]	x	_	_	_	_	_	unknown	_	ContainsVariation=No	Syllables=1	Begin=911.764|End=911.993	_	_	_	0-1(200)
548-0	BOI078	548	0	l'	l'	_	_	_	_	_	linguistic	_	ContainsVariation=No	SpaceAfter=No	Begin=913.972	_	_	_	_
548-1	BOI078	548	1	hai	hai	_	_	_	_	_	linguistic	_	ContainsVariation=No	_	_	_	_	_	_
548-2	BOI078	548	2	mai	mai	_	_	_	_	_	linguistic	_	ContainsVariation=No	_	_	_	_	_	_
548-3	BOI078	548	3	notato?	notato	_	_	_	_	_	linguistic	_	ContainsVariation=No	Intonation=Rising	End=914.745	_	_	_	_
549-0	BOR020	549	0	no.	no	_	_	_	_	_	linguistic	_	ContainsVariation=No	Intonation=Falling	Begin=914.829|End=915.166	_	_	_	_
550-0	BOI078	550	0	non	non	_	_	_	_	_	linguistic	_	ContainsVariation=No	_	Begin=915.853	_	_	_	_
550-1	BOI078	550	1	sei	sei	_	_	_	_	_	linguistic	_	ContainsVariation=No	_	_	_	_	_	_
550-2	BOI078	550	2	mai::	mai	_	_	_	_	_	linguistic	_	ContainsVariation=No	_	End=916.54	2x2	_	_	_
551-0	BOI078	551	0	non	non	_	_	_	_	_	linguistic	_	ContainsVariation=No	_	Begin=917.052	_	_	_	_
551-1	BOI078	551	1	c'	c'	_	_	_	_	_	linguistic	_	ContainsVariation=No	SpaceAfter=No	_	_	_	_	_
551-2	BOI078	551	2	hai	hai	_	_	_	_	_	linguistic	_	ContainsVariation=No	_	_	_	_	_	_
551-3	BOI078	551	3	mai	mai	_	_	_	_	_	linguistic	_	ContainsVariation=No	_	_	_	_	_	_
551-4	BOI078	551	4	fatto	fatto	_	_	_	_	_	linguistic	_	ContainsVariation=No	_	_	_	_	_	_
551-5	BOI078	551	5	caso	caso	_	_	_	_	_	linguistic	_	ContainsVariation=No	_	End=917.73	_	_	_	_
552-0	BOR020	552	0	no.	no	_	_	_	_	_	linguistic	_	ContainsVariation=No	Intonation=Falling	Begin=917.824|End=918.274	_	_	_	_
553-0	BOI078	553	0	sei	sei	_	_	_	_	_	linguistic	_	ContainsVariation=No	_	Begin=918.649	_	_	_	_
553-1	BOI078	553	1	tu	tu	_	_	_	_	_	linguistic	_	ContainsVariation=No	_	End=919.009	_	_	_	_
554-0	BOR020	554	0	n[o::]	no	_	_	_	_	_	linguistic	_	ContainsVariation=No	_	Begin=919.415|End=919.865	1x2	_	_	1-2(201)
555-0	BOI078	555	0	[okay]	okay	_	_	_	_	_	linguistic	_	ContainsVariation=No	_	Begin=919.616	_	_	_	0-4(201)
555-1	BOI078	555	1	non	non	_	_	_	_	_	linguistic	_	ContainsVariation=No	_	_	_	_	_	_
555-2	BOI078	555	2	xxxxx[xxx]	xxxxxxxx	_	_	_	_	_	unknown	_	ContainsVariation=No	Syllables=8	End=920.962	_	_	_	5-8(202)
556-0	BOR022	556	0	[palese]	palese	_	_	_	_	_	linguistic	_	ContainsVariation=No	_	Begin=920.465|End=920.972	_	_	_	0-6(202)
557-0	BOR020	557	0	proviamo	proviamo	_	_	_	_	_	linguistic	_	ContainsVariation=No	_	Begin=921.034|End=921.659	_	_	_	_
558-0	BOR020	558	0	prossima	prossima	_	_	_	_	_	linguistic	_	ContainsVariation=No	_	Begin=921.811	_	_	_	_
558-1	BOR020	558	1	volta	volta	_	_	_	_	_	linguistic	_	ContainsVariation=No	_	_	_	_	_	_
558-2	BOR020	558	2	vado	vado	_	_	_	_	_	linguistic	_	ContainsVariation=No	_	End=922.527	_	_	_	_
559-0	BOI078	559	0	E:::H	eh	_	_	_	_	_	linguistic	_	ContainsVariation=No	Volume=high	Begin=923.015	0x3	_	_	_
559-1	BOI078	559	1	[M:::H]	mh	_	_	_	_	_	linguistic	_	ContainsVariation=No	Volume=high	End=924.096	0x3	_	_	0-2(203)
560-0	BOI079	560	0	[però	però	_	_	_	_	_	linguistic	_	ContainsVariation=No	_	Begin=923.82	_	_	_	0-4(203)
560-1	BOI079	560	1	a	a	_	_	_	_	_	linguistic	_	ContainsVariation=No	_	_	_	_	_	0-1(203)
560-2	BOI079	560	2	me	me	_	_	_	_	_	linguistic	_	ContainsVariation=No	_	_	_	_	_	0-2(203)
560-3	BOI079	560	3	p]iace	piace	_	_	_	_	_	linguistic	_	ContainsVariation=No	_	_	_	_	_	0-1(203)
560-4	BOI079	560	4	anche	anche	_	_	_	_	_	linguistic	_	ContainsVariation=No	_	_	_	_	_	_
560-5	BOI079	560	5	quella	quella	_	_	_	_	_	linguistic	_	ContainsVariation=No	_	_	_	_	_	_
560-6	BOI079	560	6	d'	d'	_	_	_	_	_	linguistic	_	ContainsVariation=No	SpaceAfter=No	_	_	_	_	_
560-7	BOI079	560	7	asporto	asporto	_	_	_	_	_	linguistic	_	ContainsVariation=No	_	_	_	_	_	_
560-8	BOI079	560	8	tipo:	tipo	_	_	_	_	_	linguistic	_	ContainsVariation=No	_	_	3x1	_	_	_
560-9	BOI079	560	9	stra	stra	_	_	_	_	_	linguistic	_	ContainsVariation=No	_	_	_	_	_	_
560-10	BOI079	560	10	sottile	sottile	_	_	_	_	_	linguistic	_	ContainsVariation=No	_	_	_	_	_	_
560-11	BOI079	560	11	romana:	romana	_	_	_	_	_	linguistic	_	ContainsVariation=No	_	End=927.237	5x1	_	_	_
561-0	BOI079	561	0	°croccante	croccante	_	_	_	_	_	linguistic	_	ContainsVariation=No	Volume=low	Begin=927.654	_	_	_	_
561-1	BOI079	561	1	dai	dai	_	_	_	_	_	linguistic	_	ContainsVariation=No	Volume=low	_	_	_	_	_
561-2	BOI079	561	2	buona°	buona	_	_	_	_	_	linguistic	_	ContainsVariation=No	Volume=low	End=928.744	_	_	_	_
562-0	BOI078	562	0	°n[o:]°	no	_	_	_	_	_	linguistic	_	ContainsVariation=No	Volume=low	Begin=928.92|End=929.131	1x1	_	_	1-2(204)
563-0	BOI079	563	0	[pi]zz~	pizz~	_	_	_	_	_	linguistic	_	ContainsVariation=No	Interrupted=Yes	Begin=928.991|End=929.237	_	_	_	0-2(204)
564-0	BOI079	564	0	°sì°	sì	_	_	_	_	_	linguistic	_	ContainsVariation=No	Volume=low	Begin=929.896|End=930.133	_	_	_	_
565-0	BOI078	565	0	la	la	_	_	_	_	_	linguistic	_	ContainsVariation=No	_	Begin=930.567	_	_	_	_
565-1	BOI078	565	1	pizza	pizza	_	_	_	_	_	linguistic	_	ContainsVariation=No	_	_	_	_	_	_
565-2	BOI078	565	2	si	si	_	_	_	_	_	linguistic	_	ContainsVariation=No	_	_	_	_	_	_
565-3	BOI078	565	3	f~	f~	_	_	_	_	_	linguistic	_	ContainsVariation=No	Interrupted=Yes	_	_	_	_	_
565-4	BOI078	565	4	è	è	_	_	_	_	_	linguistic	_	ContainsVariation=No	_	_	_	_	_	_
565-5	BOI078	565	5	buona	buona	_	_	_	_	_	linguistic	_	ContainsVariation=No	_	_	_	_	_	_
565-6	BOI078	565	6	a	a	_	_	_	_	_	linguistic	_	ContainsVariation=No	_	_	_	_	_	_
565-7	BOI078	565	7	bol[ogna	bologna	_	_	_	_	_	linguistic	_	ContainsVariation=No	_	_	_	_	_	3-7(205)
565-8	BOI078	565	8	xx]	xx	_	_	_	_	_	unknown	_	ContainsVariation=No	Syllables=2	End=932.365	_	_	_	0-2(205)
566-0	BOI079	566	0	[per	per	_	_	_	_	_	linguistic	_	ContainsVariation=No	_	Begin=931.82	_	_	_	0-3(205)
566-1	BOI079	566	1	me	me	_	_	_	_	_	linguistic	_	ContainsVariation=No	_	_	_	_	_	0-2(205)
566-2	BOI079	566	2	è	è	_	_	_	_	_	linguistic	_	ContainsVariation=No	_	_	_	_	_	0-1(205)
566-3	BOI079	566	3	buona	buona	_	_	_	_	_	linguistic	_	ContainsVariation=No	_	_	_	_	_	0-5(205)
566-4	BOI079	566	4	in]	in	_	_	_	_	_	linguistic	_	ContainsVariation=No	_	_	_	_	_	0-2(205)
566-5	BOI079	566	5	generale	generale	_	_	_	_	_	linguistic	_	ContainsVariation=No	_	_	_	_	_	_
566-6	BOI079	566	6	>cioè<	cioè	_	_	_	_	_	linguistic	_	ContainsVariation=No	_	_	_	Fast=0-4(0)	_	_
566-7	BOI079	566	7	s[ì]	sì	_	_	_	_	_	linguistic	_	ContainsVariation=No	_	End=933.374	_	_	_	1-2(206)
567-0	BOI078	567	0	[s]ì	sì	_	_	_	_	_	linguistic	_	ContainsVariation=No	_	Begin=933.284	_	_	_	0-1(206)
567-1	BOI078	567	1	°vaffanculo°	vaffanculo	_	_	_	_	_	linguistic	_	ContainsVariation=No	Volume=low	End=934.094	_	_	_	_
568-0	BOI079	568	0	xxx	xxx	_	_	_	_	_	unknown	_	ContainsVariation=No	Syllables=3	Begin=934.095	_	_	_	_
568-1	BOI079	568	1	se	se	_	_	_	_	_	linguistic	_	ContainsVariation=No	_	_	_	_	_	_
568-2	BOI079	568	2	è	è	_	_	_	_	_	linguistic	_	ContainsVariation=No	_	_	_	_	_	_
568-3	BOI079	568	3	fatta	fatta	_	_	_	_	_	linguistic	_	ContainsVariation=No	_	_	_	_	_	_
568-4	BOI079	568	4	bene	bene	_	_	_	_	_	linguistic	_	ContainsVariation=No	_	_	_	_	_	_
568-5	BOI079	568	5	non	non	_	_	_	_	_	linguistic	_	ContainsVariation=No	_	_	_	_	_	_
568-6	BOI079	568	6	mi	mi	_	_	_	_	_	linguistic	_	ContainsVariation=No	_	_	_	_	_	_
568-7	BOI079	568	7	interessa	interessa	_	_	_	_	_	linguistic	_	ContainsVariation=No	_	_	_	_	_	_
568-8	BOI079	568	8	se	se	_	_	_	_	_	linguistic	_	ContainsVariation=No	_	_	_	_	_	_
568-9	BOI079	568	9	è	è	_	_	_	_	_	linguistic	_	ContainsVariation=No	_	_	_	_	_	_
568-10	BOI079	568	10	napoletana	napoletana	_	_	_	_	_	linguistic	_	ContainsVariation=No	_	_	_	_	_	_
568-11	BOI079	568	11	°o:::	o	_	_	_	_	_	linguistic	_	ContainsVariation=No	Volume=low	_	0x3	_	_	_
568-12	BOI079	568	12	no°	no	_	_	_	_	_	linguistic	_	ContainsVariation=No	Volume=low	End=937.725	_	_	_	_
569-0	BOI078	569	0	sì	sì	_	_	_	_	_	linguistic	_	ContainsVariation=No	_	Begin=937.848	_	_	_	_
569-1	BOI078	569	1	noi	noi	_	_	_	_	_	linguistic	_	ContainsVariation=No	PauseAfter=Yes	_	_	_	_	_
569-2	BOI078	569	2	(.)	(.)	_	_	_	_	_	shortpause	_	ContainsVariation=No	_	_	_	_	_	_
569-3	BOI078	569	3	a	a	_	_	_	_	_	linguistic	_	ContainsVariation=No	_	_	_	_	_	_
569-4	BOI078	569	4	noi	noi	_	_	_	_	_	linguistic	_	ContainsVariation=No	_	_	_	_	_	_
569-5	BOI078	569	5	non	non	_	_	_	_	_	linguistic	_	ContainsVariation=No	_	_	_	_	_	_
569-6	BOI078	569	6	piacciono	piacciono	_	_	_	_	_	linguistic	_	ContainsVariation=No	_	_	_	_	_	_
569-7	BOI078	569	7	molto	molto	_	_	_	_	_	linguistic	_	ContainsVariation=No	_	_	_	_	_	_
569-8	BOI078	569	8	queste	queste	_	_	_	_	_	linguistic	_	ContainsVariation=No	_	_	_	_	_	_
569-9	BOI078	569	9	diatribe:	diatribe	_	_	_	_	_	linguistic	_	ContainsVariation=No	_	_	7x1	_	_	_
569-10	BOI078	569	10	alta	alta	_	_	_	_	_	linguistic	_	ContainsVariation=No	_	_	_	_	_	_
569-11	BOI078	569	11	bassa::	bassa	_	_	_	_	_	linguistic	_	ContainsVariation=No	_	_	4x2	_	_	_
569-12	BOI078	569	12	crosta	crosta	_	_	_	_	_	linguistic	_	ContainsVariation=No	_	_	_	_	_	_
569-13	BOI078	569	13	non	non	_	_	_	_	_	linguistic	_	ContainsVariation=No	_	_	_	_	_	_
569-14	BOI078	569	14	crosta	crosta	_	_	_	_	_	linguistic	_	ContainsVariation=No	_	_	_	_	_	_
569-15	BOI078	569	15	[xxx]	xxx	_	_	_	_	_	unknown	_	ContainsVariation=No	Syllables=3	End=943.36	_	_	_	0-3(207)
570-0	BOR020	570	0	[perché	perché	_	_	_	_	_	linguistic	_	ContainsVariation=No	_	Begin=942.871	_	_	_	0-6(207)
570-1	BOR020	570	1	io	io	_	_	_	_	_	linguistic	_	ContainsVariation=No	_	_	_	_	_	0-2(207)
570-2	BOR020	570	2	qua]ndo	quando	_	_	_	_	_	linguistic	_	ContainsVariation=No	_	_	_	_	_	0-3(207)
570-3	BOR020	570	3	sono	sono	_	_	_	_	_	linguistic	_	ContainsVariation=No	_	_	_	_	_	_
570-4	BOR020	570	4	venuta	venuta	_	_	_	_	_	linguistic	_	ContainsVariation=No	_	_	_	_	_	_
570-5	BOR020	570	5	qua	qua	_	_	_	_	_	linguistic	_	ContainsVariation=No	PauseAfter=Yes	_	_	_	_	_
570-6	BOR020	570	6	(.)	(.)	_	_	_	_	_	shortpause	_	ContainsVariation=No	_	_	_	_	_	_
570-7	BOR020	570	7	io	io	_	_	_	_	_	linguistic	_	ContainsVariation=No	_	_	_	_	_	_
570-8	BOR020	570	8	mangio	mangio	_	_	_	_	_	linguistic	_	ContainsVariation=No	_	_	_	_	_	_
570-9	BOR020	570	9	sempre	sempre	_	_	_	_	_	linguistic	_	ContainsVariation=No	_	_	_	_	_	_
570-10	BOR020	570	10	la	la	_	_	_	_	_	linguistic	_	ContainsVariation=No	_	_	_	_	_	_
570-11	BOR020	570	11	pizza	pizza	_	_	_	_	_	linguistic	_	ContainsVariation=No	PauseAfter=Yes	_	_	_	_	_
570-12	BOR020	570	12	(.)	(.)	_	_	_	_	_	shortpause	_	ContainsVariation=No	_	_	_	_	_	_
570-13	BOR020	570	13	qui::	qui	_	_	_	_	_	linguistic	_	ContainsVariation=No	_	End=945.839	2x2	_	_	_
571-0	BOR020	571	0	mh	mh	_	_	_	_	_	linguistic	_	ContainsVariation=No	_	Begin=946.247	_	_	_	_
571-1	BOR020	571	1	boh	boh	_	_	_	_	_	linguistic	_	ContainsVariation=No	_	_	_	_	_	_
571-2	BOR020	571	2	m:::h	mh	_	_	_	_	_	linguistic	_	ContainsVariation=No	_	End=947.269	0x3	_	_	_
572-0	BOI078	572	0	a	a	_	_	_	_	_	linguistic	_	ContainsVariation=No	_	Begin=947.269	_	_	_	_
572-1	BOI078	572	1	trento	trento	_	_	_	_	_	linguistic	_	ContainsVariation=No	_	End=947.86	_	_	_	_
573-0	BOR020	573	0	(°no	no	_	_	_	_	_	linguistic	_	ContainsVariation=No	Volume=low	Begin=947.977	_	_	0-2(0)	_
573-1	BOR020	573	1	dai	dai	_	_	_	_	_	linguistic	_	ContainsVariation=No	Volume=low	_	_	_	0-3(0)	_
573-2	BOR020	573	2	scemo°)	scemo	_	_	_	_	_	linguistic	_	ContainsVariation=No	Volume=low	End=948.6845000000001	_	_	0-5(0)	_
574-0	BOI078	574	0	((ride))	((ride))	_	_	_	_	_	nonverbalbehavior	_	ContainsVariation=No	_	Begin=948.6845000000001|End=948.856	_	_	_	_
575-0	BOR022	575	0	((ride))	((ride))	_	_	_	_	_	nonverbalbehavior	_	ContainsVariation=No	_	Begin=949.159|End=949.292	_	_	_	_
576-0	BOR020	576	0	e:::h	eh	_	_	_	_	_	linguistic	_	ContainsVariation=No	PauseAfter=Yes	Begin=949.369	0x3	_	_	_
576-1	BOR020	576	1	(.)	(.)	_	_	_	_	_	shortpause	_	ContainsVariation=No	_	_	_	_	_	_
576-2	BOR020	576	2	[prima]	prima	_	_	_	_	_	linguistic	_	ContainsVariation=No	_	End=950.507	_	_	_	0-5(208)
577-0	BOI079	577	0	[EH	eh	_	_	_	_	_	linguistic	_	ContainsVariation=No	Volume=high	Begin=949.984	_	_	_	0-2(208)
577-1	BOI079	577	1	tra	tra	_	_	_	_	_	linguistic	_	ContainsVariation=No	_	_	_	_	_	0-3(208)
577-2	BOI079	577	2	l'	l'	_	_	_	_	_	linguistic	_	ContainsVariation=No	SpaceAfter=No	_	_	_	_	0-2(208)
577-3	BOI079	577	3	altro]	altro	_	_	_	_	_	linguistic	_	ContainsVariation=No	PauseAfter=Yes	_	_	_	_	0-5(208)
577-4	BOI079	577	4	(.)	(.)	_	_	_	_	_	shortpause	_	ContainsVariation=No	_	_	_	_	_	_
577-5	BOI079	577	5	((ride))	((ride))	_	_	_	_	_	nonverbalbehavior	_	ContainsVariation=No	_	End=950.939	_	_	_	_
578-0	BOI079	578	0	buffo	buffo	_	_	_	_	_	linguistic	_	ContainsVariation=No	_	Begin=951.181	_	_	_	_
578-1	BOI079	578	1	perché	perché	_	_	_	_	_	linguistic	_	ContainsVariation=No	_	_	_	_	_	_
578-2	BOI079	578	2	vivi	vivi	_	_	_	_	_	linguistic	_	ContainsVariation=No	_	_	_	_	_	_
578-3	BOI079	578	3	di	di	_	_	_	_	_	linguistic	_	ContainsVariation=No	_	_	_	_	_	_
578-4	BOI079	578	4	fianco	fianco	_	_	_	_	_	linguistic	_	ContainsVariation=No	_	_	_	_	_	_
578-5	BOI079	578	5	a	a	_	_	_	_	_	linguistic	_	ContainsVariation=No	_	_	_	_	_	_
578-6	BOI079	578	6	@nomeluogo	@nomeluogo	_	_	_	_	_	anonymized	_	ContainsVariation=No	Anonymized=Yes	_	_	_	_	_
578-7	BOI079	578	7	tu	tu	_	_	_	_	_	linguistic	_	ContainsVariation=No	_	_	_	_	_	_
578-8	BOI079	578	8	che	che	_	_	_	_	_	linguistic	_	ContainsVariation=No	_	_	_	_	_	_
578-9	BOI079	578	9	sei	sei	_	_	_	_	_	linguistic	_	ContainsVariation=No	_	_	_	_	_	_
578-10	BOI079	578	10	[di	di	_	_	_	_	_	linguistic	_	ContainsVariation=No	_	_	_	_	_	0-2(209)
578-11	BOI079	578	11	trento]	trento	_	_	_	_	_	linguistic	_	ContainsVariation=No	_	_	_	_	_	0-6(209)
578-12	BOI079	578	12	>cioè<	cioè	_	_	_	_	_	linguistic	_	ContainsVariation=No	_	_	_	Fast=0-4(0)	_	_
578-13	BOI079	578	13	non	non	_	_	_	_	_	linguistic	_	ContainsVariation=No	_	_	_	_	_	_
578-14	BOI079	578	14	ti	ti	_	_	_	_	_	linguistic	_	ContainsVariation=No	_	_	_	_	_	_
578-15	BOI079	578	15	allontani	allontani	_	_	_	_	_	linguistic	_	ContainsVariation=No	_	_	_	_	_	_
578-16	BOI079	578	16	x	x	_	_	_	_	_	unknown	_	ContainsVariation=No	Syllables=1	_	_	_	_	_
578-17	BOI079	578	17	mai	mai	_	_	_	_	_	linguistic	_	ContainsVariation=No	_	_	_	_	_	_
578-18	BOI079	578	18	da	da	_	_	_	_	_	linguistic	_	ContainsVariation=No	_	_	_	_	_	_
578-19	BOI079	578	19	casa	casa	_	_	_	_	_	linguistic	_	ContainsVariation=No	_	_	_	_	_	_
578-20	BOI079	578	20	[alla	alla	_	_	_	_	_	linguistic	_	ContainsVariation=No	_	_	_	_	_	0-4(210)
578-21	BOI079	578	21	fine]	fine	_	_	_	_	_	linguistic	_	ContainsVariation=No	_	End=956.272	_	_	_	0-4(210)
579-0	BOR020	579	0	[lo	lo	_	_	_	_	_	linguistic	_	ContainsVariation=No	_	Begin=953.662	_	_	_	0-2(209)
579-1	BOR020	579	1	so:]	so	_	_	_	_	_	linguistic	_	ContainsVariation=No	_	End=954.157	1x1	_	_	0-2(209)
580-0	BOI078	580	0	[no	no	_	_	_	_	_	linguistic	_	ContainsVariation=No	PauseAfter=Yes	Begin=955.662	_	_	_	0-2(210)
580-1	BOI078	580	1	(.)	(.)	_	_	_	_	_	shortpause	_	ContainsVariation=No	_	_	_	_	_	X(210)
580-2	BOI078	580	2	sen]ti	senti	_	_	_	_	_	linguistic	_	ContainsVariation=No	_	_	_	_	_	0-3(210)
580-3	BOI078	580	3	xx[xxx	xxxxx	_	_	_	_	_	unknown	_	ContainsVariation=No	Syllables=5	_	_	_	_	2-5(211)
580-4	BOI078	580	4	(cani)]	cani	_	_	_	_	_	linguistic	_	ContainsVariation=No	_	End=957.355	_	_	0-4(0)	0-4(211)
581-0	BOR020	581	0	[no	no	_	_	_	_	_	linguistic	_	ContainsVariation=No	_	Begin=956.323	_	_	_	0-2(211)
581-1	BOR020	581	1	è	è	_	_	_	_	_	linguistic	_	ContainsVariation=No	_	_	_	_	_	0-1(211)
581-2	BOR020	581	2	stato:	stato	_	_	_	_	_	linguistic	_	ContainsVariation=No	_	_	4x1	_	_	0-5(211)
581-3	BOR020	581	3	subito]	subito	_	_	_	_	_	linguistic	_	ContainsVariation=No	_	_	_	_	_	0-6(211)
581-4	BOR020	581	4	da	da	_	_	_	_	_	linguistic	_	ContainsVariation=No	_	_	_	_	_	_
581-5	BOR020	581	5	subito:	subito	_	_	_	_	_	linguistic	_	ContainsVariation=No	_	_	5x1	_	_	_
581-6	BOR020	581	6	una	una	_	_	_	_	_	linguistic	_	ContainsVariation=No	_	_	_	_	_	_
581-7	BOR020	581	7	gag	gag	_	_	_	_	_	linguistic	_	ContainsVariation=No	_	End=958.553	_	_	_	_
582-0	BOI078	582	0	((ride))	((ride))	_	_	_	_	_	nonverbalbehavior	_	ContainsVariation=No	_	Begin=958.658|End=959.093	_	_	_	_
583-0	BOI079	583	0	e:::	e	_	_	_	_	_	linguistic	_	ContainsVariation=No	_	Begin=959.151	0x3	_	_	_
583-1	BOI079	583	1	((ride))	((ride))	_	_	_	_	_	nonverbalbehavior	_	ContainsVariation=No	_	End=959.791	_	_	_	_
584-0	BOR020	584	0	e:::h	eh	_	_	_	_	_	linguistic	_	ContainsVariation=No	_	Begin=959.919	0x3	_	_	_
584-1	BOR020	584	1	perché	perché	_	_	_	_	_	linguistic	_	ContainsVariation=No	_	_	_	_	_	_
584-2	BOR020	584	2	noi	noi	_	_	_	_	_	linguistic	_	ContainsVariation=No	_	_	_	_	_	_
584-3	BOR020	584	3	a~	a~	_	_	_	_	_	linguistic	_	ContainsVariation=No	Interrupted=Yes	_	_	_	_	_
584-4	BOR020	584	4	prendiamo	prendiamo	_	_	_	_	_	linguistic	_	ContainsVariation=No	_	_	_	_	_	_
584-5	BOR020	584	5	la	la	_	_	_	_	_	linguistic	_	ContainsVariation=No	_	_	_	_	_	_
584-6	BOR020	584	6	pizza	pizza	_	_	_	_	_	linguistic	_	ContainsVariation=No	_	_	_	_	_	_
584-7	BOR020	584	7	tipo	tipo	_	_	_	_	_	linguistic	_	ContainsVariation=No	_	_	_	_	_	_
584-8	BOR020	584	8	qua:	qua	_	_	_	_	_	linguistic	_	ContainsVariation=No	_	_	2x1	_	_	_
584-9	BOR020	584	9	vicino:	vicino	_	_	_	_	_	linguistic	_	ContainsVariation=No	PauseAfter=Yes	_	5x1	_	_	_
584-10	BOR020	584	10	(.)	(.)	_	_	_	_	_	shortpause	_	ContainsVariation=No	_	_	_	_	_	_
584-11	BOR020	584	11	alla	alla	_	_	_	_	_	linguistic	_	ContainsVariation=No	_	_	_	_	_	_
584-12	BOR020	584	12	porta	porta	_	_	_	_	_	linguistic	_	ContainsVariation=No	_	_	_	_	_	_
584-13	BOR020	584	13	>praticamente<	praticamente	_	_	_	_	_	linguistic	_	ContainsVariation=No	_	_	_	Fast=0-12(0)	_	_
584-14	BOR020	584	14	[c'	c'	_	_	_	_	_	linguistic	_	ContainsVariation=No	SpaceAfter=No	_	_	_	_	0-2(212)
584-15	BOR020	584	15	è	è	_	_	_	_	_	linguistic	_	ContainsVariation=No	_	_	_	_	_	0-1(212)
584-16	BOR020	584	16	il]	il	_	_	_	_	_	linguistic	_	ContainsVariation=No	_	_	_	_	_	0-2(212)
584-17	BOR020	584	17	portico:	portico	_	_	_	_	_	linguistic	_	ContainsVariation=No	_	End=965.248	6x1	_	_	_
585-0	BOI079	585	0	[°mh°]	mh	_	_	_	_	_	linguistic	_	ContainsVariation=No	Volume=low	Begin=964.319|End=964.542	_	_	_	0-2(212)
586-0	BOR020	586	0	che	che	_	_	_	_	_	linguistic	_	ContainsVariation=No	_	Begin=965.612	_	_	_	_
586-1	BOR020	586	1	è	è	_	_	_	_	_	linguistic	_	ContainsVariation=No	_	_	_	_	_	_
586-2	BOR020	586	2	un	un	_	_	_	_	_	linguistic	_	ContainsVariation=No	_	_	_	_	_	_
586-3	BOR020	586	3	posto	posto	_	_	_	_	_	linguistic	_	ContainsVariation=No	_	_	_	_	_	_
586-4	BOR020	586	4	che	che	_	_	_	_	_	linguistic	_	ContainsVariation=No	_	_	_	_	_	_
586-5	BOR020	586	5	fa	fa	_	_	_	_	_	linguistic	_	ContainsVariation=No	_	_	_	_	_	_
586-6	BOR020	586	6	°tipo:°	tipo	_	_	_	_	_	linguistic	_	ContainsVariation=No	PauseAfter=Yes|Volume=low	_	3x1	_	_	_
586-7	BOR020	586	7	(.)	(.)	_	_	_	_	_	shortpause	_	ContainsVariation=No	_	_	_	_	_	_
586-8	BOR020	586	8	boh	boh	_	_	_	_	_	linguistic	_	ContainsVariation=No	_	_	_	_	_	_
586-9	BOR020	586	9	la	la	_	_	_	_	_	linguistic	_	ContainsVariation=No	_	_	_	_	_	_
586-10	BOR020	586	10	pizza	pizza	_	_	_	_	_	linguistic	_	ContainsVariation=No	_	_	_	_	_	_
586-11	BOR020	586	11	fino	fino	_	_	_	_	_	linguistic	_	ContainsVariation=No	_	_	_	_	_	_
586-12	BOR020	586	12	a	a	_	_	_	_	_	linguistic	_	ContainsVariation=No	_	_	_	_	_	_
586-13	BOR020	586	13	tarda	tarda	_	_	_	_	_	linguistic	_	ContainsVariation=No	_	_	_	_	_	_
586-14	BOR020	586	14	[notTE]	notte	_	_	_	_	_	linguistic	_	ContainsVariation=No	Volume=high	End=968.314	_	_	_	0-5(213)
587-0	BOI079	587	0	[A:H]	ah	_	_	_	_	_	linguistic	_	ContainsVariation=No	Volume=high	Begin=967.796	0x1	_	_	0-2(213)
587-1	BOI079	587	1	ho	ho	_	_	_	_	_	linguistic	_	ContainsVariation=No	_	_	_	_	_	_
587-2	BOI079	587	2	capito	capito	_	_	_	_	_	linguistic	_	ContainsVariation=No	_	_	_	_	_	_
587-3	BOI079	587	3	capito	capito	_	_	_	_	_	linguistic	_	ContainsVariation=No	_	_	_	_	_	_
587-4	BOI079	587	4	quel	quel	_	_	_	_	_	linguistic	_	ContainsVariation=No	_	_	_	_	_	_
587-5	BOI079	587	5	barazzo	barazzo	_	_	_	_	_	linguistic	_	ContainsVariation=No	_	_	_	_	_	_
587-6	BOI079	587	6	sì	sì	_	_	_	_	_	linguistic	_	ContainsVariation=No	_	_	_	_	_	_
587-7	BOI079	587	7	ci	ci	_	_	_	_	_	linguistic	_	ContainsVariation=No	_	_	_	_	_	_
587-8	BOI079	587	8	siamo	siamo	_	_	_	_	_	linguistic	_	ContainsVariation=No	_	_	_	_	_	_
587-9	BOI079	587	9	andati	andati	_	_	_	_	_	linguistic	_	ContainsVariation=No	_	_	_	_	_	_
587-10	BOI079	587	10	anche	anche	_	_	_	_	_	linguistic	_	ContainsVariation=No	_	_	_	_	_	_
587-11	BOI079	587	11	delle	delle	_	_	_	_	_	linguistic	_	ContainsVariation=No	_	_	_	_	_	_
587-12	BOI079	587	12	volte	volte	_	_	_	_	_	linguistic	_	ContainsVariation=No	_	_	_	_	_	_
587-13	BOI079	587	13	secondo	secondo	_	_	_	_	_	linguistic	_	ContainsVariation=No	_	_	_	_	_	_
587-14	BOI079	587	14	me	me	_	_	_	_	_	linguistic	_	ContainsVariation=No	_	_	_	_	_	_
587-15	BOI079	587	15	con	con	_	_	_	_	_	linguistic	_	ContainsVariation=No	_	_	_	_	_	_
587-16	BOI079	587	16	l'	l'	_	_	_	_	_	linguistic	_	ContainsVariation=No	SpaceAfter=No	_	_	_	_	_
587-17	BOI079	587	17	ale,	ale	_	_	_	_	_	linguistic	_	ContainsVariation=No	Intonation=WeaklyRising	_	_	_	_	_
587-18	BOI079	587	18	dai	dai	_	_	_	_	_	linguistic	_	ContainsVariation=No	_	_	_	_	_	_
587-19	BOI079	587	19	qu~	qu~	_	_	_	_	_	linguistic	_	ContainsVariation=No	Interrupted=Yes	_	_	_	_	_
587-20	BOI079	587	20	con	con	_	_	_	_	_	linguistic	_	ContainsVariation=No	_	_	_	_	_	_
587-21	BOI079	587	21	la	la	_	_	_	_	_	linguistic	_	ContainsVariation=No	_	_	_	_	_	_
587-22	BOI079	587	22	ros,	ros	_	_	_	_	_	linguistic	_	ContainsVariation=No	Intonation=WeaklyRising	End=973.028	_	_	_	_
588-0	BOI079	588	0	dove	dove	_	_	_	_	_	linguistic	_	ContainsVariation=No	_	Begin=973.21	_	_	_	_
588-1	BOI079	588	1	facevano	facevano	_	_	_	_	_	linguistic	_	ContainsVariation=No	_	_	_	_	_	_
588-2	BOI079	588	2	il	il	_	_	_	_	_	linguistic	_	ContainsVariation=No	_	_	_	_	_	_
588-3	BOI079	588	3	e:::h	eh	_	_	_	_	_	linguistic	_	ContainsVariation=No	_	_	0x3	_	_	_
588-4	BOI079	588	4	magic	magic	_	_	_	_	_	linguistic	_	ContainsVariation=No	PauseAfter=Yes	_	_	_	_	_
588-5	BOI079	588	5	(.)	(.)	_	_	_	_	_	shortpause	_	ContainsVariation=No	_	_	_	_	_	_
588-6	BOI079	588	6	sam	sam	_	_	_	_	_	linguistic	_	ContainsVariation=No	_	_	_	_	_	_
588-7	BOI079	588	7	no?	no	_	_	_	_	_	linguistic	_	ContainsVariation=No	Intonation=Rising	End=976.525	_	_	_	_
589-0	BOR020	589	0	sì	sì	_	_	_	_	_	linguistic	_	ContainsVariation=No	_	Begin=976.602	_	_	_	_
589-1	BOR020	589	1	esatto	esatto	_	_	_	_	_	linguistic	_	ContainsVariation=No	_	_	_	_	_	_
589-2	BOR020	589	2	esattamente	esattamente	_	_	_	_	_	linguistic	_	ContainsVariation=No	PauseAfter=Yes	_	_	_	_	_
589-3	BOR020	589	3	(.)	(.)	_	_	_	_	_	shortpause	_	ContainsVariation=No	_	_	_	_	_	_
589-4	BOR020	589	4	[sì]	sì	_	_	_	_	_	linguistic	_	ContainsVariation=No	_	End=978.525	_	_	_	0-2(214)
590-0	BOI078	590	0	[a:]:	a	_	_	_	_	_	linguistic	_	ContainsVariation=No	_	Begin=978.271	0x2	_	_	0-1(214)
590-1	BOI078	590	1	h	h	_	_	_	_	_	linguistic	_	ContainsVariation=No	_	_	_	_	_	_
590-2	BOI078	590	2	una	una	_	_	_	_	_	linguistic	_	ContainsVariation=No	_	_	_	_	_	_
590-3	BOI078	590	3	volta	volta	_	_	_	_	_	linguistic	_	ContainsVariation=No	_	_	_	_	_	_
590-4	BOI078	590	4	sì	sì	_	_	_	_	_	linguistic	_	ContainsVariation=No	_	_	_	_	_	_
590-5	BOI078	590	5	com'	com'	_	_	_	_	_	linguistic	_	ContainsVariation=No	SpaceAfter=No	_	_	_	_	_
590-6	BOI078	590	6	è	è	_	_	_	_	_	linguistic	_	ContainsVariation=No	_	_	_	_	_	_
590-7	BOI078	590	7	che	che	_	_	_	_	_	linguistic	_	ContainsVariation=No	_	_	_	_	_	_
590-8	BOI078	590	8	si	si	_	_	_	_	_	linguistic	_	ContainsVariation=No	_	_	_	_	_	_
590-9	BOI078	590	9	chiama?	chiama	_	_	_	_	_	linguistic	_	ContainsVariation=No	Intonation=Rising	_	_	_	_	_
590-10	BOI078	590	10	e::h	eh	_	_	_	_	_	linguistic	_	ContainsVariation=No	_	_	0x2	_	_	_
590-11	BOI078	590	11	il	il	_	_	_	_	_	linguistic	_	ContainsVariation=No	_	_	_	_	_	_
590-12	BOI078	590	12	baracchi~	baracchi~	_	_	_	_	_	linguistic	_	ContainsVariation=No	Interrupted=Yes	_	_	_	_	_
590-13	BOI078	590	13	no	no	_	_	_	_	_	linguistic	_	ContainsVariation=No	_	_	_	_	_	_
590-14	BOI078	590	14	com'	com'	_	_	_	_	_	linguistic	_	ContainsVariation=No	SpaceAfter=No	_	_	_	_	_
590-15	BOI078	590	15	è	è	_	_	_	_	_	linguistic	_	ContainsVariation=No	_	_	_	_	_	_
590-16	BOI078	590	16	che	che	_	_	_	_	_	linguistic	_	ContainsVariation=No	_	_	_	_	_	_
590-17	BOI078	590	17	si	si	_	_	_	_	_	linguistic	_	ContainsVariation=No	_	_	_	_	_	_
590-18	BOI078	590	18	chiama?	chiama	_	_	_	_	_	linguistic	_	ContainsVariation=No	Intonation=Rising	End=982.155	_	_	_	_
591-0	BOI079	591	0	il	il	_	_	_	_	_	linguistic	_	ContainsVariation=No	_	Begin=982.668	_	_	_	_
591-1	BOI079	591	1	portic[o]	portico	_	_	_	_	_	linguistic	_	ContainsVariation=No	_	End=983.249	_	_	_	6-7(215)
592-0	BOR020	592	0	[il	il	_	_	_	_	_	linguistic	_	ContainsVariation=No	_	Begin=983.1	_	_	_	0-2(?)
592-1	BOR020	592	1	po]rtico.	portico	_	_	_	_	_	linguistic	_	ContainsVariation=No	Intonation=Falling	End=983.73	_	_	_	0-2(?)
593-0	BOI078	593	0	[il	il	_	_	_	_	_	linguistic	_	ContainsVariation=No	_	Begin=983.254	_	_	_	0-2(216)
593-1	BOI078	593	1	porti]co	portico	_	_	_	_	_	linguistic	_	ContainsVariation=No	_	_	_	_	_	0-5(216)
593-2	BOI078	593	2	è	è	_	_	_	_	_	linguistic	_	ContainsVariation=No	_	_	_	_	_	_
593-3	BOI078	593	3	vero	vero	_	_	_	_	_	linguistic	_	ContainsVariation=No	_	_	_	_	_	_
593-4	BOI078	593	4	[sì	sì	_	_	_	_	_	linguistic	_	ContainsVariation=No	_	_	_	_	_	0-2(217)
593-5	BOI078	593	5	(infatti)]	infatti	_	_	_	_	_	linguistic	_	ContainsVariation=No	_	End=984.586	_	_	0-7(0)	0-7(217)
594-0	BOR022	594	0	[ma	ma	_	_	_	_	_	linguistic	_	ContainsVariation=No	_	Begin=983.986	_	_	_	0-2(217)
594-1	BOR022	594	1	è	è	_	_	_	_	_	linguistic	_	ContainsVariation=No	_	_	_	_	_	0-1(217)
594-2	BOR022	594	2	strada	strada	_	_	_	_	_	linguistic	_	ContainsVariation=No	_	_	_	_	_	0-6(217)
594-3	BOR022	594	3	mag]giore?	maggiore	_	_	_	_	_	linguistic	_	ContainsVariation=No	Intonation=Rising	End=984.931	_	_	_	0-3(217)
595-0	BOR020	595	0	sì.	sì	_	_	_	_	_	linguistic	_	ContainsVariation=No	Intonation=Falling	Begin=985.005|End=985.284	_	_	_	_
596-0	BOI079	596	0	dai	dai	_	_	_	_	_	linguistic	_	ContainsVariation=No	_	Begin=985.284	_	_	_	_
596-1	BOI079	596	1	sì	sì	_	_	_	_	_	linguistic	_	ContainsVariation=No	_	End=985.834	_	_	_	_
597-0	BOR022	597	0	[a:h]	ah	_	_	_	_	_	linguistic	_	ContainsVariation=No	_	Begin=986.093|End=986.399	0x1	_	_	0-2(218)
598-0	BOR020	598	0	[e:]::	e	_	_	_	_	_	linguistic	_	ContainsVariation=No	_	Begin=986.168|End=986.955	0x3	_	_	0-1(218)
599-0	BOR020	599	0	e	e	_	_	_	_	_	linguistic	_	ContainsVariation=No	_	Begin=987.057	_	_	_	_
599-1	BOR020	599	1	[lì	lì	_	_	_	_	_	linguistic	_	ContainsVariation=No	_	_	_	_	_	0-2(219)
599-2	BOR020	599	2	quando]	quando	_	_	_	_	_	linguistic	_	ContainsVariation=No	_	_	_	_	_	0-6(219)
599-3	BOR020	599	3	noi:	noi	_	_	_	_	_	linguistic	_	ContainsVariation=No	PauseAfter=Yes	_	2x1	_	_	_
599-4	BOR020	599	4	(.)	(.)	_	_	_	_	_	shortpause	_	ContainsVariation=No	_	_	_	_	_	_
599-5	BOR020	599	5	siamo	siamo	_	_	_	_	_	linguistic	_	ContainsVariation=No	_	_	_	_	_	_
599-6	BOR020	599	6	andate	andate	_	_	_	_	_	linguistic	_	ContainsVariation=No	_	_	_	_	_	_
599-7	BOR020	599	7	a:	a	_	_	_	_	_	linguistic	_	ContainsVariation=No	_	_	0x1	_	_	_
599-8	BOR020	599	8	provare	provare	_	_	_	_	_	linguistic	_	ContainsVariation=No	_	_	_	_	_	_
599-9	BOR020	599	9	la	la	_	_	_	_	_	linguistic	_	ContainsVariation=No	_	_	_	_	_	_
599-10	BOR020	599	10	pi~	pi~	_	_	_	_	_	linguistic	_	ContainsVariation=No	Interrupted=Yes	_	_	_	_	_
599-11	BOR020	599	11	>cioè<	cioè	_	_	_	_	_	linguistic	_	ContainsVariation=No	_	_	_	Fast=0-4(0)	_	_
599-12	BOR020	599	12	a	a	_	_	_	_	_	linguistic	_	ContainsVariation=No	_	_	_	_	_	_
599-13	BOR020	599	13	mangiare	mangiare	_	_	_	_	_	linguistic	_	ContainsVariation=No	_	_	_	_	_	_
599-14	BOR020	599	14	la	la	_	_	_	_	_	linguistic	_	ContainsVariation=No	_	_	_	_	_	_
599-15	BOR020	599	15	pizza,	pizza	_	_	_	_	_	linguistic	_	ContainsVariation=No	Intonation=WeaklyRising	_	_	_	_	_
599-16	BOR020	599	16	comunque	comunque	_	_	_	_	_	linguistic	_	ContainsVariation=No	_	End=991.247	_	_	_	_
600-0	BOI078	600	0	[roba	roba	_	_	_	_	_	linguistic	_	ContainsVariation=No	_	Begin=987.135	_	_	_	0-4(219)
600-1	BOI078	600	1	tua]	tua	_	_	_	_	_	linguistic	_	ContainsVariation=No	_	End=987.605	_	_	_	0-3(219)
601-0	BOR020	601	0	il	il	_	_	_	_	_	linguistic	_	ContainsVariation=No	_	Begin=991.517	_	_	_	_
601-1	BOR020	601	1	tizio	tizio	_	_	_	_	_	linguistic	_	ContainsVariation=No	_	_	_	_	_	_
601-2	BOR020	601	2	pizzaiolo	pizzaiolo	_	_	_	_	_	linguistic	_	ContainsVariation=No	_	_	_	_	_	_
601-3	BOR020	601	3	c'	c'	_	_	_	_	_	linguistic	_	ContainsVariation=No	SpaceAfter=No	_	_	_	_	_
601-4	BOR020	601	4	ha	ha	_	_	_	_	_	linguistic	_	ContainsVariation=No	_	_	_	_	_	_
601-5	BOR020	601	5	detto:	detto	_	_	_	_	_	linguistic	_	ContainsVariation=No	_	End=993.328	4x1	_	_	_
602-0	BOR020	602	0	boh	boh	_	_	_	_	_	linguistic	_	ContainsVariation=No	_	Begin=993.772	_	_	_	_
602-1	BOR020	602	1	la	la	_	_	_	_	_	linguistic	_	ContainsVariation=No	PauseAfter=Yes	_	_	_	_	_
602-2	BOR020	602	2	(.)	(.)	_	_	_	_	_	shortpause	_	ContainsVariation=No	_	_	_	_	_	_
602-3	BOR020	602	3	come	come	_	_	_	_	_	linguistic	_	ContainsVariation=No	_	_	_	_	_	_
602-4	BOR020	602	4	volete	volete	_	_	_	_	_	linguistic	_	ContainsVariation=No	_	_	_	_	_	_
602-5	BOR020	602	5	la	la	_	_	_	_	_	linguistic	_	ContainsVariation=No	_	_	_	_	_	_
602-6	BOR020	602	6	pizza?	pizza	_	_	_	_	_	linguistic	_	ContainsVariation=No	Intonation=Rising	End=995.17	_	_	_	_
603-0	BOR020	603	0	e	e	_	_	_	_	_	linguistic	_	ContainsVariation=No	_	Begin=995.211	_	_	_	_
603-1	BOR020	603	1	noi	noi	_	_	_	_	_	linguistic	_	ContainsVariation=No	_	_	_	_	_	_
603-2	BOR020	603	2	c~	c~	_	_	_	_	_	linguistic	_	ContainsVariation=No	Interrupted=Yes|PauseAfter=Yes	_	_	_	_	_
603-3	BOR020	603	3	(.)	(.)	_	_	_	_	_	shortpause	_	ContainsVariation=No	_	_	_	_	_	_
603-4	BOR020	603	4	cosa	cosa	_	_	_	_	_	linguistic	_	ContainsVariation=No	_	_	_	_	_	_
603-5	BOR020	603	5	vuol	vuol	_	_	_	_	_	linguistic	_	ContainsVariation=No	_	_	_	_	_	_
603-6	BOR020	603	6	dire?	dire	_	_	_	_	_	linguistic	_	ContainsVariation=No	Intonation=Rising	End=996.567	_	_	_	_
604-0	BOR020	604	0	eh	eh	_	_	_	_	_	linguistic	_	ContainsVariation=No	_	Begin=996.836	_	_	_	_
604-1	BOR020	604	1	normale	normale	_	_	_	_	_	linguistic	_	ContainsVariation=No	_	_	_	_	_	_
604-2	BOR020	604	2	o	o	_	_	_	_	_	linguistic	_	ContainsVariation=No	_	_	_	_	_	_
604-3	BOR020	604	3	schiacciata?	schiacciata	_	_	_	_	_	linguistic	_	ContainsVariation=No	Intonation=Rising	_	_	_	_	_
604-4	BOR020	604	4	e	e	_	_	_	_	_	linguistic	_	ContainsVariation=No	_	_	_	_	_	_
604-5	BOR020	604	5	noi	noi	_	_	_	_	_	linguistic	_	ContainsVariation=No	_	_	_	_	_	_
604-6	BOR020	604	6	abbiamo	abbiamo	_	_	_	_	_	linguistic	_	ContainsVariation=No	_	_	_	_	_	_
604-7	BOR020	604	7	detto	detto	_	_	_	_	_	linguistic	_	ContainsVariation=No	_	_	_	_	_	_
604-8	BOR020	604	8	boh	boh	_	_	_	_	_	linguistic	_	ContainsVariation=No	_	_	_	_	_	_
604-9	BOR020	604	9	schiacciata	schiacciata	_	_	_	_	_	linguistic	_	ContainsVariation=No	_	_	_	_	_	_
604-10	BOR020	604	10	che	che	_	_	_	_	_	linguistic	_	ContainsVariation=No	_	_	_	_	_	_
604-11	BOR020	604	11	cazzo	cazzo	_	_	_	_	_	linguistic	_	ContainsVariation=No	_	_	_	_	_	_
604-12	BOR020	604	12	ne	ne	_	_	_	_	_	linguistic	_	ContainsVariation=No	_	_	_	_	_	_
604-13	BOR020	604	13	so	so	_	_	_	_	_	linguistic	_	ContainsVariation=No	_	_	_	_	_	_
604-14	BOR020	604	14	com'	com'	_	_	_	_	_	linguistic	_	ContainsVariation=No	SpaceAfter=No	_	_	_	_	_
604-15	BOR020	604	15	è	è	_	_	_	_	_	linguistic	_	ContainsVariation=No	_	End=1000.357	_	_	_	_
605-0	BOR020	605	0	e	e	_	_	_	_	_	linguistic	_	ContainsVariation=No	_	Begin=1001.109	_	_	_	_
605-1	BOR020	605	1	quindi	quindi	_	_	_	_	_	linguistic	_	ContainsVariation=No	_	_	_	_	_	_
605-2	BOR020	605	2	il	il	_	_	_	_	_	linguistic	_	ContainsVariation=No	_	_	_	_	_	_
605-3	BOR020	605	3	c~	c~	_	_	_	_	_	linguistic	_	ContainsVariation=No	Interrupted=Yes	_	_	_	_	_
605-4	BOR020	605	4	il	il	_	_	_	_	_	linguistic	_	ContainsVariation=No	_	_	_	_	_	_
605-5	BOR020	605	5	tizio	tizio	_	_	_	_	_	linguistic	_	ContainsVariation=No	_	_	_	_	_	_
605-6	BOR020	605	6	ci	ci	_	_	_	_	_	linguistic	_	ContainsVariation=No	_	_	_	_	_	_
605-7	BOR020	605	7	ha	ha	_	_	_	_	_	linguistic	_	ContainsVariation=No	_	_	_	_	_	_
605-8	BOR020	605	8	spiegato:,	spiegato	_	_	_	_	_	linguistic	_	ContainsVariation=No	Intonation=WeaklyRising	_	7x1	_	_	_
605-9	BOR020	605	9	che:,	che	_	_	_	_	_	linguistic	_	ContainsVariation=No	Intonation=WeaklyRising	_	2x1	_	_	_
605-10	BOR020	605	10	boh,	boh	_	_	_	_	_	linguistic	_	ContainsVariation=No	Intonation=WeaklyRising	_	_	_	_	_
605-11	BOR020	605	11	tipo	tipo	_	_	_	_	_	linguistic	_	ContainsVariation=No	_	_	_	_	_	_
605-12	BOR020	605	12	a	a	_	_	_	_	_	linguistic	_	ContainsVariation=No	_	_	_	_	_	_
605-13	BOR020	605	13	bologna,	bologna	_	_	_	_	_	linguistic	_	ContainsVariation=No	Intonation=WeaklyRising	_	_	_	_	_
605-14	BOR020	605	14	la	la	_	_	_	_	_	linguistic	_	ContainsVariation=No	_	_	_	_	_	_
605-15	BOR020	605	15	gente	gente	_	_	_	_	_	linguistic	_	ContainsVariation=No	_	_	_	_	_	_
605-16	BOR020	605	16	mangia	mangia	_	_	_	_	_	linguistic	_	ContainsVariation=No	_	_	_	_	_	_
605-17	BOR020	605	17	la	la	_	_	_	_	_	linguistic	_	ContainsVariation=No	_	_	_	_	_	_
605-18	BOR020	605	18	pizza	pizza	_	_	_	_	_	linguistic	_	ContainsVariation=No	_	_	_	_	_	_
605-19	BOR020	605	19	schiaccia~	schiaccia~	_	_	_	_	_	linguistic	_	ContainsVariation=No	Interrupted=Yes	_	_	_	_	_
605-20	BOR020	605	20	cioè	cioè	_	_	_	_	_	linguistic	_	ContainsVariation=No	_	_	_	_	_	_
605-21	BOR020	605	21	tipo,	tipo	_	_	_	_	_	linguistic	_	ContainsVariation=No	Intonation=WeaklyRising	_	_	_	_	_
605-22	BOR020	605	22	>cioè<	cioè	_	_	_	_	_	linguistic	_	ContainsVariation=No	_	_	_	Fast=0-4(0)	_	_
605-23	BOR020	605	23	tipo	tipo	_	_	_	_	_	linguistic	_	ContainsVariation=No	_	_	_	_	_	_
605-24	BOR020	605	24	una	una	_	_	_	_	_	linguistic	_	ContainsVariation=No	_	_	_	_	_	_
605-25	BOR020	605	25	ro[ba:]	roba	_	_	_	_	_	linguistic	_	ContainsVariation=No	_	End=1007.535	3x1	_	_	2-4(220)
606-0	BOI078	606	0	[che	che	_	_	_	_	_	linguistic	_	ContainsVariation=No	_	Begin=1007.174	_	_	_	0-3(220)
606-1	BOI078	606	1	è	è	_	_	_	_	_	linguistic	_	ContainsVariation=No	_	_	_	_	_	0-1(220)
606-2	BOI078	606	2	una	una	_	_	_	_	_	linguistic	_	ContainsVariation=No	_	_	_	_	_	0-3(220)
606-3	BOI078	606	3	str]onz[ata	stronzata	_	_	_	_	_	linguistic	_	ContainsVariation=No	_	_	_	_	_	0-3(220),6-9(221)
606-4	BOI078	606	4	x	x	_	_	_	_	_	unknown	_	ContainsVariation=No	Syllables=1	_	_	_	_	0-1(221)
606-5	BOI078	606	5	colossa~]	colossa~	_	_	_	_	_	linguistic	_	ContainsVariation=No	Interrupted=Yes	End=1009.143	_	_	_	0-8(221)
607-0	BOR020	607	0	[partico~	partico~	_	_	_	_	_	linguistic	_	ContainsVariation=No	Interrupted=Yes	Begin=1008.036	_	_	_	0-8(221)
607-1	BOR020	607	1	non	non	_	_	_	_	_	linguistic	_	ContainsVariation=No	_	_	_	_	_	0-3(221)
607-2	BOR020	607	2	partic]olare	particolare	_	_	_	_	_	linguistic	_	ContainsVariation=No	_	_	_	_	_	0-6(221)
607-3	BOR020	607	3	però	però	_	_	_	_	_	linguistic	_	ContainsVariation=No	PauseAfter=Yes	_	_	_	_	_
607-4	BOR020	607	4	(.)	(.)	_	_	_	_	_	shortpause	_	ContainsVariation=No	_	_	_	_	_	_
607-5	BOR020	607	5	effettivamente	effettivamente	_	_	_	_	_	linguistic	_	ContainsVariation=No	_	_	_	_	_	_
607-6	BOR020	607	6	io	io	_	_	_	_	_	linguistic	_	ContainsVariation=No	_	_	_	_	_	_
607-7	BOR020	607	7	non	non	_	_	_	_	_	linguistic	_	ContainsVariation=No	_	_	_	_	_	_
607-8	BOR020	607	8	eh	eh	_	_	_	_	_	linguistic	_	ContainsVariation=No	PauseAfter=Yes	_	_	_	_	_
607-9	BOR020	607	9	(.)	(.)	_	_	_	_	_	shortpause	_	ContainsVariation=No	_	_	_	_	_	_
607-10	BOR020	607	10	non	non	_	_	_	_	_	linguistic	_	ContainsVariation=No	PauseAfter=Yes	_	_	_	_	_
607-11	BOR020	607	11	(.)	(.)	_	_	_	_	_	shortpause	_	ContainsVariation=No	_	_	_	_	_	_
607-12	BOR020	607	12	>cioè<	cioè	_	_	_	_	_	linguistic	_	ContainsVariation=No	_	_	_	Fast=0-4(0)	_	_
607-13	BOR020	607	13	non	non	_	_	_	_	_	linguistic	_	ContainsVariation=No	_	_	_	_	_	_
607-14	BOR020	607	14	mi	mi	_	_	_	_	_	linguistic	_	ContainsVariation=No	_	_	_	_	_	_
607-15	BOR020	607	15	era	era	_	_	_	_	_	linguistic	_	ContainsVariation=No	_	_	_	_	_	_
607-16	BOR020	607	16	[mai	mai	_	_	_	_	_	linguistic	_	ContainsVariation=No	_	_	_	_	_	0-3(222)
607-17	BOR020	607	17	stato	stato	_	_	_	_	_	linguistic	_	ContainsVariation=No	_	_	_	_	_	0-5(222)
607-18	BOR020	607	18	chiesto:]	chiesto	_	_	_	_	_	linguistic	_	ContainsVariation=No	_	End=1012.929	6x1	_	_	0-7(222)
608-0	BOI079	608	0	[com'	com'	_	_	_	_	_	linguistic	_	ContainsVariation=No	SpaceAfter=No	Begin=1011.83	_	_	_	0-4(222)
608-1	BOI079	608	1	era?	era	_	_	_	_	_	linguistic	_	ContainsVariation=No	Intonation=Rising	_	_	_	_	0-3(222)
608-2	BOI079	608	2	com'	com'	_	_	_	_	_	linguistic	_	ContainsVariation=No	SpaceAfter=No	_	_	_	_	0-4(222)
608-3	BOI079	608	3	era	era	_	_	_	_	_	linguistic	_	ContainsVariation=No	_	_	_	_	_	0-3(222)
608-4	BOI079	608	4	fat]ta?	fatta	_	_	_	_	_	linguistic	_	ContainsVariation=No	Intonation=Rising	End=1013.116	_	_	_	0-2(222)
609-0	BOR020	609	0	era	era	_	_	_	_	_	linguistic	_	ContainsVariation=No	_	Begin=1013.281	_	_	_	_
609-1	BOR020	609	1	super	super	_	_	_	_	_	linguistic	_	ContainsVariation=No	_	_	_	_	_	_
609-2	BOR020	609	2	piatta	piatta	_	_	_	_	_	linguistic	_	ContainsVariation=No	_	End=1014.38	_	_	_	_
610-0	BOI079	610	0	a:h	ah	_	_	_	_	_	linguistic	_	ContainsVariation=No	_	Begin=1014.544	0x1	_	_	_
610-1	BOI079	610	1	tipo	tipo	_	_	_	_	_	linguistic	_	ContainsVariation=No	_	_	_	_	_	_
610-2	BOI079	610	2	quella	quella	_	_	_	_	_	linguistic	_	ContainsVariation=No	_	_	_	_	_	_
610-3	BOI079	610	3	stes[a:::]	stesa	_	_	_	_	_	linguistic	_	ContainsVariation=No	_	End=1016.147	4x3	_	_	4-5(223)
611-0	BOR020	611	0	[PERÒ	però	_	_	_	_	_	linguistic	_	ContainsVariation=No	Volume=high	Begin=1015.763	_	_	_	0-4(223)
611-1	BOR020	611	1	NON	non	_	_	_	_	_	linguistic	_	ContainsVariation=No	Volume=high	_	_	_	_	0-3(223)
611-2	BOR020	611	2	È]	è	_	_	_	_	_	linguistic	_	ContainsVariation=No	PauseAfter=Yes|Volume=high	_	_	_	_	0-1(223)
611-3	BOR020	611	3	(.)	(.)	_	_	_	_	_	shortpause	_	ContainsVariation=No	_	_	_	_	_	_
611-4	BOR020	611	4	crocccante	crocccante	_	_	_	_	_	linguistic	_	ContainsVariation=No	_	_	_	_	_	_
611-5	BOR020	611	5	è	è	_	_	_	_	_	linguistic	_	ContainsVariation=No	_	_	_	_	_	_
611-6	BOR020	611	6	comunque	comunque	_	_	_	_	_	linguistic	_	ContainsVariation=No	PauseAfter=Yes	_	_	_	_	_
611-7	BOR020	611	7	(.)	(.)	_	_	_	_	_	shortpause	_	ContainsVariation=No	_	_	_	_	_	_
611-8	BOR020	611	8	molliccina	molliccina	_	_	_	_	_	linguistic	_	ContainsVariation=No	_	End=1019.494	_	_	_	_
612-0	BOR020	612	0	però	però	_	_	_	_	_	linguistic	_	ContainsVariation=No	_	Begin=1019.877	_	_	_	_
612-1	BOR020	612	1	è	è	_	_	_	_	_	linguistic	_	ContainsVariation=No	_	_	_	_	_	_
612-2	BOR020	612	2	buo:nissima	buonissima	_	_	_	_	_	linguistic	_	ContainsVariation=No	_	End=1020.992	2x1	_	_	_
613-0	BOI079	613	0	(m[a)	ma	_	_	_	_	_	linguistic	_	ContainsVariation=No	_	Begin=1021.062	_	_	0-2(0)	1-2(452)
613-1	BOI079	613	1	io	io	_	_	_	_	_	linguistic	_	ContainsVariation=No	_	_	_	_	_	0-2(452)
613-2	BOI079	613	2	non	non	_	_	_	_	_	linguistic	_	ContainsVariation=No	_	_	_	_	_	0-3(452)
613-3	BOI079	613	3	l'	l'	_	_	_	_	_	linguistic	_	ContainsVariation=No	SpaceAfter=No	_	_	_	_	0-2(452)
613-4	BOI079	613	4	ho	ho	_	_	_	_	_	linguistic	_	ContainsVariation=No	_	_	_	_	_	0-2(452)
613-5	BOI079	613	5	mai	mai	_	_	_	_	_	linguistic	_	ContainsVariation=No	_	_	_	_	_	0-3(452)
613-6	BOI079	613	6	mangia:ta]	mangiata	_	_	_	_	_	linguistic	_	ContainsVariation=No	_	End=1022.486	5x1	_	_	0-8(452)
614-0	BOR022	614	0	[xxx]	xxx	_	_	_	_	_	unknown	_	ContainsVariation=No	Syllables=3	Begin=1021.099|End=1021.568	_	_	_	0-3(452)
615-0	BOR020	615	0	[>cioè<	cioè	_	_	_	_	_	linguistic	_	ContainsVariation=No	_	Begin=1021.376	_	Fast=0-4(0)	_	0-4(452)
615-1	BOR020	615	1	mi	mi	_	_	_	_	_	linguistic	_	ContainsVariation=No	_	_	_	_	_	0-2(452)
615-2	BOR020	615	2	ha	ha	_	_	_	_	_	linguistic	_	ContainsVariation=No	_	_	_	_	_	0-2(452)
615-3	BOR020	615	3	svoltato	svoltato	_	_	_	_	_	linguistic	_	ContainsVariation=No	_	_	_	_	_	0-8(452)
615-4	BOR020	615	4	la	la	_	_	_	_	_	linguistic	_	ContainsVariation=No	_	_	_	_	_	0-2(452)
615-5	BOR020	615	5	v]i[ta	vita	_	_	_	_	_	linguistic	_	ContainsVariation=No	_	_	_	_	_	0-1(452),2-4(224)
615-6	BOR020	615	6	della	della	_	_	_	_	_	linguistic	_	ContainsVariation=No	_	_	_	_	_	0-5(224)
615-7	BOR020	615	7	pizza]	pizza	_	_	_	_	_	linguistic	_	ContainsVariation=No	_	End=1023.347	_	_	_	0-5(224)
616-0	BOI079	616	0	[no	no	_	_	_	_	_	linguistic	_	ContainsVariation=No	PauseAfter=Yes	Begin=1022.607	_	_	_	0-2(224)
616-1	BOI079	616	1	(.)	(.)	_	_	_	_	_	shortpause	_	ContainsVariation=No	_	_	_	_	_	X(224)
616-2	BOI079	616	2	>allora<	allora	_	_	_	_	_	linguistic	_	ContainsVariation=No	_	_	_	Fast=0-6(0)	_	0-6(224)
616-3	BOI079	616	3	la	la	_	_	_	_	_	linguistic	_	ContainsVariation=No	_	_	_	_	_	0-2(224)
616-4	BOI079	616	4	m]ia	mia	_	_	_	_	_	linguistic	_	ContainsVariation=No	_	_	_	_	_	0-1(224)
616-5	BOI079	616	5	pizzeria	pizzeria	_	_	_	_	_	linguistic	_	ContainsVariation=No	_	_	_	_	_	_
616-6	BOI079	616	6	dove	dove	_	_	_	_	_	linguistic	_	ContainsVariation=No	_	_	_	_	_	_
616-7	BOI079	616	7	prendo	prendo	_	_	_	_	_	linguistic	_	ContainsVariation=No	_	_	_	_	_	_
616-8	BOI079	616	8	d'	d'	_	_	_	_	_	linguistic	_	ContainsVariation=No	SpaceAfter=No	_	_	_	_	_
616-9	BOI079	616	9	asporto	asporto	_	_	_	_	_	linguistic	_	ContainsVariation=No	_	_	_	_	_	_
616-10	BOI079	616	10	la	la	_	_	_	_	_	linguistic	_	ContainsVariation=No	_	_	_	_	_	_
616-11	BOI079	616	11	fa	fa	_	_	_	_	_	linguistic	_	ContainsVariation=No	_	_	_	_	_	_
616-12	BOI079	616	12	stesa:	stesa	_	_	_	_	_	linguistic	_	ContainsVariation=No	_	End=1025.963	4x1	_	_	_
617-0	BOI079	617	0	che	che	_	_	_	_	_	linguistic	_	ContainsVariation=No	_	Begin=1026.665	_	_	_	_
617-1	BOI079	617	1	è	è	_	_	_	_	_	linguistic	_	ContainsVariation=No	_	_	_	_	_	_
617-2	BOI079	617	2	più	più	_	_	_	_	_	linguistic	_	ContainsVariation=No	_	_	_	_	_	_
617-3	BOI079	617	3	o	o	_	_	_	_	_	linguistic	_	ContainsVariation=No	_	_	_	_	_	_
617-4	BOI079	617	4	meno	meno	_	_	_	_	_	linguistic	_	ContainsVariation=No	_	_	_	_	_	_
617-5	BOI079	617	5	uguale	uguale	_	_	_	_	_	linguistic	_	ContainsVariation=No	_	_	_	_	_	_
617-6	BOI079	617	6	>cioè<	cioè	_	_	_	_	_	linguistic	_	ContainsVariation=No	_	_	_	Fast=0-4(0)	_	_
617-7	BOI079	617	7	è	è	_	_	_	_	_	linguistic	_	ContainsVariation=No	_	_	_	_	_	_
617-8	BOI079	617	8	[più	più	_	_	_	_	_	linguistic	_	ContainsVariation=No	_	_	_	_	_	0-3(225)
617-9	BOI079	617	9	so]ttile	sottile	_	_	_	_	_	linguistic	_	ContainsVariation=No	_	_	_	_	_	0-2(225)
617-10	BOI079	617	10	e	e	_	_	_	_	_	linguistic	_	ContainsVariation=No	_	_	_	_	_	_
617-11	BOI079	617	11	più	più	_	_	_	_	_	linguistic	_	ContainsVariation=No	_	_	_	_	_	_
617-12	BOI079	617	12	gra:nde	grande	_	_	_	_	_	linguistic	_	ContainsVariation=No	_	_	2x1	_	_	_
617-13	BOI079	617	13	[tipo	tipo	_	_	_	_	_	linguistic	_	ContainsVariation=No	_	_	_	_	_	0-4(226)
617-14	BOI079	617	14	è	è	_	_	_	_	_	linguistic	_	ContainsVariation=No	_	_	_	_	_	0-1(226)
617-15	BOI079	617	15	grande	grande	_	_	_	_	_	linguistic	_	ContainsVariation=No	_	_	_	_	_	0-6(226)
617-16	BOI079	617	16	così],	così	_	_	_	_	_	linguistic	_	ContainsVariation=No	Intonation=WeaklyRising	End=1029.694	_	_	_	0-4(226)
618-0	BOR020	618	0	[e:h]	eh	_	_	_	_	_	linguistic	_	ContainsVariation=No	_	Begin=1027.596|End=1027.871	0x1	_	_	0-2(225)
619-0	BOR020	619	0	[è	è	_	_	_	_	_	linguistic	_	ContainsVariation=No	_	Begin=1028.678	_	_	_	0-1(226)
619-1	BOR020	619	1	s~	s~	_	_	_	_	_	linguistic	_	ContainsVariation=No	Interrupted=Yes|PauseAfter=Yes	_	_	_	_	0-2(226)
619-2	BOR020	619	2	(.)	(.)	_	_	_	_	_	shortpause	_	ContainsVariation=No	_	_	_	_	_	X(226)
619-3	BOR020	619	3	sì	sì	_	_	_	_	_	linguistic	_	ContainsVariation=No	_	_	_	_	_	0-2(226)
619-4	BOR020	619	4	è	è	_	_	_	_	_	linguistic	_	ContainsVariation=No	_	_	_	_	_	0-1(226)
619-5	BOR020	619	5	gig]an[te]	gigante	_	_	_	_	_	linguistic	_	ContainsVariation=No	_	End=1030.204	_	_	_	0-3(226),5-7(227)
620-0	BOI079	620	0	[per]ò	però	_	_	_	_	_	linguistic	_	ContainsVariation=No	_	Begin=1030.085	_	_	_	0-3(227)
620-1	BOI079	620	1	non	non	_	_	_	_	_	linguistic	_	ContainsVariation=No	_	_	_	_	_	_
620-2	BOI079	620	2	era	era	_	_	_	_	_	linguistic	_	ContainsVariation=No	_	_	_	_	_	_
620-3	BOI079	620	3	una	una	_	_	_	_	_	linguistic	_	ContainsVariation=No	_	_	_	_	_	_
620-4	BOI079	620	4	cosa	cosa	_	_	_	_	_	linguistic	_	ContainsVariation=No	_	_	_	_	_	_
620-5	BOI079	620	5	tipi~	tipi~	_	_	_	_	_	linguistic	_	ContainsVariation=No	Interrupted=Yes|PauseAfter=Yes	_	_	_	_	_
620-6	BOI079	620	6	(.)	(.)	_	_	_	_	_	shortpause	_	ContainsVariation=No	_	_	_	_	_	_
620-7	BOI079	620	7	>cioè<	cioè	_	_	_	_	_	linguistic	_	ContainsVariation=No	_	_	_	Fast=0-4(0)	_	_
620-8	BOI079	620	8	la	la	_	_	_	_	_	linguistic	_	ContainsVariation=No	PauseAfter=Yes	_	_	Slow=0-2(0)	_	_
620-9	BOI079	620	9	(.)	(.)	_	_	_	_	_	shortpause	_	ContainsVariation=No	_	_	_	_	_	_
620-10	BOI079	620	10	lo	lo	_	_	_	_	_	linguistic	_	ContainsVariation=No	_	_	_	Slow=0-2(0)	_	_
620-11	BOI079	620	11	pensavo	pensavo	_	_	_	_	_	linguistic	_	ContainsVariation=No	_	_	_	Slow=0-7(0)	_	_
620-12	BOI079	620	12	che	che	_	_	_	_	_	linguistic	_	ContainsVariation=No	_	_	_	Slow=0-3(0)	_	_
620-13	BOI079	620	13	la	la	_	_	_	_	_	linguistic	_	ContainsVariation=No	_	_	_	Slow=0-2(0)	_	_
620-14	BOI079	620	14	facessero	facessero	_	_	_	_	_	linguistic	_	ContainsVariation=No	_	_	_	Slow=0-9(0)	_	_
620-15	BOI079	620	15	loro	loro	_	_	_	_	_	linguistic	_	ContainsVariation=No	_	_	_	Slow=0-4(0)	_	_
620-16	BOI079	620	16	perché	perché	_	_	_	_	_	linguistic	_	ContainsVariation=No	_	_	_	Slow=0-6(0)	_	_
620-17	BOI079	620	17	gli	gli	_	_	_	_	_	linguistic	_	ContainsVariation=No	_	_	_	Slow=0-3(0)	_	_
620-18	BOI079	620	18	andava	andava	_	_	_	_	_	linguistic	_	ContainsVariation=No	_	_	_	Slow=0-6(0)	_	_
620-19	BOI079	620	19	non	non	_	_	_	_	_	linguistic	_	ContainsVariation=No	_	_	_	Slow=0-3(0)	_	_
620-20	BOI079	620	20	che	che	_	_	_	_	_	linguistic	_	ContainsVariation=No	_	_	_	Slow=0-3(0)	_	_
620-21	BOI079	620	21	fosse	fosse	_	_	_	_	_	linguistic	_	ContainsVariation=No	_	_	_	Slow=0-5(0)	_	_
620-22	BOI079	620	22	una	una	_	_	_	_	_	linguistic	_	ContainsVariation=No	_	_	_	Slow=0-3(0)	_	_
620-23	BOI079	620	23	cosa	cosa	_	_	_	_	_	linguistic	_	ContainsVariation=No	_	_	_	Slow=0-4(0)	_	_
620-24	BOI079	620	24	tipica	tipica	_	_	_	_	_	linguistic	_	ContainsVariation=No	_	_	_	Slow=0-6(0)	_	_
620-25	BOI079	620	25	bolognese	bolognese	_	_	_	_	_	linguistic	_	ContainsVariation=No	PauseAfter=Yes	_	_	Slow=0-9(0)	_	_
620-26	BOI079	620	26	(.)	(.)	_	_	_	_	_	shortpause	_	ContainsVariation=No	_	_	_	_	_	_
620-27	BOI079	620	27	>cio[è<]	cioè	_	_	_	_	_	linguistic	_	ContainsVariation=No	_	End=1035.364	_	Fast=0-4(1)	_	3-4(228)
621-0	BOR020	621	0	[io]	io	_	_	_	_	_	linguistic	_	ContainsVariation=No	_	Begin=1035.256	_	_	_	0-2(228)
621-1	BOR020	621	1	non	non	_	_	_	_	_	linguistic	_	ContainsVariation=No	_	_	_	_	_	_
621-2	BOR020	621	2	la	la	_	_	_	_	_	linguistic	_	ContainsVariation=No	_	_	_	_	_	_
621-3	BOR020	621	3	trovo	trovo	_	_	_	_	_	linguistic	_	ContainsVariation=No	_	_	_	_	_	_
621-4	BOR020	621	4	non	non	_	_	_	_	_	linguistic	_	ContainsVariation=No	_	_	_	_	_	_
621-5	BOR020	621	5	l'	l'	_	_	_	_	_	linguistic	_	ContainsVariation=No	SpaceAfter=No	_	_	_	_	_
621-6	BOR020	621	6	ho	ho	_	_	_	_	_	linguistic	_	ContainsVariation=No	_	_	_	_	_	_
621-7	BOR020	621	7	mai	mai	_	_	_	_	_	linguistic	_	ContainsVariation=No	_	_	_	_	_	_
621-8	BOR020	621	8	trovato	trovato	_	_	_	_	_	linguistic	_	ContainsVariation=No	_	_	_	_	_	_
621-9	BOR020	621	9	più	più	_	_	_	_	_	linguistic	_	ContainsVariation=No	_	_	_	_	_	_
621-10	BOR020	621	10	da	da	_	_	_	_	_	linguistic	_	ContainsVariation=No	_	_	_	_	_	_
621-11	BOR020	621	11	nessuna	nessuna	_	_	_	_	_	linguistic	_	ContainsVariation=No	_	_	_	_	_	_
621-12	BOR020	621	12	parte	parte	_	_	_	_	_	linguistic	_	ContainsVariation=No	_	End=1037.767	_	_	_	_
622-0	BOI079	622	0	°ah	ah	_	_	_	_	_	linguistic	_	ContainsVariation=No	PauseAfter=Yes|Volume=low	Begin=1037.817	_	_	_	_
622-1	BOI079	622	1	(.)	(.)	_	_	_	_	_	shortpause	_	ContainsVariation=No	_	_	_	_	_	_
622-2	BOI079	622	2	buono	buono	_	_	_	_	_	linguistic	_	ContainsVariation=No	Volume=low	_	_	_	_	_
622-3	BOI079	622	3	a	a	_	_	_	_	_	linguistic	_	ContainsVariation=No	Volume=low	_	_	_	_	_
622-4	BOI079	622	4	sa[persi°]	sapersi	_	_	_	_	_	linguistic	_	ContainsVariation=No	Volume=low	End=1038.675	_	_	_	2-7(229)
623-0	BOR020	623	0	[però	però	_	_	_	_	_	linguistic	_	ContainsVariation=No	_	Begin=1038.185	_	_	_	0-4(229)
623-1	BOR020	623	1	m'	m'	_	_	_	_	_	linguistic	_	ContainsVariation=No	SpaceAfter=No	_	_	_	_	0-2(229)
623-2	BOR020	623	2	è	è	_	_	_	_	_	linguistic	_	ContainsVariation=No	_	_	_	_	_	0-1(229)
623-3	BOR020	623	3	piaciu]ta	piaciuta	_	_	_	_	_	linguistic	_	ContainsVariation=No	_	_	_	_	_	0-6(229)
623-4	BOR020	623	4	un	un	_	_	_	_	_	linguistic	_	ContainsVariation=No	_	_	_	_	_	_
623-5	BOR020	623	5	botto	botto	_	_	_	_	_	linguistic	_	ContainsVariation=No	_	_	_	_	_	_
623-6	BOR020	623	6	[e:::]	e	_	_	_	_	_	linguistic	_	ContainsVariation=No	_	End=1039.759	0x3	_	_	0-1(230)
624-0	BOI079	624	0	[eh	eh	_	_	_	_	_	linguistic	_	ContainsVariation=No	_	Begin=1039.384	_	_	_	0-2(230)
624-1	BOI079	624	1	ci	ci	_	_	_	_	_	linguistic	_	ContainsVariation=No	_	_	_	_	_	0-2(230)
624-2	BOI079	624	2	st]a	sta	_	_	_	_	_	linguistic	_	ContainsVariation=No	PauseAfter=Yes	_	_	_	_	0-2(230)
624-3	BOI079	624	3	(.)	(.)	_	_	_	_	_	shortpause	_	ContainsVariation=No	_	_	_	_	_	_
624-4	BOI079	624	4	buono	buono	_	_	_	_	_	linguistic	_	ContainsVariation=No	_	_	_	_	_	_
624-5	BOI079	624	5	a	a	_	_	_	_	_	linguistic	_	ContainsVariation=No	_	_	_	_	_	_
624-6	BOI079	624	6	sapersi	sapersi	_	_	_	_	_	linguistic	_	ContainsVariation=No	_	End=1040.694	_	_	_	_
625-0	BOR022	625	0	ma	ma	_	_	_	_	_	linguistic	_	ContainsVariation=No	_	Begin=1041.165	_	_	_	_
625-1	BOR022	625	1	invece	invece	_	_	_	_	_	linguistic	_	ContainsVariation=No	_	_	_	_	_	_
625-2	BOR022	625	2	le	le	_	_	_	_	_	linguistic	_	ContainsVariation=No	_	_	_	_	_	_
625-3	BOR022	625	3	p~	p~	_	_	_	_	_	linguistic	_	ContainsVariation=No	Interrupted=Yes|PauseAfter=Yes	_	_	_	_	_
625-4	BOR022	625	4	(.)	(.)	_	_	_	_	_	shortpause	_	ContainsVariation=No	_	_	_	_	_	_
625-5	BOR022	625	5	delle	delle	_	_	_	_	_	linguistic	_	ContainsVariation=No	_	_	_	_	_	_
625-6	BOR022	625	6	piadine	piadine	_	_	_	_	_	linguistic	_	ContainsVariation=No	_	_	_	_	_	_
625-7	BOR022	625	7	cosa	cosa	_	_	_	_	_	linguistic	_	ContainsVariation=No	_	_	_	_	_	_
625-8	BOR022	625	8	ne	ne	_	_	_	_	_	linguistic	_	ContainsVariation=No	_	_	_	_	_	_
625-9	BOR022	625	9	pensate?	pensate	_	_	_	_	_	linguistic	_	ContainsVariation=No	Intonation=Rising	End=1043.27	_	_	_	_
626-0	BOI079	626	0	io	io	_	_	_	_	_	linguistic	_	ContainsVariation=No	_	Begin=1044.028	_	_	_	_
626-1	BOI079	626	1	adoro	adoro	_	_	_	_	_	linguistic	_	ContainsVariation=No	_	_	_	_	_	_
626-2	BOI079	626	2	la	la	_	_	_	_	_	linguistic	_	ContainsVariation=No	_	_	_	_	_	_
626-3	BOI079	626	3	piadi[(na)]	piadina	_	_	_	_	_	linguistic	_	ContainsVariation=No	_	End=1045.069	_	_	5-7(0)	5-7(231)
627-0	BOI078	627	0	[buona	buona	_	_	_	_	_	linguistic	_	ContainsVariation=No	_	Begin=1044.781	_	_	_	0-5(231)
627-1	BOI078	627	1	la]	la	_	_	_	_	_	linguistic	_	ContainsVariation=No	_	_	_	_	_	0-2(231)
627-2	BOI078	627	2	piadina	piadina	_	_	_	_	_	linguistic	_	ContainsVariation=No	_	End=1045.402	_	_	_	_
628-0	BOR020	628	0	quale?	quale	_	_	_	_	_	linguistic	_	ContainsVariation=No	Intonation=Rising	Begin=1045.54|End=1045.89	_	_	_	_
629-0	BOR022	629	0	quale?	quale	_	_	_	_	_	linguistic	_	ContainsVariation=No	Intonation=Rising	Begin=1046.04|End=1046.377	_	_	_	_
630-0	BOI079	630	0	al[lora:]	allora	_	_	_	_	_	linguistic	_	ContainsVariation=No	_	Begin=1046.616|End=1047.137	5x1	_	_	2-6(232)
631-0	BOR022	631	0	[°esatto°]	esatto	_	_	_	_	_	linguistic	_	ContainsVariation=No	Volume=low	Begin=1046.72|End=1047.137	_	_	_	0-6(232)
632-0	BOI079	632	0	ci[oè]	cioè	_	_	_	_	_	linguistic	_	ContainsVariation=No	_	Begin=1047.329|End=1047.645	_	_	_	2-4(233)
633-0	BOR020	633	0	[di	di	_	_	_	_	_	linguistic	_	ContainsVariation=No	_	Begin=1047.396	_	_	_	0-2(233)
633-1	BOR020	633	1	al]tezz[a]	altezza	_	_	_	_	_	linguistic	_	ContainsVariation=No	_	End=1048.085	_	_	_	0-2(233),6-7(234)
634-0	BOI079	634	0	[gu]sto?	gusto	_	_	_	_	_	linguistic	_	ContainsVariation=No	Intonation=Rising	Begin=1047.934	_	_	_	0-2(234)
634-1	BOI079	634	1	o	o	_	_	_	_	_	linguistic	_	ContainsVariation=No	_	_	_	_	_	_
634-2	BOI079	634	2	altez[za]	altezza	_	_	_	_	_	linguistic	_	ContainsVariation=No	_	End=1049.199	_	_	_	5-7(235)
635-0	BOR020	635	0	[al]tezza	altezza	_	_	_	_	_	linguistic	_	ContainsVariation=No	_	Begin=1049.024|End=1049.659	_	_	_	0-2(235)
636-0	BOI079	636	0	>allora<	allora	_	_	_	_	_	linguistic	_	ContainsVariation=No	_	Begin=1049.678	_	Fast=0-6(0)	_	_
636-1	BOI079	636	1	a	a	_	_	_	_	_	linguistic	_	ContainsVariation=No	_	_	_	_	_	_
636-2	BOI079	636	2	me	me	_	_	_	_	_	linguistic	_	ContainsVariation=No	_	_	_	_	_	_
636-3	BOI079	636	3	piace	piace	_	_	_	_	_	linguistic	_	ContainsVariation=No	_	_	_	_	_	_
636-4	BOI079	636	4	più:::	più	_	_	_	_	_	linguistic	_	ContainsVariation=No	PauseAfter=Yes	_	2x3	_	_	_
636-5	BOI079	636	5	(.)	(.)	_	_	_	_	_	shortpause	_	ContainsVariation=No	_	_	_	_	_	_
636-6	BOI079	636	6	e::h	eh	_	_	_	_	_	linguistic	_	ContainsVariation=No	_	_	0x2	_	_	_
636-7	BOI079	636	7	riminese	riminese	_	_	_	_	_	linguistic	_	ContainsVariation=No	_	_	_	_	_	_
636-8	BOI079	636	8	quindi	quindi	_	_	_	_	_	linguistic	_	ContainsVariation=No	_	_	_	_	_	_
636-9	BOI079	636	9	più	più	_	_	_	_	_	linguistic	_	ContainsVariation=No	_	_	_	_	_	_
636-10	BOI079	636	10	sottile	sottile	_	_	_	_	_	linguistic	_	ContainsVariation=No	_	End=1053.526	_	_	_	_
637-0	BOI079	637	0	e:::	e	_	_	_	_	_	linguistic	_	ContainsVariation=No	_	Begin=1054.275|End=1054.98	0x3	_	_	_
638-0	BOI079	638	0	e	e	_	_	_	_	_	linguistic	_	ContainsVariation=No	_	Begin=1055.16	_	_	_	_
638-1	BOI079	638	1	invece	invece	_	_	_	_	_	linguistic	_	ContainsVariation=No	_	_	_	_	_	_
638-2	BOI079	638	2	a	a	_	_	_	_	_	linguistic	_	ContainsVariation=No	_	_	_	_	_	_
638-3	BOI079	638	3	rave~	rave~	_	_	_	_	_	linguistic	_	ContainsVariation=No	Interrupted=Yes	_	_	_	_	_
638-4	BOI079	638	4	>cioè<	cioè	_	_	_	_	_	linguistic	_	ContainsVariation=No	_	End=1056.279	_	Fast=0-4(0)	_	_
639-0	BOI079	639	0	sapete	sapete	_	_	_	_	_	linguistic	_	ContainsVariation=No	_	Begin=1056.499	_	_	_	_
639-1	BOI079	639	1	no?	no	_	_	_	_	_	linguistic	_	ContainsVariation=No	Intonation=Rising	_	_	_	_	_
639-2	BOI079	639	2	come:	come	_	_	_	_	_	linguistic	_	ContainsVariation=No	_	End=1057.266	3x1	_	_	_
640-0	BOI079	640	0	che	che	_	_	_	_	_	linguistic	_	ContainsVariation=No	_	Begin=1057.648	_	_	_	_
640-1	BOI079	640	1	a	a	_	_	_	_	_	linguistic	_	ContainsVariation=No	_	_	_	_	_	_
640-2	BOI079	640	2	ravenna	ravenna	_	_	_	_	_	linguistic	_	ContainsVariation=No	_	_	_	_	_	_
640-3	BOI079	640	3	è	è	_	_	_	_	_	linguistic	_	ContainsVariation=No	_	_	_	_	_	_
640-4	BOI079	640	4	più	più	_	_	_	_	_	linguistic	_	ContainsVariation=No	_	_	_	_	_	_
640-5	BOI079	640	5	gro:ssa,	grossa	_	_	_	_	_	linguistic	_	ContainsVariation=No	Intonation=WeaklyRising	_	2x1	_	_	_
640-6	BOI079	640	6	a	a	_	_	_	_	_	linguistic	_	ContainsVariation=No	_	_	_	_	_	_
640-7	BOI079	640	7	rimini	rimini	_	_	_	_	_	linguistic	_	ContainsVariation=No	_	_	_	_	_	_
640-8	BOI079	640	8	è	è	_	_	_	_	_	linguistic	_	ContainsVariation=No	_	_	_	_	_	_
640-9	BOI079	640	9	più	più	_	_	_	_	_	linguistic	_	ContainsVariation=No	_	_	_	_	_	_
640-10	BOI079	640	10	sottile:	sottile	_	_	_	_	_	linguistic	_	ContainsVariation=No	_	_	6x1	_	_	_
640-11	BOI079	640	11	tipo	tipo	_	_	_	_	_	linguistic	_	ContainsVariation=No	_	_	_	_	_	_
640-12	BOI079	640	12	in	in	_	_	_	_	_	linguistic	_	ContainsVariation=No	_	_	_	_	_	_
640-13	BOI079	640	13	un	un	_	_	_	_	_	linguistic	_	ContainsVariation=No	_	_	_	_	_	_
640-14	BOI079	640	14	gradiente	gradiente	_	_	_	_	_	linguistic	_	ContainsVariation=No	_	End=1061.208	_	_	_	_
641-0	BOI079	641	0	io	io	_	_	_	_	_	linguistic	_	ContainsVariation=No	_	Begin=1061.625	_	_	_	_
641-1	BOI079	641	1	la	la	_	_	_	_	_	linguistic	_	ContainsVariation=No	_	_	_	_	_	_
641-2	BOI079	641	2	preferisco	preferisco	_	_	_	_	_	linguistic	_	ContainsVariation=No	_	_	_	_	_	_
641-3	BOI079	641	3	più	più	_	_	_	_	_	linguistic	_	ContainsVariation=No	_	_	_	_	_	_
641-4	BOI079	641	4	sottile	sottile	_	_	_	_	_	linguistic	_	ContainsVariation=No	_	End=1062.872	_	_	_	_
642-0	BOR020	642	0	no	no	_	_	_	_	_	linguistic	_	ContainsVariation=No	PauseAfter=Yes	Begin=1064.464	_	_	_	_
642-1	BOR020	642	1	(.)	(.)	_	_	_	_	_	shortpause	_	ContainsVariation=No	_	_	_	_	_	_
642-2	BOR020	642	2	[no	no	_	_	_	_	_	linguistic	_	ContainsVariation=No	_	_	_	_	_	0-2(453)
642-3	BOR020	642	3	x	x	_	_	_	_	_	unknown	_	ContainsVariation=No	Syllables=1	_	_	_	_	0-1(453)
642-4	BOR020	642	4	tu	tu	_	_	_	_	_	linguistic	_	ContainsVariation=No	_	_	_	_	_	0-2(453)
642-5	BOR020	642	5	se]i	sei	_	_	_	_	_	linguistic	_	ContainsVariation=No	_	_	_	_	_	0-2(453)
642-6	BOR020	642	6	un	un	_	_	_	_	_	linguistic	_	ContainsVariation=No	_	_	_	_	_	_
642-7	BOR020	642	7	bido:[ne]	bidone	_	_	_	_	_	linguistic	_	ContainsVariation=No	_	End=1066.616	3x1	_	_	4-6(236)
643-0	BOI078	643	0	[io	io	_	_	_	_	_	linguistic	_	ContainsVariation=No	_	Begin=1064.894	_	_	_	0-2(453)
643-1	BOI078	643	1	non	non	_	_	_	_	_	linguistic	_	ContainsVariation=No	_	_	_	_	_	0-3(453)
643-2	BOI078	643	2	xxx]	xxx	_	_	_	_	_	unknown	_	ContainsVariation=No	Syllables=3	End=1065.756	_	_	_	0-3(453)
644-0	BOR022	644	0	((ride))	((ride))	_	_	_	_	_	nonverbalbehavior	_	ContainsVariation=No	_	Begin=1065.522|End=1066.195	_	_	_	_
645-0	BOR022	645	0	[no]	no	_	_	_	_	_	linguistic	_	ContainsVariation=No	_	Begin=1066.498	_	_	_	0-2(454)
645-1	BOR022	645	1	((ride))	((ride))	_	_	_	_	_	nonverbalbehavior	_	ContainsVariation=No	_	End=1067.257	_	_	_	_
646-0	BOI078	646	0	xxxx	xxxx	_	_	_	_	_	unknown	_	ContainsVariation=No	Syllables=4	Begin=1066.981	_	_	_	_
646-1	BOI078	646	1	parli	parli	_	_	_	_	_	linguistic	_	ContainsVariation=No	_	_	_	_	_	_
646-2	BOI078	646	2	de~	de~	_	_	_	_	_	linguistic	_	ContainsVariation=No	Interrupted=Yes	_	_	_	_	_
646-3	BOI078	646	3	de(ll)a:::	della	_	_	_	_	_	linguistic	_	ContainsVariation=No	_	_	4x3	_	2-4(0)	_
646-4	BOI078	646	4	differenza	differenza	_	_	_	_	_	linguistic	_	ContainsVariation=No	_	_	_	_	_	_
646-5	BOI078	646	5	c(io)è	cioè	_	_	_	_	_	linguistic	_	ContainsVariation=No	Reduced=Yes	_	_	_	_	_
646-6	BOI078	646	6	no	no	_	_	_	_	_	linguistic	_	ContainsVariation=No	_	_	_	_	_	_
646-7	BOI078	646	7	m::h	mh	_	_	_	_	_	linguistic	_	ContainsVariation=No	_	End=1069.806	0x2	_	_	_
647-0	BOR020	647	0	((ride))	((ride))	_	_	_	_	_	nonverbalbehavior	_	ContainsVariation=No	_	Begin=1067.022|End=1067.363	_	_	_	_
648-0	BOI078	648	0	diciamo	diciamo	_	_	_	_	_	linguistic	_	ContainsVariation=No	_	Begin=1070.405	_	_	_	_
648-1	BOI078	648	1	che	che	_	_	_	_	_	linguistic	_	ContainsVariation=No	_	_	_	_	_	_
648-2	BOI078	648	2	m:h	mh	_	_	_	_	_	linguistic	_	ContainsVariation=No	_	End=1071.672	0x1	_	_	_
649-0	BOI078	649	0	io	io	_	_	_	_	_	linguistic	_	ContainsVariation=No	_	Begin=1072.657	_	_	_	_
649-1	BOI078	649	1	non	non	_	_	_	_	_	linguistic	_	ContainsVariation=No	_	_	_	_	_	_
649-2	BOI078	649	2	so	so	_	_	_	_	_	linguistic	_	ContainsVariation=No	_	_	_	_	_	_
649-3	BOI078	649	3	neanche	neanche	_	_	_	_	_	linguistic	_	ContainsVariation=No	_	_	_	_	_	_
649-4	BOI078	649	4	valutare	valutare	_	_	_	_	_	linguistic	_	ContainsVariation=No	_	_	_	_	_	_
649-5	BOI078	649	5	l'	l'	_	_	_	_	_	linguistic	_	ContainsVariation=No	SpaceAfter=No	_	_	_	_	_
649-6	BOI078	649	6	altezz~	altezz~	_	_	_	_	_	linguistic	_	ContainsVariation=No	Interrupted=Yes	_	_	_	_	_
649-7	BOI078	649	7	c(io)è:	cioè	_	_	_	_	_	linguistic	_	ContainsVariation=No	Reduced=Yes	End=1074.555	3x1	_	_	_
650-0	BOI078	650	0	generalemente	generalemente	_	_	_	_	_	linguistic	_	ContainsVariation=No	_	Begin=1075.364	_	_	_	_
650-1	BOI078	650	1	la	la	_	_	_	_	_	linguistic	_	ContainsVariation=No	_	_	_	_	_	_
650-2	BOI078	650	2	piadina	piadina	_	_	_	_	_	linguistic	_	ContainsVariation=No	_	_	_	_	_	_
650-3	BOI078	650	3	le	le	_	_	_	_	_	linguistic	_	ContainsVariation=No	_	_	_	_	_	_
650-4	BOI078	650	4	mangio:	mangio	_	_	_	_	_	linguistic	_	ContainsVariation=No	_	_	5x1	_	_	_
650-5	BOI078	650	5	e	e	_	_	_	_	_	linguistic	_	ContainsVariation=No	_	_	_	_	_	_
650-6	BOI078	650	6	non	non	_	_	_	_	_	linguistic	_	ContainsVariation=No	_	_	_	_	_	_
650-7	BOI078	650	7	me	me	_	_	_	_	_	linguistic	_	ContainsVariation=No	_	_	_	_	_	_
650-8	BOI078	650	8	ne	ne	_	_	_	_	_	linguistic	_	ContainsVariation=No	_	_	_	_	_	_
650-9	BOI078	650	9	fr[ega:]	frega	_	_	_	_	_	linguistic	_	ContainsVariation=No	_	End=1077.678	4x1	_	_	2-5(237)
651-0	BOI079	651	0	[°vabbè°]	vabbè	_	_	_	_	_	linguistic	_	ContainsVariation=No	Volume=low	Begin=1077.493	_	_	_	0-5(237)
651-1	BOI079	651	1	sì	sì	_	_	_	_	_	linguistic	_	ContainsVariation=No	_	_	_	_	_	_
651-2	BOI079	651	2	anch'	anch'	_	_	_	_	_	linguistic	_	ContainsVariation=No	SpaceAfter=No	_	_	_	_	_
651-3	BOI079	651	3	io	io	_	_	_	_	_	linguistic	_	ContainsVariation=No	_	_	_	_	_	_
651-4	BOI079	651	4	>cioè<	cioè	_	_	_	_	_	linguistic	_	ContainsVariation=No	_	_	_	Slow=3-4(0)|Fast=0-4(0)	_	_
651-5	BOI079	651	5	a	a	_	_	_	_	_	linguistic	_	ContainsVariation=No	_	_	_	Slow=0-1(0)	_	_
651-6	BOI079	651	6	me	me	_	_	_	_	_	linguistic	_	ContainsVariation=No	_	_	_	Slow=0-2(0)	_	_
651-7	BOI079	651	7	non	non	_	_	_	_	_	linguistic	_	ContainsVariation=No	_	_	_	Slow=0-3(0)	_	_
651-8	BOI079	651	8	è	è	_	_	_	_	_	linguistic	_	ContainsVariation=No	_	_	_	Slow=0-1(0)	_	_
651-9	BOI079	651	9	c~	c~	_	_	_	_	_	linguistic	_	ContainsVariation=No	Interrupted=Yes	_	_	Slow=0-2(0)	_	_
651-10	BOI079	651	10	>cioè<	cioè	_	_	_	_	_	linguistic	_	ContainsVariation=No	PauseAfter=Yes	_	_	Fast=0-4(1)	_	_
651-11	BOI079	651	11	(.)	(.)	_	_	_	_	_	shortpause	_	ContainsVariation=No	_	_	_	_	_	_
651-12	BOI079	651	12	SON	son	_	_	_	_	_	linguistic	_	ContainsVariation=No	Volume=high	_	_	_	_	_
651-13	BOI079	651	13	tutte	tutte	_	_	_	_	_	linguistic	_	ContainsVariation=No	_	_	_	_	_	_
651-14	BOI079	651	14	buone	buone	_	_	_	_	_	linguistic	_	ContainsVariation=No	_	_	_	_	_	_
651-15	BOI079	651	15	però	però	_	_	_	_	_	linguistic	_	ContainsVariation=No	_	_	_	_	_	_
651-16	BOI079	651	16	se:	se	_	_	_	_	_	linguistic	_	ContainsVariation=No	_	End=1081.36	1x1	_	_	_
652-0	BOI079	652	0	se	se	_	_	_	_	_	linguistic	_	ContainsVariation=No	_	Begin=1082.36	_	_	_	_
652-1	BOI079	652	1	devo	devo	_	_	_	_	_	linguistic	_	ContainsVariation=No	_	_	_	_	_	_
652-2	BOI079	652	2	p(r)op(ri)o	proprio	_	_	_	_	_	linguistic	_	ContainsVariation=No	_	_	_	_	1-2(0),4-6(1)	_
652-3	BOI079	652	3	dire	dire	_	_	_	_	_	linguistic	_	ContainsVariation=No	_	_	_	_	_	_
652-4	BOI079	652	4	quella	quella	_	_	_	_	_	linguistic	_	ContainsVariation=No	_	_	_	_	_	_
652-5	BOI079	652	5	che	che	_	_	_	_	_	linguistic	_	ContainsVariation=No	_	_	_	_	_	_
652-6	BOI079	652	6	mi	mi	_	_	_	_	_	linguistic	_	ContainsVariation=No	_	_	_	_	_	_
652-7	BOI079	652	7	piace	piace	_	_	_	_	_	linguistic	_	ContainsVariation=No	_	_	_	_	_	_
652-8	BOI079	652	8	di	di	_	_	_	_	_	linguistic	_	ContainsVariation=No	_	_	_	_	_	_
652-9	BOI079	652	9	più	più	_	_	_	_	_	linguistic	_	ContainsVariation=No	_	End=1084.09	_	_	_	_
653-0	BOI078	653	0	ma	ma	_	_	_	_	_	linguistic	_	ContainsVariation=No	_	Begin=1084.664	_	_	_	_
653-1	BOI078	653	1	eh	eh	_	_	_	_	_	linguistic	_	ContainsVariation=No	_	_	_	_	_	_
653-2	BOI078	653	2	non	non	_	_	_	_	_	linguistic	_	ContainsVariation=No	_	_	_	_	_	_
653-3	BOI078	653	3	non	non	_	_	_	_	_	linguistic	_	ContainsVariation=No	_	_	_	_	_	_
653-4	BOI078	653	4	saprei	saprei	_	_	_	_	_	linguistic	_	ContainsVariation=No	_	_	_	_	_	_
653-5	BOI078	653	5	perché	perché	_	_	_	_	_	linguistic	_	ContainsVariation=No	_	_	_	_	_	_
653-6	BOI078	653	6	poi	poi	_	_	_	_	_	linguistic	_	ContainsVariation=No	_	_	_	_	_	_
653-7	BOI078	653	7	io	io	_	_	_	_	_	linguistic	_	ContainsVariation=No	_	_	_	_	_	_
653-8	BOI078	653	8	la	la	_	_	_	_	_	linguistic	_	ContainsVariation=No	_	_	_	_	_	_
653-9	BOI078	653	9	p~	p~	_	_	_	_	_	linguistic	_	ContainsVariation=No	Interrupted=Yes|PauseAfter=Yes	_	_	_	_	_
653-10	BOI078	653	10	(.)	(.)	_	_	_	_	_	shortpause	_	ContainsVariation=No	_	_	_	_	_	_
653-11	BOI078	653	11	la	la	_	_	_	_	_	linguistic	_	ContainsVariation=No	_	_	_	_	_	_
653-12	BOI078	653	12	piadina	piadina	_	_	_	_	_	linguistic	_	ContainsVariation=No	_	_	_	_	_	_
653-13	BOI078	653	13	la	la	_	_	_	_	_	linguistic	_	ContainsVariation=No	_	_	_	_	_	_
653-14	BOI078	653	14	prendo	prendo	_	_	_	_	_	linguistic	_	ContainsVariation=No	_	_	_	_	_	_
653-15	BOI078	653	15	solo	solo	_	_	_	_	_	linguistic	_	ContainsVariation=No	_	_	_	_	_	_
653-16	BOI078	653	16	in	in	_	_	_	_	_	linguistic	_	ContainsVariation=No	_	_	_	_	_	_
653-17	BOI078	653	17	un	un	_	_	_	_	_	linguistic	_	ContainsVariation=No	_	_	_	_	_	_
653-18	BOI078	653	18	post[o:::]	posto	_	_	_	_	_	linguistic	_	ContainsVariation=No	_	End=1088.488	4x3	_	_	4-5(238)
654-0	BOI079	654	0	>[do]ve<	dove	_	_	_	_	_	linguistic	_	ContainsVariation=No	_	Begin=1088.327	_	Fast=0-4(0)	_	0-2(238)
654-1	BOI079	654	1	la	la	_	_	_	_	_	linguistic	_	ContainsVariation=No	_	_	_	_	_	_
654-2	BOI079	654	2	prendi?	prendi	_	_	_	_	_	linguistic	_	ContainsVariation=No	Intonation=Rising	End=1089.009	_	_	_	_
655-0	BOI078	655	0	a	a	_	_	_	_	_	linguistic	_	ContainsVariation=No	_	Begin=1089.08	_	_	_	_
655-1	BOI078	655	1	misano	misano	_	_	_	_	_	linguistic	_	ContainsVariation=No	_	_	_	_	_	_
655-2	BOI078	655	2	adriatico	adriatico	_	_	_	_	_	linguistic	_	ContainsVariation=No	_	End=1090.038	_	_	_	_
656-0	BOI078	656	0	[proprio	proprio	_	_	_	_	_	linguistic	_	ContainsVariation=No	_	Begin=1090.581	_	_	_	0-7(239)
656-1	BOI078	656	1	(lì)	lì	_	_	_	_	_	linguistic	_	ContainsVariation=No	_	_	_	_	0-2(0)	0-2(239)
656-2	BOI078	656	2	in	in	_	_	_	_	_	linguistic	_	ContainsVariation=No	_	_	_	_	_	0-2(239)
656-3	BOI078	656	3	un	un	_	_	_	_	_	linguistic	_	ContainsVariation=No	_	_	_	_	_	0-2(239)
656-4	BOI078	656	4	po]:s[to	posto	_	_	_	_	_	linguistic	_	ContainsVariation=No	_	_	1x1	_	_	0-2(239),3-5(240)
656-5	BOI078	656	5	xxx]	xxx	_	_	_	_	_	unknown	_	ContainsVariation=No	Syllables=3	End=1091.972	_	_	_	0-3(240)
657-0	BOI079	657	0	[°ah	ah	_	_	_	_	_	linguistic	_	ContainsVariation=No	Volume=low	Begin=1090.583	_	_	_	0-2(239)
657-1	BOI079	657	1	vabbè°]	vabbè	_	_	_	_	_	linguistic	_	ContainsVariation=No	Volume=low	End=1091.08	_	_	_	0-5(239)
658-0	BOI079	658	0	[VABBÈ	vabbè	_	_	_	_	_	linguistic	_	ContainsVariation=No	Volume=high	Begin=1091.303	_	_	_	0-5(240)
658-1	BOI079	658	1	misano]	misano	_	_	_	_	_	linguistic	_	ContainsVariation=No	_	_	_	_	_	0-6(240)
658-2	BOI079	658	2	allora	allora	_	_	_	_	_	linguistic	_	ContainsVariation=No	_	_	_	_	_	_
658-3	BOI079	658	3	la	la	_	_	_	_	_	linguistic	_	ContainsVariation=No	_	_	_	_	_	_
658-4	BOI079	658	4	faran	faran	_	_	_	_	_	linguistic	_	ContainsVariation=No	_	_	_	_	_	_
658-5	BOI079	658	5	sot[tile]	sottile	_	_	_	_	_	linguistic	_	ContainsVariation=No	_	End=1093.18	_	_	_	3-7(241)
659-0	BOI078	659	0	[e:h]	eh	_	_	_	_	_	linguistic	_	ContainsVariation=No	_	Begin=1092.879	0x1	_	_	0-2(241)
659-1	BOI078	659	1	allora	allora	_	_	_	_	_	linguistic	_	ContainsVariation=No	_	_	_	_	_	_
659-2	BOI078	659	2	[°(per	per	_	_	_	_	_	linguistic	_	ContainsVariation=No	Volume=low	_	_	_	0-3(0)	0-3(242)
659-3	BOI078	659	3	forza)°]	forza	_	_	_	_	_	linguistic	_	ContainsVariation=No	Volume=low	End=1094.007	_	_	0-5(0)	0-5(242)
660-0	BOI079	660	0	[perché	perché	_	_	_	_	_	linguistic	_	ContainsVariation=No	_	Begin=1093.498	_	_	_	0-6(242)
660-1	BOI079	660	1	è	è	_	_	_	_	_	linguistic	_	ContainsVariation=No	_	_	_	_	_	0-1(242)
660-2	BOI079	660	2	giù]	giù	_	_	_	_	_	linguistic	_	ContainsVariation=No	_	End=1094.005	_	_	_	0-3(242)
661-0	BOI078	661	0	cotto	cotto	_	_	_	_	_	linguistic	_	ContainsVariation=No	_	Begin=1094.787	_	_	_	_
661-1	BOI078	661	1	e	e	_	_	_	_	_	linguistic	_	ContainsVariation=No	_	_	_	_	_	_
661-2	BOI078	661	2	mozzarella	mozzarella	_	_	_	_	_	linguistic	_	ContainsVariation=No	_	_	_	_	_	_
661-3	BOI078	661	3	°a	a	_	_	_	_	_	linguistic	_	ContainsVariation=No	Volume=low	_	_	_	_	_
661-4	BOI078	661	4	me	me	_	_	_	_	_	linguistic	_	ContainsVariation=No	Volume=low	_	_	_	_	_
661-5	BOI078	661	5	piace	piace	_	_	_	_	_	linguistic	_	ContainsVariation=No	Volume=low	_	_	_	_	_
661-6	BOI078	661	6	molto	molto	_	_	_	_	_	linguistic	_	ContainsVariation=No	Volume=low	_	_	_	_	_
661-7	BOI078	661	7	cotto	cotto	_	_	_	_	_	linguistic	_	ContainsVariation=No	Volume=low	_	_	_	_	_
661-8	BOI078	661	8	e	e	_	_	_	_	_	linguistic	_	ContainsVariation=No	Volume=low	_	_	_	_	_
661-9	BOI078	661	9	mozza[rel(la)]°	mozzarella	_	_	_	_	_	linguistic	_	ContainsVariation=No	Volume=low	End=1096.958	_	_	8-10(0)	5-10(243)
662-0	BOI079	662	0	[(no)	no	_	_	_	_	_	linguistic	_	ContainsVariation=No	_	Begin=1096.496	_	_	0-2(0)	0-2(243)
662-1	BOI079	662	1	a	a	_	_	_	_	_	linguistic	_	ContainsVariation=No	_	_	_	_	_	0-1(243)
662-2	BOI079	662	2	me	me	_	_	_	_	_	linguistic	_	ContainsVariation=No	_	_	_	_	_	0-2(243)
662-3	BOI079	662	3	piac]e	piace	_	_	_	_	_	linguistic	_	ContainsVariation=No	_	_	_	_	_	0-4(243)
662-4	BOI079	662	4	quella	quella	_	_	_	_	_	linguistic	_	ContainsVariation=No	_	_	_	_	_	_
662-5	BOI079	662	5	[classica]	classica	_	_	_	_	_	linguistic	_	ContainsVariation=No	_	End=1097.97	_	_	_	0-8(244)
663-0	BOI078	663	0	°[crudo	crudo	_	_	_	_	_	linguistic	_	ContainsVariation=No	Volume=low	Begin=1097.379	_	_	_	0-5(244)
663-1	BOI078	663	1	e	e	_	_	_	_	_	linguistic	_	ContainsVariation=No	Volume=low	_	_	_	_	0-1(244)
663-2	BOI078	663	2	squac]quero[ne°]	squacquerone	_	_	_	_	_	linguistic	_	ContainsVariation=No	Volume=low	End=1098.426	_	_	_	0-5(244),10-12(245)
664-0	BOI079	664	0	[crud]o	crudo	_	_	_	_	_	linguistic	_	ContainsVariation=No	_	Begin=1098.213	_	_	_	0-4(245)
664-1	BOI079	664	1	squacquerone	squacquerone	_	_	_	_	_	linguistic	_	ContainsVariation=No	_	_	_	_	_	_
664-2	BOI079	664	2	[e	e	_	_	_	_	_	linguistic	_	ContainsVariation=No	_	_	_	_	_	0-1(246)
664-3	BOI079	664	3	ru]cola	rucola	_	_	_	_	_	linguistic	_	ContainsVariation=No	_	End=1099.511	_	_	_	0-2(246)
665-0	BOI078	665	0	[(eh	eh	_	_	_	_	_	linguistic	_	ContainsVariation=No	_	Begin=1098.964	_	_	0-2(0)	0-2(246)
665-1	BOI078	665	1	sì)]	sì	_	_	_	_	_	linguistic	_	ContainsVariation=No	_	End=1099.287	_	_	0-2(0)	0-2(246)
666-0	BOR020	666	0	io	io	_	_	_	_	_	linguistic	_	ContainsVariation=No	_	Begin=1100.045	_	_	_	_
666-1	BOR020	666	1	con	con	_	_	_	_	_	linguistic	_	ContainsVariation=No	_	_	_	_	_	_
666-2	BOR020	666	2	le	le	_	_	_	_	_	linguistic	_	ContainsVariation=No	_	_	_	_	_	_
666-3	BOR020	666	3	erbette	erbette	_	_	_	_	_	linguistic	_	ContainsVariation=No	PauseAfter=Yes	_	_	_	_	_
666-4	BOR020	666	4	(.)	(.)	_	_	_	_	_	shortpause	_	ContainsVariation=No	_	_	_	_	_	_
666-5	BOR020	666	5	[tantissimo	tantissimo	_	_	_	_	_	linguistic	_	ContainsVariation=No	_	_	_	_	_	0-10(247)
666-6	BOR020	666	6	mi	mi	_	_	_	_	_	linguistic	_	ContainsVariation=No	_	_	_	_	_	0-2(247)
666-7	BOR020	666	7	piace	piace	_	_	_	_	_	linguistic	_	ContainsVariation=No	_	_	_	_	_	0-5(247)
666-8	BOR020	666	8	un]	un	_	_	_	_	_	linguistic	_	ContainsVariation=No	_	_	_	_	_	0-2(247)
666-9	BOR020	666	9	b[otto]	botto	_	_	_	_	_	linguistic	_	ContainsVariation=No	_	End=1102.683	_	_	_	1-5(248)
667-0	BOI079	667	0	[anche	anche	_	_	_	_	_	linguistic	_	ContainsVariation=No	_	Begin=1101.247	_	_	_	0-5(247)
667-1	BOI079	667	1	quella	quella	_	_	_	_	_	linguistic	_	ContainsVariation=No	_	_	_	_	_	0-6(247)
667-2	BOI079	667	2	è	è	_	_	_	_	_	linguistic	_	ContainsVariation=No	_	_	_	_	_	0-1(247)
667-3	BOI079	667	3	buona]	buona	_	_	_	_	_	linguistic	_	ContainsVariation=No	_	End=1102.124	_	_	_	0-5(247)
668-0	BOI079	668	0	[anche	anche	_	_	_	_	_	linguistic	_	ContainsVariation=No	_	Begin=1102.3	_	_	_	0-5(248)
668-1	BOI079	668	1	quel]la	quella	_	_	_	_	_	linguistic	_	ContainsVariation=No	_	_	_	_	_	0-4(248)
668-2	BOI079	668	2	è	è	_	_	_	_	_	linguistic	_	ContainsVariation=No	_	_	_	_	_	_
668-3	BOI079	668	3	buona	buona	_	_	_	_	_	linguistic	_	ContainsVariation=No	_	End=1103.002	_	_	_	_
669-0	BOI078	669	0	quale?	quale	_	_	_	_	_	linguistic	_	ContainsVariation=No	Intonation=Rising	Begin=1103.258|End=1103.634	_	_	_	_
670-0	BOR020	670	0	con	con	_	_	_	_	_	linguistic	_	ContainsVariation=No	_	Begin=1103.711	_	_	_	_
670-1	BOR020	670	1	le	le	_	_	_	_	_	linguistic	_	ContainsVariation=No	_	_	_	_	_	_
670-2	BOR020	670	2	erbette	erbette	_	_	_	_	_	linguistic	_	ContainsVariation=No	_	End=1104.317	_	_	_	_
671-0	BOI078	671	0	solo	solo	_	_	_	_	_	linguistic	_	ContainsVariation=No	_	Begin=1104.48	_	_	_	_
671-1	BOI078	671	1	erbet[te]?	erbette	_	_	_	_	_	linguistic	_	ContainsVariation=No	Intonation=Rising	End=1105.236	_	_	_	5-7(249)
672-0	BOR020	672	0	[sì]:	sì	_	_	_	_	_	linguistic	_	ContainsVariation=No	_	Begin=1105.1|End=1105.362	1x1	_	_	0-2(249)
673-0	BOI079	673	0	anche	anche	_	_	_	_	_	linguistic	_	ContainsVariation=No	_	Begin=1105.375	_	_	_	_
673-1	BOI079	673	1	[quella:]	quella	_	_	_	_	_	linguistic	_	ContainsVariation=No	_	_	5x1	_	_	0-6(250)
673-2	BOI079	673	2	tipo:::	tipo	_	_	_	_	_	linguistic	_	ContainsVariation=No	_	End=1107.004	3x3	_	_	_
674-0	BOI078	674	0	[xxx]	xxx	_	_	_	_	_	unknown	_	ContainsVariation=No	Syllables=3	Begin=1105.715|End=1106.185	_	_	_	0-3(250)
675-0	BOR020	675	0	((ride))	((ride))	_	_	_	_	_	nonverbalbehavior	_	ContainsVariation=No	_	Begin=1106.613|End=1106.896	_	_	_	_
676-0	BOR020	676	0	x[xx]	xxx	_	_	_	_	_	unknown	_	ContainsVariation=No	Syllables=3	Begin=1107.051|End=1107.612	_	_	_	1-3(252)
677-0	BOI079	677	0	[radi]cchio:	radicchio	_	_	_	_	_	linguistic	_	ContainsVariation=No	_	Begin=1107.295	8x1	_	_	0-4(252)
677-1	BOI079	677	1	e	e	_	_	_	_	_	linguistic	_	ContainsVariation=No	_	_	_	_	_	_
677-2	BOI079	677	2	bruciatini.	bruciatini	_	_	_	_	_	linguistic	_	ContainsVariation=No	Intonation=Falling	End=1108.775	_	_	_	_
678-0	BOI079	678	0	molto:	molto	_	_	_	_	_	linguistic	_	ContainsVariation=No	_	Begin=1109.259	4x1	_	_	_
678-1	BOI079	678	1	e	e	_	_	_	_	_	linguistic	_	ContainsVariation=No	_	_	_	_	_	_
678-2	BOI079	678	2	tipo	tipo	_	_	_	_	_	linguistic	_	ContainsVariation=No	_	_	_	_	_	_
678-3	BOI079	678	3	a[ceto	aceto	_	_	_	_	_	linguistic	_	ContainsVariation=No	_	_	_	_	_	1-5(253)
678-4	BOI079	678	4	balsami]co	balsamico	_	_	_	_	_	linguistic	_	ContainsVariation=No	_	End=1110.879	_	_	_	0-7(253)
679-0	BOR020	679	0	[molto	molto	_	_	_	_	_	linguistic	_	ContainsVariation=No	_	Begin=1109.847	_	_	_	0-5(253)
679-1	BOR020	679	1	(buona)]	buona	_	_	_	_	_	linguistic	_	ContainsVariation=No	_	End=1110.644	_	_	0-5(0)	0-5(253)
680-0	BOI079	680	0	°molto	molto	_	_	_	_	_	linguistic	_	ContainsVariation=No	Volume=low	Begin=1111.035	_	_	_	_
680-1	BOI079	680	1	tipica°	tipica	_	_	_	_	_	linguistic	_	ContainsVariation=No	Volume=low	End=1111.714	_	_	_	_
681-0	BOI079	681	0	°a	a	_	_	_	_	_	linguistic	_	ContainsVariation=No	Volume=low	Begin=1113.099	_	_	_	_
681-1	BOI079	681	1	ravenna	ravenna	_	_	_	_	_	linguistic	_	ContainsVariation=No	Volume=low	_	_	_	_	_
681-2	BOI079	681	2	io	io	_	_	_	_	_	linguistic	_	ContainsVariation=No	Volume=low	_	_	_	_	_
681-3	BOI079	681	3	la	la	_	_	_	_	_	linguistic	_	ContainsVariation=No	Volume=low	_	_	_	_	_
681-4	BOI079	681	4	prendo°	prendo	_	_	_	_	_	linguistic	_	ContainsVariation=No	Volume=low	End=1114.23	_	_	_	_
682-0	BOI079	682	0	°che	che	_	_	_	_	_	linguistic	_	ContainsVariation=No	Volume=low	Begin=1114.255	_	_	_	_
682-1	BOI079	682	1	cazzo°	cazzo	_	_	_	_	_	linguistic	_	ContainsVariation=No	Volume=low	_	_	_	_	_
682-2	BOI079	682	2	vuoi?	vuoi	_	_	_	_	_	linguistic	_	ContainsVariation=No	Intonation=Rising	End=1115.094	_	_	_	_
683-0	BOI079	683	0	C(IO)È	cioè	_	_	_	_	_	linguistic	_	ContainsVariation=No	Reduced=Yes|Volume=high	Begin=1115.762|End=1116.082	_	_	_	_
684-0	BOI079	684	0	O:H	oh	_	_	_	_	_	linguistic	_	ContainsVariation=No	Volume=high	Begin=1116.228|End=1116.67	0x1	_	_	_
685-0	BOI079	685	0	che	che	_	_	_	_	_	linguistic	_	ContainsVariation=No	_	Begin=1117.967	_	_	_	_
685-1	BOI079	685	1	vuoi?	vuoi	_	_	_	_	_	linguistic	_	ContainsVariation=No	Intonation=Rising	_	_	_	_	_
685-2	BOI079	685	2	((ride))	((ride))	_	_	_	_	_	nonverbalbehavior	_	ContainsVariation=No	_	End=1118.746	_	_	_	_
686-0	BOR020	686	0	no	no	_	_	_	_	_	linguistic	_	ContainsVariation=No	_	Begin=1118.988	_	_	_	_
686-1	BOR020	686	1	e:h	eh	_	_	_	_	_	linguistic	_	ContainsVariation=No	_	_	0x1	_	_	_
686-2	BOR020	686	2	>ti	ti	_	_	_	_	_	linguistic	_	ContainsVariation=No	_	_	_	_	_	_
686-3	BOR020	686	3	volevo	volevo	_	_	_	_	_	linguistic	_	ContainsVariation=No	_	_	_	_	_	_
686-4	BOR020	686	4	chiedere	chiedere	_	_	_	_	_	linguistic	_	ContainsVariation=No	_	_	_	_	_	_
686-5	BOR020	686	5	una	una	_	_	_	_	_	linguistic	_	ContainsVariation=No	_	_	_	_	_	_
686-6	BOR020	686	6	roba	roba	_	_	_	_	_	linguistic	_	ContainsVariation=No	_	_	_	_	_	_
686-7	BOR020	686	7	a	a	_	_	_	_	_	linguistic	_	ContainsVariation=No	_	_	_	_	_	_
686-8	BOR020	686	8	te>	te	_	_	_	_	_	linguistic	_	ContainsVariation=No	_	_	_	_	_	_
686-9	BOR020	686	9	prima	prima	_	_	_	_	_	linguistic	_	ContainsVariation=No	PauseAfter=Yes	_	_	_	_	_
686-10	BOR020	686	10	(.)	(.)	_	_	_	_	_	shortpause	_	ContainsVariation=No	_	_	_	_	_	_
686-11	BOR020	686	11	e:h	eh	_	_	_	_	_	linguistic	_	ContainsVariation=No	_	_	0x1	_	_	_
686-12	BOR020	686	12	tu	tu	_	_	_	_	_	linguistic	_	ContainsVariation=No	_	_	_	_	_	_
686-13	BOR020	686	13	hai	hai	_	_	_	_	_	linguistic	_	ContainsVariation=No	_	_	_	_	_	_
686-14	BOR020	686	14	detto	detto	_	_	_	_	_	linguistic	_	ContainsVariation=No	_	_	_	_	_	_
686-15	BOR020	686	15	che	che	_	_	_	_	_	linguistic	_	ContainsVariation=No	_	_	_	_	_	_
686-16	BOR020	686	16	a	a	_	_	_	_	_	linguistic	_	ContainsVariation=No	_	_	_	_	_	_
686-17	BOR020	686	17	bologna	bologna	_	_	_	_	_	linguistic	_	ContainsVariation=No	_	_	_	_	_	_
686-18	BOR020	686	18	non	non	_	_	_	_	_	linguistic	_	ContainsVariation=No	_	_	_	_	_	_
686-19	BOR020	686	19	ci	ci	_	_	_	_	_	linguistic	_	ContainsVariation=No	_	_	_	_	_	_
686-20	BOR020	686	20	stai	stai	_	_	_	_	_	linguistic	_	ContainsVariation=No	_	_	_	_	_	_
686-21	BOR020	686	21	d'	d'	_	_	_	_	_	linguistic	_	ContainsVariation=No	SpaceAfter=No	_	_	_	_	_
686-22	BOR020	686	22	estate.	estate	_	_	_	_	_	linguistic	_	ContainsVariation=No	Intonation=Falling	_	_	_	_	_
686-23	BOR020	686	23	dove	dove	_	_	_	_	_	linguistic	_	ContainsVariation=No	_	_	_	_	_	_
686-24	BOR020	686	24	vai?	vai	_	_	_	_	_	linguistic	_	ContainsVariation=No	Intonation=Rising	End=1123.779	_	_	_	_
687-0	BOI078	687	0	[E::H	eh	_	_	_	_	_	linguistic	_	ContainsVariation=No	Volume=high	Begin=1124.58	0x2	_	_	0-2(254)
687-1	BOI078	687	1	m:h]	mh	_	_	_	_	_	linguistic	_	ContainsVariation=No	_	End=1125.392	0x1	_	_	0-2(254)
688-0	BOI079	688	0	[appunt]o	appunto	_	_	_	_	_	linguistic	_	ContainsVariation=No	_	Begin=1124.858|End=1125.597	_	_	_	0-6(254)
689-0	BOI078	689	0	io	io	_	_	_	_	_	linguistic	_	ContainsVariation=No	_	Begin=1125.734	_	_	_	_
689-1	BOI078	689	1	d'	d'	_	_	_	_	_	linguistic	_	ContainsVariation=No	SpaceAfter=No	_	_	_	_	_
689-2	BOI078	689	2	estate	estate	_	_	_	_	_	linguistic	_	ContainsVariation=No	_	_	_	_	_	_
689-3	BOI078	689	3	((ride))	((ride))	_	_	_	_	_	nonverbalbehavior	_	ContainsVariation=No	_	_	_	_	_	_
689-4	BOI078	689	4	vado	vado	_	_	_	_	_	linguistic	_	ContainsVariation=No	_	_	_	_	_	_
689-5	BOI078	689	5	a:	a	_	_	_	_	_	linguistic	_	ContainsVariation=No	PauseAfter=Yes	_	0x1	_	_	_
689-6	BOI078	689	6	(.)	(.)	_	_	_	_	_	shortpause	_	ContainsVariation=No	_	_	_	_	_	_
689-7	BOI078	689	7	[e:h]	eh	_	_	_	_	_	linguistic	_	ContainsVariation=No	_	End=1128.171	0x1	_	_	0-2(255)
690-0	BOI079	690	0	[l]a	la	_	_	_	_	_	linguistic	_	ContainsVariation=No	_	Begin=1128.127	_	_	_	0-1(255)
690-1	BOI079	690	1	ridente	ridente	_	_	_	_	_	linguistic	_	ContainsVariation=No	_	_	_	_	_	_
690-2	BOI079	690	2	cittadina	cittadina	_	_	_	_	_	linguistic	_	ContainsVariation=No	_	_	_	_	_	_
690-3	BOI079	690	3	di	di	_	_	_	_	_	linguistic	_	ContainsVariation=No	_	_	_	_	_	_
690-4	BOI079	690	4	porto	porto	_	_	_	_	_	linguistic	_	ContainsVariation=No	_	_	_	_	_	_
690-5	BOI079	690	5	verde	verde	_	_	_	_	_	linguistic	_	ContainsVariation=No	_	_	_	_	_	_
690-6	BOI079	690	6	((ride))	((ride))	_	_	_	_	_	nonverbalbehavior	_	ContainsVariation=No	_	End=1130.801	_	_	_	_
691-0	BOI078	691	0	vado	vado	_	_	_	_	_	linguistic	_	ContainsVariation=No	_	Begin=1130.938	_	_	_	_
691-1	BOI078	691	1	nella	nella	_	_	_	_	_	linguistic	_	ContainsVariation=No	_	_	_	_	_	_
691-2	BOI078	691	2	ridente	ridente	_	_	_	_	_	linguistic	_	ContainsVariation=No	_	_	_	_	_	_
691-3	BOI078	691	3	cittadina	cittadina	_	_	_	_	_	linguistic	_	ContainsVariation=No	_	_	_	_	_	_
691-4	BOI078	691	4	di	di	_	_	_	_	_	linguistic	_	ContainsVariation=No	_	_	_	_	_	_
691-5	BOI078	691	5	porto	porto	_	_	_	_	_	linguistic	_	ContainsVariation=No	_	_	_	_	_	_
691-6	BOI078	691	6	verde,	verde	_	_	_	_	_	linguistic	_	ContainsVariation=No	Intonation=WeaklyRising|PauseAfter=Yes	_	_	_	_	_
691-7	BOI078	691	7	(.)	(.)	_	_	_	_	_	shortpause	_	ContainsVariation=No	_	_	_	_	_	_
691-8	BOI078	691	8	che	che	_	_	_	_	_	linguistic	_	ContainsVariation=No	_	_	_	_	_	_
691-9	BOI078	691	9	è	è	_	_	_	_	_	linguistic	_	ContainsVariation=No	_	_	_	_	_	_
691-10	BOI078	691	10	di	di	_	_	_	_	_	linguistic	_	ContainsVariation=No	_	_	_	_	_	_
691-11	BOI078	691	11	fianco	fianco	_	_	_	_	_	linguistic	_	ContainsVariation=No	_	_	_	_	_	_
691-12	BOI078	691	12	a	a	_	_	_	_	_	linguistic	_	ContainsVariation=No	_	_	_	_	_	_
691-13	BOI078	691	13	misano	misano	_	_	_	_	_	linguistic	_	ContainsVariation=No	_	_	_	_	_	_
691-14	BOI078	691	14	adriatico	adriatico	_	_	_	_	_	linguistic	_	ContainsVariation=No	PauseAfter=Yes	_	_	_	_	_
691-15	BOI078	691	15	(.)	(.)	_	_	_	_	_	shortpause	_	ContainsVariation=No	_	_	_	_	_	_
691-16	BOI078	691	16	però	però	_	_	_	_	_	linguistic	_	ContainsVariation=No	_	_	_	_	_	_
691-17	BOI078	691	17	ci	ci	_	_	_	_	_	linguistic	_	ContainsVariation=No	_	_	_	_	_	_
691-18	BOI078	691	18	sto	sto	_	_	_	_	_	linguistic	_	ContainsVariation=No	_	_	_	_	_	_
691-19	BOI078	691	19	poco	poco	_	_	_	_	_	linguistic	_	ContainsVariation=No	_	End=1135.296	_	_	_	_
692-0	BOI078	692	0	>cioè<	cioè	_	_	_	_	_	linguistic	_	ContainsVariation=No	_	Begin=1135.491	_	Fast=0-4(0)	_	_
692-1	BOI078	692	1	mi	mi	_	_	_	_	_	linguistic	_	ContainsVariation=No	_	_	_	_	_	_
692-2	BOI078	692	2	piaceva	piaceva	_	_	_	_	_	linguistic	_	ContainsVariation=No	_	_	_	_	_	_
692-3	BOI078	692	3	più	più	_	_	_	_	_	linguistic	_	ContainsVariation=No	_	_	_	_	_	_
692-4	BOI078	692	4	da	da	_	_	_	_	_	linguistic	_	ContainsVariation=No	_	_	_	_	_	_
692-5	BOI078	692	5	quando	quando	_	_	_	_	_	linguistic	_	ContainsVariation=No	_	_	_	_	_	_
692-6	BOI078	692	6	ero	ero	_	_	_	_	_	linguistic	_	ContainsVariation=No	_	_	_	_	_	_
692-7	BOI078	692	7	piccolo	piccolo	_	_	_	_	_	linguistic	_	ContainsVariation=No	_	_	_	_	_	_
692-8	BOI078	692	8	perché	perché	_	_	_	_	_	linguistic	_	ContainsVariation=No	_	_	_	_	_	_
692-9	BOI078	692	9	m:h	mh	_	_	_	_	_	linguistic	_	ContainsVariation=No	_	End=1137.989	0x1	_	_	_
693-0	BOI078	693	0	perché	perché	_	_	_	_	_	linguistic	_	ContainsVariation=No	_	Begin=1139.45	_	_	_	_
693-1	BOI078	693	1	è	è	_	_	_	_	_	linguistic	_	ContainsVariation=No	_	_	_	_	_	_
693-2	BOI078	693	2	molto	molto	_	_	_	_	_	linguistic	_	ContainsVariation=No	_	_	_	_	_	_
693-3	BOI078	693	3	per	per	_	_	_	_	_	linguistic	_	ContainsVariation=No	_	_	_	_	_	_
693-4	BOI078	693	4	bambi~	bambi~	_	_	_	_	_	linguistic	_	ContainsVariation=No	Interrupted=Yes	_	_	_	_	_
693-5	BOI078	693	5	>cioè<	cioè	_	_	_	_	_	linguistic	_	ContainsVariation=No	_	_	_	Fast=0-4(0)	_	_
693-6	BOI078	693	6	non	non	_	_	_	_	_	linguistic	_	ContainsVariation=No	_	_	_	Slow=0-3(0)	_	_
693-7	BOI078	693	7	è	è	_	_	_	_	_	linguistic	_	ContainsVariation=No	_	_	_	Slow=0-1(0)	_	_
693-8	BOI078	693	8	molto	molto	_	_	_	_	_	linguistic	_	ContainsVariation=No	_	_	_	Slow=0-5(0)	_	_
693-9	BOI078	693	9	per	per	_	_	_	_	_	linguistic	_	ContainsVariation=No	_	_	_	Slow=0-3(0)	_	_
693-10	BOI078	693	10	bambini	bambini	_	_	_	_	_	linguistic	_	ContainsVariation=No	_	_	_	Slow=0-7(0)	_	_
693-11	BOI078	693	11	>insomma<	insomma	_	_	_	_	_	linguistic	_	ContainsVariation=No	_	_	_	Fast=0-7(1)	_	_
693-12	BOI078	693	12	un	un	_	_	_	_	_	linguistic	_	ContainsVariation=No	_	_	_	_	_	_
693-13	BOI078	693	13	bambino	bambino	_	_	_	_	_	linguistic	_	ContainsVariation=No	_	_	_	_	_	_
693-14	BOI078	693	14	in	in	_	_	_	_	_	linguistic	_	ContainsVariation=No	_	_	_	_	_	_
693-15	BOI078	693	15	spiaggia	spiaggia	_	_	_	_	_	linguistic	_	ContainsVariation=No	_	_	_	_	_	_
693-16	BOI078	693	16	c'	c'	_	_	_	_	_	linguistic	_	ContainsVariation=No	SpaceAfter=No	_	_	_	_	_
693-17	BOI078	693	17	era	era	_	_	_	_	_	linguistic	_	ContainsVariation=No	_	_	_	_	_	_
693-18	BOI078	693	18	il	il	_	_	_	_	_	linguistic	_	ContainsVariation=No	_	_	_	_	_	_
693-19	BOI078	693	19	campo	campo	_	_	_	_	_	linguistic	_	ContainsVariation=No	_	_	_	_	_	_
693-20	BOI078	693	20	da	da	_	_	_	_	_	linguistic	_	ContainsVariation=No	_	_	_	_	_	_
693-21	BOI078	693	21	calcio,	calcio	_	_	_	_	_	linguistic	_	ContainsVariation=No	Intonation=WeaklyRising	_	_	_	_	_
693-22	BOI078	693	22	c'	c'	_	_	_	_	_	linguistic	_	ContainsVariation=No	SpaceAfter=No	_	_	_	_	_
693-23	BOI078	693	23	erano	erano	_	_	_	_	_	linguistic	_	ContainsVariation=No	_	_	_	_	_	_
693-24	BOI078	693	24	gli	gli	_	_	_	_	_	linguistic	_	ContainsVariation=No	_	_	_	_	_	_
693-25	BOI078	693	25	scivoli,	scivoli	_	_	_	_	_	linguistic	_	ContainsVariation=No	Intonation=WeaklyRising	_	_	_	_	_
693-26	BOI078	693	26	quelle	quelle	_	_	_	_	_	linguistic	_	ContainsVariation=No	_	_	_	_	_	_
693-27	BOI078	693	27	robe	robe	_	_	_	_	_	linguistic	_	ContainsVariation=No	_	_	_	_	_	_
693-28	BOI078	693	28	lì	lì	_	_	_	_	_	linguistic	_	ContainsVariation=No	_	_	_	_	_	_
693-29	BOI078	693	29	un	un	_	_	_	_	_	linguistic	_	ContainsVariation=No	_	_	_	_	_	_
693-30	BOI078	693	30	bambino	bambino	_	_	_	_	_	linguistic	_	ContainsVariation=No	_	_	_	_	_	_
693-31	BOI078	693	31	se	se	_	_	_	_	_	linguistic	_	ContainsVariation=No	_	_	_	_	_	_
693-32	BOI078	693	32	la	la	_	_	_	_	_	linguistic	_	ContainsVariation=No	_	_	_	_	_	_
693-33	BOI078	693	33	passa.	passa	_	_	_	_	_	linguistic	_	ContainsVariation=No	Intonation=Falling	_	_	_	_	_
693-34	BOI078	693	34	invece	invece	_	_	_	_	_	linguistic	_	ContainsVariation=No	_	_	_	_	_	_
693-35	BOI078	693	35	adesso:	adesso	_	_	_	_	_	linguistic	_	ContainsVariation=No	_	End=1147.646	5x1	_	_	_
694-0	BOI078	694	0	c'	c'	_	_	_	_	_	linguistic	_	ContainsVariation=No	SpaceAfter=No	Begin=1148.31	_	_	_	_
694-1	BOI078	694	1	è	è	_	_	_	_	_	linguistic	_	ContainsVariation=No	_	_	_	_	_	_
694-2	BOI078	694	2	poca	poca	_	_	_	_	_	linguistic	_	ContainsVariation=No	_	_	_	_	_	_
694-3	BOI078	694	3	gente,	gente	_	_	_	_	_	linguistic	_	ContainsVariation=No	Intonation=WeaklyRising	_	_	_	_	_
694-4	BOI078	694	4	tipo	tipo	_	_	_	_	_	linguistic	_	ContainsVariation=No	_	_	_	_	_	_
694-5	BOI078	694	5	saremo	saremo	_	_	_	_	_	linguistic	_	ContainsVariation=No	_	_	_	_	_	_
694-6	BOI078	694	6	in	in	_	_	_	_	_	linguistic	_	ContainsVariation=No	_	_	_	_	_	_
694-7	BOI078	694	7	e:::h	eh	_	_	_	_	_	linguistic	_	ContainsVariation=No	PauseAfter=Yes	_	0x3	_	_	_
694-8	BOI078	694	8	(.)	(.)	_	_	_	_	_	shortpause	_	ContainsVariation=No	_	_	_	_	_	_
694-9	BOI078	694	9	tre	tre	_	_	_	_	_	linguistic	_	ContainsVariation=No	PauseAfter=Yes	_	_	_	_	_
694-10	BOI078	694	10	(.)	(.)	_	_	_	_	_	shortpause	_	ContainsVariation=No	_	_	_	_	_	_
694-11	BOI078	694	11	[quattro]	quattro	_	_	_	_	_	linguistic	_	ContainsVariation=No	_	End=1151.704	_	_	_	0-7(256)
695-0	BOR020	695	0	[ma	ma	_	_	_	_	_	linguistic	_	ContainsVariation=No	_	Begin=1151.066	_	_	_	0-2(256)
695-1	BOR020	695	1	perché	perché	_	_	_	_	_	linguistic	_	ContainsVariation=No	_	_	_	_	_	0-6(256)
695-2	BOR020	695	2	è	è	_	_	_	_	_	linguistic	_	ContainsVariation=No	_	_	_	_	_	0-1(256)
695-3	BOR020	695	3	piccol]o	piccolo	_	_	_	_	_	linguistic	_	ContainsVariation=No	_	_	_	_	_	0-6(256)
695-4	BOR020	695	4	il	il	_	_	_	_	_	linguistic	_	ContainsVariation=No	_	_	_	_	_	_
695-5	BOR020	695	5	posto?	posto	_	_	_	_	_	linguistic	_	ContainsVariation=No	Intonation=Rising	End=1152.503	_	_	_	_
696-0	BOI078	696	0	piccolo,	piccolo	_	_	_	_	_	linguistic	_	ContainsVariation=No	Intonation=WeaklyRising	Begin=1152.847	_	_	_	_
696-1	BOI078	696	1	poi	poi	_	_	_	_	_	linguistic	_	ContainsVariation=No	_	_	_	_	_	_
696-2	BOI078	696	2	è:::	è	_	_	_	_	_	linguistic	_	ContainsVariation=No	_	_	0x3	_	_	_
696-3	BOI078	696	3	schiacciato	schiacciato	_	_	_	_	_	linguistic	_	ContainsVariation=No	_	_	_	_	_	_
696-4	BOI078	696	4	tra	tra	_	_	_	_	_	linguistic	_	ContainsVariation=No	_	_	_	_	_	_
696-5	BOI078	696	5	cattolica,	cattolica	_	_	_	_	_	linguistic	_	ContainsVariation=No	Intonation=WeaklyRising	_	_	_	_	_
696-6	BOI078	696	6	misano,	misano	_	_	_	_	_	linguistic	_	ContainsVariation=No	Intonation=WeaklyRising	_	_	_	_	_
696-7	BOI078	696	7	riccione,	riccione	_	_	_	_	_	linguistic	_	ContainsVariation=No	Intonation=WeaklyRising	_	_	_	_	_
696-8	BOI078	696	8	quindi	quindi	_	_	_	_	_	linguistic	_	ContainsVariation=No	_	_	_	_	_	_
696-9	BOI078	696	9	la	la	_	_	_	_	_	linguistic	_	ContainsVariation=No	_	_	_	_	_	_
696-10	BOI078	696	10	gente:	gente	_	_	_	_	_	linguistic	_	ContainsVariation=No	_	_	4x1	_	_	_
696-11	BOI078	696	11	va	va	_	_	_	_	_	linguistic	_	ContainsVariation=No	_	_	_	_	_	_
696-12	BOI078	696	12	[via	via	_	_	_	_	_	linguistic	_	ContainsVariation=No	_	_	_	_	_	0-3(257)
696-13	BOI078	696	13	nel	nel	_	_	_	_	_	linguistic	_	ContainsVariation=No	_	_	_	_	_	0-3(257)
696-14	BOI078	696	14	s]enso	senso	_	_	_	_	_	linguistic	_	ContainsVariation=No	_	_	_	_	_	0-1(257)
696-15	BOI078	696	15	ovviamente	ovviamente	_	_	_	_	_	linguistic	_	ContainsVariation=No	_	End=1159.337	_	_	_	_
697-0	BOR022	697	0	[mh]	mh	_	_	_	_	_	linguistic	_	ContainsVariation=No	_	Begin=1158.33|End=1158.669	_	_	_	0-2(257)
698-0	BOI079	698	0	non	non	_	_	_	_	_	linguistic	_	ContainsVariation=No	_	Begin=1159.592	_	_	_	_
698-1	BOI079	698	1	è	è	_	_	_	_	_	linguistic	_	ContainsVariation=No	_	_	_	_	_	_
698-2	BOI079	698	2	né	né	_	_	_	_	_	linguistic	_	ContainsVariation=No	_	_	_	_	_	_
698-3	BOI079	698	3	cattolica	cattolica	_	_	_	_	_	linguistic	_	ContainsVariation=No	_	_	_	_	_	_
698-4	BOI079	698	4	né	né	_	_	_	_	_	linguistic	_	ContainsVariation=No	_	_	_	_	_	_
698-5	BOI079	698	5	ric[cione]	riccione	_	_	_	_	_	linguistic	_	ContainsVariation=No	_	End=1161.291	_	_	_	3-8(258)
699-0	BOI078	699	0	[xxx	xxx	_	_	_	_	_	unknown	_	ContainsVariation=No	Syllables=3	Begin=1160.828	_	_	_	0-3(258)
699-1	BOI078	699	1	ca]tt[olica	cattolica	_	_	_	_	_	linguistic	_	ContainsVariation=No	_	_	_	_	_	0-2(258),4-9(259)
699-2	BOI078	699	2	né	né	_	_	_	_	_	linguistic	_	ContainsVariation=No	_	_	_	_	_	0-2(259)
699-3	BOI078	699	3	ri]ccio~	riccio~	_	_	_	_	_	linguistic	_	ContainsVariation=No	Interrupted=Yes|PauseAfter=Yes	_	_	_	_	0-2(259)
699-4	BOI078	699	4	(.)	(.)	_	_	_	_	_	shortpause	_	ContainsVariation=No	_	_	_	_	_	_
699-5	BOI078	699	5	però	però	_	_	_	_	_	linguistic	_	ContainsVariation=No	_	_	_	_	_	_
699-6	BOI078	699	6	molto	molto	_	_	_	_	_	linguistic	_	ContainsVariation=No	_	_	_	_	_	_
699-7	BOI078	699	7	è	è	_	_	_	_	_	linguistic	_	ContainsVariation=No	_	_	_	_	_	_
699-8	BOI078	699	8	carino	carino	_	_	_	_	_	linguistic	_	ContainsVariation=No	_	_	_	_	_	_
699-9	BOI078	699	9	come	come	_	_	_	_	_	linguistic	_	ContainsVariation=No	_	_	_	_	_	_
699-10	BOI078	699	10	posto	posto	_	_	_	_	_	linguistic	_	ContainsVariation=No	_	_	_	_	_	_
699-11	BOI078	699	11	in	in	_	_	_	_	_	linguistic	_	ContainsVariation=No	_	_	_	_	_	_
699-12	BOI078	699	12	realtà	realtà	_	_	_	_	_	linguistic	_	ContainsVariation=No	_	End=1163.894	_	_	_	_
700-0	BOR020	700	0	[x]	x	_	_	_	_	_	unknown	_	ContainsVariation=No	Syllables=1	Begin=1161.424|End=1161.795	_	_	_	0-1(259)
701-0	BOI078	701	0	è	è	_	_	_	_	_	linguistic	_	ContainsVariation=No	_	Begin=1164.484	_	_	_	_
701-1	BOI078	701	1	molto	molto	_	_	_	_	_	linguistic	_	ContainsVariation=No	_	_	_	_	_	_
701-2	BOI078	701	2	bello	bello	_	_	_	_	_	linguistic	_	ContainsVariation=No	_	_	_	_	_	_
701-3	BOI078	701	3	molt[o:::]	molto	_	_	_	_	_	linguistic	_	ContainsVariation=No	_	End=1165.857	4x3	_	_	4-5(260)
702-0	BOI079	702	0	[x	x	_	_	_	_	_	unknown	_	ContainsVariation=No	Syllables=1	Begin=1165.378	_	_	_	0-1(260)
702-1	BOI079	702	1	io	io	_	_	_	_	_	linguistic	_	ContainsVariation=No	_	_	_	_	_	0-2(260)
702-2	BOI079	702	2	non	non	_	_	_	_	_	linguistic	_	ContainsVariation=No	_	_	_	_	_	0-3(260)
702-3	BOI079	702	3	son]o	sono	_	_	_	_	_	linguistic	_	ContainsVariation=No	_	_	_	_	_	0-3(260)
702-4	BOI079	702	4	mai	mai	_	_	_	_	_	linguistic	_	ContainsVariation=No	_	_	_	_	_	_
702-5	BOI079	702	5	stato	stato	_	_	_	_	_	linguistic	_	ContainsVariation=No	_	End=1166.565	_	_	_	_
703-0	BOI078	703	0	°di	di	_	_	_	_	_	linguistic	_	ContainsVariation=No	Volume=low	Begin=1166.795	_	_	_	_
703-1	BOI078	703	1	[cosa	cosa	_	_	_	_	_	linguistic	_	ContainsVariation=No	Volume=low	_	_	_	_	0-4(261)
703-2	BOI078	703	2	parli]?°	parli	_	_	_	_	_	linguistic	_	ContainsVariation=No	Intonation=Rising|Volume=low	End=1167.484	_	_	_	0-5(261)
704-0	BOI079	704	0	[xxx]	xxx	_	_	_	_	_	unknown	_	ContainsVariation=No	Syllables=3	Begin=1166.931|End=1167.614	_	_	_	0-3(261)
705-0	BOI078	705	0	°di	di	_	_	_	_	_	linguistic	_	ContainsVariation=No	Volume=low	Begin=1167.677	_	_	_	_
705-1	BOI078	705	1	cosa	cosa	_	_	_	_	_	linguistic	_	ContainsVariation=No	Volume=low	_	_	_	_	_
705-2	BOI078	705	2	cazzo	cazzo	_	_	_	_	_	linguistic	_	ContainsVariation=No	Volume=low	_	_	_	_	_
705-3	BOI078	705	3	parli?°	parli	_	_	_	_	_	linguistic	_	ContainsVariation=No	Intonation=Rising|Volume=low	End=1168.57	_	_	_	_
706-0	BOR020	706	0	non	non	_	_	_	_	_	linguistic	_	ContainsVariation=No	_	Begin=1168.683	_	_	_	_
706-1	BOR020	706	1	l'	l'	_	_	_	_	_	linguistic	_	ContainsVariation=No	SpaceAfter=No	_	_	_	_	_
706-2	BOR020	706	2	hai	hai	_	_	_	_	_	linguistic	_	ContainsVariation=No	_	_	_	_	_	_
706-3	BOR020	706	3	mai	mai	_	_	_	_	_	linguistic	_	ContainsVariation=No	_	_	_	_	_	_
706-4	BOR020	706	4	in[vita~]	invita~	_	_	_	_	_	linguistic	_	ContainsVariation=No	Interrupted=Yes	_	_	_	_	1-7(262)
706-5	BOR020	706	5	non	non	_	_	_	_	_	linguistic	_	ContainsVariation=No	_	_	_	_	_	_
706-6	BOR020	706	6	l'	l'	_	_	_	_	_	linguistic	_	ContainsVariation=No	SpaceAfter=No	_	_	_	_	_
706-7	BOR020	706	7	hai	hai	_	_	_	_	_	linguistic	_	ContainsVariation=No	_	_	_	_	_	_
706-8	BOR020	706	8	mai	mai	_	_	_	_	_	linguistic	_	ContainsVariation=No	_	_	_	_	_	_
706-9	BOR020	706	9	invita[to]?	invitato	_	_	_	_	_	linguistic	_	ContainsVariation=No	Intonation=Rising	End=1170.385	_	_	_	4-7(263)
707-0	BOI078	707	0	[>lui<]	lui	_	_	_	_	_	linguistic	_	ContainsVariation=No	_	Begin=1169.151|End=1169.444	_	Fast=0-3(0)	_	0-3(262)
708-0	BOI079	708	0	[no].	no	_	_	_	_	_	linguistic	_	ContainsVariation=No	Intonation=Falling	Begin=1170.12|End=1170.388	_	_	_	0-2(263)
709-0	BOI078	709	0	ma	ma	_	_	_	_	_	linguistic	_	ContainsVariation=No	_	Begin=1170.757	_	_	_	_
709-1	BOI078	709	1	cosa	cosa	_	_	_	_	_	linguistic	_	ContainsVariation=No	_	_	_	_	_	_
709-2	BOI078	709	2	dici?	dici	_	_	_	_	_	linguistic	_	ContainsVariation=No	Intonation=Rising	End=1171.568	_	_	_	_
710-0	BOI078	710	0	ah	ah	_	_	_	_	_	linguistic	_	ContainsVariation=No	_	Begin=1171.725	_	_	_	_
710-1	BOI078	710	1	no	no	_	_	_	_	_	linguistic	_	ContainsVariation=No	_	_	_	_	_	_
710-2	BOI078	710	2	è	è	_	_	_	_	_	linguistic	_	ContainsVariation=No	_	_	_	_	_	_
710-3	BOI078	710	3	vero	vero	_	_	_	_	_	linguistic	_	ContainsVariation=No	_	_	_	_	_	_
710-4	BOI078	710	4	non	non	_	_	_	_	_	linguistic	_	ContainsVariation=No	_	_	_	_	_	_
710-5	BOI078	710	5	°ti	ti	_	_	_	_	_	linguistic	_	ContainsVariation=No	Volume=low	_	_	_	_	_
710-6	BOI078	710	6	ho	ho	_	_	_	_	_	linguistic	_	ContainsVariation=No	Volume=low	_	_	_	_	_
710-7	BOI078	710	7	mai	mai	_	_	_	_	_	linguistic	_	ContainsVariation=No	Volume=low	_	_	_	_	_
710-8	BOI078	710	8	(invitato)°	invitato	_	_	_	_	_	linguistic	_	ContainsVariation=No	Volume=low	End=1172.476	_	_	0-8(0)	_
711-0	BOI079	711	0	>voi<	voi	_	_	_	_	_	linguistic	_	ContainsVariation=No	PauseAfter=Yes	Begin=1172.586	_	Fast=0-3(0)	_	_
711-1	BOI079	711	1	(.)	(.)	_	_	_	_	_	shortpause	_	ContainsVariation=No	_	_	_	_	_	_
711-2	BOI079	711	2	dove	dove	_	_	_	_	_	linguistic	_	ContainsVariation=No	_	_	_	_	_	_
711-3	BOI079	711	3	andavate	andavate	_	_	_	_	_	linguistic	_	ContainsVariation=No	_	_	_	_	_	_
711-4	BOI079	711	4	al	al	_	_	_	_	_	linguistic	_	ContainsVariation=No	_	_	_	_	_	_
711-5	BOI079	711	5	m~	m~	_	_	_	_	_	linguistic	_	ContainsVariation=No	Interrupted=Yes|PauseAfter=Yes	_	_	_	_	_
711-6	BOI079	711	6	(.)	(.)	_	_	_	_	_	shortpause	_	ContainsVariation=No	_	_	_	_	_	_
711-7	BOI079	711	7	a::l	al	_	_	_	_	_	linguistic	_	ContainsVariation=No	_	_	0x2	_	_	_
711-8	BOI079	711	8	mare	mare	_	_	_	_	_	linguistic	_	ContainsVariation=No	_	_	_	_	_	_
711-9	BOI079	711	9	da	da	_	_	_	_	_	linguistic	_	ContainsVariation=No	_	_	_	_	_	_
711-10	BOI079	711	10	picco[le]?	piccole	_	_	_	_	_	linguistic	_	ContainsVariation=No	Intonation=Rising	End=1175.115	_	_	_	5-7(264)
712-0	BOR020	712	0	((ride))	((ride))	_	_	_	_	_	nonverbalbehavior	_	ContainsVariation=No	_	Begin=1173.34|End=1173.817	_	_	_	_
713-0	BOR020	713	0	[io	io	_	_	_	_	_	linguistic	_	ContainsVariation=No	_	Begin=1174.847	_	_	_	0-2(265)
713-1	BOR020	713	1	a]	a	_	_	_	_	_	linguistic	_	ContainsVariation=No	_	_	_	_	_	0-1(265)
713-2	BOR020	713	2	cervia	cervia	_	_	_	_	_	linguistic	_	ContainsVariation=No	_	_	_	_	_	_
713-3	BOR020	713	3	da	da	_	_	_	_	_	linguistic	_	ContainsVariation=No	_	_	_	_	_	_
713-4	BOR020	713	4	un	un	_	_	_	_	_	linguistic	_	ContainsVariation=No	_	_	_	_	_	_
713-5	BOR020	713	5	botto	botto	_	_	_	_	_	linguistic	_	ContainsVariation=No	_	_	_	_	_	_
713-6	BOR020	713	6	di	di	_	_	_	_	_	linguistic	_	ContainsVariation=No	_	_	_	_	_	_
713-7	BOR020	713	7	anni	anni	_	_	_	_	_	linguistic	_	ContainsVariation=No	_	_	_	_	_	_
713-8	BOR020	713	8	in	in	_	_	_	_	_	linguistic	_	ContainsVariation=No	_	_	_	_	_	_
713-9	BOR020	713	9	r[ealtà	realtà	_	_	_	_	_	linguistic	_	ContainsVariation=No	PauseAfter=Yes	_	_	_	_	1-6(266)
713-10	BOR020	713	10	(.)	(.)	_	_	_	_	_	shortpause	_	ContainsVariation=No	_	_	_	_	_	X(266)
713-11	BOR020	713	11	>cioè<]	cioè	_	_	_	_	_	linguistic	_	ContainsVariation=No	_	_	_	Fast=0-4(0)	_	0-4(266)
713-12	BOR020	713	12	da	da	_	_	_	_	_	linguistic	_	ContainsVariation=No	_	_	_	_	_	_
713-13	BOR020	713	13	sempre	sempre	_	_	_	_	_	linguistic	_	ContainsVariation=No	_	End=1177.853	_	_	_	_
714-0	BOI079	714	0	[ah	ah	_	_	_	_	_	linguistic	_	ContainsVariation=No	_	Begin=1176.523	_	_	_	0-2(266)
714-1	BOI079	714	1	okay]	okay	_	_	_	_	_	linguistic	_	ContainsVariation=No	_	End=1177.194	_	_	_	0-4(266)
715-0	BOR022	715	0	e:[hm]	ehm	_	_	_	_	_	linguistic	_	ContainsVariation=No	_	Begin=1178.392|End=1178.873	0x1	_	_	1-3(267)
716-0	BOI079	716	0	[beh	beh	_	_	_	_	_	linguistic	_	ContainsVariation=No	_	Begin=1178.482	_	_	_	0-3(267)
716-1	BOI079	716	1	allo]ra	allora	_	_	_	_	_	linguistic	_	ContainsVariation=No	_	End=1179.089	_	_	_	0-4(267)
717-0	BOI078	717	0	tu	tu	_	_	_	_	_	linguistic	_	ContainsVariation=No	_	Begin=1179.385	_	_	_	_
717-1	BOI078	717	1	vabbè	vabbè	_	_	_	_	_	linguistic	_	ContainsVariation=No	_	_	_	_	_	_
717-2	BOI078	717	2	tu	tu	_	_	_	_	_	linguistic	_	ContainsVariation=No	_	_	_	_	_	_
717-3	BOI078	717	3	al	al	_	_	_	_	_	linguistic	_	ContainsVariation=No	_	_	_	_	_	_
717-4	BOI078	717	4	sud	sud	_	_	_	_	_	linguistic	_	ContainsVariation=No	_	_	_	_	_	_
717-5	BOI078	717	5	°immag[ino°]	immagino	_	_	_	_	_	linguistic	_	ContainsVariation=No	Volume=low	End=1180.911	_	_	_	5-8(268)
718-0	BOR022	718	0	[io	io	_	_	_	_	_	linguistic	_	ContainsVariation=No	_	Begin=1180.586	_	_	_	0-2(268)
718-1	BOR022	718	1	sul]la	sulla	_	_	_	_	_	linguistic	_	ContainsVariation=No	_	_	_	_	_	0-3(268)
718-2	BOR022	718	2	costa:	costa	_	_	_	_	_	linguistic	_	ContainsVariation=No	_	_	4x1	_	_	_
718-3	BOR022	718	3	marchigiana::	marchigiana	_	_	_	_	_	linguistic	_	ContainsVariation=No	_	_	10x2	_	_	_
718-4	BOR022	718	4	((ride))	((ride))	_	_	_	_	_	nonverbalbehavior	_	ContainsVariation=No	_	End=1182.848	_	_	_	_
719-0	BOI078	719	0	ancona?	ancona	_	_	_	_	_	linguistic	_	ContainsVariation=No	Intonation=Rising	Begin=1182.68|End=1183.382	_	_	_	_
720-0	BOR022	720	0	e:::h	eh	_	_	_	_	_	linguistic	_	ContainsVariation=No	_	Begin=1183.843	0x3	_	_	_
720-1	BOR022	720	1	no:	no	_	_	_	_	_	linguistic	_	ContainsVariation=No	_	_	1x1	_	_	_
720-2	BOR022	720	2	civitanova	civitanova	_	_	_	_	_	linguistic	_	ContainsVariation=No	_	_	_	_	_	_
720-3	BOR022	720	3	marche	marche	_	_	_	_	_	linguistic	_	ContainsVariation=No	_	End=1185.581	_	_	_	_
721-0	BOI078	721	0	ah	ah	_	_	_	_	_	linguistic	_	ContainsVariation=No	_	Begin=1185.704	_	_	_	_
721-1	BOI078	721	1	civ~	civ~	_	_	_	_	_	linguistic	_	ContainsVariation=No	Interrupted=Yes	_	_	_	_	_
721-2	BOI078	721	2	eh	eh	_	_	_	_	_	linguistic	_	ContainsVariation=No	_	_	_	_	_	_
721-3	BOI078	721	3	ci	ci	_	_	_	_	_	linguistic	_	ContainsVariation=No	_	_	_	_	_	_
721-4	BOI078	721	4	sono	sono	_	_	_	_	_	linguistic	_	ContainsVariation=No	_	_	_	_	_	_
721-5	BOI078	721	5	andato	andato	_	_	_	_	_	linguistic	_	ContainsVariation=No	_	_	_	_	_	_
721-6	BOI078	721	6	anch'	anch'	_	_	_	_	_	linguistic	_	ContainsVariation=No	SpaceAfter=No	_	_	_	_	_
721-7	BOI078	721	7	io	io	_	_	_	_	_	linguistic	_	ContainsVariation=No	_	End=1186.809	_	_	_	_
722-0	BOR022	722	0	mh	mh	_	_	_	_	_	linguistic	_	ContainsVariation=No	_	Begin=1187.262	_	_	_	_
722-1	BOR022	722	1	perché?	perché	_	_	_	_	_	linguistic	_	ContainsVariation=No	Intonation=Rising	End=1187.904	_	_	_	_
723-0	BOR022	723	0	((ride))	((ride))	_	_	_	_	_	nonverbalbehavior	_	ContainsVariation=No	_	Begin=1188.167	_	_	_	_
723-1	BOR022	723	1	[c(io)è:]	cioè	_	_	_	_	_	linguistic	_	ContainsVariation=No	Reduced=Yes	End=1188.837	3x1	_	_	0-4(270)
724-0	BOI078	724	0	[boh	boh	_	_	_	_	_	linguistic	_	ContainsVariation=No	_	Begin=1188.405	_	_	_	0-3(270)
724-1	BOI078	724	1	per]ché	perché	_	_	_	_	_	linguistic	_	ContainsVariation=No	_	_	_	_	_	0-3(270)
724-2	BOI078	724	2	mia	mia	_	_	_	_	_	linguistic	_	ContainsVariation=No	_	_	_	_	_	_
724-3	BOI078	724	3	madre	madre	_	_	_	_	_	linguistic	_	ContainsVariation=No	_	_	_	_	_	_
724-4	BOI078	724	4	si	si	_	_	_	_	_	linguistic	_	ContainsVariation=No	_	_	_	_	_	_
724-5	BOI078	724	5	era	era	_	_	_	_	_	linguistic	_	ContainsVariation=No	_	_	_	_	_	_
724-6	BOI078	724	6	[°fissata°]	fissata	_	_	_	_	_	linguistic	_	ContainsVariation=No	Volume=low	End=1190.244	_	_	_	0-7(271)
725-0	BOI079	725	0	[beh	beh	_	_	_	_	_	linguistic	_	ContainsVariation=No	_	Begin=1189.715	_	_	_	0-3(271)
725-1	BOI079	725	1	dai	dai	_	_	_	_	_	linguistic	_	ContainsVariation=No	_	_	_	_	_	0-3(271)
725-2	BOI079	725	2	eh]	eh	_	_	_	_	_	linguistic	_	ContainsVariation=No	_	_	_	_	_	0-2(271)
725-3	BOI079	725	3	x	x	_	_	_	_	_	unknown	_	ContainsVariation=No	Syllables=1	_	_	_	_	_
725-4	BOI079	725	4	com'	com'	_	_	_	_	_	linguistic	_	ContainsVariation=No	SpaceAfter=No	_	_	_	_	_
725-5	BOI079	725	5	è	è	_	_	_	_	_	linguistic	_	ContainsVariation=No	_	_	_	_	_	_
725-6	BOI079	725	6	il	il	_	_	_	_	_	linguistic	_	ContainsVariation=No	_	_	_	_	_	_
725-7	BOI079	725	7	mare	mare	_	_	_	_	_	linguistic	_	ContainsVariation=No	_	_	_	_	_	_
725-8	BOI079	725	8	nelle	nelle	_	_	_	_	_	linguistic	_	ContainsVariation=No	_	_	_	_	_	_
725-9	BOI079	725	9	marche?	marche	_	_	_	_	_	linguistic	_	ContainsVariation=No	Intonation=Rising	End=1191.904	_	_	_	_
726-0	BOR022	726	0	al~	al~	_	_	_	_	_	linguistic	_	ContainsVariation=No	Interrupted=Yes	Begin=1192.033	_	_	_	_
726-1	BOR022	726	1	c~	c~	_	_	_	_	_	linguistic	_	ContainsVariation=No	Interrupted=Yes	_	_	_	_	_
726-2	BOR022	726	2	allora	allora	_	_	_	_	_	linguistic	_	ContainsVariation=No	_	_	_	_	_	_
726-3	BOR022	726	3	ci	ci	_	_	_	_	_	linguistic	_	ContainsVariation=No	_	_	_	_	_	_
726-4	BOR022	726	4	sono	sono	_	_	_	_	_	linguistic	_	ContainsVariation=No	_	_	_	_	_	_
726-5	BOR022	726	5	dei	dei	_	_	_	_	_	linguistic	_	ContainsVariation=No	_	_	_	_	_	_
726-6	BOR022	726	6	posti	posti	_	_	_	_	_	linguistic	_	ContainsVariation=No	_	_	_	_	_	_
726-7	BOR022	726	7	in	in	_	_	_	_	_	linguistic	_	ContainsVariation=No	_	_	_	_	_	_
726-8	BOR022	726	8	cui	cui	_	_	_	_	_	linguistic	_	ContainsVariation=No	_	_	_	_	_	_
726-9	BOR022	726	9	è	è	_	_	_	_	_	linguistic	_	ContainsVariation=No	_	_	_	_	_	_
726-10	BOR022	726	10	bello,	bello	_	_	_	_	_	linguistic	_	ContainsVariation=No	Intonation=WeaklyRising	_	_	_	_	_
726-11	BOR022	726	11	però	però	_	_	_	_	_	linguistic	_	ContainsVariation=No	_	_	_	_	_	_
726-12	BOR022	726	12	non	non	_	_	_	_	_	linguistic	_	ContainsVariation=No	_	_	_	_	_	_
726-13	BOR022	726	13	a	a	_	_	_	_	_	linguistic	_	ContainsVariation=No	_	_	_	_	_	_
726-14	BOR022	726	14	civitan[ova]	civitanova	_	_	_	_	_	linguistic	_	ContainsVariation=No	_	_	_	_	_	7-10(272)
726-15	BOR022	726	15	((ride))	((ride))	_	_	_	_	_	nonverbalbehavior	_	ContainsVariation=No	_	End=1195.43	_	_	_	_
727-0	BOI078	727	0	[civitan]ova	civitanova	_	_	_	_	_	linguistic	_	ContainsVariation=No	_	Begin=1194.953	_	_	_	0-7(272)
727-1	BOI078	727	1	marche::	marche	_	_	_	_	_	linguistic	_	ContainsVariation=No	_	End=1196.438	5x2	_	_	_
728-0	BOI078	728	0	non	non	_	_	_	_	_	linguistic	_	ContainsVariation=No	_	Begin=1196.692	_	_	_	_
728-1	BOI078	728	1	è	è	_	_	_	_	_	linguistic	_	ContainsVariation=No	_	_	_	_	_	_
728-2	BOI078	728	2	un	un	_	_	_	_	_	linguistic	_	ContainsVariation=No	_	_	_	_	_	_
728-3	BOI078	728	3	granché	granché	_	_	_	_	_	linguistic	_	ContainsVariation=No	_	End=1197.414	_	_	_	_
729-0	BOI079	729	0	com'	com'	_	_	_	_	_	linguistic	_	ContainsVariation=No	SpaceAfter=No	Begin=1197.441	_	_	_	_
729-1	BOI079	729	1	è?	è	_	_	_	_	_	linguistic	_	ContainsVariation=No	Intonation=Rising	_	_	_	_	_
729-2	BOI079	729	2	che	che	_	_	_	_	_	linguistic	_	ContainsVariation=No	_	_	_	_	_	_
729-3	BOI079	729	3	si	si	_	_	_	_	_	linguistic	_	ContainsVariation=No	_	_	_	_	_	_
729-4	BOI079	729	4	[chiama]	chiama	_	_	_	_	_	linguistic	_	ContainsVariation=No	_	_	_	_	_	0-6(273)
729-5	BOI079	729	5	quel	quel	_	_	_	_	_	linguistic	_	ContainsVariation=No	_	_	_	_	_	_
729-6	BOI079	729	6	posto	posto	_	_	_	_	_	linguistic	_	ContainsVariation=No	_	_	_	_	_	_
729-7	BOI079	729	7	che	che	_	_	_	_	_	linguistic	_	ContainsVariation=No	_	_	_	_	_	_
729-8	BOI079	729	8	c'	c'	_	_	_	_	_	linguistic	_	ContainsVariation=No	SpaceAfter=No	_	_	_	_	_
729-9	BOI079	729	9	è	è	_	_	_	_	_	linguistic	_	ContainsVariation=No	_	_	_	_	_	_
729-10	BOI079	729	10	subito	subito	_	_	_	_	_	linguistic	_	ContainsVariation=No	_	_	_	_	_	_
729-11	BOI079	729	11	dopo:	dopo	_	_	_	_	_	linguistic	_	ContainsVariation=No	_	_	3x1	_	_	_
729-12	BOI079	729	12	l'	l'	_	_	_	_	_	linguistic	_	ContainsVariation=No	SpaceAfter=No	_	_	_	_	_
729-13	BOI079	729	13	emilia	emilia	_	_	_	_	_	linguistic	_	ContainsVariation=No	_	_	_	_	_	_
729-14	BOI079	729	14	romagn~	romagn~	_	_	_	_	_	linguistic	_	ContainsVariation=No	Interrupted=Yes	_	_	Fast=5-7(0)	_	_
729-15	BOI079	729	15	>cioè<	cioè	_	_	_	_	_	linguistic	_	ContainsVariation=No	_	_	_	Fast=0-2(0)	_	_
729-16	BOI079	729	16	subito:	subito	_	_	_	_	_	linguistic	_	ContainsVariation=No	PauseAfter=Yes	_	5x1	_	_	_
729-17	BOI079	729	17	(.)	(.)	_	_	_	_	_	shortpause	_	ContainsVariation=No	_	_	_	_	_	_
729-18	BOI079	729	18	[prima]	prima	_	_	_	_	_	linguistic	_	ContainsVariation=No	_	End=1201.323	_	_	_	0-3(274)
730-0	BOR022	730	0	[no]	no	_	_	_	_	_	linguistic	_	ContainsVariation=No	_	Begin=1197.765|End=1198.116	_	_	_	0-2(273)
731-0	BOI078	731	0	[toscana]	toscana	_	_	_	_	_	linguistic	_	ContainsVariation=No	_	Begin=1200.859|End=1201.514	_	_	_	0-7(274)
732-0	BOI079	732	0	no	no	_	_	_	_	_	linguistic	_	ContainsVariation=No	_	Begin=1201.953	_	_	_	_
732-1	BOI079	732	1	il	il	_	_	_	_	_	linguistic	_	ContainsVariation=No	_	_	_	_	_	_
732-2	BOI079	732	2	primo::	primo	_	_	_	_	_	linguistic	_	ContainsVariation=No	_	_	4x2	_	_	_
732-3	BOI079	732	3	lì	lì	_	_	_	_	_	linguistic	_	ContainsVariation=No	PauseAfter=Yes	_	_	_	_	_
732-4	BOI079	732	4	(.)	(.)	_	_	_	_	_	shortpause	_	ContainsVariation=No	_	_	_	_	_	_
732-5	BOI079	732	5	sulla	sulla	_	_	_	_	_	linguistic	_	ContainsVariation=No	_	_	_	_	_	_
732-6	BOI079	732	6	[costa	costa	_	_	_	_	_	linguistic	_	ContainsVariation=No	_	_	_	_	_	0-5(275)
732-7	BOI079	732	7	sulle	sulle	_	_	_	_	_	linguistic	_	ContainsVariation=No	_	_	_	_	_	0-5(275)
732-8	BOI079	732	8	mar]che	marche	_	_	_	_	_	linguistic	_	ContainsVariation=No	_	End=1204.597	_	_	_	0-3(275)
733-0	BOR022	733	0	[pesaro]?	pesaro	_	_	_	_	_	linguistic	_	ContainsVariation=No	Intonation=Rising	Begin=1203.67|End=1204.237	_	_	_	0-6(275)
734-0	BOI079	734	0	no	no	_	_	_	_	_	linguistic	_	ContainsVariation=No	_	Begin=1204.999|End=1205.178	_	_	_	_
735-0	BOR022	735	0	pe~	pe~	_	_	_	_	_	linguistic	_	ContainsVariation=No	Interrupted=Yes	Begin=1205.178|End=1205.308	_	_	_	_
736-0	BOI079	736	0	c(io)è	cioè	_	_	_	_	_	linguistic	_	ContainsVariation=No	Reduced=Yes|PauseAfter=Yes	Begin=1205.377	_	_	_	_
736-1	BOI079	736	1	(.)	(.)	_	_	_	_	_	shortpause	_	ContainsVariation=No	_	_	_	_	_	_
736-2	BOI079	736	2	s[ì	sì	_	_	_	_	_	linguistic	_	ContainsVariation=No	_	_	_	_	_	1-2(276)
736-3	BOI079	736	3	è	è	_	_	_	_	_	linguistic	_	ContainsVariation=No	_	_	_	_	_	0-1(276)
736-4	BOI079	736	4	vicino	vicino	_	_	_	_	_	linguistic	_	ContainsVariation=No	_	_	_	_	_	0-6(276)
736-5	BOI079	736	5	a]	a	_	_	_	_	_	linguistic	_	ContainsVariation=No	_	_	_	_	_	0-1(276)
736-6	BOI079	736	6	pesaro,	pesaro	_	_	_	_	_	linguistic	_	ContainsVariation=No	Intonation=WeaklyRising	_	_	_	_	_
736-7	BOI079	736	7	però	però	_	_	_	_	_	linguistic	_	ContainsVariation=No	_	_	_	_	_	_
736-8	BOI079	736	8	sul	sul	_	_	_	_	_	linguistic	_	ContainsVariation=No	_	_	_	_	_	_
736-9	BOI079	736	9	mare	mare	_	_	_	_	_	linguistic	_	ContainsVariation=No	_	_	_	_	_	_
736-10	BOI079	736	10	sì	sì	_	_	_	_	_	linguistic	_	ContainsVariation=No	_	_	_	_	_	_
736-11	BOI079	736	11	[>cioè<]	cioè	_	_	_	_	_	linguistic	_	ContainsVariation=No	_	End=1207.607	_	Fast=0-4(0)	_	0-4(455)
737-0	BOI078	737	0	[gradara]?	gradara	_	_	_	_	_	linguistic	_	ContainsVariation=No	Intonation=Rising	Begin=1205.806|End=1206.313	_	_	_	0-7(276)
738-0	BOR022	738	0	[eh]	eh	_	_	_	_	_	linguistic	_	ContainsVariation=No	_	Begin=1207.398	_	_	_	0-2(?)
738-1	BOR022	738	1	[non	non	_	_	_	_	_	linguistic	_	ContainsVariation=No	_	_	_	_	_	0-3(?)
738-2	BOR022	738	2	s]o	so	_	_	_	_	_	linguistic	_	ContainsVariation=No	_	End=1208.052	_	_	_	0-1(?)
739-0	BOI078	739	0	[fa][no]?	fano	_	_	_	_	_	linguistic	_	ContainsVariation=No	Intonation=Rising	Begin=1207.4|End=1207.866	_	_	_	2-4(?)
740-0	BOR020	740	0	x	x	_	_	_	_	_	unknown	_	ContainsVariation=No	Syllables=1	Begin=1208.215|End=1208.377	_	_	_	_
741-0	BOR020	741	0	°no°	no	_	_	_	_	_	linguistic	_	ContainsVariation=No	Volume=low	Begin=1208.819	_	_	_	_
741-1	BOR020	741	1	fa[no	fano	_	_	_	_	_	linguistic	_	ContainsVariation=No	_	_	_	_	_	2-4(277)
741-2	BOR020	741	2	è	è	_	_	_	_	_	linguistic	_	ContainsVariation=No	_	_	_	_	_	0-1(277)
741-3	BOR020	741	3	den]tr~	dentr~	_	_	_	_	_	linguistic	_	ContainsVariation=No	Interrupted=Yes	_	_	_	_	0-3(277)
741-4	BOR020	741	4	xx	xx	_	_	_	_	_	unknown	_	ContainsVariation=No	Syllables=2	_	_	_	_	_
741-5	BOR020	741	5	è	è	_	_	_	_	_	linguistic	_	ContainsVariation=No	_	_	_	_	_	_
741-6	BOR020	741	6	dentro	dentro	_	_	_	_	_	linguistic	_	ContainsVariation=No	_	_	_	_	_	_
741-7	BOR020	741	7	fa[no]	fano	_	_	_	_	_	linguistic	_	ContainsVariation=No	_	End=1210.751	_	_	_	2-4(278)
742-0	BOI079	742	0	[no:]	no	_	_	_	_	_	linguistic	_	ContainsVariation=No	_	Begin=1209.194|End=1209.576	1x1	_	_	0-2(277)
743-0	BOI079	743	0	[no]	no	_	_	_	_	_	linguistic	_	ContainsVariation=No	_	Begin=1210.597	_	_	_	0-2(278)
743-1	BOI079	743	1	fano	fano	_	_	_	_	_	linguistic	_	ContainsVariation=No	_	_	_	_	_	_
743-2	BOI079	743	2	[mi	mi	_	_	_	_	_	linguistic	_	ContainsVariation=No	_	_	_	_	_	0-2(279)
743-3	BOI079	743	3	sa	sa	_	_	_	_	_	linguistic	_	ContainsVariation=No	_	_	_	_	_	0-2(279)
743-4	BOI079	743	4	che	che	_	_	_	_	_	linguistic	_	ContainsVariation=No	_	_	_	_	_	0-3(279)
743-5	BOI079	743	5	è	è	_	_	_	_	_	linguistic	_	ContainsVariation=No	_	_	_	_	_	0-1(279)
743-6	BOI079	743	6	nell'	nell'	_	_	_	_	_	linguistic	_	ContainsVariation=No	SpaceAfter=No	_	_	_	_	0-5(279)
743-7	BOI079	743	7	in]terno	interno	_	_	_	_	_	linguistic	_	ContainsVariation=No	_	End=1212.009	_	_	_	0-2(279)
744-0	BOI078	744	0	[fano	fano	_	_	_	_	_	linguistic	_	ContainsVariation=No	_	Begin=1211.02	_	_	_	0-4(279)
744-1	BOI078	744	1	no]	no	_	_	_	_	_	linguistic	_	ContainsVariation=No	_	End=1211.598	_	_	_	0-2(279)
745-0	BOI079	745	0	eh	eh	_	_	_	_	_	linguistic	_	ContainsVariation=No	_	Begin=1212.708	_	_	_	_
745-1	BOI079	745	1	tipo:::	tipo	_	_	_	_	_	linguistic	_	ContainsVariation=No	_	End=1213.805	3x3	_	_	_
746-0	BOI079	746	0	[vabbè	vabbè	_	_	_	_	_	linguistic	_	ContainsVariation=No	_	Begin=1214.652	_	_	_	0-5(280)
746-1	BOI079	746	1	ades]so	adesso	_	_	_	_	_	linguistic	_	ContainsVariation=No	_	_	_	_	_	0-4(280)
746-2	BOI079	746	2	non	non	_	_	_	_	_	linguistic	_	ContainsVariation=No	_	_	_	_	_	_
746-3	BOI079	746	3	mi	mi	_	_	_	_	_	linguistic	_	ContainsVariation=No	_	_	_	_	_	_
746-4	BOI079	746	4	ricordo	ricordo	_	_	_	_	_	linguistic	_	ContainsVariation=No	_	End=1215.656	_	_	_	_
747-0	BOR022	747	0	[°m:h°]	mh	_	_	_	_	_	linguistic	_	ContainsVariation=No	Volume=low	Begin=1214.656|End=1215.0	0x1	_	_	0-2(280)
748-0	BOI079	748	0	x	x	_	_	_	_	_	unknown	_	ContainsVariation=No	Syllables=1	Begin=1216.324|End=1216.487	_	_	_	_
749-0	BOR022	749	0	boh	boh	_	_	_	_	_	linguistic	_	ContainsVariation=No	_	Begin=1216.864	_	_	_	_
749-1	BOR022	749	1	io	io	_	_	_	_	_	linguistic	_	ContainsVariation=No	_	_	_	_	_	_
749-2	BOR022	749	2	sono	sono	_	_	_	_	_	linguistic	_	ContainsVariation=No	_	_	_	_	_	_
749-3	BOR022	749	3	al	al	_	_	_	_	_	linguistic	_	ContainsVariation=No	_	_	_	_	_	_
749-4	BOR022	749	4	sud	sud	_	_	_	_	_	linguistic	_	ContainsVariation=No	_	_	_	_	_	_
749-5	BOR022	749	5	delle	delle	_	_	_	_	_	linguistic	_	ContainsVariation=No	_	_	_	_	_	_
749-6	BOR022	749	6	marche	marche	_	_	_	_	_	linguistic	_	ContainsVariation=No	_	_	_	_	_	_
749-7	BOR022	749	7	com[unque	comunque	_	_	_	_	_	linguistic	_	ContainsVariation=No	_	_	_	_	_	3-8(281)
749-8	BOR022	749	8	quin]di	quindi	_	_	_	_	_	linguistic	_	ContainsVariation=No	_	End=1218.96	_	_	_	0-4(281)
750-0	BOI079	750	0	[°ci	ci	_	_	_	_	_	linguistic	_	ContainsVariation=No	Volume=low	Begin=1218.466	_	_	_	0-2(281)
750-1	BOI079	750	1	sta°]	sta	_	_	_	_	_	linguistic	_	ContainsVariation=No	Volume=low	End=1218.846	_	_	_	0-3(281)
751-0	BOI079	751	0	gradara,	gradara	_	_	_	_	_	linguistic	_	ContainsVariation=No	Intonation=WeaklyRising	Begin=1219.665	_	_	_	_
751-1	BOI079	751	1	pesaro,	pesaro	_	_	_	_	_	linguistic	_	ContainsVariation=No	Intonation=WeaklyRising	_	_	_	_	_
751-2	BOI079	751	2	fano,	fano	_	_	_	_	_	linguistic	_	ContainsVariation=No	Intonation=WeaklyRising	End=1221.353	_	_	_	_
752-0	BOI078	752	0	e	e	_	_	_	_	_	linguistic	_	ContainsVariation=No	_	Begin=1221.353	_	_	_	_
752-1	BOI078	752	1	invece	invece	_	_	_	_	_	linguistic	_	ContainsVariation=No	_	_	_	_	_	_
752-2	BOI078	752	2	te	te	_	_	_	_	_	linguistic	_	ContainsVariation=No	_	_	_	_	_	_
752-3	BOI078	752	3	a	a	_	_	_	_	_	linguistic	_	ContainsVariation=No	_	_	_	_	_	_
752-4	BOI078	752	4	cervia	cervia	_	_	_	_	_	linguistic	_	ContainsVariation=No	_	_	_	_	_	_
752-5	BOI078	752	5	vai	vai	_	_	_	_	_	linguistic	_	ContainsVariation=No	_	_	_	_	_	_
752-6	BOI078	752	6	°alla	alla	_	_	_	_	_	linguistic	_	ContainsVariation=No	Volume=low	_	_	_	_	_
752-7	BOI078	752	7	fine°	fine	_	_	_	_	_	linguistic	_	ContainsVariation=No	Volume=low	End=1222.919	_	_	_	_
753-0	BOR020	753	0	e:h	eh	_	_	_	_	_	linguistic	_	ContainsVariation=No	_	Begin=1223.955	0x1	_	_	_
753-1	BOR020	753	1	sì:	sì	_	_	_	_	_	linguistic	_	ContainsVariation=No	_	_	1x1	_	_	_
753-2	BOR020	753	2	sì	sì	_	_	_	_	_	linguistic	_	ContainsVariation=No	_	_	_	_	_	_
753-3	BOR020	753	3	no	no	_	_	_	_	_	linguistic	_	ContainsVariation=No	_	_	_	_	_	_
753-4	BOR020	753	4	no	no	_	_	_	_	_	linguistic	_	ContainsVariation=No	_	_	_	_	_	_
753-5	BOR020	753	5	cervia:	cervia	_	_	_	_	_	linguistic	_	ContainsVariation=No	_	_	5x1	_	_	_
753-6	BOR020	753	6	per	per	_	_	_	_	_	linguistic	_	ContainsVariation=No	_	_	_	_	_	_
753-7	BOR020	753	7	me	me	_	_	_	_	_	linguistic	_	ContainsVariation=No	_	_	_	_	_	_
753-8	BOR020	753	8	è	è	_	_	_	_	_	linguistic	_	ContainsVariation=No	_	_	_	_	_	_
753-9	BOR020	753	9	bellissima	bellissima	_	_	_	_	_	linguistic	_	ContainsVariation=No	_	End=1226.629	_	_	_	_
754-0	BOR020	754	0	[C(IO)È]	cioè	_	_	_	_	_	linguistic	_	ContainsVariation=No	Reduced=Yes|Volume=high	Begin=1226.914|End=1227.24	_	_	_	0-4(282)
755-0	BOI078	755	0	[per	per	_	_	_	_	_	linguistic	_	ContainsVariation=No	_	Begin=1226.914	_	_	_	0-3(282)
755-1	BOI078	755	1	le	le	_	_	_	_	_	linguistic	_	ContainsVariation=No	_	_	_	_	_	0-2(282)
755-2	BOI078	755	2	sal]ine?	saline	_	_	_	_	_	linguistic	_	ContainsVariation=No	Intonation=Rising	End=1227.58	_	_	_	0-3(282)
756-0	BOR020	756	0	poi	poi	_	_	_	_	_	linguistic	_	ContainsVariation=No	PauseAfter=Yes	Begin=1227.841	_	_	_	_
756-1	BOR020	756	1	(.)	(.)	_	_	_	_	_	shortpause	_	ContainsVariation=No	_	_	_	_	_	_
756-2	BOR020	756	2	sì	sì	_	_	_	_	_	linguistic	_	ContainsVariation=No	_	_	_	_	_	_
756-3	BOR020	756	3	alle	alle	_	_	_	_	_	linguistic	_	ContainsVariation=No	_	_	_	_	_	_
756-4	BOR020	756	4	saline	saline	_	_	_	_	_	linguistic	_	ContainsVariation=No	_	End=1229.027	_	_	_	_
757-0	BOR020	757	0	no	no	_	_	_	_	_	linguistic	_	ContainsVariation=No	_	Begin=1229.692	_	_	_	_
757-1	BOR020	757	1	dai	dai	_	_	_	_	_	linguistic	_	ContainsVariation=No	_	_	_	_	_	_
757-2	BOR020	757	2	è	è	_	_	_	_	_	linguistic	_	ContainsVariation=No	_	_	_	_	_	_
757-3	BOR020	757	3	bello,	bello	_	_	_	_	_	linguistic	_	ContainsVariation=No	Intonation=WeaklyRising	End=1230.904	_	_	_	_
758-0	BOR020	758	0	>cioè<	cioè	_	_	_	_	_	linguistic	_	ContainsVariation=No	_	Begin=1231.113	_	Fast=0-4(0)	_	_
758-1	BOR020	758	1	poi	poi	_	_	_	_	_	linguistic	_	ContainsVariation=No	_	_	_	_	_	_
758-2	BOR020	758	2	mi	mi	_	_	_	_	_	linguistic	_	ContainsVariation=No	_	_	_	_	_	_
758-3	BOR020	758	3	piace	piace	_	_	_	_	_	linguistic	_	ContainsVariation=No	_	_	_	_	_	_
758-4	BOR020	758	4	in	in	_	_	_	_	_	linguistic	_	ContainsVariation=No	_	_	_	_	_	_
758-5	BOR020	758	5	realtà	realtà	_	_	_	_	_	linguistic	_	ContainsVariation=No	_	_	_	_	_	_
758-6	BOR020	758	6	a	a	_	_	_	_	_	linguistic	_	ContainsVariation=No	_	_	_	_	_	_
758-7	BOR020	758	7	me	me	_	_	_	_	_	linguistic	_	ContainsVariation=No	_	_	_	_	_	_
758-8	BOR020	758	8	il	il	_	_	_	_	_	linguistic	_	ContainsVariation=No	_	_	_	_	_	_
758-9	BOR020	758	9	vibe	vibe	_	_	_	_	_	linguistic	_	ContainsVariation=No	_	_	_	_	_	_
758-10	BOR020	758	10	della:	della	_	_	_	_	_	linguistic	_	ContainsVariation=No	_	_	4x1	_	_	_
758-11	BOR020	758	11	riviera	riviera	_	_	_	_	_	linguistic	_	ContainsVariation=No	_	_	_	_	_	_
758-12	BOR020	758	12	romagnola	romagnola	_	_	_	_	_	linguistic	_	ContainsVariation=No	_	_	_	_	_	_
758-13	BOR020	758	13	cioè	cioè	_	_	_	_	_	linguistic	_	ContainsVariation=No	_	_	_	_	_	_
758-14	BOR020	758	14	un	un	_	_	_	_	_	linguistic	_	ContainsVariation=No	_	_	_	_	_	_
758-15	BOR020	758	15	po':	po'	_	_	_	_	_	linguistic	_	ContainsVariation=No	_	End=1235.028	1x1	_	_	_
759-0	BOI079	759	0	ma	ma	_	_	_	_	_	linguistic	_	ContainsVariation=No	_	Begin=1235.158	_	_	_	_
759-1	BOI079	759	1	sì	sì	_	_	_	_	_	linguistic	_	ContainsVariation=No	_	_	_	_	_	_
759-2	BOI079	759	2	alla	alla	_	_	_	_	_	linguistic	_	ContainsVariation=No	_	_	_	_	_	_
759-3	BOI079	759	3	fine:::	fine	_	_	_	_	_	linguistic	_	ContainsVariation=No	_	End=1236.805	3x3	_	_	_
760-0	BOI079	760	0	c(io)è:	cioè	_	_	_	_	_	linguistic	_	ContainsVariation=No	Reduced=Yes	Begin=1237.91|End=1238.245	3x1	_	_	_
761-0	BOI079	761	0	boh	boh	_	_	_	_	_	linguistic	_	ContainsVariation=No	_	Begin=1239.493	_	_	_	_
761-1	BOI079	761	1	io	io	_	_	_	_	_	linguistic	_	ContainsVariation=No	_	_	_	_	_	_
761-2	BOI079	761	2	>cioè<	cioè	_	_	_	_	_	linguistic	_	ContainsVariation=No	_	_	_	Fast=0-4(0)	_	_
761-3	BOI079	761	3	s~	s~	_	_	_	_	_	linguistic	_	ContainsVariation=No	Interrupted=Yes	End=1240.358	_	_	_	_
762-0	BOI079	762	0	°abbiam	abbiam	_	_	_	_	_	linguistic	_	ContainsVariation=No	Volume=low	Begin=1240.633	_	_	_	_
762-1	BOI079	762	1	fatto:	fatto	_	_	_	_	_	linguistic	_	ContainsVariation=No	PauseAfter=Yes|Volume=low	_	4x1	_	_	_
762-2	BOI079	762	2	(.)	(.)	_	_	_	_	_	shortpause	_	ContainsVariation=No	_	_	_	_	_	_
762-3	BOI079	762	3	cioè	cioè	_	_	_	_	_	linguistic	_	ContainsVariation=No	Volume=low	_	_	_	_	_
762-4	BOI079	762	4	io	io	_	_	_	_	_	linguistic	_	ContainsVariation=No	Volume=low	_	_	_	_	_
762-5	BOI079	762	5	ho	ho	_	_	_	_	_	linguistic	_	ContainsVariation=No	Volume=low	_	_	_	_	_
762-6	BOI079	762	6	f~	f~	_	_	_	_	_	linguistic	_	ContainsVariation=No	Interrupted=Yes|Volume=low	_	_	_	_	_
762-7	BOI079	762	7	passato°	passato	_	_	_	_	_	linguistic	_	ContainsVariation=No	Volume=low	_	_	_	_	_
762-8	BOI079	762	8	l'	l'	_	_	_	_	_	linguistic	_	ContainsVariation=No	SpaceAfter=No	_	_	_	_	_
762-9	BOI079	762	9	infanzia	infanzia	_	_	_	_	_	linguistic	_	ContainsVariation=No	_	_	_	_	_	_
762-10	BOI079	762	10	lì	lì	_	_	_	_	_	linguistic	_	ContainsVariation=No	_	_	_	_	_	_
762-11	BOI079	762	11	quindi	quindi	_	_	_	_	_	linguistic	_	ContainsVariation=No	_	_	_	_	_	_
762-12	BOI079	762	12	non	non	_	_	_	_	_	linguistic	_	ContainsVariation=No	_	_	_	_	_	_
762-13	BOI079	762	13	posso	posso	_	_	_	_	_	linguistic	_	ContainsVariation=No	_	_	_	_	_	_
762-14	BOI079	762	14	non	non	_	_	_	_	_	linguistic	_	ContainsVariation=No	_	_	_	_	_	_
762-15	BOI079	762	15	esserci	esserci	_	_	_	_	_	linguistic	_	ContainsVariation=No	_	_	_	_	_	_
762-16	BOI079	762	16	affeziona(to)	affezionato	_	_	_	_	_	linguistic	_	ContainsVariation=No	_	End=1244.624	_	_	8-11(0)	_
763-0	BOI078	763	0	dove?	dove	_	_	_	_	_	linguistic	_	ContainsVariation=No	Intonation=Rising	Begin=1244.718|End=1244.999	_	_	_	_
764-0	BOI079	764	0	ma	ma	_	_	_	_	_	linguistic	_	ContainsVariation=No	_	Begin=1245.69	_	_	_	_
764-1	BOI079	764	1	io	io	_	_	_	_	_	linguistic	_	ContainsVariation=No	_	_	_	_	_	_
764-2	BOI079	764	2	andavo	andavo	_	_	_	_	_	linguistic	_	ContainsVariation=No	_	_	_	_	_	_
764-3	BOI079	764	3	spesso	spesso	_	_	_	_	_	linguistic	_	ContainsVariation=No	_	_	_	_	_	_
764-4	BOI079	764	4	a	a	_	_	_	_	_	linguistic	_	ContainsVariation=No	_	_	_	_	_	_
764-5	BOI079	764	5	rimini,	rimini	_	_	_	_	_	linguistic	_	ContainsVariation=No	Intonation=WeaklyRising	End=1247.287	_	_	_	_
765-0	BOI078	765	0	ah	ah	_	_	_	_	_	linguistic	_	ContainsVariation=No	_	Begin=1247.418	_	_	_	_
765-1	BOI078	765	1	me	me	_	_	_	_	_	linguistic	_	ContainsVariation=No	_	_	_	_	_	_
765-2	BOI078	765	2	l'	l'	_	_	_	_	_	linguistic	_	ContainsVariation=No	SpaceAfter=No	_	_	_	_	_
765-3	BOI078	765	3	hai	hai	_	_	_	_	_	linguistic	_	ContainsVariation=No	_	_	_	_	_	_
765-4	BOI078	765	4	già	già	_	_	_	_	_	linguistic	_	ContainsVariation=No	_	_	_	_	_	_
765-5	BOI078	765	5	detto	detto	_	_	_	_	_	linguistic	_	ContainsVariation=No	_	End=1248.144	_	_	_	_
766-0	BOI079	766	0	qualche	qualche	_	_	_	_	_	linguistic	_	ContainsVariation=No	_	Begin=1248.157	_	_	_	_
766-1	BOI079	766	1	volta	volta	_	_	_	_	_	linguistic	_	ContainsVariation=No	_	_	_	_	_	_
766-2	BOI079	766	2	cervia,	cervia	_	_	_	_	_	linguistic	_	ContainsVariation=No	Intonation=WeaklyRising	End=1249.79	_	_	_	_
767-0	BOI079	767	0	e:::	e	_	_	_	_	_	linguistic	_	ContainsVariation=No	PauseAfter=Yes	Begin=1249.918	0x3	_	_	_
767-1	BOI079	767	1	(.)	(.)	_	_	_	_	_	shortpause	_	ContainsVariation=No	_	_	_	_	_	_
767-2	BOI079	767	2	basta	basta	_	_	_	_	_	linguistic	_	ContainsVariation=No	_	_	_	_	_	_
767-3	BOI079	767	3	no	no	_	_	_	_	_	linguistic	_	ContainsVariation=No	_	_	_	_	_	_
767-4	BOI079	767	4	°questo°	questo	_	_	_	_	_	linguistic	_	ContainsVariation=No	Volume=low	End=1252.696	_	_	_	_
768-0	BOI079	768	0	rimini	rimini	_	_	_	_	_	linguistic	_	ContainsVariation=No	_	Begin=1252.906	_	_	_	_
768-1	BOI079	768	1	soprattutto	soprattutto	_	_	_	_	_	linguistic	_	ContainsVariation=No	_	End=1254.081	_	_	_	_
769-0	BOI079	769	0	ah	ah	_	_	_	_	_	linguistic	_	ContainsVariation=No	_	Begin=1254.309	_	_	_	_
769-1	BOI079	769	1	anche	anche	_	_	_	_	_	linguistic	_	ContainsVariation=No	_	_	_	_	_	_
769-2	BOI079	769	2	vicino	vicino	_	_	_	_	_	linguistic	_	ContainsVariation=No	_	_	_	_	_	_
769-3	BOI079	769	3	a	a	_	_	_	_	_	linguistic	_	ContainsVariation=No	_	_	_	_	_	_
769-4	BOI079	769	4	ravenna	ravenna	_	_	_	_	_	linguistic	_	ContainsVariation=No	PauseAfter=Yes	_	_	_	_	_
769-5	BOI079	769	5	(.)	(.)	_	_	_	_	_	shortpause	_	ContainsVariation=No	_	_	_	_	_	_
769-6	BOI079	769	6	>tipo<	tipo	_	_	_	_	_	linguistic	_	ContainsVariation=No	_	_	_	Fast=0-4(0)	_	_
769-7	BOI079	769	7	marina	marina	_	_	_	_	_	linguistic	_	ContainsVariation=No	_	_	_	_	_	_
769-8	BOI079	769	8	di	di	_	_	_	_	_	linguistic	_	ContainsVariation=No	_	_	_	_	_	_
769-9	BOI079	769	9	ravenna	ravenna	_	_	_	_	_	linguistic	_	ContainsVariation=No	_	End=1256.491	_	_	_	_
770-0	BOR020	770	0	no	no	_	_	_	_	_	linguistic	_	ContainsVariation=No	_	Begin=1257.326	_	_	_	_
770-1	BOR020	770	1	però	però	_	_	_	_	_	linguistic	_	ContainsVariation=No	_	_	_	_	_	_
770-2	BOR020	770	2	per	per	_	_	_	_	_	linguistic	_	ContainsVariation=No	_	_	_	_	_	_
770-3	BOR020	770	3	me	me	_	_	_	_	_	linguistic	_	ContainsVariation=No	_	_	_	_	_	_
770-4	BOR020	770	4	è	è	_	_	_	_	_	linguistic	_	ContainsVariation=No	_	_	_	_	_	_
770-5	BOR020	770	5	bello	bello	_	_	_	_	_	linguistic	_	ContainsVariation=No	_	_	_	_	_	_
770-6	BOR020	770	6	perché:	perché	_	_	_	_	_	linguistic	_	ContainsVariation=No	_	_	5x1	_	_	_
770-7	BOR020	770	7	fa::	fa	_	_	_	_	_	linguistic	_	ContainsVariation=No	_	End=1259.724	1x2	_	_	_
771-0	BOR020	771	0	un	un	_	_	_	_	_	linguistic	_	ContainsVariation=No	_	Begin=1260.198	_	_	_	_
771-1	BOR020	771	1	po'	po'	_	_	_	_	_	linguistic	_	ContainsVariation=No	_	_	_	_	_	_
771-2	BOR020	771	2	anni	anni	_	_	_	_	_	linguistic	_	ContainsVariation=No	_	_	_	_	_	_
771-3	BOR020	771	3	cinquanta	cinquanta	_	_	_	_	_	linguistic	_	ContainsVariation=No	_	_	_	_	_	_
771-4	BOR020	771	4	tipo:	tipo	_	_	_	_	_	linguistic	_	ContainsVariation=No	PauseAfter=Yes	_	3x1	_	_	_
771-5	BOR020	771	5	(.)	(.)	_	_	_	_	_	shortpause	_	ContainsVariation=No	_	_	_	_	_	_
771-6	BOR020	771	6	[molto	molto	_	_	_	_	_	linguistic	_	ContainsVariation=No	_	_	_	_	_	0-5(283)
771-7	BOR020	771	7	tutto	tutto	_	_	_	_	_	linguistic	_	ContainsVariation=No	_	_	_	_	_	0-5(283)
771-8	BOR020	771	8	mol]to	molto	_	_	_	_	_	linguistic	_	ContainsVariation=No	_	_	_	_	_	0-3(283)
771-9	BOR020	771	9	ve~	ve~	_	_	_	_	_	linguistic	_	ContainsVariation=No	Interrupted=Yes	End=1263.801	_	_	_	_
772-0	BOI079	772	0	[sì:	sì	_	_	_	_	_	linguistic	_	ContainsVariation=No	_	Begin=1262.194	1x1	_	_	0-2(283)
772-1	BOI079	772	1	adesso]	adesso	_	_	_	_	_	linguistic	_	ContainsVariation=No	_	End=1263.298	_	_	_	0-6(283)
773-0	BOR020	773	0	C(IO)È	cioè	_	_	_	_	_	linguistic	_	ContainsVariation=No	Reduced=Yes|PauseAfter=Yes|Volume=high	Begin=1264.063	_	_	_	_
773-1	BOR020	773	1	(.)	(.)	_	_	_	_	_	shortpause	_	ContainsVariation=No	_	_	_	_	_	_
773-2	BOR020	773	2	non	non	_	_	_	_	_	linguistic	_	ContainsVariation=No	_	_	_	_	_	_
773-3	BOR020	773	3	vecchio	vecchio	_	_	_	_	_	linguistic	_	ContainsVariation=No	_	End=1265.398	_	_	_	_
774-0	BOR020	774	0	perché	perché	_	_	_	_	_	linguistic	_	ContainsVariation=No	_	Begin=1265.57	_	_	_	_
774-1	BOR020	774	1	adesso	adesso	_	_	_	_	_	linguistic	_	ContainsVariation=No	_	_	_	_	_	_
774-2	BOR020	774	2	si	si	_	_	_	_	_	linguistic	_	ContainsVariation=No	_	_	_	_	_	_
774-3	BOR020	774	3	sta	sta	_	_	_	_	_	linguistic	_	ContainsVariation=No	_	_	_	_	_	_
774-4	BOR020	774	4	molto	molto	_	_	_	_	_	linguistic	_	ContainsVariation=No	_	_	_	_	_	_
774-5	BOR020	774	5	modernizzan[do.	modernizzando	_	_	_	_	_	linguistic	_	ContainsVariation=No	Intonation=Falling	_	_	_	_	11-13(285)
774-6	BOR020	774	6	molto	molto	_	_	_	_	_	linguistic	_	ContainsVariation=No	_	_	_	_	_	0-5(285)
774-7	BOR020	774	7	da	da	_	_	_	_	_	linguistic	_	ContainsVariation=No	_	_	_	_	_	0-2(285)
774-8	BOR020	774	8	giovani	giovani	_	_	_	_	_	linguistic	_	ContainsVariation=No	_	_	_	_	_	0-7(285)
774-9	BOR020	774	9	molt~]	molt~	_	_	_	_	_	linguistic	_	ContainsVariation=No	Interrupted=Yes	_	_	_	_	0-5(285)
774-10	BOR020	774	10	anche	anche	_	_	_	_	_	linguistic	_	ContainsVariation=No	_	_	_	_	_	_
774-11	BOR020	774	11	un	un	_	_	_	_	_	linguistic	_	ContainsVariation=No	_	_	_	_	_	_
774-12	BOR020	774	12	po'	po'	_	_	_	_	_	linguistic	_	ContainsVariation=No	_	_	_	_	_	_
774-13	BOR020	774	13	chic	chic	_	_	_	_	_	linguistic	_	ContainsVariation=No	_	_	_	_	_	_
774-14	BOR020	774	14	per	per	_	_	_	_	_	linguistic	_	ContainsVariation=No	_	_	_	_	_	_
774-15	BOR020	774	15	i	i	_	_	_	_	_	linguistic	_	ContainsVariation=No	_	_	_	_	_	_
774-16	BOR020	774	16	miei	miei	_	_	_	_	_	linguistic	_	ContainsVariation=No	_	_	_	_	_	_
774-17	BOR020	774	17	gust[i:]	gusti	_	_	_	_	_	linguistic	_	ContainsVariation=No	_	End=1270.476	4x1	_	_	4-5(284)
775-0	BOI079	775	0	[EH	eh	_	_	_	_	_	linguistic	_	ContainsVariation=No	Volume=high	Begin=1267.162	_	_	_	0-2(285)
775-1	BOI079	775	1	sì:	sì	_	_	_	_	_	linguistic	_	ContainsVariation=No	_	_	1x1	_	_	0-2(285)
775-2	BOI079	775	2	un	un	_	_	_	_	_	linguistic	_	ContainsVariation=No	_	_	_	_	_	0-2(285)
775-3	BOI079	775	3	po:']	po'	_	_	_	_	_	linguistic	_	ContainsVariation=No	_	End=1268.646	1x1	_	_	0-3(285)
776-0	BOI079	776	0	[s]ì	sì	_	_	_	_	_	linguistic	_	ContainsVariation=No	_	Begin=1270.387	_	_	_	0-1(284)
776-1	BOI079	776	1	un	un	_	_	_	_	_	linguistic	_	ContainsVariation=No	_	_	_	_	_	_
776-2	BOI079	776	2	p[o']	po'	_	_	_	_	_	linguistic	_	ContainsVariation=No	_	End=1271.351	_	_	_	1-3(286)
777-0	BOR020	777	0	[C(IO)È]	cioè	_	_	_	_	_	linguistic	_	ContainsVariation=No	Reduced=Yes|Volume=high	Begin=1271.008	_	_	_	0-4(286)
777-1	BOR020	777	1	m:h	mh	_	_	_	_	_	linguistic	_	ContainsVariation=No	_	_	0x1	_	_	_
777-2	BOR020	777	2	non	non	_	_	_	_	_	linguistic	_	ContainsVariation=No	_	_	_	_	_	_
777-3	BOR020	777	3	chic	chic	_	_	_	_	_	linguistic	_	ContainsVariation=No	_	_	_	_	_	_
777-4	BOR020	777	4	perché	perché	_	_	_	_	_	linguistic	_	ContainsVariation=No	_	_	_	_	_	_
777-5	BOR020	777	5	non	non	_	_	_	_	_	linguistic	_	ContainsVariation=No	_	_	_	_	_	_
777-6	BOR020	777	6	sarà	sarà	_	_	_	_	_	linguistic	_	ContainsVariation=No	_	_	_	_	_	_
777-7	BOR020	777	7	mai	mai	_	_	_	_	_	linguistic	_	ContainsVariation=No	_	_	_	_	_	_
777-8	BOR020	777	8	chi[c]	chic	_	_	_	_	_	linguistic	_	ContainsVariation=No	_	End=1272.905	_	_	_	3-4(287)
778-0	BOI079	778	0	[NO:	no	_	_	_	_	_	linguistic	_	ContainsVariation=No	Volume=high	Begin=1272.812	1x1	_	_	0-2(288)
778-1	BOI079	778	1	no	no	_	_	_	_	_	linguistic	_	ContainsVariation=No	_	_	_	_	_	0-2(288)
778-2	BOI079	778	2	xx]x	xxx	_	_	_	_	_	unknown	_	ContainsVariation=No	Syllables=3	_	_	_	_	0-2(288)
778-3	BOI079	778	3	[sì	sì	_	_	_	_	_	linguistic	_	ContainsVariation=No	_	_	_	_	_	0-2(289)
778-4	BOI079	778	4	sì]	sì	_	_	_	_	_	linguistic	_	ContainsVariation=No	_	End=1274.582	_	_	_	0-2(289)
779-0	BOR020	779	0	[COMUNQUE]	comunque	_	_	_	_	_	linguistic	_	ContainsVariation=No	Volume=high	Begin=1273.137|End=1273.859	_	_	_	0-8(288)
780-0	BOR020	780	0	[un	un	_	_	_	_	_	linguistic	_	ContainsVariation=No	_	Begin=1274.21	_	_	_	0-2(289)
780-1	BOR020	780	1	po'	po'	_	_	_	_	_	linguistic	_	ContainsVariation=No	_	_	_	_	_	0-3(289)
780-2	BOR020	780	2	t]irato	tirato	_	_	_	_	_	linguistic	_	ContainsVariation=No	PauseAfter=Yes	_	_	_	_	0-1(289)
780-3	BOR020	780	3	(.)	(.)	_	_	_	_	_	shortpause	_	ContainsVariation=No	_	_	_	_	_	_
780-4	BOR020	780	4	ecco	ecco	_	_	_	_	_	linguistic	_	ContainsVariation=No	_	End=1275.775	_	_	_	_
781-0	BOI079	781	0	[sì	sì	_	_	_	_	_	linguistic	_	ContainsVariation=No	_	Begin=1276.031	_	_	_	0-2(290)
781-1	BOI079	781	1	sì]	sì	_	_	_	_	_	linguistic	_	ContainsVariation=No	_	End=1276.382	_	_	_	0-2(290)
782-0	BOR020	782	0	[anche	anche	_	_	_	_	_	linguistic	_	ContainsVariation=No	_	Begin=1276.031	_	_	_	0-5(290)
782-1	BOR020	782	1	ri]mini	rimini	_	_	_	_	_	linguistic	_	ContainsVariation=No	_	_	_	_	_	0-2(290)
782-2	BOR020	782	2	tipo	tipo	_	_	_	_	_	linguistic	_	ContainsVariation=No	_	_	_	_	_	_
782-3	BOR020	782	3	son	son	_	_	_	_	_	linguistic	_	ContainsVariation=No	_	_	_	_	_	_
782-4	BOR020	782	4	stata	stata	_	_	_	_	_	linguistic	_	ContainsVariation=No	_	_	_	_	_	_
782-5	BOR020	782	5	quest'	quest'	_	_	_	_	_	linguistic	_	ContainsVariation=No	SpaceAfter=No	_	_	_	_	_
782-6	BOR020	782	6	estate	estate	_	_	_	_	_	linguistic	_	ContainsVariation=No	_	_	_	_	_	_
782-7	BOR020	782	7	a	a	_	_	_	_	_	linguistic	_	ContainsVariation=No	_	_	_	_	_	_
782-8	BOR020	782	8	ve[dere	vedere	_	_	_	_	_	linguistic	_	ContainsVariation=No	PauseAfter=Yes	_	_	_	_	1-6(291)
782-9	BOR020	782	9	(.)	(.)	_	_	_	_	_	shortpause	_	ContainsVariation=No	_	_	_	_	_	X(291)
782-10	BOR020	782	10	un	un	_	_	_	_	_	linguistic	_	ContainsVariation=No	_	_	_	_	_	0-2(291)
782-11	BOR020	782	11	concerto]	concerto	_	_	_	_	_	linguistic	_	ContainsVariation=No	_	End=1279.283	_	_	_	0-8(291)
783-0	BOI079	783	0	[ma	ma	_	_	_	_	_	linguistic	_	ContainsVariation=No	_	Begin=1278.094	_	_	_	0-2(291)
783-1	BOI079	783	1	ehm	ehm	_	_	_	_	_	linguistic	_	ContainsVariation=No	_	_	_	_	_	0-3(291)
783-2	BOI079	783	2	(io)	io	_	_	_	_	_	linguistic	_	ContainsVariation=No	_	_	_	_	0-2(0)	0-2(291)
783-3	BOI079	783	3	non	non	_	_	_	_	_	linguistic	_	ContainsVariation=No	_	_	_	_	_	0-3(291)
783-4	BOI079	783	4	ci	ci	_	_	_	_	_	linguistic	_	ContainsVariation=No	_	_	_	_	_	0-2(291)
783-5	BOI079	783	5	vado	vado	_	_	_	_	_	linguistic	_	ContainsVariation=No	_	_	_	_	_	0-4(291)
783-6	BOI079	783	6	da	da	_	_	_	_	_	linguistic	_	ContainsVariation=No	_	_	_	_	_	0-2(291)
783-7	BOI079	783	7	un	un	_	_	_	_	_	linguistic	_	ContainsVariation=No	_	_	_	_	_	0-2(291)
783-8	BOI079	783	8	p]o'	po'	_	_	_	_	_	linguistic	_	ContainsVariation=No	_	End=1279.533	_	_	_	0-1(291)
784-0	BOR020	784	0	c(io)è	cioè	_	_	_	_	_	linguistic	_	ContainsVariation=No	Reduced=Yes	Begin=1280.962	_	_	_	_
784-1	BOR020	784	1	s~	s~	_	_	_	_	_	linguistic	_	ContainsVariation=No	Interrupted=Yes	_	_	_	_	_
784-2	BOR020	784	2	è	è	_	_	_	_	_	linguistic	_	ContainsVariation=No	_	_	_	_	_	_
784-3	BOR020	784	3	tutta	tutta	_	_	_	_	_	linguistic	_	ContainsVariation=No	_	_	_	_	_	_
784-4	BOR020	784	4	mod~	mod~	_	_	_	_	_	linguistic	_	ContainsVariation=No	Interrupted=Yes	_	_	_	_	_
784-5	BOR020	784	5	moderna	moderna	_	_	_	_	_	linguistic	_	ContainsVariation=No	_	End=1282.675	_	_	_	_
785-0	BOI079	785	0	>secondo	secondo	_	_	_	_	_	linguistic	_	ContainsVariation=No	_	Begin=1282.952	_	Fast=0-7(0)	_	_
785-1	BOI079	785	1	me<	me	_	_	_	_	_	linguistic	_	ContainsVariation=No	_	_	_	Fast=0-2(0)	_	_
785-2	BOI079	785	2	è	è	_	_	_	_	_	linguistic	_	ContainsVariation=No	_	_	_	_	_	_
785-3	BOI079	785	3	più	più	_	_	_	_	_	linguistic	_	ContainsVariation=No	_	_	_	_	_	_
785-4	BOI079	785	4	bello	bello	_	_	_	_	_	linguistic	_	ContainsVariation=No	_	_	_	_	_	_
785-5	BOI079	785	5	proprio	proprio	_	_	_	_	_	linguistic	_	ContainsVariation=No	_	_	_	_	_	_
785-6	BOI079	785	6	quando	quando	_	_	_	_	_	linguistic	_	ContainsVariation=No	_	_	_	_	_	_
785-7	BOI079	785	7	sei	sei	_	_	_	_	_	linguistic	_	ContainsVariation=No	_	_	_	_	_	_
785-8	BOI079	785	8	piccolo	piccolo	_	_	_	_	_	linguistic	_	ContainsVariation=No	_	_	_	_	_	_
785-9	BOI079	785	9	che:	che	_	_	_	_	_	linguistic	_	ContainsVariation=No	_	_	2x1	_	_	_
785-10	BOI079	785	10	ci	ci	_	_	_	_	_	linguistic	_	ContainsVariation=No	_	_	_	_	_	_
785-11	BOI079	785	11	sono	sono	_	_	_	_	_	linguistic	_	ContainsVariation=No	_	_	_	_	_	_
785-12	BOI079	785	12	un	un	_	_	_	_	_	linguistic	_	ContainsVariation=No	_	_	_	_	_	_
785-13	BOI079	785	13	sacco	sacco	_	_	_	_	_	linguistic	_	ContainsVariation=No	_	_	_	_	_	_
785-14	BOI079	785	14	di	di	_	_	_	_	_	linguistic	_	ContainsVariation=No	_	_	_	_	_	_
785-15	BOI079	785	15	cose	cose	_	_	_	_	_	linguistic	_	ContainsVariation=No	_	_	_	_	_	_
785-16	BOI079	785	16	da	da	_	_	_	_	_	linguistic	_	ContainsVariation=No	_	_	_	_	_	_
785-17	BOI079	785	17	fare:	fare	_	_	_	_	_	linguistic	_	ContainsVariation=No	_	_	3x1	_	_	_
785-18	BOI079	785	18	c(io)è:::	cioè	_	_	_	_	_	linguistic	_	ContainsVariation=No	Reduced=Yes	End=1287.088	3x3	_	_	_
786-0	BOR020	786	0	boh	boh	_	_	_	_	_	linguistic	_	ContainsVariation=No	_	Begin=1287.204	_	_	_	_
786-1	BOR020	786	1	stai	stai	_	_	_	_	_	linguistic	_	ContainsVariation=No	_	_	_	_	_	_
786-2	BOR020	786	2	al	al	_	_	_	_	_	linguistic	_	ContainsVariation=No	_	_	_	_	_	_
786-3	BOR020	786	3	m[are	mare	_	_	_	_	_	linguistic	_	ContainsVariation=No	_	_	_	_	_	1-4(292)
786-4	BOR020	786	4	t~]	t~	_	_	_	_	_	linguistic	_	ContainsVariation=No	Interrupted=Yes	End=1288.115	_	_	_	0-2(292)
787-0	BOI079	787	0	[il	il	_	_	_	_	_	linguistic	_	ContainsVariation=No	_	Begin=1287.772	_	_	_	0-2(293)
787-1	BOI079	787	1	luna	luna	_	_	_	_	_	linguistic	_	ContainsVariation=No	_	_	_	_	_	0-4(293)
787-2	BOI079	787	2	par]k,	park	_	_	_	_	_	linguistic	_	ContainsVariation=No	Intonation=WeaklyRising	_	_	_	_	0-3(293)
787-3	BOI079	787	3	c'	c'	_	_	_	_	_	linguistic	_	ContainsVariation=No	SpaceAfter=No	_	_	_	_	_
787-4	BOI079	787	4	è	è	_	_	_	_	_	linguistic	_	ContainsVariation=No	_	_	_	_	_	_
787-5	BOI079	787	5	il	il	_	_	_	_	_	linguistic	_	ContainsVariation=No	_	_	_	_	_	_
787-6	BOI079	787	6	mare:,	mare	_	_	_	_	_	linguistic	_	ContainsVariation=No	Intonation=WeaklyRising	_	3x1	_	_	_
787-7	BOI079	787	7	le	le	_	_	_	_	_	linguistic	_	ContainsVariation=No	_	_	_	_	_	_
787-8	BOI079	787	8	bocce,	bocce	_	_	_	_	_	linguistic	_	ContainsVariation=No	Intonation=WeaklyRising	_	_	_	_	_
787-9	BOI079	787	9	non	non	_	_	_	_	_	linguistic	_	ContainsVariation=No	_	_	_	_	_	_
787-10	BOI079	787	10	lo	lo	_	_	_	_	_	linguistic	_	ContainsVariation=No	_	_	_	_	_	_
787-11	BOI079	787	11	so	so	_	_	_	_	_	linguistic	_	ContainsVariation=No	_	_	_	_	_	_
787-12	BOI079	787	12	((ride))	((ride))	_	_	_	_	_	nonverbalbehavior	_	ContainsVariation=No	_	End=1291.445	_	_	_	_
788-0	BOR022	788	0	[(eh	eh	_	_	_	_	_	linguistic	_	ContainsVariation=No	_	Begin=1288.147	_	_	0-2(0)	0-2(293)
788-1	BOR022	788	1	sì)]	sì	_	_	_	_	_	linguistic	_	ContainsVariation=No	_	End=1288.581	_	_	0-2(0)	0-2(293)
789-0	BOR022	789	0	luoghi	luoghi	_	_	_	_	_	linguistic	_	ContainsVariation=No	_	Begin=1291.574	_	_	_	_
789-1	BOR022	789	1	per	per	_	_	_	_	_	linguistic	_	ContainsVariation=No	_	_	_	_	_	_
789-2	BOR022	789	2	[famiglie	famiglie	_	_	_	_	_	linguistic	_	ContainsVariation=No	_	_	_	_	_	0-8(294)
789-3	BOR022	789	3	alla	alla	_	_	_	_	_	linguistic	_	ContainsVariation=No	_	_	_	_	_	0-4(294)
789-4	BOR022	789	4	fi]ne	fine	_	_	_	_	_	linguistic	_	ContainsVariation=No	_	End=1292.963	_	_	_	0-2(294)
790-0	BOI079	790	0	[ste	ste	_	_	_	_	_	linguistic	_	ContainsVariation=No	_	Begin=1292.146	_	_	_	0-3(294)
790-1	BOI079	790	1	robe]	robe	_	_	_	_	_	linguistic	_	ContainsVariation=No	_	End=1292.818	_	_	_	0-4(294)
791-0	BOI079	791	0	c(io)[è:	cioè	_	_	_	_	_	linguistic	_	ContainsVariation=No	_	Begin=1293.042	3x1	_	1-3(0)	3-4(295)
791-1	BOI079	791	1	sì:]	sì	_	_	_	_	_	linguistic	_	ContainsVariation=No	_	End=1293.817	1x1	_	_	0-2(295)
792-0	BOR020	792	0	[bocce]	bocce	_	_	_	_	_	linguistic	_	ContainsVariation=No	_	Begin=1293.298	_	_	_	0-5(295)
792-1	BOR020	792	1	((ridacchia))	((ridacchia))	_	_	_	_	_	nonverbalbehavior	_	ContainsVariation=No	_	End=1293.868	_	_	_	_
793-0	BOI079	793	0	°no	no	_	_	_	_	_	linguistic	_	ContainsVariation=No	Volume=low	Begin=1294.115	_	_	_	_
793-1	BOI079	793	1	guarda°	guarda	_	_	_	_	_	linguistic	_	ContainsVariation=No	Volume=low	End=1294.598	_	_	_	_
794-0	BOI078	794	0	ma	ma	_	_	_	_	_	linguistic	_	ContainsVariation=No	_	Begin=1294.724	_	_	_	_
794-1	BOI078	794	1	poi	poi	_	_	_	_	_	linguistic	_	ContainsVariation=No	_	_	_	_	_	_
794-2	BOI078	794	2	il	il	_	_	_	_	_	linguistic	_	ContainsVariation=No	_	_	_	_	_	_
794-3	BOI078	794	3	mare	mare	_	_	_	_	_	linguistic	_	ContainsVariation=No	_	_	_	_	_	_
794-4	BOI078	794	4	è	è	_	_	_	_	_	linguistic	_	ContainsVariation=No	_	_	_	_	_	_
794-5	BOI078	794	5	dive~	dive~	_	_	_	_	_	linguistic	_	ContainsVariation=No	Interrupted=Yes	_	_	_	_	_
794-6	BOI078	794	6	bello	bello	_	_	_	_	_	linguistic	_	ContainsVariation=No	_	_	_	_	_	_
794-7	BOI078	794	7	quando	quando	_	_	_	_	_	linguistic	_	ContainsVariation=No	_	_	_	_	_	_
794-8	BOI078	794	8	poi:	poi	_	_	_	_	_	linguistic	_	ContainsVariation=No	_	_	2x1	_	_	_
794-9	BOI078	794	9	diventi	diventi	_	_	_	_	_	linguistic	_	ContainsVariation=No	_	_	_	_	_	_
794-10	BOI078	794	10	ve:cchio	vecchio	_	_	_	_	_	linguistic	_	ContainsVariation=No	_	End=1297.231	1x1	_	_	_
795-0	BOI078	795	0	che	che	_	_	_	_	_	linguistic	_	ContainsVariation=No	_	Begin=1297.866	_	_	_	_
795-1	BOI078	795	1	fai	fai	_	_	_	_	_	linguistic	_	ContainsVariation=No	_	_	_	_	_	_
795-2	BOI078	795	2	un	un	_	_	_	_	_	linguistic	_	ContainsVariation=No	_	_	_	_	_	_
795-3	BOI078	795	3	po'	po'	_	_	_	_	_	linguistic	_	ContainsVariation=No	_	_	_	_	_	_
795-4	BOI078	795	4	sempre	sempre	_	_	_	_	_	linguistic	_	ContainsVariation=No	_	_	_	_	_	_
795-5	BOI078	795	5	le	le	_	_	_	_	_	linguistic	_	ContainsVariation=No	_	_	_	_	_	_
795-6	BOI078	795	6	stesse	stesse	_	_	_	_	_	linguistic	_	ContainsVariation=No	_	_	_	_	_	_
795-7	BOI078	795	7	cose	cose	_	_	_	_	_	linguistic	_	ContainsVariation=No	_	End=1299.553	_	_	_	_
796-0	BOR020	796	0	(vec[chio	vecchio	_	_	_	_	_	linguistic	_	ContainsVariation=No	_	Begin=1299.739	_	_	0-7(0)	3-7(296)
796-1	BOR020	796	1	in	in	_	_	_	_	_	linguistic	_	ContainsVariation=No	_	_	_	_	0-2(0)	0-2(296)
796-2	BOR020	796	2	cu]lo)	culo	_	_	_	_	_	linguistic	_	ContainsVariation=No	_	End=1300.559	_	_	0-4(0)	0-2(296)
797-0	BOI078	797	0	[(ti	ti	_	_	_	_	_	linguistic	_	ContainsVariation=No	_	Begin=1299.938	_	_	0-2(0)	0-2(296)
797-1	BOI078	797	1	godi)]	godi	_	_	_	_	_	linguistic	_	ContainsVariation=No	_	End=1300.198	_	_	0-4(0)	0-4(296)
798-0	BOR022	798	0	((ride))	((ride))	_	_	_	_	_	nonverbalbehavior	_	ContainsVariation=No	_	Begin=1301.055|End=1301.268	_	_	_	_
799-0	BOI078	799	0	vecchio	vecchio	_	_	_	_	_	linguistic	_	ContainsVariation=No	_	Begin=1301.127	_	_	_	_
799-1	BOI078	799	1	eh?	eh	_	_	_	_	_	linguistic	_	ContainsVariation=No	Intonation=Rising	End=1301.615	_	_	_	_
800-0	BOR020	800	0	>cioè<	cioè	_	_	_	_	_	linguistic	_	ContainsVariation=No	_	Begin=1301.687	_	Fast=0-4(0)	_	_
800-1	BOR020	800	1	vecchissimo	vecchissimo	_	_	_	_	_	linguistic	_	ContainsVariation=No	_	End=1302.572	_	_	_	_
801-0	BOI078	801	0	ma	ma	_	_	_	_	_	linguistic	_	ContainsVariation=No	_	Begin=1302.687	_	_	_	_
801-1	BOI078	801	1	no	no	_	_	_	_	_	linguistic	_	ContainsVariation=No	_	_	_	_	_	_
801-2	BOI078	801	2	tipo:	tipo	_	_	_	_	_	linguistic	_	ContainsVariation=No	_	_	3x1	_	_	_
801-3	BOI078	801	3	set[tant'	settant'	_	_	_	_	_	linguistic	_	ContainsVariation=No	SpaceAfter=No	_	_	_	_	3-8(456)
801-4	BOI078	801	4	anni]	anni	_	_	_	_	_	linguistic	_	ContainsVariation=No	_	End=1304.154	_	_	_	0-4(456)
802-0	BOI079	802	0	[ah	ah	_	_	_	_	_	linguistic	_	ContainsVariation=No	_	Begin=1303.571	_	_	_	0-2(456)
802-1	BOI079	802	1	vabbè	vabbè	_	_	_	_	_	linguistic	_	ContainsVariation=No	_	_	_	_	_	0-5(456)
802-2	BOI079	802	2	i	i	_	_	_	_	_	linguistic	_	ContainsVariation=No	_	_	_	_	_	0-1(456)
802-3	BOI079	802	3	due	due	_	_	_	_	_	linguistic	_	ContainsVariation=No	_	_	_	_	_	0-3(456)
802-4	BOI079	802	4	estre]mi	estremi	_	_	_	_	_	linguistic	_	ContainsVariation=No	_	End=1305.163	_	_	_	0-5(456)
803-0	BOR020	803	0	[EH	eh	_	_	_	_	_	linguistic	_	ContainsVariation=No	Volume=high	Begin=1304.114	_	_	_	0-2(456)
803-1	BOR020	803	1	vabbè	vabbè	_	_	_	_	_	linguistic	_	ContainsVariation=No	_	_	_	_	_	0-5(456)
803-2	BOR020	803	2	sì]	sì	_	_	_	_	_	linguistic	_	ContainsVariation=No	_	End=1304.865	_	_	_	0-2(456)
804-0	BOR020	804	0	vecchio	vecchio	_	_	_	_	_	linguistic	_	ContainsVariation=No	_	Begin=1305.21	_	_	_	_
804-1	BOR020	804	1	vecchio	vecchio	_	_	_	_	_	linguistic	_	ContainsVariation=No	_	_	_	_	_	_
804-2	BOR020	804	2	c[omunque]	comunque	_	_	_	_	_	linguistic	_	ContainsVariation=No	_	End=1306.479	_	_	_	1-8(298)
805-0	BOI079	805	0	[sì	sì	_	_	_	_	_	linguistic	_	ContainsVariation=No	_	Begin=1305.961	_	_	_	0-2(298)
805-1	BOI079	805	1	>cioè<	cioè	_	_	_	_	_	linguistic	_	ContainsVariation=No	_	_	_	Fast=0-4(0)	_	0-4(298)
805-2	BOI079	805	2	o	o	_	_	_	_	_	linguistic	_	ContainsVariation=No	_	_	_	_	_	0-1(298)
805-3	BOI079	805	3	c'	c'	_	_	_	_	_	linguistic	_	ContainsVariation=No	SpaceAfter=No	_	_	_	_	0-2(298)
805-4	BOI079	805	4	hai]	hai	_	_	_	_	_	linguistic	_	ContainsVariation=No	_	_	_	_	_	0-3(298)
805-5	BOI079	805	5	sei	sei	_	_	_	_	_	linguistic	_	ContainsVariation=No	_	_	_	_	_	_
805-6	BOI079	805	6	anni	anni	_	_	_	_	_	linguistic	_	ContainsVariation=No	_	_	_	_	_	_
805-7	BOI079	805	7	o	o	_	_	_	_	_	linguistic	_	ContainsVariation=No	_	_	_	_	_	_
805-8	BOI079	805	8	ce	ce	_	_	_	_	_	linguistic	_	ContainsVariation=No	_	_	_	_	_	_
805-9	BOI079	805	9	ne	ne	_	_	_	_	_	linguistic	_	ContainsVariation=No	_	_	_	_	_	_
805-10	BOI079	805	10	hai	hai	_	_	_	_	_	linguistic	_	ContainsVariation=No	_	_	_	_	_	_
805-11	BOI079	805	11	ottantaquat[tro:]	ottantaquattro	_	_	_	_	_	linguistic	_	ContainsVariation=No	_	End=1308.234	13x1	_	_	10-14(457)
806-0	BOI078	806	0	[sì]	sì	_	_	_	_	_	linguistic	_	ContainsVariation=No	_	Begin=1307.946|End=1308.163	_	_	_	0-2(457)
807-0	BOR020	807	0	[s]ì	sì	_	_	_	_	_	linguistic	_	ContainsVariation=No	_	Begin=1308.138	_	_	_	0-1(457)
807-1	BOR020	807	1	è	è	_	_	_	_	_	linguistic	_	ContainsVariation=No	_	_	_	_	_	_
807-2	BOR020	807	2	vero	vero	_	_	_	_	_	linguistic	_	ContainsVariation=No	_	End=1308.751	_	_	_	_
808-0	BOI079	808	0	per	per	_	_	_	_	_	linguistic	_	ContainsVariation=No	_	Begin=1309.357	_	_	_	_
808-1	BOI079	808	1	la	la	_	_	_	_	_	linguistic	_	ContainsVariation=No	_	_	_	_	_	_
808-2	BOI079	808	2	riviera	riviera	_	_	_	_	_	linguistic	_	ContainsVariation=No	_	_	_	_	_	_
808-3	BOI079	808	3	[xxxx]	xxxx	_	_	_	_	_	unknown	_	ContainsVariation=No	Syllables=4	End=1310.661	_	_	_	0-4(299)
809-0	BOI078	809	0	[>cioè<	cioè	_	_	_	_	_	linguistic	_	ContainsVariation=No	_	Begin=1310.058	_	Fast=0-4(0)	_	0-4(299)
809-1	BOI078	809	1	ai	ai	_	_	_	_	_	linguistic	_	ContainsVariation=No	_	_	_	_	_	0-2(299)
809-2	BOI078	809	2	<ven]t'	vent'	_	_	_	_	_	linguistic	_	ContainsVariation=No	SpaceAfter=No	_	_	Slow=0-5(0)	_	0-3(299)
809-3	BOI078	809	3	a:nni>	anni	_	_	_	_	_	linguistic	_	ContainsVariation=No	_	_	0x1	Slow=0-4(0)	_	_
809-4	BOI078	809	4	a	a	_	_	_	_	_	linguistic	_	ContainsVariation=No	_	_	_	_	_	_
809-5	BOI078	809	5	meno	meno	_	_	_	_	_	linguistic	_	ContainsVariation=No	_	_	_	_	_	_
809-6	BOI078	809	6	che	che	_	_	_	_	_	linguistic	_	ContainsVariation=No	_	_	_	_	_	_
809-7	BOI078	809	7	tu	tu	_	_	_	_	_	linguistic	_	ContainsVariation=No	_	_	_	_	_	_
809-8	BOI078	809	8	>proprio<	proprio	_	_	_	_	_	linguistic	_	ContainsVariation=No	_	_	_	Fast=0-7(1)	_	_
809-9	BOI078	809	9	non	non	_	_	_	_	_	linguistic	_	ContainsVariation=No	_	_	_	_	_	_
809-10	BOI078	809	10	sia	sia	_	_	_	_	_	linguistic	_	ContainsVariation=No	_	_	_	_	_	_
809-11	BOI078	809	11	un	un	_	_	_	_	_	linguistic	_	ContainsVariation=No	PauseAfter=Yes	_	_	_	_	_
809-12	BOI078	809	12	(.)	(.)	_	_	_	_	_	shortpause	_	ContainsVariation=No	_	_	_	_	_	_
809-13	BOI078	809	13	festaiolo	festaiolo	_	_	_	_	_	linguistic	_	ContainsVariation=No	_	End=1314.356	_	_	_	_
810-0	BOI078	810	0	a	a	_	_	_	_	_	linguistic	_	ContainsVariation=No	_	Begin=1314.467	_	_	_	_
810-1	BOI078	810	1	me	me	_	_	_	_	_	linguistic	_	ContainsVariation=No	PauseAfter=Yes	_	_	_	_	_
810-2	BOI078	810	2	(.)	(.)	_	_	_	_	_	shortpause	_	ContainsVariation=No	_	_	_	_	_	_
810-3	BOI078	810	3	io	io	_	_	_	_	_	linguistic	_	ContainsVariation=No	_	_	_	_	_	_
810-4	BOI078	810	4	[x:]	x	_	_	_	_	_	linguistic	_	ContainsVariation=No	_	End=1315.532	0x1	_	_	0-1(300)
811-0	BOI079	811	0	[sì	sì	_	_	_	_	_	linguistic	_	ContainsVariation=No	_	Begin=1315.181	_	_	_	0-2(300)
811-1	BOI079	811	1	>cioè<]	cioè	_	_	_	_	_	linguistic	_	ContainsVariation=No	_	_	_	Fast=0-4(0)	_	0-4(300)
811-2	BOI079	811	2	dipende	dipende	_	_	_	_	_	linguistic	_	ContainsVariation=No	_	_	_	_	_	_
811-3	BOI079	811	3	a	a	_	_	_	_	_	linguistic	_	ContainsVariation=No	_	_	_	_	_	_
811-4	BOI079	811	4	meno	meno	_	_	_	_	_	linguistic	_	ContainsVariation=No	_	_	_	_	_	_
811-5	BOI079	811	5	che	che	_	_	_	_	_	linguistic	_	ContainsVariation=No	_	_	_	_	_	_
811-6	BOI079	811	6	esatto	esatto	_	_	_	_	_	linguistic	_	ContainsVariation=No	_	_	_	_	_	_
811-7	BOI079	811	7	non	non	_	_	_	_	_	linguistic	_	ContainsVariation=No	_	_	_	_	_	_
811-8	BOI079	811	8	ti	ti	_	_	_	_	_	linguistic	_	ContainsVariation=No	_	_	_	_	_	_
811-9	BOI079	811	9	va	va	_	_	_	_	_	linguistic	_	ContainsVariation=No	_	_	_	_	_	_
811-10	BOI079	811	10	di:	di	_	_	_	_	_	linguistic	_	ContainsVariation=No	_	_	1x1	_	_	_
811-11	BOI079	811	11	non	non	_	_	_	_	_	linguistic	_	ContainsVariation=No	_	_	_	_	_	_
811-12	BOI079	811	12	ti	ti	_	_	_	_	_	linguistic	_	ContainsVariation=No	_	_	_	_	_	_
811-13	BOI079	811	13	piace	piace	_	_	_	_	_	linguistic	_	ContainsVariation=No	_	_	_	_	_	_
811-14	BOI079	811	14	andare	andare	_	_	_	_	_	linguistic	_	ContainsVariation=No	_	_	_	_	_	_
811-15	BOI079	811	15	al	al	_	_	_	_	_	linguistic	_	ContainsVariation=No	_	_	_	_	_	_
811-16	BOI079	811	16	cocoricò	cocoricò	_	_	_	_	_	linguistic	_	ContainsVariation=No	PauseAfter=Yes	_	_	_	_	_
811-17	BOI079	811	17	(.)	(.)	_	_	_	_	_	shortpause	_	ContainsVariation=No	_	_	_	_	_	_
811-18	BOI079	811	18	[ste	ste	_	_	_	_	_	linguistic	_	ContainsVariation=No	_	_	_	_	_	0-3(301)
811-19	BOI079	811	19	cose]	cose	_	_	_	_	_	linguistic	_	ContainsVariation=No	_	End=1319.322	_	_	_	0-4(301)
812-0	BOI078	812	0	[a	a	_	_	_	_	_	linguistic	_	ContainsVariation=No	PauseAfter=Yes	Begin=1318.809	_	_	_	0-1(301)
812-1	BOI078	812	1	(.)	(.)	_	_	_	_	_	shortpause	_	ContainsVariation=No	_	_	_	_	_	X(301)
812-2	BOI078	812	2	sp]ararti	spararti	_	_	_	_	_	linguistic	_	ContainsVariation=No	_	_	_	_	_	0-2(301)
812-3	BOI078	812	3	nel	nel	_	_	_	_	_	linguistic	_	ContainsVariation=No	_	_	_	_	_	_
812-4	BOI078	812	4	culo:	culo	_	_	_	_	_	linguistic	_	ContainsVariation=No	_	End=1320.891	3x1	_	_	_
813-0	BOI078	813	0	°sì:°	sì	_	_	_	_	_	linguistic	_	ContainsVariation=No	Volume=low	Begin=1320.953|End=1321.374	1x1	_	_	_
814-0	BOI079	814	0	be:h	beh	_	_	_	_	_	linguistic	_	ContainsVariation=No	_	Begin=1321.953	1x1	_	_	_
814-1	BOI079	814	1	so~	so~	_	_	_	_	_	linguistic	_	ContainsVariation=No	Interrupted=Yes	_	_	_	_	_
814-2	BOI079	814	2	be:h	beh	_	_	_	_	_	linguistic	_	ContainsVariation=No	_	_	1x1	_	_	_
814-3	BOI079	814	3	adesso	adesso	_	_	_	_	_	linguistic	_	ContainsVariation=No	_	_	_	_	_	_
814-4	BOI079	814	4	>cioè<	cioè	_	_	_	_	_	linguistic	_	ContainsVariation=No	_	End=1323.637	_	Fast=0-4(0)	_	_
815-0	BOI079	815	0	io	io	_	_	_	_	_	linguistic	_	ContainsVariation=No	_	Begin=1324.122	_	_	_	_
815-1	BOI079	815	1	non	non	_	_	_	_	_	linguistic	_	ContainsVariation=No	_	_	_	_	_	_
815-2	BOI079	815	2	ci	ci	_	_	_	_	_	linguistic	_	ContainsVariation=No	_	_	_	_	_	_
815-3	BOI079	815	3	sono	sono	_	_	_	_	_	linguistic	_	ContainsVariation=No	_	_	_	_	_	_
815-4	BOI079	815	4	mai	mai	_	_	_	_	_	linguistic	_	ContainsVariation=No	_	_	_	_	_	_
815-5	BOI079	815	5	andato	andato	_	_	_	_	_	linguistic	_	ContainsVariation=No	_	_	_	_	_	_
815-6	BOI079	815	6	e	e	_	_	_	_	_	linguistic	_	ContainsVariation=No	_	_	_	_	_	_
815-7	BOI079	815	7	non	non	_	_	_	_	_	linguistic	_	ContainsVariation=No	_	_	_	_	_	_
815-8	BOI079	815	8	ci	ci	_	_	_	_	_	linguistic	_	ContainsVariation=No	_	_	_	_	_	_
815-9	BOI079	815	9	andrei	andrei	_	_	_	_	_	linguistic	_	ContainsVariation=No	_	_	_	_	_	_
815-10	BOI079	815	10	probabil[mente	probabilmente	_	_	_	_	_	linguistic	_	ContainsVariation=No	_	_	_	_	_	8-13(302)
815-11	BOI079	815	11	però]	però	_	_	_	_	_	linguistic	_	ContainsVariation=No	_	End=1326.964	_	_	_	0-4(302)
816-0	BOI078	816	0	[°ecco°]	ecco	_	_	_	_	_	linguistic	_	ContainsVariation=No	Volume=low	Begin=1326.543|End=1326.964	_	_	_	0-4(302)
817-0	BOI079	817	0	una	una	_	_	_	_	_	linguistic	_	ContainsVariation=No	_	Begin=1327.421	_	_	_	_
817-1	BOI079	817	1	volta	volta	_	_	_	_	_	linguistic	_	ContainsVariation=No	_	_	_	_	_	_
817-2	BOI079	817	2	proverei	proverei	_	_	_	_	_	linguistic	_	ContainsVariation=No	_	_	_	_	_	_
817-3	BOI079	817	3	magari	magari	_	_	_	_	_	linguistic	_	ContainsVariation=No	_	End=1328.883	_	_	_	_
818-0	BOR022	818	0	x[x]	xx	_	_	_	_	_	unknown	_	ContainsVariation=No	Syllables=2	Begin=1329.234|End=1329.795	_	_	_	1-2(303)
819-0	BOI078	819	0	[anch'	anch'	_	_	_	_	_	linguistic	_	ContainsVariation=No	SpaceAfter=No	Begin=1329.423	_	_	_	0-5(303)
819-1	BOI078	819	1	io]	io	_	_	_	_	_	linguistic	_	ContainsVariation=No	_	_	_	_	_	0-2(303)
819-2	BOI078	819	2	una	una	_	_	_	_	_	linguistic	_	ContainsVariation=No	_	_	_	_	_	_
819-3	BOI078	819	3	volta	volta	_	_	_	_	_	linguistic	_	ContainsVariation=No	_	_	_	_	_	_
819-4	BOI078	819	4	proverei	proverei	_	_	_	_	_	linguistic	_	ContainsVariation=No	_	_	_	_	_	_
819-5	BOI078	819	5	a	a	_	_	_	_	_	linguistic	_	ContainsVariation=No	_	_	_	_	_	_
819-6	BOI078	819	6	spararmi	spararmi	_	_	_	_	_	linguistic	_	ContainsVariation=No	_	_	_	_	_	_
819-7	BOI078	819	7	nel	nel	_	_	_	_	_	linguistic	_	ContainsVariation=No	_	_	_	_	_	_
819-8	BOI078	819	8	culo	culo	_	_	_	_	_	linguistic	_	ContainsVariation=No	_	_	_	_	_	_
819-9	BOI078	819	9	però	però	_	_	_	_	_	linguistic	_	ContainsVariation=No	_	_	_	_	_	_
819-10	BOI078	819	10	non	non	_	_	_	_	_	linguistic	_	ContainsVariation=No	_	_	_	_	_	_
819-11	BOI078	819	11	è	è	_	_	_	_	_	linguistic	_	ContainsVariation=No	_	_	_	_	_	_
819-12	BOI078	819	12	che	che	_	_	_	_	_	linguistic	_	ContainsVariation=No	_	_	_	_	_	_
819-13	BOI078	819	13	m:::h	mh	_	_	_	_	_	linguistic	_	ContainsVariation=No	_	_	0x3	_	_	_
819-14	BOI078	819	14	°insomma	insomma	_	_	_	_	_	linguistic	_	ContainsVariation=No	Volume=low	_	_	_	_	_
819-15	BOI078	819	15	>cioè<°	cioè	_	_	_	_	_	linguistic	_	ContainsVariation=No	Volume=low	End=1334.064	_	Fast=0-4(0)	_	_
820-0	BOR020	820	0	((ride))	((ride))	_	_	_	_	_	nonverbalbehavior	_	ContainsVariation=No	_	Begin=1332.734|End=1333.436	_	_	_	_
821-0	BOI078	821	0	°va	va	_	_	_	_	_	linguistic	_	ContainsVariation=No	Volume=low	Begin=1334.386	_	_	_	_
821-1	BOI078	821	1	detto°	detto	_	_	_	_	_	linguistic	_	ContainsVariation=No	Volume=low	_	_	_	_	_
821-2	BOI078	821	2	comunque	comunque	_	_	_	_	_	linguistic	_	ContainsVariation=No	_	_	_	_	_	_
821-3	BOI078	821	3	ti	ti	_	_	_	_	_	linguistic	_	ContainsVariation=No	_	_	_	_	_	_
821-4	BOI078	821	4	spari	spari	_	_	_	_	_	linguistic	_	ContainsVariation=No	_	_	_	_	_	_
821-5	BOI078	821	5	il	il	_	_	_	_	_	linguistic	_	ContainsVariation=No	_	_	_	_	_	_
821-6	BOI078	821	6	culo	culo	_	_	_	_	_	linguistic	_	ContainsVariation=No	_	_	_	_	_	_
821-7	BOI078	821	7	>cioè<	cioè	_	_	_	_	_	linguistic	_	ContainsVariation=No	_	_	_	Fast=0-4(0)	_	_
821-8	BOI078	821	8	sappilo	sappilo	_	_	_	_	_	linguistic	_	ContainsVariation=No	_	End=1337.058	_	_	_	_
822-0	BOR020	822	0	quindi	quindi	_	_	_	_	_	linguistic	_	ContainsVariation=No	_	Begin=1337.205	_	_	_	_
822-1	BOR020	822	1	alla	alla	_	_	_	_	_	linguistic	_	ContainsVariation=No	_	_	_	_	_	_
822-2	BOR020	822	2	villa	villa	_	_	_	_	_	linguistic	_	ContainsVariation=No	_	_	_	_	_	_
822-3	BOR020	822	3	delle	delle	_	_	_	_	_	linguistic	_	ContainsVariation=No	_	_	_	_	_	_
822-4	BOR020	822	4	rose	rose	_	_	_	_	_	linguistic	_	ContainsVariation=No	_	_	_	_	_	_
822-5	BOR020	822	5	non	non	_	_	_	_	_	linguistic	_	ContainsVariation=No	_	_	_	_	_	_
822-6	BOR020	822	6	ci	ci	_	_	_	_	_	linguistic	_	ContainsVariation=No	_	_	_	_	_	_
822-7	BOR020	822	7	sei	sei	_	_	_	_	_	linguistic	_	ContainsVariation=No	_	_	_	_	_	_
822-8	BOR020	822	8	anda[to]?	andato	_	_	_	_	_	linguistic	_	ContainsVariation=No	Intonation=Rising	End=1338.977	_	_	_	4-6(305)
823-0	BOI078	823	0	[n]o	no	_	_	_	_	_	linguistic	_	ContainsVariation=No	_	Begin=1338.79	_	_	_	0-1(305)
823-1	BOI078	823	1	ma	ma	_	_	_	_	_	linguistic	_	ContainsVariation=No	_	_	_	_	_	_
823-2	BOI078	823	2	n~	n~	_	_	_	_	_	linguistic	_	ContainsVariation=No	Interrupted=Yes	_	_	_	_	_
823-3	BOI078	823	3	non	non	_	_	_	_	_	linguistic	_	ContainsVariation=No	PauseAfter=Yes	_	_	_	_	_
823-4	BOI078	823	4	(.)	(.)	_	_	_	_	_	shortpause	_	ContainsVariation=No	_	_	_	_	_	_
823-5	BOI078	823	5	noi	noi	_	_	_	_	_	linguistic	_	ContainsVariation=No	_	_	_	_	_	_
823-6	BOI078	823	6	non	non	_	_	_	_	_	linguistic	_	ContainsVariation=No	_	_	_	_	_	_
823-7	BOI078	823	7	siamo	siamo	_	_	_	_	_	linguistic	_	ContainsVariation=No	_	_	_	_	_	_
823-8	BOI078	823	8	mai	mai	_	_	_	_	_	linguistic	_	ContainsVariation=No	_	_	_	_	_	_
823-9	BOI078	823	9	andati:	andati	_	_	_	_	_	linguistic	_	ContainsVariation=No	_	_	5x1	_	_	_
823-10	BOI078	823	10	[in	in	_	_	_	_	_	linguistic	_	ContainsVariation=No	_	_	_	_	_	0-2(306)
823-11	BOI078	823	11	dis]coteca	discoteca	_	_	_	_	_	linguistic	_	ContainsVariation=No	_	End=1341.398	_	_	_	0-3(306)
824-0	BOI079	824	0	[no]	no	_	_	_	_	_	linguistic	_	ContainsVariation=No	_	Begin=1340.735|End=1341.102	_	_	_	0-2(306)
825-0	BOI078	825	0	l'	l'	_	_	_	_	_	linguistic	_	ContainsVariation=No	SpaceAfter=No	Begin=1341.529	_	_	_	_
825-1	BOI078	825	1	ultima	ultima	_	_	_	_	_	linguistic	_	ContainsVariation=No	_	_	_	_	_	_
825-2	BOI078	825	2	l'	l'	_	_	_	_	_	linguistic	_	ContainsVariation=No	SpaceAfter=No	_	_	_	_	_
825-3	BOI078	825	3	ultima	ultima	_	_	_	_	_	linguistic	_	ContainsVariation=No	_	_	_	_	_	_
825-4	BOI078	825	4	discoteca	discoteca	_	_	_	_	_	linguistic	_	ContainsVariation=No	_	_	_	_	_	_
825-5	BOI078	825	5	che	che	_	_	_	_	_	linguistic	_	ContainsVariation=No	_	_	_	_	_	_
825-6	BOI078	825	6	ho:::	ho	_	_	_	_	_	linguistic	_	ContainsVariation=No	_	_	1x3	_	_	_
825-7	BOI078	825	7	ho	ho	_	_	_	_	_	linguistic	_	ContainsVariation=No	_	_	_	_	_	_
825-8	BOI078	825	8	avuto	avuto	_	_	_	_	_	linguistic	_	ContainsVariation=No	_	_	_	_	_	_
825-9	BOI078	825	9	modo	modo	_	_	_	_	_	linguistic	_	ContainsVariation=No	_	_	_	_	_	_
825-10	BOI078	825	10	di::	di	_	_	_	_	_	linguistic	_	ContainsVariation=No	_	End=1345.104	1x2	_	_	_
826-0	BOR020	826	0	((ride))	((ride))	_	_	_	_	_	nonverbalbehavior	_	ContainsVariation=No	_	Begin=1344.366|End=1345.444	_	_	_	_
827-0	BOR022	827	0	((ride))	((ride))	_	_	_	_	_	nonverbalbehavior	_	ContainsVariation=No	_	Begin=1345.717|End=1346.181	_	_	_	_
828-0	BOI078	828	0	visitare	visitare	_	_	_	_	_	linguistic	_	ContainsVariation=No	_	Begin=1345.916|End=1346.691	_	_	_	_
829-0	BOI078	829	0	è	è	_	_	_	_	_	linguistic	_	ContainsVariation=No	_	Begin=1346.754	_	_	_	_
829-1	BOI078	829	1	stata::	stata	_	_	_	_	_	linguistic	_	ContainsVariation=No	PauseAfter=Yes	_	4x2	_	_	_
829-2	BOI078	829	2	(.)	(.)	_	_	_	_	_	shortpause	_	ContainsVariation=No	_	_	_	_	_	_
829-3	BOI078	829	3	il	il	_	_	_	_	_	linguistic	_	ContainsVariation=No	PauseAfter=Yes	_	_	_	_	_
829-4	BOI078	829	4	(.)	(.)	_	_	_	_	_	shortpause	_	ContainsVariation=No	_	_	_	_	_	_
829-5	BOI078	829	5	vabbè	vabbè	_	_	_	_	_	linguistic	_	ContainsVariation=No	_	_	_	_	_	_
829-6	BOI078	829	6	voi	voi	_	_	_	_	_	linguistic	_	ContainsVariation=No	_	_	_	_	_	_
829-7	BOI078	829	7	non	non	_	_	_	_	_	linguistic	_	ContainsVariation=No	_	_	_	_	_	_
829-8	BOI078	829	8	la	la	_	_	_	_	_	linguistic	_	ContainsVariation=No	_	_	_	_	_	_
829-9	BOI078	829	9	conoscete	conoscete	_	_	_	_	_	linguistic	_	ContainsVariation=No	_	End=1349.372	_	_	_	_
830-0	BOI078	830	0	una	una	_	_	_	_	_	linguistic	_	ContainsVariation=No	PauseAfter=Yes	Begin=1349.935	_	_	_	_
830-1	BOI078	830	1	(.)	(.)	_	_	_	_	_	shortpause	_	ContainsVariation=No	_	_	_	_	_	_
830-2	BOI078	830	2	un	un	_	_	_	_	_	linguistic	_	ContainsVariation=No	_	_	_	_	_	_
830-3	BOI078	830	3	eh	eh	_	_	_	_	_	linguistic	_	ContainsVariation=No	_	_	_	_	_	_
830-4	BOI078	830	4	discoteca	discoteca	_	_	_	_	_	linguistic	_	ContainsVariation=No	_	_	_	_	_	_
830-5	BOI078	830	5	a	a	_	_	_	_	_	linguistic	_	ContainsVariation=No	_	_	_	_	_	_
830-6	BOI078	830	6	pianoro	pianoro	_	_	_	_	_	linguistic	_	ContainsVariation=No	_	End=1351.639	_	_	_	_
831-0	BOI078	831	0	tu	tu	_	_	_	_	_	linguistic	_	ContainsVariation=No	_	Begin=1351.911	_	_	_	_
831-1	BOI078	831	1	non	non	_	_	_	_	_	linguistic	_	ContainsVariation=No	_	_	_	_	_	_
831-2	BOI078	831	2	c'	c'	_	_	_	_	_	linguistic	_	ContainsVariation=No	SpaceAfter=No	_	_	_	_	_
831-3	BOI078	831	3	eri.	eri	_	_	_	_	_	linguistic	_	ContainsVariation=No	Intonation=Falling	_	_	_	_	_
831-4	BOI078	831	4	era	era	_	_	_	_	_	linguistic	_	ContainsVariation=No	_	_	_	_	_	_
831-5	BOI078	831	5	il	il	_	_	_	_	_	linguistic	_	ContainsVariation=No	_	_	_	_	_	_
831-6	BOI078	831	6	[juice]	juice	_	_	_	_	_	linguistic	_	ContainsVariation=No	_	End=1353.167	_	_	_	0-5(309)
832-0	BOR020	832	0	[io	io	_	_	_	_	_	linguistic	_	ContainsVariation=No	_	Begin=1352.586	_	_	_	0-2(309)
832-1	BOR020	832	1	son	son	_	_	_	_	_	linguistic	_	ContainsVariation=No	_	_	_	_	_	0-3(309)
832-2	BOR020	832	2	stata	stata	_	_	_	_	_	linguistic	_	ContainsVariation=No	_	_	_	_	_	0-5(309)
832-3	BOR020	832	3	a	a	_	_	_	_	_	linguistic	_	ContainsVariation=No	_	_	_	_	_	0-1(309)
832-4	BOR020	832	4	p]ianoro	pianoro	_	_	_	_	_	linguistic	_	ContainsVariation=No	_	End=1353.591	_	_	_	0-1(309)
833-0	BOI078	833	0	mi	mi	_	_	_	_	_	linguistic	_	ContainsVariation=No	_	Begin=1354.526	_	_	_	_
833-1	BOI078	833	1	[dispiace	dispiace	_	_	_	_	_	linguistic	_	ContainsVariation=No	_	_	_	_	_	0-8(310)
833-2	BOI078	833	2	molto]	molto	_	_	_	_	_	linguistic	_	ContainsVariation=No	_	End=1355.437	_	_	_	0-5(310)
834-0	BOI079	834	0	[a:h	ah	_	_	_	_	_	linguistic	_	ContainsVariation=No	PauseAfter=Yes	Begin=1354.605	0x1	_	_	0-2(310)
834-1	BOI079	834	1	(.)	(.)	_	_	_	_	_	shortpause	_	ContainsVariation=No	_	_	_	_	_	X(310)
834-2	BOI079	834	2	quella]	quella	_	_	_	_	_	linguistic	_	ContainsVariation=No	_	_	_	_	_	0-6(310)
834-3	BOI079	834	3	robaccia?	robaccia	_	_	_	_	_	linguistic	_	ContainsVariation=No	Intonation=Rising	_	_	_	_	_
834-4	BOI079	834	4	al	al	_	_	_	_	_	linguistic	_	ContainsVariation=No	PauseAfter=Yes	_	_	_	_	_
834-5	BOI079	834	5	(.)	(.)	_	_	_	_	_	shortpause	_	ContainsVariation=No	_	_	_	_	_	_
834-6	BOI079	834	6	[junio]r?	junior	_	_	_	_	_	linguistic	_	ContainsVariation=No	Intonation=Rising	End=1357.194	_	_	_	0-5(311)
835-0	BOI078	835	0	[(juice)]	juice	_	_	_	_	_	linguistic	_	ContainsVariation=No	_	Begin=1356.596|End=1357.066	_	_	0-5(0)	0-5(311)
836-0	BOI078	836	0	sì	sì	_	_	_	_	_	linguistic	_	ContainsVariation=No	_	Begin=1357.315	_	_	_	_
836-1	BOI078	836	1	allo	allo	_	_	_	_	_	linguistic	_	ContainsVariation=No	_	_	_	_	_	_
836-2	BOI078	836	2	junior	junior	_	_	_	_	_	linguistic	_	ContainsVariation=No	_	_	_	_	_	_
836-3	BOI078	836	3	il	il	_	_	_	_	_	linguistic	_	ContainsVariation=No	_	_	_	_	_	_
836-4	BOI078	836	4	[xxxxxx]	xxxxxx	_	_	_	_	_	unknown	_	ContainsVariation=No	Syllables=6	End=1359.625	_	_	_	0-6(312)
837-0	BOI079	837	0	[e	e	_	_	_	_	_	linguistic	_	ContainsVariation=No	_	Begin=1358.765	_	_	_	0-1(312)
837-1	BOI079	837	1	che	che	_	_	_	_	_	linguistic	_	ContainsVariation=No	_	_	_	_	_	0-3(312)
837-2	BOI079	837	2	non	non	_	_	_	_	_	linguistic	_	ContainsVariation=No	_	_	_	_	_	0-3(312)
837-3	BOI079	837	3	è	è	_	_	_	_	_	linguistic	_	ContainsVariation=No	_	_	_	_	_	0-1(312)
837-4	BOI079	837	4	neanche	neanche	_	_	_	_	_	linguistic	_	ContainsVariation=No	_	_	_	_	_	0-7(312)
837-5	BOI079	837	5	una	una	_	_	_	_	_	linguistic	_	ContainsVariation=No	_	_	_	_	_	0-3(312)
837-6	BOI079	837	6	d]iscoteca	discoteca	_	_	_	_	_	linguistic	_	ContainsVariation=No	_	_	_	_	_	0-1(312)
837-7	BOI079	837	7	[con	con	_	_	_	_	_	linguistic	_	ContainsVariation=No	_	_	_	_	_	0-3(313)
837-8	BOI079	837	8	la	la	_	_	_	_	_	linguistic	_	ContainsVariation=No	_	_	_	_	_	0-2(313)
837-9	BOI079	837	9	piscina]	piscina	_	_	_	_	_	linguistic	_	ContainsVariation=No	_	End=1361.058	_	_	_	0-7(313)
838-0	BOI078	838	0	[NO	no	_	_	_	_	_	linguistic	_	ContainsVariation=No	Volume=high	Begin=1360.183	_	_	_	0-2(313)
838-1	BOI078	838	1	ma	ma	_	_	_	_	_	linguistic	_	ContainsVariation=No	_	_	_	_	_	0-2(313)
838-2	BOI078	838	2	perché]	perché	_	_	_	_	_	linguistic	_	ContainsVariation=No	PauseAfter=Yes	_	_	_	_	0-6(313)
838-3	BOI078	838	3	(.)	(.)	_	_	_	_	_	shortpause	_	ContainsVariation=No	_	_	_	_	_	_
838-4	BOI078	838	4	ma	ma	_	_	_	_	_	linguistic	_	ContainsVariation=No	_	_	_	_	_	_
838-5	BOI078	838	5	più	più	_	_	_	_	_	linguistic	_	ContainsVariation=No	_	_	_	_	_	_
838-6	BOI078	838	6	che	che	_	_	_	_	_	linguistic	_	ContainsVariation=No	_	_	_	_	_	_
838-7	BOI078	838	7	altro	altro	_	_	_	_	_	linguistic	_	ContainsVariation=No	_	_	_	_	_	_
838-8	BOI078	838	8	perché	perché	_	_	_	_	_	linguistic	_	ContainsVariation=No	_	_	_	_	_	_
838-9	BOI078	838	9	noi	noi	_	_	_	_	_	linguistic	_	ContainsVariation=No	_	_	_	_	_	_
838-10	BOI078	838	10	siamo	siamo	_	_	_	_	_	linguistic	_	ContainsVariation=No	_	_	_	_	_	_
838-11	BOI078	838	11	stati	stati	_	_	_	_	_	linguistic	_	ContainsVariation=No	_	_	_	_	_	_
838-12	BOI078	838	12	un	un	_	_	_	_	_	linguistic	_	ContainsVariation=No	_	_	_	_	_	_
838-13	BOI078	838	13	po:'	po'	_	_	_	_	_	linguistic	_	ContainsVariation=No	_	_	1x1	_	_	_
838-14	BOI078	838	14	>cioè<	cioè	_	_	_	_	_	linguistic	_	ContainsVariation=No	_	_	_	Fast=0-4(0)	_	_
838-15	BOI078	838	15	noi	noi	_	_	_	_	_	linguistic	_	ContainsVariation=No	_	_	_	_	_	_
838-16	BOI078	838	16	nel	nel	_	_	_	_	_	linguistic	_	ContainsVariation=No	_	_	_	_	_	_
838-17	BOI078	838	17	momento	momento	_	_	_	_	_	linguistic	_	ContainsVariation=No	PauseAfter=Yes	_	_	_	_	_
838-18	BOI078	838	18	(.)	(.)	_	_	_	_	_	shortpause	_	ContainsVariation=No	_	_	_	_	_	_
838-19	BOI078	838	19	ada~	ada~	_	_	_	_	_	linguistic	_	ContainsVariation=No	Interrupted=Yes	_	_	_	_	_
838-20	BOI078	838	20	nel	nel	_	_	_	_	_	linguistic	_	ContainsVariation=No	_	_	_	_	_	_
838-21	BOI078	838	21	perfetto	perfetto	_	_	_	_	_	linguistic	_	ContainsVariation=No	_	_	_	_	_	_
838-22	BOI078	838	22	in	in	_	_	_	_	_	linguistic	_	ContainsVariation=No	_	_	_	_	_	_
838-23	BOI078	838	23	cui	cui	_	_	_	_	_	linguistic	_	ContainsVariation=No	_	End=1365.549	_	_	_	_
839-0	BOI078	839	0	dovevamo:	dovevamo	_	_	_	_	_	linguistic	_	ContainsVariation=No	_	Begin=1365.838	7x1	_	_	_
839-1	BOI078	839	1	iniziare	iniziare	_	_	_	_	_	linguistic	_	ContainsVariation=No	_	_	_	_	_	_
839-2	BOI078	839	2	un	un	_	_	_	_	_	linguistic	_	ContainsVariation=No	_	_	_	_	_	_
839-3	BOI078	839	3	po'	po'	_	_	_	_	_	linguistic	_	ContainsVariation=No	_	_	_	_	_	_
839-4	BOI078	839	4	a	a	_	_	_	_	_	linguistic	_	ContainsVariation=No	_	_	_	_	_	_
839-5	BOI078	839	5	frequentare	frequentare	_	_	_	_	_	linguistic	_	ContainsVariation=No	_	_	_	_	_	_
839-6	BOI078	839	6	le	le	_	_	_	_	_	linguistic	_	ContainsVariation=No	_	_	_	_	_	_
839-7	BOI078	839	7	discoteche	discoteche	_	_	_	_	_	linguistic	_	ContainsVariation=No	_	End=1368.0	_	_	_	_
840-0	BOI078	840	0	e:h	eh	_	_	_	_	_	linguistic	_	ContainsVariation=No	_	Begin=1368.473|End=1368.802	0x1	_	_	_
841-0	BOI078	841	0	c'	c'	_	_	_	_	_	linguistic	_	ContainsVariation=No	SpaceAfter=No	Begin=1368.997	_	_	_	_
841-1	BOI078	841	1	è	è	_	_	_	_	_	linguistic	_	ContainsVariation=No	_	_	_	_	_	_
841-2	BOI078	841	2	stata	stata	_	_	_	_	_	linguistic	_	ContainsVariation=No	_	_	_	_	_	_
841-3	BOI078	841	3	l~	l~	_	_	_	_	_	linguistic	_	ContainsVariation=No	Interrupted=Yes	End=1369.425	_	_	_	_
842-0	BOI078	842	0	covid	covid	_	_	_	_	_	linguistic	_	ContainsVariation=No	_	Begin=1369.773|End=1370.127	_	_	_	_
843-0	BOI079	843	0	fortunata[mente	fortunatamente	_	_	_	_	_	linguistic	_	ContainsVariation=No	_	Begin=1370.154	_	_	_	9-14(314)
843-1	BOI079	843	1	da]	da	_	_	_	_	_	linguistic	_	ContainsVariation=No	_	_	_	_	_	0-2(314)
843-2	BOI079	843	2	questo	questo	_	_	_	_	_	linguistic	_	ContainsVariation=No	_	_	_	_	_	_
843-3	BOI079	843	3	((ride))	((ride))	_	_	_	_	_	nonverbalbehavior	_	ContainsVariation=No	_	_	_	_	_	_
843-4	BOI079	843	4	punto	punto	_	_	_	_	_	linguistic	_	ContainsVariation=No	_	_	_	_	_	_
843-5	BOI079	843	5	di	di	_	_	_	_	_	linguistic	_	ContainsVariation=No	_	_	_	_	_	_
843-6	BOI079	843	6	vista	vista	_	_	_	_	_	linguistic	_	ContainsVariation=No	_	_	_	_	_	_
843-7	BOI079	843	7	così	così	_	_	_	_	_	linguistic	_	ContainsVariation=No	_	_	_	_	_	_
843-8	BOI079	843	8	[ce	ce	_	_	_	_	_	linguistic	_	ContainsVariation=No	_	_	_	_	_	0-2(315)
843-9	BOI079	843	9	la	la	_	_	_	_	_	linguistic	_	ContainsVariation=No	_	_	_	_	_	0-2(315)
843-10	BOI079	843	10	siamo]	siamo	_	_	_	_	_	linguistic	_	ContainsVariation=No	_	End=1373.293	_	_	_	0-5(315)
844-0	BOI078	844	0	[fortu~]	fortu~	_	_	_	_	_	linguistic	_	ContainsVariation=No	Interrupted=Yes	Begin=1370.955|End=1371.259	_	_	_	0-6(314)
845-0	BOI078	845	0	[x	x	_	_	_	_	_	unknown	_	ContainsVariation=No	Syllables=1	Begin=1372.679	_	_	_	0-1(315)
845-1	BOI078	845	1	noi	noi	_	_	_	_	_	linguistic	_	ContainsVariation=No	_	_	_	_	_	0-3(315)
845-2	BOI078	845	2	ce	ce	_	_	_	_	_	linguistic	_	ContainsVariation=No	_	_	_	_	_	0-2(315)
845-3	BOI078	845	3	la	la	_	_	_	_	_	linguistic	_	ContainsVariation=No	_	_	_	_	_	0-2(315)
845-4	BOI078	845	4	s]iamo	siamo	_	_	_	_	_	linguistic	_	ContainsVariation=No	_	_	_	_	_	0-1(315)
845-5	BOI078	845	5	proprio	proprio	_	_	_	_	_	linguistic	_	ContainsVariation=No	_	End=1373.806	_	_	_	_
846-0	BOI079	846	0	eh	eh	_	_	_	_	_	linguistic	_	ContainsVariation=No	_	Begin=1374.21	_	_	_	_
846-1	BOI079	846	1	((ride))	((ride))	_	_	_	_	_	nonverbalbehavior	_	ContainsVariation=No	_	_	_	_	_	_
846-2	BOI079	846	2	(levato	levato	_	_	_	_	_	linguistic	_	ContainsVariation=No	_	_	_	_	0-6(0)	_
846-3	BOI079	846	3	di)	di	_	_	_	_	_	linguistic	_	ContainsVariation=No	_	_	_	_	0-2(0)	_
846-4	BOI079	846	4	cazzo	cazzo	_	_	_	_	_	linguistic	_	ContainsVariation=No	_	End=1375.707	_	_	_	_
847-0	BOI078	847	0	[xxx]	xxx	_	_	_	_	_	unknown	_	ContainsVariation=No	Syllables=3	Begin=1374.297|End=1374.955	_	_	_	0-3(316)
848-0	BOI078	848	0	e	e	_	_	_	_	_	linguistic	_	ContainsVariation=No	_	Begin=1375.829	_	_	_	_
848-1	BOI078	848	1	quindi	quindi	_	_	_	_	_	linguistic	_	ContainsVariation=No	_	_	_	_	_	_
848-2	BOI078	848	2	quando:	quando	_	_	_	_	_	linguistic	_	ContainsVariation=No	_	_	5x1	_	_	_
848-3	BOI078	848	3	tipo:	tipo	_	_	_	_	_	linguistic	_	ContainsVariation=No	_	_	3x1	_	_	_
848-4	BOI078	848	4	ha	ha	_	_	_	_	_	linguistic	_	ContainsVariation=No	_	_	_	_	_	_
848-5	BOI078	848	5	ha	ha	_	_	_	_	_	linguistic	_	ContainsVariation=No	_	_	_	_	_	_
848-6	BOI078	848	6	eh	eh	_	_	_	_	_	linguistic	_	ContainsVariation=No	_	_	_	_	_	_
848-7	BOI078	848	7	e:h	eh	_	_	_	_	_	linguistic	_	ContainsVariation=No	_	End=1378.249	0x1	_	_	_
849-0	BOI078	849	0	ha	ha	_	_	_	_	_	linguistic	_	ContainsVariation=No	_	Begin=1378.295	_	_	_	_
849-1	BOI078	849	1	ricominciato	ricominciato	_	_	_	_	_	linguistic	_	ContainsVariation=No	_	_	_	_	_	_
849-2	BOI078	849	2	tutto	tutto	_	_	_	_	_	linguistic	_	ContainsVariation=No	_	_	_	_	_	_
849-3	BOI078	849	3	>insomma<	insomma	_	_	_	_	_	linguistic	_	ContainsVariation=No	_	_	_	Fast=0-7(0)	_	_
849-4	BOI078	849	4	il	il	_	_	_	_	_	linguistic	_	ContainsVariation=No	_	_	_	Slow=0-2(0)	_	_
849-5	BOI078	849	5	covid	covid	_	_	_	_	_	linguistic	_	ContainsVariation=No	_	_	_	Slow=0-5(0)	_	_
849-6	BOI078	849	6	è	è	_	_	_	_	_	linguistic	_	ContainsVariation=No	_	_	_	Slow=0-1(0)	_	_
849-7	BOI078	849	7	finito:	finito	_	_	_	_	_	linguistic	_	ContainsVariation=No	_	_	5x1	Slow=0-6(0)	_	_
849-8	BOI078	849	8	abbiam	abbiam	_	_	_	_	_	linguistic	_	ContainsVariation=No	_	_	_	Slow=0-6(0)	_	_
849-9	BOI078	849	9	detto	detto	_	_	_	_	_	linguistic	_	ContainsVariation=No	_	_	_	Slow=0-5(0)	_	_
849-10	BOI078	849	10	ormai	ormai	_	_	_	_	_	linguistic	_	ContainsVariation=No	_	_	_	Slow=0-5(0)	_	_
849-11	BOI078	849	11	è	è	_	_	_	_	_	linguistic	_	ContainsVariation=No	_	_	_	Slow=0-1(0)	_	_
849-12	BOI078	849	12	tardi.	tardi	_	_	_	_	_	linguistic	_	ContainsVariation=No	Intonation=Falling	_	_	Slow=0-5(0)	_	_
849-13	BOI078	849	13	>cioè<	cioè	_	_	_	_	_	linguistic	_	ContainsVariation=No	_	_	_	Fast=0-4(1)	_	_
849-14	BOI078	849	14	lo	lo	_	_	_	_	_	linguistic	_	ContainsVariation=No	_	_	_	_	_	_
849-15	BOI078	849	15	farei	farei	_	_	_	_	_	linguistic	_	ContainsVariation=No	_	_	_	_	_	_
849-16	BOI078	849	16	anche	anche	_	_	_	_	_	linguistic	_	ContainsVariation=No	_	_	_	_	_	_
849-17	BOI078	849	17	[però:]	però	_	_	_	_	_	linguistic	_	ContainsVariation=No	PauseAfter=Yes	_	3x1	_	_	0-4(317)
849-18	BOI078	849	18	(.)	(.)	_	_	_	_	_	shortpause	_	ContainsVariation=No	_	_	_	_	_	_
849-19	BOI078	849	19	insomma	insomma	_	_	_	_	_	linguistic	_	ContainsVariation=No	_	End=1384.359	_	_	_	_
850-0	BOI079	850	0	[però:]	però	_	_	_	_	_	linguistic	_	ContainsVariation=No	_	Begin=1383.119|End=1383.628	3x1	_	_	0-4(317)
851-0	BOR020	851	0	quindi	quindi	_	_	_	_	_	linguistic	_	ContainsVariation=No	_	Begin=1384.359	_	_	_	_
851-1	BOR020	851	1	neanche	neanche	_	_	_	_	_	linguistic	_	ContainsVariation=No	_	_	_	_	_	_
851-2	BOR020	851	2	qui?	qui	_	_	_	_	_	linguistic	_	ContainsVariation=No	Intonation=Rising	End=1385.217	_	_	_	_
852-0	BOI078	852	0	qui	qui	_	_	_	_	_	linguistic	_	ContainsVariation=No	_	Begin=1385.828	_	_	_	_
852-1	BOI078	852	1	dove?	dove	_	_	_	_	_	linguistic	_	ContainsVariation=No	Intonation=Rising	End=1386.187	_	_	_	_
853-0	BOR020	853	0	a	a	_	_	_	_	_	linguistic	_	ContainsVariation=No	_	Begin=1386.394	_	_	_	_
853-1	BOR020	853	1	balla[re]	ballare	_	_	_	_	_	linguistic	_	ContainsVariation=No	_	End=1386.973	_	_	_	5-7(318)
854-0	BOI079	854	0	[ma]	ma	_	_	_	_	_	linguistic	_	ContainsVariation=No	_	Begin=1386.878	_	_	_	0-2(318)
854-1	BOI079	854	1	a	a	_	_	_	_	_	linguistic	_	ContainsVariation=No	_	_	_	_	_	_
854-2	BOI079	854	2	parte	parte	_	_	_	_	_	linguistic	_	ContainsVariation=No	_	_	_	_	_	_
854-3	BOI079	854	3	che	che	_	_	_	_	_	linguistic	_	ContainsVariation=No	_	_	_	_	_	_
854-4	BOI079	854	4	ci	ci	_	_	_	_	_	linguistic	_	ContainsVariation=No	_	_	_	_	_	_
854-5	BOI079	854	5	sono:	sono	_	_	_	_	_	linguistic	_	ContainsVariation=No	_	_	3x1	_	_	_
854-6	BOI079	854	6	a	a	_	_	_	_	_	linguistic	_	ContainsVariation=No	_	_	_	_	_	_
854-7	BOI079	854	7	bologna::	bologna	_	_	_	_	_	linguistic	_	ContainsVariation=No	_	_	6x2	_	_	_
854-8	BOI079	854	8	>cioè<	cioè	_	_	_	_	_	linguistic	_	ContainsVariation=No	_	End=1389.214	_	Fast=0-4(0)	_	_
855-0	BOR022	855	0	eh	eh	_	_	_	_	_	linguistic	_	ContainsVariation=No	_	Begin=1390.431	_	_	_	_
855-1	BOR022	855	1	il	il	_	_	_	_	_	linguistic	_	ContainsVariation=No	_	_	_	_	_	_
855-2	BOR022	855	2	link	link	_	_	_	_	_	linguistic	_	ContainsVariation=No	_	End=1391.126	_	_	_	_
856-0	BOR022	856	0	però	però	_	_	_	_	_	linguistic	_	ContainsVariation=No	_	Begin=1391.433	_	_	_	_
856-1	BOR022	856	1	è	è	_	_	_	_	_	linguistic	_	ContainsVariation=No	_	_	_	_	_	_
856-2	BOR022	856	2	fuori	fuori	_	_	_	_	_	linguistic	_	ContainsVariation=No	_	End=1392.038	_	_	_	_
857-0	BOI078	857	0	e:h	eh	_	_	_	_	_	linguistic	_	ContainsVariation=No	_	Begin=1392.491	0x1	_	_	_
857-1	BOI078	857	1	c'	c'	_	_	_	_	_	linguistic	_	ContainsVariation=No	SpaceAfter=No	_	_	_	_	_
857-2	BOI078	857	2	è	è	_	_	_	_	_	linguistic	_	ContainsVariation=No	_	_	_	_	_	_
857-3	BOI078	857	3	il	il	_	_	_	_	_	linguistic	_	ContainsVariation=No	_	_	_	_	_	_
857-4	BOI078	857	4	cassero	cassero	_	_	_	_	_	linguistic	_	ContainsVariation=No	_	End=1393.672	_	_	_	_
858-0	BOI078	858	0	però	però	_	_	_	_	_	linguistic	_	ContainsVariation=No	_	Begin=1393.742	_	_	_	_
858-1	BOI078	858	1	è:::	è	_	_	_	_	_	linguistic	_	ContainsVariation=No	_	End=1394.725	0x3	_	_	_
859-0	BOI079	859	0	no	no	_	_	_	_	_	linguistic	_	ContainsVariation=No	_	Begin=1394.724	_	_	_	_
859-1	BOI079	859	1	vabbè	vabbè	_	_	_	_	_	linguistic	_	ContainsVariation=No	_	_	_	_	_	_
859-2	BOI079	859	2	il	il	_	_	_	_	_	linguistic	_	ContainsVariation=No	_	_	_	_	_	_
859-3	BOI079	859	3	cassero	cassero	_	_	_	_	_	linguistic	_	ContainsVariation=No	_	_	_	_	_	_
859-4	BOI079	859	4	è	è	_	_	_	_	_	linguistic	_	ContainsVariation=No	_	_	_	_	_	_
859-5	BOI079	859	5	ca~	ca~	_	_	_	_	_	linguistic	_	ContainsVariation=No	Interrupted=Yes	_	_	_	_	_
859-6	BOI079	859	6	>cioè<	cioè	_	_	_	_	_	linguistic	_	ContainsVariation=No	PauseAfter=Yes	_	_	Fast=0-4(0)	_	_
859-7	BOI079	859	7	(.)	(.)	_	_	_	_	_	shortpause	_	ContainsVariation=No	_	_	_	_	_	_
859-8	BOI079	859	8	pe[rò:	però	_	_	_	_	_	linguistic	_	ContainsVariation=No	_	_	3x1	_	_	2-4(320)
859-9	BOI079	859	9	sì	sì	_	_	_	_	_	linguistic	_	ContainsVariation=No	_	_	_	_	_	0-2(320)
859-10	BOI079	859	10	non	non	_	_	_	_	_	linguistic	_	ContainsVariation=No	_	_	_	_	_	0-3(320)
859-11	BOI079	859	11	la	la	_	_	_	_	_	linguistic	_	ContainsVariation=No	_	_	_	_	_	0-2(320)
859-12	BOI079	859	12	chiame]rei	chiamerei	_	_	_	_	_	linguistic	_	ContainsVariation=No	_	_	_	_	_	0-6(320)
859-13	BOI079	859	13	una	una	_	_	_	_	_	linguistic	_	ContainsVariation=No	_	_	_	_	_	_
859-14	BOI079	859	14	discoteca:	discoteca	_	_	_	_	_	linguistic	_	ContainsVariation=No	_	_	8x1	_	_	_
859-15	BOI079	859	15	cioè	cioè	_	_	_	_	_	linguistic	_	ContainsVariation=No	_	_	_	_	_	_
859-16	BOI079	859	16	è	è	_	_	_	_	_	linguistic	_	ContainsVariation=No	_	_	_	_	_	_
859-17	BOI079	859	17	più:	più	_	_	_	_	_	linguistic	_	ContainsVariation=No	_	End=1398.818	2x1	_	_	_
860-0	BOI078	860	0	[non	non	_	_	_	_	_	linguistic	_	ContainsVariation=No	_	Begin=1396.241	_	_	_	0-3(320)
860-1	BOI078	860	1	ci	ci	_	_	_	_	_	linguistic	_	ContainsVariation=No	_	_	_	_	_	0-2(320)
860-2	BOI078	860	2	son	son	_	_	_	_	_	linguistic	_	ContainsVariation=No	_	_	_	_	_	0-3(320)
860-3	BOI078	860	3	mai	mai	_	_	_	_	_	linguistic	_	ContainsVariation=No	_	_	_	_	_	0-3(320)
860-4	BOI078	860	4	andato]	andato	_	_	_	_	_	linguistic	_	ContainsVariation=No	_	End=1397.127	_	_	_	0-6(320)
861-0	BOR020	861	0	oddio	oddio	_	_	_	_	_	linguistic	_	ContainsVariation=No	_	Begin=1400.591	_	_	_	_
861-1	BOR020	861	1	per	per	_	_	_	_	_	linguistic	_	ContainsVariation=No	_	_	_	_	_	_
861-2	BOR020	861	2	m~	m~	_	_	_	_	_	linguistic	_	ContainsVariation=No	Interrupted=Yes	_	_	_	_	_
861-3	BOR020	861	3	nella	nella	_	_	_	_	_	linguistic	_	ContainsVariation=No	_	_	_	_	_	_
861-4	BOR020	861	4	mia	mia	_	_	_	_	_	linguistic	_	ContainsVariation=No	PauseAfter=Yes	_	_	_	_	_
861-5	BOR020	861	5	(.)	(.)	_	_	_	_	_	shortpause	_	ContainsVariation=No	_	_	_	_	_	_
861-6	BOR020	861	6	testa	testa	_	_	_	_	_	linguistic	_	ContainsVariation=No	_	_	_	_	_	_
861-7	BOR020	861	7	sono	sono	_	_	_	_	_	linguistic	_	ContainsVariation=No	_	_	_	_	_	_
861-8	BOR020	861	8	discoteche	discoteche	_	_	_	_	_	linguistic	_	ContainsVariation=No	_	_	_	_	_	_
861-9	BOR020	861	9	quelle	quelle	_	_	_	_	_	linguistic	_	ContainsVariation=No	_	_	_	_	_	_
861-10	BOR020	861	10	ti[(po)]	tipo	_	_	_	_	_	linguistic	_	ContainsVariation=No	_	End=1403.205	_	_	2-4(0)	2-4(321)
862-0	BOI079	862	0	>[no]	no	_	_	_	_	_	linguistic	_	ContainsVariation=No	_	Begin=1403.082	_	Fast=0-2(0)	_	0-2(321)
862-1	BOI079	862	1	no<	no	_	_	_	_	_	linguistic	_	ContainsVariation=No	_	_	_	Fast=0-2(0)	_	_
862-2	BOI079	862	2	allora	allora	_	_	_	_	_	linguistic	_	ContainsVariation=No	_	_	_	_	_	_
862-3	BOI079	862	3	ci	ci	_	_	_	_	_	linguistic	_	ContainsVariation=No	_	_	_	_	_	_
862-4	BOI079	862	4	sta	sta	_	_	_	_	_	linguistic	_	ContainsVariation=No	_	_	_	_	_	_
862-5	BOI079	862	5	vabbè	vabbè	_	_	_	_	_	linguistic	_	ContainsVariation=No	_	_	_	_	_	_
862-6	BOI079	862	6	in	in	_	_	_	_	_	linguistic	_	ContainsVariation=No	_	_	_	_	_	_
862-7	BOI079	862	7	quel	quel	_	_	_	_	_	linguistic	_	ContainsVariation=No	_	_	_	_	_	_
862-8	BOI079	862	8	caso::	caso	_	_	_	_	_	linguistic	_	ContainsVariation=No	PauseAfter=Yes	_	3x2	_	_	_
862-9	BOI079	862	9	(.)	(.)	_	_	_	_	_	shortpause	_	ContainsVariation=No	_	_	_	_	_	_
862-10	BOI079	862	10	sì	sì	_	_	_	_	_	linguistic	_	ContainsVariation=No	_	End=1405.772	_	_	_	_
863-0	BOI079	863	0	e:::h	eh	_	_	_	_	_	linguistic	_	ContainsVariation=No	PauseAfter=Yes	Begin=1406.716	0x3	_	_	_
863-1	BOI079	863	1	(.)	(.)	_	_	_	_	_	shortpause	_	ContainsVariation=No	_	_	_	_	_	_
863-2	BOI079	863	2	poi	poi	_	_	_	_	_	linguistic	_	ContainsVariation=No	_	_	_	_	_	_
863-3	BOI079	863	3	c'	c'	_	_	_	_	_	linguistic	_	ContainsVariation=No	SpaceAfter=No	_	_	_	_	_
863-4	BOI079	863	4	è	è	_	_	_	_	_	linguistic	_	ContainsVariation=No	_	_	_	_	_	_
863-5	BOI079	863	5	il	il	_	_	_	_	_	linguistic	_	ContainsVariation=No	_	_	_	_	_	_
863-6	BOI079	863	6	red,	red	_	_	_	_	_	linguistic	_	ContainsVariation=No	Intonation=WeaklyRising	_	_	_	_	_
863-7	BOI079	863	7	ma	ma	_	_	_	_	_	linguistic	_	ContainsVariation=No	_	_	_	_	_	_
863-8	BOI079	863	8	non	non	_	_	_	_	_	linguistic	_	ContainsVariation=No	_	_	_	_	_	_
863-9	BOI079	863	9	ci	ci	_	_	_	_	_	linguistic	_	ContainsVariation=No	_	_	_	_	_	_
863-10	BOI079	863	10	sono	sono	_	_	_	_	_	linguistic	_	ContainsVariation=No	_	_	_	_	_	_
863-11	BOI079	863	11	mai	mai	_	_	_	_	_	linguistic	_	ContainsVariation=No	_	_	_	_	_	_
863-12	BOI079	863	12	stato,	stato	_	_	_	_	_	linguistic	_	ContainsVariation=No	Intonation=WeaklyRising	End=1409.567	_	_	_	_
864-0	BOI079	864	0	°che	che	_	_	_	_	_	linguistic	_	ContainsVariation=No	Volume=low	Begin=1410.58	_	_	_	_
864-1	BOI079	864	1	però	però	_	_	_	_	_	linguistic	_	ContainsVariation=No	Volume=low	_	_	_	_	_
864-2	BOI079	864	2	è	è	_	_	_	_	_	linguistic	_	ContainsVariation=No	Volume=low	_	_	_	_	_
864-3	BOI079	864	3	sempre	sempre	_	_	_	_	_	linguistic	_	ContainsVariation=No	Volume=low	_	_	_	_	_
864-4	BOI079	864	4	un	un	_	_	_	_	_	linguistic	_	ContainsVariation=No	Volume=low	_	_	_	_	_
864-5	BOI079	864	5	po::'	po'	_	_	_	_	_	linguistic	_	ContainsVariation=No	Volume=low	_	1x2	_	_	_
864-6	BOI079	864	6	per°	per	_	_	_	_	_	linguistic	_	ContainsVariation=No	Volume=low	End=1412.305	_	_	_	_
865-0	BOR022	865	0	ah	ah	_	_	_	_	_	linguistic	_	ContainsVariation=No	_	Begin=1413.596	_	_	_	_
865-1	BOR022	865	1	quello	quello	_	_	_	_	_	linguistic	_	ContainsVariation=No	_	_	_	_	_	_
865-2	BOR022	865	2	manco	manco	_	_	_	_	_	linguistic	_	ContainsVariation=No	_	_	_	_	_	_
865-3	BOR022	865	3	io	io	_	_	_	_	_	linguistic	_	ContainsVariation=No	_	_	_	_	_	_
865-4	BOR022	865	4	in	in	_	_	_	_	_	linguistic	_	ContainsVariation=No	_	_	_	_	_	_
865-5	BOR022	865	5	realtà	realtà	_	_	_	_	_	linguistic	_	ContainsVariation=No	_	End=1414.927	_	_	_	_
866-0	BOR020	866	0	vabbè	vabbè	_	_	_	_	_	linguistic	_	ContainsVariation=No	_	Begin=1415.457	_	_	_	_
866-1	BOR020	866	1	perché	perché	_	_	_	_	_	linguistic	_	ContainsVariation=No	_	_	_	_	_	_
866-2	BOR020	866	2	fai	fai	_	_	_	_	_	linguistic	_	ContainsVariation=No	_	_	_	_	_	_
866-3	BOR020	866	3	serate	serate	_	_	_	_	_	linguistic	_	ContainsVariation=No	_	_	_	_	_	_
866-4	BOR020	866	4	un	un	_	_	_	_	_	linguistic	_	ContainsVariation=No	_	_	_	_	_	_
866-5	BOR020	866	5	po'	po'	_	_	_	_	_	linguistic	_	ContainsVariation=No	_	_	_	_	_	_
866-6	BOR020	866	6	più:	più	_	_	_	_	_	linguistic	_	ContainsVariation=No	_	End=1417.166	2x1	_	_	_
867-0	BOR020	867	0	strong	strong	_	_	_	_	_	linguistic	_	ContainsVariation=No	_	Begin=1417.456|End=1418.079	_	_	_	_
868-0	BOI079	868	0	sì	sì	_	_	_	_	_	linguistic	_	ContainsVariation=No	_	Begin=1418.648	_	_	_	_
868-1	BOI079	868	1	c(io)è::	cioè	_	_	_	_	_	linguistic	_	ContainsVariation=No	Reduced=Yes	_	3x2	_	_	_
868-2	BOI079	868	2	sì:	sì	_	_	_	_	_	linguistic	_	ContainsVariation=No	_	End=1420.142	1x1	_	_	_
869-0	BOI079	869	0	ma	ma	_	_	_	_	_	linguistic	_	ContainsVariation=No	_	Begin=1420.286	_	_	_	_
869-1	BOI079	869	1	io	io	_	_	_	_	_	linguistic	_	ContainsVariation=No	_	_	_	_	_	_
869-2	BOI079	869	2	non	non	_	_	_	_	_	linguistic	_	ContainsVariation=No	_	_	_	_	_	_
869-3	BOI079	869	3	ci	ci	_	_	_	_	_	linguistic	_	ContainsVariation=No	_	_	_	_	_	_
869-4	BOI079	869	4	sono	sono	_	_	_	_	_	linguistic	_	ContainsVariation=No	_	_	_	_	_	_
869-5	BOI079	869	5	mai	mai	_	_	_	_	_	linguistic	_	ContainsVariation=No	_	_	_	_	_	_
869-6	BOI079	869	6	stato	stato	_	_	_	_	_	linguistic	_	ContainsVariation=No	_	_	_	_	_	_
869-7	BOI079	869	7	in	in	_	_	_	_	_	linguistic	_	ContainsVariation=No	_	_	_	_	_	_
869-8	BOI079	869	8	realtà	realtà	_	_	_	_	_	linguistic	_	ContainsVariation=No	_	_	_	_	_	_
869-9	BOI079	869	9	c'	c'	_	_	_	_	_	linguistic	_	ContainsVariation=No	SpaceAfter=No	_	_	_	_	_
869-10	BOI079	869	10	è	è	_	_	_	_	_	linguistic	_	ContainsVariation=No	_	_	_	_	_	_
869-11	BOI079	869	11	una	una	_	_	_	_	_	linguistic	_	ContainsVariation=No	_	_	_	_	_	_
869-12	BOI079	869	12	>mia	mia	_	_	_	_	_	linguistic	_	ContainsVariation=No	_	_	_	Fast=0-3(0)	_	_
869-13	BOI079	869	13	amica	amica	_	_	_	_	_	linguistic	_	ContainsVariation=No	_	_	_	Fast=0-5(0)	_	_
869-14	BOI079	869	14	che	che	_	_	_	_	_	linguistic	_	ContainsVariation=No	_	_	_	Fast=0-3(0)	_	_
869-15	BOI079	869	15	mi	mi	_	_	_	_	_	linguistic	_	ContainsVariation=No	_	_	_	Fast=0-2(0)	_	_
869-16	BOI079	869	16	vuole	vuole	_	_	_	_	_	linguistic	_	ContainsVariation=No	_	_	_	Fast=0-5(0)	_	_
869-17	BOI079	869	17	sempre	sempre	_	_	_	_	_	linguistic	_	ContainsVariation=No	_	_	_	Fast=0-6(0)	_	_
869-18	BOI079	869	18	portare<	portare	_	_	_	_	_	linguistic	_	ContainsVariation=No	_	_	_	Fast=0-7(0)	_	_
869-19	BOI079	869	19	°non	non	_	_	_	_	_	linguistic	_	ContainsVariation=No	Volume=low	_	_	_	_	_
869-20	BOI079	869	20	son	son	_	_	_	_	_	linguistic	_	ContainsVariation=No	Volume=low	_	_	_	_	_
869-21	BOI079	869	21	mai	mai	_	_	_	_	_	linguistic	_	ContainsVariation=No	Volume=low	_	_	_	_	_
869-22	BOI079	869	22	andato°	andato	_	_	_	_	_	linguistic	_	ContainsVariation=No	Volume=low	End=1423.526	_	_	_	_
870-0	BOR020	870	0	io	io	_	_	_	_	_	linguistic	_	ContainsVariation=No	_	Begin=1424.241	_	_	_	_
870-1	BOR020	870	1	ho	ho	_	_	_	_	_	linguistic	_	ContainsVariation=No	_	_	_	_	_	_
870-2	BOR020	870	2	sempre	sempre	_	_	_	_	_	linguistic	_	ContainsVariation=No	_	_	_	_	_	_
870-3	BOR020	870	3	spinto	spinto	_	_	_	_	_	linguistic	_	ContainsVariation=No	_	_	_	_	_	_
870-4	BOR020	870	4	ad	ad	_	_	_	_	_	linguistic	_	ContainsVariation=No	_	_	_	_	_	_
870-5	BOR020	870	5	andare	andare	_	_	_	_	_	linguistic	_	ContainsVariation=No	_	_	_	_	_	_
870-6	BOR020	870	6	alla	alla	_	_	_	_	_	linguistic	_	ContainsVariation=No	_	_	_	_	_	_
870-7	BOR020	870	7	gente	gente	_	_	_	_	_	linguistic	_	ContainsVariation=No	_	_	_	_	_	_
870-8	BOR020	870	8	x	x	_	_	_	_	_	unknown	_	ContainsVariation=No	Syllables=1	_	_	_	_	_
870-9	BOR020	870	9	nessu[no	nessuno	_	_	_	_	_	linguistic	_	ContainsVariation=No	_	_	_	_	_	5-7(322)
870-10	BOR020	870	10	mi	mi	_	_	_	_	_	linguistic	_	ContainsVariation=No	_	_	_	_	_	0-2(322)
870-11	BOR020	870	11	ha	ha	_	_	_	_	_	linguistic	_	ContainsVariation=No	_	_	_	_	_	0-2(322)
870-12	BOR020	870	12	mai	mai	_	_	_	_	_	linguistic	_	ContainsVariation=No	_	_	_	_	_	0-3(322)
870-13	BOR020	870	13	dato]	dato	_	_	_	_	_	linguistic	_	ContainsVariation=No	_	_	_	_	_	0-4(322)
870-14	BOR020	870	14	corda	corda	_	_	_	_	_	linguistic	_	ContainsVariation=No	_	End=1427.681	_	_	_	_
871-0	BOI079	871	0	[ah	ah	_	_	_	_	_	linguistic	_	ContainsVariation=No	_	Begin=1426.485	_	_	_	0-2(322)
871-1	BOI079	871	1	xx]	xx	_	_	_	_	_	unknown	_	ContainsVariation=No	Syllables=2	End=1427.099	_	_	_	0-2(322)
872-0	BOR020	872	0	sì:	sì	_	_	_	_	_	linguistic	_	ContainsVariation=No	_	Begin=1427.736|End=1427.963	1x1	_	_	_
873-0	BOI079	873	0	e:h	eh	_	_	_	_	_	linguistic	_	ContainsVariation=No	_	Begin=1427.999|End=1428.238	0x1	_	_	_
874-0	BOI078	874	0	al	al	_	_	_	_	_	linguistic	_	ContainsVariation=No	_	Begin=1428.382	_	_	_	_
874-1	BOI078	874	1	red?	red	_	_	_	_	_	linguistic	_	ContainsVariation=No	Intonation=Rising	End=1429.131	_	_	_	_
875-0	BOI078	875	0	[dov'	dov'	_	_	_	_	_	linguistic	_	ContainsVariation=No	SpaceAfter=No	Begin=1429.383	_	_	_	0-4(323)
875-1	BOI078	875	1	è	è	_	_	_	_	_	linguistic	_	ContainsVariation=No	_	_	_	_	_	0-1(323)
875-2	BOI078	875	2	il	il	_	_	_	_	_	linguistic	_	ContainsVariation=No	_	_	_	_	_	0-2(323)
875-3	BOI078	875	3	r]ed?	red	_	_	_	_	_	linguistic	_	ContainsVariation=No	Intonation=Rising	End=1430.127	_	_	_	0-1(323)
876-0	BOR020	876	0	[x]	x	_	_	_	_	_	unknown	_	ContainsVariation=No	Syllables=1	Begin=1429.384|End=1429.695	_	_	_	0-1(323)
877-0	BOI079	877	0	e::h	eh	_	_	_	_	_	linguistic	_	ContainsVariation=No	_	Begin=1430.753	0x2	_	_	_
877-1	BOI079	877	1	boh	boh	_	_	_	_	_	linguistic	_	ContainsVariation=No	_	_	_	_	_	_
877-2	BOI079	877	2	alle	alle	_	_	_	_	_	linguistic	_	ContainsVariation=No	_	_	_	_	_	_
877-3	BOI079	877	3	roveri	roveri	_	_	_	_	_	linguistic	_	ContainsVariation=No	_	_	_	_	_	_
877-4	BOI079	877	4	no	no	_	_	_	_	_	linguistic	_	ContainsVariation=No	_	_	_	_	_	_
877-5	BOI079	877	5	non	non	_	_	_	_	_	linguistic	_	ContainsVariation=No	_	_	_	_	_	_
877-6	BOI079	877	6	lo	lo	_	_	_	_	_	linguistic	_	ContainsVariation=No	_	_	_	_	_	_
877-7	BOI079	877	7	so	so	_	_	_	_	_	linguistic	_	ContainsVariation=No	_	End=1433.007	_	_	_	_
878-0	BOR020	878	0	non	non	_	_	_	_	_	linguistic	_	ContainsVariation=No	_	Begin=1433.634	_	_	_	_
878-1	BOR020	878	1	lo	lo	_	_	_	_	_	linguistic	_	ContainsVariation=No	_	_	_	_	_	_
878-2	BOR020	878	2	so	so	_	_	_	_	_	linguistic	_	ContainsVariation=No	_	_	_	_	_	_
878-3	BOR020	878	3	fuo~	fuo~	_	_	_	_	_	linguistic	_	ContainsVariation=No	Interrupted=Yes|PauseAfter=Yes	_	_	_	_	_
878-4	BOR020	878	4	(.)	(.)	_	_	_	_	_	shortpause	_	ContainsVariation=No	_	_	_	_	_	_
878-5	BOR020	878	5	s~	s~	_	_	_	_	_	linguistic	_	ContainsVariation=No	Interrupted=Yes	_	_	_	_	_
878-6	BOR020	878	6	[in	in	_	_	_	_	_	linguistic	_	ContainsVariation=No	_	_	_	_	_	0-2(324)
878-7	BOR020	878	7	su	su	_	_	_	_	_	linguistic	_	ContainsVariation=No	_	_	_	_	_	0-2(324)
878-8	BOR020	878	8	comunque]	comunque	_	_	_	_	_	linguistic	_	ContainsVariation=No	_	End=1435.884	_	_	_	0-8(324)
879-0	BOI079	879	0	[fuori]	fuori	_	_	_	_	_	linguistic	_	ContainsVariation=No	_	Begin=1434.637|End=1435.222	_	_	_	0-5(325)
880-0	BOI078	880	0	[un	un	_	_	_	_	_	linguistic	_	ContainsVariation=No	_	Begin=1435.222	_	_	_	0-2(324)
880-1	BOI078	880	1	po'	po'	_	_	_	_	_	linguistic	_	ContainsVariation=No	_	_	_	_	_	0-3(324)
880-2	BOI078	880	2	fuori	fuori	_	_	_	_	_	linguistic	_	ContainsVariation=No	_	_	_	_	_	0-5(324)
880-3	BOI078	880	3	un	un	_	_	_	_	_	linguistic	_	ContainsVariation=No	_	_	_	_	_	0-2(324)
880-4	BOI078	880	4	p]o'	po'	_	_	_	_	_	linguistic	_	ContainsVariation=No	_	_	_	_	_	0-1(324)
880-5	BOI078	880	5	fuori	fuori	_	_	_	_	_	linguistic	_	ContainsVariation=No	_	_	_	_	_	_
880-6	BOI078	880	6	[xxx]x	xxxx	_	_	_	_	_	unknown	_	ContainsVariation=No	Syllables=4	End=1436.613	_	_	_	0-3(326)
881-0	BOR020	881	0	[eh]	eh	_	_	_	_	_	linguistic	_	ContainsVariation=No	_	Begin=1435.962|End=1436.298	_	_	_	0-2(326)
882-0	BOI079	882	0	e	e	_	_	_	_	_	linguistic	_	ContainsVariation=No	_	Begin=1436.83	_	_	_	_
882-1	BOI079	882	1	poi	poi	_	_	_	_	_	linguistic	_	ContainsVariation=No	_	_	_	_	_	_
882-2	BOI079	882	2	eh	eh	_	_	_	_	_	linguistic	_	ContainsVariation=No	PauseAfter=Yes	_	_	_	_	_
882-3	BOI079	882	3	(.)	(.)	_	_	_	_	_	shortpause	_	ContainsVariation=No	_	_	_	_	_	_
882-4	BOI079	882	4	vabbè	vabbè	_	_	_	_	_	linguistic	_	ContainsVariation=No	_	_	_	_	_	_
882-5	BOI079	882	5	sì	sì	_	_	_	_	_	linguistic	_	ContainsVariation=No	_	End=1437.811	_	_	_	_
883-0	BOI078	883	0	no	no	_	_	_	_	_	linguistic	_	ContainsVariation=No	_	Begin=1437.811	_	_	_	_
883-1	BOI078	883	1	sì	sì	_	_	_	_	_	linguistic	_	ContainsVariation=No	_	_	_	_	_	_
883-2	BOI078	883	2	c~	c~	_	_	_	_	_	linguistic	_	ContainsVariation=No	Interrupted=Yes	_	_	_	_	_
883-3	BOI078	883	3	poi	poi	_	_	_	_	_	linguistic	_	ContainsVariation=No	_	_	_	_	_	_
883-4	BOI078	883	4	c'	c'	_	_	_	_	_	linguistic	_	ContainsVariation=No	SpaceAfter=No	_	_	_	_	_
883-5	BOI078	883	5	è	è	_	_	_	_	_	linguistic	_	ContainsVariation=No	_	_	_	_	_	_
883-6	BOI078	883	6	un	un	_	_	_	_	_	linguistic	_	ContainsVariation=No	_	_	_	_	_	_
883-7	BOI078	883	7	f~	f~	_	_	_	_	_	linguistic	_	ContainsVariation=No	Interrupted=Yes|PauseAfter=Yes	_	_	_	_	_
883-8	BOI078	883	8	(.)	(.)	_	_	_	_	_	shortpause	_	ContainsVariation=No	_	_	_	_	_	_
883-9	BOI078	883	9	un	un	_	_	_	_	_	linguistic	_	ContainsVariation=No	_	_	_	_	_	_
883-10	BOI078	883	10	fatto	fatto	_	_	_	_	_	linguistic	_	ContainsVariation=No	_	_	_	_	_	_
883-11	BOI078	883	11	anche	anche	_	_	_	_	_	linguistic	_	ContainsVariation=No	_	_	_	_	_	_
883-12	BOI078	883	12	di	di	_	_	_	_	_	linguistic	_	ContainsVariation=No	_	_	_	_	_	_
883-13	BOI078	883	13	como[dità]	comodità	_	_	_	_	_	linguistic	_	ContainsVariation=No	_	End=1440.093	_	_	_	3-8(327)
884-0	BOI079	884	0	[no	no	_	_	_	_	_	linguistic	_	ContainsVariation=No	_	Begin=1439.839	_	_	_	0-2(327)
884-1	BOI079	884	1	vabbè]	vabbè	_	_	_	_	_	linguistic	_	ContainsVariation=No	_	_	_	_	_	0-5(327)
884-2	BOI079	884	2	però	però	_	_	_	_	_	linguistic	_	ContainsVariation=No	_	_	_	_	_	_
884-3	BOI079	884	3	t~	t~	_	_	_	_	_	linguistic	_	ContainsVariation=No	Interrupted=Yes	_	_	_	_	_
884-4	BOI079	884	4	capito	capito	_	_	_	_	_	linguistic	_	ContainsVariation=No	_	_	_	_	_	_
884-5	BOI079	884	5	tipo	tipo	_	_	_	_	_	linguistic	_	ContainsVariation=No	_	_	_	_	_	_
884-6	BOI079	884	6	quei	quei	_	_	_	_	_	linguistic	_	ContainsVariation=No	PauseAfter=Yes	_	_	_	_	_
884-7	BOI079	884	7	(.)	(.)	_	_	_	_	_	shortpause	_	ContainsVariation=No	_	_	_	_	_	_
884-8	BOI079	884	8	postacci	postacci	_	_	_	_	_	linguistic	_	ContainsVariation=No	_	_	_	_	_	_
884-9	BOI079	884	9	tipo:	tipo	_	_	_	_	_	linguistic	_	ContainsVariation=No	_	_	3x1	_	_	_
884-10	BOI079	884	10	b[oh	boh	_	_	_	_	_	linguistic	_	ContainsVariation=No	PauseAfter=Yes	_	_	_	_	1-3(328)
884-11	BOI079	884	11	(.)	(.)	_	_	_	_	_	shortpause	_	ContainsVariation=No	_	_	_	_	_	X(328)
884-12	BOI079	884	12	il	il	_	_	_	_	_	linguistic	_	ContainsVariation=No	_	_	_	_	_	0-2(328)
884-13	BOI079	884	13	numa]:,	numa	_	_	_	_	_	linguistic	_	ContainsVariation=No	Intonation=WeaklyRising	End=1443.578	3x1	_	_	0-4(328)
885-0	BOR020	885	0	[boh	boh	_	_	_	_	_	linguistic	_	ContainsVariation=No	_	Begin=1442.257	_	_	_	0-3(328)
885-1	BOR020	885	1	tipo	tipo	_	_	_	_	_	linguistic	_	ContainsVariation=No	_	_	_	_	_	0-4(328)
885-2	BOR020	885	2	al	al	_	_	_	_	_	linguistic	_	ContainsVariation=No	_	_	_	_	_	0-2(328)
885-3	BOR020	885	3	qubò:]	qubò	_	_	_	_	_	linguistic	_	ContainsVariation=No	_	End=1443.254	3x1	_	_	0-4(328)
886-0	BOR020	886	0	>cioè<	cioè	_	_	_	_	_	linguistic	_	ContainsVariation=No	_	Begin=1443.677	_	Fast=0-4(0)	_	_
886-1	BOR020	886	1	il	il	_	_	_	_	_	linguistic	_	ContainsVariation=No	_	_	_	_	_	_
886-2	BOR020	886	2	mio	mio	_	_	_	_	_	linguistic	_	ContainsVariation=No	PauseAfter=Yes	_	_	_	_	_
886-3	BOR020	886	3	(.)	(.)	_	_	_	_	_	shortpause	_	ContainsVariation=No	_	_	_	_	_	_
886-4	BOR020	886	4	mio	mio	_	_	_	_	_	linguistic	_	ContainsVariation=No	_	_	_	_	_	_
886-5	BOR020	886	5	[amico]	amico	_	_	_	_	_	linguistic	_	ContainsVariation=No	_	End=1444.789	_	_	_	0-5(329)
887-0	BOR022	887	0	[che	che	_	_	_	_	_	linguistic	_	ContainsVariation=No	_	Begin=1444.44	_	_	_	0-3(329)
887-1	BOR022	887	1	sch]i:f[o]	schifo	_	_	_	_	_	linguistic	_	ContainsVariation=No	_	End=1445.33	3x1	_	_	0-3(329),5-6(330)
888-0	BOR020	888	0	[che]	che	_	_	_	_	_	linguistic	_	ContainsVariation=No	_	Begin=1445.084|End=1445.33	_	_	_	0-3(330)
889-0	BOR020	889	0	x[x]	xx	_	_	_	_	_	unknown	_	ContainsVariation=No	Syllables=2	Begin=1445.696|End=1445.931	_	_	_	1-2(331)
890-0	BOR022	890	0	[da]:i	dai	_	_	_	_	_	linguistic	_	ContainsVariation=No	_	Begin=1445.769|End=1446.215	1x1	_	_	0-2(331)
891-0	BOI079	891	0	e:h	eh	_	_	_	_	_	linguistic	_	ContainsVariation=No	_	Begin=1446.215|End=1446.486	0x1	_	_	_
892-0	BOR022	892	0	((ride))	((ride))	_	_	_	_	_	nonverbalbehavior	_	ContainsVariation=No	_	Begin=1446.696	_	_	_	_
892-1	BOR022	892	1	[che	che	_	_	_	_	_	linguistic	_	ContainsVariation=No	_	_	_	_	_	0-3(332)
892-2	BOR022	892	2	schifo	schifo	_	_	_	_	_	linguistic	_	ContainsVariation=No	_	_	_	_	_	0-6(332)
892-3	BOR022	892	3	il	il	_	_	_	_	_	linguistic	_	ContainsVariation=No	_	_	_	_	_	0-2(332)
892-4	BOR022	892	4	qubò]	qubò	_	_	_	_	_	linguistic	_	ContainsVariation=No	_	_	_	_	_	0-4(332)
892-5	BOR022	892	5	((ride))	((ride))	_	_	_	_	_	nonverbalbehavior	_	ContainsVariation=No	_	End=1448.209	_	_	_	_
893-0	BOR020	893	0	[OKAY	okay	_	_	_	_	_	linguistic	_	ContainsVariation=No	PauseAfter=Yes|Volume=high	Begin=1446.743	_	_	_	0-4(332)
893-1	BOR020	893	1	(.)	(.)	_	_	_	_	_	shortpause	_	ContainsVariation=No	_	_	_	_	_	X(332)
893-2	BOR020	893	2	okay]	okay	_	_	_	_	_	linguistic	_	ContainsVariation=No	_	End=1448.016	_	_	_	0-4(332)
894-0	BOR020	894	0	però:	però	_	_	_	_	_	linguistic	_	ContainsVariation=No	PauseAfter=Yes	Begin=1448.507	3x1	_	_	_
894-1	BOR020	894	1	(.)	(.)	_	_	_	_	_	shortpause	_	ContainsVariation=No	_	_	_	_	_	_
894-2	BOR020	894	2	tipo	tipo	_	_	_	_	_	linguistic	_	ContainsVariation=No	_	End=1449.335	_	_	_	_
895-0	BOR020	895	0	il	il	_	_	_	_	_	linguistic	_	ContainsVariation=No	_	Begin=1450.217	_	_	_	_
895-1	BOR020	895	1	[mio	mio	_	_	_	_	_	linguistic	_	ContainsVariation=No	_	_	_	_	_	0-3(333)
895-2	BOR020	895	2	t~]	t~	_	_	_	_	_	linguistic	_	ContainsVariation=No	Interrupted=Yes	End=1450.64	_	_	_	0-2(333)
896-0	BOI078	896	0	[dov'	dov'	_	_	_	_	_	linguistic	_	ContainsVariation=No	SpaceAfter=No	Begin=1450.311	_	_	_	0-4(333)
896-1	BOI078	896	1	è	è	_	_	_	_	_	linguistic	_	ContainsVariation=No	_	_	_	_	_	0-1(333)
896-2	BOI078	896	2	il	il	_	_	_	_	_	linguistic	_	ContainsVariation=No	_	_	_	_	_	0-2(333)
896-3	BOI078	896	3	qub]ò?	qubò	_	_	_	_	_	linguistic	_	ContainsVariation=No	Intonation=Rising	End=1450.795	_	_	_	0-3(333)
897-0	BOR020	897	0	x	x	_	_	_	_	_	unknown	_	ContainsVariation=No	Syllables=1	Begin=1451.566|End=1451.713	_	_	_	_
898-0	BOI079	898	0	x	x	_	_	_	_	_	unknown	_	ContainsVariation=No	Syllables=1	Begin=1451.713|End=1451.876	_	_	_	_
899-0	BOR020	899	0	m:h	mh	_	_	_	_	_	linguistic	_	ContainsVariation=No	_	Begin=1452.069	0x1	_	_	_
899-1	BOR020	899	1	via	via	_	_	_	_	_	linguistic	_	ContainsVariation=No	_	_	_	_	_	_
899-2	BOR020	899	2	santo	santo	_	_	_	_	_	linguistic	_	ContainsVariation=No	_	_	_	_	_	_
899-3	BOR020	899	3	stefan~	stefan~	_	_	_	_	_	linguistic	_	ContainsVariation=No	Interrupted=Yes	_	_	_	_	_
899-4	BOR020	899	4	no	no	_	_	_	_	_	linguistic	_	ContainsVariation=No	_	_	_	_	_	_
899-5	BOR020	899	5	mh	mh	_	_	_	_	_	linguistic	_	ContainsVariation=No	_	_	_	_	_	_
899-6	BOR020	899	6	dai	dai	_	_	_	_	_	linguistic	_	ContainsVariation=No	_	End=1454.053	_	_	_	_
900-0	BOR020	900	0	v[icino	vicino	_	_	_	_	_	linguistic	_	ContainsVariation=No	_	Begin=1454.372	_	_	_	1-6(334)
900-1	BOR020	900	1	alla	alla	_	_	_	_	_	linguistic	_	ContainsVariation=No	_	_	_	_	_	0-4(334)
900-2	BOR020	900	2	vecchia	vecchia	_	_	_	_	_	linguistic	_	ContainsVariation=No	_	_	_	_	_	0-7(334)
900-3	BOR020	900	3	stalla	stalla	_	_	_	_	_	linguistic	_	ContainsVariation=No	_	_	_	_	_	0-6(334)
900-4	BOR020	900	4	c]omunque	comunque	_	_	_	_	_	linguistic	_	ContainsVariation=No	_	End=1455.988	_	_	_	0-1(334)
901-0	BOR022	901	0	[e:h	eh	_	_	_	_	_	linguistic	_	ContainsVariation=No	_	Begin=1454.433	0x1	_	_	0-2(334)
901-1	BOR022	901	1	non	non	_	_	_	_	_	linguistic	_	ContainsVariation=No	_	_	_	_	_	0-3(334)
901-2	BOR022	901	2	mi	mi	_	_	_	_	_	linguistic	_	ContainsVariation=No	_	_	_	_	_	0-2(334)
901-3	BOR022	901	3	ricordo]	ricordo	_	_	_	_	_	linguistic	_	ContainsVariation=No	_	End=1455.528	_	_	_	0-7(334)
902-0	BOR020	902	0	attaccato	attaccato	_	_	_	_	_	linguistic	_	ContainsVariation=No	_	Begin=1456.299|End=1457.127	_	_	_	_
903-0	BOI079	903	0	((ride))	((ride))	_	_	_	_	_	nonverbalbehavior	_	ContainsVariation=No	_	Begin=1457.29|End=1457.834	_	_	_	_
904-0	BOR020	904	0	>cioè<	cioè	_	_	_	_	_	linguistic	_	ContainsVariation=No	_	Begin=1457.903	_	Fast=0-4(0)	_	_
904-1	BOR020	904	1	è	è	_	_	_	_	_	linguistic	_	ContainsVariation=No	PauseAfter=Yes	_	_	_	_	_
904-2	BOR020	904	2	(.)	(.)	_	_	_	_	_	shortpause	_	ContainsVariation=No	_	_	_	_	_	_
904-3	BOR020	904	3	pienissimo	pienissimo	_	_	_	_	_	linguistic	_	ContainsVariation=No	_	_	_	_	_	_
904-4	BOR020	904	4	centro	centro	_	_	_	_	_	linguistic	_	ContainsVariation=No	_	End=1459.67	_	_	_	_
905-0	BOR020	905	0	e	e	_	_	_	_	_	linguistic	_	ContainsVariation=No	_	Begin=1460.046	_	_	_	_
905-1	BOR020	905	1	tipo	tipo	_	_	_	_	_	linguistic	_	ContainsVariation=No	_	_	_	_	_	_
905-2	BOR020	905	2	lui	lui	_	_	_	_	_	linguistic	_	ContainsVariation=No	_	_	_	_	_	_
905-3	BOR020	905	3	si	si	_	_	_	_	_	linguistic	_	ContainsVariation=No	_	_	_	_	_	_
905-4	BOR020	905	4	faceva	faceva	_	_	_	_	_	linguistic	_	ContainsVariation=No	_	_	_	_	_	_
905-5	BOR020	905	5	un	un	_	_	_	_	_	linguistic	_	ContainsVariation=No	_	_	_	_	_	_
905-6	BOR020	905	6	botto	botto	_	_	_	_	_	linguistic	_	ContainsVariation=No	_	_	_	_	_	_
905-7	BOR020	905	7	di	di	_	_	_	_	_	linguistic	_	ContainsVariation=No	_	_	_	_	_	_
905-8	BOR020	905	8	serate	serate	_	_	_	_	_	linguistic	_	ContainsVariation=No	_	_	_	_	_	_
905-9	BOR020	905	9	là:	là	_	_	_	_	_	linguistic	_	ContainsVariation=No	_	_	1x1	_	_	_
905-10	BOR020	905	10	al	al	_	_	_	_	_	linguistic	_	ContainsVariation=No	_	_	_	_	_	_
905-11	BOR020	905	11	suo	suo	_	_	_	_	_	linguistic	_	ContainsVariation=No	_	_	_	_	_	_
905-12	BOR020	905	12	anno	anno	_	_	_	_	_	linguistic	_	ContainsVariation=No	PauseAfter=Yes	_	_	_	_	_
905-13	BOR020	905	13	(.)	(.)	_	_	_	_	_	shortpause	_	ContainsVariation=No	_	_	_	_	_	_
905-14	BOR020	905	14	primo	primo	_	_	_	_	_	linguistic	_	ContainsVariation=No	_	_	_	_	_	_
905-15	BOR020	905	15	anno	anno	_	_	_	_	_	linguistic	_	ContainsVariation=No	_	_	_	_	_	_
905-16	BOR020	905	16	di	di	_	_	_	_	_	linguistic	_	ContainsVariation=No	_	_	_	_	_	_
905-17	BOR020	905	17	università	università	_	_	_	_	_	linguistic	_	ContainsVariation=No	_	End=1463.892	_	_	_	_
906-0	BOI078	906	0	non	non	_	_	_	_	_	linguistic	_	ContainsVariation=No	_	Begin=1464.648	_	_	_	_
906-1	BOI078	906	1	aveva:	aveva	_	_	_	_	_	linguistic	_	ContainsVariation=No	_	End=1465.208	4x1	_	_	_
907-0	BOR020	907	0	non	non	_	_	_	_	_	linguistic	_	ContainsVariation=No	_	Begin=1465.208	_	_	_	_
907-1	BOR020	907	1	so	so	_	_	_	_	_	linguistic	_	ContainsVariation=No	_	_	_	_	_	_
907-2	BOR020	907	2	se	se	_	_	_	_	_	linguistic	_	ContainsVariation=No	_	_	_	_	_	_
907-3	BOR020	907	3	voleva	voleva	_	_	_	_	_	linguistic	_	ContainsVariation=No	_	_	_	_	_	_
907-4	BOR020	907	4	solo	solo	_	_	_	_	_	linguistic	_	ContainsVariation=No	_	_	_	_	_	_
907-5	BOR020	907	5	tipo	tipo	_	_	_	_	_	linguistic	_	ContainsVariation=No	_	_	_	_	_	_
907-6	BOR020	907	6	rimorchiare	rimorchiare	_	_	_	_	_	linguistic	_	ContainsVariation=No	_	_	_	_	_	_
907-7	BOR020	907	7	un	un	_	_	_	_	_	linguistic	_	ContainsVariation=No	_	_	_	_	_	_
907-8	BOR020	907	8	[botto:]	botto	_	_	_	_	_	linguistic	_	ContainsVariation=No	_	End=1467.656	4x1	_	_	0-5(335)
908-0	BOI079	908	0	[chi?	chi	_	_	_	_	_	linguistic	_	ContainsVariation=No	Intonation=Rising	Begin=1467.125	_	_	_	0-3(335)
908-1	BOI079	908	1	ques]to	questo	_	_	_	_	_	linguistic	_	ContainsVariation=No	_	End=1467.896	_	_	_	0-4(335)
909-0	BOR020	909	0	boh	boh	_	_	_	_	_	linguistic	_	ContainsVariation=No	_	Begin=1468.0	_	_	_	_
909-1	BOR020	909	1	un	un	_	_	_	_	_	linguistic	_	ContainsVariation=No	_	_	_	_	_	_
909-2	BOR020	909	2	mio	mio	_	_	_	_	_	linguistic	_	ContainsVariation=No	_	_	_	_	_	_
909-3	BOR020	909	3	ami[co::	amico	_	_	_	_	_	linguistic	_	ContainsVariation=No	PauseAfter=Yes	_	4x2	_	_	3-5(336)
909-4	BOR020	909	4	(.)	(.)	_	_	_	_	_	shortpause	_	ContainsVariation=No	_	_	_	_	_	X(336)
909-5	BOR020	909	5	pi~]	pi~	_	_	_	_	_	linguistic	_	ContainsVariation=No	Interrupted=Yes	_	_	_	_	0-3(336)
909-6	BOR020	909	6	>cioè<	cioè	_	_	_	_	_	linguistic	_	ContainsVariation=No	PauseAfter=Yes	_	_	Fast=0-4(0)	_	_
909-7	BOR020	909	7	(.)	(.)	_	_	_	_	_	shortpause	_	ContainsVariation=No	_	_	_	_	_	_
909-8	BOR020	909	8	[(piccolo)]	piccolo	_	_	_	_	_	linguistic	_	ContainsVariation=No	_	End=1470.159	_	_	0-7(0)	0-7(337)
910-0	BOI079	910	0	[ah	ah	_	_	_	_	_	linguistic	_	ContainsVariation=No	_	Begin=1468.671	_	_	_	0-2(336)
910-1	BOI079	910	1	capito]	capito	_	_	_	_	_	linguistic	_	ContainsVariation=No	_	End=1469.288	_	_	_	0-6(336)
911-0	BOI079	911	0	[non	non	_	_	_	_	_	linguistic	_	ContainsVariation=No	_	Begin=1469.738	_	_	_	0-3(337)
911-1	BOI079	911	1	so	so	_	_	_	_	_	linguistic	_	ContainsVariation=No	_	_	_	_	_	0-2(337)
911-2	BOI079	911	2	io	io	_	_	_	_	_	linguistic	_	ContainsVariation=No	_	_	_	_	_	0-2(337)
911-3	BOI079	911	3	non	non	_	_	_	_	_	linguistic	_	ContainsVariation=No	_	_	_	_	_	0-3(337)
911-4	BOI079	911	4	c]i	ci	_	_	_	_	_	linguistic	_	ContainsVariation=No	_	_	_	_	_	0-1(337)
911-5	BOI079	911	5	sono	sono	_	_	_	_	_	linguistic	_	ContainsVariation=No	_	_	_	_	_	_
911-6	BOI079	911	6	mai	mai	_	_	_	_	_	linguistic	_	ContainsVariation=No	_	_	_	_	_	_
911-7	BOI079	911	7	stato	stato	_	_	_	_	_	linguistic	_	ContainsVariation=No	_	_	_	_	_	_
911-8	BOI079	911	8	manco	manco	_	_	_	_	_	linguistic	_	ContainsVariation=No	_	_	_	_	_	_
911-9	BOI079	911	9	lì	lì	_	_	_	_	_	linguistic	_	ContainsVariation=No	_	End=1471.161	_	_	_	_
912-0	BOI079	912	0	al	al	_	_	_	_	_	linguistic	_	ContainsVariation=No	_	Begin=1471.526	_	_	_	_
912-1	BOI079	912	1	qubò	qubò	_	_	_	_	_	linguistic	_	ContainsVariation=No	_	End=1471.962	_	_	_	_
913-0	BOI079	913	0	però::	però	_	_	_	_	_	linguistic	_	ContainsVariation=No	_	Begin=1472.325	3x2	_	_	_
913-1	BOI079	913	1	>vabbè<	vabbè	_	_	_	_	_	linguistic	_	ContainsVariation=No	_	End=1472.921	_	Fast=0-5(0)	_	_
914-0	BOI078	914	0	(qui)	qui	_	_	_	_	_	linguistic	_	ContainsVariation=No	_	Begin=1473.393	_	_	0-3(0)	_
914-1	BOI078	914	1	la	la	_	_	_	_	_	linguistic	_	ContainsVariation=No	_	_	_	_	_	_
914-2	BOI078	914	2	domanda	domanda	_	_	_	_	_	linguistic	_	ContainsVariation=No	_	_	_	_	_	_
914-3	BOI078	914	3	sorge	sorge	_	_	_	_	_	linguistic	_	ContainsVariation=No	_	_	_	_	_	_
914-4	BOI078	914	4	spontanea	spontanea	_	_	_	_	_	linguistic	_	ContainsVariation=No	PauseAfter=Yes	_	_	_	_	_
914-5	BOI078	914	5	(.)	(.)	_	_	_	_	_	shortpause	_	ContainsVariation=No	_	_	_	_	_	_
914-6	BOI078	914	6	che	che	_	_	_	_	_	linguistic	_	ContainsVariation=No	_	_	_	_	_	_
914-7	BOI078	914	7	cazzo	cazzo	_	_	_	_	_	linguistic	_	ContainsVariation=No	_	_	_	_	_	_
914-8	BOI078	914	8	facciamo	facciamo	_	_	_	_	_	linguistic	_	ContainsVariation=No	_	_	_	_	_	_
914-9	BOI078	914	9	noi	noi	_	_	_	_	_	linguistic	_	ContainsVariation=No	_	_	_	_	_	_
914-10	BOI078	914	10	il	il	_	_	_	_	_	linguistic	_	ContainsVariation=No	_	_	_	_	_	_
914-11	BOI078	914	11	sabato	sabato	_	_	_	_	_	linguistic	_	ContainsVariation=No	_	_	_	_	_	_
914-12	BOI078	914	12	sera?	sera	_	_	_	_	_	linguistic	_	ContainsVariation=No	Intonation=Rising	End=1476.843	_	_	_	_
915-0	BOR020	915	0	bella	bella	_	_	_	_	_	linguistic	_	ContainsVariation=No	_	Begin=1476.843	_	_	_	_
915-1	BOR020	915	1	doma~	doma~	_	_	_	_	_	linguistic	_	ContainsVariation=No	Interrupted=Yes|PauseAfter=Yes	_	_	_	_	_
915-2	BOR020	915	2	(.)	(.)	_	_	_	_	_	shortpause	_	ContainsVariation=No	_	_	_	_	_	_
915-3	BOR020	915	3	sì.	sì	_	_	_	_	_	linguistic	_	ContainsVariation=No	Intonation=Falling	End=1477.824	_	_	_	_
916-0	BOI078	916	0	an[diamo]	andiamo	_	_	_	_	_	linguistic	_	ContainsVariation=No	_	Begin=1479.348|End=1480.042	_	_	_	2-7(338)
917-0	BOI079	917	0	[solite]	solite	_	_	_	_	_	linguistic	_	ContainsVariation=No	_	Begin=1479.715	_	_	_	0-6(338)
917-1	BOI079	917	1	cose,	cose	_	_	_	_	_	linguistic	_	ContainsVariation=No	Intonation=WeaklyRising	End=1480.677	_	_	_	_
918-0	BOI079	918	0	beh	beh	_	_	_	_	_	linguistic	_	ContainsVariation=No	_	Begin=1481.279	_	_	_	_
918-1	BOI079	918	1	[andiamo]::	andiamo	_	_	_	_	_	linguistic	_	ContainsVariation=No	_	_	6x2	_	_	0-7(339)
918-2	BOI079	918	2	nei	nei	_	_	_	_	_	linguistic	_	ContainsVariation=No	_	_	_	_	_	_
918-3	BOI079	918	3	soliti	soliti	_	_	_	_	_	linguistic	_	ContainsVariation=No	_	_	_	_	_	_
918-4	BOI079	918	4	posti	posti	_	_	_	_	_	linguistic	_	ContainsVariation=No	_	End=1482.938	_	_	_	_
919-0	BOI078	919	0	[andiamo]	andiamo	_	_	_	_	_	linguistic	_	ContainsVariation=No	_	Begin=1481.521|End=1481.894	_	_	_	0-7(339)
920-0	BOI078	920	0	pra[tello]	pratello	_	_	_	_	_	linguistic	_	ContainsVariation=No	_	Begin=1483.011|End=1483.588	_	_	_	3-8(340)
921-0	BOI079	921	0	[prate]:llo	pratello	_	_	_	_	_	linguistic	_	ContainsVariation=No	_	Begin=1483.201|End=1484.239	4x1	_	_	0-5(340)
922-0	BOI078	922	0	(op)pure:	oppure	_	_	_	_	_	linguistic	_	ContainsVariation=No	_	Begin=1484.662	5x1	_	0-2(0)	_
922-1	BOI078	922	1	così	così	_	_	_	_	_	linguistic	_	ContainsVariation=No	PauseAfter=Yes	_	_	_	_	_
922-2	BOI078	922	2	(.)	(.)	_	_	_	_	_	shortpause	_	ContainsVariation=No	_	_	_	_	_	_
922-3	BOI078	922	3	niente	niente	_	_	_	_	_	linguistic	_	ContainsVariation=No	PauseAfter=Yes	_	_	_	_	_
922-4	BOI078	922	4	(.)	(.)	_	_	_	_	_	shortpause	_	ContainsVariation=No	_	_	_	_	_	_
922-5	BOI078	922	5	[ci]	ci	_	_	_	_	_	linguistic	_	ContainsVariation=No	_	End=1486.1	_	_	_	0-2(341)
923-0	BOI079	923	0	[vi]ta	vita	_	_	_	_	_	linguistic	_	ContainsVariation=No	_	Begin=1486.015	_	_	_	0-2(341)
923-1	BOI079	923	1	bolognese	bolognese	_	_	_	_	_	linguistic	_	ContainsVariation=No	_	_	_	_	_	_
923-2	BOI079	923	2	proprio::	proprio	_	_	_	_	_	linguistic	_	ContainsVariation=No	_	End=1487.492	6x2	_	_	_
924-0	BOI078	924	0	>sì	sì	_	_	_	_	_	linguistic	_	ContainsVariation=No	_	Begin=1487.625	_	Fast=0-2(0)	_	_
924-1	BOI078	924	1	sì<	sì	_	_	_	_	_	linguistic	_	ContainsVariation=No	_	End=1487.832	_	Fast=0-2(0)	_	_
925-0	BOR020	925	0	ah	ah	_	_	_	_	_	linguistic	_	ContainsVariation=No	_	Begin=1487.837	_	_	_	_
925-1	BOR020	925	1	voi	voi	_	_	_	_	_	linguistic	_	ContainsVariation=No	_	_	_	_	_	_
925-2	BOR020	925	2	siete	siete	_	_	_	_	_	linguistic	_	ContainsVariation=No	_	_	_	_	_	_
925-3	BOR020	925	3	già	già	_	_	_	_	_	linguistic	_	ContainsVariation=No	_	_	_	_	_	_
925-4	BOR020	925	4	pratello?	pratello	_	_	_	_	_	linguistic	_	ContainsVariation=No	Intonation=Rising	End=1489.273	_	_	_	_
926-0	BOI078	926	0	s[ì::]	sì	_	_	_	_	_	linguistic	_	ContainsVariation=No	_	Begin=1490.072|End=1490.458	1x2	_	_	1-2(342)
927-0	BOI079	927	0	[e]:h	eh	_	_	_	_	_	linguistic	_	ContainsVariation=No	_	Begin=1490.365	0x1	_	_	0-1(342)
927-1	BOI079	927	1	già	già	_	_	_	_	_	linguistic	_	ContainsVariation=No	_	_	_	_	_	_
927-2	BOI079	927	2	collaudati	collaudati	_	_	_	_	_	linguistic	_	ContainsVariation=No	PauseAfter=Yes	_	_	_	_	_
927-3	BOI079	927	3	(.)	(.)	_	_	_	_	_	shortpause	_	ContainsVariation=No	_	_	_	_	_	_
927-4	BOI079	927	4	[da	da	_	_	_	_	_	linguistic	_	ContainsVariation=No	_	_	_	_	_	0-2(343)
927-5	BOI079	927	5	da	da	_	_	_	_	_	linguistic	_	ContainsVariation=No	_	_	_	_	_	0-2(343)
927-6	BOI079	927	6	molti	molti	_	_	_	_	_	linguistic	_	ContainsVariation=No	_	_	_	_	_	0-5(343)
927-7	BOI079	927	7	anni]	anni	_	_	_	_	_	linguistic	_	ContainsVariation=No	_	_	_	_	_	0-4(343)
927-8	BOI079	927	8	((ride))	((ride))	_	_	_	_	_	nonverbalbehavior	_	ContainsVariation=No	_	End=1494.738	_	_	_	_
928-0	BOI078	928	0	[xx	xx	_	_	_	_	_	unknown	_	ContainsVariation=No	Syllables=2	Begin=1492.922	_	_	_	0-2(343)
928-1	BOI078	928	1	ti	ti	_	_	_	_	_	linguistic	_	ContainsVariation=No	_	_	_	_	_	0-2(343)
928-2	BOI078	928	2	ti	ti	_	_	_	_	_	linguistic	_	ContainsVariation=No	_	_	_	_	_	0-2(343)
928-3	BOI078	928	3	chiamano	chiamano	_	_	_	_	_	linguistic	_	ContainsVariation=No	_	_	_	_	_	0-8(343)
928-4	BOI078	928	4	per	per	_	_	_	_	_	linguistic	_	ContainsVariation=No	_	_	_	_	_	0-3(343)
928-5	BOI078	928	5	nome]	nome	_	_	_	_	_	linguistic	_	ContainsVariation=No	_	End=1494.403	_	_	_	0-4(343)
929-0	BOI079	929	0	no	no	_	_	_	_	_	linguistic	_	ContainsVariation=No	_	Begin=1494.851	_	_	_	_
929-1	BOI079	929	1	c(io)è	cioè	_	_	_	_	_	linguistic	_	ContainsVariation=No	Reduced=Yes	End=1495.487	_	_	_	_
930-0	BOI079	930	0	eh	eh	_	_	_	_	_	linguistic	_	ContainsVariation=No	_	Begin=1495.857	_	_	_	_
930-1	BOI079	930	1	sì	sì	_	_	_	_	_	linguistic	_	ContainsVariation=No	_	_	_	_	_	_
930-2	BOI079	930	2	non	non	_	_	_	_	_	linguistic	_	ContainsVariation=No	_	_	_	_	_	_
930-3	BOI079	930	3	c'	c'	_	_	_	_	_	linguistic	_	ContainsVariation=No	SpaceAfter=No	_	_	_	_	_
930-4	BOI079	930	4	è	è	_	_	_	_	_	linguistic	_	ContainsVariation=No	_	_	_	_	_	_
930-5	BOI079	930	5	mai	mai	_	_	_	_	_	linguistic	_	ContainsVariation=No	_	_	_	_	_	_
930-6	BOI079	930	6	stato	stato	_	_	_	_	_	linguistic	_	ContainsVariation=No	_	_	_	_	_	_
930-7	BOI079	930	7	nient'	nient'	_	_	_	_	_	linguistic	_	ContainsVariation=No	SpaceAfter=No	_	_	_	_	_
930-8	BOI079	930	8	altro	altro	_	_	_	_	_	linguistic	_	ContainsVariation=No	_	_	_	_	_	_
930-9	BOI079	930	9	((ride))	((ride))	_	_	_	_	_	nonverbalbehavior	_	ContainsVariation=No	_	_	_	_	_	_
930-10	BOI079	930	10	in	in	_	_	_	_	_	linguistic	_	ContainsVariation=No	_	_	_	_	_	_
930-11	BOI079	930	11	realtà	realtà	_	_	_	_	_	linguistic	_	ContainsVariation=No	_	_	_	_	_	_
930-12	BOI079	930	12	prima	prima	_	_	_	_	_	linguistic	_	ContainsVariation=No	_	_	_	_	_	_
930-13	BOI079	930	13	praticamente	praticamente	_	_	_	_	_	linguistic	_	ContainsVariation=No	_	End=1499.354	_	_	_	_
931-0	BOI079	931	0	no.	no	_	_	_	_	_	linguistic	_	ContainsVariation=No	Intonation=Falling	Begin=1499.884	_	_	_	_
931-1	BOI079	931	1	pratello	pratello	_	_	_	_	_	linguistic	_	ContainsVariation=No	_	_	_	_	_	_
931-2	BOI079	931	2	oppure	oppure	_	_	_	_	_	linguistic	_	ContainsVariation=No	_	_	_	_	_	_
931-3	BOI079	931	3	dei	dei	_	_	_	_	_	linguistic	_	ContainsVariation=No	PauseAfter=Yes	_	_	_	_	_
931-4	BOI079	931	4	(.)	(.)	_	_	_	_	_	shortpause	_	ContainsVariation=No	_	_	_	_	_	_
931-5	BOI079	931	5	dei	dei	_	_	_	_	_	linguistic	_	ContainsVariation=No	_	_	_	_	_	_
931-6	BOI079	931	6	bar,	bar	_	_	_	_	_	linguistic	_	ContainsVariation=No	Intonation=WeaklyRising	_	_	_	_	_
931-7	BOI079	931	7	dei	dei	_	_	_	_	_	linguistic	_	ContainsVariation=No	_	_	_	_	_	_
931-8	BOI079	931	8	pub,	pub	_	_	_	_	_	linguistic	_	ContainsVariation=No	Intonation=WeaklyRising	_	_	_	_	_
931-9	BOI079	931	9	in	in	_	_	_	_	_	linguistic	_	ContainsVariation=No	_	_	_	_	_	_
931-10	BOI079	931	10	giro:	giro	_	_	_	_	_	linguistic	_	ContainsVariation=No	_	_	3x1	_	_	_
931-11	BOI079	931	11	>cioè<	cioè	_	_	_	_	_	linguistic	_	ContainsVariation=No	_	End=1503.303	_	Fast=0-4(0)	_	_
932-0	BOI079	932	0	però	però	_	_	_	_	_	linguistic	_	ContainsVariation=No	_	Begin=1503.471	_	_	_	_
932-1	BOI079	932	1	questo	questo	_	_	_	_	_	linguistic	_	ContainsVariation=No	_	_	_	_	_	_
932-2	BOI079	932	2	[è:]	è	_	_	_	_	_	linguistic	_	ContainsVariation=No	_	End=1504.464	0x1	_	_	0-1(344)
933-0	BOI078	933	0	[tu	tu	_	_	_	_	_	linguistic	_	ContainsVariation=No	_	Begin=1504.199	_	_	_	0-2(344)
933-1	BOI078	933	1	ie]ri	ieri	_	_	_	_	_	linguistic	_	ContainsVariation=No	_	_	_	_	_	0-2(344)
933-2	BOI078	933	2	cos'	cos'	_	_	_	_	_	linguistic	_	ContainsVariation=No	SpaceAfter=No	_	_	_	_	_
933-3	BOI078	933	3	hai	hai	_	_	_	_	_	linguistic	_	ContainsVariation=No	_	_	_	_	_	_
933-4	BOI078	933	4	fatto?	fatto	_	_	_	_	_	linguistic	_	ContainsVariation=No	Intonation=Rising	End=1505.12	_	_	_	_
934-0	BOI079	934	0	ieri:::	ieri	_	_	_	_	_	linguistic	_	ContainsVariation=No	_	Begin=1506.144|End=1507.737	3x3	_	_	_
935-0	BOI079	935	0	°non	non	_	_	_	_	_	linguistic	_	ContainsVariation=No	Volume=low	Begin=1509.199	_	_	_	_
935-1	BOI079	935	1	mi	mi	_	_	_	_	_	linguistic	_	ContainsVariation=No	Volume=low	_	_	_	_	_
935-2	BOI079	935	2	ricordo°	ricordo	_	_	_	_	_	linguistic	_	ContainsVariation=No	Volume=low	End=1509.74	_	_	_	_
936-0	BOI078	936	0	°xx°	xx	_	_	_	_	_	unknown	_	ContainsVariation=No	Volume=low|Syllables=2	Begin=1510.682|End=1510.919	_	_	_	_
937-0	BOI079	937	0	no	no	_	_	_	_	_	linguistic	_	ContainsVariation=No	_	Begin=1511.481	_	_	_	_
937-1	BOI079	937	1	letteralmen~	letteralmen~	_	_	_	_	_	linguistic	_	ContainsVariation=No	Interrupted=Yes	End=1512.189	_	_	_	_
938-0	BOI079	938	0	ti	ti	_	_	_	_	_	linguistic	_	ContainsVariation=No	_	Begin=1512.752	_	_	_	_
938-1	BOI079	938	1	giuro	giuro	_	_	_	_	_	linguistic	_	ContainsVariation=No	_	End=1513.251	_	_	_	_
939-0	BOI078	939	0	hai	hai	_	_	_	_	_	linguistic	_	ContainsVariation=No	_	Begin=1513.831	_	_	_	_
939-1	BOI078	939	1	fatto	fatto	_	_	_	_	_	linguistic	_	ContainsVariation=No	_	_	_	_	_	_
939-2	BOI078	939	2	una	una	_	_	_	_	_	linguistic	_	ContainsVariation=No	_	_	_	_	_	_
939-3	BOI078	939	3	cosa	cosa	_	_	_	_	_	linguistic	_	ContainsVariation=No	_	_	_	_	_	_
939-4	BOI078	939	4	e	e	_	_	_	_	_	linguistic	_	ContainsVariation=No	_	_	_	_	_	_
939-5	BOI078	939	5	non	non	_	_	_	_	_	linguistic	_	ContainsVariation=No	_	_	_	_	_	_
939-6	BOI078	939	6	mi	mi	_	_	_	_	_	linguistic	_	ContainsVariation=No	_	_	_	_	_	_
939-7	BOI078	939	7	hai	hai	_	_	_	_	_	linguistic	_	ContainsVariation=No	_	_	_	_	_	_
939-8	BOI078	939	8	invitato	invitato	_	_	_	_	_	linguistic	_	ContainsVariation=No	_	End=1515.343	_	_	_	_
940-0	BOI079	940	0	°(no)°	no	_	_	_	_	_	linguistic	_	ContainsVariation=No	Volume=low	Begin=1515.845|End=1516.031	_	_	0-2(0)	_
941-0	BOI078	941	0	°sì°	sì	_	_	_	_	_	linguistic	_	ContainsVariation=No	Volume=low	Begin=1516.493|End=1516.677	_	_	_	_
942-0	BOI079	942	0	no	no	_	_	_	_	_	linguistic	_	ContainsVariation=No	PauseAfter=Yes	Begin=1517.308	_	_	_	_
942-1	BOI079	942	1	(.)	(.)	_	_	_	_	_	shortpause	_	ContainsVariation=No	_	_	_	_	_	_
942-2	BOI079	942	2	ieri:::	ieri	_	_	_	_	_	linguistic	_	ContainsVariation=No	_	End=1518.963	3x3	_	_	_
943-0	BOI079	943	0	AH	ah	_	_	_	_	_	linguistic	_	ContainsVariation=No	Volume=high	Begin=1519.791	_	_	_	_
943-1	BOI079	943	1	NO	no	_	_	_	_	_	linguistic	_	ContainsVariation=No	Volume=high	_	_	_	_	_
943-2	BOI079	943	2	sono	sono	_	_	_	_	_	linguistic	_	ContainsVariation=No	_	_	_	_	_	_
943-3	BOI079	943	3	andato	andato	_	_	_	_	_	linguistic	_	ContainsVariation=No	_	_	_	_	_	_
943-4	BOI079	943	4	a	a	_	_	_	_	_	linguistic	_	ContainsVariation=No	_	_	_	_	_	_
943-5	BOI079	943	5	cena	cena	_	_	_	_	_	linguistic	_	ContainsVariation=No	_	_	_	_	_	_
943-6	BOI079	943	6	dalla	dalla	_	_	_	_	_	linguistic	_	ContainsVariation=No	_	_	_	_	_	_
943-7	BOI079	943	7	giuli	giuli	_	_	_	_	_	linguistic	_	ContainsVariation=No	_	End=1521.327	_	_	_	_
944-0	BOI078	944	0	AH	ah	_	_	_	_	_	linguistic	_	ContainsVariation=No	Volume=high	Begin=1521.819	_	_	_	_
944-1	BOI078	944	1	vabbè	vabbè	_	_	_	_	_	linguistic	_	ContainsVariation=No	_	_	_	_	_	_
944-2	BOI078	944	2	ci	ci	_	_	_	_	_	linguistic	_	ContainsVariation=No	_	_	_	_	_	_
944-3	BOI078	944	3	sta	sta	_	_	_	_	_	linguistic	_	ContainsVariation=No	_	_	_	_	_	_
944-4	BOI078	944	4	°ci	ci	_	_	_	_	_	linguistic	_	ContainsVariation=No	Volume=low	_	_	_	_	_
944-5	BOI078	944	5	sta°	sta	_	_	_	_	_	linguistic	_	ContainsVariation=No	Volume=low	End=1522.953	_	_	_	_
945-0	BOI079	945	0	perché	perché	_	_	_	_	_	linguistic	_	ContainsVariation=No	_	Begin=1523.009	_	_	_	_
945-1	BOI079	945	1	sono	sono	_	_	_	_	_	linguistic	_	ContainsVariation=No	_	_	_	_	_	_
945-2	BOI079	945	2	tornate:	tornate	_	_	_	_	_	linguistic	_	ContainsVariation=No	PauseAfter=Yes	_	6x1	_	_	_
945-3	BOI079	945	3	(.)	(.)	_	_	_	_	_	shortpause	_	ContainsVariation=No	_	_	_	_	_	_
945-4	BOI079	945	4	due	due	_	_	_	_	_	linguistic	_	ContainsVariation=No	_	_	_	_	_	_
945-5	BOI079	945	5	mie	mie	_	_	_	_	_	linguistic	_	ContainsVariation=No	_	_	_	_	_	_
945-6	BOI079	945	6	amiche	amiche	_	_	_	_	_	linguistic	_	ContainsVariation=No	_	_	_	_	_	_
945-7	BOI079	945	7	che:	che	_	_	_	_	_	linguistic	_	ContainsVariation=No	_	_	2x1	_	_	_
945-8	BOI079	945	8	hanno	hanno	_	_	_	_	_	linguistic	_	ContainsVariation=No	_	_	_	_	_	_
945-9	BOI079	945	9	iniziato	iniziato	_	_	_	_	_	linguistic	_	ContainsVariation=No	_	_	_	_	_	_
945-10	BOI079	945	10	l'	l'	_	_	_	_	_	linguistic	_	ContainsVariation=No	SpaceAfter=No	_	_	_	_	_
945-11	BOI079	945	11	università	università	_	_	_	_	_	linguistic	_	ContainsVariation=No	_	_	_	_	_	_
945-12	BOI079	945	12	fuori	fuori	_	_	_	_	_	linguistic	_	ContainsVariation=No	_	_	_	_	_	_
945-13	BOI079	945	13	°sono	sono	_	_	_	_	_	linguistic	_	ContainsVariation=No	Volume=low	_	_	_	_	_
945-14	BOI079	945	14	tornate°	tornate	_	_	_	_	_	linguistic	_	ContainsVariation=No	Volume=low	End=1527.315	_	_	_	_
946-0	BOI078	946	0	(tra	tra	_	_	_	_	_	linguistic	_	ContainsVariation=No	_	Begin=1527.847	_	_	0-3(0)	_
946-1	BOI078	946	1	l'	l'	_	_	_	_	_	linguistic	_	ContainsVariation=No	SpaceAfter=No	_	_	_	0-2(0)	_
946-2	BOI078	946	2	altro:)	altro	_	_	_	_	_	linguistic	_	ContainsVariation=No	_	End=1528.384	4x1	_	0-5(0)	_
947-0	BOI079	947	0	da	da	_	_	_	_	_	linguistic	_	ContainsVariation=No	_	Begin=1528.54	_	_	_	_
947-1	BOI079	947	1	milano	milano	_	_	_	_	_	linguistic	_	ContainsVariation=No	_	_	_	_	_	_
947-2	BOI079	947	2	e	e	_	_	_	_	_	linguistic	_	ContainsVariation=No	_	_	_	_	_	_
947-3	BOI079	947	3	da	da	_	_	_	_	_	linguistic	_	ContainsVariation=No	_	_	_	_	_	_
947-4	BOI079	947	4	venezia	venezia	_	_	_	_	_	linguistic	_	ContainsVariation=No	_	End=1529.72	_	_	_	_
948-0	BOI078	948	0	è	è	_	_	_	_	_	linguistic	_	ContainsVariation=No	_	Begin=1530.128	_	_	_	_
948-1	BOI078	948	1	tornata	tornata	_	_	_	_	_	linguistic	_	ContainsVariation=No	_	_	_	_	_	_
948-2	BOI078	948	2	la	la	_	_	_	_	_	linguistic	_	ContainsVariation=No	_	_	_	_	_	_
948-3	BOI078	948	3	michi?	michi	_	_	_	_	_	linguistic	_	ContainsVariation=No	Intonation=Rising	End=1531.033	_	_	_	_
949-0	BOI079	949	0	mh?	mh	_	_	_	_	_	linguistic	_	ContainsVariation=No	Intonation=Rising	Begin=1531.313|End=1531.574	_	_	_	_
950-0	BOI078	950	0	mado:nna	madonna	_	_	_	_	_	linguistic	_	ContainsVariation=No	_	Begin=1531.711	3x1	_	_	_
950-1	BOI078	950	1	appena:	appena	_	_	_	_	_	linguistic	_	ContainsVariation=No	_	_	5x1	_	_	_
950-2	BOI078	950	2	andata	andata	_	_	_	_	_	linguistic	_	ContainsVariation=No	_	End=1532.996	_	_	_	_
951-0	BOI079	951	0	beh	beh	_	_	_	_	_	linguistic	_	ContainsVariation=No	PauseAfter=Yes	Begin=1533.692	_	_	_	_
951-1	BOI079	951	1	(.)	(.)	_	_	_	_	_	shortpause	_	ContainsVariation=No	_	_	_	_	_	_
951-2	BOI079	951	2	[xx]	xx	_	_	_	_	_	unknown	_	ContainsVariation=No	Syllables=2	End=1534.512	_	_	_	0-2(345)
952-0	BOI078	952	0	[le	le	_	_	_	_	_	linguistic	_	ContainsVariation=No	_	Begin=1533.901	_	_	_	0-2(345)
952-1	BOI078	952	1	mancava	mancava	_	_	_	_	_	linguistic	_	ContainsVariation=No	_	_	_	_	_	0-7(345)
952-2	BOI078	952	2	tro]ppo	troppo	_	_	_	_	_	linguistic	_	ContainsVariation=No	_	_	_	_	_	0-3(345)
952-3	BOI078	952	3	casa	casa	_	_	_	_	_	linguistic	_	ContainsVariation=No	_	_	_	_	_	_
952-4	BOI078	952	4	°(probabilmen[te])°	probabilmente	_	_	_	_	_	linguistic	_	ContainsVariation=No	Volume=low	End=1535.654	_	_	0-13(0)	11-13(346)
953-0	BOI079	953	0	[sì]:	sì	_	_	_	_	_	linguistic	_	ContainsVariation=No	_	Begin=1535.477	1x1	_	_	0-2(346)
953-1	BOI079	953	1	[sì	sì	_	_	_	_	_	linguistic	_	ContainsVariation=No	_	_	_	_	_	0-2(347)
953-2	BOI079	953	2	disperata	disperata	_	_	_	_	_	linguistic	_	ContainsVariation=No	_	_	_	_	_	0-9(347)
953-3	BOI079	953	3	°d]isperata°	disperata	_	_	_	_	_	linguistic	_	ContainsVariation=No	Volume=low	End=1537.372	_	_	_	0-1(347)
954-0	BOI078	954	0	[piangeva	piangeva	_	_	_	_	_	linguistic	_	ContainsVariation=No	_	Begin=1535.787	_	_	_	0-8(347)
954-1	BOI078	954	1	tutte	tutte	_	_	_	_	_	linguistic	_	ContainsVariation=No	_	_	_	_	_	0-5(347)
954-2	BOI078	954	2	le	le	_	_	_	_	_	linguistic	_	ContainsVariation=No	_	_	_	_	_	0-2(347)
954-3	BOI078	954	3	notti]	notti	_	_	_	_	_	linguistic	_	ContainsVariation=No	_	End=1536.929	_	_	_	0-5(347)
955-0	BOI079	955	0	xxxx	xxxx	_	_	_	_	_	unknown	_	ContainsVariation=No	Syllables=4	Begin=1537.621	_	_	_	_
955-1	BOI079	955	1	alla	alla	_	_	_	_	_	linguistic	_	ContainsVariation=No	_	_	_	_	_	_
955-2	BOI079	955	2	sua	sua	_	_	_	_	_	linguistic	_	ContainsVariation=No	_	_	_	_	_	_
955-3	BOI079	955	3	padrona	padrona	_	_	_	_	_	linguistic	_	ContainsVariation=No	_	_	_	_	_	_
955-4	BOI079	955	4	di	di	_	_	_	_	_	linguistic	_	ContainsVariation=No	_	_	_	_	_	_
955-5	BOI079	955	5	casa	casa	_	_	_	_	_	linguistic	_	ContainsVariation=No	_	_	_	_	_	_
955-6	BOI079	955	6	°era	era	_	_	_	_	_	linguistic	_	ContainsVariation=No	Volume=low	_	_	_	_	_
955-7	BOI079	955	7	matta°	matta	_	_	_	_	_	linguistic	_	ContainsVariation=No	Volume=low	End=1539.337	_	_	_	_
956-0	BOI078	956	0	cos'	cos'	_	_	_	_	_	linguistic	_	ContainsVariation=No	SpaceAfter=No	Begin=1539.858	_	_	_	_
956-1	BOI078	956	1	ha	ha	_	_	_	_	_	linguistic	_	ContainsVariation=No	_	_	_	_	_	_
956-2	BOI078	956	2	fatto?	fatto	_	_	_	_	_	linguistic	_	ContainsVariation=No	Intonation=Rising	End=1540.422	_	_	_	_
957-0	BOI079	957	0	°psicopatica,	psicopatica	_	_	_	_	_	linguistic	_	ContainsVariation=No	Intonation=WeaklyRising|Volume=low	Begin=1541.204	_	_	_	_
957-1	BOI079	957	1	sta	sta	_	_	_	_	_	linguistic	_	ContainsVariation=No	Volume=low	_	_	_	_	_
957-2	BOI079	957	2	sempre	sempre	_	_	_	_	_	linguistic	_	ContainsVariation=No	Volume=low	_	_	_	_	_
957-3	BOI079	957	3	lì	lì	_	_	_	_	_	linguistic	_	ContainsVariation=No	Volume=low	_	_	_	_	_
957-4	BOI079	957	4	a	a	_	_	_	_	_	linguistic	_	ContainsVariation=No	Volume=low	_	_	_	_	_
957-5	BOI079	957	5	rompere	rompere	_	_	_	_	_	linguistic	_	ContainsVariation=No	Volume=low	_	_	_	_	_
957-6	BOI079	957	6	il	il	_	_	_	_	_	linguistic	_	ContainsVariation=No	Volume=low	_	_	_	_	_
957-7	BOI079	957	7	cazzo,	cazzo	_	_	_	_	_	linguistic	_	ContainsVariation=No	Intonation=WeaklyRising|Volume=low	_	_	_	_	_
957-8	BOI079	957	8	>cioè<	cioè	_	_	_	_	_	linguistic	_	ContainsVariation=No	Volume=low	_	_	Fast=0-4(0)	_	_
957-9	BOI079	957	9	già	già	_	_	_	_	_	linguistic	_	ContainsVariation=No	PauseAfter=Yes|Volume=low	_	_	_	_	_
957-10	BOI079	957	10	(.)	(.)	_	_	_	_	_	shortpause	_	ContainsVariation=No	_	_	_	_	_	_
957-11	BOI079	957	11	insomma°	insomma	_	_	_	_	_	linguistic	_	ContainsVariation=No	Volume=low	_	_	_	_	_
957-12	BOI079	957	12	già	già	_	_	_	_	_	linguistic	_	ContainsVariation=No	_	_	_	_	_	_
957-13	BOI079	957	13	se	se	_	_	_	_	_	linguistic	_	ContainsVariation=No	_	_	_	_	_	_
957-14	BOI079	957	14	stai	stai	_	_	_	_	_	linguistic	_	ContainsVariation=No	_	_	_	_	_	_
957-15	BOI079	957	15	nella	nella	_	_	_	_	_	linguistic	_	ContainsVariation=No	_	_	_	_	_	_
957-16	BOI079	957	16	casa	casa	_	_	_	_	_	linguistic	_	ContainsVariation=No	_	_	_	_	_	_
957-17	BOI079	957	17	che	che	_	_	_	_	_	linguistic	_	ContainsVariation=No	_	_	_	_	_	_
957-18	BOI079	957	18	affitti	affitti	_	_	_	_	_	linguistic	_	ContainsVariation=No	_	_	_	_	_	_
957-19	BOI079	957	19	comunque	comunque	_	_	_	_	_	linguistic	_	ContainsVariation=No	_	_	_	_	_	_
957-20	BOI079	957	20	è	è	_	_	_	_	_	linguistic	_	ContainsVariation=No	_	_	_	_	_	_
957-21	BOI079	957	21	una	una	_	_	_	_	_	linguistic	_	ContainsVariation=No	_	_	_	_	_	_
957-22	BOI079	957	22	rottura	rottura	_	_	_	_	_	linguistic	_	ContainsVariation=No	_	_	_	_	_	_
957-23	BOI079	957	23	di	di	_	_	_	_	_	linguistic	_	ContainsVariation=No	_	_	_	_	_	_
957-24	BOI079	957	24	palle	palle	_	_	_	_	_	linguistic	_	ContainsVariation=No	_	End=1546.929	_	_	_	_
958-0	BOI079	958	0	se:::	se	_	_	_	_	_	linguistic	_	ContainsVariation=No	PauseAfter=Yes	Begin=1547.866	1x3	_	_	_
958-1	BOI079	958	1	(.)	(.)	_	_	_	_	_	shortpause	_	ContainsVariation=No	_	_	_	_	_	_
958-2	BOI079	958	2	ma	ma	_	_	_	_	_	linguistic	_	ContainsVariation=No	_	_	_	_	_	_
958-3	BOI079	958	3	poi	poi	_	_	_	_	_	linguistic	_	ContainsVariation=No	_	_	_	_	_	_
958-4	BOI079	958	4	è	è	_	_	_	_	_	linguistic	_	ContainsVariation=No	_	_	_	_	_	_
958-5	BOI079	958	5	una	una	_	_	_	_	_	linguistic	_	ContainsVariation=No	_	_	_	_	_	_
958-6	BOI079	958	6	stra	stra	_	_	_	_	_	linguistic	_	ContainsVariation=No	_	_	_	_	_	_
958-7	BOI079	958	7	pigno:la	pignola	_	_	_	_	_	linguistic	_	ContainsVariation=No	_	_	4x1	_	_	_
958-8	BOI079	958	8	°se	se	_	_	_	_	_	linguistic	_	ContainsVariation=No	Volume=low	_	_	_	_	_
958-9	BOI079	958	9	tutto	tutto	_	_	_	_	_	linguistic	_	ContainsVariation=No	PauseAfter=Yes|Volume=low	_	_	_	_	_
958-10	BOI079	958	10	(.)	(.)	_	_	_	_	_	shortpause	_	ContainsVariation=No	_	_	_	_	_	_
958-11	BOI079	958	11	(insomma)°	insomma	_	_	_	_	_	linguistic	_	ContainsVariation=No	Volume=low	End=1551.614	_	_	0-7(0)	_
959-0	BOI079	959	0	po'	po'	_	_	_	_	_	linguistic	_	ContainsVariation=No	_	Begin=1552.859	_	_	_	_
959-1	BOI079	959	1	paz(za)	pazza	_	_	_	_	_	linguistic	_	ContainsVariation=No	_	End=1553.468	_	_	3-5(0)	_
960-0	BOI078	960	0	voi	voi	_	_	_	_	_	linguistic	_	ContainsVariation=No	PauseAfter=Yes	Begin=1553.955	_	_	_	_
960-1	BOI078	960	1	(.)	(.)	_	_	_	_	_	shortpause	_	ContainsVariation=No	_	_	_	_	_	_
960-2	BOI078	960	2	[x]	x	_	_	_	_	_	unknown	_	ContainsVariation=No	Syllables=1	End=1554.527	_	_	_	0-1(348)
961-0	BOI079	961	0	[invece	invece	_	_	_	_	_	linguistic	_	ContainsVariation=No	_	Begin=1554.252	_	_	_	0-6(348)
961-1	BOI079	961	1	te]	te	_	_	_	_	_	linguistic	_	ContainsVariation=No	_	_	_	_	_	0-2(348)
961-2	BOI079	961	2	sei	sei	_	_	_	_	_	linguistic	_	ContainsVariation=No	_	_	_	_	_	_
961-3	BOI079	961	3	fortunati	fortunati	_	_	_	_	_	linguistic	_	ContainsVariation=No	_	_	_	_	_	_
961-4	BOI079	961	4	con	con	_	_	_	_	_	linguistic	_	ContainsVariation=No	_	_	_	_	_	_
961-5	BOI079	961	5	e:::h	eh	_	_	_	_	_	linguistic	_	ContainsVariation=No	_	End=1556.088	0x3	_	_	_
962-0	BOI079	962	0	no	no	_	_	_	_	_	linguistic	_	ContainsVariation=No	PauseAfter=Yes	Begin=1556.181	_	_	_	_
962-1	BOI079	962	1	(.)	(.)	_	_	_	_	_	shortpause	_	ContainsVariation=No	_	_	_	_	_	_
962-2	BOI079	962	2	hai	hai	_	_	_	_	_	linguistic	_	ContainsVariation=No	_	_	_	_	_	_
962-3	BOI079	962	3	detto	detto	_	_	_	_	_	linguistic	_	ContainsVariation=No	_	_	_	_	_	_
962-4	BOI079	962	4	che	che	_	_	_	_	_	linguistic	_	ContainsVariation=No	_	_	_	_	_	_
962-5	BOI079	962	5	hai	hai	_	_	_	_	_	linguistic	_	ContainsVariation=No	_	_	_	_	_	_
962-6	BOI079	962	6	la	la	_	_	_	_	_	linguistic	_	ContainsVariation=No	_	_	_	_	_	_
962-7	BOI079	962	7	casa	casa	_	_	_	_	_	linguistic	_	ContainsVariation=No	_	_	_	_	_	_
962-8	BOI079	962	8	tua?	tua	_	_	_	_	_	linguistic	_	ContainsVariation=No	Intonation=Rising	End=1557.46	_	_	_	_
963-0	BOR020	963	0	cosa?	cosa	_	_	_	_	_	linguistic	_	ContainsVariation=No	Intonation=Rising	Begin=1558.054|End=1558.295	_	_	_	_
964-0	BOI079	964	0	no.	no	_	_	_	_	_	linguistic	_	ContainsVariation=No	Intonation=Falling	Begin=1559.865|End=1560.168	_	_	_	_
965-0	BOI079	965	0	>cioè<	cioè	_	_	_	_	_	linguistic	_	ContainsVariation=No	_	Begin=1560.362	_	Fast=0-4(0)	_	_
965-1	BOI079	965	1	[casa	casa	_	_	_	_	_	linguistic	_	ContainsVariation=No	_	_	_	_	_	0-4(458)
965-2	BOI079	965	2	che	che	_	_	_	_	_	linguistic	_	ContainsVariation=No	_	_	_	_	_	0-3(458)
965-3	BOI079	965	3	xxx]	xxx	_	_	_	_	_	unknown	_	ContainsVariation=No	Syllables=3	End=1561.241	_	_	_	0-3(458)
966-0	BOI078	966	0	[è	è	_	_	_	_	_	linguistic	_	ContainsVariation=No	_	Begin=1560.506	_	_	_	0-1(458)
966-1	BOI078	966	1	una	una	_	_	_	_	_	linguistic	_	ContainsVariation=No	_	_	_	_	_	0-3(458)
966-2	BOI078	966	2	cazzata]	cazzata	_	_	_	_	_	linguistic	_	ContainsVariation=No	_	End=1561.307	_	_	_	0-7(458)
967-0	BOR020	967	0	[QUESTO]	questo	_	_	_	_	_	linguistic	_	ContainsVariation=No	Volume=high	Begin=1560.981	_	_	_	0-6(458)
967-1	BOR020	967	1	sì.	sì	_	_	_	_	_	linguistic	_	ContainsVariation=No	Intonation=Falling	End=1561.702	_	_	_	_
968-0	BOI079	968	0	no.	no	_	_	_	_	_	linguistic	_	ContainsVariation=No	Intonation=Falling	Begin=1562.283|End=1562.571	_	_	_	_
969-0	BOI079	969	0	è	è	_	_	_	_	_	linguistic	_	ContainsVariation=No	_	Begin=1562.889	_	_	_	_
969-1	BOI079	969	1	[casa	casa	_	_	_	_	_	linguistic	_	ContainsVariation=No	_	_	_	_	_	0-4(349)
969-2	BOI079	969	2	t]ua	tua	_	_	_	_	_	linguistic	_	ContainsVariation=No	_	End=1563.525	_	_	_	0-1(349)
970-0	BOR020	970	0	[eh]	eh	_	_	_	_	_	linguistic	_	ContainsVariation=No	_	Begin=1562.954|End=1563.23	_	_	_	0-2(349)
971-0	BOR020	971	0	sì.	sì	_	_	_	_	_	linguistic	_	ContainsVariation=No	Intonation=Falling	Begin=1563.569|End=1563.945	_	_	_	_
972-0	BOR020	972	0	NO	no	_	_	_	_	_	linguistic	_	ContainsVariation=No	Volume=high	Begin=1564.075	_	_	_	_
972-1	BOR020	972	1	no[n	non	_	_	_	_	_	linguistic	_	ContainsVariation=No	_	_	_	_	_	2-3(350)
972-2	BOR020	972	2	è	è	_	_	_	_	_	linguistic	_	ContainsVariation=No	_	_	_	_	_	0-1(350)
972-3	BOR020	972	3	casa	casa	_	_	_	_	_	linguistic	_	ContainsVariation=No	_	_	_	_	_	0-4(350)
972-4	BOR020	972	4	mia	mia	_	_	_	_	_	linguistic	_	ContainsVariation=No	_	_	_	_	_	0-3(350)
972-5	BOR020	972	5	è	è	_	_	_	_	_	linguistic	_	ContainsVariation=No	_	_	_	_	_	0-1(350)
972-6	BOR020	972	6	affittata	affittata	_	_	_	_	_	linguistic	_	ContainsVariation=No	_	_	_	_	_	0-9(350)
972-7	BOR020	972	7	da]	da	_	_	_	_	_	linguistic	_	ContainsVariation=No	_	_	_	_	_	0-2(350)
972-8	BOR020	972	8	una	una	_	_	_	_	_	linguistic	_	ContainsVariation=No	PauseAfter=Yes	_	_	_	_	_
972-9	BOR020	972	9	(.)	(.)	_	_	_	_	_	shortpause	_	ContainsVariation=No	_	_	_	_	_	_
972-10	BOR020	972	10	señorita:	señorita	_	_	_	_	_	linguistic	_	ContainsVariation=No	PauseAfter=Yes	_	7x1	_	_	_
972-11	BOR020	972	11	(.)	(.)	_	_	_	_	_	shortpause	_	ContainsVariation=No	_	_	_	_	_	_
972-12	BOR020	972	12	[super	super	_	_	_	_	_	linguistic	_	ContainsVariation=No	_	_	_	_	_	0-5(351)
972-13	BOR020	972	13	luxury]:	luxury	_	_	_	_	_	linguistic	_	ContainsVariation=No	_	End=1568.096	5x1	_	_	0-6(351)
973-0	BOI079	973	0	[no?	no	_	_	_	_	_	linguistic	_	ContainsVariation=No	Intonation=Rising|PauseAfter=Yes	Begin=1564.496	_	_	_	0-2(350)
973-1	BOI079	973	1	(.)	(.)	_	_	_	_	_	shortpause	_	ContainsVariation=No	_	_	_	_	_	X(350)
973-2	BOI079	973	2	sei	sei	_	_	_	_	_	linguistic	_	ContainsVariation=No	_	_	_	_	_	0-3(350)
973-3	BOI079	973	3	in	in	_	_	_	_	_	linguistic	_	ContainsVariation=No	_	_	_	_	_	0-2(350)
973-4	BOI079	973	4	affi~]	affi~	_	_	_	_	_	linguistic	_	ContainsVariation=No	Interrupted=Yes	End=1565.595	_	_	_	0-5(350)
974-0	BOI079	974	0	[AH	ah	_	_	_	_	_	linguistic	_	ContainsVariation=No	Volume=high	Begin=1566.91	_	_	_	0-2(351)
974-1	BOI079	974	1	>okay	okay	_	_	_	_	_	linguistic	_	ContainsVariation=No	_	_	_	Fast=0-4(0)	_	0-4(351)
974-2	BOI079	974	2	okay	okay	_	_	_	_	_	linguistic	_	ContainsVariation=No	_	_	_	Fast=0-4(0)	_	0-4(351)
974-3	BOI079	974	3	okay<]	okay	_	_	_	_	_	linguistic	_	ContainsVariation=No	_	End=1567.902	_	Fast=0-4(0)	_	0-4(351)
975-0	BOI079	975	0	ah	ah	_	_	_	_	_	linguistic	_	ContainsVariation=No	_	Begin=1568.629	_	_	_	_
975-1	BOI079	975	1	o[kay]	okay	_	_	_	_	_	linguistic	_	ContainsVariation=No	_	End=1569.035	_	_	_	1-4(352)
976-0	BOR020	976	0	[che	che	_	_	_	_	_	linguistic	_	ContainsVariation=No	_	Begin=1568.836	_	_	_	0-3(352)
976-1	BOR020	976	1	abi]ta	abita	_	_	_	_	_	linguistic	_	ContainsVariation=No	_	_	_	_	_	0-3(352)
976-2	BOR020	976	2	qui	qui	_	_	_	_	_	linguistic	_	ContainsVariation=No	_	End=1569.488	_	_	_	_
977-0	BOI079	977	0	no	no	_	_	_	_	_	linguistic	_	ContainsVariation=No	_	Begin=1569.577	_	_	_	_
977-1	BOI079	977	1	però	però	_	_	_	_	_	linguistic	_	ContainsVariation=No	_	_	_	_	_	_
977-2	BOI079	977	2	dico	dico	_	_	_	_	_	linguistic	_	ContainsVariation=No	_	_	_	_	_	_
977-3	BOI079	977	3	voi	voi	_	_	_	_	_	linguistic	_	ContainsVariation=No	_	_	_	_	_	_
977-4	BOI079	977	4	vi	vi	_	_	_	_	_	linguistic	_	ContainsVariation=No	_	_	_	_	_	_
977-5	BOI079	977	5	trovate	trovate	_	_	_	_	_	linguistic	_	ContainsVariation=No	_	_	_	_	_	_
977-6	BOI079	977	6	bene	bene	_	_	_	_	_	linguistic	_	ContainsVariation=No	_	_	_	_	_	_
977-7	BOI079	977	7	con	con	_	_	_	_	_	linguistic	_	ContainsVariation=No	_	_	_	_	_	_
977-8	BOI079	977	8	i	i	_	_	_	_	_	linguistic	_	ContainsVariation=No	_	_	_	_	_	_
977-9	BOI079	977	9	padroni	padroni	_	_	_	_	_	linguistic	_	ContainsVariation=No	_	_	_	_	_	_
977-10	BOI079	977	10	di	di	_	_	_	_	_	linguistic	_	ContainsVariation=No	_	_	_	_	_	_
977-11	BOI079	977	11	ca[sa:::]	casa	_	_	_	_	_	linguistic	_	ContainsVariation=No	_	End=1572.522	3x3	_	_	2-4(353)
978-0	BOR020	978	0	[eh	eh	_	_	_	_	_	linguistic	_	ContainsVariation=No	_	Begin=1571.637	_	_	_	0-2(353)
978-1	BOR020	978	1	xxx	xxx	_	_	_	_	_	unknown	_	ContainsVariation=No	Syllables=3	_	_	_	_	0-3(353)
978-2	BOR020	978	2	è	è	_	_	_	_	_	linguistic	_	ContainsVariation=No	_	_	_	_	_	0-1(353)
978-3	BOR020	978	3	una	una	_	_	_	_	_	linguistic	_	ContainsVariation=No	_	_	_	_	_	0-3(353)
978-4	BOR020	978	4	pe]zza	pezza	_	_	_	_	_	linguistic	_	ContainsVariation=No	_	_	_	_	_	0-2(353)
978-5	BOR020	978	5	di	di	_	_	_	_	_	linguistic	_	ContainsVariation=No	_	_	_	_	_	_
978-6	BOR020	978	6	mer[da]	merda	_	_	_	_	_	linguistic	_	ContainsVariation=No	_	End=1573.368	_	_	_	3-5(354)
979-0	BOR022	979	0	[(no)]	no	_	_	_	_	_	linguistic	_	ContainsVariation=No	_	Begin=1573.04|End=1573.364	_	_	0-2(0)	0-2(354)
980-0	BOR020	980	0	>cioè<	cioè	_	_	_	_	_	linguistic	_	ContainsVariation=No	_	Begin=1573.823	_	Fast=0-4(0)	_	_
980-1	BOR020	980	1	comunque	comunque	_	_	_	_	_	linguistic	_	ContainsVariation=No	_	_	_	Slow=0-8(0)	_	_
980-2	BOR020	980	2	la	la	_	_	_	_	_	linguistic	_	ContainsVariation=No	_	_	_	Slow=0-2(0)	_	_
980-3	BOR020	980	3	casa	casa	_	_	_	_	_	linguistic	_	ContainsVariation=No	_	_	_	Slow=0-4(0)	_	_
980-4	BOR020	980	4	non	non	_	_	_	_	_	linguistic	_	ContainsVariation=No	_	_	_	Slow=0-3(0)	_	_
980-5	BOR020	980	5	è	è	_	_	_	_	_	linguistic	_	ContainsVariation=No	PauseAfter=Yes	_	_	Slow=0-1(0)	_	_
980-6	BOR020	980	6	(.)	(.)	_	_	_	_	_	shortpause	_	ContainsVariation=No	_	_	_	_	_	_
980-7	BOR020	980	7	schifosa	schifosa	_	_	_	_	_	linguistic	_	ContainsVariation=No	_	_	_	Slow=0-8(0)	_	_
980-8	BOR020	980	8	come	come	_	_	_	_	_	linguistic	_	ContainsVariation=No	_	_	_	Slow=0-4(0)	_	_
980-9	BOR020	980	9	vedi	vedi	_	_	_	_	_	linguistic	_	ContainsVariation=No	_	_	_	Slow=0-4(0)	_	_
980-10	BOR020	980	10	>cioè<	cioè	_	_	_	_	_	linguistic	_	ContainsVariation=No	_	_	_	Fast=0-4(1)	_	_
980-11	BOR020	980	11	nel	nel	_	_	_	_	_	linguistic	_	ContainsVariation=No	_	_	_	_	_	_
980-12	BOR020	980	12	senso	senso	_	_	_	_	_	linguistic	_	ContainsVariation=No	_	End=1576.757	_	_	_	_
981-0	BOI079	981	0	mh	mh	_	_	_	_	_	linguistic	_	ContainsVariation=No	_	Begin=1576.772|End=1576.926	_	_	_	_
982-0	BOR020	982	0	non	non	_	_	_	_	_	linguistic	_	ContainsVariation=No	_	Begin=1577.03	_	_	_	_
982-1	BOR020	982	1	cade	cade	_	_	_	_	_	linguistic	_	ContainsVariation=No	_	_	_	_	_	_
982-2	BOR020	982	2	n~	n~	_	_	_	_	_	linguistic	_	ContainsVariation=No	Interrupted=Yes|PauseAfter=Yes	_	_	_	_	_
982-3	BOR020	982	3	(.)	(.)	_	_	_	_	_	shortpause	_	ContainsVariation=No	_	_	_	_	_	_
982-4	BOR020	982	4	quasi	quasi	_	_	_	_	_	linguistic	_	ContainsVariation=No	_	_	_	_	_	_
982-5	BOR020	982	5	nulla	nulla	_	_	_	_	_	linguistic	_	ContainsVariation=No	_	_	_	_	_	_
982-6	BOR020	982	6	a	a	_	_	_	_	_	linguistic	_	ContainsVariation=No	_	_	_	_	_	_
982-7	BOR020	982	7	pezzi	pezzi	_	_	_	_	_	linguistic	_	ContainsVariation=No	_	End=1578.871	_	_	_	_
983-0	BOI079	983	0	eh	eh	_	_	_	_	_	linguistic	_	ContainsVariation=No	_	Begin=1579.349|End=1579.578	_	_	_	_
984-0	BOR020	984	0	però:	però	_	_	_	_	_	linguistic	_	ContainsVariation=No	_	Begin=1580.276	3x1	_	_	_
984-1	BOR020	984	1	le	le	_	_	_	_	_	linguistic	_	ContainsVariation=No	_	_	_	_	_	_
984-2	BOR020	984	2	volte	volte	_	_	_	_	_	linguistic	_	ContainsVariation=No	_	_	_	_	_	_
984-3	BOR020	984	3	che	che	_	_	_	_	_	linguistic	_	ContainsVariation=No	_	_	_	_	_	_
984-4	BOR020	984	4	abbiamo	abbiamo	_	_	_	_	_	linguistic	_	ContainsVariation=No	_	_	_	_	_	_
984-5	BOR020	984	5	avuto	avuto	_	_	_	_	_	linguistic	_	ContainsVariation=No	_	_	_	_	_	_
984-6	BOR020	984	6	proble:mi,	problemi	_	_	_	_	_	linguistic	_	ContainsVariation=No	Intonation=WeaklyRising	_	5x1	_	_	_
984-7	BOR020	984	7	boh	boh	_	_	_	_	_	linguistic	_	ContainsVariation=No	_	_	_	_	_	_
984-8	BOR020	984	8	tipo	tipo	_	_	_	_	_	linguistic	_	ContainsVariation=No	_	_	_	_	_	_
984-9	BOR020	984	9	[con	con	_	_	_	_	_	linguistic	_	ContainsVariation=No	_	_	_	_	_	0-3(355)
984-10	BOR020	984	10	la	la	_	_	_	_	_	linguistic	_	ContainsVariation=No	_	_	_	_	_	0-2(355)
984-11	BOR020	984	11	bo~	bo~	_	_	_	_	_	linguistic	_	ContainsVariation=No	Interrupted=Yes|PauseAfter=Yes	_	_	_	_	0-3(355)
984-12	BOR020	984	12	(.)	(.)	_	_	_	_	_	shortpause	_	ContainsVariation=No	_	_	_	_	_	X(355)
984-13	BOR020	984	13	m:h	mh	_	_	_	_	_	linguistic	_	ContainsVariation=No	_	_	0x1	_	_	0-2(355)
984-14	BOR020	984	14	no]	no	_	_	_	_	_	linguistic	_	ContainsVariation=No	_	End=1584.155	_	_	_	0-2(355)
985-0	BOI079	985	0	[non	non	_	_	_	_	_	linguistic	_	ContainsVariation=No	_	Begin=1582.652	_	_	_	0-3(355)
985-1	BOI079	985	1	v'	v'	_	_	_	_	_	linguistic	_	ContainsVariation=No	SpaceAfter=No	_	_	_	_	0-2(355)
985-2	BOI079	985	2	ha::	ha	_	_	_	_	_	linguistic	_	ContainsVariation=No	PauseAfter=Yes	_	1x2	_	_	0-2(355)
985-3	BOI079	985	3	(.)	(.)	_	_	_	_	_	shortpause	_	ContainsVariation=No	_	_	_	_	_	X(355)
985-4	BOI079	985	4	cagato]	cagato	_	_	_	_	_	linguistic	_	ContainsVariation=No	_	End=1584.15	_	_	_	0-6(355)
986-0	BOR020	986	0	>cioè<	cioè	_	_	_	_	_	linguistic	_	ContainsVariation=No	_	Begin=1584.386	_	Fast=0-4(0)	_	_
986-1	BOR020	986	1	ci	ci	_	_	_	_	_	linguistic	_	ContainsVariation=No	_	_	_	Slow=0-2(0)	_	_
986-2	BOR020	986	2	dice	dice	_	_	_	_	_	linguistic	_	ContainsVariation=No	_	_	_	Slow=0-4(0)	_	_
986-3	BOR020	986	3	boh	boh	_	_	_	_	_	linguistic	_	ContainsVariation=No	_	_	_	Slow=0-3(0)	_	_
986-4	BOR020	986	4	arrangiatevi	arrangiatevi	_	_	_	_	_	linguistic	_	ContainsVariation=No	PauseAfter=Yes	_	_	Slow=0-12(0)	_	_
986-5	BOR020	986	5	(.)	(.)	_	_	_	_	_	shortpause	_	ContainsVariation=No	_	_	_	_	_	_
986-6	BOR020	986	6	>cioè<	cioè	_	_	_	_	_	linguistic	_	ContainsVariation=No	_	_	_	Fast=0-4(1)	_	_
986-7	BOR020	986	7	sì:	sì	_	_	_	_	_	linguistic	_	ContainsVariation=No	_	End=1586.816	1x1	_	_	_
987-0	BOR020	987	0	però	però	_	_	_	_	_	linguistic	_	ContainsVariation=No	_	Begin=1586.956	_	_	_	_
987-1	BOR020	987	1	non	non	_	_	_	_	_	linguistic	_	ContainsVariation=No	_	_	_	_	_	_
987-2	BOR020	987	2	dovrei	dovrei	_	_	_	_	_	linguistic	_	ContainsVariation=No	_	_	_	_	_	_
987-3	BOR020	987	3	pagarvelo	pagarvelo	_	_	_	_	_	linguistic	_	ContainsVariation=No	_	_	_	_	_	_
987-4	BOR020	987	4	io:	io	_	_	_	_	_	linguistic	_	ContainsVariation=No	_	End=1588.284	1x1	_	_	_
988-0	BOI079	988	0	mhmh	mhmh	_	_	_	_	_	linguistic	_	ContainsVariation=No	_	Begin=1588.498	_	_	_	_
988-1	BOI079	988	1	mh	mh	_	_	_	_	_	linguistic	_	ContainsVariation=No	_	End=1589.194	_	_	_	_
989-0	BOI078	989	0	tu	tu	_	_	_	_	_	linguistic	_	ContainsVariation=No	_	Begin=1589.722	_	_	_	_
989-1	BOI078	989	1	invece?	invece	_	_	_	_	_	linguistic	_	ContainsVariation=No	Intonation=Rising	End=1590.203	_	_	_	_
990-0	BOR022	990	0	io:	io	_	_	_	_	_	linguistic	_	ContainsVariation=No	_	Begin=1590.363	1x1	_	_	_
990-1	BOR022	990	1	in	in	_	_	_	_	_	linguistic	_	ContainsVariation=No	_	_	_	_	_	_
990-2	BOR022	990	2	realtà:	realtà	_	_	_	_	_	linguistic	_	ContainsVariation=No	PauseAfter=Yes	_	5x1	_	_	_
990-3	BOR022	990	3	(.)	(.)	_	_	_	_	_	shortpause	_	ContainsVariation=No	_	_	_	_	_	_
990-4	BOR022	990	4	>cioè<	cioè	_	_	_	_	_	linguistic	_	ContainsVariation=No	_	_	_	Fast=0-4(0)	_	_
990-5	BOR022	990	5	casa	casa	_	_	_	_	_	linguistic	_	ContainsVariation=No	_	_	_	_	_	_
990-6	BOR022	990	6	mia	mia	_	_	_	_	_	linguistic	_	ContainsVariation=No	_	_	_	_	_	_
990-7	BOR022	990	7	mi	mi	_	_	_	_	_	linguistic	_	ContainsVariation=No	_	_	_	_	_	_
990-8	BOR022	990	8	piace	piace	_	_	_	_	_	linguistic	_	ContainsVariation=No	_	_	_	_	_	_
990-9	BOR022	990	9	chiamarla:	chiamarla	_	_	_	_	_	linguistic	_	ContainsVariation=No	_	_	8x1	_	_	_
990-10	BOR022	990	10	il	il	_	_	_	_	_	linguistic	_	ContainsVariation=No	_	_	_	_	_	_
990-11	BOR022	990	11	centro,	centro	_	_	_	_	_	linguistic	_	ContainsVariation=No	Intonation=WeaklyRising	_	_	_	_	_
990-12	BOR022	990	12	sociale,	sociale	_	_	_	_	_	linguistic	_	ContainsVariation=No	Intonation=WeaklyRising	_	_	_	_	_
990-13	BOR022	990	13	più	più	_	_	_	_	_	linguistic	_	ContainsVariation=No	_	_	_	_	_	_
990-14	BOR022	990	14	bello	bello	_	_	_	_	_	linguistic	_	ContainsVariation=No	_	_	_	_	_	_
990-15	BOR022	990	15	di	di	_	_	_	_	_	linguistic	_	ContainsVariation=No	_	_	_	_	_	_
990-16	BOR022	990	16	bologna,	bologna	_	_	_	_	_	linguistic	_	ContainsVariation=No	Intonation=WeaklyRising|PauseAfter=Yes	_	_	_	_	_
990-17	BOR022	990	17	(.)	(.)	_	_	_	_	_	shortpause	_	ContainsVariation=No	_	_	_	_	_	_
990-18	BOR022	990	18	per	per	_	_	_	_	_	linguistic	_	ContainsVariation=No	_	_	_	_	_	_
990-19	BOR022	990	19	com'	com'	_	_	_	_	_	linguistic	_	ContainsVariation=No	SpaceAfter=No	_	_	_	_	_
990-20	BOR022	990	20	è	è	_	_	_	_	_	linguistic	_	ContainsVariation=No	_	End=1596.045	_	_	_	_
991-0	BOI079	991	0	((ride))	((ride))	_	_	_	_	_	nonverbalbehavior	_	ContainsVariation=No	_	Begin=1595.236|End=1595.605	_	_	_	_
992-0	BOR022	992	0	((ride))	((ride))	_	_	_	_	_	nonverbalbehavior	_	ContainsVariation=No	_	Begin=1596.236|End=1596.708	_	_	_	_
993-0	BOR022	993	0	però:	però	_	_	_	_	_	linguistic	_	ContainsVariation=No	_	Begin=1596.788	3x1	_	_	_
993-1	BOR022	993	1	in	in	_	_	_	_	_	linguistic	_	ContainsVariation=No	_	_	_	_	_	_
993-2	BOR022	993	2	realtà	realtà	_	_	_	_	_	linguistic	_	ContainsVariation=No	_	_	_	_	_	_
993-3	BOR022	993	3	il	il	_	_	_	_	_	linguistic	_	ContainsVariation=No	_	_	_	_	_	_
993-4	BOR022	993	4	mio	mio	_	_	_	_	_	linguistic	_	ContainsVariation=No	_	_	_	_	_	_
993-5	BOR022	993	5	pr~	pr~	_	_	_	_	_	linguistic	_	ContainsVariation=No	Interrupted=Yes|PauseAfter=Yes	_	_	_	_	_
993-6	BOR022	993	6	(.)	(.)	_	_	_	_	_	shortpause	_	ContainsVariation=No	_	_	_	_	_	_
993-7	BOR022	993	7	proprietario	proprietario	_	_	_	_	_	linguistic	_	ContainsVariation=No	_	_	_	_	_	_
993-8	BOR022	993	8	è	è	_	_	_	_	_	linguistic	_	ContainsVariation=No	_	_	_	_	_	_
993-9	BOR022	993	9	tipo:	tipo	_	_	_	_	_	linguistic	_	ContainsVariation=No	_	_	3x1	_	_	_
993-10	BOR022	993	10	un	un	_	_	_	_	_	linguistic	_	ContainsVariation=No	_	_	_	_	_	_
993-11	BOR022	993	11	vecchietto,	vecchietto	_	_	_	_	_	linguistic	_	ContainsVariation=No	Intonation=WeaklyRising	_	_	_	_	_
993-12	BOR022	993	12	bolognese,	bolognese	_	_	_	_	_	linguistic	_	ContainsVariation=No	Intonation=WeaklyRising	_	_	_	_	_
993-13	BOR022	993	13	di	di	_	_	_	_	_	linguistic	_	ContainsVariation=No	_	_	_	_	_	_
993-14	BOR022	993	14	ottant'	ottant'	_	_	_	_	_	linguistic	_	ContainsVariation=No	SpaceAfter=No	_	_	_	_	_
993-15	BOR022	993	15	anni,	anni	_	_	_	_	_	linguistic	_	ContainsVariation=No	Intonation=WeaklyRising	_	_	_	_	_
993-16	BOR022	993	16	che	che	_	_	_	_	_	linguistic	_	ContainsVariation=No	_	_	_	_	_	_
993-17	BOR022	993	17	non	non	_	_	_	_	_	linguistic	_	ContainsVariation=No	_	_	_	_	_	_
993-18	BOR022	993	18	ha	ha	_	_	_	_	_	linguistic	_	ContainsVariation=No	_	_	_	_	_	_
993-19	BOR022	993	19	neanche	neanche	_	_	_	_	_	linguistic	_	ContainsVariation=No	_	_	_	_	_	_
993-20	BOR022	993	20	più	più	_	_	_	_	_	linguistic	_	ContainsVariation=No	_	_	_	_	_	_
993-21	BOR022	993	21	interesse	interesse	_	_	_	_	_	linguistic	_	ContainsVariation=No	_	_	_	_	_	_
993-22	BOR022	993	22	di	di	_	_	_	_	_	linguistic	_	ContainsVariation=No	_	_	_	_	_	_
993-23	BOR022	993	23	far	far	_	_	_	_	_	linguistic	_	ContainsVariation=No	_	_	_	_	_	_
993-24	BOR022	993	24	soldi,	soldi	_	_	_	_	_	linguistic	_	ContainsVariation=No	Intonation=WeaklyRising	_	_	_	_	_
993-25	BOR022	993	25	quindi:	quindi	_	_	_	_	_	linguistic	_	ContainsVariation=No	PauseAfter=Yes	_	5x1	_	_	_
993-26	BOR022	993	26	(.)	(.)	_	_	_	_	_	shortpause	_	ContainsVariation=No	_	_	_	_	_	_
993-27	BOR022	993	27	molto	molto	_	_	_	_	_	linguistic	_	ContainsVariation=No	_	_	_	_	_	_
993-28	BOR022	993	28	carino	carino	_	_	_	_	_	linguistic	_	ContainsVariation=No	_	End=1604.752	_	_	_	_
994-0	BOR022	994	0	x	x	_	_	_	_	_	unknown	_	ContainsVariation=No	Syllables=1	Begin=1605.124	_	_	_	_
994-1	BOR022	994	1	[son	son	_	_	_	_	_	linguistic	_	ContainsVariation=No	_	_	_	_	_	0-3(357)
994-2	BOR022	994	2	stata]	stata	_	_	_	_	_	linguistic	_	ContainsVariation=No	_	_	_	_	_	0-5(357)
994-3	BOR022	994	3	fortunata	fortunata	_	_	_	_	_	linguistic	_	ContainsVariation=No	_	_	_	_	_	_
994-4	BOR022	994	4	((ride))	((ride))	_	_	_	_	_	nonverbalbehavior	_	ContainsVariation=No	_	End=1606.73	_	_	_	_
995-0	BOI079	995	0	[°dai	dai	_	_	_	_	_	linguistic	_	ContainsVariation=No	Volume=low	Begin=1605.252	_	_	_	0-3(357)
995-1	BOI079	995	1	bene°]	bene	_	_	_	_	_	linguistic	_	ContainsVariation=No	Volume=low	End=1605.722	_	_	_	0-4(357)
996-0	BOI079	996	0	quanti	quanti	_	_	_	_	_	linguistic	_	ContainsVariation=No	_	Begin=1606.315	_	_	_	_
996-1	BOI079	996	1	state	state	_	_	_	_	_	linguistic	_	ContainsVariation=No	_	_	_	_	_	_
996-2	BOI079	996	2	in	in	_	_	_	_	_	linguistic	_	ContainsVariation=No	PauseAfter=Yes	_	_	_	_	_
996-3	BOI079	996	3	(.)	(.)	_	_	_	_	_	shortpause	_	ContainsVariation=No	_	_	_	_	_	_
996-4	BOI079	996	4	quanti	quanti	_	_	_	_	_	linguistic	_	ContainsVariation=No	_	_	_	_	_	_
996-5	BOI079	996	5	siete?	siete	_	_	_	_	_	linguistic	_	ContainsVariation=No	Intonation=Rising	End=1607.844	_	_	_	_
997-0	BOR022	997	0	siamo	siamo	_	_	_	_	_	linguistic	_	ContainsVariation=No	_	Begin=1608.008	_	_	_	_
997-1	BOR022	997	1	in	in	_	_	_	_	_	linguistic	_	ContainsVariation=No	PauseAfter=Yes	_	_	_	_	_
997-2	BOR022	997	2	(.)	(.)	_	_	_	_	_	shortpause	_	ContainsVariation=No	_	_	_	_	_	_
997-3	BOR022	997	3	quattro	quattro	_	_	_	_	_	linguistic	_	ContainsVariation=No	PauseAfter=Yes	_	_	_	_	_
997-4	BOR022	997	4	(.)	(.)	_	_	_	_	_	shortpause	_	ContainsVariation=No	_	_	_	_	_	_
997-5	BOR022	997	5	due	due	_	_	_	_	_	linguistic	_	ContainsVariation=No	_	_	_	_	_	_
997-6	BOR022	997	6	doppie	doppie	_	_	_	_	_	linguistic	_	ContainsVariation=No	_	End=1609.639	_	_	_	_
998-0	BOI078	998	0	quattro	quattro	_	_	_	_	_	linguistic	_	ContainsVariation=No	PauseAfter=Yes	Begin=1610.365	_	_	_	_
998-1	BOI078	998	1	(.)	(.)	_	_	_	_	_	shortpause	_	ContainsVariation=No	_	_	_	_	_	_
998-2	BOI078	998	2	due	due	_	_	_	_	_	linguistic	_	ContainsVariation=No	_	_	_	_	_	_
998-3	BOI078	998	3	dop[pie]	doppie	_	_	_	_	_	linguistic	_	ContainsVariation=No	_	End=1611.625	_	_	_	3-6(359)
999-0	BOI079	999	0	[beh]	beh	_	_	_	_	_	linguistic	_	ContainsVariation=No	_	Begin=1611.431	_	_	_	0-3(359)
999-1	BOI079	999	1	dai	dai	_	_	_	_	_	linguistic	_	ContainsVariation=No	_	_	_	_	_	_
999-2	BOI079	999	2	ci	ci	_	_	_	_	_	linguistic	_	ContainsVariation=No	_	_	_	_	_	_
999-3	BOI079	999	3	sta	sta	_	_	_	_	_	linguistic	_	ContainsVariation=No	_	End=1612.271	_	_	_	_
1000-0	BOI079	1000	0	voi	voi	_	_	_	_	_	linguistic	_	ContainsVariation=No	_	Begin=1613.177	_	_	_	_
1000-1	BOI079	1000	1	av[ete	avete	_	_	_	_	_	linguistic	_	ContainsVariation=No	_	_	_	_	_	2-5(360)
1000-2	BOI079	1000	2	xxx]	xxx	_	_	_	_	_	unknown	_	ContainsVariation=No	Syllables=3	End=1614.059	_	_	_	0-3(360)
1001-0	BOI078	1001	0	[sono	sono	_	_	_	_	_	linguistic	_	ContainsVariation=No	_	Begin=1613.366	_	_	_	0-4(360)
1001-1	BOI078	1001	1	i	i	_	_	_	_	_	linguistic	_	ContainsVariation=No	_	_	_	_	_	0-1(360)
1001-2	BOI078	1001	2	due	due	_	_	_	_	_	linguistic	_	ContainsVariation=No	_	_	_	_	_	0-3(360)
1001-3	BOI078	1001	3	gruppi	gruppi	_	_	_	_	_	linguistic	_	ContainsVariation=No	_	_	_	_	_	0-6(360)
1001-4	BOI078	1001	4	da]	da	_	_	_	_	_	linguistic	_	ContainsVariation=No	_	_	_	_	_	0-2(360)
1001-5	BOI078	1001	5	quattro?	quattro	_	_	_	_	_	linguistic	_	ContainsVariation=No	Intonation=Rising	End=1614.78	_	_	_	_
1002-0	BOI078	1002	0	no:	no	_	_	_	_	_	linguistic	_	ContainsVariation=No	_	Begin=1615.061|End=1615.387	1x1	_	_	_
1003-0	BOR022	1003	0	no:	no	_	_	_	_	_	linguistic	_	ContainsVariation=No	_	Begin=1615.387|End=1615.619	1x1	_	_	_
1004-0	BOI078	1004	0	quattro	quattro	_	_	_	_	_	linguistic	_	ContainsVariation=No	PauseAfter=Yes	Begin=1615.911	_	_	_	_
1004-1	BOI078	1004	1	(.)	(.)	_	_	_	_	_	shortpause	_	ContainsVariation=No	_	_	_	_	_	_
1004-2	BOI078	1004	2	per[so(ne)]	persone	_	_	_	_	_	linguistic	_	ContainsVariation=No	_	End=1616.888	_	_	5-7(0)	3-7(361)
1005-0	BOR022	1005	0	[due:	due	_	_	_	_	_	linguistic	_	ContainsVariation=No	_	Begin=1616.633	2x1	_	_	0-3(361)
1005-1	BOR022	1005	1	s]tanze	stanze	_	_	_	_	_	linguistic	_	ContainsVariation=No	PauseAfter=Yes	_	_	_	_	0-1(361)
1005-2	BOR022	1005	2	(.)	(.)	_	_	_	_	_	shortpause	_	ContainsVariation=No	_	_	_	_	_	_
1005-3	BOR022	1005	3	due	due	_	_	_	_	_	linguistic	_	ContainsVariation=No	_	_	_	_	_	_
1005-4	BOR022	1005	4	persone	persone	_	_	_	_	_	linguistic	_	ContainsVariation=No	_	_	_	_	_	_
1005-5	BOR022	1005	5	per	per	_	_	_	_	_	linguistic	_	ContainsVariation=No	_	_	_	_	_	_
1005-6	BOR022	1005	6	ogni	ogni	_	_	_	_	_	linguistic	_	ContainsVariation=No	_	_	_	_	_	_
1005-7	BOR022	1005	7	stanza	stanza	_	_	_	_	_	linguistic	_	ContainsVariation=No	_	End=1619.064	_	_	_	_
1006-0	BOI078	1006	0	e:::hm	ehm	_	_	_	_	_	linguistic	_	ContainsVariation=No	PauseAfter=Yes	Begin=1619.326	0x3	_	_	_
1006-1	BOI078	1006	1	(.)	(.)	_	_	_	_	_	shortpause	_	ContainsVariation=No	_	_	_	_	_	_
1006-2	BOI078	1006	2	nessuno:	nessuno	_	_	_	_	_	linguistic	_	ContainsVariation=No	PauseAfter=Yes	_	6x1	_	_	_
1006-3	BOI078	1006	3	(.)	(.)	_	_	_	_	_	shortpause	_	ContainsVariation=No	_	_	_	_	_	_
1006-4	BOI078	1006	4	c(io)è:	cioè	_	_	_	_	_	linguistic	_	ContainsVariation=No	Reduced=Yes	_	3x1	_	_	_
1006-5	BOI078	1006	5	è	è	_	_	_	_	_	linguistic	_	ContainsVariation=No	_	_	_	_	_	_
1006-6	BOI078	1006	6	vero	vero	_	_	_	_	_	linguistic	_	ContainsVariation=No	PauseAfter=Yes	_	_	_	_	_
1006-7	BOI078	1006	7	(.)	(.)	_	_	_	_	_	shortpause	_	ContainsVariation=No	_	_	_	_	_	_
1006-8	BOI078	1006	8	è	è	_	_	_	_	_	linguistic	_	ContainsVariation=No	_	_	_	_	_	_
1006-9	BOI078	1006	9	vera	vera	_	_	_	_	_	linguistic	_	ContainsVariation=No	_	_	_	_	_	_
1006-10	BOI078	1006	10	la	la	_	_	_	_	_	linguistic	_	ContainsVariation=No	_	_	_	_	_	_
1006-11	BOI078	1006	11	regola	regola	_	_	_	_	_	linguistic	_	ContainsVariation=No	_	_	_	_	_	_
1006-12	BOI078	1006	12	che	che	_	_	_	_	_	linguistic	_	ContainsVariation=No	_	_	_	_	_	_
1006-13	BOI078	1006	13	non	non	_	_	_	_	_	linguistic	_	ContainsVariation=No	_	_	_	_	_	_
1006-14	BOI078	1006	14	bisogna	bisogna	_	_	_	_	_	linguistic	_	ContainsVariation=No	_	_	_	_	_	_
1006-15	BOI078	1006	15	mai	mai	_	_	_	_	_	linguistic	_	ContainsVariation=No	_	_	_	_	_	_
1006-16	BOI078	1006	16	fare	fare	_	_	_	_	_	linguistic	_	ContainsVariation=No	_	_	_	_	_	_
1006-17	BOI078	1006	17	sesso	sesso	_	_	_	_	_	linguistic	_	ContainsVariation=No	_	_	_	_	_	_
1006-18	BOI078	1006	18	col	col	_	_	_	_	_	linguistic	_	ContainsVariation=No	_	_	_	_	_	_
1006-19	BOI078	1006	19	coinquilino?	coinquilino	_	_	_	_	_	linguistic	_	ContainsVariation=No	Intonation=Rising	End=1624.691	_	_	_	_
1007-0	BOR020	1007	0	((ride))	((ride))	_	_	_	_	_	nonverbalbehavior	_	ContainsVariation=No	_	Begin=1624.945|End=1625.309	_	_	_	_
1008-0	BOR022	1008	0	sì.	sì	_	_	_	_	_	linguistic	_	ContainsVariation=No	Intonation=Falling	Begin=1625.024|End=1625.322	_	_	_	_
1009-0	BOI079	1009	0	[l~	l~	_	_	_	_	_	linguistic	_	ContainsVariation=No	Interrupted=Yes|PauseAfter=Yes	Begin=1626.072	_	_	_	0-2(363)
1009-1	BOI079	1009	1	(.)	(.)	_	_	_	_	_	shortpause	_	ContainsVariation=No	_	_	_	_	_	X(363)
1009-2	BOI079	1009	2	l'	l'	_	_	_	_	_	linguistic	_	ContainsVariation=No	SpaceAfter=No	_	_	_	_	0-2(363)
1009-3	BOI079	1009	3	hai	hai	_	_	_	_	_	linguistic	_	ContainsVariation=No	_	_	_	_	_	0-3(363)
1009-4	BOI079	1009	4	fat~	fat~	_	_	_	_	_	linguistic	_	ContainsVariation=No	Interrupted=Yes|PauseAfter=Yes	_	_	_	_	0-4(363)
1009-5	BOI079	1009	5	(.)	(.)	_	_	_	_	_	shortpause	_	ContainsVariation=No	_	_	_	_	_	X(363)
1009-6	BOI079	1009	6	ti	ti	_	_	_	_	_	linguistic	_	ContainsVariation=No	_	_	_	_	_	0-2(363)
1009-7	BOI079	1009	7	è	è	_	_	_	_	_	linguistic	_	ContainsVariation=No	_	_	_	_	_	0-1(363)
1009-8	BOI079	1009	8	capitato]?	capitato	_	_	_	_	_	linguistic	_	ContainsVariation=No	Intonation=Rising	End=1627.639	_	_	_	0-8(363)
1010-0	BOI078	1010	0	[hai	hai	_	_	_	_	_	linguistic	_	ContainsVariation=No	_	Begin=1626.072	_	_	_	0-3(363)
1010-1	BOI078	1010	1	fat~	fat~	_	_	_	_	_	linguistic	_	ContainsVariation=No	Interrupted=Yes|PauseAfter=Yes	_	_	_	_	0-4(363)
1010-2	BOI078	1010	2	(.)	(.)	_	_	_	_	_	shortpause	_	ContainsVariation=No	_	_	_	_	_	X(363)
1010-3	BOI078	1010	3	hai	hai	_	_	_	_	_	linguistic	_	ContainsVariation=No	_	_	_	_	_	0-3(363)
1010-4	BOI078	1010	4	fatto	fatto	_	_	_	_	_	linguistic	_	ContainsVariation=No	_	_	_	_	_	0-5(363)
1010-5	BOI078	1010	5	sesso	sesso	_	_	_	_	_	linguistic	_	ContainsVariation=No	_	_	_	_	_	0-5(363)
1010-6	BOI078	1010	6	col]	col	_	_	_	_	_	linguistic	_	ContainsVariation=No	_	_	_	_	_	0-3(363)
1010-7	BOI078	1010	7	coin[quilino]?	coinquilino	_	_	_	_	_	linguistic	_	ContainsVariation=No	Intonation=Rising	End=1627.973	_	_	_	4-11(364)
1011-0	BOR022	1011	0	[no:]	no	_	_	_	_	_	linguistic	_	ContainsVariation=No	_	Begin=1627.658|End=1627.973	1x1	_	_	0-2(364)
1012-0	BOR022	1012	0	ho	ho	_	_	_	_	_	linguistic	_	ContainsVariation=No	_	Begin=1628.84	_	_	_	_
1012-1	BOR022	1012	1	sempre	sempre	_	_	_	_	_	linguistic	_	ContainsVariation=No	_	_	_	_	_	_
1012-2	BOR022	1012	2	avuto	avuto	_	_	_	_	_	linguistic	_	ContainsVariation=No	PauseAfter=Yes	_	_	_	_	_
1012-3	BOR022	1012	3	(.)	(.)	_	_	_	_	_	shortpause	_	ContainsVariation=No	_	_	_	_	_	_
1012-4	BOR022	1012	4	coinquiline	coinquiline	_	_	_	_	_	linguistic	_	ContainsVariation=No	_	_	_	_	_	_
1012-5	BOR022	1012	5	donne::	donne	_	_	_	_	_	linguistic	_	ContainsVariation=No	_	End=1630.553	4x2	_	_	_
1013-0	BOI078	1013	0	con	con	_	_	_	_	_	linguistic	_	ContainsVariation=No	_	Begin=1630.973	_	_	_	_
1013-1	BOI078	1013	1	cui	cui	_	_	_	_	_	linguistic	_	ContainsVariation=No	_	_	_	_	_	_
1013-2	BOI078	1013	2	non	non	_	_	_	_	_	linguistic	_	ContainsVariation=No	_	_	_	_	_	_
1013-3	BOI078	1013	3	eh	eh	_	_	_	_	_	linguistic	_	ContainsVariation=No	PauseAfter=Yes	_	_	_	_	_
1013-4	BOI078	1013	4	(.)	(.)	_	_	_	_	_	shortpause	_	ContainsVariation=No	_	_	_	_	_	_
1013-5	BOI078	1013	5	[hai]	hai	_	_	_	_	_	linguistic	_	ContainsVariation=No	_	End=1631.89	_	_	_	0-3(365)
1014-0	BOR022	1014	0	[con]	con	_	_	_	_	_	linguistic	_	ContainsVariation=No	_	Begin=1631.718	_	_	_	0-3(365)
1014-1	BOR022	1014	1	cui	cui	_	_	_	_	_	linguistic	_	ContainsVariation=No	_	_	_	_	_	_
1014-2	BOR022	1014	2	non	non	_	_	_	_	_	linguistic	_	ContainsVariation=No	_	_	_	_	_	_
1014-3	BOR022	1014	3	c'	c'	_	_	_	_	_	linguistic	_	ContainsVariation=No	SpaceAfter=No	_	_	_	_	_
1014-4	BOR022	1014	4	è	è	_	_	_	_	_	linguistic	_	ContainsVariation=No	_	_	_	_	_	_
1014-5	BOR022	1014	5	s[ta~	sta~	_	_	_	_	_	linguistic	_	ContainsVariation=No	Interrupted=Yes	_	_	_	_	0-4(366)
1014-6	BOR022	1014	6	no]	no	_	_	_	_	_	linguistic	_	ContainsVariation=No	_	_	_	_	_	0-2(366)
1014-7	BOR022	1014	7	((ride))	((ride))	_	_	_	_	_	nonverbalbehavior	_	ContainsVariation=No	_	End=1632.95	_	_	_	_
1015-0	BOI079	1015	0	[xxxxx]x	xxxxxx	_	_	_	_	_	unknown	_	ContainsVariation=No	PauseAfter=Yes|Syllables=6	Begin=1632.304	_	_	_	0-5(366)
1015-1	BOI079	1015	1	(.)	(.)	_	_	_	_	_	shortpause	_	ContainsVariation=No	_	_	_	_	_	_
1015-2	BOI079	1015	2	okay	okay	_	_	_	_	_	linguistic	_	ContainsVariation=No	_	End=1633.542	_	_	_	_
1016-0	BOI078	1016	0	e:::hm	ehm	_	_	_	_	_	linguistic	_	ContainsVariation=No	PauseAfter=Yes	Begin=1633.756	0x3	_	_	_
1016-1	BOI078	1016	1	(.)	(.)	_	_	_	_	_	shortpause	_	ContainsVariation=No	_	_	_	_	_	_
1016-2	BOI078	1016	2	tu	tu	_	_	_	_	_	linguistic	_	ContainsVariation=No	_	_	_	_	_	_
1016-3	BOI078	1016	3	inve[ce]?	invece	_	_	_	_	_	linguistic	_	ContainsVariation=No	Intonation=Rising	End=1635.419	_	_	_	4-6(367)
1017-0	BOR020	1017	0	[no].	no	_	_	_	_	_	linguistic	_	ContainsVariation=No	Intonation=Falling	Begin=1635.099|End=1635.419	_	_	_	0-2(367)
1018-0	BOR020	1018	0	>cioè<	cioè	_	_	_	_	_	linguistic	_	ContainsVariation=No	_	Begin=1635.656	_	Fast=0-4(0)	_	_
1018-1	BOR020	1018	1	rispetto	rispetto	_	_	_	_	_	linguistic	_	ContainsVariation=No	_	End=1636.534	_	_	_	_
1019-0	BOI078	1019	0	r[ispet]ti?	rispetti	_	_	_	_	_	linguistic	_	ContainsVariation=No	Intonation=Rising	Begin=1637.136|End=1637.855	_	_	_	1-6(368)
1020-0	BOR020	1020	0	[la	la	_	_	_	_	_	linguistic	_	ContainsVariation=No	_	Begin=1637.227	_	_	_	0-2(368)
1020-1	BOR020	1020	1	regola]	regola	_	_	_	_	_	linguistic	_	ContainsVariation=No	_	End=1637.701	_	_	_	0-6(368)
1021-0	BOI078	1021	0	x	x	_	_	_	_	_	unknown	_	ContainsVariation=No	Syllables=1	Begin=1638.238|End=1638.403	_	_	_	_
1022-0	BOI078	1022	0	te	te	_	_	_	_	_	linguistic	_	ContainsVariation=No	_	Begin=1638.687	_	_	_	_
1022-1	BOI078	1022	1	l'	l'	_	_	_	_	_	linguistic	_	ContainsVariation=No	SpaceAfter=No	_	_	_	_	_
1022-2	BOI078	1022	2	ha	ha	_	_	_	_	_	linguistic	_	ContainsVariation=No	_	_	_	_	_	_
1022-3	BOI078	1022	3	de~	de~	_	_	_	_	_	linguistic	_	ContainsVariation=No	Interrupted=Yes	_	_	_	_	_
1022-4	BOI078	1022	4	perché	perché	_	_	_	_	_	linguistic	_	ContainsVariation=No	_	_	_	_	_	_
1022-5	BOI078	1022	5	la	la	_	_	_	_	_	linguistic	_	ContainsVariation=No	_	_	_	_	_	_
1022-6	BOI078	1022	6	devi	devi	_	_	_	_	_	linguistic	_	ContainsVariation=No	_	_	_	_	_	_
1022-7	BOI078	1022	7	rispett[are]?	rispettare	_	_	_	_	_	linguistic	_	ContainsVariation=No	Intonation=Rising	End=1640.261	_	_	_	6-10(369)
1023-0	BOR020	1023	0	[no]:	no	_	_	_	_	_	linguistic	_	ContainsVariation=No	_	Begin=1640.045|End=1640.443	1x1	_	_	0-2(369)
1024-0	BOR020	1024	0	la	la	_	_	_	_	_	linguistic	_	ContainsVariation=No	_	Begin=1641.127	_	_	_	_
1024-1	BOR020	1024	1	rispetto	rispetto	_	_	_	_	_	linguistic	_	ContainsVariation=No	_	_	_	_	_	_
1024-2	BOR020	1024	2	volentieri	volentieri	_	_	_	_	_	linguistic	_	ContainsVariation=No	_	End=1642.133	_	_	_	_
1025-0	BOI078	1025	0	((ride))	((ride))	_	_	_	_	_	nonverbalbehavior	_	ContainsVariation=No	_	Begin=1642.133|End=1642.57	_	_	_	_
1026-0	BOR020	1026	0	((ride))	((ride))	_	_	_	_	_	nonverbalbehavior	_	ContainsVariation=No	_	Begin=1642.639|End=1643.099	_	_	_	_
1027-0	BOI078	1027	0	e	e	_	_	_	_	_	linguistic	_	ContainsVariation=No	_	Begin=1644.55	_	_	_	_
1027-1	BOI078	1027	1	invece	invece	_	_	_	_	_	linguistic	_	ContainsVariation=No	_	_	_	_	_	_
1027-2	BOI078	1027	2	l'	l'	_	_	_	_	_	linguistic	_	ContainsVariation=No	SpaceAfter=No	_	_	_	_	_
1027-3	BOI078	1027	3	altra:	altra	_	_	_	_	_	linguistic	_	ContainsVariation=No	_	_	4x1	_	_	_
1027-4	BOI078	1027	4	vostra:	vostra	_	_	_	_	_	linguistic	_	ContainsVariation=No	_	_	5x1	_	_	_
1027-5	BOI078	1027	5	[coinq~]	coinq~	_	_	_	_	_	linguistic	_	ContainsVariation=No	Interrupted=Yes	End=1646.095	_	_	_	0-6(370)
1028-0	BOR020	1028	0	[ques]ta	questa	_	_	_	_	_	linguistic	_	ContainsVariation=No	_	Begin=1645.88	_	_	_	0-4(370)
1028-1	BOR020	1028	1	è	è	_	_	_	_	_	linguistic	_	ContainsVariation=No	_	_	_	_	_	_
1028-2	BOR020	1028	2	una	una	_	_	_	_	_	linguistic	_	ContainsVariation=No	_	_	_	_	_	_
1028-3	BOR020	1028	3	domanda	domanda	_	_	_	_	_	linguistic	_	ContainsVariation=No	_	_	_	_	_	_
1028-4	BOR020	1028	4	che:	che	_	_	_	_	_	linguistic	_	ContainsVariation=No	_	_	2x1	_	_	_
1028-5	BOR020	1028	5	vorresti:	vorresti	_	_	_	_	_	linguistic	_	ContainsVariation=No	_	End=1647.964	7x1	_	_	_
1029-0	BOR020	1029	0	fare:	fare	_	_	_	_	_	linguistic	_	ContainsVariation=No	_	Begin=1648.344	3x1	_	_	_
1029-1	BOR020	1029	1	esperienza?	esperienza	_	_	_	_	_	linguistic	_	ContainsVariation=No	Intonation=Rising	_	_	_	_	_
1029-2	BOR020	1029	2	((ride))	((ride))	_	_	_	_	_	nonverbalbehavior	_	ContainsVariation=No	_	_	_	_	_	_
1029-3	BOR020	1029	3	[>cioè<]	cioè	_	_	_	_	_	linguistic	_	ContainsVariation=No	_	End=1649.969	_	Fast=0-4(0)	_	0-4(371)
1030-0	BOI078	1030	0	[x	x	_	_	_	_	_	unknown	_	ContainsVariation=No	Syllables=1	Begin=1649.666	_	_	_	0-1(371)
1030-1	BOI078	1030	1	con]	con	_	_	_	_	_	linguistic	_	ContainsVariation=No	_	_	_	_	_	0-3(371)
1030-2	BOI078	1030	2	le	le	_	_	_	_	_	linguistic	_	ContainsVariation=No	_	_	_	_	_	_
1030-3	BOI078	1030	3	coinquiline	coinquiline	_	_	_	_	_	linguistic	_	ContainsVariation=No	PauseAfter=Yes	_	_	_	_	_
1030-4	BOI078	1030	4	(.)	(.)	_	_	_	_	_	shortpause	_	ContainsVariation=No	_	_	_	_	_	_
1030-5	BOI078	1030	5	eh	eh	_	_	_	_	_	linguistic	_	ContainsVariation=No	_	_	_	_	_	_
1030-6	BOI078	1030	6	ma	ma	_	_	_	_	_	linguistic	_	ContainsVariation=No	_	_	_	_	_	_
1030-7	BOI078	1030	7	io	io	_	_	_	_	_	linguistic	_	ContainsVariation=No	_	_	_	_	_	_
1030-8	BOI078	1030	8	non	non	_	_	_	_	_	linguistic	_	ContainsVariation=No	_	_	_	_	_	_
1030-9	BOI078	1030	9	ho	ho	_	_	_	_	_	linguistic	_	ContainsVariation=No	_	_	_	_	_	_
1030-10	BOI078	1030	10	i	i	_	_	_	_	_	linguistic	_	ContainsVariation=No	_	_	_	_	_	_
1030-11	BOI078	1030	11	conqui[lini]	conquilini	_	_	_	_	_	linguistic	_	ContainsVariation=No	_	End=1652.006	_	_	_	6-10(373)
1031-0	BOR020	1031	0	[e:h]	eh	_	_	_	_	_	linguistic	_	ContainsVariation=No	_	Begin=1650.577|End=1650.854	0x1	_	_	0-2(373)
1032-0	BOR020	1032	0	[appu]nto	appunto	_	_	_	_	_	linguistic	_	ContainsVariation=No	_	Begin=1651.791	_	_	_	0-4(372)
1032-1	BOR020	1032	1	>dico<	dico	_	_	_	_	_	linguistic	_	ContainsVariation=No	_	_	_	Fast=0-4(0)	_	_
1032-2	BOR020	1032	2	nel	nel	_	_	_	_	_	linguistic	_	ContainsVariation=No	_	_	_	_	_	_
1032-3	BOR020	1032	3	futuro?	futuro	_	_	_	_	_	linguistic	_	ContainsVariation=No	Intonation=Rising	End=1653.33	_	_	_	_
1033-0	BOI078	1033	0	vorrei	vorrei	_	_	_	_	_	linguistic	_	ContainsVariation=No	_	Begin=1653.4	_	_	_	_
1033-1	BOI078	1033	1	avere	avere	_	_	_	_	_	linguistic	_	ContainsVariation=No	_	_	_	_	_	_
1033-2	BOI078	1033	2	delle	delle	_	_	_	_	_	linguistic	_	ContainsVariation=No	_	_	_	_	_	_
1033-3	BOI078	1033	3	coinquiline?	coinquiline	_	_	_	_	_	linguistic	_	ContainsVariation=No	Intonation=Rising	End=1654.762	_	_	_	_
1034-0	BOR020	1034	0	eh	eh	_	_	_	_	_	linguistic	_	ContainsVariation=No	_	Begin=1654.788|End=1655.065	_	_	_	_
1035-0	BOI078	1035	0	e:h	eh	_	_	_	_	_	linguistic	_	ContainsVariation=No	_	Begin=1655.382	0x1	_	_	_
1035-1	BOI078	1035	1	purtroppo	purtroppo	_	_	_	_	_	linguistic	_	ContainsVariation=No	_	_	_	_	_	_
1035-2	BOI078	1035	2	stando	stando	_	_	_	_	_	linguistic	_	ContainsVariation=No	_	_	_	_	_	_
1035-3	BOI078	1035	3	a	a	_	_	_	_	_	linguistic	_	ContainsVariation=No	_	_	_	_	_	_
1035-4	BOI078	1035	4	bologna:::	bologna	_	_	_	_	_	linguistic	_	ContainsVariation=No	_	_	6x3	_	_	_
1035-5	BOI078	1035	5	o	o	_	_	_	_	_	linguistic	_	ContainsVariation=No	_	_	_	_	_	_
1035-6	BOI078	1035	6	mi::	mi	_	_	_	_	_	linguistic	_	ContainsVariation=No	PauseAfter=Yes	_	1x2	_	_	_
1035-7	BOI078	1035	7	(.)	(.)	_	_	_	_	_	shortpause	_	ContainsVariation=No	_	_	_	_	_	_
1035-8	BOI078	1035	8	sal~	sal~	_	_	_	_	_	linguistic	_	ContainsVariation=No	Interrupted=Yes	_	_	_	_	_
1035-9	BOI078	1035	9	tipo	tipo	_	_	_	_	_	linguistic	_	ContainsVariation=No	_	_	_	_	_	_
1035-10	BOI078	1035	10	sal~	sal~	_	_	_	_	_	linguistic	_	ContainsVariation=No	Interrupted=Yes|PauseAfter=Yes	_	_	_	_	_
1035-11	BOI078	1035	11	(.)	(.)	_	_	_	_	_	shortpause	_	ContainsVariation=No	_	_	_	_	_	_
1035-12	BOI078	1035	12	la	la	_	_	_	_	_	linguistic	_	ContainsVariation=No	_	_	_	_	_	_
1035-13	BOI078	1035	13	notte	notte	_	_	_	_	_	linguistic	_	ContainsVariation=No	_	_	_	_	_	_
1035-14	BOI078	1035	14	vado	vado	_	_	_	_	_	linguistic	_	ContainsVariation=No	_	End=1660.262	_	_	_	_
1036-0	BOI078	1036	0	entro	entro	_	_	_	_	_	linguistic	_	ContainsVariation=No	_	Begin=1660.796	_	_	_	_
1036-1	BOI078	1036	1	dalle	dalle	_	_	_	_	_	linguistic	_	ContainsVariation=No	_	_	_	_	_	_
1036-2	BOI078	1036	2	finestre	finestre	_	_	_	_	_	linguistic	_	ContainsVariation=No	_	_	_	_	_	_
1036-3	BOI078	1036	3	delle	delle	_	_	_	_	_	linguistic	_	ContainsVariation=No	_	_	_	_	_	_
1036-4	BOI078	1036	4	c:ase.	case	_	_	_	_	_	linguistic	_	ContainsVariation=No	Intonation=Falling	_	0x1	_	_	_
1036-5	BOI078	1036	5	[però]	però	_	_	_	_	_	linguistic	_	ContainsVariation=No	_	End=1662.581	_	_	_	0-4(374)
1037-0	BOR020	1037	0	[ottim]a	ottima	_	_	_	_	_	linguistic	_	ContainsVariation=No	_	Begin=1662.267	_	_	_	0-5(374)
1037-1	BOR020	1037	1	mossa	mossa	_	_	_	_	_	linguistic	_	ContainsVariation=No	PauseAfter=Yes	_	_	_	_	_
1037-2	BOR020	1037	2	(.)	(.)	_	_	_	_	_	shortpause	_	ContainsVariation=No	_	_	_	_	_	_
1037-3	BOR020	1037	3	sì	sì	_	_	_	_	_	linguistic	_	ContainsVariation=No	_	End=1663.309	_	_	_	_
1038-0	BOI078	1038	0	e::h	eh	_	_	_	_	_	linguistic	_	ContainsVariation=No	_	Begin=1663.348	0x2	_	_	_
1038-1	BOI078	1038	1	oppure:	oppure	_	_	_	_	_	linguistic	_	ContainsVariation=No	PauseAfter=Yes	_	5x1	_	_	_
1038-2	BOI078	1038	2	(.)	(.)	_	_	_	_	_	shortpause	_	ContainsVariation=No	_	_	_	_	_	_
1038-3	BOI078	1038	3	(d)ifficile	difficile	_	_	_	_	_	linguistic	_	ContainsVariation=No	_	End=1665.356	_	_	0-1(0)	_
1039-0	BOI078	1039	0	°c(io)è:	cioè	_	_	_	_	_	linguistic	_	ContainsVariation=No	Reduced=Yes|PauseAfter=Yes|Volume=low	Begin=1665.646	3x1	_	_	_
1039-1	BOI078	1039	1	(.)	(.)	_	_	_	_	_	shortpause	_	ContainsVariation=No	_	_	_	_	_	_
1039-2	BOI078	1039	2	c(io)è:	cioè	_	_	_	_	_	linguistic	_	ContainsVariation=No	Reduced=Yes|Volume=low	_	3x1	_	_	_
1039-3	BOI078	1039	3	ho:	ho	_	_	_	_	_	linguistic	_	ContainsVariation=No	PauseAfter=Yes|Volume=low	_	1x1	_	_	_
1039-4	BOI078	1039	4	(.)	(.)	_	_	_	_	_	shortpause	_	ContainsVariation=No	_	_	_	_	_	_
1039-5	BOI078	1039	5	non	non	_	_	_	_	_	linguistic	_	ContainsVariation=No	Volume=low	_	_	_	_	_
1039-6	BOI078	1039	6	ho	ho	_	_	_	_	_	linguistic	_	ContainsVariation=No	Volume=low	_	_	_	_	_
1039-7	BOI078	1039	7	nessuno	nessuno	_	_	_	_	_	linguistic	_	ContainsVariation=No	Volume=low	_	_	_	_	_
1039-8	BOI078	1039	8	in	in	_	_	_	_	_	linguistic	_	ContainsVariation=No	Volume=low	_	_	_	_	_
1039-9	BOI078	1039	9	casa	casa	_	_	_	_	_	linguistic	_	ContainsVariation=No	Volume=low	_	_	_	_	_
1039-10	BOI078	1039	10	con	con	_	_	_	_	_	linguistic	_	ContainsVariation=No	Volume=low	_	_	_	_	_
1039-11	BOI078	1039	11	cui°	cui	_	_	_	_	_	linguistic	_	ContainsVariation=No	Volume=low	End=1669.183	_	_	_	_
1040-0	BOI078	1040	0	>cioè<	cioè	_	_	_	_	_	linguistic	_	ContainsVariation=No	_	Begin=1670.188|End=1670.386	_	Fast=0-4(0)	_	_
1041-0	BOR020	1041	0	non	non	_	_	_	_	_	linguistic	_	ContainsVariation=No	_	Begin=1671.128	_	_	_	_
1041-1	BOR020	1041	1	hai	hai	_	_	_	_	_	linguistic	_	ContainsVariation=No	_	_	_	_	_	_
1041-2	BOR020	1041	2	fratelli?	fratelli	_	_	_	_	_	linguistic	_	ContainsVariation=No	Intonation=Rising	_	_	_	_	_
1041-3	BOR020	1041	3	((ride))	((ride))	_	_	_	_	_	nonverbalbehavior	_	ContainsVariation=No	_	End=1673.127	_	_	_	_
1042-0	BOI078	1042	0	eh	eh	_	_	_	_	_	linguistic	_	ContainsVariation=No	_	Begin=1672.117	_	_	_	_
1042-1	BOI078	1042	1	no	no	_	_	_	_	_	linguistic	_	ContainsVariation=No	_	End=1672.493	_	_	_	_
1043-0	BOI078	1043	0	è	è	_	_	_	_	_	linguistic	_	ContainsVariation=No	_	Begin=1673.127	_	_	_	_
1043-1	BOI078	1043	1	a	a	_	_	_	_	_	linguistic	_	ContainsVariation=No	_	_	_	_	_	_
1043-2	BOI078	1043	2	milano	milano	_	_	_	_	_	linguistic	_	ContainsVariation=No	_	End=1673.662	_	_	_	_
1044-0	BOI078	1044	0	quindi	quindi	_	_	_	_	_	linguistic	_	ContainsVariation=No	_	Begin=1673.792	_	_	_	_
1044-1	BOI078	1044	1	non	non	_	_	_	_	_	linguistic	_	ContainsVariation=No	_	_	_	_	_	_
1044-2	BOI078	1044	2	potrei	potrei	_	_	_	_	_	linguistic	_	ContainsVariation=No	_	_	_	_	_	_
1044-3	BOI078	1044	3	proprio	proprio	_	_	_	_	_	linguistic	_	ContainsVariation=No	_	End=1674.634	_	_	_	_
1045-0	BOI078	1045	0	E:::H	eh	_	_	_	_	_	linguistic	_	ContainsVariation=No	Volume=high	Begin=1674.854	0x3	_	_	_
1045-1	BOI078	1045	1	°m:::h°	mh	_	_	_	_	_	linguistic	_	ContainsVariation=No	Volume=low	End=1676.793	0x3	_	_	_
1046-0	BOI078	1046	0	e	e	_	_	_	_	_	linguistic	_	ContainsVariation=No	_	Begin=1676.911	_	_	_	_
1046-1	BOI078	1046	1	quindi	quindi	_	_	_	_	_	linguistic	_	ContainsVariation=No	_	_	_	_	_	_
1046-2	BOI078	1046	2	no	no	_	_	_	_	_	linguistic	_	ContainsVariation=No	_	_	_	_	_	_
1046-3	BOI078	1046	3	no	no	_	_	_	_	_	linguistic	_	ContainsVariation=No	_	_	_	_	_	_
1046-4	BOI078	1046	4	[è	è	_	_	_	_	_	linguistic	_	ContainsVariation=No	_	_	_	_	_	0-1(376)
1046-5	BOI078	1046	5	una	una	_	_	_	_	_	linguistic	_	ContainsVariation=No	_	_	_	_	_	0-3(376)
1046-6	BOI078	1046	6	doman~]	doman~	_	_	_	_	_	linguistic	_	ContainsVariation=No	Interrupted=Yes	End=1677.98	_	_	_	0-6(376)
1047-0	BOI079	1047	0	[c'	c'	_	_	_	_	_	linguistic	_	ContainsVariation=No	SpaceAfter=No	Begin=1677.649	_	_	_	0-2(376)
1047-1	BOI079	1047	1	è	è	_	_	_	_	_	linguistic	_	ContainsVariation=No	_	_	_	_	_	0-1(376)
1047-2	BOI079	1047	2	il	il	_	_	_	_	_	linguistic	_	ContainsVariation=No	_	_	_	_	_	0-2(376)
1047-3	BOI079	1047	3	ga]tto	gatto	_	_	_	_	_	linguistic	_	ContainsVariation=No	_	End=1678.345	_	_	_	0-2(376)
1048-0	BOI078	1048	0	e:h	eh	_	_	_	_	_	linguistic	_	ContainsVariation=No	_	Begin=1678.701	0x1	_	_	_
1048-1	BOI078	1048	1	c'	c'	_	_	_	_	_	linguistic	_	ContainsVariation=No	SpaceAfter=No	_	_	_	_	_
1048-2	BOI078	1048	2	è	è	_	_	_	_	_	linguistic	_	ContainsVariation=No	_	_	_	_	_	_
1048-3	BOI078	1048	3	il	il	_	_	_	_	_	linguistic	_	ContainsVariation=No	_	_	_	_	_	_
1048-4	BOI078	1048	4	gatto	gatto	_	_	_	_	_	linguistic	_	ContainsVariation=No	_	_	_	_	_	_
1048-5	BOI078	1048	5	però	però	_	_	_	_	_	linguistic	_	ContainsVariation=No	_	_	_	_	_	_
1048-6	BOI078	1048	6	n~	n~	_	_	_	_	_	linguistic	_	ContainsVariation=No	Interrupted=Yes	End=1679.953	_	_	_	_
1049-0	BOI078	1049	0	°(in)somma°	insomma	_	_	_	_	_	linguistic	_	ContainsVariation=No	Volume=low	Begin=1681.313|End=1681.502	_	_	0-2(0)	_
1050-0	BOR020	1050	0	stiamo	stiamo	_	_	_	_	_	linguistic	_	ContainsVariation=No	_	Begin=1681.722	_	_	_	_
1050-1	BOR020	1050	1	sforand[o]	sforando	_	_	_	_	_	linguistic	_	ContainsVariation=No	_	End=1682.462	_	_	_	7-8(377)
1051-0	BOI078	1051	0	[no]	no	_	_	_	_	_	linguistic	_	ContainsVariation=No	_	Begin=1682.384	_	_	_	0-2(377)
1051-1	BOI078	1051	1	più	più	_	_	_	_	_	linguistic	_	ContainsVariation=No	_	_	_	_	_	_
1051-2	BOI078	1051	2	[che	che	_	_	_	_	_	linguistic	_	ContainsVariation=No	_	_	_	_	_	0-3(378)
1051-3	BOI078	1051	3	al]tro	altro	_	_	_	_	_	linguistic	_	ContainsVariation=No	_	_	_	_	_	0-2(378)
1051-4	BOI078	1051	4	è	è	_	_	_	_	_	linguistic	_	ContainsVariation=No	_	_	_	_	_	_
1051-5	BOI078	1051	5	perché	perché	_	_	_	_	_	linguistic	_	ContainsVariation=No	_	_	_	_	_	_
1051-6	BOI078	1051	6	la	la	_	_	_	_	_	linguistic	_	ContainsVariation=No	_	_	_	_	_	_
1051-7	BOI078	1051	7	la	la	_	_	_	_	_	linguistic	_	ContainsVariation=No	_	_	_	_	_	_
1051-8	BOI078	1051	8	notte	notte	_	_	_	_	_	linguistic	_	ContainsVariation=No	_	_	_	_	_	_
1051-9	BOI078	1051	9	è	è	_	_	_	_	_	linguistic	_	ContainsVariation=No	_	_	_	_	_	_
1051-10	BOI078	1051	10	sempre	sempre	_	_	_	_	_	linguistic	_	ContainsVariation=No	_	_	_	_	_	_
1051-11	BOI078	1051	11	via	via	_	_	_	_	_	linguistic	_	ContainsVariation=No	PauseAfter=Yes	_	_	_	_	_
1051-12	BOI078	1051	12	(.)	(.)	_	_	_	_	_	shortpause	_	ContainsVariation=No	_	_	_	_	_	_
1051-13	BOI078	1051	13	°si	si	_	_	_	_	_	linguistic	_	ContainsVariation=No	Volume=low	_	_	_	_	_
1051-14	BOI078	1051	14	vede	vede	_	_	_	_	_	linguistic	_	ContainsVariation=No	Volume=low	_	_	_	_	_
1051-15	BOI078	1051	15	che:	che	_	_	_	_	_	linguistic	_	ContainsVariation=No	Volume=low	_	2x1	_	_	_
1051-16	BOI078	1051	16	ha:°	ha	_	_	_	_	_	linguistic	_	ContainsVariation=No	Volume=low	End=1685.495	1x1	_	_	_
1052-0	BOR020	1052	0	[>cioè<]	cioè	_	_	_	_	_	linguistic	_	ContainsVariation=No	_	Begin=1682.712|End=1683.02	_	Fast=0-4(0)	_	0-4(378)
1053-0	BOI078	1053	0	ha	ha	_	_	_	_	_	linguistic	_	ContainsVariation=No	_	Begin=1686.037	_	_	_	_
1053-1	BOI078	1053	1	un'	un'	_	_	_	_	_	linguistic	_	ContainsVariation=No	SpaceAfter=No	_	_	_	_	_
1053-2	BOI078	1053	2	altra:	altra	_	_	_	_	_	linguistic	_	ContainsVariation=No	PauseAfter=Yes	_	4x1	_	_	_
1053-3	BOI078	1053	3	(.)	(.)	_	_	_	_	_	shortpause	_	ContainsVariation=No	_	_	_	_	_	_
1053-4	BOI078	1053	4	persona	persona	_	_	_	_	_	linguistic	_	ContainsVariation=No	_	_	_	_	_	_
1053-5	BOI078	1053	5	in	in	_	_	_	_	_	linguistic	_	ContainsVariation=No	_	_	_	_	_	_
1053-6	BOI078	1053	6	un'	un'	_	_	_	_	_	linguistic	_	ContainsVariation=No	SpaceAfter=No	_	_	_	_	_
1053-7	BOI078	1053	7	altra	altra	_	_	_	_	_	linguistic	_	ContainsVariation=No	_	_	_	_	_	_
1053-8	BOI078	1053	8	ca(sa)	casa	_	_	_	_	_	linguistic	_	ContainsVariation=No	_	End=1688.038	_	_	0-3(0)	_
1054-0	BOI079	1054	0	ah	ah	_	_	_	_	_	linguistic	_	ContainsVariation=No	_	Begin=1688.523|End=1688.69	_	_	_	_
1055-0	BOI079	1055	0	cosa	cosa	_	_	_	_	_	linguistic	_	ContainsVariation=No	_	Begin=1689.565	_	_	_	_
1055-1	BOI079	1055	1	penserà	penserà	_	_	_	_	_	linguistic	_	ContainsVariation=No	_	_	_	_	_	_
1055-2	BOI079	1055	2	il	il	_	_	_	_	_	linguistic	_	ContainsVariation=No	_	_	_	_	_	_
1055-3	BOI079	1055	3	professore	professore	_	_	_	_	_	linguistic	_	ContainsVariation=No	_	_	_	_	_	_
1055-4	BOI079	1055	4	di	di	_	_	_	_	_	linguistic	_	ContainsVariation=No	_	_	_	_	_	_
1055-5	BOI079	1055	5	questa	questa	_	_	_	_	_	linguistic	_	ContainsVariation=No	_	_	_	_	_	_
1055-6	BOI079	1055	6	parte:?	parte	_	_	_	_	_	linguistic	_	ContainsVariation=No	Intonation=Rising	End=1691.754	4x1	_	_	_
1056-0	BOR020	1056	0	((ride))	((ride))	_	_	_	_	_	nonverbalbehavior	_	ContainsVariation=No	_	Begin=1691.604|End=1692.071	_	_	_	_
1057-0	BOR022	1057	0	non	non	_	_	_	_	_	linguistic	_	ContainsVariation=No	_	Begin=1692.153	_	_	_	_
1057-1	BOR022	1057	1	l'	l'	_	_	_	_	_	linguistic	_	ContainsVariation=No	SpaceAfter=No	_	_	_	_	_
1057-2	BOR022	1057	2	[ascolterà	ascolterà	_	_	_	_	_	linguistic	_	ContainsVariation=No	_	_	_	_	_	0-9(?)
1057-3	BOR022	1057	3	neanche]	neanche	_	_	_	_	_	linguistic	_	ContainsVariation=No	_	End=1693.331	_	_	_	0-7(?)
1058-0	BOI079	1058	0	[della	della	_	_	_	_	_	linguistic	_	ContainsVariation=No	_	Begin=1692.356	_	_	_	0-5(?)
1058-1	BOI079	1058	1	conversazio~]	conversazio~	_	_	_	_	_	linguistic	_	ContainsVariation=No	Interrupted=Yes	End=1693.331	_	_	_	0-12(?)
1059-0	BOR020	1059	0	[no]	no	_	_	_	_	_	linguistic	_	ContainsVariation=No	_	Begin=1692.434|End=1692.627	_	_	_	0-2(459)
1060-0	BOR020	1060	0	[no]	no	_	_	_	_	_	linguistic	_	ContainsVariation=No	_	Begin=1693.224	_	_	_	0-2(460)
1060-1	BOR020	1060	1	no	no	_	_	_	_	_	linguistic	_	ContainsVariation=No	_	_	_	_	_	_
1060-2	BOR020	1060	2	letteral[mente	letteralmente	_	_	_	_	_	linguistic	_	ContainsVariation=No	_	_	_	_	_	8-13(380)
1060-3	BOR020	1060	3	non	non	_	_	_	_	_	linguistic	_	ContainsVariation=No	_	_	_	_	_	0-3(380)
1060-4	BOR020	1060	4	l'	l'	_	_	_	_	_	linguistic	_	ContainsVariation=No	SpaceAfter=No	_	_	_	_	0-2(380)
1060-5	BOR020	1060	5	asco]lta	ascolta	_	_	_	_	_	linguistic	_	ContainsVariation=No	_	_	_	_	_	0-4(380)
1060-6	BOR020	1060	6	nessuno	nessuno	_	_	_	_	_	linguistic	_	ContainsVariation=No	_	End=1695.241	_	_	_	_
1061-0	BOI079	1061	0	[ah	ah	_	_	_	_	_	linguistic	_	ContainsVariation=No	_	Begin=1694.095	_	_	_	0-2(380)
1061-1	BOI079	1061	1	(dai)]	dai	_	_	_	_	_	linguistic	_	ContainsVariation=No	_	End=1694.625	_	_	0-3(0)	0-3(380)
1062-0	BOR020	1062	0	e:::h	eh	_	_	_	_	_	linguistic	_	ContainsVariation=No	_	Begin=1695.908	0x3	_	_	_
1062-1	BOR020	1062	1	m:h	mh	_	_	_	_	_	linguistic	_	ContainsVariation=No	_	End=1696.808	0x1	_	_	_
1063-0	BOI078	1063	0	((ride))	((ride))	_	_	_	_	_	nonverbalbehavior	_	ContainsVariation=No	_	Begin=1696.597|End=1697.107	_	_	_	_
1064-0	BOI079	1064	0	((ride))	((ride))	_	_	_	_	_	nonverbalbehavior	_	ContainsVariation=No	_	Begin=1697.663|End=1698.136	_	_	_	_
1065-0	BOR020	1065	0	vabbè	vabbè	_	_	_	_	_	linguistic	_	ContainsVariation=No	_	Begin=1698.136	_	_	_	_
1065-1	BOR020	1065	1	s~	s~	_	_	_	_	_	linguistic	_	ContainsVariation=No	Interrupted=Yes	_	_	_	_	_
1065-2	BOR020	1065	2	quindi	quindi	_	_	_	_	_	linguistic	_	ContainsVariation=No	_	_	_	_	_	_
1065-3	BOR020	1065	3	boh	boh	_	_	_	_	_	linguistic	_	ContainsVariation=No	_	_	_	_	_	_
1065-4	BOR020	1065	4	avete	avete	_	_	_	_	_	linguistic	_	ContainsVariation=No	_	_	_	_	_	_
1065-5	BOR020	1065	5	fratelli?	fratelli	_	_	_	_	_	linguistic	_	ContainsVariation=No	Intonation=Rising	_	_	_	_	_
1065-6	BOR020	1065	6	m~	m~	_	_	_	_	_	linguistic	_	ContainsVariation=No	Interrupted=Yes	_	_	_	_	_
1065-7	BOR020	1065	7	tu	tu	_	_	_	_	_	linguistic	_	ContainsVariation=No	_	_	_	_	_	_
1065-8	BOR020	1065	8	hai	hai	_	_	_	_	_	linguistic	_	ContainsVariation=No	_	_	_	_	_	_
1065-9	BOR020	1065	9	[un]	un	_	_	_	_	_	linguistic	_	ContainsVariation=No	_	End=1700.367	_	_	_	0-2(382)
1066-0	BOI078	1066	0	[un	un	_	_	_	_	_	linguistic	_	ContainsVariation=No	_	Begin=1700.195	_	_	_	0-2(382)
1066-1	BOI078	1066	1	fr]atell[o]	fratello	_	_	_	_	_	linguistic	_	ContainsVariation=No	_	End=1700.74	_	_	_	0-2(382),7-8(383)
1067-0	BOR020	1067	0	[u]n	un	_	_	_	_	_	linguistic	_	ContainsVariation=No	_	Begin=1700.645	_	_	_	0-1(383)
1067-1	BOR020	1067	1	frat~	frat~	_	_	_	_	_	linguistic	_	ContainsVariation=No	Interrupted=Yes	_	_	_	_	_
1067-2	BOR020	1067	2	grande?	grande	_	_	_	_	_	linguistic	_	ContainsVariation=No	Intonation=Rising	End=1701.533	_	_	_	_
1068-0	BOI078	1068	0	grande.	grande	_	_	_	_	_	linguistic	_	ContainsVariation=No	Intonation=Falling	Begin=1701.562|End=1701.936	_	_	_	_
1069-0	BOR020	1069	0	che	che	_	_	_	_	_	linguistic	_	ContainsVariation=No	_	Begin=1702.036	_	_	_	_
1069-1	BOR020	1069	1	è	è	_	_	_	_	_	linguistic	_	ContainsVariation=No	_	_	_	_	_	_
1069-2	BOR020	1069	2	via	via	_	_	_	_	_	linguistic	_	ContainsVariation=No	_	End=1702.49	_	_	_	_
1070-0	BOI078	1070	0	a	a	_	_	_	_	_	linguistic	_	ContainsVariation=No	_	Begin=1702.747	_	_	_	_
1070-1	BOI078	1070	1	milano	milano	_	_	_	_	_	linguistic	_	ContainsVariation=No	PauseAfter=Yes	_	_	_	_	_
1070-2	BOI078	1070	2	(.)	(.)	_	_	_	_	_	shortpause	_	ContainsVariation=No	_	_	_	_	_	_
1070-3	BOI078	1070	3	sì	sì	_	_	_	_	_	linguistic	_	ContainsVariation=No	PauseAfter=Yes	_	_	_	_	_
1070-4	BOI078	1070	4	(.)	(.)	_	_	_	_	_	shortpause	_	ContainsVariation=No	_	_	_	_	_	_
1070-5	BOI078	1070	5	lavora	lavora	_	_	_	_	_	linguistic	_	ContainsVariation=No	_	_	_	_	_	_
1070-6	BOI078	1070	6	già:	già	_	_	_	_	_	linguistic	_	ContainsVariation=No	_	End=1704.462	2x1	_	_	_
1071-0	BOI079	1071	0	°quanti	quanti	_	_	_	_	_	linguistic	_	ContainsVariation=No	Volume=low	Begin=1704.604	_	_	_	_
1071-1	BOI079	1071	1	an[ni	anni	_	_	_	_	_	linguistic	_	ContainsVariation=No	Volume=low	_	_	_	_	2-4(384)
1071-2	BOI079	1071	2	ha?°]	ha	_	_	_	_	_	linguistic	_	ContainsVariation=No	Intonation=Rising|Volume=low	End=1705.267	_	_	_	0-2(384)
1072-0	BOR020	1072	0	[quindi	quindi	_	_	_	_	_	linguistic	_	ContainsVariation=No	_	Begin=1704.999	_	_	_	0-6(384)
1072-1	BOR020	1072	1	è]	è	_	_	_	_	_	linguistic	_	ContainsVariation=No	_	_	_	_	_	0-1(384)
1072-2	BOR020	1072	2	un	un	_	_	_	_	_	linguistic	_	ContainsVariation=No	_	_	_	_	_	_
1072-3	BOR020	1072	3	adulto?	adulto	_	_	_	_	_	linguistic	_	ContainsVariation=No	Intonation=Rising	End=1705.769	_	_	_	_
1073-0	BOI078	1073	0	è	è	_	_	_	_	_	linguistic	_	ContainsVariation=No	_	Begin=1706.073	_	_	_	_
1073-1	BOI078	1073	1	un	un	_	_	_	_	_	linguistic	_	ContainsVariation=No	_	_	_	_	_	_
1073-2	BOI078	1073	2	novantasette	novantasette	_	_	_	_	_	linguistic	_	ContainsVariation=No	_	End=1706.648	_	_	_	_
1074-0	BOI078	1074	0	E:::H	eh	_	_	_	_	_	linguistic	_	ContainsVariation=No	Volume=high	Begin=1706.754	0x3	_	_	_
1074-1	BOI078	1074	1	è	è	_	_	_	_	_	linguistic	_	ContainsVariation=No	_	_	_	_	_	_
1074-2	BOI078	1074	2	un	un	_	_	_	_	_	linguistic	_	ContainsVariation=No	_	_	_	_	_	_
1074-3	BOI078	1074	3	adulto	adulto	_	_	_	_	_	linguistic	_	ContainsVariation=No	_	_	_	_	_	_
1074-4	BOI078	1074	4	sì	sì	_	_	_	_	_	linguistic	_	ContainsVariation=No	_	_	_	_	_	_
1074-5	BOI078	1074	5	sì	sì	_	_	_	_	_	linguistic	_	ContainsVariation=No	_	_	_	_	_	_
1074-6	BOI078	1074	6	sì	sì	_	_	_	_	_	linguistic	_	ContainsVariation=No	_	End=1708.31	_	_	_	_
1075-0	BOR020	1075	0	beh	beh	_	_	_	_	_	linguistic	_	ContainsVariation=No	_	Begin=1708.31	_	_	_	_
1075-1	BOR020	1075	1	no	no	_	_	_	_	_	linguistic	_	ContainsVariation=No	_	_	_	_	_	_
1075-2	BOR020	1075	2	non	non	_	_	_	_	_	linguistic	_	ContainsVariation=No	_	_	_	_	_	_
1075-3	BOR020	1075	3	è	è	_	_	_	_	_	linguistic	_	ContainsVariation=No	_	_	_	_	_	_
1075-4	BOR020	1075	4	un	un	_	_	_	_	_	linguistic	_	ContainsVariation=No	_	_	_	_	_	_
1075-5	BOR020	1075	5	adulto	adulto	_	_	_	_	_	linguistic	_	ContainsVariation=No	_	End=1709.419	_	_	_	_
1076-0	BOI078	1076	0	°ormai	ormai	_	_	_	_	_	linguistic	_	ContainsVariation=No	Volume=low	Begin=1709.46	_	_	_	_
1076-1	BOI078	1076	1	sì°	sì	_	_	_	_	_	linguistic	_	ContainsVariation=No	Volume=low	End=1709.835	_	_	_	_
1077-0	BOI078	1077	0	lui	lui	_	_	_	_	_	linguistic	_	ContainsVariation=No	_	Begin=1709.95	_	_	_	_
1077-1	BOI078	1077	1	lui	lui	_	_	_	_	_	linguistic	_	ContainsVariation=No	_	_	_	_	_	_
1077-2	BOI078	1077	2	[(che	che	_	_	_	_	_	linguistic	_	ContainsVariation=No	_	_	_	_	0-3(0)	0-3(385)
1077-3	BOI078	1077	3	hai	hai	_	_	_	_	_	linguistic	_	ContainsVariation=No	_	_	_	_	0-3(0)	0-3(385)
1077-4	BOI078	1077	4	spiato)]	spiato	_	_	_	_	_	linguistic	_	ContainsVariation=No	_	End=1710.922	_	_	0-6(0)	0-6(385)
1078-0	BOI079	1078	0	[beh	beh	_	_	_	_	_	linguistic	_	ContainsVariation=No	_	Begin=1710.225	_	_	_	0-3(385)
1078-1	BOI079	1078	1	dai	dai	_	_	_	_	_	linguistic	_	ContainsVariation=No	_	_	_	_	_	0-3(385)
1078-2	BOI079	1078	2	novantase]tte	novantasette	_	_	_	_	_	linguistic	_	ContainsVariation=No	_	_	_	_	_	0-9(385)
1078-3	BOI079	1078	3	ormai	ormai	_	_	_	_	_	linguistic	_	ContainsVariation=No	_	_	_	_	_	_
1078-4	BOI079	1078	4	quanti	quanti	_	_	_	_	_	linguistic	_	ContainsVariation=No	_	_	_	_	_	_
1078-5	BOI079	1078	5	ann[i:]	anni	_	_	_	_	_	linguistic	_	ContainsVariation=No	_	End=1712.037	3x1	_	_	3-4(386)
1079-0	BOI078	1079	0	[v]entise[i]	ventisei	_	_	_	_	_	linguistic	_	ContainsVariation=No	_	Begin=1711.875|End=1712.542	_	_	_	0-1(386),7-8(387)
1080-0	BOI079	1080	0	[v]entisei	ventisei	_	_	_	_	_	linguistic	_	ContainsVariation=No	_	Begin=1712.389|End=1713.007	_	_	_	0-1(387)
1081-0	BOI078	1081	0	°eh	eh	_	_	_	_	_	linguistic	_	ContainsVariation=No	Volume=low	Begin=1713.572	_	_	_	_
1081-1	BOI078	1081	1	ormai	ormai	_	_	_	_	_	linguistic	_	ContainsVariation=No	Volume=low	_	_	_	_	_
1081-2	BOI078	1081	2	sì°	sì	_	_	_	_	_	linguistic	_	ContainsVariation=No	Volume=low	End=1714.174	_	_	_	_
1082-0	BOR020	1082	0	[(°eh	eh	_	_	_	_	_	linguistic	_	ContainsVariation=No	Volume=low	Begin=1714.41	_	_	0-2(0)	0-2(388)
1082-1	BOR020	1082	1	no°)]	no	_	_	_	_	_	linguistic	_	ContainsVariation=No	Volume=low	End=1714.782	_	_	0-2(0)	0-2(388)
1083-0	BOI078	1083	0	°[si	si	_	_	_	_	_	linguistic	_	ContainsVariation=No	Volume=low	Begin=1714.411	_	_	_	0-2(388)
1083-1	BOI078	1083	1	comi]ncia:°	comincia	_	_	_	_	_	linguistic	_	ContainsVariation=No	Volume=low	End=1715.07	7x1	_	_	0-4(388)
1084-0	BOI078	1084	0	°son	son	_	_	_	_	_	linguistic	_	ContainsVariation=No	Volume=low	Begin=1715.298	_	_	_	_
1084-1	BOI078	1084	1	tanti°	tanti	_	_	_	_	_	linguistic	_	ContainsVariation=No	Volume=low	End=1715.883	_	_	_	_
1085-0	BOR022	1085	0	la	la	_	_	_	_	_	linguistic	_	ContainsVariation=No	_	Begin=1716.428	_	_	_	_
1085-1	BOR022	1085	1	[senti]	senti	_	_	_	_	_	linguistic	_	ContainsVariation=No	_	_	_	_	_	0-5(389)
1085-2	BOR022	1085	2	l'	l'	_	_	_	_	_	linguistic	_	ContainsVariation=No	SpaceAfter=No	_	_	_	_	_
1085-3	BOR022	1085	3	ansia?	ansia	_	_	_	_	_	linguistic	_	ContainsVariation=No	Intonation=Rising	End=1717.307	_	_	_	_
1086-0	BOI078	1086	0	[so~]	so~	_	_	_	_	_	linguistic	_	ContainsVariation=No	Interrupted=Yes	Begin=1716.573|End=1716.797	_	_	_	0-3(389)
1087-0	BOI078	1087	0	ragazzi	ragazzi	_	_	_	_	_	linguistic	_	ContainsVariation=No	PauseAfter=Yes	Begin=1717.64	_	_	_	_
1087-1	BOI078	1087	1	(.)	(.)	_	_	_	_	_	shortpause	_	ContainsVariation=No	_	_	_	_	_	_
1087-2	BOI078	1087	2	io	io	_	_	_	_	_	linguistic	_	ContainsVariation=No	_	_	_	_	_	_
1087-3	BOI078	1087	3	mi	mi	_	_	_	_	_	linguistic	_	ContainsVariation=No	_	_	_	_	_	_
1087-4	BOI078	1087	4	dispiace	dispiace	_	_	_	_	_	linguistic	_	ContainsVariation=No	_	_	_	_	_	_
1087-5	BOI078	1087	5	ma	ma	_	_	_	_	_	linguistic	_	ContainsVariation=No	_	_	_	_	_	_
1087-6	BOI078	1087	6	io	io	_	_	_	_	_	linguistic	_	ContainsVariation=No	PauseAfter=Yes	_	_	_	_	_
1087-7	BOI078	1087	7	(.)	(.)	_	_	_	_	_	shortpause	_	ContainsVariation=No	_	_	_	_	_	_
1087-8	BOI078	1087	8	tra	tra	_	_	_	_	_	linguistic	_	ContainsVariation=No	_	_	_	_	_	_
1087-9	BOI078	1087	9	un	un	_	_	_	_	_	linguistic	_	ContainsVariation=No	_	_	_	_	_	_
1087-10	BOI078	1087	10	po'	po'	_	_	_	_	_	linguistic	_	ContainsVariation=No	_	_	_	_	_	_
1087-11	BOI078	1087	11	io	io	_	_	_	_	_	linguistic	_	ContainsVariation=No	_	_	_	_	_	_
1087-12	BOI078	1087	12	devo	devo	_	_	_	_	_	linguistic	_	ContainsVariation=No	_	_	_	_	_	_
1087-13	BOI078	1087	13	andare:	andare	_	_	_	_	_	linguistic	_	ContainsVariation=No	_	_	5x1	_	_	_
1087-14	BOI078	1087	14	perché	perché	_	_	_	_	_	linguistic	_	ContainsVariation=No	_	_	_	_	_	_
1087-15	BOI078	1087	15	ho	ho	_	_	_	_	_	linguistic	_	ContainsVariation=No	_	_	_	_	_	_
1087-16	BOI078	1087	16	una	una	_	_	_	_	_	linguistic	_	ContainsVariation=No	_	_	_	_	_	_
1087-17	BOI078	1087	17	cena	cena	_	_	_	_	_	linguistic	_	ContainsVariation=No	_	_	_	_	_	_
1087-18	BOI078	1087	18	alle	alle	_	_	_	_	_	linguistic	_	ContainsVariation=No	_	_	_	_	_	_
1087-19	BOI078	1087	19	o:tto	otto	_	_	_	_	_	linguistic	_	ContainsVariation=No	_	End=1721.133	0x1	_	_	_
1088-0	BOI078	1088	0	lo	lo	_	_	_	_	_	linguistic	_	ContainsVariation=No	_	Begin=1721.834	_	_	_	_
1088-1	BOI078	1088	1	avevo	avevo	_	_	_	_	_	linguistic	_	ContainsVariation=No	_	_	_	_	_	_
1088-2	BOI078	1088	2	scrit:::to:::	scritto	_	_	_	_	_	linguistic	_	ContainsVariation=No	PauseAfter=Yes	_	4x3,6x3	_	_	_
1088-3	BOI078	1088	3	(.)	(.)	_	_	_	_	_	shortpause	_	ContainsVariation=No	_	_	_	_	_	_
1088-4	BOI078	1088	4	però::	però	_	_	_	_	_	linguistic	_	ContainsVariation=No	PauseAfter=Yes	_	3x2	_	_	_
1088-5	BOI078	1088	5	(.)	(.)	_	_	_	_	_	shortpause	_	ContainsVariation=No	_	_	_	_	_	_
1088-6	BOI078	1088	6	>insomma<	insomma	_	_	_	_	_	linguistic	_	ContainsVariation=No	PauseAfter=Yes	_	_	Fast=0-7(0)	_	_
1088-7	BOI078	1088	7	(.)	(.)	_	_	_	_	_	shortpause	_	ContainsVariation=No	_	_	_	_	_	_
1088-8	BOI078	1088	8	>cioè<	cioè	_	_	_	_	_	linguistic	_	ContainsVariation=No	_	_	_	Fast=0-4(1)	_	_
1088-9	BOI078	1088	9	ho	ho	_	_	_	_	_	linguistic	_	ContainsVariation=No	_	_	_	_	_	_
1088-10	BOI078	1088	10	già	già	_	_	_	_	_	linguistic	_	ContainsVariation=No	_	_	_	_	_	_
1088-11	BOI078	1088	11	detto	detto	_	_	_	_	_	linguistic	_	ContainsVariation=No	_	_	_	_	_	_
1088-12	BOI078	1088	12	che	che	_	_	_	_	_	linguistic	_	ContainsVariation=No	_	_	_	_	_	_
1088-13	BOI078	1088	13	tarderò	tarderò	_	_	_	_	_	linguistic	_	ContainsVariation=No	_	End=1726.361	_	_	_	_
1089-0	BOI078	1089	0	però:::	però	_	_	_	_	_	linguistic	_	ContainsVariation=No	_	Begin=1727.345	3x3	_	_	_
1089-1	BOI078	1089	1	sono	sono	_	_	_	_	_	linguistic	_	ContainsVariation=No	_	_	_	_	_	_
1089-2	BOI078	1089	2	con	con	_	_	_	_	_	linguistic	_	ContainsVariation=No	_	_	_	_	_	_
1089-3	BOI078	1089	3	e:::h	eh	_	_	_	_	_	linguistic	_	ContainsVariation=No	PauseAfter=Yes	_	0x3	_	_	_
1089-4	BOI078	1089	4	(.)	(.)	_	_	_	_	_	shortpause	_	ContainsVariation=No	_	_	_	_	_	_
1089-5	BOI078	1089	5	è	è	_	_	_	_	_	linguistic	_	ContainsVariation=No	_	_	_	_	_	_
1089-6	BOI078	1089	6	il	il	_	_	_	_	_	linguistic	_	ContainsVariation=No	_	_	_	_	_	_
1089-7	BOI078	1089	7	compleanno	compleanno	_	_	_	_	_	linguistic	_	ContainsVariation=No	_	_	_	_	_	_
1089-8	BOI078	1089	8	di	di	_	_	_	_	_	linguistic	_	ContainsVariation=No	_	_	_	_	_	_
1089-9	BOI078	1089	9	mia	mia	_	_	_	_	_	linguistic	_	ContainsVariation=No	_	_	_	_	_	_
1089-10	BOI078	1089	10	cugina,	cugina	_	_	_	_	_	linguistic	_	ContainsVariation=No	Intonation=WeaklyRising	End=1730.34	_	_	_	_
1090-0	BOI078	1090	0	e:::	e	_	_	_	_	_	linguistic	_	ContainsVariation=No	_	Begin=1730.539|End=1731.128	0x3	_	_	_
1091-0	BOI078	1091	0	purtroppo:	purtroppo	_	_	_	_	_	linguistic	_	ContainsVariation=No	_	Begin=1731.581	8x1	_	_	_
1091-1	BOI078	1091	1	[>devo	devo	_	_	_	_	_	linguistic	_	ContainsVariation=No	_	_	_	Fast=0-4(0)	_	0-4(390)
1091-2	BOI078	1091	2	essere<]	essere	_	_	_	_	_	linguistic	_	ContainsVariation=No	_	End=1732.507	_	Fast=0-6(0)	_	0-6(390)
1092-0	BOI079	1092	0	[dove:]	dove	_	_	_	_	_	linguistic	_	ContainsVariation=No	_	Begin=1732.208	3x1	_	_	0-4(390)
1092-1	BOI079	1092	1	dove:	dove	_	_	_	_	_	linguistic	_	ContainsVariation=No	_	_	3x1	_	_	_
1092-2	BOI079	1092	2	dove?	dove	_	_	_	_	_	linguistic	_	ContainsVariation=No	Intonation=Rising	End=1733.067	_	_	_	_
1093-0	BOI078	1093	0	da	da	_	_	_	_	_	linguistic	_	ContainsVariation=No	_	Begin=1733.067	_	_	_	_
1093-1	BOI078	1093	1	vito	vito	_	_	_	_	_	linguistic	_	ContainsVariation=No	_	_	_	_	_	_
1093-2	BOI078	1093	2	tra	tra	_	_	_	_	_	linguistic	_	ContainsVariation=No	_	_	_	_	_	_
1093-3	BOI078	1093	3	l'	l'	_	_	_	_	_	linguistic	_	ContainsVariation=No	SpaceAfter=No	_	_	_	_	_
1093-4	BOI078	1093	4	altro	altro	_	_	_	_	_	linguistic	_	ContainsVariation=No	_	_	_	_	_	_
1093-5	BOI078	1093	5	qua	qua	_	_	_	_	_	linguistic	_	ContainsVariation=No	_	_	_	_	_	_
1093-6	BOI078	1093	6	di	di	_	_	_	_	_	linguistic	_	ContainsVariation=No	_	_	_	_	_	_
1093-7	BOI078	1093	7	fianco	fianco	_	_	_	_	_	linguistic	_	ContainsVariation=No	_	End=1734.659	_	_	_	_
1094-0	BOR020	1094	0	ah	ah	_	_	_	_	_	linguistic	_	ContainsVariation=No	_	Begin=1734.734	_	_	_	_
1094-1	BOR020	1094	1	>sì	sì	_	_	_	_	_	linguistic	_	ContainsVariation=No	_	_	_	Fast=0-2(0)	_	_
1094-2	BOR020	1094	2	s[ì<]	sì	_	_	_	_	_	linguistic	_	ContainsVariation=No	_	End=1735.149	_	Fast=0-2(0)	_	1-2(391)
1095-0	BOI079	1095	0	[°e]:h°	eh	_	_	_	_	_	linguistic	_	ContainsVariation=No	Volume=low	Begin=1735.079|End=1735.369	0x1	_	_	0-1(391)
1096-0	BOI078	1096	0	PERÒ::.	però	_	_	_	_	_	linguistic	_	ContainsVariation=No	Intonation=Falling|PauseAfter=Yes|Volume=high	Begin=1735.819	3x2	_	_	_
1096-1	BOI078	1096	1	(.)	(.)	_	_	_	_	_	shortpause	_	ContainsVariation=No	_	_	_	_	_	_
1096-2	BOI078	1096	2	sì	sì	_	_	_	_	_	linguistic	_	ContainsVariation=No	_	End=1736.798	_	_	_	_
1097-0	BOI078	1097	0	quanto	quanto	_	_	_	_	_	linguistic	_	ContainsVariation=No	_	Begin=1737.259	_	_	_	_
1097-1	BOI078	1097	1	abbiam	abbiam	_	_	_	_	_	linguistic	_	ContainsVariation=No	_	_	_	_	_	_
1097-2	BOI078	1097	2	fatto?	fatto	_	_	_	_	_	linguistic	_	ContainsVariation=No	Intonation=Rising	End=1738.067	_	_	_	_
1098-0	BOR022	1098	0	e:hm	ehm	_	_	_	_	_	linguistic	_	ContainsVariation=No	_	Begin=1738.797	0x1	_	_	_
1098-1	BOR022	1098	1	due	due	_	_	_	_	_	linguistic	_	ContainsVariation=No	_	_	_	_	_	_
1098-2	BOR022	1098	2	minuti	minuti	_	_	_	_	_	linguistic	_	ContainsVariation=No	_	_	_	_	_	_
1098-3	BOR022	1098	3	e	e	_	_	_	_	_	linguistic	_	ContainsVariation=No	_	_	_	_	_	_
1098-4	BOR022	1098	4	siamo	siamo	_	_	_	_	_	linguistic	_	ContainsVariation=No	_	_	_	_	_	_
1098-5	BOR022	1098	5	a	a	_	_	_	_	_	linguistic	_	ContainsVariation=No	_	_	_	_	_	_
1098-6	BOR022	1098	6	pos[to]	posto	_	_	_	_	_	linguistic	_	ContainsVariation=No	_	End=1740.154	_	_	_	3-5(392)
1099-0	BOI078	1099	0	[a]	a	_	_	_	_	_	linguistic	_	ContainsVariation=No	_	Begin=1740.087	_	_	_	0-1(392)
1099-1	BOI078	1099	1	posto	posto	_	_	_	_	_	linguistic	_	ContainsVariation=No	_	_	_	_	_	_
1099-2	BOI078	1099	2	grande	grande	_	_	_	_	_	linguistic	_	ContainsVariation=No	_	_	_	_	_	_
1099-3	BOI078	1099	3	a	a	_	_	_	_	_	linguistic	_	ContainsVariation=No	_	_	_	_	_	_
1099-4	BOI078	1099	4	posto	posto	_	_	_	_	_	linguistic	_	ContainsVariation=No	_	End=1741.074	_	_	_	_
1100-0	BOR020	1100	0	e::hm	ehm	_	_	_	_	_	linguistic	_	ContainsVariation=No	_	Begin=1741.635	0x2	_	_	_
1100-1	BOR020	1100	1	e	e	_	_	_	_	_	linguistic	_	ContainsVariation=No	_	_	_	_	_	_
1100-2	BOR020	1100	2	tu?	tu	_	_	_	_	_	linguistic	_	ContainsVariation=No	Intonation=Rising	End=1742.518	_	_	_	_
1101-0	BOI079	1101	0	io	io	_	_	_	_	_	linguistic	_	ContainsVariation=No	_	Begin=1743.086	_	_	_	_
1101-1	BOI079	1101	1	ho	ho	_	_	_	_	_	linguistic	_	ContainsVariation=No	_	_	_	_	_	_
1101-2	BOI079	1101	2	un	un	_	_	_	_	_	linguistic	_	ContainsVariation=No	_	_	_	_	_	_
1101-3	BOI079	1101	3	fratello:	fratello	_	_	_	_	_	linguistic	_	ContainsVariation=No	_	End=1744.144	7x1	_	_	_
1102-0	BOI079	1102	0	che	che	_	_	_	_	_	linguistic	_	ContainsVariation=No	_	Begin=1744.223	_	_	_	_
1102-1	BOI079	1102	1	è	è	_	_	_	_	_	linguistic	_	ContainsVariation=No	_	_	_	_	_	_
1102-2	BOI079	1102	2	del	del	_	_	_	_	_	linguistic	_	ContainsVariation=No	_	_	_	_	_	_
1102-3	BOI079	1102	3	novantanove	novantanove	_	_	_	_	_	linguistic	_	ContainsVariation=No	_	End=1745.323	_	_	_	_
1103-0	BOI079	1103	0	e	e	_	_	_	_	_	linguistic	_	ContainsVariation=No	PauseAfter=Yes	Begin=1745.987	_	_	_	_
1103-1	BOI079	1103	1	(.)	(.)	_	_	_	_	_	shortpause	_	ContainsVariation=No	_	_	_	_	_	_
1103-2	BOI079	1103	2	però:	però	_	_	_	_	_	linguistic	_	ContainsVariation=No	_	End=1746.658	3x1	_	_	_
1104-0	BOR020	1104	0	è	è	_	_	_	_	_	linguistic	_	ContainsVariation=No	_	Begin=1747.18	_	_	_	_
1104-1	BOR020	1104	1	qui	qui	_	_	_	_	_	linguistic	_	ContainsVariation=No	_	End=1747.565	_	_	_	_
1105-0	BOI079	1105	0	sta	sta	_	_	_	_	_	linguistic	_	ContainsVariation=No	_	Begin=1747.565	_	_	_	_
1105-1	BOI079	1105	1	qua	qua	_	_	_	_	_	linguistic	_	ContainsVariation=No	_	_	_	_	_	_
1105-2	BOI079	1105	2	°sta	sta	_	_	_	_	_	linguistic	_	ContainsVariation=No	Volume=low	_	_	_	_	_
1105-3	BOI079	1105	3	qua	qua	_	_	_	_	_	linguistic	_	ContainsVariation=No	Volume=low	_	_	_	_	_
1105-4	BOI079	1105	4	[sì	sì	_	_	_	_	_	linguistic	_	ContainsVariation=No	Volume=low	_	_	_	_	0-2(393)
1105-5	BOI079	1105	5	s]ì	sì	_	_	_	_	_	linguistic	_	ContainsVariation=No	Volume=low	_	_	_	_	0-1(393)
1105-6	BOI079	1105	6	sì°	sì	_	_	_	_	_	linguistic	_	ContainsVariation=No	Volume=low	End=1748.882	_	_	_	_
1106-0	BOR020	1106	0	[mh]	mh	_	_	_	_	_	linguistic	_	ContainsVariation=No	_	Begin=1748.508|End=1748.716	_	_	_	0-2(393)
1107-0	BOI079	1107	0	xx	xx	_	_	_	_	_	unknown	_	ContainsVariation=No	Syllables=2	Begin=1749.66	_	_	_	_
1107-1	BOI079	1107	1	adesso	adesso	_	_	_	_	_	linguistic	_	ContainsVariation=No	_	_	_	_	_	_
1107-2	BOI079	1107	2	comincia	comincia	_	_	_	_	_	linguistic	_	ContainsVariation=No	_	_	_	_	_	_
1107-3	BOI079	1107	3	il	il	_	_	_	_	_	linguistic	_	ContainsVariation=No	_	_	_	_	_	_
1107-4	BOI079	1107	4	conservatorio	conservatorio	_	_	_	_	_	linguistic	_	ContainsVariation=No	_	End=1751.36	_	_	_	_
1108-0	BOI078	1108	0	ma	ma	_	_	_	_	_	linguistic	_	ContainsVariation=No	_	Begin=1751.705	_	_	_	_
1108-1	BOI078	1108	1	si	si	_	_	_	_	_	linguistic	_	ContainsVariation=No	_	_	_	_	_	_
1108-2	BOI078	1108	2	è	è	_	_	_	_	_	linguistic	_	ContainsVariation=No	_	_	_	_	_	_
1108-3	BOI078	1108	3	laureato?	laureato	_	_	_	_	_	linguistic	_	ContainsVariation=No	Intonation=Rising	End=1752.587	_	_	_	_
1109-0	BOI079	1109	0	si	si	_	_	_	_	_	linguistic	_	ContainsVariation=No	_	Begin=1752.77	_	_	_	_
1109-1	BOI079	1109	1	laurea:	laurea	_	_	_	_	_	linguistic	_	ContainsVariation=No	_	_	5x1	_	_	_
1109-2	BOI079	1109	2	a	a	_	_	_	_	_	linguistic	_	ContainsVariation=No	_	_	_	_	_	_
1109-3	BOI079	1109	3	dicembre	dicembre	_	_	_	_	_	linguistic	_	ContainsVariation=No	_	_	_	_	_	_
1109-4	BOI079	1109	4	in	in	_	_	_	_	_	linguistic	_	ContainsVariation=No	_	_	_	_	_	_
1109-5	BOI079	1109	5	teoria	teoria	_	_	_	_	_	linguistic	_	ContainsVariation=No	_	End=1754.67	_	_	_	_
1110-0	BOI079	1110	0	se	se	_	_	_	_	_	linguistic	_	ContainsVariation=No	_	Begin=1754.925	_	_	_	_
1110-1	BOI079	1110	1	tutto	tutto	_	_	_	_	_	linguistic	_	ContainsVariation=No	_	_	_	_	_	_
1110-2	BOI079	1110	2	va	va	_	_	_	_	_	linguistic	_	ContainsVariation=No	_	_	_	_	_	_
1110-3	BOI079	1110	3	bene	bene	_	_	_	_	_	linguistic	_	ContainsVariation=No	_	End=1755.623	_	_	_	_
1111-0	BOI079	1111	0	>cioè<	cioè	_	_	_	_	_	linguistic	_	ContainsVariation=No	_	Begin=1756.471	_	Fast=0-4(0)	_	_
1111-1	BOI079	1111	1	si	si	_	_	_	_	_	linguistic	_	ContainsVariation=No	_	_	_	_	_	_
1111-2	BOI079	1111	2	laurea	laurea	_	_	_	_	_	linguistic	_	ContainsVariation=No	_	_	_	_	_	_
1111-3	BOI079	1111	3	in	in	_	_	_	_	_	linguistic	_	ContainsVariation=No	_	_	_	_	_	_
1111-4	BOI079	1111	4	giurisprudenza	giurisprudenza	_	_	_	_	_	linguistic	_	ContainsVariation=No	_	_	_	_	_	_
1111-5	BOI079	1111	5	però	però	_	_	_	_	_	linguistic	_	ContainsVariation=No	_	_	_	_	_	_
1111-6	BOI079	1111	6	poi	poi	_	_	_	_	_	linguistic	_	ContainsVariation=No	_	_	_	_	_	_
1111-7	BOI079	1111	7	ha	ha	_	_	_	_	_	linguistic	_	ContainsVariation=No	_	_	_	_	_	_
1111-8	BOI079	1111	8	((ride))	((ride))	_	_	_	_	_	nonverbalbehavior	_	ContainsVariation=No	_	_	_	_	_	_
1111-9	BOI079	1111	9	deciso	deciso	_	_	_	_	_	linguistic	_	ContainsVariation=No	_	_	_	_	_	_
1111-10	BOI079	1111	10	di	di	_	_	_	_	_	linguistic	_	ContainsVariation=No	_	_	_	_	_	_
1111-11	BOI079	1111	11	fare	fare	_	_	_	_	_	linguistic	_	ContainsVariation=No	_	_	_	_	_	_
1111-12	BOI079	1111	12	il	il	_	_	_	_	_	linguistic	_	ContainsVariation=No	_	_	_	_	_	_
1111-13	BOI079	1111	13	pianista	pianista	_	_	_	_	_	linguistic	_	ContainsVariation=No	PauseAfter=Yes	_	_	_	_	_
1111-14	BOI079	1111	14	(.)	(.)	_	_	_	_	_	shortpause	_	ContainsVariation=No	_	_	_	_	_	_
1111-15	BOI079	1111	15	quindi	quindi	_	_	_	_	_	linguistic	_	ContainsVariation=No	_	End=1759.826	_	_	_	_
1112-0	BOI079	1112	0	e:h	eh	_	_	_	_	_	linguistic	_	ContainsVariation=No	_	Begin=1760.487	0x1	_	_	_
1112-1	BOI079	1112	1	[cominciare	cominciare	_	_	_	_	_	linguistic	_	ContainsVariation=No	_	_	_	_	_	0-10(394)
1112-2	BOI079	1112	2	il	il	_	_	_	_	_	linguistic	_	ContainsVariation=No	_	_	_	_	_	0-2(394)
1112-3	BOI079	1112	3	conservato]rio	conservatorio	_	_	_	_	_	linguistic	_	ContainsVariation=No	_	_	_	_	_	0-10(394)
1112-4	BOI079	1112	4	sì	sì	_	_	_	_	_	linguistic	_	ContainsVariation=No	_	_	_	_	_	_
1112-5	BOI079	1112	5	sì	sì	_	_	_	_	_	linguistic	_	ContainsVariation=No	_	_	_	_	_	_
1112-6	BOI079	1112	6	sì	sì	_	_	_	_	_	linguistic	_	ContainsVariation=No	_	End=1762.508	_	_	_	_
1113-0	BOR020	1113	0	[beh	beh	_	_	_	_	_	linguistic	_	ContainsVariation=No	_	Begin=1760.741	_	_	_	0-3(394)
1113-1	BOR020	1113	1	figo:]	figo	_	_	_	_	_	linguistic	_	ContainsVariation=No	_	End=1761.615	3x1	_	_	0-4(394)
1114-0	BOR022	1114	0	comprensibile	comprensibile	_	_	_	_	_	linguistic	_	ContainsVariation=No	_	Begin=1762.591|End=1763.303	_	_	_	_
1115-0	BOR020	1115	0	((ride))	((ride))	_	_	_	_	_	nonverbalbehavior	_	ContainsVariation=No	_	Begin=1763.424|End=1764.157	_	_	_	_
1116-0	BOI079	1116	0	sì	sì	_	_	_	_	_	linguistic	_	ContainsVariation=No	_	Begin=1763.641	_	_	_	_
1116-1	BOI079	1116	1	>sì	sì	_	_	_	_	_	linguistic	_	ContainsVariation=No	_	_	_	Fast=0-2(0)	_	_
1116-2	BOI079	1116	2	sì<	sì	_	_	_	_	_	linguistic	_	ContainsVariation=No	_	End=1764.301	_	Fast=0-2(0)	_	_
1117-0	BOI078	1117	0	si	si	_	_	_	_	_	linguistic	_	ContainsVariation=No	_	Begin=1764.911	_	_	_	_
1117-1	BOI078	1117	1	è	è	_	_	_	_	_	linguistic	_	ContainsVariation=No	PauseAfter=Yes	_	_	_	_	_
1117-2	BOI078	1117	2	(.)	(.)	_	_	_	_	_	shortpause	_	ContainsVariation=No	_	_	_	_	_	_
1117-3	BOI078	1117	3	si	si	_	_	_	_	_	linguistic	_	ContainsVariation=No	_	_	_	_	_	_
1117-4	BOI078	1117	4	è	è	_	_	_	_	_	linguistic	_	ContainsVariation=No	_	_	_	_	_	_
1117-5	BOI078	1117	5	lasciato?	lasciato	_	_	_	_	_	linguistic	_	ContainsVariation=No	Intonation=Rising	End=1765.958	_	_	_	_
1118-0	BOI079	1118	0	no	no	_	_	_	_	_	linguistic	_	ContainsVariation=No	_	Begin=1766.277|End=1766.487	_	_	_	_
1119-0	BOI078	1119	0	ancora	ancora	_	_	_	_	_	linguistic	_	ContainsVariation=No	_	Begin=1767.837	_	_	_	_
1119-1	BOI078	1119	1	no	no	_	_	_	_	_	linguistic	_	ContainsVariation=No	_	End=1768.314	_	_	_	_
1120-0	BOI079	1120	0	ancora	ancora	_	_	_	_	_	linguistic	_	ContainsVariation=No	_	Begin=1768.355	_	_	_	_
1120-1	BOI079	1120	1	no	no	_	_	_	_	_	linguistic	_	ContainsVariation=No	_	End=1768.783	_	_	_	_
1121-0	BOR020	1121	0	[ma	ma	_	_	_	_	_	linguistic	_	ContainsVariation=No	_	Begin=1768.955	_	_	_	0-2(396)
1121-1	BOR020	1121	1	s~]	s~	_	_	_	_	_	linguistic	_	ContainsVariation=No	Interrupted=Yes	End=1769.183	_	_	_	0-2(396)
1122-0	BOI078	1122	0	[ANCO]RA	ancora	_	_	_	_	_	linguistic	_	ContainsVariation=No	Volume=high	Begin=1768.955	_	_	_	0-4(396)
1122-1	BOI078	1122	1	NO	no	_	_	_	_	_	linguistic	_	ContainsVariation=No	Volume=high	_	_	_	_	_
1122-2	BOI078	1122	2	o	o	_	_	_	_	_	linguistic	_	ContainsVariation=No	_	_	_	_	_	_
1122-3	BOI078	1122	3	ormai	ormai	_	_	_	_	_	linguistic	_	ContainsVariation=No	_	_	_	_	_	_
1122-4	BOI078	1122	4	no?	no	_	_	_	_	_	linguistic	_	ContainsVariation=No	Intonation=Rising	End=1770.275	_	_	_	_
1123-0	BOI078	1123	0	>cioè<	cioè	_	_	_	_	_	linguistic	_	ContainsVariation=No	_	Begin=1770.681	_	Fast=0-4(0)	_	_
1123-1	BOI078	1123	1	orm[ai	ormai	_	_	_	_	_	linguistic	_	ContainsVariation=No	_	_	_	_	_	3-5(397)
1123-2	BOI078	1123	2	è]	è	_	_	_	_	_	linguistic	_	ContainsVariation=No	_	_	_	_	_	0-1(397)
1123-3	BOI078	1123	3	finita	finita	_	_	_	_	_	linguistic	_	ContainsVariation=No	_	_	_	_	_	_
1123-4	BOI078	1123	4	xx[xxxx]	xxxxxx	_	_	_	_	_	unknown	_	ContainsVariation=No	Syllables=6	End=1772.733	_	_	_	2-6(398)
1124-0	BOI079	1124	0	[or~]	or~	_	_	_	_	_	linguistic	_	ContainsVariation=No	Interrupted=Yes	Begin=1771.045|End=1771.257	_	_	_	0-3(397)
1125-0	BOI079	1125	0	[EH	eh	_	_	_	_	_	linguistic	_	ContainsVariation=No	Volume=high	Begin=1771.546	_	_	_	0-2(398)
1125-1	BOI079	1125	1	(forse)	forse	_	_	_	_	_	linguistic	_	ContainsVariation=No	_	_	_	_	0-5(0)	0-5(398)
1125-2	BOI079	1125	2	siamo	siamo	_	_	_	_	_	linguistic	_	ContainsVariation=No	_	_	_	_	_	0-5(398)
1125-3	BOI079	1125	3	più	più	_	_	_	_	_	linguistic	_	ContainsVariation=No	_	_	_	_	_	0-3(398)
1125-4	BOI079	1125	4	sull'	sull'	_	_	_	_	_	linguistic	_	ContainsVariation=No	SpaceAfter=No	_	_	_	_	0-5(398)
1125-5	BOI079	1125	5	or]mai	ormai	_	_	_	_	_	linguistic	_	ContainsVariation=No	_	_	_	_	_	0-2(398)
1125-6	BOI079	1125	6	no	no	_	_	_	_	_	linguistic	_	ContainsVariation=No	_	End=1773.279	_	_	_	_
1126-0	BOI078	1126	0	e	e	_	_	_	_	_	linguistic	_	ContainsVariation=No	_	Begin=1775.013	_	_	_	_
1126-1	BOI078	1126	1	tu:::	tu	_	_	_	_	_	linguistic	_	ContainsVariation=No	_	_	1x3	_	_	_
1126-2	BOI078	1126	2	l'	l'	_	_	_	_	_	linguistic	_	ContainsVariation=No	SpaceAfter=No	_	_	_	_	_
1126-3	BOI078	1126	3	hai	hai	_	_	_	_	_	linguistic	_	ContainsVariation=No	_	_	_	_	_	_
1126-4	BOI078	1126	4	presa	presa	_	_	_	_	_	linguistic	_	ContainsVariation=No	_	_	_	_	_	_
1126-5	BOI078	1126	5	male	male	_	_	_	_	_	linguistic	_	ContainsVariation=No	_	End=1776.302	_	_	_	_
1127-0	BOI079	1127	0	>NO	no	_	_	_	_	_	linguistic	_	ContainsVariation=No	Volume=high	Begin=1776.75	_	Fast=0-2(0)	_	_
1127-1	BOI079	1127	1	NO<	no	_	_	_	_	_	linguistic	_	ContainsVariation=No	Volume=high	_	_	Fast=0-2(0)	_	_
1127-2	BOI079	1127	2	C(IO)È:	cioè	_	_	_	_	_	linguistic	_	ContainsVariation=No	Reduced=Yes|Volume=high	End=1777.922	3x1	_	_	_
1128-0	BOI079	1128	0	non	non	_	_	_	_	_	linguistic	_	ContainsVariation=No	_	Begin=1778.284	_	_	_	_
1128-1	BOI079	1128	1	so	so	_	_	_	_	_	linguistic	_	ContainsVariation=No	_	_	_	_	_	_
1128-2	BOI079	1128	2	cosa	cosa	_	_	_	_	_	linguistic	_	ContainsVariation=No	_	_	_	_	_	_
1128-3	BOI079	1128	3	pensare	pensare	_	_	_	_	_	linguistic	_	ContainsVariation=No	_	End=1779.383	_	_	_	_
1129-0	BOI078	1129	0	perché	perché	_	_	_	_	_	linguistic	_	ContainsVariation=No	_	Begin=1780.226	_	_	_	_
1129-1	BOI078	1129	1	lui	lui	_	_	_	_	_	linguistic	_	ContainsVariation=No	_	_	_	_	_	_
1129-2	BOI078	1129	2	è	è	_	_	_	_	_	linguistic	_	ContainsVariation=No	_	_	_	_	_	_
1129-3	BOI078	1129	3	innamorato	innamorato	_	_	_	_	_	linguistic	_	ContainsVariation=No	_	_	_	_	_	_
1129-4	BOI078	1129	4	della	della	_	_	_	_	_	linguistic	_	ContainsVariation=No	_	_	_	_	_	_
1129-5	BOI078	1129	5	fidanzata	fidanzata	_	_	_	_	_	linguistic	_	ContainsVariation=No	_	_	_	_	_	_
1129-6	BOI078	1129	6	del	del	_	_	_	_	_	linguistic	_	ContainsVariation=No	_	_	_	_	_	_
1129-7	BOI078	1129	7	fratello	fratello	_	_	_	_	_	linguistic	_	ContainsVariation=No	_	End=1782.091	_	_	_	_
1130-0	BOR020	1130	0	c[azzo.	cazzo	_	_	_	_	_	linguistic	_	ContainsVariation=No	Intonation=Falling	Begin=1782.254	_	_	_	1-5(399)
1130-1	BOR020	1130	1	è	è	_	_	_	_	_	linguistic	_	ContainsVariation=No	_	_	_	_	_	0-1(399)
1130-2	BOR020	1130	2	ve]ro?	vero	_	_	_	_	_	linguistic	_	ContainsVariation=No	Intonation=Rising	_	_	_	_	0-2(399)
1130-3	BOR020	1130	3	((ride))	((ride))	_	_	_	_	_	nonverbalbehavior	_	ContainsVariation=No	_	End=1783.018	_	_	_	_
1131-0	BOI079	1131	0	[non	non	_	_	_	_	_	linguistic	_	ContainsVariation=No	_	Begin=1782.303	_	_	_	0-3(399)
1131-1	BOI079	1131	1	è	è	_	_	_	_	_	linguistic	_	ContainsVariation=No	_	_	_	_	_	0-1(399)
1131-2	BOI079	1131	2	ve~]	ve~	_	_	_	_	_	linguistic	_	ContainsVariation=No	Interrupted=Yes	End=1782.706	_	_	_	0-3(399)
1132-0	BOI079	1132	0	((ride))	((ride))	_	_	_	_	_	nonverbalbehavior	_	ContainsVariation=No	_	Begin=1783.189	_	_	_	_
1132-1	BOI079	1132	1	non	non	_	_	_	_	_	linguistic	_	ContainsVariation=No	_	_	_	_	_	_
1132-2	BOI079	1132	2	è	è	_	_	_	_	_	linguistic	_	ContainsVariation=No	_	_	_	_	_	_
1132-3	BOI079	1132	3	vero	vero	_	_	_	_	_	linguistic	_	ContainsVariation=No	_	End=1783.895	_	_	_	_
1133-0	BOI079	1133	0	((ride))	((ride))	_	_	_	_	_	nonverbalbehavior	_	ContainsVariation=No	_	Begin=1784.291|End=1784.534	_	_	_	_
1134-0	BOI079	1134	0	io	io	_	_	_	_	_	linguistic	_	ContainsVariation=No	_	Begin=1785.189	_	_	_	_
1134-1	BOI079	1134	1	ho	ho	_	_	_	_	_	linguistic	_	ContainsVariation=No	_	_	_	_	_	_
1134-2	BOI079	1134	2	un	un	_	_	_	_	_	linguistic	_	ContainsVariation=No	_	_	_	_	_	_
1134-3	BOI079	1134	3	fidanza~	fidanza~	_	_	_	_	_	linguistic	_	ContainsVariation=No	Interrupted=Yes	_	_	_	_	_
1134-4	BOI079	1134	4	((ride))	((ride))	_	_	_	_	_	nonverbalbehavior	_	ContainsVariation=No	_	End=1786.236	_	_	_	_
1135-0	BOR020	1135	0	((ride))	((ride))	_	_	_	_	_	nonverbalbehavior	_	ContainsVariation=No	_	Begin=1785.909|End=1786.416	_	_	_	_
1136-0	BOR020	1136	0	eh	eh	_	_	_	_	_	linguistic	_	ContainsVariation=No	PauseAfter=Yes	Begin=1786.524	_	_	_	_
1136-1	BOR020	1136	1	(.)	(.)	_	_	_	_	_	shortpause	_	ContainsVariation=No	_	_	_	_	_	_
1136-2	BOR020	1136	2	c'	c'	_	_	_	_	_	linguistic	_	ContainsVariation=No	SpaceAfter=No	_	_	_	_	_
1136-3	BOR020	1136	3	è	è	_	_	_	_	_	linguistic	_	ContainsVariation=No	_	_	_	_	_	_
1136-4	BOR020	1136	4	un	un	_	_	_	_	_	linguistic	_	ContainsVariation=No	_	_	_	_	_	_
1136-5	BOR020	1136	5	[gossip]	gossip	_	_	_	_	_	linguistic	_	ContainsVariation=No	_	_	_	_	_	0-6(401)
1136-6	BOR020	1136	6	e:::h	eh	_	_	_	_	_	linguistic	_	ContainsVariation=No	_	_	0x3	_	_	_
1136-7	BOR020	1136	7	su:::	su	_	_	_	_	_	linguistic	_	ContainsVariation=No	PauseAfter=Yes	_	1x3	_	_	_
1136-8	BOR020	1136	8	(.)	(.)	_	_	_	_	_	shortpause	_	ContainsVariation=No	_	_	_	_	_	_
1136-9	BOR020	1136	9	il	il	_	_	_	_	_	linguistic	_	ContainsVariation=No	_	_	_	_	_	_
1136-10	BOR020	1136	10	fidanzato	fidanzato	_	_	_	_	_	linguistic	_	ContainsVariation=No	_	_	_	_	_	_
1136-11	BOR020	1136	11	del	del	_	_	_	_	_	linguistic	_	ContainsVariation=No	_	_	_	_	_	_
1136-12	BOR020	1136	12	fratello?	fratello	_	_	_	_	_	linguistic	_	ContainsVariation=No	Intonation=Rising	End=1789.563	_	_	_	_
1137-0	BOR022	1137	0	[drama]	drama	_	_	_	_	_	linguistic	_	ContainsVariation=No	_	Begin=1787.186|End=1787.601	_	_	_	0-5(401)
1138-0	BOI078	1138	0	s[ulla	sulla	_	_	_	_	_	linguistic	_	ContainsVariation=No	_	Begin=1789.823	_	_	_	1-5(402)
1138-1	BOI078	1138	1	fidanzata	fidanzata	_	_	_	_	_	linguistic	_	ContainsVariation=No	_	_	_	_	_	0-9(402)
1138-2	BOI078	1138	2	di:::]	di	_	_	_	_	_	linguistic	_	ContainsVariation=No	_	End=1790.732	1x3	_	_	0-2(402)
1139-0	BOI079	1139	0	[MA	ma	_	_	_	_	_	linguistic	_	ContainsVariation=No	Volume=high	Begin=1789.889	_	_	_	0-2(402)
1139-1	BOI079	1139	1	NO	no	_	_	_	_	_	linguistic	_	ContainsVariation=No	Volume=high	_	_	_	_	0-2(402)
1139-2	BOI079	1139	2	NO	no	_	_	_	_	_	linguistic	_	ContainsVariation=No	Volume=high	_	_	_	_	0-2(402)
1139-3	BOI079	1139	3	è	è	_	_	_	_	_	linguistic	_	ContainsVariation=No	_	_	_	_	_	0-1(402)
1139-4	BOI079	1139	4	c]he	che	_	_	_	_	_	linguistic	_	ContainsVariation=No	_	_	_	_	_	0-1(402)
1139-5	BOI079	1139	5	hanno	hanno	_	_	_	_	_	linguistic	_	ContainsVariation=No	_	_	_	_	_	_
1139-6	BOI079	1139	6	litigato	litigato	_	_	_	_	_	linguistic	_	ContainsVariation=No	_	_	_	_	_	_
1139-7	BOI079	1139	7	recentemente:	recentemente	_	_	_	_	_	linguistic	_	ContainsVariation=No	_	_	11x1	_	_	_
1139-8	BOI079	1139	8	sembrava	sembrava	_	_	_	_	_	linguistic	_	ContainsVariation=No	_	_	_	_	_	_
1139-9	BOI079	1139	9	si	si	_	_	_	_	_	linguistic	_	ContainsVariation=No	_	_	_	_	_	_
1139-10	BOI079	1139	10	dovessero	dovessero	_	_	_	_	_	linguistic	_	ContainsVariation=No	_	_	_	_	_	_
1139-11	BOI079	1139	11	lasciare	lasciare	_	_	_	_	_	linguistic	_	ContainsVariation=No	_	_	_	_	_	_
1139-12	BOI079	1139	12	invece	invece	_	_	_	_	_	linguistic	_	ContainsVariation=No	_	_	_	_	_	_
1139-13	BOI079	1139	13	non	non	_	_	_	_	_	linguistic	_	ContainsVariation=No	_	_	_	_	_	_
1139-14	BOI079	1139	14	si	si	_	_	_	_	_	linguistic	_	ContainsVariation=No	_	_	_	_	_	_
1139-15	BOI079	1139	15	lasciano	lasciano	_	_	_	_	_	linguistic	_	ContainsVariation=No	_	End=1795.128	_	_	_	_
1140-0	BOI079	1140	0	forse:	forse	_	_	_	_	_	linguistic	_	ContainsVariation=No	_	Begin=1796.635	4x1	_	_	_
1140-1	BOI079	1140	1	non	non	_	_	_	_	_	linguistic	_	ContainsVariation=No	_	_	_	_	_	_
1140-2	BOI079	1140	2	so	so	_	_	_	_	_	linguistic	_	ContainsVariation=No	PauseAfter=Yes	_	_	_	_	_
1140-3	BOI079	1140	3	(.)	(.)	_	_	_	_	_	shortpause	_	ContainsVariation=No	_	_	_	_	_	_
1140-4	BOI079	1140	4	>vabbè<	vabbè	_	_	_	_	_	linguistic	_	ContainsVariation=No	_	_	_	Fast=0-5(0)	_	_
1140-5	BOI079	1140	5	adesso	adesso	_	_	_	_	_	linguistic	_	ContainsVariation=No	_	_	_	_	_	_
1140-6	BOI079	1140	6	vediamo	vediamo	_	_	_	_	_	linguistic	_	ContainsVariation=No	_	End=1798.336	_	_	_	_
1141-0	BOI079	1141	0	vediamo	vediamo	_	_	_	_	_	linguistic	_	ContainsVariation=No	_	Begin=1799.144|End=1799.477	_	_	_	_
1142-0	BOI079	1142	0	no	no	_	_	_	_	_	linguistic	_	ContainsVariation=No	PauseAfter=Yes	Begin=1800.472	_	_	_	_
1142-1	BOI079	1142	1	(.)	(.)	_	_	_	_	_	shortpause	_	ContainsVariation=No	_	_	_	_	_	_
1142-2	BOI079	1142	2	forse	forse	_	_	_	_	_	linguistic	_	ContainsVariation=No	_	_	_	_	_	_
1142-3	BOI079	1142	3	non	non	_	_	_	_	_	linguistic	_	ContainsVariation=No	_	_	_	_	_	_
1142-4	BOI079	1142	4	si	si	_	_	_	_	_	linguistic	_	ContainsVariation=No	_	_	_	_	_	_
1142-5	BOI079	1142	5	lasciano	lasciano	_	_	_	_	_	linguistic	_	ContainsVariation=No	_	_	_	_	_	_
1142-6	BOI079	1142	6	più	più	_	_	_	_	_	linguistic	_	ContainsVariation=No	_	End=1801.721	_	_	_	_
1143-0	BOI078	1143	0	e	e	_	_	_	_	_	linguistic	_	ContainsVariation=No	_	Begin=1802.035	_	_	_	_
1143-1	BOI078	1143	1	vabbè	vabbè	_	_	_	_	_	linguistic	_	ContainsVariation=No	_	End=1802.303	_	_	_	_
1144-0	BOR020	1144	0	la	la	_	_	_	_	_	linguistic	_	ContainsVariation=No	_	Begin=1802.713	_	_	_	_
1144-1	BOR020	1144	1	volevi	volevi	_	_	_	_	_	linguistic	_	ContainsVariation=No	_	_	_	_	_	_
1144-2	BOR020	1144	2	tu?	tu	_	_	_	_	_	linguistic	_	ContainsVariation=No	Intonation=Rising	End=1803.343	_	_	_	_
1145-0	BOI078	1145	0	è	è	_	_	_	_	_	linguistic	_	ContainsVariation=No	_	Begin=1803.896	_	_	_	_
1145-1	BOI078	1145	1	una	una	_	_	_	_	_	linguistic	_	ContainsVariation=No	_	_	_	_	_	_
1145-2	BOI078	1145	2	bella	bella	_	_	_	_	_	linguistic	_	ContainsVariation=No	_	_	_	_	_	_
1145-3	BOI078	1145	3	[raga]zza	ragazza	_	_	_	_	_	linguistic	_	ContainsVariation=No	_	End=1804.844	_	_	_	0-4(403)
1146-0	BOI079	1146	0	[BEH]	beh	_	_	_	_	_	linguistic	_	ContainsVariation=No	Volume=high	Begin=1804.267|End=1804.537	_	_	_	0-3(403)
1147-0	BOI079	1147	0	è	è	_	_	_	_	_	linguistic	_	ContainsVariation=No	_	Begin=1804.894	_	_	_	_
1147-1	BOI079	1147	1	una	una	_	_	_	_	_	linguistic	_	ContainsVariation=No	_	_	_	_	_	_
1147-2	BOI079	1147	2	bella	bella	_	_	_	_	_	linguistic	_	ContainsVariation=No	_	_	_	_	_	_
1147-3	BOI079	1147	3	ra[gazza]	ragazza	_	_	_	_	_	linguistic	_	ContainsVariation=No	_	End=1805.835	_	_	_	2-7(404)
1148-0	BOI078	1148	0	[è	è	_	_	_	_	_	linguistic	_	ContainsVariation=No	_	Begin=1805.493	_	_	_	0-1(404)
1148-1	BOI078	1148	1	una	una	_	_	_	_	_	linguistic	_	ContainsVariation=No	_	_	_	_	_	0-3(404)
1148-2	BOI078	1148	2	bella]	bella	_	_	_	_	_	linguistic	_	ContainsVariation=No	_	_	_	_	_	0-5(404)
1148-3	BOI078	1148	3	ragazza	ragazza	_	_	_	_	_	linguistic	_	ContainsVariation=No	_	_	_	_	_	_
1148-4	BOI078	1148	4	non	non	_	_	_	_	_	linguistic	_	ContainsVariation=No	_	_	_	_	_	_
1148-5	BOI078	1148	5	m:::h	mh	_	_	_	_	_	linguistic	_	ContainsVariation=No	_	End=1807.25	0x3	_	_	_
1149-0	BOI079	1149	0	non	non	_	_	_	_	_	linguistic	_	ContainsVariation=No	_	Begin=1807.263	_	_	_	_
1149-1	BOI079	1149	1	si	si	_	_	_	_	_	linguistic	_	ContainsVariation=No	_	_	_	_	_	_
1149-2	BOI079	1149	2	può	può	_	_	_	_	_	linguistic	_	ContainsVariation=No	_	_	_	_	_	_
1149-3	BOI079	1149	3	dire	dire	_	_	_	_	_	linguistic	_	ContainsVariation=No	_	_	_	_	_	_
1149-4	BOI079	1149	4	nie[nte]	niente	_	_	_	_	_	linguistic	_	ContainsVariation=No	_	End=1808.283	_	_	_	3-6(405)
1150-0	BOI078	1150	0	[non	non	_	_	_	_	_	linguistic	_	ContainsVariation=No	_	Begin=1808.071	_	_	_	0-3(405)
1150-1	BOI078	1150	1	si]	si	_	_	_	_	_	linguistic	_	ContainsVariation=No	_	_	_	_	_	0-2(405)
1150-2	BOI078	1150	2	può	può	_	_	_	_	_	linguistic	_	ContainsVariation=No	_	_	_	_	_	_
1150-3	BOI078	1150	3	dire	dire	_	_	_	_	_	linguistic	_	ContainsVariation=No	_	_	_	_	_	_
1150-4	BOI078	1150	4	nulla	nulla	_	_	_	_	_	linguistic	_	ContainsVariation=No	_	End=1808.82	_	_	_	_
1151-0	BOI078	1151	0	è	è	_	_	_	_	_	linguistic	_	ContainsVariation=No	_	Begin=1809.709	_	_	_	_
1151-1	BOI078	1151	1	proprio	proprio	_	_	_	_	_	linguistic	_	ContainsVariation=No	_	_	_	_	_	_
1151-2	BOI078	1151	2	una	una	_	_	_	_	_	linguistic	_	ContainsVariation=No	_	_	_	_	_	_
1151-3	BOI078	1151	3	bella	bella	_	_	_	_	_	linguistic	_	ContainsVariation=No	_	_	_	_	_	_
1151-4	BOI078	1151	4	ragazza	ragazza	_	_	_	_	_	linguistic	_	ContainsVariation=No	_	End=1810.69	_	_	_	_
1152-0	BOI079	1152	0	sì.	sì	_	_	_	_	_	linguistic	_	ContainsVariation=No	Intonation=Falling	Begin=1810.848|End=1811.091	_	_	_	_
1153-0	BOI078	1153	0	°sì°	sì	_	_	_	_	_	linguistic	_	ContainsVariation=No	Volume=low	Begin=1812.554|End=1812.781	_	_	_	_
1154-0	BOI079	1154	0	dai	dai	_	_	_	_	_	linguistic	_	ContainsVariation=No	_	Begin=1813.203	_	_	_	_
1154-1	BOI079	1154	1	anche	anche	_	_	_	_	_	linguistic	_	ContainsVariation=No	_	_	_	_	_	_
1154-2	BOI079	1154	2	lui	lui	_	_	_	_	_	linguistic	_	ContainsVariation=No	_	_	_	_	_	_
1154-3	BOI079	1154	3	è	è	_	_	_	_	_	linguistic	_	ContainsVariation=No	_	_	_	_	_	_
1154-4	BOI079	1154	4	un	un	_	_	_	_	_	linguistic	_	ContainsVariation=No	_	_	_	_	_	_
1154-5	BOI079	1154	5	be~	be~	_	_	_	_	_	linguistic	_	ContainsVariation=No	Interrupted=Yes	_	_	_	_	_
1154-6	BOI079	1154	6	buon	buon	_	_	_	_	_	linguistic	_	ContainsVariation=No	_	_	_	_	_	_
1154-7	BOI079	1154	7	partito	partito	_	_	_	_	_	linguistic	_	ContainsVariation=No	_	End=1814.924	_	_	_	_
1155-0	BOI078	1155	0	sì	sì	_	_	_	_	_	linguistic	_	ContainsVariation=No	_	Begin=1815.048	_	_	_	_
1155-1	BOI078	1155	1	s~	s~	_	_	_	_	_	linguistic	_	ContainsVariation=No	Interrupted=Yes|PauseAfter=Yes	_	_	_	_	_
1155-2	BOI078	1155	2	(.)	(.)	_	_	_	_	_	shortpause	_	ContainsVariation=No	_	_	_	_	_	_
1155-3	BOI078	1155	3	però	però	_	_	_	_	_	linguistic	_	ContainsVariation=No	_	_	_	_	_	_
1155-4	BOI078	1155	4	<lei>	lei	_	_	_	_	_	linguistic	_	ContainsVariation=No	_	End=1816.135	_	Slow=0-3(0)	_	_
1156-0	BOI079	1156	0	°e	e	_	_	_	_	_	linguistic	_	ContainsVariation=No	Volume=low	Begin=1816.729	_	_	_	_
1156-1	BOI079	1156	1	vabbè°	vabbè	_	_	_	_	_	linguistic	_	ContainsVariation=No	Volume=low	End=1817.112	_	_	_	_
1157-0	BOI078	1157	0	°porca	porca	_	_	_	_	_	linguistic	_	ContainsVariation=No	Volume=low	Begin=1817.633	_	_	_	_
1157-1	BOI078	1157	1	troia°	troia	_	_	_	_	_	linguistic	_	ContainsVariation=No	Volume=low	End=1818.139	_	_	_	_
1158-0	BOR020	1158	0	qu[indi	quindi	_	_	_	_	_	linguistic	_	ContainsVariation=No	_	Begin=1818.789	_	_	_	2-6(406)
1158-1	BOR020	1158	1	sì]	sì	_	_	_	_	_	linguistic	_	ContainsVariation=No	_	_	_	_	_	0-2(406)
1158-2	BOR020	1158	2	la	la	_	_	_	_	_	linguistic	_	ContainsVariation=No	_	_	_	_	_	_
1158-3	BOR020	1158	3	vuole	vuole	_	_	_	_	_	linguistic	_	ContainsVariation=No	_	_	_	_	_	_
1158-4	BOR020	1158	4	lui	lui	_	_	_	_	_	linguistic	_	ContainsVariation=No	_	_	_	_	_	_
1158-5	BOR020	1158	5	((ride))	((ride))	_	_	_	_	_	nonverbalbehavior	_	ContainsVariation=No	_	End=1820.167	_	_	_	_
1159-0	BOR022	1159	0	[quindi:]	quindi	_	_	_	_	_	linguistic	_	ContainsVariation=No	_	Begin=1818.852|End=1819.162	5x1	_	_	0-6(406)
1160-0	BOR022	1160	0	[t'	t'	_	_	_	_	_	linguistic	_	ContainsVariation=No	SpaceAfter=No	Begin=1820.191	_	_	_	0-2(461)
1160-1	BOR022	1160	1	è	è	_	_	_	_	_	linguistic	_	ContainsVariation=No	_	_	_	_	_	0-1(461)
1160-2	BOR022	1160	2	dispiaciuto	dispiaciuto	_	_	_	_	_	linguistic	_	ContainsVariation=No	_	_	_	_	_	0-11(461)
1160-3	BOR022	1160	3	proprio]	proprio	_	_	_	_	_	linguistic	_	ContainsVariation=No	_	End=1821.273	_	_	_	0-7(461)
1161-0	BOI078	1161	0	[MA	ma	_	_	_	_	_	linguistic	_	ContainsVariation=No	Volume=high	Begin=1820.191	_	_	_	0-2(461)
1161-1	BOI078	1161	1	NO	no	_	_	_	_	_	linguistic	_	ContainsVariation=No	Volume=high	_	_	_	_	0-2(461)
1161-2	BOI078	1161	2	è	è	_	_	_	_	_	linguistic	_	ContainsVariation=No	_	_	_	_	_	0-1(461)
1161-3	BOI078	1161	3	una	una	_	_	_	_	_	linguistic	_	ContainsVariation=No	_	_	_	_	_	0-3(461)
1161-4	BOI078	1161	4	bella	bella	_	_	_	_	_	linguistic	_	ContainsVariation=No	_	_	_	_	_	0-5(461)
1161-5	BOI078	1161	5	raga]zza	ragazza	_	_	_	_	_	linguistic	_	ContainsVariation=No	_	_	_	_	_	0-4(461)
1161-6	BOI078	1161	6	dai	dai	_	_	_	_	_	linguistic	_	ContainsVariation=No	_	_	_	_	_	_
1161-7	BOI078	1161	7	diciamo	diciamo	_	_	_	_	_	linguistic	_	ContainsVariation=No	_	_	_	_	_	_
1161-8	BOI078	1161	8	le	le	_	_	_	_	_	linguistic	_	ContainsVariation=No	_	_	_	_	_	_
1161-9	BOI078	1161	9	cose	cose	_	_	_	_	_	linguistic	_	ContainsVariation=No	_	_	_	_	_	_
1161-10	BOI078	1161	10	come	come	_	_	_	_	_	linguistic	_	ContainsVariation=No	_	_	_	_	_	_
1161-11	BOI078	1161	11	stanno	stanno	_	_	_	_	_	linguistic	_	ContainsVariation=No	_	End=1823.116	_	_	_	_
1162-0	BOR020	1162	0	((ride))	((ride))	_	_	_	_	_	nonverbalbehavior	_	ContainsVariation=No	_	Begin=1820.675|End=1821.731	_	_	_	_
1163-0	BOR020	1163	0	((ride))	((ride))	_	_	_	_	_	nonverbalbehavior	_	ContainsVariation=No	_	Begin=1823.103|End=1823.411	_	_	_	_
1164-0	BOR022	1164	0	basta	basta	_	_	_	_	_	linguistic	_	ContainsVariation=No	_	Begin=1823.549	_	_	_	_
1164-1	BOR022	1164	1	che	che	_	_	_	_	_	linguistic	_	ContainsVariation=No	_	_	_	_	_	_
1164-2	BOR022	1164	2	è	è	_	_	_	_	_	linguistic	_	ContainsVariation=No	_	_	_	_	_	_
1164-3	BOR022	1164	3	una	una	_	_	_	_	_	linguistic	_	ContainsVariation=No	_	_	_	_	_	_
1164-4	BOR022	1164	4	ragazza	ragazza	_	_	_	_	_	linguistic	_	ContainsVariation=No	_	_	_	_	_	_
1164-5	BOR022	1164	5	quindi	quindi	_	_	_	_	_	linguistic	_	ContainsVariation=No	_	_	_	_	_	_
1164-6	BOR022	1164	6	c(io)è:	cioè	_	_	_	_	_	linguistic	_	ContainsVariation=No	Reduced=Yes	End=1825.342	3x1	_	_	_
1165-0	BOI078	1165	0	NO	no	_	_	_	_	_	linguistic	_	ContainsVariation=No	Volume=high	Begin=1825.624	_	_	_	_
1165-1	BOI078	1165	1	MA	ma	_	_	_	_	_	linguistic	_	ContainsVariation=No	Volume=high	_	_	_	_	_
1165-2	BOI078	1165	2	NO	no	_	_	_	_	_	linguistic	_	ContainsVariation=No	Volume=high	_	_	_	_	_
1165-3	BOI078	1165	3	eh	eh	_	_	_	_	_	linguistic	_	ContainsVariation=No	_	_	_	_	_	_
1165-4	BOI078	1165	4	no	no	_	_	_	_	_	linguistic	_	ContainsVariation=No	_	_	_	_	_	_
1165-5	BOI078	1165	5	((ride))	((ride))	_	_	_	_	_	nonverbalbehavior	_	ContainsVariation=No	_	End=1827.337	_	_	_	_
1166-0	BOI078	1166	0	((ride))	((ride))	_	_	_	_	_	nonverbalbehavior	_	ContainsVariation=No	_	Begin=1827.546|End=1828.273	_	_	_	_
1167-0	BOI078	1167	0	NO	no	_	_	_	_	_	linguistic	_	ContainsVariation=No	Volume=high	Begin=1828.378	_	_	_	_
1167-1	BOI078	1167	1	no	no	_	_	_	_	_	linguistic	_	ContainsVariation=No	PauseAfter=Yes	_	_	_	_	_
1167-2	BOI078	1167	2	(.)	(.)	_	_	_	_	_	shortpause	_	ContainsVariation=No	_	_	_	_	_	_
1167-3	BOI078	1167	3	però:::	però	_	_	_	_	_	linguistic	_	ContainsVariation=No	_	_	3x3	_	_	_
1167-4	BOI078	1167	4	va	va	_	_	_	_	_	linguistic	_	ContainsVariation=No	_	_	_	_	_	_
1167-5	BOI078	1167	5	detto	detto	_	_	_	_	_	linguistic	_	ContainsVariation=No	_	_	_	_	_	_
1167-6	BOI078	1167	6	insomma	insomma	_	_	_	_	_	linguistic	_	ContainsVariation=No	_	End=1830.377	_	_	_	_
1168-0	BOI078	1168	0	però	però	_	_	_	_	_	linguistic	_	ContainsVariation=No	_	Begin=1830.629	_	_	_	_
1168-1	BOI078	1168	1	sì	sì	_	_	_	_	_	linguistic	_	ContainsVariation=No	_	_	_	_	_	_
1168-2	BOI078	1168	2	è	è	_	_	_	_	_	linguistic	_	ContainsVariation=No	_	_	_	_	_	_
1168-3	BOI078	1168	3	un	un	_	_	_	_	_	linguistic	_	ContainsVariation=No	_	_	_	_	_	_
1168-4	BOI078	1168	4	po:::'	po'	_	_	_	_	_	linguistic	_	ContainsVariation=No	_	End=1832.252	1x3	_	_	_
1169-0	BOI078	1169	0	da	da	_	_	_	_	_	linguistic	_	ContainsVariation=No	_	Begin=1832.582	_	_	_	_
1169-1	BOI078	1169	1	quello	quello	_	_	_	_	_	linguistic	_	ContainsVariation=No	_	_	_	_	_	_
1169-2	BOI078	1169	2	che	che	_	_	_	_	_	linguistic	_	ContainsVariation=No	_	_	_	_	_	_
1169-3	BOI078	1169	3	ho:	ho	_	_	_	_	_	linguistic	_	ContainsVariation=No	PauseAfter=Yes	_	1x1	_	_	_
1169-4	BOI078	1169	4	(.)	(.)	_	_	_	_	_	shortpause	_	ContainsVariation=No	_	_	_	_	_	_
1169-5	BOI078	1169	5	sentito	sentito	_	_	_	_	_	linguistic	_	ContainsVariation=No	_	_	_	_	_	_
1169-6	BOI078	1169	6	è	è	_	_	_	_	_	linguistic	_	ContainsVariation=No	_	_	_	_	_	_
1169-7	BOI078	1169	7	un	un	_	_	_	_	_	linguistic	_	ContainsVariation=No	_	_	_	_	_	_
1169-8	BOI078	1169	8	po'	po'	_	_	_	_	_	linguistic	_	ContainsVariation=No	PauseAfter=Yes	_	_	_	_	_
1169-9	BOI078	1169	9	(.)	(.)	_	_	_	_	_	shortpause	_	ContainsVariation=No	_	_	_	_	_	_
1169-10	BOI078	1169	10	una:	una	_	_	_	_	_	linguistic	_	ContainsVariation=No	_	End=1834.642	2x1	_	_	_
1170-0	BOI078	1170	0	# piva	piva	_	_	_	_	_	linguistic	_	ContainsVariation=Yes|Variety=Unsure	_	Begin=1835.834|End=1836.126	_	_	_	_
1171-0	BOR020	1171	0	cosa	cosa	_	_	_	_	_	linguistic	_	ContainsVariation=No	_	Begin=1837.45	_	_	_	_
1171-1	BOR020	1171	1	significa?	significa	_	_	_	_	_	linguistic	_	ContainsVariation=No	Intonation=Rising	End=1838.053	_	_	_	_
1172-0	BOI078	1172	0	ah	ah	_	_	_	_	_	linguistic	_	ContainsVariation=No	_	Begin=1838.256	_	_	_	_
1172-1	BOI078	1172	1	ecco	ecco	_	_	_	_	_	linguistic	_	ContainsVariation=No	_	_	_	_	_	_
1172-2	BOI078	1172	2	vedi	vedi	_	_	_	_	_	linguistic	_	ContainsVariation=No	PauseAfter=Yes	_	_	_	_	_
1172-3	BOI078	1172	3	(.)	(.)	_	_	_	_	_	shortpause	_	ContainsVariation=No	_	_	_	_	_	_
1172-4	BOI078	1172	4	linguistica	linguistica	_	_	_	_	_	linguistic	_	ContainsVariation=No	_	End=1839.575	_	_	_	_
1173-0	BOR022	1173	0	((ride))	((ride))	_	_	_	_	_	nonverbalbehavior	_	ContainsVariation=No	_	Begin=1839.837|End=1840.136	_	_	_	_
1174-0	BOI078	1174	0	# piva	piva	_	_	_	_	_	linguistic	_	ContainsVariation=Yes|Variety=Unsure	PauseAfter=Yes	Begin=1839.932	_	_	_	_
1174-1	BOI078	1174	1	(.)	(.)	_	_	_	_	_	shortpause	_	ContainsVariation=Yes	_	_	_	_	_	_
1174-2	BOI078	1174	2	è:	è	_	_	_	_	_	linguistic	_	ContainsVariation=Yes|Variety=Unsure	PauseAfter=Yes	_	0x1	_	_	_
1174-3	BOI078	1174	3	(.)	(.)	_	_	_	_	_	shortpause	_	ContainsVariation=Yes	_	_	_	_	_	_
1174-4	BOI078	1174	4	una:	una	_	_	_	_	_	linguistic	_	ContainsVariation=Yes|Variety=Unsure	_	_	2x1	_	_	_
1174-5	BOI078	1174	5	mh	mh	_	_	_	_	_	linguistic	_	ContainsVariation=Yes|Variety=Unsure	_	_	_	_	_	_
1174-6	BOI078	1174	6	persona	persona	_	_	_	_	_	linguistic	_	ContainsVariation=Yes|Variety=Unsure	_	_	_	_	_	_
1174-7	BOI078	1174	7	che	che	_	_	_	_	_	linguistic	_	ContainsVariation=Yes|Variety=Unsure	_	_	_	_	_	_
1174-8	BOI078	1174	8	fa	fa	_	_	_	_	_	linguistic	_	ContainsVariation=Yes|Variety=Unsure	_	_	_	_	_	_
1174-9	BOI078	1174	9	molte:	molte	_	_	_	_	_	linguistic	_	ContainsVariation=Yes|Variety=Unsure	_	_	4x1	_	_	_
1174-10	BOI078	1174	10	>insomma<	insomma	_	_	_	_	_	linguistic	_	ContainsVariation=Yes|Variety=Unsure	_	_	_	Fast=0-7(0)	_	_
1174-11	BOI078	1174	11	molte	molte	_	_	_	_	_	linguistic	_	ContainsVariation=Yes|Variety=Unsure	_	_	_	_	_	_
1174-12	BOI078	1174	12	storie	storie	_	_	_	_	_	linguistic	_	ContainsVariation=Yes|Variety=Unsure	_	_	_	_	_	_
1174-13	BOI078	1174	13	EH	eh	_	_	_	_	_	linguistic	_	ContainsVariation=Yes|Variety=Unsure	Volume=high	_	_	_	_	_
1174-14	BOI078	1174	14	il	il	_	_	_	_	_	linguistic	_	ContainsVariation=Yes|Variety=Unsure	_	_	_	_	_	_
1174-15	BOI078	1174	15	tuo	tuo	_	_	_	_	_	linguistic	_	ContainsVariation=Yes|Variety=Unsure	_	_	_	_	_	_
1174-16	BOI078	1174	16	è	è	_	_	_	_	_	linguistic	_	ContainsVariation=Yes|Variety=Unsure	_	_	_	_	_	_
1174-17	BOI078	1174	17	il	il	_	_	_	_	_	linguistic	_	ContainsVariation=Yes|Variety=Unsure	_	_	_	_	_	_
1174-18	BOI078	1174	18	tuo:	tuo	_	_	_	_	_	linguistic	_	ContainsVariation=Yes|Variety=Unsure	_	_	2x1	_	_	_
1174-19	BOI078	1174	19	tipo	tipo	_	_	_	_	_	linguistic	_	ContainsVariation=Yes|Variety=Unsure	_	_	_	_	_	_
1174-20	BOI078	1174	20	il	il	_	_	_	_	_	linguistic	_	ContainsVariation=Yes|Variety=Unsure	_	_	_	_	_	_
1174-21	BOI078	1174	21	tuo	tuo	_	_	_	_	_	linguistic	_	ContainsVariation=Yes|Variety=Unsure	_	_	_	_	_	_
1174-22	BOI078	1174	22	coinquilino	coinquilino	_	_	_	_	_	linguistic	_	ContainsVariation=Yes|Variety=Unsure	_	_	_	_	_	_
1174-23	BOI078	1174	23	al	al	_	_	_	_	_	linguistic	_	ContainsVariation=Yes|Variety=Unsure	_	_	_	_	_	_
1174-24	BOI078	1174	24	femminile	femminile	_	_	_	_	_	linguistic	_	ContainsVariation=Yes|Variety=Unsure	_	End=1846.754	_	_	_	_
1175-0	BOI078	1175	0	o	o	_	_	_	_	_	linguistic	_	ContainsVariation=No	_	Begin=1847.439	_	_	_	_
1175-1	BOI078	1175	1	la	la	_	_	_	_	_	linguistic	_	ContainsVariation=No	_	_	_	_	_	_
1175-2	BOI078	1175	2	t~	t~	_	_	_	_	_	linguistic	_	ContainsVariation=No	Interrupted=Yes	_	_	_	_	_
1175-3	BOI078	1175	3	o	o	_	_	_	_	_	linguistic	_	ContainsVariation=No	_	_	_	_	_	_
1175-4	BOI078	1175	4	la	la	_	_	_	_	_	linguistic	_	ContainsVariation=No	PauseAfter=Yes	_	_	_	_	_
1175-5	BOI078	1175	5	(.)	(.)	_	_	_	_	_	shortpause	_	ContainsVariation=No	_	_	_	_	_	_
1175-6	BOI078	1175	6	fidanzata	fidanzata	_	_	_	_	_	linguistic	_	ContainsVariation=No	_	_	_	_	_	_
1175-7	BOI078	1175	7	del	del	_	_	_	_	_	linguistic	_	ContainsVariation=No	_	_	_	_	_	_
1175-8	BOI078	1175	8	tuo	tuo	_	_	_	_	_	linguistic	_	ContainsVariation=No	_	_	_	_	_	_
1175-9	BOI078	1175	9	coinquilino	coinquilino	_	_	_	_	_	linguistic	_	ContainsVariation=No	_	End=1849.404	_	_	_	_
1176-0	BOR020	1176	0	n[o:n]	non	_	_	_	_	_	linguistic	_	ContainsVariation=No	PauseAfter=Yes	Begin=1849.794	1x1	_	_	1-3(409)
1176-1	BOR020	1176	1	(.)	(.)	_	_	_	_	_	shortpause	_	ContainsVariation=No	_	_	_	_	_	_
1176-2	BOR020	1176	2	non	non	_	_	_	_	_	linguistic	_	ContainsVariation=No	_	_	_	_	_	_
1176-3	BOR020	1176	3	ti	ti	_	_	_	_	_	linguistic	_	ContainsVariation=No	_	_	_	_	_	_
1176-4	BOR020	1176	4	spieghi	spieghi	_	_	_	_	_	linguistic	_	ContainsVariation=No	_	End=1851.04	_	_	_	_
1177-0	BOI078	1177	0	[una	una	_	_	_	_	_	linguistic	_	ContainsVariation=No	_	Begin=1849.9	_	_	_	0-3(409)
1177-1	BOI078	1177	1	che]	che	_	_	_	_	_	linguistic	_	ContainsVariation=No	_	End=1850.21	_	_	_	0-3(409)
1178-0	BOR022	1178	0	una	una	_	_	_	_	_	linguistic	_	ContainsVariation=No	_	Begin=1851.088	_	_	_	_
1178-1	BOR022	1178	1	[rottura	rottura	_	_	_	_	_	linguistic	_	ContainsVariation=No	_	_	_	_	_	0-7(410)
1178-2	BOR022	1178	2	di	di	_	_	_	_	_	linguistic	_	ContainsVariation=No	_	_	_	_	_	0-2(410)
1178-3	BOR022	1178	3	coglio]ni?	coglioni	_	_	_	_	_	linguistic	_	ContainsVariation=No	Intonation=Rising	End=1852.076	_	_	_	0-6(410)
1179-0	BOI078	1179	0	[una	una	_	_	_	_	_	linguistic	_	ContainsVariation=No	_	Begin=1851.246	_	_	_	0-3(410)
1179-1	BOI078	1179	1	che	che	_	_	_	_	_	linguistic	_	ContainsVariation=No	_	_	_	_	_	0-3(410)
1179-2	BOI078	1179	2	fa::]	fa	_	_	_	_	_	linguistic	_	ContainsVariation=No	_	End=1851.934	1x2	_	_	0-2(410)
1180-0	BOI078	1180	0	esatto.	esatto	_	_	_	_	_	linguistic	_	ContainsVariation=No	Intonation=Falling	Begin=1852.076	_	_	_	_
1180-1	BOI078	1180	1	bravissima.	bravissima	_	_	_	_	_	linguistic	_	ContainsVariation=No	Intonation=Falling	_	_	_	_	_
1180-2	BOI078	1180	2	>u[na	una	_	_	_	_	_	linguistic	_	ContainsVariation=No	_	_	_	Fast=0-3(0)	_	1-3(411)
1180-3	BOI078	1180	3	rott]ura	rottura	_	_	_	_	_	linguistic	_	ContainsVariation=No	_	_	_	Fast=0-7(0)	_	0-4(411)
1180-4	BOI078	1180	4	di	di	_	_	_	_	_	linguistic	_	ContainsVariation=No	_	_	_	Fast=0-2(0)	_	_
1180-5	BOI078	1180	5	coglio(ni)<	coglioni	_	_	_	_	_	linguistic	_	ContainsVariation=No	_	_	_	Fast=0-8(0)	6-8(0)	_
1180-6	BOI078	1180	6	°non	non	_	_	_	_	_	linguistic	_	ContainsVariation=No	Volume=low	_	_	_	_	_
1180-7	BOI078	1180	7	volevo	volevo	_	_	_	_	_	linguistic	_	ContainsVariation=No	Volume=low	_	_	_	_	_
1180-8	BOI078	1180	8	dirlo	dirlo	_	_	_	_	_	linguistic	_	ContainsVariation=No	Volume=low	_	_	_	_	_
1180-9	BOI078	1180	9	in	in	_	_	_	_	_	linguistic	_	ContainsVariation=No	Volume=low	_	_	_	_	_
1180-10	BOI078	1180	10	maniera	maniera	_	_	_	_	_	linguistic	_	ContainsVariation=No	Volume=low	_	_	_	_	_
1180-11	BOI078	1180	11	così°	così	_	_	_	_	_	linguistic	_	ContainsVariation=No	Volume=low	End=1854.567	_	_	_	_
1181-0	BOR020	1181	0	[ah]	ah	_	_	_	_	_	linguistic	_	ContainsVariation=No	_	Begin=1852.909|End=1853.133	_	_	_	0-2(411)
1182-0	BOI078	1182	0	PERÒ:	però	_	_	_	_	_	linguistic	_	ContainsVariation=No	Volume=high	Begin=1854.643	3x1	_	_	_
1182-1	BOI078	1182	1	eh	eh	_	_	_	_	_	linguistic	_	ContainsVariation=No	_	_	_	_	_	_
1182-2	BOI078	1182	2	sì	sì	_	_	_	_	_	linguistic	_	ContainsVariation=No	_	End=1855.212	_	_	_	_
1183-0	BOI078	1183	0	>cioè<	cioè	_	_	_	_	_	linguistic	_	ContainsVariation=No	_	Begin=1855.643	_	Fast=0-4(0)	_	_
1183-1	BOI078	1183	1	molt[o::	molto	_	_	_	_	_	linguistic	_	ContainsVariation=No	_	_	4x2	_	_	4-5(412)
1183-2	BOI078	1183	2	pal]la	palla	_	_	_	_	_	linguistic	_	ContainsVariation=No	_	_	_	_	_	0-3(412)
1183-3	BOI078	1183	3	al	al	_	_	_	_	_	linguistic	_	ContainsVariation=No	_	_	_	_	_	_
1183-4	BOI078	1183	4	piede	piede	_	_	_	_	_	linguistic	_	ContainsVariation=No	PauseAfter=Yes	_	_	_	_	_
1183-5	BOI078	1183	5	(.)	(.)	_	_	_	_	_	shortpause	_	ContainsVariation=No	_	_	_	_	_	_
1183-6	BOI078	1183	6	non	non	_	_	_	_	_	linguistic	_	ContainsVariation=No	_	_	_	_	_	_
1183-7	BOI078	1183	7	so:	so	_	_	_	_	_	linguistic	_	ContainsVariation=No	_	End=1858.008	1x1	_	_	_
1184-0	BOR020	1184	0	[ah]	ah	_	_	_	_	_	linguistic	_	ContainsVariation=No	_	Begin=1856.262|End=1856.547	_	_	_	0-2(412)
1185-0	BOR020	1185	0	# piva?	piva	_	_	_	_	_	linguistic	_	ContainsVariation=Yes|Variety=Unsure	Intonation=Rising	Begin=1858.254|End=1858.59	_	_	_	_
1186-0	BOI078	1186	0	>una	una	_	_	_	_	_	linguistic	_	ContainsVariation=No	_	Begin=1858.647	_	Fast=0-3(0)	_	_
1186-1	BOI078	1186	1	di	di	_	_	_	_	_	linguistic	_	ContainsVariation=No	_	_	_	Fast=0-2(0)	_	_
1186-2	BOI078	1186	2	quelle	quelle	_	_	_	_	_	linguistic	_	ContainsVariation=No	_	_	_	Fast=0-6(0)	_	_
1186-3	BOI078	1186	3	persone	persone	_	_	_	_	_	linguistic	_	ContainsVariation=No	_	_	_	Fast=0-7(0)	_	_
1186-4	BOI078	1186	4	che<	che	_	_	_	_	_	linguistic	_	ContainsVariation=No	_	_	_	Fast=0-3(0)	_	_
1186-5	BOI078	1186	5	tipo::	tipo	_	_	_	_	_	linguistic	_	ContainsVariation=No	_	_	3x2	_	_	_
1186-6	BOI078	1186	6	°non	non	_	_	_	_	_	linguistic	_	ContainsVariation=No	Volume=low	_	_	_	_	_
1186-7	BOI078	1186	7	so°	so	_	_	_	_	_	linguistic	_	ContainsVariation=No	Volume=low	_	_	_	_	_
1186-8	BOI078	1186	8	tipo:	tipo	_	_	_	_	_	linguistic	_	ContainsVariation=No	PauseAfter=Yes	_	3x1	_	_	_
1186-9	BOI078	1186	9	(.)	(.)	_	_	_	_	_	shortpause	_	ContainsVariation=No	_	_	_	_	_	_
1186-10	BOI078	1186	10	al	al	_	_	_	_	_	linguistic	_	ContainsVariation=No	_	_	_	_	_	_
1186-11	BOI078	1186	11	ristorante	ristorante	_	_	_	_	_	linguistic	_	ContainsVariation=No	_	_	_	_	_	_
1186-12	BOI078	1186	12	ordina::	ordina	_	_	_	_	_	linguistic	_	ContainsVariation=No	_	End=1861.963	5x2	_	_	_
1187-0	BOI078	1187	0	l'	l'	_	_	_	_	_	linguistic	_	ContainsVariation=No	SpaceAfter=No	Begin=1862.407	_	_	_	_
1187-1	BOI078	1187	1	insalata.	insalata	_	_	_	_	_	linguistic	_	ContainsVariation=No	Intonation=Falling	End=1863.091	_	_	_	_
1188-0	BOR020	1188	0	((sospira))	((sospira))	_	_	_	_	_	nonverbalbehavior	_	ContainsVariation=No	_	Begin=1863.502|End=1864.073	_	_	_	_
1189-0	BOI078	1189	0	e	e	_	_	_	_	_	linguistic	_	ContainsVariation=No	_	Begin=1863.921	_	_	_	_
1189-1	BOI078	1189	1	l'	l'	_	_	_	_	_	linguistic	_	ContainsVariation=No	SpaceAfter=No	_	_	_	_	_
1189-2	BOI078	1189	2	acqua.	acqua	_	_	_	_	_	linguistic	_	ContainsVariation=No	Intonation=Falling|PauseAfter=Yes	_	_	_	_	_
1189-3	BOI078	1189	3	(.)	(.)	_	_	_	_	_	shortpause	_	ContainsVariation=No	_	_	_	_	_	_
1189-4	BOI078	1189	4	capito?	capito	_	_	_	_	_	linguistic	_	ContainsVariation=No	Intonation=Rising	End=1864.913	_	_	_	_
1190-0	BOI079	1190	0	no	no	_	_	_	_	_	linguistic	_	ContainsVariation=No	_	Begin=1865.376	_	_	_	_
1190-1	BOI079	1190	1	beh	beh	_	_	_	_	_	linguistic	_	ContainsVariation=No	_	_	_	_	_	_
1190-2	BOI079	1190	2	adesso	adesso	_	_	_	_	_	linguistic	_	ContainsVariation=No	_	_	_	_	_	_
1190-3	BOI079	1190	3	esa:geri	esageri	_	_	_	_	_	linguistic	_	ContainsVariation=No	_	_	2x1	_	_	_
1190-4	BOI079	1190	4	poveretta::	poveretta	_	_	_	_	_	linguistic	_	ContainsVariation=No	_	End=1867.537	8x2	_	_	_
1191-0	BOR020	1191	0	((ride))	((ride))	_	_	_	_	_	nonverbalbehavior	_	ContainsVariation=No	_	Begin=1867.292|End=1868.02	_	_	_	_
1192-0	BOI078	1192	0	N[ON	non	_	_	_	_	_	linguistic	_	ContainsVariation=No	Volume=high	Begin=1868.216	_	_	_	1-3(415)
1192-1	BOI078	1192	1	LEI	lei	_	_	_	_	_	linguistic	_	ContainsVariation=No	Volume=high	_	_	_	_	0-3(415)
1192-2	BOI078	1192	2	NON	non	_	_	_	_	_	linguistic	_	ContainsVariation=No	Volume=high	_	_	_	_	0-3(415)
1192-3	BOI078	1192	3	LE]I	lei	_	_	_	_	_	linguistic	_	ContainsVariation=No	Volume=high	_	_	_	_	0-2(415)
1192-4	BOI078	1192	4	NON	non	_	_	_	_	_	linguistic	_	ContainsVariation=No	Volume=high	_	_	_	_	_
1192-5	BOI078	1192	5	LEI	lei	_	_	_	_	_	linguistic	_	ContainsVariation=No	PauseAfter=Yes|Volume=high	_	_	_	_	_
1192-6	BOI078	1192	6	(.)	(.)	_	_	_	_	_	shortpause	_	ContainsVariation=No	_	_	_	_	_	_
1192-7	BOI078	1192	7	[non	non	_	_	_	_	_	linguistic	_	ContainsVariation=No	_	_	_	_	_	0-3(416)
1192-8	BOI078	1192	8	lei	lei	_	_	_	_	_	linguistic	_	ContainsVariation=No	_	_	_	_	_	0-3(416)
1192-9	BOI078	1192	9	non	non	_	_	_	_	_	linguistic	_	ContainsVariation=No	_	_	_	_	_	0-3(416)
1192-10	BOI078	1192	10	la	la	_	_	_	_	_	linguistic	_	ContainsVariation=No	_	_	_	_	_	0-2(416)
1192-11	BOI078	1192	11	conos]co	conosco	_	_	_	_	_	linguistic	_	ContainsVariation=No	_	_	_	_	_	0-5(416)
1192-12	BOI078	1192	12	io	io	_	_	_	_	_	linguistic	_	ContainsVariation=No	_	_	_	_	_	_
1192-13	BOI078	1192	13	non	non	_	_	_	_	_	linguistic	_	ContainsVariation=No	_	_	_	_	_	_
1192-14	BOI078	1192	14	[so	so	_	_	_	_	_	linguistic	_	ContainsVariation=No	_	_	_	_	_	0-2(417)
1192-15	BOI078	1192	15	neanche	neanche	_	_	_	_	_	linguistic	_	ContainsVariation=No	_	_	_	_	_	0-7(417)
1192-16	BOI078	1192	16	chi	chi	_	_	_	_	_	linguistic	_	ContainsVariation=No	_	_	_	_	_	0-3(417)
1192-17	BOI078	1192	17	cazzo	cazzo	_	_	_	_	_	linguistic	_	ContainsVariation=No	_	_	_	_	_	0-5(417)
1192-18	BOI078	1192	18	sia	sia	_	_	_	_	_	linguistic	_	ContainsVariation=No	_	_	_	_	_	0-3(417)
1192-19	BOI078	1192	19	questa]	questa	_	_	_	_	_	linguistic	_	ContainsVariation=No	_	End=1872.772	_	_	_	0-6(417)
1193-0	BOR020	1193	0	[distru:tta]	distrutta	_	_	_	_	_	linguistic	_	ContainsVariation=No	_	Begin=1868.299|End=1869.222	5x1	_	_	0-9(415)
1194-0	BOI079	1194	0	[>vabbè<	vabbè	_	_	_	_	_	linguistic	_	ContainsVariation=No	PauseAfter=Yes	Begin=1870.141	_	Fast=0-5(0)	_	0-5(416)
1194-1	BOI079	1194	1	(.)	(.)	_	_	_	_	_	shortpause	_	ContainsVariation=No	_	_	_	_	_	X(416)
1194-2	BOI079	1194	2	sì	sì	_	_	_	_	_	linguistic	_	ContainsVariation=No	PauseAfter=Yes	_	_	_	_	0-2(416)
1194-3	BOI079	1194	3	(.)	(.)	_	_	_	_	_	shortpause	_	ContainsVariation=No	_	_	_	_	_	X(416)
1194-4	BOI079	1194	4	stava~]	stava~	_	_	_	_	_	linguistic	_	ContainsVariation=No	Interrupted=Yes	End=1871.323	_	_	_	0-6(416)
1195-0	BOI079	1195	0	# [stavamo:	stavamo	_	_	_	_	_	linguistic	_	ContainsVariation=Yes|Variety=Unsure	_	Begin=1871.603	6x1	_	_	0-7(417)
1195-1	BOI079	1195	1	stava]mo::	stavamo	_	_	_	_	_	linguistic	_	ContainsVariation=Yes|Variety=Unsure	PauseAfter=Yes	_	6x2	_	_	0-5(417)
1195-2	BOI079	1195	2	(.)	(.)	_	_	_	_	_	shortpause	_	ContainsVariation=Yes	_	_	_	_	_	_
1195-3	BOI079	1195	3	parlando	parlando	_	_	_	_	_	linguistic	_	ContainsVariation=Yes|Variety=Unsure	_	_	_	_	_	_
1195-4	BOI079	1195	4	del~	del~	_	_	_	_	_	linguistic	_	ContainsVariation=Yes|Variety=Unsure	Interrupted=Yes|PauseAfter=Yes	_	_	_	_	_
1195-5	BOI079	1195	5	(.)	(.)	_	_	_	_	_	shortpause	_	ContainsVariation=Yes	_	_	_	_	_	_
1195-6	BOI079	1195	6	la	la	_	_	_	_	_	linguistic	_	ContainsVariation=Yes|Variety=Unsure	_	_	_	_	_	_
1195-7	BOI079	1195	7	piva	piva	_	_	_	_	_	linguistic	_	ContainsVariation=Yes|Variety=Unsure	_	_	_	_	_	_
1195-8	BOI079	1195	8	in	in	_	_	_	_	_	linguistic	_	ContainsVariation=Yes|Variety=Unsure	_	_	_	_	_	_
1195-9	BOI079	1195	9	genera~	genera~	_	_	_	_	_	linguistic	_	ContainsVariation=Yes|Variety=Unsure	Interrupted=Yes	End=1875.475	_	_	_	_
1196-0	BOI078	1196	0	# DELLA	della	_	_	_	_	_	linguistic	_	ContainsVariation=Yes|Variety=Unsure	Volume=high	Begin=1874.854	_	_	_	_
1196-1	BOI078	1196	1	PI:VA	piva	_	_	_	_	_	linguistic	_	ContainsVariation=Yes|Variety=Unsure	Volume=high	_	1x1	_	_	_
1196-2	BOI078	1196	2	sì	sì	_	_	_	_	_	linguistic	_	ContainsVariation=Yes|Variety=Unsure	PauseAfter=Yes	_	_	_	_	_
1196-3	BOI078	1196	3	(.)	(.)	_	_	_	_	_	shortpause	_	ContainsVariation=Yes	_	_	_	_	_	_
1196-4	BOI078	1196	4	io	io	_	_	_	_	_	linguistic	_	ContainsVariation=Yes|Variety=Unsure	_	_	_	_	_	_
1196-5	BOI078	1196	5	non	non	_	_	_	_	_	linguistic	_	ContainsVariation=Yes|Variety=Unsure	_	_	_	_	_	_
1196-6	BOI078	1196	6	so	so	_	_	_	_	_	linguistic	_	ContainsVariation=Yes|Variety=Unsure	_	_	_	_	_	_
1196-7	BOI078	1196	7	(>chi	chi	_	_	_	_	_	linguistic	_	ContainsVariation=Yes|Variety=Unsure	_	_	_	Fast=0-3(0)	0-3(0)	_
1196-8	BOI078	1196	8	sia<)	sia	_	_	_	_	_	linguistic	_	ContainsVariation=Yes|Variety=Unsure	_	_	_	Fast=0-3(0)	0-3(0)	_
1196-9	BOI078	1196	9	questa	questa	_	_	_	_	_	linguistic	_	ContainsVariation=Yes|Variety=Unsure	_	_	_	_	_	_
1196-10	BOI078	1196	10	ragazza	ragazza	_	_	_	_	_	linguistic	_	ContainsVariation=Yes|Variety=Unsure	_	_	_	_	_	_
1196-11	BOI078	1196	11	non	non	_	_	_	_	_	linguistic	_	ContainsVariation=Yes|Variety=Unsure	PauseAfter=Yes	_	_	_	_	_
1196-12	BOI078	1196	12	(.)	(.)	_	_	_	_	_	shortpause	_	ContainsVariation=Yes	_	_	_	_	_	_
1196-13	BOI078	1196	13	non	non	_	_	_	_	_	linguistic	_	ContainsVariation=Yes|Variety=Unsure	_	_	_	_	_	_
1196-14	BOI078	1196	14	c'	c'	_	_	_	_	_	linguistic	_	ContainsVariation=Yes|Variety=Unsure	SpaceAfter=No	_	_	_	_	_
1196-15	BOI078	1196	15	ho	ho	_	_	_	_	_	linguistic	_	ContainsVariation=Yes|Variety=Unsure	_	_	_	_	_	_
1196-16	BOI078	1196	16	neanche	neanche	_	_	_	_	_	linguistic	_	ContainsVariation=Yes|Variety=Unsure	_	_	_	_	_	_
1196-17	BOI078	1196	17	mai	mai	_	_	_	_	_	linguistic	_	ContainsVariation=Yes|Variety=Unsure	_	_	_	_	_	_
1196-18	BOI078	1196	18	praticamente	praticamente	_	_	_	_	_	linguistic	_	ContainsVariation=Yes|Variety=Unsure	_	_	_	_	_	_
1196-19	BOI078	1196	19	parlat[o	parlato	_	_	_	_	_	linguistic	_	ContainsVariation=Yes|Variety=Unsure	_	_	_	_	_	5-7(418)
1196-20	BOI078	1196	20	°anzi°]	anzi	_	_	_	_	_	linguistic	_	ContainsVariation=Yes|Variety=Unsure	Volume=low	End=1879.473	_	_	_	0-4(418)
1197-0	BOI079	1197	0	[no	no	_	_	_	_	_	linguistic	_	ContainsVariation=No	_	Begin=1878.976	_	_	_	0-2(419)
1197-1	BOI079	1197	1	no.	no	_	_	_	_	_	linguistic	_	ContainsVariation=No	Intonation=Falling	_	_	_	_	0-2(419)
1197-2	BOI079	1197	2	non]	non	_	_	_	_	_	linguistic	_	ContainsVariation=No	_	_	_	_	_	0-3(419)
1197-3	BOI079	1197	3	è	è	_	_	_	_	_	linguistic	_	ContainsVariation=No	_	_	_	_	_	_
1197-4	BOI079	1197	4	vero	vero	_	_	_	_	_	linguistic	_	ContainsVariation=No	_	_	_	_	_	_
1197-5	BOI079	1197	5	invece	invece	_	_	_	_	_	linguistic	_	ContainsVariation=No	_	_	_	_	_	_
1197-6	BOI079	1197	6	adesso	adesso	_	_	_	_	_	linguistic	_	ContainsVariation=No	PauseAfter=Yes	_	_	_	_	_
1197-7	BOI079	1197	7	(.)	(.)	_	_	_	_	_	shortpause	_	ContainsVariation=No	_	_	_	_	_	_
1197-8	BOI079	1197	8	vado	vado	_	_	_	_	_	linguistic	_	ContainsVariation=No	_	_	_	_	_	_
1197-9	BOI079	1197	9	a	a	_	_	_	_	_	linguistic	_	ContainsVariation=No	_	_	_	_	_	_
1197-10	BOI079	1197	10	casa	casa	_	_	_	_	_	linguistic	_	ContainsVariation=No	_	_	_	_	_	_
1197-11	BOI079	1197	11	e:	e	_	_	_	_	_	linguistic	_	ContainsVariation=No	_	_	0x1	_	_	_
1197-12	BOI079	1197	12	stanno	stanno	_	_	_	_	_	linguistic	_	ContainsVariation=No	_	_	_	_	_	_
1197-13	BOI079	1197	13	preparando	preparando	_	_	_	_	_	linguistic	_	ContainsVariation=No	_	_	_	_	_	_
1197-14	BOI079	1197	14	loro	loro	_	_	_	_	_	linguistic	_	ContainsVariation=No	_	_	_	_	_	_
1197-15	BOI079	1197	15	due	due	_	_	_	_	_	linguistic	_	ContainsVariation=No	PauseAfter=Yes	_	_	_	_	_
1197-16	BOI079	1197	16	(.)	(.)	_	_	_	_	_	shortpause	_	ContainsVariation=No	_	_	_	_	_	_
1197-17	BOI079	1197	17	i	i	_	_	_	_	_	linguistic	_	ContainsVariation=No	_	_	_	_	_	_
1197-18	BOI079	1197	18	ravioli,	ravioli	_	_	_	_	_	linguistic	_	ContainsVariation=No	Intonation=WeaklyRising	_	_	_	_	_
1197-19	BOI079	1197	19	cinesi,	cinesi	_	_	_	_	_	linguistic	_	ContainsVariation=No	Intonation=WeaklyRising	_	_	_	_	_
1197-20	BOI079	1197	20	fatti	fatti	_	_	_	_	_	linguistic	_	ContainsVariation=No	_	_	_	_	_	_
1197-21	BOI079	1197	21	in	in	_	_	_	_	_	linguistic	_	ContainsVariation=No	_	_	_	_	_	_
1197-22	BOI079	1197	22	casa,	casa	_	_	_	_	_	linguistic	_	ContainsVariation=No	Intonation=WeaklyRising	_	_	_	_	_
1197-23	BOI079	1197	23	qui[ndi	quindi	_	_	_	_	_	linguistic	_	ContainsVariation=No	_	_	_	_	_	3-6(420)
1197-24	BOI079	1197	24	non	non	_	_	_	_	_	linguistic	_	ContainsVariation=No	_	_	_	_	_	0-3(420)
1197-25	BOI079	1197	25	mi	mi	_	_	_	_	_	linguistic	_	ContainsVariation=No	_	_	_	_	_	0-2(420)
1197-26	BOI079	1197	26	POSSO	posso	_	_	_	_	_	linguistic	_	ContainsVariation=No	Volume=high	_	_	_	_	0-5(420)
1197-27	BOI079	1197	27	PROPRIO	proprio	_	_	_	_	_	linguistic	_	ContainsVariation=No	Volume=high	_	_	_	_	0-7(420)
1197-28	BOI079	1197	28	LAMENTA]RE	lamentare	_	_	_	_	_	linguistic	_	ContainsVariation=No	Volume=high	End=1886.484	_	_	_	0-7(420)
1198-0	BOR020	1198	0	[wo:::w]	wow	_	_	_	_	_	linguistic	_	ContainsVariation=No	_	Begin=1884.836|End=1886.117	1x3	_	_	0-3(420)
1199-0	BOI078	1199	0	°e	e	_	_	_	_	_	linguistic	_	ContainsVariation=No	Volume=low	Begin=1887.364	_	_	_	_
1199-1	BOI078	1199	1	vabbè	vabbè	_	_	_	_	_	linguistic	_	ContainsVariation=No	Volume=low	_	_	_	_	_
1199-2	BOI078	1199	2	ci	ci	_	_	_	_	_	linguistic	_	ContainsVariation=No	Volume=low	_	_	_	_	_
1199-3	BOI078	1199	3	sta°	sta	_	_	_	_	_	linguistic	_	ContainsVariation=No	Volume=low	End=1888.048	_	_	_	_
1200-0	BOR020	1200	0	x	x	_	_	_	_	_	unknown	_	ContainsVariation=No	PauseAfter=Yes|Syllables=1	Begin=1888.181	_	_	_	_
1200-1	BOR020	1200	1	(.)	(.)	_	_	_	_	_	shortpause	_	ContainsVariation=No	_	_	_	_	_	_
1200-2	BOR020	1200	2	io	io	_	_	_	_	_	linguistic	_	ContainsVariation=No	_	_	_	_	_	_
1200-3	BOR020	1200	3	[ho	ho	_	_	_	_	_	linguistic	_	ContainsVariation=No	_	_	_	_	_	0-2(421)
1200-4	BOR020	1200	4	tip]o	tipo	_	_	_	_	_	linguistic	_	ContainsVariation=No	_	_	_	_	_	0-3(421)
1200-5	BOR020	1200	5	la	la	_	_	_	_	_	linguistic	_	ContainsVariation=No	_	_	_	_	_	_
1200-6	BOR020	1200	6	vaporiera	vaporiera	_	_	_	_	_	linguistic	_	ContainsVariation=No	_	_	_	_	_	_
1200-7	BOR020	1200	7	qui:	qui	_	_	_	_	_	linguistic	_	ContainsVariation=No	_	End=1890.206	2x1	_	_	_
1201-0	BOR022	1201	0	[e:h]	eh	_	_	_	_	_	linguistic	_	ContainsVariation=No	_	Begin=1888.628|End=1888.937	0x1	_	_	0-2(421)
1202-0	BOR020	1202	0	[m:h]	mh	_	_	_	_	_	linguistic	_	ContainsVariation=No	_	Begin=1890.373|End=1890.833	0x1	_	_	0-2(422)
1203-0	BOI078	1203	0	[mai	mai	_	_	_	_	_	linguistic	_	ContainsVariation=No	_	Begin=1890.51	_	_	_	0-3(422)
1203-1	BOI078	1203	1	us]ata	usata	_	_	_	_	_	linguistic	_	ContainsVariation=No	_	End=1891.256	_	_	_	0-2(422)
1204-0	BOR020	1204	0	[una	una	_	_	_	_	_	linguistic	_	ContainsVariation=No	_	Begin=1891.417	_	_	_	0-3(423)
1204-1	BOR020	1204	1	volta]	volta	_	_	_	_	_	linguistic	_	ContainsVariation=No	_	End=1892.225	_	_	_	0-5(423)
1205-0	BOI078	1205	0	[mai	mai	_	_	_	_	_	linguistic	_	ContainsVariation=No	_	Begin=1891.417	_	_	_	0-3(423)
1205-1	BOI078	1205	1	usa~]	usa~	_	_	_	_	_	linguistic	_	ContainsVariation=No	Interrupted=Yes	_	_	_	_	0-4(423)
1205-2	BOI078	1205	2	xx[xx]	xxxx	_	_	_	_	_	unknown	_	ContainsVariation=No	Syllables=4	End=1892.755	_	_	_	2-4(424)
1206-0	BOR020	1206	0	[comprati]	comprati	_	_	_	_	_	linguistic	_	ContainsVariation=No	_	Begin=1892.424	_	_	_	0-8(425)
1206-1	BOR020	1206	1	surgelati	surgelati	_	_	_	_	_	linguistic	_	ContainsVariation=No	_	_	_	_	_	_
1206-2	BOR020	1206	2	i	i	_	_	_	_	_	linguistic	_	ContainsVariation=No	_	_	_	_	_	_
1206-3	BOR020	1206	3	ravioli	ravioli	_	_	_	_	_	linguistic	_	ContainsVariation=No	_	_	_	_	_	_
1206-4	BOR020	1206	4	((ride))	((ride))	_	_	_	_	_	nonverbalbehavior	_	ContainsVariation=No	_	_	_	_	_	_
1206-5	BOR020	1206	5	(cinesi)	cinesi	_	_	_	_	_	linguistic	_	ContainsVariation=No	_	End=1894.616	_	_	0-6(0)	_
1207-0	BOI079	1207	0	((ride))	((ride))	_	_	_	_	_	nonverbalbehavior	_	ContainsVariation=No	_	Begin=1894.175|End=1894.545	_	_	_	_
1208-0	BOI079	1208	0	beh	beh	_	_	_	_	_	linguistic	_	ContainsVariation=No	_	Begin=1895.007	_	_	_	_
1208-1	BOI079	1208	1	son	son	_	_	_	_	_	linguistic	_	ContainsVariation=No	_	_	_	_	_	_
1208-2	BOI079	1208	2	buoni	buoni	_	_	_	_	_	linguistic	_	ContainsVariation=No	_	_	_	_	_	_
1208-3	BOI079	1208	3	però:	però	_	_	_	_	_	linguistic	_	ContainsVariation=No	PauseAfter=Yes	_	3x1	_	_	_
1208-4	BOI079	1208	4	(.)	(.)	_	_	_	_	_	shortpause	_	ContainsVariation=No	_	_	_	_	_	_
1208-5	BOI079	1208	5	[surgelati]	surgelati	_	_	_	_	_	linguistic	_	ContainsVariation=No	_	End=1896.547	_	_	_	0-9(426)
1209-0	BOR020	1209	0	[oh	oh	_	_	_	_	_	linguistic	_	ContainsVariation=No	_	Begin=1895.994	_	_	_	0-2(426)
1209-1	BOR020	1209	1	son	son	_	_	_	_	_	linguistic	_	ContainsVariation=No	_	_	_	_	_	0-3(426)
1209-2	BOR020	1209	2	stra	stra	_	_	_	_	_	linguistic	_	ContainsVariation=No	_	_	_	_	_	0-4(426)
1209-3	BOR020	1209	3	b]uon[i::]	buoni	_	_	_	_	_	linguistic	_	ContainsVariation=No	_	End=1896.969	4x2	_	_	0-1(426),4-5(427)
1210-0	BOI079	1210	0	[un	un	_	_	_	_	_	linguistic	_	ContainsVariation=No	_	Begin=1896.82	_	_	_	0-2(427)
1210-1	BOI079	1210	1	sa]cco	sacco	_	_	_	_	_	linguistic	_	ContainsVariation=No	_	_	_	_	_	0-2(427)
1210-2	BOI079	1210	2	di	di	_	_	_	_	_	linguistic	_	ContainsVariation=No	_	_	_	_	_	_
1210-3	BOI079	1210	3	[rosticcerie	rosticcerie	_	_	_	_	_	linguistic	_	ContainsVariation=No	_	_	_	_	_	0-11(428)
1210-4	BOI079	1210	4	secondo	secondo	_	_	_	_	_	linguistic	_	ContainsVariation=No	_	_	_	_	_	0-7(428)
1210-5	BOI079	1210	5	me]	me	_	_	_	_	_	linguistic	_	ContainsVariation=No	_	_	_	_	_	0-2(428)
1210-6	BOI079	1210	6	usano	usano	_	_	_	_	_	linguistic	_	ContainsVariation=No	_	_	_	_	_	_
1210-7	BOI079	1210	7	quelli	quelli	_	_	_	_	_	linguistic	_	ContainsVariation=No	_	End=1898.864	_	_	_	_
1211-0	BOI078	1211	0	[°(son	son	_	_	_	_	_	linguistic	_	ContainsVariation=No	Volume=low	Begin=1897.356	_	_	0-3(0)	0-3(428)
1211-1	BOI078	1211	1	stra)	stra	_	_	_	_	_	linguistic	_	ContainsVariation=No	Volume=low	_	_	_	0-4(0)	0-4(428)
1211-2	BOI078	1211	2	buoni:°]	buoni	_	_	_	_	_	linguistic	_	ContainsVariation=No	Volume=low	End=1898.124	4x1	_	_	0-5(428)
1212-0	BOI079	1212	0	c(io)è:	cioè	_	_	_	_	_	linguistic	_	ContainsVariation=No	Reduced=Yes	Begin=1899.318|End=1899.597	3x1	_	_	_
1213-0	BOI078	1213	0	vabbè	vabbè	_	_	_	_	_	linguistic	_	ContainsVariation=No	_	Begin=1899.698	_	_	_	_
1213-1	BOI078	1213	1	oh	oh	_	_	_	_	_	linguistic	_	ContainsVariation=No	_	_	_	_	_	_
1213-2	BOI078	1213	2	[x	x	_	_	_	_	_	unknown	_	ContainsVariation=No	Syllables=1	_	_	_	_	0-1(430)
1213-3	BOI078	1213	3	che	che	_	_	_	_	_	linguistic	_	ContainsVariation=No	_	_	_	_	_	0-3(430)
1213-4	BOI078	1213	4	vanno]	vanno	_	_	_	_	_	linguistic	_	ContainsVariation=No	_	_	_	_	_	0-5(430)
1213-5	BOI078	1213	5	xxx	xxx	_	_	_	_	_	unknown	_	ContainsVariation=No	Syllables=3	_	_	_	_	_
1213-6	BOI078	1213	6	°ti	ti	_	_	_	_	_	linguistic	_	ContainsVariation=No	Volume=low	_	_	_	_	_
1213-7	BOI078	1213	7	danno	danno	_	_	_	_	_	linguistic	_	ContainsVariation=No	Volume=low	_	_	_	_	_
1213-8	BOI078	1213	8	[la	la	_	_	_	_	_	linguistic	_	ContainsVariation=No	Volume=low	_	_	_	_	0-2(431)
1213-9	BOI078	1213	9	pasta	pasta	_	_	_	_	_	linguistic	_	ContainsVariation=No	Volume=low	_	_	_	_	0-5(431)
1213-10	BOI078	1213	10	>c]ioè>°	cioè	_	_	_	_	_	linguistic	_	ContainsVariation=No	Volume=low	End=1902.432	_	_	_	0-1(431)
1214-0	BOR020	1214	0	[sì:]	sì	_	_	_	_	_	linguistic	_	ContainsVariation=No	_	Begin=1900.241|End=1900.664	1x1	_	_	0-2(430)
1215-0	BOI079	1215	0	[vabbè:].	vabbè	_	_	_	_	_	linguistic	_	ContainsVariation=No	Intonation=Falling	Begin=1901.535|End=1902.215	4x1	_	_	0-5(431)
1216-0	BOI079	1216	0	però	però	_	_	_	_	_	linguistic	_	ContainsVariation=No	_	Begin=1902.427	_	_	_	_
1216-1	BOI079	1216	1	sai	sai	_	_	_	_	_	linguistic	_	ContainsVariation=No	_	End=1902.969	_	_	_	_
1217-0	BOI078	1217	0	xx[x	xxx	_	_	_	_	_	unknown	_	ContainsVariation=No	Syllables=3	Begin=1903.199	_	_	_	2-3(432)
1217-1	BOI078	1217	1	sve]gliati	svegliati	_	_	_	_	_	linguistic	_	ContainsVariation=No	_	_	_	_	_	0-3(432)
1217-2	BOI078	1217	2	un	un	_	_	_	_	_	linguistic	_	ContainsVariation=No	_	_	_	_	_	_
1217-3	BOI078	1217	3	po'	po'	_	_	_	_	_	linguistic	_	ContainsVariation=No	_	_	_	_	_	_
1217-4	BOI078	1217	4	eh	eh	_	_	_	_	_	linguistic	_	ContainsVariation=No	_	End=1904.816	_	_	_	_
1218-0	BOI079	1218	0	[°>cioè<°]	cioè	_	_	_	_	_	linguistic	_	ContainsVariation=No	Volume=low	Begin=1903.647|End=1903.962	_	Fast=0-4(0)	_	0-4(432)
1219-0	BOI079	1219	0	per	per	_	_	_	_	_	linguistic	_	ContainsVariation=No	_	Begin=1904.816	_	_	_	_
1219-1	BOI079	1219	1	dire	dire	_	_	_	_	_	linguistic	_	ContainsVariation=No	_	_	_	_	_	_
1219-2	BOI079	1219	2	che	che	_	_	_	_	_	linguistic	_	ContainsVariation=No	_	_	_	_	_	_
1219-3	BOI079	1219	3	se	se	_	_	_	_	_	linguistic	_	ContainsVariation=No	_	_	_	_	_	_
1219-4	BOI079	1219	4	son	son	_	_	_	_	_	linguistic	_	ContainsVariation=No	_	_	_	_	_	_
1219-5	BOI079	1219	5	buoni	buoni	_	_	_	_	_	linguistic	_	ContainsVariation=No	_	End=1906.217	_	_	_	_
1220-0	BOR020	1220	0	((ride))	((ride))	_	_	_	_	_	nonverbalbehavior	_	ContainsVariation=No	_	Begin=1905.43|End=1905.738	_	_	_	_
1221-0	BOI078	1221	0	ragaz[zi]	ragazzi	_	_	_	_	_	linguistic	_	ContainsVariation=No	_	Begin=1907.895|End=1908.302	_	_	_	5-7(434)
1222-0	BOR020	1222	0	[va]	va	_	_	_	_	_	linguistic	_	ContainsVariation=No	_	Begin=1908.221	_	_	_	0-2(434)
1222-1	BOR020	1222	1	bene	bene	_	_	_	_	_	linguistic	_	ContainsVariation=No	_	End=1908.669	_	_	_	_
1223-0	BOR022	1223	0	°va	va	_	_	_	_	_	linguistic	_	ContainsVariation=No	Volume=low	Begin=1909.113	_	_	_	_
1223-1	BOR022	1223	1	be[ne°]	bene	_	_	_	_	_	linguistic	_	ContainsVariation=No	Volume=low	End=1909.452	_	_	_	2-4(435)
1224-0	BOI078	1224	0	[io	io	_	_	_	_	_	linguistic	_	ContainsVariation=No	_	Begin=1909.253	_	_	_	0-2(435)
1224-1	BOI078	1224	1	dev]o	devo	_	_	_	_	_	linguistic	_	ContainsVariation=No	_	_	_	_	_	0-3(435)
1224-2	BOI078	1224	2	andare	andare	_	_	_	_	_	linguistic	_	ContainsVariation=No	_	_	_	_	_	_
1224-3	BOI078	1224	3	[mi	mi	_	_	_	_	_	linguistic	_	ContainsVariation=No	_	_	_	_	_	0-2(436)
1224-4	BOI078	1224	4	dispiace]	dispiace	_	_	_	_	_	linguistic	_	ContainsVariation=No	_	End=1910.48	_	_	_	0-8(436)
1225-0	BOR020	1225	0	[grazie	grazie	_	_	_	_	_	linguistic	_	ContainsVariation=No	_	Begin=1909.923	_	_	_	0-6(436)
1225-1	BOR020	1225	1	della	della	_	_	_	_	_	linguistic	_	ContainsVariation=No	_	_	_	_	_	0-5(436)
1225-2	BOR020	1225	2	co]mpagnia	compagnia	_	_	_	_	_	linguistic	_	ContainsVariation=No	_	End=1910.837	_	_	_	0-2(436)
1226-0	BOI079	1226	0	ma	ma	_	_	_	_	_	linguistic	_	ContainsVariation=No	_	Begin=1910.837	_	_	_	_
1226-1	BOI079	1226	1	è	è	_	_	_	_	_	linguistic	_	ContainsVariation=No	_	_	_	_	_	_
1226-2	BOI079	1226	2	stato	stato	_	_	_	_	_	linguistic	_	ContainsVariation=No	_	_	_	_	_	_
1226-3	BOI079	1226	3	sufficiente?	sufficiente	_	_	_	_	_	linguistic	_	ContainsVariation=No	Intonation=Rising	_	_	_	_	_
1226-4	BOI079	1226	4	o::	o	_	_	_	_	_	linguistic	_	ContainsVariation=No	_	End=1912.276	0x2	_	_	_
1227-0	BOI078	1227	0	o	o	_	_	_	_	_	linguistic	_	ContainsVariation=No	_	Begin=1912.335	_	_	_	_
1227-1	BOI078	1227	1	è	è	_	_	_	_	_	linguistic	_	ContainsVariation=No	_	_	_	_	_	_
1227-2	BOI078	1227	2	troppo	troppo	_	_	_	_	_	linguistic	_	ContainsVariation=No	_	_	_	_	_	_
1227-3	BOI078	1227	3	poco?	poco	_	_	_	_	_	linguistic	_	ContainsVariation=No	Intonation=Rising	End=1913.115	_	_	_	_
1228-0	BOR020	1228	0	boh	boh	_	_	_	_	_	linguistic	_	ContainsVariation=No	_	Begin=1913.338|End=1913.497	_	_	_	_
1229-0	BOI078	1229	0	se	se	_	_	_	_	_	linguistic	_	ContainsVariation=No	_	Begin=1914.389	_	_	_	_
1229-1	BOI078	1229	1	vole[te::]	volete	_	_	_	_	_	linguistic	_	ContainsVariation=No	_	End=1915.328	5x2	_	_	4-6(462)
1230-0	BOR020	1230	0	[sì	sì	_	_	_	_	_	linguistic	_	ContainsVariation=No	_	Begin=1914.892	_	_	_	0-2(462)
1230-1	BOR020	1230	1	va	va	_	_	_	_	_	linguistic	_	ContainsVariation=No	_	_	_	_	_	0-2(462)
1230-2	BOR020	1230	2	bene	bene	_	_	_	_	_	linguistic	_	ContainsVariation=No	_	_	_	_	_	0-4(462)
1230-3	BOR020	1230	3	va	va	_	_	_	_	_	linguistic	_	ContainsVariation=No	_	_	_	_	_	0-2(462)
1230-4	BOR020	1230	4	benissimo]	benissimo	_	_	_	_	_	linguistic	_	ContainsVariation=No	_	End=1916.1	_	_	_	0-9(462)
1231-0	BOR022	1231	0	[perfetto	perfetto	_	_	_	_	_	linguistic	_	ContainsVariation=No	PauseAfter=Yes	Begin=1915.009	_	_	_	0-8(462)
1231-1	BOR022	1231	1	(.)	(.)	_	_	_	_	_	shortpause	_	ContainsVariation=No	_	_	_	_	_	X(462)
1231-2	BOR022	1231	2	perfetto]	perfetto	_	_	_	_	_	linguistic	_	ContainsVariation=No	_	End=1915.91	_	_	_	0-8(462)
1232-0	BOI078	1232	0	[perfe]tto.	perfetto	_	_	_	_	_	linguistic	_	ContainsVariation=No	Intonation=Falling	Begin=1915.75	_	_	_	0-5(463)
1232-1	BOI078	1232	1	ma:	ma	_	_	_	_	_	linguistic	_	ContainsVariation=No	_	_	1x1	_	_	_
1232-2	BOI078	1232	2	quanti:	quanti	_	_	_	_	_	linguistic	_	ContainsVariation=No	_	_	5x1	_	_	_
1232-3	BOI078	1232	3	quante	quante	_	_	_	_	_	linguistic	_	ContainsVariation=No	_	_	_	_	_	_
1232-4	BOI078	1232	4	interviste	interviste	_	_	_	_	_	linguistic	_	ContainsVariation=No	_	_	_	_	_	_
1232-5	BOI078	1232	5	avete	avete	_	_	_	_	_	linguistic	_	ContainsVariation=No	_	_	_	_	_	_
1232-6	BOI078	1232	6	fatto	fatto	_	_	_	_	_	linguistic	_	ContainsVariation=No	_	_	_	_	_	_
1232-7	BOI078	1232	7	finora?	finora	_	_	_	_	_	linguistic	_	ContainsVariation=No	Intonation=Rising	End=1918.677	_	_	_	_
1233-0	BOR022	1233	0	e::h	eh	_	_	_	_	_	linguistic	_	ContainsVariation=No	_	Begin=1919.147	0x2	_	_	_
1233-1	BOR022	1233	1	la	la	_	_	_	_	_	linguistic	_	ContainsVariation=No	_	_	_	_	_	_
1233-2	BOR022	1233	2	prima.	prima	_	_	_	_	_	linguistic	_	ContainsVariation=No	Intonation=Falling	End=1919.72	_	_	_	_
1234-0	BOR022	1234	0	per	per	_	_	_	_	_	linguistic	_	ContainsVariation=No	_	Begin=1920.033	_	_	_	_
1234-1	BOR022	1234	1	me	me	_	_	_	_	_	linguistic	_	ContainsVariation=No	_	End=1920.337	_	_	_	_
1235-0	BOR020	1235	0	i[o:]	io	_	_	_	_	_	linguistic	_	ContainsVariation=No	_	Begin=1920.655|End=1920.96	1x1	_	_	1-2(437)
1236-0	BOI078	1236	0	[ah]	ah	_	_	_	_	_	linguistic	_	ContainsVariation=No	_	Begin=1920.755|End=1920.961	_	_	_	0-2(437)
1237-0	BOR020	1237	0	io	io	_	_	_	_	_	linguistic	_	ContainsVariation=No	_	Begin=1921.093	_	_	_	_
1237-1	BOR020	1237	1	un	un	_	_	_	_	_	linguistic	_	ContainsVariation=No	_	_	_	_	_	_
1237-2	BOR020	1237	2	po'	po'	_	_	_	_	_	linguistic	_	ContainsVariation=No	_	End=1921.57	_	_	_	_
