token_id	speaker	tu_id	unit	id	span	form	lemma	upos	xpos	feats	deprel	type	meta_label	variation	jefferson_feats	align	prolongations	pace	guesses	overlaps
0-0	BOI059	0	0	0	>un'	un'	_	_	_	_	_	linguistic	_	none	SpaceAfter=No	Begin=0.007	_	Fast=0-3(0)	_	_
0-1	BOI059	0	0	1	intro	intro	_	_	_	_	_	linguistic	_	none	_	_	_	Fast=0-5(0)	_	_
0-2	BOI059	0	0	2	nome	nome	_	_	_	_	_	linguistic	_	none	_	_	_	Fast=0-4(0)	_	_
0-3	BOI059	0	0	3	cognome	cognome	_	_	_	_	_	linguistic	_	none	_	_	_	Fast=0-7(0)	_	_
0-4	BOI059	0	0	4	qualcosa<?	qualcosa	_	_	_	_	_	linguistic	_	none	Intonation=Rising	End=1.212	_	Fast=0-8(0)	_	_
1-0	BOR017	1	1	0	dove	dove	_	_	_	_	_	linguistic	_	none	_	Begin=2.236	_	_	_	_
1-1	BOR017	1	1	1	sei	sei	_	_	_	_	_	linguistic	_	none	_	_	_	_	_	_
1-2	BOR017	1	1	2	nata?	nata	_	_	_	_	_	linguistic	_	none	Intonation=Rising	End=3.1	_	_	_	_
2-0	BOI059	2	2	0	a	a	_	_	_	_	_	linguistic	_	none	_	Begin=3.885	_	_	_	_
2-1	BOI059	2	2	1	bologna	bologna	_	_	_	_	_	linguistic	_	none	_	End=4.69	_	_	_	_
3-0	BOI059	3	3	0	non	non	_	_	_	_	_	linguistic	_	none	_	Begin=4.898	_	_	_	_
3-1	BOI059	3	3	1	su	su	_	_	_	_	_	linguistic	_	none	_	_	_	_	_	_
3-2	BOI059	3	3	2	in	in	_	_	_	_	_	linguistic	_	none	_	_	_	_	_	_
3-3	BOI059	3	3	3	via	via	_	_	_	_	_	linguistic	_	none	_	_	_	_	_	_
3-4	BOI059	3	3	4	d'	d'	_	_	_	_	_	linguistic	_	none	SpaceAfter=No	_	_	_	_	_
3-5	BOI059	3	3	5	azeglio	azeglio	_	_	_	_	_	linguistic	_	none	_	_	_	_	_	_
3-6	BOI059	3	3	6	ma	ma	_	_	_	_	_	linguistic	_	none	_	_	_	_	_	_
3-7	BOI059	3	3	7	al	al	_	_	_	_	_	linguistic	_	none	_	_	_	_	_	_
3-8	BOI059	3	3	8	maggiore	maggiore	_	_	_	_	_	linguistic	_	none	_	End=7.491	_	_	_	_
4-0	BOR017	4	4	0	e	e	_	_	_	_	_	linguistic	_	none	_	Begin=8.21	_	_	_	_
4-1	BOR017	4	4	1	dove	dove	_	_	_	_	_	linguistic	_	none	_	_	_	_	_	_
4-2	BOR017	4	4	2	abiti	abiti	_	_	_	_	_	linguistic	_	none	_	_	_	_	_	_
4-3	BOR017	4	4	3	adesso?	adesso	_	_	_	_	_	linguistic	_	none	Intonation=Rising	End=9.591	_	_	_	_
5-0	BOI059	5	5	0	a	a	_	_	_	_	_	linguistic	_	none	_	Begin=9.9	_	_	_	_
5-1	BOI059	5	5	1	casalecchio	casalecchio	_	_	_	_	_	linguistic	_	none	_	_	_	_	_	_
5-2	BOI059	5	5	2	di	di	_	_	_	_	_	linguistic	_	none	_	_	_	_	_	_
5-3	BOI059	5	5	3	reno	reno	_	_	_	_	_	linguistic	_	none	_	End=11.267	_	_	_	_
6-0	BOI059	6	6	0	che	che	_	_	_	_	_	linguistic	_	none	_	Begin=11.393	_	_	_	_
6-1	BOI059	6	6	1	è	è	_	_	_	_	_	linguistic	_	none	_	_	_	_	_	_
6-2	BOI059	6	6	2	come	come	_	_	_	_	_	linguistic	_	none	_	_	_	_	_	_
6-3	BOI059	6	6	3	dire	dire	_	_	_	_	_	linguistic	_	none	_	_	_	_	_	_
6-4	BOI059	6	6	4	bologna	bologna	_	_	_	_	_	linguistic	_	none	_	_	_	_	_	_
6-5	BOI059	6	6	5	nel	nel	_	_	_	_	_	linguistic	_	none	_	_	_	_	_	_
6-6	BOI059	6	6	6	senso	senso	_	_	_	_	_	linguistic	_	none	_	_	_	_	_	_
6-7	BOI059	6	6	7	che	che	_	_	_	_	_	linguistic	_	none	_	_	_	_	_	_
6-8	BOI059	6	6	8	facciamo	facciamo	_	_	_	_	_	linguistic	_	none	_	_	_	_	_	_
6-9	BOI059	6	6	9	parte	parte	_	_	_	_	_	linguistic	_	none	_	_	_	_	_	_
6-10	BOI059	6	6	10	della	della	_	_	_	_	_	linguistic	_	none	_	_	_	_	_	_
6-11	BOI059	6	6	11	città	città	_	_	_	_	_	linguistic	_	none	_	_	_	_	_	_
6-12	BOI059	6	6	12	metropolitana	metropolitana	_	_	_	_	_	linguistic	_	none	_	End=15.607	_	_	_	_
7-0	BOI059	7	7	0	un	un	_	_	_	_	_	linguistic	_	none	_	Begin=15.921	_	_	_	_
7-1	BOI059	7	7	1	tempo	tempo	_	_	_	_	_	linguistic	_	none	_	_	_	_	_	_
7-2	BOI059	7	7	2	eravamo	eravamo	_	_	_	_	_	linguistic	_	none	_	_	_	_	_	_
7-3	BOI059	7	7	3	due	due	_	_	_	_	_	linguistic	_	none	_	_	_	_	_	_
7-4	BOI059	7	7	4	comuni	comuni	_	_	_	_	_	linguistic	_	none	_	_	_	_	_	_
7-5	BOI059	7	7	5	separati	separati	_	_	_	_	_	linguistic	_	none	_	_	_	_	_	_
7-6	BOI059	7	7	6	e	e	_	_	_	_	_	linguistic	_	none	_	_	_	_	_	_
7-7	BOI059	7	7	7	adesso	adesso	_	_	_	_	_	linguistic	_	none	_	_	_	_	_	_
7-8	BOI059	7	7	8	solo	solo	_	_	_	_	_	linguistic	_	none	_	_	_	_	_	_
7-9	BOI059	7	7	9	sulla	sulla	_	_	_	_	_	linguistic	_	none	_	_	_	_	_	_
7-10	BOI059	7	7	10	carta	carta	_	_	_	_	_	linguistic	_	none	_	End=19.333	_	_	_	_
8-0	BOI059	8	8	0	>ma	ma	_	_	_	_	_	linguistic	_	none	_	Begin=19.407	_	Fast=0-2(0)	_	_
8-1	BOI059	8	8	1	ci	ci	_	_	_	_	_	linguistic	_	none	_	_	_	Fast=0-2(0)	_	_
8-2	BOI059	8	8	2	piacerebbe	piacerebbe	_	_	_	_	_	linguistic	_	none	_	_	_	Fast=0-10(0)	_	_
8-3	BOI059	8	8	3	rimanerlo<	rimanerlo	_	_	_	_	_	linguistic	_	none	_	_	_	Fast=0-9(0)	_	_
8-4	BOI059	8	8	4	grazie	grazie	_	_	_	_	_	linguistic	_	none	_	End=21.2	_	_	_	_
9-0	BOR017	9	9	0	{ride}	{ride}	_	_	_	_	_	nonverbalbehavior	_	none	_	Begin=21.0|End=21.52	_	_	_	_
10-0	BOI059	10	10	0	{ride}	{ride}	_	_	_	_	_	nonverbalbehavior	_	none	_	Begin=21.672|End=22.027	_	_	_	_
11-0	BOR017	11	11	0	e	e	_	_	_	_	_	linguistic	_	none	_	Begin=22.047	_	_	_	_
11-1	BOR017	11	11	1	il	il	_	_	_	_	_	linguistic	_	none	_	_	_	_	_	_
11-2	BOR017	11	11	2	quartie:re?	quartiere	_	_	_	_	_	linguistic	_	none	Intonation=Rising	End=23.079	6x1	_	_	_
12-0	BOI059	12	12	0	il	il	_	_	_	_	_	linguistic	_	none	_	Begin=23.239	_	_	_	_
12-1	BOI059	12	12	1	quartiere	quartiere	_	_	_	_	_	linguistic	_	none	_	_	_	_	_	_
12-2	BOI059	12	12	2	è	è	_	_	_	_	_	linguistic	_	none	_	End=24.097	_	_	_	_
13-0	BOI059	13	13	0	essendo	essendo	_	_	_	_	_	linguistic	_	none	_	Begin=24.186	_	_	_	_
13-1	BOI059	13	13	1	un	un	_	_	_	_	_	linguistic	_	none	_	_	_	_	_	_
13-2	BOI059	13	13	2	altro	altro	_	_	_	_	_	linguistic	_	none	_	End=25.47	_	_	_	_
14-0	BOI059	14	14	0	comune	comune	_	_	_	_	_	linguistic	_	none	_	Begin=25.614|End=26.197	_	_	_	_
15-0	BOI059	15	15	0	non	non	_	_	_	_	_	linguistic	_	none	_	Begin=26.244	_	_	_	_
15-1	BOI059	15	15	1	è	è	_	_	_	_	_	linguistic	_	none	_	_	_	_	_	_
15-2	BOI059	15	15	2	un	un	_	_	_	_	_	linguistic	_	none	_	_	_	_	_	_
15-3	BOI059	15	15	3	quartiere	quartiere	_	_	_	_	_	linguistic	_	none	_	End=27.257	_	_	_	_
16-0	BOI059	16	16	0	poi	poi	_	_	_	_	_	linguistic	_	none	_	Begin=27.643|End=27.892	_	_	_	_
17-0	BOI059	17	17	0	all'	all'	_	_	_	_	_	linguistic	_	none	SpaceAfter=No	Begin=28.053	_	_	_	_
17-1	BOI059	17	17	1	interno	interno	_	_	_	_	_	linguistic	_	none	_	_	_	_	_	_
17-2	BOI059	17	17	2	di	di	_	_	_	_	_	linguistic	_	none	_	_	_	_	_	_
17-3	BOI059	17	17	3	casalecchio	casalecchio	_	_	_	_	_	linguistic	_	none	_	_	_	_	_	_
17-4	BOI059	17	17	4	sto	sto	_	_	_	_	_	linguistic	_	none	_	_	_	_	_	_
17-5	BOI059	17	17	5	nel	nel	_	_	_	_	_	linguistic	_	none	_	_	_	_	_	_
17-6	BOI059	17	17	6	quartiere	quartiere	_	_	_	_	_	linguistic	_	none	_	_	_	_	_	_
17-7	BOI059	17	17	7	del:	del	_	_	_	_	_	linguistic	_	none	_	_	2x1	_	_	_
17-8	BOI059	17	17	8	vecchio	vecchio	_	_	_	_	_	linguistic	_	none	_	_	_	_	_	_
17-9	BOI059	17	17	9	municipio	municipio	_	_	_	_	_	linguistic	_	none	_	End=31.43	_	_	_	_
18-0	BOI059	18	18	0	parco	parco	_	_	_	_	_	linguistic	_	none	_	Begin=31.906	_	_	_	_
18-1	BOI059	18	18	1	talon	talon	_	_	_	_	_	linguistic	_	none	_	End=32.667	_	_	_	_
19-0	BOR017	19	19	0	hai	hai	_	_	_	_	_	linguistic	_	none	_	Begin=33.013	_	_	_	_
19-1	BOR017	19	19	1	sempre	sempre	_	_	_	_	_	linguistic	_	none	_	_	_	_	_	_
19-2	BOR017	19	19	2	vissuto	vissuto	_	_	_	_	_	linguistic	_	none	_	_	_	_	_	_
19-3	BOR017	19	19	3	quindi	quindi	_	_	_	_	_	linguistic	_	none	_	_	_	_	_	_
19-4	BOR017	19	19	4	a	a	_	_	_	_	_	linguistic	_	none	_	_	_	_	_	_
19-5	BOR017	19	19	5	bologna	bologna	_	_	_	_	_	linguistic	_	none	_	End=34.963	_	_	_	_
20-0	BOI059	20	20	0	n[i]	ni	_	_	_	_	_	linguistic	_	none	_	Begin=34.98|End=35.393	_	_	_	1-2(0)
21-0	BOR017	21	21	0	°[mh]	mh	_	_	_	_	_	linguistic	_	none	Volume=low	Begin=35.22	_	_	_	0-2(0)
21-1	BOR017	21	21	1	n[o]°	no	_	_	_	_	_	linguistic	_	none	Volume=low	End=35.833	_	_	_	1-2(1)
22-0	BOI059	22	22	0	[sì]	sì	_	_	_	_	_	linguistic	_	none	_	Begin=35.706	_	_	_	0-2(1)
22-1	BOI059	22	22	1	allora	allora	_	_	_	_	_	linguistic	_	none	_	_	_	_	_	_
22-2	BOI059	22	22	2	a	a	_	_	_	_	_	linguistic	_	none	_	_	_	_	_	_
22-3	BOI059	22	22	3	bologna	bologna	_	_	_	_	_	linguistic	_	none	_	_	_	_	_	_
22-4	BOI059	22	22	4	sì	sì	_	_	_	_	_	linguistic	_	none	_	End=36.893	_	_	_	_
23-0	BOI059	23	23	0	nel	nel	_	_	_	_	_	linguistic	_	none	_	Begin=37.297	_	_	_	_
23-1	BOI059	23	23	1	senso	senso	_	_	_	_	_	linguistic	_	none	_	_	_	_	_	_
23-2	BOI059	23	23	2	che	che	_	_	_	_	_	linguistic	_	none	_	_	_	_	_	_
23-3	BOI059	23	23	3	io	io	_	_	_	_	_	linguistic	_	none	_	_	_	_	_	_
23-4	BOI059	23	23	4	sono	sono	_	_	_	_	_	linguistic	_	none	_	_	_	_	_	_
23-5	BOI059	23	23	5	na:ta:	nata	_	_	_	_	_	linguistic	_	none	_	_	1x1,3x1	_	_	_
23-6	BOI059	23	23	6	e	e	_	_	_	_	_	linguistic	_	none	_	_	_	_	_	_
23-7	BOI059	23	23	7	sta:vo	stavo	_	_	_	_	_	linguistic	_	none	_	_	2x1	_	_	_
23-8	BOI059	23	23	8	in	in	_	_	_	_	_	linguistic	_	none	_	_	_	_	_	_
23-9	BOI059	23	23	9	corticella	corticella	_	_	_	_	_	linguistic	_	none	_	End=40.518	_	_	_	_
24-0	BOI059	24	24	0	poi	poi	_	_	_	_	_	linguistic	_	none	_	Begin=41.095|End=41.498	_	_	_	_
25-0	BOI059	25	25	0	eh	eh	_	_	_	_	_	linguistic	_	none	_	Begin=41.793	_	_	_	_
25-1	BOI059	25	25	1	mamma	mamma	_	_	_	_	_	linguistic	_	none	_	_	_	_	_	_
25-2	BOI059	25	25	2	e	e	_	_	_	_	_	linguistic	_	none	_	_	_	_	_	_
25-3	BOI059	25	25	3	papà	papà	_	_	_	_	_	linguistic	_	none	_	_	_	_	_	_
25-4	BOI059	25	25	4	si	si	_	_	_	_	_	linguistic	_	none	_	_	_	_	_	_
25-5	BOI059	25	25	5	sono	sono	_	_	_	_	_	linguistic	_	none	_	_	_	_	_	_
25-6	BOI059	25	25	6	separati	separati	_	_	_	_	_	linguistic	_	none	_	_	_	_	_	_
25-7	BOI059	25	25	7	io	io	_	_	_	_	_	linguistic	_	none	_	_	_	_	_	_
25-8	BOI059	25	25	8	con	con	_	_	_	_	_	linguistic	_	none	_	_	_	_	_	_
25-9	BOI059	25	25	9	mamma	mamma	_	_	_	_	_	linguistic	_	none	_	_	_	_	_	_
25-10	BOI059	25	25	10	sono	sono	_	_	_	_	_	linguistic	_	none	_	_	_	_	_	_
25-11	BOI059	25	25	11	tornata	tornata	_	_	_	_	_	linguistic	_	none	_	_	_	_	_	_
25-12	BOI059	25	25	12	a	a	_	_	_	_	_	linguistic	_	none	_	_	_	_	_	_
25-13	BOI059	25	25	13	quella	quella	_	_	_	_	_	linguistic	_	none	_	_	_	_	_	_
25-14	BOI059	25	25	14	che	che	_	_	_	_	_	linguistic	_	none	_	_	_	_	_	_
25-15	BOI059	25	25	15	era	era	_	_	_	_	_	linguistic	_	none	_	_	_	_	_	_
25-16	BOI059	25	25	16	l'	l'	_	_	_	_	_	linguistic	_	none	SpaceAfter=No	_	_	_	_	_
25-17	BOI059	25	25	17	origine	origine	_	_	_	_	_	linguistic	_	none	_	_	_	_	_	_
25-18	BOI059	25	25	18	di	di	_	_	_	_	_	linguistic	_	none	_	_	_	_	_	_
25-19	BOI059	25	25	19	mamma	mamma	_	_	_	_	_	linguistic	_	none	_	End=46.474	_	_	_	_
26-0	BOI059	26	26	0	che	che	_	_	_	_	_	linguistic	_	none	_	Begin=46.849	_	_	_	_
26-1	BOI059	26	26	1	è	è	_	_	_	_	_	linguistic	_	none	_	End=47.409	_	_	_	_
27-0	BOI059	27	27	0	la	la	_	_	_	_	_	linguistic	_	none	_	Begin=47.563	_	_	_	_
27-1	BOI059	27	27	1	zona	zona	_	_	_	_	_	linguistic	_	none	_	_	_	_	_	_
27-2	BOI059	27	27	2	dell'	dell'	_	_	_	_	_	linguistic	_	none	SpaceAfter=No	_	_	_	_	_
27-3	BOI059	27	27	3	aeroporto	aeroporto	_	_	_	_	_	linguistic	_	none	_	End=48.792	_	_	_	_
28-0	BOI059	28	28	0	>più	più	_	_	_	_	_	linguistic	_	none	_	Begin=48.952	_	Fast=0-3(0)	_	_
28-1	BOI059	28	28	1	(precisamente	precisamente	_	_	_	_	_	linguistic	_	none	_	_	_	Fast=0-12(0)	0-12(0)	_
28-2	BOI059	28	28	2	quella)	quella	_	_	_	_	_	linguistic	_	none	_	_	_	Fast=0-6(0)	0-6(0)	_
28-3	BOI059	28	28	3	dell'	dell'	_	_	_	_	_	linguistic	_	none	SpaceAfter=No	_	_	Fast=0-5(0)	_	_
28-4	BOI059	28	28	4	acqua	acqua	_	_	_	_	_	linguistic	_	none	_	_	_	Fast=0-5(0)	_	_
28-5	BOI059	28	28	5	azzurra<	azzurra	_	_	_	_	_	linguistic	_	none	_	End=50.691	_	Fast=0-7(0)	_	_
29-0	BOI059	29	29	0	che	che	_	_	_	_	_	linguistic	_	none	_	Begin=50.93	_	_	_	_
29-1	BOI059	29	29	1	è	è	_	_	_	_	_	linguistic	_	none	_	_	_	_	_	_
29-2	BOI059	29	29	2	la	la	_	_	_	_	_	linguistic	_	none	_	_	_	_	_	_
29-3	BOI059	29	29	3	vecchia	vecchia	_	_	_	_	_	linguistic	_	none	_	_	_	_	_	_
29-4	BOI059	29	29	4	fornace	fornace	_	_	_	_	_	linguistic	_	none	_	_	_	_	_	_
29-5	BOI059	29	29	5	ma	ma	_	_	_	_	_	linguistic	_	none	_	_	_	_	_	_
29-6	BOI059	29	29	6	>per	per	_	_	_	_	_	linguistic	_	none	_	_	_	Fast=0-3(0)	_	_
29-7	BOI059	29	29	7	quell~	quell~	_	_	_	_	_	linguistic	_	none	Interrupted=Yes	_	_	Fast=0-6(0)	_	_
29-8	BOI059	29	29	8	già	già	_	_	_	_	_	linguistic	_	none	_	_	_	Fast=0-3(0)	_	_
29-9	BOI059	29	29	9	quelli	quelli	_	_	_	_	_	linguistic	_	none	_	_	_	Fast=0-6(0)	_	_
29-10	BOI059	29	29	10	della	della	_	_	_	_	_	linguistic	_	none	_	_	_	Fast=0-5(0)	_	_
29-11	BOI059	29	29	11	mia	mia	_	_	_	_	_	linguistic	_	none	_	_	_	Fast=0-3(0)	_	_
29-12	BOI059	29	29	12	generazione	generazione	_	_	_	_	_	linguistic	_	none	_	_	_	Fast=0-11(0)	_	_
29-13	BOI059	29	29	13	era	era	_	_	_	_	_	linguistic	_	none	_	_	_	Fast=0-3(0)	_	_
29-14	BOI059	29	29	14	già<	già	_	_	_	_	_	linguistic	_	none	_	_	_	Fast=0-3(0)	_	_
29-15	BOI059	29	29	15	l'	l'	_	_	_	_	_	linguistic	_	none	SpaceAfter=No	_	_	_	_	_
29-16	BOI059	29	29	16	acqua	acqua	_	_	_	_	_	linguistic	_	none	_	_	_	_	_	_
29-17	BOI059	29	29	17	azzurra	azzurra	_	_	_	_	_	linguistic	_	none	_	End=54.99	_	_	_	_
30-0	BOI059	30	30	0	e	e	_	_	_	_	_	linguistic	_	none	_	Begin=55.305	_	_	_	_
30-1	BOI059	30	30	1	l'	l'	_	_	_	_	_	linguistic	_	none	SpaceAfter=No	_	_	_	_	_
30-2	BOI059	30	30	2	aeroporto	aeroporto	_	_	_	_	_	linguistic	_	none	_	End=56.307	_	_	_	_
31-0	BOI059	31	31	0	poi	poi	_	_	_	_	_	linguistic	_	none	_	Begin=56.92	_	_	_	_
31-1	BOI059	31	31	1	ci	ci	_	_	_	_	_	linguistic	_	none	_	_	_	_	_	_
31-2	BOI059	31	31	2	siamo	siamo	_	_	_	_	_	linguistic	_	none	_	_	_	_	_	_
31-3	BOI059	31	31	3	trasferiti	trasferiti	_	_	_	_	_	linguistic	_	none	_	_	_	_	_	_
31-4	BOI059	31	31	4	per	per	_	_	_	_	_	linguistic	_	none	_	_	_	_	_	_
31-5	BOI059	31	31	5	(ehm)	ehm	_	_	_	_	_	linguistic	_	none	_	_	_	_	0-3(0)	_
31-6	BOI059	31	31	6	un	un	_	_	_	_	_	linguistic	_	none	_	_	_	_	_	_
31-7	BOI059	31	31	7	ritorno	ritorno	_	_	_	_	_	linguistic	_	none	_	_	_	_	_	_
31-8	BOI059	31	31	8	di	di	_	_	_	_	_	linguistic	_	none	_	_	_	_	_	_
31-9	BOI059	31	31	9	mamma	mamma	_	_	_	_	_	linguistic	_	none	_	_	_	_	_	_
31-10	BOI059	31	31	10	alle	alle	_	_	_	_	_	linguistic	_	none	_	_	_	_	_	_
31-11	BOI059	31	31	11	origini	origini	_	_	_	_	_	linguistic	_	none	_	End=60.186	_	_	_	_
32-0	BOI059	32	32	0	già	già	_	_	_	_	_	linguistic	_	none	_	Begin=60.315	_	_	_	_
32-1	BOI059	32	32	1	con	con	_	_	_	_	_	linguistic	_	none	_	_	_	_	_	_
32-2	BOI059	32	32	2	un	un	_	_	_	_	_	linguistic	_	none	_	_	_	_	_	_
32-3	BOI059	32	32	3	pa~	pa~	_	_	_	_	_	linguistic	_	none	Interrupted=Yes	_	_	_	_	_
32-4	BOI059	32	32	4	un	un	_	_	_	_	_	linguistic	_	none	_	_	_	_	_	_
32-5	BOI059	32	32	5	nuovo	nuovo	_	_	_	_	_	linguistic	_	none	_	_	_	_	_	_
32-6	BOI059	32	32	6	patrigno	patrigno	_	_	_	_	_	linguistic	_	none	_	_	_	_	_	_
32-7	BOI059	32	32	7	e	e	_	_	_	_	_	linguistic	_	none	_	_	_	_	_	_
32-8	BOI059	32	32	8	tutto	tutto	_	_	_	_	_	linguistic	_	none	_	End=62.476	_	_	_	_
33-0	BOI059	33	33	0	a	a	_	_	_	_	_	linguistic	_	none	_	Begin=62.852	_	_	_	_
33-1	BOI059	33	33	1	calderara	calderara	_	_	_	_	_	linguistic	_	none	_	_	_	_	_	_
33-2	BOI059	33	33	2	di	di	_	_	_	_	_	linguistic	_	none	_	_	_	_	_	_
33-3	BOI059	33	33	3	reno	reno	_	_	_	_	_	linguistic	_	none	_	_	_	_	_	_
33-4	BOI059	33	33	4	che	che	_	_	_	_	_	linguistic	_	none	_	_	_	_	_	_
33-5	BOI059	33	33	5	è	è	_	_	_	_	_	linguistic	_	none	_	End=64.55	_	_	_	_
34-0	BOI059	34	34	0	un	un	_	_	_	_	_	linguistic	_	none	_	Begin=64.938	_	_	_	_
34-1	BOI059	34	34	1	filo	filo	_	_	_	_	_	linguistic	_	none	_	_	_	_	_	_
34-2	BOI059	34	34	2	meno	meno	_	_	_	_	_	linguistic	_	none	_	_	_	_	_	_
34-3	BOI059	34	34	3	bologna	bologna	_	_	_	_	_	linguistic	_	none	_	_	_	_	_	_
34-4	BOI059	34	34	4	ma	ma	_	_	_	_	_	linguistic	_	none	_	_	_	_	_	_
34-5	BOI059	34	34	5	ci	ci	_	_	_	_	_	linguistic	_	none	_	_	_	_	_	_
34-6	BOI059	34	34	6	sentiamo	sentiamo	_	_	_	_	_	linguistic	_	none	_	_	_	_	_	_
34-7	BOI059	34	34	7	comunque	comunque	_	_	_	_	_	linguistic	_	none	_	_	_	_	_	_
34-8	BOI059	34	34	8	ancora	ancora	_	_	_	_	_	linguistic	_	none	_	_	_	_	_	_
34-9	BOI059	34	34	9	[bolognesi]	bolognesi	_	_	_	_	_	linguistic	_	none	_	End=67.779	_	_	_	0-9(2)
35-0	BOR017	35	35	0	[°bolognesi°]	bolognesi	_	_	_	_	_	linguistic	_	none	Volume=low	Begin=67.151|End=67.779	_	_	_	0-9(2)
36-0	BOI059	36	36	0	e	e	_	_	_	_	_	linguistic	_	none	_	Begin=68.046	_	_	_	_
36-1	BOI059	36	36	1	poi	poi	_	_	_	_	_	linguistic	_	none	_	_	_	_	_	_
36-2	BOI059	36	36	2	la	la	_	_	_	_	_	linguistic	_	none	_	_	_	_	_	_
36-3	BOI059	36	36	3	mia	mia	_	_	_	_	_	linguistic	_	none	_	_	_	_	_	_
36-4	BOI059	36	36	4	vita	vita	_	_	_	_	_	linguistic	_	none	_	_	_	_	_	_
36-5	BOI059	36	36	5	è	è	_	_	_	_	_	linguistic	_	none	_	_	_	_	_	_
36-6	BOI059	36	36	6	proseguita	proseguita	_	_	_	_	_	linguistic	_	none	_	End=69.571	_	_	_	_
37-0	BOI059	37	37	0	e	e	_	_	_	_	_	linguistic	_	none	_	Begin=69.846	_	_	_	_
37-1	BOI059	37	37	1	ora	ora	_	_	_	_	_	linguistic	_	none	_	_	_	_	_	_
37-2	BOI059	37	37	2	sto	sto	_	_	_	_	_	linguistic	_	none	_	_	_	_	_	_
37-3	BOI059	37	37	3	a	a	_	_	_	_	_	linguistic	_	none	_	_	_	_	_	_
37-4	BOI059	37	37	4	casalecchio	casalecchio	_	_	_	_	_	linguistic	_	none	_	_	_	_	_	_
37-5	BOI059	37	37	5	appunto	appunto	_	_	_	_	_	linguistic	_	none	_	End=71.623	_	_	_	_
38-0	BOR017	38	38	0	e:h	eh	_	_	_	_	_	linguistic	_	none	_	Begin=72.658	0x1	_	_	_
38-1	BOR017	38	38	1	da	da	_	_	_	_	_	linguistic	_	none	_	_	_	_	_	_
38-2	BOR017	38	38	2	quanto	quanto	_	_	_	_	_	linguistic	_	none	_	_	_	_	_	_
38-3	BOR017	38	38	3	vivi:	vivi	_	_	_	_	_	linguistic	_	none	_	End=74.156	3x1	_	_	_
39-0	BOI059	39	39	0	a	a	_	_	_	_	_	linguistic	_	none	_	Begin=74.162	_	_	_	_
39-1	BOI059	39	39	1	<casa[lecchio]>	casalecchio	_	_	_	_	_	linguistic	_	none	_	End=75.572	_	Slow=0-11(0)	_	4-11(3)
40-0	BOR017	40	40	0	[a	a	_	_	_	_	_	linguistic	_	none	_	Begin=74.822	_	_	_	0-1(3)
40-1	BOR017	40	40	1	casalecchio]	casalecchio	_	_	_	_	_	linguistic	_	none	_	_	_	_	_	0-11(3)
40-2	BOR017	40	40	2	quind[i]?	quindi	_	_	_	_	_	linguistic	_	none	Intonation=Rising	End=75.906	_	_	_	5-6(4)
41-0	BOI059	41	41	0	[s]o:no:	sono	_	_	_	_	_	linguistic	_	none	_	Begin=75.811|End=77.388	1x1,3x1	_	_	0-1(4)
42-0	BOI059	42	42	0	otto	otto	_	_	_	_	_	linguistic	_	none	_	Begin=78.127	_	_	_	_
42-1	BOI059	42	42	1	anni	anni	_	_	_	_	_	linguistic	_	none	_	End=78.873	_	_	_	_
43-0	BOR017	43	43	0	°otto	otto	_	_	_	_	_	linguistic	_	none	Volume=low	Begin=78.913	_	_	_	_
43-1	BOR017	43	43	1	[anni]°	anni	_	_	_	_	_	linguistic	_	none	Volume=low	End=79.48	_	_	_	0-4(5)
44-0	BOI059	44	44	0	[pra]ticamente	praticamente	_	_	_	_	_	linguistic	_	none	_	Begin=79.243	_	_	_	0-3(5)
44-1	BOI059	44	44	1	{ride}	{ride}	_	_	_	_	_	nonverbalbehavior	_	none	_	End=80.315	_	_	_	_
45-0	BOI059	45	45	0	{ride}	{ride}	_	_	_	_	_	nonverbalbehavior	_	none	_	Begin=80.836|End=81.209	_	_	_	_
46-0	BOR017	46	46	0	[come	come	_	_	_	_	_	linguistic	_	none	_	Begin=81.294	_	_	_	0-4(6)
46-1	BOR017	46	46	1	ti	ti	_	_	_	_	_	linguistic	_	none	_	_	_	_	_	0-2(6)
46-2	BOR017	46	46	2	trovi]?	trovi	_	_	_	_	_	linguistic	_	none	Intonation=Rising	End=82.102	_	_	_	0-5(6)
47-0	BOI059	47	47	0	[otto	otto	_	_	_	_	_	linguistic	_	none	_	Begin=81.297	_	_	_	0-4(6)
47-1	BOI059	47	47	1	di	di	_	_	_	_	_	linguistic	_	none	_	_	_	_	_	0-2(6)
47-2	BOI059	47	47	2	trenta~]	trenta~	_	_	_	_	_	linguistic	_	none	Interrupted=Yes	_	_	_	_	0-7(6)
47-3	BOI059	47	47	3	o~	o~	_	_	_	_	_	linguistic	_	none	Interrupted=Yes	_	_	_	_	_
47-4	BOI059	47	47	4	[otto	otto	_	_	_	_	_	linguistic	_	none	_	_	_	_	_	0-4(7)
47-5	BOI059	47	47	5	di]	di	_	_	_	_	_	linguistic	_	none	_	_	_	_	_	0-2(7)
47-6	BOI059	47	47	6	trentasette	trentasette	_	_	_	_	_	linguistic	_	none	_	_	_	_	_	_
47-7	BOI059	47	47	7	sono	sono	_	_	_	_	_	linguistic	_	none	_	_	_	_	_	_
47-8	BOI059	47	47	8	vecchia	vecchia	_	_	_	_	_	linguistic	_	none	_	End=84.065	_	_	_	_
48-0	BOR017	48	48	0	[come]	come	_	_	_	_	_	linguistic	_	none	_	Begin=82.286|End=82.639	_	_	_	0-4(7)
49-0	BOR017	49	49	0	xxxx	xxxx	_	_	_	_	_	unknown	_	none	Syllables=4	Begin=84.086|End=85.237	_	_	_	_
50-0	BOI059	50	50	0	{ride}	{ride}	_	_	_	_	_	nonverbalbehavior	_	none	_	Begin=84.329|End=85.757	_	_	_	_
51-0	BOR017	51	51	0	come	come	_	_	_	_	_	linguistic	_	none	_	Begin=85.865	_	_	_	_
51-1	BOR017	51	51	1	ti	ti	_	_	_	_	_	linguistic	_	none	_	_	_	_	_	_
51-2	BOR017	51	51	2	trovi	trovi	_	_	_	_	_	linguistic	_	none	_	_	_	_	_	_
51-3	BOR017	51	51	3	in	in	_	_	_	_	_	linguistic	_	none	_	_	_	_	_	_
51-4	BOR017	51	51	4	questa	questa	_	_	_	_	_	linguistic	_	none	_	_	_	_	_	_
51-5	BOR017	51	51	5	città	città	_	_	_	_	_	linguistic	_	none	_	_	_	_	_	_
51-6	BOR017	51	51	6	quindi?	quindi	_	_	_	_	_	linguistic	_	none	Intonation=Rising	End=87.776	_	_	_	_
52-0	BOI059	52	52	0	bene	bene	_	_	_	_	_	linguistic	_	none	_	Begin=87.865|End=88.24	_	_	_	_
53-0	BOI059	53	53	0	mi	mi	_	_	_	_	_	linguistic	_	none	_	Begin=88.348	_	_	_	_
53-1	BOI059	53	53	1	trovo	trovo	_	_	_	_	_	linguistic	_	none	_	_	_	_	_	_
53-2	BOI059	53	53	2	bene	bene	_	_	_	_	_	linguistic	_	none	_	_	_	_	_	_
53-3	BOI059	53	53	3	sia	sia	_	_	_	_	_	linguistic	_	none	_	_	_	_	_	_
53-4	BOI059	53	53	4	a	a	_	_	_	_	_	linguistic	_	none	_	_	_	_	_	_
53-5	BOI059	53	53	5	casalecchio	casalecchio	_	_	_	_	_	linguistic	_	none	_	_	_	_	_	_
53-6	BOI059	53	53	6	che	che	_	_	_	_	_	linguistic	_	none	_	_	_	_	_	_
53-7	BOI059	53	53	7	a	a	_	_	_	_	_	linguistic	_	none	_	_	_	_	_	_
53-8	BOI059	53	53	8	casalecchio	casalecchio	_	_	_	_	_	linguistic	_	none	_	_	_	_	_	_
53-9	BOI059	53	53	9	in	in	_	_	_	_	_	linguistic	_	none	_	_	_	_	_	_
53-10	BOI059	53	53	10	quanto	quanto	_	_	_	_	_	linguistic	_	none	_	_	_	_	_	_
53-11	BOI059	53	53	11	è	è	_	_	_	_	_	linguistic	_	none	_	_	_	_	_	_
53-12	BOI059	53	53	12	facente	facente	_	_	_	_	_	linguistic	_	none	_	_	_	_	_	_
53-13	BOI059	53	53	13	parte	parte	_	_	_	_	_	linguistic	_	none	_	_	_	_	_	_
53-14	BOI059	53	53	14	di	di	_	_	_	_	_	linguistic	_	none	_	_	_	_	_	_
53-15	BOI059	53	53	15	bologna	bologna	_	_	_	_	_	linguistic	_	none	_	End=92.927	_	_	_	_
54-0	BOI059	54	54	0	perché	perché	_	_	_	_	_	linguistic	_	none	_	Begin=93.501	_	_	_	_
54-1	BOI059	54	54	1	casalecchio	casalecchio	_	_	_	_	_	linguistic	_	none	_	_	_	_	_	_
54-2	BOI059	54	54	2	da	da	_	_	_	_	_	linguistic	_	none	_	_	_	_	_	_
54-3	BOI059	54	54	3	solo	solo	_	_	_	_	_	linguistic	_	none	_	_	_	_	_	_
54-4	BOI059	54	54	4	non	non	_	_	_	_	_	linguistic	_	none	_	_	_	_	_	_
54-5	BOI059	54	54	5	avrebbe	avrebbe	_	_	_	_	_	linguistic	_	none	_	End=95.458	_	_	_	_
55-0	BOI059	55	55	0	tutte	tutte	_	_	_	_	_	linguistic	_	none	_	Begin=95.784	_	_	_	_
55-1	BOI059	55	55	1	le:	le	_	_	_	_	_	linguistic	_	none	_	_	1x1	_	_	_
55-2	BOI059	55	55	2	m:h	mh	_	_	_	_	_	linguistic	_	none	_	End=97.202	0x1	_	_	_
56-0	BOI059	56	56	0	tutto	tutto	_	_	_	_	_	linguistic	_	none	_	Begin=97.501	_	_	_	_
56-1	BOI059	56	56	1	quello	quello	_	_	_	_	_	linguistic	_	none	_	_	_	_	_	_
56-2	BOI059	56	56	2	che	che	_	_	_	_	_	linguistic	_	none	_	_	_	_	_	_
56-3	BOI059	56	56	3	trovo	trovo	_	_	_	_	_	linguistic	_	none	_	_	_	_	_	_
56-4	BOI059	56	56	4	a	a	_	_	_	_	_	linguistic	_	none	_	_	_	_	_	_
56-5	BOI059	56	56	5	bologna	bologna	_	_	_	_	_	linguistic	_	none	_	End=98.922	_	_	_	_
57-0	BOI059	57	57	0	alcuni	alcuni	_	_	_	_	_	linguistic	_	none	_	Begin=99.138	_	_	_	_
57-1	BOI059	57	57	1	negozi	negozi	_	_	_	_	_	linguistic	_	none	_	_	_	_	_	_
57-2	BOI059	57	57	2	>alcune	alcune	_	_	_	_	_	linguistic	_	none	_	_	_	Fast=0-6(0)	_	_
57-3	BOI059	57	57	3	cose	cose	_	_	_	_	_	linguistic	_	none	_	_	_	Fast=0-4(0)	_	_
57-4	BOI059	57	57	4	(no)<	no	_	_	_	_	_	linguistic	_	none	_	End=100.685	_	Fast=0-2(0)	0-2(0)	_
58-0	BOI059	58	58	0	poi	poi	_	_	_	_	_	linguistic	_	none	_	Begin=100.709	_	_	_	_
58-1	BOI059	58	58	1	siamo	siamo	_	_	_	_	_	linguistic	_	none	_	_	_	_	_	_
58-2	BOI059	58	58	2	fortunati	fortunati	_	_	_	_	_	linguistic	_	none	_	_	_	_	_	_
58-3	BOI059	58	58	3	abbiamo:	abbiamo	_	_	_	_	_	linguistic	_	none	_	End=102.151	6x1	_	_	_
59-0	BOI059	59	59	0	supermercati	supermercati	_	_	_	_	_	linguistic	_	none	_	Begin=102.472	_	_	_	_
59-1	BOI059	59	59	1	cinema:	cinema	_	_	_	_	_	linguistic	_	none	_	_	5x1	_	_	_
59-2	BOI059	59	59	2	ogni	ogni	_	_	_	_	_	linguistic	_	none	_	_	_	_	_	_
59-3	BOI059	59	59	3	genere	genere	_	_	_	_	_	linguistic	_	none	_	_	_	_	_	_
59-4	BOI059	59	59	4	di	di	_	_	_	_	_	linguistic	_	none	_	_	_	_	_	_
59-5	BOI059	59	59	5	cose	cose	_	_	_	_	_	linguistic	_	none	_	End=105.496	_	_	_	_
60-0	BOI059	60	60	0	però	però	_	_	_	_	_	linguistic	_	none	_	Begin=105.911	_	_	_	_
60-1	BOI059	60	60	1	a	a	_	_	_	_	_	linguistic	_	none	_	_	_	_	_	_
60-2	BOI059	60	60	2	volte	volte	_	_	_	_	_	linguistic	_	none	_	_	_	_	_	_
60-3	BOI059	60	60	3	devi	devi	_	_	_	_	_	linguistic	_	none	_	_	_	_	_	_
60-4	BOI059	60	60	4	prendere	prendere	_	_	_	_	_	linguistic	_	none	_	_	_	_	_	_
60-5	BOI059	60	60	5	la	la	_	_	_	_	_	linguistic	_	none	_	_	_	_	_	_
60-6	BOI059	60	60	6	macchina	macchina	_	_	_	_	_	linguistic	_	none	_	_	_	_	_	_
60-7	BOI059	60	60	7	e	e	_	_	_	_	_	linguistic	_	none	_	_	_	_	_	_
60-8	BOI059	60	60	8	andar	andar	_	_	_	_	_	linguistic	_	none	_	_	_	_	_	_
60-9	BOI059	60	60	9	su	su	_	_	_	_	_	linguistic	_	none	_	_	_	_	_	_
60-10	BOI059	60	60	10	fino	fino	_	_	_	_	_	linguistic	_	none	_	_	_	_	_	_
60-11	BOI059	60	60	11	a	a	_	_	_	_	_	linguistic	_	none	_	_	_	_	_	_
60-12	BOI059	60	60	12	[bologna]	bologna	_	_	_	_	_	linguistic	_	none	_	End=108.328	_	_	_	0-7(8)
61-0	BOR017	61	61	0	[beh	beh	_	_	_	_	_	linguistic	_	none	_	Begin=107.901	_	_	_	0-3(8)
61-1	BOR017	61	61	1	comunque]	comunque	_	_	_	_	_	linguistic	_	none	_	_	_	_	_	0-8(8)
61-2	BOR017	61	61	2	con	con	_	_	_	_	_	linguistic	_	none	_	_	_	_	_	_
61-3	BOR017	61	61	3	i	i	_	_	_	_	_	linguistic	_	none	_	_	_	_	_	_
61-4	BOR017	61	61	4	mezzi	mezzi	_	_	_	_	_	linguistic	_	none	_	_	_	_	_	_
61-5	BOR017	61	61	5	è	è	_	_	_	_	_	linguistic	_	none	_	_	_	_	_	_
61-6	BOR017	61	61	6	°[fattibile]°	fattibile	_	_	_	_	_	linguistic	_	none	Volume=low	End=109.803	_	_	_	0-9(9)
62-0	BOI059	62	62	0	e[satto	esatto	_	_	_	_	_	linguistic	_	none	_	Begin=109.057	_	_	_	1-6(9)
62-1	BOI059	62	62	1	o	o	_	_	_	_	_	linguistic	_	none	_	_	_	_	_	0-1(9)
62-2	BOI059	62	62	2	anche	anche	_	_	_	_	_	linguistic	_	none	_	_	_	_	_	0-5(9)
62-3	BOI059	62	62	3	so]lamente	solamente	_	_	_	_	_	linguistic	_	none	_	_	_	_	_	0-2(9)
62-4	BOI059	62	62	4	per	per	_	_	_	_	_	linguistic	_	none	_	_	_	_	_	_
62-5	BOI059	62	62	5	andare	andare	_	_	_	_	_	linguistic	_	none	_	_	_	_	_	_
62-6	BOI059	62	62	6	a	a	_	_	_	_	_	linguistic	_	none	_	_	_	_	_	_
62-7	BOI059	62	62	7	una	una	_	_	_	_	_	linguistic	_	none	_	_	_	_	_	_
62-8	BOI059	62	62	8	sera:	sera	_	_	_	_	_	linguistic	_	none	_	_	3x1	_	_	_
62-9	BOI059	62	62	9	al	al	_	_	_	_	_	linguistic	_	none	_	_	_	_	_	_
62-10	BOI059	62	62	10	pub	pub	_	_	_	_	_	linguistic	_	none	_	End=111.731	_	_	_	_
63-0	BOR017	63	63	0	hai	hai	_	_	_	_	_	linguistic	_	none	_	Begin=113.399	_	_	_	_
63-1	BOR017	63	63	1	detto	detto	_	_	_	_	_	linguistic	_	none	_	_	_	_	_	_
63-2	BOR017	63	63	2	di	di	_	_	_	_	_	linguistic	_	none	_	_	_	_	_	_
63-3	BOR017	63	63	3	avere	avere	_	_	_	_	_	linguistic	_	none	_	_	_	_	_	_
63-4	BOR017	63	63	4	trentasette	trentasette	_	_	_	_	_	linguistic	_	none	_	_	_	_	_	_
63-5	BOR017	63	63	5	anni	anni	_	_	_	_	_	linguistic	_	none	_	End=115.637	_	_	_	_
64-0	BOR017	64	64	0	pensi	pensi	_	_	_	_	_	linguistic	_	none	_	Begin=115.72	_	_	_	_
64-1	BOR017	64	64	1	che	che	_	_	_	_	_	linguistic	_	none	_	_	_	_	_	_
64-2	BOR017	64	64	2	durante	durante	_	_	_	_	_	linguistic	_	none	_	_	_	_	_	_
64-3	BOR017	64	64	3	la	la	_	_	_	_	_	linguistic	_	none	_	_	_	_	_	_
64-4	BOR017	64	64	4	tua	tua	_	_	_	_	_	linguistic	_	none	_	_	_	_	_	_
64-5	BOR017	64	64	5	vita	vita	_	_	_	_	_	linguistic	_	none	_	_	_	_	_	_
64-6	BOR017	64	64	6	a	a	_	_	_	_	_	linguistic	_	none	_	_	_	_	_	_
64-7	BOR017	64	64	7	bologna	bologna	_	_	_	_	_	linguistic	_	none	_	_	_	_	_	_
64-8	BOR017	64	64	8	in	in	_	_	_	_	_	linguistic	_	none	_	_	_	_	_	_
64-9	BOR017	64	64	9	generale	generale	_	_	_	_	_	linguistic	_	none	_	_	_	_	_	_
64-10	BOR017	64	64	10	sia	sia	_	_	_	_	_	linguistic	_	none	_	_	_	_	_	_
64-11	BOR017	64	64	11	cambiata	cambiata	_	_	_	_	_	linguistic	_	none	_	_	_	_	_	_
64-12	BOR017	64	64	12	in	in	_	_	_	_	_	linguistic	_	none	_	_	_	_	_	_
64-13	BOR017	64	64	13	quanto	quanto	_	_	_	_	_	linguistic	_	none	_	_	_	_	_	_
64-14	BOR017	64	64	14	città?	città	_	_	_	_	_	linguistic	_	none	Intonation=Rising	End=120.771	_	_	_	_
65-0	BOI059	65	65	0	ni	ni	_	_	_	_	_	linguistic	_	none	_	Begin=121.811|End=122.167	_	_	_	_
66-0	BOI059	66	66	0	allora	allora	_	_	_	_	_	linguistic	_	none	_	Begin=122.461	_	_	_	_
66-1	BOI059	66	66	1	nell'	nell'	_	_	_	_	_	linguistic	_	none	SpaceAfter=No	_	_	_	_	_
66-2	BOI059	66	66	2	arco	arco	_	_	_	_	_	linguistic	_	none	_	_	_	_	_	_
66-3	BOI059	66	66	3	della	della	_	_	_	_	_	linguistic	_	none	_	_	_	_	_	_
66-4	BOI059	66	66	4	mia	mia	_	_	_	_	_	linguistic	_	none	_	_	_	_	_	_
66-5	BOI059	66	66	5	vita	vita	_	_	_	_	_	linguistic	_	none	_	_	_	_	_	_
66-6	BOI059	66	66	6	io	io	_	_	_	_	_	linguistic	_	none	_	_	_	_	_	_
66-7	BOI059	66	66	7	sono	sono	_	_	_	_	_	linguistic	_	none	_	_	_	_	_	_
66-8	BOI059	66	66	8	una	una	_	_	_	_	_	linguistic	_	none	_	_	_	_	_	_
66-9	BOI059	66	66	9	di	di	_	_	_	_	_	linguistic	_	none	_	_	_	_	_	_
66-10	BOI059	66	66	10	quelle	quelle	_	_	_	_	_	linguistic	_	none	_	_	_	_	_	_
66-11	BOI059	66	66	11	che	che	_	_	_	_	_	linguistic	_	none	_	_	_	_	_	_
66-12	BOI059	66	66	12	ha	ha	_	_	_	_	_	linguistic	_	none	_	_	_	_	_	_
66-13	BOI059	66	66	13	visto	visto	_	_	_	_	_	linguistic	_	none	_	_	_	_	_	_
66-14	BOI059	66	66	14	bologna	bologna	_	_	_	_	_	linguistic	_	none	_	_	_	_	_	_
66-15	BOI059	66	66	15	diventare	diventare	_	_	_	_	_	linguistic	_	none	_	_	_	_	_	_
66-16	BOI059	66	66	16	da	da	_	_	_	_	_	linguistic	_	none	_	_	_	_	_	_
66-17	BOI059	66	66	17	città	città	_	_	_	_	_	linguistic	_	none	_	End=128.323	_	_	_	_
67-0	BOI059	67	67	0	al	al	_	_	_	_	_	linguistic	_	none	_	Begin=128.514	_	_	_	_
67-1	BOI059	67	67	1	massimo	massimo	_	_	_	_	_	linguistic	_	none	_	_	_	_	_	_
67-2	BOI059	67	67	2	per	per	_	_	_	_	_	linguistic	_	none	_	_	_	_	_	_
67-3	BOI059	67	67	3	stude:nti	studenti	_	_	_	_	_	linguistic	_	none	_	End=129.985	4x1	_	_	_
68-0	BOI059	68	68	0	a	a	_	_	_	_	_	linguistic	_	none	_	Begin=130.425	_	_	_	_
68-1	BOI059	68	68	1	città	città	_	_	_	_	_	linguistic	_	none	_	End=131.572	_	_	_	_
69-0	BOI059	69	69	0	per	per	_	_	_	_	_	linguistic	_	none	PauseAfter=Yes	Begin=131.954	_	_	_	_
69-1	BOI059	69	69	1	{P}	{P}	_	_	_	_	_	shortpause	_	none	_	_	_	_	_	_
69-2	BOI059	69	69	2	anche	anche	_	_	_	_	_	linguistic	_	none	_	_	_	_	_	_
69-3	BOI059	69	69	3	turisti	turisti	_	_	_	_	_	linguistic	_	none	_	End=133.701	_	_	_	_
70-0	BOI059	70	70	0	quindi	quindi	_	_	_	_	_	linguistic	_	none	_	Begin=134.094	_	_	_	_
70-1	BOI059	70	70	1	l'	l'	_	_	_	_	_	linguistic	_	none	SpaceAfter=No	_	_	_	_	_
70-2	BOI059	70	70	2	ho	ho	_	_	_	_	_	linguistic	_	none	_	_	_	_	_	_
70-3	BOI059	70	70	3	vista	vista	_	_	_	_	_	linguistic	_	none	_	_	_	_	_	_
70-4	BOI059	70	70	4	cambiare	cambiare	_	_	_	_	_	linguistic	_	none	_	_	_	_	_	_
70-5	BOI059	70	70	5	nel	nel	_	_	_	_	_	linguistic	_	none	_	_	_	_	_	_
70-6	BOI059	70	70	6	senso	senso	_	_	_	_	_	linguistic	_	none	_	_	_	_	_	_
70-7	BOI059	70	70	7	che	che	_	_	_	_	_	linguistic	_	none	_	_	_	_	_	_
70-8	BOI059	70	70	8	ho	ho	_	_	_	_	_	linguistic	_	none	_	_	_	_	_	_
70-9	BOI059	70	70	9	visto:	visto	_	_	_	_	_	linguistic	_	none	_	End=136.566	4x1	_	_	_
71-0	BOI059	71	71	0	molti	molti	_	_	_	_	_	linguistic	_	none	_	Begin=136.851	_	_	_	_
71-1	BOI059	71	71	1	più	più	_	_	_	_	_	linguistic	_	none	_	_	_	_	_	_
71-2	BOI059	71	71	2	supermercati	supermercati	_	_	_	_	_	linguistic	_	none	_	_	_	_	_	_
71-3	BOI059	71	71	3	aprirsi:	aprirsi	_	_	_	_	_	linguistic	_	none	_	_	6x1	_	_	_
71-4	BOI059	71	71	4	aumentare	aumentare	_	_	_	_	_	linguistic	_	none	_	_	_	_	_	_
71-5	BOI059	71	71	5	tantissimo:	tantissimo	_	_	_	_	_	linguistic	_	none	_	End=140.741	9x1	_	_	_
72-0	BOI059	72	72	0	e:h	eh	_	_	_	_	_	linguistic	_	none	_	Begin=141.005	0x1	_	_	_
72-1	BOI059	72	72	1	l~	l~	_	_	_	_	_	linguistic	_	none	Interrupted=Yes	_	_	_	_	_
72-2	BOI059	72	72	2	le	le	_	_	_	_	_	linguistic	_	none	_	_	_	_	_	_
72-3	BOI059	72	72	3	vie	vie	_	_	_	_	_	linguistic	_	none	_	_	_	_	_	_
72-4	BOI059	72	72	4	del~	del~	_	_	_	_	_	linguistic	_	none	Interrupted=Yes	_	_	_	_	_
72-5	BOI059	72	72	5	dello	dello	_	_	_	_	_	linguistic	_	none	_	_	_	_	_	_
72-6	BOI059	72	72	6	shopping	shopping	_	_	_	_	_	linguistic	_	none	_	_	_	_	_	_
72-7	BOI059	72	72	7	nel	nel	_	_	_	_	_	linguistic	_	none	_	_	_	_	_	_
72-8	BOI059	72	72	8	senso	senso	_	_	_	_	_	linguistic	_	none	_	_	_	_	_	_
72-9	BOI059	72	72	9	una	una	_	_	_	_	_	linguistic	_	none	_	_	_	_	_	_
72-10	BOI059	72	72	10	volta	volta	_	_	_	_	_	linguistic	_	none	_	_	_	_	_	_
72-11	BOI059	72	72	11	via	via	_	_	_	_	_	linguistic	_	none	_	_	_	_	_	_
72-12	BOI059	72	72	12	indipendenza	indipendenza	_	_	_	_	_	linguistic	_	none	_	_	_	_	_	_
72-13	BOI059	72	72	13	non	non	_	_	_	_	_	linguistic	_	none	_	_	_	_	_	_
72-14	BOI059	72	72	14	era	era	_	_	_	_	_	linguistic	_	none	_	_	_	_	_	_
72-15	BOI059	72	72	15	la	la	_	_	_	_	_	linguistic	_	none	_	_	_	_	_	_
72-16	BOI059	72	72	16	via	via	_	_	_	_	_	linguistic	_	none	_	_	_	_	_	_
72-17	BOI059	72	72	17	dello	dello	_	_	_	_	_	linguistic	_	none	_	_	_	_	_	_
72-18	BOI059	72	72	18	shopping	shopping	_	_	_	_	_	linguistic	_	none	_	_	_	_	_	_
72-19	BOI059	72	72	19	come	come	_	_	_	_	_	linguistic	_	none	_	_	_	_	_	_
72-20	BOI059	72	72	20	lo	lo	_	_	_	_	_	linguistic	_	none	_	_	_	_	_	_
72-21	BOI059	72	72	21	è	è	_	_	_	_	_	linguistic	_	none	_	_	_	_	_	_
72-22	BOI059	72	72	22	adesso	adesso	_	_	_	_	_	linguistic	_	none	_	End=146.493	_	_	_	_
73-0	BOI059	73	73	0	a	a	_	_	_	_	_	linguistic	_	none	_	Begin=146.721	_	_	_	_
73-1	BOI059	73	73	1	differenza	differenza	_	_	_	_	_	linguistic	_	none	_	_	_	_	_	_
73-2	BOI059	73	73	2	di	di	_	_	_	_	_	linguistic	_	none	_	_	_	_	_	_
73-3	BOI059	73	73	3	via	via	_	_	_	_	_	linguistic	_	none	_	_	_	_	_	_
73-4	BOI059	73	73	4	farini	farini	_	_	_	_	_	linguistic	_	none	_	_	_	_	_	_
73-5	BOI059	73	73	5	che	che	_	_	_	_	_	linguistic	_	none	_	_	_	_	_	_
73-6	BOI059	73	73	6	è	è	_	_	_	_	_	linguistic	_	none	_	_	_	_	_	_
73-7	BOI059	73	73	7	la	la	_	_	_	_	_	linguistic	_	none	_	_	_	_	_	_
73-8	BOI059	73	73	8	via	via	_	_	_	_	_	linguistic	_	none	_	_	_	_	_	_
73-9	BOI059	73	73	9	dello	dello	_	_	_	_	_	linguistic	_	none	_	_	_	_	_	_
73-10	BOI059	73	73	10	shopping	shopping	_	_	_	_	_	linguistic	_	none	_	_	_	_	_	_
73-11	BOI059	73	73	11	dei	dei	_	_	_	_	_	linguistic	_	none	_	_	_	_	_	_
73-12	BOI059	73	73	12	ricchi	ricchi	_	_	_	_	_	linguistic	_	none	_	End=149.345	_	_	_	_
74-0	BOI059	74	74	0	ma	ma	_	_	_	_	_	linguistic	_	none	_	Begin=149.557	_	_	_	_
74-1	BOI059	74	74	1	quello	quello	_	_	_	_	_	linguistic	_	none	_	_	_	_	_	_
74-2	BOI059	74	74	2	lo	lo	_	_	_	_	_	linguistic	_	none	_	_	_	_	_	_
74-3	BOI059	74	74	3	è	è	_	_	_	_	_	linguistic	_	none	_	_	_	_	_	_
74-4	BOI059	74	74	4	sempre	sempre	_	_	_	_	_	linguistic	_	none	_	_	_	_	_	_
74-5	BOI059	74	74	5	stato	stato	_	_	_	_	_	linguistic	_	none	_	End=150.93	_	_	_	_
75-0	BOR017	75	75	0	{ride}	{ride}	_	_	_	_	_	nonverbalbehavior	_	none	_	Begin=150.403|End=151.045	_	_	_	_
76-0	BOI059	76	76	0	e:	e	_	_	_	_	_	linguistic	_	none	_	Begin=151.488	0x1	_	_	_
76-1	BOI059	76	76	1	quindi	quindi	_	_	_	_	_	linguistic	_	none	_	_	_	_	_	_
76-2	BOI059	76	76	2	l'	l'	_	_	_	_	_	linguistic	_	none	SpaceAfter=No	_	_	_	_	_
76-3	BOI059	76	76	3	ho	ho	_	_	_	_	_	linguistic	_	none	_	_	_	_	_	_
76-4	BOI059	76	76	4	vista	vista	_	_	_	_	_	linguistic	_	none	_	_	_	_	_	_
76-5	BOI059	76	76	5	cambiare	cambiare	_	_	_	_	_	linguistic	_	none	_	_	_	_	_	_
76-6	BOI059	76	76	6	sì	sì	_	_	_	_	_	linguistic	_	none	_	End=153.567	_	_	_	_
77-0	BOI059	77	77	0	non	non	_	_	_	_	_	linguistic	_	none	_	Begin=153.876	_	_	_	_
77-1	BOI059	77	77	1	dico	dico	_	_	_	_	_	linguistic	_	none	_	_	_	_	_	_
77-2	BOI059	77	77	2	in	in	_	_	_	_	_	linguistic	_	none	_	_	_	_	_	_
77-3	BOI059	77	77	3	peggio	peggio	_	_	_	_	_	linguistic	_	none	_	End=155.52	_	_	_	_
78-0	BOI059	78	78	0	perché	perché	_	_	_	_	_	linguistic	_	none	_	Begin=155.717	_	_	_	_
78-1	BOI059	78	78	1	comunque	comunque	_	_	_	_	_	linguistic	_	none	_	End=156.704	_	_	_	_
79-0	BOI059	79	79	0	io	io	_	_	_	_	_	linguistic	_	none	_	Begin=157.062	_	_	_	_
79-1	BOI059	79	79	1	capisco	capisco	_	_	_	_	_	linguistic	_	none	_	_	_	_	_	_
79-2	BOI059	79	79	2	le	le	_	_	_	_	_	linguistic	_	none	_	_	_	_	_	_
79-3	BOI059	79	79	3	potenzialità	potenzialità	_	_	_	_	_	linguistic	_	none	_	_	_	_	_	_
79-4	BOI059	79	79	4	del	del	_	_	_	_	_	linguistic	_	none	_	_	_	_	_	_
79-5	BOI059	79	79	5	turismo	turismo	_	_	_	_	_	linguistic	_	none	_	End=159.253	_	_	_	_
80-0	BOI059	80	80	0	non	non	_	_	_	_	_	linguistic	_	none	_	Begin=159.817	_	_	_	_
80-1	BOI059	80	80	1	dico	dico	_	_	_	_	_	linguistic	_	none	_	_	_	_	_	_
80-2	BOI059	80	80	2	in	in	_	_	_	_	_	linguistic	_	none	_	_	_	_	_	_
80-3	BOI059	80	80	3	meglio	meglio	_	_	_	_	_	linguistic	_	none	_	_	_	_	_	_
80-4	BOI059	80	80	4	perché	perché	_	_	_	_	_	linguistic	_	none	_	_	_	_	_	_
80-5	BOI059	80	80	5	comunque	comunque	_	_	_	_	_	linguistic	_	none	_	_	_	_	_	_
80-6	BOI059	80	80	6	s'	s'	_	_	_	_	_	linguistic	_	none	SpaceAfter=No	_	_	_	_	_
80-7	BOI059	80	80	7	è	è	_	_	_	_	_	linguistic	_	none	_	_	_	_	_	_
80-8	BOI059	80	80	8	riempita	riempita	_	_	_	_	_	linguistic	_	none	_	_	_	_	_	_
80-9	BOI059	80	80	9	un	un	_	_	_	_	_	linguistic	_	none	_	End=163.531	_	_	_	_
81-0	BOI059	81	81	0	filo	filo	_	_	_	_	_	linguistic	_	none	_	Begin=163.838	_	_	_	_
81-1	BOI059	81	81	1	tanto	tanto	_	_	_	_	_	linguistic	_	none	_	_	_	_	_	_
81-2	BOI059	81	81	2	e	e	_	_	_	_	_	linguistic	_	none	_	_	_	_	_	_
81-3	BOI059	81	81	3	stiamo	stiamo	_	_	_	_	_	linguistic	_	none	_	_	_	_	_	_
81-4	BOI059	81	81	4	perdendo	perdendo	_	_	_	_	_	linguistic	_	none	_	_	_	_	_	_
81-5	BOI059	81	81	5	alcune	alcune	_	_	_	_	_	linguistic	_	none	_	_	_	_	_	_
81-6	BOI059	81	81	6	cose	cose	_	_	_	_	_	linguistic	_	none	_	_	_	_	_	_
81-7	BOI059	81	81	7	molto	molto	_	_	_	_	_	linguistic	_	none	_	_	_	_	_	_
81-8	BOI059	81	81	8	belle	belle	_	_	_	_	_	linguistic	_	none	_	_	_	_	_	_
81-9	BOI059	81	81	9	tipo	tipo	_	_	_	_	_	linguistic	_	none	_	End=167.294	_	_	_	_
82-0	BOI059	82	82	0	la	la	_	_	_	_	_	linguistic	_	none	_	Begin=167.72	_	_	_	_
82-1	BOI059	82	82	1	basilica	basilica	_	_	_	_	_	linguistic	_	none	_	_	_	_	_	_
82-2	BOI059	82	82	2	dei	dei	_	_	_	_	_	linguistic	_	none	_	_	_	_	_	_
82-3	BOI059	82	82	3	servi	servi	_	_	_	_	_	linguistic	_	none	_	_	_	_	_	_
82-4	BOI059	82	82	4	che	che	_	_	_	_	_	linguistic	_	none	_	_	_	_	_	_
82-5	BOI059	82	82	5	ci	ci	_	_	_	_	_	linguistic	_	none	_	_	_	_	_	_
82-6	BOI059	82	82	6	stanno	stanno	_	_	_	_	_	linguistic	_	none	_	_	_	_	_	_
82-7	BOI059	82	82	7	facendo	facendo	_	_	_	_	_	linguistic	_	none	_	_	_	_	_	_
82-8	BOI059	82	82	8	un	un	_	_	_	_	_	linguistic	_	none	_	_	_	_	_	_
82-9	BOI059	82	82	9	conad	conad	_	_	_	_	_	linguistic	_	none	_	End=170.085	_	_	_	_
83-0	BOR017	83	83	0	°mh°	mh	_	_	_	_	_	linguistic	_	none	Volume=low	Begin=170.149|End=170.438	_	_	_	_
84-0	BOI059	84	84	0	per[ò	però	_	_	_	_	_	linguistic	_	none	_	Begin=171.065	_	_	_	3-4(10)
84-1	BOI059	84	84	1	il	il	_	_	_	_	_	linguistic	_	none	_	_	_	_	_	0-2(10)
84-2	BOI059	84	84	2	turismo]	turismo	_	_	_	_	_	linguistic	_	none	_	End=171.886	_	_	_	0-7(10)
85-0	BOR017	85	85	0	[questo	questo	_	_	_	_	_	linguistic	_	none	_	Begin=171.343	_	_	_	0-6(10)
85-1	BOR017	85	85	1	è	è	_	_	_	_	_	linguistic	_	none	_	_	_	_	_	0-1(10)
85-2	BOR017	85	85	2	triste]	triste	_	_	_	_	_	linguistic	_	none	_	End=172.149	_	_	_	0-6(10)
86-0	BOI059	86	86	0	sì	sì	_	_	_	_	_	linguistic	_	none	_	Begin=172.149	_	_	_	_
86-1	BOI059	86	86	1	però	però	_	_	_	_	_	linguistic	_	none	_	_	_	_	_	_
86-2	BOI059	86	86	2	il	il	_	_	_	_	_	linguistic	_	none	_	_	_	_	_	_
86-3	BOI059	86	86	3	turismo	turismo	_	_	_	_	_	linguistic	_	none	_	_	_	_	_	_
86-4	BOI059	86	86	4	lo	lo	_	_	_	_	_	linguistic	_	none	_	_	_	_	_	_
86-5	BOI059	86	86	5	richiede	richiede	_	_	_	_	_	linguistic	_	none	_	_	_	_	_	_
86-6	BOI059	86	86	6	se	se	_	_	_	_	_	linguistic	_	none	_	_	_	_	_	_
86-7	BOI059	86	86	7	comunque	comunque	_	_	_	_	_	linguistic	_	none	_	_	_	_	_	_
86-8	BOI059	86	86	8	salvano	salvano	_	_	_	_	_	linguistic	_	none	_	_	_	_	_	_
86-9	BOI059	86	86	9	in	in	_	_	_	_	_	linguistic	_	none	_	_	_	_	_	_
86-10	BOI059	86	86	10	maniera	maniera	_	_	_	_	_	linguistic	_	none	_	_	_	_	_	_
86-11	BOI059	86	86	11	coerente	coerente	_	_	_	_	_	linguistic	_	none	_	_	_	_	_	_
86-12	BOI059	86	86	12	lo	lo	_	_	_	_	_	linguistic	_	none	_	_	_	_	_	_
86-13	BOI059	86	86	13	spazio	spazio	_	_	_	_	_	linguistic	_	none	_	End=176.068	_	_	_	_
87-0	BOI059	87	87	0	male	male	_	_	_	_	_	linguistic	_	none	_	Begin=176.337	_	_	_	_
87-1	BOI059	87	87	1	non	non	_	_	_	_	_	linguistic	_	none	_	_	_	_	_	_
87-2	BOI059	87	87	2	fa	fa	_	_	_	_	_	linguistic	_	none	_	End=177.003	_	_	_	_
88-0	BOR017	88	88	0	benissimo	benissimo	_	_	_	_	_	linguistic	_	none	_	Begin=177.857|End=178.677	_	_	_	_
89-0	BOR017	89	89	0	e:h	eh	_	_	_	_	_	linguistic	_	none	_	Begin=178.906	0x1	_	_	_
89-1	BOR017	89	89	1	per	per	_	_	_	_	_	linguistic	_	none	_	_	_	_	_	_
89-2	BOR017	89	89	2	quanto	quanto	_	_	_	_	_	linguistic	_	none	_	_	_	_	_	_
89-3	BOR017	89	89	3	riguarda	riguarda	_	_	_	_	_	linguistic	_	none	_	_	_	_	_	_
89-4	BOR017	89	89	4	invece	invece	_	_	_	_	_	linguistic	_	none	_	_	_	_	_	_
89-5	BOR017	89	89	5	il	il	_	_	_	_	_	linguistic	_	none	_	_	_	_	_	_
89-6	BOR017	89	89	6	tuo	tuo	_	_	_	_	_	linguistic	_	none	_	_	_	_	_	_
89-7	BOR017	89	89	7	quartiere	quartiere	_	_	_	_	_	linguistic	_	none	_	_	_	_	_	_
89-8	BOR017	89	89	8	pensi	pensi	_	_	_	_	_	linguistic	_	none	_	_	_	_	_	_
89-9	BOR017	89	89	9	che	che	_	_	_	_	_	linguistic	_	none	_	_	_	_	_	_
89-10	BOR017	89	89	10	anch'	anch'	_	_	_	_	_	linguistic	_	none	SpaceAfter=No	_	_	_	_	_
89-11	BOR017	89	89	11	esso	esso	_	_	_	_	_	linguistic	_	none	_	_	_	_	_	_
89-12	BOR017	89	89	12	sia	sia	_	_	_	_	_	linguistic	_	none	_	_	_	_	_	_
89-13	BOR017	89	89	13	cambiato	cambiato	_	_	_	_	_	linguistic	_	none	_	_	_	_	_	_
89-14	BOR017	89	89	14	molto?	molto	_	_	_	_	_	linguistic	_	none	Intonation=Rising	End=182.97	_	_	_	_
90-0	BOI059	90	90	0	>allora<	allora	_	_	_	_	_	linguistic	_	none	_	Begin=182.976	_	Fast=0-6(0)	_	_
90-1	BOI059	90	90	1	casalecchio	casalecchio	_	_	_	_	_	linguistic	_	none	_	_	_	_	_	_
90-2	BOI059	90	90	2	città	città	_	_	_	_	_	linguistic	_	none	_	_	_	_	_	_
90-3	BOI059	90	90	3	no	no	_	_	_	_	_	linguistic	_	none	_	_	_	_	_	_
90-4	BOI059	90	90	4	quartier[e]	quartiere	_	_	_	_	_	linguistic	_	none	_	End=185.239	_	_	_	8-9(11)
91-0	BOR017	91	91	0	°[o]kay°	okay	_	_	_	_	_	linguistic	_	none	Volume=low	Begin=185.149|End=185.563	_	_	_	0-1(11)
92-0	BOI059	92	92	0	non	non	_	_	_	_	_	linguistic	_	none	_	Begin=185.604	_	_	_	_
92-1	BOI059	92	92	1	lo	lo	_	_	_	_	_	linguistic	_	none	_	_	_	_	_	_
92-2	BOI059	92	92	2	conosco	conosco	_	_	_	_	_	linguistic	_	none	_	_	_	_	_	_
92-3	BOI059	92	92	3	a	a	_	_	_	_	_	linguistic	_	none	_	_	_	_	_	_
92-4	BOI059	92	92	4	sufficienza	sufficienza	_	_	_	_	_	linguistic	_	none	_	_	_	_	_	_
92-5	BOI059	92	92	5	da	da	_	_	_	_	_	linguistic	_	none	_	_	_	_	_	_
92-6	BOI059	92	92	6	sapere	sapere	_	_	_	_	_	linguistic	_	none	_	_	_	_	_	_
92-7	BOI059	92	92	7	quanto	quanto	_	_	_	_	_	linguistic	_	none	_	_	_	_	_	_
92-8	BOI059	92	92	8	sia	sia	_	_	_	_	_	linguistic	_	none	_	_	_	_	_	_
92-9	BOI059	92	92	9	cambiato	cambiato	_	_	_	_	_	linguistic	_	none	_	End=188.682	_	_	_	_
93-0	BOI059	93	93	0	da	da	_	_	_	_	_	linguistic	_	none	_	Begin=189.299	_	_	_	_
93-1	BOI059	93	93	1	che	che	_	_	_	_	_	linguistic	_	none	_	_	_	_	_	_
93-2	BOI059	93	93	2	ero	ero	_	_	_	_	_	linguistic	_	none	_	_	_	_	_	_
93-3	BOI059	93	93	3	piccola	piccola	_	_	_	_	_	linguistic	_	none	_	_	_	_	_	_
93-4	BOI059	93	93	4	>a	a	_	_	_	_	_	linguistic	_	none	_	_	_	Fast=0-1(0)	_	_
93-5	BOI059	93	93	5	che	che	_	_	_	_	_	linguistic	_	none	_	_	_	Fast=0-3(0)	_	_
93-6	BOI059	93	93	6	io	io	_	_	_	_	_	linguistic	_	none	_	_	_	Fast=0-2(0)	_	_
93-7	BOI059	93	93	7	sono	sono	_	_	_	_	_	linguistic	_	none	_	_	_	Fast=0-4(0)	_	_
93-8	BOI059	93	93	8	arrivata	arrivata	_	_	_	_	_	linguistic	_	none	_	_	_	Fast=0-8(0)	_	_
93-9	BOI059	93	93	9	a	a	_	_	_	_	_	linguistic	_	none	_	_	_	Fast=0-1(0)	_	_
93-10	BOI059	93	93	10	viverci	viverci	_	_	_	_	_	linguistic	_	none	_	_	_	Fast=0-7(0)	_	_
93-11	BOI059	93	93	11	lì<	lì	_	_	_	_	_	linguistic	_	none	_	_	_	Fast=0-2(0)	_	_
93-12	BOI059	93	93	12	sì	sì	_	_	_	_	_	linguistic	_	none	_	End=191.984	_	_	_	_
94-0	BOI059	94	94	0	perché	perché	_	_	_	_	_	linguistic	_	none	_	Begin=192.045	_	_	_	_
94-1	BOI059	94	94	1	appunto	appunto	_	_	_	_	_	linguistic	_	none	_	_	_	_	_	_
94-2	BOI059	94	94	2	ha	ha	_	_	_	_	_	linguistic	_	none	_	_	_	_	_	_
94-3	BOI059	94	94	3	subito	subito	_	_	_	_	_	linguistic	_	none	_	_	_	_	_	_
94-4	BOI059	94	94	4	grandi	grandi	_	_	_	_	_	linguistic	_	none	_	_	_	_	_	_
94-5	BOI059	94	94	5	espansio:ni	espansioni	_	_	_	_	_	linguistic	_	none	_	End=194.504	7x1	_	_	_
95-0	BOI059	95	95	0	a	a	_	_	_	_	_	linguistic	_	none	_	Begin=194.884	_	_	_	_
95-1	BOI059	95	95	1	livello	livello	_	_	_	_	_	linguistic	_	none	_	_	_	_	_	_
95-2	BOI059	95	95	2	appunto	appunto	_	_	_	_	_	linguistic	_	none	_	_	_	_	_	_
95-3	BOI059	95	95	3	di	di	_	_	_	_	_	linguistic	_	none	_	_	_	_	_	_
95-4	BOI059	95	95	4	e:hm	ehm	_	_	_	_	_	linguistic	_	none	_	_	0x1	_	_	_
95-5	BOI059	95	95	5	supermercati	supermercati	_	_	_	_	_	linguistic	_	none	_	_	_	_	_	_
95-6	BOI059	95	95	6	e	e	_	_	_	_	_	linguistic	_	none	_	_	_	_	_	_
95-7	BOI059	95	95	7	cose	cose	_	_	_	_	_	linguistic	_	none	_	_	_	_	_	_
95-8	BOI059	95	95	8	del	del	_	_	_	_	_	linguistic	_	none	_	_	_	_	_	_
95-9	BOI059	95	95	9	genere	genere	_	_	_	_	_	linguistic	_	none	_	End=198.308	_	_	_	_
96-0	BOI059	96	96	0	in	in	_	_	_	_	_	linguistic	_	none	_	Begin=198.992	_	_	_	_
96-1	BOI059	96	96	1	generale	generale	_	_	_	_	_	linguistic	_	none	_	_	_	_	_	_
96-2	BOI059	96	96	2	i	i	_	_	_	_	_	linguistic	_	none	_	_	_	_	_	_
96-3	BOI059	96	96	3	quartieri	quartieri	_	_	_	_	_	linguistic	_	none	_	_	_	_	_	_
96-4	BOI059	96	96	4	più	più	_	_	_	_	_	linguistic	_	none	_	_	_	_	_	_
96-5	BOI059	96	96	5	esterni	esterni	_	_	_	_	_	linguistic	_	none	_	_	_	_	_	_
96-6	BOI059	96	96	6	di	di	_	_	_	_	_	linguistic	_	none	_	_	_	_	_	_
96-7	BOI059	96	96	7	bologna	bologna	_	_	_	_	_	linguistic	_	none	_	End=201.741	_	_	_	_
97-0	BOI059	97	97	0	quindi	quindi	_	_	_	_	_	linguistic	_	none	_	Begin=201.838	_	_	_	_
97-1	BOI059	97	97	1	io	io	_	_	_	_	_	linguistic	_	none	_	_	_	_	_	_
97-2	BOI059	97	97	2	prima	prima	_	_	_	_	_	linguistic	_	none	_	_	_	_	_	_
97-3	BOI059	97	97	3	vivevo	vivevo	_	_	_	_	_	linguistic	_	none	_	_	_	_	_	_
97-4	BOI059	97	97	4	a	a	_	_	_	_	_	linguistic	_	none	_	_	_	_	_	_
97-5	BOI059	97	97	5	borgo	borgo	_	_	_	_	_	linguistic	_	none	_	_	_	_	_	_
97-6	BOI059	97	97	6	paniga:le	panigale	_	_	_	_	_	linguistic	_	none	_	End=203.617	5x1	_	_	_
98-0	BOI059	98	98	0	sì	sì	_	_	_	_	_	linguistic	_	none	_	Begin=204.186	_	_	_	_
98-1	BOI059	98	98	1	l'	l'	_	_	_	_	_	linguistic	_	none	SpaceAfter=No	_	_	_	_	_
98-2	BOI059	98	98	2	ho	ho	_	_	_	_	_	linguistic	_	none	_	_	_	_	_	_
98-3	BOI059	98	98	3	visto	visto	_	_	_	_	_	linguistic	_	none	_	_	_	_	_	_
98-4	BOI059	98	98	4	cambiare	cambiare	_	_	_	_	_	linguistic	_	none	_	End=205.992	_	_	_	_
99-0	BOI059	99	99	0	perché	perché	_	_	_	_	_	linguistic	_	none	_	Begin=206.313	_	_	_	_
99-1	BOI059	99	99	1	anche	anche	_	_	_	_	_	linguistic	_	none	_	_	_	_	_	_
99-2	BOI059	99	99	2	lì	lì	_	_	_	_	_	linguistic	_	none	_	_	_	_	_	_
99-3	BOI059	99	99	3	ho	ho	_	_	_	_	_	linguistic	_	none	_	_	_	_	_	_
99-4	BOI059	99	99	4	visto	visto	_	_	_	_	_	linguistic	_	none	_	_	_	_	_	_
99-5	BOI059	99	99	5	nascere	nascere	_	_	_	_	_	linguistic	_	none	_	End=208.402	_	_	_	_
100-0	BOI059	100	100	0	il	il	_	_	_	_	_	linguistic	_	none	_	Begin=208.597	_	_	_	_
100-1	BOI059	100	100	1	primo	primo	_	_	_	_	_	linguistic	_	none	_	_	_	_	_	_
100-2	BOI059	100	100	2	grande	grande	_	_	_	_	_	linguistic	_	none	_	_	_	_	_	_
100-3	BOI059	100	100	3	supermercato	supermercato	_	_	_	_	_	linguistic	_	none	_	End=210.517	_	_	_	_
101-0	BOI059	101	101	0	il	il	_	_	_	_	_	linguistic	_	none	_	Begin=211.545	_	_	_	_
101-1	BOI059	101	101	1	primo	primo	_	_	_	_	_	linguistic	_	none	_	_	_	_	_	_
101-2	BOI059	101	101	2	supermercato	supermercato	_	_	_	_	_	linguistic	_	none	_	_	_	_	_	_
101-3	BOI059	101	101	3	di	di	_	_	_	_	_	linguistic	_	none	_	_	_	_	_	_
101-4	BOI059	101	101	4	bologna	bologna	_	_	_	_	_	linguistic	_	none	_	_	_	_	_	_
101-5	BOI059	101	101	5	che	che	_	_	_	_	_	linguistic	_	none	_	_	_	_	_	_
101-6	BOI059	101	101	6	era	era	_	_	_	_	_	linguistic	_	none	_	_	_	_	_	_
101-7	BOI059	101	101	7	appunto	appunto	_	_	_	_	_	linguistic	_	none	_	_	_	_	_	_
101-8	BOI059	101	101	8	il	il	_	_	_	_	_	linguistic	_	none	_	_	_	_	_	_
101-9	BOI059	101	101	9	centro	centro	_	_	_	_	_	linguistic	_	none	_	_	_	_	_	_
101-10	BOI059	101	101	10	borgo	borgo	_	_	_	_	_	linguistic	_	none	_	_	_	_	_	_
101-11	BOI059	101	101	11	che	che	_	_	_	_	_	linguistic	_	none	_	_	_	_	_	_
101-12	BOI059	101	101	12	o:h	oh	_	_	_	_	_	linguistic	_	none	_	_	0x1	_	_	_
101-13	BOI059	101	101	13	>grande	grande	_	_	_	_	_	linguistic	_	none	_	_	_	Fast=0-6(0)	_	_
101-14	BOI059	101	101	14	(ipercoop)	ipercoop	_	_	_	_	_	linguistic	_	none	_	_	_	Fast=0-8(0)	0-8(0)	_
101-15	BOI059	101	101	15	e	e	_	_	_	_	_	linguistic	_	none	_	_	_	Fast=0-1(0)	_	_
101-16	BOI059	101	101	16	tutto	tutto	_	_	_	_	_	linguistic	_	none	_	_	_	Fast=0-5(0)	_	_
101-17	BOI059	101	101	17	il	il	_	_	_	_	_	linguistic	_	none	_	_	_	Fast=0-2(0)	_	_
101-18	BOI059	101	101	18	resto<	resto	_	_	_	_	_	linguistic	_	none	_	_	_	Fast=0-5(0)	_	_
101-19	BOI059	101	101	19	è	è	_	_	_	_	_	linguistic	_	none	_	_	_	_	_	_
101-20	BOI059	101	101	20	stato	stato	_	_	_	_	_	linguistic	_	none	_	_	_	_	_	_
101-21	BOI059	101	101	21	tanta	tanta	_	_	_	_	_	linguistic	_	none	_	_	_	_	_	_
101-22	BOI059	101	101	22	roba	roba	_	_	_	_	_	linguistic	_	none	_	_	_	_	_	_
101-23	BOI059	101	101	23	per	per	_	_	_	_	_	linguistic	_	none	_	_	_	_	_	_
101-24	BOI059	101	101	24	per	per	_	_	_	_	_	linguistic	_	none	_	_	_	_	_	_
101-25	BOI059	101	101	25	noi	noi	_	_	_	_	_	linguistic	_	none	_	End=219.041	_	_	_	_
102-0	BOI059	102	102	0	io	io	_	_	_	_	_	linguistic	_	none	_	Begin=219.303|End=219.567	_	_	_	_
103-0	BOI059	103	103	0	#con	#con	_	_	_	_	_	error	_	none	_	Begin=219.99	_	_	_	_
103-1	BOI059	103	103	1	le	le	_	_	_	_	_	linguistic	_	none	_	_	_	_	_	_
103-2	BOI059	103	103	2	cassiere	cassiere	_	_	_	_	_	linguistic	_	none	_	_	_	_	_	_
103-3	BOI059	103	103	3	scherzo	scherzo	_	_	_	_	_	linguistic	_	none	_	_	_	_	_	_
103-4	BOI059	103	103	4	sempre	sempre	_	_	_	_	_	linguistic	_	none	_	_	_	_	_	_
103-5	BOI059	103	103	5	io	io	_	_	_	_	_	linguistic	_	none	_	_	_	_	_	_
103-6	BOI059	103	103	6	ero	ero	_	_	_	_	_	linguistic	_	none	_	_	_	_	_	_
103-7	BOI059	103	103	7	una	una	_	_	_	_	_	linguistic	_	none	_	_	_	_	_	_
103-8	BOI059	103	103	8	delle	delle	_	_	_	_	_	linguistic	_	none	_	_	_	_	_	_
103-9	BOI059	103	103	9	cinne	cinne	_	_	_	_	_	linguistic	_	none	_	_	_	_	_	_
103-10	BOI059	103	103	10	che	che	_	_	_	_	_	linguistic	_	none	_	_	_	_	_	_
103-11	BOI059	103	103	11	saltellava	saltellava	_	_	_	_	_	linguistic	_	none	_	_	_	_	_	_
103-12	BOI059	103	103	12	sul	sul	_	_	_	_	_	linguistic	_	none	_	_	_	_	_	_
103-13	BOI059	103	103	13	gonfiabile	gonfiabile	_	_	_	_	_	linguistic	_	none	_	_	_	_	_	_
103-14	BOI059	103	103	14	all'	all'	_	_	_	_	_	linguistic	_	none	SpaceAfter=No	_	_	_	_	_
103-15	BOI059	103	103	15	apertura	apertura	_	_	_	_	_	linguistic	_	none	_	_	_	_	_	_
103-16	BOI059	103	103	16	adesso	adesso	_	_	_	_	_	linguistic	_	none	_	End=225.403	_	_	_	_
104-0	BOI059	104	104	0	ci	ci	_	_	_	_	_	linguistic	_	none	_	Begin=225.547	_	_	_	_
104-1	BOI059	104	104	1	vengo	vengo	_	_	_	_	_	linguistic	_	none	_	_	_	_	_	_
104-2	BOI059	104	104	2	a	a	_	_	_	_	_	linguistic	_	none	_	_	_	_	_	_
104-3	BOI059	104	104	3	fare	fare	_	_	_	_	_	linguistic	_	none	_	_	_	_	_	_
104-4	BOI059	104	104	4	l~	l~	_	_	_	_	_	linguistic	_	none	Interrupted=Yes	_	_	_	_	_
104-5	BOI059	104	104	5	mh	mh	_	_	_	_	_	linguistic	_	none	_	_	_	_	_	_
104-6	BOI059	104	104	6	le	le	_	_	_	_	_	linguistic	_	none	_	_	_	_	_	_
104-7	BOI059	104	104	7	mie	mie	_	_	_	_	_	linguistic	_	none	_	_	_	_	_	_
104-8	BOI059	104	104	8	spese	spese	_	_	_	_	_	linguistic	_	none	_	_	_	_	_	_
104-9	BOI059	104	104	9	da	da	_	_	_	_	_	linguistic	_	none	_	End=227.625	_	_	_	_
105-0	BOI059	105	105	0	eh	eh	_	_	_	_	_	linguistic	_	none	_	Begin=227.816	_	_	_	_
105-1	BOI059	105	105	1	donna	donna	_	_	_	_	_	linguistic	_	none	_	_	_	_	_	_
105-2	BOI059	105	105	2	con	con	_	_	_	_	_	linguistic	_	none	_	_	_	_	_	_
105-3	BOI059	105	105	3	una	una	_	_	_	_	_	linguistic	_	none	_	_	_	_	_	_
105-4	BOI059	105	105	4	famiglia	famiglia	_	_	_	_	_	linguistic	_	none	_	_	_	_	_	_
105-5	BOI059	105	105	5	con	con	_	_	_	_	_	linguistic	_	none	_	_	_	_	_	_
105-6	BOI059	105	105	6	una	una	_	_	_	_	_	linguistic	_	none	_	_	_	_	_	_
105-7	BOI059	105	105	7	casa	casa	_	_	_	_	_	linguistic	_	none	_	_	_	_	_	_
105-8	BOI059	105	105	8	ecco	ecco	_	_	_	_	_	linguistic	_	none	_	End=230.227	_	_	_	_
106-0	BOR017	106	106	0	credi	credi	_	_	_	_	_	linguistic	_	none	_	Begin=230.973	_	_	_	_
106-1	BOR017	106	106	1	che	che	_	_	_	_	_	linguistic	_	none	_	_	_	_	_	_
106-2	BOR017	106	106	2	ci	ci	_	_	_	_	_	linguistic	_	none	_	_	_	_	_	_
106-3	BOR017	106	106	3	siano	siano	_	_	_	_	_	linguistic	_	none	_	_	_	_	_	_
106-4	BOR017	106	106	4	delle	delle	_	_	_	_	_	linguistic	_	none	_	_	_	_	_	_
106-5	BOR017	106	106	5	differenze	differenze	_	_	_	_	_	linguistic	_	none	_	_	_	_	_	_
106-6	BOR017	106	106	6	tra	tra	_	_	_	_	_	linguistic	_	none	_	_	_	_	_	_
106-7	BOR017	106	106	7	i	i	_	_	_	_	_	linguistic	_	none	_	_	_	_	_	_
106-8	BOR017	106	106	8	vari	vari	_	_	_	_	_	linguistic	_	none	_	_	_	_	_	_
106-9	BOR017	106	106	9	quartieri	quartieri	_	_	_	_	_	linguistic	_	none	_	_	_	_	_	_
106-10	BOR017	106	106	10	a	a	_	_	_	_	_	linguistic	_	none	_	_	_	_	_	_
106-11	BOR017	106	106	11	[bologna]?	bologna	_	_	_	_	_	linguistic	_	none	Intonation=Rising	_	_	_	_	0-7(12)
106-12	BOR017	106	106	12	e	e	_	_	_	_	_	linguistic	_	none	_	_	_	_	_	_
106-13	BOR017	106	106	13	tra	tra	_	_	_	_	_	linguistic	_	none	_	_	_	_	_	_
106-14	BOR017	106	106	14	le	le	_	_	_	_	_	linguistic	_	none	_	_	_	_	_	_
106-15	BOR017	106	106	15	person[e]?	persone	_	_	_	_	_	linguistic	_	none	Intonation=Rising	End=235.351	_	_	_	6-7(13)
107-0	BOI059	107	107	0	[oh	oh	_	_	_	_	_	linguistic	_	none	_	Begin=233.587	_	_	_	0-2(12)
107-1	BOI059	107	107	1	sì]	sì	_	_	_	_	_	linguistic	_	none	_	End=234.2	_	_	_	0-2(12)
108-0	BOI059	108	108	0	[oh]	oh	_	_	_	_	_	linguistic	_	none	_	Begin=235.262	_	_	_	0-2(13)
108-1	BOI059	108	108	1	sì	sì	_	_	_	_	_	linguistic	_	none	_	End=235.793	_	_	_	_
109-0	BOR017	109	109	0	{ride}	{ride}	_	_	_	_	_	nonverbalbehavior	_	none	_	Begin=235.758|End=236.202	_	_	_	_
110-0	BOI059	110	110	0	nel	nel	_	_	_	_	_	linguistic	_	none	_	Begin=236.239	_	_	_	_
110-1	BOI059	110	110	1	senso	senso	_	_	_	_	_	linguistic	_	none	_	_	_	_	_	_
110-2	BOI059	110	110	2	che	che	_	_	_	_	_	linguistic	_	none	_	End=237.1	_	_	_	_
111-0	BOI059	111	111	0	e:h	eh	_	_	_	_	_	linguistic	_	none	_	Begin=237.445	0x1	_	_	_
111-1	BOI059	111	111	1	bologna	bologna	_	_	_	_	_	linguistic	_	none	_	_	_	_	_	_
111-2	BOI059	111	111	2	è	è	_	_	_	_	_	linguistic	_	none	_	End=238.776	_	_	_	_
112-0	BOI059	112	112	0	quel	quel	_	_	_	_	_	linguistic	_	none	_	Begin=239.095	_	_	_	_
112-1	BOI059	112	112	1	tantinello	tantinello	_	_	_	_	_	linguistic	_	none	_	_	_	_	_	_
112-2	BOI059	112	112	2	gra:nde	grande	_	_	_	_	_	linguistic	_	none	_	End=240.896	2x1	_	_	_
113-0	BOI059	113	113	0	da	da	_	_	_	_	_	linguistic	_	none	_	Begin=241.169|End=241.597	_	_	_	_
114-0	BOI059	114	114	0	eh	eh	_	_	_	_	_	linguistic	_	none	_	Begin=241.755	_	_	_	_
114-1	BOI059	114	114	1	avere	avere	_	_	_	_	_	linguistic	_	none	_	End=242.806	_	_	_	_
115-0	BOI059	115	115	0	e:h	eh	_	_	_	_	_	linguistic	_	none	_	Begin=243.159|End=243.542	0x1	_	_	_
116-0	BOI059	116	116	0	il	il	_	_	_	_	_	linguistic	_	none	_	Begin=243.871	_	_	_	_
116-1	BOI059	116	116	1	l'	l'	_	_	_	_	_	linguistic	_	none	SpaceAfter=No	_	_	_	_	_
116-2	BOI059	116	116	2	autorazzismo	autorazzismo	_	_	_	_	_	linguistic	_	none	_	_	_	_	_	_
116-3	BOI059	116	116	3	interno	interno	_	_	_	_	_	linguistic	_	none	_	_	_	_	_	_
116-4	BOI059	116	116	4	ovvero	ovvero	_	_	_	_	_	linguistic	_	none	_	End=246.577	_	_	_	_
117-0	BOR017	117	117	0	mhmh	mhmh	_	_	_	_	_	linguistic	_	none	_	Begin=246.66|End=246.94	_	_	_	_
118-0	BOI059	118	118	0	eh	eh	_	_	_	_	_	linguistic	_	none	_	Begin=246.95|End=247.269	_	_	_	_
119-0	BOI059	119	119	0	c(io)è	cioè	_	_	_	_	_	linguistic	_	none	_	Begin=247.393	_	_	1-3(0)	_
119-1	BOI059	119	119	1	se	se	_	_	_	_	_	linguistic	_	none	_	_	_	_	_	_
119-2	BOI059	119	119	2	sei	sei	_	_	_	_	_	linguistic	_	none	_	_	_	_	_	_
119-3	BOI059	119	119	3	dei	dei	_	_	_	_	_	linguistic	_	none	_	_	_	_	_	_
119-4	BOI059	119	119	4	co:lli	colli	_	_	_	_	_	linguistic	_	none	_	_	1x1	_	_	_
119-5	BOI059	119	119	5	sei	sei	_	_	_	_	_	linguistic	_	none	_	_	_	_	_	_
119-6	BOI059	119	119	6	ricco	ricco	_	_	_	_	_	linguistic	_	none	_	_	_	_	_	_
119-7	BOI059	119	119	7	>ma	ma	_	_	_	_	_	linguistic	_	none	_	_	_	Fast=0-2(0)	_	_
119-8	BOI059	119	119	8	tendenzialmente	tendenzialmente	_	_	_	_	_	linguistic	_	none	_	_	_	Fast=0-15(0)	_	_
119-9	BOI059	119	119	9	è	è	_	_	_	_	_	linguistic	_	none	_	_	_	Fast=0-1(0)	_	_
119-10	BOI059	119	119	10	facile	facile	_	_	_	_	_	linguistic	_	none	_	_	_	Fast=0-6(0)	_	_
119-11	BOI059	119	119	11	che	che	_	_	_	_	_	linguistic	_	none	_	_	_	Fast=0-3(0)	_	_
119-12	BOI059	119	119	12	tu	tu	_	_	_	_	_	linguistic	_	none	_	_	_	Fast=0-2(0)	_	_
119-13	BOI059	119	119	13	sia<	sia	_	_	_	_	_	linguistic	_	none	_	_	_	Fast=0-3(0)	_	_
119-14	BOI059	119	119	14	lievemente	lievemente	_	_	_	_	_	linguistic	_	none	_	_	_	_	_	_
119-15	BOI059	119	119	15	antipatico	antipatico	_	_	_	_	_	linguistic	_	none	_	End=253.05	_	_	_	_
120-0	BOR017	120	120	0	{ride}	{ride}	_	_	_	_	_	nonverbalbehavior	_	none	_	Begin=253.055|End=253.522	_	_	_	_
121-0	BOI059	121	121	0	se	se	_	_	_	_	_	linguistic	_	none	_	Begin=253.557	_	_	_	_
121-1	BOI059	121	121	1	sei	sei	_	_	_	_	_	linguistic	_	none	_	_	_	_	_	_
121-2	BOI059	121	121	2	del	del	_	_	_	_	_	linguistic	_	none	_	_	_	_	_	_
121-3	BOI059	121	121	3	pila:stro	pilastro	_	_	_	_	_	linguistic	_	none	_	End=255.289	3x1	_	_	_
122-0	BOI059	122	122	0	c'	c'	_	_	_	_	_	linguistic	_	none	SpaceAfter=No	Begin=255.351	_	_	_	_
122-1	BOI059	122	122	1	era	era	_	_	_	_	_	linguistic	_	none	_	_	_	_	_	_
122-2	BOI059	122	122	2	il	il	_	_	_	_	_	linguistic	_	none	_	_	_	_	_	_
122-3	BOI059	122	122	3	periodo	periodo	_	_	_	_	_	linguistic	_	none	_	_	_	_	_	_
122-4	BOI059	122	122	4	in	in	_	_	_	_	_	linguistic	_	none	_	_	_	_	_	_
122-5	BOI059	122	122	5	cui	cui	_	_	_	_	_	linguistic	_	none	_	_	_	_	_	_
122-6	BOI059	122	122	6	tanto	tanto	_	_	_	_	_	linguistic	_	none	_	_	_	_	_	_
122-7	BOI059	122	122	7	se	se	_	_	_	_	_	linguistic	_	none	_	_	_	_	_	_
122-8	BOI059	122	122	8	stai	stai	_	_	_	_	_	linguistic	_	none	_	_	_	_	_	_
122-9	BOI059	122	122	9	al	al	_	_	_	_	_	linguistic	_	none	_	_	_	_	_	_
122-10	BOI059	122	122	10	pilastro	pilastro	_	_	_	_	_	linguistic	_	none	_	_	_	_	_	_
122-11	BOI059	122	122	11	sei	sei	_	_	_	_	_	linguistic	_	none	_	_	_	_	_	_
122-12	BOI059	122	122	12	un	un	_	_	_	_	_	linguistic	_	none	_	_	_	_	_	_
122-13	BOI059	122	122	13	delinquente	delinquente	_	_	_	_	_	linguistic	_	none	_	_	_	_	_	_
122-14	BOI059	122	122	14	poi	poi	_	_	_	_	_	linguistic	_	none	_	_	_	_	_	_
122-15	BOI059	122	122	15	è	è	_	_	_	_	_	linguistic	_	none	_	_	_	_	_	_
122-16	BOI059	122	122	16	diventata	diventata	_	_	_	_	_	linguistic	_	none	_	_	_	_	_	_
122-17	BOI059	122	122	17	la	la	_	_	_	_	_	linguistic	_	none	_	_	_	_	_	_
122-18	BOI059	122	122	18	ba:rca	barca	_	_	_	_	_	linguistic	_	none	_	End=259.413	1x1	_	_	_
123-0	BOI059	123	123	0	e	e	_	_	_	_	_	linguistic	_	none	_	Begin=259.673	_	_	_	_
123-1	BOI059	123	123	1	poi	poi	_	_	_	_	_	linguistic	_	none	_	_	_	_	_	_
123-2	BOI059	123	123	2	adesso	adesso	_	_	_	_	_	linguistic	_	none	_	_	_	_	_	_
123-3	BOI059	123	123	3	non	non	_	_	_	_	_	linguistic	_	none	_	_	_	_	_	_
123-4	BOI059	123	123	4	è	è	_	_	_	_	_	linguistic	_	none	_	_	_	_	_	_
123-5	BOI059	123	123	5	più	più	_	_	_	_	_	linguistic	_	none	_	_	_	_	_	_
123-6	BOI059	123	123	6	da	da	_	_	_	_	_	linguistic	_	none	_	_	_	_	_	_
123-7	BOI059	123	123	7	nessuna	nessuna	_	_	_	_	_	linguistic	_	none	_	_	_	_	_	_
123-8	BOI059	123	123	8	parte	parte	_	_	_	_	_	linguistic	_	none	_	End=261.519	_	_	_	_
124-0	BOI059	124	124	0	rimane	rimane	_	_	_	_	_	linguistic	_	none	_	Begin=261.793|End=262.58	_	_	_	_
125-0	BOI059	125	125	0	ci	ci	_	_	_	_	_	linguistic	_	none	_	Begin=262.845	_	_	_	_
125-1	BOI059	125	125	1	sono	sono	_	_	_	_	_	linguistic	_	none	_	_	_	_	_	_
125-2	BOI059	125	125	2	grandi	grandi	_	_	_	_	_	linguistic	_	none	_	_	_	_	_	_
125-3	BOI059	125	125	3	differnze	differnze	_	_	_	_	_	linguistic	_	none	_	_	_	_	_	_
125-4	BOI059	125	125	4	sui	sui	_	_	_	_	_	linguistic	_	none	_	_	_	_	_	_
125-5	BOI059	125	125	5	quartieri	quartieri	_	_	_	_	_	linguistic	_	none	_	End=264.333	_	_	_	_
126-0	BOI059	126	126	0	per	per	_	_	_	_	_	linguistic	_	none	_	Begin=264.43|End=264.958	_	_	_	_
127-0	BOI059	127	127	0	stile	stile	_	_	_	_	_	linguistic	_	none	_	Begin=265.597	_	_	_	_
127-1	BOI059	127	127	1	di	di	_	_	_	_	_	linguistic	_	none	_	_	_	_	_	_
127-2	BOI059	127	127	2	vita	vita	_	_	_	_	_	linguistic	_	none	_	_	_	_	_	_
127-3	BOI059	127	127	3	che	che	_	_	_	_	_	linguistic	_	none	_	_	_	_	_	_
127-4	BOI059	127	127	4	la	la	_	_	_	_	_	linguistic	_	none	_	_	_	_	_	_
127-5	BOI059	127	127	5	gente	gente	_	_	_	_	_	linguistic	_	none	_	_	_	_	_	_
127-6	BOI059	127	127	6	ha	ha	_	_	_	_	_	linguistic	_	none	_	_	_	_	_	_
127-7	BOI059	127	127	7	iniziato	iniziato	_	_	_	_	_	linguistic	_	none	_	_	_	_	_	_
127-8	BOI059	127	127	8	a	a	_	_	_	_	_	linguistic	_	none	_	_	_	_	_	_
127-9	BOI059	127	127	9	viverci	viverci	_	_	_	_	_	linguistic	_	none	_	_	_	_	_	_
127-10	BOI059	127	127	10	lontananza	lontananza	_	_	_	_	_	linguistic	_	none	_	_	_	_	_	_
127-11	BOI059	127	127	11	e	e	_	_	_	_	_	linguistic	_	none	_	_	_	_	_	_
127-12	BOI059	127	127	12	vicinanza	vicinanza	_	_	_	_	_	linguistic	_	none	_	_	_	_	_	_
127-13	BOI059	127	127	13	dal	dal	_	_	_	_	_	linguistic	_	none	_	_	_	_	_	_
127-14	BOI059	127	127	14	centro	centro	_	_	_	_	_	linguistic	_	none	_	_	_	_	_	_
127-15	BOI059	127	127	15	perché	perché	_	_	_	_	_	linguistic	_	none	_	End=269.995	_	_	_	_
128-0	BOI059	128	128	0	quelli	quelli	_	_	_	_	_	linguistic	_	none	_	Begin=270.526	_	_	_	_
128-1	BOI059	128	128	1	magari	magari	_	_	_	_	_	linguistic	_	none	_	_	_	_	_	_
128-2	BOI059	128	128	2	più	più	_	_	_	_	_	linguistic	_	none	_	_	_	_	_	_
128-3	BOI059	128	128	3	lonta:ni	lontani	_	_	_	_	_	linguistic	_	none	_	End=271.981	4x1	_	_	_
129-0	BOI059	129	129	0	che	che	_	_	_	_	_	linguistic	_	none	_	Begin=272.302	_	_	_	_
129-1	BOI059	129	129	1	sen~	sen~	_	_	_	_	_	linguistic	_	none	Interrupted=Yes	_	_	_	_	_
129-2	BOI059	129	129	2	si	si	_	_	_	_	_	linguistic	_	none	_	_	_	_	_	_
129-3	BOI059	129	129	3	sentono	sentono	_	_	_	_	_	linguistic	_	none	_	_	_	_	_	_
129-4	BOI059	129	129	4	satelliti	satelliti	_	_	_	_	_	linguistic	_	none	_	_	_	_	_	_
129-5	BOI059	129	129	5	in	in	_	_	_	_	_	linguistic	_	none	_	_	_	_	_	_
129-6	BOI059	129	129	6	realtà	realtà	_	_	_	_	_	linguistic	_	none	_	_	_	_	_	_
129-7	BOI059	129	129	7	hanno	hanno	_	_	_	_	_	linguistic	_	none	_	_	_	_	_	_
129-8	BOI059	129	129	8	una	una	_	_	_	_	_	linguistic	_	none	_	_	_	_	_	_
129-9	BOI059	129	129	9	vita	vita	_	_	_	_	_	linguistic	_	none	_	_	_	_	_	_
129-10	BOI059	129	129	10	propria	propria	_	_	_	_	_	linguistic	_	none	_	_	_	_	_	_
129-11	BOI059	129	129	11	>a	a	_	_	_	_	_	linguistic	_	none	_	_	_	Fast=0-1(0)	_	_
129-12	BOI059	129	129	12	differenza	differenza	_	_	_	_	_	linguistic	_	none	_	_	_	Fast=0-10(0)	_	_
129-13	BOI059	129	129	13	di	di	_	_	_	_	_	linguistic	_	none	_	_	_	Fast=0-2(0)	_	_
129-14	BOI059	129	129	14	quelli	quelli	_	_	_	_	_	linguistic	_	none	_	_	_	Fast=0-6(0)	_	_
129-15	BOI059	129	129	15	più	più	_	_	_	_	_	linguistic	_	none	_	_	_	Fast=0-3(0)	_	_
129-16	BOI059	129	129	16	vicini	vicini	_	_	_	_	_	linguistic	_	none	_	_	_	Fast=0-6(0)	_	_
129-17	BOI059	129	129	17	al	al	_	_	_	_	_	linguistic	_	none	_	_	_	Fast=0-2(0)	_	_
129-18	BOI059	129	129	18	centro<	centro	_	_	_	_	_	linguistic	_	none	_	_	_	Fast=0-6(0)	_	_
129-19	BOI059	129	129	19	che	che	_	_	_	_	_	linguistic	_	none	_	_	_	_	_	_
129-20	BOI059	129	129	20	vivono	vivono	_	_	_	_	_	linguistic	_	none	_	_	_	_	_	_
129-21	BOI059	129	129	21	in	in	_	_	_	_	_	linguistic	_	none	_	_	_	_	_	_
129-22	BOI059	129	129	22	funzione	funzione	_	_	_	_	_	linguistic	_	none	_	_	_	_	_	_
129-23	BOI059	129	129	23	del	del	_	_	_	_	_	linguistic	_	none	_	_	_	_	_	_
129-24	BOI059	129	129	24	centro	centro	_	_	_	_	_	linguistic	_	none	_	End=278.763	_	_	_	_
130-0	BOI059	130	130	0	e	e	_	_	_	_	_	linguistic	_	none	_	Begin=279.248	_	_	_	_
130-1	BOI059	130	130	1	anche	anche	_	_	_	_	_	linguistic	_	none	_	_	_	_	_	_
130-2	BOI059	130	130	2	per	per	_	_	_	_	_	linguistic	_	none	_	_	_	_	_	_
130-3	BOI059	130	130	3	quanto	quanto	_	_	_	_	_	linguistic	_	none	_	_	_	_	_	_
130-4	BOI059	130	130	4	riguarda	riguarda	_	_	_	_	_	linguistic	_	none	_	_	_	_	_	_
130-5	BOI059	130	130	5	magari	magari	_	_	_	_	_	linguistic	_	none	_	_	_	_	_	_
130-6	BOI059	130	130	6	diciamo	diciamo	_	_	_	_	_	linguistic	_	none	_	_	_	_	_	_
130-7	BOI059	130	130	7	le	le	_	_	_	_	_	linguistic	_	none	_	_	_	_	_	_
130-8	BOI059	130	130	8	persone	persone	_	_	_	_	_	linguistic	_	none	_	_	_	_	_	_
130-9	BOI059	130	130	9	che	che	_	_	_	_	_	linguistic	_	none	_	_	_	_	_	_
130-10	BOI059	130	130	10	ci	ci	_	_	_	_	_	linguistic	_	none	_	_	_	_	_	_
130-11	BOI059	130	130	11	vivono	vivono	_	_	_	_	_	linguistic	_	none	_	End=282.97	_	_	_	_
131-0	BOR017	131	131	0	ti	ti	_	_	_	_	_	linguistic	_	none	_	Begin=284.008	_	_	_	_
131-1	BOR017	131	131	1	piace	piace	_	_	_	_	_	linguistic	_	none	_	_	_	_	_	_
131-2	BOR017	131	131	2	di	di	_	_	_	_	_	linguistic	_	none	_	_	_	_	_	_
131-3	BOR017	131	131	3	più	più	_	_	_	_	_	linguistic	_	none	_	_	_	_	_	_
131-4	BOR017	131	131	4	la	la	_	_	_	_	_	linguistic	_	none	_	_	_	_	_	_
131-5	BOR017	131	131	5	bologna	bologna	_	_	_	_	_	linguistic	_	none	_	_	_	_	_	_
131-6	BOR017	131	131	6	di	di	_	_	_	_	_	linguistic	_	none	_	_	_	_	_	_
131-7	BOR017	131	131	7	oggi	oggi	_	_	_	_	_	linguistic	_	none	_	_	_	_	_	_
131-8	BOR017	131	131	8	o	o	_	_	_	_	_	linguistic	_	none	_	_	_	_	_	_
131-9	BOR017	131	131	9	di	di	_	_	_	_	_	linguistic	_	none	_	_	_	_	_	_
131-10	BOR017	131	131	10	ieri?	ieri	_	_	_	_	_	linguistic	_	none	Intonation=Rising	End=286.666	_	_	_	_
132-0	BOR017	132	132	0	è	è	_	_	_	_	_	linguistic	_	none	_	Begin=288.895	_	_	_	_
132-1	BOR017	132	132	1	difficile	difficile	_	_	_	_	_	linguistic	_	none	_	_	_	_	_	_
132-2	BOR017	132	132	2	la	la	_	_	_	_	_	linguistic	_	none	_	_	_	_	_	_
132-3	BOR017	132	132	3	scelt[a]	scelta	_	_	_	_	_	linguistic	_	none	_	End=290.2	_	_	_	5-6(14)
133-0	BOI059	133	133	0	[a:]llora	allora	_	_	_	_	_	linguistic	_	none	_	Begin=290.051|End=290.726	0x1	_	_	0-1(14)
134-0	BOI059	134	134	0	mettiamola	mettiamola	_	_	_	_	_	linguistic	_	none	_	Begin=290.955	_	_	_	_
134-1	BOI059	134	134	1	così	così	_	_	_	_	_	linguistic	_	none	_	_	_	_	_	_
134-2	BOI059	134	134	2	mi	mi	_	_	_	_	_	linguistic	_	none	_	_	_	_	_	_
134-3	BOI059	134	134	3	piace	piace	_	_	_	_	_	linguistic	_	none	_	_	_	_	_	_
134-4	BOI059	134	134	4	la	la	_	_	_	_	_	linguistic	_	none	_	_	_	_	_	_
134-5	BOI059	134	134	5	bologna	bologna	_	_	_	_	_	linguistic	_	none	_	_	_	_	_	_
134-6	BOI059	134	134	6	di	di	_	_	_	_	_	linguistic	_	none	_	_	_	_	_	_
134-7	BOI059	134	134	7	oggi	oggi	_	_	_	_	_	linguistic	_	none	_	_	_	_	_	_
134-8	BOI059	134	134	8	nel	nel	_	_	_	_	_	linguistic	_	none	_	_	_	_	_	_
134-9	BOI059	134	134	9	mese	mese	_	_	_	_	_	linguistic	_	none	_	_	_	_	_	_
134-10	BOI059	134	134	10	d'	d'	_	_	_	_	_	linguistic	_	none	SpaceAfter=No	_	_	_	_	_
134-11	BOI059	134	134	11	agosto	agosto	_	_	_	_	_	linguistic	_	none	_	End=294.05	_	_	_	_
135-0	BOR017	135	135	0	{ride}	{ride}	_	_	_	_	_	nonverbalbehavior	_	none	_	Begin=294.065|End=294.716	_	_	_	_
136-0	BOI059	136	136	0	che	che	_	_	_	_	_	linguistic	_	none	_	Begin=294.388	_	_	_	_
136-1	BOI059	136	136	1	{ride}	{ride}	_	_	_	_	_	nonverbalbehavior	_	none	_	End=295.092	_	_	_	_
137-0	BOR017	137	137	0	che	che	_	_	_	_	_	linguistic	_	none	_	Begin=294.97	_	_	_	_
137-1	BOR017	137	137	1	è	è	_	_	_	_	_	linguistic	_	none	_	_	_	_	_	_
137-2	BOR017	137	137	2	vuoto	vuoto	_	_	_	_	_	linguistic	_	none	_	_	_	_	_	_
137-3	BOR017	137	137	3	ti[po]?	tipo	_	_	_	_	_	linguistic	_	none	Intonation=Rising	End=295.95	_	_	_	2-4(16)
138-0	BOI059	138	138	0	[che]	che	_	_	_	_	_	linguistic	_	none	_	Begin=295.627|End=295.935	_	_	_	0-3(16)
139-0	BOR017	139	139	0	{ride}	{ride}	_	_	_	_	_	nonverbalbehavior	_	none	_	Begin=296.025|End=296.886	_	_	_	_
140-0	BOI059	140	140	0	che	che	_	_	_	_	_	linguistic	_	none	_	Begin=296.149	_	_	_	_
140-1	BOI059	140	140	1	sì	sì	_	_	_	_	_	linguistic	_	none	_	_	_	_	_	_
140-2	BOI059	140	140	2	>nel	nel	_	_	_	_	_	linguistic	_	none	_	_	_	Fast=0-3(0)	_	_
140-3	BOI059	140	140	3	senso<	senso	_	_	_	_	_	linguistic	_	none	_	_	_	Fast=0-5(0)	_	_
140-4	BOI059	140	140	4	c(io)è	cioè	_	_	_	_	_	linguistic	_	none	_	_	_	_	1-3(0)	_
140-5	BOI059	140	140	5	eh	eh	_	_	_	_	_	linguistic	_	none	_	End=297.504	_	_	_	_
141-0	BOI059	141	141	0	c'	c'	_	_	_	_	_	linguistic	_	none	SpaceAfter=No	Begin=297.634	_	_	_	_
141-1	BOI059	141	141	1	è	è	_	_	_	_	_	linguistic	_	none	_	_	_	_	_	_
141-2	BOI059	141	141	2	la	la	_	_	_	_	_	linguistic	_	none	_	_	_	_	_	_
141-3	BOI059	141	141	3	possibilità	possibilità	_	_	_	_	_	linguistic	_	none	_	_	_	_	_	_
141-4	BOI059	141	141	4	di	di	_	_	_	_	_	linguistic	_	none	_	_	_	_	_	_
141-5	BOI059	141	141	5	andare	andare	_	_	_	_	_	linguistic	_	none	_	_	_	_	_	_
141-6	BOI059	141	141	6	in	in	_	_	_	_	_	linguistic	_	none	_	_	_	_	_	_
141-7	BOI059	141	141	7	giro	giro	_	_	_	_	_	linguistic	_	none	_	_	_	_	_	_
141-8	BOI059	141	141	8	a	a	_	_	_	_	_	linguistic	_	none	_	_	_	_	_	_
141-9	BOI059	141	141	9	riprendersi	riprendersi	_	_	_	_	_	linguistic	_	none	_	_	_	_	_	_
141-10	BOI059	141	141	10	il	il	_	_	_	_	_	linguistic	_	none	_	_	_	_	_	_
141-11	BOI059	141	141	11	centro	centro	_	_	_	_	_	linguistic	_	none	_	_	_	_	_	_
141-12	BOI059	141	141	12	girarlo	girarlo	_	_	_	_	_	linguistic	_	none	_	_	_	_	_	_
141-13	BOI059	141	141	13	con	con	_	_	_	_	_	linguistic	_	none	_	_	_	_	_	_
141-14	BOI059	141	141	14	pù	pù	_	_	_	_	_	linguistic	_	none	_	_	_	_	_	_
141-15	BOI059	141	141	15	tranquillità	tranquillità	_	_	_	_	_	linguistic	_	none	_	_	_	_	_	_
141-16	BOI059	141	141	16	con	con	_	_	_	_	_	linguistic	_	none	_	_	_	_	_	_
141-17	BOI059	141	141	17	pù	pù	_	_	_	_	_	linguistic	_	none	_	_	_	_	_	_
141-18	BOI059	141	141	18	serenità	serenità	_	_	_	_	_	linguistic	_	none	_	End=302.55	_	_	_	_
142-0	BOI059	142	142	0	>in	in	_	_	_	_	_	linguistic	_	none	_	Begin=303.01	_	Fast=0-2(0)	_	_
142-1	BOI059	142	142	1	realtà	realtà	_	_	_	_	_	linguistic	_	none	_	_	_	Fast=0-6(0)	_	_
142-2	BOI059	142	142	2	a	a	_	_	_	_	_	linguistic	_	none	_	_	_	Fast=0-1(0)	_	_
142-3	BOI059	142	142	3	me	me	_	_	_	_	_	linguistic	_	none	_	_	_	Fast=0-2(0)	_	_
142-4	BOI059	142	142	4	la	la	_	_	_	_	_	linguistic	_	none	_	_	_	Fast=0-2(0)	_	_
142-5	BOI059	142	142	5	(voglian)<	voglian	_	_	_	_	_	linguistic	_	none	_	_	_	Fast=0-7(0)	0-7(0)	_
142-6	BOI059	142	142	6	la	la	_	_	_	_	_	linguistic	_	none	_	_	_	Slow=0-2(0)	_	_
142-7	BOI059	142	142	7	bologna	bologna	_	_	_	_	_	linguistic	_	none	_	_	_	Slow=0-7(0)	_	_
142-8	BOI059	142	142	8	di	di	_	_	_	_	_	linguistic	_	none	_	_	_	Slow=0-2(0)	_	_
142-9	BOI059	142	142	9	oggi	oggi	_	_	_	_	_	linguistic	_	none	_	_	_	Slow=0-4(0)	_	_
142-10	BOI059	142	142	10	piace	piace	_	_	_	_	_	linguistic	_	none	_	_	_	Slow=0-5(0)	_	_
142-11	BOI059	142	142	11	con	con	_	_	_	_	_	linguistic	_	none	_	_	_	Slow=0-3(0)	_	_
142-12	BOI059	142	142	12	tutte	tutte	_	_	_	_	_	linguistic	_	none	_	_	_	Slow=0-5(0)	_	_
142-13	BOI059	142	142	13	le	le	_	_	_	_	_	linguistic	_	none	_	_	_	Slow=0-2(0)	_	_
142-14	BOI059	142	142	14	le:	le	_	_	_	_	_	linguistic	_	none	_	_	1x1	Slow=0-2(0)	_	_
142-15	BOI059	142	142	15	mh	mh	_	_	_	_	_	linguistic	_	none	_	_	_	Slow=0-2(0)	_	_
142-16	BOI059	142	142	16	le	le	_	_	_	_	_	linguistic	_	none	_	_	_	Slow=0-2(0)	_	_
142-17	BOI059	142	142	17	possibilità	possibilità	_	_	_	_	_	linguistic	_	none	_	_	_	Slow=0-11(0)	_	_
142-18	BOI059	142	142	18	che	che	_	_	_	_	_	linguistic	_	none	_	_	_	Slow=0-3(0)	_	_
142-19	BOI059	142	142	19	ci	ci	_	_	_	_	_	linguistic	_	none	_	_	_	Slow=0-2(0)	_	_
142-20	BOI059	142	142	20	sono	sono	_	_	_	_	_	linguistic	_	none	_	_	_	Slow=0-4(0)	_	_
142-21	BOI059	142	142	21	cose	cose	_	_	_	_	_	linguistic	_	none	_	_	_	Slow=0-4(0)	_	_
142-22	BOI059	142	142	22	>che	che	_	_	_	_	_	linguistic	_	none	_	_	_	Fast=0-3(1)	_	_
142-23	BOI059	142	142	23	prima	prima	_	_	_	_	_	linguistic	_	none	_	_	_	Fast=0-5(1)	_	_
142-24	BOI059	142	142	24	non	non	_	_	_	_	_	linguistic	_	none	_	_	_	Fast=0-3(1)	_	_
142-25	BOI059	142	142	25	c'	c'	_	_	_	_	_	linguistic	_	none	SpaceAfter=No	_	_	Fast=0-2(1)	_	_
142-26	BOI059	142	142	26	erano<	erano	_	_	_	_	_	linguistic	_	none	_	_	_	Fast=0-5(1)	_	_
142-27	BOI059	142	142	27	anche	anche	_	_	_	_	_	linguistic	_	none	_	_	_	_	_	_
142-28	BOI059	142	142	28	solame:nte	solamente	_	_	_	_	_	linguistic	_	none	_	End=310.278	5x1	_	_	_
143-0	BOI059	143	143	0	avendo	avendo	_	_	_	_	_	linguistic	_	none	_	Begin=310.642	_	_	_	_
143-1	BOI059	143	143	1	passione	passione	_	_	_	_	_	linguistic	_	none	_	_	_	_	_	_
143-2	BOI059	143	143	2	magari	magari	_	_	_	_	_	linguistic	_	none	_	_	_	_	_	_
143-3	BOI059	143	143	3	per	per	_	_	_	_	_	linguistic	_	none	_	_	_	_	_	_
143-4	BOI059	143	143	4	un	un	_	_	_	_	_	linguistic	_	none	_	_	_	_	_	_
143-5	BOI059	143	143	5	trucco	trucco	_	_	_	_	_	linguistic	_	none	_	_	_	_	_	_
143-6	BOI059	143	143	6	teatra:le	teatrale	_	_	_	_	_	linguistic	_	none	_	End=312.938	5x1	_	_	_
144-0	BOI059	144	144	0	trovare	trovare	_	_	_	_	_	linguistic	_	none	_	Begin=313.165	_	_	_	_
144-1	BOI059	144	144	1	il	il	_	_	_	_	_	linguistic	_	none	_	_	_	_	_	_
144-2	BOI059	144	144	2	negozio	negozio	_	_	_	_	_	linguistic	_	none	_	_	_	_	_	_
144-3	BOI059	144	144	3	che	che	_	_	_	_	_	linguistic	_	none	_	_	_	_	_	_
144-4	BOI059	144	144	4	ti	ti	_	_	_	_	_	linguistic	_	none	_	_	_	_	_	_
144-5	BOI059	144	144	5	fa	fa	_	_	_	_	_	linguistic	_	none	_	_	_	_	_	_
144-6	BOI059	144	144	6	il	il	_	_	_	_	_	linguistic	_	none	_	_	_	_	_	_
144-7	BOI059	144	144	7	trucco	trucco	_	_	_	_	_	linguistic	_	none	_	_	_	_	_	_
144-8	BOI059	144	144	8	particolare	particolare	_	_	_	_	_	linguistic	_	none	_	_	_	_	_	_
144-9	BOI059	144	144	9	una	una	_	_	_	_	_	linguistic	_	none	_	_	_	_	_	_
144-10	BOI059	144	144	10	volta	volta	_	_	_	_	_	linguistic	_	none	_	_	_	_	_	_
144-11	BOI059	144	144	11	non	non	_	_	_	_	_	linguistic	_	none	_	_	_	_	_	_
144-12	BOI059	144	144	12	esistevano	esistevano	_	_	_	_	_	linguistic	_	none	_	_	_	_	_	_
144-13	BOI059	144	144	13	ste	ste	_	_	_	_	_	linguistic	_	none	_	_	_	_	_	_
144-14	BOI059	144	144	14	robe	robe	_	_	_	_	_	linguistic	_	none	_	_	_	_	_	_
144-15	BOI059	144	144	15	dovevi	dovevi	_	_	_	_	_	linguistic	_	none	_	_	_	_	_	_
144-16	BOI059	144	144	16	andare	andare	_	_	_	_	_	linguistic	_	none	_	_	_	_	_	_
144-17	BOI059	144	144	17	oltre	oltre	_	_	_	_	_	linguistic	_	none	_	_	_	_	_	_
144-18	BOI059	144	144	18	santo	santo	_	_	_	_	_	linguistic	_	none	_	_	_	_	_	_
144-19	BOI059	144	144	19	stefano	stefano	_	_	_	_	_	linguistic	_	none	_	_	_	_	_	_
144-20	BOI059	144	144	20	e	e	_	_	_	_	_	linguistic	_	none	_	_	_	_	_	_
144-21	BOI059	144	144	21	poi	poi	_	_	_	_	_	linguistic	_	none	_	_	_	_	_	_
144-22	BOI059	144	144	22	per	per	_	_	_	_	_	linguistic	_	none	_	_	_	_	_	_
144-23	BOI059	144	144	23	miracolo	miracolo	_	_	_	_	_	linguistic	_	none	_	_	_	_	_	_
144-24	BOI059	144	144	24	se	se	_	_	_	_	_	linguistic	_	none	_	_	_	_	_	_
144-25	BOI059	144	144	25	c'	c'	_	_	_	_	_	linguistic	_	none	SpaceAfter=No	_	_	_	_	_
144-26	BOI059	144	144	26	era	era	_	_	_	_	_	linguistic	_	none	_	_	_	_	_	_
144-27	BOI059	144	144	27	qualcosa	qualcosa	_	_	_	_	_	linguistic	_	none	_	End=319.98	_	_	_	_
145-0	BOI059	145	145	0	quindi	quindi	_	_	_	_	_	linguistic	_	none	_	Begin=320.395|End=320.684	_	_	_	_
146-0	BOI059	146	146	0	mi	mi	_	_	_	_	_	linguistic	_	none	_	Begin=320.969	_	_	_	_
146-1	BOI059	146	146	1	piace	piace	_	_	_	_	_	linguistic	_	none	_	_	_	_	_	_
146-2	BOI059	146	146	2	la	la	_	_	_	_	_	linguistic	_	none	_	_	_	_	_	_
146-3	BOI059	146	146	3	bologna	bologna	_	_	_	_	_	linguistic	_	none	_	_	_	_	_	_
146-4	BOI059	146	146	4	di	di	_	_	_	_	_	linguistic	_	none	_	_	_	_	_	_
146-5	BOI059	146	146	5	oggi	oggi	_	_	_	_	_	linguistic	_	none	_	End=322.746	_	_	_	_
147-0	BOI059	147	147	0	m:h	mh	_	_	_	_	_	linguistic	_	none	_	Begin=323.268|End=324.133	0x1	_	_	_
148-0	BOI059	148	148	0	non	non	_	_	_	_	_	linguistic	_	none	_	Begin=324.337	_	_	_	_
148-1	BOI059	148	148	1	sono	sono	_	_	_	_	_	linguistic	_	none	_	_	_	_	_	_
148-2	BOI059	148	148	2	entusiasta	entusiasta	_	_	_	_	_	linguistic	_	none	_	_	_	_	_	_
148-3	BOI059	148	148	3	degli	degli	_	_	_	_	_	linguistic	_	none	_	_	_	_	_	_
148-4	BOI059	148	148	4	abitanti	abitanti	_	_	_	_	_	linguistic	_	none	_	_	_	_	_	_
148-5	BOI059	148	148	5	della	della	_	_	_	_	_	linguistic	_	none	_	_	_	_	_	_
148-6	BOI059	148	148	6	bologna	bologna	_	_	_	_	_	linguistic	_	none	_	_	_	_	_	_
148-7	BOI059	148	148	7	di	di	_	_	_	_	_	linguistic	_	none	_	_	_	_	_	_
148-8	BOI059	148	148	8	oggi	oggi	_	_	_	_	_	linguistic	_	none	_	_	_	_	_	_
148-9	BOI059	148	148	9	mettiamola	mettiamola	_	_	_	_	_	linguistic	_	none	_	_	_	_	_	_
148-10	BOI059	148	148	10	così	così	_	_	_	_	_	linguistic	_	none	_	_	_	_	_	_
148-11	BOI059	148	148	11	ecco	ecco	_	_	_	_	_	linguistic	_	none	_	End=328.925	_	_	_	_
149-0	BOR017	149	149	0	{schiocca_la_lingua}	{schiocca_la_lingua}	_	_	_	_	_	nonverbalbehavior	_	none	_	Begin=329.291|End=329.401	_	_	_	_
150-0	BOR017	150	150	0	<°okay°>	okay	_	_	_	_	_	linguistic	_	none	Volume=low	Begin=329.571|End=330.148	_	Slow=0-4(0)	_	_
151-0	BOR017	151	151	0	eh	eh	_	_	_	_	_	linguistic	_	none	_	Begin=330.421	_	_	_	_
151-1	BOR017	151	151	1	che	che	_	_	_	_	_	linguistic	_	none	_	_	_	_	_	_
151-2	BOR017	151	151	2	cosa	cosa	_	_	_	_	_	linguistic	_	none	_	_	_	_	_	_
151-3	BOR017	151	151	3	fai	fai	_	_	_	_	_	linguistic	_	none	_	_	_	_	_	_
151-4	BOR017	151	151	4	nel	nel	_	_	_	_	_	linguistic	_	none	_	_	_	_	_	_
151-5	BOR017	151	151	5	tuo	tuo	_	_	_	_	_	linguistic	_	none	_	_	_	_	_	_
151-6	BOR017	151	151	6	tempo	tempo	_	_	_	_	_	linguistic	_	none	_	_	_	_	_	_
151-7	BOR017	151	151	7	libero?	libero	_	_	_	_	_	linguistic	_	none	Intonation=Rising	End=332.557	_	_	_	_
152-0	BOR017	152	152	0	come	come	_	_	_	_	_	linguistic	_	none	_	Begin=332.687	_	_	_	_
152-1	BOR017	152	152	1	trascorri	trascorri	_	_	_	_	_	linguistic	_	none	_	_	_	_	_	_
152-2	BOR017	152	152	2	ad	ad	_	_	_	_	_	linguistic	_	none	_	_	_	_	_	_
152-3	BOR017	152	152	3	esempio	esempio	_	_	_	_	_	linguistic	_	none	_	_	_	_	_	_
152-4	BOR017	152	152	4	anche	anche	_	_	_	_	_	linguistic	_	none	_	_	_	_	_	_
152-5	BOR017	152	152	5	le	le	_	_	_	_	_	linguistic	_	none	_	_	_	_	_	_
152-6	BOR017	152	152	6	vacanze?	vacanze	_	_	_	_	_	linguistic	_	none	Intonation=Rising	_	_	_	_	_
152-7	BOR017	152	152	7	visto	visto	_	_	_	_	_	linguistic	_	none	_	_	_	_	_	_
152-8	BOR017	152	152	8	che	che	_	_	_	_	_	linguistic	_	none	_	_	_	_	_	_
152-9	BOR017	152	152	9	ago:sto	agosto	_	_	_	_	_	linguistic	_	none	_	_	2x1	_	_	_
152-10	BOR017	152	152	10	{ride}	{ride}	_	_	_	_	_	nonverbalbehavior	_	none	_	_	_	_	_	_
152-11	BOR017	152	152	11	qui	qui	_	_	_	_	_	linguistic	_	none	_	_	_	_	_	_
152-12	BOR017	152	152	12	bo[logna	bologna	_	_	_	_	_	linguistic	_	none	_	_	_	_	_	2-7(?)
152-13	BOR017	152	152	13	è	è	_	_	_	_	_	linguistic	_	none	_	_	_	_	_	0-1(?)
152-14	BOR017	152	152	14	li][bera]	libera	_	_	_	_	_	linguistic	_	none	_	End=337.043	_	_	_	2-6(?)
153-0	BOI059	153	153	0	[esatto]	esatto	_	_	_	_	_	linguistic	_	none	_	Begin=336.015	_	_	_	0-6(?)
153-1	BOI059	153	153	1	[allora]	allora	_	_	_	_	_	linguistic	_	none	_	End=337.035	_	_	_	0-6(?)
154-0	BOI059	154	154	0	io	io	_	_	_	_	_	linguistic	_	none	_	Begin=337.286	_	_	_	_
154-1	BOI059	154	154	1	trascorro	trascorro	_	_	_	_	_	linguistic	_	none	_	_	_	_	_	_
154-2	BOI059	154	154	2	le	le	_	_	_	_	_	linguistic	_	none	_	_	_	_	_	_
154-3	BOI059	154	154	3	vaca:nze	vacanze	_	_	_	_	_	linguistic	_	none	_	End=338.927	3x1	_	_	_
155-0	BOI059	155	155	0	stesso	stesso	_	_	_	_	_	linguistic	_	none	_	Begin=339.065	_	_	_	_
155-1	BOI059	155	155	1	discorso	discorso	_	_	_	_	_	linguistic	_	none	_	_	_	_	_	_
155-2	BOI059	155	155	2	nel	nel	_	_	_	_	_	linguistic	_	none	_	_	_	_	_	_
155-3	BOI059	155	155	3	mese	mese	_	_	_	_	_	linguistic	_	none	_	_	_	_	_	_
155-4	BOI059	155	155	4	di	di	_	_	_	_	_	linguistic	_	none	_	_	_	_	_	_
155-5	BOI059	155	155	5	giugno	giugno	_	_	_	_	_	linguistic	_	none	_	End=340.776	_	_	_	_
156-0	BOR017	156	156	0	mh	mh	_	_	_	_	_	linguistic	_	none	_	Begin=340.776|End=340.985	_	_	_	_
157-0	BOI059	157	157	0	per	per	_	_	_	_	_	linguistic	_	none	_	Begin=341.015	_	_	_	_
157-1	BOI059	157	157	1	evitare	evitare	_	_	_	_	_	linguistic	_	none	_	End=341.826	_	_	_	_
158-0	BOI059	158	158	0	di	di	_	_	_	_	_	linguistic	_	none	_	Begin=342.029	_	_	_	_
158-1	BOI059	158	158	1	avere	avere	_	_	_	_	_	linguistic	_	none	_	_	_	_	_	_
158-2	BOI059	158	158	2	addosso	addosso	_	_	_	_	_	linguistic	_	none	_	_	_	_	_	_
158-3	BOI059	158	158	3	la	la	_	_	_	_	_	linguistic	_	none	_	_	_	_	_	_
158-4	BOI059	158	158	4	[gente]	gente	_	_	_	_	_	linguistic	_	none	_	End=343.422	_	_	_	0-5(18)
159-0	BOR017	159	159	0	[mhmh]	mhmh	_	_	_	_	_	linguistic	_	none	_	Begin=343.107|End=343.407	_	_	_	0-4(18)
160-0	BOI059	160	160	0	>in	in	_	_	_	_	_	linguistic	_	none	_	Begin=343.741	_	Fast=0-2(0)	_	_
160-1	BOI059	160	160	1	generale	generale	_	_	_	_	_	linguistic	_	none	_	_	_	Fast=0-8(0)	_	_
160-2	BOI059	160	160	2	a	a	_	_	_	_	_	linguistic	_	none	_	_	_	Fast=0-1(0)	_	_
160-3	BOI059	160	160	3	me	me	_	_	_	_	_	linguistic	_	none	_	_	_	Fast=0-2(0)	_	_
160-4	BOI059	160	160	4	allora<	allora	_	_	_	_	_	linguistic	_	none	_	_	_	Fast=0-6(0)	_	_
160-5	BOI059	160	160	5	le	le	_	_	_	_	_	linguistic	_	none	_	_	_	_	_	_
160-6	BOI059	160	160	6	vacanze	vacanze	_	_	_	_	_	linguistic	_	none	_	_	_	_	_	_
160-7	BOI059	160	160	7	c(io)è	cioè	_	_	_	_	_	linguistic	_	none	_	_	_	_	1-3(0)	_
160-8	BOI059	160	160	8	per	per	_	_	_	_	_	linguistic	_	none	_	_	_	_	_	_
160-9	BOI059	160	160	9	il	il	_	_	_	_	_	linguistic	_	none	_	_	_	_	_	_
160-10	BOI059	160	160	10	farle	farle	_	_	_	_	_	linguistic	_	none	_	_	_	_	_	_
160-11	BOI059	160	160	11	fuori	fuori	_	_	_	_	_	linguistic	_	none	_	_	_	_	_	_
160-12	BOI059	160	160	12	perché	perché	_	_	_	_	_	linguistic	_	none	_	_	_	_	_	_
160-13	BOI059	160	160	13	bologna	bologna	_	_	_	_	_	linguistic	_	none	_	_	_	_	_	_
160-14	BOI059	160	160	14	la	la	_	_	_	_	_	linguistic	_	none	_	_	_	_	_	_
160-15	BOI059	160	160	15	conosco	conosco	_	_	_	_	_	linguistic	_	none	_	End=348.076	_	_	_	_
161-0	BOI059	161	161	0	magari	magari	_	_	_	_	_	linguistic	_	none	_	Begin=348.626	_	_	_	_
161-1	BOI059	161	161	1	nella	nella	_	_	_	_	_	linguistic	_	none	_	_	_	_	_	_
161-2	BOI059	161	161	2	settimana	settimana	_	_	_	_	_	linguistic	_	none	_	_	_	_	_	_
161-3	BOI059	161	161	3	di	di	_	_	_	_	_	linguistic	_	none	_	_	_	_	_	_
161-4	BOI059	161	161	4	sta:cco	stacco	_	_	_	_	_	linguistic	_	none	_	_	2x1	_	_	_
161-5	BOI059	161	161	5	che	che	_	_	_	_	_	linguistic	_	none	_	_	_	_	_	_
161-6	BOI059	161	161	6	mi	mi	_	_	_	_	_	linguistic	_	none	_	_	_	_	_	_
161-7	BOI059	161	161	7	prendo	prendo	_	_	_	_	_	linguistic	_	none	_	_	_	_	_	_
161-8	BOI059	161	161	8	di	di	_	_	_	_	_	linguistic	_	none	_	_	_	_	_	_
161-9	BOI059	161	161	9	solito	solito	_	_	_	_	_	linguistic	_	none	_	_	_	_	_	_
161-10	BOI059	161	161	10	lavorando	lavorando	_	_	_	_	_	linguistic	_	none	_	_	_	_	_	_
161-11	BOI059	161	161	11	sotto	sotto	_	_	_	_	_	linguistic	_	none	_	_	_	_	_	_
161-12	BOI059	161	161	12	natale	natale	_	_	_	_	_	linguistic	_	none	_	_	_	_	_	_
161-13	BOI059	161	161	13	piuttosto	piuttosto	_	_	_	_	_	linguistic	_	none	_	_	_	_	_	_
161-14	BOI059	161	161	14	>che	che	_	_	_	_	_	linguistic	_	none	_	_	_	Fast=0-3(0)	_	_
161-15	BOI059	161	161	15	nei	nei	_	_	_	_	_	linguistic	_	none	_	_	_	Fast=0-3(0)	_	_
161-16	BOI059	161	161	16	primi	primi	_	_	_	_	_	linguistic	_	none	_	_	_	Fast=0-5(0)	_	_
161-17	BOI059	161	161	17	mesi	mesi	_	_	_	_	_	linguistic	_	none	_	_	_	Fast=0-4(0)	_	_
161-18	BOI059	161	161	18	dell'	dell'	_	_	_	_	_	linguistic	_	none	SpaceAfter=No	_	_	Fast=0-5(0)	_	_
161-19	BOI059	161	161	19	anno	anno	_	_	_	_	_	linguistic	_	none	_	_	_	Fast=0-4(0)	_	_
161-20	BOI059	161	161	20	invece<	invece	_	_	_	_	_	linguistic	_	none	_	End=355.925	_	Fast=0-6(0)	_	_
162-0	BOI059	162	162	0	o	o	_	_	_	_	_	linguistic	_	none	_	Begin=356.308	_	_	_	_
162-1	BOI059	162	162	1	>anche	anche	_	_	_	_	_	linguistic	_	none	_	_	_	Fast=0-5(0)	_	_
162-2	BOI059	162	162	2	lì<	lì	_	_	_	_	_	linguistic	_	none	_	_	_	Fast=0-2(0)	_	_
162-3	BOI059	162	162	3	tempo	tempo	_	_	_	_	_	linguistic	_	none	_	_	_	_	_	_
162-4	BOI059	162	162	4	libero	libero	_	_	_	_	_	linguistic	_	none	_	End=358.084	_	_	_	_
163-0	BOI059	163	163	0	mi	mi	_	_	_	_	_	linguistic	_	none	_	Begin=358.523	_	_	_	_
163-1	BOI059	163	163	1	piace	piace	_	_	_	_	_	linguistic	_	none	_	_	_	_	_	_
163-2	BOI059	163	163	2	moltissimo	moltissimo	_	_	_	_	_	linguistic	_	none	_	_	_	_	_	_
163-3	BOI059	163	163	3	la	la	_	_	_	_	_	linguistic	_	none	_	_	_	_	_	_
163-4	BOI059	163	163	4	pre~	pre~	_	_	_	_	_	linguistic	_	none	Interrupted=Yes	_	_	_	_	_
163-5	BOI059	163	163	5	la	la	_	_	_	_	_	linguistic	_	none	_	_	_	_	_	_
163-6	BOI059	163	163	6	piega	piega	_	_	_	_	_	linguistic	_	none	_	_	_	_	_	_
163-7	BOI059	163	163	7	che	che	_	_	_	_	_	linguistic	_	none	_	_	_	_	_	_
163-8	BOI059	163	163	8	ha	ha	_	_	_	_	_	linguistic	_	none	_	_	_	_	_	_
163-9	BOI059	163	163	9	preso	preso	_	_	_	_	_	linguistic	_	none	_	_	_	_	_	_
163-10	BOI059	163	163	10	bologna	bologna	_	_	_	_	_	linguistic	_	none	_	_	_	_	_	_
163-11	BOI059	163	163	11	con	con	_	_	_	_	_	linguistic	_	none	_	_	_	_	_	_
163-12	BOI059	163	163	12	le	le	_	_	_	_	_	linguistic	_	none	_	_	_	_	_	_
163-13	BOI059	163	163	13	mostre	mostre	_	_	_	_	_	linguistic	_	none	_	End=361.647	_	_	_	_
164-0	BOI059	164	164	0	c(io)è	cioè	_	_	_	_	_	linguistic	_	none	_	Begin=361.682	_	_	1-3(0)	_
164-1	BOI059	164	164	1	uno	uno	_	_	_	_	_	linguistic	_	none	_	_	_	_	_	_
164-2	BOI059	164	164	2	ha	ha	_	_	_	_	_	linguistic	_	none	_	_	_	_	_	_
164-3	BOI059	164	164	3	tempo	tempo	_	_	_	_	_	linguistic	_	none	_	_	_	_	_	_
164-4	BOI059	164	164	4	di	di	_	_	_	_	_	linguistic	_	none	_	_	_	_	_	_
164-5	BOI059	164	164	5	andare	andare	_	_	_	_	_	linguistic	_	none	_	_	_	_	_	_
164-6	BOI059	164	164	6	a	a	_	_	_	_	_	linguistic	_	none	_	_	_	_	_	_
164-7	BOI059	164	164	7	vedere	vedere	_	_	_	_	_	linguistic	_	none	_	_	_	_	_	_
164-8	BOI059	164	164	8	una	una	_	_	_	_	_	linguistic	_	none	_	_	_	_	_	_
164-9	BOI059	164	164	9	mostra	mostra	_	_	_	_	_	linguistic	_	none	_	End=363.458	_	_	_	_
165-0	BOI059	165	165	0	figa	figa	_	_	_	_	_	linguistic	_	none	_	Begin=363.82	_	_	_	_
165-1	BOI059	165	165	1	in	in	_	_	_	_	_	linguistic	_	none	_	_	_	_	_	_
165-2	BOI059	165	165	2	giro	giro	_	_	_	_	_	linguistic	_	none	_	_	_	_	_	_
165-3	BOI059	165	165	3	per	per	_	_	_	_	_	linguistic	_	none	_	_	_	_	_	_
165-4	BOI059	165	165	4	bologna	bologna	_	_	_	_	_	linguistic	_	none	_	End=365.457	_	_	_	_
166-0	BOI059	166	166	0	senza	senza	_	_	_	_	_	linguistic	_	none	_	Begin=365.981	_	_	_	_
166-1	BOI059	166	166	1	per	per	_	_	_	_	_	linguistic	_	none	_	_	_	_	_	_
166-2	BOI059	166	166	2	forza	forza	_	_	_	_	_	linguistic	_	none	_	_	_	_	_	_
166-3	BOI059	166	166	3	aver	aver	_	_	_	_	_	linguistic	_	none	_	End=367.433	_	_	_	_
167-0	BOI059	167	167	0	del	del	_	_	_	_	_	linguistic	_	none	_	Begin=367.641|End=367.865	_	_	_	_
168-0	BOI059	168	168	0	m:h	mh	_	_	_	_	_	linguistic	_	none	_	Begin=368.069|End=368.656	0x1	_	_	_
169-0	BOI059	169	169	0	della	della	_	_	_	_	_	linguistic	_	none	_	Begin=368.755	_	_	_	_
169-1	BOI059	169	169	1	remora	remora	_	_	_	_	_	linguistic	_	none	_	_	_	_	_	_
169-2	BOI059	169	169	2	oddio	oddio	_	_	_	_	_	linguistic	_	none	_	_	_	_	_	_
169-3	BOI059	169	169	3	devo	devo	_	_	_	_	_	linguistic	_	none	_	_	_	_	_	_
169-4	BOI059	169	169	4	andare	andare	_	_	_	_	_	linguistic	_	none	_	_	_	_	_	_
169-5	BOI059	169	169	5	per	per	_	_	_	_	_	linguistic	_	none	_	_	_	_	_	_
169-6	BOI059	169	169	6	una	una	_	_	_	_	_	linguistic	_	none	_	_	_	_	_	_
169-7	BOI059	169	169	7	mostra	mostra	_	_	_	_	_	linguistic	_	none	_	_	_	_	_	_
169-8	BOI059	169	169	8	figa	figa	_	_	_	_	_	linguistic	_	none	_	_	_	_	_	_
169-9	BOI059	169	169	9	fino	fino	_	_	_	_	_	linguistic	_	none	_	_	_	_	_	_
169-10	BOI059	169	169	10	a	a	_	_	_	_	_	linguistic	_	none	_	_	_	_	_	_
169-11	BOI059	169	169	11	milano	milano	_	_	_	_	_	linguistic	_	none	_	End=371.284	_	_	_	_
170-0	BOI059	170	170	0	#anche	#anche	_	_	_	_	_	error	_	none	_	Begin=371.587	_	_	_	_
170-1	BOI059	170	170	1	lì	lì	_	_	_	_	_	linguistic	_	none	_	_	_	_	_	_
170-2	BOI059	170	170	2	quando	quando	_	_	_	_	_	linguistic	_	none	_	_	_	_	_	_
170-3	BOI059	170	170	3	ero:	ero	_	_	_	_	_	linguistic	_	none	_	_	2x1	_	_	_
170-4	BOI059	170	170	4	cinna	cinna	_	_	_	_	_	linguistic	_	none	_	_	_	_	_	_
170-5	BOI059	170	170	5	io	io	_	_	_	_	_	linguistic	_	none	_	_	_	_	_	_
170-6	BOI059	170	170	6	dovevi	dovevi	_	_	_	_	_	linguistic	_	none	_	_	_	_	_	_
170-7	BOI059	170	170	7	andare	andare	_	_	_	_	_	linguistic	_	none	_	_	_	_	_	_
170-8	BOI059	170	170	8	fuori	fuori	_	_	_	_	_	linguistic	_	none	_	_	_	_	_	_
170-9	BOI059	170	170	9	per	per	_	_	_	_	_	linguistic	_	none	_	_	_	_	_	_
170-10	BOI059	170	170	10	vedere	vedere	_	_	_	_	_	linguistic	_	none	_	_	_	_	_	_
170-11	BOI059	170	170	11	cose	cose	_	_	_	_	_	linguistic	_	none	_	_	_	_	_	_
170-12	BOI059	170	170	12	belle	belle	_	_	_	_	_	linguistic	_	none	_	End=375.099	_	_	_	_
171-0	BOI059	171	171	0	adesso	adesso	_	_	_	_	_	linguistic	_	none	_	Begin=375.334	_	_	_	_
171-1	BOI059	171	171	1	>invece<	invece	_	_	_	_	_	linguistic	_	none	_	End=375.975	_	Fast=0-6(0)	_	_
172-0	BOI059	172	172	0	parte	parte	_	_	_	_	_	linguistic	_	none	_	Begin=376.298	_	_	_	_
172-1	BOI059	172	172	1	di	di	_	_	_	_	_	linguistic	_	none	_	_	_	_	_	_
172-2	BOI059	172	172	2	bologna	bologna	_	_	_	_	_	linguistic	_	none	_	_	_	_	_	_
172-3	BOI059	172	172	3	che	che	_	_	_	_	_	linguistic	_	none	_	_	_	_	_	_
172-4	BOI059	172	172	4	mi	mi	_	_	_	_	_	linguistic	_	none	_	_	_	_	_	_
172-5	BOI059	172	172	5	piace	piace	_	_	_	_	_	linguistic	_	none	_	_	_	_	_	_
172-6	BOI059	172	172	6	della	della	_	_	_	_	_	linguistic	_	none	_	_	_	_	_	_
172-7	BOI059	172	172	7	modifica	modifica	_	_	_	_	_	linguistic	_	none	_	End=378.388	_	_	_	_
173-0	BOI059	173	173	0	adesso	adesso	_	_	_	_	_	linguistic	_	none	_	Begin=378.623	_	_	_	_
173-1	BOI059	173	173	1	è	è	_	_	_	_	_	linguistic	_	none	_	_	_	_	_	_
173-2	BOI059	173	173	2	facile	facile	_	_	_	_	_	linguistic	_	none	_	End=379.68	_	_	_	_
174-0	BOI059	174	174	0	fare	fare	_	_	_	_	_	linguistic	_	none	_	Begin=380.014	_	_	_	_
174-1	BOI059	174	174	1	una	una	_	_	_	_	_	linguistic	_	none	_	_	_	_	_	_
174-2	BOI059	174	174	2	roba	roba	_	_	_	_	_	linguistic	_	none	_	_	_	_	_	_
174-3	BOI059	174	174	3	figa	figa	_	_	_	_	_	linguistic	_	none	_	_	_	_	_	_
174-4	BOI059	174	174	4	e	e	_	_	_	_	_	linguistic	_	none	_	_	_	_	_	_
174-5	BOI059	174	174	5	andare	andare	_	_	_	_	_	linguistic	_	none	_	_	_	_	_	_
174-6	BOI059	174	174	6	magari	magari	_	_	_	_	_	linguistic	_	none	_	_	_	_	_	_
174-7	BOI059	174	174	7	appunto	appunto	_	_	_	_	_	linguistic	_	none	_	_	_	_	_	_
174-8	BOI059	174	174	8	a	a	_	_	_	_	_	linguistic	_	none	_	_	_	_	_	_
174-9	BOI059	174	174	9	vedersi	vedersi	_	_	_	_	_	linguistic	_	none	_	_	_	_	_	_
174-10	BOI059	174	174	10	una	una	_	_	_	_	_	linguistic	_	none	_	_	_	_	_	_
174-11	BOI059	174	174	11	bella	bella	_	_	_	_	_	linguistic	_	none	_	_	_	_	_	_
174-12	BOI059	174	174	12	mostra	mostra	_	_	_	_	_	linguistic	_	none	_	_	_	_	_	_
174-13	BOI059	174	174	13	in	in	_	_	_	_	_	linguistic	_	none	_	_	_	_	_	_
174-14	BOI059	174	174	14	giro	giro	_	_	_	_	_	linguistic	_	none	_	_	_	_	_	_
174-15	BOI059	174	174	15	per	per	_	_	_	_	_	linguistic	_	none	_	_	_	_	_	_
174-16	BOI059	174	174	16	bologna	bologna	_	_	_	_	_	linguistic	_	none	_	End=384.328	_	_	_	_
175-0	BOR017	175	175	0	a	a	_	_	_	_	_	linguistic	_	none	_	Begin=384.677	_	_	_	_
175-1	BOR017	175	175	1	proposito	proposito	_	_	_	_	_	linguistic	_	none	_	_	_	_	_	_
175-2	BOR017	175	175	2	di	di	_	_	_	_	_	linguistic	_	none	_	_	_	_	_	_
175-3	BOR017	175	175	3	andare	andare	_	_	_	_	_	linguistic	_	none	_	_	_	_	_	_
175-4	BOR017	175	175	4	in	in	_	_	_	_	_	linguistic	_	none	_	_	_	_	_	_
175-5	BOR017	175	175	5	giro	giro	_	_	_	_	_	linguistic	_	none	_	_	_	_	_	_
175-6	BOR017	175	175	6	vai	vai	_	_	_	_	_	linguistic	_	none	_	_	_	_	_	_
175-7	BOR017	175	175	7	al	al	_	_	_	_	_	linguistic	_	none	_	_	_	_	_	_
175-8	BOR017	175	175	8	mercato?	mercato	_	_	_	_	_	linguistic	_	none	Intonation=Rising	End=387.244	_	_	_	_
176-0	BOI059	176	176	0	quale?	quale	_	_	_	_	_	linguistic	_	none	Intonation=Rising	Begin=387.786	_	_	_	_
176-1	BOI059	176	176	1	c(io)è	cioè	_	_	_	_	_	linguistic	_	none	_	_	_	_	1-3(0)	_
176-2	BOI059	176	176	2	nel	nel	_	_	_	_	_	linguistic	_	none	_	_	_	_	_	_
176-3	BOI059	176	176	3	senso	senso	_	_	_	_	_	linguistic	_	none	_	_	_	_	_	_
176-4	BOI059	176	176	4	allora	allora	_	_	_	_	_	linguistic	_	none	_	End=389.448	_	_	_	_
177-0	BOI059	177	177	0	da	da	_	_	_	_	_	linguistic	_	none	_	Begin=389.607	_	_	_	_
177-1	BOI059	177	177	1	bolognese	bolognese	_	_	_	_	_	linguistic	_	none	_	_	_	_	_	_
177-2	BOI059	177	177	2	>ti	ti	_	_	_	_	_	linguistic	_	none	_	_	_	Fast=0-2(0)	_	_
177-3	BOI059	177	177	3	dico	dico	_	_	_	_	_	linguistic	_	none	_	_	_	Fast=0-4(0)	_	_
177-4	BOI059	177	177	4	che<	che	_	_	_	_	_	linguistic	_	none	_	End=390.806	_	Fast=0-3(0)	_	_
178-0	BOI059	178	178	0	se	se	_	_	_	_	_	linguistic	_	none	_	Begin=391.163	_	_	_	_
178-1	BOI059	178	178	1	per	per	_	_	_	_	_	linguistic	_	none	_	_	_	_	_	_
178-2	BOI059	178	178	2	mercato	mercato	_	_	_	_	_	linguistic	_	none	_	_	_	_	_	_
178-3	BOI059	178	178	3	intendi	intendi	_	_	_	_	_	linguistic	_	none	_	_	_	_	_	_
178-4	BOI059	178	178	4	la	la	_	_	_	_	_	linguistic	_	none	_	_	_	_	_	_
178-5	BOI059	178	178	5	mon~	mon~	_	_	_	_	_	linguistic	_	none	Interrupted=Yes	_	_	_	_	_
178-6	BOI059	178	178	6	la	la	_	_	_	_	_	linguistic	_	none	_	_	_	_	_	_
178-7	BOI059	178	178	7	piazzo:la	piazzola	_	_	_	_	_	linguistic	_	none	_	End=393.726	5x1	_	_	_
179-0	BOI059	179	179	0	solo	solo	_	_	_	_	_	linguistic	_	none	_	Begin=393.881	_	_	_	_
179-1	BOI059	179	179	1	in	in	_	_	_	_	_	linguistic	_	none	_	_	_	_	_	_
179-2	BOI059	179	179	2	certi	certi	_	_	_	_	_	linguistic	_	none	_	_	_	_	_	_
179-3	BOI059	179	179	3	momenti	momenti	_	_	_	_	_	linguistic	_	none	_	End=395.308	_	_	_	_
180-0	BOI059	180	180	0	perché	perché	_	_	_	_	_	linguistic	_	none	_	Begin=396.14	_	_	_	_
180-1	BOI059	180	180	1	anche	anche	_	_	_	_	_	linguistic	_	none	_	_	_	_	_	_
180-2	BOI059	180	180	2	lì	lì	_	_	_	_	_	linguistic	_	none	_	End=397.059	_	_	_	_
181-0	BOI059	181	181	0	#se	#se	_	_	_	_	_	error	_	none	_	Begin=397.352	_	_	_	_
181-1	BOI059	181	181	1	c'	c'	_	_	_	_	_	linguistic	_	none	SpaceAfter=No	_	_	_	_	_
181-2	BOI059	181	181	2	è	è	_	_	_	_	_	linguistic	_	none	_	_	_	_	_	_
181-3	BOI059	181	181	3	del	del	_	_	_	_	_	linguistic	_	none	_	_	_	_	_	_
181-4	BOI059	181	181	4	fitto	fitto	_	_	_	_	_	linguistic	_	none	_	_	_	_	_	_
181-5	BOI059	181	181	5	in	in	_	_	_	_	_	linguistic	_	none	_	_	_	_	_	_
181-6	BOI059	181	181	6	piazzola	piazzola	_	_	_	_	_	linguistic	_	none	_	_	_	_	_	_
181-7	BOI059	181	181	7	è	è	_	_	_	_	_	linguistic	_	none	_	_	_	_	_	_
181-8	BOI059	181	181	8	un	un	_	_	_	_	_	linguistic	_	none	_	_	_	_	_	_
181-9	BOI059	181	181	9	po'	po'	_	_	_	_	_	linguistic	_	none	_	_	_	_	_	_
181-10	BOI059	181	181	10	un	un	_	_	_	_	_	linguistic	_	none	_	_	_	_	_	_
181-11	BOI059	181	181	11	casino	casino	_	_	_	_	_	linguistic	_	none	_	_	_	_	_	_
181-12	BOI059	181	181	12	io	io	_	_	_	_	_	linguistic	_	none	_	_	_	_	_	_
181-13	BOI059	181	181	13	n~	n~	_	_	_	_	_	linguistic	_	none	Interrupted=Yes	End=400.179	_	_	_	_
182-0	BOI059	182	182	0	non	non	_	_	_	_	_	linguistic	_	none	_	Begin=400.243	_	_	_	_
182-1	BOI059	182	182	1	amo	amo	_	_	_	_	_	linguistic	_	none	_	_	_	_	_	_
182-2	BOI059	182	182	2	il	il	_	_	_	_	_	linguistic	_	none	_	_	_	_	_	_
182-3	BOI059	182	182	3	fitto	fitto	_	_	_	_	_	linguistic	_	none	_	End=401.527	_	_	_	_
183-0	BOI059	183	183	0	però	però	_	_	_	_	_	linguistic	_	none	_	Begin=401.954	_	_	_	_
183-1	BOI059	183	183	1	il	il	_	_	_	_	_	linguistic	_	none	_	_	_	_	_	_
183-2	BOI059	183	183	2	martedì	martedì	_	_	_	_	_	linguistic	_	none	_	_	_	_	_	_
183-3	BOI059	183	183	3	mattina	mattina	_	_	_	_	_	linguistic	_	none	_	_	_	_	_	_
183-4	BOI059	183	183	4	alla	alla	_	_	_	_	_	linguistic	_	none	_	_	_	_	_	_
183-5	BOI059	183	183	5	ba:rca	barca	_	_	_	_	_	linguistic	_	none	_	_	1x1	_	_	_
183-6	BOI059	183	183	6	piuttosto	piuttosto	_	_	_	_	_	linguistic	_	none	_	_	_	_	_	_
183-7	BOI059	183	183	7	che	che	_	_	_	_	_	linguistic	_	none	_	_	_	_	_	_
183-8	BOI059	183	183	8	il	il	_	_	_	_	_	linguistic	_	none	_	_	_	_	_	_
183-9	BOI059	183	183	9	mercoledì	mercoledì	_	_	_	_	_	linguistic	_	none	_	_	_	_	_	_
183-10	BOI059	183	183	10	a	a	_	_	_	_	_	linguistic	_	none	_	_	_	_	_	_
183-11	BOI059	183	183	11	san	san	_	_	_	_	_	linguistic	_	none	_	_	_	_	_	_
183-12	BOI059	183	183	12	giovanni	giovanni	_	_	_	_	_	linguistic	_	none	_	_	_	_	_	_
183-13	BOI059	183	183	13	che	che	_	_	_	_	_	linguistic	_	none	_	_	_	_	_	_
183-14	BOI059	183	183	14	è	è	_	_	_	_	_	linguistic	_	none	_	_	_	_	_	_
183-15	BOI059	183	183	15	un	un	_	_	_	_	_	linguistic	_	none	_	_	_	_	_	_
183-16	BOI059	183	183	16	comune	comune	_	_	_	_	_	linguistic	_	none	_	_	_	_	_	_
183-17	BOI059	183	183	17	lievemente	lievemente	_	_	_	_	_	linguistic	_	none	_	_	_	_	_	_
183-18	BOI059	183	183	18	fuori	fuori	_	_	_	_	_	linguistic	_	none	_	_	_	_	_	_
183-19	BOI059	183	183	19	ma	ma	_	_	_	_	_	linguistic	_	none	_	_	_	_	_	_
183-20	BOI059	183	183	20	comunque	comunque	_	_	_	_	_	linguistic	_	none	_	_	_	_	_	_
183-21	BOI059	183	183	21	sempre	sempre	_	_	_	_	_	linguistic	_	none	_	_	_	_	_	_
183-22	BOI059	183	183	22	dell'	dell'	_	_	_	_	_	linguistic	_	none	SpaceAfter=No	_	_	_	_	_
183-23	BOI059	183	183	23	hinterland	hinterland	_	_	_	_	_	linguistic	_	none	_	_	_	_	_	_
183-24	BOI059	183	183	24	bologne:se	bolognese	_	_	_	_	_	linguistic	_	none	_	End=409.338	6x1	_	_	_
184-0	BOI059	184	184	0	piuttosto	piuttosto	_	_	_	_	_	linguistic	_	none	_	Begin=409.657	_	_	_	_
184-1	BOI059	184	184	1	che	che	_	_	_	_	_	linguistic	_	none	_	_	_	_	_	_
184-2	BOI059	184	184	2	se	se	_	_	_	_	_	linguistic	_	none	_	_	_	_	_	_
184-3	BOI059	184	184	3	no	no	_	_	_	_	_	linguistic	_	none	_	_	_	_	_	_
184-4	BOI059	184	184	4	a	a	_	_	_	_	_	linguistic	_	none	_	_	_	_	_	_
184-5	BOI059	184	184	5	borgo	borgo	_	_	_	_	_	linguistic	_	none	_	_	_	_	_	_
184-6	BOI059	184	184	6	paniga:le	panigale	_	_	_	_	_	linguistic	_	none	_	_	5x1	_	_	_
184-7	BOI059	184	184	7	sotto	sotto	_	_	_	_	_	linguistic	_	none	_	_	_	_	_	_
184-8	BOI059	184	184	8	il	il	_	_	_	_	_	linguistic	_	none	_	_	_	_	_	_
184-9	BOI059	184	184	9	comu:ne	comune	_	_	_	_	_	linguistic	_	none	_	_	3x1	_	_	_
184-10	BOI059	184	184	10	sotto	sotto	_	_	_	_	_	linguistic	_	none	_	_	_	_	_	_
184-11	BOI059	184	184	11	il	il	_	_	_	_	_	linguistic	_	none	_	_	_	_	_	_
184-12	BOI059	184	184	12	quartiere	quartiere	_	_	_	_	_	linguistic	_	none	_	_	_	_	_	_
184-13	BOI059	184	184	13	che	che	_	_	_	_	_	linguistic	_	none	_	_	_	_	_	_
184-14	BOI059	184	184	14	è	è	_	_	_	_	_	linguistic	_	none	_	_	_	_	_	_
184-15	BOI059	184	184	15	il	il	_	_	_	_	_	linguistic	_	none	_	_	_	_	_	_
184-16	BOI059	184	184	16	vecchio	vecchio	_	_	_	_	_	linguistic	_	none	_	_	_	_	_	_
184-17	BOI059	184	184	17	comune	comune	_	_	_	_	_	linguistic	_	none	_	End=414.408	_	_	_	_
185-0	BOI059	185	185	0	xxxx	xxxx	_	_	_	_	_	unknown	_	none	Syllables=4	Begin=414.646	_	_	_	_
185-1	BOI059	185	185	1	c'	c'	_	_	_	_	_	linguistic	_	none	SpaceAfter=No	_	_	_	_	_
185-2	BOI059	185	185	2	è	è	_	_	_	_	_	linguistic	_	none	_	_	_	_	_	_
185-3	BOI059	185	185	3	il	il	_	_	_	_	_	linguistic	_	none	_	_	_	_	_	_
185-4	BOI059	185	185	4	mercato	mercato	_	_	_	_	_	linguistic	_	none	_	_	_	_	_	_
185-5	BOI059	185	185	5	quindi:	quindi	_	_	_	_	_	linguistic	_	none	_	End=416.542	5x1	_	_	_
186-0	BOI059	186	186	0	e:h	eh	_	_	_	_	_	linguistic	_	none	_	Begin=416.796	0x1	_	_	_
186-1	BOI059	186	186	1	lunedì	lunedì	_	_	_	_	_	linguistic	_	none	_	_	_	_	_	_
186-2	BOI059	186	186	2	è	è	_	_	_	_	_	linguistic	_	none	_	_	_	_	_	_
186-3	BOI059	186	186	3	a	a	_	_	_	_	_	linguistic	_	none	_	_	_	_	_	_
186-4	BOI059	186	186	4	calderara	calderara	_	_	_	_	_	linguistic	_	none	_	_	_	_	_	_
186-5	BOI059	186	186	5	di	di	_	_	_	_	_	linguistic	_	none	_	_	_	_	_	_
186-6	BOI059	186	186	6	reno	reno	_	_	_	_	_	linguistic	_	none	_	_	_	_	_	_
186-7	BOI059	186	186	7	il	il	_	_	_	_	_	linguistic	_	none	_	_	_	_	_	_
186-8	BOI059	186	186	8	mercoledì	mercoledì	_	_	_	_	_	linguistic	_	none	_	_	_	_	_	_
186-9	BOI059	186	186	9	ce	ce	_	_	_	_	_	linguistic	_	none	_	_	_	_	_	_
186-10	BOI059	186	186	10	l'	l'	_	_	_	_	_	linguistic	_	none	SpaceAfter=No	_	_	_	_	_
186-11	BOI059	186	186	11	ho	ho	_	_	_	_	_	linguistic	_	none	_	_	_	_	_	_
186-12	BOI059	186	186	12	anche	anche	_	_	_	_	_	linguistic	_	none	_	_	_	_	_	_
186-13	BOI059	186	186	13	a	a	_	_	_	_	_	linguistic	_	none	_	_	_	_	_	_
186-14	BOI059	186	186	14	casalecchio	casalecchio	_	_	_	_	_	linguistic	_	none	_	End=420.569	_	_	_	_
187-0	BOI059	187	187	0	il	il	_	_	_	_	_	linguistic	_	none	_	Begin=420.585	_	_	_	_
187-1	BOI059	187	187	1	giovedì	giovedì	_	_	_	_	_	linguistic	_	none	_	_	_	_	_	_
187-2	BOI059	187	187	2	so	so	_	_	_	_	_	linguistic	_	none	_	_	_	_	_	_
187-3	BOI059	187	187	3	che	che	_	_	_	_	_	linguistic	_	none	_	_	_	_	_	_
187-4	BOI059	187	187	4	ce	ce	_	_	_	_	_	linguistic	_	none	_	_	_	_	_	_
187-5	BOI059	187	187	5	n'	n'	_	_	_	_	_	linguistic	_	none	SpaceAfter=No	_	_	_	_	_
187-6	BOI059	187	187	6	è	è	_	_	_	_	_	linguistic	_	none	_	_	_	_	_	_
187-7	BOI059	187	187	7	uno	uno	_	_	_	_	_	linguistic	_	none	_	_	_	_	_	_
187-8	BOI059	187	187	8	se	se	_	_	_	_	_	linguistic	_	none	_	_	_	_	_	_
187-9	BOI059	187	187	9	non	non	_	_	_	_	_	linguistic	_	none	_	_	_	_	_	_
187-10	BOI059	187	187	10	l'	l'	_	_	_	_	_	linguistic	_	none	SpaceAfter=No	_	_	_	_	_
187-11	BOI059	187	187	11	hanno	hanno	_	_	_	_	_	linguistic	_	none	_	_	_	_	_	_
187-12	BOI059	187	187	12	spostato	spostato	_	_	_	_	_	linguistic	_	none	_	_	_	_	_	_
187-13	BOI059	187	187	13	a	a	_	_	_	_	_	linguistic	_	none	_	_	_	_	_	_
187-14	BOI059	187	187	14	san	san	_	_	_	_	_	linguistic	_	none	_	_	_	_	_	_
187-15	BOI059	187	187	15	pietro	pietro	_	_	_	_	_	linguistic	_	none	_	_	_	_	_	_
187-16	BOI059	187	187	16	in	in	_	_	_	_	_	linguistic	_	none	_	_	_	_	_	_
187-17	BOI059	187	187	17	casa:le	casale	_	_	_	_	_	linguistic	_	none	_	End=424.05	3x1	_	_	_
188-0	BOI059	188	188	0	poi	poi	_	_	_	_	_	linguistic	_	none	_	Begin=424.467	_	_	_	_
188-1	BOI059	188	188	1	il	il	_	_	_	_	_	linguistic	_	none	_	_	_	_	_	_
188-2	BOI059	188	188	2	venerdì	venerdì	_	_	_	_	_	linguistic	_	none	_	_	_	_	_	_
188-3	BOI059	188	188	3	e	e	_	_	_	_	_	linguistic	_	none	_	_	_	_	_	_
188-4	BOI059	188	188	4	il	il	_	_	_	_	_	linguistic	_	none	_	_	_	_	_	_
188-5	BOI059	188	188	5	sabato	sabato	_	_	_	_	_	linguistic	_	none	_	_	_	_	_	_
188-6	BOI059	188	188	6	c'	c'	_	_	_	_	_	linguistic	_	none	SpaceAfter=No	_	_	_	_	_
188-7	BOI059	188	188	7	è	è	_	_	_	_	_	linguistic	_	none	_	_	_	_	_	_
188-8	BOI059	188	188	8	la	la	_	_	_	_	_	linguistic	_	none	_	_	_	_	_	_
188-9	BOI059	188	188	9	piazzo:la	piazzola	_	_	_	_	_	linguistic	_	none	_	_	5x1	_	_	_
188-10	BOI059	188	188	10	la	la	_	_	_	_	_	linguistic	_	none	_	_	_	_	_	_
188-11	BOI059	188	188	11	domenica	domenica	_	_	_	_	_	linguistic	_	none	_	_	_	_	_	_
188-12	BOI059	188	188	12	ci	ci	_	_	_	_	_	linguistic	_	none	_	_	_	_	_	_
188-13	BOI059	188	188	13	sono	sono	_	_	_	_	_	linguistic	_	none	_	_	_	_	_	_
188-14	BOI059	188	188	14	i	i	_	_	_	_	_	linguistic	_	none	_	_	_	_	_	_
188-15	BOI059	188	188	15	vari	vari	_	_	_	_	_	linguistic	_	none	_	_	_	_	_	_
188-16	BOI059	188	188	16	merca:ti:	mercati	_	_	_	_	_	linguistic	_	none	_	_	4x1,6x1	_	_	_
188-17	BOI059	188	188	17	straordina~	straordina~	_	_	_	_	_	linguistic	_	none	Interrupted=Yes	End=429.333	_	_	_	_
189-0	BOI059	189	189	0	sì	sì	_	_	_	_	_	linguistic	_	none	_	Begin=429.348	_	_	_	_
189-1	BOI059	189	189	1	vado	vado	_	_	_	_	_	linguistic	_	none	_	_	_	_	_	_
189-2	BOI059	189	189	2	al	al	_	_	_	_	_	linguistic	_	none	_	_	_	_	_	_
189-3	BOI059	189	189	3	mercato	mercato	_	_	_	_	_	linguistic	_	none	_	_	_	_	_	_
189-4	BOI059	189	189	4	compro	compro	_	_	_	_	_	linguistic	_	none	_	_	_	_	_	_
189-5	BOI059	189	189	5	un	un	_	_	_	_	_	linguistic	_	none	_	_	_	_	_	_
189-6	BOI059	189	189	6	sacco	sacco	_	_	_	_	_	linguistic	_	none	_	_	_	_	_	_
189-7	BOI059	189	189	7	di	di	_	_	_	_	_	linguistic	_	none	_	_	_	_	_	_
189-8	BOI059	189	189	8	roba	roba	_	_	_	_	_	linguistic	_	none	_	_	_	_	_	_
189-9	BOI059	189	189	9	{ride}	{ride}	_	_	_	_	_	nonverbalbehavior	_	none	_	_	_	_	_	_
189-10	BOI059	189	189	10	al	al	_	_	_	_	_	linguistic	_	none	_	_	_	_	_	_
189-11	BOI059	189	189	11	mercato	mercato	_	_	_	_	_	linguistic	_	none	_	End=433.167	_	_	_	_
190-0	BOR017	190	190	0	xxxx	xxxx	_	_	_	_	_	unknown	_	none	Syllables=4	Begin=430.461|End=431.17	_	_	_	_
191-0	BOI059	191	191	0	mi	mi	_	_	_	_	_	linguistic	_	none	_	Begin=433.18	_	_	_	_
191-1	BOI059	191	191	1	piace	piace	_	_	_	_	_	linguistic	_	none	_	_	_	_	_	_
191-2	BOI059	191	191	2	andare	andare	_	_	_	_	_	linguistic	_	none	_	_	_	_	_	_
191-3	BOI059	191	191	3	al	al	_	_	_	_	_	linguistic	_	none	_	_	_	_	_	_
191-4	BOI059	191	191	4	mercato	mercato	_	_	_	_	_	linguistic	_	none	_	_	_	_	_	_
191-5	BOI059	191	191	5	[trovo	trovo	_	_	_	_	_	linguistic	_	none	_	_	_	_	_	0-5(20)
191-6	BOI059	191	191	6	che]	che	_	_	_	_	_	linguistic	_	none	_	_	_	_	_	0-3(20)
191-7	BOI059	191	191	7	siano	siano	_	_	_	_	_	linguistic	_	none	_	_	_	_	_	_
191-8	BOI059	191	191	8	belli	belli	_	_	_	_	_	linguistic	_	none	_	End=435.527	_	_	_	_
192-0	BOR017	192	192	0	[okay]	okay	_	_	_	_	_	linguistic	_	none	_	Begin=434.48|End=435.166	_	_	_	0-4(20)
193-0	BOR017	193	193	0	pensi	pensi	_	_	_	_	_	linguistic	_	none	_	Begin=436.452	_	_	_	_
193-1	BOR017	193	193	1	invece	invece	_	_	_	_	_	linguistic	_	none	_	_	_	_	_	_
193-2	BOR017	193	193	2	che	che	_	_	_	_	_	linguistic	_	none	_	_	_	_	_	_
193-3	BOR017	193	193	3	bologna	bologna	_	_	_	_	_	linguistic	_	none	_	_	_	_	_	_
193-4	BOR017	193	193	4	sia	sia	_	_	_	_	_	linguistic	_	none	_	_	_	_	_	_
193-5	BOR017	193	193	5	un	un	_	_	_	_	_	linguistic	_	none	_	_	_	_	_	_
193-6	BOR017	193	193	6	buon	buon	_	_	_	_	_	linguistic	_	none	_	_	_	_	_	_
193-7	BOR017	193	193	7	posto	posto	_	_	_	_	_	linguistic	_	none	_	_	_	_	_	_
193-8	BOR017	193	193	8	per	per	_	_	_	_	_	linguistic	_	none	_	_	_	_	_	_
193-9	BOR017	193	193	9	le	le	_	_	_	_	_	linguistic	_	none	_	_	_	_	_	_
193-10	BOR017	193	193	10	nuove	nuove	_	_	_	_	_	linguistic	_	none	_	_	_	_	_	_
193-11	BOR017	193	193	11	generazioni?	generazioni	_	_	_	_	_	linguistic	_	none	Intonation=Rising	End=440.537	_	_	_	_
194-0	BOI059	194	194	0	sì	sì	_	_	_	_	_	linguistic	_	none	_	Begin=440.855|End=441.039	_	_	_	_
195-0	BOI059	195	195	0	sì	sì	_	_	_	_	_	linguistic	_	none	_	Begin=442.009	_	_	_	_
195-1	BOI059	195	195	1	perché	perché	_	_	_	_	_	linguistic	_	none	_	_	_	_	_	_
195-2	BOI059	195	195	2	continuiamo	continuiamo	_	_	_	_	_	linguistic	_	none	_	_	_	_	_	_
195-3	BOI059	195	195	3	ad	ad	_	_	_	_	_	linguistic	_	none	_	_	_	_	_	_
195-4	BOI059	195	195	4	avere	avere	_	_	_	_	_	linguistic	_	none	_	_	_	_	_	_
195-5	BOI059	195	195	5	un'	un'	_	_	_	_	_	linguistic	_	none	SpaceAfter=No	_	_	_	_	_
195-6	BOI059	195	195	6	offerta	offerta	_	_	_	_	_	linguistic	_	none	_	_	_	_	_	_
195-7	BOI059	195	195	7	formativa	formativa	_	_	_	_	_	linguistic	_	none	_	_	_	_	_	_
195-8	BOI059	195	195	8	non	non	_	_	_	_	_	linguistic	_	none	_	_	_	_	_	_
195-9	BOI059	195	195	9	solo	solo	_	_	_	_	_	linguistic	_	none	_	_	_	_	_	_
195-10	BOI059	195	195	10	universitaria	universitaria	_	_	_	_	_	linguistic	_	none	_	_	_	_	_	_
195-11	BOI059	195	195	11	ma	ma	_	_	_	_	_	linguistic	_	none	_	_	_	_	_	_
195-12	BOI059	195	195	12	anche	anche	_	_	_	_	_	linguistic	_	none	_	_	_	_	_	_
195-13	BOI059	195	195	13	delle	delle	_	_	_	_	_	linguistic	_	none	_	_	_	_	_	_
195-14	BOI059	195	195	14	scuole	scuole	_	_	_	_	_	linguistic	_	none	_	_	_	_	_	_
195-15	BOI059	195	195	15	superiori	superiori	_	_	_	_	_	linguistic	_	none	_	End=448.065	_	_	_	_
196-0	BOI059	196	196	0	ben:	ben	_	_	_	_	_	linguistic	_	none	_	Begin=448.532	2x1	_	_	_
196-1	BOI059	196	196	1	strutturata	strutturata	_	_	_	_	_	linguistic	_	none	_	_	_	_	_	_
196-2	BOI059	196	196	2	ben	ben	_	_	_	_	_	linguistic	_	none	_	_	_	_	_	_
196-3	BOI059	196	196	3	fatta	fatta	_	_	_	_	_	linguistic	_	none	_	_	_	_	_	_
196-4	BOI059	196	196	4	devo	devo	_	_	_	_	_	linguistic	_	none	_	_	_	_	_	_
196-5	BOI059	196	196	5	dire	dire	_	_	_	_	_	linguistic	_	none	_	End=451.05	_	_	_	_
197-0	BOI059	197	197	0	sì	sì	_	_	_	_	_	linguistic	_	none	_	Begin=451.761	_	_	_	_
197-1	BOI059	197	197	1	perché	perché	_	_	_	_	_	linguistic	_	none	_	_	_	_	_	_
197-2	BOI059	197	197	2	è	è	_	_	_	_	_	linguistic	_	none	_	_	_	_	_	_
197-3	BOI059	197	197	3	una	una	_	_	_	_	_	linguistic	_	none	_	_	_	_	_	_
197-4	BOI059	197	197	4	città	città	_	_	_	_	_	linguistic	_	none	_	_	_	_	_	_
197-5	BOI059	197	197	5	aperta	aperta	_	_	_	_	_	linguistic	_	none	_	_	_	_	_	_
197-6	BOI059	197	197	6	io	io	_	_	_	_	_	linguistic	_	none	_	_	_	_	_	_
197-7	BOI059	197	197	7	mh	mh	_	_	_	_	_	linguistic	_	none	_	End=454.671	_	_	_	_
198-0	BOI059	198	198	0	una	una	_	_	_	_	_	linguistic	_	none	_	Begin=454.711	_	_	_	_
198-1	BOI059	198	198	1	cosa	cosa	_	_	_	_	_	linguistic	_	none	_	_	_	_	_	_
198-2	BOI059	198	198	2	che	che	_	_	_	_	_	linguistic	_	none	_	_	_	_	_	_
198-3	BOI059	198	198	3	amo	amo	_	_	_	_	_	linguistic	_	none	_	_	_	_	_	_
198-4	BOI059	198	198	4	di	di	_	_	_	_	_	linguistic	_	none	_	_	_	_	_	_
198-5	BOI059	198	198	5	bologna	bologna	_	_	_	_	_	linguistic	_	none	_	_	_	_	_	_
198-6	BOI059	198	198	6	è	è	_	_	_	_	_	linguistic	_	none	_	_	_	_	_	_
198-7	BOI059	198	198	7	che	che	_	_	_	_	_	linguistic	_	none	_	_	_	_	_	_
198-8	BOI059	198	198	8	tu	tu	_	_	_	_	_	linguistic	_	none	_	_	_	_	_	_
198-9	BOI059	198	198	9	puoi	puoi	_	_	_	_	_	linguistic	_	none	_	_	_	_	_	_
198-10	BOI059	198	198	10	essere	essere	_	_	_	_	_	linguistic	_	none	_	_	_	_	_	_
198-11	BOI059	198	198	11	chi	chi	_	_	_	_	_	linguistic	_	none	_	_	_	_	_	_
198-12	BOI059	198	198	12	vuoi	vuoi	_	_	_	_	_	linguistic	_	none	_	_	_	_	_	_
198-13	BOI059	198	198	13	e[ssere]	essere	_	_	_	_	_	linguistic	_	none	_	End=458.2	_	_	_	1-6(21)
199-0	BOR017	199	199	0	[chi	chi	_	_	_	_	_	linguistic	_	none	_	Begin=457.253	_	_	_	0-3(21)
199-1	BOR017	199	199	1	vuoi	vuoi	_	_	_	_	_	linguistic	_	none	_	_	_	_	_	0-4(21)
199-2	BOR017	199	199	2	come]	come	_	_	_	_	_	linguistic	_	none	_	_	_	_	_	0-4(21)
199-3	BOR017	199	199	3	vuoi	vuoi	_	_	_	_	_	linguistic	_	none	_	End=458.796	_	_	_	_
200-0	BOI059	200	200	0	come	come	_	_	_	_	_	linguistic	_	none	_	Begin=458.806	_	_	_	_
200-1	BOI059	200	200	1	vuoi	vuoi	_	_	_	_	_	linguistic	_	none	_	_	_	_	_	_
200-2	BOI059	200	200	2	[senza	senza	_	_	_	_	_	linguistic	_	none	_	_	_	_	_	0-5(22)
200-3	BOI059	200	200	3	e]ssere	essere	_	_	_	_	_	linguistic	_	none	_	_	_	_	_	0-1(22)
200-4	BOI059	200	200	4	preoccupato	preoccupato	_	_	_	_	_	linguistic	_	none	_	_	_	_	_	_
200-5	BOI059	200	200	5	di	di	_	_	_	_	_	linguistic	_	none	_	_	_	_	_	_
200-6	BOI059	200	200	6	oh	oh	_	_	_	_	_	linguistic	_	none	_	_	_	_	_	_
200-7	BOI059	200	200	7	mio	mio	_	_	_	_	_	linguistic	_	none	_	_	_	_	_	_
200-8	BOI059	200	200	8	dio	dio	_	_	_	_	_	linguistic	_	none	_	_	_	_	_	_
200-9	BOI059	200	200	9	mi	mi	_	_	_	_	_	linguistic	_	none	_	_	_	_	_	_
200-10	BOI059	200	200	10	giudicheranno	giudicheranno	_	_	_	_	_	linguistic	_	none	_	End=463.264	_	_	_	_
201-0	BOR017	201	201	0	[è	è	_	_	_	_	_	linguistic	_	none	_	Begin=459.719	_	_	_	0-1(22)
201-1	BOR017	201	201	1	vero]	vero	_	_	_	_	_	linguistic	_	none	_	End=460.406	_	_	_	0-4(22)
202-0	BOI059	202	202	0	è	è	_	_	_	_	_	linguistic	_	none	_	Begin=463.537	_	_	_	_
202-1	BOI059	202	202	1	uno	uno	_	_	_	_	_	linguistic	_	none	_	_	_	_	_	_
202-2	BOI059	202	202	2	dei	dei	_	_	_	_	_	linguistic	_	none	_	_	_	_	_	_
202-3	BOI059	202	202	3	motivi	motivi	_	_	_	_	_	linguistic	_	none	_	_	_	_	_	_
202-4	BOI059	202	202	4	per	per	_	_	_	_	_	linguistic	_	none	_	_	_	_	_	_
202-5	BOI059	202	202	5	cui	cui	_	_	_	_	_	linguistic	_	none	_	_	_	_	_	_
202-6	BOI059	202	202	6	sono	sono	_	_	_	_	_	linguistic	_	none	_	_	_	_	_	_
202-7	BOI059	202	202	7	felice	felice	_	_	_	_	_	linguistic	_	none	_	_	_	_	_	_
202-8	BOI059	202	202	8	di	di	_	_	_	_	_	linguistic	_	none	_	_	_	_	_	_
202-9	BOI059	202	202	9	essere	essere	_	_	_	_	_	linguistic	_	none	_	_	_	_	_	_
202-10	BOI059	202	202	10	bolognese	bolognese	_	_	_	_	_	linguistic	_	none	_	_	_	_	_	_
202-11	BOI059	202	202	11	ehm:	ehm	_	_	_	_	_	linguistic	_	none	_	End=466.657	2x1	_	_	_
203-0	BOI059	203	203	0	è	è	_	_	_	_	_	linguistic	_	none	_	Begin=466.687	_	_	_	_
203-1	BOI059	203	203	1	una	una	_	_	_	_	_	linguistic	_	none	_	_	_	_	_	_
203-2	BOI059	203	203	2	cosa	cosa	_	_	_	_	_	linguistic	_	none	_	_	_	_	_	_
203-3	BOI059	203	203	3	che	che	_	_	_	_	_	linguistic	_	none	_	_	_	_	_	_
203-4	BOI059	203	203	4	mi	mi	_	_	_	_	_	linguistic	_	none	_	_	_	_	_	_
203-5	BOI059	203	203	5	piace	piace	_	_	_	_	_	linguistic	_	none	_	_	_	_	_	_
203-6	BOI059	203	203	6	un	un	_	_	_	_	_	linguistic	_	none	_	_	_	_	_	_
203-7	BOI059	203	203	7	sacco	sacco	_	_	_	_	_	linguistic	_	none	_	End=468.06	_	_	_	_
204-0	BOR017	204	204	0	e:h	eh	_	_	_	_	_	linguistic	_	none	_	Begin=469.194	0x1	_	_	_
204-1	BOR017	204	204	1	cosa	cosa	_	_	_	_	_	linguistic	_	none	_	_	_	_	_	_
204-2	BOR017	204	204	2	ne	ne	_	_	_	_	_	linguistic	_	none	_	_	_	_	_	_
204-3	BOR017	204	204	3	pensi	pensi	_	_	_	_	_	linguistic	_	none	_	_	_	_	_	_
204-4	BOR017	204	204	4	infatti	infatti	_	_	_	_	_	linguistic	_	none	_	_	_	_	_	_
204-5	BOR017	204	204	5	>ti	ti	_	_	_	_	_	linguistic	_	none	_	_	_	Fast=0-2(0)	_	_
204-6	BOR017	204	204	6	volevo	volevo	_	_	_	_	_	linguistic	_	none	_	_	_	Fast=0-6(0)	_	_
204-7	BOR017	204	204	7	chiedere	chiedere	_	_	_	_	_	linguistic	_	none	_	_	_	Fast=0-8(0)	_	_
204-8	BOR017	204	204	8	anche<	anche	_	_	_	_	_	linguistic	_	none	_	_	_	Fast=0-5(0)	_	_
204-9	BOR017	204	204	9	di	di	_	_	_	_	_	linguistic	_	none	_	_	_	_	_	_
204-10	BOR017	204	204	10	noi	noi	_	_	_	_	_	linguistic	_	none	_	_	_	_	_	_
204-11	BOR017	204	204	11	giovani	giovani	_	_	_	_	_	linguistic	_	none	_	_	_	_	_	_
204-12	BOR017	204	204	12	che	che	_	_	_	_	_	linguistic	_	none	_	_	_	_	_	_
204-13	BOR017	204	204	13	veniamo	veniamo	_	_	_	_	_	linguistic	_	none	_	_	_	_	_	_
204-14	BOR017	204	204	14	qui	qui	_	_	_	_	_	linguistic	_	none	_	_	_	_	_	_
204-15	BOR017	204	204	15	a	a	_	_	_	_	_	linguistic	_	none	_	_	_	_	_	_
204-16	BOR017	204	204	16	studiare	studiare	_	_	_	_	_	linguistic	_	none	_	End=474.073	_	_	_	_
205-0	BOR017	205	205	0	e	e	_	_	_	_	_	linguistic	_	none	_	Begin=474.219	_	_	_	_
205-1	BOR017	205	205	1	ti	ti	_	_	_	_	_	linguistic	_	none	_	_	_	_	_	_
205-2	BOR017	205	205	2	chiedo	chiedo	_	_	_	_	_	linguistic	_	none	_	_	_	_	_	_
205-3	BOR017	205	205	3	anche	anche	_	_	_	_	_	linguistic	_	none	_	End=475.358	_	_	_	_
206-0	BOR017	206	206	0	pensi	pensi	_	_	_	_	_	linguistic	_	none	_	Begin=475.412	_	_	_	_
206-1	BOR017	206	206	1	che	che	_	_	_	_	_	linguistic	_	none	_	_	_	_	_	_
206-2	BOR017	206	206	2	il	il	_	_	_	_	_	linguistic	_	none	_	_	_	_	_	_
206-3	BOR017	206	206	3	tuo	tuo	_	_	_	_	_	linguistic	_	none	_	_	_	_	_	_
206-4	BOR017	206	206	4	lavoro	lavoro	_	_	_	_	_	linguistic	_	none	_	_	_	_	_	_
206-5	BOR017	206	206	5	in	in	_	_	_	_	_	linguistic	_	none	_	_	_	_	_	_
206-6	BOR017	206	206	6	quanto	quanto	_	_	_	_	_	linguistic	_	none	_	_	_	_	_	_
206-7	BOR017	206	206	7	portina:ia	portinaia	_	_	_	_	_	linguistic	_	none	_	_	6x1	_	_	_
206-8	BOR017	206	206	8	in	in	_	_	_	_	_	linguistic	_	none	_	_	_	_	_	_
206-9	BOR017	206	206	9	uno	uno	_	_	_	_	_	linguistic	_	none	_	_	_	_	_	_
206-10	BOR017	206	206	10	studenta:to	studentato	_	_	_	_	_	linguistic	_	none	_	End=479.582	7x1	_	_	_
207-0	BOR017	207	207	0	possa	possa	_	_	_	_	_	linguistic	_	none	_	Begin=479.766	_	_	_	_
207-1	BOR017	207	207	1	influire	influire	_	_	_	_	_	linguistic	_	none	_	_	_	_	_	_
207-2	BOR017	207	207	2	in	in	_	_	_	_	_	linguistic	_	none	_	_	_	_	_	_
207-3	BOR017	207	207	3	questo	questo	_	_	_	_	_	linguistic	_	none	_	_	_	_	_	_
207-4	BOR017	207	207	4	tuo	tuo	_	_	_	_	_	linguistic	_	none	_	_	_	_	_	_
207-5	BOR017	207	207	5	giudizio?	giudizio	_	_	_	_	_	linguistic	_	none	Intonation=Rising	End=481.651	_	_	_	_
208-0	BOI059	208	208	0	sì	sì	_	_	_	_	_	linguistic	_	none	_	Begin=482.303	_	_	_	_
208-1	BOI059	208	208	1	tantissimo	tantissimo	_	_	_	_	_	linguistic	_	none	_	End=483.174	_	_	_	_
209-0	BOI059	209	209	0	prima	prima	_	_	_	_	_	linguistic	_	none	_	Begin=483.483	_	_	_	_
209-1	BOI059	209	209	1	di	di	_	_	_	_	_	linguistic	_	none	_	_	_	_	_	_
209-2	BOI059	209	209	2	voi	voi	_	_	_	_	_	linguistic	_	none	_	End=484.577	_	_	_	_
210-0	BOI059	210	210	0	io	io	_	_	_	_	_	linguistic	_	none	_	Begin=485.248|End=485.661	_	_	_	_
211-0	BOI059	211	211	0	mh	mh	_	_	_	_	_	linguistic	_	none	_	Begin=486.169	_	_	_	_
211-1	BOI059	211	211	1	avevo	avevo	_	_	_	_	_	linguistic	_	none	_	_	_	_	_	_
211-2	BOI059	211	211	2	un	un	_	_	_	_	_	linguistic	_	none	_	_	_	_	_	_
211-3	BOI059	211	211	3	pessimo	pessimo	_	_	_	_	_	linguistic	_	none	_	_	_	_	_	_
211-4	BOI059	211	211	4	rapporto	rapporto	_	_	_	_	_	linguistic	_	none	_	_	_	_	_	_
211-5	BOI059	211	211	5	con	con	_	_	_	_	_	linguistic	_	none	_	_	_	_	_	_
211-6	BOI059	211	211	6	i	i	_	_	_	_	_	linguistic	_	none	_	_	_	_	_	_
211-7	BOI059	211	211	7	giovani	giovani	_	_	_	_	_	linguistic	_	none	_	_	_	_	_	_
211-8	BOI059	211	211	8	che	che	_	_	_	_	_	linguistic	_	none	_	_	_	_	_	_
211-9	BOI059	211	211	9	venivano	venivano	_	_	_	_	_	linguistic	_	none	_	_	_	_	_	_
211-10	BOI059	211	211	10	da	da	_	_	_	_	_	linguistic	_	none	_	_	_	_	_	_
211-11	BOI059	211	211	11	fuori	fuori	_	_	_	_	_	linguistic	_	none	_	End=489.556	_	_	_	_
212-0	BOR017	212	212	0	{ride}	{ride}	_	_	_	_	_	nonverbalbehavior	_	none	_	Begin=488.701|End=489.692	_	_	_	_
213-0	BOI059	213	213	0	anche	anche	_	_	_	_	_	linguistic	_	none	_	Begin=489.716	_	_	_	_
213-1	BOI059	213	213	1	quando	quando	_	_	_	_	_	linguistic	_	none	_	_	_	_	_	_
213-2	BOI059	213	213	2	io	io	_	_	_	_	_	linguistic	_	none	_	_	_	_	_	_
213-3	BOI059	213	213	3	ci	ci	_	_	_	_	_	linguistic	_	none	_	_	_	_	_	_
213-4	BOI059	213	213	4	ho	ho	_	_	_	_	_	linguistic	_	none	_	_	_	_	_	_
213-5	BOI059	213	213	5	provato	provato	_	_	_	_	_	linguistic	_	none	_	_	_	_	_	_
213-6	BOI059	213	213	6	a	a	_	_	_	_	_	linguistic	_	none	_	_	_	_	_	_
213-7	BOI059	213	213	7	far	far	_	_	_	_	_	linguistic	_	none	_	_	_	_	_	_
213-8	BOI059	213	213	8	l'	l'	_	_	_	_	_	linguistic	_	none	SpaceAfter=No	_	_	_	_	_
213-9	BOI059	213	213	9	università	università	_	_	_	_	_	linguistic	_	none	_	End=492.174	_	_	_	_
214-0	BOI059	214	214	0	comunque	comunque	_	_	_	_	_	linguistic	_	none	_	Begin=492.731	_	_	_	_
214-1	BOI059	214	214	1	>allora<	allora	_	_	_	_	_	linguistic	_	none	_	End=493.751	_	Fast=0-6(0)	_	_
215-0	BOI059	215	215	0	il	il	_	_	_	_	_	linguistic	_	none	_	Begin=493.935	_	_	_	_
215-1	BOI059	215	215	1	concetto	concetto	_	_	_	_	_	linguistic	_	none	_	_	_	_	_	_
215-2	BOI059	215	215	2	è	è	_	_	_	_	_	linguistic	_	none	_	End=494.721	_	_	_	_
216-0	BOI059	216	216	0	vieni	vieni	_	_	_	_	_	linguistic	_	none	_	Begin=495.085	_	_	_	_
216-1	BOI059	216	216	1	da	da	_	_	_	_	_	linguistic	_	none	_	_	_	_	_	_
216-2	BOI059	216	216	2	fuori	fuori	_	_	_	_	_	linguistic	_	none	_	End=495.985	_	_	_	_
217-0	BOI059	217	217	0	resti	resti	_	_	_	_	_	linguistic	_	none	_	Begin=496.089	_	_	_	_
217-1	BOI059	217	217	1	per	per	_	_	_	_	_	linguistic	_	none	_	_	_	_	_	_
217-2	BOI059	217	217	2	il	il	_	_	_	_	_	linguistic	_	none	_	_	_	_	_	_
217-3	BOI059	217	217	3	tempo	tempo	_	_	_	_	_	linguistic	_	none	_	_	_	_	_	_
217-4	BOI059	217	217	4	della	della	_	_	_	_	_	linguistic	_	none	_	_	_	_	_	_
217-5	BOI059	217	217	5	tua	tua	_	_	_	_	_	linguistic	_	none	_	_	_	_	_	_
217-6	BOI059	217	217	6	laurea	laurea	_	_	_	_	_	linguistic	_	none	_	End=498.084	_	_	_	_
218-0	BOI059	218	218	0	e	e	_	_	_	_	_	linguistic	_	none	_	Begin=498.273	_	_	_	_
218-1	BOI059	218	218	1	poi	poi	_	_	_	_	_	linguistic	_	none	_	_	_	_	_	_
218-2	BOI059	218	218	2	puoi	puoi	_	_	_	_	_	linguistic	_	none	_	_	_	_	_	_
218-3	BOI059	218	218	3	scegliere	scegliere	_	_	_	_	_	linguistic	_	none	_	End=499.288	_	_	_	_
219-0	BOI059	219	219	0	o	o	_	_	_	_	_	linguistic	_	none	_	Begin=499.377	_	_	_	_
219-1	BOI059	219	219	1	diventi	diventi	_	_	_	_	_	linguistic	_	none	_	_	_	_	_	_
219-2	BOI059	219	219	2	tessuto	tessuto	_	_	_	_	_	linguistic	_	none	_	_	_	_	_	_
219-3	BOI059	219	219	3	interno	interno	_	_	_	_	_	linguistic	_	none	_	_	_	_	_	_
219-4	BOI059	219	219	4	di	di	_	_	_	_	_	linguistic	_	none	_	_	_	_	_	_
219-5	BOI059	219	219	5	bologna	bologna	_	_	_	_	_	linguistic	_	none	_	End=501.403	_	_	_	_
220-0	BOI059	220	220	0	o	o	_	_	_	_	_	linguistic	_	none	_	Begin=501.448	_	_	_	_
220-1	BOI059	220	220	1	torni	torni	_	_	_	_	_	linguistic	_	none	_	_	_	_	_	_
220-2	BOI059	220	220	2	a	a	_	_	_	_	_	linguistic	_	none	_	_	_	_	_	_
220-3	BOI059	220	220	3	casa	casa	_	_	_	_	_	linguistic	_	none	_	End=502.448	_	_	_	_
221-0	BOI059	221	221	0	ma	ma	_	_	_	_	_	linguistic	_	none	_	Begin=502.711|End=503.004	_	_	_	_
222-0	BOI059	222	222	0	vieni	vieni	_	_	_	_	_	linguistic	_	none	_	Begin=503.238	_	_	_	_
222-1	BOI059	222	222	1	qui	qui	_	_	_	_	_	linguistic	_	none	_	End=503.835	_	_	_	_
223-0	BOI059	223	223	0	per	per	_	_	_	_	_	linguistic	_	none	_	Begin=504.059|End=504.322	_	_	_	_
224-0	BOI059	224	224	0	spaccare	spaccare	_	_	_	_	_	linguistic	_	none	_	Begin=504.472	_	_	_	_
224-1	BOI059	224	224	1	bottiglie	bottiglie	_	_	_	_	_	linguistic	_	none	_	_	_	_	_	_
224-2	BOI059	224	224	2	fare	fare	_	_	_	_	_	linguistic	_	none	_	_	_	_	_	_
224-3	BOI059	224	224	3	casino	casino	_	_	_	_	_	linguistic	_	none	_	_	_	_	_	_
224-4	BOI059	224	224	4	e	e	_	_	_	_	_	linguistic	_	none	_	_	_	_	_	_
224-5	BOI059	224	224	5	fare	fare	_	_	_	_	_	linguistic	_	none	_	_	_	_	_	_
224-6	BOI059	224	224	6	il	il	_	_	_	_	_	linguistic	_	none	_	_	_	_	_	_
224-7	BOI059	224	224	7	punkabbestia	punkabbestia	_	_	_	_	_	linguistic	_	none	_	_	_	_	_	_
224-8	BOI059	224	224	8	che	che	_	_	_	_	_	linguistic	_	none	_	_	_	_	_	_
224-9	BOI059	224	224	9	va	va	_	_	_	_	_	linguistic	_	none	_	_	_	_	_	_
224-10	BOI059	224	224	10	a	a	_	_	_	_	_	linguistic	_	none	_	_	_	_	_	_
224-11	BOI059	224	224	11	ritirare	ritirare	_	_	_	_	_	linguistic	_	none	_	_	_	_	_	_
224-12	BOI059	224	224	12	i	i	_	_	_	_	_	linguistic	_	none	_	_	_	_	_	_
224-13	BOI059	224	224	13	soldi	soldi	_	_	_	_	_	linguistic	_	none	_	_	_	_	_	_
224-14	BOI059	224	224	14	al	al	_	_	_	_	_	linguistic	_	none	_	_	_	_	_	_
224-15	BOI059	224	224	15	bancomat	bancomat	_	_	_	_	_	linguistic	_	none	_	_	_	_	_	_
224-16	BOI059	224	224	16	perché	perché	_	_	_	_	_	linguistic	_	none	_	_	_	_	_	_
224-17	BOI059	224	224	17	l'	l'	_	_	_	_	_	linguistic	_	none	SpaceAfter=No	_	_	_	_	_
224-18	BOI059	224	224	18	ho	ho	_	_	_	_	_	linguistic	_	none	_	_	_	_	_	_
224-19	BOI059	224	224	19	visto	visto	_	_	_	_	_	linguistic	_	none	_	End=510.0	_	_	_	_
225-0	BOI059	225	225	0	in	in	_	_	_	_	_	linguistic	_	none	_	Begin=510.264	_	_	_	_
225-1	BOI059	225	225	1	centro	centro	_	_	_	_	_	linguistic	_	none	_	_	_	_	_	_
225-2	BOI059	225	225	2	a	a	_	_	_	_	_	linguistic	_	none	_	_	_	_	_	_
225-3	BOI059	225	225	3	bologna	bologna	_	_	_	_	_	linguistic	_	none	_	_	_	_	_	_
225-4	BOI059	225	225	4	allora	allora	_	_	_	_	_	linguistic	_	none	_	_	_	_	_	_
225-5	BOI059	225	225	5	no	no	_	_	_	_	_	linguistic	_	none	_	End=512.024	_	_	_	_
226-0	BOI059	226	226	0	quindi	quindi	_	_	_	_	_	linguistic	_	none	_	Begin=512.244	_	_	_	_
226-1	BOI059	226	226	1	i	i	_	_	_	_	_	linguistic	_	none	_	_	_	_	_	_
226-2	BOI059	226	226	2	giovani	giovani	_	_	_	_	_	linguistic	_	none	_	_	_	_	_	_
226-3	BOI059	226	226	3	in	in	_	_	_	_	_	linguistic	_	none	_	_	_	_	_	_
226-4	BOI059	226	226	4	generale	generale	_	_	_	_	_	linguistic	_	none	_	_	_	_	_	_
226-5	BOI059	226	226	5	è	è	_	_	_	_	_	linguistic	_	none	_	_	_	_	_	_
226-6	BOI059	226	226	6	un	un	_	_	_	_	_	linguistic	_	none	_	_	_	_	_	_
226-7	BOI059	226	226	7	discorso	discorso	_	_	_	_	_	linguistic	_	none	_	_	_	_	_	_
226-8	BOI059	226	226	8	fin	fin	_	_	_	_	_	linguistic	_	none	_	_	_	_	_	_
226-9	BOI059	226	226	9	troppo	troppo	_	_	_	_	_	linguistic	_	none	_	_	_	_	_	_
226-10	BOI059	226	226	10	vago	vago	_	_	_	_	_	linguistic	_	none	_	End=515.227	_	_	_	_
227-0	BOI059	227	227	0	avendo	avendo	_	_	_	_	_	linguistic	_	none	_	Begin=515.765	_	_	_	_
227-1	BOI059	227	227	1	avuto	avuto	_	_	_	_	_	linguistic	_	none	_	_	_	_	_	_
227-2	BOI059	227	227	2	a	a	_	_	_	_	_	linguistic	_	none	_	_	_	_	_	_
227-3	BOI059	227	227	3	che	che	_	_	_	_	_	linguistic	_	none	_	_	_	_	_	_
227-4	BOI059	227	227	4	fare	fare	_	_	_	_	_	linguistic	_	none	_	_	_	_	_	_
227-5	BOI059	227	227	5	con	con	_	_	_	_	_	linguistic	_	none	_	_	_	_	_	_
227-6	BOI059	227	227	6	voi	voi	_	_	_	_	_	linguistic	_	none	_	_	_	_	_	_
227-7	BOI059	227	227	7	che	che	_	_	_	_	_	linguistic	_	none	_	End=517.423	_	_	_	_
228-0	BOI059	228	228	0	vuoi	vuoi	_	_	_	_	_	linguistic	_	none	_	Begin=517.642	_	_	_	_
228-1	BOI059	228	228	1	forza	forza	_	_	_	_	_	linguistic	_	none	_	_	_	_	_	_
228-2	BOI059	228	228	2	mh	mh	_	_	_	_	_	linguistic	_	none	_	_	_	_	_	_
228-3	BOI059	228	228	3	lavoro	lavoro	_	_	_	_	_	linguistic	_	none	_	_	_	_	_	_
228-4	BOI059	228	228	4	>quello	quello	_	_	_	_	_	linguistic	_	none	_	_	_	Fast=0-6(0)	_	_
228-5	BOI059	228	228	5	che	che	_	_	_	_	_	linguistic	_	none	_	_	_	Fast=0-3(0)	_	_
228-6	BOI059	228	228	6	vuoi<	vuoi	_	_	_	_	_	linguistic	_	none	_	_	_	Fast=0-4(0)	_	_
228-7	BOI059	228	228	7	siete	siete	_	_	_	_	_	linguistic	_	none	_	_	_	_	_	_
228-8	BOI059	228	228	8	costretti	costretti	_	_	_	_	_	linguistic	_	none	_	_	_	_	_	_
228-9	BOI059	228	228	9	anche	anche	_	_	_	_	_	linguistic	_	none	_	End=520.746	_	_	_	_
229-0	BOI059	229	229	0	a	a	_	_	_	_	_	linguistic	_	none	_	Begin=521.003	_	_	_	_
229-1	BOI059	229	229	1	portare	portare	_	_	_	_	_	linguistic	_	none	_	_	_	_	_	_
229-2	BOI059	229	229	2	a	a	_	_	_	_	_	linguistic	_	none	_	_	_	_	_	_
229-3	BOI059	229	229	3	casa	casa	_	_	_	_	_	linguistic	_	none	_	_	_	_	_	_
229-4	BOI059	229	229	4	gli	gli	_	_	_	_	_	linguistic	_	none	_	_	_	_	_	_
229-5	BOI059	229	229	5	esami	esami	_	_	_	_	_	linguistic	_	none	_	_	_	_	_	_
229-6	BOI059	229	229	6	ma	ma	_	_	_	_	_	linguistic	_	none	_	_	_	_	_	_
229-7	BOI059	229	229	7	anche	anche	_	_	_	_	_	linguistic	_	none	_	_	_	_	_	_
229-8	BOI059	229	229	8	con	con	_	_	_	_	_	linguistic	_	none	_	_	_	_	_	_
229-9	BOI059	229	229	9	i	i	_	_	_	_	_	linguistic	_	none	_	_	_	_	_	_
229-10	BOI059	229	229	10	vostri	vostri	_	_	_	_	_	linguistic	_	none	_	_	_	_	_	_
229-11	BOI059	229	229	11	amici	amici	_	_	_	_	_	linguistic	_	none	_	_	_	_	_	_
229-12	BOI059	229	229	12	che	che	_	_	_	_	_	linguistic	_	none	_	_	_	_	_	_
229-13	BOI059	229	229	13	vengono	vengono	_	_	_	_	_	linguistic	_	none	_	_	_	_	_	_
229-14	BOI059	229	229	14	a	a	_	_	_	_	_	linguistic	_	none	_	_	_	_	_	_
229-15	BOI059	229	229	15	trovarvi	trovarvi	_	_	_	_	_	linguistic	_	none	_	End=524.473	_	_	_	_
230-0	BOI059	230	230	0	#ho	#ho	_	_	_	_	_	error	_	none	_	Begin=525.602	_	_	_	_
230-1	BOI059	230	230	1	capito	capito	_	_	_	_	_	linguistic	_	none	_	_	_	_	_	_
230-2	BOI059	230	230	2	in	in	_	_	_	_	_	linguistic	_	none	_	_	_	_	_	_
230-3	BOI059	230	230	3	realtà	realtà	_	_	_	_	_	linguistic	_	none	_	_	_	_	_	_
230-4	BOI059	230	230	4	che	che	_	_	_	_	_	linguistic	_	none	_	_	_	_	_	_
230-5	BOI059	230	230	5	è	è	_	_	_	_	_	linguistic	_	none	_	_	_	_	_	_
230-6	BOI059	230	230	6	fisiologico	fisiologico	_	_	_	_	_	linguistic	_	none	_	_	_	_	_	_
230-7	BOI059	230	230	7	il	il	_	_	_	_	_	linguistic	_	none	_	_	_	_	_	_
230-8	BOI059	230	230	8	momento	momento	_	_	_	_	_	linguistic	_	none	_	_	_	_	_	_
230-9	BOI059	230	230	9	di	di	_	_	_	_	_	linguistic	_	none	_	_	_	_	_	_
230-10	BOI059	230	230	10	sbrago	sbrago	_	_	_	_	_	linguistic	_	none	_	_	_	_	_	_
230-11	BOI059	230	230	11	totale	totale	_	_	_	_	_	linguistic	_	none	_	End=530.498	_	_	_	_
231-0	BOR017	231	231	0	{ride}	{ride}	_	_	_	_	_	nonverbalbehavior	_	none	_	Begin=530.139|End=530.612	_	_	_	_
232-0	BOI059	232	232	0	però	però	_	_	_	_	_	linguistic	_	none	_	Begin=530.821	_	_	_	_
232-1	BOI059	232	232	1	poi	poi	_	_	_	_	_	linguistic	_	none	_	_	_	_	_	_
232-2	BOI059	232	232	2	alla	alla	_	_	_	_	_	linguistic	_	none	_	_	_	_	_	_
232-3	BOI059	232	232	3	fine	fine	_	_	_	_	_	linguistic	_	none	_	_	_	_	_	_
232-4	BOI059	232	232	4	si	si	_	_	_	_	_	linguistic	_	none	_	_	_	_	_	_
232-5	BOI059	232	232	5	ritorna	ritorna	_	_	_	_	_	linguistic	_	none	_	_	_	_	_	_
232-6	BOI059	232	232	6	sempre	sempre	_	_	_	_	_	linguistic	_	none	_	_	_	_	_	_
232-7	BOI059	232	232	7	nei	nei	_	_	_	_	_	linguistic	_	none	_	_	_	_	_	_
232-8	BOI059	232	232	8	binari	binari	_	_	_	_	_	linguistic	_	none	_	_	_	_	_	_
232-9	BOI059	232	232	9	quindi	quindi	_	_	_	_	_	linguistic	_	none	_	End=533.845	_	_	_	_
233-0	BOI059	233	233	0	trovo	trovo	_	_	_	_	_	linguistic	_	none	_	Begin=534.407	_	_	_	_
233-1	BOI059	233	233	1	anche	anche	_	_	_	_	_	linguistic	_	none	_	End=535.402	_	_	_	_
234-0	BOI059	234	234	0	che	che	_	_	_	_	_	linguistic	_	none	_	Begin=535.836	_	_	_	_
234-1	BOI059	234	234	1	siate	siate	_	_	_	_	_	linguistic	_	none	_	_	_	_	_	_
234-2	BOI059	234	234	2	in	in	_	_	_	_	_	linguistic	_	none	_	_	_	_	_	_
234-3	BOI059	234	234	3	realtà	realtà	_	_	_	_	_	linguistic	_	none	_	_	_	_	_	_
234-4	BOI059	234	234	4	adesso	adesso	_	_	_	_	_	linguistic	_	none	_	_	_	_	_	_
234-5	BOI059	234	234	5	poi	poi	_	_	_	_	_	linguistic	_	none	_	_	_	_	_	_
234-6	BOI059	234	234	6	ci	ci	_	_	_	_	_	linguistic	_	none	_	_	_	_	_	_
234-7	BOI059	234	234	7	emozioneremo	emozioneremo	_	_	_	_	_	linguistic	_	none	_	_	_	_	_	_
234-8	BOI059	234	234	8	nel	nel	_	_	_	_	_	linguistic	_	none	_	_	_	_	_	_
234-9	BOI059	234	234	9	dirci	dirci	_	_	_	_	_	linguistic	_	none	_	_	_	_	_	_
234-10	BOI059	234	234	10	queste	queste	_	_	_	_	_	linguistic	_	none	_	_	_	_	_	_
234-11	BOI059	234	234	11	cose	cose	_	_	_	_	_	linguistic	_	none	_	End=539.094	_	_	_	_
235-0	BOI059	235	235	0	un	un	_	_	_	_	_	linguistic	_	none	_	Begin=539.393	_	_	_	_
235-1	BOI059	235	235	1	piccolo	piccolo	_	_	_	_	_	linguistic	_	none	_	_	_	_	_	_
235-2	BOI059	235	235	2	tesoro	tesoro	_	_	_	_	_	linguistic	_	none	_	_	_	_	_	_
235-3	BOI059	235	235	3	nascosto	nascosto	_	_	_	_	_	linguistic	_	none	_	_	_	_	_	_
235-4	BOI059	235	235	4	perché	perché	_	_	_	_	_	linguistic	_	none	_	_	_	_	_	_
235-5	BOI059	235	235	5	potete	potete	_	_	_	_	_	linguistic	_	none	_	_	_	_	_	_
235-6	BOI059	235	235	6	dare	dare	_	_	_	_	_	linguistic	_	none	_	_	_	_	_	_
235-7	BOI059	235	235	7	ta:nto	tanto	_	_	_	_	_	linguistic	_	none	_	End=542.94	1x1	_	_	_
236-0	BOI059	236	236	0	a	a	_	_	_	_	_	linguistic	_	none	_	Begin=543.253	_	_	_	_
236-1	BOI059	236	236	1	chi	chi	_	_	_	_	_	linguistic	_	none	_	_	_	_	_	_
236-2	BOI059	236	236	2	come	come	_	_	_	_	_	linguistic	_	none	_	_	_	_	_	_
236-3	BOI059	236	236	3	me	me	_	_	_	_	_	linguistic	_	none	_	_	_	_	_	_
236-4	BOI059	236	236	4	all'	all'	_	_	_	_	_	linguistic	_	none	SpaceAfter=No	_	_	_	_	_
236-5	BOI059	236	236	5	inizio	inizio	_	_	_	_	_	linguistic	_	none	_	_	_	_	_	_
236-6	BOI059	236	236	6	(era)	era	_	_	_	_	_	linguistic	_	none	_	_	_	_	0-3(0)	_
236-7	BOI059	236	236	7	un	un	_	_	_	_	_	linguistic	_	none	_	_	_	_	_	_
236-8	BOI059	236	236	8	po'	po'	_	_	_	_	_	linguistic	_	none	_	_	_	_	_	_
236-9	BOI059	236	236	9	paraocchi	paraocchi	_	_	_	_	_	linguistic	_	none	_	_	_	_	_	_
236-10	BOI059	236	236	10	perché:	perché	_	_	_	_	_	linguistic	_	none	_	End=546.964	5x1	_	_	_
237-0	BOI059	237	237	0	#cinno	#cinno	_	_	_	_	_	error	_	none	_	Begin=547.044	_	_	_	_
237-1	BOI059	237	237	1	di	di	_	_	_	_	_	linguistic	_	none	_	_	_	_	_	_
237-2	BOI059	237	237	2	merda	merda	_	_	_	_	_	linguistic	_	none	_	_	_	_	_	_
237-3	BOI059	237	237	3	fai	fai	_	_	_	_	_	linguistic	_	none	_	_	_	_	_	_
237-4	BOI059	237	237	4	ca~	ca~	_	_	_	_	_	linguistic	_	none	Interrupted=Yes	_	_	_	_	_
237-5	BOI059	237	237	5	fai	fai	_	_	_	_	_	linguistic	_	none	_	_	_	_	_	_
237-6	BOI059	237	237	6	del	del	_	_	_	_	_	linguistic	_	none	_	_	_	_	_	_
237-7	BOI059	237	237	7	casino	casino	_	_	_	_	_	linguistic	_	none	_	_	_	_	_	_
237-8	BOI059	237	237	8	e	e	_	_	_	_	_	linguistic	_	none	_	_	_	_	_	_
237-9	BOI059	237	237	9	basta	basta	_	_	_	_	_	linguistic	_	none	_	_	_	_	_	_
237-10	BOI059	237	237	10	{ride}	{ride}	_	_	_	_	_	nonverbalbehavior	_	none	_	End=549.433	_	_	_	_
238-0	BOR017	238	238	0	{ride}	{ride}	_	_	_	_	_	nonverbalbehavior	_	none	_	Begin=548.86|End=549.429	_	_	_	_
239-0	BOI059	239	239	0	in	in	_	_	_	_	_	linguistic	_	none	_	Begin=549.721	_	_	_	_
239-1	BOI059	239	239	1	realtà	realtà	_	_	_	_	_	linguistic	_	none	_	_	_	_	_	_
239-2	BOI059	239	239	2	potete	potete	_	_	_	_	_	linguistic	_	none	_	_	_	_	_	_
239-3	BOI059	239	239	3	dare	dare	_	_	_	_	_	linguistic	_	none	_	_	_	_	_	_
239-4	BOI059	239	239	4	tanto	tanto	_	_	_	_	_	linguistic	_	none	_	_	_	_	_	_
239-5	BOI059	239	239	5	a	a	_	_	_	_	_	linguistic	_	none	_	_	_	_	_	_
239-6	BOI059	239	239	6	questo	questo	_	_	_	_	_	linguistic	_	none	_	_	_	_	_	_
239-7	BOI059	239	239	7	posto	posto	_	_	_	_	_	linguistic	_	none	_	_	_	_	_	_
239-8	BOI059	239	239	8	a	a	_	_	_	_	_	linguistic	_	none	_	_	_	_	_	_
239-9	BOI059	239	239	9	questa	questa	_	_	_	_	_	linguistic	_	none	_	_	_	_	_	_
239-10	BOI059	239	239	10	città	città	_	_	_	_	_	linguistic	_	none	_	_	_	_	_	_
239-11	BOI059	239	239	11	ed	ed	_	_	_	_	_	linguistic	_	none	_	_	_	_	_	_
239-12	BOI059	239	239	12	è	è	_	_	_	_	_	linguistic	_	none	_	_	_	_	_	_
239-13	BOI059	239	239	13	una	una	_	_	_	_	_	linguistic	_	none	_	_	_	_	_	_
239-14	BOI059	239	239	14	cosa	cosa	_	_	_	_	_	linguistic	_	none	_	_	_	_	_	_
239-15	BOI059	239	239	15	figa	figa	_	_	_	_	_	linguistic	_	none	_	End=553.114	_	_	_	_
240-0	BOI059	240	240	0	quindi	quindi	_	_	_	_	_	linguistic	_	none	_	Begin=553.134	_	_	_	_
240-1	BOI059	240	240	1	sì	sì	_	_	_	_	_	linguistic	_	none	_	_	_	_	_	_
240-2	BOI059	240	240	2	penso	penso	_	_	_	_	_	linguistic	_	none	_	_	_	_	_	_
240-3	BOI059	240	240	3	che:	che	_	_	_	_	_	linguistic	_	none	_	End=554.472	2x1	_	_	_
241-0	BOI059	241	241	0	>sono	sono	_	_	_	_	_	linguistic	_	none	_	Begin=554.861	_	Fast=0-4(0)	_	_
241-1	BOI059	241	241	1	contenta	contenta	_	_	_	_	_	linguistic	_	none	_	_	_	Fast=0-8(0)	_	_
241-2	BOI059	241	241	2	che	che	_	_	_	_	_	linguistic	_	none	_	_	_	Fast=0-3(0)	_	_
241-3	BOI059	241	241	3	i	i	_	_	_	_	_	linguistic	_	none	_	_	_	Fast=0-1(0)	_	_
241-4	BOI059	241	241	4	giovani	giovani	_	_	_	_	_	linguistic	_	none	_	_	_	Fast=0-7(0)	_	_
241-5	BOI059	241	241	5	vengano	vengano	_	_	_	_	_	linguistic	_	none	_	_	_	Fast=0-7(0)	_	_
241-6	BOI059	241	241	6	qui<	qui	_	_	_	_	_	linguistic	_	none	_	_	_	Fast=0-3(0)	_	_
241-7	BOI059	241	241	7	e:	e	_	_	_	_	_	linguistic	_	none	_	_	0x1	_	_	_
241-8	BOI059	241	241	8	e	e	_	_	_	_	_	linguistic	_	none	_	_	_	_	_	_
241-9	BOI059	241	241	9	penso	penso	_	_	_	_	_	linguistic	_	none	_	_	_	_	_	_
241-10	BOI059	241	241	10	che:	che	_	_	_	_	_	linguistic	_	none	_	_	2x1	_	_	_
241-11	BOI059	241	241	11	sì	sì	_	_	_	_	_	linguistic	_	none	_	_	_	_	_	_
241-12	BOI059	241	241	12	il	il	_	_	_	_	_	linguistic	_	none	_	_	_	_	_	_
241-13	BOI059	241	241	13	mio	mio	_	_	_	_	_	linguistic	_	none	_	End=558.821	_	_	_	_
242-0	BOI059	242	242	0	giudizio	giudizio	_	_	_	_	_	linguistic	_	none	_	Begin=559.178	_	_	_	_
242-1	BOI059	242	242	1	sia	sia	_	_	_	_	_	linguistic	_	none	_	_	_	_	_	_
242-2	BOI059	242	242	2	completamente	completamente	_	_	_	_	_	linguistic	_	none	_	_	_	_	_	_
242-3	BOI059	242	242	3	influenzato	influenzato	_	_	_	_	_	linguistic	_	none	_	_	_	_	_	_
242-4	BOI059	242	242	4	dal	dal	_	_	_	_	_	linguistic	_	none	_	_	_	_	_	_
242-5	BOI059	242	242	5	mio	mio	_	_	_	_	_	linguistic	_	none	_	_	_	_	_	_
242-6	BOI059	242	242	6	lavoro	lavoro	_	_	_	_	_	linguistic	_	none	_	_	_	_	_	_
242-7	BOI059	242	242	7	ora	ora	_	_	_	_	_	linguistic	_	none	_	End=562.124	_	_	_	_
243-0	BOI059	243	243	0	questo	questo	_	_	_	_	_	linguistic	_	none	_	Begin=562.338	_	_	_	_
243-1	BOI059	243	243	1	giudizio	giudizio	_	_	_	_	_	linguistic	_	none	_	_	_	_	_	_
243-2	BOI059	243	243	2	finalmente	finalmente	_	_	_	_	_	linguistic	_	none	_	_	_	_	_	_
243-3	BOI059	243	243	3	positivo	positivo	_	_	_	_	_	linguistic	_	none	_	_	_	_	_	_
243-4	BOI059	243	243	4	ecco	ecco	_	_	_	_	_	linguistic	_	none	_	End=564.268	_	_	_	_
244-0	BOR017	244	244	0	visto	visto	_	_	_	_	_	linguistic	_	none	_	Begin=564.468	_	_	_	_
244-1	BOR017	244	244	1	che	che	_	_	_	_	_	linguistic	_	none	_	_	_	_	_	_
244-2	BOR017	244	244	2	abbiamo	abbiamo	_	_	_	_	_	linguistic	_	none	_	_	_	_	_	_
244-3	BOR017	244	244	3	tirato	tirato	_	_	_	_	_	linguistic	_	none	_	_	_	_	_	_
244-4	BOR017	244	244	4	in	in	_	_	_	_	_	linguistic	_	none	_	_	_	_	_	_
244-5	BOR017	244	244	5	ballo	ballo	_	_	_	_	_	linguistic	_	none	_	_	_	_	_	_
244-6	BOR017	244	244	6	lo	lo	_	_	_	_	_	linguistic	_	none	_	_	_	_	_	_
244-7	BOR017	244	244	7	studenta:to:	studentato	_	_	_	_	_	linguistic	_	none	_	End=567.199	7x1,9x1	_	_	_
245-0	BOI059	245	245	0	sì	sì	_	_	_	_	_	linguistic	_	none	_	Begin=567.348|End=567.616	_	_	_	_
246-0	BOR017	246	246	0	hai	hai	_	_	_	_	_	linguistic	_	none	_	Begin=567.711	_	_	_	_
246-1	BOR017	246	246	1	dei	dei	_	_	_	_	_	linguistic	_	none	_	_	_	_	_	_
246-2	BOR017	246	246	2	bei	bei	_	_	_	_	_	linguistic	_	none	_	_	_	_	_	_
246-3	BOR017	246	246	3	ricordi	ricordi	_	_	_	_	_	linguistic	_	none	_	_	_	_	_	_
246-4	BOR017	246	246	4	o	o	_	_	_	_	_	linguistic	_	none	_	_	_	_	_	_
246-5	BOR017	246	246	5	degli	degli	_	_	_	_	_	linguistic	_	none	_	_	_	_	_	_
246-6	BOR017	246	246	6	aneddoti	aneddoti	_	_	_	_	_	linguistic	_	none	_	_	_	_	_	_
246-7	BOR017	246	246	7	in	in	_	_	_	_	_	linguistic	_	none	_	_	_	_	_	_
246-8	BOR017	246	246	8	particola:re	particolare	_	_	_	_	_	linguistic	_	none	_	_	8x1	_	_	_
246-9	BOR017	246	246	9	che	che	_	_	_	_	_	linguistic	_	none	_	End=570.821	_	_	_	_
247-0	BOI059	247	247	0	{ride}	{ride}	_	_	_	_	_	nonverbalbehavior	_	none	_	Begin=570.955|End=571.095	_	_	_	_
248-0	BOR017	248	248	0	so[no	sono	_	_	_	_	_	linguistic	_	none	_	Begin=571.636	_	_	_	2-4(23)
248-1	BOR017	248	248	1	legati]	legati	_	_	_	_	_	linguistic	_	none	_	_	_	_	_	0-6(23)
248-2	BOR017	248	248	2	ad	ad	_	_	_	_	_	linguistic	_	none	_	_	_	_	_	_
248-3	BOR017	248	248	3	esso	esso	_	_	_	_	_	linguistic	_	none	_	End=572.849	_	_	_	_
249-0	BOI059	249	249	0	[il	il	_	_	_	_	_	linguistic	_	none	_	Begin=571.711	_	_	_	0-2(23)
249-1	BOI059	249	249	1	mio]	mio	_	_	_	_	_	linguistic	_	none	_	End=572.065	_	_	_	0-3(23)
250-0	BOI059	250	250	0	il	il	_	_	_	_	_	linguistic	_	none	_	Begin=572.849	_	_	_	_
250-1	BOI059	250	250	1	mio	mio	_	_	_	_	_	linguistic	_	none	_	_	_	_	_	_
250-2	BOI059	250	250	2	aneddoto	aneddoto	_	_	_	_	_	linguistic	_	none	_	_	_	_	_	_
250-3	BOI059	250	250	3	preferito	preferito	_	_	_	_	_	linguistic	_	none	_	_	_	_	_	_
250-4	BOI059	250	250	4	è	è	_	_	_	_	_	linguistic	_	none	_	_	_	_	_	_
250-5	BOI059	250	250	5	sempre	sempre	_	_	_	_	_	linguistic	_	none	_	_	_	_	_	_
250-6	BOI059	250	250	6	uno	uno	_	_	_	_	_	linguistic	_	none	_	End=575.358	_	_	_	_
251-0	BOI059	251	251	0	ed	ed	_	_	_	_	_	linguistic	_	none	_	Begin=576.064	_	_	_	_
251-1	BOI059	251	251	1	è	è	_	_	_	_	_	linguistic	_	none	_	_	_	_	_	_
251-2	BOI059	251	251	2	che	che	_	_	_	_	_	linguistic	_	none	_	_	_	_	_	_
251-3	BOI059	251	251	3	ai	ai	_	_	_	_	_	linguistic	_	none	_	_	_	_	_	_
251-4	BOI059	251	251	4	primi	primi	_	_	_	_	_	linguistic	_	none	_	_	_	_	_	_
251-5	BOI059	251	251	5	giorni	giorni	_	_	_	_	_	linguistic	_	none	_	_	_	_	_	_
251-6	BOI059	251	251	6	dell'	dell'	_	_	_	_	_	linguistic	_	none	SpaceAfter=No	_	_	_	_	_
251-7	BOI059	251	251	7	anno	anno	_	_	_	_	_	linguistic	_	none	_	_	_	_	_	_
251-8	BOI059	251	251	8	l'	l'	_	_	_	_	_	linguistic	_	none	SpaceAfter=No	_	_	_	_	_
251-9	BOI059	251	251	9	anno	anno	_	_	_	_	_	linguistic	_	none	_	_	_	_	_	_
251-10	BOI059	251	251	10	accademico	accademico	_	_	_	_	_	linguistic	_	none	_	_	_	_	_	_
251-11	BOI059	251	251	11	essendo	essendo	_	_	_	_	_	linguistic	_	none	_	_	_	_	_	_
251-12	BOI059	251	251	12	io	io	_	_	_	_	_	linguistic	_	none	_	End=580.204	_	_	_	_
252-0	BOI059	252	252	0	l'	l'	_	_	_	_	_	linguistic	_	none	SpaceAfter=No	Begin=580.347	_	_	_	_
252-1	BOI059	252	252	1	unica	unica	_	_	_	_	_	linguistic	_	none	_	_	_	_	_	_
252-2	BOI059	252	252	2	portiera	portiera	_	_	_	_	_	linguistic	_	none	_	End=581.82	_	_	_	_
253-0	BOI059	253	253	0	xx	xx	_	_	_	_	_	unknown	_	none	Syllables=2	Begin=582.015	_	_	_	_
253-1	BOI059	253	253	1	(appunto	appunto	_	_	_	_	_	linguistic	_	none	_	_	_	_	0-7(0)	_
253-2	BOI059	253	253	2	non	non	_	_	_	_	_	linguistic	_	none	_	_	_	_	0-3(0)	_
253-3	BOI059	253	253	3	è	è	_	_	_	_	_	linguistic	_	none	_	_	_	_	0-1(0)	_
253-4	BOI059	253	253	4	che)	che	_	_	_	_	_	linguistic	_	none	_	_	_	_	0-3(0)	_
253-5	BOI059	253	253	5	l'	l'	_	_	_	_	_	linguistic	_	none	SpaceAfter=No	_	_	_	_	_
253-6	BOI059	253	253	6	unica	unica	_	_	_	_	_	linguistic	_	none	_	_	_	_	_	_
253-7	BOI059	253	253	7	portiera	portiera	_	_	_	_	_	linguistic	_	none	_	_	_	_	_	_
253-8	BOI059	253	253	8	l'	l'	_	_	_	_	_	linguistic	_	none	SpaceAfter=No	_	_	_	_	_
253-9	BOI059	253	253	9	unico	unico	_	_	_	_	_	linguistic	_	none	_	_	_	_	_	_
253-10	BOI059	253	253	10	eh	eh	_	_	_	_	_	linguistic	_	none	_	_	_	_	_	_
253-11	BOI059	253	253	11	mh	mh	_	_	_	_	_	linguistic	_	none	_	_	_	_	_	_
253-12	BOI059	253	253	12	dipendente	dipendente	_	_	_	_	_	linguistic	_	none	_	_	_	_	_	_
253-13	BOI059	253	253	13	di	di	_	_	_	_	_	linguistic	_	none	_	_	_	_	_	_
253-14	BOI059	253	253	14	portineria	portineria	_	_	_	_	_	linguistic	_	none	_	End=585.786	_	_	_	_
254-0	BOI059	254	254	0	principalmente	principalmente	_	_	_	_	_	linguistic	_	none	_	Begin=586.169	_	_	_	_
254-1	BOI059	254	254	1	bolognese	bolognese	_	_	_	_	_	linguistic	_	none	_	End=587.507	_	_	_	_
255-0	BOI059	255	255	0	io	io	_	_	_	_	_	linguistic	_	none	_	Begin=587.799	_	_	_	_
255-1	BOI059	255	255	1	vi	vi	_	_	_	_	_	linguistic	_	none	_	_	_	_	_	_
255-2	BOI059	255	255	2	devo	devo	_	_	_	_	_	linguistic	_	none	_	_	_	_	_	_
255-3	BOI059	255	255	3	insegnare	insegnare	_	_	_	_	_	linguistic	_	none	_	_	_	_	_	_
255-4	BOI059	255	255	4	tre	tre	_	_	_	_	_	linguistic	_	none	_	_	_	_	_	_
255-5	BOI059	255	255	5	cose	cose	_	_	_	_	_	linguistic	_	none	_	End=589.143	_	_	_	_
256-0	BOR017	256	256	0	°mh°	mh	_	_	_	_	_	linguistic	_	none	Volume=low	Begin=589.151|End=589.338	_	_	_	_
257-0	BOI059	257	257	0	#che	#che	_	_	_	_	_	error	_	none	_	Begin=589.9	_	_	_	_
257-1	BOI059	257	257	1	la	la	_	_	_	_	_	linguistic	_	none	_	_	_	_	_	_
257-2	BOI059	257	257	2	spazzatura	spazzatura	_	_	_	_	_	linguistic	_	none	_	_	_	_	_	_
257-3	BOI059	257	257	3	è	è	_	_	_	_	_	linguistic	_	none	_	_	_	_	_	_
257-4	BOI059	257	257	4	il	il	_	_	_	_	_	linguistic	_	none	_	_	_	_	_	_
257-5	BOI059	257	257	5	rusco	rusco	_	_	_	_	_	linguistic	_	none	_	End=591.736	_	_	_	_
258-0	BOR017	258	258	0	{ride}	{ride}	_	_	_	_	_	nonverbalbehavior	_	none	_	Begin=591.781|End=592.378	_	_	_	_
259-0	BOI059	259	259	0	#che	#che	_	_	_	_	_	error	_	none	_	Begin=592.423	_	_	_	_
259-1	BOI059	259	259	1	il	il	_	_	_	_	_	linguistic	_	none	_	_	_	_	_	_
259-2	BOI059	259	259	2	ragazzo	ragazzo	_	_	_	_	_	linguistic	_	none	_	_	_	_	_	_
259-3	BOI059	259	259	3	è	è	_	_	_	_	_	linguistic	_	none	_	_	_	_	_	_
259-4	BOI059	259	259	4	il	il	_	_	_	_	_	linguistic	_	none	_	_	_	_	_	_
259-5	BOI059	259	259	5	cinno	cinno	_	_	_	_	_	linguistic	_	none	_	_	_	_	_	_
259-6	BOI059	259	259	6	e	e	_	_	_	_	_	linguistic	_	none	_	_	_	_	_	_
259-7	BOI059	259	259	7	declina	declina	_	_	_	_	_	linguistic	_	none	_	_	_	_	_	_
259-8	BOI059	259	259	8	regolare	regolare	_	_	_	_	_	linguistic	_	none	_	_	_	_	_	_
259-9	BOI059	259	259	9	italiano	italiano	_	_	_	_	_	linguistic	_	none	_	_	_	_	_	_
259-10	BOI059	259	259	10	quindi	quindi	_	_	_	_	_	linguistic	_	none	_	_	_	_	_	_
259-11	BOI059	259	259	11	cinno	cinno	_	_	_	_	_	linguistic	_	none	_	_	_	_	_	_
259-12	BOI059	259	259	12	cinna	cinna	_	_	_	_	_	linguistic	_	none	_	_	_	_	_	_
259-13	BOI059	259	259	13	cinni	cinni	_	_	_	_	_	linguistic	_	none	_	_	_	_	_	_
259-14	BOI059	259	259	14	cinne	cinne	_	_	_	_	_	linguistic	_	none	_	End=597.279	_	_	_	_
260-0	BOR017	260	260	0	{ride}	{ride}	_	_	_	_	_	nonverbalbehavior	_	none	_	Begin=597.239|End=597.731	_	_	_	_
261-0	BOI059	261	261	0	e	e	_	_	_	_	_	linguistic	_	none	_	Begin=597.84	_	_	_	_
261-1	BOI059	261	261	1	che	che	_	_	_	_	_	linguistic	_	none	_	End=598.611	_	_	_	_
262-0	BOI059	262	262	0	quando	quando	_	_	_	_	_	linguistic	_	none	_	Begin=598.83	_	_	_	_
262-1	BOI059	262	262	1	vuoi	vuoi	_	_	_	_	_	linguistic	_	none	_	_	_	_	_	_
262-2	BOI059	262	262	2	farti	farti	_	_	_	_	_	linguistic	_	none	_	_	_	_	_	_
262-3	BOI059	262	262	3	aprire	aprire	_	_	_	_	_	linguistic	_	none	_	_	_	_	_	_
262-4	BOI059	262	262	4	da	da	_	_	_	_	_	linguistic	_	none	_	_	_	_	_	_
262-5	BOI059	262	262	5	lontano	lontano	_	_	_	_	_	linguistic	_	none	_	End=600.556	_	_	_	_
263-0	BOR017	263	263	0	e[satto]	esatto	_	_	_	_	_	linguistic	_	none	_	Begin=600.604|End=601.44	_	_	_	1-6(24)
264-0	BOI059	264	264	0	#[chiedi	#chiedi	_	_	_	_	_	error	_	none	_	Begin=600.786	_	_	_	1-7(24)
264-1	BOI059	264	264	1	il	il	_	_	_	_	_	linguistic	_	none	_	_	_	_	_	0-2(24)
264-2	BOI059	264	264	2	ti]ro	tiro	_	_	_	_	_	linguistic	_	none	_	End=601.761	_	_	_	0-2(24)
265-0	BOR017	265	265	0	sì	sì	_	_	_	_	_	linguistic	_	none	_	Begin=601.769|End=602.015	_	_	_	_
266-0	BOR017	266	266	0	mi	mi	_	_	_	_	_	linguistic	_	none	_	Begin=602.151	_	_	_	_
266-1	BOR017	266	266	1	[ricordo]	ricordo	_	_	_	_	_	linguistic	_	none	_	_	_	_	_	0-7(?)
266-2	BOR017	266	266	2	{ride}	{ride}	_	_	_	_	_	nonverbalbehavior	_	none	_	End=603.517	_	_	_	_
267-0	BOI059	267	267	0	>[questo	questo	_	_	_	_	_	linguistic	_	none	_	Begin=602.413	_	Fast=0-6(0)	_	0-6(25)
267-1	BOI059	267	267	1	per	per	_	_	_	_	_	linguistic	_	none	_	_	_	Fast=0-3(0)	_	0-3(25)
267-2	BOI059	267	267	2	me]<	me	_	_	_	_	_	linguistic	_	none	_	End=602.922	_	Fast=0-2(0)	_	0-2(25)
268-0	BOI059	268	268	0	{ride}	{ride}	_	_	_	_	_	nonverbalbehavior	_	none	_	Begin=603.055	_	_	_	_
268-1	BOI059	268	268	1	vedi?	vedi	_	_	_	_	_	linguistic	_	none	Intonation=Rising	End=604.054	_	_	_	_
269-0	BOI059	269	269	0	questo	questo	_	_	_	_	_	linguistic	_	none	_	Begin=604.448	_	_	_	_
269-1	BOI059	269	269	1	per	per	_	_	_	_	_	linguistic	_	none	_	_	_	_	_	_
269-2	BOI059	269	269	2	me	me	_	_	_	_	_	linguistic	_	none	_	_	_	_	_	_
269-3	BOI059	269	269	3	è	è	_	_	_	_	_	linguistic	_	none	_	_	_	_	_	_
269-4	BOI059	269	269	4	proprio	proprio	_	_	_	_	_	linguistic	_	none	_	_	_	_	_	_
269-5	BOI059	269	269	5	l'	l'	_	_	_	_	_	linguistic	_	none	SpaceAfter=No	_	_	_	_	_
269-6	BOI059	269	269	6	aneddoto	aneddoto	_	_	_	_	_	linguistic	_	none	_	_	_	_	_	_
269-7	BOI059	269	269	7	più	più	_	_	_	_	_	linguistic	_	none	_	_	_	_	_	_
269-8	BOI059	269	269	8	bello	bello	_	_	_	_	_	linguistic	_	none	_	_	_	_	_	_
269-9	BOI059	269	269	9	legato	legato	_	_	_	_	_	linguistic	_	none	_	_	_	_	_	_
269-10	BOI059	269	269	10	al	al	_	_	_	_	_	linguistic	_	none	_	_	_	_	_	_
269-11	BOI059	269	269	11	lavoro	lavoro	_	_	_	_	_	linguistic	_	none	_	_	_	_	_	_
269-12	BOI059	269	269	12	perché	perché	_	_	_	_	_	linguistic	_	none	_	End=607.893	_	_	_	_
270-0	BOI059	270	270	0	in	in	_	_	_	_	_	linguistic	_	none	_	Begin=608.258	_	_	_	_
270-1	BOI059	270	270	1	un	un	_	_	_	_	_	linguistic	_	none	_	_	_	_	_	_
270-2	BOI059	270	270	2	certo	certo	_	_	_	_	_	linguistic	_	none	_	_	_	_	_	_
270-3	BOI059	270	270	3	senso	senso	_	_	_	_	_	linguistic	_	none	_	End=609.512	_	_	_	_
271-0	BOI059	271	271	0	mi	mi	_	_	_	_	_	linguistic	_	none	_	Begin=609.746	_	_	_	_
271-1	BOI059	271	271	1	permette	permette	_	_	_	_	_	linguistic	_	none	_	End=611.02	_	_	_	_
272-0	BOI059	272	272	0	di	di	_	_	_	_	_	linguistic	_	none	_	Begin=611.234	_	_	_	_
272-1	BOI059	272	272	1	farvi	farvi	_	_	_	_	_	linguistic	_	none	_	_	_	_	_	_
272-2	BOI059	272	272	2	entrare	entrare	_	_	_	_	_	linguistic	_	none	_	_	_	_	_	_
272-3	BOI059	272	272	3	al	al	_	_	_	_	_	linguistic	_	none	_	_	_	_	_	_
272-4	BOI059	272	272	4	volo	volo	_	_	_	_	_	linguistic	_	none	_	_	_	_	_	_
272-5	BOI059	272	272	5	nel	nel	_	_	_	_	_	linguistic	_	none	_	_	_	_	_	_
272-6	BOI059	272	272	6	tessuto	tessuto	_	_	_	_	_	linguistic	_	none	_	_	_	_	_	_
272-7	BOI059	272	272	7	sociale	sociale	_	_	_	_	_	linguistic	_	none	_	_	_	_	_	_
272-8	BOI059	272	272	8	di	di	_	_	_	_	_	linguistic	_	none	_	_	_	_	_	_
272-9	BOI059	272	272	9	una	una	_	_	_	_	_	linguistic	_	none	_	_	_	_	_	_
272-10	BOI059	272	272	10	città	città	_	_	_	_	_	linguistic	_	none	_	_	_	_	_	_
272-11	BOI059	272	272	11	che	che	_	_	_	_	_	linguistic	_	none	_	_	_	_	_	_
272-12	BOI059	272	272	12	utilizza	utilizza	_	_	_	_	_	linguistic	_	none	_	End=615.109	_	_	_	_
273-0	BOI059	273	273	0	tre	tre	_	_	_	_	_	linguistic	_	none	_	Begin=615.457	_	_	_	_
273-1	BOI059	273	273	1	termini	termini	_	_	_	_	_	linguistic	_	none	_	_	_	_	_	_
273-2	BOI059	273	273	2	dialettali	dialettali	_	_	_	_	_	linguistic	_	none	_	End=616.75	_	_	_	_
274-0	BOI059	274	274	0	senza	senza	_	_	_	_	_	linguistic	_	none	_	Begin=616.99	_	_	_	_
274-1	BOI059	274	274	1	rendersene	rendersene	_	_	_	_	_	linguistic	_	none	_	_	_	_	_	_
274-2	BOI059	274	274	2	conto	conto	_	_	_	_	_	linguistic	_	none	_	_	_	_	_	_
274-3	BOI059	274	274	3	io	io	_	_	_	_	_	linguistic	_	none	_	_	_	_	_	_
274-4	BOI059	274	274	4	ho	ho	_	_	_	_	_	linguistic	_	none	_	End=618.472	_	_	_	_
275-0	BOI059	275	275	0	scoperto	scoperto	_	_	_	_	_	linguistic	_	none	_	Begin=618.776	_	_	_	_
275-1	BOI059	275	275	1	nella	nella	_	_	_	_	_	linguistic	_	none	_	_	_	_	_	_
275-2	BOI059	275	275	2	mia	mia	_	_	_	_	_	linguistic	_	none	_	_	_	_	_	_
275-3	BOI059	275	275	3	vita	vita	_	_	_	_	_	linguistic	_	none	_	_	_	_	_	_
275-4	BOI059	275	275	4	che	che	_	_	_	_	_	linguistic	_	none	_	_	_	_	_	_
275-5	BOI059	275	275	5	rusco	rusco	_	_	_	_	_	linguistic	_	none	_	_	_	_	_	_
275-6	BOI059	275	275	6	è	è	_	_	_	_	_	linguistic	_	none	_	_	_	_	_	_
275-7	BOI059	275	275	7	dialetto	dialetto	_	_	_	_	_	linguistic	_	none	_	End=620.979	_	_	_	_
276-0	BOI059	276	276	0	che	che	_	_	_	_	_	linguistic	_	none	_	Begin=621.219	_	_	_	_
276-1	BOI059	276	276	1	avevo	avevo	_	_	_	_	_	linguistic	_	none	_	_	_	_	_	_
276-2	BOI059	276	276	2	già	già	_	_	_	_	_	linguistic	_	none	_	End=622.025	_	_	_	_
277-0	BOI059	277	277	0	(buone)	buone	_	_	_	_	_	linguistic	_	none	_	Begin=622.338	_	_	0-5(0)	_
277-1	BOI059	277	277	1	trent'	trent'	_	_	_	_	_	linguistic	_	none	SpaceAfter=No	_	_	_	_	_
277-2	BOI059	277	277	2	anni	anni	_	_	_	_	_	linguistic	_	none	_	_	_	_	_	_
277-3	BOI059	277	277	3	[credo]	credo	_	_	_	_	_	linguistic	_	none	_	_	_	_	_	0-5(27)
277-4	BOI059	277	277	4	quind[i]:	quindi	_	_	_	_	_	linguistic	_	none	_	End=624.542	5x1	_	_	4-6(28)
278-0	BOR017	278	278	0	[certo]	certo	_	_	_	_	_	linguistic	_	none	_	Begin=623.547|End=623.97	_	_	_	0-5(27)
279-0	BOR017	279	279	0	[stai]	stai	_	_	_	_	_	linguistic	_	none	_	Begin=624.403	_	_	_	0-4(28)
279-1	BOR017	279	279	1	[se]ttando	settando	_	_	_	_	_	linguistic	_	none	_	_	_	_	_	0-2(29)
279-2	BOR017	279	279	2	i	i	_	_	_	_	_	linguistic	_	none	_	_	_	_	_	_
279-3	BOR017	279	279	3	nostri	nostri	_	_	_	_	_	linguistic	_	none	_	_	_	_	_	_
279-4	BOR017	279	279	4	paramet[ri]	parametri	_	_	_	_	_	linguistic	_	none	_	End=626.239	_	_	_	7-9(30)
280-0	BOI059	280	280	0	[sì]	sì	_	_	_	_	_	linguistic	_	none	_	Begin=624.651|End=624.84	_	_	_	0-2(29)
281-0	BOI059	281	281	0	[es]at[to]	esatto	_	_	_	_	_	linguistic	_	none	_	Begin=626.114|End=626.721	_	_	_	0-2(30),4-6(31)
282-0	BOR017	282	282	0	sul[la	sulla	_	_	_	_	_	linguistic	_	none	_	Begin=626.488	_	_	_	3-5(31)
282-1	BOR017	282	282	1	nuo]va	nuova	_	_	_	_	_	linguistic	_	none	_	_	_	_	_	0-3(31)
282-2	BOR017	282	282	2	[lingua]	lingua	_	_	_	_	_	linguistic	_	none	_	End=627.343	_	_	_	0-6(32)
283-0	BOI059	283	283	0	[esatto]	esatto	_	_	_	_	_	linguistic	_	none	_	Begin=626.896	_	_	_	0-6(32)
283-1	BOI059	283	283	1	sulla	sulla	_	_	_	_	_	linguistic	_	none	_	_	_	_	_	_
283-2	BOI059	283	283	2	[nuova]	nuova	_	_	_	_	_	linguistic	_	none	_	End=627.909	_	_	_	0-5(33)
284-0	BOR017	284	284	0	sul	sul	_	_	_	_	_	linguistic	_	none	_	Begin=627.542	_	_	_	_
284-1	BOR017	284	284	1	[nuovo]	nuovo	_	_	_	_	_	linguistic	_	none	_	_	_	_	_	0-5(33)
284-2	BOR017	284	284	2	[posto]	posto	_	_	_	_	_	linguistic	_	none	_	End=628.329	_	_	_	0-5(34)
285-0	BOI059	285	285	0	[esa]tto	esatto	_	_	_	_	_	linguistic	_	none	_	Begin=628.009	_	_	_	0-3(34)
285-1	BOI059	285	285	1	sul~	sul~	_	_	_	_	_	linguistic	_	none	Interrupted=Yes	_	_	_	_	_
285-2	BOI059	285	285	2	esatt[o]	esatto	_	_	_	_	_	linguistic	_	none	_	End=629.283	_	_	_	5-6(35)
286-0	BOR017	286	286	0	[e]d	ed	_	_	_	_	_	linguistic	_	none	_	Begin=629.257	_	_	_	0-1(?)
286-1	BOR017	286	286	1	è	è	_	_	_	_	_	linguistic	_	none	_	_	_	_	_	_
286-2	BOR017	286	286	2	fondamentale	fondamentale	_	_	_	_	_	linguistic	_	none	_	_	_	_	_	_
286-3	BOR017	286	286	3	eh	eh	_	_	_	_	_	linguistic	_	none	_	_	_	_	_	_
286-4	BOR017	286	286	4	{ride}	{ride}	_	_	_	_	_	nonverbalbehavior	_	none	_	End=631.08	_	_	_	_
287-0	BOI059	287	287	0	#sì	#sì	_	_	_	_	_	error	_	none	_	Begin=630.488	_	_	_	_
287-1	BOI059	287	287	1	anche	anche	_	_	_	_	_	linguistic	_	none	_	_	_	_	_	_
287-2	BOI059	287	287	2	perché	perché	_	_	_	_	_	linguistic	_	none	_	_	_	_	_	_
287-3	BOI059	287	287	3	altrimenti	altrimenti	_	_	_	_	_	linguistic	_	none	_	_	_	_	_	_
287-4	BOI059	287	287	4	(a)scolta	ascolta	_	_	_	_	_	linguistic	_	none	_	_	_	_	0-1(0)	_
287-5	BOI059	287	287	5	mi	mi	_	_	_	_	_	linguistic	_	none	_	_	_	_	_	_
287-6	BOI059	287	287	6	dai	dai	_	_	_	_	_	linguistic	_	none	_	_	_	_	_	_
287-7	BOI059	287	287	7	il	il	_	_	_	_	_	linguistic	_	none	_	_	_	_	_	_
287-8	BOI059	287	287	8	tiro?	tiro	_	_	_	_	_	linguistic	_	none	Intonation=Rising	_	_	_	_	_
287-9	BOI059	287	287	9	tu	tu	_	_	_	_	_	linguistic	_	none	_	_	_	_	_	_
287-10	BOI059	287	287	10	non	non	_	_	_	_	_	linguistic	_	none	_	_	_	_	_	_
287-11	BOI059	287	287	11	sai	sai	_	_	_	_	_	linguistic	_	none	_	_	_	_	_	_
287-12	BOI059	287	287	12	cos'	cos'	_	_	_	_	_	linguistic	_	none	SpaceAfter=No	_	_	_	_	_
287-13	BOI059	287	287	13	è	è	_	_	_	_	_	linguistic	_	none	_	_	_	_	_	_
287-14	BOI059	287	287	14	dici	dici	_	_	_	_	_	linguistic	_	none	_	_	_	_	_	_
287-15	BOI059	287	287	15	cosa	cosa	_	_	_	_	_	linguistic	_	none	_	_	_	_	_	_
287-16	BOI059	287	287	16	devo	devo	_	_	_	_	_	linguistic	_	none	_	_	_	_	_	_
287-17	BOI059	287	287	17	fare	fare	_	_	_	_	_	linguistic	_	none	_	_	_	_	_	_
287-18	BOI059	287	287	18	di	di	_	_	_	_	_	linguistic	_	none	_	_	_	_	_	_
287-19	BOI059	287	287	19	questo	questo	_	_	_	_	_	linguistic	_	none	_	_	_	_	_	_
287-20	BOI059	287	287	20	campanello	campanello	_	_	_	_	_	linguistic	_	none	_	_	_	_	_	_
287-21	BOI059	287	287	21	in	in	_	_	_	_	_	linguistic	_	none	_	_	_	_	_	_
287-22	BOI059	287	287	22	cui	cui	_	_	_	_	_	linguistic	_	none	_	_	_	_	_	_
287-23	BOI059	287	287	23	c'	c'	_	_	_	_	_	linguistic	_	none	SpaceAfter=No	_	_	_	_	_
287-24	BOI059	287	287	24	è	è	_	_	_	_	_	linguistic	_	none	_	_	_	_	_	_
287-25	BOI059	287	287	25	scritto	scritto	_	_	_	_	_	linguistic	_	none	_	_	_	_	_	_
287-26	BOI059	287	287	26	tiro?	tiro	_	_	_	_	_	linguistic	_	none	Intonation=Rising	_	_	_	_	_
287-27	BOI059	287	287	27	{ride}	{ride}	_	_	_	_	_	nonverbalbehavior	_	none	_	End=638.388	_	_	_	_
288-0	BOR017	288	288	0	{ride}	{ride}	_	_	_	_	_	nonverbalbehavior	_	none	_	Begin=635.987|End=636.716	_	_	_	_
289-0	BOR017	289	289	0	#io	#io	_	_	_	_	_	error	_	none	_	Begin=638.428	_	_	_	_
289-1	BOR017	289	289	1	le	le	_	_	_	_	_	linguistic	_	none	_	_	_	_	_	_
289-2	BOR017	289	289	2	prime	prime	_	_	_	_	_	linguistic	_	none	_	_	_	_	_	_
289-3	BOR017	289	289	3	volte	volte	_	_	_	_	_	linguistic	_	none	_	_	_	_	_	_
289-4	BOR017	289	289	4	ero	ero	_	_	_	_	_	linguistic	_	none	_	_	_	_	_	_
289-5	BOR017	289	289	5	sconvolto	sconvolto	_	_	_	_	_	linguistic	_	none	_	_	_	_	_	_
289-6	BOR017	289	289	6	da	da	_	_	_	_	_	linguistic	_	none	_	_	_	_	_	_
289-7	BOR017	289	289	7	dammi	dammi	_	_	_	_	_	linguistic	_	none	_	_	_	_	_	_
289-8	BOR017	289	289	8	un	un	_	_	_	_	_	linguistic	_	none	_	_	_	_	_	_
289-9	BOR017	289	289	9	tiro	tiro	_	_	_	_	_	linguistic	_	none	_	End=640.755	_	_	_	_
290-0	BOI059	290	290	0	eh	eh	_	_	_	_	_	linguistic	_	none	_	Begin=640.761	_	_	_	_
290-1	BOI059	290	290	1	[certo]	certo	_	_	_	_	_	linguistic	_	none	_	End=641.313	_	_	_	0-5(37)
291-0	BOR017	291	291	0	[cioè	cioè	_	_	_	_	_	linguistic	_	none	_	Begin=640.886	_	_	_	0-4(37)
291-1	BOR017	291	291	1	non	non	_	_	_	_	_	linguistic	_	none	_	_	_	_	_	0-3(37)
291-2	BOR017	291	291	2	ca]pivo	capivo	_	_	_	_	_	linguistic	_	none	_	_	_	_	_	0-2(37)
291-3	BOR017	291	291	3	con	con	_	_	_	_	_	linguistic	_	none	_	_	_	_	_	_
291-4	BOR017	291	291	4	tutto	tutto	_	_	_	_	_	linguistic	_	none	_	_	_	_	_	_
291-5	BOR017	291	291	5	che	che	_	_	_	_	_	linguistic	_	none	_	_	_	_	_	_
291-6	BOR017	291	291	6	lo	lo	_	_	_	_	_	linguistic	_	none	_	_	_	_	_	_
291-7	BOR017	291	291	7	sap[evo	sapevo	_	_	_	_	_	linguistic	_	none	_	_	_	_	_	3-6(38)
291-8	BOR017	291	291	8	non	non	_	_	_	_	_	linguistic	_	none	_	_	_	_	_	0-3(38)
291-9	BOR017	291	291	9	capi][vo]	capivo	_	_	_	_	_	linguistic	_	none	_	End=643.716	_	_	_	0-4(38),4-6(39)
292-0	BOI059	292	292	0	{ride}	{ride}	_	_	_	_	_	nonverbalbehavior	_	none	_	Begin=641.542|End=642.179	_	_	_	_
293-0	BOI059	293	293	0	>[anche	anche	_	_	_	_	_	linguistic	_	none	_	Begin=642.502	_	Fast=0-5(0)	_	0-5(38)
293-1	BOI059	293	293	1	perché]<	perché	_	_	_	_	_	linguistic	_	none	_	End=643.168	_	Fast=0-6(0)	_	0-6(38)
294-0	BOI059	294	294	0	[anche	anche	_	_	_	_	_	linguistic	_	none	_	Begin=643.333	_	_	_	0-5(39)
294-1	BOI059	294	294	1	la	la	_	_	_	_	_	linguistic	_	none	_	_	_	_	_	0-2(39)
294-2	BOI059	294	294	2	s]igaretta:	sigaretta	_	_	_	_	_	linguistic	_	none	_	_	8x1	_	_	0-1(39)
294-3	BOI059	294	294	3	è	è	_	_	_	_	_	linguistic	_	none	_	_	_	_	_	_
294-4	BOI059	294	294	4	un	un	_	_	_	_	_	linguistic	_	none	_	_	_	_	_	_
294-5	BOI059	294	294	5	tiro	tiro	_	_	_	_	_	linguistic	_	none	_	End=644.957	_	_	_	_
295-0	BOR017	295	295	0	eh	eh	_	_	_	_	_	linguistic	_	none	_	Begin=644.976	_	_	_	_
295-1	BOR017	295	295	1	[certo]	certo	_	_	_	_	_	linguistic	_	none	_	End=645.785	_	_	_	0-5(40)
296-0	BOI059	296	296	0	#[può	#può	_	_	_	_	_	error	_	none	_	Begin=645.062	_	_	_	1-4(40)
296-1	BOI059	296	296	1	essere	essere	_	_	_	_	_	linguistic	_	none	_	_	_	_	_	0-6(40)
296-2	BOI059	296	296	2	anche	anche	_	_	_	_	_	linguistic	_	none	_	_	_	_	_	0-5(40)
296-3	BOI059	296	296	3	un	un	_	_	_	_	_	linguistic	_	none	_	_	_	_	_	0-2(40)
296-4	BOI059	296	296	4	cu]ccio	cuccio	_	_	_	_	_	linguistic	_	none	_	End=646.203	_	_	_	0-2(40)
297-0	BOI059	297	297	0	#ma	#ma	_	_	_	_	_	error	_	none	_	Begin=646.275	_	_	_	_
297-1	BOI059	297	297	1	un	un	_	_	_	_	_	linguistic	_	none	_	_	_	_	_	_
297-2	BOI059	297	297	2	cuccio	cuccio	_	_	_	_	_	linguistic	_	none	_	_	_	_	_	_
297-3	BOI059	297	297	3	di	di	_	_	_	_	_	linguistic	_	none	_	_	_	_	_	_
297-4	BOI059	297	297	4	sigaretta	sigaretta	_	_	_	_	_	linguistic	_	none	_	_	_	_	_	_
297-5	BOI059	297	297	5	è	è	_	_	_	_	_	linguistic	_	none	_	_	_	_	_	_
297-6	BOI059	297	297	6	più	più	_	_	_	_	_	linguistic	_	none	_	_	_	_	_	_
297-7	BOI059	297	297	7	nei	nei	_	_	_	_	_	linguistic	_	none	_	End=648.821	_	_	_	_
298-0	BOI059	298	298	0	{schiocca_la_lingua}	{schiocca_la_lingua}	_	_	_	_	_	nonverbalbehavior	_	none	_	Begin=649.089|End=649.198	_	_	_	_
299-0	BOI059	299	299	0	>se	se	_	_	_	_	_	linguistic	_	none	_	Begin=649.343	_	Fast=0-2(0)	_	_
299-1	BOI059	299	299	1	so	so	_	_	_	_	_	linguistic	_	none	_	_	_	Fast=0-2(0)	_	_
299-2	BOI059	299	299	2	che	che	_	_	_	_	_	linguistic	_	none	_	_	_	Fast=0-3(0)	_	_
299-3	BOI059	299	299	3	sei	sei	_	_	_	_	_	linguistic	_	none	_	_	_	Fast=0-3(0)	_	_
299-4	BOI059	299	299	4	bolognese	bolognese	_	_	_	_	_	linguistic	_	none	_	_	_	Fast=0-9(0)	_	_
299-5	BOI059	299	299	5	dico	dico	_	_	_	_	_	linguistic	_	none	_	_	_	Fast=0-4(0)	_	_
299-6	BOI059	299	299	6	oh	oh	_	_	_	_	_	linguistic	_	none	_	_	_	Fast=0-2(0)	_	_
299-7	BOI059	299	299	7	(a)scolta<	ascolta	_	_	_	_	_	linguistic	_	none	_	_	_	Fast=0-7(0)	0-1(0)	_
299-8	BOI059	299	299	8	dammi	dammi	_	_	_	_	_	linguistic	_	none	_	_	_	_	_	_
299-9	BOI059	299	299	9	ben	ben	_	_	_	_	_	linguistic	_	none	_	_	_	_	_	_
299-10	BOI059	299	299	10	un	un	_	_	_	_	_	linguistic	_	none	_	_	_	_	_	_
299-11	BOI059	299	299	11	cuccio	cuccio	_	_	_	_	_	linguistic	_	none	_	_	_	_	_	_
299-12	BOI059	299	299	12	di	di	_	_	_	_	_	linguistic	_	none	_	_	_	_	_	_
299-13	BOI059	299	299	13	sigaretta	sigaretta	_	_	_	_	_	linguistic	_	none	_	_	_	_	_	_
299-14	BOI059	299	299	14	se	se	_	_	_	_	_	linguistic	_	none	_	_	_	_	_	_
299-15	BOI059	299	299	15	no	no	_	_	_	_	_	linguistic	_	none	_	_	_	_	_	_
299-16	BOI059	299	299	16	è	è	_	_	_	_	_	linguistic	_	none	_	_	_	_	_	_
299-17	BOI059	299	299	17	dammi	dammi	_	_	_	_	_	linguistic	_	none	_	_	_	_	_	_
299-18	BOI059	299	299	18	un	un	_	_	_	_	_	linguistic	_	none	_	_	_	_	_	_
299-19	BOI059	299	299	19	tiro	tiro	_	_	_	_	_	linguistic	_	none	_	End=652.706	_	_	_	_
300-0	BOR017	300	300	0	{ride}	{ride}	_	_	_	_	_	nonverbalbehavior	_	none	_	Begin=652.778|End=652.999	_	_	_	_
301-0	BOI059	301	301	0	anche	anche	_	_	_	_	_	linguistic	_	none	_	Begin=653.054	_	_	_	_
301-1	BOI059	301	301	1	di	di	_	_	_	_	_	linguistic	_	none	_	_	_	_	_	_
301-2	BOI059	301	301	2	quello	quello	_	_	_	_	_	linguistic	_	none	_	_	_	_	_	_
301-3	BOI059	301	301	3	che	che	_	_	_	_	_	linguistic	_	none	_	_	_	_	_	_
301-4	BOI059	301	301	4	è	è	_	_	_	_	_	linguistic	_	none	_	_	_	_	_	_
301-5	BOI059	301	301	5	diverso	diverso	_	_	_	_	_	linguistic	_	none	_	_	_	_	_	_
301-6	BOI059	301	301	6	da	da	_	_	_	_	_	linguistic	_	none	_	_	_	_	_	_
301-7	BOI059	301	301	7	dammi	dammi	_	_	_	_	_	linguistic	_	none	_	_	_	_	_	_
301-8	BOI059	301	301	8	il	il	_	_	_	_	_	linguistic	_	none	_	_	_	_	_	_
301-9	BOI059	301	301	9	tiro	tiro	_	_	_	_	_	linguistic	_	none	_	_	_	_	_	_
301-10	BOI059	301	301	10	{ride}	{ride}	_	_	_	_	_	nonverbalbehavior	_	none	_	End=657.014	_	_	_	_
302-0	BOR017	302	302	0	okay	okay	_	_	_	_	_	linguistic	_	none	_	Begin=657.357|End=658.122	_	_	_	_
303-0	BOR017	303	303	0	eh	eh	_	_	_	_	_	linguistic	_	none	_	Begin=658.204|End=658.502	_	_	_	_
304-0	BOR017	304	304	0	come	come	_	_	_	_	_	linguistic	_	none	_	Begin=658.619	_	_	_	_
304-1	BOR017	304	304	1	vai	vai	_	_	_	_	_	linguistic	_	none	_	_	_	_	_	_
304-2	BOR017	304	304	2	e	e	_	_	_	_	_	linguistic	_	none	_	_	_	_	_	_
304-3	BOR017	304	304	3	come	come	_	_	_	_	_	linguistic	_	none	_	_	_	_	_	_
304-4	BOR017	304	304	4	invece	invece	_	_	_	_	_	linguistic	_	none	_	_	_	_	_	_
304-5	BOR017	304	304	5	andavi	andavi	_	_	_	_	_	linguistic	_	none	_	_	_	_	_	_
304-6	BOR017	304	304	6	prima	prima	_	_	_	_	_	linguistic	_	none	_	_	_	_	_	_
304-7	BOR017	304	304	7	al	al	_	_	_	_	_	linguistic	_	none	_	_	_	_	_	_
304-8	BOR017	304	304	8	lavor[o]	lavoro	_	_	_	_	_	linguistic	_	none	_	End=661.502	_	_	_	5-6(41)
305-0	BOI059	305	305	0	[al]lora	allora	_	_	_	_	_	linguistic	_	none	_	Begin=661.36	_	_	_	0-2(41)
305-1	BOI059	305	305	1	dipende	dipende	_	_	_	_	_	linguistic	_	none	_	_	_	_	_	_
305-2	BOI059	305	305	2	sempre	sempre	_	_	_	_	_	linguistic	_	none	_	_	_	_	_	_
305-3	BOI059	305	305	3	dove	dove	_	_	_	_	_	linguistic	_	none	_	_	_	_	_	_
305-4	BOI059	305	305	4	sono	sono	_	_	_	_	_	linguistic	_	none	_	End=663.207	_	_	_	_
306-0	BOI059	306	306	0	fintanto	fintanto	_	_	_	_	_	linguistic	_	none	_	Begin=663.343	_	_	_	_
306-1	BOI059	306	306	1	che	che	_	_	_	_	_	linguistic	_	none	_	_	_	_	_	_
306-2	BOI059	306	306	2	sono	sono	_	_	_	_	_	linguistic	_	none	_	_	_	_	_	_
306-3	BOI059	306	306	3	qui	qui	_	_	_	_	_	linguistic	_	none	_	_	_	_	_	_
306-4	BOI059	306	306	4	in	in	_	_	_	_	_	linguistic	_	none	_	End=665.901	_	_	_	_
307-0	BOI059	307	307	0	negli	negli	_	_	_	_	_	linguistic	_	none	_	Begin=665.991	_	_	_	_
307-1	BOI059	307	307	1	studentati	studentati	_	_	_	_	_	linguistic	_	none	_	_	_	_	_	_
307-2	BOI059	307	307	2	o	o	_	_	_	_	_	linguistic	_	none	_	_	_	_	_	_
307-3	BOI059	307	307	3	comunque	comunque	_	_	_	_	_	linguistic	_	none	_	_	_	_	_	_
307-4	BOI059	307	307	4	che	che	_	_	_	_	_	linguistic	_	none	_	_	_	_	_	_
307-5	BOI059	307	307	5	lavoro	lavoro	_	_	_	_	_	linguistic	_	none	_	_	_	_	_	_
307-6	BOI059	307	307	6	nella	nella	_	_	_	_	_	linguistic	_	none	_	_	_	_	_	_
307-7	BOI059	307	307	7	zona	zona	_	_	_	_	_	linguistic	_	none	_	_	_	_	_	_
307-8	BOI059	307	307	8	del	del	_	_	_	_	_	linguistic	_	none	_	_	_	_	_	_
307-9	BOI059	307	307	9	ce:ntro:	centro	_	_	_	_	_	linguistic	_	none	_	End=668.769	1x1,5x1	_	_	_
308-0	BOI059	308	308	0	mi	mi	_	_	_	_	_	linguistic	_	none	_	Begin=669.429	_	_	_	_
308-1	BOI059	308	308	1	piace	piace	_	_	_	_	_	linguistic	_	none	_	_	_	_	_	_
308-2	BOI059	308	308	2	muovermi	muovermi	_	_	_	_	_	linguistic	_	none	_	End=670.8	_	_	_	_
309-0	BOI059	309	309	0	in:	in	_	_	_	_	_	linguistic	_	none	_	Begin=671.118	1x1	_	_	_
309-1	BOI059	309	309	1	in	in	_	_	_	_	_	linguistic	_	none	_	_	_	_	_	_
309-2	BOI059	309	309	2	autobus	autobus	_	_	_	_	_	linguistic	_	none	_	End=672.819	_	_	_	_
310-0	BOI059	310	310	0	perché	perché	_	_	_	_	_	linguistic	_	none	_	Begin=673.086	_	_	_	_
310-1	BOI059	310	310	1	comunque:	comunque	_	_	_	_	_	linguistic	_	none	_	End=674.213	7x1	_	_	_
311-0	BOI059	311	311	0	abitando	abitando	_	_	_	_	_	linguistic	_	none	_	Begin=674.955	_	_	_	_
311-1	BOI059	311	311	1	adeso	adeso	_	_	_	_	_	linguistic	_	none	_	_	_	_	_	_
311-2	BOI059	311	311	2	a	a	_	_	_	_	_	linguistic	_	none	_	_	_	_	_	_
311-3	BOI059	311	311	3	casalecchio	casalecchio	_	_	_	_	_	linguistic	_	none	_	_	_	_	_	_
311-4	BOI059	311	311	4	gli	gli	_	_	_	_	_	linguistic	_	none	_	_	_	_	_	_
311-5	BOI059	311	311	5	autobus	autobus	_	_	_	_	_	linguistic	_	none	_	_	_	_	_	_
311-6	BOI059	311	311	6	sono	sono	_	_	_	_	_	linguistic	_	none	_	_	_	_	_	_
311-7	BOI059	311	311	7	ben	ben	_	_	_	_	_	linguistic	_	none	_	_	_	_	_	_
311-8	BOI059	311	311	8	serviti	serviti	_	_	_	_	_	linguistic	_	none	_	End=677.878	_	_	_	_
312-0	BOI059	312	312	0	e	e	_	_	_	_	_	linguistic	_	none	_	Begin=678.533	_	_	_	_
312-1	BOI059	312	312	1	trovo	trovo	_	_	_	_	_	linguistic	_	none	_	_	_	_	_	_
312-2	BOI059	312	312	2	che	che	_	_	_	_	_	linguistic	_	none	_	_	_	_	_	_
312-3	BOI059	312	312	3	bologna	bologna	_	_	_	_	_	linguistic	_	none	_	_	_	_	_	_
312-4	BOI059	312	312	4	abbia	abbia	_	_	_	_	_	linguistic	_	none	_	_	_	_	_	_
312-5	BOI059	312	312	5	una	una	_	_	_	_	_	linguistic	_	none	_	_	_	_	_	_
312-6	BOI059	312	312	6	rete	rete	_	_	_	_	_	linguistic	_	none	_	_	_	_	_	_
312-7	BOI059	312	312	7	abbastanza	abbastanza	_	_	_	_	_	linguistic	_	none	_	_	_	_	_	_
312-8	BOI059	312	312	8	{ride}	{ride}	_	_	_	_	_	nonverbalbehavior	_	none	_	_	_	_	_	_
312-9	BOI059	312	312	9	capillare	capillare	_	_	_	_	_	linguistic	_	none	_	_	_	_	_	_
312-10	BOI059	312	312	10	di	di	_	_	_	_	_	linguistic	_	none	_	_	_	_	_	_
312-11	BOI059	312	312	11	autobus	autobus	_	_	_	_	_	linguistic	_	none	_	_	_	_	_	_
312-12	BOI059	312	312	12	che	che	_	_	_	_	_	linguistic	_	none	_	_	_	_	_	_
312-13	BOI059	312	312	13	fa	fa	_	_	_	_	_	linguistic	_	none	_	_	_	_	_	_
312-14	BOI059	312	312	14	praticamente	praticamente	_	_	_	_	_	linguistic	_	none	_	_	_	_	_	_
312-15	BOI059	312	312	15	qualunque	qualunque	_	_	_	_	_	linguistic	_	none	_	_	_	_	_	_
312-16	BOI059	312	312	16	cosa	cosa	_	_	_	_	_	linguistic	_	none	_	End=683.054	_	_	_	_
313-0	BOR017	313	313	0	questo	questo	_	_	_	_	_	linguistic	_	none	_	Begin=683.072	_	_	_	_
313-1	BOR017	313	313	1	è	è	_	_	_	_	_	linguistic	_	none	_	_	_	_	_	_
313-2	BOR017	313	313	2	il	il	_	_	_	_	_	linguistic	_	none	_	_	_	_	_	_
313-3	BOR017	313	313	3	futuro	futuro	_	_	_	_	_	linguistic	_	none	_	_	_	_	_	_
313-4	BOR017	313	313	4	te	te	_	_	_	_	_	linguistic	_	none	_	_	_	_	_	_
313-5	BOR017	313	313	5	lo	lo	_	_	_	_	_	linguistic	_	none	_	_	_	_	_	_
313-6	BOR017	313	313	6	dico	dico	_	_	_	_	_	linguistic	_	none	_	_	_	_	_	_
313-7	BOR017	313	313	7	da	da	_	_	_	_	_	linguistic	_	none	_	_	_	_	_	_
313-8	BOR017	313	313	8	siciliano	siciliano	_	_	_	_	_	linguistic	_	none	_	_	_	_	_	_
313-9	BOR017	313	313	9	questo	questo	_	_	_	_	_	linguistic	_	none	_	_	_	_	_	_
313-10	BOR017	313	313	10	è	è	_	_	_	_	_	linguistic	_	none	_	_	_	_	_	_
313-11	BOR017	313	313	11	il	il	_	_	_	_	_	linguistic	_	none	_	_	_	_	_	_
313-12	BOR017	313	313	12	fu[turo]	futuro	_	_	_	_	_	linguistic	_	none	_	_	_	_	_	2-6(42)
313-13	BOR017	313	313	13	{ride}	{ride}	_	_	_	_	_	nonverbalbehavior	_	none	_	End=685.806	_	_	_	_
314-0	BOI059	314	314	0	{ride}	{ride}	_	_	_	_	_	nonverbalbehavior	_	none	_	Begin=684.543|End=685.344	_	_	_	_
315-0	BOI059	315	315	0	[graz]ie	grazie	_	_	_	_	_	linguistic	_	none	_	Begin=685.499	_	_	_	0-4(42)
315-1	BOI059	315	315	1	{ride}	{ride}	_	_	_	_	_	nonverbalbehavior	_	none	_	_	_	_	_	_
315-2	BOI059	315	315	2	ne	ne	_	_	_	_	_	linguistic	_	none	_	_	_	_	_	_
315-3	BOI059	315	315	3	vado	vado	_	_	_	_	_	linguistic	_	none	_	_	_	_	_	_
315-4	BOI059	315	315	4	molto	molto	_	_	_	_	_	linguistic	_	none	_	_	_	_	_	_
315-5	BOI059	315	315	5	orgogliosa	orgogliosa	_	_	_	_	_	linguistic	_	none	_	End=688.217	_	_	_	_
316-0	BOR017	316	316	0	{ride}	{ride}	_	_	_	_	_	nonverbalbehavior	_	none	_	Begin=687.715|End=688.258	_	_	_	_
317-0	BOI059	317	317	0	e:h	eh	_	_	_	_	_	linguistic	_	none	_	Begin=688.507	0x1	_	_	_
317-1	BOI059	317	317	1	poi	poi	_	_	_	_	_	linguistic	_	none	_	_	_	_	_	_
317-2	BOI059	317	317	2	dipende	dipende	_	_	_	_	_	linguistic	_	none	_	_	_	_	_	_
317-3	BOI059	317	317	3	ci	ci	_	_	_	_	_	linguistic	_	none	_	_	_	_	_	_
317-4	BOI059	317	317	4	sono	sono	_	_	_	_	_	linguistic	_	none	_	_	_	_	_	_
317-5	BOI059	317	317	5	volte	volte	_	_	_	_	_	linguistic	_	none	_	_	_	_	_	_
317-6	BOI059	317	317	6	in	in	_	_	_	_	_	linguistic	_	none	_	_	_	_	_	_
317-7	BOI059	317	317	7	cui	cui	_	_	_	_	_	linguistic	_	none	_	_	_	_	_	_
317-8	BOI059	317	317	8	devo	devo	_	_	_	_	_	linguistic	_	none	_	_	_	_	_	_
317-9	BOI059	317	317	9	per	per	_	_	_	_	_	linguistic	_	none	_	_	_	_	_	_
317-10	BOI059	317	317	10	forza	forza	_	_	_	_	_	linguistic	_	none	_	_	_	_	_	_
317-11	BOI059	317	317	11	spostarmi	spostarmi	_	_	_	_	_	linguistic	_	none	_	_	_	_	_	_
317-12	BOI059	317	317	12	in	in	_	_	_	_	_	linguistic	_	none	_	_	_	_	_	_
317-13	BOI059	317	317	13	macchina	macchina	_	_	_	_	_	linguistic	_	none	_	_	_	_	_	_
317-14	BOI059	317	317	14	ho	ho	_	_	_	_	_	linguistic	_	none	_	_	_	_	_	_
317-15	BOI059	317	317	15	avuto	avuto	_	_	_	_	_	linguistic	_	none	_	_	_	_	_	_
317-16	BOI059	317	317	16	un	un	_	_	_	_	_	linguistic	_	none	_	_	_	_	_	_
317-17	BOI059	317	317	17	periodo	periodo	_	_	_	_	_	linguistic	_	none	_	_	_	_	_	_
317-18	BOI059	317	317	18	che	che	_	_	_	_	_	linguistic	_	none	_	_	_	_	_	_
317-19	BOI059	317	317	19	da	da	_	_	_	_	_	linguistic	_	none	_	End=692.887	_	_	_	_
318-0	BOI059	318	318	0	casalecchio	casalecchio	_	_	_	_	_	linguistic	_	none	_	Begin=693.253	_	_	_	_
318-1	BOI059	318	318	1	lavoravo	lavoravo	_	_	_	_	_	linguistic	_	none	_	_	_	_	_	_
318-2	BOI059	318	318	2	al	al	_	_	_	_	_	linguistic	_	none	_	_	_	_	_	_
318-3	BOI059	318	318	3	comune	comune	_	_	_	_	_	linguistic	_	none	_	_	_	_	_	_
318-4	BOI059	318	318	4	di	di	_	_	_	_	_	linguistic	_	none	_	_	_	_	_	_
318-5	BOI059	318	318	5	argelato	argelato	_	_	_	_	_	linguistic	_	none	_	_	_	_	_	_
318-6	BOI059	318	318	6	che	che	_	_	_	_	_	linguistic	_	none	_	_	_	_	_	_
318-7	BOI059	318	318	7	è	è	_	_	_	_	_	linguistic	_	none	_	_	_	_	_	_
318-8	BOI059	318	318	8	dall'	dall'	_	_	_	_	_	linguistic	_	none	SpaceAfter=No	_	_	_	_	_
318-9	BOI059	318	318	9	altra	altra	_	_	_	_	_	linguistic	_	none	_	_	_	_	_	_
318-10	BOI059	318	318	10	parte	parte	_	_	_	_	_	linguistic	_	none	_	_	_	_	_	_
318-11	BOI059	318	318	11	del	del	_	_	_	_	_	linguistic	_	none	_	_	_	_	_	_
318-12	BOI059	318	318	12	mo~	mo~	_	_	_	_	_	linguistic	_	none	Interrupted=Yes	_	_	_	_	_
318-13	BOI059	318	318	13	c(io)è	cioè	_	_	_	_	_	linguistic	_	none	_	End=697.044	_	_	0-3(0)	_
319-0	BOI059	319	319	0	sono	sono	_	_	_	_	_	linguistic	_	none	_	Begin=697.389|End=697.693	_	_	_	_
320-0	BOI059	320	320	0	non	non	_	_	_	_	_	linguistic	_	none	_	Begin=698.087	_	_	_	_
320-1	BOI059	320	320	1	è	è	_	_	_	_	_	linguistic	_	none	_	_	_	_	_	_
320-2	BOI059	320	320	2	dall'	dall'	_	_	_	_	_	linguistic	_	none	SpaceAfter=No	_	_	_	_	_
320-3	BOI059	320	320	3	altra	altra	_	_	_	_	_	linguistic	_	none	_	_	_	_	_	_
320-4	BOI059	320	320	4	parte	parte	_	_	_	_	_	linguistic	_	none	_	_	_	_	_	_
320-5	BOI059	320	320	5	del	del	_	_	_	_	_	linguistic	_	none	_	_	_	_	_	_
320-6	BOI059	320	320	6	mondo	mondo	_	_	_	_	_	linguistic	_	none	_	_	_	_	_	_
320-7	BOI059	320	320	7	ma	ma	_	_	_	_	_	linguistic	_	none	_	_	_	_	_	_
320-8	BOI059	320	320	8	è	è	_	_	_	_	_	linguistic	_	none	_	_	_	_	_	_
320-9	BOI059	320	320	9	(effettivamente)	effettivamente	_	_	_	_	_	linguistic	_	none	_	_	_	_	0-14(0)	_
320-10	BOI059	320	320	10	dall'	dall'	_	_	_	_	_	linguistic	_	none	SpaceAfter=No	_	_	_	_	_
320-11	BOI059	320	320	11	altra	altra	_	_	_	_	_	linguistic	_	none	_	_	_	_	_	_
320-12	BOI059	320	320	12	parte	parte	_	_	_	_	_	linguistic	_	none	_	_	_	_	_	_
320-13	BOI059	320	320	13	del	del	_	_	_	_	_	linguistic	_	none	_	_	_	_	_	_
320-14	BOI059	320	320	14	mondo	mondo	_	_	_	_	_	linguistic	_	none	_	_	_	_	_	_
320-15	BOI059	320	320	15	quindi	quindi	_	_	_	_	_	linguistic	_	none	_	End=701.109	_	_	_	_
321-0	BOI059	321	321	0	se	se	_	_	_	_	_	linguistic	_	none	_	Begin=701.489	_	_	_	_
321-1	BOI059	321	321	1	ti	ti	_	_	_	_	_	linguistic	_	none	_	_	_	_	_	_
321-2	BOI059	321	321	2	sposti	sposti	_	_	_	_	_	linguistic	_	none	_	_	_	_	_	_
321-3	BOI059	321	321	3	dal~	dal~	_	_	_	_	_	linguistic	_	none	Interrupted=Yes	_	_	_	_	_
321-4	BOI059	321	321	4	da	da	_	_	_	_	_	linguistic	_	none	_	_	_	_	_	_
321-5	BOI059	321	321	5	bolo:gna	bologna	_	_	_	_	_	linguistic	_	none	_	End=703.584	3x1	_	_	_
322-0	BOI059	322	322	0	devi	devi	_	_	_	_	_	linguistic	_	none	_	Begin=703.912	_	_	_	_
322-1	BOI059	322	322	1	per	per	_	_	_	_	_	linguistic	_	none	_	_	_	_	_	_
322-2	BOI059	322	322	2	forza	forza	_	_	_	_	_	linguistic	_	none	_	_	_	_	_	_
322-3	BOI059	322	322	3	avere	avere	_	_	_	_	_	linguistic	_	none	_	_	_	_	_	_
322-4	BOI059	322	322	4	una	una	_	_	_	_	_	linguistic	_	none	_	_	_	_	_	_
322-5	BOI059	322	322	5	macchina	macchina	_	_	_	_	_	linguistic	_	none	_	_	_	_	_	_
322-6	BOI059	322	322	6	perché	perché	_	_	_	_	_	linguistic	_	none	_	_	_	_	_	_
322-7	BOI059	322	322	7	se	se	_	_	_	_	_	linguistic	_	none	_	_	_	_	_	_
322-8	BOI059	322	322	8	no	no	_	_	_	_	_	linguistic	_	none	_	_	_	_	_	_
322-9	BOI059	322	322	9	è	è	_	_	_	_	_	linguistic	_	none	_	_	_	_	_	_
322-10	BOI059	322	322	10	infattibile	infattibile	_	_	_	_	_	linguistic	_	none	_	End=706.92	_	_	_	_
323-0	BOI059	323	323	0	quindi	quindi	_	_	_	_	_	linguistic	_	none	_	Begin=707.197	_	_	_	_
323-1	BOI059	323	323	1	a	a	_	_	_	_	_	linguistic	_	none	_	_	_	_	_	_
323-2	BOI059	323	323	2	lavoro	lavoro	_	_	_	_	_	linguistic	_	none	_	_	_	_	_	_
323-3	BOI059	323	323	3	però	però	_	_	_	_	_	linguistic	_	none	_	_	_	_	_	_
323-4	BOI059	323	323	4	ci	ci	_	_	_	_	_	linguistic	_	none	_	_	_	_	_	_
323-5	BOI059	323	323	5	vengo	vengo	_	_	_	_	_	linguistic	_	none	_	_	_	_	_	_
323-6	BOI059	323	323	6	quando	quando	_	_	_	_	_	linguistic	_	none	_	_	_	_	_	_
323-7	BOI059	323	323	7	posso	posso	_	_	_	_	_	linguistic	_	none	_	_	_	_	_	_
323-8	BOI059	323	323	8	in	in	_	_	_	_	_	linguistic	_	none	_	_	_	_	_	_
323-9	BOI059	323	323	9	autobus	autobus	_	_	_	_	_	linguistic	_	none	_	_	_	_	_	_
323-10	BOI059	323	323	10	e	e	_	_	_	_	_	linguistic	_	none	_	_	_	_	_	_
323-11	BOI059	323	323	11	se	se	_	_	_	_	_	linguistic	_	none	_	_	_	_	_	_
323-12	BOI059	323	323	12	no	no	_	_	_	_	_	linguistic	_	none	_	_	_	_	_	_
323-13	BOI059	323	323	13	ho	ho	_	_	_	_	_	linguistic	_	none	_	_	_	_	_	_
323-14	BOI059	323	323	14	comprato	comprato	_	_	_	_	_	linguistic	_	none	_	_	_	_	_	_
323-15	BOI059	323	323	15	una	una	_	_	_	_	_	linguistic	_	none	_	_	_	_	_	_
323-16	BOI059	323	323	16	macchina	macchina	_	_	_	_	_	linguistic	_	none	_	_	_	_	_	_
323-17	BOI059	323	323	17	a	a	_	_	_	_	_	linguistic	_	none	_	_	_	_	_	_
323-18	BOI059	323	323	18	gpl	gpl	_	_	_	_	_	linguistic	_	none	_	_	_	_	_	_
323-19	BOI059	323	323	19	per	per	_	_	_	_	_	linguistic	_	none	_	_	_	_	_	_
323-20	BOI059	323	323	20	inquinare	inquinare	_	_	_	_	_	linguistic	_	none	_	_	_	_	_	_
323-21	BOI059	323	323	21	meno	meno	_	_	_	_	_	linguistic	_	none	_	End=712.032	_	_	_	_
324-0	BOR017	324	324	0	bra:va	brava	_	_	_	_	_	linguistic	_	none	_	Begin=712.085|End=712.691	2x1	_	_	_
325-0	BOI059	325	325	0	gra:zie	grazie	_	_	_	_	_	linguistic	_	none	_	Begin=712.708	2x1	_	_	_
325-1	BOI059	325	325	1	{ride}	{ride}	_	_	_	_	_	nonverbalbehavior	_	none	_	End=714.087	_	_	_	_
326-0	BOR017	326	326	0	e:hm:	ehm	_	_	_	_	_	linguistic	_	none	_	Begin=714.093|End=714.927	0x1,2x1	_	_	_
327-0	BOR017	327	327	0	eri	eri	_	_	_	_	_	linguistic	_	none	_	Begin=715.087	_	_	_	_
327-1	BOR017	327	327	1	eri	eri	_	_	_	_	_	linguistic	_	none	_	_	_	_	_	_
327-2	BOR017	327	327	2	qui	qui	_	_	_	_	_	linguistic	_	none	_	_	_	_	_	_
327-3	BOR017	327	327	3	a	a	_	_	_	_	_	linguistic	_	none	_	_	_	_	_	_
327-4	BOR017	327	327	4	bologna	bologna	_	_	_	_	_	linguistic	_	none	_	_	_	_	_	_
327-5	BOR017	327	327	5	durante	durante	_	_	_	_	_	linguistic	_	none	_	_	_	_	_	_
327-6	BOR017	327	327	6	il	il	_	_	_	_	_	linguistic	_	none	_	_	_	_	_	_
327-7	BOR017	327	327	7	periodo	periodo	_	_	_	_	_	linguistic	_	none	_	_	_	_	_	_
327-8	BOR017	327	327	8	della	della	_	_	_	_	_	linguistic	_	none	_	_	_	_	_	_
327-9	BOR017	327	327	9	pandemia?	pandemia	_	_	_	_	_	linguistic	_	none	Intonation=Rising	_	_	_	_	_
327-10	BOR017	327	327	10	s[ì	sì	_	_	_	_	_	linguistic	_	none	_	_	_	_	_	1-2(43)
327-11	BOR017	327	327	11	perché]	perché	_	_	_	_	_	linguistic	_	none	_	_	_	_	_	0-6(43)
327-12	BOR017	327	327	12	me	me	_	_	_	_	_	linguistic	_	none	_	_	_	_	_	_
327-13	BOR017	327	327	13	lo	lo	_	_	_	_	_	linguistic	_	none	_	_	_	_	_	_
327-14	BOR017	327	327	14	ricor[do]	ricordo	_	_	_	_	_	linguistic	_	none	_	End=719.092	_	_	_	5-7(44)
328-0	BOI059	328	328	0	[sì:]	sì	_	_	_	_	_	linguistic	_	none	_	Begin=717.754|End=718.247	1x1	_	_	0-2(43)
329-0	BOI059	329	329	0	[esa]tto	esatto	_	_	_	_	_	linguistic	_	none	_	Begin=718.758|End=719.424	_	_	_	0-3(44)
330-0	BOI059	330	330	0	anche	anche	_	_	_	_	_	linguistic	_	none	_	Begin=720.199	_	_	_	_
330-1	BOI059	330	330	1	perché	perché	_	_	_	_	_	linguistic	_	none	_	_	_	_	_	_
330-2	BOI059	330	330	2	essendo	essendo	_	_	_	_	_	linguistic	_	none	_	_	_	_	_	_
330-3	BOI059	330	330	3	di	di	_	_	_	_	_	linguistic	_	none	_	_	_	_	_	_
330-4	BOI059	330	330	4	bologna	bologna	_	_	_	_	_	linguistic	_	none	_	_	_	_	_	_
330-5	BOI059	330	330	5	casa	casa	_	_	_	_	_	linguistic	_	none	_	_	_	_	_	_
330-6	BOI059	330	330	6	mia	mia	_	_	_	_	_	linguistic	_	none	_	_	_	_	_	_
330-7	BOI059	330	330	7	è	è	_	_	_	_	_	linguistic	_	none	_	_	_	_	_	_
330-8	BOI059	330	330	8	bologna	bologna	_	_	_	_	_	linguistic	_	none	_	_	_	_	_	_
330-9	BOI059	330	330	9	quindi	quindi	_	_	_	_	_	linguistic	_	none	_	_	_	_	_	_
330-10	BOI059	330	330	10	non	non	_	_	_	_	_	linguistic	_	none	_	_	_	_	_	_
330-11	BOI059	330	330	11	ho	ho	_	_	_	_	_	linguistic	_	none	_	_	_	_	_	_
330-12	BOI059	330	330	12	avuto	avuto	_	_	_	_	_	linguistic	_	none	_	_	_	_	_	_
330-13	BOI059	330	330	13	bisogno	bisogno	_	_	_	_	_	linguistic	_	none	_	_	_	_	_	_
330-14	BOI059	330	330	14	di	di	_	_	_	_	_	linguistic	_	none	_	End=724.505	_	_	_	_
331-0	BOI059	331	331	0	scappa:re	scappare	_	_	_	_	_	linguistic	_	none	_	Begin=724.644	5x1	_	_	_
331-1	BOI059	331	331	1	a	a	_	_	_	_	_	linguistic	_	none	_	_	_	_	_	_
331-2	BOI059	331	331	2	ca:sa	casa	_	_	_	_	_	linguistic	_	none	_	End=726.271	1x1	_	_	_
332-0	BOI059	332	332	0	mi	mi	_	_	_	_	_	linguistic	_	none	_	Begin=726.89	_	_	_	_
332-1	BOI059	332	332	1	ritengo	ritengo	_	_	_	_	_	linguistic	_	none	_	End=727.666	_	_	_	_
333-0	BOI059	333	333	0	parte	parte	_	_	_	_	_	linguistic	_	none	_	Begin=727.913	_	_	_	_
333-1	BOI059	333	333	1	fortunata	fortunata	_	_	_	_	_	linguistic	_	none	_	_	_	_	_	_
333-2	BOI059	333	333	2	>perché	perché	_	_	_	_	_	linguistic	_	none	_	_	_	Fast=0-6(0)	_	_
333-3	BOI059	333	333	3	appunto<	appunto	_	_	_	_	_	linguistic	_	none	_	_	_	Fast=0-7(0)	_	_
333-4	BOI059	333	333	4	col	col	_	_	_	_	_	linguistic	_	none	_	_	_	_	_	_
333-5	BOI059	333	333	5	lavoro	lavoro	_	_	_	_	_	linguistic	_	none	_	_	_	_	_	_
333-6	BOI059	333	333	6	che	che	_	_	_	_	_	linguistic	_	none	_	_	_	_	_	_
333-7	BOI059	333	333	7	ho	ho	_	_	_	_	_	linguistic	_	none	_	End=730.714	_	_	_	_
334-0	BOI059	334	334	0	ho	ho	_	_	_	_	_	linguistic	_	none	_	Begin=730.842	_	_	_	_
334-1	BOI059	334	334	1	mantenuto	mantenuto	_	_	_	_	_	linguistic	_	none	_	_	_	_	_	_
334-2	BOI059	334	334	2	il	il	_	_	_	_	_	linguistic	_	none	_	_	_	_	_	_
334-3	BOI059	334	334	3	lavoro	lavoro	_	_	_	_	_	linguistic	_	none	_	_	_	_	_	_
334-4	BOI059	334	334	4	tutto	tutto	_	_	_	_	_	linguistic	_	none	_	_	_	_	_	_
334-5	BOI059	334	334	5	il	il	_	_	_	_	_	linguistic	_	none	_	_	_	_	_	_
334-6	BOI059	334	334	6	giorno	giorno	_	_	_	_	_	linguistic	_	none	_	_	_	_	_	_
334-7	BOI059	334	334	7	tutti	tutti	_	_	_	_	_	linguistic	_	none	_	_	_	_	_	_
334-8	BOI059	334	334	8	i	i	_	_	_	_	_	linguistic	_	none	_	_	_	_	_	_
334-9	BOI059	334	334	9	giorni	giorni	_	_	_	_	_	linguistic	_	none	_	End=732.997	_	_	_	_
335-0	BOI059	335	335	0	che	che	_	_	_	_	_	linguistic	_	none	_	Begin=733.444	_	_	_	_
335-1	BOI059	335	335	1	è	è	_	_	_	_	_	linguistic	_	none	_	_	_	_	_	_
335-2	BOI059	335	335	2	stato	stato	_	_	_	_	_	linguistic	_	none	_	_	_	_	_	_
335-3	BOI059	335	335	3	fondamentale	fondamentale	_	_	_	_	_	linguistic	_	none	_	_	_	_	_	_
335-4	BOI059	335	335	4	questo	questo	_	_	_	_	_	linguistic	_	none	_	_	_	_	_	_
335-5	BOI059	335	335	5	lavoro	lavoro	_	_	_	_	_	linguistic	_	none	_	_	_	_	_	_
335-6	BOI059	335	335	6	con	con	_	_	_	_	_	linguistic	_	none	_	_	_	_	_	_
335-7	BOI059	335	335	7	voi	voi	_	_	_	_	_	linguistic	_	none	_	End=736.373	_	_	_	_
336-0	BOI059	336	336	0	perché	perché	_	_	_	_	_	linguistic	_	none	_	Begin=737.276	_	_	_	_
336-1	BOI059	336	336	1	>io	io	_	_	_	_	_	linguistic	_	none	_	_	_	Fast=0-2(0)	_	_
336-2	BOI059	336	336	2	sono	sono	_	_	_	_	_	linguistic	_	none	_	_	_	Fast=0-4(0)	_	_
336-3	BOI059	336	336	3	quel	quel	_	_	_	_	_	linguistic	_	none	_	_	_	Fast=0-4(0)	_	_
336-4	BOI059	336	336	4	tipo	tipo	_	_	_	_	_	linguistic	_	none	_	_	_	Fast=0-4(0)	_	_
336-5	BOI059	336	336	5	di	di	_	_	_	_	_	linguistic	_	none	_	_	_	Fast=0-2(0)	_	_
336-6	BOI059	336	336	6	persona<	persona	_	_	_	_	_	linguistic	_	none	_	_	_	Fast=0-7(0)	_	_
336-7	BOI059	336	336	7	e	e	_	_	_	_	_	linguistic	_	none	_	_	_	_	_	_
336-8	BOI059	336	336	8	si	si	_	_	_	_	_	linguistic	_	none	_	_	_	_	_	_
336-9	BOI059	336	336	9	sente	sente	_	_	_	_	_	linguistic	_	none	_	_	_	_	_	_
336-10	BOI059	336	336	10	anche	anche	_	_	_	_	_	linguistic	_	none	_	_	_	_	_	_
336-11	BOI059	336	336	11	da	da	_	_	_	_	_	linguistic	_	none	_	_	_	_	_	_
336-12	BOI059	336	336	12	questa	questa	_	_	_	_	_	linguistic	_	none	_	_	_	_	_	_
336-13	BOI059	336	336	13	intervista	intervista	_	_	_	_	_	linguistic	_	none	_	End=740.646	_	_	_	_
337-0	BOI059	337	337	0	pa:rticolarmente	particolarmente	_	_	_	_	_	linguistic	_	none	_	Begin=740.798	1x1	_	_	_
337-1	BOI059	337	337	1	chiacchierona	chiacchierona	_	_	_	_	_	linguistic	_	none	_	End=742.801	_	_	_	_
338-0	BOI059	338	338	0	particolarmente	particolarmente	_	_	_	_	_	linguistic	_	none	_	Begin=743.325	_	_	_	_
338-1	BOI059	338	338	1	bisognosa	bisognosa	_	_	_	_	_	linguistic	_	none	_	_	_	_	_	_
338-2	BOI059	338	338	2	di	di	_	_	_	_	_	linguistic	_	none	_	_	_	_	_	_
338-3	BOI059	338	338	3	contatto	contatto	_	_	_	_	_	linguistic	_	none	_	_	_	_	_	_
338-4	BOI059	338	338	4	umano	umano	_	_	_	_	_	linguistic	_	none	_	End=746.139	_	_	_	_
339-0	BOI059	339	339	0	anche	anche	_	_	_	_	_	linguistic	_	none	_	Begin=746.907	_	_	_	_
339-1	BOI059	339	339	1	non	non	_	_	_	_	_	linguistic	_	none	_	_	_	_	_	_
339-2	BOI059	339	339	2	per	per	_	_	_	_	_	linguistic	_	none	_	_	_	_	_	_
339-3	BOI059	339	339	3	forza	forza	_	_	_	_	_	linguistic	_	none	_	_	_	_	_	_
339-4	BOI059	339	339	4	l'	l'	_	_	_	_	_	linguistic	_	none	SpaceAfter=No	_	_	_	_	_
339-5	BOI059	339	339	5	abbraccio	abbraccio	_	_	_	_	_	linguistic	_	none	_	_	_	_	_	_
339-6	BOI059	339	339	6	ma	ma	_	_	_	_	_	linguistic	_	none	_	_	_	_	_	_
339-7	BOI059	339	339	7	il	il	_	_	_	_	_	linguistic	_	none	_	_	_	_	_	_
339-8	BOI059	339	339	8	contatto	contatto	_	_	_	_	_	linguistic	_	none	_	_	_	_	_	_
339-9	BOI059	339	339	9	mentale	mentale	_	_	_	_	_	linguistic	_	none	_	_	_	_	_	_
339-10	BOI059	339	339	10	diciamo	diciamo	_	_	_	_	_	linguistic	_	none	_	End=750.095	_	_	_	_
340-0	BOI059	340	340	0	e	e	_	_	_	_	_	linguistic	_	none	_	Begin=750.123	_	_	_	_
340-1	BOI059	340	340	1	se	se	_	_	_	_	_	linguistic	_	none	_	_	_	_	_	_
340-2	BOI059	340	340	2	non	non	_	_	_	_	_	linguistic	_	none	_	_	_	_	_	_
340-3	BOI059	340	340	3	avessi	avessi	_	_	_	_	_	linguistic	_	none	_	_	_	_	_	_
340-4	BOI059	340	340	4	avuto	avuto	_	_	_	_	_	linguistic	_	none	_	_	_	_	_	_
340-5	BOI059	340	340	5	questo	questo	_	_	_	_	_	linguistic	_	none	_	_	_	_	_	_
340-6	BOI059	340	340	6	lavoro	lavoro	_	_	_	_	_	linguistic	_	none	_	_	_	_	_	_
340-7	BOI059	340	340	7	penso	penso	_	_	_	_	_	linguistic	_	none	_	_	_	_	_	_
340-8	BOI059	340	340	8	che	che	_	_	_	_	_	linguistic	_	none	_	_	_	_	_	_
340-9	BOI059	340	340	9	sarei	sarei	_	_	_	_	_	linguistic	_	none	_	_	_	_	_	_
340-10	BOI059	340	340	10	impazzita	impazzita	_	_	_	_	_	linguistic	_	none	_	End=752.675	_	_	_	_
341-0	BOI059	341	341	0	perché:	perché	_	_	_	_	_	linguistic	_	none	_	Begin=752.821|End=753.417	5x1	_	_	_
342-0	BOI059	342	342	0	voi	voi	_	_	_	_	_	linguistic	_	none	_	Begin=753.842	_	_	_	_
342-1	BOI059	342	342	1	eravate	eravate	_	_	_	_	_	linguistic	_	none	_	_	_	_	_	_
342-2	BOI059	342	342	2	le	le	_	_	_	_	_	linguistic	_	none	_	_	_	_	_	_
342-3	BOI059	342	342	3	persone	persone	_	_	_	_	_	linguistic	_	none	_	_	_	_	_	_
342-4	BOI059	342	342	4	con	con	_	_	_	_	_	linguistic	_	none	_	_	_	_	_	_
342-5	BOI059	342	342	5	cui	cui	_	_	_	_	_	linguistic	_	none	_	_	_	_	_	_
342-6	BOI059	342	342	6	noi	noi	_	_	_	_	_	linguistic	_	none	_	_	_	_	_	_
342-7	BOI059	342	342	7	potevamo	potevamo	_	_	_	_	_	linguistic	_	none	_	_	_	_	_	_
342-8	BOI059	342	342	8	parlare	parlare	_	_	_	_	_	linguistic	_	none	_	_	_	_	_	_
342-9	BOI059	342	342	9	tutti	tutti	_	_	_	_	_	linguistic	_	none	_	_	_	_	_	_
342-10	BOI059	342	342	10	i	i	_	_	_	_	_	linguistic	_	none	_	_	_	_	_	_
342-11	BOI059	342	342	11	giorni	giorni	_	_	_	_	_	linguistic	_	none	_	End=757.081	_	_	_	_
343-0	BOI059	343	343	0	>non	non	_	_	_	_	_	linguistic	_	none	_	Begin=757.457	_	Fast=0-3(0)	_	_
343-1	BOI059	343	343	1	avevam	avevam	_	_	_	_	_	linguistic	_	none	_	_	_	Fast=0-6(0)	_	_
343-2	BOI059	343	343	2	bisogno	bisogno	_	_	_	_	_	linguistic	_	none	_	_	_	Fast=0-7(0)	_	_
343-3	BOI059	343	343	3	di	di	_	_	_	_	_	linguistic	_	none	_	_	_	Fast=0-2(0)	_	_
343-4	BOI059	343	343	4	andare	andare	_	_	_	_	_	linguistic	_	none	_	_	_	Fast=0-6(0)	_	_
343-5	BOI059	343	343	5	su	su	_	_	_	_	_	linguistic	_	none	_	_	_	Fast=0-2(0)	_	_
343-6	BOI059	343	343	6	un	un	_	_	_	_	_	linguistic	_	none	_	_	_	Fast=0-2(0)	_	_
343-7	BOI059	343	343	7	balcone	balcone	_	_	_	_	_	linguistic	_	none	_	_	_	Fast=0-7(0)	_	_
343-8	BOI059	343	343	8	ad	ad	_	_	_	_	_	linguistic	_	none	_	_	_	Fast=0-2(0)	_	_
343-9	BOI059	343	343	9	appladire	appladire	_	_	_	_	_	linguistic	_	none	_	_	_	Fast=0-9(0)	_	_
343-10	BOI059	343	343	10	della	della	_	_	_	_	_	linguistic	_	none	_	_	_	Fast=0-5(0)	_	_
343-11	BOI059	343	343	11	gente<	gente	_	_	_	_	_	linguistic	_	none	_	_	_	Fast=0-5(0)	_	_
343-12	BOI059	343	343	12	perché	perché	_	_	_	_	_	linguistic	_	none	_	End=760.239	_	_	_	_
344-0	BOI059	344	344	0	vedevamo	vedevamo	_	_	_	_	_	linguistic	_	none	_	Begin=760.58	_	_	_	_
344-1	BOI059	344	344	1	i	i	_	_	_	_	_	linguistic	_	none	_	_	_	_	_	_
344-2	BOI059	344	344	2	vostri	vostri	_	_	_	_	_	linguistic	_	none	_	_	_	_	_	_
344-3	BOI059	344	344	3	sforzi	sforzi	_	_	_	_	_	linguistic	_	none	_	_	_	_	_	_
344-4	BOI059	344	344	4	e	e	_	_	_	_	_	linguistic	_	none	_	_	_	_	_	_
344-5	BOI059	344	344	5	vedevamo:	vedevamo	_	_	_	_	_	linguistic	_	none	_	End=762.974	7x1	_	_	_
345-0	BOI059	345	345	0	la	la	_	_	_	_	_	linguistic	_	none	_	Begin=763.362	_	_	_	_
345-1	BOI059	345	345	1	fatica	fatica	_	_	_	_	_	linguistic	_	none	_	_	_	_	_	_
345-2	BOI059	345	345	2	di	di	_	_	_	_	_	linguistic	_	none	_	_	_	_	_	_
345-3	BOI059	345	345	3	essere	essere	_	_	_	_	_	linguistic	_	none	_	_	_	_	_	_
345-4	BOI059	345	345	4	qui	qui	_	_	_	_	_	linguistic	_	none	_	_	_	_	_	_
345-5	BOI059	345	345	5	e	e	_	_	_	_	_	linguistic	_	none	_	_	_	_	_	_
345-6	BOI059	345	345	6	l~	l~	_	_	_	_	_	linguistic	_	none	Interrupted=Yes	_	_	_	_	_
345-7	BOI059	345	345	7	l'	l'	_	_	_	_	_	linguistic	_	none	SpaceAfter=No	_	_	_	_	_
345-8	BOI059	345	345	8	onestà	onestà	_	_	_	_	_	linguistic	_	none	_	_	_	_	_	_
345-9	BOI059	345	345	9	di	di	_	_	_	_	_	linguistic	_	none	_	_	_	_	_	_
345-10	BOI059	345	345	10	dire	dire	_	_	_	_	_	linguistic	_	none	_	_	_	_	_	_
345-11	BOI059	345	345	11	no	no	_	_	_	_	_	linguistic	_	none	_	_	_	_	_	_
345-12	BOI059	345	345	12	io	io	_	_	_	_	_	linguistic	_	none	_	_	_	_	_	_
345-13	BOI059	345	345	13	ho	ho	_	_	_	_	_	linguistic	_	none	_	_	_	_	_	_
345-14	BOI059	345	345	14	bisogno	bisogno	_	_	_	_	_	linguistic	_	none	_	_	_	_	_	_
345-15	BOI059	345	345	15	di	di	_	_	_	_	_	linguistic	_	none	_	_	_	_	_	_
345-16	BOI059	345	345	16	tornare	tornare	_	_	_	_	_	linguistic	_	none	_	_	_	_	_	_
345-17	BOI059	345	345	17	a	a	_	_	_	_	_	linguistic	_	none	_	_	_	_	_	_
345-18	BOI059	345	345	18	casa	casa	_	_	_	_	_	linguistic	_	none	_	_	_	_	_	_
345-19	BOI059	345	345	19	perché	perché	_	_	_	_	_	linguistic	_	none	_	_	_	_	_	_
345-20	BOI059	345	345	20	sto	sto	_	_	_	_	_	linguistic	_	none	_	_	_	_	_	_
345-21	BOI059	345	345	21	uscendo	uscendo	_	_	_	_	_	linguistic	_	none	_	_	_	_	_	_
345-22	BOI059	345	345	22	pazzo	pazzo	_	_	_	_	_	linguistic	_	none	_	End=768.709	_	_	_	_
346-0	BOR017	346	346	0	e	e	_	_	_	_	_	linguistic	_	none	_	Begin=769.329	_	_	_	_
346-1	BOR017	346	346	1	mi	mi	_	_	_	_	_	linguistic	_	none	_	_	_	_	_	_
346-2	BOR017	346	346	2	permetto	permetto	_	_	_	_	_	linguistic	_	none	_	_	_	_	_	_
346-3	BOR017	346	346	3	di	di	_	_	_	_	_	linguistic	_	none	_	_	_	_	_	_
346-4	BOR017	346	346	4	dire	dire	_	_	_	_	_	linguistic	_	none	_	_	_	_	_	_
346-5	BOR017	346	346	5	che	che	_	_	_	_	_	linguistic	_	none	_	_	_	_	_	_
346-6	BOR017	346	346	6	magari	magari	_	_	_	_	_	linguistic	_	none	_	_	_	_	_	_
346-7	BOR017	346	346	7	lo	lo	_	_	_	_	_	linguistic	_	none	_	_	_	_	_	_
346-8	BOR017	346	346	8	siamo	siamo	_	_	_	_	_	linguistic	_	none	_	_	_	_	_	_
346-9	BOR017	346	346	9	ancora	ancora	_	_	_	_	_	linguistic	_	none	_	_	_	_	_	_
346-10	BOR017	346	346	10	cioè	cioè	_	_	_	_	_	linguistic	_	none	_	_	_	_	_	_
346-11	BOR017	346	346	11	nel	nel	_	_	_	_	_	linguistic	_	none	_	_	_	_	_	_
346-12	BOR017	346	346	12	senso	senso	_	_	_	_	_	linguistic	_	none	_	_	_	_	_	_
346-13	BOR017	346	346	13	che	che	_	_	_	_	_	linguistic	_	none	_	End=772.499	_	_	_	_
347-0	BOR017	347	347	0	parliamo	parliamo	_	_	_	_	_	linguistic	_	none	_	Begin=772.528	_	_	_	_
347-1	BOR017	347	347	1	ancora	ancora	_	_	_	_	_	linguistic	_	none	_	_	_	_	_	_
347-2	BOR017	347	347	2	°xx[x	xxx	_	_	_	_	_	unknown	_	none	Volume=low|Syllables=3	_	_	_	_	2-3(45)
347-3	BOR017	347	347	3	ancora]°	ancora	_	_	_	_	_	linguistic	_	none	Volume=low	End=774.745	_	_	_	0-6(45)
348-0	BOI059	348	348	0	[sì	sì	_	_	_	_	_	linguistic	_	none	_	Begin=773.895	_	_	_	0-2(45)
348-1	BOI059	348	348	1	no	no	_	_	_	_	_	linguistic	_	none	_	_	_	_	_	0-2(45)
348-2	BOI059	348	348	2	c(io)è	cioè	_	_	_	_	_	linguistic	_	none	_	_	_	_	1-3(0)	0-4(45)
348-3	BOI059	348	348	3	siamo	siamo	_	_	_	_	_	linguistic	_	none	_	_	_	_	_	0-5(45)
348-4	BOI059	348	348	4	an~]	an~	_	_	_	_	_	linguistic	_	none	Interrupted=Yes	_	_	_	_	0-3(45)
348-5	BOI059	348	348	5	anzi	anzi	_	_	_	_	_	linguistic	_	none	_	_	_	_	_	_
348-6	BOI059	348	348	6	da	da	_	_	_	_	_	linguistic	_	none	_	_	_	_	_	_
348-7	BOI059	348	348	7	lì	lì	_	_	_	_	_	linguistic	_	none	_	_	_	_	_	_
348-8	BOI059	348	348	8	[si	si	_	_	_	_	_	linguistic	_	none	_	_	_	_	_	0-2(46)
348-9	BOI059	348	348	9	è	è	_	_	_	_	_	linguistic	_	none	_	_	_	_	_	0-1(46)
348-10	BOI059	348	348	10	crea~]	crea~	_	_	_	_	_	linguistic	_	none	Interrupted=Yes	End=776.299	_	_	_	0-5(46)
349-0	BOR017	349	349	0	[grazie	grazie	_	_	_	_	_	linguistic	_	none	_	Begin=775.678	_	_	_	0-6(?)
349-1	BOR017	349	349	1	a	a	_	_	_	_	_	linguistic	_	none	_	_	_	_	_	0-1(?)
349-2	BOR017	349	349	2	quel][lo]	quello	_	_	_	_	_	linguistic	_	none	_	_	_	_	_	4-6(?)
349-3	BOR017	349	349	3	[esatto	esatto	_	_	_	_	_	linguistic	_	none	_	_	_	_	_	0-6(?)
349-4	BOR017	349	349	4	si	si	_	_	_	_	_	linguistic	_	none	_	_	_	_	_	0-2(?)
349-5	BOR017	349	349	5	è	è	_	_	_	_	_	linguistic	_	none	_	_	_	_	_	0-1(?)
349-6	BOR017	349	349	6	creato:]	creato	_	_	_	_	_	linguistic	_	none	_	End=777.908	5x1	_	_	0-6(?)
350-0	BOI059	350	350	0	[esa]tto	esatto	_	_	_	_	_	linguistic	_	none	_	Begin=776.361	_	_	_	0-3(?)
350-1	BOI059	350	350	1	[grazie	grazie	_	_	_	_	_	linguistic	_	none	_	_	_	_	_	0-6(?)
350-2	BOI059	350	350	2	a	a	_	_	_	_	_	linguistic	_	none	_	_	_	_	_	0-1(?)
350-3	BOI059	350	350	3	quello	quello	_	_	_	_	_	linguistic	_	none	_	_	_	_	_	0-6(?)
350-4	BOI059	350	350	4	si	si	_	_	_	_	_	linguistic	_	none	_	_	_	_	_	0-2(?)
350-5	BOI059	350	350	5	è	è	_	_	_	_	_	linguistic	_	none	_	_	_	_	_	0-1(?)
350-6	BOI059	350	350	6	crea]to:	creato	_	_	_	_	_	linguistic	_	none	_	End=778.349	5x1	_	_	0-4(?)
351-0	BOI059	351	351	0	un	un	_	_	_	_	_	linguistic	_	none	_	Begin=778.677	_	_	_	_
351-1	BOI059	351	351	1	maggiore	maggiore	_	_	_	_	_	linguistic	_	none	_	_	_	_	_	_
351-2	BOI059	351	351	2	ris~	ris~	_	_	_	_	_	linguistic	_	none	Interrupted=Yes	_	_	_	_	_
351-3	BOI059	351	351	3	mh	mh	_	_	_	_	_	linguistic	_	none	_	_	_	_	_	_
351-4	BOI059	351	351	4	livello	livello	_	_	_	_	_	linguistic	_	none	_	_	_	_	_	_
351-5	BOI059	351	351	5	di	di	_	_	_	_	_	linguistic	_	none	_	_	_	_	_	_
351-6	BOI059	351	351	6	anche	anche	_	_	_	_	_	linguistic	_	none	_	_	_	_	_	_
351-7	BOI059	351	351	7	di	di	_	_	_	_	_	linguistic	_	none	_	_	_	_	_	_
351-8	BOI059	351	351	8	fiducia	fiducia	_	_	_	_	_	linguistic	_	none	_	_	_	_	_	_
351-9	BOI059	351	351	9	e	e	_	_	_	_	_	linguistic	_	none	_	_	_	_	_	_
351-10	BOI059	351	351	10	di	di	_	_	_	_	_	linguistic	_	none	_	_	_	_	_	_
351-11	BOI059	351	351	11	rispetto	rispetto	_	_	_	_	_	linguistic	_	none	_	_	_	_	_	_
351-12	BOI059	351	351	12	ma	ma	_	_	_	_	_	linguistic	_	none	_	_	_	_	_	_
351-13	BOI059	351	351	13	anche	anche	_	_	_	_	_	linguistic	_	none	_	_	_	_	_	_
351-14	BOI059	351	351	14	solamente	solamente	_	_	_	_	_	linguistic	_	none	_	_	_	_	_	_
351-15	BOI059	351	351	15	di	di	_	_	_	_	_	linguistic	_	none	_	_	_	_	_	_
351-16	BOI059	351	351	16	affetto	affetto	_	_	_	_	_	linguistic	_	none	_	_	_	_	_	_
351-17	BOI059	351	351	17	perché	perché	_	_	_	_	_	linguistic	_	none	_	End=784.365	_	_	_	_
352-0	BOI059	352	352	0	abbia~	abbia~	_	_	_	_	_	linguistic	_	none	Interrupted=Yes	Begin=784.813	_	_	_	_
352-1	BOI059	352	352	1	vi	vi	_	_	_	_	_	linguistic	_	none	_	_	_	_	_	_
352-2	BOI059	352	352	2	abbiamo	abbiamo	_	_	_	_	_	linguistic	_	none	_	_	_	_	_	_
352-3	BOI059	352	352	3	visti	visti	_	_	_	_	_	linguistic	_	none	_	End=786.353	_	_	_	_
353-0	BOI059	353	353	0	vi	vi	_	_	_	_	_	linguistic	_	none	_	Begin=786.461	_	_	_	_
353-1	BOI059	353	353	1	vedevamo	vedevamo	_	_	_	_	_	linguistic	_	none	_	End=787.673	_	_	_	_
354-0	BOI059	354	354	0	sia	sia	_	_	_	_	_	linguistic	_	none	_	Begin=788.066	_	_	_	_
354-1	BOI059	354	354	1	chi	chi	_	_	_	_	_	linguistic	_	none	_	_	_	_	_	_
354-2	BOI059	354	354	2	di	di	_	_	_	_	_	linguistic	_	none	_	_	_	_	_	_
354-3	BOI059	354	354	3	voi	voi	_	_	_	_	_	linguistic	_	none	_	_	_	_	_	_
354-4	BOI059	354	354	4	è	è	_	_	_	_	_	linguistic	_	none	_	_	_	_	_	_
354-5	BOI059	354	354	5	rimasto	rimasto	_	_	_	_	_	linguistic	_	none	_	_	_	_	_	_
354-6	BOI059	354	354	6	sia	sia	_	_	_	_	_	linguistic	_	none	_	_	_	_	_	_
354-7	BOI059	354	354	7	chi	chi	_	_	_	_	_	linguistic	_	none	_	_	_	_	_	_
354-8	BOI059	354	354	8	di	di	_	_	_	_	_	linguistic	_	none	_	_	_	_	_	_
354-9	BOI059	354	354	9	voi	voi	_	_	_	_	_	linguistic	_	none	_	_	_	_	_	_
354-10	BOI059	354	354	10	è	è	_	_	_	_	_	linguistic	_	none	_	_	_	_	_	_
354-11	BOI059	354	354	11	andato	andato	_	_	_	_	_	linguistic	_	none	_	_	_	_	_	_
354-12	BOI059	354	354	12	a	a	_	_	_	_	_	linguistic	_	none	_	_	_	_	_	_
354-13	BOI059	354	354	13	casa	casa	_	_	_	_	_	linguistic	_	none	_	_	_	_	_	_
354-14	BOI059	354	354	14	quando	quando	_	_	_	_	_	linguistic	_	none	_	_	_	_	_	_
354-15	BOI059	354	354	15	è	è	_	_	_	_	_	linguistic	_	none	_	_	_	_	_	_
354-16	BOI059	354	354	16	tornato	tornato	_	_	_	_	_	linguistic	_	none	_	_	_	_	_	_
354-17	BOI059	354	354	17	quindi	quindi	_	_	_	_	_	linguistic	_	none	_	End=792.307	_	_	_	_
355-0	BOI059	355	355	0	è	è	_	_	_	_	_	linguistic	_	none	_	Begin=792.929	_	_	_	_
355-1	BOI059	355	355	1	stato	stato	_	_	_	_	_	linguistic	_	none	_	_	_	_	_	_
355-2	BOI059	355	355	2	molto	molto	_	_	_	_	_	linguistic	_	none	_	_	_	_	_	_
355-3	BOI059	355	355	3	importante	importante	_	_	_	_	_	linguistic	_	none	_	_	_	_	_	_
355-4	BOI059	355	355	4	secondo	secondo	_	_	_	_	_	linguistic	_	none	_	_	_	_	_	_
355-5	BOI059	355	355	5	c(io)è	cioè	_	_	_	_	_	linguistic	_	none	_	End=794.962	_	_	1-3(0)	_
356-0	BOI059	356	356	0	nell[a	nella	_	_	_	_	_	linguistic	_	none	_	Begin=795.136	_	_	_	4-5(48)
356-1	BOI059	356	356	1	sfiga]	sfiga	_	_	_	_	_	linguistic	_	none	_	End=796.328	_	_	_	0-5(48)
357-0	BOR017	357	357	0	[ci	ci	_	_	_	_	_	linguistic	_	none	_	Begin=795.382	_	_	_	0-2(48)
357-1	BOR017	357	357	1	siamo	siamo	_	_	_	_	_	linguistic	_	none	_	_	_	_	_	0-5(48)
357-2	BOR017	357	357	2	vissu]ti	vissuti	_	_	_	_	_	linguistic	_	none	_	End=796.51	_	_	_	0-5(48)
358-0	BOI059	358	358	0	esatto	esatto	_	_	_	_	_	linguistic	_	none	_	Begin=796.59	_	_	_	_
358-1	BOI059	358	358	1	nella	nella	_	_	_	_	_	linguistic	_	none	_	_	_	_	_	_
358-2	BOI059	358	358	2	sfiga	sfiga	_	_	_	_	_	linguistic	_	none	_	_	_	_	_	_
358-3	BOI059	358	358	3	ci	ci	_	_	_	_	_	linguistic	_	none	_	_	_	_	_	_
358-4	BOI059	358	358	4	siamo	siamo	_	_	_	_	_	linguistic	_	none	_	_	_	_	_	_
358-5	BOI059	358	358	5	vissuti	vissuti	_	_	_	_	_	linguistic	_	none	_	_	_	_	_	_
358-6	BOI059	358	358	6	e	e	_	_	_	_	_	linguistic	_	none	_	_	_	_	_	_
358-7	BOI059	358	358	7	ci	ci	_	_	_	_	_	linguistic	_	none	_	_	_	_	_	_
358-8	BOI059	358	358	8	siamo	siamo	_	_	_	_	_	linguistic	_	none	_	_	_	_	_	_
358-9	BOI059	358	358	9	resi	resi	_	_	_	_	_	linguistic	_	none	_	_	_	_	_	_
358-10	BOI059	358	358	10	conto	conto	_	_	_	_	_	linguistic	_	none	_	End=800.021	_	_	_	_
359-0	BOI059	359	359	0	del	del	_	_	_	_	_	linguistic	_	none	_	Begin=800.78	_	_	_	_
359-1	BOI059	359	359	1	fatto	fatto	_	_	_	_	_	linguistic	_	none	_	_	_	_	_	_
359-2	BOI059	359	359	2	che	che	_	_	_	_	_	linguistic	_	none	_	End=801.365	_	_	_	_
360-0	BOI059	360	360	0	questa	questa	_	_	_	_	_	linguistic	_	none	_	Begin=801.78	_	_	_	_
360-1	BOI059	360	360	1	struttura	struttura	_	_	_	_	_	linguistic	_	none	_	_	_	_	_	_
360-2	BOI059	360	360	2	in	in	_	_	_	_	_	linguistic	_	none	_	_	_	_	_	_
360-3	BOI059	360	360	3	qualche	qualche	_	_	_	_	_	linguistic	_	none	_	_	_	_	_	_
360-4	BOI059	360	360	4	senso	senso	_	_	_	_	_	linguistic	_	none	_	_	_	_	_	_
360-5	BOI059	360	360	5	ha	ha	_	_	_	_	_	linguistic	_	none	_	_	_	_	_	_
360-6	BOI059	360	360	6	salvato	salvato	_	_	_	_	_	linguistic	_	none	_	_	_	_	_	_
360-7	BOI059	360	360	7	più	più	_	_	_	_	_	linguistic	_	none	_	_	_	_	_	_
360-8	BOI059	360	360	8	di	di	_	_	_	_	_	linguistic	_	none	_	_	_	_	_	_
360-9	BOI059	360	360	9	un	un	_	_	_	_	_	linguistic	_	none	_	_	_	_	_	_
360-10	BOI059	360	360	10	senno	senno	_	_	_	_	_	linguistic	_	none	_	End=804.776	_	_	_	_
361-0	BOI059	361	361	0	sia	sia	_	_	_	_	_	linguistic	_	none	_	Begin=804.975	_	_	_	_
361-1	BOI059	361	361	1	per	per	_	_	_	_	_	linguistic	_	none	_	_	_	_	_	_
361-2	BOI059	361	361	2	chi	chi	_	_	_	_	_	linguistic	_	none	_	_	_	_	_	_
361-3	BOI059	361	361	3	è	è	_	_	_	_	_	linguistic	_	none	_	_	_	_	_	_
361-4	BOI059	361	361	4	dovuto	dovuto	_	_	_	_	_	linguistic	_	none	_	_	_	_	_	_
361-5	BOI059	361	361	5	e	e	_	_	_	_	_	linguistic	_	none	_	_	_	_	_	_
361-6	BOI059	361	361	6	voluto	voluto	_	_	_	_	_	linguistic	_	none	_	_	_	_	_	_
361-7	BOI059	361	361	7	tornare	tornare	_	_	_	_	_	linguistic	_	none	_	_	_	_	_	_
361-8	BOI059	361	361	8	a	a	_	_	_	_	_	linguistic	_	none	_	_	_	_	_	_
361-9	BOI059	361	361	9	casa	casa	_	_	_	_	_	linguistic	_	none	_	_	_	_	_	_
361-10	BOI059	361	361	10	e	e	_	_	_	_	_	linguistic	_	none	_	_	_	_	_	_
361-11	BOI059	361	361	11	poi	poi	_	_	_	_	_	linguistic	_	none	_	End=807.523	_	_	_	_
362-0	BOI059	362	362	0	sapeva	sapeva	_	_	_	_	_	linguistic	_	none	_	Begin=807.689	_	_	_	_
362-1	BOI059	362	362	1	di	di	_	_	_	_	_	linguistic	_	none	_	_	_	_	_	_
362-2	BOI059	362	362	2	avere	avere	_	_	_	_	_	linguistic	_	none	_	_	_	_	_	_
362-3	BOI059	362	362	3	un	un	_	_	_	_	_	linguistic	_	none	_	_	_	_	_	_
362-4	BOI059	362	362	4	porto	porto	_	_	_	_	_	linguistic	_	none	_	_	_	_	_	_
362-5	BOI059	362	362	5	sicuro	sicuro	_	_	_	_	_	linguistic	_	none	_	_	_	_	_	_
362-6	BOI059	362	362	6	in	in	_	_	_	_	_	linguistic	_	none	_	_	_	_	_	_
362-7	BOI059	362	362	7	cui	cui	_	_	_	_	_	linguistic	_	none	_	End=809.207	_	_	_	_
363-0	BOI059	363	363	0	riscappare	riscappare	_	_	_	_	_	linguistic	_	none	_	Begin=809.647|End=810.539	_	_	_	_
364-0	BOI059	364	364	0	però	però	_	_	_	_	_	linguistic	_	none	_	Begin=810.78	_	_	_	_
364-1	BOI059	364	364	1	sì	sì	_	_	_	_	_	linguistic	_	none	_	_	_	_	_	_
364-2	BOI059	364	364	2	è	è	_	_	_	_	_	linguistic	_	none	_	_	_	_	_	_
364-3	BOI059	364	364	3	merito	merito	_	_	_	_	_	linguistic	_	none	_	_	_	_	_	_
364-4	BOI059	364	364	4	della	della	_	_	_	_	_	linguistic	_	none	_	_	_	_	_	_
364-5	BOI059	364	364	5	pandemia	pandemia	_	_	_	_	_	linguistic	_	none	_	_	_	_	_	_
364-6	BOI059	364	364	6	se	se	_	_	_	_	_	linguistic	_	none	_	_	_	_	_	_
364-7	BOI059	364	364	7	anche	anche	_	_	_	_	_	linguistic	_	none	_	_	_	_	_	_
364-8	BOI059	364	364	8	questa	questa	_	_	_	_	_	linguistic	_	none	_	_	_	_	_	_
364-9	BOI059	364	364	9	intervista	intervista	_	_	_	_	_	linguistic	_	none	_	_	_	_	_	_
364-10	BOI059	364	364	10	è	è	_	_	_	_	_	linguistic	_	none	_	_	_	_	_	_
364-11	BOI059	364	364	11	merito	merito	_	_	_	_	_	linguistic	_	none	_	_	_	_	_	_
364-12	BOI059	364	364	12	della	della	_	_	_	_	_	linguistic	_	none	_	_	_	_	_	_
364-13	BOI059	364	364	13	pandemia	pandemia	_	_	_	_	_	linguistic	_	none	_	_	_	_	_	_
364-14	BOI059	364	364	14	perché	perché	_	_	_	_	_	linguistic	_	none	_	_	_	_	_	_
364-15	BOI059	364	364	15	[è	è	_	_	_	_	_	linguistic	_	none	_	_	_	_	_	0-1(49)
364-16	BOI059	364	364	16	da	da	_	_	_	_	_	linguistic	_	none	_	_	_	_	_	0-2(49)
364-17	BOI059	364	364	17	lì	lì	_	_	_	_	_	linguistic	_	none	_	_	_	_	_	0-2(49)
364-18	BOI059	364	364	18	che	che	_	_	_	_	_	linguistic	_	none	_	_	_	_	_	0-3(49)
364-19	BOI059	364	364	19	si]	si	_	_	_	_	_	linguistic	_	none	_	End=815.162	_	_	_	0-2(49)
365-0	BOR017	365	365	0	{ride}	{ride}	_	_	_	_	_	nonverbalbehavior	_	none	_	Begin=813.859	_	_	_	_
365-1	BOR017	365	365	1	[certo]	certo	_	_	_	_	_	linguistic	_	none	_	End=815.153	_	_	_	0-5(49)
366-0	BOI059	366	366	0	abbiamo	abbiamo	_	_	_	_	_	linguistic	_	none	_	Begin=815.469	_	_	_	_
366-1	BOI059	366	366	1	legato	legato	_	_	_	_	_	linguistic	_	none	_	_	_	_	_	_
366-2	BOI059	366	366	2	tutti	tutti	_	_	_	_	_	linguistic	_	none	_	_	_	_	_	_
366-3	BOI059	366	366	3	quanti	quanti	_	_	_	_	_	linguistic	_	none	_	_	_	_	_	_
366-4	BOI059	366	366	4	di	di	_	_	_	_	_	linguistic	_	none	_	_	_	_	_	_
366-5	BOI059	366	366	5	più	più	_	_	_	_	_	linguistic	_	none	_	End=816.938	_	_	_	_
367-0	BOR017	367	367	0	al[trimen]ti	altrimenti	_	_	_	_	_	linguistic	_	none	_	Begin=817.291	_	_	_	2-8(50)
367-1	BOR017	367	367	1	non	non	_	_	_	_	_	linguistic	_	none	_	_	_	_	_	_
367-2	BOR017	367	367	2	te	te	_	_	_	_	_	linguistic	_	none	_	_	_	_	_	_
367-3	BOR017	367	367	3	l'	l'	_	_	_	_	_	linguistic	_	none	SpaceAfter=No	_	_	_	_	_
367-4	BOR017	367	367	4	avrei	avrei	_	_	_	_	_	linguistic	_	none	_	_	_	_	_	_
367-5	BOR017	367	367	5	chiest[o]	chiesto	_	_	_	_	_	linguistic	_	none	_	End=818.599	_	_	_	5-7(51)
368-0	BOI059	368	368	0	[sì]	sì	_	_	_	_	_	linguistic	_	none	_	Begin=817.413|End=817.78	_	_	_	0-2(50)
369-0	BOI059	369	369	0	[e]satto	esatto	_	_	_	_	_	linguistic	_	none	_	Begin=818.569|End=819.009	_	_	_	0-1(?)
370-0	BOR017	370	370	0	chiaro	chiaro	_	_	_	_	_	linguistic	_	none	_	Begin=819.006	_	_	_	_
370-1	BOR017	370	370	1	{ride}	{ride}	_	_	_	_	_	nonverbalbehavior	_	none	_	_	_	_	_	_
370-2	BOR017	370	370	2	se	se	_	_	_	_	_	linguistic	_	none	_	_	_	_	_	_
370-3	BOR017	370	370	3	non	non	_	_	_	_	_	linguistic	_	none	_	_	_	_	_	_
370-4	BOR017	370	370	4	[ci	ci	_	_	_	_	_	linguistic	_	none	_	_	_	_	_	0-2(?)
370-5	BOR017	370	370	5	fo]sse	fosse	_	_	_	_	_	linguistic	_	none	_	_	_	_	_	0-2(?)
370-6	BOR017	370	370	6	[xx]	xx	_	_	_	_	_	unknown	_	none	Syllables=2	End=820.48	_	_	_	0-2(?)
371-0	BOI059	371	371	0	[sì]	sì	_	_	_	_	_	linguistic	_	none	_	Begin=819.646|End=819.913	_	_	_	0-2(53)
372-0	BOI059	372	372	0	>[no	no	_	_	_	_	_	linguistic	_	none	_	Begin=820.144	_	Fast=0-2(0)	_	0-2(54)
372-1	BOI059	372	372	1	se]	se	_	_	_	_	_	linguistic	_	none	_	_	_	Fast=0-2(0)	_	0-2(54)
372-2	BOI059	372	372	2	non	non	_	_	_	_	_	linguistic	_	none	_	_	_	Fast=0-3(0)	_	_
372-3	BOI059	372	372	3	ci	ci	_	_	_	_	_	linguistic	_	none	_	_	_	Fast=0-2(0)	_	_
372-4	BOI059	372	372	4	fosse	fosse	_	_	_	_	_	linguistic	_	none	_	_	_	Fast=0-5(0)	_	_
372-5	BOI059	372	372	5	un	un	_	_	_	_	_	linguistic	_	none	_	_	_	Fast=0-2(0)	_	_
372-6	BOI059	372	372	6	rapporto	rapporto	_	_	_	_	_	linguistic	_	none	_	_	_	Fast=0-8(0)	_	_
372-7	BOI059	372	372	7	non<	non	_	_	_	_	_	linguistic	_	none	_	_	_	Fast=0-3(0)	_	_
372-8	BOI059	372	372	8	sì	sì	_	_	_	_	_	linguistic	_	none	_	_	_	_	_	_
372-9	BOI059	372	372	9	se~	se~	_	_	_	_	_	linguistic	_	none	Interrupted=Yes	End=822.029	_	_	_	_
373-0	BOI059	373	373	0	perché	perché	_	_	_	_	_	linguistic	_	none	_	Begin=822.183	_	_	_	_
373-1	BOI059	373	373	1	sono	sono	_	_	_	_	_	linguistic	_	none	_	_	_	_	_	_
373-2	BOI059	373	373	2	domande	domande	_	_	_	_	_	linguistic	_	none	_	_	_	_	_	_
373-3	BOI059	373	373	3	non	non	_	_	_	_	_	linguistic	_	none	_	_	_	_	_	_
373-4	BOI059	373	373	4	personali	personali	_	_	_	_	_	linguistic	_	none	_	End=823.822	_	_	_	_
374-0	BOR017	374	374	0	[ma	ma	_	_	_	_	_	linguistic	_	none	_	Begin=824.145	_	_	_	0-2(55)
374-1	BOR017	374	374	1	qua:si]	quasi	_	_	_	_	_	linguistic	_	none	_	End=825.294	2x1	_	_	0-5(55)
375-0	BOI059	375	375	0	[ma	ma	_	_	_	_	_	linguistic	_	none	_	Begin=824.145	_	_	_	0-2(55)
375-1	BOI059	375	375	1	qua:si]	quasi	_	_	_	_	_	linguistic	_	none	_	_	2x1	_	_	0-5(55)
375-2	BOI059	375	375	2	{ride}	{ride}	_	_	_	_	_	nonverbalbehavior	_	none	_	End=825.532	_	_	_	_
376-0	BOI059	376	376	0	{ride}	{ride}	_	_	_	_	_	nonverbalbehavior	_	none	_	Begin=825.822|End=826.096	_	_	_	_
377-0	BOR017	377	377	0	e:hm	ehm	_	_	_	_	_	linguistic	_	none	_	Begin=826.469	0x1	_	_	_
377-1	BOR017	377	377	1	facciamo	facciamo	_	_	_	_	_	linguistic	_	none	_	_	_	_	_	_
377-2	BOR017	377	377	2	adesso	adesso	_	_	_	_	_	linguistic	_	none	_	_	_	_	_	_
377-3	BOR017	377	377	3	invece	invece	_	_	_	_	_	linguistic	_	none	_	_	_	_	_	_
377-4	BOR017	377	377	4	se	se	_	_	_	_	_	linguistic	_	none	_	_	_	_	_	_
377-5	BOR017	377	377	5	ti	ti	_	_	_	_	_	linguistic	_	none	_	_	_	_	_	_
377-6	BOR017	377	377	6	va	va	_	_	_	_	_	linguistic	_	none	_	_	_	_	_	_
377-7	BOR017	377	377	7	una	una	_	_	_	_	_	linguistic	_	none	_	_	_	_	_	_
377-8	BOR017	377	377	8	top	top	_	_	_	_	_	linguistic	_	none	_	_	_	_	_	_
377-9	BOR017	377	377	9	ten	ten	_	_	_	_	_	linguistic	_	none	_	End=830.179	_	_	_	_
378-0	BOR017	378	378	0	ovvero	ovvero	_	_	_	_	_	linguistic	_	none	_	Begin=830.254|End=830.718	_	_	_	_
379-0	BOR017	379	379	0	cosa	cosa	_	_	_	_	_	linguistic	_	none	_	Begin=830.809	_	_	_	_
379-1	BOR017	379	379	1	consiglieresti	consiglieresti	_	_	_	_	_	linguistic	_	none	_	_	_	_	_	_
379-2	BOR017	379	379	2	a	a	_	_	_	_	_	linguistic	_	none	_	_	_	_	_	_
379-3	BOR017	379	379	3	una	una	_	_	_	_	_	linguistic	_	none	_	_	_	_	_	_
379-4	BOR017	379	379	4	persona	persona	_	_	_	_	_	linguistic	_	none	_	_	_	_	_	_
379-5	BOR017	379	379	5	che	che	_	_	_	_	_	linguistic	_	none	_	_	_	_	_	_
379-6	BOR017	379	379	6	visita	visita	_	_	_	_	_	linguistic	_	none	_	_	_	_	_	_
379-7	BOR017	379	379	7	bologna	bologna	_	_	_	_	_	linguistic	_	none	_	_	_	_	_	_
379-8	BOR017	379	379	8	per	per	_	_	_	_	_	linguistic	_	none	_	_	_	_	_	_
379-9	BOR017	379	379	9	la	la	_	_	_	_	_	linguistic	_	none	_	_	_	_	_	_
379-10	BOR017	379	379	10	prima	prima	_	_	_	_	_	linguistic	_	none	_	_	_	_	_	_
379-11	BOR017	379	379	11	volta?	volta	_	_	_	_	_	linguistic	_	none	Intonation=Rising	End=834.71	_	_	_	_
380-0	BOR017	380	380	0	cinque	cinque	_	_	_	_	_	linguistic	_	none	_	Begin=834.734	_	_	_	_
380-1	BOR017	380	380	1	posti	posti	_	_	_	_	_	linguistic	_	none	_	End=835.581	_	_	_	_
381-0	BOI059	381	381	0	allora	allora	_	_	_	_	_	linguistic	_	none	_	Begin=835.631|End=836.158	_	_	_	_
382-0	BOR017	382	382	0	must	must	_	_	_	_	_	linguistic	_	none	_	Begin=836.737	_	_	_	_
382-1	BOR017	382	382	1	have	have	_	_	_	_	_	linguistic	_	none	_	End=837.322	_	_	_	_
383-0	BOI059	383	383	0	must	must	_	_	_	_	_	linguistic	_	none	_	Begin=837.473	_	_	_	_
383-1	BOI059	383	383	1	have	have	_	_	_	_	_	linguistic	_	none	_	End=838.324	_	_	_	_
384-0	BOI059	384	384	0	piazza	piazza	_	_	_	_	_	linguistic	_	none	_	Begin=838.403	_	_	_	_
384-1	BOI059	384	384	1	maggiore	maggiore	_	_	_	_	_	linguistic	_	none	_	_	_	_	_	_
384-2	BOI059	384	384	2	col	col	_	_	_	_	_	linguistic	_	none	_	_	_	_	_	_
384-3	BOI059	384	384	3	nettuno	nettuno	_	_	_	_	_	linguistic	_	none	_	_	_	_	_	_
384-4	BOI059	384	384	4	nel	nel	_	_	_	_	_	linguistic	_	none	_	_	_	_	_	_
384-5	BOI059	384	384	5	senso	senso	_	_	_	_	_	linguistic	_	none	_	_	_	_	_	_
384-6	BOI059	384	384	6	che	che	_	_	_	_	_	linguistic	_	none	_	_	_	_	_	_
384-7	BOI059	384	384	7	okay	okay	_	_	_	_	_	linguistic	_	none	_	_	_	_	_	_
384-8	BOI059	384	384	8	sono	sono	_	_	_	_	_	linguistic	_	none	_	_	_	_	_	_
384-9	BOI059	384	384	9	due	due	_	_	_	_	_	linguistic	_	none	_	_	_	_	_	_
384-10	BOI059	384	384	10	piazze	piazze	_	_	_	_	_	linguistic	_	none	_	_	_	_	_	_
384-11	BOI059	384	384	11	separate	separate	_	_	_	_	_	linguistic	_	none	_	_	_	_	_	_
384-12	BOI059	384	384	12	ma	ma	_	_	_	_	_	linguistic	_	none	_	_	_	_	_	_
384-13	BOI059	384	384	13	è	è	_	_	_	_	_	linguistic	_	none	_	_	_	_	_	_
384-14	BOI059	384	384	14	una	una	_	_	_	_	_	linguistic	_	none	_	_	_	_	_	_
384-15	BOI059	384	384	15	uni[ca]	unica	_	_	_	_	_	linguistic	_	none	_	End=842.502	_	_	_	3-5(56)
385-0	BOR017	385	385	0	[sì]	sì	_	_	_	_	_	linguistic	_	none	_	Begin=842.276|End=842.602	_	_	_	0-2(56)
386-0	BOI059	386	386	0	anche	anche	_	_	_	_	_	linguistic	_	none	_	Begin=843.083	_	_	_	_
386-1	BOI059	386	386	1	perché	perché	_	_	_	_	_	linguistic	_	none	_	_	_	_	_	_
386-2	BOI059	386	386	2	noi	noi	_	_	_	_	_	linguistic	_	none	_	End=844.261	_	_	_	_
387-0	BOI059	387	387	0	bolognesi	bolognesi	_	_	_	_	_	linguistic	_	none	_	Begin=844.523	_	_	_	_
387-1	BOI059	387	387	1	se	se	_	_	_	_	_	linguistic	_	none	_	_	_	_	_	_
387-2	BOI059	387	387	2	devi	devi	_	_	_	_	_	linguistic	_	none	_	_	_	_	_	_
387-3	BOI059	387	387	3	trovarti	trovarti	_	_	_	_	_	linguistic	_	none	_	_	_	_	_	_
387-4	BOI059	387	387	4	in	in	_	_	_	_	_	linguistic	_	none	_	_	_	_	_	_
387-5	BOI059	387	387	5	piazza	piazza	_	_	_	_	_	linguistic	_	none	_	_	_	_	_	_
387-6	BOI059	387	387	6	ti	ti	_	_	_	_	_	linguistic	_	none	_	_	_	_	_	_
387-7	BOI059	387	387	7	trovi	trovi	_	_	_	_	_	linguistic	_	none	_	_	_	_	_	_
387-8	BOI059	387	387	8	sotto	sotto	_	_	_	_	_	linguistic	_	none	_	_	_	_	_	_
387-9	BOI059	387	387	9	il	il	_	_	_	_	_	linguistic	_	none	_	_	_	_	_	_
387-10	BOI059	387	387	10	culo	culo	_	_	_	_	_	linguistic	_	none	_	_	_	_	_	_
387-11	BOI059	387	387	11	del	del	_	_	_	_	_	linguistic	_	none	_	_	_	_	_	_
387-12	BOI059	387	387	12	[nettuno]	nettuno	_	_	_	_	_	linguistic	_	none	_	End=848.052	_	_	_	0-7(57)
388-0	BOR017	388	388	0	[°nettuno°]	nettuno	_	_	_	_	_	linguistic	_	none	Volume=low	Begin=847.503|End=848.054	_	_	_	0-7(57)
389-0	BOR017	389	389	0	per	per	_	_	_	_	_	linguistic	_	none	_	Begin=848.222	_	_	_	_
389-1	BOR017	389	389	1	[forza]	forza	_	_	_	_	_	linguistic	_	none	_	End=848.961	_	_	_	0-5(58)
390-0	BOI059	390	390	0	[ma	ma	_	_	_	_	_	linguistic	_	none	_	Begin=848.511	_	_	_	0-2(58)
390-1	BOI059	390	390	1	non	non	_	_	_	_	_	linguistic	_	none	_	_	_	_	_	0-3(58)
390-2	BOI059	390	390	2	al]	al	_	_	_	_	_	linguistic	_	none	_	_	_	_	_	0-2(58)
390-3	BOI059	390	390	3	nettuno	nettuno	_	_	_	_	_	linguistic	_	none	_	End=849.503	_	_	_	_
391-0	BOI059	391	391	0	sotto	sotto	_	_	_	_	_	linguistic	_	none	_	Begin=849.593	_	_	_	_
391-1	BOI059	391	391	1	al	al	_	_	_	_	_	linguistic	_	none	_	_	_	_	_	_
391-2	BOI059	391	391	2	culo	culo	_	_	_	_	_	linguistic	_	none	_	_	_	_	_	_
391-3	BOI059	391	391	3	del	del	_	_	_	_	_	linguistic	_	none	_	_	_	_	_	_
391-4	BOI059	391	391	4	nettuno	nettuno	_	_	_	_	_	linguistic	_	none	_	_	_	_	_	_
391-5	BOI059	391	391	5	quindi	quindi	_	_	_	_	_	linguistic	_	none	_	_	_	_	_	_
391-6	BOI059	391	391	6	è	è	_	_	_	_	_	linguistic	_	none	_	_	_	_	_	_
391-7	BOI059	391	391	7	esattamente	esattamente	_	_	_	_	_	linguistic	_	none	_	_	_	_	_	_
391-8	BOI059	391	391	8	in	in	_	_	_	_	_	linguistic	_	none	_	_	_	_	_	_
391-9	BOI059	391	391	9	quello	quello	_	_	_	_	_	linguistic	_	none	_	_	_	_	_	_
391-10	BOI059	391	391	10	spigolo	spigolo	_	_	_	_	_	linguistic	_	none	_	_	_	_	_	_
391-11	BOI059	391	391	11	d~	d~	_	_	_	_	_	linguistic	_	none	Interrupted=Yes	_	_	_	_	_
391-12	BOI059	391	391	12	di	di	_	_	_	_	_	linguistic	_	none	_	_	_	_	_	_
391-13	BOI059	391	391	13	di	di	_	_	_	_	_	linguistic	_	none	_	_	_	_	_	_
391-14	BOI059	391	391	14	di	di	_	_	_	_	_	linguistic	_	none	_	_	_	_	_	_
391-15	BOI059	391	391	15	mh	mh	_	_	_	_	_	linguistic	_	none	_	End=853.419	_	_	_	_
392-0	BOI059	392	392	0	mh	mh	_	_	_	_	_	linguistic	_	none	_	Begin=853.772	_	_	_	_
392-1	BOI059	392	392	1	di	di	_	_	_	_	_	linguistic	_	none	_	_	_	_	_	_
392-2	BOI059	392	392	2	dis	dis	_	_	_	_	_	linguistic	_	none	_	_	_	_	_	_
392-3	BOI059	392	392	3	di	di	_	_	_	_	_	linguistic	_	none	_	_	_	_	_	_
392-4	BOI059	392	392	4	di	di	_	_	_	_	_	linguistic	_	none	_	_	_	_	_	_
392-5	BOI059	392	392	5	di	di	_	_	_	_	_	linguistic	_	none	_	_	_	_	_	_
392-6	BOI059	392	392	6	di	di	_	_	_	_	_	linguistic	_	none	_	_	_	_	_	_
392-7	BOI059	392	392	7	fontana	fontana	_	_	_	_	_	linguistic	_	none	_	_	_	_	_	_
392-8	BOI059	392	392	8	sotto	sotto	_	_	_	_	_	linguistic	_	none	_	_	_	_	_	_
392-9	BOI059	392	392	9	al	al	_	_	_	_	_	linguistic	_	none	_	_	_	_	_	_
392-10	BOI059	392	392	10	culo	culo	_	_	_	_	_	linguistic	_	none	_	_	_	_	_	_
392-11	BOI059	392	392	11	del	del	_	_	_	_	_	linguistic	_	none	_	_	_	_	_	_
392-12	BOI059	392	392	12	nettuno	nettuno	_	_	_	_	_	linguistic	_	none	_	End=857.478	_	_	_	_
393-0	BOR017	393	393	0	{ride}	{ride}	_	_	_	_	_	nonverbalbehavior	_	none	_	Begin=856.745|End=857.475	_	_	_	_
394-0	BOI059	394	394	0	poi	poi	_	_	_	_	_	linguistic	_	none	_	Begin=857.9|End=858.303	_	_	_	_
395-0	BOI059	395	395	0	io	io	_	_	_	_	_	linguistic	_	none	_	Begin=858.751|End=859.311	_	_	_	_
396-0	BOI059	396	396	0	se	se	_	_	_	_	_	linguistic	_	none	_	Begin=859.527	_	_	_	_
396-1	BOI059	396	396	1	ci	ci	_	_	_	_	_	linguistic	_	none	_	_	_	_	_	_
396-2	BOI059	396	396	2	sono	sono	_	_	_	_	_	linguistic	_	none	_	_	_	_	_	_
396-3	BOI059	396	396	3	io	io	_	_	_	_	_	linguistic	_	none	_	_	_	_	_	_
396-4	BOI059	396	396	4	a	a	_	_	_	_	_	linguistic	_	none	_	_	_	_	_	_
396-5	BOI059	396	396	5	farti	farti	_	_	_	_	_	linguistic	_	none	_	_	_	_	_	_
396-6	BOI059	396	396	6	da	da	_	_	_	_	_	linguistic	_	none	_	_	_	_	_	_
396-7	BOI059	396	396	7	guida	guida	_	_	_	_	_	linguistic	_	none	_	_	_	_	_	_
396-8	BOI059	396	396	8	ti	ti	_	_	_	_	_	linguistic	_	none	_	_	_	_	_	_
396-9	BOI059	396	396	9	faccio	faccio	_	_	_	_	_	linguistic	_	none	_	_	_	_	_	_
396-10	BOI059	396	396	10	anche	anche	_	_	_	_	_	linguistic	_	none	_	_	_	_	_	_
396-11	BOI059	396	396	11	vedere	vedere	_	_	_	_	_	linguistic	_	none	_	_	_	_	_	_
396-12	BOI059	396	396	12	il	il	_	_	_	_	_	linguistic	_	none	_	_	_	_	_	_
396-13	BOI059	396	396	13	dito	dito	_	_	_	_	_	linguistic	_	none	_	_	_	_	_	_
396-14	BOI059	396	396	14	del	del	_	_	_	_	_	linguistic	_	none	_	_	_	_	_	_
396-15	BOI059	396	396	15	nettuno	nettuno	_	_	_	_	_	linguistic	_	none	_	End=862.996	_	_	_	_
397-0	BOI059	397	397	0	che	che	_	_	_	_	_	linguistic	_	none	_	Begin=863.39	_	_	_	_
397-1	BOI059	397	397	1	per	per	_	_	_	_	_	linguistic	_	none	_	_	_	_	_	_
397-2	BOI059	397	397	2	chi	chi	_	_	_	_	_	linguistic	_	none	_	_	_	_	_	_
397-3	BOI059	397	397	3	non	non	_	_	_	_	_	linguistic	_	none	_	_	_	_	_	_
397-4	BOI059	397	397	4	lo	lo	_	_	_	_	_	linguistic	_	none	_	_	_	_	_	_
397-5	BOI059	397	397	5	sa	sa	_	_	_	_	_	linguistic	_	none	_	_	_	_	_	_
397-6	BOI059	397	397	6	è	è	_	_	_	_	_	linguistic	_	none	_	_	_	_	_	_
397-7	BOI059	397	397	7	una	una	_	_	_	_	_	linguistic	_	none	_	_	_	_	_	_
397-8	BOI059	397	397	8	roba	roba	_	_	_	_	_	linguistic	_	none	_	_	_	_	_	_
397-9	BOI059	397	397	9	troppo	troppo	_	_	_	_	_	linguistic	_	none	_	_	_	_	_	_
397-10	BOI059	397	397	10	divertente	divertente	_	_	_	_	_	linguistic	_	none	_	_	_	_	_	_
397-11	BOI059	397	397	11	quindi	quindi	_	_	_	_	_	linguistic	_	none	_	End=866.162	_	_	_	_
398-0	BOI059	398	398	0	è	è	_	_	_	_	_	linguistic	_	none	_	Begin=866.357	_	_	_	_
398-1	BOI059	398	398	1	è	è	_	_	_	_	_	linguistic	_	none	_	_	_	_	_	_
398-2	BOI059	398	398	2	è	è	_	_	_	_	_	linguistic	_	none	_	_	_	_	_	_
398-3	BOI059	398	398	3	bellissima	bellissima	_	_	_	_	_	linguistic	_	none	_	_	_	_	_	_
398-4	BOI059	398	398	4	come	come	_	_	_	_	_	linguistic	_	none	_	_	_	_	_	_
398-5	BOI059	398	398	5	cosa	cosa	_	_	_	_	_	linguistic	_	none	_	_	_	_	_	_
398-6	BOI059	398	398	6	quindi	quindi	_	_	_	_	_	linguistic	_	none	_	_	_	_	_	_
398-7	BOI059	398	398	7	piazza	piazza	_	_	_	_	_	linguistic	_	none	_	_	_	_	_	_
398-8	BOI059	398	398	8	maggiore	maggiore	_	_	_	_	_	linguistic	_	none	_	_	_	_	_	_
398-9	BOI059	398	398	9	e	e	_	_	_	_	_	linguistic	_	none	_	_	_	_	_	_
398-10	BOI059	398	398	10	nettuno	nettuno	_	_	_	_	_	linguistic	_	none	_	End=869.192	_	_	_	_
399-0	BOI059	399	399	0	palazzo	palazzo	_	_	_	_	_	linguistic	_	none	_	Begin=869.813	_	_	_	_
399-1	BOI059	399	399	1	podestà	podestà	_	_	_	_	_	linguistic	_	none	_	End=870.718	_	_	_	_
400-0	BOI059	400	400	0	che	che	_	_	_	_	_	linguistic	_	none	_	Begin=870.905	_	_	_	_
400-1	BOI059	400	400	1	si	si	_	_	_	_	_	linguistic	_	none	_	_	_	_	_	_
400-2	BOI059	400	400	2	entra	entra	_	_	_	_	_	linguistic	_	none	_	_	_	_	_	_
400-3	BOI059	400	400	3	sempre	sempre	_	_	_	_	_	linguistic	_	none	_	_	_	_	_	_
400-4	BOI059	400	400	4	da	da	_	_	_	_	_	linguistic	_	none	_	_	_	_	_	_
400-5	BOI059	400	400	5	lì	lì	_	_	_	_	_	linguistic	_	none	_	_	_	_	_	_
400-6	BOI059	400	400	6	perché	perché	_	_	_	_	_	linguistic	_	none	_	End=872.714	_	_	_	_
401-0	BOI059	401	401	0	è	è	_	_	_	_	_	linguistic	_	none	_	Begin=872.988	_	_	_	_
401-1	BOI059	401	401	1	bello	bello	_	_	_	_	_	linguistic	_	none	_	_	_	_	_	_
401-2	BOI059	401	401	2	il	il	_	_	_	_	_	linguistic	_	none	_	_	_	_	_	_
401-3	BOI059	401	401	3	dentro	dentro	_	_	_	_	_	linguistic	_	none	_	_	_	_	_	_
401-4	BOI059	401	401	4	cioè	cioè	_	_	_	_	_	linguistic	_	none	_	_	_	_	_	_
401-5	BOI059	401	401	5	nel	nel	_	_	_	_	_	linguistic	_	none	_	_	_	_	_	_
401-6	BOI059	401	401	6	senso	senso	_	_	_	_	_	linguistic	_	none	_	End=874.652	_	_	_	_
402-0	BOI059	402	402	0	°okay°	okay	_	_	_	_	_	linguistic	_	none	Volume=low	Begin=874.83	_	_	_	_
402-1	BOI059	402	402	1	che	che	_	_	_	_	_	linguistic	_	none	_	_	_	_	_	_
402-2	BOI059	402	402	2	bella	bella	_	_	_	_	_	linguistic	_	none	_	_	_	_	_	_
402-3	BOI059	402	402	3	la	la	_	_	_	_	_	linguistic	_	none	_	_	_	_	_	_
402-4	BOI059	402	402	4	piazza	piazza	_	_	_	_	_	linguistic	_	none	_	_	_	_	_	_
402-5	BOI059	402	402	5	ma	ma	_	_	_	_	_	linguistic	_	none	_	_	_	_	_	_
402-6	BOI059	402	402	6	su	su	_	_	_	_	_	linguistic	_	none	_	_	_	_	_	_
402-7	BOI059	402	402	7	cosa	cosa	_	_	_	_	_	linguistic	_	none	_	_	_	_	_	_
402-8	BOI059	402	402	8	affaccia	affaccia	_	_	_	_	_	linguistic	_	none	_	_	_	_	_	_
402-9	BOI059	402	402	9	e	e	_	_	_	_	_	linguistic	_	none	_	_	_	_	_	_
402-10	BOI059	402	402	10	piuttosto	piuttosto	_	_	_	_	_	linguistic	_	none	_	_	_	_	_	_
402-11	BOI059	402	402	11	che	che	_	_	_	_	_	linguistic	_	none	_	End=877.975	_	_	_	_
403-0	BOI059	403	403	0	la	la	_	_	_	_	_	linguistic	_	none	_	Begin=878.282	_	_	_	_
403-1	BOI059	403	403	1	basilica	basilica	_	_	_	_	_	linguistic	_	none	_	_	_	_	_	_
403-2	BOI059	403	403	2	di	di	_	_	_	_	_	linguistic	_	none	_	_	_	_	_	_
403-3	BOI059	403	403	3	san	san	_	_	_	_	_	linguistic	_	none	_	_	_	_	_	_
403-4	BOI059	403	403	4	petronio	petronio	_	_	_	_	_	linguistic	_	none	_	_	_	_	_	_
403-5	BOI059	403	403	5	per	per	_	_	_	_	_	linguistic	_	none	_	_	_	_	_	_
403-6	BOI059	403	403	6	quanto	quanto	_	_	_	_	_	linguistic	_	none	_	_	_	_	_	_
403-7	BOI059	403	403	7	la	la	_	_	_	_	_	linguistic	_	none	_	_	_	_	_	_
403-8	BOI059	403	403	8	amo	amo	_	_	_	_	_	linguistic	_	none	_	_	_	_	_	_
403-9	BOI059	403	403	9	molto	molto	_	_	_	_	_	linguistic	_	none	_	_	_	_	_	_
403-10	BOI059	403	403	10	palazzo	palazzo	_	_	_	_	_	linguistic	_	none	_	_	_	_	_	_
403-11	BOI059	403	403	11	podestà	podestà	_	_	_	_	_	linguistic	_	none	_	_	_	_	_	_
403-12	BOI059	403	403	12	mi	mi	_	_	_	_	_	linguistic	_	none	_	_	_	_	_	_
403-13	BOI059	403	403	13	è	è	_	_	_	_	_	linguistic	_	none	_	_	_	_	_	_
403-14	BOI059	403	403	14	più	più	_	_	_	_	_	linguistic	_	none	_	_	_	_	_	_
403-15	BOI059	403	403	15	nel	nel	_	_	_	_	_	linguistic	_	none	_	_	_	_	_	_
403-16	BOI059	403	403	16	cuore	cuore	_	_	_	_	_	linguistic	_	none	_	End=882.805	_	_	_	_
404-0	BOI059	404	404	0	torre	torre	_	_	_	_	_	linguistic	_	none	_	Begin=883.274	_	_	_	_
404-1	BOI059	404	404	1	degli	degli	_	_	_	_	_	linguistic	_	none	_	_	_	_	_	_
404-2	BOI059	404	404	2	asinelli	asinelli	_	_	_	_	_	linguistic	_	none	_	End=884.17	_	_	_	_
405-0	BOI059	405	405	0	poi	poi	_	_	_	_	_	linguistic	_	none	_	Begin=885.047	_	_	_	_
405-1	BOI059	405	405	1	se	se	_	_	_	_	_	linguistic	_	none	_	_	_	_	_	_
405-2	BOI059	405	405	2	siete	siete	_	_	_	_	_	linguistic	_	none	_	_	_	_	_	_
405-3	BOI059	405	405	3	studenti	studenti	_	_	_	_	_	linguistic	_	none	_	_	_	_	_	_
405-4	BOI059	405	405	4	non	non	_	_	_	_	_	linguistic	_	none	_	_	_	_	_	_
405-5	BOI059	405	405	5	dovete	dovete	_	_	_	_	_	linguistic	_	none	_	_	_	_	_	_
405-6	BOI059	405	405	6	salire	salire	_	_	_	_	_	linguistic	_	none	_	_	_	_	_	_
405-7	BOI059	405	405	7	fino	fino	_	_	_	_	_	linguistic	_	none	_	_	_	_	_	_
405-8	BOI059	405	405	8	alla	alla	_	_	_	_	_	linguistic	_	none	_	_	_	_	_	_
405-9	BOI059	405	405	9	laurea	laurea	_	_	_	_	_	linguistic	_	none	_	_	_	_	_	_
405-10	BOI059	405	405	10	però	però	_	_	_	_	_	linguistic	_	none	_	_	_	_	_	_
405-11	BOI059	405	405	11	almeno	almeno	_	_	_	_	_	linguistic	_	none	_	_	_	_	_	_
405-12	BOI059	405	405	12	sotto	sotto	_	_	_	_	_	linguistic	_	none	_	_	_	_	_	_
405-13	BOI059	405	405	13	col	col	_	_	_	_	_	linguistic	_	none	_	_	_	_	_	_
405-14	BOI059	405	405	14	naso	naso	_	_	_	_	_	linguistic	_	none	_	_	_	_	_	_
405-15	BOI059	405	405	15	per	per	_	_	_	_	_	linguistic	_	none	_	_	_	_	_	_
405-16	BOI059	405	405	16	aria	aria	_	_	_	_	_	linguistic	_	none	_	End=890.938	_	_	_	_
406-0	BOR017	406	406	0	io	io	_	_	_	_	_	linguistic	_	none	_	Begin=891.008	_	_	_	_
406-1	BOR017	406	406	1	sono	sono	_	_	_	_	_	linguistic	_	none	_	_	_	_	_	_
406-2	BOR017	406	406	2	salito	salito	_	_	_	_	_	linguistic	_	none	_	_	_	_	_	_
406-3	BOR017	406	406	3	prima	prima	_	_	_	_	_	linguistic	_	none	_	_	_	_	_	_
406-4	BOR017	406	406	4	di	di	_	_	_	_	_	linguistic	_	none	_	_	_	_	_	_
406-5	BOR017	406	406	5	iscriver[mi]	iscrivermi	_	_	_	_	_	linguistic	_	none	_	End=892.653	_	_	_	8-10(59)
407-0	BOI059	407	407	0	[>tu	tu	_	_	_	_	_	linguistic	_	none	_	Begin=892.415	_	Fast=0-2(0)	_	0-2(59)
407-1	BOI059	407	407	1	sei	sei	_	_	_	_	_	linguistic	_	none	_	_	_	Fast=0-3(0)	_	0-3(59)
407-2	BOI059	407	407	2	sa]lito	salito	_	_	_	_	_	linguistic	_	none	_	_	_	Fast=0-6(0)	_	0-2(59)
407-3	BOI059	407	407	3	prima	prima	_	_	_	_	_	linguistic	_	none	_	_	_	Fast=0-5(0)	_	_
407-4	BOI059	407	407	4	di	di	_	_	_	_	_	linguistic	_	none	_	_	_	Fast=0-2(0)	_	_
407-5	BOI059	407	407	5	iscriverti<	iscriverti	_	_	_	_	_	linguistic	_	none	_	_	_	Fast=0-10(0)	_	_
407-6	BOI059	407	407	6	quindi	quindi	_	_	_	_	_	linguistic	_	none	_	_	_	_	_	_
407-7	BOI059	407	407	7	hai	hai	_	_	_	_	_	linguistic	_	none	_	_	_	_	_	_
407-8	BOI059	407	407	8	fatto	fatto	_	_	_	_	_	linguistic	_	none	_	_	_	_	_	_
407-9	BOI059	407	407	9	[bene]	bene	_	_	_	_	_	linguistic	_	none	_	End=894.356	_	_	_	0-4(60)
408-0	BOR017	408	408	0	[salvo]	salvo	_	_	_	_	_	linguistic	_	none	_	Begin=893.903|End=894.443	_	_	_	0-5(60)
409-0	BOI059	409	409	0	perché	perché	_	_	_	_	_	linguistic	_	none	_	Begin=894.589	_	_	_	_
409-1	BOI059	409	409	1	a	a	_	_	_	_	_	linguistic	_	none	_	_	_	_	_	_
409-2	BOI059	409	409	2	quanto	quanto	_	_	_	_	_	linguistic	_	none	_	_	_	_	_	_
409-3	BOI059	409	409	3	pare	pare	_	_	_	_	_	linguistic	_	none	_	End=895.519	_	_	_	_
410-0	BOI059	410	410	0	per	per	_	_	_	_	_	linguistic	_	none	_	Begin=895.743	_	_	_	_
410-1	BOI059	410	410	1	gli	gli	_	_	_	_	_	linguistic	_	none	_	_	_	_	_	_
410-2	BOI059	410	410	2	studenti	studenti	_	_	_	_	_	linguistic	_	none	_	_	_	_	_	_
410-3	BOI059	410	410	3	dall'	dall'	_	_	_	_	_	linguistic	_	none	SpaceAfter=No	_	_	_	_	_
410-4	BOI059	410	410	4	iscrizione	iscrizione	_	_	_	_	_	linguistic	_	none	_	_	_	_	_	_
410-5	BOI059	410	410	5	in	in	_	_	_	_	_	linguistic	_	none	_	_	_	_	_	_
410-6	BOI059	410	410	6	poi	poi	_	_	_	_	_	linguistic	_	none	_	_	_	_	_	_
410-7	BOI059	410	410	7	non	non	_	_	_	_	_	linguistic	_	none	_	_	_	_	_	_
410-8	BOI059	410	410	8	si	si	_	_	_	_	_	linguistic	_	none	_	_	_	_	_	_
410-9	BOI059	410	410	9	sale	sale	_	_	_	_	_	linguistic	_	none	_	_	_	_	_	_
410-10	BOI059	410	410	10	mai	mai	_	_	_	_	_	linguistic	_	none	_	_	_	_	_	_
410-11	BOI059	410	410	11	più	più	_	_	_	_	_	linguistic	_	none	_	End=898.872	_	_	_	_
411-0	BOR017	411	411	0	vade	vade	_	_	_	_	_	linguistic	_	none	_	Begin=899.249	_	_	_	_
411-1	BOR017	411	411	1	retr[o]	retro	_	_	_	_	_	linguistic	_	none	_	End=899.852	_	_	_	4-5(61)
412-0	BOI059	412	412	0	[e]satto	esatto	_	_	_	_	_	linguistic	_	none	_	Begin=899.801	_	_	_	0-1(61)
412-1	BOI059	412	412	1	vade	vade	_	_	_	_	_	linguistic	_	none	_	_	_	_	_	_
412-2	BOI059	412	412	2	retro	retro	_	_	_	_	_	linguistic	_	none	_	_	_	_	_	_
412-3	BOI059	412	412	3	lì	lì	_	_	_	_	_	linguistic	_	none	_	_	_	_	_	_
412-4	BOI059	412	412	4	di	di	_	_	_	_	_	linguistic	_	none	_	_	_	_	_	_
412-5	BOI059	412	412	5	fianco	fianco	_	_	_	_	_	linguistic	_	none	_	_	_	_	_	_
412-6	BOI059	412	412	6	piazza	piazza	_	_	_	_	_	linguistic	_	none	_	_	_	_	_	_
412-7	BOI059	412	412	7	santo	santo	_	_	_	_	_	linguistic	_	none	_	_	_	_	_	_
412-8	BOI059	412	412	8	stefano	stefano	_	_	_	_	_	linguistic	_	none	_	End=903.025	_	_	_	_
413-0	BOI059	413	413	0	perché	perché	_	_	_	_	_	linguistic	_	none	_	Begin=903.166	_	_	_	_
413-1	BOI059	413	413	1	ha	ha	_	_	_	_	_	linguistic	_	none	_	_	_	_	_	_
413-2	BOI059	413	413	2	il	il	_	_	_	_	_	linguistic	_	none	_	_	_	_	_	_
413-3	BOI059	413	413	3	complesso	complesso	_	_	_	_	_	linguistic	_	none	_	_	_	_	_	_
413-4	BOI059	413	413	4	delle	delle	_	_	_	_	_	linguistic	_	none	_	_	_	_	_	_
413-5	BOI059	413	413	5	sette	sette	_	_	_	_	_	linguistic	_	none	_	_	_	_	_	_
413-6	BOI059	413	413	6	chie:se	chiese	_	_	_	_	_	linguistic	_	none	_	_	3x1	_	_	_
413-7	BOI059	413	413	7	perché	perché	_	_	_	_	_	linguistic	_	none	_	End=905.701	_	_	_	_
414-0	BOI059	414	414	0	ti	ti	_	_	_	_	_	linguistic	_	none	_	Begin=906.092	_	_	_	_
414-1	BOI059	414	414	1	fa	fa	_	_	_	_	_	linguistic	_	none	_	_	_	_	_	_
414-2	BOI059	414	414	2	vedere	vedere	_	_	_	_	_	linguistic	_	none	_	_	_	_	_	_
414-3	BOI059	414	414	3	la	la	_	_	_	_	_	linguistic	_	none	_	_	_	_	_	_
414-4	BOI059	414	414	4	bologna:	bologna	_	_	_	_	_	linguistic	_	none	_	End=908.05	6x1	_	_	_
415-0	BOI059	415	415	0	anti:ca	antica	_	_	_	_	_	linguistic	_	none	_	Begin=908.357|End=909.254	3x1	_	_	_
416-0	BOI059	416	416	0	prima	prima	_	_	_	_	_	linguistic	_	none	_	Begin=909.34	_	_	_	_
416-1	BOI059	416	416	1	di	di	_	_	_	_	_	linguistic	_	none	_	_	_	_	_	_
416-2	BOI059	416	416	2	essere	essere	_	_	_	_	_	linguistic	_	none	_	_	_	_	_	_
416-3	BOI059	416	416	3	bononia	bononia	_	_	_	_	_	linguistic	_	none	_	_	_	_	_	_
416-4	BOI059	416	416	4	>c(io)è	cioè	_	_	_	_	_	linguistic	_	none	_	_	_	Fast=0-4(0)	1-3(0)	_
416-5	BOI059	416	416	5	nel	nel	_	_	_	_	_	linguistic	_	none	_	_	_	Fast=0-3(0)	_	_
416-6	BOI059	416	416	6	senso<	senso	_	_	_	_	_	linguistic	_	none	_	End=911.191	_	Fast=0-5(0)	_	_
417-0	BOI059	417	417	0	la	la	_	_	_	_	_	linguistic	_	none	_	Begin=911.544	_	_	_	_
417-1	BOI059	417	417	1	chiesa	chiesa	_	_	_	_	_	linguistic	_	none	_	_	_	_	_	_
417-2	BOI059	417	417	2	ottagonale	ottagonale	_	_	_	_	_	linguistic	_	none	_	_	_	_	_	_
417-3	BOI059	417	417	3	è	è	_	_	_	_	_	linguistic	_	none	_	_	_	_	_	_
417-4	BOI059	417	417	4	un	un	_	_	_	_	_	linguistic	_	none	_	_	_	_	_	_
417-5	BOI059	417	417	5	tempio	tempio	_	_	_	_	_	linguistic	_	none	_	_	_	_	_	_
417-6	BOI059	417	417	6	di	di	_	_	_	_	_	linguistic	_	none	_	_	_	_	_	_
417-7	BOI059	417	417	7	iside	iside	_	_	_	_	_	linguistic	_	none	_	_	_	_	_	_
417-8	BOI059	417	417	8	quindi	quindi	_	_	_	_	_	linguistic	_	none	_	_	_	_	_	_
417-9	BOI059	417	417	9	stiamo	stiamo	_	_	_	_	_	linguistic	_	none	_	_	_	_	_	_
417-10	BOI059	417	417	10	parlando	parlando	_	_	_	_	_	linguistic	_	none	_	_	_	_	_	_
417-11	BOI059	417	417	11	di	di	_	_	_	_	_	linguistic	_	none	_	_	_	_	_	_
417-12	BOI059	417	417	12	un'	un'	_	_	_	_	_	linguistic	_	none	SpaceAfter=No	_	_	_	_	_
417-13	BOI059	417	417	13	occupazione	occupazione	_	_	_	_	_	linguistic	_	none	_	End=915.249	_	_	_	_
418-0	BOI059	418	418	0	molto	molto	_	_	_	_	_	linguistic	_	none	_	Begin=915.659	_	_	_	_
418-1	BOI059	418	418	1	più	più	_	_	_	_	_	linguistic	_	none	_	_	_	_	_	_
418-2	BOI059	418	418	2	antica	antica	_	_	_	_	_	linguistic	_	none	_	_	_	_	_	_
418-3	BOI059	418	418	3	rispetto	rispetto	_	_	_	_	_	linguistic	_	none	_	_	_	_	_	_
418-4	BOI059	418	418	4	a	a	_	_	_	_	_	linguistic	_	none	_	_	_	_	_	_
418-5	BOI059	418	418	5	quello	quello	_	_	_	_	_	linguistic	_	none	_	_	_	_	_	_
418-6	BOI059	418	418	6	che	che	_	_	_	_	_	linguistic	_	none	_	_	_	_	_	_
418-7	BOI059	418	418	7	uno	uno	_	_	_	_	_	linguistic	_	none	_	_	_	_	_	_
418-8	BOI059	418	418	8	si	si	_	_	_	_	_	linguistic	_	none	_	_	_	_	_	_
418-9	BOI059	418	418	9	aspetta	aspetta	_	_	_	_	_	linguistic	_	none	_	End=918.731	_	_	_	_
419-0	BOI059	419	419	0	e	e	_	_	_	_	_	linguistic	_	none	_	Begin=919.399	_	_	_	_
419-1	BOI059	419	419	1	i	i	_	_	_	_	_	linguistic	_	none	_	_	_	_	_	_
419-2	BOI059	419	419	2	giardini	giardini	_	_	_	_	_	linguistic	_	none	_	_	_	_	_	_
419-3	BOI059	419	419	3	margherita	margherita	_	_	_	_	_	linguistic	_	none	_	End=920.486	_	_	_	_
420-0	BOR017	420	420	0	bellissimi	bellissimi	_	_	_	_	_	linguistic	_	none	_	Begin=921.05	_	_	_	_
420-1	BOR017	420	420	1	aggiungerei	aggiungerei	_	_	_	_	_	linguistic	_	none	_	End=922.486	_	_	_	_
421-0	BOI059	421	421	0	io	io	_	_	_	_	_	linguistic	_	none	_	Begin=922.515	_	_	_	_
421-1	BOI059	421	421	1	non	non	_	_	_	_	_	linguistic	_	none	_	_	_	_	_	_
421-2	BOI059	421	421	2	li	li	_	_	_	_	_	linguistic	_	none	_	_	_	_	_	_
421-3	BOI059	421	421	3	amavo	amavo	_	_	_	_	_	linguistic	_	none	_	_	_	_	_	_
421-4	BOI059	421	421	4	moltissimo	moltissimo	_	_	_	_	_	linguistic	_	none	_	_	_	_	_	_
421-5	BOI059	421	421	5	anche	anche	_	_	_	_	_	linguistic	_	none	_	_	_	_	_	_
421-6	BOI059	421	421	6	perché	perché	_	_	_	_	_	linguistic	_	none	_	_	_	_	_	_
421-7	BOI059	421	421	7	abitavo	abitavo	_	_	_	_	_	linguistic	_	none	_	_	_	_	_	_
421-8	BOI059	421	421	8	dall'	dall'	_	_	_	_	_	linguistic	_	none	SpaceAfter=No	_	_	_	_	_
421-9	BOI059	421	421	9	altra	altra	_	_	_	_	_	linguistic	_	none	_	_	_	_	_	_
421-10	BOI059	421	421	10	parte	parte	_	_	_	_	_	linguistic	_	none	_	_	_	_	_	_
421-11	BOI059	421	421	11	di	di	_	_	_	_	_	linguistic	_	none	_	_	_	_	_	_
421-12	BOI059	421	421	12	bologna	bologna	_	_	_	_	_	linguistic	_	none	_	_	_	_	_	_
421-13	BOI059	421	421	13	non	non	_	_	_	_	_	linguistic	_	none	_	_	_	_	_	_
421-14	BOI059	421	421	14	mi	mi	_	_	_	_	_	linguistic	_	none	_	_	_	_	_	_
421-15	BOI059	421	421	15	erano	erano	_	_	_	_	_	linguistic	_	none	_	_	_	_	_	_
421-16	BOI059	421	421	16	comodi	comodi	_	_	_	_	_	linguistic	_	none	_	End=926.847	_	_	_	_
422-0	BOI059	422	422	0	eh	eh	_	_	_	_	_	linguistic	_	none	_	Begin=927.332	_	_	_	_
422-1	BOI059	422	422	1	un	un	_	_	_	_	_	linguistic	_	none	_	_	_	_	_	_
422-2	BOI059	422	422	2	po':	po'	_	_	_	_	_	linguistic	_	none	_	End=928.378	1x1	_	_	_
423-0	BOI059	423	423	0	mh	mh	_	_	_	_	_	linguistic	_	none	_	Begin=928.59	_	_	_	_
423-1	BOI059	423	423	1	dopo	dopo	_	_	_	_	_	linguistic	_	none	_	_	_	_	_	_
423-2	BOI059	423	423	2	le	le	_	_	_	_	_	linguistic	_	none	_	_	_	_	_	_
423-3	BOI059	423	423	3	superiori	superiori	_	_	_	_	_	linguistic	_	none	_	_	_	_	_	_
423-4	BOI059	423	423	4	in	in	_	_	_	_	_	linguistic	_	none	_	_	_	_	_	_
423-5	BOI059	423	423	5	generale	generale	_	_	_	_	_	linguistic	_	none	_	End=930.822	_	_	_	_
424-0	BOI059	424	424	0	sono	sono	_	_	_	_	_	linguistic	_	none	_	Begin=931.361	_	_	_	_
424-1	BOI059	424	424	1	veramente	veramente	_	_	_	_	_	linguistic	_	none	_	_	_	_	_	_
424-2	BOI059	424	424	2	belli	belli	_	_	_	_	_	linguistic	_	none	_	End=932.249	_	_	_	_
425-0	BOR017	425	425	0	°gra[ndissimi]°	grandissimi	_	_	_	_	_	linguistic	_	none	Volume=low	Begin=932.494|End=933.478	_	_	_	3-11(62)
426-0	BOI059	426	426	0	[e	e	_	_	_	_	_	linguistic	_	none	_	Begin=932.623	_	_	_	0-1(62)
426-1	BOI059	426	426	1	a	a	_	_	_	_	_	linguistic	_	none	_	_	_	_	_	0-1(62)
426-2	BOI059	426	426	2	fine	fine	_	_	_	_	_	linguistic	_	none	_	_	_	_	_	0-4(62)
426-3	BOI059	426	426	3	d]ella	della	_	_	_	_	_	linguistic	_	none	_	_	_	_	_	0-1(62)
426-4	BOI059	426	426	4	giornata	giornata	_	_	_	_	_	linguistic	_	none	_	_	_	_	_	_
426-5	BOI059	426	426	5	soprattutto	soprattutto	_	_	_	_	_	linguistic	_	none	_	_	_	_	_	_
426-6	BOI059	426	426	6	se	se	_	_	_	_	_	linguistic	_	none	_	_	_	_	_	_
426-7	BOI059	426	426	7	c'	c'	_	_	_	_	_	linguistic	_	none	SpaceAfter=No	_	_	_	_	_
426-8	BOI059	426	426	8	è	è	_	_	_	_	_	linguistic	_	none	_	_	_	_	_	_
426-9	BOI059	426	426	9	bel	bel	_	_	_	_	_	linguistic	_	none	_	_	_	_	_	_
426-10	BOI059	426	426	10	tempo	tempo	_	_	_	_	_	linguistic	_	none	_	_	_	_	_	_
426-11	BOI059	426	426	11	>a	a	_	_	_	_	_	linguistic	_	none	_	_	_	Fast=0-1(0)	_	_
426-12	BOI059	426	426	12	maggior	maggior	_	_	_	_	_	linguistic	_	none	_	_	_	Fast=0-7(0)	_	_
426-13	BOI059	426	426	13	ragione<	ragione	_	_	_	_	_	linguistic	_	none	_	End=936.37	_	Fast=0-7(0)	_	_
427-0	BOI059	427	427	0	fermarsi	fermarsi	_	_	_	_	_	linguistic	_	none	_	Begin=936.668	_	_	_	_
427-1	BOI059	427	427	1	ai	ai	_	_	_	_	_	linguistic	_	none	_	_	_	_	_	_
427-2	BOI059	427	427	2	giardini	giardini	_	_	_	_	_	linguistic	_	none	_	_	_	_	_	_
427-3	BOI059	427	427	3	magari	magari	_	_	_	_	_	linguistic	_	none	_	_	_	_	_	_
427-4	BOI059	427	427	4	per	per	_	_	_	_	_	linguistic	_	none	_	_	_	_	_	_
427-5	BOI059	427	427	5	una	una	_	_	_	_	_	linguistic	_	none	_	_	_	_	_	_
427-6	BOI059	427	427	6	granita	granita	_	_	_	_	_	linguistic	_	none	_	_	_	_	_	_
427-7	BOI059	427	427	7	per	per	_	_	_	_	_	linguistic	_	none	_	_	_	_	_	_
427-8	BOI059	427	427	8	un	un	_	_	_	_	_	linguistic	_	none	_	_	_	_	_	_
427-9	BOI059	427	427	9	gela:t[o:]	gelato	_	_	_	_	_	linguistic	_	none	_	End=939.507	3x1,5x1	_	_	5-6(63)
428-0	BOR017	428	428	0	a[n]che	anche	_	_	_	_	_	linguistic	_	none	_	Begin=939.403	_	_	_	1-2(63)
428-1	BOR017	428	428	1	solo	solo	_	_	_	_	_	linguistic	_	none	_	_	_	_	_	_
428-2	BOR017	428	428	2	per	per	_	_	_	_	_	linguistic	_	none	_	_	_	_	_	_
428-3	BOR017	428	428	3	stare	stare	_	_	_	_	_	linguistic	_	none	_	_	_	_	_	_
428-4	BOR017	428	428	4	[lì	lì	_	_	_	_	_	linguistic	_	none	_	_	_	_	_	0-2(64)
428-5	BOR017	428	428	5	due	due	_	_	_	_	_	linguistic	_	none	_	_	_	_	_	0-3(64)
428-6	BOR017	428	428	6	minuti]	minuti	_	_	_	_	_	linguistic	_	none	_	_	_	_	_	0-6(64)
428-7	BOR017	428	428	7	ne[lla	nella	_	_	_	_	_	linguistic	_	none	_	_	_	_	_	2-5(65)
428-8	BOR017	428	428	8	natura]	natura	_	_	_	_	_	linguistic	_	none	_	_	_	_	_	0-6(65)
428-9	BOR017	428	428	9	°bellis[simo]°	bellissimo	_	_	_	_	_	linguistic	_	none	Volume=low	End=943.055	_	_	_	6-10(66)
429-0	BOI059	429	429	0	[anche	anche	_	_	_	_	_	linguistic	_	none	_	Begin=940.254	_	_	_	0-5(64)
429-1	BOI059	429	429	1	solo	solo	_	_	_	_	_	linguistic	_	none	_	_	_	_	_	0-4(64)
429-2	BOI059	429	429	2	per	per	_	_	_	_	_	linguistic	_	none	_	_	_	_	_	0-3(64)
429-3	BOI059	429	429	3	s~]	s~	_	_	_	_	_	linguistic	_	none	Interrupted=Yes	End=941.113	_	_	_	0-2(64)
430-0	BOI059	430	430	0	[esatto]	esatto	_	_	_	_	_	linguistic	_	none	_	Begin=941.37|End=942.0	_	_	_	0-6(65)
431-0	BOI059	431	431	0	[ti	ti	_	_	_	_	_	linguistic	_	none	_	Begin=942.453	_	_	_	0-2(66)
431-1	BOI059	431	431	1	perme]tte	permette	_	_	_	_	_	linguistic	_	none	_	_	_	_	_	0-5(66)
431-2	BOI059	431	431	2	di	di	_	_	_	_	_	linguistic	_	none	_	_	_	_	_	_
431-3	BOI059	431	431	3	stare	stare	_	_	_	_	_	linguistic	_	none	_	_	_	_	_	_
431-4	BOI059	431	431	4	nella	nella	_	_	_	_	_	linguistic	_	none	_	_	_	_	_	_
431-5	BOI059	431	431	5	natura	natura	_	_	_	_	_	linguistic	_	none	_	_	_	_	_	_
431-6	BOI059	431	431	6	in	in	_	_	_	_	_	linguistic	_	none	_	_	_	_	_	_
431-7	BOI059	431	431	7	centro	centro	_	_	_	_	_	linguistic	_	none	_	_	_	_	_	_
431-8	BOI059	431	431	8	in	in	_	_	_	_	_	linguistic	_	none	_	_	_	_	_	_
431-9	BOI059	431	431	9	città	città	_	_	_	_	_	linguistic	_	none	_	_	_	_	_	_
431-10	BOI059	431	431	10	letteralmente	letteralmente	_	_	_	_	_	linguistic	_	none	_	End=945.988	_	_	_	_
432-0	BOR017	432	432	0	(davver[o)]	davvero	_	_	_	_	_	linguistic	_	none	_	Begin=946.001|End=946.557	_	_	0-7(0)	6-7(67)
433-0	BOI059	433	433	0	[nella	nella	_	_	_	_	_	linguistic	_	none	_	Begin=946.391	_	_	_	0-5(67)
433-1	BOI059	433	433	1	mi]a	mia	_	_	_	_	_	linguistic	_	none	_	_	_	_	_	0-2(67)
433-2	BOI059	433	433	2	top	top	_	_	_	_	_	linguistic	_	none	_	_	_	_	_	_
433-3	BOI059	433	433	3	cinque	cinque	_	_	_	_	_	linguistic	_	none	_	_	_	_	_	_
433-4	BOI059	433	433	4	è	è	_	_	_	_	_	linguistic	_	none	_	_	_	_	_	_
433-5	BOI059	433	433	5	questa	questa	_	_	_	_	_	linguistic	_	none	_	End=947.785	_	_	_	_
434-0	BOR017	434	434	0	adesso	adesso	_	_	_	_	_	linguistic	_	none	_	Begin=948.946	_	_	_	_
434-1	BOR017	434	434	1	ti	ti	_	_	_	_	_	linguistic	_	none	_	_	_	_	_	_
434-2	BOR017	434	434	2	chiedo	chiedo	_	_	_	_	_	linguistic	_	none	_	_	_	_	_	_
434-3	BOR017	434	434	3	ma	ma	_	_	_	_	_	linguistic	_	none	_	_	_	_	_	_
434-4	BOR017	434	434	4	dall'	dall'	_	_	_	_	_	linguistic	_	none	SpaceAfter=No	_	_	_	_	_
434-5	BOR017	434	434	5	intervista	intervista	_	_	_	_	_	linguistic	_	none	_	_	_	_	_	_
434-6	BOR017	434	434	6	già	già	_	_	_	_	_	linguistic	_	none	_	_	_	_	_	_
434-7	BOR017	434	434	7	si	si	_	_	_	_	_	linguistic	_	none	_	_	_	_	_	_
434-8	BOR017	434	434	8	nota	nota	_	_	_	_	_	linguistic	_	none	_	End=951.842	_	_	_	_
435-0	BOI059	435	435	0	mh	mh	_	_	_	_	_	linguistic	_	none	_	Begin=951.892|End=952.208	_	_	_	_
436-0	BOR017	436	436	0	conosci	conosci	_	_	_	_	_	linguistic	_	none	_	Begin=952.286	_	_	_	_
436-1	BOR017	436	436	1	il	il	_	_	_	_	_	linguistic	_	none	_	_	_	_	_	_
436-2	BOR017	436	436	2	dialetto	dialetto	_	_	_	_	_	linguistic	_	none	_	_	_	_	_	_
436-3	BOR017	436	436	3	bolognese?	bolognese	_	_	_	_	_	linguistic	_	none	Intonation=Rising	_	_	_	_	_
436-4	BOR017	436	436	4	ma	ma	_	_	_	_	_	linguistic	_	none	_	_	_	_	_	_
436-5	BOR017	436	436	5	ne	ne	_	_	_	_	_	linguistic	_	none	_	_	_	_	_	_
436-6	BOR017	436	436	6	conosci	conosci	_	_	_	_	_	linguistic	_	none	_	_	_	_	_	_
436-7	BOR017	436	436	7	anche	anche	_	_	_	_	_	linguistic	_	none	_	_	_	_	_	_
436-8	BOR017	436	436	8	altri?	altri	_	_	_	_	_	linguistic	_	none	Intonation=Rising	End=955.681	_	_	_	_
437-0	BOI059	437	437	0	allora	allora	_	_	_	_	_	linguistic	_	none	_	Begin=955.888|End=956.639	_	_	_	_
438-0	BOI059	438	438	0	il	il	_	_	_	_	_	linguistic	_	none	_	Begin=956.747	_	_	_	_
438-1	BOI059	438	438	1	mio	mio	_	_	_	_	_	linguistic	_	none	_	_	_	_	_	_
438-2	BOI059	438	438	2	dialetto	dialetto	_	_	_	_	_	linguistic	_	none	_	End=958.046	_	_	_	_
439-0	BOI059	439	439	0	non	non	_	_	_	_	_	linguistic	_	none	_	Begin=958.308	_	_	_	_
439-1	BOI059	439	439	1	è	è	_	_	_	_	_	linguistic	_	none	_	_	_	_	_	_
439-2	BOI059	439	439	2	strettamente	strettamente	_	_	_	_	_	linguistic	_	none	_	_	_	_	_	_
439-3	BOI059	439	439	3	bolognese	bolognese	_	_	_	_	_	linguistic	_	none	_	_	_	_	_	_
439-4	BOI059	439	439	4	perché	perché	_	_	_	_	_	linguistic	_	none	_	End=960.59	_	_	_	_
440-0	BOI059	440	440	0	mamma	mamma	_	_	_	_	_	linguistic	_	none	_	Begin=960.929	_	_	_	_
440-1	BOI059	440	440	1	è	è	_	_	_	_	_	linguistic	_	none	_	_	_	_	_	_
440-2	BOI059	440	440	2	di	di	_	_	_	_	_	linguistic	_	none	_	_	_	_	_	_
440-3	BOI059	440	440	3	origine	origine	_	_	_	_	_	linguistic	_	none	_	_	_	_	_	_
440-4	BOI059	440	440	4	mista	mista	_	_	_	_	_	linguistic	_	none	_	_	_	_	_	_
440-5	BOI059	440	440	5	modena	modena	_	_	_	_	_	linguistic	_	none	_	_	_	_	_	_
440-6	BOI059	440	440	6	ferrarese	ferrarese	_	_	_	_	_	linguistic	_	none	_	End=964.02	_	_	_	_
441-0	BOI059	441	441	0	papà	papà	_	_	_	_	_	linguistic	_	none	_	Begin=964.631	_	_	_	_
441-1	BOI059	441	441	1	è	è	_	_	_	_	_	linguistic	_	none	_	_	_	_	_	_
441-2	BOI059	441	441	2	di	di	_	_	_	_	_	linguistic	_	none	_	_	_	_	_	_
441-3	BOI059	441	441	3	origine	origine	_	_	_	_	_	linguistic	_	none	_	_	_	_	_	_
441-4	BOI059	441	441	4	bologna	bologna	_	_	_	_	_	linguistic	_	none	_	_	_	_	_	_
441-5	BOI059	441	441	5	ferrara	ferrara	_	_	_	_	_	linguistic	_	none	_	_	_	_	_	_
441-6	BOI059	441	441	6	ma	ma	_	_	_	_	_	linguistic	_	none	_	_	_	_	_	_
441-7	BOI059	441	441	7	nel	nel	_	_	_	_	_	linguistic	_	none	_	_	_	_	_	_
441-8	BOI059	441	441	8	senso	senso	_	_	_	_	_	linguistic	_	none	_	_	_	_	_	_
441-9	BOI059	441	441	9	che	che	_	_	_	_	_	linguistic	_	none	_	_	_	_	_	_
441-10	BOI059	441	441	10	sono	sono	_	_	_	_	_	linguistic	_	none	_	_	_	_	_	_
441-11	BOI059	441	441	11	uno	uno	_	_	_	_	_	linguistic	_	none	_	_	_	_	_	_
441-12	BOI059	441	441	12	della	della	_	_	_	_	_	linguistic	_	none	_	_	_	_	_	_
441-13	BOI059	441	441	13	pie:ve	pieve	_	_	_	_	_	linguistic	_	none	_	End=969.001	2x1	_	_	_
442-0	BOI059	442	442	0	e	e	_	_	_	_	_	linguistic	_	none	_	Begin=969.195	_	_	_	_
442-1	BOI059	442	442	1	l'	l'	_	_	_	_	_	linguistic	_	none	SpaceAfter=No	_	_	_	_	_
442-2	BOI059	442	442	2	altro	altro	_	_	_	_	_	linguistic	_	none	_	_	_	_	_	_
442-3	BOI059	442	442	3	di	di	_	_	_	_	_	linguistic	_	none	_	_	_	_	_	_
442-4	BOI059	442	442	4	cento	cento	_	_	_	_	_	linguistic	_	none	_	_	_	_	_	_
442-5	BOI059	442	442	5	i	i	_	_	_	_	_	linguistic	_	none	_	_	_	_	_	_
442-6	BOI059	442	442	6	nonni	nonni	_	_	_	_	_	linguistic	_	none	_	_	_	_	_	_
442-7	BOI059	442	442	7	quind~	quind~	_	_	_	_	_	linguistic	_	none	Interrupted=Yes	_	_	_	_	_
442-8	BOI059	442	442	8	c(io)è	cioè	_	_	_	_	_	linguistic	_	none	_	_	_	_	0-3(0)	_
442-9	BOI059	442	442	9	la	la	_	_	_	_	_	linguistic	_	none	_	_	_	_	_	_
442-10	BOI059	442	442	10	nonna	nonna	_	_	_	_	_	linguistic	_	none	_	_	_	_	_	_
442-11	BOI059	442	442	11	è	è	_	_	_	_	_	linguistic	_	none	_	_	_	_	_	_
442-12	BOI059	442	442	12	è	è	_	_	_	_	_	linguistic	_	none	_	End=972.553	_	_	_	_
443-0	BOI059	443	443	0	è	è	_	_	_	_	_	linguistic	_	none	_	Begin=972.71	_	_	_	_
443-1	BOI059	443	443	1	nata	nata	_	_	_	_	_	linguistic	_	none	_	_	_	_	_	_
443-2	BOI059	443	443	2	la	la	_	_	_	_	_	linguistic	_	none	_	_	_	_	_	_
443-3	BOI059	443	443	3	nonna	nonna	_	_	_	_	_	linguistic	_	none	_	_	_	_	_	_
443-4	BOI059	443	443	4	di	di	_	_	_	_	_	linguistic	_	none	_	_	_	_	_	_
443-5	BOI059	443	443	5	castello	castello	_	_	_	_	_	linguistic	_	none	_	_	_	_	_	_
443-6	BOI059	443	443	6	d'	d'	_	_	_	_	_	linguistic	_	none	SpaceAfter=No	_	_	_	_	_
443-7	BOI059	443	443	7	argile	argile	_	_	_	_	_	linguistic	_	none	_	End=974.353	_	_	_	_
444-0	BOI059	444	444	0	il	il	_	_	_	_	_	linguistic	_	none	_	Begin=975.029	_	_	_	_
444-1	BOI059	444	444	1	nonno	nonno	_	_	_	_	_	linguistic	_	none	_	_	_	_	_	_
444-2	BOI059	444	444	2	è	è	_	_	_	_	_	linguistic	_	none	_	_	_	_	_	_
444-3	BOI059	444	444	3	di	di	_	_	_	_	_	linguistic	_	none	_	_	_	_	_	_
444-4	BOI059	444	444	4	pie:ve	pieve	_	_	_	_	_	linguistic	_	none	_	End=976.481	2x1	_	_	_
445-0	BOI059	445	445	0	quindi	quindi	_	_	_	_	_	linguistic	_	none	_	Begin=976.768	_	_	_	_
445-1	BOI059	445	445	1	è	è	_	_	_	_	_	linguistic	_	none	_	_	_	_	_	_
445-2	BOI059	445	445	2	un	un	_	_	_	_	_	linguistic	_	none	_	_	_	_	_	_
445-3	BOI059	445	445	3	misto	misto	_	_	_	_	_	linguistic	_	none	_	_	_	_	_	_
445-4	BOI059	445	445	4	tra	tra	_	_	_	_	_	linguistic	_	none	_	_	_	_	_	_
445-5	BOI059	445	445	5	il	il	_	_	_	_	_	linguistic	_	none	_	_	_	_	_	_
445-6	BOI059	445	445	6	bolognese	bolognese	_	_	_	_	_	linguistic	_	none	_	_	_	_	_	_
445-7	BOI059	445	445	7	e	e	_	_	_	_	_	linguistic	_	none	_	_	_	_	_	_
445-8	BOI059	445	445	8	il	il	_	_	_	_	_	linguistic	_	none	_	_	_	_	_	_
445-9	BOI059	445	445	9	ferrarese	ferrarese	_	_	_	_	_	linguistic	_	none	_	_	_	_	_	_
445-10	BOI059	445	445	10	quindi	quindi	_	_	_	_	_	linguistic	_	none	_	_	_	_	_	_
445-11	BOI059	445	445	11	papà	papà	_	_	_	_	_	linguistic	_	none	_	_	_	_	_	_
445-12	BOI059	445	445	12	parla	parla	_	_	_	_	_	linguistic	_	none	_	_	_	_	_	_
445-13	BOI059	445	445	13	un	un	_	_	_	_	_	linguistic	_	none	_	_	_	_	_	_
445-14	BOI059	445	445	14	misto	misto	_	_	_	_	_	linguistic	_	none	_	_	_	_	_	_
445-15	BOI059	445	445	15	bolognese	bolognese	_	_	_	_	_	linguistic	_	none	_	_	_	_	_	_
445-16	BOI059	445	445	16	e	e	_	_	_	_	_	linguistic	_	none	_	_	_	_	_	_
445-17	BOI059	445	445	17	ferrarese	ferrarese	_	_	_	_	_	linguistic	_	none	_	End=980.864	_	_	_	_
446-0	BOI059	446	446	0	mamma	mamma	_	_	_	_	_	linguistic	_	none	_	Begin=981.128	_	_	_	_
446-1	BOI059	446	446	1	parla	parla	_	_	_	_	_	linguistic	_	none	_	_	_	_	_	_
446-2	BOI059	446	446	2	un	un	_	_	_	_	_	linguistic	_	none	_	_	_	_	_	_
446-3	BOI059	446	446	3	misto	misto	_	_	_	_	_	linguistic	_	none	_	_	_	_	_	_
446-4	BOI059	446	446	4	modenese	modenese	_	_	_	_	_	linguistic	_	none	_	_	_	_	_	_
446-5	BOI059	446	446	5	e	e	_	_	_	_	_	linguistic	_	none	_	_	_	_	_	_
446-6	BOI059	446	446	6	ferrarese	ferrarese	_	_	_	_	_	linguistic	_	none	_	_	_	_	_	_
446-7	BOI059	446	446	7	io	io	_	_	_	_	_	linguistic	_	none	_	_	_	_	_	_
446-8	BOI059	446	446	8	parlo	parlo	_	_	_	_	_	linguistic	_	none	_	End=984.183	_	_	_	_
447-0	BOI059	447	447	0	una	una	_	_	_	_	_	linguistic	_	none	_	Begin=984.465	_	_	_	_
447-1	BOI059	447	447	1	derivazione	derivazione	_	_	_	_	_	linguistic	_	none	_	_	_	_	_	_
447-2	BOI059	447	447	2	di	di	_	_	_	_	_	linguistic	_	none	_	_	_	_	_	_
447-3	BOI059	447	447	3	{ride}	{ride}	_	_	_	_	_	nonverbalbehavior	_	none	_	_	_	_	_	_
447-4	BOI059	447	447	4	è	è	_	_	_	_	_	linguistic	_	none	_	_	_	_	_	_
447-5	BOI059	447	447	5	un	un	_	_	_	_	_	linguistic	_	none	_	_	_	_	_	_
447-6	BOI059	447	447	6	casino	casino	_	_	_	_	_	linguistic	_	none	_	_	_	_	_	_
447-7	BOI059	447	447	7	della	della	_	_	_	_	_	linguistic	_	none	_	_	_	_	_	_
447-8	BOI059	447	447	8	mado~	mado~	_	_	_	_	_	linguistic	_	none	Interrupted=Yes	End=986.955	_	_	_	_
448-0	BOR017	448	448	0	{ride}	{ride}	_	_	_	_	_	nonverbalbehavior	_	none	_	Begin=985.166|End=985.954	_	_	_	_
449-0	BOI059	449	449	0	è	è	_	_	_	_	_	linguistic	_	none	_	Begin=987.24	_	_	_	_
449-1	BOI059	449	449	1	un	un	_	_	_	_	_	linguistic	_	none	_	_	_	_	_	_
449-2	BOI059	449	449	2	po'	po'	_	_	_	_	_	linguistic	_	none	_	_	_	_	_	_
449-3	BOI059	449	449	3	>come	come	_	_	_	_	_	linguistic	_	none	_	_	_	Fast=0-4(0)	_	_
449-4	BOI059	449	449	4	la	la	_	_	_	_	_	linguistic	_	none	_	_	_	Fast=0-2(0)	_	_
449-5	BOI059	449	449	5	ricetta	ricetta	_	_	_	_	_	linguistic	_	none	_	_	_	Fast=0-7(0)	_	_
449-6	BOI059	449	449	6	del	del	_	_	_	_	_	linguistic	_	none	_	_	_	Fast=0-3(0)	_	_
449-7	BOI059	449	449	7	ragù	ragù	_	_	_	_	_	linguistic	_	none	_	_	_	Fast=0-4(0)	_	_
449-8	BOI059	449	449	8	ognuno	ognuno	_	_	_	_	_	linguistic	_	none	_	_	_	Fast=0-6(0)	_	_
449-9	BOI059	449	449	9	c'	c'	_	_	_	_	_	linguistic	_	none	SpaceAfter=No	_	_	Fast=0-2(0)	_	_
449-10	BOI059	449	449	10	ha	ha	_	_	_	_	_	linguistic	_	none	_	_	_	Fast=0-2(0)	_	_
449-11	BOI059	449	449	11	la	la	_	_	_	_	_	linguistic	_	none	_	_	_	Fast=0-2(0)	_	_
449-12	BOI059	449	449	12	sua<	sua	_	_	_	_	_	linguistic	_	none	_	End=989.204	_	Fast=0-3(0)	_	_
450-0	BOR017	450	450	0	okay	okay	_	_	_	_	_	linguistic	_	none	_	Begin=989.245	_	_	_	_
450-1	BOR017	450	450	1	{ride}	{ride}	_	_	_	_	_	nonverbalbehavior	_	none	_	End=990.449	_	_	_	_
451-0	BOI059	451	451	0	io	io	_	_	_	_	_	linguistic	_	none	_	Begin=990.195	_	_	_	_
451-1	BOI059	451	451	1	mi	mi	_	_	_	_	_	linguistic	_	none	_	_	_	_	_	_
451-2	BOI059	451	451	2	rendo	rendo	_	_	_	_	_	linguistic	_	none	_	_	_	_	_	_
451-3	BOI059	451	451	3	conto	conto	_	_	_	_	_	linguistic	_	none	_	_	_	_	_	_
451-4	BOI059	451	451	4	che	che	_	_	_	_	_	linguistic	_	none	_	End=991.287	_	_	_	_
452-0	BOI059	452	452	0	quando	quando	_	_	_	_	_	linguistic	_	none	_	Begin=991.56	_	_	_	_
452-1	BOI059	452	452	1	parlo	parlo	_	_	_	_	_	linguistic	_	none	_	_	_	_	_	_
452-2	BOI059	452	452	2	in	in	_	_	_	_	_	linguistic	_	none	_	_	_	_	_	_
452-3	BOI059	452	452	3	dialetto	dialetto	_	_	_	_	_	linguistic	_	none	_	_	_	_	_	_
452-4	BOI059	452	452	4	mamma	mamma	_	_	_	_	_	linguistic	_	none	_	_	_	_	_	_
452-5	BOI059	452	452	5	mi	mi	_	_	_	_	_	linguistic	_	none	_	_	_	_	_	_
452-6	BOI059	452	452	6	corregge	corregge	_	_	_	_	_	linguistic	_	none	_	_	_	_	_	_
452-7	BOI059	452	452	7	perché	perché	_	_	_	_	_	linguistic	_	none	_	_	_	_	_	_
452-8	BOI059	452	452	8	sbaglio	sbaglio	_	_	_	_	_	linguistic	_	none	_	_	_	_	_	_
452-9	BOI059	452	452	9	qualche	qualche	_	_	_	_	_	linguistic	_	none	_	_	_	_	_	_
452-10	BOI059	452	452	10	parola	parola	_	_	_	_	_	linguistic	_	none	_	_	_	_	_	_
452-11	BOI059	452	452	11	[qui	qui	_	_	_	_	_	linguistic	_	none	_	_	_	_	_	0-3(69)
452-12	BOI059	452	452	12	e	e	_	_	_	_	_	linguistic	_	none	_	_	_	_	_	0-1(69)
452-13	BOI059	452	452	13	là]	là	_	_	_	_	_	linguistic	_	none	_	End=995.718	_	_	_	0-2(69)
453-0	BOR017	453	453	0	[secondo	secondo	_	_	_	_	_	linguistic	_	none	_	Begin=995.233	_	_	_	0-7(69)
453-1	BOR017	453	453	1	le]i	lei	_	_	_	_	_	linguistic	_	none	_	_	_	_	_	0-2(69)
453-2	BOR017	453	453	2	ovviament[e]	ovviamente	_	_	_	_	_	linguistic	_	none	_	End=996.528	_	_	_	9-10(70)
454-0	BOI059	454	454	0	[s]ì	sì	_	_	_	_	_	linguistic	_	none	_	Begin=996.503	_	_	_	0-1(70)
454-1	BOI059	454	454	1	secondo	secondo	_	_	_	_	_	linguistic	_	none	_	_	_	_	_	_
454-2	BOI059	454	454	2	lei	lei	_	_	_	_	_	linguistic	_	none	_	_	_	_	_	_
454-3	BOI059	454	454	3	>però	però	_	_	_	_	_	linguistic	_	none	_	_	_	Fast=0-4(0)	_	_
454-4	BOI059	454	454	4	in	in	_	_	_	_	_	linguistic	_	none	_	_	_	Fast=0-2(0)	_	_
454-5	BOI059	454	454	5	realtà<	realtà	_	_	_	_	_	linguistic	_	none	_	End=997.972	_	Fast=0-6(0)	_	_
455-0	BOR017	455	455	0	{ride}	{ride}	_	_	_	_	_	nonverbalbehavior	_	none	_	Begin=996.619|End=997.316	_	_	_	_
456-0	BOI059	456	456	0	è	è	_	_	_	_	_	linguistic	_	none	_	Begin=998.07	_	_	_	_
456-1	BOI059	456	456	1	abba~	abba~	_	_	_	_	_	linguistic	_	none	Interrupted=Yes	_	_	_	_	_
456-2	BOI059	456	456	2	ha	ha	_	_	_	_	_	linguistic	_	none	_	_	_	_	_	_
456-3	BOI059	456	456	3	abbastanza	abbastanza	_	_	_	_	_	linguistic	_	none	_	_	_	_	_	_
456-4	BOI059	456	456	4	ragione	ragione	_	_	_	_	_	linguistic	_	none	_	End=999.685	_	_	_	_
457-0	BOI059	457	457	0	la	la	_	_	_	_	_	linguistic	_	none	_	Begin=1000.249	_	_	_	_
457-1	BOI059	457	457	1	nonna	nonna	_	_	_	_	_	linguistic	_	none	_	_	_	_	_	_
457-2	BOI059	457	457	2	di	di	_	_	_	_	_	linguistic	_	none	_	_	_	_	_	_
457-3	BOI059	457	457	3	mio	mio	_	_	_	_	_	linguistic	_	none	_	_	_	_	_	_
457-4	BOI059	457	457	4	marito	marito	_	_	_	_	_	linguistic	_	none	_	_	_	_	_	_
457-5	BOI059	457	457	5	mi	mi	_	_	_	_	_	linguistic	_	none	_	_	_	_	_	_
457-6	BOI059	457	457	6	corregge	corregge	_	_	_	_	_	linguistic	_	none	_	_	_	_	_	_
457-7	BOI059	457	457	7	ancora	ancora	_	_	_	_	_	linguistic	_	none	_	_	_	_	_	_
457-8	BOI059	457	457	8	in	in	_	_	_	_	_	linguistic	_	none	_	_	_	_	_	_
457-9	BOI059	457	457	9	maniera	maniera	_	_	_	_	_	linguistic	_	none	_	_	_	_	_	_
457-10	BOI059	457	457	10	diversa	diversa	_	_	_	_	_	linguistic	_	none	_	_	_	_	_	_
457-11	BOI059	457	457	11	perché	perché	_	_	_	_	_	linguistic	_	none	_	_	_	_	_	_
457-12	BOI059	457	457	12	lei	lei	_	_	_	_	_	linguistic	_	none	_	_	_	_	_	_
457-13	BOI059	457	457	13	ha	ha	_	_	_	_	_	linguistic	_	none	_	_	_	_	_	_
457-14	BOI059	457	457	14	il	il	_	_	_	_	_	linguistic	_	none	_	_	_	_	_	_
457-15	BOI059	457	457	15	dialetto	dialetto	_	_	_	_	_	linguistic	_	none	_	_	_	_	_	_
457-16	BOI059	457	457	16	della	della	_	_	_	_	_	linguistic	_	none	_	_	_	_	_	_
457-17	BOI059	457	457	17	montagna	montagna	_	_	_	_	_	linguistic	_	none	_	End=1005.316	_	_	_	_
458-0	BOI059	458	458	0	quindi	quindi	_	_	_	_	_	linguistic	_	none	_	Begin=1005.779|End=1006.177	_	_	_	_
459-0	BOI059	459	459	0	lo	lo	_	_	_	_	_	linguistic	_	none	_	Begin=1006.347	_	_	_	_
459-1	BOI059	459	459	1	capisco	capisco	_	_	_	_	_	linguistic	_	none	_	_	_	_	_	_
459-2	BOI059	459	459	2	molto	molto	_	_	_	_	_	linguistic	_	none	_	_	_	_	_	_
459-3	BOI059	459	459	3	bene	bene	_	_	_	_	_	linguistic	_	none	_	End=1007.742	_	_	_	_
460-0	BOI059	460	460	0	lo	lo	_	_	_	_	_	linguistic	_	none	_	Begin=1008.04	_	_	_	_
460-1	BOI059	460	460	1	parlo	parlo	_	_	_	_	_	linguistic	_	none	_	_	_	_	_	_
460-2	BOI059	460	460	2	con	con	_	_	_	_	_	linguistic	_	none	_	_	_	_	_	_
460-3	BOI059	460	460	3	difficoltà	difficoltà	_	_	_	_	_	linguistic	_	none	_	End=1009.586	_	_	_	_
461-0	BOI059	461	461	0	lo	lo	_	_	_	_	_	linguistic	_	none	_	Begin=1010.04	_	_	_	_
461-1	BOI059	461	461	1	parlo	parlo	_	_	_	_	_	linguistic	_	none	_	_	_	_	_	_
461-2	BOI059	461	461	2	<solo>	solo	_	_	_	_	_	linguistic	_	none	_	_	_	Slow=0-4(0)	_	_
461-3	BOI059	461	461	3	in	in	_	_	_	_	_	linguistic	_	none	_	_	_	_	_	_
461-4	BOI059	461	461	4	famiglia	famiglia	_	_	_	_	_	linguistic	_	none	_	End=1012.889	_	_	_	_
462-0	BOR017	462	462	0	quindi	quindi	_	_	_	_	_	linguistic	_	none	_	Begin=1013.147	_	_	_	_
462-1	BOR017	462	462	1	abitualmente	abitualmente	_	_	_	_	_	linguistic	_	none	_	End=1014.339	_	_	_	_
463-0	BOR017	463	463	0	usi	usi	_	_	_	_	_	linguistic	_	none	_	Begin=1014.487	_	_	_	_
463-1	BOR017	463	463	1	l'	l'	_	_	_	_	_	linguistic	_	none	SpaceAfter=No	_	_	_	_	_
463-2	BOR017	463	463	2	ital[iano]	italiano	_	_	_	_	_	linguistic	_	none	_	End=1015.432	_	_	_	3-8(71)
464-0	BOI059	464	464	0	([io	io	_	_	_	_	_	linguistic	_	none	_	Begin=1015.152	_	_	0-2(0)	0-2(71)
464-1	BOI059	464	464	1	ab]itualmente)	abitualmente	_	_	_	_	_	linguistic	_	none	_	_	_	_	0-12(0)	0-2(71)
464-2	BOI059	464	464	2	uso	uso	_	_	_	_	_	linguistic	_	none	_	_	_	_	_	_
464-3	BOI059	464	464	3	l'	l'	_	_	_	_	_	linguistic	_	none	SpaceAfter=No	_	_	_	_	_
464-4	BOI059	464	464	4	italiano	italiano	_	_	_	_	_	linguistic	_	none	_	End=1016.598	_	_	_	_
465-0	BOI059	465	465	0	mi	mi	_	_	_	_	_	linguistic	_	none	_	Begin=1016.938	_	_	_	_
465-1	BOI059	465	465	1	sono	sono	_	_	_	_	_	linguistic	_	none	_	_	_	_	_	_
465-2	BOI059	465	465	2	resa	resa	_	_	_	_	_	linguistic	_	none	_	_	_	_	_	_
465-3	BOI059	465	465	3	conto	conto	_	_	_	_	_	linguistic	_	none	_	_	_	_	_	_
465-4	BOI059	465	465	4	appunto	appunto	_	_	_	_	_	linguistic	_	none	_	_	_	_	_	_
465-5	BOI059	465	465	5	con	con	_	_	_	_	_	linguistic	_	none	_	_	_	_	_	_
465-6	BOI059	465	465	6	quelle	quelle	_	_	_	_	_	linguistic	_	none	_	_	_	_	_	_
465-7	BOI059	465	465	7	tre	tre	_	_	_	_	_	linguistic	_	none	_	_	_	_	_	_
465-8	BOI059	465	465	8	quattro	quattro	_	_	_	_	_	linguistic	_	none	_	_	_	_	_	_
465-9	BOI059	465	465	9	parole	parole	_	_	_	_	_	linguistic	_	none	_	_	_	_	_	_
465-10	BOI059	465	465	10	che	che	_	_	_	_	_	linguistic	_	none	_	_	_	_	_	_
465-11	BOI059	465	465	11	per	per	_	_	_	_	_	linguistic	_	none	_	_	_	_	_	_
465-12	BOI059	465	465	12	me	me	_	_	_	_	_	linguistic	_	none	_	End=1020.011	_	_	_	_
466-0	BOI059	466	466	0	non	non	_	_	_	_	_	linguistic	_	none	_	Begin=1020.479	_	_	_	_
466-1	BOI059	466	466	1	sono	sono	_	_	_	_	_	linguistic	_	none	_	_	_	_	_	_
466-2	BOI059	466	466	2	neanche	neanche	_	_	_	_	_	linguistic	_	none	_	_	_	_	_	_
466-3	BOI059	466	466	3	dialetto	dialetto	_	_	_	_	_	linguistic	_	none	_	_	_	_	_	_
466-4	BOI059	466	466	4	che	che	_	_	_	_	_	linguistic	_	none	_	_	_	_	_	_
466-5	BOI059	466	466	5	me	me	_	_	_	_	_	linguistic	_	none	_	_	_	_	_	_
466-6	BOI059	466	466	6	lo	lo	_	_	_	_	_	linguistic	_	none	_	_	_	_	_	_
466-7	BOI059	466	466	7	deve	deve	_	_	_	_	_	linguistic	_	none	_	_	_	_	_	_
466-8	BOI059	466	466	8	dire	dire	_	_	_	_	_	linguistic	_	none	_	_	_	_	_	_
466-9	BOI059	466	466	9	qulcun	qulcun	_	_	_	_	_	linguistic	_	none	_	_	_	_	_	_
466-10	BOI059	466	466	10	altro	altro	_	_	_	_	_	linguistic	_	none	_	_	_	_	_	_
466-11	BOI059	466	466	11	che	che	_	_	_	_	_	linguistic	_	none	_	_	_	_	_	_
466-12	BOI059	466	466	12	è	è	_	_	_	_	_	linguistic	_	none	_	_	_	_	_	_
466-13	BOI059	466	466	13	dialetto	dialetto	_	_	_	_	_	linguistic	_	none	_	_	_	_	_	_
466-14	BOI059	466	466	14	perché	perché	_	_	_	_	_	linguistic	_	none	_	_	_	_	_	_
466-15	BOI059	466	466	15	per	per	_	_	_	_	_	linguistic	_	none	_	_	_	_	_	_
466-16	BOI059	466	466	16	me	me	_	_	_	_	_	linguistic	_	none	_	End=1024.266	_	_	_	_
467-0	BOI059	467	467	0	sono	sono	_	_	_	_	_	linguistic	_	none	_	Begin=1024.635	_	_	_	_
467-1	BOI059	467	467	1	parole	parole	_	_	_	_	_	linguistic	_	none	_	_	_	_	_	_
467-2	BOI059	467	467	2	di	di	_	_	_	_	_	linguistic	_	none	_	_	_	_	_	_
467-3	BOI059	467	467	3	uso	uso	_	_	_	_	_	linguistic	_	none	_	_	_	_	_	_
467-4	BOI059	467	467	4	comune	comune	_	_	_	_	_	linguistic	_	none	_	_	_	_	_	_
467-5	BOI059	467	467	5	quindi	quindi	_	_	_	_	_	linguistic	_	none	_	_	_	_	_	_
467-6	BOI059	467	467	6	più	più	_	_	_	_	_	linguistic	_	none	_	_	_	_	_	_
467-7	BOI059	467	467	7	che	che	_	_	_	_	_	linguistic	_	none	_	_	_	_	_	_
467-8	BOI059	467	467	8	un	un	_	_	_	_	_	linguistic	_	none	_	_	_	_	_	_
467-9	BOI059	467	467	9	dialetto	dialetto	_	_	_	_	_	linguistic	_	none	_	_	_	_	_	_
467-10	BOI059	467	467	10	inserisco	inserisco	_	_	_	_	_	linguistic	_	none	_	_	_	_	_	_
467-11	BOI059	467	467	11	delle	delle	_	_	_	_	_	linguistic	_	none	_	_	_	_	_	_
467-12	BOI059	467	467	12	parole	parole	_	_	_	_	_	linguistic	_	none	_	_	_	_	_	_
467-13	BOI059	467	467	13	standard	standard	_	_	_	_	_	linguistic	_	none	_	End=1028.852	_	_	_	_
468-0	BOI059	468	468	0	non	non	_	_	_	_	_	linguistic	_	none	_	Begin=1029.54	_	_	_	_
468-1	BOI059	468	468	1	ne	ne	_	_	_	_	_	linguistic	_	none	_	_	_	_	_	_
468-2	BOI059	468	468	2	conosco	conosco	_	_	_	_	_	linguistic	_	none	_	_	_	_	_	_
468-3	BOI059	468	468	3	altri	altri	_	_	_	_	_	linguistic	_	none	_	End=1031.069	_	_	_	_
469-0	BOI059	469	469	0	perché	perché	_	_	_	_	_	linguistic	_	none	_	Begin=1031.443	_	_	_	_
469-1	BOI059	469	469	1	alla	alla	_	_	_	_	_	linguistic	_	none	_	_	_	_	_	_
469-2	BOI059	469	469	2	fine	fine	_	_	_	_	_	linguistic	_	none	_	End=1032.576	_	_	_	_
470-0	BOI059	470	470	0	non	non	_	_	_	_	_	linguistic	_	none	_	Begin=1033.002	_	_	_	_
470-1	BOI059	470	470	1	ho	ho	_	_	_	_	_	linguistic	_	none	_	_	_	_	_	_
470-2	BOI059	470	470	2	mai	mai	_	_	_	_	_	linguistic	_	none	_	_	_	_	_	_
470-3	BOI059	470	470	3	avuto	avuto	_	_	_	_	_	linguistic	_	none	_	End=1034.318	_	_	_	_
471-0	BOI059	471	471	0	occasione	occasione	_	_	_	_	_	linguistic	_	none	_	Begin=1034.752	_	_	_	_
471-1	BOI059	471	471	1	di	di	_	_	_	_	_	linguistic	_	none	_	_	_	_	_	_
471-2	BOI059	471	471	2	amicizie	amicizie	_	_	_	_	_	linguistic	_	none	_	_	_	_	_	_
471-3	BOI059	471	471	3	abbastanza	abbastanza	_	_	_	_	_	linguistic	_	none	_	_	_	_	_	_
471-4	BOI059	471	471	4	lontane	lontane	_	_	_	_	_	linguistic	_	none	_	_	_	_	_	_
471-5	BOI059	471	471	5	da	da	_	_	_	_	_	linguistic	_	none	_	_	_	_	_	_
471-6	BOI059	471	471	6	impararle	impararle	_	_	_	_	_	linguistic	_	none	_	_	_	_	_	_
471-7	BOI059	471	471	7	perché	perché	_	_	_	_	_	linguistic	_	none	_	_	_	_	_	_
471-8	BOI059	471	471	8	un	un	_	_	_	_	_	linguistic	_	none	_	_	_	_	_	_
471-9	BOI059	471	471	9	dialetto	dialetto	_	_	_	_	_	linguistic	_	none	_	_	_	_	_	_
471-10	BOI059	471	471	10	non	non	_	_	_	_	_	linguistic	_	none	_	_	_	_	_	_
471-11	BOI059	471	471	11	so	so	_	_	_	_	_	linguistic	_	none	_	_	_	_	_	_
471-12	BOI059	471	471	12	ehm:	ehm	_	_	_	_	_	linguistic	_	none	_	End=1039.857	2x1	_	_	_
472-0	BOI059	472	472	0	°(mhmh)°	mhmh	_	_	_	_	_	linguistic	_	none	Volume=low	Begin=1040.451	_	_	0-4(0)	_
472-1	BOI059	472	472	1	per	per	_	_	_	_	_	linguistic	_	none	_	_	_	_	_	_
472-2	BOI059	472	472	2	dire	dire	_	_	_	_	_	linguistic	_	none	_	_	_	_	_	_
472-3	BOI059	472	472	3	romagno:lo	romagnolo	_	_	_	_	_	linguistic	_	none	_	End=1042.539	6x1	_	_	_
473-0	BOI059	473	473	0	eh	eh	_	_	_	_	_	linguistic	_	none	_	Begin=1043.329	_	_	_	_
473-1	BOI059	473	473	1	che	che	_	_	_	_	_	linguistic	_	none	_	_	_	_	_	_
473-2	BOI059	473	473	2	arriva	arriva	_	_	_	_	_	linguistic	_	none	_	_	_	_	_	_
473-3	BOI059	473	473	3	da	da	_	_	_	_	_	linguistic	_	none	_	_	_	_	_	_
473-4	BOI059	473	473	4	una	una	_	_	_	_	_	linguistic	_	none	PauseAfter=Yes	_	_	_	_	_
473-5	BOI059	473	473	5	{P}	{P}	_	_	_	_	_	shortpause	_	none	_	_	_	_	_	_
473-6	BOI059	473	473	6	figlia	figlia	_	_	_	_	_	linguistic	_	none	_	_	_	_	_	_
473-7	BOI059	473	473	7	di	di	_	_	_	_	_	linguistic	_	none	_	_	_	_	_	_
473-8	BOI059	473	473	8	un	un	_	_	_	_	_	linguistic	_	none	_	_	_	_	_	_
473-9	BOI059	473	473	9	romagnolo	romagnolo	_	_	_	_	_	linguistic	_	none	_	_	_	_	_	_
473-10	BOI059	473	473	10	e	e	_	_	_	_	_	linguistic	_	none	_	_	_	_	_	_
473-11	BOI059	473	473	11	di	di	_	_	_	_	_	linguistic	_	none	_	_	_	_	_	_
473-12	BOI059	473	473	12	una	una	_	_	_	_	_	linguistic	_	none	_	_	_	_	_	_
473-13	BOI059	473	473	13	palermitana	palermitana	_	_	_	_	_	linguistic	_	none	_	_	_	_	_	_
473-14	BOI059	473	473	14	è	è	_	_	_	_	_	linguistic	_	none	_	_	_	_	_	_
473-15	BOI059	473	473	15	difficile	difficile	_	_	_	_	_	linguistic	_	none	_	_	_	_	_	_
473-16	BOI059	473	473	16	da	da	_	_	_	_	_	linguistic	_	none	_	_	_	_	_	_
473-17	BOI059	473	473	17	[imparare]	imparare	_	_	_	_	_	linguistic	_	none	_	End=1048.569	_	_	_	0-8(72)
474-0	BOR017	474	474	0	[°(diverso	diverso	_	_	_	_	_	linguistic	_	none	Volume=low	Begin=1047.838	_	_	0-7(0)	0-7(72)
474-1	BOR017	474	474	1	ce~)°]	ce~	_	_	_	_	_	linguistic	_	none	Interrupted=Yes|Volume=low	End=1048.569	_	_	0-3(0)	0-3(72)
475-0	BOI059	475	475	0	quindi	quindi	_	_	_	_	_	linguistic	_	none	_	Begin=1048.757	_	_	_	_
475-1	BOI059	475	475	1	io	io	_	_	_	_	_	linguistic	_	none	_	_	_	_	_	_
475-2	BOI059	475	475	2	in	in	_	_	_	_	_	linguistic	_	none	_	_	_	_	_	_
475-3	BOI059	475	475	3	realtà	realtà	_	_	_	_	_	linguistic	_	none	_	_	_	_	_	_
475-4	BOI059	475	475	4	di	di	_	_	_	_	_	linguistic	_	none	_	_	_	_	_	_
475-5	BOI059	475	475	5	dialetto	dialetto	_	_	_	_	_	linguistic	_	none	_	_	_	_	_	_
475-6	BOI059	475	475	6	conosco	conosco	_	_	_	_	_	linguistic	_	none	_	_	_	_	_	_
475-7	BOI059	475	475	7	solo	solo	_	_	_	_	_	linguistic	_	none	_	_	_	_	_	_
475-8	BOI059	475	475	8	il	il	_	_	_	_	_	linguistic	_	none	_	_	_	_	_	_
475-9	BOI059	475	475	9	mio	mio	_	_	_	_	_	linguistic	_	none	_	End=1050.917	_	_	_	_
476-0	BOR017	476	476	0	okay	okay	_	_	_	_	_	linguistic	_	none	_	Begin=1051.458|End=1052.049	_	_	_	_
477-0	BOR017	477	477	0	e	e	_	_	_	_	_	linguistic	_	none	_	Begin=1052.163|End=1052.366	_	_	_	_
478-0	BOR017	478	478	0	ti	ti	_	_	_	_	_	linguistic	_	none	_	Begin=1052.867	_	_	_	_
478-1	BOR017	478	478	1	dispiace	dispiace	_	_	_	_	_	linguistic	_	none	_	_	_	_	_	_
478-2	BOR017	478	478	2	il	il	_	_	_	_	_	linguistic	_	none	_	_	_	_	_	_
478-3	BOR017	478	478	3	fatto	fatto	_	_	_	_	_	linguistic	_	none	_	_	_	_	_	_
478-4	BOR017	478	478	4	che	che	_	_	_	_	_	linguistic	_	none	_	_	_	_	_	_
478-5	BOR017	478	478	5	magari	magari	_	_	_	_	_	linguistic	_	none	_	_	_	_	_	_
478-6	BOR017	478	478	6	le	le	_	_	_	_	_	linguistic	_	none	_	_	_	_	_	_
478-7	BOR017	478	478	7	nuove	nuove	_	_	_	_	_	linguistic	_	none	_	_	_	_	_	_
478-8	BOR017	478	478	8	generazioni	generazioni	_	_	_	_	_	linguistic	_	none	_	_	_	_	_	_
478-9	BOR017	478	478	9	lo	lo	_	_	_	_	_	linguistic	_	none	_	_	_	_	_	_
478-10	BOR017	478	478	10	usino	usino	_	_	_	_	_	linguistic	_	none	_	_	_	_	_	_
478-11	BOR017	478	478	11	sempre	sempre	_	_	_	_	_	linguistic	_	none	_	_	_	_	_	_
478-12	BOR017	478	478	12	m[eno]?	meno	_	_	_	_	_	linguistic	_	none	Intonation=Rising	End=1057.229	_	_	_	1-4(73)
479-0	BOI059	479	479	0	[sì]	sì	_	_	_	_	_	linguistic	_	none	_	Begin=1056.981|End=1057.228	_	_	_	0-2(73)
480-0	BOI059	480	480	0	io	io	_	_	_	_	_	linguistic	_	none	_	Begin=1057.428	_	_	_	_
480-1	BOI059	480	480	1	per	per	_	_	_	_	_	linguistic	_	none	_	_	_	_	_	_
480-2	BOI059	480	480	2	prima	prima	_	_	_	_	_	linguistic	_	none	_	_	_	_	_	_
480-3	BOI059	480	480	3	a	a	_	_	_	_	_	linguistic	_	none	_	_	_	_	_	_
480-4	BOI059	480	480	4	me	me	_	_	_	_	_	linguistic	_	none	_	_	_	_	_	_
480-5	BOI059	480	480	5	dispiace	dispiace	_	_	_	_	_	linguistic	_	none	_	_	_	_	_	_
480-6	BOI059	480	480	6	che	che	_	_	_	_	_	linguistic	_	none	_	_	_	_	_	_
480-7	BOI059	480	480	7	il	il	_	_	_	_	_	linguistic	_	none	_	_	_	_	_	_
480-8	BOI059	480	480	8	dialetto	dialetto	_	_	_	_	_	linguistic	_	none	_	_	_	_	_	_
480-9	BOI059	480	480	9	non	non	_	_	_	_	_	linguistic	_	none	_	_	_	_	_	_
480-10	BOI059	480	480	10	si	si	_	_	_	_	_	linguistic	_	none	_	_	_	_	_	_
480-11	BOI059	480	480	11	parli	parli	_	_	_	_	_	linguistic	_	none	_	_	_	_	_	_
480-12	BOI059	480	480	12	non	non	_	_	_	_	_	linguistic	_	none	_	_	_	_	_	_
480-13	BOI059	480	480	13	si	si	_	_	_	_	_	linguistic	_	none	_	End=1060.504	_	_	_	_
481-0	BOI059	481	481	0	coltivi	coltivi	_	_	_	_	_	linguistic	_	none	_	Begin=1060.741|End=1061.581	_	_	_	_
482-0	BOI059	482	482	0	mi	mi	_	_	_	_	_	linguistic	_	none	_	Begin=1062.116	_	_	_	_
482-1	BOI059	482	482	1	rendo	rendo	_	_	_	_	_	linguistic	_	none	_	_	_	_	_	_
482-2	BOI059	482	482	2	conto	conto	_	_	_	_	_	linguistic	_	none	_	_	_	_	_	_
482-3	BOI059	482	482	3	che	che	_	_	_	_	_	linguistic	_	none	_	_	_	_	_	_
482-4	BOI059	482	482	4	i	i	_	_	_	_	_	linguistic	_	none	_	_	_	_	_	_
482-5	BOI059	482	482	5	vari	vari	_	_	_	_	_	linguistic	_	none	_	_	_	_	_	_
482-6	BOI059	482	482	6	spettacoli	spettacoli	_	_	_	_	_	linguistic	_	none	_	_	_	_	_	_
482-7	BOI059	482	482	7	in	in	_	_	_	_	_	linguistic	_	none	_	_	_	_	_	_
482-8	BOI059	482	482	8	dialetto	dialetto	_	_	_	_	_	linguistic	_	none	_	End=1064.9	_	_	_	_
483-0	BOI059	483	483	0	piuttosto	piuttosto	_	_	_	_	_	linguistic	_	none	_	Begin=1065.132	_	_	_	_
483-1	BOI059	483	483	1	che	che	_	_	_	_	_	linguistic	_	none	_	_	_	_	_	_
483-2	BOI059	483	483	2	i	i	_	_	_	_	_	linguistic	_	none	_	_	_	_	_	_
483-3	BOI059	483	483	3	vari	vari	_	_	_	_	_	linguistic	_	none	_	_	_	_	_	_
483-4	BOI059	483	483	4	corsi	corsi	_	_	_	_	_	linguistic	_	none	_	_	_	_	_	_
483-5	BOI059	483	483	5	di	di	_	_	_	_	_	linguistic	_	none	_	_	_	_	_	_
483-6	BOI059	483	483	6	dialetto	dialetto	_	_	_	_	_	linguistic	_	none	_	_	_	_	_	_
483-7	BOI059	483	483	7	che	che	_	_	_	_	_	linguistic	_	none	_	_	_	_	_	_
483-8	BOI059	483	483	8	fanno	fanno	_	_	_	_	_	linguistic	_	none	_	_	_	_	_	_
483-9	BOI059	483	483	9	anche	anche	_	_	_	_	_	linguistic	_	none	_	_	_	_	_	_
483-10	BOI059	483	483	10	qui	qui	_	_	_	_	_	linguistic	_	none	_	_	_	_	_	_
483-11	BOI059	483	483	11	al	al	_	_	_	_	_	linguistic	_	none	_	_	_	_	_	_
483-12	BOI059	483	483	12	teatro	teatro	_	_	_	_	_	linguistic	_	none	_	_	_	_	_	_
483-13	BOI059	483	483	13	dehon	dehon	_	_	_	_	_	linguistic	_	none	_	End=1068.299	_	_	_	_
484-0	BOI059	484	484	0	non	non	_	_	_	_	_	linguistic	_	none	_	Begin=1068.802	_	_	_	_
484-1	BOI059	484	484	1	hanno	hanno	_	_	_	_	_	linguistic	_	none	_	_	_	_	_	_
484-2	BOI059	484	484	2	appeal	appeal	_	_	_	_	_	linguistic	_	none	_	End=1070.058	_	_	_	_
485-0	BOI059	485	485	0	perché	perché	_	_	_	_	_	linguistic	_	none	_	Begin=1070.789	_	_	_	_
485-1	BOI059	485	485	1	gli	gli	_	_	_	_	_	linguistic	_	none	_	_	_	_	_	_
485-2	BOI059	485	485	2	spettacoli	spettacoli	_	_	_	_	_	linguistic	_	none	_	_	_	_	_	_
485-3	BOI059	485	485	3	sono	sono	_	_	_	_	_	linguistic	_	none	_	End=1072.287	_	_	_	_
486-0	BOI059	486	486	0	m::h	mh	_	_	_	_	_	linguistic	_	none	_	Begin=1072.678	0x2	_	_	_
486-1	BOI059	486	486	1	mo:lto	molto	_	_	_	_	_	linguistic	_	none	_	_	1x1	_	_	_
486-2	BOI059	486	486	2	amatoriali	amatoriali	_	_	_	_	_	linguistic	_	none	_	End=1075.36	_	_	_	_
487-0	BOI059	487	487	0	e	e	_	_	_	_	_	linguistic	_	none	_	Begin=1075.913|End=1076.192	_	_	_	_
488-0	BOI059	488	488	0	tendenzialmente	tendenzialmente	_	_	_	_	_	linguistic	_	none	_	Begin=1076.346	_	_	_	_
488-1	BOI059	488	488	1	fa:tti	fatti	_	_	_	_	_	linguistic	_	none	_	_	1x1	_	_	_
488-2	BOI059	488	488	2	da:	da	_	_	_	_	_	linguistic	_	none	_	_	1x1	_	_	_
488-3	BOI059	488	488	3	anziani	anziani	_	_	_	_	_	linguistic	_	none	_	_	_	_	_	_
488-4	BOI059	488	488	4	>quindi	quindi	_	_	_	_	_	linguistic	_	none	_	_	_	Fast=0-6(0)	_	_
488-5	BOI059	488	488	5	continuano	continuano	_	_	_	_	_	linguistic	_	none	_	_	_	Fast=0-10(0)	_	_
488-6	BOI059	488	488	6	a	a	_	_	_	_	_	linguistic	_	none	_	_	_	Fast=0-1(0)	_	_
488-7	BOI059	488	488	7	non	non	_	_	_	_	_	linguistic	_	none	_	_	_	Fast=0-3(0)	_	_
488-8	BOI059	488	488	8	essere<	essere	_	_	_	_	_	linguistic	_	none	_	_	_	Fast=0-6(0)	_	_
488-9	BOI059	488	488	9	sufficientemente	sufficientemente	_	_	_	_	_	linguistic	_	none	_	_	_	_	_	_
488-10	BOI059	488	488	10	belli	belli	_	_	_	_	_	linguistic	_	none	_	End=1081.089	_	_	_	_
489-0	BOI059	489	489	0	e	e	_	_	_	_	_	linguistic	_	none	_	Begin=1083.111	_	_	_	_
489-1	BOI059	489	489	1	i	i	_	_	_	_	_	linguistic	_	none	_	_	_	_	_	_
489-2	BOI059	489	489	2	corsi	corsi	_	_	_	_	_	linguistic	_	none	_	_	_	_	_	_
489-3	BOI059	489	489	3	uno	uno	_	_	_	_	_	linguistic	_	none	_	_	_	_	_	_
489-4	BOI059	489	489	4	non	non	_	_	_	_	_	linguistic	_	none	_	_	_	_	_	_
489-5	BOI059	489	489	5	c'	c'	_	_	_	_	_	linguistic	_	none	SpaceAfter=No	_	_	_	_	_
489-6	BOI059	489	489	6	ha	ha	_	_	_	_	_	linguistic	_	none	_	_	_	_	_	_
489-7	BOI059	489	489	7	voglia	voglia	_	_	_	_	_	linguistic	_	none	_	_	_	_	_	_
489-8	BOI059	489	489	8	di	di	_	_	_	_	_	linguistic	_	none	_	_	_	_	_	_
489-9	BOI059	489	489	9	andare	andare	_	_	_	_	_	linguistic	_	none	_	_	_	_	_	_
489-10	BOI059	489	489	10	a	a	_	_	_	_	_	linguistic	_	none	_	_	_	_	_	_
489-11	BOI059	489	489	11	fare	fare	_	_	_	_	_	linguistic	_	none	_	_	_	_	_	_
489-12	BOI059	489	489	12	il	il	_	_	_	_	_	linguistic	_	none	_	_	_	_	_	_
489-13	BOI059	489	489	13	corso	corso	_	_	_	_	_	linguistic	_	none	_	_	_	_	_	_
489-14	BOI059	489	489	14	letteralmen[te]	letteralmente	_	_	_	_	_	linguistic	_	none	_	End=1086.806	_	_	_	10-13(74)
490-0	BOR017	490	490	0	[diciamo]celo	diciamocelo	_	_	_	_	_	linguistic	_	none	_	Begin=1086.297|End=1087.084	_	_	_	0-7(74)
491-0	BOI059	491	491	0	no	no	_	_	_	_	_	linguistic	_	none	_	Begin=1087.367|End=1087.656	_	_	_	_
492-0	BOR017	492	492	0	anche	anche	_	_	_	_	_	linguistic	_	none	_	Begin=1087.707	_	_	_	_
492-1	BOR017	492	492	1	[perché]	perché	_	_	_	_	_	linguistic	_	none	_	_	_	_	_	0-6(75)
492-2	BOR017	492	492	2	se	se	_	_	_	_	_	linguistic	_	none	_	_	_	_	_	_
492-3	BOR017	492	492	3	non	non	_	_	_	_	_	linguistic	_	none	_	_	_	_	_	_
492-4	BOR017	492	492	4	sei	sei	_	_	_	_	_	linguistic	_	none	_	_	_	_	_	_
492-5	BOR017	492	492	5	del	del	_	_	_	_	_	linguistic	_	none	_	_	_	_	_	_
492-6	BOR017	492	492	6	posto	posto	_	_	_	_	_	linguistic	_	none	_	End=1089.724	_	_	_	_
493-0	BOI059	493	493	0	[c(io)è]	cioè	_	_	_	_	_	linguistic	_	none	_	Begin=1087.887|End=1088.196	_	_	1-3(0)	0-4(75)
494-0	BOR017	494	494	0	è	è	_	_	_	_	_	linguistic	_	none	_	Begin=1089.855	_	_	_	_
494-1	BOR017	494	494	1	davvero	davvero	_	_	_	_	_	linguistic	_	none	_	_	_	_	_	_
494-2	BOR017	494	494	2	pesant[e]	pesante	_	_	_	_	_	linguistic	_	none	_	End=1090.901	_	_	_	6-7(76)
495-0	BOI059	495	495	0	[es]at~	esat~	_	_	_	_	_	linguistic	_	none	Interrupted=Yes	Begin=1090.747	_	_	_	0-2(76)
495-1	BOI059	495	495	1	[ma	ma	_	_	_	_	_	linguistic	_	none	_	_	_	_	_	0-2(77)
495-2	BOI059	495	495	2	io	io	_	_	_	_	_	linguistic	_	none	_	_	_	_	_	0-2(77)
495-3	BOI059	495	495	3	stessa]	stessa	_	_	_	_	_	linguistic	_	none	_	End=1092.303	_	_	_	0-6(77)
496-0	BOR017	496	496	0	cioè	cioè	_	_	_	_	_	linguistic	_	none	_	Begin=1090.991	_	_	_	_
496-1	BOR017	496	496	1	nel	nel	_	_	_	_	_	linguistic	_	none	_	_	_	_	_	_
496-2	BOR017	496	496	2	s[enso	senso	_	_	_	_	_	linguistic	_	none	_	_	_	_	_	1-5(77)
496-3	BOR017	496	496	3	per	per	_	_	_	_	_	linguistic	_	none	_	_	_	_	_	0-3(77)
496-4	BOR017	496	496	4	me	me	_	_	_	_	_	linguistic	_	none	_	_	_	_	_	0-2(77)
496-5	BOR017	496	496	5	ad	ad	_	_	_	_	_	linguistic	_	none	_	_	_	_	_	0-2(77)
496-6	BOR017	496	496	6	ese]mpio	esempio	_	_	_	_	_	linguistic	_	none	_	_	_	_	_	0-3(77)
496-7	BOR017	496	496	7	sarebbe	sarebbe	_	_	_	_	_	linguistic	_	none	_	_	_	_	_	_
496-8	BOR017	496	496	8	impossibile	impossibile	_	_	_	_	_	linguistic	_	none	_	_	_	_	_	_
496-9	BOR017	496	496	9	fare	fare	_	_	_	_	_	linguistic	_	none	_	_	_	_	_	_
496-10	BOR017	496	496	10	un	un	_	_	_	_	_	linguistic	_	none	_	_	_	_	_	_
496-11	BOR017	496	496	11	corso	corso	_	_	_	_	_	linguistic	_	none	_	_	_	_	_	_
496-12	BOR017	496	496	12	di	di	_	_	_	_	_	linguistic	_	none	_	_	_	_	_	_
496-13	BOR017	496	496	13	[dialetto	dialetto	_	_	_	_	_	linguistic	_	none	_	_	_	_	_	0-8(78)
496-14	BOR017	496	496	14	romagnolo]	romagnolo	_	_	_	_	_	linguistic	_	none	_	End=1095.856	_	_	_	0-9(78)
497-0	BOI059	497	497	0	[ma	ma	_	_	_	_	_	linguistic	_	none	_	Begin=1094.512	_	_	_	0-2(78)
497-1	BOI059	497	497	1	poi	poi	_	_	_	_	_	linguistic	_	none	_	_	_	_	_	0-3(78)
497-2	BOI059	497	497	2	qui	qui	_	_	_	_	_	linguistic	_	none	_	_	_	_	_	0-3(78)
497-3	BOI059	497	497	3	subentra	subentra	_	_	_	_	_	linguistic	_	none	_	_	_	_	_	0-8(78)
497-4	BOI059	497	497	4	anche]	anche	_	_	_	_	_	linguistic	_	none	_	_	_	_	_	0-5(78)
497-5	BOI059	497	497	5	un	un	_	_	_	_	_	linguistic	_	none	_	_	_	_	_	_
497-6	BOI059	497	497	6	discorso	discorso	_	_	_	_	_	linguistic	_	none	_	_	_	_	_	_
497-7	BOI059	497	497	7	che	che	_	_	_	_	_	linguistic	_	none	_	_	_	_	_	_
497-8	BOI059	497	497	8	so	so	_	_	_	_	_	linguistic	_	none	_	_	_	_	_	_
497-9	BOI059	497	497	9	che	che	_	_	_	_	_	linguistic	_	none	_	_	_	_	_	_
497-10	BOI059	497	497	10	tu	tu	_	_	_	_	_	linguistic	_	none	_	_	_	_	_	_
497-11	BOI059	497	497	11	puoi	puoi	_	_	_	_	_	linguistic	_	none	_	_	_	_	_	_
497-12	BOI059	497	497	12	capirmi	capirmi	_	_	_	_	_	linguistic	_	none	_	End=1097.541	_	_	_	_
498-0	BOI059	498	498	0	che	che	_	_	_	_	_	linguistic	_	none	_	Begin=1097.665	_	_	_	_
498-1	BOI059	498	498	1	è	è	_	_	_	_	_	linguistic	_	none	_	_	_	_	_	_
498-2	BOI059	498	498	2	la	la	_	_	_	_	_	linguistic	_	none	_	_	_	_	_	_
498-3	BOI059	498	498	3	differenza	differenza	_	_	_	_	_	linguistic	_	none	_	_	_	_	_	_
498-4	BOI059	498	498	4	tra	tra	_	_	_	_	_	linguistic	_	none	_	_	_	_	_	_
498-5	BOI059	498	498	5	una	una	_	_	_	_	_	linguistic	_	none	_	_	_	_	_	_
498-6	BOI059	498	498	6	lingua	lingua	_	_	_	_	_	linguistic	_	none	_	_	_	_	_	_
498-7	BOI059	498	498	7	scritta	scritta	_	_	_	_	_	linguistic	_	none	_	_	_	_	_	_
498-8	BOI059	498	498	8	e	e	_	_	_	_	_	linguistic	_	none	_	_	_	_	_	_
498-9	BOI059	498	498	9	una	una	_	_	_	_	_	linguistic	_	none	_	_	_	_	_	_
498-10	BOI059	498	498	10	lingua	lingua	_	_	_	_	_	linguistic	_	none	_	_	_	_	_	_
498-11	BOI059	498	498	11	parla[ta]	parlata	_	_	_	_	_	linguistic	_	none	_	End=1100.254	_	_	_	5-7(79)
499-0	BOR017	499	499	0	°[esa]ttamen~°	esattamen~	_	_	_	_	_	linguistic	_	none	Interrupted=Yes|Volume=low	Begin=1099.997|End=1100.776	_	_	_	0-3(79)
500-0	BOI059	500	500	0	il	il	_	_	_	_	_	linguistic	_	none	_	Begin=1100.695	_	_	_	_
500-1	BOI059	500	500	1	dialetto	dialetto	_	_	_	_	_	linguistic	_	none	_	_	_	_	_	_
500-2	BOI059	500	500	2	nasce	nasce	_	_	_	_	_	linguistic	_	none	_	_	_	_	_	_
500-3	BOI059	500	500	3	come	come	_	_	_	_	_	linguistic	_	none	_	_	_	_	_	_
500-4	BOI059	500	500	4	lingua	lingua	_	_	_	_	_	linguistic	_	none	_	_	_	_	_	_
500-5	BOI059	500	500	5	orale	orale	_	_	_	_	_	linguistic	_	none	_	_	_	_	_	_
500-6	BOI059	500	500	6	a	a	_	_	_	_	_	linguistic	_	none	_	_	_	_	_	_
500-7	BOI059	500	500	7	trascr~	trascr~	_	_	_	_	_	linguistic	_	none	Interrupted=Yes	_	_	_	_	_
500-8	BOI059	500	500	8	a	a	_	_	_	_	_	linguistic	_	none	_	_	_	_	_	_
500-9	BOI059	500	500	9	a	a	_	_	_	_	_	linguistic	_	none	_	_	_	_	_	_
500-10	BOI059	500	500	10	a	a	_	_	_	_	_	linguistic	_	none	_	_	_	_	_	_
500-11	BOI059	500	500	11	trasposizione	trasposizione	_	_	_	_	_	linguistic	_	none	_	_	_	_	_	_
500-12	BOI059	500	500	12	a	a	_	_	_	_	_	linguistic	_	none	_	_	_	_	_	_
500-13	BOI059	500	500	13	insegnamento	insegnamento	_	_	_	_	_	linguistic	_	none	_	_	_	_	_	_
500-14	BOI059	500	500	14	orale	orale	_	_	_	_	_	linguistic	_	none	_	End=1105.406	_	_	_	_
501-0	BOI059	501	501	0	l'	l'	_	_	_	_	_	linguistic	_	none	SpaceAfter=No	Begin=1105.788	_	_	_	_
501-1	BOI059	501	501	1	idea	idea	_	_	_	_	_	linguistic	_	none	_	_	_	_	_	_
501-2	BOI059	501	501	2	di	di	_	_	_	_	_	linguistic	_	none	_	_	_	_	_	_
501-3	BOI059	501	501	3	doverlo	doverlo	_	_	_	_	_	linguistic	_	none	_	_	_	_	_	_
501-4	BOI059	501	501	4	trovare	trovare	_	_	_	_	_	linguistic	_	none	_	_	_	_	_	_
501-5	BOI059	501	501	5	scritto	scritto	_	_	_	_	_	linguistic	_	none	_	_	_	_	_	_
501-6	BOI059	501	501	6	capire	capire	_	_	_	_	_	linguistic	_	none	_	_	_	_	_	_
501-7	BOI059	501	501	7	l'	l'	_	_	_	_	_	linguistic	_	none	SpaceAfter=No	_	_	_	_	_
501-8	BOI059	501	501	8	accento	accento	_	_	_	_	_	linguistic	_	none	_	_	_	_	_	_
501-9	BOI059	501	501	9	circonflesso	circonflesso	_	_	_	_	_	linguistic	_	none	_	_	_	_	_	_
501-10	BOI059	501	501	10	l'	l'	_	_	_	_	_	linguistic	_	none	SpaceAfter=No	_	_	_	_	_
501-11	BOI059	501	501	11	accento	accento	_	_	_	_	_	linguistic	_	none	_	_	_	_	_	_
501-12	BOI059	501	501	12	di	di	_	_	_	_	_	linguistic	_	none	_	_	_	_	_	_
501-13	BOI059	501	501	13	qua	qua	_	_	_	_	_	linguistic	_	none	_	_	_	_	_	_
501-14	BOI059	501	501	14	l'	l'	_	_	_	_	_	linguistic	_	none	SpaceAfter=No	_	_	_	_	_
501-15	BOI059	501	501	15	accento	accento	_	_	_	_	_	linguistic	_	none	_	_	_	_	_	_
501-16	BOI059	501	501	16	di	di	_	_	_	_	_	linguistic	_	none	_	_	_	_	_	_
501-17	BOI059	501	501	17	là	là	_	_	_	_	_	linguistic	_	none	_	End=1110.183	_	_	_	_
502-0	BOI059	502	502	0	non	non	_	_	_	_	_	linguistic	_	none	_	Begin=1110.629	_	_	_	_
502-1	BOI059	502	502	1	ci	ci	_	_	_	_	_	linguistic	_	none	_	_	_	_	_	_
502-2	BOI059	502	502	2	riesco	riesco	_	_	_	_	_	linguistic	_	none	_	_	_	_	_	_
502-3	BOI059	502	502	3	perché	perché	_	_	_	_	_	linguistic	_	none	_	_	_	_	_	_
502-4	BOI059	502	502	4	non	non	_	_	_	_	_	linguistic	_	none	_	_	_	_	_	_
502-5	BOI059	502	502	5	mi	mi	_	_	_	_	_	linguistic	_	none	_	_	_	_	_	_
502-6	BOI059	502	502	6	appartiene	appartiene	_	_	_	_	_	linguistic	_	none	_	_	_	_	_	_
502-7	BOI059	502	502	7	dovrei	dovrei	_	_	_	_	_	linguistic	_	none	_	_	_	_	_	_
502-8	BOI059	502	502	8	imparare	imparare	_	_	_	_	_	linguistic	_	none	_	_	_	_	_	_
502-9	BOI059	502	502	9	una	una	_	_	_	_	_	linguistic	_	none	_	_	_	_	_	_
502-10	BOI059	502	502	10	nuova	nuova	_	_	_	_	_	linguistic	_	none	_	_	_	_	_	_
502-11	BOI059	502	502	11	lingua	lingua	_	_	_	_	_	linguistic	_	none	_	_	_	_	_	_
502-12	BOI059	502	502	12	in	in	_	_	_	_	_	linguistic	_	none	_	_	_	_	_	_
502-13	BOI059	502	502	13	un	un	_	_	_	_	_	linguistic	_	none	_	_	_	_	_	_
502-14	BOI059	502	502	14	certo	certo	_	_	_	_	_	linguistic	_	none	_	_	_	_	_	_
502-15	BOI059	502	502	15	senso	senso	_	_	_	_	_	linguistic	_	none	_	_	_	_	_	_
502-16	BOI059	502	502	16	quindi	quindi	_	_	_	_	_	linguistic	_	none	_	End=1114.977	_	_	_	_
503-0	BOI059	503	503	0	faccio	faccio	_	_	_	_	_	linguistic	_	none	_	Begin=1115.313	_	_	_	_
503-1	BOI059	503	503	1	molta	molta	_	_	_	_	_	linguistic	_	none	_	_	_	_	_	_
503-2	BOI059	503	503	2	fatica	fatica	_	_	_	_	_	linguistic	_	none	_	End=1116.252	_	_	_	_
504-0	BOI059	504	504	0	la	la	_	_	_	_	_	linguistic	_	none	_	Begin=1117.118	_	_	_	_
504-1	BOI059	504	504	1	cosa	cosa	_	_	_	_	_	linguistic	_	none	_	_	_	_	_	_
504-2	BOI059	504	504	2	che	che	_	_	_	_	_	linguistic	_	none	_	_	_	_	_	_
504-3	BOI059	504	504	3	mi	mi	_	_	_	_	_	linguistic	_	none	_	_	_	_	_	_
504-4	BOI059	504	504	4	manca	manca	_	_	_	_	_	linguistic	_	none	_	_	_	_	_	_
504-5	BOI059	504	504	5	di	di	_	_	_	_	_	linguistic	_	none	_	_	_	_	_	_
504-6	BOI059	504	504	6	più	più	_	_	_	_	_	linguistic	_	none	_	_	_	_	_	_
504-7	BOI059	504	504	7	in	in	_	_	_	_	_	linguistic	_	none	_	_	_	_	_	_
504-8	BOI059	504	504	8	realtà	realtà	_	_	_	_	_	linguistic	_	none	_	_	_	_	_	_
504-9	BOI059	504	504	9	e	e	_	_	_	_	_	linguistic	_	none	_	_	_	_	_	_
504-10	BOI059	504	504	10	che	che	_	_	_	_	_	linguistic	_	none	_	_	_	_	_	_
504-11	BOI059	504	504	11	mi	mi	_	_	_	_	_	linguistic	_	none	_	_	_	_	_	_
504-12	BOI059	504	504	12	dispiace	dispiace	_	_	_	_	_	linguistic	_	none	_	_	_	_	_	_
504-13	BOI059	504	504	13	di	di	_	_	_	_	_	linguistic	_	none	_	_	_	_	_	_
504-14	BOI059	504	504	14	più	più	_	_	_	_	_	linguistic	_	none	_	_	_	_	_	_
504-15	BOI059	504	504	15	sono	sono	_	_	_	_	_	linguistic	_	none	_	_	_	_	_	_
504-16	BOI059	504	504	16	i	i	_	_	_	_	_	linguistic	_	none	_	_	_	_	_	_
504-17	BOI059	504	504	17	vecchi	vecchi	_	_	_	_	_	linguistic	_	none	_	_	_	_	_	_
504-18	BOI059	504	504	18	quando	quando	_	_	_	_	_	linguistic	_	none	_	End=1121.305	_	_	_	_
505-0	BOI059	505	505	0	adesso	adesso	_	_	_	_	_	linguistic	_	none	_	Begin=1121.382	_	_	_	_
505-1	BOI059	505	505	1	io	io	_	_	_	_	_	linguistic	_	none	_	_	_	_	_	_
505-2	BOI059	505	505	2	non	non	_	_	_	_	_	linguistic	_	none	_	_	_	_	_	_
505-3	BOI059	505	505	3	li	li	_	_	_	_	_	linguistic	_	none	_	_	_	_	_	_
505-4	BOI059	505	505	4	ho	ho	_	_	_	_	_	linguistic	_	none	_	_	_	_	_	_
505-5	BOI059	505	505	5	mai	mai	_	_	_	_	_	linguistic	_	none	_	_	_	_	_	_
505-6	BOI059	505	505	6	visti	visti	_	_	_	_	_	linguistic	_	none	_	_	_	_	_	_
505-7	BOI059	505	505	7	perché	perché	_	_	_	_	_	linguistic	_	none	_	_	_	_	_	_
505-8	BOI059	505	505	8	sono	sono	_	_	_	_	_	linguistic	_	none	_	_	_	_	_	_
505-9	BOI059	505	505	9	xx	xx	_	_	_	_	_	unknown	_	none	Syllables=2	_	_	_	_	_
505-10	BOI059	505	505	10	per	per	_	_	_	_	_	linguistic	_	none	_	_	_	_	_	_
505-11	BOI059	505	505	11	assurdo	assurdo	_	_	_	_	_	linguistic	_	none	_	_	_	_	_	_
505-12	BOI059	505	505	12	anche	anche	_	_	_	_	_	linguistic	_	none	_	_	_	_	_	_
505-13	BOI059	505	505	13	troppo	troppo	_	_	_	_	_	linguistic	_	none	_	_	_	_	_	_
505-14	BOI059	505	505	14	piccola	piccola	_	_	_	_	_	linguistic	_	none	_	End=1124.525	_	_	_	_
506-0	BOI059	506	506	0	mio	mio	_	_	_	_	_	linguistic	_	none	_	Begin=1124.844	_	_	_	_
506-1	BOI059	506	506	1	marito	marito	_	_	_	_	_	linguistic	_	none	_	_	_	_	_	_
506-2	BOI059	506	506	2	ha	ha	_	_	_	_	_	linguistic	_	none	_	_	_	_	_	_
506-3	BOI059	506	506	3	sei	sei	_	_	_	_	_	linguistic	_	none	_	_	_	_	_	_
506-4	BOI059	506	506	4	anni	anni	_	_	_	_	_	linguistic	_	none	_	_	_	_	_	_
506-5	BOI059	506	506	5	più	più	_	_	_	_	_	linguistic	_	none	_	_	_	_	_	_
506-6	BOI059	506	506	6	di	di	_	_	_	_	_	linguistic	_	none	_	_	_	_	_	_
506-7	BOI059	506	506	7	me	me	_	_	_	_	_	linguistic	_	none	_	End=1126.114	_	_	_	_
507-0	BOI059	507	507	0	#lui	#lui	_	_	_	_	_	error	_	none	_	Begin=1126.617	_	_	_	_
507-1	BOI059	507	507	1	andava	andava	_	_	_	_	_	linguistic	_	none	_	_	_	_	_	_
507-2	BOI059	507	507	2	in	in	_	_	_	_	_	linguistic	_	none	_	_	_	_	_	_
507-3	BOI059	507	507	3	centro	centro	_	_	_	_	_	linguistic	_	none	_	_	_	_	_	_
507-4	BOI059	507	507	4	a	a	_	_	_	_	_	linguistic	_	none	_	_	_	_	_	_
507-5	BOI059	507	507	5	bologna	bologna	_	_	_	_	_	linguistic	_	none	_	_	_	_	_	_
507-6	BOI059	507	507	6	da	da	_	_	_	_	_	linguistic	_	none	_	_	_	_	_	_
507-7	BOI059	507	507	7	cinno	cinno	_	_	_	_	_	linguistic	_	none	_	End=1130.036	_	_	_	_
508-0	BOI059	508	508	0	#appunto	#appunto	_	_	_	_	_	error	_	none	_	Begin=1130.306	_	_	_	_
508-1	BOI059	508	508	1	perché	perché	_	_	_	_	_	linguistic	_	none	_	_	_	_	_	_
508-2	BOI059	508	508	2	cinno	cinno	_	_	_	_	_	linguistic	_	none	_	_	_	_	_	_
508-3	BOI059	508	508	3	è	è	_	_	_	_	_	linguistic	_	none	_	_	_	_	_	_
508-4	BOI059	508	508	4	automatico	automatico	_	_	_	_	_	linguistic	_	none	_	End=1131.715	_	_	_	_
509-0	BOI059	509	509	0	e	e	_	_	_	_	_	linguistic	_	none	_	Begin=1132.428	_	_	_	_
509-1	BOI059	509	509	1	c'	c'	_	_	_	_	_	linguistic	_	none	SpaceAfter=No	_	_	_	_	_
509-2	BOI059	509	509	2	erano	erano	_	_	_	_	_	linguistic	_	none	_	_	_	_	_	_
509-3	BOI059	509	509	3	i	i	_	_	_	_	_	linguistic	_	none	_	_	_	_	_	_
509-4	BOI059	509	509	4	capannelli	capannelli	_	_	_	_	_	linguistic	_	none	_	_	_	_	_	_
509-5	BOI059	509	509	5	di	di	_	_	_	_	_	linguistic	_	none	_	_	_	_	_	_
509-6	BOI059	509	509	6	vecchietti	vecchietti	_	_	_	_	_	linguistic	_	none	_	_	_	_	_	_
509-7	BOI059	509	509	7	che	che	_	_	_	_	_	linguistic	_	none	_	_	_	_	_	_
509-8	BOI059	509	509	8	parlavano	parlavano	_	_	_	_	_	linguistic	_	none	_	_	_	_	_	_
509-9	BOI059	509	509	9	in	in	_	_	_	_	_	linguistic	_	none	_	_	_	_	_	_
509-10	BOI059	509	509	10	dialetto	dialetto	_	_	_	_	_	linguistic	_	none	_	End=1135.357	_	_	_	_
510-0	BOI059	510	510	0	tu	tu	_	_	_	_	_	linguistic	_	none	_	Begin=1135.476	_	_	_	_
510-1	BOI059	510	510	1	potevi	potevi	_	_	_	_	_	linguistic	_	none	_	_	_	_	_	_
510-2	BOI059	510	510	2	arrivar	arrivar	_	_	_	_	_	linguistic	_	none	_	_	_	_	_	_
510-3	BOI059	510	510	3	lì	lì	_	_	_	_	_	linguistic	_	none	_	_	_	_	_	_
510-4	BOI059	510	510	4	e	e	_	_	_	_	_	linguistic	_	none	_	_	_	_	_	_
510-5	BOI059	510	510	5	parlare	parlare	_	_	_	_	_	linguistic	_	none	_	End=1137.117	_	_	_	_
511-0	BOI059	511	511	0	#ma	#ma	_	_	_	_	_	error	_	none	_	Begin=1137.457	_	_	_	_
511-1	BOI059	511	511	1	a	a	_	_	_	_	_	linguistic	_	none	_	_	_	_	_	_
511-2	BOI059	511	511	2	scor	scor	_	_	_	_	_	linguistic	_	none	_	_	_	_	_	_
511-3	BOI059	511	511	3	in	in	_	_	_	_	_	linguistic	_	none	_	_	_	_	_	_
511-4	BOI059	511	511	4	dialat	dialat	_	_	_	_	_	linguistic	_	none	_	End=1138.4	_	_	_	_
512-0	BOR017	512	512	0	{ride}	{ride}	_	_	_	_	_	nonverbalbehavior	_	none	_	Begin=1138.766|End=1139.272	_	_	_	_
513-0	BOI059	513	513	0	no	no	_	_	_	_	_	linguistic	_	none	_	Begin=1139.285	_	_	_	_
513-1	BOI059	513	513	1	solo	solo	_	_	_	_	_	linguistic	_	none	_	_	_	_	_	_
513-2	BOI059	513	513	2	in	in	_	_	_	_	_	linguistic	_	none	_	_	_	_	_	_
513-3	BOI059	513	513	3	dialetto	dialetto	_	_	_	_	_	linguistic	_	none	_	_	_	_	_	_
513-4	BOI059	513	513	4	quindi	quindi	_	_	_	_	_	linguistic	_	none	_	_	_	_	_	_
513-5	BOI059	513	513	5	c'	c'	_	_	_	_	_	linguistic	_	none	SpaceAfter=No	_	_	_	_	_
513-6	BOI059	513	513	6	era	era	_	_	_	_	_	linguistic	_	none	_	_	_	_	_	_
513-7	BOI059	513	513	7	un	un	_	_	_	_	_	linguistic	_	none	_	_	_	_	_	_
513-8	BOI059	513	513	8	modo	modo	_	_	_	_	_	linguistic	_	none	_	_	_	_	_	_
513-9	BOI059	513	513	9	per	per	_	_	_	_	_	linguistic	_	none	_	_	_	_	_	_
513-10	BOI059	513	513	10	impararla	impararla	_	_	_	_	_	linguistic	_	none	_	End=1141.898	_	_	_	_
514-0	BOI059	514	514	0	gli	gli	_	_	_	_	_	linguistic	_	none	_	Begin=1142.97	_	_	_	_
514-1	BOI059	514	514	1	anziani	anziani	_	_	_	_	_	linguistic	_	none	_	_	_	_	_	_
514-2	BOI059	514	514	2	pian	pian	_	_	_	_	_	linguistic	_	none	_	_	_	_	_	_
514-3	BOI059	514	514	3	piano:	piano	_	_	_	_	_	linguistic	_	none	_	_	4x1	_	_	_
514-4	BOI059	514	514	4	son	son	_	_	_	_	_	linguistic	_	none	_	_	_	_	_	_
514-5	BOI059	514	514	5	diventati	diventati	_	_	_	_	_	linguistic	_	none	_	_	_	_	_	_
514-6	BOI059	514	514	6	morti	morti	_	_	_	_	_	linguistic	_	none	_	End=1145.705	_	_	_	_
515-0	BOI059	515	515	0	gli	gli	_	_	_	_	_	linguistic	_	none	_	Begin=1145.902	_	_	_	_
515-1	BOI059	515	515	1	adulti	adulti	_	_	_	_	_	linguistic	_	none	_	_	_	_	_	_
515-2	BOI059	515	515	2	pian	pian	_	_	_	_	_	linguistic	_	none	_	_	_	_	_	_
515-3	BOI059	515	515	3	piano	piano	_	_	_	_	_	linguistic	_	none	_	_	_	_	_	_
515-4	BOI059	515	515	4	non	non	_	_	_	_	_	linguistic	_	none	_	_	_	_	_	_
515-5	BOI059	515	515	5	lo	lo	_	_	_	_	_	linguistic	_	none	_	_	_	_	_	_
515-6	BOI059	515	515	6	sapevano	sapevano	_	_	_	_	_	linguistic	_	none	_	_	_	_	_	_
515-7	BOI059	515	515	7	più	più	_	_	_	_	_	linguistic	_	none	_	_	_	_	_	_
515-8	BOI059	515	515	8	quindi	quindi	_	_	_	_	_	linguistic	_	none	_	_	_	_	_	_
515-9	BOI059	515	515	9	non	non	_	_	_	_	_	linguistic	_	none	_	_	_	_	_	_
515-10	BOI059	515	515	10	non	non	_	_	_	_	_	linguistic	_	none	_	_	_	_	_	_
515-11	BOI059	515	515	11	si	si	_	_	_	_	_	linguistic	_	none	_	_	_	_	_	_
515-12	BOI059	515	515	12	pratica	pratica	_	_	_	_	_	linguistic	_	none	_	_	_	_	_	_
515-13	BOI059	515	515	13	più	più	_	_	_	_	_	linguistic	_	none	_	_	_	_	_	_
515-14	BOI059	515	515	14	così	così	_	_	_	_	_	linguistic	_	none	_	_	_	_	_	_
515-15	BOI059	515	515	15	tanto	tanto	_	_	_	_	_	linguistic	_	none	_	_	_	_	_	_
515-16	BOI059	515	515	16	mi	mi	_	_	_	_	_	linguistic	_	none	_	_	_	_	_	_
515-17	BOI059	515	515	17	dispiace	dispiace	_	_	_	_	_	linguistic	_	none	_	_	_	_	_	_
515-18	BOI059	515	515	18	tantissimo	tantissimo	_	_	_	_	_	linguistic	_	none	_	End=1151.31	_	_	_	_
516-0	BOR017	516	516	0	altra	altra	_	_	_	_	_	linguistic	_	none	_	Begin=1152.881	_	_	_	_
516-1	BOR017	516	516	1	domanda	domanda	_	_	_	_	_	linguistic	_	none	_	_	_	_	_	_
516-2	BOR017	516	516	2	per	per	_	_	_	_	_	linguistic	_	none	_	_	_	_	_	_
516-3	BOR017	516	516	3	una	una	_	_	_	_	_	linguistic	_	none	_	_	_	_	_	_
516-4	BOR017	516	516	4	bolognese	bolognese	_	_	_	_	_	linguistic	_	none	_	_	_	_	_	_
516-5	BOR017	516	516	5	do[c]	doc	_	_	_	_	_	linguistic	_	none	_	End=1155.047	_	_	_	2-3(81)
517-0	BOI059	517	517	0	[sì]	sì	_	_	_	_	_	linguistic	_	none	_	Begin=1154.778|End=1155.047	_	_	_	0-2(81)
518-0	BOR017	518	518	0	sei	sei	_	_	_	_	_	linguistic	_	none	_	Begin=1155.795	_	_	_	_
518-1	BOR017	518	518	1	mai	mai	_	_	_	_	_	linguistic	_	none	_	_	_	_	_	_
518-2	BOR017	518	518	2	stata	stata	_	_	_	_	_	linguistic	_	none	_	_	_	_	_	_
518-3	BOR017	518	518	3	a	a	_	_	_	_	_	linguistic	_	none	_	_	_	_	_	_
518-4	BOR017	518	518	4	san	san	_	_	_	_	_	linguistic	_	none	_	_	_	_	_	_
518-5	BOR017	518	518	5	luca?	luca	_	_	_	_	_	linguistic	_	none	Intonation=Rising	End=1157.327	_	_	_	_
519-0	BOI059	519	519	0	{ride}	{ride}	_	_	_	_	_	nonverbalbehavior	_	none	_	Begin=1157.145|End=1157.959	_	_	_	_
520-0	BOI059	520	520	0	sì	sì	_	_	_	_	_	linguistic	_	none	_	Begin=1158.252|End=1158.593	_	_	_	_
521-0	BOI059	521	521	0	spesso	spesso	_	_	_	_	_	linguistic	_	none	_	Begin=1159.014|End=1159.867	_	_	_	_
522-0	BOI059	522	522	0	e:hm	ehm	_	_	_	_	_	linguistic	_	none	_	Begin=1160.285	0x1	_	_	_
522-1	BOI059	522	522	1	nel	nel	_	_	_	_	_	linguistic	_	none	_	_	_	_	_	_
522-2	BOI059	522	522	2	senso	senso	_	_	_	_	_	linguistic	_	none	_	End=1161.796	_	_	_	_
523-0	BOI059	523	523	0	a	a	_	_	_	_	_	linguistic	_	none	_	Begin=1162.006	_	_	_	_
523-1	BOI059	523	523	1	me	me	_	_	_	_	_	linguistic	_	none	_	_	_	_	_	_
523-2	BOI059	523	523	2	san	san	_	_	_	_	_	linguistic	_	none	_	_	_	_	_	_
523-3	BOI059	523	523	3	luca	luca	_	_	_	_	_	linguistic	_	none	_	_	_	_	_	_
523-4	BOI059	523	523	4	piace	piace	_	_	_	_	_	linguistic	_	none	_	_	_	_	_	_
523-5	BOI059	523	523	5	la	la	_	_	_	_	_	linguistic	_	none	_	_	_	_	_	_
523-6	BOI059	523	523	6	prima	prima	_	_	_	_	_	linguistic	_	none	_	_	_	_	_	_
523-7	BOI059	523	523	7	volta	volta	_	_	_	_	_	linguistic	_	none	_	_	_	_	_	_
523-8	BOI059	523	523	8	probabilmente	probabilmente	_	_	_	_	_	linguistic	_	none	_	_	_	_	_	_
523-9	BOI059	523	523	9	ci	ci	_	_	_	_	_	linguistic	_	none	_	_	_	_	_	_
523-10	BOI059	523	523	10	sono	sono	_	_	_	_	_	linguistic	_	none	_	_	_	_	_	_
523-11	BOI059	523	523	11	stata	stata	_	_	_	_	_	linguistic	_	none	_	_	_	_	_	_
523-12	BOI059	523	523	12	che	che	_	_	_	_	_	linguistic	_	none	_	_	_	_	_	_
523-13	BOI059	523	523	13	ero	ero	_	_	_	_	_	linguistic	_	none	_	_	_	_	_	_
523-14	BOI059	523	523	14	una	una	_	_	_	_	_	linguistic	_	none	_	_	_	_	_	_
523-15	BOI059	523	523	15	bimba	bimba	_	_	_	_	_	linguistic	_	none	_	_	_	_	_	_
523-16	BOI059	523	523	16	e	e	_	_	_	_	_	linguistic	_	none	_	_	_	_	_	_
523-17	BOI059	523	523	17	non	non	_	_	_	_	_	linguistic	_	none	_	_	_	_	_	_
523-18	BOI059	523	523	18	ne	ne	_	_	_	_	_	linguistic	_	none	_	_	_	_	_	_
523-19	BOI059	523	523	19	ho	ho	_	_	_	_	_	linguistic	_	none	_	_	_	_	_	_
523-20	BOI059	523	523	20	neanche	neanche	_	_	_	_	_	linguistic	_	none	_	_	_	_	_	_
523-21	BOI059	523	523	21	memoria	memoria	_	_	_	_	_	linguistic	_	none	_	End=1166.275	_	_	_	_
524-0	BOR017	524	524	0	mh	mh	_	_	_	_	_	linguistic	_	none	_	Begin=1166.377|End=1166.526	_	_	_	_
525-0	BOI059	525	525	0	eh	eh	_	_	_	_	_	linguistic	_	none	_	Begin=1167.036	_	_	_	_
525-1	BOI059	525	525	1	ci	ci	_	_	_	_	_	linguistic	_	none	_	_	_	_	_	_
525-2	BOI059	525	525	2	sono	sono	_	_	_	_	_	linguistic	_	none	_	_	_	_	_	_
525-3	BOI059	525	525	3	tornata	tornata	_	_	_	_	_	linguistic	_	none	_	_	_	_	_	_
525-4	BOI059	525	525	4	un	un	_	_	_	_	_	linguistic	_	none	_	_	_	_	_	_
525-5	BOI059	525	525	5	altro	altro	_	_	_	_	_	linguistic	_	none	_	_	_	_	_	_
525-6	BOI059	525	525	6	paio	paio	_	_	_	_	_	linguistic	_	none	_	_	_	_	_	_
525-7	BOI059	525	525	7	di	di	_	_	_	_	_	linguistic	_	none	_	_	_	_	_	_
525-8	BOI059	525	525	8	volte	volte	_	_	_	_	_	linguistic	_	none	_	_	_	_	_	_
525-9	BOI059	525	525	9	con	con	_	_	_	_	_	linguistic	_	none	_	_	_	_	_	_
525-10	BOI059	525	525	10	la	la	_	_	_	_	_	linguistic	_	none	_	_	_	_	_	_
525-11	BOI059	525	525	11	scuo:la	scuola	_	_	_	_	_	linguistic	_	none	_	_	3x1	_	_	_
525-12	BOI059	525	525	12	e	e	_	_	_	_	_	linguistic	_	none	_	_	_	_	_	_
525-13	BOI059	525	525	13	con	con	_	_	_	_	_	linguistic	_	none	_	_	_	_	_	_
525-14	BOI059	525	525	14	le	le	_	_	_	_	_	linguistic	_	none	_	_	_	_	_	_
525-15	BOI059	525	525	15	elementa:ri	elementari	_	_	_	_	_	linguistic	_	none	_	_	7x1	_	_	_
525-16	BOI059	525	525	16	e	e	_	_	_	_	_	linguistic	_	none	_	_	_	_	_	_
525-17	BOI059	525	525	17	con	con	_	_	_	_	_	linguistic	_	none	_	_	_	_	_	_
525-18	BOI059	525	525	18	le	le	_	_	_	_	_	linguistic	_	none	_	_	_	_	_	_
525-19	BOI059	525	525	19	me:die	medie	_	_	_	_	_	linguistic	_	none	_	_	1x1	_	_	_
525-20	BOI059	525	525	20	con	con	_	_	_	_	_	linguistic	_	none	_	_	_	_	_	_
525-21	BOI059	525	525	21	le	le	_	_	_	_	_	linguistic	_	none	_	_	_	_	_	_
525-22	BOI059	525	525	22	superiori	superiori	_	_	_	_	_	linguistic	_	none	_	_	_	_	_	_
525-23	BOI059	525	525	23	l'	l'	_	_	_	_	_	linguistic	_	none	SpaceAfter=No	_	_	_	_	_
525-24	BOI059	525	525	24	ho	ho	_	_	_	_	_	linguistic	_	none	_	_	_	_	_	_
525-25	BOI059	525	525	25	saltata	saltata	_	_	_	_	_	linguistic	_	none	_	End=1173.56	_	_	_	_
526-0	BOR017	526	526	0	{ride}	{ride}	_	_	_	_	_	nonverbalbehavior	_	none	_	Begin=1171.851|End=1172.71	_	_	_	_
527-0	BOR017	527	527	0	e	e	_	_	_	_	_	linguistic	_	none	_	Begin=1173.748	_	_	_	_
527-1	BOR017	527	527	1	tutti	tutti	_	_	_	_	_	linguistic	_	none	_	_	_	_	_	_
527-2	BOR017	527	527	2	gli	gli	_	_	_	_	_	linguistic	_	none	_	_	_	_	_	_
527-3	BOR017	527	527	3	anni	anni	_	_	_	_	_	linguistic	_	none	_	_	_	_	_	_
527-4	BOR017	527	527	4	{ride}	{ride}	_	_	_	_	_	nonverbalbehavior	_	none	_	End=1174.499	_	_	_	_
528-0	BOI059	528	528	0	>e	e	_	_	_	_	_	linguistic	_	none	_	Begin=1174.499	_	Fast=0-1(0)	_	_
528-1	BOI059	528	528	1	tutti	tutti	_	_	_	_	_	linguistic	_	none	_	_	_	Fast=0-5(0)	_	_
528-2	BOI059	528	528	2	gli	gli	_	_	_	_	_	linguistic	_	none	_	_	_	Fast=0-3(0)	_	_
528-3	BOI059	528	528	3	anni	anni	_	_	_	_	_	linguistic	_	none	_	_	_	Fast=0-4(0)	_	_
528-4	BOI059	528	528	4	xx	xx	_	_	_	_	_	unknown	_	none	Syllables=2	_	_	Fast=0-2(0)	_	_
528-5	BOI059	528	528	5	(tutti	tutti	_	_	_	_	_	linguistic	_	none	_	_	_	Fast=0-5(0)	0-5(0)	_
528-6	BOI059	528	528	6	gli	gli	_	_	_	_	_	linguistic	_	none	_	_	_	Fast=0-3(0)	0-3(0)	_
528-7	BOI059	528	528	7	anni)	anni	_	_	_	_	_	linguistic	_	none	_	_	_	Fast=0-4(0)	0-4(0)	_
528-8	BOI059	528	528	8	andiamo	andiamo	_	_	_	_	_	linguistic	_	none	_	_	_	Fast=0-7(0)	_	_
528-9	BOI059	528	528	9	a	a	_	_	_	_	_	linguistic	_	none	_	_	_	Fast=0-1(0)	_	_
528-10	BOI059	528	528	10	san	san	_	_	_	_	_	linguistic	_	none	_	_	_	Fast=0-3(0)	_	_
528-11	BOI059	528	528	11	luca	luca	_	_	_	_	_	linguistic	_	none	_	_	_	Fast=0-4(0)	_	_
528-12	BOI059	528	528	12	andiamo	andiamo	_	_	_	_	_	linguistic	_	none	_	_	_	Fast=0-7(0)	_	_
528-13	BOI059	528	528	13	a	a	_	_	_	_	_	linguistic	_	none	_	_	_	Fast=0-1(0)	_	_
528-14	BOI059	528	528	14	san	san	_	_	_	_	_	linguistic	_	none	_	_	_	Fast=0-3(0)	_	_
528-15	BOI059	528	528	15	luca<	luca	_	_	_	_	_	linguistic	_	none	_	End=1176.818	_	Fast=0-4(0)	_	_
529-0	BOI059	529	529	0	non	non	_	_	_	_	_	linguistic	_	none	_	Begin=1176.875	_	_	_	_
529-1	BOI059	529	529	1	è	è	_	_	_	_	_	linguistic	_	none	_	_	_	_	_	_
529-2	BOI059	529	529	2	un	un	_	_	_	_	_	linguistic	_	none	_	_	_	_	_	_
529-3	BOI059	529	529	3	posto	posto	_	_	_	_	_	linguistic	_	none	_	_	_	_	_	_
529-4	BOI059	529	529	4	in	in	_	_	_	_	_	linguistic	_	none	_	_	_	_	_	_
529-5	BOI059	529	529	5	cui	cui	_	_	_	_	_	linguistic	_	none	_	_	_	_	_	_
529-6	BOI059	529	529	6	è	è	_	_	_	_	_	linguistic	_	none	_	_	_	_	_	_
529-7	BOI059	529	529	7	facile	facile	_	_	_	_	_	linguistic	_	none	_	_	_	_	_	_
529-8	BOI059	529	529	8	andare	andare	_	_	_	_	_	linguistic	_	none	_	_	_	_	_	_
529-9	BOI059	529	529	9	a	a	_	_	_	_	_	linguistic	_	none	_	_	_	_	_	_
529-10	BOI059	529	529	10	far	far	_	_	_	_	_	linguistic	_	none	_	_	_	_	_	_
529-11	BOI059	529	529	11	fuga	fuga	_	_	_	_	_	linguistic	_	none	_	_	_	_	_	_
529-12	BOI059	529	529	12	nel	nel	_	_	_	_	_	linguistic	_	none	_	_	_	_	_	_
529-13	BOI059	529	529	13	senso	senso	_	_	_	_	_	linguistic	_	none	_	_	_	_	_	_
529-14	BOI059	529	529	14	che	che	_	_	_	_	_	linguistic	_	none	_	End=1179.807	_	_	_	_
530-0	BOI059	530	530	0	se	se	_	_	_	_	_	linguistic	_	none	_	Begin=1180.203	_	_	_	_
530-1	BOI059	530	530	1	non	non	_	_	_	_	_	linguistic	_	none	_	_	_	_	_	_
530-2	BOI059	530	530	2	vuoi	vuoi	_	_	_	_	_	linguistic	_	none	_	_	_	_	_	_
530-3	BOI059	530	530	3	andare	andare	_	_	_	_	_	linguistic	_	none	_	_	_	_	_	_
530-4	BOI059	530	530	4	a	a	_	_	_	_	_	linguistic	_	none	_	_	_	_	_	_
530-5	BOI059	530	530	5	lezione	lezione	_	_	_	_	_	linguistic	_	none	_	_	_	_	_	_
530-6	BOI059	530	530	6	non	non	_	_	_	_	_	linguistic	_	none	_	_	_	_	_	_
530-7	BOI059	530	530	7	vai	vai	_	_	_	_	_	linguistic	_	none	_	_	_	_	_	_
530-8	BOI059	530	530	8	a	a	_	_	_	_	_	linguistic	_	none	_	_	_	_	_	_
530-9	BOI059	530	530	9	san	san	_	_	_	_	_	linguistic	_	none	_	_	_	_	_	_
530-10	BOI059	530	530	10	luca	luca	_	_	_	_	_	linguistic	_	none	_	_	_	_	_	_
530-11	BOI059	530	530	11	perché	perché	_	_	_	_	_	linguistic	_	none	_	_	_	_	_	_
530-12	BOI059	530	530	12	han	han	_	_	_	_	_	linguistic	_	none	_	_	_	_	_	_
530-13	BOI059	530	530	13	messo	messo	_	_	_	_	_	linguistic	_	none	_	_	_	_	_	_
530-14	BOI059	530	530	14	su	su	_	_	_	_	_	linguistic	_	none	_	_	_	_	_	_
530-15	BOI059	530	530	15	l'	l'	_	_	_	_	_	linguistic	_	none	SpaceAfter=No	_	_	_	_	_
530-16	BOI059	530	530	16	autobus	autobus	_	_	_	_	_	linguistic	_	none	_	_	_	_	_	_
530-17	BOI059	530	530	17	ma	ma	_	_	_	_	_	linguistic	_	none	_	_	_	_	_	_
530-18	BOI059	530	530	18	da	da	_	_	_	_	_	linguistic	_	none	_	_	_	_	_	_
530-19	BOI059	530	530	19	poco	poco	_	_	_	_	_	linguistic	_	none	_	End=1183.751	_	_	_	_
531-0	BOI059	531	531	0	prima	prima	_	_	_	_	_	linguistic	_	none	_	Begin=1183.773	_	_	_	_
531-1	BOI059	531	531	1	bisognava	bisognava	_	_	_	_	_	linguistic	_	none	_	_	_	_	_	_
531-2	BOI059	531	531	2	andar	andar	_	_	_	_	_	linguistic	_	none	_	_	_	_	_	_
531-3	BOI059	531	531	3	su	su	_	_	_	_	_	linguistic	_	none	_	_	_	_	_	_
531-4	BOI059	531	531	4	a	a	_	_	_	_	_	linguistic	_	none	_	_	_	_	_	_
531-5	BOI059	531	531	5	piedi	piedi	_	_	_	_	_	linguistic	_	none	_	End=1185.117	_	_	_	_
532-0	BOR017	532	532	0	{ride}	{ride}	_	_	_	_	_	nonverbalbehavior	_	none	_	Begin=1183.998|End=1184.452	_	_	_	_
533-0	BOR017	533	533	0	c[erto]	certo	_	_	_	_	_	linguistic	_	none	_	Begin=1185.192|End=1185.721	_	_	_	1-5(82)
534-0	BOI059	534	534	0	[è	è	_	_	_	_	_	linguistic	_	none	_	Begin=1185.388	_	_	_	0-1(82)
534-1	BOI059	534	534	1	è	è	_	_	_	_	_	linguistic	_	none	_	_	_	_	_	0-1(82)
534-2	BOI059	534	534	2	un]	un	_	_	_	_	_	linguistic	_	none	_	_	_	_	_	0-2(82)
534-3	BOI059	534	534	3	portico	portico	_	_	_	_	_	linguistic	_	none	_	_	_	_	_	_
534-4	BOI059	534	534	4	lungo	lungo	_	_	_	_	_	linguistic	_	none	_	_	_	_	_	_
534-5	BOI059	534	534	5	c(io)è	cioè	_	_	_	_	_	linguistic	_	none	_	_	_	_	1-3(0)	_
534-6	BOI059	534	534	6	nel	nel	_	_	_	_	_	linguistic	_	none	_	_	_	_	_	_
534-7	BOI059	534	534	7	sen[so]	senso	_	_	_	_	_	linguistic	_	none	_	End=1187.829	_	_	_	3-5(83)
535-0	BOR017	535	535	0	[son]o	sono	_	_	_	_	_	linguistic	_	none	_	Begin=1187.488	_	_	_	0-3(83)
535-1	BOR017	535	535	1	seicento[sessantasei]	seicentosessantasei	_	_	_	_	_	linguistic	_	none	_	_	_	_	_	8-19(84)
535-2	BOR017	535	535	2	se	se	_	_	_	_	_	linguistic	_	none	_	_	_	_	_	_
535-3	BOR017	535	535	3	non	non	_	_	_	_	_	linguistic	_	none	_	_	_	_	_	_
535-4	BOR017	535	535	4	erro	erro	_	_	_	_	_	linguistic	_	none	_	_	_	_	_	_
535-5	BOR017	535	535	5	[tipo]	tipo	_	_	_	_	_	linguistic	_	none	_	End=1190.648	_	_	_	0-4(85)
536-0	BOI059	536	536	0	[sì	sì	_	_	_	_	_	linguistic	_	none	_	Begin=1188.793	_	_	_	0-2(84)
536-1	BOI059	536	536	1	esatto]	esatto	_	_	_	_	_	linguistic	_	none	_	End=1189.773	_	_	_	0-6(84)
537-0	BOI059	537	537	0	[sì	sì	_	_	_	_	_	linguistic	_	none	_	Begin=1190.154	_	_	_	0-2(85)
537-1	BOI059	537	537	1	sì]	sì	_	_	_	_	_	linguistic	_	none	_	_	_	_	_	0-2(85)
537-2	BOI059	537	537	2	e	e	_	_	_	_	_	linguistic	_	none	_	_	_	_	_	_
537-3	BOI059	537	537	3	seicentosessantasei	seicentosessantasei	_	_	_	_	_	linguistic	_	none	_	_	_	_	_	_
537-4	BOI059	537	537	4	arcate	arcate	_	_	_	_	_	linguistic	_	none	_	End=1192.546	_	_	_	_
538-0	BOR017	538	538	0	{ride}	{ride}	_	_	_	_	_	nonverbalbehavior	_	none	_	Begin=1192.635|End=1192.779	_	_	_	_
539-0	BOI059	539	539	0	e::h[m]	ehm	_	_	_	_	_	linguistic	_	none	_	Begin=1193.213|End=1193.747	0x2	_	_	2-3(86)
540-0	BOR017	540	540	0	[il	il	_	_	_	_	_	linguistic	_	none	_	Begin=1193.477	_	_	_	0-2(?)
540-1	BOR017	540	540	1	più]	più	_	_	_	_	_	linguistic	_	none	_	_	_	_	_	0-3(?)
540-2	BOR017	540	540	2	lungo	lungo	_	_	_	_	_	linguistic	_	none	_	_	_	_	_	_
540-3	BOR017	540	540	3	d'	d'	_	_	_	_	_	linguistic	_	none	SpaceAfter=No	_	_	_	_	_
540-4	BOR017	540	540	4	euro:pa	europa	_	_	_	_	_	linguistic	_	none	_	End=1194.798	3x1	_	_	_
541-0	BOI059	541	541	0	[il	il	_	_	_	_	_	linguistic	_	none	_	Begin=1194.6	_	_	_	0-2(87)
541-1	BOI059	541	541	1	più]	più	_	_	_	_	_	linguistic	_	none	_	_	_	_	_	0-3(87)
541-2	BOI059	541	541	2	lungo	lungo	_	_	_	_	_	linguistic	_	none	_	_	_	_	_	_
541-3	BOI059	541	541	3	d'	d'	_	_	_	_	_	linguistic	_	none	SpaceAfter=No	_	_	_	_	_
541-4	BOI059	541	541	4	e~	e~	_	_	_	_	_	linguistic	_	none	Interrupted=Yes	End=1195.141	_	_	_	_
542-0	BOI059	542	542	0	ah	ah	_	_	_	_	_	linguistic	_	none	_	Begin=1195.773|End=1196.088	_	_	_	_
543-0	BOR017	543	543	0	{ride}	{ride}	_	_	_	_	_	nonverbalbehavior	_	none	_	Begin=1196.264|End=1197.02	_	_	_	_
544-0	BOI059	544	544	0	xxxxxx	xxxxxx	_	_	_	_	_	unknown	_	none	Syllables=6	Begin=1196.563	_	_	_	_
544-1	BOI059	544	544	1	che	che	_	_	_	_	_	linguistic	_	none	_	_	_	_	_	_
544-2	BOI059	544	544	2	poi	poi	_	_	_	_	_	linguistic	_	none	_	_	_	_	_	_
544-3	BOI059	544	544	3	bisogna	bisogna	_	_	_	_	_	linguistic	_	none	_	_	_	_	_	_
544-4	BOI059	544	544	4	sempre	sempre	_	_	_	_	_	linguistic	_	none	_	_	_	_	_	_
544-5	BOI059	544	544	5	capire	capire	_	_	_	_	_	linguistic	_	none	_	_	_	_	_	_
544-6	BOI059	544	544	6	se	se	_	_	_	_	_	linguistic	_	none	_	_	_	_	_	_
544-7	BOI059	544	544	7	parti	parti	_	_	_	_	_	linguistic	_	none	_	_	_	_	_	_
544-8	BOI059	544	544	8	da	da	_	_	_	_	_	linguistic	_	none	_	End=1199.447	_	_	_	_
545-0	BOI059	545	545	0	andrea	andrea	_	_	_	_	_	linguistic	_	none	_	Begin=1199.609	_	_	_	_
545-1	BOI059	545	545	1	costa	costa	_	_	_	_	_	linguistic	_	none	_	_	_	_	_	_
545-2	BOI059	545	545	2	se	se	_	_	_	_	_	linguistic	_	none	_	_	_	_	_	_
545-3	BOI059	545	545	3	parti	parti	_	_	_	_	_	linguistic	_	none	_	_	_	_	_	_
545-4	BOI059	545	545	4	da	da	_	_	_	_	_	linguistic	_	none	_	_	_	_	_	_
545-5	BOI059	545	545	5	saragozza	saragozza	_	_	_	_	_	linguistic	_	none	_	_	_	_	_	_
545-6	BOI059	545	545	6	da	da	_	_	_	_	_	linguistic	_	none	_	_	_	_	_	_
545-7	BOI059	545	545	7	dove	dove	_	_	_	_	_	linguistic	_	none	_	_	_	_	_	_
545-8	BOI059	545	545	8	diavolo	diavolo	_	_	_	_	_	linguistic	_	none	_	_	_	_	_	_
545-9	BOI059	545	545	9	parti	parti	_	_	_	_	_	linguistic	_	none	_	End=1202.618	_	_	_	_
546-0	BOR017	546	546	0	{ride}	{ride}	_	_	_	_	_	nonverbalbehavior	_	none	_	Begin=1202.93|End=1203.252	_	_	_	_
547-0	BOI059	547	547	0	per	per	_	_	_	_	_	linguistic	_	none	_	Begin=1203.249	_	_	_	_
547-1	BOI059	547	547	1	me	me	_	_	_	_	_	linguistic	_	none	_	_	_	_	_	_
547-2	BOI059	547	547	2	san	san	_	_	_	_	_	linguistic	_	none	_	_	_	_	_	_
547-3	BOI059	547	547	3	luca	luca	_	_	_	_	_	linguistic	_	none	_	_	_	_	_	_
547-4	BOI059	547	547	4	è	è	_	_	_	_	_	linguistic	_	none	_	_	_	_	_	_
547-5	BOI059	547	547	5	stato	stato	_	_	_	_	_	linguistic	_	none	_	_	_	_	_	_
547-6	BOI059	547	547	6	importante	importante	_	_	_	_	_	linguistic	_	none	_	_	_	_	_	_
547-7	BOI059	547	547	7	perché	perché	_	_	_	_	_	linguistic	_	none	_	_	_	_	_	_
547-8	BOI059	547	547	8	in	in	_	_	_	_	_	linguistic	_	none	_	_	_	_	_	_
547-9	BOI059	547	547	9	uno	uno	_	_	_	_	_	linguistic	_	none	_	_	_	_	_	_
547-10	BOI059	547	547	10	dei	dei	_	_	_	_	_	linguistic	_	none	_	_	_	_	_	_
547-11	BOI059	547	547	11	momenti	momenti	_	_	_	_	_	linguistic	_	none	_	_	_	_	_	_
547-12	BOI059	547	547	12	di:	di	_	_	_	_	_	linguistic	_	none	_	_	1x1	_	_	_
547-13	BOI059	547	547	13	m:h	mh	_	_	_	_	_	linguistic	_	none	_	End=1207.566	0x1	_	_	_
548-0	BOI059	548	548	0	fidanza:ta	fidanzata	_	_	_	_	_	linguistic	_	none	_	Begin=1207.875|End=1208.797	6x1	_	_	_
549-0	BOI059	549	549	0	convivente	convivente	_	_	_	_	_	linguistic	_	none	_	Begin=1209.053	_	_	_	_
549-1	BOI059	549	549	1	da	da	_	_	_	_	_	linguistic	_	none	_	_	_	_	_	_
549-2	BOI059	549	549	2	un	un	_	_	_	_	_	linguistic	_	none	_	_	_	_	_	_
549-3	BOI059	549	549	3	paio	paio	_	_	_	_	_	linguistic	_	none	_	_	_	_	_	_
549-4	BOI059	549	549	4	d'	d'	_	_	_	_	_	linguistic	_	none	SpaceAfter=No	_	_	_	_	_
549-5	BOI059	549	549	5	anni	anni	_	_	_	_	_	linguistic	_	none	_	End=1210.875	_	_	_	_
550-0	BOI059	550	550	0	e::h	eh	_	_	_	_	_	linguistic	_	none	_	Begin=1211.452	0x2	_	_	_
550-1	BOI059	550	550	1	marito	marito	_	_	_	_	_	linguistic	_	none	_	_	_	_	_	_
550-2	BOI059	550	550	2	in	in	_	_	_	_	_	linguistic	_	none	_	_	_	_	_	_
550-3	BOI059	550	550	3	trasferta	trasferta	_	_	_	_	_	linguistic	_	none	_	End=1213.483	_	_	_	_
551-0	BOI059	551	551	0	io	io	_	_	_	_	_	linguistic	_	none	_	Begin=1214.139	_	_	_	_
551-1	BOI059	551	551	1	in	in	_	_	_	_	_	linguistic	_	none	_	_	_	_	_	_
551-2	BOI059	551	551	2	attimo	attimo	_	_	_	_	_	linguistic	_	none	_	_	_	_	_	_
551-3	BOI059	551	551	3	di	di	_	_	_	_	_	linguistic	_	none	_	_	_	_	_	_
551-4	BOI059	551	551	4	panico	panico	_	_	_	_	_	linguistic	_	none	_	_	_	_	_	_
551-5	BOI059	551	551	5	perché	perché	_	_	_	_	_	linguistic	_	none	_	_	_	_	_	_
551-6	BOI059	551	551	6	era	era	_	_	_	_	_	linguistic	_	none	_	_	_	_	_	_
551-7	BOI059	551	551	7	la	la	_	_	_	_	_	linguistic	_	none	_	_	_	_	_	_
551-8	BOI059	551	551	8	prima	prima	_	_	_	_	_	linguistic	_	none	_	_	_	_	_	_
551-9	BOI059	551	551	9	volta	volta	_	_	_	_	_	linguistic	_	none	_	_	_	_	_	_
551-10	BOI059	551	551	10	che	che	_	_	_	_	_	linguistic	_	none	_	_	_	_	_	_
551-11	BOI059	551	551	11	ero	ero	_	_	_	_	_	linguistic	_	none	_	_	_	_	_	_
551-12	BOI059	551	551	12	da	da	_	_	_	_	_	linguistic	_	none	_	_	_	_	_	_
551-13	BOI059	551	551	13	sola	sola	_	_	_	_	_	linguistic	_	none	_	_	_	_	_	_
551-14	BOI059	551	551	14	in	in	_	_	_	_	_	linguistic	_	none	_	_	_	_	_	_
551-15	BOI059	551	551	15	quella	quella	_	_	_	_	_	linguistic	_	none	_	_	_	_	_	_
551-16	BOI059	551	551	16	che	che	_	_	_	_	_	linguistic	_	none	_	_	_	_	_	_
551-17	BOI059	551	551	17	era	era	_	_	_	_	_	linguistic	_	none	_	_	_	_	_	_
551-18	BOI059	551	551	18	casa	casa	_	_	_	_	_	linguistic	_	none	_	_	_	_	_	_
551-19	BOI059	551	551	19	sua	sua	_	_	_	_	_	linguistic	_	none	_	_	_	_	_	_
551-20	BOI059	551	551	20	in	in	_	_	_	_	_	linguistic	_	none	_	_	_	_	_	_
551-21	BOI059	551	551	21	affitto	affitto	_	_	_	_	_	linguistic	_	none	_	_	_	_	_	_
551-22	BOI059	551	551	22	ed	ed	_	_	_	_	_	linguistic	_	none	_	_	_	_	_	_
551-23	BOI059	551	551	23	era	era	_	_	_	_	_	linguistic	_	none	_	_	_	_	_	_
551-24	BOI059	551	551	24	casa	casa	_	_	_	_	_	linguistic	_	none	_	_	_	_	_	_
551-25	BOI059	551	551	25	nostra	nostra	_	_	_	_	_	linguistic	_	none	_	End=1220.717	_	_	_	_
552-0	BOI059	552	552	0	sono	sono	_	_	_	_	_	linguistic	_	none	_	Begin=1221.225	_	_	_	_
552-1	BOI059	552	552	1	uscita	uscita	_	_	_	_	_	linguistic	_	none	_	_	_	_	_	_
552-2	BOI059	552	552	2	di	di	_	_	_	_	_	linguistic	_	none	_	_	_	_	_	_
552-3	BOI059	552	552	3	casa	casa	_	_	_	_	_	linguistic	_	none	_	_	_	_	_	_
552-4	BOI059	552	552	4	da	da	_	_	_	_	_	linguistic	_	none	_	_	_	_	_	_
552-5	BOI059	552	552	5	casalecchio	casalecchio	_	_	_	_	_	linguistic	_	none	_	_	_	_	_	_
552-6	BOI059	552	552	6	e	e	_	_	_	_	_	linguistic	_	none	_	_	_	_	_	_
552-7	BOI059	552	552	7	sono	sono	_	_	_	_	_	linguistic	_	none	_	_	_	_	_	_
552-8	BOI059	552	552	8	arrivata	arrivata	_	_	_	_	_	linguistic	_	none	_	_	_	_	_	_
552-9	BOI059	552	552	9	su	su	_	_	_	_	_	linguistic	_	none	_	_	_	_	_	_
552-10	BOI059	552	552	10	a	a	_	_	_	_	_	linguistic	_	none	_	_	_	_	_	_
552-11	BOI059	552	552	11	piedi	piedi	_	_	_	_	_	linguistic	_	none	_	_	_	_	_	_
552-12	BOI059	552	552	12	a	a	_	_	_	_	_	linguistic	_	none	_	_	_	_	_	_
552-13	BOI059	552	552	13	san	san	_	_	_	_	_	linguistic	_	none	_	_	_	_	_	_
552-14	BOI059	552	552	14	luca	luca	_	_	_	_	_	linguistic	_	none	_	End=1224.537	_	_	_	_
553-0	BOR017	553	553	0	wow	wow	_	_	_	_	_	linguistic	_	none	_	Begin=1224.57	_	_	_	_
553-1	BOR017	553	553	1	com[plimenti]	complimenti	_	_	_	_	_	linguistic	_	none	_	End=1226.135	_	_	_	3-11(88)
554-0	BOI059	554	554	0	[e	e	_	_	_	_	_	linguistic	_	none	_	Begin=1225.244	_	_	_	0-1(88)
554-1	BOI059	554	554	1	poi	poi	_	_	_	_	_	linguistic	_	none	_	_	_	_	_	0-3(88)
554-2	BOI059	554	554	2	son	son	_	_	_	_	_	linguistic	_	none	_	_	_	_	_	0-3(88)
554-3	BOI059	554	554	3	tornata	tornata	_	_	_	_	_	linguistic	_	none	_	_	_	_	_	0-7(88)
554-4	BOI059	554	554	4	giù]	giù	_	_	_	_	_	linguistic	_	none	_	_	_	_	_	0-3(88)
554-5	BOI059	554	554	5	a	a	_	_	_	_	_	linguistic	_	none	_	_	_	_	_	_
554-6	BOI059	554	554	6	piedi	piedi	_	_	_	_	_	linguistic	_	none	_	End=1226.714	_	_	_	_
555-0	BOI059	555	555	0	perché	perché	_	_	_	_	_	linguistic	_	none	_	Begin=1227.193	_	_	_	_
555-1	BOI059	555	555	1	ed	ed	_	_	_	_	_	linguistic	_	none	_	_	_	_	_	_
555-2	BOI059	555	555	2	era	era	_	_	_	_	_	linguistic	_	none	_	_	_	_	_	_
555-3	BOI059	555	555	3	l'	l'	_	_	_	_	_	linguistic	_	none	SpaceAfter=No	_	_	_	_	_
555-4	BOI059	555	555	4	otto	otto	_	_	_	_	_	linguistic	_	none	_	_	_	_	_	_
555-5	BOI059	555	555	5	marzo	marzo	_	_	_	_	_	linguistic	_	none	_	_	_	_	_	_
555-6	BOI059	555	555	6	in	in	_	_	_	_	_	linguistic	_	none	_	_	_	_	_	_
555-7	BOI059	555	555	7	tutto	tutto	_	_	_	_	_	linguistic	_	none	_	_	_	_	_	_
555-8	BOI059	555	555	8	questo	questo	_	_	_	_	_	linguistic	_	none	_	_	_	_	_	_
555-9	BOI059	555	555	9	tra	tra	_	_	_	_	_	linguistic	_	none	_	_	_	_	_	_
555-10	BOI059	555	555	10	l'	l'	_	_	_	_	_	linguistic	_	none	SpaceAfter=No	_	_	_	_	_
555-11	BOI059	555	555	11	altro	altro	_	_	_	_	_	linguistic	_	none	_	_	_	_	_	_
555-12	BOI059	555	555	12	cioè	cioè	_	_	_	_	_	linguistic	_	none	_	_	_	Fast=3-4(0)	_	_
555-13	BOI059	555	555	13	>memoria	memoria	_	_	_	_	_	linguistic	_	none	_	_	_	Fast=0-7(0)	_	_
555-14	BOI059	555	555	14	improvvisa<	improvvisa	_	_	_	_	_	linguistic	_	none	_	_	_	Fast=0-9(0)	_	_
555-15	BOI059	555	555	15	[quindi]	quindi	_	_	_	_	_	linguistic	_	none	_	End=1231.347	_	_	_	0-5(89)
556-0	BOR017	556	556	0	[indipe]ndenza	indipendenza	_	_	_	_	_	linguistic	_	none	_	Begin=1231.047	_	_	_	0-6(89)
556-1	BOR017	556	556	1	delle	delle	_	_	_	_	_	linguistic	_	none	_	_	_	_	_	_
556-2	BOR017	556	556	2	[donne]	donne	_	_	_	_	_	linguistic	_	none	_	End=1232.405	_	_	_	0-5(90)
557-0	BOI059	557	557	0	[esatt]o	esatto	_	_	_	_	_	linguistic	_	none	_	Begin=1232.074	_	_	_	0-5(90)
557-1	BOI059	557	557	1	indipendenza	indipendenza	_	_	_	_	_	linguistic	_	none	_	_	_	_	_	_
557-2	BOI059	557	557	2	delle	delle	_	_	_	_	_	linguistic	_	none	_	_	_	_	_	_
557-3	BOI059	557	557	3	donne:	donne	_	_	_	_	_	linguistic	_	none	_	_	4x1	_	_	_
557-4	BOI059	557	557	4	attacco	attacco	_	_	_	_	_	linguistic	_	none	_	_	_	_	_	_
557-5	BOI059	557	557	5	di	di	_	_	_	_	_	linguistic	_	none	_	_	_	_	_	_
557-6	BOI059	557	557	6	panico	panico	_	_	_	_	_	linguistic	_	none	_	_	_	_	_	_
557-7	BOI059	557	557	7	di	di	_	_	_	_	_	linguistic	_	none	_	_	_	_	_	_
557-8	BOI059	557	557	8	essere	essere	_	_	_	_	_	linguistic	_	none	_	_	_	_	_	_
557-9	BOI059	557	557	9	da	da	_	_	_	_	_	linguistic	_	none	_	_	_	_	_	_
557-10	BOI059	557	557	10	sola	sola	_	_	_	_	_	linguistic	_	none	_	_	_	_	_	_
557-11	BOI059	557	557	11	ho	ho	_	_	_	_	_	linguistic	_	none	_	_	_	_	_	_
557-12	BOI059	557	557	12	preso	preso	_	_	_	_	_	linguistic	_	none	_	_	_	_	_	_
557-13	BOI059	557	557	13	e	e	_	_	_	_	_	linguistic	_	none	_	_	_	_	_	_
557-14	BOI059	557	557	14	sono	sono	_	_	_	_	_	linguistic	_	none	_	_	_	_	_	_
557-15	BOI059	557	557	15	andata	andata	_	_	_	_	_	linguistic	_	none	_	_	_	_	_	_
557-16	BOI059	557	557	16	su	su	_	_	_	_	_	linguistic	_	none	_	_	_	_	_	_
557-17	BOI059	557	557	17	a	a	_	_	_	_	_	linguistic	_	none	_	_	_	_	_	_
557-18	BOI059	557	557	18	piedi	piedi	_	_	_	_	_	linguistic	_	none	_	_	_	_	_	_
557-19	BOI059	557	557	19	letteralmente	letteralmente	_	_	_	_	_	linguistic	_	none	_	End=1237.109	_	_	_	_
558-0	BOR017	558	558	0	parlando	parlando	_	_	_	_	_	linguistic	_	none	_	Begin=1237.835	_	_	_	_
558-1	BOR017	558	558	1	di	di	_	_	_	_	_	linguistic	_	none	_	_	_	_	_	_
558-2	BOR017	558	558	2	portici	portici	_	_	_	_	_	linguistic	_	none	_	End=1239.193	_	_	_	_
559-0	BOI059	559	559	0	sì	sì	_	_	_	_	_	linguistic	_	none	_	Begin=1239.203|End=1239.499	_	_	_	_
560-0	BOR017	560	560	0	immagino	immagino	_	_	_	_	_	linguistic	_	none	_	Begin=1239.598	_	_	_	_
560-1	BOR017	560	560	1	tu	tu	_	_	_	_	_	linguistic	_	none	_	_	_	_	_	_
560-2	BOR017	560	560	2	abbia	abbia	_	_	_	_	_	linguistic	_	none	_	_	_	_	_	_
560-3	BOR017	560	560	3	letto	letto	_	_	_	_	_	linguistic	_	none	_	_	_	_	_	_
560-4	BOR017	560	560	4	che	che	_	_	_	_	_	linguistic	_	none	_	_	_	_	_	_
560-5	BOR017	560	560	5	sono	sono	_	_	_	_	_	linguistic	_	none	_	_	_	_	_	_
560-6	BOR017	560	560	6	stati	stati	_	_	_	_	_	linguistic	_	none	_	_	_	_	_	_
560-7	BOR017	560	560	7	dichiarati	dichiarati	_	_	_	_	_	linguistic	_	none	_	_	_	_	_	_
560-8	BOR017	560	560	8	patrimonio	patrimonio	_	_	_	_	_	linguistic	_	none	_	_	_	_	_	_
560-9	BOR017	560	560	9	dell'	dell'	_	_	_	_	_	linguistic	_	none	SpaceAfter=No	_	_	_	_	_
560-10	BOR017	560	560	10	unesco	unesco	_	_	_	_	_	linguistic	_	none	_	_	_	_	_	_
560-11	BOR017	560	560	11	[grandis]simo	grandissimo	_	_	_	_	_	linguistic	_	none	_	_	_	_	_	0-7(91)
560-12	BOR017	560	560	12	o[nore]	onore	_	_	_	_	_	linguistic	_	none	_	_	_	_	_	0-5(92)
560-13	BOR017	560	560	13	°grandis[simo	grandissimo	_	_	_	_	_	linguistic	_	none	Volume=low	_	_	_	_	6-11(93)
560-14	BOR017	560	560	14	onore]°	onore	_	_	_	_	_	linguistic	_	none	Volume=low	End=1245.683	_	_	_	0-5(93)
561-0	BOI059	561	561	0	[ovvio]	ovvio	_	_	_	_	_	linguistic	_	none	_	Begin=1243.278|End=1243.835	_	_	_	0-5(91)
562-0	BOI059	562	562	0	[yes]	yes	_	_	_	_	_	linguistic	_	none	_	Begin=1244.309|End=1244.711	_	_	_	0-3(92)
563-0	BOI059	563	563	0	[sì]	sì	_	_	_	_	_	linguistic	_	none	_	Begin=1245.122|End=1245.654	_	_	_	0-2(93)
564-0	BOR017	564	564	0	secondo	secondo	_	_	_	_	_	linguistic	_	none	_	Begin=1245.95	_	_	_	_
564-1	BOR017	564	564	1	te	te	_	_	_	_	_	linguistic	_	none	_	_	_	_	_	_
564-2	BOR017	564	564	2	meritano	meritano	_	_	_	_	_	linguistic	_	none	_	_	_	_	_	_
564-3	BOR017	564	564	3	davvero	davvero	_	_	_	_	_	linguistic	_	none	_	_	_	_	_	_
564-4	BOR017	564	564	4	ques[to	questo	_	_	_	_	_	linguistic	_	none	_	_	_	_	_	4-6(94)
564-5	BOR017	564	564	5	ti]tolo?	titolo	_	_	_	_	_	linguistic	_	none	Intonation=Rising	End=1247.901	_	_	_	0-2(94)
565-0	BOI059	565	565	0	[sì]	sì	_	_	_	_	_	linguistic	_	none	_	Begin=1247.146|End=1247.495	_	_	_	0-2(94)
566-0	BOI059	566	566	0	sì	sì	_	_	_	_	_	linguistic	_	none	_	Begin=1248.287|End=1248.461	_	_	_	_
567-0	BOI059	567	567	0	me	me	_	_	_	_	_	linguistic	_	none	_	Begin=1249.15	_	_	_	_
567-1	BOI059	567	567	1	ne	ne	_	_	_	_	_	linguistic	_	none	_	_	_	_	_	_
567-2	BOI059	567	567	2	son	son	_	_	_	_	_	linguistic	_	none	_	_	_	_	_	_
567-3	BOI059	567	567	3	resa	resa	_	_	_	_	_	linguistic	_	none	_	_	_	_	_	_
567-4	BOI059	567	567	4	conto::	conto	_	_	_	_	_	linguistic	_	none	_	_	4x2	_	_	_
567-5	BOI059	567	567	5	andando	andando	_	_	_	_	_	linguistic	_	none	_	_	_	_	_	_
567-6	BOI059	567	567	6	in	in	_	_	_	_	_	linguistic	_	none	_	_	_	_	_	_
567-7	BOI059	567	567	7	altre	altre	_	_	_	_	_	linguistic	_	none	_	_	_	_	_	_
567-8	BOI059	567	567	8	città	città	_	_	_	_	_	linguistic	_	none	_	End=1252.209	_	_	_	_
568-0	BOR017	568	568	0	oka[y]	okay	_	_	_	_	_	linguistic	_	none	_	Begin=1252.39|End=1252.998	_	_	_	3-4(95)
569-0	BOI059	569	569	0	[nel	nel	_	_	_	_	_	linguistic	_	none	_	Begin=1252.904	_	_	_	0-3(95)
569-1	BOI059	569	569	1	s]enso	senso	_	_	_	_	_	linguistic	_	none	_	_	_	_	_	0-1(95)
569-2	BOI059	569	569	2	che	che	_	_	_	_	_	linguistic	_	none	_	_	_	_	_	_
569-3	BOI059	569	569	3	quando	quando	_	_	_	_	_	linguistic	_	none	_	_	_	_	_	_
569-4	BOI059	569	569	4	in	in	_	_	_	_	_	linguistic	_	none	_	_	_	_	_	_
569-5	BOI059	569	569	5	altre	altre	_	_	_	_	_	linguistic	_	none	_	_	_	_	_	_
569-6	BOI059	569	569	6	città	città	_	_	_	_	_	linguistic	_	none	_	_	_	_	_	_
569-7	BOI059	569	569	7	piove	piove	_	_	_	_	_	linguistic	_	none	_	_	_	_	_	_
569-8	BOI059	569	569	8	non	non	_	_	_	_	_	linguistic	_	none	_	_	_	_	_	_
569-9	BOI059	569	569	9	puoi	puoi	_	_	_	_	_	linguistic	_	none	_	_	_	_	_	_
569-10	BOI059	569	569	10	vedere	vedere	_	_	_	_	_	linguistic	_	none	_	_	_	_	_	_
569-11	BOI059	569	569	11	il	il	_	_	_	_	_	linguistic	_	none	_	_	_	_	_	_
569-12	BOI059	569	569	12	centro	centro	_	_	_	_	_	linguistic	_	none	_	_	_	_	_	_
569-13	BOI059	569	569	13	storico	storico	_	_	_	_	_	linguistic	_	none	_	End=1256.68	_	_	_	_
570-0	BOI059	570	570	0	da	da	_	_	_	_	_	linguistic	_	none	_	Begin=1256.854	_	_	_	_
570-1	BOI059	570	570	1	noi	noi	_	_	_	_	_	linguistic	_	none	_	_	_	_	_	_
570-2	BOI059	570	570	2	sì	sì	_	_	_	_	_	linguistic	_	none	_	End=1257.309	_	_	_	_
571-0	BOR017	571	571	0	{ride}	{ride}	_	_	_	_	_	nonverbalbehavior	_	none	_	Begin=1257.424|End=1257.96	_	_	_	_
572-0	BOI059	572	572	0	{ride}	{ride}	_	_	_	_	_	nonverbalbehavior	_	none	_	Begin=1257.717|End=1258.913	_	_	_	_
573-0	BOR017	573	573	0	ti	ti	_	_	_	_	_	linguistic	_	none	_	Begin=1258.602	_	_	_	_
573-1	BOR017	573	573	1	sembra	sembra	_	_	_	_	_	linguistic	_	none	_	_	_	_	_	_
573-2	BOR017	573	573	2	nient[e]?	niente	_	_	_	_	_	linguistic	_	none	Intonation=Rising	End=1259.773	_	_	_	5-6(96)
574-0	BOI059	574	574	0	[n]o	no	_	_	_	_	_	linguistic	_	none	_	Begin=1259.739	_	_	_	0-1(96)
574-1	BOI059	574	574	1	{ride}	{ride}	_	_	_	_	_	nonverbalbehavior	_	none	_	End=1260.287	_	_	_	_
575-0	BOI059	575	575	0	>quando	quando	_	_	_	_	_	linguistic	_	none	_	Begin=1260.35	_	Fast=0-6(0)	_	_
575-1	BOI059	575	575	1	vai	vai	_	_	_	_	_	linguistic	_	none	_	_	_	Fast=0-3(0)	_	_
575-2	BOI059	575	575	2	a	a	_	_	_	_	_	linguistic	_	none	_	_	_	Fast=0-1(0)	_	_
575-3	BOI059	575	575	3	fare	fare	_	_	_	_	_	linguistic	_	none	_	_	_	Fast=0-4(0)	_	_
575-4	BOI059	575	575	4	shopping<	shopping	_	_	_	_	_	linguistic	_	none	_	_	_	Fast=0-8(0)	_	_
575-5	BOI059	575	575	5	se	se	_	_	_	_	_	linguistic	_	none	_	_	_	_	_	_
575-6	BOI059	575	575	6	piove	piove	_	_	_	_	_	linguistic	_	none	_	_	_	_	_	_
575-7	BOI059	575	575	7	hai	hai	_	_	_	_	_	linguistic	_	none	_	_	_	_	_	_
575-8	BOI059	575	575	8	tempo	tempo	_	_	_	_	_	linguistic	_	none	_	_	_	_	_	_
575-9	BOI059	575	575	9	di	di	_	_	_	_	_	linguistic	_	none	_	_	_	_	_	_
575-10	BOI059	575	575	10	uscire	uscire	_	_	_	_	_	linguistic	_	none	_	_	_	_	_	_
575-11	BOI059	575	575	11	dal	dal	_	_	_	_	_	linguistic	_	none	_	_	_	_	_	_
575-12	BOI059	575	575	12	negozio	negozio	_	_	_	_	_	linguistic	_	none	_	_	_	_	_	_
575-13	BOI059	575	575	13	sistemare	sistemare	_	_	_	_	_	linguistic	_	none	_	_	_	_	_	_
575-14	BOI059	575	575	14	le	le	_	_	_	_	_	linguistic	_	none	_	_	_	_	_	_
575-15	BOI059	575	575	15	tue	tue	_	_	_	_	_	linguistic	_	none	_	_	_	_	_	_
575-16	BOI059	575	575	16	robe	robe	_	_	_	_	_	linguistic	_	none	_	_	_	_	_	_
575-17	BOI059	575	575	17	e	e	_	_	_	_	_	linguistic	_	none	_	_	_	_	_	_
575-18	BOI059	575	575	18	andare	andare	_	_	_	_	_	linguistic	_	none	_	_	_	_	_	_
575-19	BOI059	575	575	19	oltre	oltre	_	_	_	_	_	linguistic	_	none	_	End=1264.857	_	_	_	_
576-0	BOI059	576	576	0	quindi:	quindi	_	_	_	_	_	linguistic	_	none	_	Begin=1265.122	5x1	_	_	_
576-1	BOI059	576	576	1	io	io	_	_	_	_	_	linguistic	_	none	_	_	_	_	_	_
576-2	BOI059	576	576	2	credo	credo	_	_	_	_	_	linguistic	_	none	_	_	_	_	_	_
576-3	BOI059	576	576	3	che	che	_	_	_	_	_	linguistic	_	none	_	_	_	_	_	_
576-4	BOI059	576	576	4	se	se	_	_	_	_	_	linguistic	_	none	_	_	_	_	_	_
576-5	BOI059	576	576	5	li	li	_	_	_	_	_	linguistic	_	none	_	_	_	_	_	_
576-6	BOI059	576	576	6	meritino	meritino	_	_	_	_	_	linguistic	_	none	_	_	_	_	_	_
576-7	BOI059	576	576	7	sì	sì	_	_	_	_	_	linguistic	_	none	_	End=1266.751	_	_	_	_
577-0	BOR017	577	577	0	hai	hai	_	_	_	_	_	linguistic	_	none	_	Begin=1267.539|End=1268.053	_	_	_	_
578-0	BOR017	578	578	0	qualche	qualche	_	_	_	_	_	linguistic	_	none	_	Begin=1268.359	_	_	_	_
578-1	BOR017	578	578	1	aneddoto	aneddoto	_	_	_	_	_	linguistic	_	none	_	_	_	_	_	_
578-2	BOR017	578	578	2	legato	legato	_	_	_	_	_	linguistic	_	none	_	_	_	_	_	_
578-3	BOR017	578	578	3	ai	ai	_	_	_	_	_	linguistic	_	none	_	_	_	_	_	_
578-4	BOR017	578	578	4	portici?	portici	_	_	_	_	_	linguistic	_	none	Intonation=Rising	End=1270.508	_	_	_	_
579-0	BOI059	579	579	0	una	una	_	_	_	_	_	linguistic	_	none	_	Begin=1271.526	_	_	_	_
579-1	BOI059	579	579	1	marea	marea	_	_	_	_	_	linguistic	_	none	_	_	_	_	_	_
579-2	BOI059	579	579	2	c(io)è	cioè	_	_	_	_	_	linguistic	_	none	_	_	_	_	1-3(0)	_
579-3	BOI059	579	579	3	nel	nel	_	_	_	_	_	linguistic	_	none	_	_	_	_	_	_
579-4	BOI059	579	579	4	senso	senso	_	_	_	_	_	linguistic	_	none	_	End=1273.121	_	_	_	_
580-0	BOI059	580	580	0	l'	l'	_	_	_	_	_	linguistic	_	none	SpaceAfter=No	Begin=1273.361	_	_	_	_
580-1	BOI059	580	580	1	ultimo	ultimo	_	_	_	_	_	linguistic	_	none	_	_	_	_	_	_
580-2	BOI059	580	580	2	è	è	_	_	_	_	_	linguistic	_	none	_	_	_	_	_	_
580-3	BOI059	580	580	3	di	di	_	_	_	_	_	linguistic	_	none	_	_	_	_	_	_
580-4	BOI059	580	580	4	questo	questo	_	_	_	_	_	linguistic	_	none	_	_	_	_	_	_
580-5	BOI059	580	580	5	halloween	halloween	_	_	_	_	_	linguistic	_	none	_	_	_	_	_	_
580-6	BOI059	580	580	6	a	a	_	_	_	_	_	linguistic	_	none	_	_	_	_	_	_
580-7	BOI059	580	580	7	me	me	_	_	_	_	_	linguistic	_	none	_	_	_	_	_	_
580-8	BOI059	580	580	8	piace	piace	_	_	_	_	_	linguistic	_	none	_	_	_	_	_	_
580-9	BOI059	580	580	9	festeggiare	festeggiare	_	_	_	_	_	linguistic	_	none	_	_	_	_	_	_
580-10	BOI059	580	580	10	halloween	halloween	_	_	_	_	_	linguistic	_	none	_	End=1276.991	_	_	_	_
581-0	BOI059	581	581	0	eh	eh	_	_	_	_	_	linguistic	_	none	_	Begin=1277.437	_	_	_	_
581-1	BOI059	581	581	1	volevamo	volevamo	_	_	_	_	_	linguistic	_	none	_	_	_	_	_	_
581-2	BOI059	581	581	2	fare	fare	_	_	_	_	_	linguistic	_	none	_	_	_	_	_	_
581-3	BOI059	581	581	3	un:	un	_	_	_	_	_	linguistic	_	none	_	End=1279.032	1x1	_	_	_
582-0	BOI059	582	582	0	filmatino	filmatino	_	_	_	_	_	linguistic	_	none	_	Begin=1279.1	_	_	_	_
582-1	BOI059	582	582	1	carino	carino	_	_	_	_	_	linguistic	_	none	_	_	_	_	_	_
582-2	BOI059	582	582	2	collegato	collegato	_	_	_	_	_	linguistic	_	none	_	_	_	_	_	_
582-3	BOI059	582	582	3	al	al	_	_	_	_	_	linguistic	_	none	_	_	_	_	_	_
582-4	BOI059	582	582	4	fatto	fatto	_	_	_	_	_	linguistic	_	none	_	_	_	_	_	_
582-5	BOI059	582	582	5	che	che	_	_	_	_	_	linguistic	_	none	_	_	_	_	_	_
582-6	BOI059	582	582	6	e:h	eh	_	_	_	_	_	linguistic	_	none	_	End=1282.284	0x1	_	_	_
583-0	BOI059	583	583	0	rappresentavamo	rappresentavamo	_	_	_	_	_	linguistic	_	none	_	Begin=1282.517	_	_	_	_
583-1	BOI059	583	583	1	due	due	_	_	_	_	_	linguistic	_	none	_	_	_	_	_	_
583-2	BOI059	583	583	2	personaggi	personaggi	_	_	_	_	_	linguistic	_	none	_	_	_	_	_	_
583-3	BOI059	583	583	3	di	di	_	_	_	_	_	linguistic	_	none	_	_	_	_	_	_
583-4	BOI059	583	583	4	un	un	_	_	_	_	_	linguistic	_	none	_	_	_	_	_	_
583-5	BOI059	583	583	5	film	film	_	_	_	_	_	linguistic	_	none	_	_	_	_	_	_
583-6	BOI059	583	583	6	in	in	_	_	_	_	_	linguistic	_	none	_	_	_	_	_	_
583-7	BOI059	583	583	7	un	un	_	_	_	_	_	linguistic	_	none	_	_	_	_	_	_
583-8	BOI059	583	583	8	certo	certo	_	_	_	_	_	linguistic	_	none	_	_	_	_	_	_
583-9	BOI059	583	583	9	senso	senso	_	_	_	_	_	linguistic	_	none	_	End=1286.032	_	_	_	_
584-0	BOI059	584	584	0	e	e	_	_	_	_	_	linguistic	_	none	_	Begin=1286.785	_	_	_	_
584-1	BOI059	584	584	1	abbiamo	abbiamo	_	_	_	_	_	linguistic	_	none	_	_	_	_	_	_
584-2	BOI059	584	584	2	usato	usato	_	_	_	_	_	linguistic	_	none	_	_	_	_	_	_
584-3	BOI059	584	584	3	i	i	_	_	_	_	_	linguistic	_	none	_	_	_	_	_	_
584-4	BOI059	584	584	4	portici	portici	_	_	_	_	_	linguistic	_	none	_	_	_	_	_	_
584-5	BOI059	584	584	5	come	come	_	_	_	_	_	linguistic	_	none	_	_	_	_	_	_
584-6	BOI059	584	584	6	ambientazione	ambientazione	_	_	_	_	_	linguistic	_	none	_	End=1289.487	_	_	_	_
585-0	BOR017	585	585	0	°wow°	wow	_	_	_	_	_	linguistic	_	none	Volume=low	Begin=1289.539|End=1289.994	_	_	_	_
586-0	BOI059	586	586	0	piuttosto	piuttosto	_	_	_	_	_	linguistic	_	none	_	Begin=1290.019	_	_	_	_
586-1	BOI059	586	586	1	che:	che	_	_	_	_	_	linguistic	_	none	_	_	2x1	_	_	_
586-2	BOI059	586	586	2	da	da	_	_	_	_	_	linguistic	_	none	_	_	_	_	_	_
586-3	BOI059	586	586	3	ragazzina	ragazzina	_	_	_	_	_	linguistic	_	none	_	_	_	_	_	_
586-4	BOI059	586	586	4	che	che	_	_	_	_	_	linguistic	_	none	_	_	_	_	_	_
586-5	BOI059	586	586	5	cerchi	cerchi	_	_	_	_	_	linguistic	_	none	_	_	_	_	_	_
586-6	BOI059	586	586	6	tutte	tutte	_	_	_	_	_	linguistic	_	none	_	_	_	_	_	_
586-7	BOI059	586	586	7	quante	quante	_	_	_	_	_	linguistic	_	none	_	_	_	_	_	_
586-8	BOI059	586	586	8	conti	conti	_	_	_	_	_	linguistic	_	none	_	_	_	_	_	_
586-9	BOI059	586	586	9	i	i	_	_	_	_	_	linguistic	_	none	_	_	_	_	_	_
586-10	BOI059	586	586	10	vari	vari	_	_	_	_	_	linguistic	_	none	_	_	_	_	_	_
586-11	BOI059	586	586	11	cosi	cosi	_	_	_	_	_	linguistic	_	none	_	_	_	_	_	_
586-12	BOI059	586	586	12	dei	dei	_	_	_	_	_	linguistic	_	none	_	_	_	_	_	_
586-13	BOI059	586	586	13	portici	portici	_	_	_	_	_	linguistic	_	none	_	End=1295.571	_	_	_	_
587-0	BOI059	587	587	0	piuttosto	piuttosto	_	_	_	_	_	linguistic	_	none	_	Begin=1295.909	_	_	_	_
587-1	BOI059	587	587	1	che	che	_	_	_	_	_	linguistic	_	none	_	_	_	_	_	_
587-2	BOI059	587	587	2	quando	quando	_	_	_	_	_	linguistic	_	none	_	_	_	_	_	_
587-3	BOI059	587	587	3	sei	sei	_	_	_	_	_	linguistic	_	none	_	_	_	_	_	_
587-4	BOI059	587	587	4	in	in	_	_	_	_	_	linguistic	_	none	_	_	_	_	_	_
587-5	BOI059	587	587	5	ugo	ugo	_	_	_	_	_	linguistic	_	none	_	_	_	_	_	_
587-6	BOI059	587	587	6	bassi	bassi	_	_	_	_	_	linguistic	_	none	_	_	_	_	_	_
587-7	BOI059	587	587	7	sotto	sotto	_	_	_	_	_	linguistic	_	none	_	_	_	_	_	_
587-8	BOI059	587	587	8	le	le	_	_	_	_	_	linguistic	_	none	_	_	_	_	_	_
587-9	BOI059	587	587	9	paz	paz	_	_	_	_	_	linguistic	_	none	_	End=1298.621	_	_	_	_
588-0	BOI059	588	588	0	e:h	eh	_	_	_	_	_	linguistic	_	none	_	Begin=1298.907|End=1299.387	0x1	_	_	_
589-0	BOI059	589	589	0	continui	continui	_	_	_	_	_	linguistic	_	none	_	Begin=1299.53	_	_	_	_
589-1	BOI059	589	589	1	a	a	_	_	_	_	_	linguistic	_	none	_	_	_	_	_	_
589-2	BOI059	589	589	2	guardare	guardare	_	_	_	_	_	linguistic	_	none	_	_	_	_	_	_
589-3	BOI059	589	589	3	in	in	_	_	_	_	_	linguistic	_	none	_	_	_	_	_	_
589-4	BOI059	589	589	4	alto	alto	_	_	_	_	_	linguistic	_	none	_	_	_	_	_	_
589-5	BOI059	589	589	5	la	la	_	_	_	_	_	linguistic	_	none	_	_	_	_	_	_
589-6	BOI059	589	589	6	stella	stella	_	_	_	_	_	linguistic	_	none	_	_	_	_	_	_
589-7	BOI059	589	589	7	di	di	_	_	_	_	_	linguistic	_	none	_	_	_	_	_	_
589-8	BOI059	589	589	8	david	david	_	_	_	_	_	linguistic	_	none	_	_	_	_	_	_
589-9	BOI059	589	589	9	quando	quando	_	_	_	_	_	linguistic	_	none	_	_	_	_	_	_
589-10	BOI059	589	589	10	sei	sei	_	_	_	_	_	linguistic	_	none	_	_	_	_	_	_
589-11	BOI059	589	589	11	piccola	piccola	_	_	_	_	_	linguistic	_	none	_	_	_	_	_	_
589-12	BOI059	589	589	12	non	non	_	_	_	_	_	linguistic	_	none	_	_	_	_	_	_
589-13	BOI059	589	589	13	capisci	capisci	_	_	_	_	_	linguistic	_	none	_	_	_	_	_	_
589-14	BOI059	589	589	14	e	e	_	_	_	_	_	linguistic	_	none	_	_	_	_	_	_
589-15	BOI059	589	589	15	crescendo	crescendo	_	_	_	_	_	linguistic	_	none	_	_	_	_	_	_
589-16	BOI059	589	589	16	capisci	capisci	_	_	_	_	_	linguistic	_	none	_	End=1304.265	_	_	_	_
590-0	BOI059	590	590	0	quindi	quindi	_	_	_	_	_	linguistic	_	none	_	Begin=1304.705	_	_	_	_
590-1	BOI059	590	590	1	sì	sì	_	_	_	_	_	linguistic	_	none	_	_	_	_	_	_
590-2	BOI059	590	590	2	più	più	_	_	_	_	_	linguistic	_	none	_	_	_	_	_	_
590-3	BOI059	590	590	3	che	che	_	_	_	_	_	linguistic	_	none	_	_	_	_	_	_
590-4	BOI059	590	590	4	più	più	_	_	_	_	_	linguistic	_	none	_	_	_	_	_	_
590-5	BOI059	590	590	5	che	che	_	_	_	_	_	linguistic	_	none	_	_	_	_	_	_
590-6	BOI059	590	590	6	aneddoti	aneddoti	_	_	_	_	_	linguistic	_	none	_	End=1306.689	_	_	_	_
591-0	BOI059	591	591	0	sono	sono	_	_	_	_	_	linguistic	_	none	_	Begin=1307.175	_	_	_	_
591-1	BOI059	591	591	1	letteralmente	letteralmente	_	_	_	_	_	linguistic	_	none	_	_	_	_	_	_
591-2	BOI059	591	591	2	i	i	_	_	_	_	_	linguistic	_	none	_	_	_	_	_	_
591-3	BOI059	591	591	3	momenti	momenti	_	_	_	_	_	linguistic	_	none	_	_	_	_	_	_
591-4	BOI059	591	591	4	di	di	_	_	_	_	_	linguistic	_	none	_	_	_	_	_	_
591-5	BOI059	591	591	5	vita	vita	_	_	_	_	_	linguistic	_	none	_	_	_	_	_	_
591-6	BOI059	591	591	6	perché	perché	_	_	_	_	_	linguistic	_	none	_	_	_	_	_	_
591-7	BOI059	591	591	7	i	i	_	_	_	_	_	linguistic	_	none	_	_	_	_	_	_
591-8	BOI059	591	591	8	portici	portici	_	_	_	_	_	linguistic	_	none	_	_	_	_	_	_
591-9	BOI059	591	591	9	fanno	fanno	_	_	_	_	_	linguistic	_	none	_	_	_	_	_	_
591-10	BOI059	591	591	10	parte	parte	_	_	_	_	_	linguistic	_	none	_	_	_	_	_	_
591-11	BOI059	591	591	11	di	di	_	_	_	_	_	linguistic	_	none	_	_	_	_	_	_
591-12	BOI059	591	591	12	noi	noi	_	_	_	_	_	linguistic	_	none	_	_	_	_	_	_
591-13	BOI059	591	591	13	non	non	_	_	_	_	_	linguistic	_	none	_	_	_	_	_	_
591-14	BOI059	591	591	14	è	è	_	_	_	_	_	linguistic	_	none	_	End=1311.119	_	_	_	_
592-0	BOI059	592	592	0	<l'	l'	_	_	_	_	_	linguistic	_	none	SpaceAfter=No	Begin=1311.315	_	Slow=0-2(0)	_	_
592-1	BOI059	592	592	1	aneddoto	aneddoto	_	_	_	_	_	linguistic	_	none	_	_	_	Slow=0-8(0)	_	_
592-2	BOI059	592	592	2	oh	oh	_	_	_	_	_	linguistic	_	none	_	_	_	Slow=0-2(0)	_	_
592-3	BOI059	592	592	3	mio	mio	_	_	_	_	_	linguistic	_	none	_	_	_	Slow=0-3(0)	_	_
592-4	BOI059	592	592	4	dio>	dio	_	_	_	_	_	linguistic	_	none	_	End=1312.873	_	Slow=0-3(0)	_	_
593-0	BOI059	593	593	0	<la	la	_	_	_	_	_	linguistic	_	none	_	Begin=1313.059	_	Slow=0-2(0)	_	_
593-1	BOI059	593	593	1	volta	volta	_	_	_	_	_	linguistic	_	none	_	_	_	Slow=0-5(0)	_	_
593-2	BOI059	593	593	2	in	in	_	_	_	_	_	linguistic	_	none	_	_	_	Slow=0-2(0)	_	_
593-3	BOI059	593	593	3	cui	cui	_	_	_	_	_	linguistic	_	none	_	_	_	Slow=0-3(0)	_	_
593-4	BOI059	593	593	4	hai	hai	_	_	_	_	_	linguistic	_	none	_	_	_	Slow=0-3(0)	_	_
593-5	BOI059	593	593	5	lasciato	lasciato	_	_	_	_	_	linguistic	_	none	_	_	_	Slow=0-8(0)	_	_
593-6	BOI059	593	593	6	il:	il	_	_	_	_	_	linguistic	_	none	_	_	1x1	Slow=0-2(0)	_	_
593-7	BOI059	593	593	7	morosino	morosino	_	_	_	_	_	linguistic	_	none	_	_	_	Slow=0-8(0)	_	_
593-8	BOI059	593	593	8	delle	delle	_	_	_	_	_	linguistic	_	none	_	_	_	Slow=0-5(0)	_	_
593-9	BOI059	593	593	9	scuole	scuole	_	_	_	_	_	linguistic	_	none	_	_	_	Slow=0-6(0)	_	_
593-10	BOI059	593	593	10	superiori>	superiori	_	_	_	_	_	linguistic	_	none	_	End=1318.562	_	Slow=0-9(0)	_	_
594-0	BOI059	594	594	0	e	e	_	_	_	_	_	linguistic	_	none	_	Begin=1318.9	_	_	_	_
594-1	BOI059	594	594	1	sei	sei	_	_	_	_	_	linguistic	_	none	_	_	_	_	_	_
594-2	BOI059	594	594	2	sotto	sotto	_	_	_	_	_	linguistic	_	none	_	_	_	_	_	_
594-3	BOI059	594	594	3	al	al	_	_	_	_	_	linguistic	_	none	_	_	_	_	_	_
594-4	BOI059	594	594	4	portico	portico	_	_	_	_	_	linguistic	_	none	_	_	_	_	_	_
594-5	BOI059	594	594	5	in	in	_	_	_	_	_	linguistic	_	none	_	_	_	_	_	_
594-6	BOI059	594	594	6	uno	uno	_	_	_	_	_	linguistic	_	none	_	_	_	_	_	_
594-7	BOI059	594	594	7	spigolino	spigolino	_	_	_	_	_	linguistic	_	none	_	_	_	_	_	_
594-8	BOI059	594	594	8	a	a	_	_	_	_	_	linguistic	_	none	_	_	_	_	_	_
594-9	BOI059	594	594	9	piangere	piangere	_	_	_	_	_	linguistic	_	none	_	_	_	_	_	_
594-10	BOI059	594	594	10	passa	passa	_	_	_	_	_	linguistic	_	none	_	_	_	_	_	_
594-11	BOI059	594	594	11	il	il	_	_	_	_	_	linguistic	_	none	_	_	_	_	_	_
594-12	BOI059	594	594	12	vecchietto	vecchietto	_	_	_	_	_	linguistic	_	none	_	_	_	_	_	_
594-13	BOI059	594	594	13	e	e	_	_	_	_	_	linguistic	_	none	_	_	_	_	_	_
594-14	BOI059	594	594	14	cerca	cerca	_	_	_	_	_	linguistic	_	none	_	_	_	_	_	_
594-15	BOI059	594	594	15	di	di	_	_	_	_	_	linguistic	_	none	_	_	_	_	_	_
594-16	BOI059	594	594	16	tirarti	tirarti	_	_	_	_	_	linguistic	_	none	_	_	_	_	_	_
594-17	BOI059	594	594	17	su	su	_	_	_	_	_	linguistic	_	none	_	_	_	_	_	_
594-18	BOI059	594	594	18	di	di	_	_	_	_	_	linguistic	_	none	_	_	_	_	_	_
594-19	BOI059	594	594	19	morale	morale	_	_	_	_	_	linguistic	_	none	_	_	_	_	_	_
594-20	BOI059	594	594	20	[quindi]	quindi	_	_	_	_	_	linguistic	_	none	_	End=1324.188	_	_	_	0-6(97)
595-0	BOR017	595	595	0	[te	te	_	_	_	_	_	linguistic	_	none	_	Begin=1323.701	_	_	_	0-2(97)
595-1	BOR017	595	595	1	lo	lo	_	_	_	_	_	linguistic	_	none	_	_	_	_	_	0-2(97)
595-2	BOR017	595	595	2	rico]rdi	ricordi	_	_	_	_	_	linguistic	_	none	_	_	_	_	_	0-4(97)
595-3	BOR017	595	595	3	per[ò]	però	_	_	_	_	_	linguistic	_	none	_	End=1324.829	_	_	_	3-4(98)
596-0	BOI059	596	596	0	[sì]	sì	_	_	_	_	_	linguistic	_	none	_	Begin=1324.553|End=1324.842	_	_	_	0-2(98)
597-0	BOI059	597	597	0	tutto	tutto	_	_	_	_	_	linguistic	_	none	_	Begin=1325.044	_	_	_	_
597-1	BOI059	597	597	1	beh	beh	_	_	_	_	_	linguistic	_	none	_	_	_	_	_	_
597-2	BOI059	597	597	2	eh	eh	_	_	_	_	_	linguistic	_	none	_	_	_	_	_	_
597-3	BOI059	597	597	3	mi	mi	_	_	_	_	_	linguistic	_	none	_	_	_	_	_	_
597-4	BOI059	597	597	4	ricordo	ricordo	_	_	_	_	_	linguistic	_	none	_	End=1326.462	_	_	_	_
598-0	BOI059	598	598	0	non	non	_	_	_	_	_	linguistic	_	none	_	Begin=1326.925	_	_	_	_
598-1	BOI059	598	598	1	ti	ti	_	_	_	_	_	linguistic	_	none	_	_	_	_	_	_
598-2	BOI059	598	598	2	dico	dico	_	_	_	_	_	linguistic	_	none	_	_	_	_	_	_
598-3	BOI059	598	598	3	al	al	_	_	_	_	_	linguistic	_	none	_	_	_	_	_	_
598-4	BOI059	598	598	4	cento	cento	_	_	_	_	_	linguistic	_	none	_	_	_	_	_	_
598-5	BOI059	598	598	5	per	per	_	_	_	_	_	linguistic	_	none	_	_	_	_	_	_
598-6	BOI059	598	598	6	cento	cento	_	_	_	_	_	linguistic	_	none	_	_	_	_	_	_
598-7	BOI059	598	598	7	in	in	_	_	_	_	_	linguistic	_	none	_	_	_	_	_	_
598-8	BOI059	598	598	8	quale	quale	_	_	_	_	_	linguistic	_	none	_	_	_	_	_	_
598-9	BOI059	598	598	9	arcata	arcata	_	_	_	_	_	linguistic	_	none	_	_	_	_	_	_
598-10	BOI059	598	598	10	di	di	_	_	_	_	_	linguistic	_	none	_	_	_	_	_	_
598-11	BOI059	598	598	11	portico	portico	_	_	_	_	_	linguistic	_	none	_	End=1329.897	_	_	_	_
599-0	BOR017	599	599	0	[xxx]	xxx	_	_	_	_	_	unknown	_	none	Syllables=3	Begin=1330.097|End=1330.994	_	_	_	0-3(99)
600-0	BOI059	600	600	0	[ma	ma	_	_	_	_	_	linguistic	_	none	_	Begin=1330.097	_	_	_	0-2(99)
600-1	BOI059	600	600	1	che	che	_	_	_	_	_	linguistic	_	none	_	_	_	_	_	0-3(99)
600-2	BOI059	600	600	2	ero]	ero	_	_	_	_	_	linguistic	_	none	_	End=1330.994	_	_	_	0-3(99)
601-0	BOI059	601	601	0	nei	nei	_	_	_	_	_	linguistic	_	none	_	Begin=1331.216	_	_	_	_
601-1	BOI059	601	601	1	portici	portici	_	_	_	_	_	linguistic	_	none	_	_	_	_	_	_
601-2	BOI059	601	601	2	di	di	_	_	_	_	_	linguistic	_	none	_	_	_	_	_	_
601-3	BOI059	601	601	3	via	via	_	_	_	_	_	linguistic	_	none	_	_	_	_	_	_
601-4	BOI059	601	601	4	santo	santo	_	_	_	_	_	linguistic	_	none	_	_	_	_	_	_
601-5	BOI059	601	601	5	[stefano	stefano	_	_	_	_	_	linguistic	_	none	PauseAfter=Yes	_	_	_	_	0-7(100)
601-6	BOI059	601	601	6	{P}	{P}	_	_	_	_	_	shortpause	_	none	_	_	_	_	_	0-3(100)
601-7	BOI059	601	601	7	perché]	perché	_	_	_	_	_	linguistic	_	none	_	_	_	_	_	0-6(100)
601-8	BOI059	601	601	8	sono	sono	_	_	_	_	_	linguistic	_	none	_	_	_	_	_	_
601-9	BOI059	601	601	9	i	i	_	_	_	_	_	linguistic	_	none	_	_	_	_	_	_
601-10	BOI059	601	601	10	nostri	nostri	_	_	_	_	_	linguistic	_	none	_	_	_	_	_	_
601-11	BOI059	601	601	11	portici	portici	_	_	_	_	_	linguistic	_	none	_	_	_	_	_	_
601-12	BOI059	601	601	12	sono	sono	_	_	_	_	_	linguistic	_	none	PauseAfter=Yes	_	_	_	_	_
601-13	BOI059	601	601	13	{P}	{P}	_	_	_	_	_	shortpause	_	none	_	_	_	_	_	_
601-14	BOI059	601	601	14	casa	casa	_	_	_	_	_	linguistic	_	none	_	_	_	_	_	_
601-15	BOI059	601	601	15	per	per	_	_	_	_	_	linguistic	_	none	_	_	_	_	_	_
601-16	BOI059	601	601	16	noi	noi	_	_	_	_	_	linguistic	_	none	_	_	_	_	_	_
601-17	BOI059	601	601	17	letteralmente	letteralmente	_	_	_	_	_	linguistic	_	none	_	End=1336.291	_	_	_	_
602-0	BOR017	602	602	0	[ah	ah	_	_	_	_	_	linguistic	_	none	_	Begin=1332.66	_	_	_	0-2(100)
602-1	BOR017	602	602	1	okay]	okay	_	_	_	_	_	linguistic	_	none	_	End=1333.386	_	_	_	0-4(100)
603-0	BOI059	603	603	0	#tutti	#tutti	_	_	_	_	_	error	_	none	_	Begin=1336.679	_	_	_	_
603-1	BOI059	603	603	1	i	i	_	_	_	_	_	linguistic	_	none	_	_	_	_	_	_
603-2	BOI059	603	603	2	vari	vari	_	_	_	_	_	linguistic	_	none	_	_	_	_	_	_
603-3	BOI059	603	603	3	scrumazzi	scrumazzi	_	_	_	_	_	linguistic	_	none	_	_	_	_	_	_
603-4	BOI059	603	603	4	fatti	fatti	_	_	_	_	_	linguistic	_	none	_	_	_	_	_	_
603-5	BOI059	603	603	5	perché	perché	_	_	_	_	_	linguistic	_	none	_	_	_	_	_	_
603-6	BOI059	603	603	6	hai	hai	_	_	_	_	_	linguistic	_	none	_	_	_	_	_	_
603-7	BOI059	603	603	7	la	la	_	_	_	_	_	linguistic	_	none	_	_	_	_	_	_
603-8	BOI059	603	603	8	scarpa	scarpa	_	_	_	_	_	linguistic	_	none	_	_	_	_	_	_
603-9	BOI059	603	603	9	slacciata	slacciata	_	_	_	_	_	linguistic	_	none	_	End=1339.763	_	_	_	_
604-0	BOI059	604	604	0	ma	ma	_	_	_	_	_	linguistic	_	none	_	Begin=1339.951	_	_	_	_
604-1	BOI059	604	604	1	tanto	tanto	_	_	_	_	_	linguistic	_	none	_	_	_	_	_	_
604-2	BOI059	604	604	2	sei	sei	_	_	_	_	_	linguistic	_	none	_	_	_	_	_	_
604-3	BOI059	604	604	3	sotto	sotto	_	_	_	_	_	linguistic	_	none	_	_	_	_	_	_
604-4	BOI059	604	604	4	al	al	_	_	_	_	_	linguistic	_	none	_	_	_	_	_	_
604-5	BOI059	604	604	5	portico	portico	_	_	_	_	_	linguistic	_	none	_	_	_	_	_	_
604-6	BOI059	604	604	6	e	e	_	_	_	_	_	linguistic	_	none	_	_	_	_	_	_
604-7	BOI059	604	604	7	non	non	_	_	_	_	_	linguistic	_	none	_	_	_	_	_	_
604-8	BOI059	604	604	8	ti	ti	_	_	_	_	_	linguistic	_	none	_	_	_	_	_	_
604-9	BOI059	604	604	9	smerdi	smerdi	_	_	_	_	_	linguistic	_	none	_	_	_	_	_	_
604-10	BOI059	604	604	10	di	di	_	_	_	_	_	linguistic	_	none	_	_	_	_	_	_
604-11	BOI059	604	604	11	fango	fango	_	_	_	_	_	linguistic	_	none	_	End=1342.203	_	_	_	_
605-0	BOR017	605	605	0	°esatto°	esatto	_	_	_	_	_	linguistic	_	none	Volume=low	Begin=1342.354|End=1343.109	_	_	_	_
606-0	BOR017	606	606	0	e:hm:	ehm	_	_	_	_	_	linguistic	_	none	_	Begin=1343.866|End=1344.573	0x1,2x1	_	_	_
607-0	BOR017	607	607	0	per	per	_	_	_	_	_	linguistic	_	none	_	Begin=1345.116	_	_	_	_
607-1	BOR017	607	607	1	quanto	quanto	_	_	_	_	_	linguistic	_	none	_	_	_	_	_	_
607-2	BOR017	607	607	2	riguarda	riguarda	_	_	_	_	_	linguistic	_	none	_	_	_	_	_	_
607-3	BOR017	607	607	3	i	i	_	_	_	_	_	linguistic	_	none	_	_	_	_	_	_
607-4	BOR017	607	607	4	portici	portici	_	_	_	_	_	linguistic	_	none	_	_	_	_	_	_
607-5	BOR017	607	607	5	pensi	pensi	_	_	_	_	_	linguistic	_	none	_	_	_	_	_	_
607-6	BOR017	607	607	6	che	che	_	_	_	_	_	linguistic	_	none	_	_	_	_	_	_
607-7	BOR017	607	607	7	siano	siano	_	_	_	_	_	linguistic	_	none	_	_	_	_	_	_
607-8	BOR017	607	607	8	cambiati	cambiati	_	_	_	_	_	linguistic	_	none	_	_	_	_	_	_
607-9	BOR017	607	607	9	anch'	anch'	_	_	_	_	_	linguistic	_	none	SpaceAfter=No	_	_	_	_	_
607-10	BOR017	607	607	10	essi	essi	_	_	_	_	_	linguistic	_	none	_	_	_	_	_	_
607-11	BOR017	607	607	11	negli	negli	_	_	_	_	_	linguistic	_	none	_	_	_	_	_	_
607-12	BOR017	607	607	12	anni?	anni	_	_	_	_	_	linguistic	_	none	Intonation=Rising	_	_	_	_	_
607-13	BOR017	607	607	13	se	se	_	_	_	_	_	linguistic	_	none	_	_	_	_	_	_
607-14	BOR017	607	607	14	sì	sì	_	_	_	_	_	linguistic	_	none	_	_	_	_	_	_
607-15	BOR017	607	607	15	come?	come	_	_	_	_	_	linguistic	_	none	Intonation=Rising	End=1349.882	_	_	_	_
608-0	BOI059	608	608	0	sì	sì	_	_	_	_	_	linguistic	_	none	_	Begin=1350.097	_	_	_	_
608-1	BOI059	608	608	1	penso	penso	_	_	_	_	_	linguistic	_	none	_	_	_	_	_	_
608-2	BOI059	608	608	2	che	che	_	_	_	_	_	linguistic	_	none	_	_	_	_	_	_
608-3	BOI059	608	608	3	siano	siano	_	_	_	_	_	linguistic	_	none	_	_	_	_	_	_
608-4	BOI059	608	608	4	stati	stati	_	_	_	_	_	linguistic	_	none	_	_	_	_	_	_
608-5	BOI059	608	608	5	migliorati	migliorati	_	_	_	_	_	linguistic	_	none	_	_	_	_	_	_
608-6	BOI059	608	608	6	nel	nel	_	_	_	_	_	linguistic	_	none	_	_	_	_	_	_
608-7	BOI059	608	608	7	senso	senso	_	_	_	_	_	linguistic	_	none	_	_	_	_	_	_
608-8	BOI059	608	608	8	che	che	_	_	_	_	_	linguistic	_	none	_	End=1352.661	_	_	_	_
609-0	BOI059	609	609	0	ancor	ancor	_	_	_	_	_	linguistic	_	none	_	Begin=1353.075	_	_	_	_
609-1	BOI059	609	609	1	prima	prima	_	_	_	_	_	linguistic	_	none	_	_	_	_	_	_
609-2	BOI059	609	609	2	di	di	_	_	_	_	_	linguistic	_	none	_	_	_	_	_	_
609-3	BOI059	609	609	3	diventare	diventare	_	_	_	_	_	linguistic	_	none	_	_	_	_	_	_
609-4	BOI059	609	609	4	patrimonio	patrimonio	_	_	_	_	_	linguistic	_	none	_	_	_	_	_	_
609-5	BOI059	609	609	5	dell'	dell'	_	_	_	_	_	linguistic	_	none	SpaceAfter=No	_	_	_	_	_
609-6	BOI059	609	609	6	unesco	unesco	_	_	_	_	_	linguistic	_	none	_	End=1355.265	_	_	_	_
610-0	BOI059	610	610	0	la	la	_	_	_	_	_	linguistic	_	none	_	Begin=1355.477	_	_	_	_
610-1	BOI059	610	610	1	gente	gente	_	_	_	_	_	linguistic	_	none	_	_	_	_	_	_
610-2	BOI059	610	610	2	si	si	_	_	_	_	_	linguistic	_	none	_	_	_	_	_	_
610-3	BOI059	610	610	3	è	è	_	_	_	_	_	linguistic	_	none	_	_	_	_	_	_
610-4	BOI059	610	610	4	resa	resa	_	_	_	_	_	linguistic	_	none	_	_	_	_	_	_
610-5	BOI059	610	610	5	conto	conto	_	_	_	_	_	linguistic	_	none	_	_	_	_	_	_
610-6	BOI059	610	610	6	che	che	_	_	_	_	_	linguistic	_	none	_	_	_	_	_	_
610-7	BOI059	610	610	7	sono	sono	_	_	_	_	_	linguistic	_	none	_	_	_	_	_	_
610-8	BOI059	610	610	8	di	di	_	_	_	_	_	linguistic	_	none	_	_	_	_	_	_
610-9	BOI059	610	610	9	qualità	qualità	_	_	_	_	_	linguistic	_	none	_	End=1357.601	_	_	_	_
611-0	BOI059	611	611	0	[che	che	_	_	_	_	_	linguistic	_	none	_	Begin=1357.86	_	_	_	0-3(101)
611-1	BOI059	611	611	1	sono]	sono	_	_	_	_	_	linguistic	_	none	_	_	_	_	_	0-4(101)
611-2	BOI059	611	611	2	una	una	_	_	_	_	_	linguistic	_	none	_	_	_	_	_	_
611-3	BOI059	611	611	3	qualità	qualità	_	_	_	_	_	linguistic	_	none	_	_	_	_	_	_
611-4	BOI059	611	611	4	e	e	_	_	_	_	_	linguistic	_	none	_	_	_	_	_	_
611-5	BOI059	611	611	5	che	che	_	_	_	_	_	linguistic	_	none	_	_	_	_	_	_
611-6	BOI059	611	611	6	sono	sono	_	_	_	_	_	linguistic	_	none	_	_	_	_	_	_
611-7	BOI059	611	611	7	importanti	importanti	_	_	_	_	_	linguistic	_	none	_	_	_	_	_	_
611-8	BOI059	611	611	8	quindi	quindi	_	_	_	_	_	linguistic	_	none	_	End=1360.499	_	_	_	_
612-0	BOR017	612	612	0	°[mhmh]°	mhmh	_	_	_	_	_	linguistic	_	none	Volume=low	Begin=1357.861|End=1358.259	_	_	_	0-4(101)
613-0	BOI059	613	613	0	man	man	_	_	_	_	_	linguistic	_	none	_	Begin=1361.215	_	_	_	_
613-1	BOI059	613	613	1	mano	mano	_	_	_	_	_	linguistic	_	none	_	_	_	_	_	_
613-2	BOI059	613	613	2	vedevi	vedevi	_	_	_	_	_	linguistic	_	none	_	_	_	_	_	_
613-3	BOI059	613	613	3	le	le	_	_	_	_	_	linguistic	_	none	_	_	_	_	_	_
613-4	BOI059	613	613	4	varie	varie	_	_	_	_	_	linguistic	_	none	_	_	_	_	_	_
613-5	BOI059	613	613	5	zone	zone	_	_	_	_	_	linguistic	_	none	_	_	_	_	_	_
613-6	BOI059	613	613	6	che	che	_	_	_	_	_	linguistic	_	none	_	_	_	_	_	_
613-7	BOI059	613	613	7	li	li	_	_	_	_	_	linguistic	_	none	_	_	_	_	_	_
613-8	BOI059	613	613	8	sistemava	sistemava	_	_	_	_	_	linguistic	_	none	_	_	_	_	_	_
613-9	BOI059	613	613	9	nel	nel	_	_	_	_	_	linguistic	_	none	_	_	_	_	_	_
613-10	BOI059	613	613	10	senso	senso	_	_	_	_	_	linguistic	_	none	_	End=1364.957	_	_	_	_
614-0	BOI059	614	614	0	non	non	_	_	_	_	_	linguistic	_	none	_	Begin=1365.658	_	_	_	_
614-1	BOI059	614	614	1	ho	ho	_	_	_	_	_	linguistic	_	none	_	_	_	_	_	_
614-2	BOI059	614	614	2	mai	mai	_	_	_	_	_	linguistic	_	none	_	_	_	_	_	_
614-3	BOI059	614	614	3	capito	capito	_	_	_	_	_	linguistic	_	none	_	_	_	_	_	_
614-4	BOI059	614	614	4	se	se	_	_	_	_	_	linguistic	_	none	_	_	_	_	_	_
614-5	BOI059	614	614	5	sono	sono	_	_	_	_	_	linguistic	_	none	_	_	_	_	_	_
614-6	BOI059	614	614	6	eh	eh	_	_	_	_	_	linguistic	_	none	_	_	_	_	_	_
614-7	BOI059	614	614	7	in	in	_	_	_	_	_	linguistic	_	none	_	_	_	_	_	_
614-8	BOI059	614	614	8	in	in	_	_	_	_	_	linguistic	_	none	_	_	_	_	_	_
614-9	BOI059	614	614	9	gestione	gestione	_	_	_	_	_	linguistic	_	none	_	_	_	_	_	_
614-10	BOI059	614	614	10	al	al	_	_	_	_	_	linguistic	_	none	_	_	_	_	_	_
614-11	BOI059	614	614	11	comune	comune	_	_	_	_	_	linguistic	_	none	_	End=1369.757	_	_	_	_
615-0	BOI059	615	615	0	se	se	_	_	_	_	_	linguistic	_	none	_	Begin=1369.941	_	_	_	_
615-1	BOI059	615	615	1	sono	sono	_	_	_	_	_	linguistic	_	none	_	_	_	_	_	_
615-2	BOI059	615	615	2	in	in	_	_	_	_	_	linguistic	_	none	_	_	_	_	_	_
615-3	BOI059	615	615	3	gestione	gestione	_	_	_	_	_	linguistic	_	none	_	End=1371.103	_	_	_	_
616-0	BOI059	616	616	0	ai	ai	_	_	_	_	_	linguistic	_	none	_	Begin=1371.371	_	_	_	_
616-1	BOI059	616	616	1	vari	vari	_	_	_	_	_	linguistic	_	none	_	_	_	_	_	_
616-2	BOI059	616	616	2	negozi	negozi	_	_	_	_	_	linguistic	_	none	_	_	_	_	_	_
616-3	BOI059	616	616	3	o	o	_	_	_	_	_	linguistic	_	none	_	_	_	_	_	_
616-4	BOI059	616	616	4	che	che	_	_	_	_	_	linguistic	_	none	_	_	_	_	_	_
616-5	BOI059	616	616	5	cosa	cosa	_	_	_	_	_	linguistic	_	none	_	End=1372.847	_	_	_	_
617-0	BOI059	617	617	0	però	però	_	_	_	_	_	linguistic	_	none	_	Begin=1372.891	_	_	_	_
617-1	BOI059	617	617	1	ogni	ogni	_	_	_	_	_	linguistic	_	none	_	_	_	_	_	_
617-2	BOI059	617	617	2	tanto	tanto	_	_	_	_	_	linguistic	_	none	_	_	_	_	_	_
617-3	BOI059	617	617	3	tu	tu	_	_	_	_	_	linguistic	_	none	_	_	_	_	_	_
617-4	BOI059	617	617	4	vedevi	vedevi	_	_	_	_	_	linguistic	_	none	_	_	_	_	_	_
617-5	BOI059	617	617	5	il	il	_	_	_	_	_	linguistic	_	none	_	_	_	_	_	_
617-6	BOI059	617	617	6	pezzo	pezzo	_	_	_	_	_	linguistic	_	none	_	_	_	_	_	_
617-7	BOI059	617	617	7	di	di	_	_	_	_	_	linguistic	_	none	_	_	_	_	_	_
617-8	BOI059	617	617	8	portico	portico	_	_	_	_	_	linguistic	_	none	_	_	_	_	_	_
617-9	BOI059	617	617	9	chiuso	chiuso	_	_	_	_	_	linguistic	_	none	_	_	_	_	_	_
617-10	BOI059	617	617	10	perché	perché	_	_	_	_	_	linguistic	_	none	_	_	_	_	_	_
617-11	BOI059	617	617	11	veniva	veniva	_	_	_	_	_	linguistic	_	none	_	_	_	_	_	_
617-12	BOI059	617	617	12	sistemato	sistemato	_	_	_	_	_	linguistic	_	none	_	End=1376.337	_	_	_	_
618-0	BOR017	618	618	0	sì	sì	_	_	_	_	_	linguistic	_	none	_	Begin=1376.412	_	_	_	_
618-1	BOR017	618	618	1	[ho	ho	_	_	_	_	_	linguistic	_	none	_	_	_	_	_	0-2(102)
618-2	BOR017	618	618	2	visto]	visto	_	_	_	_	_	linguistic	_	none	_	_	_	_	_	0-5(102)
618-3	BOR017	618	618	3	che	che	_	_	_	_	_	linguistic	_	none	_	_	_	_	_	_
618-4	BOR017	618	618	4	a	a	_	_	_	_	_	linguistic	_	none	_	_	_	_	_	_
618-5	BOR017	618	618	5	volte	volte	_	_	_	_	_	linguistic	_	none	_	_	_	_	_	_
618-6	BOR017	618	618	6	lavorano	lavorano	_	_	_	_	_	linguistic	_	none	_	_	_	_	_	_
618-7	BOR017	618	618	7	[nel	nel	_	_	_	_	_	linguistic	_	none	_	_	_	_	_	0-3(103)
618-8	BOR017	618	618	8	pavimen]to	pavimento	_	_	_	_	_	linguistic	_	none	_	_	_	_	_	0-7(103)
618-9	BOR017	618	618	9	a	a	_	_	_	_	_	linguistic	_	none	_	_	_	_	_	_
618-10	BOR017	618	618	10	volte	volte	_	_	_	_	_	linguistic	_	none	_	_	_	_	_	_
618-11	BOR017	618	618	11	nel	nel	_	_	_	_	_	linguistic	_	none	_	_	_	_	_	_
618-12	BOR017	618	618	12	[muro]	muro	_	_	_	_	_	linguistic	_	none	_	End=1379.44	_	_	_	0-4(104)
619-0	BOI059	619	619	0	[mh]	mh	_	_	_	_	_	linguistic	_	none	_	Begin=1376.486|End=1376.753	_	_	_	0-2(102)
620-0	BOI059	620	620	0	[esatto]	esatto	_	_	_	_	_	linguistic	_	none	_	Begin=1377.653|End=1378.273	_	_	_	0-6(103)
621-0	BOI059	621	621	0	[sono	sono	_	_	_	_	_	linguistic	_	none	_	Begin=1379.016	_	_	_	0-4(104)
621-1	BOI059	621	621	1	ca]mbiate	cambiate	_	_	_	_	_	linguistic	_	none	_	_	_	_	_	0-2(104)
621-2	BOI059	621	621	2	nel	nel	_	_	_	_	_	linguistic	_	none	_	_	_	_	_	_
621-3	BOI059	621	621	3	senso	senso	_	_	_	_	_	linguistic	_	none	_	_	_	_	_	_
621-4	BOI059	621	621	4	che	che	_	_	_	_	_	linguistic	_	none	_	End=1380.596	_	_	_	_
622-0	BOI059	622	622	0	si	si	_	_	_	_	_	linguistic	_	none	_	Begin=1381.299	_	_	_	_
622-1	BOI059	622	622	1	s~	s~	_	_	_	_	_	linguistic	_	none	Interrupted=Yes	End=1381.527	_	_	_	_
623-0	BOI059	623	623	0	eh	eh	_	_	_	_	_	linguistic	_	none	_	Begin=1381.736	_	_	_	_
623-1	BOI059	623	623	1	stanno	stanno	_	_	_	_	_	linguistic	_	none	_	_	_	_	_	_
623-2	BOI059	623	623	2	cercando	cercando	_	_	_	_	_	linguistic	_	none	_	_	_	_	_	_
623-3	BOI059	623	623	3	di	di	_	_	_	_	_	linguistic	_	none	_	_	_	_	_	_
623-4	BOI059	623	623	4	tornare	tornare	_	_	_	_	_	linguistic	_	none	_	_	_	_	_	_
623-5	BOI059	623	623	5	ad	ad	_	_	_	_	_	linguistic	_	none	_	_	_	_	_	_
623-6	BOI059	623	623	6	un	un	_	_	_	_	_	linguistic	_	none	_	_	_	_	_	_
623-7	BOI059	623	623	7	antico	antico	_	_	_	_	_	linguistic	_	none	_	_	_	_	_	_
623-8	BOI059	623	623	8	splendore	splendore	_	_	_	_	_	linguistic	_	none	_	_	_	_	_	_
623-9	BOI059	623	623	9	che	che	_	_	_	_	_	linguistic	_	none	_	_	_	_	_	_
623-10	BOI059	623	623	10	non	non	_	_	_	_	_	linguistic	_	none	_	_	_	_	_	_
623-11	BOI059	623	623	11	hanno	hanno	_	_	_	_	_	linguistic	_	none	_	_	_	_	_	_
623-12	BOI059	623	623	12	mai	mai	_	_	_	_	_	linguistic	_	none	_	_	_	_	_	_
623-13	BOI059	623	623	13	avuto	avuto	_	_	_	_	_	linguistic	_	none	_	_	_	_	_	_
623-14	BOI059	623	623	14	perché	perché	_	_	_	_	_	linguistic	_	none	_	_	_	_	_	_
623-15	BOI059	623	623	15	ora	ora	_	_	_	_	_	linguistic	_	none	_	_	_	_	_	_
623-16	BOI059	623	623	16	vivono	vivono	_	_	_	_	_	linguistic	_	none	_	_	_	_	_	_
623-17	BOI059	623	623	17	uno	uno	_	_	_	_	_	linguistic	_	none	_	_	_	_	_	_
623-18	BOI059	623	623	18	splendore	splendore	_	_	_	_	_	linguistic	_	none	_	End=1386.153	_	_	_	_
624-0	BOI059	624	624	0	migliore	migliore	_	_	_	_	_	linguistic	_	none	_	Begin=1386.465	_	_	_	_
624-1	BOI059	624	624	1	rispetto	rispetto	_	_	_	_	_	linguistic	_	none	_	_	_	_	_	_
624-2	BOI059	624	624	2	a	a	_	_	_	_	_	linguistic	_	none	_	_	_	_	_	_
624-3	BOI059	624	624	3	quando	quando	_	_	_	_	_	linguistic	_	none	_	_	_	_	_	_
624-4	BOI059	624	624	4	sono	sono	_	_	_	_	_	linguistic	_	none	_	_	_	_	_	_
624-5	BOI059	624	624	5	nati	nati	_	_	_	_	_	linguistic	_	none	_	_	_	_	_	_
624-6	BOI059	624	624	6	secondo	secondo	_	_	_	_	_	linguistic	_	none	_	_	_	_	_	_
624-7	BOI059	624	624	7	me	me	_	_	_	_	_	linguistic	_	none	_	End=1388.714	_	_	_	_
625-0	BOR017	625	625	0	ovviamente	ovviamente	_	_	_	_	_	linguistic	_	none	_	Begin=1389.683	_	_	_	_
625-1	BOR017	625	625	1	immagino	immagino	_	_	_	_	_	linguistic	_	none	_	_	_	_	_	_
625-2	BOR017	625	625	2	tu	tu	_	_	_	_	_	linguistic	_	none	_	_	_	_	_	_
625-3	BOR017	625	625	3	sappia	sappia	_	_	_	_	_	linguistic	_	none	_	_	_	_	_	_
625-4	BOR017	625	625	4	lo	lo	_	_	_	_	_	linguistic	_	none	_	_	_	_	_	_
625-5	BOR017	625	625	5	scopo	scopo	_	_	_	_	_	linguistic	_	none	_	_	_	_	_	_
625-6	BOR017	625	625	6	con	con	_	_	_	_	_	linguistic	_	none	_	_	_	_	_	_
625-7	BOR017	625	625	7	cui	cui	_	_	_	_	_	linguistic	_	none	_	_	_	_	_	_
625-8	BOR017	625	625	8	sono	sono	_	_	_	_	_	linguistic	_	none	_	_	_	_	_	_
625-9	BOR017	625	625	9	stati	stati	_	_	_	_	_	linguistic	_	none	_	_	_	_	_	_
625-10	BOR017	625	625	10	realizzati	realizzati	_	_	_	_	_	linguistic	_	none	_	_	_	_	_	_
625-11	BOR017	625	625	11	se	se	_	_	_	_	_	linguistic	_	none	_	_	_	_	_	_
625-12	BOR017	625	625	12	non	non	_	_	_	_	_	linguistic	_	none	_	_	_	_	_	_
625-13	BOR017	625	625	13	dovessi	dovessi	_	_	_	_	_	linguistic	_	none	_	_	_	_	_	_
625-14	BOR017	625	625	14	saperlo	saperlo	_	_	_	_	_	linguistic	_	none	_	_	_	_	_	_
625-15	BOR017	625	625	15	possiamo	possiamo	_	_	_	_	_	linguistic	_	none	_	_	_	_	_	_
625-16	BOR017	625	625	16	provare	provare	_	_	_	_	_	linguistic	_	none	_	_	_	_	_	_
625-17	BOR017	625	625	17	ad	ad	_	_	_	_	_	linguistic	_	none	_	_	_	_	_	_
625-18	BOR017	625	625	18	immaginarlo	immaginarlo	_	_	_	_	_	linguistic	_	none	_	_	_	_	_	_
625-19	BOR017	625	625	19	in[sieme]	insieme	_	_	_	_	_	linguistic	_	none	_	End=1395.901	_	_	_	2-7(105)
626-0	BOI059	626	626	0	[al(l)o]:ra	allora	_	_	_	_	_	linguistic	_	none	_	Begin=1395.524|End=1396.446	3x1	_	2-3(0)	0-4(105)
627-0	BOI059	627	627	0	la	la	_	_	_	_	_	linguistic	_	none	_	Begin=1396.546	_	_	_	_
627-1	BOI059	627	627	1	versione	versione	_	_	_	_	_	linguistic	_	none	_	_	_	_	_	_
627-2	BOI059	627	627	2	che	che	_	_	_	_	_	linguistic	_	none	_	_	_	_	_	_
627-3	BOI059	627	627	3	so	so	_	_	_	_	_	linguistic	_	none	_	_	_	_	_	_
627-4	BOI059	627	627	4	io	io	_	_	_	_	_	linguistic	_	none	_	_	_	_	_	_
627-5	BOI059	627	627	5	e	e	_	_	_	_	_	linguistic	_	none	_	_	_	_	_	_
627-6	BOI059	627	627	6	anche	anche	_	_	_	_	_	linguistic	_	none	_	_	_	_	_	_
627-7	BOI059	627	627	7	al(l)o:ra	allora	_	_	_	_	_	linguistic	_	none	_	_	3x1	_	2-3(0)	_
627-8	BOI059	627	627	8	è	è	_	_	_	_	_	linguistic	_	none	_	_	_	_	_	_
627-9	BOI059	627	627	9	cadenza	cadenza	_	_	_	_	_	linguistic	_	none	_	_	_	_	_	_
627-10	BOI059	627	627	10	del	del	_	_	_	_	_	linguistic	_	none	_	_	_	_	_	_
627-11	BOI059	627	627	11	dialetto	dialetto	_	_	_	_	_	linguistic	_	none	_	_	_	_	_	_
627-12	BOI059	627	627	12	bolognese	bolognese	_	_	_	_	_	linguistic	_	none	_	_	_	_	_	_
627-13	BOI059	627	627	13	poi	poi	_	_	_	_	_	linguistic	_	none	_	End=1401.175	_	_	_	_
628-0	BOR017	628	628	0	{ride}	{ride}	_	_	_	_	_	nonverbalbehavior	_	none	_	Begin=1399.124|End=1400.32	_	_	_	_
629-0	BOI059	629	629	0	la:	la	_	_	_	_	_	linguistic	_	none	_	Begin=1401.786	1x1	_	_	_
629-1	BOI059	629	629	1	versione	versione	_	_	_	_	_	linguistic	_	none	_	_	_	_	_	_
629-2	BOI059	629	629	2	che	che	_	_	_	_	_	linguistic	_	none	_	_	_	_	_	_
629-3	BOI059	629	629	3	so	so	_	_	_	_	_	linguistic	_	none	_	_	_	_	_	_
629-4	BOI059	629	629	4	io	io	_	_	_	_	_	linguistic	_	none	_	_	_	_	_	_
629-5	BOI059	629	629	5	è	è	_	_	_	_	_	linguistic	_	none	_	_	_	_	_	_
629-6	BOI059	629	629	6	che	che	_	_	_	_	_	linguistic	_	none	_	End=1403.643	_	_	_	_
630-0	BOI059	630	630	0	essendo	essendo	_	_	_	_	_	linguistic	_	none	_	Begin=1404.237	_	_	_	_
630-1	BOI059	630	630	1	le	le	_	_	_	_	_	linguistic	_	none	_	_	_	_	_	_
630-2	BOI059	630	630	2	vie	vie	_	_	_	_	_	linguistic	_	none	_	_	_	_	_	_
630-3	BOI059	630	630	3	più	più	_	_	_	_	_	linguistic	_	none	_	_	_	_	_	_
630-4	BOI059	630	630	4	importanti	importanti	_	_	_	_	_	linguistic	_	none	_	_	_	_	_	_
630-5	BOI059	630	630	5	e	e	_	_	_	_	_	linguistic	_	none	_	_	_	_	_	_
630-6	BOI059	630	630	6	principali	principali	_	_	_	_	_	linguistic	_	none	_	_	_	_	_	_
630-7	BOI059	630	630	7	della	della	_	_	_	_	_	linguistic	_	none	_	_	_	_	_	_
630-8	BOI059	630	630	8	città	città	_	_	_	_	_	linguistic	_	none	_	End=1407.561	_	_	_	_
631-0	BOI059	631	631	0	venivano	venivano	_	_	_	_	_	linguistic	_	none	_	Begin=1408.234	_	_	_	_
631-1	BOI059	631	631	1	aggiunti	aggiunti	_	_	_	_	_	linguistic	_	none	_	_	_	_	_	_
631-2	BOI059	631	631	2	secondi	secondi	_	_	_	_	_	linguistic	_	none	_	_	_	_	_	_
631-3	BOI059	631	631	3	piani	piani	_	_	_	_	_	linguistic	_	none	_	_	_	_	_	_
631-4	BOI059	631	631	4	alle	alle	_	_	_	_	_	linguistic	_	none	_	_	_	_	_	_
631-5	BOI059	631	631	5	case	case	_	_	_	_	_	linguistic	_	none	_	End=1411.755	_	_	_	_
632-0	BOI059	632	632	0	e	e	_	_	_	_	_	linguistic	_	none	_	Begin=1412.094	_	_	_	_
632-1	BOI059	632	632	1	non	non	_	_	_	_	_	linguistic	_	none	_	_	_	_	_	_
632-2	BOI059	632	632	2	essendoci	essendoci	_	_	_	_	_	linguistic	_	none	_	_	_	_	_	_
632-3	BOI059	632	632	3	nessuno	nessuno	_	_	_	_	_	linguistic	_	none	_	_	_	_	_	_
632-4	BOI059	632	632	4	a	a	_	_	_	_	_	linguistic	_	none	_	_	_	_	_	_
632-5	BOI059	632	632	5	controllare	controllare	_	_	_	_	_	linguistic	_	none	_	End=1414.729	_	_	_	_
633-0	BOI059	633	633	0	stiam	stiam	_	_	_	_	_	linguistic	_	none	_	Begin=1414.767	_	_	_	_
633-1	BOI059	633	633	1	parlando	parlando	_	_	_	_	_	linguistic	_	none	_	_	_	_	_	_
633-2	BOI059	633	633	2	dal	dal	_	_	_	_	_	linguistic	_	none	_	_	_	_	_	_
633-3	BOI059	633	633	3	medioevo	medioevo	_	_	_	_	_	linguistic	_	none	_	_	_	_	_	_
633-4	BOI059	633	633	4	in	in	_	_	_	_	_	linguistic	_	none	_	_	_	_	_	_
633-5	BOI059	633	633	5	poi	poi	_	_	_	_	_	linguistic	_	none	_	_	_	_	_	_
633-6	BOI059	633	633	6	c(io)è	cioè	_	_	_	_	_	linguistic	_	none	_	_	_	_	1-3(0)	_
633-7	BOI059	633	633	7	medioevo	medioevo	_	_	_	_	_	linguistic	_	none	_	_	_	_	_	_
633-8	BOI059	633	633	8	proprio	proprio	_	_	_	_	_	linguistic	_	none	_	End=1417.082	_	_	_	_
634-0	BOI059	634	634	0	veniva	veniva	_	_	_	_	_	linguistic	_	none	_	Begin=1417.442	_	_	_	_
634-1	BOI059	634	634	1	allungato	allungato	_	_	_	_	_	linguistic	_	none	_	_	_	_	_	_
634-2	BOI059	634	634	2	un	un	_	_	_	_	_	linguistic	_	none	_	_	_	_	_	_
634-3	BOI059	634	634	3	pochino	pochino	_	_	_	_	_	linguistic	_	none	_	_	_	_	_	_
634-4	BOI059	634	634	4	davanti	davanti	_	_	_	_	_	linguistic	_	none	_	_	_	_	_	_
634-5	BOI059	634	634	5	sempre	sempre	_	_	_	_	_	linguistic	_	none	_	End=1420.661	_	_	_	_
635-0	BOR017	635	635	0	[okay]	okay	_	_	_	_	_	linguistic	_	none	_	Begin=1420.907|End=1421.467	_	_	_	0-4(106)
636-0	BOI059	636	636	0	[e	e	_	_	_	_	_	linguistic	_	none	_	Begin=1420.91	_	_	_	0-1(106)
636-1	BOI059	636	636	1	quindi]	quindi	_	_	_	_	_	linguistic	_	none	_	_	_	_	_	0-6(106)
636-2	BOI059	636	636	2	in	in	_	_	_	_	_	linguistic	_	none	_	_	_	_	_	_
636-3	BOI059	636	636	3	questo	questo	_	_	_	_	_	linguistic	_	none	_	_	_	_	_	_
636-4	BOI059	636	636	4	modo	modo	_	_	_	_	_	linguistic	_	none	_	_	_	_	_	_
636-5	BOI059	636	636	5	bisognava	bisognava	_	_	_	_	_	linguistic	_	none	_	_	_	_	_	_
636-6	BOI059	636	636	6	poi	poi	_	_	_	_	_	linguistic	_	none	_	_	_	_	_	_
636-7	BOI059	636	636	7	creare	creare	_	_	_	_	_	linguistic	_	none	_	_	_	_	_	_
636-8	BOI059	636	636	8	sostegno	sostegno	_	_	_	_	_	linguistic	_	none	_	End=1424.397	_	_	_	_
637-0	BOI059	637	637	0	alla	alla	_	_	_	_	_	linguistic	_	none	_	Begin=1424.63	_	_	_	_
637-1	BOI059	637	637	1	struttura	struttura	_	_	_	_	_	linguistic	_	none	_	_	_	_	_	_
637-2	BOI059	637	637	2	perché	perché	_	_	_	_	_	linguistic	_	none	_	_	_	_	_	_
637-3	BOI059	637	637	3	altrimenti	altrimenti	_	_	_	_	_	linguistic	_	none	_	_	_	_	_	_
637-4	BOI059	637	637	4	la	la	_	_	_	_	_	linguistic	_	none	_	_	_	_	_	_
637-5	BOI059	637	637	5	struttura	struttura	_	_	_	_	_	linguistic	_	none	_	_	_	_	_	_
637-6	BOI059	637	637	6	veniva	veniva	_	_	_	_	_	linguistic	_	none	_	_	_	_	_	_
637-7	BOI059	637	637	7	giù	giù	_	_	_	_	_	linguistic	_	none	_	End=1426.995	_	_	_	_
638-0	BOI059	638	638	0	in	in	_	_	_	_	_	linguistic	_	none	_	Begin=1427.471	_	_	_	_
638-1	BOI059	638	638	1	più	più	_	_	_	_	_	linguistic	_	none	_	End=1428.066	_	_	_	_
639-0	BOI059	639	639	0	ha	ha	_	_	_	_	_	linguistic	_	none	_	Begin=1428.742	_	_	_	_
639-1	BOI059	639	639	1	di	di	_	_	_	_	_	linguistic	_	none	_	_	_	_	_	_
639-2	BOI059	639	639	2	particolare	particolare	_	_	_	_	_	linguistic	_	none	_	_	_	_	_	_
639-3	BOI059	639	639	3	il	il	_	_	_	_	_	linguistic	_	none	_	_	_	_	_	_
639-4	BOI059	639	639	4	fatto	fatto	_	_	_	_	_	linguistic	_	none	_	_	_	_	_	_
639-5	BOI059	639	639	5	che	che	_	_	_	_	_	linguistic	_	none	_	End=1430.455	_	_	_	_
640-0	BOI059	640	640	0	ehm	ehm	_	_	_	_	_	linguistic	_	none	_	Begin=1430.698|End=1431.14	_	_	_	_
641-0	BOI059	641	641	0	#è	#è	_	_	_	_	_	error	_	none	_	Begin=1431.62	_	_	_	_
641-1	BOI059	641	641	1	da	da	_	_	_	_	_	linguistic	_	none	_	_	_	_	_	_
641-2	BOI059	641	641	2	lì	lì	_	_	_	_	_	linguistic	_	none	_	_	_	_	_	_
641-3	BOI059	641	641	3	che	che	_	_	_	_	_	linguistic	_	none	_	_	_	_	_	_
641-4	BOI059	641	641	4	nasce	nasce	_	_	_	_	_	linguistic	_	none	_	_	_	_	_	_
641-5	BOI059	641	641	5	il	il	_	_	_	_	_	linguistic	_	none	_	_	_	_	_	_
641-6	BOI059	641	641	6	tiro	tiro	_	_	_	_	_	linguistic	_	none	_	_	_	_	_	_
641-7	BOI059	641	641	7	di	di	_	_	_	_	_	linguistic	_	none	_	_	_	_	_	_
641-8	BOI059	641	641	8	bologna	bologna	_	_	_	_	_	linguistic	_	none	_	_	_	_	_	_
641-9	BOI059	641	641	9	[nel	nel	_	_	_	_	_	linguistic	_	none	_	_	_	_	_	0-3(107)
641-10	BOI059	641	641	10	senso]	senso	_	_	_	_	_	linguistic	_	none	_	End=1433.926	_	_	_	0-5(107)
642-0	BOR017	642	642	0	[°okay°]	okay	_	_	_	_	_	linguistic	_	none	Volume=low	Begin=1433.241|End=1433.923	_	_	_	0-4(107)
643-0	BOI059	643	643	0	si	si	_	_	_	_	_	linguistic	_	none	_	Begin=1434.724	_	_	_	_
643-1	BOI059	643	643	1	dice	dice	_	_	_	_	_	linguistic	_	none	_	_	_	_	_	_
643-2	BOI059	643	643	2	sempre	sempre	_	_	_	_	_	linguistic	_	none	_	_	_	_	_	_
643-3	BOI059	643	643	3	stesso	stesso	_	_	_	_	_	linguistic	_	none	_	_	_	_	_	_
643-4	BOI059	643	643	4	discorso	discorso	_	_	_	_	_	linguistic	_	none	_	_	_	_	_	_
643-5	BOI059	643	643	5	che	che	_	_	_	_	_	linguistic	_	none	_	_	_	_	_	_
643-6	BOI059	643	643	6	ci	ci	_	_	_	_	_	linguistic	_	none	_	_	_	_	_	_
643-7	BOI059	643	643	7	fosse	fosse	_	_	_	_	_	linguistic	_	none	_	_	_	_	_	_
643-8	BOI059	643	643	8	la	la	_	_	_	_	_	linguistic	_	none	_	_	_	_	_	_
643-9	BOI059	643	643	9	chiusura	chiusura	_	_	_	_	_	linguistic	_	none	_	End=1437.623	_	_	_	_
644-0	BOI059	644	644	0	sulle	sulle	_	_	_	_	_	linguistic	_	none	_	Begin=1438.107	_	_	_	_
644-1	BOI059	644	644	1	porte	porte	_	_	_	_	_	linguistic	_	none	_	End=1439.129	_	_	_	_
645-0	BOI059	645	645	0	e	e	_	_	_	_	_	linguistic	_	none	_	Begin=1439.73|End=1440.228	_	_	_	_
646-0	BOI059	646	646	0	praticamente	praticamente	_	_	_	_	_	linguistic	_	none	_	Begin=1440.897|End=1441.692	_	_	_	_
647-0	BOI059	647	647	0	al	al	_	_	_	_	_	linguistic	_	none	_	Begin=1442.137	_	_	_	_
647-1	BOI059	647	647	1	piano	piano	_	_	_	_	_	linguistic	_	none	_	_	_	_	_	_
647-2	BOI059	647	647	2	superiore	superiore	_	_	_	_	_	linguistic	_	none	_	End=1443.246	_	_	_	_
648-0	BOI059	648	648	0	all'	all'	_	_	_	_	_	linguistic	_	none	SpaceAfter=No	Begin=1443.676	_	_	_	_
648-1	BOI059	648	648	1	altezza	altezza	_	_	_	_	_	linguistic	_	none	_	_	_	_	_	_
648-2	BOI059	648	648	2	della	della	_	_	_	_	_	linguistic	_	none	_	_	_	_	_	_
648-3	BOI059	648	648	3	porta	porta	_	_	_	_	_	linguistic	_	none	_	_	_	_	_	_
648-4	BOI059	648	648	4	c'	c'	_	_	_	_	_	linguistic	_	none	SpaceAfter=No	_	_	_	_	_
648-5	BOI059	648	648	5	era	era	_	_	_	_	_	linguistic	_	none	_	_	_	_	_	_
648-6	BOI059	648	648	6	una	una	_	_	_	_	_	linguistic	_	none	_	_	_	_	_	_
648-7	BOI059	648	648	7	corda	corda	_	_	_	_	_	linguistic	_	none	_	End=1446.0	_	_	_	_
649-0	BOI059	649	649	0	#che	#che	_	_	_	_	_	error	_	none	_	Begin=1446.275	_	_	_	_
649-1	BOI059	649	649	1	era	era	_	_	_	_	_	linguistic	_	none	_	_	_	_	_	_
649-2	BOI059	649	649	2	legata	legata	_	_	_	_	_	linguistic	_	none	_	_	_	_	_	_
649-3	BOI059	649	649	3	alla	alla	_	_	_	_	_	linguistic	_	none	_	_	_	_	_	_
649-4	BOI059	649	649	4	porta	porta	_	_	_	_	_	linguistic	_	none	_	_	_	_	_	_
649-5	BOI059	649	649	5	del	del	_	_	_	_	_	linguistic	_	none	_	_	_	_	_	_
649-6	BOI059	649	649	6	piano	piano	_	_	_	_	_	linguistic	_	none	_	_	_	_	_	_
649-7	BOI059	649	649	7	di	di	_	_	_	_	_	linguistic	_	none	_	_	_	_	_	_
649-8	BOI059	649	649	8	sotto	sotto	_	_	_	_	_	linguistic	_	none	_	_	_	_	_	_
649-9	BOI059	649	649	9	quindi	quindi	_	_	_	_	_	linguistic	_	none	_	_	_	_	_	_
649-10	BOI059	649	649	10	da	da	_	_	_	_	_	linguistic	_	none	_	_	_	_	_	_
649-11	BOI059	649	649	11	giù	giù	_	_	_	_	_	linguistic	_	none	_	_	_	_	_	_
649-12	BOI059	649	649	12	oh	oh	_	_	_	_	_	linguistic	_	none	_	_	_	_	_	_
649-13	BOI059	649	649	13	dammi	dammi	_	_	_	_	_	linguistic	_	none	_	_	_	_	_	_
649-14	BOI059	649	649	14	il	il	_	_	_	_	_	linguistic	_	none	_	_	_	_	_	_
649-15	BOI059	649	649	15	tiro	tiro	_	_	_	_	_	linguistic	_	none	_	End=1449.975	_	_	_	_
650-0	BOI059	650	650	0	tu	tu	_	_	_	_	_	linguistic	_	none	_	Begin=1450.175	_	_	_	_
650-1	BOI059	650	650	1	tira:vi	tiravi	_	_	_	_	_	linguistic	_	none	_	_	3x1	_	_	_
650-2	BOI059	650	650	2	la	la	_	_	_	_	_	linguistic	_	none	_	_	_	_	_	_
650-3	BOI059	650	650	3	[corda	corda	_	_	_	_	_	linguistic	_	none	_	_	_	_	_	0-5(108)
650-4	BOI059	650	650	4	che	che	_	_	_	_	_	linguistic	_	none	_	_	_	_	_	0-3(108)
650-5	BOI059	650	650	5	non	non	_	_	_	_	_	linguistic	_	none	_	_	_	_	_	0-3(108)
650-6	BOI059	650	650	6	era	era	_	_	_	_	_	linguistic	_	none	_	_	_	_	_	0-3(108)
650-7	BOI059	650	650	7	ques]tione	questione	_	_	_	_	_	linguistic	_	none	_	_	_	_	_	0-4(108)
650-8	BOI059	650	650	8	di	di	_	_	_	_	_	linguistic	_	none	_	_	_	_	_	_
650-9	BOI059	650	650	9	contrappeso	contrappeso	_	_	_	_	_	linguistic	_	none	_	_	_	_	_	_
650-10	BOI059	650	650	10	>era	era	_	_	_	_	_	linguistic	_	none	_	_	_	Fast=0-3(0)	_	_
650-11	BOI059	650	650	11	proprio<	proprio	_	_	_	_	_	linguistic	_	none	_	_	_	Fast=0-7(0)	_	_
650-12	BOI059	650	650	12	tiravi	tiravi	_	_	_	_	_	linguistic	_	none	_	_	_	_	_	_
650-13	BOI059	650	650	13	su	su	_	_	_	_	_	linguistic	_	none	_	_	_	_	_	_
650-14	BOI059	650	650	14	la	la	_	_	_	_	_	linguistic	_	none	_	_	_	_	_	_
650-15	BOI059	650	650	15	porta	porta	_	_	_	_	_	linguistic	_	none	_	End=1455.471	_	_	_	_
651-0	BOR017	651	651	0	[°wo:w°]	wow	_	_	_	_	_	linguistic	_	none	Volume=low	Begin=1451.897|End=1452.779	1x1	_	_	0-3(108)
652-0	BOI059	652	652	0	per	per	_	_	_	_	_	linguistic	_	none	_	Begin=1455.848	_	_	_	_
652-1	BOI059	652	652	1	aprire	aprire	_	_	_	_	_	linguistic	_	none	_	_	_	_	_	_
652-2	BOI059	652	652	2	la	la	_	_	_	_	_	linguistic	_	none	_	_	_	_	_	_
652-3	BOI059	652	652	3	porta	porta	_	_	_	_	_	linguistic	_	none	_	_	_	_	_	_
652-4	BOI059	652	652	4	sotto	sotto	_	_	_	_	_	linguistic	_	none	_	_	_	_	_	_
652-5	BOI059	652	652	5	quindi	quindi	_	_	_	_	_	linguistic	_	none	_	_	_	_	_	_
652-6	BOI059	652	652	6	il	il	_	_	_	_	_	linguistic	_	none	_	_	_	_	_	_
652-7	BOI059	652	652	7	nostro	nostro	_	_	_	_	_	linguistic	_	none	_	_	_	_	_	_
652-8	BOI059	652	652	8	dammi	dammi	_	_	_	_	_	linguistic	_	none	_	_	_	_	_	_
652-9	BOI059	652	652	9	il	il	_	_	_	_	_	linguistic	_	none	_	_	_	_	_	_
652-10	BOI059	652	652	10	tiro	tiro	_	_	_	_	_	linguistic	_	none	_	End=1458.707	_	_	_	_
653-0	BOI059	653	653	0	ha	ha	_	_	_	_	_	linguistic	_	none	_	Begin=1459.128	_	_	_	_
653-1	BOI059	653	653	1	delle	delle	_	_	_	_	_	linguistic	_	none	_	_	_	_	_	_
653-2	BOI059	653	653	2	origini	origini	_	_	_	_	_	linguistic	_	none	_	_	_	_	_	_
653-3	BOI059	653	653	3	storiche	storiche	_	_	_	_	_	linguistic	_	none	_	_	_	_	_	_
653-4	BOI059	653	653	4	p[ortici]	portici	_	_	_	_	_	linguistic	_	none	_	End=1461.701	_	_	_	1-7(109)
654-0	BOR017	654	654	0	[antichiss]i[me]	antichissime	_	_	_	_	_	linguistic	_	none	_	Begin=1461.048|End=1462.107	_	_	_	0-9(109),10-12(110)
655-0	BOI059	655	655	0	[sì	sì	_	_	_	_	_	linguistic	_	none	_	Begin=1461.897	_	_	_	0-2(110)
655-1	BOI059	655	655	1	s]ì	sì	_	_	_	_	_	linguistic	_	none	_	_	_	_	_	0-1(110)
655-2	BOI059	655	655	2	perché	perché	_	_	_	_	_	linguistic	_	none	_	_	_	_	_	_
655-3	BOI059	655	655	3	per	per	_	_	_	_	_	linguistic	_	none	_	_	_	_	_	_
655-4	BOI059	655	655	4	noi	noi	_	_	_	_	_	linguistic	_	none	_	_	_	_	_	_
655-5	BOI059	655	655	5	è	è	_	_	_	_	_	linguistic	_	none	_	_	_	_	_	_
655-6	BOI059	655	655	6	tutto	tutto	_	_	_	_	_	linguistic	_	none	_	_	_	_	_	_
655-7	BOI059	655	655	7	collegato	collegato	_	_	_	_	_	linguistic	_	none	_	_	_	_	_	_
655-8	BOI059	655	655	8	noi	noi	_	_	_	_	_	linguistic	_	none	_	_	_	_	_	_
655-9	BOI059	655	655	9	siamo	siamo	_	_	_	_	_	linguistic	_	none	_	_	_	_	_	_
655-10	BOI059	655	655	10	bolognesi	bolognesi	_	_	_	_	_	linguistic	_	none	_	_	_	_	_	_
655-11	BOI059	655	655	11	noi	noi	_	_	_	_	_	linguistic	_	none	_	_	_	_	_	_
655-12	BOI059	655	655	12	siamo	siamo	_	_	_	_	_	linguistic	_	none	_	_	_	_	_	_
655-13	BOI059	655	655	13	lievemente	lievemente	_	_	_	_	_	linguistic	_	none	_	_	_	_	_	_
655-14	BOI059	655	655	14	radicati	radicati	_	_	_	_	_	linguistic	_	none	_	End=1465.583	_	_	_	_
656-0	BOI059	656	656	0	c(io)è	cioè	_	_	_	_	_	linguistic	_	none	_	Begin=1465.592	_	_	1-3(0)	_
656-1	BOI059	656	656	1	nel	nel	_	_	_	_	_	linguistic	_	none	_	_	_	_	_	_
656-2	BOI059	656	656	2	senso	senso	_	_	_	_	_	linguistic	_	none	_	_	_	_	_	_
656-3	BOI059	656	656	3	è	è	_	_	_	_	_	linguistic	_	none	_	_	_	_	_	_
656-4	BOI059	656	656	4	casa	casa	_	_	_	_	_	linguistic	_	none	_	_	_	_	_	_
656-5	BOI059	656	656	5	nostra	nostra	_	_	_	_	_	linguistic	_	none	_	_	_	_	_	_
656-6	BOI059	656	656	6	non	non	_	_	_	_	_	linguistic	_	none	_	_	_	_	_	_
656-7	BOI059	656	656	7	ci	ci	_	_	_	_	_	linguistic	_	none	_	_	_	_	_	_
656-8	BOI059	656	656	8	cacci	cacci	_	_	_	_	_	linguistic	_	none	_	End=1467.57	_	_	_	_
657-0	BOI059	657	657	0	ci	ci	_	_	_	_	_	linguistic	_	none	_	Begin=1467.929	_	_	_	_
657-1	BOI059	657	657	1	evolviamo	evolviamo	_	_	_	_	_	linguistic	_	none	_	_	_	_	_	_
657-2	BOI059	657	657	2	fintanto	fintanto	_	_	_	_	_	linguistic	_	none	_	_	_	_	_	_
657-3	BOI059	657	657	3	che	che	_	_	_	_	_	linguistic	_	none	_	End=1469.54	_	_	_	_
658-0	BOI059	658	658	0	ne	ne	_	_	_	_	_	linguistic	_	none	_	Begin=1469.854	_	_	_	_
658-1	BOI059	658	658	1	vale	vale	_	_	_	_	_	linguistic	_	none	_	_	_	_	_	_
658-2	BOI059	658	658	2	la	la	_	_	_	_	_	linguistic	_	none	_	_	_	_	_	_
658-3	BOI059	658	658	3	pena	pena	_	_	_	_	_	linguistic	_	none	_	_	_	_	_	_
658-4	BOI059	658	658	4	però	però	_	_	_	_	_	linguistic	_	none	_	_	_	_	_	_
658-5	BOI059	658	658	5	n:on	non	_	_	_	_	_	linguistic	_	none	_	_	0x1	_	_	_
658-6	BOI059	658	658	6	c(io)è	cioè	_	_	_	_	_	linguistic	_	none	_	End=1472.156	_	_	1-3(0)	_
659-0	BOI059	659	659	0	siamo	siamo	_	_	_	_	_	linguistic	_	none	_	Begin=1472.579	_	_	_	_
659-1	BOI059	659	659	1	un	un	_	_	_	_	_	linguistic	_	none	_	_	_	_	_	_
659-2	BOI059	659	659	2	tutt'	tutt'	_	_	_	_	_	linguistic	_	none	SpaceAfter=No	_	_	_	_	_
659-3	BOI059	659	659	3	uno	uno	_	_	_	_	_	linguistic	_	none	_	_	_	_	_	_
659-4	BOI059	659	659	4	col	col	_	_	_	_	_	linguistic	_	none	_	_	_	_	_	_
659-5	BOI059	659	659	5	nostro	nostro	_	_	_	_	_	linguistic	_	none	_	_	_	_	_	_
659-6	BOI059	659	659	6	passato	passato	_	_	_	_	_	linguistic	_	none	_	_	_	_	_	_
659-7	BOI059	659	659	7	il	il	_	_	_	_	_	linguistic	_	none	_	_	_	_	_	_
659-8	BOI059	659	659	8	più	più	_	_	_	_	_	linguistic	_	none	_	_	_	_	_	_
659-9	BOI059	659	659	9	delle	delle	_	_	_	_	_	linguistic	_	none	_	_	_	_	_	_
659-10	BOI059	659	659	10	volte	volte	_	_	_	_	_	linguistic	_	none	_	_	_	_	_	_
659-11	BOI059	659	659	11	c~	c~	_	_	_	_	_	linguistic	_	none	Interrupted=Yes	End=1475.041	_	_	_	_
660-0	BOI059	660	660	0	ce	ce	_	_	_	_	_	linguistic	_	none	_	Begin=1475.302	_	_	_	_
660-1	BOI059	660	660	1	ne	ne	_	_	_	_	_	linguistic	_	none	_	_	_	_	_	_
660-2	BOI059	660	660	2	vantiamo	vantiamo	_	_	_	_	_	linguistic	_	none	_	_	_	_	_	_
660-3	BOI059	660	660	3	anche	anche	_	_	_	_	_	linguistic	_	none	_	_	_	_	_	_
660-4	BOI059	660	660	4	un	un	_	_	_	_	_	linguistic	_	none	_	_	_	_	_	_
660-5	BOI059	660	660	5	po'	po'	_	_	_	_	_	linguistic	_	none	_	_	_	_	_	_
660-6	BOI059	660	660	6	abbastanza	abbastanza	_	_	_	_	_	linguistic	_	none	_	End=1477.256	_	_	_	_
661-0	BOR017	661	661	0	vi	vi	_	_	_	_	_	linguistic	_	none	_	Begin=1477.263	_	_	_	_
661-1	BOR017	661	661	1	ammiro	ammiro	_	_	_	_	_	linguistic	_	none	_	_	_	_	_	_
661-2	BOR017	661	661	2	mol[to]	molto	_	_	_	_	_	linguistic	_	none	_	End=1478.291	_	_	_	3-5(111)
662-0	BOI059	662	662	0	[bolo]gna	bologna	_	_	_	_	_	linguistic	_	none	_	Begin=1478.035	_	_	_	0-4(111)
662-1	BOI059	662	662	1	la	la	_	_	_	_	_	linguistic	_	none	_	_	_	_	_	_
662-2	BOI059	662	662	2	rossa	rossa	_	_	_	_	_	linguistic	_	none	_	_	_	_	_	_
662-3	BOI059	662	662	3	bologna	bologna	_	_	_	_	_	linguistic	_	none	_	_	_	_	_	_
662-4	BOI059	662	662	4	la	la	_	_	_	_	_	linguistic	_	none	_	_	_	_	_	_
662-5	BOI059	662	662	5	dotta	dotta	_	_	_	_	_	linguistic	_	none	_	_	_	_	_	_
662-6	BOI059	662	662	6	bologna	bologna	_	_	_	_	_	linguistic	_	none	_	_	_	_	_	_
662-7	BOI059	662	662	7	la	la	_	_	_	_	_	linguistic	_	none	_	_	_	_	_	_
662-8	BOI059	662	662	8	grassa	grassa	_	_	_	_	_	linguistic	_	none	_	End=1481.132	_	_	_	_
663-0	BOI059	663	663	0	siamo	siamo	_	_	_	_	_	linguistic	_	none	_	Begin=1481.483	_	_	_	_
663-1	BOI059	663	663	1	tra	tra	_	_	_	_	_	linguistic	_	none	_	_	_	_	_	_
663-2	BOI059	663	663	2	l'	l'	_	_	_	_	_	linguistic	_	none	SpaceAfter=No	_	_	_	_	_
663-3	BOI059	663	663	3	altro	altro	_	_	_	_	_	linguistic	_	none	_	_	_	_	_	_
663-4	BOI059	663	663	4	oggi	oggi	_	_	_	_	_	linguistic	_	none	_	_	_	_	_	_
663-5	BOI059	663	663	5	oggi	oggi	_	_	_	_	_	linguistic	_	none	_	_	_	_	_	_
663-6	BOI059	663	663	6	è	è	_	_	_	_	_	linguistic	_	none	_	_	_	_	_	_
663-7	BOI059	663	663	7	martedì	martedì	_	_	_	_	_	linguistic	_	none	_	_	_	_	_	_
663-8	BOI059	663	663	8	gras[so]?	grasso	_	_	_	_	_	linguistic	_	none	Intonation=Rising	End=1484.156	_	_	_	3-6(112)
664-0	BOR017	664	664	0	[sì]	sì	_	_	_	_	_	linguistic	_	none	_	Begin=1483.752|End=1484.153	_	_	_	0-2(112)
665-0	BOI059	665	665	0	quindi	quindi	_	_	_	_	_	linguistic	_	none	_	Begin=1484.42	_	_	_	_
665-1	BOI059	665	665	1	bologna	bologna	_	_	_	_	_	linguistic	_	none	_	_	_	_	_	_
665-2	BOI059	665	665	2	la	la	_	_	_	_	_	linguistic	_	none	_	_	_	_	_	_
665-3	BOI059	665	665	3	grassa	grassa	_	_	_	_	_	linguistic	_	none	_	_	_	_	_	_
665-4	BOI059	665	665	4	le	le	_	_	_	_	_	linguistic	_	none	_	_	_	_	_	_
665-5	BOI059	665	665	5	nostre	nostre	_	_	_	_	_	linguistic	_	none	_	_	_	_	_	_
665-6	BOI059	665	665	6	sfrappole	sfrappole	_	_	_	_	_	linguistic	_	none	_	_	_	_	_	_
665-7	BOI059	665	665	7	sono	sono	_	_	_	_	_	linguistic	_	none	_	_	_	_	_	_
665-8	BOI059	665	665	8	le	le	_	_	_	_	_	linguistic	_	none	_	_	_	_	_	_
665-9	BOI059	665	665	9	migliori	migliori	_	_	_	_	_	linguistic	_	none	_	_	_	_	_	_
665-10	BOI059	665	665	10	del	del	_	_	_	_	_	linguistic	_	none	_	_	_	_	_	_
665-11	BOI059	665	665	11	mondo	mondo	_	_	_	_	_	linguistic	_	none	_	End=1488.17	_	_	_	_
666-0	BOR017	666	666	0	{ride}	{ride}	_	_	_	_	_	nonverbalbehavior	_	none	_	Begin=1487.752|End=1488.418	_	_	_	_
667-0	BOI059	667	667	0	i	i	_	_	_	_	_	linguistic	_	none	_	Begin=1488.426	_	_	_	_
667-1	BOI059	667	667	1	tortellini	tortellini	_	_	_	_	_	linguistic	_	none	_	_	_	_	_	_
667-2	BOI059	667	667	2	sono	sono	_	_	_	_	_	linguistic	_	none	_	_	_	_	_	_
667-3	BOI059	667	667	3	nostri	nostri	_	_	_	_	_	linguistic	_	none	_	_	_	_	_	_
667-4	BOI059	667	667	4	e	e	_	_	_	_	_	linguistic	_	none	_	_	_	_	_	_
667-5	BOI059	667	667	5	non	non	_	_	_	_	_	linguistic	_	none	_	_	_	_	_	_
667-6	BOI059	667	667	6	di:	di	_	_	_	_	_	linguistic	_	none	_	_	1x1	_	_	_
667-7	BOI059	667	667	7	non	non	_	_	_	_	_	linguistic	_	none	_	_	_	_	_	_
667-8	BOI059	667	667	8	di	di	_	_	_	_	_	linguistic	_	none	_	_	_	_	_	_
667-9	BOI059	667	667	9	>anz~<	anz~	_	_	_	_	_	linguistic	_	none	Interrupted=Yes	_	_	Fast=0-4(0)	_	_
667-10	BOI059	667	667	10	anche	anche	_	_	_	_	_	linguistic	_	none	_	_	_	_	_	_
667-11	BOI059	667	667	11	lì	lì	_	_	_	_	_	linguistic	_	none	_	End=1492.277	_	_	_	_
668-0	BOI059	668	668	0	è	è	_	_	_	_	_	linguistic	_	none	_	Begin=1493.204	_	_	_	_
668-1	BOI059	668	668	1	un	un	_	_	_	_	_	linguistic	_	none	_	_	_	_	_	_
668-2	BOI059	668	668	2	discorso	discorso	_	_	_	_	_	linguistic	_	none	_	_	_	_	_	_
668-3	BOI059	668	668	3	complicato	complicato	_	_	_	_	_	linguistic	_	none	_	_	_	_	_	_
668-4	BOI059	668	668	4	i	i	_	_	_	_	_	linguistic	_	none	_	_	_	_	_	_
668-5	BOI059	668	668	5	tortellini	tortellini	_	_	_	_	_	linguistic	_	none	_	End=1495.572	_	_	_	_
669-0	BOI059	669	669	0	sono	sono	_	_	_	_	_	linguistic	_	none	_	Begin=1495.997	_	_	_	_
669-1	BOI059	669	669	1	di	di	_	_	_	_	_	linguistic	_	none	_	_	_	_	_	_
669-2	BOI059	669	669	2	castelfranco	castelfranco	_	_	_	_	_	linguistic	_	none	_	_	_	_	_	_
669-3	BOI059	669	669	3	emilia	emilia	_	_	_	_	_	linguistic	_	none	_	End=1497.602	_	_	_	_
670-0	BOR017	670	670	0	okay	okay	_	_	_	_	_	linguistic	_	none	_	Begin=1497.771	_	_	_	_
670-1	BOR017	670	670	1	quindi	quindi	_	_	_	_	_	linguistic	_	none	_	_	_	_	_	_
670-2	BOR017	670	670	2	[nean]che	neanche	_	_	_	_	_	linguistic	_	none	_	_	_	_	_	0-4(113)
670-3	BOR017	670	670	3	di	di	_	_	_	_	_	linguistic	_	none	_	_	_	_	_	_
670-4	BOR017	670	670	4	bologna	bologna	_	_	_	_	_	linguistic	_	none	_	End=1499.373	_	_	_	_
671-0	BOI059	671	671	0	[che]	che	_	_	_	_	_	linguistic	_	none	_	Begin=1498.292|End=1498.541	_	_	_	0-3(113)
672-0	BOI059	672	672	0	attualmen~	attualmen~	_	_	_	_	_	linguistic	_	none	Interrupted=Yes	Begin=1499.461	_	_	_	_
672-1	BOI059	672	672	1	non	non	_	_	_	_	_	linguistic	_	none	_	_	_	_	_	_
672-2	BOI059	672	672	2	dire	dire	_	_	_	_	_	linguistic	_	none	_	_	_	_	_	_
672-3	BOI059	672	672	3	una	una	_	_	_	_	_	linguistic	_	none	_	_	_	_	_	_
672-4	BOI059	672	672	4	cosa	cosa	_	_	_	_	_	linguistic	_	none	_	_	_	_	_	_
672-5	BOI059	672	672	5	del	del	_	_	_	_	_	linguistic	_	none	_	_	_	_	_	_
672-6	BOI059	672	672	6	genere	genere	_	_	_	_	_	linguistic	_	none	_	_	_	_	_	_
672-7	BOI059	672	672	7	che	che	_	_	_	_	_	linguistic	_	none	_	_	_	_	_	_
672-8	BOI059	672	672	8	ti	ti	_	_	_	_	_	linguistic	_	none	_	_	_	_	_	_
672-9	BOI059	672	672	9	picchio	picchio	_	_	_	_	_	linguistic	_	none	_	_	_	_	_	_
672-10	BOI059	672	672	10	{ride}	{ride}	_	_	_	_	_	nonverbalbehavior	_	none	_	End=1503.457	_	_	_	_
673-0	BOR017	673	673	0	{ride}	{ride}	_	_	_	_	_	nonverbalbehavior	_	none	_	Begin=1501.326|End=1502.756	_	_	_	_
674-0	BOR017	674	674	0	°[aiuto]°	aiuto	_	_	_	_	_	linguistic	_	none	Volume=low	Begin=1503.989|End=1504.698	_	_	_	0-5(114)
675-0	BOI059	675	675	0	[secondo]	secondo	_	_	_	_	_	linguistic	_	none	_	Begin=1503.99	_	_	_	0-7(114)
675-1	BOI059	675	675	1	la	la	_	_	_	_	_	linguistic	_	none	_	_	_	_	_	_
675-2	BOI059	675	675	2	tradi~	tradi~	_	_	_	_	_	linguistic	_	none	Interrupted=Yes	_	_	_	_	_
675-3	BOI059	675	675	3	secondo	secondo	_	_	_	_	_	linguistic	_	none	_	_	_	_	_	_
675-4	BOI059	675	675	4	la	la	_	_	_	_	_	linguistic	_	none	_	_	_	_	_	_
675-5	BOI059	675	675	5	geopolitica	geopolitica	_	_	_	_	_	linguistic	_	none	_	_	_	_	_	_
675-6	BOI059	675	675	6	attuale	attuale	_	_	_	_	_	linguistic	_	none	_	End=1507.84	_	_	_	_
676-0	BOI059	676	676	0	castelfranco	castelfranco	_	_	_	_	_	linguistic	_	none	_	Begin=1508.234	_	_	_	_
676-1	BOI059	676	676	1	è	è	_	_	_	_	_	linguistic	_	none	_	_	_	_	_	_
676-2	BOI059	676	676	2	sotto	sotto	_	_	_	_	_	linguistic	_	none	_	_	_	_	_	_
676-3	BOI059	676	676	3	modena	modena	_	_	_	_	_	linguistic	_	none	_	End=1509.686	_	_	_	_
677-0	BOR017	677	677	0	°oka[y]°	okay	_	_	_	_	_	linguistic	_	none	Volume=low	Begin=1509.698|End=1510.257	_	_	_	3-4(115)
678-0	BOI059	678	678	0	[ma	ma	_	_	_	_	_	linguistic	_	none	_	Begin=1510.043	_	_	_	0-2(115)
678-1	BOI059	678	678	1	s]econdo	secondo	_	_	_	_	_	linguistic	_	none	_	_	_	_	_	0-1(115)
678-2	BOI059	678	678	2	la	la	_	_	_	_	_	linguistic	_	none	_	_	_	_	_	_
678-3	BOI059	678	678	3	diocesi	diocesi	_	_	_	_	_	linguistic	_	none	_	End=1511.483	_	_	_	_
679-0	BOI059	679	679	0	è	è	_	_	_	_	_	linguistic	_	none	_	Begin=1511.778	_	_	_	_
679-1	BOI059	679	679	1	sotto	sotto	_	_	_	_	_	linguistic	_	none	_	_	_	_	_	_
679-2	BOI059	679	679	2	bologna	bologna	_	_	_	_	_	linguistic	_	none	_	_	_	_	_	_
679-3	BOI059	679	679	3	quindi	quindi	_	_	_	_	_	linguistic	_	none	_	_	_	_	_	_
679-4	BOI059	679	679	4	comunque	comunque	_	_	_	_	_	linguistic	_	none	_	_	_	_	_	_
679-5	BOI059	679	679	5	rimane	rimane	_	_	_	_	_	linguistic	_	none	_	_	_	_	_	_
679-6	BOI059	679	679	6	nostro	nostro	_	_	_	_	_	linguistic	_	none	_	End=1514.18	_	_	_	_
680-0	BOI059	680	680	0	{ride}	{ride}	_	_	_	_	_	nonverbalbehavior	_	none	_	Begin=1514.33|End=1515.652	_	_	_	_
681-0	BOR017	681	681	0	che	che	_	_	_	_	_	linguistic	_	none	_	Begin=1517.514	_	_	_	_
681-1	BOR017	681	681	1	cosa	cosa	_	_	_	_	_	linguistic	_	none	_	_	_	_	_	_
681-2	BOR017	681	681	2	ne	ne	_	_	_	_	_	linguistic	_	none	_	_	_	_	_	_
681-3	BOR017	681	681	3	pensi	pensi	_	_	_	_	_	linguistic	_	none	_	_	_	_	_	_
681-4	BOR017	681	681	4	dunque	dunque	_	_	_	_	_	linguistic	_	none	_	_	_	_	_	_
681-5	BOR017	681	681	5	dello	dello	_	_	_	_	_	linguistic	_	none	_	_	_	_	_	_
681-6	BOR017	681	681	6	stato	stato	_	_	_	_	_	linguistic	_	none	_	_	_	_	_	_
681-7	BOR017	681	681	7	attuale	attuale	_	_	_	_	_	linguistic	_	none	_	_	_	_	_	_
681-8	BOR017	681	681	8	dei	dei	_	_	_	_	_	linguistic	_	none	_	_	_	_	_	_
681-9	BOR017	681	681	9	nostri	nostri	_	_	_	_	_	linguistic	_	none	_	_	_	_	_	_
681-10	BOR017	681	681	10	portici?	portici	_	_	_	_	_	linguistic	_	none	Intonation=Rising	_	_	_	_	_
681-11	BOR017	681	681	11	c'	c'	_	_	_	_	_	linguistic	_	none	SpaceAfter=No	_	_	_	_	_
681-12	BOR017	681	681	12	è	è	_	_	_	_	_	linguistic	_	none	_	_	_	_	_	_
681-13	BOR017	681	681	13	qualcosa	qualcosa	_	_	_	_	_	linguistic	_	none	_	_	_	_	_	_
681-14	BOR017	681	681	14	che	che	_	_	_	_	_	linguistic	_	none	_	_	_	_	_	_
681-15	BOR017	681	681	15	si	si	_	_	_	_	_	linguistic	_	none	_	_	_	_	_	_
681-16	BOR017	681	681	16	potrebbe	potrebbe	_	_	_	_	_	linguistic	_	none	_	_	_	_	_	_
681-17	BOR017	681	681	17	migliorare	migliorare	_	_	_	_	_	linguistic	_	none	_	_	_	_	_	_
681-18	BOR017	681	681	18	secondo	secondo	_	_	_	_	_	linguistic	_	none	_	_	_	_	_	_
681-19	BOR017	681	681	19	te?	te	_	_	_	_	_	linguistic	_	none	Intonation=Rising	End=1523.354	_	_	_	_
682-0	BOR017	682	682	0	come	come	_	_	_	_	_	linguistic	_	none	_	Begin=1523.441	_	_	_	_
682-1	BOR017	682	682	1	la	la	_	_	_	_	_	linguistic	_	none	_	_	_	_	_	_
682-2	BOR017	682	682	2	miglior[eres]ti?	miglioreresti	_	_	_	_	_	linguistic	_	none	Intonation=Rising	End=1524.855	_	_	_	7-11(116)
683-0	BOI059	683	683	0	[allora]	allora	_	_	_	_	_	linguistic	_	none	_	Begin=1524.074|End=1524.645	_	_	_	0-6(116)
684-0	BOI059	684	684	0	i	i	_	_	_	_	_	linguistic	_	none	_	Begin=1524.922	_	_	_	_
684-1	BOI059	684	684	1	portici	portici	_	_	_	_	_	linguistic	_	none	_	_	_	_	_	_
684-2	BOI059	684	684	2	di	di	_	_	_	_	_	linguistic	_	none	_	_	_	_	_	_
684-3	BOI059	684	684	3	città	città	_	_	_	_	_	linguistic	_	none	_	End=1526.278	_	_	_	_
685-0	BOI059	685	685	0	sono	sono	_	_	_	_	_	linguistic	_	none	_	Begin=1526.66	_	_	_	_
685-1	BOI059	685	685	1	messi	messi	_	_	_	_	_	linguistic	_	none	_	_	_	_	_	_
685-2	BOI059	685	685	2	bene	bene	_	_	_	_	_	linguistic	_	none	_	End=1527.35	_	_	_	_
686-0	BOI059	686	686	0	quindi	quindi	_	_	_	_	_	linguistic	_	none	_	Begin=1527.698	_	_	_	_
686-1	BOI059	686	686	1	diciamo	diciamo	_	_	_	_	_	linguistic	_	none	_	_	_	_	_	_
686-2	BOI059	686	686	2	da	da	_	_	_	_	_	linguistic	_	none	_	_	_	_	_	_
686-3	BOI059	686	686	3	mura	mura	_	_	_	_	_	linguistic	_	none	_	_	_	_	_	_
686-4	BOI059	686	686	4	a	a	_	_	_	_	_	linguistic	_	none	_	_	_	_	_	_
686-5	BOI059	686	686	5	mura	mura	_	_	_	_	_	linguistic	_	none	_	_	_	_	_	_
686-6	BOI059	686	686	6	sono	sono	_	_	_	_	_	linguistic	_	none	_	_	_	_	_	_
686-7	BOI059	686	686	7	messi	messi	_	_	_	_	_	linguistic	_	none	_	_	_	_	_	_
686-8	BOI059	686	686	8	bene	bene	_	_	_	_	_	linguistic	_	none	_	End=1529.959	_	_	_	_
687-0	BOI059	687	687	0	c'	c'	_	_	_	_	_	linguistic	_	none	SpaceAfter=No	Begin=1530.748	_	_	_	_
687-1	BOI059	687	687	1	è	è	_	_	_	_	_	linguistic	_	none	_	_	_	_	_	_
687-2	BOI059	687	687	2	una	una	_	_	_	_	_	linguistic	_	none	_	_	_	_	_	_
687-3	BOI059	687	687	3	cosa	cosa	_	_	_	_	_	linguistic	_	none	_	_	_	_	_	_
687-4	BOI059	687	687	4	che	che	_	_	_	_	_	linguistic	_	none	_	_	_	_	_	_
687-5	BOI059	687	687	5	va	va	_	_	_	_	_	linguistic	_	none	_	_	_	_	_	_
687-6	BOI059	687	687	6	migliorata	migliorata	_	_	_	_	_	linguistic	_	none	_	End=1532.943	_	_	_	_
688-0	BOI059	688	688	0	è	è	_	_	_	_	_	linguistic	_	none	_	Begin=1532.959	_	_	_	_
688-1	BOI059	688	688	1	un	un	_	_	_	_	_	linguistic	_	none	_	_	_	_	_	_
688-2	BOI059	688	688	2	po'	po'	_	_	_	_	_	linguistic	_	none	_	_	_	_	_	_
688-3	BOI059	688	688	3	un	un	_	_	_	_	_	linguistic	_	none	_	_	_	_	_	_
688-4	BOI059	688	688	4	casino	casino	_	_	_	_	_	linguistic	_	none	_	_	_	_	_	_
688-5	BOI059	688	688	5	perché	perché	_	_	_	_	_	linguistic	_	none	_	_	_	_	_	_
688-6	BOI059	688	688	6	si	si	_	_	_	_	_	linguistic	_	none	_	_	_	_	_	_
688-7	BOI059	688	688	7	entra	entra	_	_	_	_	_	linguistic	_	none	_	_	_	_	_	_
688-8	BOI059	688	688	8	in	in	_	_	_	_	_	linguistic	_	none	_	_	_	_	_	_
688-9	BOI059	688	688	9	varie	varie	_	_	_	_	_	linguistic	_	none	_	_	_	_	_	_
688-10	BOI059	688	688	10	cocont~	cocont~	_	_	_	_	_	linguistic	_	none	Interrupted=Yes	End=1535.947	_	_	_	_
689-0	BOI059	689	689	0	°concorrenzialità°	concorrenzialità	_	_	_	_	_	linguistic	_	none	Volume=low	Begin=1536.186|End=1537.673	_	_	_	_
690-0	BOI059	690	690	0	i	i	_	_	_	_	_	linguistic	_	none	_	Begin=1538.0	_	_	_	_
690-1	BOI059	690	690	1	portici	portici	_	_	_	_	_	linguistic	_	none	_	_	_	_	_	_
690-2	BOI059	690	690	2	di	di	_	_	_	_	_	linguistic	_	none	_	_	_	_	_	_
690-3	BOI059	690	690	3	san	san	_	_	_	_	_	linguistic	_	none	_	_	_	_	_	_
690-4	BOI059	690	690	4	luca	luca	_	_	_	_	_	linguistic	_	none	_	_	_	_	_	_
690-5	BOI059	690	690	5	perché	perché	_	_	_	_	_	linguistic	_	none	_	End=1539.691	_	_	_	_
691-0	BOI059	691	691	0	i	i	_	_	_	_	_	linguistic	_	none	_	Begin=1540.284	_	_	_	_
691-1	BOI059	691	691	1	portici	portici	_	_	_	_	_	linguistic	_	none	_	_	_	_	_	_
691-2	BOI059	691	691	2	di	di	_	_	_	_	_	linguistic	_	none	_	_	_	_	_	_
691-3	BOI059	691	691	3	san	san	_	_	_	_	_	linguistic	_	none	_	_	_	_	_	_
691-4	BOI059	691	691	4	luca	luca	_	_	_	_	_	linguistic	_	none	_	_	_	_	_	_
691-5	BOI059	691	691	5	tecnicamente	tecnicamente	_	_	_	_	_	linguistic	_	none	_	_	_	_	_	_
691-6	BOI059	691	691	6	<ven:gono>	vengono	_	_	_	_	_	linguistic	_	none	_	_	2x1	Slow=0-7(0)	_	_
691-7	BOI059	691	691	7	migliorati	migliorati	_	_	_	_	_	linguistic	_	none	_	_	_	_	_	_
691-8	BOI059	691	691	8	in	in	_	_	_	_	_	linguistic	_	none	_	_	_	_	_	_
691-9	BOI059	691	691	9	base	base	_	_	_	_	_	linguistic	_	none	_	_	_	_	_	_
691-10	BOI059	691	691	10	alle	alle	_	_	_	_	_	linguistic	_	none	_	_	_	_	_	_
691-11	BOI059	691	691	11	offerte	offerte	_	_	_	_	_	linguistic	_	none	_	_	_	_	_	_
691-12	BOI059	691	691	12	fatte	fatte	_	_	_	_	_	linguistic	_	none	_	_	_	_	_	_
691-13	BOI059	691	691	13	alla	alla	_	_	_	_	_	linguistic	_	none	_	_	_	_	_	_
691-14	BOI059	691	691	14	chiesa	chiesa	_	_	_	_	_	linguistic	_	none	_	End=1546.833	_	_	_	_
692-0	BOI059	692	692	0	vengon	vengon	_	_	_	_	_	linguistic	_	none	_	Begin=1547.185	_	_	_	_
692-1	BOI059	692	692	1	chiesto	chiesto	_	_	_	_	_	linguistic	_	none	_	_	_	_	_	_
692-2	BOI059	692	692	2	delle	delle	_	_	_	_	_	linguistic	_	none	_	_	_	_	_	_
692-3	BOI059	692	692	3	grazie	grazie	_	_	_	_	_	linguistic	_	none	_	_	_	_	_	_
692-4	BOI059	692	692	4	con	con	_	_	_	_	_	linguistic	_	none	_	_	_	_	_	_
692-5	BOI059	692	692	5	cui	cui	_	_	_	_	_	linguistic	_	none	_	_	_	_	_	_
692-6	BOI059	692	692	6	si	si	_	_	_	_	_	linguistic	_	none	_	_	_	_	_	_
692-7	BOI059	692	692	7	fanno	fanno	_	_	_	_	_	linguistic	_	none	_	_	_	_	_	_
692-8	BOI059	692	692	8	i	i	_	_	_	_	_	linguistic	_	none	_	_	_	_	_	_
692-9	BOI059	692	692	9	portici	portici	_	_	_	_	_	linguistic	_	none	_	End=1550.365	_	_	_	_
693-0	BOI059	693	693	0	>c'	c'	_	_	_	_	_	linguistic	_	none	SpaceAfter=No	Begin=1550.399	_	Fast=0-2(0)	_	_
693-1	BOI059	693	693	1	è	è	_	_	_	_	_	linguistic	_	none	_	_	_	Fast=0-1(0)	_	_
693-2	BOI059	693	693	2	anche	anche	_	_	_	_	_	linguistic	_	none	_	_	_	Fast=0-5(0)	_	_
693-3	BOI059	693	693	3	è	è	_	_	_	_	_	linguistic	_	none	_	_	_	Fast=0-1(0)	_	_
693-4	BOI059	693	693	4	anche<	anche	_	_	_	_	_	linguistic	_	none	_	_	_	Fast=0-5(0)	_	_
693-5	BOI059	693	693	5	è	è	_	_	_	_	_	linguistic	_	none	_	_	_	_	_	_
693-6	BOI059	693	693	6	una	una	_	_	_	_	_	linguistic	_	none	_	_	_	_	_	_
693-7	BOI059	693	693	7	roba	roba	_	_	_	_	_	linguistic	_	none	_	_	_	_	_	_
693-8	BOI059	693	693	8	collegatissima	collegatissima	_	_	_	_	_	linguistic	_	none	_	End=1552.196	_	_	_	_
694-0	BOI059	694	694	0	penso	penso	_	_	_	_	_	linguistic	_	none	_	Begin=1552.506	_	_	_	_
694-1	BOI059	694	694	1	a	a	_	_	_	_	_	linguistic	_	none	_	_	_	_	_	_
694-2	BOI059	694	694	2	molti	molti	_	_	_	_	_	linguistic	_	none	_	_	_	_	_	_
694-3	BOI059	694	694	3	santuari	santuari	_	_	_	_	_	linguistic	_	none	_	End=1553.591	_	_	_	_
695-0	BOI059	695	695	0	vai	vai	_	_	_	_	_	linguistic	_	none	_	Begin=1553.87	_	_	_	_
695-1	BOI059	695	695	1	a	a	_	_	_	_	_	linguistic	_	none	_	_	_	_	_	_
695-2	BOI059	695	695	2	san	san	_	_	_	_	_	linguistic	_	none	_	_	_	_	_	_
695-3	BOI059	695	695	3	luca	luca	_	_	_	_	_	linguistic	_	none	_	_	_	_	_	_
695-4	BOI059	695	695	4	a	a	_	_	_	_	_	linguistic	_	none	_	_	_	_	_	_
695-5	BOI059	695	695	5	chieder	chieder	_	_	_	_	_	linguistic	_	none	_	_	_	_	_	_
695-6	BOI059	695	695	6	la	la	_	_	_	_	_	linguistic	_	none	_	_	_	_	_	_
695-7	BOI059	695	695	7	gra:zia	grazia	_	_	_	_	_	linguistic	_	none	_	_	2x1	_	_	_
695-8	BOI059	695	695	8	alla:	alla	_	_	_	_	_	linguistic	_	none	_	_	3x1	_	_	_
695-9	BOI059	695	695	9	beata:	beata	_	_	_	_	_	linguistic	_	none	_	_	4x1	_	_	_
695-10	BOI059	695	695	10	vergine:	vergine	_	_	_	_	_	linguistic	_	none	_	End=1557.05	6x1	_	_	_
696-0	BOI059	696	696	0	e	e	_	_	_	_	_	linguistic	_	none	_	Begin=1557.457	_	_	_	_
696-1	BOI059	696	696	1	quello	quello	_	_	_	_	_	linguistic	_	none	_	_	_	_	_	_
696-2	BOI059	696	696	2	che	che	_	_	_	_	_	linguistic	_	none	_	_	_	_	_	_
696-3	BOI059	696	696	3	ottieni	ottieni	_	_	_	_	_	linguistic	_	none	_	_	_	_	_	_
696-4	BOI059	696	696	4	in	in	_	_	_	_	_	linguistic	_	none	_	_	_	_	_	_
696-5	BOI059	696	696	5	cambio	cambio	_	_	_	_	_	linguistic	_	none	_	_	_	_	_	_
696-6	BOI059	696	696	6	è	è	_	_	_	_	_	linguistic	_	none	_	_	_	_	_	_
696-7	BOI059	696	696	7	forse	forse	_	_	_	_	_	linguistic	_	none	_	_	_	_	_	_
696-8	BOI059	696	696	8	qualcosa	qualcosa	_	_	_	_	_	linguistic	_	none	_	End=1560.212	_	_	_	_
697-0	BOI059	697	697	0	se	se	_	_	_	_	_	linguistic	_	none	_	Begin=1561.261	_	_	_	_
697-1	BOI059	697	697	1	sei	sei	_	_	_	_	_	linguistic	_	none	_	_	_	_	_	_
697-2	BOI059	697	697	2	ricco	ricco	_	_	_	_	_	linguistic	_	none	_	_	_	_	_	_
697-3	BOI059	697	697	3	dai	dai	_	_	_	_	_	linguistic	_	none	_	_	_	_	_	_
697-4	BOI059	697	697	4	direttamente	direttamente	_	_	_	_	_	linguistic	_	none	_	_	_	_	_	_
697-5	BOI059	697	697	5	i	i	_	_	_	_	_	linguistic	_	none	_	_	_	_	_	_
697-6	BOI059	697	697	6	soldi	soldi	_	_	_	_	_	linguistic	_	none	_	_	_	_	_	_
697-7	BOI059	697	697	7	per	per	_	_	_	_	_	linguistic	_	none	_	_	_	_	_	_
697-8	BOI059	697	697	8	rifare	rifare	_	_	_	_	_	linguistic	_	none	_	_	_	_	_	_
697-9	BOI059	697	697	9	una	una	_	_	_	_	_	linguistic	_	none	_	_	_	_	_	_
697-10	BOI059	697	697	10	delle	delle	_	_	_	_	_	linguistic	_	none	_	_	_	_	_	_
697-11	BOI059	697	697	11	arcate	arcate	_	_	_	_	_	linguistic	_	none	_	End=1564.089	_	_	_	_
698-0	BOI059	698	698	0	però	però	_	_	_	_	_	linguistic	_	none	_	Begin=1565.549	_	_	_	_
698-1	BOI059	698	698	1	il	il	_	_	_	_	_	linguistic	_	none	_	_	_	_	_	_
698-2	BOI059	698	698	2	punto	punto	_	_	_	_	_	linguistic	_	none	_	_	_	_	_	_
698-3	BOI059	698	698	3	è	è	_	_	_	_	_	linguistic	_	none	_	_	_	_	_	_
698-4	BOI059	698	698	4	che	che	_	_	_	_	_	linguistic	_	none	_	_	_	_	_	_
698-5	BOI059	698	698	5	comunque	comunque	_	_	_	_	_	linguistic	_	none	_	_	_	_	_	_
698-6	BOI059	698	698	6	essendo	essendo	_	_	_	_	_	linguistic	_	none	_	_	_	_	_	_
698-7	BOI059	698	698	7	patrimonio	patrimonio	_	_	_	_	_	linguistic	_	none	_	_	_	_	_	_
698-8	BOI059	698	698	8	della	della	_	_	_	_	_	linguistic	_	none	_	_	_	_	_	_
698-9	BOI059	698	698	9	citt~	citt~	_	_	_	_	_	linguistic	_	none	Interrupted=Yes	_	_	_	_	_
698-10	BOI059	698	698	10	>c(io)è	cioè	_	_	_	_	_	linguistic	_	none	_	_	_	Fast=0-4(0)	1-3(0)	_
698-11	BOI059	698	698	11	(se)	se	_	_	_	_	_	linguistic	_	none	_	_	_	Fast=0-2(0)	0-2(1)	_
698-12	BOI059	698	698	12	anche	anche	_	_	_	_	_	linguistic	_	none	_	_	_	Fast=0-5(0)	_	_
698-13	BOI059	698	698	13	lì<	lì	_	_	_	_	_	linguistic	_	none	_	End=1569.388	_	Fast=0-2(0)	_	_
699-0	BOI059	699	699	0	se	se	_	_	_	_	_	linguistic	_	none	_	Begin=1569.694	_	_	_	_
699-1	BOI059	699	699	1	è	è	_	_	_	_	_	linguistic	_	none	_	_	_	_	_	_
699-2	BOI059	699	699	2	proprietà	proprietà	_	_	_	_	_	linguistic	_	none	_	_	_	_	_	_
699-3	BOI059	699	699	3	della	della	_	_	_	_	_	linguistic	_	none	_	_	_	_	_	_
699-4	BOI059	699	699	4	chiesa	chiesa	_	_	_	_	_	linguistic	_	none	_	_	_	_	_	_
699-5	BOI059	699	699	5	che	che	_	_	_	_	_	linguistic	_	none	_	_	_	_	_	_
699-6	BOI059	699	699	6	la	la	_	_	_	_	_	linguistic	_	none	_	_	_	_	_	_
699-7	BOI059	699	699	7	chiesa	chiesa	_	_	_	_	_	linguistic	_	none	_	_	_	_	_	_
699-8	BOI059	699	699	8	lo	lo	_	_	_	_	_	linguistic	_	none	_	_	_	_	_	_
699-9	BOI059	699	699	9	sistemi	sistemi	_	_	_	_	_	linguistic	_	none	_	_	_	_	_	_
699-10	BOI059	699	699	10	se	se	_	_	_	_	_	linguistic	_	none	_	_	_	_	_	_
699-11	BOI059	699	699	11	è	è	_	_	_	_	_	linguistic	_	none	_	_	_	_	_	_
699-12	BOI059	699	699	12	patrimonio	patrimonio	_	_	_	_	_	linguistic	_	none	_	_	_	_	_	_
699-13	BOI059	699	699	13	del	del	_	_	_	_	_	linguistic	_	none	_	_	_	_	_	_
699-14	BOI059	699	699	14	comune	comune	_	_	_	_	_	linguistic	_	none	_	_	_	_	_	_
699-15	BOI059	699	699	15	che	che	_	_	_	_	_	linguistic	_	none	_	_	_	_	_	_
699-16	BOI059	699	699	16	il	il	_	_	_	_	_	linguistic	_	none	_	_	_	_	_	_
699-17	BOI059	699	699	17	comune	comune	_	_	_	_	_	linguistic	_	none	_	_	_	_	_	_
699-18	BOI059	699	699	18	lo	lo	_	_	_	_	_	linguistic	_	none	_	_	_	_	_	_
699-19	BOI059	699	699	19	sistemi	sistemi	_	_	_	_	_	linguistic	_	none	_	_	_	_	_	_
699-20	BOI059	699	699	20	ci	ci	_	_	_	_	_	linguistic	_	none	_	_	_	_	_	_
699-21	BOI059	699	699	21	sono	sono	_	_	_	_	_	linguistic	_	none	_	_	_	_	_	_
699-22	BOI059	699	699	22	dei	dei	_	_	_	_	_	linguistic	_	none	_	_	_	_	_	_
699-23	BOI059	699	699	23	gradini	gradini	_	_	_	_	_	linguistic	_	none	_	End=1574.583	_	_	_	_
700-0	BOI059	700	700	0	che	che	_	_	_	_	_	linguistic	_	none	_	Begin=1574.825	_	_	_	_
700-1	BOI059	700	700	1	son	son	_	_	_	_	_	linguistic	_	none	_	_	_	_	_	_
700-2	BOI059	700	700	2	consumati	consumati	_	_	_	_	_	linguistic	_	none	_	_	_	_	_	_
700-3	BOI059	700	700	3	uno	uno	_	_	_	_	_	linguistic	_	none	_	_	_	_	_	_
700-4	BOI059	700	700	4	sì	sì	_	_	_	_	_	linguistic	_	none	_	_	_	_	_	_
700-5	BOI059	700	700	5	e	e	_	_	_	_	_	linguistic	_	none	_	_	_	_	_	_
700-6	BOI059	700	700	6	mh	mh	_	_	_	_	_	linguistic	_	none	_	_	_	_	_	_
700-7	BOI059	700	700	7	[eh]	eh	_	_	_	_	_	linguistic	_	none	_	End=1576.613	_	_	_	0-2(117)
701-0	BOR017	701	701	0	[sì	sì	_	_	_	_	_	linguistic	_	none	_	Begin=1576.273	_	_	_	0-2(117)
701-1	BOR017	701	701	1	sì]	sì	_	_	_	_	_	linguistic	_	none	_	_	_	_	_	0-2(117)
701-2	BOR017	701	701	2	°[è	è	_	_	_	_	_	linguistic	_	none	Volume=low	_	_	_	_	0-1(118)
701-3	BOR017	701	701	3	rischioso	rischioso	_	_	_	_	_	linguistic	_	none	Volume=low	_	_	_	_	0-9(118)
701-4	BOR017	701	701	4	è	è	_	_	_	_	_	linguistic	_	none	Volume=low	_	_	_	_	0-1(118)
701-5	BOR017	701	701	5	rischioso]°	rischioso	_	_	_	_	_	linguistic	_	none	Volume=low	End=1578.718	_	_	_	0-9(118)
702-0	BOI059	702	702	0	[è	è	_	_	_	_	_	linguistic	_	none	_	Begin=1576.877	_	_	_	0-1(118)
702-1	BOI059	702	702	1	più	più	_	_	_	_	_	linguistic	_	none	_	_	_	_	_	0-3(118)
702-2	BOI059	702	702	2	difficile	difficile	_	_	_	_	_	linguistic	_	none	PauseAfter=Yes	_	_	_	_	0-9(118)
702-3	BOI059	702	702	3	{P}	{P}	_	_	_	_	_	shortpause	_	none	_	_	_	_	_	0-3(118)
702-4	BOI059	702	702	4	al	al	_	_	_	_	_	linguistic	_	none	_	_	_	_	_	0-2(118)
702-5	BOI059	702	702	5	di	di	_	_	_	_	_	linguistic	_	none	_	_	_	_	_	0-2(118)
702-6	BOI059	702	702	6	là	là	_	_	_	_	_	linguistic	_	none	_	_	_	_	_	0-2(118)
702-7	BOI059	702	702	7	di	di	_	_	_	_	_	linguistic	_	none	_	_	_	_	_	0-2(118)
702-8	BOI059	702	702	8	rischio]so	rischioso	_	_	_	_	_	linguistic	_	none	_	End=1579.001	_	_	_	0-7(118)
703-0	BOI059	703	703	0	#l'	#l'	_	_	_	_	_	error	_	none	SpaceAfter=No	Begin=1579.154	_	_	_	_
703-1	BOI059	703	703	1	è	è	_	_	_	_	_	linguistic	_	none	_	_	_	_	_	_
703-2	BOI059	703	703	2	più	più	_	_	_	_	_	linguistic	_	none	_	_	_	_	_	_
703-3	BOI059	703	703	3	difezil	difezil	_	_	_	_	_	linguistic	_	none	_	_	_	_	_	_
703-4	BOI059	703	703	4	andar	andar	_	_	_	_	_	linguistic	_	none	_	_	_	_	_	_
703-5	BOI059	703	703	5	sò	sò	_	_	_	_	_	linguistic	_	none	_	_	_	_	_	_
703-6	BOI059	703	703	6	e:h	eh	_	_	_	_	_	linguistic	_	none	_	_	0x1	_	_	_
703-7	BOI059	703	703	7	o:h	oh	_	_	_	_	_	linguistic	_	none	_	_	0x1	_	_	_
703-8	BOI059	703	703	8	si	si	_	_	_	_	_	linguistic	_	none	_	_	_	_	_	_
703-9	BOI059	703	703	9	fa	fa	_	_	_	_	_	linguistic	_	none	_	_	_	_	_	_
703-10	BOI059	703	703	10	della	della	_	_	_	_	_	linguistic	_	none	_	_	_	_	_	_
703-11	BOI059	703	703	11	fatica	fatica	_	_	_	_	_	linguistic	_	none	_	_	_	_	_	_
703-12	BOI059	703	703	12	per	per	_	_	_	_	_	linguistic	_	none	_	_	_	_	_	_
703-13	BOI059	703	703	13	niente	niente	_	_	_	_	_	linguistic	_	none	_	_	_	_	_	_
703-14	BOI059	703	703	14	ecco	ecco	_	_	_	_	_	linguistic	_	none	_	End=1583.047	_	_	_	_
704-0	BOR017	704	704	0	{ride}	{ride}	_	_	_	_	_	nonverbalbehavior	_	none	_	Begin=1580.437|End=1581.199	_	_	_	_
705-0	BOR017	705	705	0	°vero°	vero	_	_	_	_	_	linguistic	_	none	Volume=low	Begin=1583.116|End=1583.556	_	_	_	_
706-0	BOR017	706	706	0	°verissimo°	verissimo	_	_	_	_	_	linguistic	_	none	Volume=low	Begin=1583.843|End=1584.64	_	_	_	_
707-0	BOR017	707	707	0	ma	ma	_	_	_	_	_	linguistic	_	none	_	Begin=1584.76	_	_	_	_
707-1	BOR017	707	707	1	ho	ho	_	_	_	_	_	linguistic	_	none	_	_	_	_	_	_
707-2	BOR017	707	707	2	visto	visto	_	_	_	_	_	linguistic	_	none	_	_	_	_	_	_
707-3	BOR017	707	707	3	che	che	_	_	_	_	_	linguistic	_	none	_	_	_	_	_	_
707-4	BOR017	707	707	4	prima	prima	_	_	_	_	_	linguistic	_	none	_	_	_	_	_	_
707-5	BOR017	707	707	5	hai	hai	_	_	_	_	_	linguistic	_	none	_	_	_	_	_	_
707-6	BOR017	707	707	6	citato	citato	_	_	_	_	_	linguistic	_	none	_	_	_	_	_	_
707-7	BOR017	707	707	7	il	il	_	_	_	_	_	linguistic	_	none	_	_	_	_	_	_
707-8	BOR017	707	707	8	cibo	cibo	_	_	_	_	_	linguistic	_	none	_	_	_	_	_	_
707-9	BOR017	707	707	9	passiamo	passiamo	_	_	_	_	_	linguistic	_	none	_	_	_	_	_	_
707-10	BOR017	707	707	10	dunque	dunque	_	_	_	_	_	linguistic	_	none	_	_	_	_	_	_
707-11	BOR017	707	707	11	al	al	_	_	_	_	_	linguistic	_	none	_	_	_	_	_	_
707-12	BOR017	707	707	12	cibo	cibo	_	_	_	_	_	linguistic	_	none	_	End=1587.894	_	_	_	_
708-0	BOI059	708	708	0	sono	sono	_	_	_	_	_	linguistic	_	none	_	Begin=1587.966	_	_	_	_
708-1	BOI059	708	708	1	bolognese	bolognese	_	_	_	_	_	linguistic	_	none	_	_	_	_	_	_
708-2	BOI059	708	708	2	per	per	_	_	_	_	_	linguistic	_	none	_	_	_	_	_	_
708-3	BOI059	708	708	3	[forza]	forza	_	_	_	_	_	linguistic	_	none	_	End=1589.288	_	_	_	0-5(119)
709-0	BOR017	709	709	0	[parliamo]	parliamo	_	_	_	_	_	linguistic	_	none	_	Begin=1588.649	_	_	_	0-8(119)
709-1	BOR017	709	709	1	parliamo	parliamo	_	_	_	_	_	linguistic	_	none	_	_	_	_	_	_
709-2	BOR017	709	709	2	allora	allora	_	_	_	_	_	linguistic	_	none	_	_	_	_	_	_
709-3	BOR017	709	709	3	dei	dei	_	_	_	_	_	linguistic	_	none	_	_	_	_	_	_
709-4	BOR017	709	709	4	piatti	piatti	_	_	_	_	_	linguistic	_	none	_	_	_	_	_	_
709-5	BOR017	709	709	5	tipici	tipici	_	_	_	_	_	linguistic	_	none	_	_	_	_	_	_
709-6	BOR017	709	709	6	bolognesi	bolognesi	_	_	_	_	_	linguistic	_	none	_	End=1591.561	_	_	_	_
710-0	BOI059	710	710	0	allora	allora	_	_	_	_	_	linguistic	_	none	_	Begin=1591.579|End=1592.085	_	_	_	_
711-0	BOI059	711	711	0	non	non	_	_	_	_	_	linguistic	_	none	_	Begin=1593.28	_	_	_	_
711-1	BOI059	711	711	1	credere	credere	_	_	_	_	_	linguistic	_	none	_	_	_	_	_	_
711-2	BOI059	711	711	2	a	a	_	_	_	_	_	linguistic	_	none	_	_	_	_	_	_
711-3	BOI059	711	711	3	quello	quello	_	_	_	_	_	linguistic	_	none	_	_	_	_	_	_
711-4	BOI059	711	711	4	che	che	_	_	_	_	_	linguistic	_	none	_	_	_	_	_	_
711-5	BOI059	711	711	5	ti	ti	_	_	_	_	_	linguistic	_	none	_	_	_	_	_	_
711-6	BOI059	711	711	6	dicono	dicono	_	_	_	_	_	linguistic	_	none	_	_	_	_	_	_
711-7	BOI059	711	711	7	in	in	_	_	_	_	_	linguistic	_	none	_	_	_	_	_	_
711-8	BOI059	711	711	8	giro	giro	_	_	_	_	_	linguistic	_	none	_	End=1594.709	_	_	_	_
712-0	BOR017	712	712	0	°ok[ay°]	okay	_	_	_	_	_	linguistic	_	none	Volume=low	Begin=1594.95|End=1595.361	_	_	_	2-4(120)
713-0	BOI059	713	713	0	nel	nel	_	_	_	_	_	linguistic	_	none	_	Begin=1595.165	_	_	_	_
713-1	BOI059	713	713	1	[sens]o	senso	_	_	_	_	_	linguistic	_	none	_	_	_	_	_	0-4(120)
713-2	BOI059	713	713	2	le	le	_	_	_	_	_	linguistic	_	none	_	_	_	_	_	_
713-3	BOI059	713	713	3	tigelle	tigelle	_	_	_	_	_	linguistic	_	none	_	_	_	_	_	_
713-4	BOI059	713	713	4	non	non	_	_	_	_	_	linguistic	_	none	_	_	_	_	_	_
713-5	BOI059	713	713	5	sono	sono	_	_	_	_	_	linguistic	_	none	_	_	_	_	_	_
713-6	BOI059	713	713	6	nostre	nostre	_	_	_	_	_	linguistic	_	none	_	End=1596.69	_	_	_	_
714-0	BOR017	714	714	0	[sì]	sì	_	_	_	_	_	linguistic	_	none	_	Begin=1597.005|End=1597.507	_	_	_	0-2(121)
715-0	BOI059	715	715	0	[sono	sono	_	_	_	_	_	linguistic	_	none	_	Begin=1597.005	_	_	_	0-4(121)
715-1	BOI059	715	715	1	mo]denesi	modenesi	_	_	_	_	_	linguistic	_	none	_	End=1597.706	_	_	_	0-2(121)
716-0	BOI059	716	716	0	che	che	_	_	_	_	_	linguistic	_	none	_	Begin=1598.2	_	_	_	_
716-1	BOI059	716	716	1	loro	loro	_	_	_	_	_	linguistic	_	none	_	_	_	_	_	_
716-2	BOI059	716	716	2	tra	tra	_	_	_	_	_	linguistic	_	none	_	_	_	_	_	_
716-3	BOI059	716	716	3	l'	l'	_	_	_	_	_	linguistic	_	none	SpaceAfter=No	_	_	_	_	_
716-4	BOI059	716	716	4	altro	altro	_	_	_	_	_	linguistic	_	none	_	_	_	_	_	_
716-5	BOI059	716	716	5	lo	lo	_	_	_	_	_	linguistic	_	none	_	_	_	_	_	_
716-6	BOI059	716	716	6	chiamano	chiamano	_	_	_	_	_	linguistic	_	none	_	_	_	_	_	_
716-7	BOI059	716	716	7	lo	lo	_	_	_	_	_	linguistic	_	none	_	_	_	_	_	_
716-8	BOI059	716	716	8	gnocco	gnocco	_	_	_	_	_	linguistic	_	none	_	_	_	_	_	_
716-9	BOI059	716	716	9	perché	perché	_	_	_	_	_	linguistic	_	none	_	_	_	_	_	_
716-10	BOI059	716	716	10	la	la	_	_	_	_	_	linguistic	_	none	_	_	_	_	_	_
716-11	BOI059	716	716	11	tigella	tigella	_	_	_	_	_	linguistic	_	none	_	_	_	_	_	_
716-12	BOI059	716	716	12	è	è	_	_	_	_	_	linguistic	_	none	_	_	_	_	_	_
716-13	BOI059	716	716	13	l'	l'	_	_	_	_	_	linguistic	_	none	SpaceAfter=No	_	_	_	_	_
716-14	BOI059	716	716	14	impa~	impa~	_	_	_	_	_	linguistic	_	none	Interrupted=Yes	_	_	_	_	_
716-15	BOI059	716	716	15	è	è	_	_	_	_	_	linguistic	_	none	_	_	_	_	_	_
716-16	BOI059	716	716	16	l~	l~	_	_	_	_	_	linguistic	_	none	Interrupted=Yes	End=1601.786	_	_	_	_
717-0	BOI059	717	717	0	per	per	_	_	_	_	_	linguistic	_	none	_	Begin=1601.962	_	_	_	_
717-1	BOI059	717	717	1	loro	loro	_	_	_	_	_	linguistic	_	none	_	_	_	_	_	_
717-2	BOI059	717	717	2	la	la	_	_	_	_	_	linguistic	_	none	_	_	_	_	_	_
717-3	BOI059	717	717	3	tigella	tigella	_	_	_	_	_	linguistic	_	none	_	_	_	_	_	_
717-4	BOI059	717	717	4	è	è	_	_	_	_	_	linguistic	_	none	_	_	_	_	_	_
717-5	BOI059	717	717	5	il	il	_	_	_	_	_	linguistic	_	none	_	_	_	_	_	_
717-6	BOI059	717	717	6	pezzo	pezzo	_	_	_	_	_	linguistic	_	none	_	_	_	_	_	_
717-7	BOI059	717	717	7	di	di	_	_	_	_	_	linguistic	_	none	_	_	_	_	_	_
717-8	BOI059	717	717	8	meta~	meta~	_	_	_	_	_	linguistic	_	none	Interrupted=Yes	_	_	_	_	_
717-9	BOI059	717	717	9	di	di	_	_	_	_	_	linguistic	_	none	_	_	_	_	_	_
717-10	BOI059	717	717	10	di	di	_	_	_	_	_	linguistic	_	none	_	End=1604.116	_	_	_	_
718-0	BOI059	718	718	0	pietra	pietra	_	_	_	_	_	linguistic	_	none	_	Begin=1604.211	_	_	_	_
718-1	BOI059	718	718	1	con	con	_	_	_	_	_	linguistic	_	none	_	_	_	_	_	_
718-2	BOI059	718	718	2	cui	cui	_	_	_	_	_	linguistic	_	none	_	_	_	_	_	_
718-3	BOI059	718	718	3	si	si	_	_	_	_	_	linguistic	_	none	_	_	_	_	_	_
718-4	BOI059	718	718	4	fa	fa	_	_	_	_	_	linguistic	_	none	_	End=1605.204	_	_	_	_
719-0	BOI059	719	719	0	e:h	eh	_	_	_	_	_	linguistic	_	none	_	Begin=1605.606	0x1	_	_	_
719-1	BOI059	719	719	1	lo	lo	_	_	_	_	_	linguistic	_	none	_	_	_	_	_	_
719-2	BOI059	719	719	2	gnocco	gnocco	_	_	_	_	_	linguistic	_	none	_	_	_	_	_	_
719-3	BOI059	719	719	3	>per	per	_	_	_	_	_	linguistic	_	none	_	_	_	Fast=0-3(0)	_	_
719-4	BOI059	719	719	4	noi	noi	_	_	_	_	_	linguistic	_	none	_	_	_	Fast=0-3(0)	_	_
719-5	BOI059	719	719	5	la	la	_	_	_	_	_	linguistic	_	none	_	_	_	Fast=0-2(0)	_	_
719-6	BOI059	719	719	6	tigella	tigella	_	_	_	_	_	linguistic	_	none	_	_	_	Fast=0-7(0)	_	_
719-7	BOI059	719	719	7	è	è	_	_	_	_	_	linguistic	_	none	_	_	_	Fast=0-1(0)	_	_
719-8	BOI059	719	719	8	la	la	_	_	_	_	_	linguistic	_	none	_	_	_	Fast=0-2(0)	_	_
719-9	BOI059	719	719	9	tigella<	tigella	_	_	_	_	_	linguistic	_	none	_	End=1607.652	_	Fast=0-7(0)	_	_
720-0	BOI059	720	720	0	gnocco	gnocco	_	_	_	_	_	linguistic	_	none	_	Begin=1607.898	_	_	_	_
720-1	BOI059	720	720	1	e	e	_	_	_	_	_	linguistic	_	none	_	_	_	_	_	_
720-2	BOI059	720	720	2	tigelle	tigelle	_	_	_	_	_	linguistic	_	none	_	_	_	_	_	_
720-3	BOI059	720	720	3	e	e	_	_	_	_	_	linguistic	_	none	_	_	_	_	_	_
720-4	BOI059	720	720	4	crescentine	crescentine	_	_	_	_	_	linguistic	_	none	_	_	_	_	_	_
720-5	BOI059	720	720	5	non	non	_	_	_	_	_	linguistic	_	none	_	_	_	_	_	_
720-6	BOI059	720	720	6	sono	sono	_	_	_	_	_	linguistic	_	none	_	_	_	_	_	_
720-7	BOI059	720	720	7	nostri	nostri	_	_	_	_	_	linguistic	_	none	_	End=1610.445	_	_	_	_
721-0	BOI059	721	721	0	noi	noi	_	_	_	_	_	linguistic	_	none	_	Begin=1610.775	_	_	_	_
721-1	BOI059	721	721	1	abbiamo	abbiamo	_	_	_	_	_	linguistic	_	none	_	End=1611.288	_	_	_	_
722-0	BOI059	722	722	0	tortellini	tortellini	_	_	_	_	_	linguistic	_	none	_	Begin=1611.809|End=1612.498	_	_	_	_
723-0	BOI059	723	723	0	lasagne	lasagne	_	_	_	_	_	linguistic	_	none	_	Begin=1613.349|End=1614.138	_	_	_	_
724-0	BOI059	724	724	0	gramigna	gramigna	_	_	_	_	_	linguistic	_	none	_	Begin=1615.223	_	_	_	_
724-1	BOI059	724	724	1	alla	alla	_	_	_	_	_	linguistic	_	none	_	_	_	_	_	_
724-2	BOI059	724	724	2	salsiccia	salsiccia	_	_	_	_	_	linguistic	_	none	_	End=1616.936	_	_	_	_
725-0	BOI059	725	725	0	montanara	montanara	_	_	_	_	_	linguistic	_	none	_	Begin=1617.368	_	_	_	_
725-1	BOI059	725	725	1	è	è	_	_	_	_	_	linguistic	_	none	_	_	_	_	_	_
725-2	BOI059	725	725	2	con:	con	_	_	_	_	_	linguistic	_	none	_	_	2x1	_	_	_
725-3	BOI059	725	725	3	il	il	_	_	_	_	_	linguistic	_	none	_	_	_	_	_	_
725-4	BOI059	725	725	4	il	il	_	_	_	_	_	linguistic	_	none	_	_	_	_	_	_
725-5	BOI059	725	725	5	m:h	mh	_	_	_	_	_	linguistic	_	none	_	_	0x1	_	_	_
725-6	BOI059	725	725	6	con	con	_	_	_	_	_	linguistic	_	none	_	_	_	_	_	_
725-7	BOI059	725	725	7	la	la	_	_	_	_	_	linguistic	_	none	_	End=1620.916	_	_	_	_
726-0	BOI059	726	726	0	col	col	_	_	_	_	_	linguistic	_	none	_	Begin=1621.115	_	_	_	_
726-1	BOI059	726	726	1	pomodoro	pomodoro	_	_	_	_	_	linguistic	_	none	_	End=1621.92	_	_	_	_
727-0	BOI059	727	727	0	bolognese	bolognese	_	_	_	_	_	linguistic	_	none	_	Begin=1622.139	_	_	_	_
727-1	BOI059	727	727	1	di	di	_	_	_	_	_	linguistic	_	none	_	_	_	_	_	_
727-2	BOI059	727	727	2	città	città	_	_	_	_	_	linguistic	_	none	_	_	_	_	_	_
727-3	BOI059	727	727	3	è	è	_	_	_	_	_	linguistic	_	none	_	_	_	_	_	_
727-4	BOI059	727	727	4	con	con	_	_	_	_	_	linguistic	_	none	_	_	_	_	_	_
727-5	BOI059	727	727	5	la	la	_	_	_	_	_	linguistic	_	none	_	_	_	_	_	_
727-6	BOI059	727	727	6	panna	panna	_	_	_	_	_	linguistic	_	none	_	End=1623.936	_	_	_	_
728-0	BOI059	728	728	0	eh	eh	_	_	_	_	_	linguistic	_	none	_	Begin=1624.793	_	_	_	_
728-1	BOI059	728	728	1	poi	poi	_	_	_	_	_	linguistic	_	none	_	_	_	_	_	_
728-2	BOI059	728	728	2	abbiamo	abbiamo	_	_	_	_	_	linguistic	_	none	_	_	_	_	_	_
728-3	BOI059	728	728	3	nei	nei	_	_	_	_	_	linguistic	_	none	_	_	_	_	_	_
728-4	BOI059	728	728	4	secondi	secondi	_	_	_	_	_	linguistic	_	none	_	_	_	_	_	_
728-5	BOI059	728	728	5	gli	gli	_	_	_	_	_	linguistic	_	none	_	_	_	_	_	_
728-6	BOI059	728	728	6	arrosti	arrosti	_	_	_	_	_	linguistic	_	none	_	End=1627.146	_	_	_	_
729-0	BOI059	729	729	0	e	e	_	_	_	_	_	linguistic	_	none	_	Begin=1627.445	_	_	_	_
729-1	BOI059	729	729	1	il	il	_	_	_	_	_	linguistic	_	none	_	_	_	_	_	_
729-2	BOI059	729	729	2	gran	gran	_	_	_	_	_	linguistic	_	none	_	_	_	_	_	_
729-3	BOI059	729	729	3	fitto	fitto	_	_	_	_	_	linguistic	_	none	_	_	_	_	_	_
729-4	BOI059	729	729	4	b~	b~	_	_	_	_	_	linguistic	_	none	Interrupted=Yes	_	_	_	_	_
729-5	BOI059	729	729	5	il	il	_	_	_	_	_	linguistic	_	none	_	_	_	_	_	_
729-6	BOI059	729	729	6	gran	gran	_	_	_	_	_	linguistic	_	none	_	_	_	_	_	_
729-7	BOI059	729	729	7	fritto	fritto	_	_	_	_	_	linguistic	_	none	_	_	_	_	_	_
729-8	BOI059	729	729	8	bolognese	bolognese	_	_	_	_	_	linguistic	_	none	_	End=1629.809	_	_	_	_
730-0	BOI059	730	730	0	che	che	_	_	_	_	_	linguistic	_	none	_	Begin=1630.131	_	_	_	_
730-1	BOI059	730	730	1	prevede	prevede	_	_	_	_	_	linguistic	_	none	_	_	_	_	_	_
730-2	BOI059	730	730	2	tra	tra	_	_	_	_	_	linguistic	_	none	_	_	_	_	_	_
730-3	BOI059	730	730	3	tutto:	tutto	_	_	_	_	_	linguistic	_	none	_	End=1631.71	4x1	_	_	_
731-0	BOI059	731	731	0	anche	anche	_	_	_	_	_	linguistic	_	none	_	Begin=1632.162	_	_	_	_
731-1	BOI059	731	731	1	l'	l'	_	_	_	_	_	linguistic	_	none	SpaceAfter=No	_	_	_	_	_
731-2	BOI059	731	731	2	agnello	agnello	_	_	_	_	_	linguistic	_	none	PauseAfter=Yes	_	_	_	_	_
731-3	BOI059	731	731	3	{P}	{P}	_	_	_	_	_	shortpause	_	none	_	_	_	_	_	_
731-4	BOI059	731	731	4	E	e	_	_	_	_	_	linguistic	_	none	Volume=high	End=1633.545	_	_	_	_
732-0	BOI059	732	732	0	particolarissima	particolarissima	_	_	_	_	_	linguistic	_	none	_	Begin=1634.222|End=1635.28	_	_	_	_
733-0	BOI059	733	733	0	la	la	_	_	_	_	_	linguistic	_	none	_	Begin=1635.986	_	_	_	_
733-1	BOI059	733	733	1	crema	crema	_	_	_	_	_	linguistic	_	none	_	_	_	_	_	_
733-2	BOI059	733	733	2	fritta	fritta	_	_	_	_	_	linguistic	_	none	_	End=1636.951	_	_	_	_
734-0	BOI059	734	734	0	la	la	_	_	_	_	_	linguistic	_	none	_	Begin=1637.468	_	_	_	_
734-1	BOI059	734	734	1	crema	crema	_	_	_	_	_	linguistic	_	none	_	_	_	_	_	_
734-2	BOI059	734	734	2	fritta	fritta	_	_	_	_	_	linguistic	_	none	_	_	_	_	_	_
734-3	BOI059	734	734	3	è	è	_	_	_	_	_	linguistic	_	none	_	_	_	_	_	_
734-4	BOI059	734	734	4	tipica	tipica	_	_	_	_	_	linguistic	_	none	_	_	_	_	_	_
734-5	BOI059	734	734	5	bolognese	bolognese	_	_	_	_	_	linguistic	_	none	_	_	_	_	_	_
734-6	BOI059	734	734	6	>checchè	checchè	_	_	_	_	_	linguistic	_	none	_	_	_	Fast=0-7(0)	_	_
734-7	BOI059	734	734	7	ti	ti	_	_	_	_	_	linguistic	_	none	_	_	_	Fast=0-2(0)	_	_
734-8	BOI059	734	734	8	dicano	dicano	_	_	_	_	_	linguistic	_	none	_	_	_	Fast=0-6(0)	_	_
734-9	BOI059	734	734	9	in	in	_	_	_	_	_	linguistic	_	none	_	_	_	Fast=0-2(0)	_	_
734-10	BOI059	734	734	10	giro	giro	_	_	_	_	_	linguistic	_	none	_	_	_	Fast=0-4(0)	_	_
734-11	BOI059	734	734	11	la	la	_	_	_	_	_	linguistic	_	none	_	_	_	Fast=0-2(0)	_	_
734-12	BOI059	734	734	12	crema	crema	_	_	_	_	_	linguistic	_	none	_	_	_	Fast=0-5(0)	_	_
734-13	BOI059	734	734	13	fritta	fritta	_	_	_	_	_	linguistic	_	none	_	_	_	Fast=0-6(0)	_	_
734-14	BOI059	734	734	14	viene	viene	_	_	_	_	_	linguistic	_	none	_	_	_	Fast=0-5(0)	_	_
734-15	BOI059	734	734	15	da	da	_	_	_	_	_	linguistic	_	none	_	_	_	Fast=0-2(0)	_	_
734-16	BOI059	734	734	16	noi<	noi	_	_	_	_	_	linguistic	_	none	_	End=1641.173	_	Fast=0-3(0)	_	_
735-0	BOI059	735	735	0	>perché	perché	_	_	_	_	_	linguistic	_	none	_	Begin=1641.23	_	Fast=0-6(0)	_	_
735-1	BOI059	735	735	1	fa	fa	_	_	_	_	_	linguistic	_	none	_	_	_	Fast=0-2(0)	_	_
735-2	BOI059	735	735	2	parte	parte	_	_	_	_	_	linguistic	_	none	_	_	_	Fast=0-5(0)	_	_
735-3	BOI059	735	735	3	del	del	_	_	_	_	_	linguistic	_	none	_	_	_	Fast=0-3(0)	_	_
735-4	BOI059	735	735	4	[nostro]<	nostro	_	_	_	_	_	linguistic	_	none	_	End=1642.391	_	Fast=0-6(0)	_	0-6(122)
736-0	BOR017	736	736	0	[è	è	_	_	_	_	_	linguistic	_	none	_	Begin=1641.894	_	_	_	0-1(122)
736-1	BOR017	736	736	1	un	un	_	_	_	_	_	linguistic	_	none	_	_	_	_	_	0-2(122)
736-2	BOR017	736	736	2	do]lce	dolce	_	_	_	_	_	linguistic	_	none	_	End=1642.675	_	_	_	0-2(122)
737-0	BOI059	737	737	0	è	è	_	_	_	_	_	linguistic	_	none	_	Begin=1642.695	_	_	_	_
737-1	BOI059	737	737	1	un	un	_	_	_	_	_	linguistic	_	none	_	_	_	_	_	_
737-2	BOI059	737	737	2	dolce	dolce	_	_	_	_	_	linguistic	_	none	_	End=1643.526	_	_	_	_
738-0	BOI059	738	738	0	m:a	ma	_	_	_	_	_	linguistic	_	none	_	Begin=1644.016	0x1	_	_	_
738-1	BOI059	738	738	1	è	è	_	_	_	_	_	linguistic	_	none	_	_	_	_	_	_
738-2	BOI059	738	738	2	a:nche	anche	_	_	_	_	_	linguistic	_	none	_	_	0x1	_	_	_
738-3	BOI059	738	738	3	non	non	_	_	_	_	_	linguistic	_	none	_	_	_	_	_	_
738-4	BOI059	738	738	4	un	un	_	_	_	_	_	linguistic	_	none	_	_	_	_	_	_
738-5	BOI059	738	738	5	dolce	dolce	_	_	_	_	_	linguistic	_	none	_	_	_	_	_	_
738-6	BOI059	738	738	6	perché	perché	_	_	_	_	_	linguistic	_	none	_	_	_	_	_	_
738-7	BOI059	738	738	7	fa	fa	_	_	_	_	_	linguistic	_	none	_	_	_	_	_	_
738-8	BOI059	738	738	8	parte	parte	_	_	_	_	_	linguistic	_	none	_	_	_	_	_	_
738-9	BOI059	738	738	9	del	del	_	_	_	_	_	linguistic	_	none	_	_	_	_	_	_
738-10	BOI059	738	738	10	gran	gran	_	_	_	_	_	linguistic	_	none	_	_	_	_	_	_
738-11	BOI059	738	738	11	fritto	fritto	_	_	_	_	_	linguistic	_	none	_	End=1647.128	_	_	_	_
739-0	BOI059	739	739	0	se	se	_	_	_	_	_	linguistic	_	none	_	Begin=1647.388	_	_	_	_
739-1	BOI059	739	739	1	tu	tu	_	_	_	_	_	linguistic	_	none	_	_	_	_	_	_
739-2	BOI059	739	739	2	fai	fai	_	_	_	_	_	linguistic	_	none	_	_	_	_	_	_
739-3	BOI059	739	739	3	il	il	_	_	_	_	_	linguistic	_	none	_	_	_	_	_	_
739-4	BOI059	739	739	4	gran	gran	_	_	_	_	_	linguistic	_	none	_	_	_	_	_	_
739-5	BOI059	739	739	5	fritto	fritto	_	_	_	_	_	linguistic	_	none	_	_	_	_	_	_
739-6	BOI059	739	739	6	>che	che	_	_	_	_	_	linguistic	_	none	_	_	_	Fast=0-3(0)	_	_
739-7	BOI059	739	739	7	quindi	quindi	_	_	_	_	_	linguistic	_	none	_	_	_	Fast=0-6(0)	_	_
739-8	BOI059	739	739	8	sono<	sono	_	_	_	_	_	linguistic	_	none	_	_	_	Fast=0-4(0)	_	_
739-9	BOI059	739	739	9	costine	costine	_	_	_	_	_	linguistic	_	none	_	_	_	_	_	_
739-10	BOI059	739	739	10	d'	d'	_	_	_	_	_	linguistic	_	none	SpaceAfter=No	_	_	_	_	_
739-11	BOI059	739	739	11	agnello	agnello	_	_	_	_	_	linguistic	_	none	_	End=1649.694	_	_	_	_
740-0	BOI059	740	740	0	e:h	eh	_	_	_	_	_	linguistic	_	none	_	Begin=1650.073	0x1	_	_	_
740-1	BOI059	740	740	1	i	i	_	_	_	_	_	linguistic	_	none	_	_	_	_	_	_
740-2	BOI059	740	740	2	messicanini	messicanini	_	_	_	_	_	linguistic	_	none	_	_	_	_	_	_
740-3	BOI059	740	740	3	fatti	fatti	_	_	_	_	_	linguistic	_	none	_	_	_	_	_	_
740-4	BOI059	740	740	4	con:	con	_	_	_	_	_	linguistic	_	none	_	End=1652.388	2x1	_	_	_
741-0	BOI059	741	741	0	eh	eh	_	_	_	_	_	linguistic	_	none	_	Begin=1652.614	_	_	_	_
741-1	BOI059	741	741	1	groviera	groviera	_	_	_	_	_	linguistic	_	none	_	_	_	_	_	_
741-2	BOI059	741	741	2	mortadella	mortadella	_	_	_	_	_	linguistic	_	none	_	_	_	_	_	_
741-3	BOI059	741	741	3	grovie:ra	groviera	_	_	_	_	_	linguistic	_	none	_	End=1654.844	5x1	_	_	_
742-0	BOI059	742	742	0	e:h	eh	_	_	_	_	_	linguistic	_	none	_	Begin=1655.081	0x1	_	_	_
742-1	BOI059	742	742	1	se	se	_	_	_	_	_	linguistic	_	none	_	_	_	_	_	_
742-2	BOI059	742	742	2	fai:	fai	_	_	_	_	_	linguistic	_	none	_	_	2x1	_	_	_
742-3	BOI059	742	742	3	gli	gli	_	_	_	_	_	linguistic	_	none	_	_	_	_	_	_
742-4	BOI059	742	742	4	anelli	anelli	_	_	_	_	_	linguistic	_	none	_	_	_	_	_	_
742-5	BOI059	742	742	5	di	di	_	_	_	_	_	linguistic	_	none	_	_	_	_	_	_
742-6	BOI059	742	742	6	cipolla	cipolla	_	_	_	_	_	linguistic	_	none	_	_	_	_	_	_
742-7	BOI059	742	742	7	verdure	verdure	_	_	_	_	_	linguistic	_	none	_	_	_	_	_	_
742-8	BOI059	742	742	8	quelle	quelle	_	_	_	_	_	linguistic	_	none	_	_	_	_	_	_
742-9	BOI059	742	742	9	che	che	_	_	_	_	_	linguistic	_	none	_	_	_	_	_	_
742-10	BOI059	742	742	10	ti	ti	_	_	_	_	_	linguistic	_	none	_	_	_	_	_	_
742-11	BOI059	742	742	11	pa:re	pare	_	_	_	_	_	linguistic	_	none	_	End=1658.893	1x1	_	_	_
743-0	BOI059	743	743	0	anche	anche	_	_	_	_	_	linguistic	_	none	_	Begin=1659.135	_	_	_	_
743-1	BOI059	743	743	1	se	se	_	_	_	_	_	linguistic	_	none	_	_	_	_	_	_
743-2	BOI059	743	743	2	nel	nel	_	_	_	_	_	linguistic	_	none	_	_	_	_	_	_
743-3	BOI059	743	743	3	fritto	fritto	_	_	_	_	_	linguistic	_	none	_	_	_	_	_	_
743-4	BOI059	743	743	4	bolognese	bolognese	_	_	_	_	_	linguistic	_	none	_	_	_	_	_	_
743-5	BOI059	743	743	5	ci	ci	_	_	_	_	_	linguistic	_	none	_	_	_	_	_	_
743-6	BOI059	743	743	6	andrebbero	andrebbero	_	_	_	_	_	linguistic	_	none	_	End=1661.2	_	_	_	_
744-0	BOI059	744	744	0	carote	carote	_	_	_	_	_	linguistic	_	none	_	Begin=1661.488|End=1662.415	_	_	_	_
745-0	BOI059	745	745	0	e	e	_	_	_	_	_	linguistic	_	none	_	Begin=1662.598|End=1662.878	_	_	_	_
746-0	BOI059	746	746	0	eh	eh	_	_	_	_	_	linguistic	_	none	_	Begin=1663.131|End=1663.396	_	_	_	_
747-0	BOI059	747	747	0	carote	carote	_	_	_	_	_	linguistic	_	none	_	Begin=1663.791	_	_	_	_
747-1	BOI059	747	747	1	e?	e	_	_	_	_	_	linguistic	_	none	Intonation=Rising	End=1664.454	_	_	_	_
748-0	BOI059	748	748	0	zucchine	zucchine	_	_	_	_	_	linguistic	_	none	_	Begin=1664.821	_	_	_	_
748-1	BOI059	748	748	1	e	e	_	_	_	_	_	linguistic	_	none	_	_	_	_	_	_
748-2	BOI059	748	748	2	basta	basta	_	_	_	_	_	linguistic	_	none	_	End=1665.917	_	_	_	_
749-0	BOI059	749	749	0	perché	perché	_	_	_	_	_	linguistic	_	none	_	Begin=1666.426	_	_	_	_
749-1	BOI059	749	749	1	son	son	_	_	_	_	_	linguistic	_	none	_	_	_	_	_	_
749-2	BOI059	749	749	2	poi	poi	_	_	_	_	_	linguistic	_	none	_	_	_	_	_	_
749-3	BOI059	749	749	3	le	le	_	_	_	_	_	linguistic	_	none	_	_	_	_	_	_
749-4	BOI059	749	749	4	robe	robe	_	_	_	_	_	linguistic	_	none	_	_	_	_	_	_
749-5	BOI059	749	749	5	che	che	_	_	_	_	_	linguistic	_	none	_	_	_	_	_	_
749-6	BOI059	749	749	6	anche	anche	_	_	_	_	_	linguistic	_	none	_	_	_	_	_	_
749-7	BOI059	749	749	7	lì	lì	_	_	_	_	_	linguistic	_	none	_	_	_	_	_	_
749-8	BOI059	749	749	8	coltiviamo	coltiviamo	_	_	_	_	_	linguistic	_	none	_	_	_	_	_	_
749-9	BOI059	749	749	9	>anche	anche	_	_	_	_	_	linguistic	_	none	_	_	_	Fast=0-5(0)	_	_
749-10	BOI059	749	749	10	noi<	noi	_	_	_	_	_	linguistic	_	none	_	_	_	Fast=0-3(0)	_	_
749-11	BOI059	749	749	11	eh	eh	_	_	_	_	_	linguistic	_	none	_	_	_	_	_	_
749-12	BOI059	749	749	12	x	x	_	_	_	_	_	unknown	_	none	Syllables=1	End=1669.089	_	_	_	_
750-0	BOI059	750	750	0	come	come	_	_	_	_	_	linguistic	_	none	_	Begin=1670.054	_	_	_	_
750-1	BOI059	750	750	1	fai	fai	_	_	_	_	_	linguistic	_	none	_	_	_	_	_	_
750-2	BOI059	750	750	2	a	a	_	_	_	_	_	linguistic	_	none	_	_	_	_	_	_
750-3	BOI059	750	750	3	sapere	sapere	_	_	_	_	_	linguistic	_	none	_	End=1671.081	_	_	_	_
751-0	BOI059	751	751	0	se	se	_	_	_	_	_	linguistic	_	none	_	Begin=1671.506	_	_	_	_
751-1	BOI059	751	751	1	un	un	_	_	_	_	_	linguistic	_	none	_	_	_	_	_	_
751-2	BOI059	751	751	2	piatto	piatto	_	_	_	_	_	linguistic	_	none	_	_	_	_	_	_
751-3	BOI059	751	751	3	va	va	_	_	_	_	_	linguistic	_	none	_	_	_	_	_	_
751-4	BOI059	751	751	4	nel	nel	_	_	_	_	_	linguistic	_	none	_	_	_	_	_	_
751-5	BOI059	751	751	5	se	se	_	_	_	_	_	linguistic	_	none	_	_	_	_	_	_
751-6	BOI059	751	751	6	una	una	_	_	_	_	_	linguistic	_	none	_	_	_	_	_	_
751-7	BOI059	751	751	7	verdura	verdura	_	_	_	_	_	linguistic	_	none	_	_	_	_	_	_
751-8	BOI059	751	751	8	va	va	_	_	_	_	_	linguistic	_	none	_	_	_	_	_	_
751-9	BOI059	751	751	9	nel	nel	_	_	_	_	_	linguistic	_	none	_	_	_	_	_	_
751-10	BOI059	751	751	10	gran	gran	_	_	_	_	_	linguistic	_	none	_	_	_	_	_	_
751-11	BOI059	751	751	11	fritto	fritto	_	_	_	_	_	linguistic	_	none	_	End=1674.319	_	_	_	_
752-0	BOI059	752	752	0	#la	#la	_	_	_	_	_	error	_	none	_	Begin=1674.659	_	_	_	_
752-1	BOI059	752	752	1	carota	carota	_	_	_	_	_	linguistic	_	none	_	_	_	_	_	_
752-2	BOI059	752	752	2	è	è	_	_	_	_	_	linguistic	_	none	_	_	_	_	_	_
752-3	BOI059	752	752	3	la	la	_	_	_	_	_	linguistic	_	none	_	_	_	_	_	_
752-4	BOI059	752	752	4	pistinaga	pistinaga	_	_	_	_	_	linguistic	_	none	_	End=1675.851	_	_	_	_
753-0	BOI059	753	753	0	nel	nel	_	_	_	_	_	linguistic	_	none	_	Begin=1676.066	_	_	_	_
753-1	BOI059	753	753	1	nostro	nostro	_	_	_	_	_	linguistic	_	none	_	_	_	_	_	_
753-2	BOI059	753	753	2	dialetto	dialetto	_	_	_	_	_	linguistic	_	none	_	_	_	_	_	_
753-3	BOI059	753	753	3	più	più	_	_	_	_	_	linguistic	_	none	_	_	_	_	_	_
753-4	BOI059	753	753	4	antico	antico	_	_	_	_	_	linguistic	_	none	_	_	_	_	_	_
753-5	BOI059	753	753	5	e	e	_	_	_	_	_	linguistic	_	none	_	_	_	_	_	_
753-6	BOI059	753	753	6	quindi	quindi	_	_	_	_	_	linguistic	_	none	_	_	_	_	_	_
753-7	BOI059	753	753	7	ci	ci	_	_	_	_	_	linguistic	_	none	_	_	_	_	_	_
753-8	BOI059	753	753	8	va	va	_	_	_	_	_	linguistic	_	none	_	End=1678.732	_	_	_	_
754-0	BOI059	754	754	0	#lo	#lo	_	_	_	_	_	error	_	none	_	Begin=1679.146	_	_	_	_
754-1	BOI059	754	754	1	zucchino	zucchino	_	_	_	_	_	linguistic	_	none	_	_	_	_	_	_
754-2	BOI059	754	754	2	sono	sono	_	_	_	_	_	linguistic	_	none	_	_	_	_	_	_
754-3	BOI059	754	754	3	i	i	_	_	_	_	_	linguistic	_	none	_	_	_	_	_	_
754-4	BOI059	754	754	4	zucchini	zucchini	_	_	_	_	_	linguistic	_	none	_	_	_	_	_	_
754-5	BOI059	754	754	5	quindi	quindi	_	_	_	_	_	linguistic	_	none	_	_	_	_	_	_
754-6	BOI059	754	754	6	hanno	hanno	_	_	_	_	_	linguistic	_	none	_	_	_	_	_	_
754-7	BOI059	754	754	7	comunque	comunque	_	_	_	_	_	linguistic	_	none	_	_	_	_	_	_
754-8	BOI059	754	754	8	un'	un'	_	_	_	_	_	linguistic	_	none	SpaceAfter=No	_	_	_	_	_
754-9	BOI059	754	754	9	accezione	accezione	_	_	_	_	_	linguistic	_	none	_	End=1682.43	_	_	_	_
755-0	BOI059	755	755	0	dialettale	dialettale	_	_	_	_	_	linguistic	_	none	_	Begin=1682.683	_	_	_	_
755-1	BOI059	755	755	1	quindi	quindi	_	_	_	_	_	linguistic	_	none	_	_	_	_	_	_
755-2	BOI059	755	755	2	ci	ci	_	_	_	_	_	linguistic	_	none	_	_	_	_	_	_
755-3	BOI059	755	755	3	va	va	_	_	_	_	_	linguistic	_	none	_	End=1684.062	_	_	_	_
756-0	BOI059	756	756	0	#la	#la	_	_	_	_	_	error	_	none	_	Begin=1684.545	_	_	_	_
756-1	BOI059	756	756	1	carota	carota	_	_	_	_	_	linguistic	_	none	_	_	_	_	_	_
756-2	BOI059	756	756	2	di	di	_	_	_	_	_	linguistic	_	none	_	_	_	_	_	_
756-3	BOI059	756	756	3	sicuro	sicuro	_	_	_	_	_	linguistic	_	none	_	_	_	_	_	_
756-4	BOI059	756	756	4	perché	perché	_	_	_	_	_	linguistic	_	none	_	_	_	_	_	_
756-5	BOI059	756	756	5	appunto	appunto	_	_	_	_	_	linguistic	_	none	_	_	_	_	_	_
756-6	BOI059	756	756	6	pistinaga	pistinaga	_	_	_	_	_	linguistic	_	none	_	_	_	_	_	_
756-7	BOI059	756	756	7	mamma	mamma	_	_	_	_	_	linguistic	_	none	_	_	_	_	_	_
756-8	BOI059	756	756	8	mi	mi	_	_	_	_	_	linguistic	_	none	_	_	_	_	_	_
756-9	BOI059	756	756	9	chiamava	chiamava	_	_	_	_	_	linguistic	_	none	_	_	_	_	_	_
756-10	BOI059	756	756	10	la	la	_	_	_	_	_	linguistic	_	none	_	_	_	_	_	_
756-11	BOI059	756	756	11	mia	mia	_	_	_	_	_	linguistic	_	none	_	_	_	_	_	_
756-12	BOI059	756	756	12	piccola	piccola	_	_	_	_	_	linguistic	_	none	_	_	_	_	_	_
756-13	BOI059	756	756	13	pistinaga	pistinaga	_	_	_	_	_	linguistic	_	none	_	End=1688.208	_	_	_	_
757-0	BOR017	757	757	0	ver[o]?	vero	_	_	_	_	_	linguistic	_	none	Intonation=Rising	Begin=1688.338|End=1688.76	_	_	_	3-4(123)
758-0	BOI059	758	758	0	[s]ì	sì	_	_	_	_	_	linguistic	_	none	_	Begin=1688.733|End=1688.994	_	_	_	0-1(123)
759-0	BOI059	759	759	0	#io	#io	_	_	_	_	_	error	_	none	_	Begin=1689.127	_	_	_	_
759-1	BOI059	759	759	1	ero	ero	_	_	_	_	_	linguistic	_	none	_	_	_	_	_	_
759-2	BOI059	759	759	2	tutto	tutto	_	_	_	_	_	linguistic	_	none	_	_	_	_	_	_
759-3	BOI059	759	759	3	l'	l'	_	_	_	_	_	linguistic	_	none	SpaceAfter=No	_	_	_	_	_
759-4	BOI059	759	759	4	orto	orto	_	_	_	_	_	linguistic	_	none	_	_	_	_	_	_
759-5	BOI059	759	759	5	per	per	_	_	_	_	_	linguistic	_	none	_	_	_	_	_	_
759-6	BOI059	759	759	6	mia	mia	_	_	_	_	_	linguistic	_	none	_	_	_	_	_	_
759-7	BOI059	759	759	7	mamma	mamma	_	_	_	_	_	linguistic	_	none	_	_	_	_	_	_
759-8	BOI059	759	759	8	la	la	_	_	_	_	_	linguistic	_	none	_	_	_	_	_	_
759-9	BOI059	759	759	9	pistinaga	pistinaga	_	_	_	_	_	linguistic	_	none	_	_	_	_	_	_
759-10	BOI059	759	759	10	rimane	rimane	_	_	_	_	_	linguistic	_	none	_	_	_	_	_	_
759-11	BOI059	759	759	11	sempre	sempre	_	_	_	_	_	linguistic	_	none	_	_	_	_	_	_
759-12	BOI059	759	759	12	la	la	_	_	_	_	_	linguistic	_	none	_	_	_	_	_	_
759-13	BOI059	759	759	13	mia	mia	_	_	_	_	_	linguistic	_	none	_	_	_	_	_	_
759-14	BOI059	759	759	14	preferita	preferita	_	_	_	_	_	linguistic	_	none	_	End=1693.07	_	_	_	_
760-0	BOI059	760	760	0	quindi	quindi	_	_	_	_	_	linguistic	_	none	_	Begin=1693.338	_	_	_	_
760-1	BOI059	760	760	1	gran	gran	_	_	_	_	_	linguistic	_	none	_	_	_	_	_	_
760-2	BOI059	760	760	2	fritto	fritto	_	_	_	_	_	linguistic	_	none	_	_	_	_	_	_
760-3	BOI059	760	760	3	bolognese	bolognese	_	_	_	_	_	linguistic	_	none	_	_	_	_	_	_
760-4	BOI059	760	760	4	assolutamente	assolutamente	_	_	_	_	_	linguistic	_	none	_	_	_	_	_	_
760-5	BOI059	760	760	5	TORTELLINO	tortellino	_	_	_	_	_	linguistic	_	none	Volume=high	End=1695.978	_	_	_	_
761-0	BOI059	761	761	0	in	in	_	_	_	_	_	linguistic	_	none	_	Begin=1696.664	_	_	_	_
761-1	BOI059	761	761	1	brodo	brodo	_	_	_	_	_	linguistic	_	none	_	End=1697.208	_	_	_	_
762-0	BOR017	762	762	0	sempre	sempre	_	_	_	_	_	linguistic	_	none	_	Begin=1697.572	_	_	_	_
762-1	BOR017	762	762	1	rigorosamente	rigorosamente	_	_	_	_	_	linguistic	_	none	_	End=1698.886	_	_	_	_
763-0	BOI059	763	763	0	alla	alla	_	_	_	_	_	linguistic	_	none	_	Begin=1698.962	_	_	_	_
763-1	BOI059	763	763	1	panna	panna	_	_	_	_	_	linguistic	_	none	_	End=1699.901	_	_	_	_
764-0	BOI059	764	764	0	è	è	_	_	_	_	_	linguistic	_	none	_	Begin=1700.238	_	_	_	_
764-1	BOI059	764	764	1	concesso	concesso	_	_	_	_	_	linguistic	_	none	_	End=1701.261	_	_	_	_
765-0	BOI059	765	765	0	al	al	_	_	_	_	_	linguistic	_	none	_	Begin=1702.139	_	_	_	_
765-1	BOI059	765	765	1	ragù	ragù	_	_	_	_	_	linguistic	_	none	_	End=1702.905	_	_	_	_
766-0	BOI059	766	766	0	sei	sei	_	_	_	_	_	linguistic	_	none	_	Begin=1703.384	_	_	_	_
766-1	BOI059	766	766	1	il	il	_	_	_	_	_	linguistic	_	none	_	_	_	_	_	_
766-2	BOI059	766	766	2	figlio	figlio	_	_	_	_	_	linguistic	_	none	_	_	_	_	_	_
766-3	BOI059	766	766	3	del	del	_	_	_	_	_	linguistic	_	none	_	_	_	_	_	_
766-4	BOI059	766	766	4	diavolo	diavolo	_	_	_	_	_	linguistic	_	none	_	End=1704.571	_	_	_	_
767-0	BOI059	767	767	0	pasticciato	pasticciato	_	_	_	_	_	linguistic	_	none	_	Begin=1705.177	_	_	_	_
767-1	BOI059	767	767	1	solo	solo	_	_	_	_	_	linguistic	_	none	_	_	_	_	_	_
767-2	BOI059	767	767	2	in	in	_	_	_	_	_	linguistic	_	none	_	_	_	_	_	_
767-3	BOI059	767	767	3	casa	casa	_	_	_	_	_	linguistic	_	none	_	End=1706.71	_	_	_	_
768-0	BOR017	768	768	0	in	in	_	_	_	_	_	linguistic	_	none	_	Begin=1707.066	_	_	_	_
768-1	BOR017	768	768	1	casa	casa	_	_	_	_	_	linguistic	_	none	_	_	_	_	_	_
768-2	BOR017	768	768	2	si	si	_	_	_	_	_	linguistic	_	none	_	_	_	_	_	_
768-3	BOR017	768	768	3	può	può	_	_	_	_	_	linguistic	_	none	_	_	_	_	_	_
768-4	BOR017	768	768	4	fa[re]	fare	_	_	_	_	_	linguistic	_	none	_	End=1707.974	_	_	_	2-4(124)
769-0	BOI059	769	769	0	[in]	in	_	_	_	_	_	linguistic	_	none	_	Begin=1707.798	_	_	_	0-2(124)
769-1	BOI059	769	769	1	(pa~)	pa~	_	_	_	_	_	linguistic	_	none	Interrupted=Yes	_	_	_	0-3(0)	_
769-2	BOI059	769	769	2	in	in	_	_	_	_	_	linguistic	_	none	_	_	_	_	_	_
769-3	BOI059	769	769	3	casa	casa	_	_	_	_	_	linguistic	_	none	_	_	_	_	_	_
769-4	BOI059	769	769	4	si	si	_	_	_	_	_	linguistic	_	none	_	_	_	_	_	_
769-5	BOI059	769	769	5	può	può	_	_	_	_	_	linguistic	_	none	_	_	_	_	_	_
769-6	BOI059	769	769	6	fare	fare	_	_	_	_	_	linguistic	_	none	_	_	_	_	_	_
769-7	BOI059	769	769	7	ma	ma	_	_	_	_	_	linguistic	_	none	_	_	_	_	_	_
769-8	BOI059	769	769	8	solo	solo	_	_	_	_	_	linguistic	_	none	_	_	_	_	_	_
769-9	BOI059	769	769	9	in	in	_	_	_	_	_	linguistic	_	none	_	_	_	_	_	_
769-10	BOI059	769	769	10	casa	casa	_	_	_	_	_	linguistic	_	none	_	End=1709.66	_	_	_	_
770-0	BOI059	770	770	0	quindi	quindi	_	_	_	_	_	linguistic	_	none	_	Begin=1709.902	_	_	_	_
770-1	BOI059	770	770	1	lo	lo	_	_	_	_	_	linguistic	_	none	_	_	_	_	_	_
770-2	BOI059	770	770	2	scrigno	scrigno	_	_	_	_	_	linguistic	_	none	_	_	_	_	_	_
770-3	BOI059	770	770	3	di	di	_	_	_	_	_	linguistic	_	none	_	_	_	_	_	_
770-4	BOI059	770	770	4	venere	venere	_	_	_	_	_	linguistic	_	none	_	_	_	_	_	_
770-5	BOI059	770	770	5	di	di	_	_	_	_	_	linguistic	_	none	_	_	_	_	_	_
770-6	BOI059	770	770	6	bruno	bruno	_	_	_	_	_	linguistic	_	none	_	_	_	_	_	_
770-7	BOI059	770	770	7	barbieri	barbieri	_	_	_	_	_	linguistic	_	none	_	_	_	_	_	_
770-8	BOI059	770	770	8	con	con	_	_	_	_	_	linguistic	_	none	_	_	_	_	_	_
770-9	BOI059	770	770	9	il	il	_	_	_	_	_	linguistic	_	none	_	_	_	_	_	_
770-10	BOI059	770	770	10	tortellino	tortellino	_	_	_	_	_	linguistic	_	none	_	_	_	_	_	_
770-11	BOI059	770	770	11	pasticciato	pasticciato	_	_	_	_	_	linguistic	_	none	_	End=1714.844	_	_	_	_
771-0	BOI059	771	771	0	se	se	_	_	_	_	_	linguistic	_	none	_	Begin=1715.185	_	_	_	_
771-1	BOI059	771	771	1	lo	lo	_	_	_	_	_	linguistic	_	none	_	_	_	_	_	_
771-2	BOI059	771	771	2	può	può	_	_	_	_	_	linguistic	_	none	_	_	_	_	_	_
771-3	BOI059	771	771	3	mangiare	mangiare	_	_	_	_	_	linguistic	_	none	_	_	_	_	_	_
771-4	BOI059	771	771	4	lui	lui	_	_	_	_	_	linguistic	_	none	_	End=1716.058	_	_	_	_
772-0	BOI059	772	772	0	{ride}	{ride}	_	_	_	_	_	nonverbalbehavior	_	none	_	Begin=1716.966|End=1719.794	_	_	_	_
773-0	BOR017	773	773	0	°okay	okay	_	_	_	_	_	linguistic	_	none	Volume=low	Begin=1718.043	_	_	_	_
773-1	BOR017	773	773	1	okay°	okay	_	_	_	_	_	linguistic	_	none	Volume=low	_	_	_	_	_
773-2	BOR017	773	773	2	{ride}	{ride}	_	_	_	_	_	nonverbalbehavior	_	none	_	End=1719.798	_	_	_	_
774-0	BOI059	774	774	0	ah	ah	_	_	_	_	_	linguistic	_	none	_	Begin=1719.794	_	_	_	_
774-1	BOI059	774	774	1	e	e	_	_	_	_	_	linguistic	_	none	_	_	_	_	_	_
774-2	BOI059	774	774	2	poi	poi	_	_	_	_	_	linguistic	_	none	_	_	_	_	_	_
774-3	BOI059	774	774	3	abbiamo	abbiamo	_	_	_	_	_	linguistic	_	none	_	_	_	_	_	_
774-4	BOI059	774	774	4	la	la	_	_	_	_	_	linguistic	_	none	_	_	_	_	_	_
774-5	BOI059	774	774	5	petroniana	petroniana	_	_	_	_	_	linguistic	_	none	_	_	_	_	_	_
774-6	BOI059	774	774	6	la	la	_	_	_	_	_	linguistic	_	none	_	_	_	_	_	_
774-7	BOI059	774	774	7	cotoletta	cotoletta	_	_	_	_	_	linguistic	_	none	_	_	_	_	_	_
774-8	BOI059	774	774	8	alla	alla	_	_	_	_	_	linguistic	_	none	_	_	_	_	_	_
774-9	BOI059	774	774	9	bolognese	bolognese	_	_	_	_	_	linguistic	_	none	_	_	_	_	_	_
774-10	BOI059	774	774	10	che	che	_	_	_	_	_	linguistic	_	none	_	_	_	_	_	_
774-11	BOI059	774	774	11	è	è	_	_	_	_	_	linguistic	_	none	_	_	_	_	_	_
774-12	BOI059	774	774	12	una	una	_	_	_	_	_	linguistic	_	none	_	_	_	_	_	_
774-13	BOI059	774	774	13	coto[letta]	cotoletta	_	_	_	_	_	linguistic	_	none	_	End=1723.568	_	_	_	4-9(126)
775-0	BOR017	775	775	0	[sì]	sì	_	_	_	_	_	linguistic	_	none	_	Begin=1723.143	_	_	_	0-2(126)
775-1	BOR017	775	775	1	buonissim[a]	buonissima	_	_	_	_	_	linguistic	_	none	_	End=1724.798	_	_	_	9-10(127)
776-0	BOI059	776	776	0	[>allora<]	allora	_	_	_	_	_	linguistic	_	none	_	Begin=1724.504	_	Fast=0-6(0)	_	0-6(127)
776-1	BOI059	776	776	1	è	è	_	_	_	_	_	linguistic	_	none	_	_	_	_	_	_
776-2	BOI059	776	776	2	una	una	_	_	_	_	_	linguistic	_	none	_	_	_	_	_	_
776-3	BOI059	776	776	3	cotoletta	cotoletta	_	_	_	_	_	linguistic	_	none	_	_	_	_	_	_
776-4	BOI059	776	776	4	di	di	_	_	_	_	_	linguistic	_	none	_	_	_	_	_	_
776-5	BOI059	776	776	5	vitello	vitello	_	_	_	_	_	linguistic	_	none	_	End=1726.033	_	_	_	_
777-0	BOI059	777	777	0	passata	passata	_	_	_	_	_	linguistic	_	none	_	Begin=1726.606	_	_	_	_
777-1	BOI059	777	777	1	per	per	_	_	_	_	_	linguistic	_	none	_	_	_	_	_	_
777-2	BOI059	777	777	2	bene	bene	_	_	_	_	_	linguistic	_	none	_	_	_	_	_	_
777-3	BOI059	777	777	3	ne:lla	nella	_	_	_	_	_	linguistic	_	none	_	_	1x1	_	_	_
777-4	BOI059	777	777	4	nella:	nella	_	_	_	_	_	linguistic	_	none	_	_	4x1	_	_	_
777-5	BOI059	777	777	5	nella	nella	_	_	_	_	_	linguistic	_	none	_	_	_	_	_	_
777-6	BOI059	777	777	6	panatura	panatura	_	_	_	_	_	linguistic	_	none	_	_	_	_	_	_
777-7	BOI059	777	777	7	che	che	_	_	_	_	_	linguistic	_	none	_	_	_	_	_	_
777-8	BOI059	777	777	8	è	è	_	_	_	_	_	linguistic	_	none	_	_	_	_	_	_
777-9	BOI059	777	777	9	una	una	_	_	_	_	_	linguistic	_	none	_	_	_	_	_	_
777-10	BOI059	777	777	10	panatura	panatura	_	_	_	_	_	linguistic	_	none	_	_	_	_	_	_
777-11	BOI059	777	777	11	che	che	_	_	_	_	_	linguistic	_	none	_	_	_	_	_	_
777-12	BOI059	777	777	12	prevede	prevede	_	_	_	_	_	linguistic	_	none	_	End=1730.618	_	_	_	_
778-0	BOI059	778	778	0	pangrattato	pangrattato	_	_	_	_	_	linguistic	_	none	_	Begin=1730.901	_	_	_	_
778-1	BOI059	778	778	1	e	e	_	_	_	_	_	linguistic	_	none	_	_	_	_	_	_
778-2	BOI059	778	778	2	formaggio	formaggio	_	_	_	_	_	linguistic	_	none	_	_	_	_	_	_
778-3	BOI059	778	778	3	quella	quella	_	_	_	_	_	linguistic	_	none	_	_	_	_	_	_
778-4	BOI059	778	778	4	bolognese	bolognese	_	_	_	_	_	linguistic	_	none	_	End=1732.916	_	_	_	_
779-0	BOI059	779	779	0	poi	poi	_	_	_	_	_	linguistic	_	none	_	Begin=1733.338	_	_	_	_
779-1	BOI059	779	779	1	viene	viene	_	_	_	_	_	linguistic	_	none	_	_	_	_	_	_
779-2	BOI059	779	779	2	cotta	cotta	_	_	_	_	_	linguistic	_	none	_	_	_	_	_	_
779-3	BOI059	779	779	3	nel	nel	_	_	_	_	_	linguistic	_	none	_	_	_	_	_	_
779-4	BOI059	779	779	4	brodo	brodo	_	_	_	_	_	linguistic	_	none	_	End=1734.87	_	_	_	_
780-0	BOI059	780	780	0	quindi	quindi	_	_	_	_	_	linguistic	_	none	_	Begin=1734.939	_	_	_	_
780-1	BOI059	780	780	1	alza	alza	_	_	_	_	_	linguistic	_	none	_	_	_	_	_	_
780-2	BOI059	780	780	2	anche	anche	_	_	_	_	_	linguistic	_	none	_	_	_	_	_	_
780-3	BOI059	780	780	3	un	un	_	_	_	_	_	linguistic	_	none	_	_	_	_	_	_
780-4	BOI059	780	780	4	pochino	pochino	_	_	_	_	_	linguistic	_	none	_	_	_	_	_	_
780-5	BOI059	780	780	5	la	la	_	_	_	_	_	linguistic	_	none	_	_	_	_	_	_
780-6	BOI059	780	780	6	crosta	crosta	_	_	_	_	_	linguistic	_	none	_	_	_	_	_	_
780-7	BOI059	780	780	7	ci	ci	_	_	_	_	_	linguistic	_	none	_	_	_	_	_	_
780-8	BOI059	780	780	8	aggiungi	aggiungi	_	_	_	_	_	linguistic	_	none	_	_	_	_	_	_
780-9	BOI059	780	780	9	sopra	sopra	_	_	_	_	_	linguistic	_	none	_	End=1737.625	_	_	_	_
781-0	BOI059	781	781	0	>un	un	_	_	_	_	_	linguistic	_	none	_	Begin=1737.855	_	Fast=0-2(0)	_	_
781-1	BOI059	781	781	1	pezzettino	pezzettino	_	_	_	_	_	linguistic	_	none	_	_	_	Fast=0-10(0)	_	_
781-2	BOI059	781	781	2	di	di	_	_	_	_	_	linguistic	_	none	_	_	_	Fast=0-2(0)	_	_
781-3	BOI059	781	781	3	formaggio<	formaggio	_	_	_	_	_	linguistic	_	none	_	_	_	Fast=0-9(0)	_	_
781-4	BOI059	781	781	4	sto	sto	_	_	_	_	_	linguistic	_	none	_	_	_	_	_	_
781-5	BOI059	781	781	5	iniziando	iniziando	_	_	_	_	_	linguistic	_	none	_	_	_	_	_	_
781-6	BOI059	781	781	6	a	a	_	_	_	_	_	linguistic	_	none	_	_	_	_	_	_
781-7	BOI059	781	781	7	sbavare	sbavare	_	_	_	_	_	linguistic	_	none	_	End=1739.767	_	_	_	_
782-0	BOR017	782	782	0	{ride}	{ride}	_	_	_	_	_	nonverbalbehavior	_	none	_	Begin=1740.02|End=1740.277	_	_	_	_
783-0	BOI059	783	783	0	ci	ci	_	_	_	_	_	linguistic	_	none	_	Begin=1740.286	_	_	_	_
783-1	BOI059	783	783	1	aggiungi	aggiungi	_	_	_	_	_	linguistic	_	none	_	_	_	_	_	_
783-2	BOI059	783	783	2	sopra	sopra	_	_	_	_	_	linguistic	_	none	_	_	_	_	_	_
783-3	BOI059	783	783	3	un	un	_	_	_	_	_	linguistic	_	none	_	_	_	_	_	_
783-4	BOI059	783	783	4	pezzettino	pezzettino	_	_	_	_	_	linguistic	_	none	_	_	_	_	_	_
783-5	BOI059	783	783	5	di	di	_	_	_	_	_	linguistic	_	none	_	_	_	_	_	_
783-6	BOI059	783	783	6	formaggio	formaggio	_	_	_	_	_	linguistic	_	none	_	_	_	_	_	_
783-7	BOI059	783	783	7	il	il	_	_	_	_	_	linguistic	_	none	_	_	_	_	_	_
783-8	BOI059	783	783	8	prosciutto	prosciutto	_	_	_	_	_	linguistic	_	none	_	_	_	_	_	_
783-9	BOI059	783	783	9	crudo	crudo	_	_	_	_	_	linguistic	_	none	_	End=1742.824	_	_	_	_
784-0	BOI059	784	784	0	un	un	_	_	_	_	_	linguistic	_	none	_	Begin=1743.009	_	_	_	_
784-1	BOI059	784	784	1	po'	po'	_	_	_	_	_	linguistic	_	none	_	_	_	_	_	_
784-2	BOI059	784	784	2	di	di	_	_	_	_	_	linguistic	_	none	_	_	_	_	_	_
784-3	BOI059	784	784	3	panna	panna	_	_	_	_	_	linguistic	_	none	_	_	_	_	_	_
784-4	BOI059	784	784	4	o	o	_	_	_	_	_	linguistic	_	none	_	_	_	_	_	_
784-5	BOI059	784	784	5	besciamella	besciamella	_	_	_	_	_	linguistic	_	none	_	_	_	_	_	_
784-6	BOI059	784	784	6	a	a	_	_	_	_	_	linguistic	_	none	_	_	_	_	_	_
784-7	BOI059	784	784	7	seconda	seconda	_	_	_	_	_	linguistic	_	none	_	_	_	_	_	_
784-8	BOI059	784	784	8	della	della	_	_	_	_	_	linguistic	_	none	_	_	_	_	_	_
784-9	BOI059	784	784	9	ricetta	ricetta	_	_	_	_	_	linguistic	_	none	_	End=1746.032	_	_	_	_
785-0	BOI059	785	785	0	alcuni	alcuni	_	_	_	_	_	linguistic	_	none	_	Begin=1746.379	_	_	_	_
785-1	BOI059	785	785	1	un	un	_	_	_	_	_	linguistic	_	none	_	_	_	_	_	_
785-2	BOI059	785	785	2	po'	po'	_	_	_	_	_	linguistic	_	none	_	_	_	_	_	_
785-3	BOI059	785	785	3	di	di	_	_	_	_	_	linguistic	_	none	_	_	_	_	_	_
785-4	BOI059	785	785	4	concentrato	concentrato	_	_	_	_	_	linguistic	_	none	_	_	_	_	_	_
785-5	BOI059	785	785	5	di	di	_	_	_	_	_	linguistic	_	none	_	_	_	_	_	_
785-6	BOI059	785	785	6	pomodoro	pomodoro	_	_	_	_	_	linguistic	_	none	_	_	_	_	_	_
785-7	BOI059	785	785	7	eventualmente	eventualmente	_	_	_	_	_	linguistic	_	none	_	_	_	_	_	_
785-8	BOI059	785	785	8	anch[e]	anche	_	_	_	_	_	linguistic	_	none	_	End=1749.294	_	_	_	4-5(128)
786-0	BOR017	786	786	0	°[b]uon[o]°	buono	_	_	_	_	_	linguistic	_	none	Volume=low	Begin=1749.243|End=1749.833	_	_	_	0-1(128),4-5(129)
787-0	BOI059	787	787	0	[s]ì	sì	_	_	_	_	_	linguistic	_	none	_	Begin=1749.738	_	_	_	0-1(?)
787-1	BOI059	787	787	1	è	è	_	_	_	_	_	linguistic	_	none	_	_	_	_	_	_
787-2	BOI059	787	787	2	una	una	_	_	_	_	_	linguistic	_	none	_	_	_	_	_	_
787-3	BOI059	787	787	3	sb~	sb~	_	_	_	_	_	linguistic	_	none	Interrupted=Yes	_	_	_	_	_
787-4	BOI059	787	787	4	[c(io)è	cioè	_	_	_	_	_	linguistic	_	none	_	_	_	_	1-3(0)	0-4(?)
787-5	BOI059	787	787	5	è]	è	_	_	_	_	_	linguistic	_	none	_	_	_	_	_	0-1(?)
787-6	BOI059	787	787	6	[sì]	sì	_	_	_	_	_	linguistic	_	none	_	End=1751.627	_	_	_	0-2(?)
788-0	BOR017	788	788	0	[particolare	particolare	_	_	_	_	_	linguistic	_	none	_	Begin=1750.361	_	_	_	0-11(?)
788-1	BOR017	788	788	1	no]?	no	_	_	_	_	_	linguistic	_	none	Intonation=Rising	_	_	_	_	0-2(?)
788-2	BOR017	788	788	2	[col	col	_	_	_	_	_	linguistic	_	none	_	_	_	_	_	0-3(?)
788-3	BOR017	788	788	3	pomodo]ro	pomodoro	_	_	_	_	_	linguistic	_	none	_	_	_	_	_	0-6(?)
788-4	BOR017	788	788	4	non:	non	_	_	_	_	_	linguistic	_	none	_	End=1752.186	2x1	_	_	_
789-0	BOI059	789	789	0	eh	eh	_	_	_	_	_	linguistic	_	none	_	Begin=1752.186	_	_	_	_
789-1	BOI059	789	789	1	no	no	_	_	_	_	_	linguistic	_	none	_	_	_	_	_	_
789-2	BOI059	789	789	2	la	la	_	_	_	_	_	linguistic	_	none	_	_	_	_	_	_
789-3	BOI059	789	789	3	(c~	c~	_	_	_	_	_	linguistic	_	none	Interrupted=Yes	_	_	_	0-2(0)	_
789-4	BOI059	789	789	4	l~)	l~	_	_	_	_	_	linguistic	_	none	Interrupted=Yes	_	_	_	0-2(0)	_
789-5	BOI059	789	789	5	c'	c'	_	_	_	_	_	linguistic	_	none	SpaceAfter=No	_	_	_	_	_
789-6	BOI059	789	789	6	è	è	_	_	_	_	_	linguistic	_	none	_	_	_	_	_	_
789-7	BOI059	789	789	7	anche	anche	_	_	_	_	_	linguistic	_	none	_	_	_	_	_	_
789-8	BOI059	789	789	8	chi	chi	_	_	_	_	_	linguistic	_	none	_	_	_	_	_	_
789-9	BOI059	789	789	9	la	la	_	_	_	_	_	linguistic	_	none	_	_	_	_	_	_
789-10	BOI059	789	789	10	fa	fa	_	_	_	_	_	linguistic	_	none	_	_	_	_	_	_
789-11	BOI059	789	789	11	col	col	_	_	_	_	_	linguistic	_	none	_	_	_	_	_	_
789-12	BOI059	789	789	12	pomodoro	pomodoro	_	_	_	_	_	linguistic	_	none	_	End=1754.625	_	_	_	_
790-0	BOI059	790	790	0	dipende	dipende	_	_	_	_	_	linguistic	_	none	_	Begin=1754.778	_	_	_	_
790-1	BOI059	790	790	1	anche	anche	_	_	_	_	_	linguistic	_	none	_	_	_	_	_	_
790-2	BOI059	790	790	2	lì	lì	_	_	_	_	_	linguistic	_	none	_	_	_	_	_	_
790-3	BOI059	790	790	3	il	il	_	_	_	_	_	linguistic	_	none	_	_	_	_	_	_
790-4	BOI059	790	790	4	ristorante	ristorante	_	_	_	_	_	linguistic	_	none	_	_	_	_	_	_
790-5	BOI059	790	790	5	e	e	_	_	_	_	_	linguistic	_	none	_	_	_	_	_	_
790-6	BOI059	790	790	6	tutto	tutto	_	_	_	_	_	linguistic	_	none	_	_	_	_	_	_
790-7	BOI059	790	790	7	il	il	_	_	_	_	_	linguistic	_	none	_	_	_	_	_	_
790-8	BOI059	790	790	8	resto	resto	_	_	_	_	_	linguistic	_	none	_	End=1756.901	_	_	_	_
791-0	BOR017	791	791	0	tra	tra	_	_	_	_	_	linguistic	_	none	_	Begin=1757.924	_	_	_	_
791-1	BOR017	791	791	1	tutta	tutta	_	_	_	_	_	linguistic	_	none	_	_	_	_	_	_
791-2	BOR017	791	791	2	questa	questa	_	_	_	_	_	linguistic	_	none	_	_	_	_	_	_
791-3	BOR017	791	791	3	lista	lista	_	_	_	_	_	linguistic	_	none	_	End=1759.385	_	_	_	_
792-0	BOR017	792	792	0	quali	quali	_	_	_	_	_	linguistic	_	none	_	Begin=1759.71	_	_	_	_
792-1	BOR017	792	792	1	sono	sono	_	_	_	_	_	linguistic	_	none	_	_	_	_	_	_
792-2	BOR017	792	792	2	i	i	_	_	_	_	_	linguistic	_	none	_	_	_	_	_	_
792-3	BOR017	792	792	3	tuoi	tuoi	_	_	_	_	_	linguistic	_	none	_	_	_	_	_	_
792-4	BOR017	792	792	4	piatti	piatti	_	_	_	_	_	linguistic	_	none	_	_	_	_	_	_
792-5	BOR017	792	792	5	preferiti?	preferiti	_	_	_	_	_	linguistic	_	none	Intonation=Rising	End=1761.291	_	_	_	_
793-0	BOI059	793	793	0	i	i	_	_	_	_	_	linguistic	_	none	_	Begin=1761.43	_	_	_	_
793-1	BOI059	793	793	1	doratini	doratini	_	_	_	_	_	linguistic	_	none	_	_	_	_	_	_
793-2	BOI059	793	793	2	di	di	_	_	_	_	_	linguistic	_	none	_	_	_	_	_	_
793-3	BOI059	793	793	3	pollo	pollo	_	_	_	_	_	linguistic	_	none	_	_	_	_	_	_
793-4	BOI059	793	793	4	{ride}	{ride}	_	_	_	_	_	nonverbalbehavior	_	none	_	_	_	_	_	_
793-5	BOI059	793	793	5	che	che	_	_	_	_	_	linguistic	_	none	_	_	_	_	_	_
793-6	BOI059	793	793	6	non	non	_	_	_	_	_	linguistic	_	none	_	_	_	_	_	_
793-7	BOI059	793	793	7	te	te	_	_	_	_	_	linguistic	_	none	_	_	_	_	_	_
793-8	BOI059	793	793	8	li	li	_	_	_	_	_	linguistic	_	none	_	_	_	_	_	_
793-9	BOI059	793	793	9	ho	ho	_	_	_	_	_	linguistic	_	none	_	_	_	_	_	_
793-10	BOI059	793	793	10	[detti]	detti	_	_	_	_	_	linguistic	_	none	_	End=1764.165	_	_	_	0-5(131)
794-0	BOR017	794	794	0	[non	non	_	_	_	_	_	linguistic	_	none	_	Begin=1763.571	_	_	_	0-3(?)
794-1	BOR017	794	794	1	li	li	_	_	_	_	_	linguistic	_	none	_	_	_	_	_	0-2(?)
794-2	BOR017	794	794	2	hai	hai	_	_	_	_	_	linguistic	_	none	_	_	_	_	_	0-3(?)
794-3	BOR017	794	794	3	de]tti	detti	_	_	_	_	_	linguistic	_	none	_	End=1764.388	_	_	_	0-2(?)
795-0	BOI059	795	795	0	{ride}	{ride}	_	_	_	_	_	nonverbalbehavior	_	none	_	Begin=1764.237	_	_	_	_
795-1	BOI059	795	795	1	allora	allora	_	_	_	_	_	linguistic	_	none	_	End=1765.382	_	_	_	_
796-0	BOI059	796	796	0	di	di	_	_	_	_	_	linguistic	_	none	_	Begin=1765.559	_	_	_	_
796-1	BOI059	796	796	1	questa	questa	_	_	_	_	_	linguistic	_	none	_	_	_	_	_	_
796-2	BOI059	796	796	2	lista	lista	_	_	_	_	_	linguistic	_	none	_	End=1766.602	_	_	_	_
797-0	BOI059	797	797	0	ah	ah	_	_	_	_	_	linguistic	_	none	_	Begin=1766.813	_	_	_	_
797-1	BOI059	797	797	1	ci	ci	_	_	_	_	_	linguistic	_	none	_	_	_	_	_	_
797-2	BOI059	797	797	2	sono	sono	_	_	_	_	_	linguistic	_	none	_	_	_	_	_	_
797-3	BOI059	797	797	3	anche	anche	_	_	_	_	_	linguistic	_	none	_	_	_	_	_	_
797-4	BOI059	797	797	4	i	i	_	_	_	_	_	linguistic	_	none	_	_	_	_	_	_
797-5	BOI059	797	797	5	passatelli	passatelli	_	_	_	_	_	linguistic	_	none	_	_	_	_	_	_
797-6	BOI059	797	797	6	tra	tra	_	_	_	_	_	linguistic	_	none	_	_	_	_	_	_
797-7	BOI059	797	797	7	l'	l'	_	_	_	_	_	linguistic	_	none	SpaceAfter=No	_	_	_	_	_
797-8	BOI059	797	797	8	altro	altro	_	_	_	_	_	linguistic	_	none	_	_	_	_	_	_
797-9	BOI059	797	797	9	tra	tra	_	_	_	_	_	linguistic	_	none	_	_	_	_	_	_
797-10	BOI059	797	797	10	i	i	_	_	_	_	_	linguistic	_	none	_	_	_	_	_	_
797-11	BOI059	797	797	11	tipici	tipici	_	_	_	_	_	linguistic	_	none	_	_	_	_	_	_
797-12	BOI059	797	797	12	la	la	_	_	_	_	_	linguistic	_	none	_	_	_	_	_	_
797-13	BOI059	797	797	13	zuppa	zuppa	_	_	_	_	_	linguistic	_	none	_	_	_	_	_	_
797-14	BOI059	797	797	14	imperiale	imperiale	_	_	_	_	_	linguistic	_	none	_	_	_	_	_	_
797-15	BOI059	797	797	15	che	che	_	_	_	_	_	linguistic	_	none	_	_	_	_	_	_
797-16	BOI059	797	797	16	è	è	_	_	_	_	_	linguistic	_	none	_	_	_	_	_	_
797-17	BOI059	797	797	17	che	che	_	_	_	_	_	linguistic	_	none	_	_	_	_	_	_
797-18	BOI059	797	797	18	è	è	_	_	_	_	_	linguistic	_	none	_	_	_	_	_	_
797-19	BOI059	797	797	19	un	un	_	_	_	_	_	linguistic	_	none	_	_	_	_	_	_
797-20	BOI059	797	797	20	altro	altro	_	_	_	_	_	linguistic	_	none	_	_	_	_	_	_
797-21	BOI059	797	797	21	un	un	_	_	_	_	_	linguistic	_	none	_	_	_	_	_	_
797-22	BOI059	797	797	22	>al[tro	altro	_	_	_	_	_	linguistic	_	none	_	_	_	Fast=0-5(0)	_	1-5(133)
797-23	BOI059	797	797	23	tipo	tipo	_	_	_	_	_	linguistic	_	none	_	_	_	Fast=0-4(0)	_	0-4(133)
797-24	BOI059	797	797	24	di]<	di	_	_	_	_	_	linguistic	_	none	_	_	_	Fast=0-2(0)	_	0-2(133)
797-25	BOI059	797	797	25	pa~	pa~	_	_	_	_	_	linguistic	_	none	Interrupted=Yes	_	_	_	_	_
797-26	BOI059	797	797	26	no	no	_	_	_	_	_	linguistic	_	none	_	_	_	_	_	_
797-27	BOI059	797	797	27	pasta	pasta	_	_	_	_	_	linguistic	_	none	_	_	_	_	_	_
797-28	BOI059	797	797	28	[sempre]	sempre	_	_	_	_	_	linguistic	_	none	_	End=1773.511	_	_	_	0-6(134)
798-0	BOR017	798	798	0	[dolce]?	dolce	_	_	_	_	_	linguistic	_	none	Intonation=Rising	Begin=1771.878|End=1772.231	_	_	_	0-5(133)
799-0	BOR017	799	799	0	[pasta]	pasta	_	_	_	_	_	linguistic	_	none	_	Begin=1773.029|End=1773.505	_	_	_	0-5(134)
800-0	BOI059	800	800	0	ehm	ehm	_	_	_	_	_	linguistic	_	none	_	Begin=1774.129	_	_	_	_
800-1	BOI059	800	800	1	allora	allora	_	_	_	_	_	linguistic	_	none	_	_	_	_	_	_
800-2	BOI059	800	800	2	in	in	_	_	_	_	_	linguistic	_	none	_	_	_	_	_	_
800-3	BOI059	800	800	3	questa	questa	_	_	_	_	_	linguistic	_	none	_	_	_	_	_	_
800-4	BOI059	800	800	4	lista:	lista	_	_	_	_	_	linguistic	_	none	_	End=1776.55	4x1	_	_	_
801-0	BOI059	801	801	0	i	i	_	_	_	_	_	linguistic	_	none	_	Begin=1777.608	_	_	_	_
801-1	BOI059	801	801	1	tortellini	tortellini	_	_	_	_	_	linguistic	_	none	_	_	_	_	_	_
801-2	BOI059	801	801	2	al	al	_	_	_	_	_	linguistic	_	none	_	_	_	_	_	_
801-3	BOI059	801	801	3	in	in	_	_	_	_	_	linguistic	_	none	_	_	_	_	_	_
801-4	BOI059	801	801	4	brodo	brodo	_	_	_	_	_	linguistic	_	none	_	End=1778.77	_	_	_	_
802-0	BOI059	802	802	0	no	no	_	_	_	_	_	linguistic	_	none	_	Begin=1778.983	_	_	_	_
802-1	BOI059	802	802	1	i	i	_	_	_	_	_	linguistic	_	none	_	_	_	_	_	_
802-2	BOI059	802	802	2	tortellini	tortellini	_	_	_	_	_	linguistic	_	none	_	_	_	_	_	_
802-3	BOI059	802	802	3	alla	alla	_	_	_	_	_	linguistic	_	none	_	_	_	_	_	_
802-4	BOI059	802	802	4	panna	panna	_	_	_	_	_	linguistic	_	none	_	_	_	_	_	_
802-5	BOI059	802	802	5	perché	perché	_	_	_	_	_	linguistic	_	none	_	_	_	_	_	_
802-6	BOI059	802	802	6	alla	alla	_	_	_	_	_	linguistic	_	none	_	_	_	_	_	_
802-7	BOI059	802	802	7	fine	fine	_	_	_	_	_	linguistic	_	none	_	_	_	_	_	_
802-8	BOI059	802	802	8	sono	sono	_	_	_	_	_	linguistic	_	none	_	_	_	_	_	_
802-9	BOI059	802	802	9	una	una	_	_	_	_	_	linguistic	_	none	_	_	_	_	_	_
802-10	BOI059	802	802	10	bimba	bimba	_	_	_	_	_	linguistic	_	none	_	_	_	_	_	_
802-11	BOI059	802	802	11	dentro	dentro	_	_	_	_	_	linguistic	_	none	_	End=1781.565	_	_	_	_
803-0	BOI059	803	803	0	però	però	_	_	_	_	_	linguistic	_	none	_	Begin=1782.562	_	_	_	_
803-1	BOI059	803	803	1	se	se	_	_	_	_	_	linguistic	_	none	_	_	_	_	_	_
803-2	BOI059	803	803	2	penso	penso	_	_	_	_	_	linguistic	_	none	_	_	_	_	_	_
803-3	BOI059	803	803	3	a	a	_	_	_	_	_	linguistic	_	none	_	_	_	_	_	_
803-4	BOI059	803	803	4	cose	cose	_	_	_	_	_	linguistic	_	none	_	_	_	_	_	_
803-5	BOI059	803	803	5	che	che	_	_	_	_	_	linguistic	_	none	_	_	_	_	_	_
803-6	BOI059	803	803	6	mi	mi	_	_	_	_	_	linguistic	_	none	_	_	_	_	_	_
803-7	BOI059	803	803	7	piace	piace	_	_	_	_	_	linguistic	_	none	_	_	_	_	_	_
803-8	BOI059	803	803	8	anche	anche	_	_	_	_	_	linguistic	_	none	_	_	_	_	_	_
803-9	BOI059	803	803	9	cucinare	cucinare	_	_	_	_	_	linguistic	_	none	_	End=1785.228	_	_	_	_
804-0	BOI059	804	804	0	il	il	_	_	_	_	_	linguistic	_	none	_	Begin=1785.687	_	_	_	_
804-1	BOI059	804	804	1	doratino	doratino	_	_	_	_	_	linguistic	_	none	_	_	_	_	_	_
804-2	BOI059	804	804	2	di	di	_	_	_	_	_	linguistic	_	none	_	_	_	_	_	_
804-3	BOI059	804	804	3	pollo	pollo	_	_	_	_	_	linguistic	_	none	_	_	_	_	_	_
804-4	BOI059	804	804	4	che	che	_	_	_	_	_	linguistic	_	none	_	_	_	_	_	_
804-5	BOI059	804	804	5	alla	alla	_	_	_	_	_	linguistic	_	none	_	_	_	_	_	_
804-6	BOI059	804	804	6	fine	fine	_	_	_	_	_	linguistic	_	none	_	_	_	_	_	_
804-7	BOI059	804	804	7	non	non	_	_	_	_	_	linguistic	_	none	_	_	_	_	_	_
804-8	BOI059	804	804	8	è	è	_	_	_	_	_	linguistic	_	none	_	_	_	_	_	_
804-9	BOI059	804	804	9	altro	altro	_	_	_	_	_	linguistic	_	none	_	_	_	_	_	_
804-10	BOI059	804	804	10	che	che	_	_	_	_	_	linguistic	_	none	_	_	_	_	_	_
804-11	BOI059	804	804	11	del	del	_	_	_	_	_	linguistic	_	none	_	_	_	_	_	_
804-12	BOI059	804	804	12	pollo	pollo	_	_	_	_	_	linguistic	_	none	_	_	_	_	_	_
804-13	BOI059	804	804	13	marinato	marinato	_	_	_	_	_	linguistic	_	none	_	End=1789.38	_	_	_	_
805-0	BOI059	805	805	0	eh	eh	_	_	_	_	_	linguistic	_	none	_	Begin=1789.693|End=1789.921	_	_	_	_
806-0	BOI059	806	806	0	cucinato	cucinato	_	_	_	_	_	linguistic	_	none	_	Begin=1790.037|End=1790.835	_	_	_	_
807-0	BOI059	807	807	0	per	per	_	_	_	_	_	linguistic	_	none	_	Begin=1791.137	_	_	_	_
807-1	BOI059	807	807	1	bene	bene	_	_	_	_	_	linguistic	_	none	_	_	_	_	_	_
807-2	BOI059	807	807	2	fritto	fritto	_	_	_	_	_	linguistic	_	none	_	_	_	_	_	_
807-3	BOI059	807	807	3	perché	perché	_	_	_	_	_	linguistic	_	none	_	_	_	_	_	_
807-4	BOI059	807	807	4	a	a	_	_	_	_	_	linguistic	_	none	_	_	_	_	_	_
807-5	BOI059	807	807	5	bologna	bologna	_	_	_	_	_	linguistic	_	none	_	_	_	_	_	_
807-6	BOI059	807	807	6	se	se	_	_	_	_	_	linguistic	_	none	_	_	_	_	_	_
807-7	BOI059	807	807	7	è	è	_	_	_	_	_	linguistic	_	none	_	_	_	_	_	_
807-8	BOI059	807	807	8	fritto	fritto	_	_	_	_	_	linguistic	_	none	_	_	_	_	_	_
807-9	BOI059	807	807	9	è	è	_	_	_	_	_	linguistic	_	none	_	_	_	_	_	_
807-10	BOI059	807	807	10	buono	buono	_	_	_	_	_	linguistic	_	none	_	_	_	_	_	_
807-11	BOI059	807	807	11	a	a	_	_	_	_	_	linguistic	_	none	_	_	_	_	_	_
807-12	BOI059	807	807	12	quindi	quindi	_	_	_	_	_	linguistic	_	none	_	_	_	_	_	_
807-13	BOI059	807	807	13	appunto	appunto	_	_	_	_	_	linguistic	_	none	_	End=1794.667	_	_	_	_
808-0	BOI059	808	808	0	la	la	_	_	_	_	_	linguistic	_	none	_	Begin=1795.249|End=1795.442	_	_	_	_
809-0	BOI059	809	809	0	la	la	_	_	_	_	_	linguistic	_	none	_	Begin=1795.673	_	_	_	_
809-1	BOI059	809	809	1	mia	mia	_	_	_	_	_	linguistic	_	none	_	_	_	_	_	_
809-2	BOI059	809	809	2	ricetta	ricetta	_	_	_	_	_	linguistic	_	none	_	_	_	_	_	_
809-3	BOI059	809	809	3	di	di	_	_	_	_	_	linguistic	_	none	_	_	_	_	_	_
809-4	BOI059	809	809	4	doratino	doratino	_	_	_	_	_	linguistic	_	none	_	_	_	_	_	_
809-5	BOI059	809	809	5	di	di	_	_	_	_	_	linguistic	_	none	_	_	_	_	_	_
809-6	BOI059	809	809	6	pollo	pollo	_	_	_	_	_	linguistic	_	none	_	_	_	_	_	_
809-7	BOI059	809	809	7	che	che	_	_	_	_	_	linguistic	_	none	_	_	_	_	_	_
809-8	BOI059	809	809	8	è	è	_	_	_	_	_	linguistic	_	none	_	_	_	_	_	_
809-9	BOI059	809	809	9	diversa	diversa	_	_	_	_	_	linguistic	_	none	_	_	_	_	_	_
809-10	BOI059	809	809	10	per	per	_	_	_	_	_	linguistic	_	none	_	_	_	_	_	_
809-11	BOI059	809	809	11	esempio	esempio	_	_	_	_	_	linguistic	_	none	_	_	_	_	_	_
809-12	BOI059	809	809	12	da	da	_	_	_	_	_	linguistic	_	none	_	_	_	_	_	_
809-13	BOI059	809	809	13	quella:	quella	_	_	_	_	_	linguistic	_	none	_	_	5x1	_	_	_
809-14	BOI059	809	809	14	di	di	_	_	_	_	_	linguistic	_	none	_	_	_	_	_	_
809-15	BOI059	809	809	15	fami~	fami~	_	_	_	_	_	linguistic	_	none	Interrupted=Yes	_	_	_	_	_
809-16	BOI059	809	809	16	eh	eh	_	_	_	_	_	linguistic	_	none	_	_	_	_	_	_
809-17	BOI059	809	809	17	quella	quella	_	_	_	_	_	linguistic	_	none	_	_	_	_	_	_
809-18	BOI059	809	809	18	del	del	_	_	_	_	_	linguistic	_	none	_	_	_	_	_	_
809-19	BOI059	809	809	19	mio	mio	_	_	_	_	_	linguistic	_	none	_	_	_	_	_	_
809-20	BOI059	809	809	20	mari~	mari~	_	_	_	_	_	linguistic	_	none	Interrupted=Yes	_	_	_	_	_
809-21	BOI059	809	809	21	di	di	_	_	_	_	_	linguistic	_	none	_	_	_	_	_	_
809-22	BOI059	809	809	22	mio	mio	_	_	_	_	_	linguistic	_	none	_	_	_	_	_	_
809-23	BOI059	809	809	23	marito	marito	_	_	_	_	_	linguistic	_	none	_	_	_	_	_	_
809-24	BOI059	809	809	24	prevede	prevede	_	_	_	_	_	linguistic	_	none	_	End=1801.586	_	_	_	_
810-0	BOI059	810	810	0	un	un	_	_	_	_	_	linguistic	_	none	_	Begin=1802.172	_	_	_	_
810-1	BOI059	810	810	1	ammollo	ammollo	_	_	_	_	_	linguistic	_	none	_	_	_	_	_	_
810-2	BOI059	810	810	2	di	di	_	_	_	_	_	linguistic	_	none	_	_	_	_	_	_
810-3	BOI059	810	810	3	un	un	_	_	_	_	_	linguistic	_	none	_	_	_	_	_	_
810-4	BOI059	810	810	4	giorno	giorno	_	_	_	_	_	linguistic	_	none	_	_	_	_	_	_
810-5	BOI059	810	810	5	nell'	nell'	_	_	_	_	_	linguistic	_	none	SpaceAfter=No	_	_	_	_	_
810-6	BOI059	810	810	6	uovo	uovo	_	_	_	_	_	linguistic	_	none	_	End=1803.596	_	_	_	_
811-0	BOR017	811	811	0	w[o:w]	wow	_	_	_	_	_	linguistic	_	none	_	Begin=1803.875|End=1804.554	1x1	_	_	1-3(135)
812-0	BOI059	812	812	0	[per	per	_	_	_	_	_	linguistic	_	none	_	Begin=1804.001	_	_	_	0-3(135)
812-1	BOI059	812	812	1	dire	dire	_	_	_	_	_	linguistic	_	none	_	_	_	_	_	0-4(135)
812-2	BOI059	812	812	2	s]ì	sì	_	_	_	_	_	linguistic	_	none	_	End=1804.722	_	_	_	0-1(135)
813-0	BOI059	813	813	0	sono	sono	_	_	_	_	_	linguistic	_	none	PauseAfter=Yes	Begin=1805.126	_	_	_	_
813-1	BOI059	813	813	1	{P}	{P}	_	_	_	_	_	shortpause	_	none	_	_	_	_	_	_
813-2	BOI059	813	813	2	morbidissimi	morbidissimi	_	_	_	_	_	linguistic	_	none	_	_	_	_	_	_
813-3	BOI059	813	813	3	buonissimi	buonissimi	_	_	_	_	_	linguistic	_	none	_	End=1806.858	_	_	_	_
814-0	BOR017	814	814	0	okay	okay	_	_	_	_	_	linguistic	_	none	_	Begin=1807.305	_	_	_	_
814-1	BOR017	814	814	1	a	a	_	_	_	_	_	linguistic	_	none	_	_	_	_	_	_
814-2	BOR017	814	814	2	proposito	proposito	_	_	_	_	_	linguistic	_	none	_	_	_	_	_	_
814-3	BOR017	814	814	3	di	di	_	_	_	_	_	linguistic	_	none	_	_	_	_	_	_
814-4	BOR017	814	814	4	ricette	ricette	_	_	_	_	_	linguistic	_	none	_	End=1809.1	_	_	_	_
815-0	BOR017	815	815	0	visto	visto	_	_	_	_	_	linguistic	_	none	_	Begin=1809.254	_	_	_	_
815-1	BOR017	815	815	1	che	che	_	_	_	_	_	linguistic	_	none	_	_	_	_	_	_
815-2	BOR017	815	815	2	ci	ci	_	_	_	_	_	linguistic	_	none	_	_	_	_	_	_
815-3	BOR017	815	815	3	hai	hai	_	_	_	_	_	linguistic	_	none	_	_	_	_	_	_
815-4	BOR017	815	815	4	citato	citato	_	_	_	_	_	linguistic	_	none	_	_	_	_	_	_
815-5	BOR017	815	815	5	tutti	tutti	_	_	_	_	_	linguistic	_	none	_	_	_	_	_	_
815-6	BOR017	815	815	6	questi	questi	_	_	_	_	_	linguistic	_	none	_	_	_	_	_	_
815-7	BOR017	815	815	7	[pia]tti	piatti	_	_	_	_	_	linguistic	_	none	_	_	_	_	_	0-3(136)
815-8	BOR017	815	815	8	qualche	qualche	_	_	_	_	_	linguistic	_	none	_	_	_	_	_	_
815-9	BOR017	815	815	9	chicca	chicca	_	_	_	_	_	linguistic	_	none	_	_	_	_	_	_
815-10	BOR017	815	815	10	ce	ce	_	_	_	_	_	linguistic	_	none	_	_	_	_	_	_
815-11	BOR017	815	815	11	la	la	_	_	_	_	_	linguistic	_	none	_	_	_	_	_	_
815-12	BOR017	815	815	12	potresti	potresti	_	_	_	_	_	linguistic	_	none	_	_	_	_	_	_
815-13	BOR017	815	815	13	dare?	dare	_	_	_	_	_	linguistic	_	none	Intonation=Rising	End=1813.935	_	_	_	_
816-0	BOI059	816	816	0	[mh]	mh	_	_	_	_	_	linguistic	_	none	_	Begin=1810.937|End=1811.268	_	_	_	0-2(136)
817-0	BOI059	817	817	0	allora	allora	_	_	_	_	_	linguistic	_	none	_	Begin=1813.966	_	_	_	_
817-1	BOI059	817	817	1	posso	posso	_	_	_	_	_	linguistic	_	none	_	_	_	_	_	_
817-2	BOI059	817	817	2	darti	darti	_	_	_	_	_	linguistic	_	none	_	_	_	_	_	_
817-3	BOI059	817	817	3	i	i	_	_	_	_	_	linguistic	_	none	_	_	_	_	_	_
817-4	BOI059	817	817	4	doratini	doratini	_	_	_	_	_	linguistic	_	none	_	_	_	_	_	_
817-5	BOI059	817	817	5	di	di	_	_	_	_	_	linguistic	_	none	_	_	_	_	_	_
817-6	BOI059	817	817	6	pollo	pollo	_	_	_	_	_	linguistic	_	none	_	_	_	_	_	_
817-7	BOI059	817	817	7	ma	ma	_	_	_	_	_	linguistic	_	none	_	_	_	_	_	_
817-8	BOI059	817	817	8	senza	senza	_	_	_	_	_	linguistic	_	none	_	_	_	_	_	_
817-9	BOI059	817	817	9	darti	darti	_	_	_	_	_	linguistic	_	none	_	_	_	_	_	_
817-10	BOI059	817	817	10	le	le	_	_	_	_	_	linguistic	_	none	_	_	_	_	_	_
817-11	BOI059	817	817	11	dosi	dosi	_	_	_	_	_	linguistic	_	none	_	End=1816.97	_	_	_	_
818-0	BOR017	818	818	0	o:[kay	okay	_	_	_	_	_	linguistic	_	none	_	Begin=1817.259	0x1	_	_	1-4(137)
818-1	BOR017	818	818	1	che	che	_	_	_	_	_	linguistic	_	none	_	_	_	_	_	0-3(137)
818-2	BOR017	818	818	2	poi]	poi	_	_	_	_	_	linguistic	_	none	_	_	_	_	_	0-3(137)
818-3	BOR017	818	818	3	inventi	inventi	_	_	_	_	_	linguistic	_	none	_	_	_	_	_	_
818-4	BOR017	818	818	4	tu	tu	_	_	_	_	_	linguistic	_	none	_	End=1819.049	_	_	_	_
819-0	BOI059	819	819	0	[nel	nel	_	_	_	_	_	linguistic	_	none	_	Begin=1817.365	_	_	_	0-3(137)
819-1	BOI059	819	819	1	senso	senso	_	_	_	_	_	linguistic	_	none	_	_	_	_	_	0-5(137)
819-2	BOI059	819	819	2	che	che	_	_	_	_	_	linguistic	_	none	_	_	_	_	_	0-3(137)
819-3	BOI059	819	819	3	i	i	_	_	_	_	_	linguistic	_	none	_	_	_	_	_	0-1(137)
819-4	BOI059	819	819	4	doratini]	doratini	_	_	_	_	_	linguistic	_	none	_	End=1818.454	_	_	_	0-8(137)
820-0	BOI059	820	820	0	eh	eh	_	_	_	_	_	linguistic	_	none	_	Begin=1819.212	_	_	_	_
820-1	BOI059	820	820	1	no	no	_	_	_	_	_	linguistic	_	none	_	_	_	_	_	_
820-2	BOI059	820	820	2	allora	allora	_	_	_	_	_	linguistic	_	none	_	_	_	_	_	_
820-3	BOI059	820	820	3	le	le	_	_	_	_	_	linguistic	_	none	_	_	_	_	_	_
820-4	BOI059	820	820	4	mie	mie	_	_	_	_	_	linguistic	_	none	_	_	_	_	_	_
820-5	BOI059	820	820	5	dosi	dosi	_	_	_	_	_	linguistic	_	none	_	_	_	_	_	_
820-6	BOI059	820	820	6	sono	sono	_	_	_	_	_	linguistic	_	none	_	_	_	_	_	_
820-7	BOI059	820	820	7	le	le	_	_	_	_	_	linguistic	_	none	_	_	_	_	_	_
820-8	BOI059	820	820	8	dosi	dosi	_	_	_	_	_	linguistic	_	none	_	_	_	_	_	_
820-9	BOI059	820	820	9	dei	dei	_	_	_	_	_	linguistic	_	none	_	_	_	_	_	_
820-10	BOI059	820	820	10	ca~	ca~	_	_	_	_	_	linguistic	_	none	Interrupted=Yes	End=1821.453	_	_	_	_
821-0	BOI059	821	821	0	casa	casa	_	_	_	_	_	linguistic	_	none	_	Begin=1822.149	_	_	_	_
821-1	BOI059	821	821	1	mia	mia	_	_	_	_	_	linguistic	_	none	_	End=1822.736	_	_	_	_
822-0	BOI059	822	822	0	poi	poi	_	_	_	_	_	linguistic	_	none	_	Begin=1823.191|End=1823.544	_	_	_	_
823-0	BOI059	823	823	0	eh	eh	_	_	_	_	_	linguistic	_	none	_	Begin=1823.872|End=1824.009	_	_	_	_
824-0	BOI059	824	824	0	non	non	_	_	_	_	_	linguistic	_	none	_	Begin=1824.169	_	_	_	_
824-1	BOI059	824	824	1	te	te	_	_	_	_	_	linguistic	_	none	_	_	_	_	_	_
824-2	BOI059	824	824	2	le	le	_	_	_	_	_	linguistic	_	none	_	_	_	_	_	_
824-3	BOI059	824	824	3	posso	posso	_	_	_	_	_	linguistic	_	none	_	_	_	_	_	_
824-4	BOI059	824	824	4	dare	dare	_	_	_	_	_	linguistic	_	none	_	_	_	_	_	_
824-5	BOI059	824	824	5	la	la	_	_	_	_	_	linguistic	_	none	_	_	_	_	_	_
824-6	BOI059	824	824	6	mamma	mamma	_	_	_	_	_	linguistic	_	none	_	_	_	_	_	_
824-7	BOI059	824	824	7	mi	mi	_	_	_	_	_	linguistic	_	none	_	_	_	_	_	_
824-8	BOI059	824	824	8	picchia	picchia	_	_	_	_	_	linguistic	_	none	_	End=1826.32	_	_	_	_
825-0	BOI059	825	825	0	però	però	_	_	_	_	_	linguistic	_	none	_	Begin=1826.667	_	_	_	_
825-1	BOI059	825	825	1	il	il	_	_	_	_	_	linguistic	_	none	_	_	_	_	_	_
825-2	BOI059	825	825	2	doratino	doratino	_	_	_	_	_	linguistic	_	none	_	_	_	_	_	_
825-3	BOI059	825	825	3	di	di	_	_	_	_	_	linguistic	_	none	_	_	_	_	_	_
825-4	BOI059	825	825	4	pollo	pollo	_	_	_	_	_	linguistic	_	none	_	_	_	_	_	_
825-5	BOI059	825	825	5	si	si	_	_	_	_	_	linguistic	_	none	_	_	_	_	_	_
825-6	BOI059	825	825	6	fa	fa	_	_	_	_	_	linguistic	_	none	_	_	_	_	_	_
825-7	BOI059	825	825	7	così	così	_	_	_	_	_	linguistic	_	none	_	End=1828.265	_	_	_	_
826-0	BOI059	826	826	0	tu	tu	_	_	_	_	_	linguistic	_	none	_	Begin=1828.641	_	_	_	_
826-1	BOI059	826	826	1	prendi	prendi	_	_	_	_	_	linguistic	_	none	_	_	_	_	_	_
826-2	BOI059	826	826	2	il	il	_	_	_	_	_	linguistic	_	none	_	_	_	_	_	_
826-3	BOI059	826	826	3	pollo	pollo	_	_	_	_	_	linguistic	_	none	_	End=1829.975	_	_	_	_
827-0	BOI059	827	827	0	lo	lo	_	_	_	_	_	linguistic	_	none	_	Begin=1830.291	_	_	_	_
827-1	BOI059	827	827	1	metti	metti	_	_	_	_	_	linguistic	_	none	_	_	_	_	_	_
827-2	BOI059	827	827	2	a	a	_	_	_	_	_	linguistic	_	none	_	_	_	_	_	_
827-3	BOI059	827	827	3	bagno	bagno	_	_	_	_	_	linguistic	_	none	_	_	_	_	_	_
827-4	BOI059	827	827	4	il	il	_	_	_	_	_	linguistic	_	none	_	_	_	_	_	_
827-5	BOI059	827	827	5	giorno	giorno	_	_	_	_	_	linguistic	_	none	_	_	_	_	_	_
827-6	BOI059	827	827	6	prima	prima	_	_	_	_	_	linguistic	_	none	_	_	_	_	_	_
827-7	BOI059	827	827	7	con	con	_	_	_	_	_	linguistic	_	none	_	_	_	_	_	_
827-8	BOI059	827	827	8	sale	sale	_	_	_	_	_	linguistic	_	none	_	_	_	_	_	_
827-9	BOI059	827	827	9	uovo	uovo	_	_	_	_	_	linguistic	_	none	_	_	_	_	_	_
827-10	BOI059	827	827	10	noce	noce	_	_	_	_	_	linguistic	_	none	_	_	_	_	_	_
827-11	BOI059	827	827	11	moscata	moscata	_	_	_	_	_	linguistic	_	none	_	_	_	_	_	_
827-12	BOI059	827	827	12	la	la	_	_	_	_	_	linguistic	_	none	_	_	_	_	_	_
827-13	BOI059	827	827	13	noce	noce	_	_	_	_	_	linguistic	_	none	_	_	_	_	_	_
827-14	BOI059	827	827	14	moscata	moscata	_	_	_	_	_	linguistic	_	none	_	_	_	_	_	_
827-15	BOI059	827	827	15	regina	regina	_	_	_	_	_	linguistic	_	none	_	_	_	_	_	_
827-16	BOI059	827	827	16	a	a	_	_	_	_	_	linguistic	_	none	_	_	_	_	_	_
827-17	BOI059	827	827	17	[bologna]	bologna	_	_	_	_	_	linguistic	_	none	_	End=1835.463	_	_	_	0-7(138)
828-0	BOR017	828	828	0	[(°wo:w°)]	wow	_	_	_	_	_	linguistic	_	none	Volume=low	Begin=1834.916|End=1835.408	1x1	_	0-3(0)	0-3(138)
829-0	BOI059	829	829	0	assolutamente	assolutamente	_	_	_	_	_	linguistic	_	none	_	Begin=1835.664	_	_	_	_
829-1	BOI059	829	829	1	la	la	_	_	_	_	_	linguistic	_	none	_	_	_	_	_	_
829-2	BOI059	829	829	2	prendi	prendi	_	_	_	_	_	linguistic	_	none	_	_	_	_	_	_
829-3	BOI059	829	829	3	e	e	_	_	_	_	_	linguistic	_	none	_	_	_	_	_	_
829-4	BOI059	829	829	4	la	la	_	_	_	_	_	linguistic	_	none	_	_	_	_	_	_
829-5	BOI059	829	829	5	grattugi	grattugi	_	_	_	_	_	linguistic	_	none	_	_	_	_	_	_
829-6	BOI059	829	829	6	non	non	_	_	_	_	_	linguistic	_	none	_	_	_	_	_	_
829-7	BOI059	829	829	7	prendi	prendi	_	_	_	_	_	linguistic	_	none	_	_	_	_	_	_
829-8	BOI059	829	829	8	quella	quella	_	_	_	_	_	linguistic	_	none	_	_	_	_	_	_
829-9	BOI059	829	829	9	già	già	_	_	_	_	_	linguistic	_	none	_	_	_	_	_	_
829-10	BOI059	829	829	10	grattugiata	grattugiata	_	_	_	_	_	linguistic	_	none	_	_	_	_	_	_
829-11	BOI059	829	829	11	perché	perché	_	_	_	_	_	linguistic	_	none	_	_	_	_	_	_
829-12	BOI059	829	829	12	non	non	_	_	_	_	_	linguistic	_	none	_	_	_	_	_	_
829-13	BOI059	829	829	13	è	è	_	_	_	_	_	linguistic	_	none	_	_	_	_	_	_
829-14	BOI059	829	829	14	altrettanto	altrettanto	_	_	_	_	_	linguistic	_	none	_	_	_	_	_	_
829-15	BOI059	829	829	15	fresca	fresca	_	_	_	_	_	linguistic	_	none	_	End=1840.479	_	_	_	_
830-0	BOI059	830	830	0	qui	qui	_	_	_	_	_	linguistic	_	none	_	Begin=1840.801	_	_	_	_
830-1	BOI059	830	830	1	parte	parte	_	_	_	_	_	linguistic	_	none	_	_	_	_	_	_
830-2	BOI059	830	830	2	la	la	_	_	_	_	_	linguistic	_	none	_	_	_	_	_	_
830-3	BOI059	830	830	3	la	la	_	_	_	_	_	linguistic	_	none	_	_	_	_	_	_
830-4	BOI059	830	830	4	nazi	nazi	_	_	_	_	_	linguistic	_	none	_	_	_	_	_	_
830-5	BOI059	830	830	5	cucina	cucina	_	_	_	_	_	linguistic	_	none	_	_	_	_	_	_
830-6	BOI059	830	830	6	che	che	_	_	_	_	_	linguistic	_	none	_	_	_	_	_	_
830-7	BOI059	830	830	7	c'	c'	_	_	_	_	_	linguistic	_	none	SpaceAfter=No	_	_	_	_	_
830-8	BOI059	830	830	8	è	è	_	_	_	_	_	linguistic	_	none	_	_	_	_	_	_
830-9	BOI059	830	830	9	in	in	_	_	_	_	_	linguistic	_	none	_	_	_	_	_	_
830-10	BOI059	830	830	10	me	me	_	_	_	_	_	linguistic	_	none	_	_	_	_	_	_
830-11	BOI059	830	830	11	{ride}	{ride}	_	_	_	_	_	nonverbalbehavior	_	none	_	End=1843.04	_	_	_	_
831-0	BOI059	831	831	0	quindi	quindi	_	_	_	_	_	linguistic	_	none	_	Begin=1843.462	_	_	_	_
831-1	BOI059	831	831	1	assolutamente	assolutamente	_	_	_	_	_	linguistic	_	none	_	_	_	_	_	_
831-2	BOI059	831	831	2	mhmh	mhmh	_	_	_	_	_	linguistic	_	none	_	_	_	_	_	_
831-3	BOI059	831	831	3	noce	noce	_	_	_	_	_	linguistic	_	none	_	_	_	_	_	_
831-4	BOI059	831	831	4	moscata	moscata	_	_	_	_	_	linguistic	_	none	_	_	_	_	_	_
831-5	BOI059	831	831	5	grattugiata	grattugiata	_	_	_	_	_	linguistic	_	none	_	_	_	_	_	_
831-6	BOI059	831	831	6	la	la	_	_	_	_	_	linguistic	_	none	_	_	_	_	_	_
831-7	BOI059	831	831	7	lasci	lasci	_	_	_	_	_	linguistic	_	none	_	_	_	_	_	_
831-8	BOI059	831	831	8	a	a	_	_	_	_	_	linguistic	_	none	_	_	_	_	_	_
831-9	BOI059	831	831	9	mollo	mollo	_	_	_	_	_	linguistic	_	none	_	End=1847.739	_	_	_	_
832-0	BOI059	832	832	0	minimo	minimo	_	_	_	_	_	linguistic	_	none	_	Begin=1848.314	_	_	_	_
832-1	BOI059	832	832	1	dodici	dodici	_	_	_	_	_	linguistic	_	none	_	_	_	_	_	_
832-2	BOI059	832	832	2	massimo	massimo	_	_	_	_	_	linguistic	_	none	_	_	_	_	_	_
832-3	BOI059	832	832	3	ventiquattr'	ventiquattr'	_	_	_	_	_	linguistic	_	none	SpaceAfter=No	_	_	_	_	_
832-4	BOI059	832	832	4	ore	ore	_	_	_	_	_	linguistic	_	none	_	End=1850.257	_	_	_	_
833-0	BOI059	833	833	0	poi	poi	_	_	_	_	_	linguistic	_	none	_	Begin=1850.799	_	_	_	_
833-1	BOI059	833	833	1	li	li	_	_	_	_	_	linguistic	_	none	_	_	_	_	_	_
833-2	BOI059	833	833	2	tiri	tiri	_	_	_	_	_	linguistic	_	none	_	_	_	_	_	_
833-3	BOI059	833	833	3	fuori	fuori	_	_	_	_	_	linguistic	_	none	_	_	_	_	_	_
833-4	BOI059	833	833	4	li	li	_	_	_	_	_	linguistic	_	none	_	_	_	_	_	_
833-5	BOI059	833	833	5	pani	pani	_	_	_	_	_	linguistic	_	none	_	_	_	_	_	_
833-6	BOI059	833	833	6	in	in	_	_	_	_	_	linguistic	_	none	_	_	_	_	_	_
833-7	BOI059	833	833	7	un	un	_	_	_	_	_	linguistic	_	none	_	_	_	_	_	_
833-8	BOI059	833	833	8	misto	misto	_	_	_	_	_	linguistic	_	none	_	_	_	_	_	_
833-9	BOI059	833	833	9	di	di	_	_	_	_	_	linguistic	_	none	_	End=1853.336	_	_	_	_
834-0	BOI059	834	834	0	eh	eh	_	_	_	_	_	linguistic	_	none	_	Begin=1853.963	_	_	_	_
834-1	BOI059	834	834	1	x	x	_	_	_	_	_	unknown	_	none	Syllables=1	End=1854.419	_	_	_	_
835-0	BOI059	835	835	0	tiri	tiri	_	_	_	_	_	linguistic	_	none	_	Begin=1854.656	_	_	_	_
835-1	BOI059	835	835	1	fuori	fuori	_	_	_	_	_	linguistic	_	none	_	_	_	_	_	_
835-2	BOI059	835	835	2	il	il	_	_	_	_	_	linguistic	_	none	_	_	_	_	_	_
835-3	BOI059	835	835	3	doratino	doratino	_	_	_	_	_	linguistic	_	none	_	End=1855.525	_	_	_	_
836-0	BOI059	836	836	0	lì	lì	_	_	_	_	_	linguistic	_	none	_	Begin=1855.653	_	_	_	_
836-1	BOI059	836	836	1	dov'	dov'	_	_	_	_	_	linguistic	_	none	SpaceAfter=No	_	_	_	_	_
836-2	BOI059	836	836	2	è	è	_	_	_	_	_	linguistic	_	none	_	_	_	_	_	_
836-3	BOI059	836	836	3	lo	lo	_	_	_	_	_	linguistic	_	none	_	_	_	_	_	_
836-4	BOI059	836	836	4	pani	pani	_	_	_	_	_	linguistic	_	none	_	_	_	_	_	_
836-5	BOI059	836	836	5	in	in	_	_	_	_	_	linguistic	_	none	_	_	_	_	_	_
836-6	BOI059	836	836	6	un	un	_	_	_	_	_	linguistic	_	none	_	_	_	_	_	_
836-7	BOI059	836	836	7	misto	misto	_	_	_	_	_	linguistic	_	none	_	_	_	_	_	_
836-8	BOI059	836	836	8	di	di	_	_	_	_	_	linguistic	_	none	_	_	_	_	_	_
836-9	BOI059	836	836	9	pangrattato	pangrattato	_	_	_	_	_	linguistic	_	none	_	_	_	_	_	_
836-10	BOI059	836	836	10	e	e	_	_	_	_	_	linguistic	_	none	_	_	_	_	_	_
836-11	BOI059	836	836	11	grana	grana	_	_	_	_	_	linguistic	_	none	_	_	_	_	_	_
836-12	BOI059	836	836	12	grattugiato	grattugiato	_	_	_	_	_	linguistic	_	none	_	End=1859.118	_	_	_	_
837-0	BOI059	837	837	0	#poi	#poi	_	_	_	_	_	error	_	none	_	Begin=1860.391	_	_	_	_
837-1	BOI059	837	837	1	se	se	_	_	_	_	_	linguistic	_	none	_	_	_	_	_	_
837-2	BOI059	837	837	2	sei	sei	_	_	_	_	_	linguistic	_	none	_	_	_	_	_	_
837-3	BOI059	837	837	3	veramente	veramente	_	_	_	_	_	linguistic	_	none	_	_	_	_	_	_
837-4	BOI059	837	837	4	una	una	_	_	_	_	_	linguistic	_	none	_	_	_	_	_	_
837-5	BOI059	837	837	5	brutta	brutta	_	_	_	_	_	linguistic	_	none	_	_	_	_	_	_
837-6	BOI059	837	837	6	persona	persona	_	_	_	_	_	linguistic	_	none	_	_	_	_	_	_
837-7	BOI059	837	837	7	lo	lo	_	_	_	_	_	linguistic	_	none	_	_	_	_	_	_
837-8	BOI059	837	837	8	ripucci	ripucci	_	_	_	_	_	linguistic	_	none	_	_	_	_	_	_
837-9	BOI059	837	837	9	in	in	_	_	_	_	_	linguistic	_	none	_	_	_	_	_	_
837-10	BOI059	837	837	10	altro	altro	_	_	_	_	_	linguistic	_	none	_	_	_	_	_	_
837-11	BOI059	837	837	11	olio	olio	_	_	_	_	_	linguistic	_	none	_	_	_	_	_	_
837-12	BOI059	837	837	12	e	e	_	_	_	_	_	linguistic	_	none	_	_	_	_	_	_
837-13	BOI059	837	837	13	di	di	_	_	_	_	_	linguistic	_	none	_	_	_	_	_	_
837-14	BOI059	837	837	14	nuovo	nuovo	_	_	_	_	_	linguistic	_	none	_	_	_	_	_	_
837-15	BOI059	837	837	15	in	in	_	_	_	_	_	linguistic	_	none	_	_	_	_	_	_
837-16	BOI059	837	837	16	pangrattato	pangrattato	_	_	_	_	_	linguistic	_	none	_	_	_	_	_	_
837-17	BOI059	837	837	17	e	e	_	_	_	_	_	linguistic	_	none	_	_	_	_	_	_
837-18	BOI059	837	837	18	uovo	uovo	_	_	_	_	_	linguistic	_	none	_	End=1865.397	_	_	_	_
838-0	BOI059	838	838	0	mh	mh	_	_	_	_	_	linguistic	_	none	_	Begin=1865.495	_	_	_	_
838-1	BOI059	838	838	1	c(io)è	cioè	_	_	_	_	_	linguistic	_	none	_	_	_	_	1-3(0)	_
838-2	BOI059	838	838	2	ma	ma	_	_	_	_	_	linguistic	_	none	_	_	_	_	_	_
838-3	BOI059	838	838	3	non	non	_	_	_	_	_	linguistic	_	none	_	_	_	_	_	_
838-4	BOI059	838	838	4	prima	prima	_	_	_	_	_	linguistic	_	none	_	_	_	_	_	_
838-5	BOI059	838	838	5	pangrattato	pangrattato	_	_	_	_	_	linguistic	_	none	_	_	_	_	_	_
838-6	BOI059	838	838	6	e	e	_	_	_	_	_	linguistic	_	none	_	_	_	_	_	_
838-7	BOI059	838	838	7	poi	poi	_	_	_	_	_	linguistic	_	none	_	_	_	_	_	_
838-8	BOI059	838	838	8	formaggio	formaggio	_	_	_	_	_	linguistic	_	none	_	_	_	_	_	_
838-9	BOI059	838	838	9	formaggio	formaggio	_	_	_	_	_	linguistic	_	none	_	_	_	_	_	_
838-10	BOI059	838	838	10	e	e	_	_	_	_	_	linguistic	_	none	_	_	_	_	_	_
838-11	BOI059	838	838	11	non	non	_	_	_	_	_	linguistic	_	none	_	_	_	_	_	_
838-12	BOI059	838	838	12	uovo	uovo	_	_	_	_	_	linguistic	_	none	_	End=1868.988	_	_	_	_
839-0	BOI059	839	839	0	non	non	_	_	_	_	_	linguistic	_	none	_	Begin=1869.287	_	_	_	_
839-1	BOI059	839	839	1	separati	separati	_	_	_	_	_	linguistic	_	none	_	_	_	_	_	_
839-2	BOI059	839	839	2	insi[eme]	insieme	_	_	_	_	_	linguistic	_	none	_	End=1870.576	_	_	_	4-7(139)
840-0	BOR017	840	840	0	°[insiem]e°	insieme	_	_	_	_	_	linguistic	_	none	Volume=low	Begin=1870.229|End=1870.692	_	_	_	0-6(139)
841-0	BOI059	841	841	0	c(io)è	cioè	_	_	_	_	_	linguistic	_	none	_	Begin=1870.785	_	_	1-3(0)	_
841-1	BOI059	841	841	1	li	li	_	_	_	_	_	linguistic	_	none	_	_	_	_	_	_
841-2	BOI059	841	841	2	mescoli	mescoli	_	_	_	_	_	linguistic	_	none	_	_	_	_	_	_
841-3	BOI059	841	841	3	dopodiché	dopodiché	_	_	_	_	_	linguistic	_	none	_	_	_	_	_	_
841-4	BOI059	841	841	4	frittura	frittura	_	_	_	_	_	linguistic	_	none	_	_	_	_	_	_
841-5	BOI059	841	841	5	profonda	profonda	_	_	_	_	_	linguistic	_	none	_	End=1872.936	_	_	_	_
842-0	BOR017	842	842	0	mhmh	mhmh	_	_	_	_	_	linguistic	_	none	_	Begin=1873.119|End=1873.441	_	_	_	_
843-0	BOI059	843	843	0	>quindi<	quindi	_	_	_	_	_	linguistic	_	none	_	Begin=1873.711	_	Fast=0-6(0)	_	_
843-1	BOI059	843	843	1	grande	grande	_	_	_	_	_	linguistic	_	none	_	_	_	_	_	_
843-2	BOI059	843	843	2	bacinella	bacinella	_	_	_	_	_	linguistic	_	none	_	_	_	_	_	_
843-3	BOI059	843	843	3	d'	d'	_	_	_	_	_	linguistic	_	none	SpaceAfter=No	_	_	_	_	_
843-4	BOI059	843	843	4	olio	olio	_	_	_	_	_	linguistic	_	none	_	End=1875.22	_	_	_	_
844-0	BOI059	844	844	0	possibilmente	possibilmente	_	_	_	_	_	linguistic	_	none	_	Begin=1875.306	_	_	_	_
844-1	BOI059	844	844	1	di	di	_	_	_	_	_	linguistic	_	none	_	_	_	_	_	_
844-2	BOI059	844	844	2	semi	semi	_	_	_	_	_	linguistic	_	none	_	_	_	_	_	_
844-3	BOI059	844	844	3	meglio	meglio	_	_	_	_	_	linguistic	_	none	_	_	_	_	_	_
844-4	BOI059	844	844	4	se	se	_	_	_	_	_	linguistic	_	none	_	_	_	_	_	_
844-5	BOI059	844	844	5	di	di	_	_	_	_	_	linguistic	_	none	_	_	_	_	_	_
844-6	BOI059	844	844	6	girasole	girasole	_	_	_	_	_	linguistic	_	none	_	End=1877.608	_	_	_	_
845-0	BOR017	845	845	0	mhmh	mhmh	_	_	_	_	_	linguistic	_	none	_	Begin=1877.608|End=1878.0	_	_	_	_
846-0	BOI059	846	846	0	e	e	_	_	_	_	_	linguistic	_	none	_	Begin=1878.088	_	_	_	_
846-1	BOI059	846	846	1	poi	poi	_	_	_	_	_	linguistic	_	none	_	_	_	_	_	_
846-2	BOI059	846	846	2	friggi	friggi	_	_	_	_	_	linguistic	_	none	_	_	_	_	_	_
846-3	BOI059	846	846	3	di	di	_	_	_	_	_	linguistic	_	none	_	_	_	_	_	_
846-4	BOI059	846	846	4	prepotenza	prepotenza	_	_	_	_	_	linguistic	_	none	_	End=1879.403	_	_	_	_
847-0	BOI059	847	847	0	la	la	_	_	_	_	_	linguistic	_	none	_	Begin=1879.997	_	_	_	_
847-1	BOI059	847	847	1	ricetta	ricetta	_	_	_	_	_	linguistic	_	none	_	_	_	_	_	_
847-2	BOI059	847	847	2	del	del	_	_	_	_	_	linguistic	_	none	_	_	_	_	_	_
847-3	BOI059	847	847	3	tortellino	tortellino	_	_	_	_	_	linguistic	_	none	_	_	_	_	_	_
847-4	BOI059	847	847	4	non	non	_	_	_	_	_	linguistic	_	none	_	_	_	_	_	_
847-5	BOI059	847	847	5	te	te	_	_	_	_	_	linguistic	_	none	_	_	_	_	_	_
847-6	BOI059	847	847	6	la	la	_	_	_	_	_	linguistic	_	none	_	_	_	_	_	_
847-7	BOI059	847	847	7	posso	posso	_	_	_	_	_	linguistic	_	none	_	_	_	_	_	_
847-8	BOI059	847	847	8	dare	dare	_	_	_	_	_	linguistic	_	none	_	_	_	_	_	_
847-9	BOI059	847	847	9	perché:	perché	_	_	_	_	_	linguistic	_	none	_	_	5x1	_	_	_
847-10	BOI059	847	847	10	è	è	_	_	_	_	_	linguistic	_	none	_	_	_	_	_	_
847-11	BOI059	847	847	11	segreta	segreta	_	_	_	_	_	linguistic	_	none	_	End=1883.744	_	_	_	_
848-0	BOI059	848	848	0	[è	è	_	_	_	_	_	linguistic	_	none	_	Begin=1883.966	_	_	_	0-1(140)
848-1	BOI059	848	848	1	di	di	_	_	_	_	_	linguistic	_	none	_	_	_	_	_	0-2(140)
848-2	BOI059	848	848	2	famiglia]	famiglia	_	_	_	_	_	linguistic	_	none	_	End=1884.728	_	_	_	0-8(140)
849-0	BOR017	849	849	0	[ma	ma	_	_	_	_	_	linguistic	_	none	_	Begin=1883.969	_	_	_	0-2(140)
849-1	BOR017	849	849	1	mi	mi	_	_	_	_	_	linguistic	_	none	_	_	_	_	_	0-2(140)
849-2	BOR017	849	849	2	puoi	puoi	_	_	_	_	_	linguistic	_	none	_	_	_	_	_	0-4(140)
849-3	BOR017	849	849	3	dire	dire	_	_	_	_	_	linguistic	_	none	_	_	_	_	_	0-4(140)
849-4	BOR017	849	849	4	che]	che	_	_	_	_	_	linguistic	_	none	_	_	_	_	_	0-3(140)
849-5	BOR017	849	849	5	si	si	_	_	_	_	_	linguistic	_	none	_	_	_	_	_	_
849-6	BOR017	849	849	6	mette	mette	_	_	_	_	_	linguistic	_	none	_	_	_	_	_	_
849-7	BOR017	849	849	7	nel	nel	_	_	_	_	_	linguistic	_	none	_	_	_	_	_	_
849-8	BOR017	849	849	8	ripieno?	ripieno	_	_	_	_	_	linguistic	_	none	Intonation=Rising	End=1885.975	_	_	_	_
850-0	BOI059	850	850	0	ah	ah	_	_	_	_	_	linguistic	_	none	_	Begin=1885.994	_	_	_	_
850-1	BOI059	850	850	1	dipende	dipende	_	_	_	_	_	linguistic	_	none	_	_	_	_	_	_
850-2	BOI059	850	850	2	{ride}	{ride}	_	_	_	_	_	nonverbalbehavior	_	none	_	_	_	_	_	_
850-3	BOI059	850	850	3	{ride}	{ride}	_	_	_	_	_	nonverbalbehavior	_	none	_	End=1887.83	_	_	_	_
851-0	BOI059	851	851	0	allora	allora	_	_	_	_	_	linguistic	_	none	_	Begin=1887.859	_	_	_	_
851-1	BOI059	851	851	1	già	già	_	_	_	_	_	linguistic	_	none	_	_	_	_	_	_
851-2	BOI059	851	851	2	il	il	_	_	_	_	_	linguistic	_	none	_	_	_	_	_	_
851-3	BOI059	851	851	3	ripieno	ripieno	_	_	_	_	_	linguistic	_	none	_	_	_	_	_	_
851-4	BOI059	851	851	4	è	è	_	_	_	_	_	linguistic	_	none	_	_	_	_	_	_
851-5	BOI059	851	851	5	a	a	_	_	_	_	_	linguistic	_	none	_	_	_	_	_	_
851-6	BOI059	851	851	6	crudo	crudo	_	_	_	_	_	linguistic	_	none	_	_	_	_	_	_
851-7	BOI059	851	851	7	o	o	_	_	_	_	_	linguistic	_	none	_	_	_	_	_	_
851-8	BOI059	851	851	8	a	a	_	_	_	_	_	linguistic	_	none	_	_	_	_	_	_
851-9	BOI059	851	851	9	cotto	cotto	_	_	_	_	_	linguistic	_	none	_	_	_	_	_	_
851-10	BOI059	851	851	10	secondo	secondo	_	_	_	_	_	linguistic	_	none	_	_	_	_	_	_
851-11	BOI059	851	851	11	te?	te	_	_	_	_	_	linguistic	_	none	Intonation=Rising	End=1890.566	_	_	_	_
852-0	BOR017	852	852	0	crudo?	crudo	_	_	_	_	_	linguistic	_	none	Intonation=Rising	Begin=1892.097|End=1892.528	_	_	_	_
853-0	BOI059	853	853	0	bravo	bravo	_	_	_	_	_	linguistic	_	none	_	Begin=1892.82|End=1893.421	_	_	_	_
854-0	BOR017	854	854	0	°okay°	okay	_	_	_	_	_	linguistic	_	none	Volume=low	Begin=1893.741|End=1894.059	_	_	_	_
855-0	BOI059	855	855	0	quelli	quelli	_	_	_	_	_	linguistic	_	none	_	Begin=1894.065	_	_	_	_
855-1	BOI059	855	855	1	che	che	_	_	_	_	_	linguistic	_	none	_	_	_	_	_	_
855-2	BOI059	855	855	2	dicono	dicono	_	_	_	_	_	linguistic	_	none	_	_	_	_	_	_
855-3	BOI059	855	855	3	è	è	_	_	_	_	_	linguistic	_	none	_	_	_	_	_	_
855-4	BOI059	855	855	4	a	a	_	_	_	_	_	linguistic	_	none	_	_	_	_	_	_
855-5	BOI059	855	855	5	cotto	cotto	_	_	_	_	_	linguistic	_	none	_	_	_	_	_	_
855-6	BOI059	855	855	6	anche	anche	_	_	_	_	_	linguistic	_	none	_	_	_	_	_	_
855-7	BOI059	855	855	7	lì	lì	_	_	_	_	_	linguistic	_	none	_	_	_	_	_	_
855-8	BOI059	855	855	8	figli	figli	_	_	_	_	_	linguistic	_	none	_	_	_	_	_	_
855-9	BOI059	855	855	9	del	del	_	_	_	_	_	linguistic	_	none	_	_	_	_	_	_
855-10	BOI059	855	855	10	diavolo	diavolo	_	_	_	_	_	linguistic	_	none	_	End=1896.232	_	_	_	_
856-0	BOR017	856	856	0	o[kay]	okay	_	_	_	_	_	linguistic	_	none	_	Begin=1896.279|End=1896.679	_	_	_	1-4(141)
857-0	BOI059	857	857	0	[poi]	poi	_	_	_	_	_	linguistic	_	none	_	Begin=1896.521	_	_	_	0-3(141)
857-1	BOI059	857	857	1	dipende	dipende	_	_	_	_	_	linguistic	_	none	_	_	_	_	_	_
857-2	BOI059	857	857	2	se	se	_	_	_	_	_	linguistic	_	none	_	_	_	_	_	_
857-3	BOI059	857	857	3	uno	uno	_	_	_	_	_	linguistic	_	none	_	_	_	_	_	_
857-4	BOI059	857	857	4	c'	c'	_	_	_	_	_	linguistic	_	none	SpaceAfter=No	_	_	_	_	_
857-5	BOI059	857	857	5	ha	ha	_	_	_	_	_	linguistic	_	none	_	_	_	_	_	_
857-6	BOI059	857	857	6	della	della	_	_	_	_	_	linguistic	_	none	_	_	_	_	_	_
857-7	BOI059	857	857	7	tolleranza	tolleranza	_	_	_	_	_	linguistic	_	none	_	_	_	_	_	_
857-8	BOI059	857	857	8	si	si	_	_	_	_	_	linguistic	_	none	_	_	_	_	_	_
857-9	BOI059	857	857	9	fa	fa	_	_	_	_	_	linguistic	_	none	_	_	_	_	_	_
857-10	BOI059	857	857	10	tutto	tutto	_	_	_	_	_	linguistic	_	none	_	End=1899.106	_	_	_	_
858-0	BOI059	858	858	0	qualche	qualche	_	_	_	_	_	linguistic	_	none	_	Begin=1899.168	_	_	_	_
858-1	BOI059	858	858	1	anno	anno	_	_	_	_	_	linguistic	_	none	_	_	_	_	_	_
858-2	BOI059	858	858	2	fa	fa	_	_	_	_	_	linguistic	_	none	_	_	_	_	_	_
858-3	BOI059	858	858	3	abbiamo	abbiamo	_	_	_	_	_	linguistic	_	none	_	_	_	_	_	_
858-4	BOI059	858	858	4	fatto	fatto	_	_	_	_	_	linguistic	_	none	_	_	_	_	_	_
858-5	BOI059	858	858	5	l'	l'	_	_	_	_	_	linguistic	_	none	SpaceAfter=No	_	_	_	_	_
858-6	BOI059	858	858	6	evento	evento	_	_	_	_	_	linguistic	_	none	_	End=1901.013	_	_	_	_
859-0	BOI059	859	859	0	dei	dei	_	_	_	_	_	linguistic	_	none	_	Begin=1901.271	_	_	_	_
859-1	BOI059	859	859	1	tortellini	tortellini	_	_	_	_	_	linguistic	_	none	_	_	_	_	_	_
859-2	BOI059	859	859	2	di	di	_	_	_	_	_	linguistic	_	none	_	_	_	_	_	_
859-3	BOI059	859	859	3	pollo	pollo	_	_	_	_	_	linguistic	_	none	_	End=1902.692	_	_	_	_
860-0	BOI059	860	860	0	per	per	_	_	_	_	_	linguistic	_	none	_	Begin=1903.084	_	_	_	_
860-1	BOI059	860	860	1	le	le	_	_	_	_	_	linguistic	_	none	_	_	_	_	_	_
860-2	BOI059	860	860	2	famiglie	famiglie	_	_	_	_	_	linguistic	_	none	_	_	_	_	_	_
860-3	BOI059	860	860	3	musulmane	musulmane	_	_	_	_	_	linguistic	_	none	_	_	_	_	_	_
860-4	BOI059	860	860	4	è	è	_	_	_	_	_	linguistic	_	none	_	_	_	_	_	_
860-5	BOI059	860	860	5	stata	stata	_	_	_	_	_	linguistic	_	none	_	_	_	_	_	_
860-6	BOI059	860	860	6	una	una	_	_	_	_	_	linguistic	_	none	_	_	_	_	_	_
860-7	BOI059	860	860	7	figata	figata	_	_	_	_	_	linguistic	_	none	_	End=1905.161	_	_	_	_
861-0	BOI059	861	861	0	>non	non	_	_	_	_	_	linguistic	_	none	_	Begin=1905.84	_	Fast=0-3(0)	_	_
861-1	BOI059	861	861	1	è	è	_	_	_	_	_	linguistic	_	none	_	_	_	Fast=0-1(0)	_	_
861-2	BOI059	861	861	2	il	il	_	_	_	_	_	linguistic	_	none	_	_	_	Fast=0-2(0)	_	_
861-3	BOI059	861	861	3	tortellino	tortellino	_	_	_	_	_	linguistic	_	none	_	_	_	Fast=0-10(0)	_	_
861-4	BOI059	861	861	4	tipico	tipico	_	_	_	_	_	linguistic	_	none	_	_	_	Fast=0-6(0)	_	_
861-5	BOI059	861	861	5	bolognese	bolognese	_	_	_	_	_	linguistic	_	none	_	_	_	Fast=0-9(0)	_	_
861-6	BOI059	861	861	6	ma	ma	_	_	_	_	_	linguistic	_	none	_	_	_	Fast=0-2(0)	_	_
861-7	BOI059	861	861	7	è	è	_	_	_	_	_	linguistic	_	none	_	_	_	Fast=0-1(0)	_	_
861-8	BOI059	861	861	8	comunque	comunque	_	_	_	_	_	linguistic	_	none	_	_	_	Fast=0-8(0)	_	_
861-9	BOI059	861	861	9	un	un	_	_	_	_	_	linguistic	_	none	_	_	_	Fast=0-2(0)	_	_
861-10	BOI059	861	861	10	buon	buon	_	_	_	_	_	linguistic	_	none	_	_	_	Fast=0-4(0)	_	_
861-11	BOI059	861	861	11	tortellino<	tortellino	_	_	_	_	_	linguistic	_	none	_	End=1908.551	_	Fast=0-10(0)	_	_
862-0	BOI059	862	862	0	lo	lo	_	_	_	_	_	linguistic	_	none	_	Begin=1908.621	_	_	_	_
862-1	BOI059	862	862	1	fai	fai	_	_	_	_	_	linguistic	_	none	_	_	_	_	_	_
862-2	BOI059	862	862	2	perché	perché	_	_	_	_	_	linguistic	_	none	_	_	_	_	_	_
862-3	BOI059	862	862	3	lo	lo	_	_	_	_	_	linguistic	_	none	_	_	_	_	_	_
862-4	BOI059	862	862	4	fai	fai	_	_	_	_	_	linguistic	_	none	_	_	_	_	_	_
862-5	BOI059	862	862	5	con	con	_	_	_	_	_	linguistic	_	none	_	_	_	_	_	_
862-6	BOI059	862	862	6	amore	amore	_	_	_	_	_	linguistic	_	none	_	End=1910.206	_	_	_	_
863-0	BOI059	863	863	0	è	è	_	_	_	_	_	linguistic	_	none	_	Begin=1910.383	_	_	_	_
863-1	BOI059	863	863	1	il	il	_	_	_	_	_	linguistic	_	none	_	_	_	_	_	_
863-2	BOI059	863	863	2	discorso	discorso	_	_	_	_	_	linguistic	_	none	_	_	_	_	_	_
863-3	BOI059	863	863	3	di	di	_	_	_	_	_	linguistic	_	none	_	_	_	_	_	_
863-4	BOI059	863	863	4	prima	prima	_	_	_	_	_	linguistic	_	none	_	End=1911.193	_	_	_	_
864-0	BOI059	864	864	0	bologna	bologna	_	_	_	_	_	linguistic	_	none	_	Begin=1911.473	_	_	_	_
864-1	BOI059	864	864	1	è	è	_	_	_	_	_	linguistic	_	none	_	_	_	_	_	_
864-2	BOI059	864	864	2	una	una	_	_	_	_	_	linguistic	_	none	_	_	_	_	_	_
864-3	BOI059	864	864	3	città	città	_	_	_	_	_	linguistic	_	none	_	_	_	_	_	_
864-4	BOI059	864	864	4	FIGA	figa	_	_	_	_	_	linguistic	_	none	Volume=high	End=1912.798	_	_	_	_
865-0	BOI059	865	865	0	facciamo	facciamo	_	_	_	_	_	linguistic	_	none	_	Begin=1912.875	_	_	_	_
865-1	BOI059	865	865	1	il	il	_	_	_	_	_	linguistic	_	none	_	_	_	_	_	_
865-2	BOI059	865	865	2	tortellino	tortellino	_	_	_	_	_	linguistic	_	none	_	_	_	_	_	_
865-3	BOI059	865	865	3	di	di	_	_	_	_	_	linguistic	_	none	_	_	_	_	_	_
865-4	BOI059	865	865	4	pollo	pollo	_	_	_	_	_	linguistic	_	none	_	End=1914.352	_	_	_	_
866-0	BOI059	866	866	0	#per	#per	_	_	_	_	_	error	_	none	_	Begin=1914.631	_	_	_	_
866-1	BOI059	866	866	1	quei	quei	_	_	_	_	_	linguistic	_	none	_	_	_	_	_	_
866-2	BOI059	866	866	2	cristian	cristian	_	_	_	_	_	linguistic	_	none	_	_	_	_	_	_
866-3	BOI059	866	866	3	ch~	ch~	_	_	_	_	_	linguistic	_	none	Interrupted=Yes	End=1915.693	_	_	_	_
867-0	BOI059	867	867	0	#che	#che	_	_	_	_	_	error	_	none	PauseAfter=Yes	Begin=1915.84	_	_	_	_
867-1	BOI059	867	867	1	{P}	{P}	_	_	_	_	_	shortpause	_	none	_	_	_	_	_	_
867-2	BOI059	867	867	2	quei	quei	_	_	_	_	_	linguistic	_	none	_	_	_	_	_	_
867-3	BOI059	867	867	3	cristian	cristian	_	_	_	_	_	linguistic	_	none	_	_	_	_	_	_
867-4	BOI059	867	867	4	non	non	_	_	_	_	_	linguistic	_	none	_	_	_	_	_	_
867-5	BOI059	867	867	5	è	è	_	_	_	_	_	linguistic	_	none	_	_	_	_	_	_
867-6	BOI059	867	867	6	perché	perché	_	_	_	_	_	linguistic	_	none	_	_	_	_	_	_
867-7	BOI059	867	867	7	non	non	_	_	_	_	_	linguistic	_	none	_	_	_	_	_	_
867-8	BOI059	867	867	8	son	son	_	_	_	_	_	linguistic	_	none	_	_	_	_	_	_
867-9	BOI059	867	867	9	cristiani	cristiani	_	_	_	_	_	linguistic	_	none	_	_	_	_	_	_
867-10	BOI059	867	867	10	appunto	appunto	_	_	_	_	_	linguistic	_	none	_	End=1918.284	_	_	_	_
868-0	BOR017	868	868	0	{ride}	{ride}	_	_	_	_	_	nonverbalbehavior	_	none	_	Begin=1917.892|End=1918.435	_	_	_	_
869-0	BOI059	869	869	0	che	che	_	_	_	_	_	linguistic	_	none	_	Begin=1918.564	_	_	_	_
869-1	BOI059	869	869	1	non	non	_	_	_	_	_	linguistic	_	none	_	_	_	_	_	_
869-2	BOI059	869	869	2	possono	possono	_	_	_	_	_	linguistic	_	none	_	_	_	_	_	_
869-3	BOI059	869	869	3	mangiare:	mangiare	_	_	_	_	_	linguistic	_	none	_	_	7x1	_	_	_
869-4	BOI059	869	869	4	il	il	_	_	_	_	_	linguistic	_	none	_	_	_	_	_	_
869-5	BOI059	869	869	5	il	il	_	_	_	_	_	linguistic	_	none	_	_	_	_	_	_
869-6	BOI059	869	869	6	il	il	_	_	_	_	_	linguistic	_	none	_	_	_	_	_	_
869-7	BOI059	869	869	7	maiale	maiale	_	_	_	_	_	linguistic	_	none	_	_	_	_	_	_
869-8	BOI059	869	869	8	c(io)è	cioè	_	_	_	_	_	linguistic	_	none	_	_	_	_	1-3(0)	_
869-9	BOI059	869	869	9	è	è	_	_	_	_	_	linguistic	_	none	_	_	_	_	_	_
869-10	BOI059	869	869	10	è	è	_	_	_	_	_	linguistic	_	none	_	_	_	_	_	_
869-11	BOI059	869	869	11	così	così	_	_	_	_	_	linguistic	_	none	_	_	_	_	_	_
869-12	BOI059	869	869	12	per	per	_	_	_	_	_	linguistic	_	none	_	_	_	_	_	_
869-13	BOI059	869	869	13	noi	noi	_	_	_	_	_	linguistic	_	none	_	End=1922.545	_	_	_	_
870-0	BOI059	870	870	0	il	il	_	_	_	_	_	linguistic	_	none	_	Begin=1922.94	_	_	_	_
870-1	BOI059	870	870	1	tortellino	tortellino	_	_	_	_	_	linguistic	_	none	_	_	_	_	_	_
870-2	BOI059	870	870	2	è	è	_	_	_	_	_	linguistic	_	none	_	_	_	_	_	_
870-3	BOI059	870	870	3	un	un	_	_	_	_	_	linguistic	_	none	_	_	_	_	_	_
870-4	BOI059	870	870	4	misto	misto	_	_	_	_	_	linguistic	_	none	_	_	_	_	_	_
870-5	BOI059	870	870	5	di	di	_	_	_	_	_	linguistic	_	none	_	_	_	_	_	_
870-6	BOI059	870	870	6	più	più	_	_	_	_	_	linguistic	_	none	_	_	_	_	_	_
870-7	BOI059	870	870	7	carni	carni	_	_	_	_	_	linguistic	_	none	_	_	_	_	_	_
870-8	BOI059	870	870	8	di	di	_	_	_	_	_	linguistic	_	none	_	_	_	_	_	_
870-9	BOI059	870	870	9	maiale	maiale	_	_	_	_	_	linguistic	_	none	_	_	_	_	_	_
870-10	BOI059	870	870	10	tendenzialmente	tendenzialmente	_	_	_	_	_	linguistic	_	none	_	_	_	_	_	_
870-11	BOI059	870	870	11	vari	vari	_	_	_	_	_	linguistic	_	none	_	_	_	_	_	_
870-12	BOI059	870	870	12	pezzettini	pezzettini	_	_	_	_	_	linguistic	_	none	_	_	_	_	_	_
870-13	BOI059	870	870	13	lonzina	lonzina	_	_	_	_	_	linguistic	_	none	_	_	_	_	_	_
870-14	BOI059	870	870	14	coscina	coscina	_	_	_	_	_	linguistic	_	none	_	_	_	_	_	_
870-15	BOI059	870	870	15	pezzettini	pezzettini	_	_	_	_	_	linguistic	_	none	_	_	_	_	_	_
870-16	BOI059	870	870	16	vari	vari	_	_	_	_	_	linguistic	_	none	_	_	_	_	_	_
870-17	BOI059	870	870	17	e	e	_	_	_	_	_	linguistic	_	none	_	_	_	_	_	_
870-18	BOI059	870	870	18	mortadella	mortadella	_	_	_	_	_	linguistic	_	none	_	End=1930.019	_	_	_	_
871-0	BOI059	871	871	0	quindi	quindi	_	_	_	_	_	linguistic	_	none	_	Begin=1930.865	_	_	_	_
871-1	BOI059	871	871	1	chi	chi	_	_	_	_	_	linguistic	_	none	_	_	_	_	_	_
871-2	BOI059	871	871	2	becca	becca	_	_	_	_	_	linguistic	_	none	_	_	_	_	_	_
871-3	BOI059	871	871	3	il	il	_	_	_	_	_	linguistic	_	none	_	_	_	_	_	_
871-4	BOI059	871	871	4	pepe	pepe	_	_	_	_	_	linguistic	_	none	_	_	_	_	_	_
871-5	BOI059	871	871	5	è	è	_	_	_	_	_	linguistic	_	none	_	_	_	_	_	_
871-6	BOI059	871	871	6	la	la	_	_	_	_	_	linguistic	_	none	_	_	_	_	_	_
871-7	BOI059	871	871	7	persona	persona	_	_	_	_	_	linguistic	_	none	_	_	_	_	_	_
871-8	BOI059	871	871	8	fortunata	fortunata	_	_	_	_	_	linguistic	_	none	_	End=1932.912	_	_	_	_
872-0	BOI059	872	872	0	sf~	sf~	_	_	_	_	_	linguistic	_	none	Interrupted=Yes	Begin=1934.042	_	_	_	_
872-1	BOI059	872	872	1	la	la	_	_	_	_	_	linguistic	_	none	_	_	_	_	_	_
872-2	BOI059	872	872	2	sfoglia	sfoglia	_	_	_	_	_	linguistic	_	none	_	_	_	_	_	_
872-3	BOI059	872	872	3	è	è	_	_	_	_	_	linguistic	_	none	_	_	_	_	_	_
872-4	BOI059	872	872	4	un	un	_	_	_	_	_	linguistic	_	none	_	_	_	_	_	_
872-5	BOI059	872	872	5	u~	u~	_	_	_	_	_	linguistic	_	none	Interrupted=Yes	_	_	_	_	_
872-6	BOI059	872	872	6	mh	mh	_	_	_	_	_	linguistic	_	none	_	_	_	_	_	_
872-7	BOI059	872	872	7	cento	cento	_	_	_	_	_	linguistic	_	none	_	_	_	_	_	_
872-8	BOI059	872	872	8	grammi	grammi	_	_	_	_	_	linguistic	_	none	_	_	_	_	_	_
872-9	BOI059	872	872	9	di	di	_	_	_	_	_	linguistic	_	none	_	_	_	_	_	_
872-10	BOI059	872	872	10	farina	farina	_	_	_	_	_	linguistic	_	none	_	End=1937.418	_	_	_	_
873-0	BOI059	873	873	0	ze:ro:	zero	_	_	_	_	_	linguistic	_	none	_	Begin=1937.641|End=1938.166	1x1,3x1	_	_	_
874-0	BOI059	874	874	0	al	al	_	_	_	_	_	linguistic	_	none	_	Begin=1938.725	_	_	_	_
874-1	BOI059	874	874	1	massimo	massimo	_	_	_	_	_	linguistic	_	none	_	_	_	_	_	_
874-2	BOI059	874	874	2	se	se	_	_	_	_	_	linguistic	_	none	_	_	_	_	_	_
874-3	BOI059	874	874	3	no	no	_	_	_	_	_	linguistic	_	none	_	_	_	_	_	_
874-4	BOI059	874	874	4	anche	anche	_	_	_	_	_	linguistic	_	none	_	_	_	_	_	_
874-5	BOI059	874	874	5	più	più	_	_	_	_	_	linguistic	_	none	_	_	_	_	_	_
874-6	BOI059	874	874	6	grossa	grossa	_	_	_	_	_	linguistic	_	none	_	End=1940.379	_	_	_	_
875-0	BOI059	875	875	0	un	un	_	_	_	_	_	linguistic	_	none	_	Begin=1940.74	_	_	_	_
875-1	BOI059	875	875	1	uovo	uovo	_	_	_	_	_	linguistic	_	none	_	End=1941.407	_	_	_	_
876-0	BOI059	876	876	0	non	non	_	_	_	_	_	linguistic	_	none	_	Begin=1941.733	_	_	_	_
876-1	BOI059	876	876	1	c'	c'	_	_	_	_	_	linguistic	_	none	SpaceAfter=No	_	_	_	_	_
876-2	BOI059	876	876	2	è	è	_	_	_	_	_	linguistic	_	none	_	_	_	_	_	_
876-3	BOI059	876	876	3	vergogna	vergogna	_	_	_	_	_	linguistic	_	none	_	_	_	_	_	_
876-4	BOI059	876	876	4	nel	nel	_	_	_	_	_	linguistic	_	none	_	_	_	_	_	_
876-5	BOI059	876	876	5	tirarla	tirarla	_	_	_	_	_	linguistic	_	none	_	_	_	_	_	_
876-6	BOI059	876	876	6	con	con	_	_	_	_	_	linguistic	_	none	_	_	_	_	_	_
876-7	BOI059	876	876	7	la	la	_	_	_	_	_	linguistic	_	none	_	_	_	_	_	_
876-8	BOI059	876	876	8	macchinetta	macchinetta	_	_	_	_	_	linguistic	_	none	_	_	_	_	_	_
876-9	BOI059	876	876	9	piuttosto	piuttosto	_	_	_	_	_	linguistic	_	none	_	_	_	_	_	_
876-10	BOI059	876	876	10	che	che	_	_	_	_	_	linguistic	_	none	_	_	_	_	_	_
876-11	BOI059	876	876	11	tirare	tirare	_	_	_	_	_	linguistic	_	none	_	_	_	_	_	_
876-12	BOI059	876	876	12	la	la	_	_	_	_	_	linguistic	_	none	_	_	_	_	_	_
876-13	BOI059	876	876	13	sfoglia	sfoglia	_	_	_	_	_	linguistic	_	none	_	_	_	_	_	_
876-14	BOI059	876	876	14	a	a	_	_	_	_	_	linguistic	_	none	_	_	_	_	_	_
876-15	BOI059	876	876	15	mano	mano	_	_	_	_	_	linguistic	_	none	_	End=1946.505	_	_	_	_
877-0	BOI059	877	877	0	io	io	_	_	_	_	_	linguistic	_	none	_	Begin=1947.184	_	_	_	_
877-1	BOI059	877	877	1	l'	l'	_	_	_	_	_	linguistic	_	none	SpaceAfter=No	_	_	_	_	_
877-2	BOI059	877	877	2	ho	ho	_	_	_	_	_	linguistic	_	none	_	_	_	_	_	_
877-3	BOI059	877	877	3	provata	provata	_	_	_	_	_	linguistic	_	none	_	_	_	_	_	_
877-4	BOI059	877	877	4	a	a	_	_	_	_	_	linguistic	_	none	_	_	_	_	_	_
877-5	BOI059	877	877	5	tirare	tirare	_	_	_	_	_	linguistic	_	none	_	_	_	_	_	_
877-6	BOI059	877	877	6	a	a	_	_	_	_	_	linguistic	_	none	_	_	_	_	_	_
877-7	BOI059	877	877	7	mano	mano	_	_	_	_	_	linguistic	_	none	_	_	_	_	_	_
877-8	BOI059	877	877	8	a	a	_	_	_	_	_	linguistic	_	none	_	_	_	_	_	_
877-9	BOI059	877	877	9	me	me	_	_	_	_	_	linguistic	_	none	_	_	_	_	_	_
877-10	BOI059	877	877	10	piace	piace	_	_	_	_	_	linguistic	_	none	_	_	_	_	_	_
877-11	BOI059	877	877	11	tantissimo	tantissimo	_	_	_	_	_	linguistic	_	none	_	_	_	_	_	_
877-12	BOI059	877	877	12	cucinare	cucinare	_	_	_	_	_	linguistic	_	none	_	_	_	_	_	_
877-13	BOI059	877	877	13	ma	ma	_	_	_	_	_	linguistic	_	none	_	_	_	_	_	_
877-14	BOI059	877	877	14	tirare	tirare	_	_	_	_	_	linguistic	_	none	_	_	_	_	_	_
877-15	BOI059	877	877	15	la	la	_	_	_	_	_	linguistic	_	none	_	_	_	_	_	_
877-16	BOI059	877	877	16	sfoglia	sfoglia	_	_	_	_	_	linguistic	_	none	_	_	_	_	_	_
877-17	BOI059	877	877	17	a	a	_	_	_	_	_	linguistic	_	none	_	_	_	_	_	_
877-18	BOI059	877	877	18	mano	mano	_	_	_	_	_	linguistic	_	none	_	_	_	_	_	_
877-19	BOI059	877	877	19	vuol	vuol	_	_	_	_	_	linguistic	_	none	_	_	_	_	_	_
877-20	BOI059	877	877	20	dire	dire	_	_	_	_	_	linguistic	_	none	_	_	_	_	_	_
877-21	BOI059	877	877	21	sfarsi	sfarsi	_	_	_	_	_	linguistic	_	none	_	_	_	_	_	_
877-22	BOI059	877	877	22	la	la	_	_	_	_	_	linguistic	_	none	_	_	_	_	_	_
877-23	BOI059	877	877	23	schiena	schiena	_	_	_	_	_	linguistic	_	none	_	End=1952.305	_	_	_	_
878-0	BOI059	878	878	0	allora	allora	_	_	_	_	_	linguistic	_	none	_	Begin=1953.237	_	_	_	_
878-1	BOI059	878	878	1	piuttosto	piuttosto	_	_	_	_	_	linguistic	_	none	_	_	_	_	_	_
878-2	BOI059	878	878	2	vado	vado	_	_	_	_	_	linguistic	_	none	_	_	_	_	_	_
878-3	BOI059	878	878	3	a	a	_	_	_	_	_	linguistic	_	none	_	_	_	_	_	_
878-4	BOI059	878	878	4	comprarmi	comprarmi	_	_	_	_	_	linguistic	_	none	_	_	_	_	_	_
878-5	BOI059	878	878	5	una	una	_	_	_	_	_	linguistic	_	none	_	_	_	_	_	_
878-6	BOI059	878	878	6	buona	buona	_	_	_	_	_	linguistic	_	none	_	_	_	_	_	_
878-7	BOI059	878	878	7	macchinetta	macchinetta	_	_	_	_	_	linguistic	_	none	_	_	_	_	_	_
878-8	BOI059	878	878	8	tanto	tanto	_	_	_	_	_	linguistic	_	none	_	_	_	_	_	_
878-9	BOI059	878	878	9	alla	alla	_	_	_	_	_	linguistic	_	none	_	_	_	_	_	_
878-10	BOI059	878	878	10	fine	fine	_	_	_	_	_	linguistic	_	none	_	_	_	_	_	_
878-11	BOI059	878	878	11	funziona	funziona	_	_	_	_	_	linguistic	_	none	_	_	_	_	_	_
878-12	BOI059	878	878	12	così	così	_	_	_	_	_	linguistic	_	none	_	_	_	_	_	_
878-13	BOI059	878	878	13	qu[indi]	quindi	_	_	_	_	_	linguistic	_	none	_	End=1958.035	_	_	_	2-6(142)
879-0	BOR017	879	879	0	[(io)	io	_	_	_	_	_	linguistic	_	none	_	Begin=1957.568	_	_	0-2(0)	0-2(?)
879-1	BOR017	879	879	1	ho	ho	_	_	_	_	_	linguistic	_	none	_	_	_	_	_	0-2(?)
879-2	BOR017	879	879	2	il]	il	_	_	_	_	_	linguistic	_	none	_	_	_	_	_	0-2(?)
879-3	BOR017	879	879	3	ricordo	ricordo	_	_	_	_	_	linguistic	_	none	_	_	_	_	_	_
879-4	BOR017	879	879	4	di	di	_	_	_	_	_	linguistic	_	none	_	_	_	_	_	_
879-5	BOR017	879	879	5	nonna	nonna	_	_	_	_	_	linguistic	_	none	_	_	_	_	_	_
879-6	BOR017	879	879	6	che	che	_	_	_	_	_	linguistic	_	none	_	_	_	_	_	_
879-7	BOR017	879	879	7	per	per	_	_	_	_	_	linguistic	_	none	_	_	_	_	_	_
879-8	BOR017	879	879	8	quanto	quanto	_	_	_	_	_	linguistic	_	none	_	_	_	_	_	_
879-9	BOR017	879	879	9	non	non	_	_	_	_	_	linguistic	_	none	_	_	_	_	_	_
879-10	BOR017	879	879	10	faccia	faccia	_	_	_	_	_	linguistic	_	none	_	_	_	_	_	_
879-11	BOR017	879	879	11	i	i	_	_	_	_	_	linguistic	_	none	_	_	_	_	_	_
879-12	BOR017	879	879	12	tortellini	tortellini	_	_	_	_	_	linguistic	_	none	_	End=1960.883	_	_	_	_
880-0	BOI059	880	880	0	eh	eh	_	_	_	_	_	linguistic	_	none	_	Begin=1959.286|End=1959.426	_	_	_	_
881-0	BOI059	881	881	0	però	però	_	_	_	_	_	linguistic	_	none	_	Begin=1960.89	_	_	_	_
881-1	BOI059	881	881	1	com[unque	comunque	_	_	_	_	_	linguistic	_	none	_	_	_	_	_	3-8(144)
881-2	BOI059	881	881	2	la	la	_	_	_	_	_	linguistic	_	none	_	_	_	_	_	0-2(144)
881-3	BOI059	881	881	3	sf~]	sf~	_	_	_	_	_	linguistic	_	none	Interrupted=Yes	End=1961.678	_	_	_	0-3(144)
882-0	BOR017	882	882	0	[la	la	_	_	_	_	_	linguistic	_	none	_	Begin=1961.25	_	_	_	0-2(144)
882-1	BOR017	882	882	1	pas]ta	pasta	_	_	_	_	_	linguistic	_	none	_	_	_	_	_	0-3(144)
882-2	BOR017	882	882	2	che	che	_	_	_	_	_	linguistic	_	none	_	_	_	_	_	_
882-3	BOR017	882	882	3	fa	fa	_	_	_	_	_	linguistic	_	none	_	_	_	_	_	_
882-4	BOR017	882	882	4	in	in	_	_	_	_	_	linguistic	_	none	_	_	_	_	_	_
882-5	BOR017	882	882	5	casa	casa	_	_	_	_	_	linguistic	_	none	_	_	_	_	_	_
882-6	BOR017	882	882	6	lei	lei	_	_	_	_	_	linguistic	_	none	_	End=1962.665	_	_	_	_
883-0	BOI059	883	883	0	esatto	esatto	_	_	_	_	_	linguistic	_	none	_	Begin=1962.662	_	_	_	_
883-1	BOI059	883	883	1	è	è	_	_	_	_	_	linguistic	_	none	_	_	_	_	_	_
883-2	BOI059	883	883	2	[lo	lo	_	_	_	_	_	linguistic	_	none	_	_	_	_	_	0-2(146)
883-3	BOI059	883	883	3	stesso	stesso	_	_	_	_	_	linguistic	_	none	_	_	_	_	_	0-6(146)
883-4	BOI059	883	883	4	discorso]	discorso	_	_	_	_	_	linguistic	_	none	_	End=1964.053	_	_	_	0-8(146)
884-0	BOR017	884	884	0	[(anche	anche	_	_	_	_	_	linguistic	_	none	_	Begin=1962.902	_	_	0-5(0)	0-5(146)
884-1	BOR017	884	884	1	lei	lei	_	_	_	_	_	linguistic	_	none	_	_	_	_	0-3(0)	0-3(146)
884-2	BOR017	884	884	2	è)	è	_	_	_	_	_	linguistic	_	none	_	_	_	_	0-1(0)	0-1(146)
884-3	BOR017	884	884	3	la	la	_	_	_	_	_	linguistic	_	none	_	_	_	_	_	0-2(146)
884-4	BOR017	884	884	4	stessa	stessa	_	_	_	_	_	linguistic	_	none	_	_	_	_	_	0-6(146)
884-5	BOR017	884	884	5	co]sa	cosa	_	_	_	_	_	linguistic	_	none	_	End=1964.214	_	_	_	0-2(146)
885-0	BOI059	885	885	0	di	di	_	_	_	_	_	linguistic	_	none	_	Begin=1964.478	_	_	_	_
885-1	BOI059	885	885	1	base	base	_	_	_	_	_	linguistic	_	none	_	_	_	_	_	_
885-2	BOI059	885	885	2	ci	ci	_	_	_	_	_	linguistic	_	none	_	_	_	_	_	_
885-3	BOI059	885	885	3	sono	sono	_	_	_	_	_	linguistic	_	none	_	_	_	_	_	_
885-4	BOI059	885	885	4	svariati	svariati	_	_	_	_	_	linguistic	_	none	_	_	_	_	_	_
885-5	BOI059	885	885	5	ricettari	ricettari	_	_	_	_	_	linguistic	_	none	_	_	_	_	_	_
885-6	BOI059	885	885	6	registrati	registrati	_	_	_	_	_	linguistic	_	none	_	_	_	_	_	_
885-7	BOI059	885	885	7	se	se	_	_	_	_	_	linguistic	_	none	_	_	_	_	_	_
885-8	BOI059	885	885	8	li	li	_	_	_	_	_	linguistic	_	none	_	_	_	_	_	_
885-9	BOI059	885	885	9	vuoi	vuoi	_	_	_	_	_	linguistic	_	none	_	End=1967.909	_	_	_	_
886-0	BOR017	886	886	0	°oka[y]°	okay	_	_	_	_	_	linguistic	_	none	Volume=low	Begin=1968.076|End=1968.4	_	_	_	3-4(147)
887-0	BOI059	887	887	0	[eh]	eh	_	_	_	_	_	linguistic	_	none	_	Begin=1968.263	_	_	_	0-2(147)
887-1	BOI059	887	887	1	in	in	_	_	_	_	_	linguistic	_	none	_	_	_	_	_	_
887-2	BOI059	887	887	2	camera	camera	_	_	_	_	_	linguistic	_	none	_	_	_	_	_	_
887-3	BOI059	887	887	3	di	di	_	_	_	_	_	linguistic	_	none	_	_	_	_	_	_
887-4	BOI059	887	887	4	comme:rcio:	commercio	_	_	_	_	_	linguistic	_	none	_	_	4x1,8x1	_	_	_
887-5	BOI059	887	887	5	in:	in	_	_	_	_	_	linguistic	_	none	_	_	1x1	_	_	_
887-6	BOI059	887	887	6	il	il	_	_	_	_	_	linguistic	_	none	_	_	_	_	_	_
887-7	BOI059	887	887	7	cucchiaio	cucchiaio	_	_	_	_	_	linguistic	_	none	_	_	_	_	_	_
887-8	BOI059	887	887	8	d'	d'	_	_	_	_	_	linguistic	_	none	SpaceAfter=No	_	_	_	_	_
887-9	BOI059	887	887	9	arge:nto:	argento	_	_	_	_	_	linguistic	_	none	_	End=1972.381	3x1,6x1	_	_	_
888-0	BOI059	888	888	0	il	il	_	_	_	_	_	linguistic	_	none	_	Begin=1972.998	_	_	_	_
888-1	BOI059	888	888	1	modo	modo	_	_	_	_	_	linguistic	_	none	_	_	_	_	_	_
888-2	BOI059	888	888	2	migliore	migliore	_	_	_	_	_	linguistic	_	none	_	_	_	_	_	_
888-3	BOI059	888	888	3	però	però	_	_	_	_	_	linguistic	_	none	_	_	_	_	_	_
888-4	BOI059	888	888	4	per	per	_	_	_	_	_	linguistic	_	none	_	_	_	_	_	_
888-5	BOI059	888	888	5	avere	avere	_	_	_	_	_	linguistic	_	none	_	_	_	_	_	_
888-6	BOI059	888	888	6	una	una	_	_	_	_	_	linguistic	_	none	_	_	_	_	_	_
888-7	BOI059	888	888	7	buona	buona	_	_	_	_	_	linguistic	_	none	_	_	_	_	_	_
888-8	BOI059	888	888	8	ricetta	ricetta	_	_	_	_	_	linguistic	_	none	_	_	_	_	_	_
888-9	BOI059	888	888	9	bolognese	bolognese	_	_	_	_	_	linguistic	_	none	_	_	_	_	_	_
888-10	BOI059	888	888	10	è	è	_	_	_	_	_	linguistic	_	none	_	_	_	_	_	_
888-11	BOI059	888	888	11	diventare	diventare	_	_	_	_	_	linguistic	_	none	_	_	_	_	_	_
888-12	BOI059	888	888	12	davvero	davvero	_	_	_	_	_	linguistic	_	none	_	_	_	_	_	_
888-13	BOI059	888	888	13	amico	amico	_	_	_	_	_	linguistic	_	none	_	_	_	_	_	_
888-14	BOI059	888	888	14	di	di	_	_	_	_	_	linguistic	_	none	_	_	_	_	_	_
888-15	BOI059	888	888	15	qualcuno	qualcuno	_	_	_	_	_	linguistic	_	none	_	End=1977.676	_	_	_	_
889-0	BOI059	889	889	0	perché	perché	_	_	_	_	_	linguistic	_	none	_	Begin=1977.751	_	_	_	_
889-1	BOI059	889	889	1	quando	quando	_	_	_	_	_	linguistic	_	none	_	_	_	_	_	_
889-2	BOI059	889	889	2	diventiamo	diventiamo	_	_	_	_	_	linguistic	_	none	_	_	_	_	_	_
889-3	BOI059	889	889	3	davvero	davvero	_	_	_	_	_	linguistic	_	none	_	_	_	_	_	_
889-4	BOI059	889	889	4	amici	amici	_	_	_	_	_	linguistic	_	none	_	End=1979.662	_	_	_	_
890-0	BOI059	890	890	0	vi	vi	_	_	_	_	_	linguistic	_	none	_	Begin=1979.979	_	_	_	_
890-1	BOI059	890	890	1	diamo	diamo	_	_	_	_	_	linguistic	_	none	_	_	_	_	_	_
890-2	BOI059	890	890	2	anche	anche	_	_	_	_	_	linguistic	_	none	_	_	_	_	_	_
890-3	BOI059	890	890	3	il	il	_	_	_	_	_	linguistic	_	none	_	_	_	_	_	_
890-4	BOI059	890	890	4	cuore	cuore	_	_	_	_	_	linguistic	_	none	_	_	_	_	_	_
890-5	BOI059	890	890	5	oltre	oltre	_	_	_	_	_	linguistic	_	none	_	_	_	_	_	_
890-6	BOI059	890	890	6	che	che	_	_	_	_	_	linguistic	_	none	_	_	_	_	_	_
890-7	BOI059	890	890	7	le	le	_	_	_	_	_	linguistic	_	none	_	_	_	_	_	_
890-8	BOI059	890	890	8	ricet[te]	ricette	_	_	_	_	_	linguistic	_	none	_	End=1981.607	_	_	_	5-7(148)
891-0	BOR017	891	891	0	[w]o:w	wow	_	_	_	_	_	linguistic	_	none	_	Begin=1981.515|End=1982.497	1x1	_	_	0-1(148)
892-0	BOR017	892	892	0	che	che	_	_	_	_	_	linguistic	_	none	_	Begin=1982.604	_	_	_	_
892-1	BOR017	892	892	1	dolci	dolci	_	_	_	_	_	linguistic	_	none	_	_	_	_	_	_
892-2	BOR017	892	892	2	voi	voi	_	_	_	_	_	linguistic	_	none	_	_	_	_	_	_
892-3	BOR017	892	892	3	bolognesi	bolognesi	_	_	_	_	_	linguistic	_	none	_	End=1984.056	_	_	_	_
893-0	BOI059	893	893	0	grazie	grazie	_	_	_	_	_	linguistic	_	none	_	Begin=1984.084|End=1984.531	_	_	_	_
894-0	BOI059	894	894	0	{ride}	{ride}	_	_	_	_	_	nonverbalbehavior	_	none	_	Begin=1984.974|End=1985.588	_	_	_	_
895-0	BOR017	895	895	0	grazie	grazie	_	_	_	_	_	linguistic	_	none	_	Begin=1985.83	_	_	_	_
895-1	BOR017	895	895	1	mille	mille	_	_	_	_	_	linguistic	_	none	_	End=1986.623	_	_	_	_
896-0	BOI059	896	896	0	prego	prego	_	_	_	_	_	linguistic	_	none	_	Begin=1986.824|End=1987.26	_	_	_	_
