token_id	speaker	tu_id	unit	id	span	form	lemma	upos	xpos	feats	deprel	type	meta_label	variation	jefferson_feats	align	prolongations	pace	guesses	overlaps
0-0	BOR001	0	0	0	okay	okay	_	_	_	_	_	linguistic	_	none	_	Begin=1.085	_	_	_	_
0-1	BOR001	0	0	1	faccio	faccio	_	_	_	_	_	linguistic	_	none	_	_	_	_	_	_
0-2	BOR001	0	0	2	partire	partire	_	_	_	_	_	linguistic	_	none	_	End=2.227	_	_	_	_
1-0	BOR001	1	1	0	allora	allora	_	_	_	_	_	linguistic	_	none	_	Begin=3.36	_	_	_	_
1-1	BOR001	1	1	1	e:hm	ehm	_	_	_	_	_	linguistic	_	none	_	_	0x1	_	_	_
1-2	BOR001	1	1	2	>vabbè	vabbè	_	_	_	_	_	linguistic	_	none	_	_	_	Fast=0-5(0)	_	_
1-3	BOR001	1	1	3	intanto	intanto	_	_	_	_	_	linguistic	_	none	_	_	_	Fast=0-7(0)	_	_
1-4	BOR001	1	1	4	ti	ti	_	_	_	_	_	linguistic	_	none	_	_	_	Fast=0-2(0)	_	_
1-5	BOR001	1	1	5	chiederei<	chiederei	_	_	_	_	_	linguistic	_	none	_	_	_	Fast=0-9(0)	_	_
1-6	BOR001	1	1	6	da	da	_	_	_	_	_	linguistic	_	none	_	_	_	_	_	_
1-7	BOR001	1	1	7	quanto	quanto	_	_	_	_	_	linguistic	_	none	_	_	_	_	_	_
1-8	BOR001	1	1	8	tempo	tempo	_	_	_	_	_	linguistic	_	none	_	_	_	_	_	_
1-9	BOR001	1	1	9	è	è	_	_	_	_	_	linguistic	_	none	_	_	_	_	_	_
1-10	BOR001	1	1	10	che	che	_	_	_	_	_	linguistic	_	none	_	_	_	_	_	_
1-11	BOR001	1	1	11	vivi	vivi	_	_	_	_	_	linguistic	_	none	_	_	_	_	_	_
1-12	BOR001	1	1	12	in	in	_	_	_	_	_	linguistic	_	none	_	_	_	_	_	_
1-13	BOR001	1	1	13	questa	questa	_	_	_	_	_	linguistic	_	none	_	_	_	_	_	_
1-14	BOR001	1	1	14	zona?	zona	_	_	_	_	_	linguistic	_	none	Intonation=Rising	_	_	_	_	_
1-15	BOR001	1	1	15	che	che	_	_	_	_	_	linguistic	_	none	_	_	_	_	_	_
1-16	BOR001	1	1	16	ormai	ormai	_	_	_	_	_	linguistic	_	none	PauseAfter=Yes	_	_	_	_	_
1-17	BOR001	1	1	17	(.)	(.)	_	_	_	_	_	shortpause	_	none	_	_	_	_	_	_
1-18	BOR001	1	1	18	sono	sono	_	_	_	_	_	linguistic	_	none	_	_	_	_	_	_
1-19	BOR001	1	1	19	vari	vari	_	_	_	_	_	linguistic	_	none	_	_	_	_	_	_
1-20	BOR001	1	1	20	anni	anni	_	_	_	_	_	linguistic	_	none	_	_	_	_	_	_
1-21	BOR001	1	1	21	che	che	_	_	_	_	_	linguistic	_	none	_	_	_	_	_	_
1-22	BOR001	1	1	22	viv[i	vivi	_	_	_	_	_	linguistic	_	none	_	_	_	_	_	3-4(0)
1-23	BOR001	1	1	23	qua]	qua	_	_	_	_	_	linguistic	_	none	_	End=11.134	_	_	_	0-3(0)
2-0	BOI003	2	2	0	[allo]ra	allora	_	_	_	_	_	linguistic	_	none	PauseAfter=Yes	Begin=10.835	_	_	_	0-4(0)
2-1	BOI003	2	2	1	(.)	(.)	_	_	_	_	_	shortpause	_	none	_	_	_	_	_	_
2-2	BOI003	2	2	2	in	in	_	_	_	_	_	linguistic	_	none	_	_	_	_	_	_
2-3	BOI003	2	2	3	questa	questa	_	_	_	_	_	linguistic	_	none	_	_	_	_	_	_
2-4	BOI003	2	2	4	zona:	zona	_	_	_	_	_	linguistic	_	none	_	_	3x1	_	_	_
2-5	BOI003	2	2	5	ehm	ehm	_	_	_	_	_	linguistic	_	none	_	_	_	_	_	_
2-6	BOI003	2	2	6	nello	nello	_	_	_	_	_	linguistic	_	none	_	_	_	_	_	_
2-7	BOI003	2	2	7	specifico	specifico	_	_	_	_	_	linguistic	_	none	_	_	_	_	_	_
2-8	BOI003	2	2	8	sono	sono	_	_	_	_	_	linguistic	_	none	_	_	_	_	_	_
2-9	BOI003	2	2	9	più	più	_	_	_	_	_	linguistic	_	none	_	_	_	_	_	_
2-10	BOI003	2	2	10	di	di	_	_	_	_	_	linguistic	_	none	_	_	_	_	_	_
2-11	BOI003	2	2	11	vent'	vent'	_	_	_	_	_	linguistic	_	none	SpaceAfter=No	_	_	_	_	_
2-12	BOI003	2	2	12	anni	anni	_	_	_	_	_	linguistic	_	none	_	End=15.062	_	_	_	_
3-0	BOR001	3	3	0	°okay°	okay	_	_	_	_	_	linguistic	_	none	Volume=low	Begin=15.365|End=15.685	_	_	_	_
4-0	BOI003	4	4	0	almeno:	almeno	_	_	_	_	_	linguistic	_	none	_	Begin=15.685|End=17.206	5x1	_	_	_
5-0	BOI003	5	5	0	forse	forse	_	_	_	_	_	linguistic	_	none	_	Begin=17.435	_	_	_	_
5-1	BOI003	5	5	1	venticinque	venticinque	_	_	_	_	_	linguistic	_	none	_	_	_	_	_	_
5-2	BOI003	5	5	2	[ecco]	ecco	_	_	_	_	_	linguistic	_	none	_	End=19.135	_	_	_	0-4(1)
6-0	BOR001	6	6	0	[mhmh]	mhmh	_	_	_	_	_	linguistic	_	none	_	Begin=18.643|End=19.134	_	_	_	0-4(1)
7-0	BOI003	7	7	0	e:	e	_	_	_	_	_	linguistic	_	none	_	Begin=19.585	0x1	_	_	_
7-1	BOI003	7	7	1	prima	prima	_	_	_	_	_	linguistic	_	none	_	_	_	_	_	_
7-2	BOI003	7	7	2	abitavo	abitavo	_	_	_	_	_	linguistic	_	none	_	_	_	_	_	_
7-3	BOI003	7	7	3	comunque	comunque	_	_	_	_	_	linguistic	_	none	_	_	_	_	_	_
7-4	BOI003	7	7	4	a:	a	_	_	_	_	_	linguistic	_	none	_	_	0x1	_	_	_
7-5	BOI003	7	7	5	tre	tre	_	_	_	_	_	linguistic	_	none	_	_	_	_	_	_
7-6	BOI003	7	7	6	chilometri	chilometri	_	_	_	_	_	linguistic	_	none	_	_	_	_	_	_
7-7	BOI003	7	7	7	da	da	_	_	_	_	_	linguistic	_	none	_	_	_	_	_	_
7-8	BOI003	7	7	8	QUA	qua	_	_	_	_	_	linguistic	_	none	Volume=high	_	_	_	_	_
7-9	BOI003	7	7	9	perché	perché	_	_	_	_	_	linguistic	_	none	_	_	_	_	_	_
7-10	BOI003	7	7	10	abitavo	abitavo	_	_	_	_	_	linguistic	_	none	_	_	_	_	_	_
7-11	BOI003	7	7	11	nell'	nell'	_	_	_	_	_	linguistic	_	none	SpaceAfter=No	_	_	_	_	_
7-12	BOI003	7	7	12	altro	altro	_	_	_	_	_	linguistic	_	none	_	_	_	_	_	_
7-13	BOI003	7	7	13	quartiere	quartiere	_	_	_	_	_	linguistic	_	none	_	End=25.235	_	_	_	_
8-0	BOI003	8	8	0	reno	reno	_	_	_	_	_	linguistic	_	none	_	Begin=25.69	_	_	_	_
8-1	BOI003	8	8	1	e:	e	_	_	_	_	_	linguistic	_	none	_	_	0x1	_	_	_
8-2	BOI003	8	8	2	e	e	_	_	_	_	_	linguistic	_	none	_	_	_	_	_	_
8-3	BOI003	8	8	3	niente	niente	_	_	_	_	_	linguistic	_	none	_	_	_	_	_	_
8-4	BOI003	8	8	4	quindi	quindi	_	_	_	_	_	linguistic	_	none	PauseAfter=Yes	_	_	_	_	_
8-5	BOI003	8	8	5	(.)	(.)	_	_	_	_	_	shortpause	_	none	_	_	_	_	_	_
8-6	BOI003	8	8	6	praticamente	praticamente	_	_	_	_	_	linguistic	_	none	_	_	_	_	_	_
8-7	BOI003	8	8	7	quasi	quasi	_	_	_	_	_	linguistic	_	none	_	_	_	_	_	_
8-8	BOI003	8	8	8	sempre	sempre	_	_	_	_	_	linguistic	_	none	_	_	_	_	_	_
8-9	BOI003	8	8	9	in	in	_	_	_	_	_	linguistic	_	none	_	_	_	_	_	_
8-10	BOI003	8	8	10	questa	questa	_	_	_	_	_	linguistic	_	none	_	_	_	_	_	_
8-11	BOI003	8	8	11	z~	z~	_	_	_	_	_	linguistic	_	none	Interrupted=Yes|PauseAfter=Yes	_	_	_	_	_
8-12	BOI003	8	8	12	(.)	(.)	_	_	_	_	_	shortpause	_	none	_	_	_	_	_	_
8-13	BOI003	8	8	13	da	da	_	_	_	_	_	linguistic	_	none	_	_	_	_	_	_
8-14	BOI003	8	8	14	queste	queste	_	_	_	_	_	linguistic	_	none	_	_	_	_	_	_
8-15	BOI003	8	8	15	parti	parti	_	_	_	_	_	linguistic	_	none	_	_	_	_	_	_
8-16	BOI003	8	8	16	[ec]co	ecco	_	_	_	_	_	linguistic	_	none	_	End=32.485	_	_	_	0-2(2)
9-0	BOR001	9	9	0	[sì]	sì	_	_	_	_	_	linguistic	_	none	_	Begin=32.134|End=32.365	_	_	_	0-2(2)
10-0	BOR001	10	10	0	e	e	_	_	_	_	_	linguistic	_	none	_	Begin=32.805	_	_	_	_
10-1	BOR001	10	10	1	ci	ci	_	_	_	_	_	linguistic	_	none	_	_	_	_	_	_
10-2	BOR001	10	10	2	sono:	sono	_	_	_	_	_	linguistic	_	none	_	_	3x1	_	_	_
10-3	BOR001	10	10	3	ehm	ehm	_	_	_	_	_	linguistic	_	none	_	_	_	_	_	_
10-4	BOR001	10	10	4	ci	ci	_	_	_	_	_	linguistic	_	none	_	_	_	_	_	_
10-5	BOR001	10	10	5	son	son	_	_	_	_	_	linguistic	_	none	_	_	_	_	_	_
10-6	BOR001	10	10	6	differenze	differenze	_	_	_	_	_	linguistic	_	none	_	_	_	_	_	_
10-7	BOR001	10	10	7	fra	fra	_	_	_	_	_	linguistic	_	none	PauseAfter=Yes	_	_	_	_	_
10-8	BOR001	10	10	8	(.)	(.)	_	_	_	_	_	shortpause	_	none	_	_	_	_	_	_
10-9	BOR001	10	10	9	il	il	_	_	_	_	_	linguistic	_	none	_	_	_	_	_	_
10-10	BOR001	10	10	10	quartiere	quartiere	_	_	_	_	_	linguistic	_	none	_	_	_	_	_	_
10-11	BOR001	10	10	11	dove	dove	_	_	_	_	_	linguistic	_	none	_	_	_	_	_	_
10-12	BOR001	10	10	12	abitavi	abitavi	_	_	_	_	_	linguistic	_	none	_	_	_	_	_	_
10-13	BOR001	10	10	13	prima	prima	_	_	_	_	_	linguistic	_	none	_	_	_	_	_	_
10-14	BOR001	10	10	14	e	e	_	_	_	_	_	linguistic	_	none	_	_	_	_	_	_
10-15	BOR001	10	10	15	questo?	questo	_	_	_	_	_	linguistic	_	none	Intonation=Rising	End=38.269	_	_	_	_
11-0	BOI003	11	11	0	beh	beh	_	_	_	_	_	linguistic	_	none	_	Begin=39.075	_	_	_	_
11-1	BOI003	11	11	1	e::hm	ehm	_	_	_	_	_	linguistic	_	none	_	_	0x2	_	_	_
11-2	BOI003	11	11	2	dai	dai	_	_	_	_	_	linguistic	_	none	_	End=41.685	_	_	_	_
12-0	BOI003	12	12	0	n~	n~	_	_	_	_	_	linguistic	_	none	Interrupted=Yes	Begin=42.058	_	_	_	_
12-1	BOI003	12	12	1	non	non	_	_	_	_	_	linguistic	_	none	_	_	_	_	_	_
12-2	BOI003	12	12	2	tanto	tanto	_	_	_	_	_	linguistic	_	none	_	_	_	_	_	_
12-3	BOI003	12	12	3	perché	perché	_	_	_	_	_	linguistic	_	none	_	_	_	_	_	_
12-4	BOI003	12	12	4	comunque	comunque	_	_	_	_	_	linguistic	_	none	_	_	_	_	_	_
12-5	BOI003	12	12	5	è	è	_	_	_	_	_	linguistic	_	none	_	_	_	_	_	_
12-6	BOI003	12	12	6	sempre	sempre	_	_	_	_	_	linguistic	_	none	_	_	_	_	_	_
12-7	BOI003	12	12	7	vicino	vicino	_	_	_	_	_	linguistic	_	none	_	_	_	_	_	_
12-8	BOI003	12	12	8	al	al	_	_	_	_	_	linguistic	_	none	_	_	_	_	_	_
12-9	BOI003	12	12	9	centr[o:	centro	_	_	_	_	_	linguistic	_	none	_	_	5x1	_	_	5-6(3)
12-10	BOI003	12	12	10	e]:	e	_	_	_	_	_	linguistic	_	none	_	_	0x1	_	_	0-1(3)
12-11	BOI003	12	12	11	insomma	insomma	_	_	_	_	_	linguistic	_	none	_	_	_	_	_	_
12-12	BOI003	12	12	12	ci	ci	_	_	_	_	_	linguistic	_	none	_	_	_	_	_	_
12-13	BOI003	12	12	13	sono	sono	_	_	_	_	_	linguistic	_	none	_	_	_	_	_	_
12-14	BOI003	12	12	14	solo	solo	_	_	_	_	_	linguistic	_	none	_	_	_	_	_	_
12-15	BOI003	12	12	15	tre	tre	_	_	_	_	_	linguistic	_	none	_	_	_	_	_	_
12-16	BOI003	12	12	16	chilometri	chilometri	_	_	_	_	_	linguistic	_	none	_	_	_	_	_	_
12-17	BOI003	12	12	17	di	di	_	_	_	_	_	linguistic	_	none	_	_	_	_	_	_
12-18	BOI003	12	12	18	distanza	distanza	_	_	_	_	_	linguistic	_	none	_	_	_	_	_	_
12-19	BOI003	12	12	19	così	così	_	_	_	_	_	linguistic	_	none	_	End=49.535	_	_	_	_
13-0	BOR001	13	13	0	[mhmh]	mhmh	_	_	_	_	_	linguistic	_	none	_	Begin=45.391|End=45.77	_	_	_	0-4(3)
14-0	BOI003	14	14	0	però	però	_	_	_	_	_	linguistic	_	none	_	Begin=49.875	_	_	_	_
14-1	BOI003	14	14	1	questa	questa	_	_	_	_	_	linguistic	_	none	_	_	_	_	_	_
14-2	BOI003	14	14	2	zona	zona	_	_	_	_	_	linguistic	_	none	_	_	_	_	_	_
14-3	BOI003	14	14	3	era	era	_	_	_	_	_	linguistic	_	none	_	_	_	_	_	_
14-4	BOI003	14	14	4	quella	quella	_	_	_	_	_	linguistic	_	none	_	_	_	_	_	_
14-5	BOI003	14	14	5	che:	che	_	_	_	_	_	linguistic	_	none	_	End=51.665	2x1	_	_	_
15-0	BOI003	15	15	0	avevo	avevo	_	_	_	_	_	linguistic	_	none	_	Begin=51.875	_	_	_	_
15-1	BOI003	15	15	1	sempre	sempre	_	_	_	_	_	linguistic	_	none	_	_	_	_	_	_
15-2	BOI003	15	15	2	sogn[ato]	sognato	_	_	_	_	_	linguistic	_	none	_	_	_	_	_	4-7(4)
15-3	BOI003	15	15	3	insomma	insomma	_	_	_	_	_	linguistic	_	none	_	_	_	_	_	_
15-4	BOI003	15	15	4	che:	che	_	_	_	_	_	linguistic	_	none	_	_	2x1	_	_	_
15-5	BOI003	15	15	5	e:hm	ehm	_	_	_	_	_	linguistic	_	none	_	End=54.195	0x1	_	_	_
16-0	BOR001	16	16	0	[mhmh]	mhmh	_	_	_	_	_	linguistic	_	none	_	Begin=52.885|End=53.413	_	_	_	0-4(4)
17-0	BOI003	17	17	0	perché	perché	_	_	_	_	_	linguistic	_	none	_	Begin=54.455	_	_	_	_
17-1	BOI003	17	17	1	comunque	comunque	_	_	_	_	_	linguistic	_	none	_	_	_	_	_	_
17-2	BOI003	17	17	2	sei	sei	_	_	_	_	_	linguistic	_	none	_	_	_	_	_	_
17-3	BOI003	17	17	3	vicino	vicino	_	_	_	_	_	linguistic	_	none	_	_	_	_	_	_
17-4	BOI003	17	17	4	a	a	_	_	_	_	_	linguistic	_	none	_	_	_	_	_	_
17-5	BOI003	17	17	5	san	san	_	_	_	_	_	linguistic	_	none	_	_	_	_	_	_
17-6	BOI003	17	17	6	luca?	luca	_	_	_	_	_	linguistic	_	none	Intonation=Rising	_	_	_	_	_
17-7	BOI003	17	17	7	sei	sei	_	_	_	_	_	linguistic	_	none	_	_	_	_	_	_
17-8	BOI003	17	17	8	vicino	vicino	_	_	_	_	_	linguistic	_	none	_	End=58.695	_	_	_	_
18-0	BOI003	18	18	0	e:hm	ehm	_	_	_	_	_	linguistic	_	none	_	Begin=58.995	0x1	_	_	_
18-1	BOI003	18	18	1	non	non	_	_	_	_	_	linguistic	_	none	_	_	_	_	_	_
18-2	BOI003	18	18	2	so	so	_	_	_	_	_	linguistic	_	none	_	_	_	_	_	_
18-3	BOI003	18	18	3	a	a	_	_	_	_	_	linguistic	_	none	_	_	_	_	_	_
18-4	BOI003	18	18	4	villa	villa	_	_	_	_	_	linguistic	_	none	_	_	_	_	_	_
18-5	BOI003	18	18	5	spada?	spada	_	_	_	_	_	linguistic	_	none	Intonation=Rising	_	_	_	_	_
18-6	BOI003	18	18	6	tanti	tanti	_	_	_	_	_	linguistic	_	none	_	_	_	_	_	_
18-7	BOI003	18	18	7	posti	posti	_	_	_	_	_	linguistic	_	none	_	_	_	_	_	_
18-8	BOI003	18	18	8	verdi?	verdi	_	_	_	_	_	linguistic	_	none	Intonation=Rising	_	_	_	_	_
18-9	BOI003	18	18	9	a	a	_	_	_	_	_	linguistic	_	none	_	_	_	_	_	_
18-10	BOI003	18	18	10	via	via	_	_	_	_	_	linguistic	_	none	_	_	_	_	_	_
18-11	BOI003	18	18	11	di	di	_	_	_	_	_	linguistic	_	none	_	_	_	_	_	_
18-12	BOI003	18	18	12	casaglia?	casaglia	_	_	_	_	_	linguistic	_	none	Intonation=Rising	_	_	_	_	_
18-13	BOI003	18	18	13	insomma	insomma	_	_	_	_	_	linguistic	_	none	_	End=64.584	_	_	_	_
19-0	BOI003	19	19	0	è	è	_	_	_	_	_	linguistic	_	none	_	Begin=64.685	_	_	_	_
19-1	BOI003	19	19	1	una	una	_	_	_	_	_	linguistic	_	none	_	_	_	_	_	_
19-2	BOI003	19	19	2	zona	zona	_	_	_	_	_	linguistic	_	none	_	_	_	_	_	_
19-3	BOI003	19	19	3	che	che	_	_	_	_	_	linguistic	_	none	_	_	_	_	_	_
19-4	BOI003	19	19	4	mi	mi	_	_	_	_	_	linguistic	_	none	_	_	_	_	_	_
19-5	BOI003	19	19	5	è	è	_	_	_	_	_	linguistic	_	none	_	_	_	_	_	_
19-6	BOI003	19	19	6	sempre	sempre	_	_	_	_	_	linguistic	_	none	_	_	_	_	_	_
19-7	BOI003	19	19	7	piaciuta	piaciuta	_	_	_	_	_	linguistic	_	none	_	_	_	_	_	_
19-8	BOI003	19	19	8	[an]che	anche	_	_	_	_	_	linguistic	_	none	_	_	_	_	_	0-2(5)
19-9	BOI003	19	19	9	quando	quando	_	_	_	_	_	linguistic	_	none	_	_	_	_	_	_
19-10	BOI003	19	19	10	ero	ero	_	_	_	_	_	linguistic	_	none	_	_	_	_	_	_
19-11	BOI003	19	19	11	una	una	_	_	_	_	_	linguistic	_	none	_	_	_	_	_	_
19-12	BOI003	19	19	12	ragazza	ragazza	_	_	_	_	_	linguistic	_	none	_	_	_	_	_	_
19-13	BOI003	19	19	13	e	e	_	_	_	_	_	linguistic	_	none	_	_	_	_	_	_
19-14	BOI003	19	19	14	quando	quando	_	_	_	_	_	linguistic	_	none	PauseAfter=Yes	_	_	_	_	_
19-15	BOI003	19	19	15	(.)	(.)	_	_	_	_	_	shortpause	_	none	_	_	_	_	_	_
19-16	BOI003	19	19	16	non	non	_	_	_	_	_	linguistic	_	none	_	_	_	_	_	_
19-17	BOI003	19	19	17	abitavo	abitavo	_	_	_	_	_	linguistic	_	none	_	_	_	_	_	_
19-18	BOI003	19	19	18	qua	qua	_	_	_	_	_	linguistic	_	none	_	_	_	_	_	_
19-19	BOI003	19	19	19	ec[co]	ecco	_	_	_	_	_	linguistic	_	none	_	_	_	_	_	2-4(6)
19-20	BOI003	19	19	20	°praticamente°	praticamente	_	_	_	_	_	linguistic	_	none	Volume=low	End=69.995	_	_	_	_
20-0	BOR001	20	20	0	[mhmh]	mhmh	_	_	_	_	_	linguistic	_	none	_	Begin=65.985|End=66.512	_	_	_	0-4(5)
21-0	BOR001	21	21	0	[si]	si	_	_	_	_	_	linguistic	_	none	_	Begin=68.935|End=69.368	_	_	_	0-2(6)
22-0	BOI003	22	22	0	e	e	_	_	_	_	_	linguistic	_	none	_	Begin=70.125	_	_	_	_
22-1	BOI003	22	22	1	quindi.	quindi	_	_	_	_	_	linguistic	_	none	Intonation=Falling	_	_	_	_	_
22-2	BOI003	22	22	2	PERO	pero	_	_	_	_	_	linguistic	_	none	Volume=high	_	_	_	_	_
22-3	BOI003	22	22	3	non	non	_	_	_	_	_	linguistic	_	none	_	_	_	_	_	_
22-4	BOI003	22	22	4	ci	ci	_	_	_	_	_	linguistic	_	none	_	_	_	_	_	_
22-5	BOI003	22	22	5	sono	sono	_	_	_	_	_	linguistic	_	none	_	_	_	_	_	_
22-6	BOI003	22	22	6	°tante	tante	_	_	_	_	_	linguistic	_	none	Volume=low	_	_	_	_	_
22-7	BOI003	22	22	7	differenze	differenze	_	_	_	_	_	linguistic	_	none	Volume=low	_	_	_	_	_
22-8	BOI003	22	22	8	ecco°.	ecco	_	_	_	_	_	linguistic	_	none	Intonation=Falling|Volume=low	End=73.242	_	_	_	_
23-0	BOR001	23	23	0	okay	okay	_	_	_	_	_	linguistic	_	none	_	Begin=73.345|End=73.987	_	_	_	_
24-0	BOI003	24	24	0	ci	ci	_	_	_	_	_	linguistic	_	none	_	Begin=74.045	_	_	_	_
24-1	BOI003	24	24	1	son	son	_	_	_	_	_	linguistic	_	none	_	_	_	_	_	_
24-2	BOI003	24	24	2	tanti	tanti	_	_	_	_	_	linguistic	_	none	_	_	_	_	_	_
24-3	BOI003	24	24	3	servizi,	servizi	_	_	_	_	_	linguistic	_	none	Intonation=WeaklyRising	_	_	_	_	_
24-4	BOI003	24	24	4	trasporti,	trasporti	_	_	_	_	_	linguistic	_	none	Intonation=WeaklyRising	_	_	_	_	_
24-5	BOI003	24	24	5	°sono°	sono	_	_	_	_	_	linguistic	_	none	Volume=low	End=76.804	_	_	_	_
25-0	BOI003	25	25	0	sono	sono	_	_	_	_	_	linguistic	_	none	_	Begin=77.318	_	_	_	_
25-1	BOI003	25	25	1	ottimi,	ottimi	_	_	_	_	_	linguistic	_	none	Intonation=WeaklyRising	_	_	_	_	_
25-2	BOI003	25	25	2	e:	e	_	_	_	_	_	linguistic	_	none	_	_	0x1	_	_	_
25-3	BOI003	25	25	3	a	a	_	_	_	_	_	linguistic	_	none	_	_	_	_	_	_
25-4	BOI003	25	25	4	piedi	piedi	_	_	_	_	_	linguistic	_	none	_	_	_	_	_	_
25-5	BOI003	25	25	5	puoi	puoi	_	_	_	_	_	linguistic	_	none	_	_	_	_	_	_
25-6	BOI003	25	25	6	raggiungere	raggiungere	_	_	_	_	_	linguistic	_	none	_	_	_	_	_	_
25-7	BOI003	25	25	7	tutto,	tutto	_	_	_	_	_	linguistic	_	none	Intonation=WeaklyRising	_	_	_	_	_
25-8	BOI003	25	25	8	insomma	insomma	_	_	_	_	_	linguistic	_	none	_	End=81.862	_	_	_	_
26-0	BOI003	26	26	0	tutto	tutto	_	_	_	_	_	linguistic	_	none	_	Begin=82.345	_	_	_	_
26-1	BOI003	26	26	1	uguale	uguale	_	_	_	_	_	linguistic	_	none	_	_	_	_	_	_
26-2	BOI003	26	26	2	ecco	ecco	_	_	_	_	_	linguistic	_	none	_	_	_	_	_	_
26-3	BOI003	26	26	3	[più	più	_	_	_	_	_	linguistic	_	none	_	_	_	_	_	0-3(7)
26-4	BOI003	26	26	4	o	o	_	_	_	_	_	linguistic	_	none	_	_	_	_	_	0-1(7)
26-5	BOI003	26	26	5	meno]	meno	_	_	_	_	_	linguistic	_	none	_	End=83.955	_	_	_	0-4(7)
27-0	BOR001	27	27	0	[okay]	okay	_	_	_	_	_	linguistic	_	none	_	Begin=83.075|End=83.958	_	_	_	0-4(7)
28-0	BOR001	28	28	0	e	e	_	_	_	_	_	linguistic	_	none	_	Begin=84.105	_	_	_	_
28-1	BOR001	28	28	1	questa	questa	_	_	_	_	_	linguistic	_	none	_	_	_	_	_	_
28-2	BOR001	28	28	2	zona	zona	_	_	_	_	_	linguistic	_	none	_	_	_	_	_	_
28-3	BOR001	28	28	3	qui	qui	_	_	_	_	_	linguistic	_	none	_	_	_	_	_	_
28-4	BOR001	28	28	4	in	in	_	_	_	_	_	linguistic	_	none	_	_	_	_	_	_
28-5	BOR001	28	28	5	questi	questi	_	_	_	_	_	linguistic	_	none	_	_	_	_	_	_
28-6	BOR001	28	28	6	vent'	vent'	_	_	_	_	_	linguistic	_	none	SpaceAfter=No	_	_	_	_	_
28-7	BOR001	28	28	7	anni	anni	_	_	_	_	_	linguistic	_	none	PauseAfter=Yes	_	_	_	_	_
28-8	BOR001	28	28	8	(.)	(.)	_	_	_	_	_	shortpause	_	none	_	_	_	_	_	_
28-9	BOR001	28	28	9	è	è	_	_	_	_	_	linguistic	_	none	_	_	_	_	_	_
28-10	BOR001	28	28	10	cambiata	cambiata	_	_	_	_	_	linguistic	_	none	_	_	_	_	_	_
28-11	BOR001	28	28	11	un	un	_	_	_	_	_	linguistic	_	none	_	_	_	_	_	_
28-12	BOR001	28	28	12	po'	po'	_	_	_	_	_	linguistic	_	none	_	_	_	_	_	_
28-13	BOR001	28	28	13	o	o	_	_	_	_	_	linguistic	_	none	_	_	_	_	_	_
28-14	BOR001	28	28	14	è	è	_	_	_	_	_	linguistic	_	none	_	_	_	_	_	_
28-15	BOR001	28	28	15	sempre	sempre	_	_	_	_	_	linguistic	_	none	_	_	_	_	_	_
28-16	BOR001	28	28	16	anche	anche	_	_	_	_	_	linguistic	_	none	_	_	_	_	_	_
28-17	BOR001	28	28	17	questa	questa	_	_	_	_	_	linguistic	_	none	_	_	_	_	_	_
28-18	BOR001	28	28	18	[rimasta	rimasta	_	_	_	_	_	linguistic	_	none	_	_	_	_	_	0-7(8)
28-19	BOR001	28	28	19	ug]uale	uguale	_	_	_	_	_	linguistic	_	none	_	End=90.149	_	_	_	0-2(8)
29-0	BOI003	29	29	0	[m::h]	mh	_	_	_	_	_	linguistic	_	none	_	Begin=89.185|End=90.09	0x2	_	_	0-2(8)
30-0	BOI003	30	30	0	NO	no	_	_	_	_	_	linguistic	_	none	Volume=high	Begin=90.195	_	_	_	_
30-1	BOI003	30	30	1	secondo	secondo	_	_	_	_	_	linguistic	_	none	_	_	_	_	_	_
30-2	BOI003	30	30	2	me	me	_	_	_	_	_	linguistic	_	none	_	_	_	_	_	_
30-3	BOI003	30	30	3	e:	e	_	_	_	_	_	linguistic	_	none	_	_	0x1	_	_	_
30-4	BOI003	30	30	4	più	più	_	_	_	_	_	linguistic	_	none	_	_	_	_	_	_
30-5	BOI003	30	30	5	o	o	_	_	_	_	_	linguistic	_	none	_	_	_	_	_	_
30-6	BOI003	30	30	6	meno:	meno	_	_	_	_	_	linguistic	_	none	_	_	3x1	_	_	_
30-7	BOI003	30	30	7	è	è	_	_	_	_	_	linguistic	_	none	_	_	_	_	_	_
30-8	BOI003	30	30	8	rimasta	rimasta	_	_	_	_	_	linguistic	_	none	_	_	_	_	_	_
30-9	BOI003	30	30	9	sempre	sempre	_	_	_	_	_	linguistic	_	none	_	_	_	_	_	_
30-10	BOI003	30	30	10	uguale	uguale	_	_	_	_	_	linguistic	_	none	_	_	_	_	_	_
30-11	BOI003	30	30	11	perché	perché	_	_	_	_	_	linguistic	_	none	_	_	_	_	_	_
30-12	BOI003	30	30	12	era	era	_	_	_	_	_	linguistic	_	none	_	_	_	_	_	_
30-13	BOI003	30	30	13	una	una	_	_	_	_	_	linguistic	_	none	_	_	_	_	_	_
30-14	BOI003	30	30	14	zona	zona	_	_	_	_	_	linguistic	_	none	_	_	_	_	_	_
30-15	BOI003	30	30	15	molto	molto	_	_	_	_	_	linguistic	_	none	_	_	_	_	_	_
30-16	BOI003	30	30	16	popolata	popolata	_	_	_	_	_	linguistic	_	none	_	_	_	_	_	_
30-17	BOI003	30	30	17	anche	anche	_	_	_	_	_	linguistic	_	none	_	_	_	_	_	_
30-18	BOI003	30	30	18	prima,	prima	_	_	_	_	_	linguistic	_	none	Intonation=WeaklyRising	End=97.425	_	_	_	_
31-0	BOI003	31	31	0	non	non	_	_	_	_	_	linguistic	_	none	_	Begin=98.035	_	_	_	_
31-1	BOI003	31	31	1	ci	ci	_	_	_	_	_	linguistic	_	none	_	_	_	_	_	_
31-2	BOI003	31	31	2	sono	sono	_	_	_	_	_	linguistic	_	none	_	_	_	_	_	_
31-3	BOI003	31	31	3	state	state	_	_	_	_	_	linguistic	_	none	_	_	_	_	_	_
31-4	BOI003	31	31	4	delle	delle	_	_	_	_	_	linguistic	_	none	_	_	_	_	_	_
31-5	BOI003	31	31	5	nuove	nuove	_	_	_	_	_	linguistic	_	none	_	_	_	_	_	_
31-6	BOI003	31	31	6	costruzioni,	costruzioni	_	_	_	_	_	linguistic	_	none	Intonation=WeaklyRising	_	_	_	_	_
31-7	BOI003	31	31	7	quindi	quindi	_	_	_	_	_	linguistic	_	none	_	End=101.155	_	_	_	_
32-0	BOI003	32	32	0	le	le	_	_	_	_	_	linguistic	_	none	_	Begin=101.215	_	_	_	_
32-1	BOI003	32	32	1	case	case	_	_	_	_	_	linguistic	_	none	_	_	_	_	_	_
32-2	BOI003	32	32	2	che	che	_	_	_	_	_	linguistic	_	none	_	_	_	_	_	_
32-3	BOI003	32	32	3	c'	c'	_	_	_	_	_	linguistic	_	none	SpaceAfter=No	_	_	_	_	_
32-4	BOI003	32	32	4	erano	erano	_	_	_	_	_	linguistic	_	none	_	_	_	_	_	_
32-5	BOI003	32	32	5	prima	prima	_	_	_	_	_	linguistic	_	none	_	_	_	_	_	_
32-6	BOI003	32	32	6	ci	ci	_	_	_	_	_	linguistic	_	none	_	_	_	_	_	_
32-7	BOI003	32	32	7	sono	sono	_	_	_	_	_	linguistic	_	none	_	_	_	_	_	_
32-8	BOI003	32	32	8	ancora,	ancora	_	_	_	_	_	linguistic	_	none	Intonation=WeaklyRising	_	_	_	_	_
32-9	BOI003	32	32	9	non	non	_	_	_	_	_	linguistic	_	none	_	_	_	_	_	_
32-10	BOI003	32	32	10	è	è	_	_	_	_	_	linguistic	_	none	_	_	_	_	_	_
32-11	BOI003	32	32	11	che	che	_	_	_	_	_	linguistic	_	none	_	End=104.215	_	_	_	_
33-0	BOI003	33	33	0	è	è	_	_	_	_	_	linguistic	_	none	_	Begin=104.525	_	_	_	_
33-1	BOI003	33	33	1	stato	stato	_	_	_	_	_	linguistic	_	none	_	_	_	_	_	_
33-2	BOI003	33	33	2	oggetto:	oggetto	_	_	_	_	_	linguistic	_	none	_	_	6x1	_	_	_
33-3	BOI003	33	33	3	diciamo	diciamo	_	_	_	_	_	linguistic	_	none	_	_	_	_	_	_
33-4	BOI003	33	33	4	di	di	_	_	_	_	_	linguistic	_	none	_	_	_	_	_	_
33-5	BOI003	33	33	5	un	un	_	_	_	_	_	linguistic	_	none	_	_	_	_	_	_
33-6	BOI003	33	33	6	boom	boom	_	_	_	_	_	linguistic	_	none	_	_	_	_	_	_
33-7	BOI003	33	33	7	di:	di	_	_	_	_	_	linguistic	_	none	_	_	1x1	_	_	_
33-8	BOI003	33	33	8	di	di	_	_	_	_	_	linguistic	_	none	_	_	_	_	_	_
33-9	BOI003	33	33	9	costruzioni	costruzioni	_	_	_	_	_	linguistic	_	none	_	End=108.724	_	_	_	_
34-0	BOI003	34	34	0	e:hm	ehm	_	_	_	_	_	linguistic	_	none	_	Begin=109.165	0x1	_	_	_
34-1	BOI003	34	34	1	s~	s~	_	_	_	_	_	linguistic	_	none	Interrupted=Yes	_	_	_	_	_
34-2	BOI003	34	34	2	si	si	_	_	_	_	_	linguistic	_	none	_	_	_	_	_	_
34-3	BOI003	34	34	3	è	è	_	_	_	_	_	linguistic	_	none	_	_	_	_	_	_
34-4	BOI003	34	34	4	solo	solo	_	_	_	_	_	linguistic	_	none	_	_	_	_	_	_
34-5	BOI003	34	34	5	popolato	popolato	_	_	_	_	_	linguistic	_	none	_	_	_	_	_	_
34-6	BOI003	34	34	6	un	un	_	_	_	_	_	linguistic	_	none	_	_	_	_	_	_
34-7	BOI003	34	34	7	po'	po'	_	_	_	_	_	linguistic	_	none	_	_	_	_	_	_
34-8	BOI003	34	34	8	di	di	_	_	_	_	_	linguistic	_	none	_	_	_	_	_	_
34-9	BOI003	34	34	9	più	più	_	_	_	_	_	linguistic	_	none	_	_	_	_	_	_
34-10	BOI003	34	34	10	ma	ma	_	_	_	_	_	linguistic	_	none	_	End=113.235	_	_	_	_
35-0	BOI003	35	35	0	ad	ad	_	_	_	_	_	linguistic	_	none	_	Begin=113.705	_	_	_	_
35-1	BOI003	35	35	1	esempio	esempio	_	_	_	_	_	linguistic	_	none	_	_	_	_	_	_
35-2	BOI003	35	35	2	n~	n~	_	_	_	_	_	linguistic	_	none	Interrupted=Yes	_	_	_	_	_
35-3	BOI003	35	35	3	mm:	mm	_	_	_	_	_	linguistic	_	none	_	End=115.695	1x1	_	_	_
36-0	BOI003	36	36	0	anche	anche	_	_	_	_	_	linguistic	_	none	_	Begin=115.935	_	_	_	_
36-1	BOI003	36	36	1	la	la	_	_	_	_	_	linguistic	_	none	_	_	_	_	_	_
36-2	BOI003	36	36	2	gente	gente	_	_	_	_	_	linguistic	_	none	_	_	_	_	_	_
36-3	BOI003	36	36	3	che	che	_	_	_	_	_	linguistic	_	none	_	_	_	_	_	_
36-4	BOI003	36	36	4	ci	ci	_	_	_	_	_	linguistic	_	none	_	_	_	_	_	_
36-5	BOI003	36	36	5	abita	abita	_	_	_	_	_	linguistic	_	none	_	_	_	_	_	_
36-6	BOI003	36	36	6	insomma	insomma	_	_	_	_	_	linguistic	_	none	_	_	_	_	_	_
36-7	BOI003	36	36	7	non	non	_	_	_	_	_	linguistic	_	none	_	_	_	_	_	_
36-8	BOI003	36	36	8	è	è	_	_	_	_	_	linguistic	_	none	_	End=118.775	_	_	_	_
37-0	BOI003	37	37	0	e:	e	_	_	_	_	_	linguistic	_	none	_	Begin=119.078	0x1	_	_	_
37-1	BOI003	37	37	1	non	non	_	_	_	_	_	linguistic	_	none	_	_	_	_	_	_
37-2	BOI003	37	37	2	ci	ci	_	_	_	_	_	linguistic	_	none	_	_	_	_	_	_
37-3	BOI003	37	37	3	sono	sono	_	_	_	_	_	linguistic	_	none	_	_	_	_	_	_
37-4	BOI003	37	37	4	delle	delle	_	_	_	_	_	linguistic	_	none	_	_	_	_	_	_
37-5	BOI003	37	37	5	divers~	divers~	_	_	_	_	_	linguistic	_	none	Interrupted=Yes	_	_	_	_	_
37-6	BOI003	37	37	6	c(io)é	cioé	_	_	_	_	_	linguistic	_	none	Reduced=Yes	_	_	_	_	_
37-7	BOI003	37	37	7	non	non	_	_	_	_	_	linguistic	_	none	_	_	_	_	_	_
37-8	BOI003	37	37	8	ci	ci	_	_	_	_	_	linguistic	_	none	_	_	_	_	_	_
37-9	BOI003	37	37	9	sono	sono	_	_	_	_	_	linguistic	_	none	_	_	_	_	_	_
37-10	BOI003	37	37	10	molti	molti	_	_	_	_	_	linguistic	_	none	_	_	_	_	_	_
37-11	BOI003	37	37	11	<stranie:[ri]>	stranieri	_	_	_	_	_	linguistic	_	none	_	_	6x1	Slow=0-9(0)	_	7-9(9)
37-12	BOI003	37	37	12	così	così	_	_	_	_	_	linguistic	_	none	_	_	_	_	_	_
37-13	BOI003	37	37	13	è	è	_	_	_	_	_	linguistic	_	none	_	_	_	_	_	_
37-14	BOI003	37	37	14	sempre	sempre	_	_	_	_	_	linguistic	_	none	_	_	_	_	_	_
37-15	BOI003	37	37	15	rimasto	rimasto	_	_	_	_	_	linguistic	_	none	_	_	_	_	_	_
37-16	BOI003	37	37	16	più	più	_	_	_	_	_	linguistic	_	none	_	_	_	_	_	_
37-17	BOI003	37	37	17	o	o	_	_	_	_	_	linguistic	_	none	_	_	_	_	_	_
37-18	BOI003	37	37	18	meno	meno	_	_	_	_	_	linguistic	_	none	_	_	_	_	_	_
37-19	BOI003	37	37	19	simile	simile	_	_	_	_	_	linguistic	_	none	_	End=125.103	_	_	_	_
38-0	BOR001	38	38	0	[mhmh]	mhmh	_	_	_	_	_	linguistic	_	none	_	Begin=122.515|End=123.038	_	_	_	0-4(9)
39-0	BOI003	39	39	0	POI	poi	_	_	_	_	_	linguistic	_	none	Volume=high	Begin=125.195	_	_	_	_
39-1	BOI003	39	39	1	ci	ci	_	_	_	_	_	linguistic	_	none	_	_	_	_	_	_
39-2	BOI003	39	39	2	sono	sono	_	_	_	_	_	linguistic	_	none	_	_	_	_	_	_
39-3	BOI003	39	39	3	tanti	tanti	_	_	_	_	_	linguistic	_	none	_	_	_	_	_	_
39-4	BOI003	39	39	4	ragazzi	ragazzi	_	_	_	_	_	linguistic	_	none	_	_	_	_	_	_
39-5	BOI003	39	39	5	perché	perché	_	_	_	_	_	linguistic	_	none	_	_	_	_	_	_
39-6	BOI003	39	39	6	c(io)è	cioè	_	_	_	_	_	linguistic	_	none	Reduced=Yes	_	_	_	_	_
39-7	BOI003	39	39	7	anche	anche	_	_	_	_	_	linguistic	_	none	_	_	_	_	_	_
39-8	BOI003	39	39	8	una	una	_	_	_	_	_	linguistic	_	none	_	_	_	_	_	_
39-9	BOI003	39	39	9	zona:	zona	_	_	_	_	_	linguistic	_	none	_	_	3x1	_	_	_
39-10	BOI003	39	39	10	universitar[ia]	universitaria	_	_	_	_	_	linguistic	_	none	_	_	_	_	_	11-13(10)
39-11	BOI003	39	39	11	così	così	_	_	_	_	_	linguistic	_	none	_	_	_	_	_	_
39-12	BOI003	39	39	12	che	che	_	_	_	_	_	linguistic	_	none	_	_	_	_	_	_
39-13	BOI003	39	39	13	cambiano	cambiano	_	_	_	_	_	linguistic	_	none	_	_	_	_	_	_
39-14	BOI003	39	39	14	così	così	_	_	_	_	_	linguistic	_	none	_	_	_	_	_	_
39-15	BOI003	39	39	15	però,	però	_	_	_	_	_	linguistic	_	none	Intonation=WeaklyRising	End=131.342	_	_	_	_
40-0	BOR001	40	40	0	[sì]	sì	_	_	_	_	_	linguistic	_	none	_	Begin=128.955|End=129.225	_	_	_	0-2(10)
41-0	BOI003	41	41	0	e:hm	ehm	_	_	_	_	_	linguistic	_	none	_	Begin=132.175	0x1	_	_	_
41-1	BOI003	41	41	1	non	non	_	_	_	_	_	linguistic	_	none	_	_	_	_	_	_
41-2	BOI003	41	41	2	ho	ho	_	_	_	_	_	linguistic	_	none	_	_	_	_	_	_
41-3	BOI003	41	41	3	trovato	trovato	_	_	_	_	_	linguistic	_	none	_	_	_	_	_	_
41-4	BOI003	41	41	4	delle	delle	_	_	_	_	_	linguistic	_	none	_	_	_	_	_	_
41-5	BOI003	41	41	5	differenze:	differenze	_	_	_	_	_	linguistic	_	none	_	End=136.012	9x1	_	_	_
42-0	BOI003	42	42	0	molto	molto	_	_	_	_	_	linguistic	_	none	_	Begin=136.325	_	_	_	_
42-1	BOI003	42	42	1	grandi	grandi	_	_	_	_	_	linguistic	_	none	_	_	_	_	_	_
42-2	BOI003	42	42	2	e:	e	_	_	_	_	_	linguistic	_	none	_	_	0x1	_	_	_
42-3	BOI003	42	42	3	e:hm	ehm	_	_	_	_	_	linguistic	_	none	_	End=139.305	0x1	_	_	_
43-0	BOI003	43	43	0	c(io)è	cioè	_	_	_	_	_	linguistic	_	none	Reduced=Yes	Begin=139.638	_	_	_	_
43-1	BOI003	43	43	1	niente	niente	_	_	_	_	_	linguistic	_	none	_	_	_	_	_	_
43-2	BOI003	43	43	2	d~	d~	_	_	_	_	_	linguistic	_	none	Interrupted=Yes	_	_	_	_	_
43-3	BOI003	43	43	3	niente	niente	_	_	_	_	_	linguistic	_	none	_	_	_	_	_	_
43-4	BOI003	43	43	4	di	di	_	_	_	_	_	linguistic	_	none	_	_	_	_	_	_
43-5	BOI003	43	43	5	che	che	_	_	_	_	_	linguistic	_	none	_	_	_	_	_	_
43-6	BOI003	43	43	6	[solo	solo	_	_	_	_	_	linguistic	_	none	_	_	_	_	_	0-4(11)
43-7	BOI003	43	43	7	un	un	_	_	_	_	_	linguistic	_	none	_	_	_	_	_	0-2(11)
43-8	BOI003	43	43	8	po']	po'	_	_	_	_	_	linguistic	_	none	_	_	_	_	_	0-3(11)
43-9	BOI003	43	43	9	più	più	_	_	_	_	_	linguistic	_	none	_	End=142.595	_	_	_	_
44-0	BOR001	44	44	0	[sì	sì	_	_	_	_	_	linguistic	_	none	_	Begin=141.305	_	_	_	0-2(11)
44-1	BOR001	44	44	1	sì]	sì	_	_	_	_	_	linguistic	_	none	_	End=141.838	_	_	_	0-2(11)
45-0	BOI003	45	45	0	m~	m~	_	_	_	_	_	linguistic	_	none	Interrupted=Yes	Begin=143.038	_	_	_	_
45-1	BOI003	45	45	1	densamente	densamente	_	_	_	_	_	linguistic	_	none	_	_	_	_	_	_
45-2	BOI003	45	45	2	popo[lat]a	popolata	_	_	_	_	_	linguistic	_	none	_	_	_	_	_	4-7(12)
45-3	BOI003	45	45	3	ma:	ma	_	_	_	_	_	linguistic	_	none	_	End=145.791	1x1	_	_	_
46-0	BOR001	46	46	0	[mhmh]	mhmh	_	_	_	_	_	linguistic	_	none	_	Begin=144.115|End=144.648	_	_	_	0-4(12)
47-0	BOI003	47	47	0	com'	com'	_	_	_	_	_	linguistic	_	none	SpaceAfter=No	Begin=146.212	_	_	_	_
47-1	BOI003	47	47	1	è	è	_	_	_	_	_	linguistic	_	none	_	_	_	_	_	_
47-2	BOI003	47	47	2	nella	nella	_	_	_	_	_	linguistic	_	none	_	_	_	_	_	_
47-3	BOI003	47	47	3	com'	com'	_	_	_	_	_	linguistic	_	none	SpaceAfter=No	_	_	_	_	_
47-4	BOI003	47	47	4	è	è	_	_	_	_	_	linguistic	_	none	_	_	_	_	_	_
47-5	BOI003	47	47	5	bologna	bologna	_	_	_	_	_	linguistic	_	none	_	_	_	_	_	_
47-6	BOI003	47	47	6	insom[ma	insomma	_	_	_	_	_	linguistic	_	none	_	_	_	_	_	3-7(13)
47-7	BOI003	47	47	7	negli	negli	_	_	_	_	_	linguistic	_	none	_	_	_	_	_	0-5(13)
47-8	BOI003	47	47	8	ultimi]	ultimi	_	_	_	_	_	linguistic	_	none	_	_	_	_	_	0-5(13)
47-9	BOI003	47	47	9	vent'	vent'	_	_	_	_	_	linguistic	_	none	SpaceAfter=No	_	_	_	_	_
47-10	BOI003	47	47	10	anni	anni	_	_	_	_	_	linguistic	_	none	_	_	_	_	_	_
47-11	BOI003	47	47	11	ecco	ecco	_	_	_	_	_	linguistic	_	none	Volume=low	_	_	_	_	_
47-12	BOI003	47	47	12	°praticamen[te]°	praticamente	_	_	_	_	_	linguistic	_	none	Volume=low	End=150.298	_	_	_	7-10(14)
48-0	BOR001	48	48	0	[sì	sì	_	_	_	_	_	linguistic	_	none	_	Begin=148.185	_	_	_	0-2(13)
48-1	BOR001	48	48	1	sì]	sì	_	_	_	_	_	linguistic	_	none	_	End=148.714	_	_	_	0-2(13)
49-0	BOR001	49	49	0	[e]	e	_	_	_	_	_	linguistic	_	none	_	Begin=150.175	_	_	_	0-1(14)
49-1	BOR001	49	49	1	ad	ad	_	_	_	_	_	linguistic	_	none	_	_	_	_	_	_
49-2	BOR001	49	49	2	esempio	esempio	_	_	_	_	_	linguistic	_	none	_	_	_	_	_	_
49-3	BOR001	49	49	3	e:	e	_	_	_	_	_	linguistic	_	none	_	End=152.176	0x1	_	_	_
50-0	BOR001	50	50	0	è	è	_	_	_	_	_	linguistic	_	none	_	Begin=152.315	_	_	_	_
50-1	BOR001	50	50	1	cambiato	cambiato	_	_	_	_	_	linguistic	_	none	_	_	_	_	_	_
50-2	BOR001	50	50	2	dal	dal	_	_	_	_	_	linguistic	_	none	_	_	_	_	_	_
50-3	BOR001	50	50	3	punto	punto	_	_	_	_	_	linguistic	_	none	_	_	_	_	_	_
50-4	BOR001	50	50	4	di	di	_	_	_	_	_	linguistic	_	none	_	_	_	_	_	_
50-5	BOR001	50	50	5	vista	vista	_	_	_	_	_	linguistic	_	none	_	_	_	_	_	_
50-6	BOR001	50	50	6	dei	dei	_	_	_	_	_	linguistic	_	none	_	_	_	_	_	_
50-7	BOR001	50	50	7	parcheggi	parcheggi	_	_	_	_	_	linguistic	_	none	_	_	_	_	_	_
50-8	BOR001	50	50	8	c(io)è	cioè	_	_	_	_	_	linguistic	_	none	Reduced=Yes	_	_	_	_	_
50-9	BOR001	50	50	9	io	io	_	_	_	_	_	linguistic	_	none	_	_	_	_	_	_
50-10	BOR001	50	50	10	so	so	_	_	_	_	_	linguistic	_	none	_	_	_	_	_	_
50-11	BOR001	50	50	11	che	che	_	_	_	_	_	linguistic	_	none	_	End=155.219	_	_	_	_
51-0	BOR001	51	51	0	qua	qua	_	_	_	_	_	linguistic	_	none	_	Begin=155.538	_	_	_	_
51-1	BOR001	51	51	1	come	come	_	_	_	_	_	linguistic	_	none	_	_	_	_	_	_
51-2	BOR001	51	51	2	un	un	_	_	_	_	_	linguistic	_	none	_	_	_	_	_	_
51-3	BOR001	51	51	3	po'	po'	_	_	_	_	_	linguistic	_	none	_	_	_	_	_	_
51-4	BOR001	51	51	4	in	in	_	_	_	_	_	linguistic	_	none	_	_	_	_	_	_
51-5	BOR001	51	51	5	tutta	tutta	_	_	_	_	_	linguistic	_	none	_	_	_	_	_	_
51-6	BOR001	51	51	6	bologna	bologna	_	_	_	_	_	linguistic	_	none	_	_	_	_	_	_
51-7	BOR001	51	51	7	è	è	_	_	_	_	_	linguistic	_	none	_	_	_	_	_	_
51-8	BOR001	51	51	8	sempre:	sempre	_	_	_	_	_	linguistic	_	none	_	_	5x1	_	_	_
51-9	BOR001	51	51	9	un	un	_	_	_	_	_	linguistic	_	none	_	_	_	_	_	_
51-10	BOR001	51	51	10	problema	problema	_	_	_	_	_	linguistic	_	none	_	_	_	_	_	_
51-11	BOR001	51	51	11	il	il	_	_	_	_	_	linguistic	_	none	_	_	_	_	_	_
51-12	BOR001	51	51	12	fat[to	fatto	_	_	_	_	_	linguistic	_	none	_	_	_	_	_	3-5(15)
51-13	BOR001	51	51	13	del	del	_	_	_	_	_	linguistic	_	none	_	_	_	_	_	0-3(15)
51-14	BOR001	51	51	14	parche]ggio	parcheggio	_	_	_	_	_	linguistic	_	none	_	End=159.742	_	_	_	0-6(15)
52-0	BOI003	52	52	0	[sì]	sì	_	_	_	_	_	linguistic	_	none	_	Begin=158.815|End=159.441	_	_	_	0-2(15)
53-0	BOR001	53	53	0	ma	ma	_	_	_	_	_	linguistic	_	none	_	Begin=159.875	_	_	_	_
53-1	BOR001	53	53	1	vent'	vent'	_	_	_	_	_	linguistic	_	none	SpaceAfter=No	_	_	_	_	_
53-2	BOR001	53	53	2	anni	anni	_	_	_	_	_	linguistic	_	none	_	_	_	_	_	_
53-3	BOR001	53	53	3	fa	fa	_	_	_	_	_	linguistic	_	none	_	_	_	_	_	_
53-4	BOR001	53	53	4	in	in	_	_	_	_	_	linguistic	_	none	_	_	_	_	_	_
53-5	BOR001	53	53	5	questa	questa	_	_	_	_	_	linguistic	_	none	_	_	_	_	_	_
53-6	BOR001	53	53	6	zona	zona	_	_	_	_	_	linguistic	_	none	_	_	_	_	_	_
53-7	BOR001	53	53	7	era	era	_	_	_	_	_	linguistic	_	none	_	_	_	_	_	_
53-8	BOR001	53	53	8	uguale,	uguale	_	_	_	_	_	linguistic	_	none	Intonation=WeaklyRising	_	_	_	_	_
53-9	BOR001	53	53	9	o	o	_	_	_	_	_	linguistic	_	none	_	_	_	_	_	_
53-10	BOR001	53	53	10	è	è	_	_	_	_	_	linguistic	_	none	_	_	_	_	_	_
53-11	BOR001	53	53	11	peggiorato	peggiorato	_	_	_	_	_	linguistic	_	none	_	_	_	_	_	_
53-12	BOR001	53	53	12	nel	nel	_	_	_	_	_	linguistic	_	none	_	_	_	_	_	_
53-13	BOR001	53	53	13	corso	corso	_	_	_	_	_	linguistic	_	none	_	_	_	_	_	_
53-14	BOR001	53	53	14	degli	degli	_	_	_	_	_	linguistic	_	none	_	_	_	_	_	_
53-15	BOR001	53	53	15	an[ni]	anni	_	_	_	_	_	linguistic	_	none	_	End=164.17	_	_	_	1-4(16)
54-0	BOI003	54	54	0	[beh]	beh	_	_	_	_	_	linguistic	_	none	_	Begin=163.825	_	_	_	0-3(16)
54-1	BOI003	54	54	1	è	è	_	_	_	_	_	linguistic	_	none	_	_	_	_	_	_
54-2	BOI003	54	54	2	un	un	_	_	_	_	_	linguistic	_	none	_	_	_	_	_	_
54-3	BOI003	54	54	3	pochettino	pochettino	_	_	_	_	_	linguistic	_	none	_	_	_	_	_	_
54-4	BOI003	54	54	4	peggiora:to	peggiorato	_	_	_	_	_	linguistic	_	none	_	_	7x1	_	_	_
54-5	BOI003	54	54	5	perché	perché	_	_	_	_	_	linguistic	_	none	_	_	_	_	_	_
54-6	BOI003	54	54	6	appunto	appunto	_	_	_	_	_	linguistic	_	none	_	_	_	_	_	_
54-7	BOI003	54	54	7	si	si	_	_	_	_	_	linguistic	_	none	_	_	_	_	_	_
54-8	BOI003	54	54	8	è	è	_	_	_	_	_	linguistic	_	none	_	_	_	_	_	_
54-9	BOI003	54	54	9	più	più	_	_	_	_	_	linguistic	_	none	_	_	_	_	_	_
54-10	BOI003	54	54	10	popolata	popolata	_	_	_	_	_	linguistic	_	none	_	_	_	_	_	_
54-11	BOI003	54	54	11	rispetto	rispetto	_	_	_	_	_	linguistic	_	none	_	_	_	_	_	_
54-12	BOI003	54	54	12	a	a	_	_	_	_	_	linguistic	_	none	_	_	_	_	_	_
54-13	BOI003	54	54	13	prima	prima	_	_	_	_	_	linguistic	_	none	_	End=169.545	_	_	_	_
55-0	BOI003	55	55	0	però	però	_	_	_	_	_	linguistic	_	none	_	Begin=169.775	_	_	_	_
55-1	BOI003	55	55	1	è	è	_	_	_	_	_	linguistic	_	none	_	_	_	_	_	_
55-2	BOI003	55	55	2	sempre	sempre	_	_	_	_	_	linguistic	_	none	_	_	_	_	_	_
55-3	BOI003	55	55	3	stato	stato	_	_	_	_	_	linguistic	_	none	_	_	_	_	_	_
55-4	BOI003	55	55	4	un	un	_	_	_	_	_	linguistic	_	none	_	_	_	_	_	_
55-5	BOI003	55	55	5	problema	problema	_	_	_	_	_	linguistic	_	none	_	_	_	_	_	_
55-6	BOI003	55	55	6	così	così	_	_	_	_	_	linguistic	_	none	_	End=171.693	_	_	_	_
56-0	BOI003	56	56	0	perché	perché	_	_	_	_	_	linguistic	_	none	_	Begin=172.06	_	_	_	_
56-1	BOI003	56	56	1	mi	mi	_	_	_	_	_	linguistic	_	none	_	_	_	_	_	_
56-2	BOI003	56	56	2	ricordo	ricordo	_	_	_	_	_	linguistic	_	none	_	_	_	_	_	_
56-3	BOI003	56	56	3	che	che	_	_	_	_	_	linguistic	_	none	_	_	_	_	_	_
56-4	BOI003	56	56	4	quando	quando	_	_	_	_	_	linguistic	_	none	_	_	_	_	_	_
56-5	BOI003	56	56	5	ero	ero	_	_	_	_	_	linguistic	_	none	_	_	_	_	_	_
56-6	BOI003	56	56	6	ragazza	ragazza	_	_	_	_	_	linguistic	_	none	_	_	_	_	_	_
56-7	BOI003	56	56	7	che	che	_	_	_	_	_	linguistic	_	none	_	_	_	_	_	_
56-8	BOI003	56	56	8	e:	e	_	_	_	_	_	linguistic	_	none	_	_	0x1	_	_	_
56-9	BOI003	56	56	9	non	non	_	_	_	_	_	linguistic	_	none	_	End=175.095	_	_	_	_
57-0	BOI003	57	57	0	non	non	_	_	_	_	_	linguistic	_	none	_	Begin=175.195	_	_	_	_
57-1	BOI003	57	57	1	abitavo	abitavo	_	_	_	_	_	linguistic	_	none	_	_	_	_	_	_
57-2	BOI003	57	57	2	ancora	ancora	_	_	_	_	_	linguistic	_	none	_	_	_	_	_	_
57-3	BOI003	57	57	3	qua	qua	_	_	_	_	_	linguistic	_	none	PauseAfter=Yes	_	_	_	_	_
57-4	BOI003	57	57	4	(.)	(.)	_	_	_	_	_	shortpause	_	none	_	_	_	_	_	_
57-5	BOI003	57	57	5	però	però	_	_	_	_	_	linguistic	_	none	_	_	_	_	_	_
57-6	BOI003	57	57	6	venivo	venivo	_	_	_	_	_	linguistic	_	none	_	_	_	_	_	_
57-7	BOI003	57	57	7	a	a	_	_	_	_	_	linguistic	_	none	_	_	_	_	_	_
57-8	BOI003	57	57	8	volte	volte	_	_	_	_	_	linguistic	_	none	_	_	_	_	_	_
57-9	BOI003	57	57	9	con	con	_	_	_	_	_	linguistic	_	none	_	_	_	_	_	_
57-10	BOI003	57	57	10	gli	gli	_	_	_	_	_	linguistic	_	none	_	_	_	_	_	_
57-11	BOI003	57	57	11	amici,	amici	_	_	_	_	_	linguistic	_	none	Intonation=WeaklyRising	_	_	_	_	_
57-12	BOI003	57	57	12	i:	i	_	_	_	_	_	linguistic	_	none	_	_	0x1	_	_	_
57-13	BOI003	57	57	13	proprio	proprio	_	_	_	_	_	linguistic	_	none	_	_	_	_	_	_
57-14	BOI003	57	57	14	in	in	_	_	_	_	_	linguistic	_	none	_	_	_	_	_	_
57-15	BOI003	57	57	15	questa	questa	_	_	_	_	_	linguistic	_	none	_	_	_	_	_	_
57-16	BOI003	57	57	16	stra[da]	strada	_	_	_	_	_	linguistic	_	none	_	End=180.607	_	_	_	4-6(?)
58-0	BOR001	58	58	0	[mhmh]	mhmh	_	_	_	_	_	linguistic	_	none	_	Begin=180.615|End=181.028	_	_	_	0-4(?)
59-0	BOI003	59	59	0	perché	perché	_	_	_	_	_	linguistic	_	none	_	Begin=181.3	_	_	_	_
59-1	BOI003	59	59	1	c'	c'	_	_	_	_	_	linguistic	_	none	SpaceAfter=No	_	_	_	_	_
59-2	BOI003	59	59	2	era	era	_	_	_	_	_	linguistic	_	none	_	_	_	_	_	_
59-3	BOI003	59	59	3	un	un	_	_	_	_	_	linguistic	_	none	_	_	_	_	_	_
59-4	BOI003	59	59	4	loca:le	locale	_	_	_	_	_	linguistic	_	none	_	_	3x1	_	_	_
59-5	BOI003	59	59	5	dove	dove	_	_	_	_	_	linguistic	_	none	_	_	_	_	_	_
59-6	BOI003	59	59	6	la	la	_	_	_	_	_	linguistic	_	none	_	_	_	_	_	_
59-7	BOI003	59	59	7	sera	sera	_	_	_	_	_	linguistic	_	none	_	_	_	_	_	_
59-8	BOI003	59	59	8	facevano	facevano	_	_	_	_	_	linguistic	_	none	_	_	_	_	_	_
59-9	BOI003	59	59	9	della	della	_	_	_	_	_	linguistic	_	none	_	_	_	_	_	_
59-10	BOI003	59	59	10	musica	musica	_	_	_	_	_	linguistic	_	none	_	_	_	_	_	_
59-11	BOI003	59	59	11	dal	dal	_	_	_	_	_	linguistic	_	none	_	_	_	_	_	_
59-12	BOI003	59	59	12	vi:vo	vivo	_	_	_	_	_	linguistic	_	none	_	End=184.76	1x1	_	_	_
60-0	BOI003	60	60	0	e:	e	_	_	_	_	_	linguistic	_	none	_	Begin=185.245	0x1	_	_	_
60-1	BOI003	60	60	1	mi	mi	_	_	_	_	_	linguistic	_	none	_	_	_	_	_	_
60-2	BOI003	60	60	2	ricordo	ricordo	_	_	_	_	_	linguistic	_	none	_	_	_	_	_	_
60-3	BOI003	60	60	3	che	che	_	_	_	_	_	linguistic	_	none	_	_	_	_	_	_
60-4	BOI003	60	60	4	tutte	tutte	_	_	_	_	_	linguistic	_	none	_	_	_	_	_	_
60-5	BOI003	60	60	5	le	le	_	_	_	_	_	linguistic	_	none	_	_	_	_	_	_
60-6	BOI003	60	60	6	volte	volte	_	_	_	_	_	linguistic	_	none	_	_	_	_	_	_
60-7	BOI003	60	60	7	che	che	_	_	_	_	_	linguistic	_	none	_	_	_	_	_	_
60-8	BOI003	60	60	8	dicevamo:	dicevamo	_	_	_	_	_	linguistic	_	none	_	_	7x1	_	_	_
60-9	BOI003	60	60	9	andiamo	andiamo	_	_	_	_	_	linguistic	_	none	_	_	_	_	_	_
60-10	BOI003	60	60	10	là	là	_	_	_	_	_	linguistic	_	none	_	_	_	_	_	_
60-11	BOI003	60	60	11	e:	e	_	_	_	_	_	linguistic	_	none	_	_	0x1	_	_	_
60-12	BOI003	60	60	12	il	il	_	_	_	_	_	linguistic	_	none	_	_	_	_	_	_
60-13	BOI003	60	60	13	problema	problema	_	_	_	_	_	linguistic	_	none	_	_	_	_	_	_
60-14	BOI003	60	60	14	era	era	_	_	_	_	_	linguistic	_	none	_	_	_	_	_	_
60-15	BOI003	60	60	15	sempre	sempre	_	_	_	_	_	linguistic	_	none	_	_	_	_	_	_
60-16	BOI003	60	60	16	ma	ma	_	_	_	_	_	linguistic	_	none	_	_	_	_	_	_
60-17	BOI003	60	60	17	dove	dove	_	_	_	_	_	linguistic	_	none	_	_	_	_	_	_
60-18	BOI003	60	60	18	parcheggiamo	parcheggiamo	_	_	_	_	_	linguistic	_	none	_	_	_	_	_	_
60-19	BOI003	60	60	19	perché:	perché	_	_	_	_	_	linguistic	_	none	_	_	5x1	_	_	_
60-20	BOI003	60	60	20	nella	nella	_	_	_	_	_	linguistic	_	none	_	_	_	_	_	_
60-21	BOI003	60	60	21	zona	zona	_	_	_	_	_	linguistic	_	none	_	_	_	_	_	_
60-22	BOI003	60	60	22	era	era	_	_	_	_	_	linguistic	_	none	_	End=193.247	_	_	_	_
61-0	BOI003	61	61	0	eh	eh	_	_	_	_	_	linguistic	_	none	_	Begin=193.453	_	_	_	_
61-1	BOI003	61	61	1	molto	molto	_	_	_	_	_	linguistic	_	none	_	_	_	_	_	_
61-2	BOI003	61	61	2	difficile	difficile	_	_	_	_	_	linguistic	_	none	_	_	_	_	_	_
61-3	BOI003	61	61	3	quindi	quindi	_	_	_	_	_	linguistic	_	none	_	End=195.148	_	_	_	_
62-0	BOI003	62	62	0	e	e	_	_	_	_	_	linguistic	_	none	_	Begin=195.335	_	_	_	_
62-1	BOI003	62	62	1	ti	ti	_	_	_	_	_	linguistic	_	none	_	_	_	_	_	_
62-2	BOI003	62	62	2	parlo	parlo	_	_	_	_	_	linguistic	_	none	_	_	_	_	_	_
62-3	BOI003	62	62	3	di	di	_	_	_	_	_	linguistic	_	none	_	_	_	_	_	_
62-4	BOI003	62	62	4	più	più	_	_	_	_	_	linguistic	_	none	_	_	_	_	_	_
62-5	BOI003	62	62	5	di	di	_	_	_	_	_	linguistic	_	none	_	_	_	_	_	_
62-6	BOI003	62	62	6	venti:	venti	_	_	_	_	_	linguistic	_	none	_	_	4x1	_	_	_
62-7	BOI003	62	62	7	venticinque	venticinque	_	_	_	_	_	linguistic	_	none	_	_	_	_	_	_
62-8	BOI003	62	62	8	anni	anni	_	_	_	_	_	linguistic	_	none	_	_	_	_	_	_
62-9	BOI003	62	62	9	fa	fa	_	_	_	_	_	linguistic	_	none	_	End=198.374	_	_	_	_
63-0	BOI003	63	63	0	quindi	quindi	_	_	_	_	_	linguistic	_	none	PauseAfter=Yes	Begin=198.495	_	_	_	_
63-1	BOI003	63	63	1	(.)	(.)	_	_	_	_	_	shortpause	_	none	_	_	_	_	_	_
63-2	BOI003	63	63	2	era	era	_	_	_	_	_	linguistic	_	none	_	_	_	_	_	_
63-3	BOI003	63	63	3	[già	già	_	_	_	_	_	linguistic	_	none	_	_	_	_	_	0-3(17)
63-4	BOI003	63	63	4	così]	così	_	_	_	_	_	linguistic	_	none	_	_	_	_	_	0-4(17)
63-5	BOI003	63	63	5	il	il	_	_	_	_	_	linguistic	_	none	_	_	_	_	_	_
63-6	BOI003	63	63	6	problema	problema	_	_	_	_	_	linguistic	_	none	_	_	_	_	_	_
63-7	BOI003	63	63	7	[°ecco°]	ecco	_	_	_	_	_	linguistic	_	none	Volume=low	End=201.635	_	_	_	0-4(18)
64-0	BOR001	64	64	0	[sì]	sì	_	_	_	_	_	linguistic	_	none	_	Begin=199.965|End=200.346	_	_	_	0-2(17)
65-0	BOR001	65	65	0	[°okay°]	okay	_	_	_	_	_	linguistic	_	none	Volume=low	Begin=201.095|End=201.905	_	_	_	0-4(18)
66-0	BOR001	66	66	0	quindi	quindi	_	_	_	_	_	linguistic	_	none	_	Begin=201.985	_	_	_	_
66-1	BOR001	66	66	1	comunque	comunque	_	_	_	_	_	linguistic	_	none	_	_	_	_	_	_
66-2	BOR001	66	66	2	venivi:	venivi	_	_	_	_	_	linguistic	_	none	_	_	5x1	_	_	_
66-3	BOR001	66	66	3	già	già	_	_	_	_	_	linguistic	_	none	_	_	_	_	_	_
66-4	BOR001	66	66	4	in	in	_	_	_	_	_	linguistic	_	none	_	_	_	_	_	_
66-5	BOR001	66	66	5	zona	zona	_	_	_	_	_	linguistic	_	none	_	_	_	_	_	_
66-6	BOR001	66	66	6	[qua	qua	_	_	_	_	_	linguistic	_	none	_	_	_	_	_	0-3(19)
66-7	BOR001	66	66	7	coi	coi	_	_	_	_	_	linguistic	_	none	_	_	_	_	_	0-3(19)
66-8	BOR001	66	66	8	t]uoi	tuoi	_	_	_	_	_	linguistic	_	none	_	_	_	_	_	0-1(19)
66-9	BOR001	66	66	9	amici	amici	_	_	_	_	_	linguistic	_	none	_	End=204.98	_	_	_	_
67-0	BOI003	67	67	0	[sì]	sì	_	_	_	_	_	linguistic	_	none	_	Begin=204.175|End=204.549	_	_	_	0-2(19)
68-0	BOI003	68	68	0	sì	sì	_	_	_	_	_	linguistic	_	none	_	Begin=205.073	_	_	_	_
68-1	BOI003	68	68	1	infatti.	infatti	_	_	_	_	_	linguistic	_	none	Intonation=Falling	_	_	_	_	_
68-2	BOI003	68	68	2	infatti	infatti	_	_	_	_	_	linguistic	_	none	_	End=206.54	_	_	_	_
69-0	BOI003	69	69	0	a	a	_	_	_	_	_	linguistic	_	none	_	Begin=206.893	_	_	_	_
69-1	BOI003	69	69	1	parte	parte	_	_	_	_	_	linguistic	_	none	_	_	_	_	_	_
69-2	BOI003	69	69	2	che	che	_	_	_	_	_	linguistic	_	none	_	_	_	_	_	_
69-3	BOI003	69	69	3	questa	questa	_	_	_	_	_	linguistic	_	none	_	_	_	_	_	_
69-4	BOI003	69	69	4	zona	zona	_	_	_	_	_	linguistic	_	none	_	_	_	_	_	_
69-5	BOI003	69	69	5	in	in	_	_	_	_	_	linguistic	_	none	_	_	_	_	_	_
69-6	BOI003	69	69	6	generale	generale	_	_	_	_	_	linguistic	_	none	_	_	_	_	_	_
69-7	BOI003	69	69	7	mi	mi	_	_	_	_	_	linguistic	_	none	_	_	_	_	_	_
69-8	BOI003	69	69	8	è	è	_	_	_	_	_	linguistic	_	none	_	_	_	_	_	_
69-9	BOI003	69	69	9	sempre	sempre	_	_	_	_	_	linguistic	_	none	_	_	_	_	_	_
69-10	BOI003	69	69	10	piaciuta	piaciuta	_	_	_	_	_	linguistic	_	none	_	_	_	_	_	_
69-11	BOI003	69	69	11	perché	perché	_	_	_	_	_	linguistic	_	none	_	_	_	_	_	_
69-12	BOI003	69	69	12	quando	quando	_	_	_	_	_	linguistic	_	none	_	_	_	_	_	_
69-13	BOI003	69	69	13	andavo	andavo	_	_	_	_	_	linguistic	_	none	_	_	_	_	_	_
69-14	BOI003	69	69	14	a	a	_	_	_	_	_	linguistic	_	none	_	_	_	_	_	_
69-15	BOI003	69	69	15	scuola	scuola	_	_	_	_	_	linguistic	_	none	_	_	_	_	_	_
69-16	BOI003	69	69	16	andavo	andavo	_	_	_	_	_	linguistic	_	none	_	_	_	_	_	_
69-17	BOI003	69	69	17	in	in	_	_	_	_	_	linguistic	_	none	_	_	_	_	_	_
69-18	BOI003	69	69	18	via	via	_	_	_	_	_	linguistic	_	none	_	_	_	_	_	_
69-19	BOI003	69	69	19	saragozza	saragozza	_	_	_	_	_	linguistic	_	none	_	_	_	_	_	_
69-20	BOI003	69	69	20	quin[di]	quindi	_	_	_	_	_	linguistic	_	none	_	End=214.067	_	_	_	4-6(20)
70-0	BOR001	70	70	0	[mh]	mh	_	_	_	_	_	linguistic	_	none	_	Begin=213.885|End=214.267	_	_	_	0-2(?)
71-0	BOI003	71	71	0	la	la	_	_	_	_	_	linguistic	_	none	_	Begin=214.133	_	_	_	_
71-1	BOI003	71	71	1	conoscevo	conoscevo	_	_	_	_	_	linguistic	_	none	_	_	_	_	_	_
71-2	BOI003	71	71	2	questa	questa	_	_	_	_	_	linguistic	_	none	_	_	_	_	_	_
71-3	BOI003	71	71	3	ZONA	zona	_	_	_	_	_	linguistic	_	none	Volume=high	_	_	_	_	_
71-4	BOI003	71	71	4	poi	poi	_	_	_	_	_	linguistic	_	none	_	_	_	_	_	_
71-5	BOI003	71	71	5	quasi	quasi	_	_	_	_	_	linguistic	_	none	_	_	_	_	_	_
71-6	BOI003	71	71	6	tutti	tutti	_	_	_	_	_	linguistic	_	none	_	_	_	_	_	_
71-7	BOI003	71	71	7	i	i	_	_	_	_	_	linguistic	_	none	_	_	_	_	_	_
71-8	BOI003	71	71	8	miei	miei	_	_	_	_	_	linguistic	_	none	_	_	_	_	_	_
71-9	BOI003	71	71	9	compagni	compagni	_	_	_	_	_	linguistic	_	none	_	_	_	_	_	_
71-10	BOI003	71	71	10	di	di	_	_	_	_	_	linguistic	_	none	_	_	_	_	_	_
71-11	BOI003	71	71	11	classe	classe	_	_	_	_	_	linguistic	_	none	_	_	_	_	_	_
71-12	BOI003	71	71	12	abitavano	abitavano	_	_	_	_	_	linguistic	_	none	_	_	_	_	_	_
71-13	BOI003	71	71	13	più	più	_	_	_	_	_	linguistic	_	none	_	_	_	_	_	_
71-14	BOI003	71	71	14	o	o	_	_	_	_	_	linguistic	_	none	_	_	_	_	_	_
71-15	BOI003	71	71	15	meno	meno	_	_	_	_	_	linguistic	_	none	_	_	_	_	_	_
71-16	BOI003	71	71	16	da	da	_	_	_	_	_	linguistic	_	none	_	_	_	_	_	_
71-17	BOI003	71	71	17	queste	queste	_	_	_	_	_	linguistic	_	none	_	_	_	_	_	_
71-18	BOI003	71	71	18	parti	parti	_	_	_	_	_	linguistic	_	none	_	End=219.2	_	_	_	_
72-0	BOI003	72	72	0	quindi:	quindi	_	_	_	_	_	linguistic	_	none	_	Begin=219.993|End=220.64	5x1	_	_	_
73-0	BOI003	73	73	0	non	non	_	_	_	_	_	linguistic	_	none	_	Begin=221.347	_	_	_	_
73-1	BOI003	73	73	1	so	so	_	_	_	_	_	linguistic	_	none	_	_	_	_	_	_
73-2	BOI003	73	73	2	mi	mi	_	_	_	_	_	linguistic	_	none	_	_	_	_	_	_
73-3	BOI003	73	73	3	piaceva	piaceva	_	_	_	_	_	linguistic	_	none	_	_	_	_	_	_
73-4	BOI003	73	73	4	anche	anche	_	_	_	_	_	linguistic	_	none	_	_	_	_	_	_
73-5	BOI003	73	73	5	perché	perché	_	_	_	_	_	linguistic	_	none	_	_	_	_	_	_
73-6	BOI003	73	73	6	la	la	_	_	_	_	_	linguistic	_	none	_	_	_	_	_	_
73-7	BOI003	73	73	7	frequentavo,	frequentavo	_	_	_	_	_	linguistic	_	none	Intonation=WeaklyRising	_	_	_	_	_
73-8	BOI003	73	73	8	con	con	_	_	_	_	_	linguistic	_	none	_	_	_	_	_	_
73-9	BOI003	73	73	9	i	i	_	_	_	_	_	linguistic	_	none	_	_	_	_	_	_
73-10	BOI003	73	73	10	miei	miei	_	_	_	_	_	linguistic	_	none	_	_	_	_	_	_
73-11	BOI003	73	73	11	amici,	amici	_	_	_	_	_	linguistic	_	none	Intonation=WeaklyRising	_	_	_	_	_
73-12	BOI003	73	73	12	così	così	_	_	_	_	_	linguistic	_	none	_	End=225.663	_	_	_	_
74-0	BOI003	74	74	0	e	e	_	_	_	_	_	linguistic	_	none	_	Begin=226.06	_	_	_	_
74-1	BOI003	74	74	1	in	in	_	_	_	_	_	linguistic	_	none	_	_	_	_	_	_
74-2	BOI003	74	74	2	più:	più	_	_	_	_	_	linguistic	_	none	_	End=227.735	2x1	_	_	_
75-0	BOI003	75	75	0	ci	ci	_	_	_	_	_	linguistic	_	none	_	Begin=227.847	_	_	_	_
75-1	BOI003	75	75	1	venivo	venivo	_	_	_	_	_	linguistic	_	none	_	_	_	_	_	_
75-2	BOI003	75	75	2	a~	a~	_	_	_	_	_	linguistic	_	none	Interrupted=Yes	_	_	_	_	_
75-3	BOI003	75	75	3	appunto	appunto	_	_	_	_	_	linguistic	_	none	_	_	_	_	_	_
75-4	BOI003	75	75	4	anche	anche	_	_	_	_	_	linguistic	_	none	_	_	_	_	_	_
75-5	BOI003	75	75	5	perché	perché	_	_	_	_	_	linguistic	_	none	_	_	_	_	_	_
75-6	BOI003	75	75	6	c'	c'	_	_	_	_	_	linguistic	_	none	SpaceAfter=No	_	_	_	_	_
75-7	BOI003	75	75	7	era	era	_	_	_	_	_	linguistic	_	none	_	_	_	_	_	_
75-8	BOI003	75	75	8	questo	questo	_	_	_	_	_	linguistic	_	none	_	_	_	_	_	_
75-9	BOI003	75	75	9	locale	locale	_	_	_	_	_	linguistic	_	none	_	_	_	_	_	_
75-10	BOI003	75	75	10	che	che	_	_	_	_	_	linguistic	_	none	_	_	_	_	_	_
75-11	BOI003	75	75	11	adesso	adesso	_	_	_	_	_	linguistic	_	none	_	_	_	_	_	_
75-12	BOI003	75	75	12	ha	ha	_	_	_	_	_	linguistic	_	none	_	_	_	_	_	_
75-13	BOI003	75	75	13	chiuso	chiuso	_	_	_	_	_	linguistic	_	none	_	_	_	_	_	_
75-14	BOI003	75	75	14	insomma	insomma	_	_	_	_	_	linguistic	_	none	_	_	_	_	_	_
75-15	BOI003	75	75	15	ormai	ormai	_	_	_	_	_	linguistic	_	none	_	_	_	_	_	_
75-16	BOI003	75	75	16	da	da	_	_	_	_	_	linguistic	_	none	_	_	_	_	_	_
75-17	BOI003	75	75	17	parecchi	parecchi	_	_	_	_	_	linguistic	_	none	_	_	_	_	_	_
75-18	BOI003	75	75	18	anni	anni	_	_	_	_	_	linguistic	_	none	_	End=233.145	_	_	_	_
76-0	BOI003	76	76	0	>però<	però	_	_	_	_	_	linguistic	_	none	_	Begin=233.315	_	Fast=0-4(0)	_	_
76-1	BOI003	76	76	1	dove	dove	_	_	_	_	_	linguistic	_	none	_	_	_	_	_	_
76-2	BOI003	76	76	2	facevano	facevano	_	_	_	_	_	linguistic	_	none	_	_	_	_	_	_
76-3	BOI003	76	76	3	della	della	_	_	_	_	_	linguistic	_	none	_	_	_	_	_	_
76-4	BOI003	76	76	4	musica	musica	_	_	_	_	_	linguistic	_	none	_	_	_	_	_	_
76-5	BOI003	76	76	5	dal	dal	_	_	_	_	_	linguistic	_	none	_	_	_	_	_	_
76-6	BOI003	76	76	6	vivo,	vivo	_	_	_	_	_	linguistic	_	none	Intonation=WeaklyRising	_	_	_	_	_
76-7	BOI003	76	76	7	era	era	_	_	_	_	_	linguistic	_	none	_	_	_	_	_	_
76-8	BOI003	76	76	8	molto	molto	_	_	_	_	_	linguistic	_	none	_	_	_	_	_	_
76-9	BOI003	76	76	9	carino,	carino	_	_	_	_	_	linguistic	_	none	Intonation=WeaklyRising	_	_	_	_	_
76-10	BOI003	76	76	10	e	e	_	_	_	_	_	linguistic	_	none	_	End=236.721	_	_	_	_
77-0	BOI003	77	77	0	insomma	insomma	_	_	_	_	_	linguistic	_	none	_	Begin=237.047	_	_	_	_
77-1	BOI003	77	77	1	l'	l'	_	_	_	_	_	linguistic	_	none	SpaceAfter=No	_	_	_	_	_
77-2	BOI003	77	77	2	ho	ho	_	_	_	_	_	linguistic	_	none	_	_	_	_	_	_
77-3	BOI003	77	77	3	sempre	sempre	_	_	_	_	_	linguistic	_	none	_	_	_	_	_	_
77-4	BOI003	77	77	4	frequentato	frequentato	_	_	_	_	_	linguistic	_	none	_	_	_	_	_	_
77-5	BOI003	77	77	5	ancor	ancor	_	_	_	_	_	linguistic	_	none	_	_	_	_	_	_
77-6	BOI003	77	77	6	pri[ma	prima	_	_	_	_	_	linguistic	_	none	_	_	_	_	_	2-5(22)
77-7	BOI003	77	77	7	di]	di	_	_	_	_	_	linguistic	_	none	_	_	_	_	_	0-2(22)
77-8	BOI003	77	77	8	venire	venire	_	_	_	_	_	linguistic	_	none	_	_	_	_	_	_
77-9	BOI003	77	77	9	ad	ad	_	_	_	_	_	linguistic	_	none	_	_	_	_	_	_
77-10	BOI003	77	77	10	abitare	abitare	_	_	_	_	_	linguistic	_	none	_	_	_	_	_	_
77-11	BOI003	77	77	11	qua	qua	_	_	_	_	_	linguistic	_	none	_	_	_	_	_	_
77-12	BOI003	77	77	12	ecco	ecco	_	_	_	_	_	linguistic	_	none	_	End=241.253	_	_	_	_
78-0	BOR001	78	78	0	[mhmh]	mhmh	_	_	_	_	_	linguistic	_	none	_	Begin=239.185|End=239.755	_	_	_	0-4(22)
79-0	BOR001	79	79	0	okay	okay	_	_	_	_	_	linguistic	_	none	_	Begin=241.52	_	_	_	_
79-1	BOR001	79	79	1	okay	okay	_	_	_	_	_	linguistic	_	none	_	_	_	_	_	_
79-2	BOR001	79	79	2	e	e	_	_	_	_	_	linguistic	_	none	_	_	_	_	_	_
79-3	BOR001	79	79	3	i	i	_	_	_	_	_	linguistic	_	none	_	_	_	_	_	_
79-4	BOR001	79	79	4	tuoi	tuoi	_	_	_	_	_	linguistic	_	none	_	_	_	_	_	_
79-5	BOR001	79	79	5	amici	amici	_	_	_	_	_	linguistic	_	none	_	_	_	_	_	_
79-6	BOR001	79	79	6	abitano	abitano	_	_	_	_	_	linguistic	_	none	_	_	_	_	_	_
79-7	BOR001	79	79	7	ancora:	ancora	_	_	_	_	_	linguistic	_	none	_	_	5x1	_	_	_
79-8	BOR001	79	79	8	in	in	_	_	_	_	_	linguistic	_	none	_	_	_	_	_	_
79-9	BOR001	79	79	9	questa	questa	_	_	_	_	_	linguistic	_	none	_	_	_	_	_	_
79-10	BOR001	79	79	10	zona	zona	_	_	_	_	_	linguistic	_	none	_	End=244.82	_	_	_	_
80-0	BOI003	80	80	0	quasi	quasi	_	_	_	_	_	linguistic	_	none	_	Begin=244.92	_	_	_	_
80-1	BOI003	80	80	1	tutti	tutti	_	_	_	_	_	linguistic	_	none	_	_	_	_	_	_
80-2	BOI003	80	80	2	sì?	sì	_	_	_	_	_	linguistic	_	none	Intonation=Rising	End=246.367	_	_	_	_
81-0	BOI003	81	81	0	eh:	eh	_	_	_	_	_	linguistic	_	none	_	Begin=246.886	1x1	_	_	_
81-1	BOI003	81	81	1	tranne	tranne	_	_	_	_	_	linguistic	_	none	_	_	_	_	_	_
81-2	BOI003	81	81	2	alcuni	alcuni	_	_	_	_	_	linguistic	_	none	_	_	_	_	_	_
81-3	BOI003	81	81	3	che	che	_	_	_	_	_	linguistic	_	none	_	_	_	_	_	_
81-4	BOI003	81	81	4	mh:	mh	_	_	_	_	_	linguistic	_	none	_	_	1x1	_	_	_
81-5	BOI003	81	81	5	magari	magari	_	_	_	_	_	linguistic	_	none	_	_	_	_	_	_
81-6	BOI003	81	81	6	insomma	insomma	_	_	_	_	_	linguistic	_	none	_	_	_	_	_	_
81-7	BOI003	81	81	7	dopo	dopo	_	_	_	_	_	linguistic	_	none	_	_	_	_	_	_
81-8	BOI003	81	81	8	essersi	essersi	_	_	_	_	_	linguistic	_	none	_	_	_	_	_	_
81-9	BOI003	81	81	9	sposati	sposati	_	_	_	_	_	linguistic	_	none	_	_	_	_	_	_
81-10	BOI003	81	81	10	così	così	_	_	_	_	_	linguistic	_	none	_	_	_	_	_	_
81-11	BOI003	81	81	11	si	si	_	_	_	_	_	linguistic	_	none	_	_	_	_	_	_
81-12	BOI003	81	81	12	sono	sono	_	_	_	_	_	linguistic	_	none	_	End=252.953	_	_	_	_
82-0	BOI003	82	82	0	eh:	eh	_	_	_	_	_	linguistic	_	none	_	Begin=253.48	1x1	_	_	_
82-1	BOI003	82	82	1	trasferiti	trasferiti	_	_	_	_	_	linguistic	_	none	_	_	_	_	_	_
82-2	BOI003	82	82	2	così	così	_	_	_	_	_	linguistic	_	none	_	_	_	_	_	_
82-3	BOI003	82	82	3	PERO'	pero'	_	_	_	_	_	linguistic	_	none	Truncated=Yes|Volume=high	End=255.747	_	_	_	_
83-0	BOI003	83	83	0	quasi	quasi	_	_	_	_	_	linguistic	_	none	_	Begin=255.927	_	_	_	_
83-1	BOI003	83	83	1	tutti	tutti	_	_	_	_	_	linguistic	_	none	_	_	_	_	_	_
83-2	BOI003	83	83	2	abitano	abitano	_	_	_	_	_	linguistic	_	none	_	_	_	_	_	_
83-3	BOI003	83	83	3	ancora	ancora	_	_	_	_	_	linguistic	_	none	_	_	_	_	_	_
83-4	BOI003	83	83	4	a	a	_	_	_	_	_	linguistic	_	none	_	_	_	_	_	_
83-5	BOI003	83	83	5	bologna	bologna	_	_	_	_	_	linguistic	_	none	_	_	_	_	_	_
83-6	BOI003	83	83	6	all'	all'	_	_	_	_	_	linguistic	_	none	SpaceAfter=No	_	_	_	_	_
83-7	BOI003	83	83	7	inter[no	interno	_	_	_	_	_	linguistic	_	none	_	_	_	_	_	4-7(23)
83-8	BOI003	83	83	8	di	di	_	_	_	_	_	linguistic	_	none	_	_	_	_	_	0-2(23)
83-9	BOI003	83	83	9	bolo]gna	bologna	_	_	_	_	_	linguistic	_	none	_	_	_	_	_	0-4(23)
83-10	BOI003	83	83	10	ecco	ecco	_	_	_	_	_	linguistic	_	none	_	_	_	_	_	_
83-11	BOI003	83	83	11	del	del	_	_	_	_	_	linguistic	_	none	_	_	_	_	_	_
83-12	BOI003	83	83	12	[cen]tro	centro	_	_	_	_	_	linguistic	_	none	_	End=260.366	_	_	_	0-3(24)
84-0	BOR001	84	84	0	[mhmh]	mhmh	_	_	_	_	_	linguistic	_	none	_	Begin=258.774|End=259.375	_	_	_	0-4(23)
85-0	BOR001	85	85	0	[sì]	sì	_	_	_	_	_	linguistic	_	none	_	Begin=259.925|End=260.216	_	_	_	0-2(24)
86-0	BOR001	86	86	0	sì	sì	_	_	_	_	_	linguistic	_	none	_	Begin=260.533	_	_	_	_
86-1	BOR001	86	86	1	sì	sì	_	_	_	_	_	linguistic	_	none	_	End=260.846	_	_	_	_
87-0	BOR001	87	87	0	e:hm	ehm	_	_	_	_	_	linguistic	_	none	_	Begin=261.394	0x1	_	_	_
87-1	BOR001	87	87	1	e	e	_	_	_	_	_	linguistic	_	none	_	_	_	_	_	_
87-2	BOR001	87	87	2	dicevi	dicevi	_	_	_	_	_	linguistic	_	none	_	_	_	_	_	_
87-3	BOR001	87	87	3	che	che	_	_	_	_	_	linguistic	_	none	_	_	_	_	_	_
87-4	BOR001	87	87	4	avevi	avevi	_	_	_	_	_	linguistic	_	none	_	_	_	_	_	_
87-5	BOR001	87	87	5	fatto	fatto	_	_	_	_	_	linguistic	_	none	_	_	_	_	_	_
87-6	BOR001	87	87	6	la	la	_	_	_	_	_	linguistic	_	none	_	_	_	_	_	_
87-7	BOR001	87	87	7	scuola	scuola	_	_	_	_	_	linguistic	_	none	_	_	_	_	_	_
87-8	BOR001	87	87	8	in	in	_	_	_	_	_	linguistic	_	none	_	_	_	_	_	_
87-9	BOR001	87	87	9	sara[gozza	saragozza	_	_	_	_	_	linguistic	_	none	_	_	_	_	_	4-9(25)
87-10	BOR001	87	87	10	ma]	ma	_	_	_	_	_	linguistic	_	none	_	End=264.309	_	_	_	0-2(25)
88-0	BOI003	88	88	0	[sì]	sì	_	_	_	_	_	linguistic	_	none	_	Begin=263.815|End=264.255	_	_	_	0-2(25)
89-0	BOR001	89	89	0	qua~	qua~	_	_	_	_	_	linguistic	_	none	Interrupted=Yes	Begin=264.365	_	_	_	_
89-1	BOR001	89	89	1	c(io)è:	cioè	_	_	_	_	_	linguistic	_	none	Reduced=Yes	_	3x1	_	_	_
89-2	BOR001	89	89	2	medie	medie	_	_	_	_	_	linguistic	_	none	_	_	_	_	_	_
89-3	BOR001	89	89	3	elementari	elementari	_	_	_	_	_	linguistic	_	none	_	_	_	_	_	_
89-4	BOR001	89	89	4	[°che	che	_	_	_	_	_	linguistic	_	none	Volume=low	_	_	_	_	0-3(26)
89-5	BOR001	89	89	5	scuo~°]	scuo~	_	_	_	_	_	linguistic	_	none	Interrupted=Yes|Volume=low	End=267.055	_	_	_	0-5(26)
90-0	BOI003	90	90	0	[no]	no	_	_	_	_	_	linguistic	_	none	_	Begin=266.785	_	_	_	0-2(26)
90-1	BOI003	90	90	1	io	io	_	_	_	_	_	linguistic	_	none	_	_	_	_	_	_
90-2	BOI003	90	90	2	ho	ho	_	_	_	_	_	linguistic	_	none	_	_	_	_	_	_
90-3	BOI003	90	90	3	fatto	fatto	_	_	_	_	_	linguistic	_	none	_	_	_	_	_	_
90-4	BOI003	90	90	4	le	le	_	_	_	_	_	linguistic	_	none	_	_	_	_	_	_
90-5	BOI003	90	90	5	su[periori]	superiori	_	_	_	_	_	linguistic	_	none	_	End=268.59	_	_	_	2-9(27)
91-0	BOR001	91	91	0	[°ah	ah	_	_	_	_	_	linguistic	_	none	Volume=low	Begin=267.775	_	_	_	0-2(27)
91-1	BOR001	91	91	1	okay°]	okay	_	_	_	_	_	linguistic	_	none	Volume=low	End=268.459	_	_	_	0-4(27)
92-0	BOI003	92	92	0	[che	che	_	_	_	_	_	linguistic	_	none	_	Begin=268.875	_	_	_	_
92-1	BOI003	92	92	1	ho	ho	_	_	_	_	_	linguistic	_	none	_	_	_	_	_	_
92-2	BOI003	92	92	2	fatto	fatto	_	_	_	_	_	linguistic	_	none	_	_	_	_	_	_
92-3	BOI003	92	92	3	l'	l'	_	_	_	_	_	linguistic	_	none	SpaceAfter=No	_	_	_	_	_
92-4	BOI003	92	92	4	istituto	istituto	_	_	_	_	_	linguistic	_	none	_	_	_	_	_	_
92-5	BOI003	92	92	5	per	per	_	_	_	_	_	linguistic	_	none	_	_	_	_	_	_
92-6	BOI003	92	92	6	ragioneria	ragioneria	_	_	_	_	_	linguistic	_	none	_	_	_	_	_	_
92-7	BOI003	92	92	7	e	e	_	_	_	_	_	linguistic	_	none	_	_	_	_	_	_
92-8	BOI003	92	92	8	prima	prima	_	_	_	_	_	linguistic	_	none	_	_	_	_	_	_
92-9	BOI003	92	92	9	invece	invece	_	_	_	_	_	linguistic	_	none	_	_	_	_	_	_
92-10	BOI003	92	92	10	ero	ero	_	_	_	_	_	linguistic	_	none	_	_	_	_	_	_
92-11	BOI003	92	92	11	in	in	_	_	_	_	_	linguistic	_	none	_	_	_	_	_	_
92-12	BOI003	92	92	12	via	via	_	_	_	_	_	linguistic	_	none	_	_	_	_	_	_
92-13	BOI003	92	92	13	marconi	marconi	_	_	_	_	_	linguistic	_	none	_	End=273.027	_	_	_	_
93-0	BOR001	93	93	0	[°mhmh°]	mhmh	_	_	_	_	_	linguistic	_	none	Volume=low	Begin=268.875|End=269.561	_	_	_	0-4(28)
94-0	BOI003	94	94	0	quindi	quindi	_	_	_	_	_	linguistic	_	none	_	Begin=273.1	_	_	_	_
94-1	BOI003	94	94	1	insomma	insomma	_	_	_	_	_	linguistic	_	none	_	_	_	_	_	_
94-2	BOI003	94	94	2	comunque	comunque	_	_	_	_	_	linguistic	_	none	_	_	_	_	_	_
94-3	BOI003	94	94	3	sono	sono	_	_	_	_	_	linguistic	_	none	_	_	_	_	_	_
94-4	BOI003	94	94	4	semp[re	sempre	_	_	_	_	_	linguistic	_	none	_	_	_	_	_	4-6(29)
94-5	BOI003	94	94	5	stata]	stata	_	_	_	_	_	linguistic	_	none	_	_	_	_	_	0-5(29)
94-6	BOI003	94	94	6	in	in	_	_	_	_	_	linguistic	_	none	_	_	_	_	_	_
94-7	BOI003	94	94	7	zona	zona	_	_	_	_	_	linguistic	_	none	_	_	_	_	_	_
94-8	BOI003	94	94	8	centrale	centrale	_	_	_	_	_	linguistic	_	none	_	_	_	_	_	_
94-9	BOI003	94	94	9	ecco	ecco	_	_	_	_	_	linguistic	_	none	_	_	_	_	_	_
94-10	BOI003	94	94	10	di	di	_	_	_	_	_	linguistic	_	none	_	_	_	_	_	_
94-11	BOI003	94	94	11	bologna	bologna	_	_	_	_	_	linguistic	_	none	_	_	_	_	_	_
94-12	BOI003	94	94	12	ehm	ehm	_	_	_	_	_	linguistic	_	none	_	End=277.815	_	_	_	_
95-0	BOR001	95	95	0	[okay]	okay	_	_	_	_	_	linguistic	_	none	_	Begin=274.535|End=275.123	_	_	_	0-4(29)
96-0	BOI003	96	96	0	e:	e	_	_	_	_	_	linguistic	_	none	_	Begin=278.44	0x1	_	_	_
96-1	BOI003	96	96	1	m'	m'	_	_	_	_	_	linguistic	_	none	SpaceAfter=No	_	_	_	_	_
96-2	BOI003	96	96	2	è	è	_	_	_	_	_	linguistic	_	none	_	_	_	_	_	_
96-3	BOI003	96	96	3	sempre	sempre	_	_	_	_	_	linguistic	_	none	_	_	_	_	_	_
96-4	BOI003	96	96	4	piaciuto	piaciuto	_	_	_	_	_	linguistic	_	none	_	_	_	_	_	_
96-5	BOI003	96	96	5	anche	anche	_	_	_	_	_	linguistic	_	none	_	_	_	_	_	_
96-6	BOI003	96	96	6	per	per	_	_	_	_	_	linguistic	_	none	_	_	_	_	_	_
96-7	BOI003	96	96	7	questo	questo	_	_	_	_	_	linguistic	_	none	_	_	_	_	_	_
96-8	BOI003	96	96	8	perché	perché	_	_	_	_	_	linguistic	_	none	_	_	_	_	_	_
96-9	BOI003	96	96	9	mh	mh	_	_	_	_	_	linguistic	_	none	_	_	_	_	_	_
96-10	BOI003	96	96	10	lo	lo	_	_	_	_	_	linguistic	_	none	_	_	_	_	_	_
96-11	BOI003	96	96	11	so	so	_	_	_	_	_	linguistic	_	none	_	_	_	_	_	_
96-12	BOI003	96	96	12	a	a	_	_	_	_	_	linguistic	_	none	_	_	_	_	_	_
96-13	BOI003	96	96	13	me	me	_	_	_	_	_	linguistic	_	none	_	_	_	_	_	_
96-14	BOI003	96	96	14	è	è	_	_	_	_	_	linguistic	_	none	_	_	_	_	_	_
96-15	BOI003	96	96	15	sempre	sempre	_	_	_	_	_	linguistic	_	none	_	_	_	_	_	_
96-16	BOI003	96	96	16	piaciuto	piaciuto	_	_	_	_	_	linguistic	_	none	_	_	_	_	_	_
96-17	BOI003	96	96	17	il	il	_	_	_	_	_	linguistic	_	none	_	_	_	_	_	_
96-18	BOI003	96	96	18	centro	centro	_	_	_	_	_	linguistic	_	none	_	_	_	_	_	_
96-19	BOI003	96	96	19	e	e	_	_	_	_	_	linguistic	_	none	_	_	_	_	_	_
96-20	BOI003	96	96	20	[quindi]	quindi	_	_	_	_	_	linguistic	_	none	_	End=284.387	_	_	_	0-6(30)
97-0	BOR001	97	97	0	[mhmh]	mhmh	_	_	_	_	_	linguistic	_	none	_	Begin=284.095|End=284.38	_	_	_	0-4(30)
98-0	BOR001	98	98	0	[o~	o~	_	_	_	_	_	linguistic	_	none	Interrupted=Yes	Begin=285.547	_	_	_	0-2(31)
98-1	BOR001	98	98	1	o]kay	okay	_	_	_	_	_	linguistic	_	none	_	End=286.873	_	_	_	0-1(31)
99-0	BOI003	99	99	0	[°e	e	_	_	_	_	_	linguistic	_	none	Volume=low	Begin=285.587	_	_	_	0-1(31)
99-1	BOI003	99	99	1	così°]	così	_	_	_	_	_	linguistic	_	none	Volume=low	End=286.28	_	_	_	0-4(31)
100-0	BOR001	100	100	0	e	e	_	_	_	_	_	linguistic	_	none	_	Begin=287.055	_	_	_	_
100-1	BOR001	100	100	1	quindi	quindi	_	_	_	_	_	linguistic	_	none	_	_	_	_	_	_
100-2	BOR001	100	100	2	tu	tu	_	_	_	_	_	linguistic	_	none	_	_	_	_	_	_
100-3	BOR001	100	100	3	andavi	andavi	_	_	_	_	_	linguistic	_	none	_	_	_	_	_	_
100-4	BOR001	100	100	4	tipo	tipo	_	_	_	_	_	linguistic	_	none	_	_	_	_	_	_
100-5	BOR001	100	100	5	a	a	_	_	_	_	_	linguistic	_	none	_	_	_	_	_	_
100-6	BOR001	100	100	6	piedi	piedi	_	_	_	_	_	linguistic	_	none	_	_	_	_	_	_
100-7	BOR001	100	100	7	sempre	sempre	_	_	_	_	_	linguistic	_	none	_	End=289.05	_	_	_	_
101-0	BOI003	101	101	0	sempre	sempre	_	_	_	_	_	linguistic	_	none	_	Begin=289.05	_	_	_	_
101-1	BOI003	101	101	1	a	a	_	_	_	_	_	linguistic	_	none	_	_	_	_	_	_
101-2	BOI003	101	101	2	piedi	piedi	_	_	_	_	_	linguistic	_	none	_	_	_	_	_	_
101-3	BOI003	101	101	3	o	o	_	_	_	_	_	linguistic	_	none	_	_	_	_	_	_
101-4	BOI003	101	101	4	a	a	_	_	_	_	_	linguistic	_	none	_	_	_	_	_	_
101-5	BOI003	101	101	5	volte	volte	_	_	_	_	_	linguistic	_	none	_	_	_	_	_	_
101-6	BOI003	101	101	6	in	in	_	_	_	_	_	linguistic	_	none	_	_	_	_	_	_
101-7	BOI003	101	101	7	autobus	autobus	_	_	_	_	_	linguistic	_	none	_	_	_	_	_	_
101-8	BOI003	101	101	8	però	però	_	_	_	_	_	linguistic	_	none	_	End=291.92	_	_	_	_
102-0	BOI003	102	102	0	anche	anche	_	_	_	_	_	linguistic	_	none	_	Begin=292.267	_	_	_	_
102-1	BOI003	102	102	1	lì	lì	_	_	_	_	_	linguistic	_	none	_	_	_	_	_	_
102-2	BOI003	102	102	2	se	se	_	_	_	_	_	linguistic	_	none	_	_	_	_	_	_
102-3	BOI003	102	102	3	l'	l'	_	_	_	_	_	linguistic	_	none	SpaceAfter=No	_	_	_	_	_
102-4	BOI003	102	102	4	autobus	autobus	_	_	_	_	_	linguistic	_	none	_	_	_	_	_	_
102-5	BOI003	102	102	5	magari	magari	_	_	_	_	_	linguistic	_	none	_	_	_	_	_	_
102-6	BOI003	102	102	6	era	era	_	_	_	_	_	linguistic	_	none	_	_	_	_	_	_
102-7	BOI003	102	102	7	troppo	troppo	_	_	_	_	_	linguistic	_	none	_	_	_	_	_	_
102-8	BOI003	102	102	8	pieno,	pieno	_	_	_	_	_	linguistic	_	none	Intonation=WeaklyRising	_	_	_	_	_
102-9	BOI003	102	102	9	oppure	oppure	_	_	_	_	_	linguistic	_	none	_	_	_	_	_	_
102-10	BOI003	102	102	10	tardava,	tardava	_	_	_	_	_	linguistic	_	none	Intonation=WeaklyRising	_	_	_	_	_
102-11	BOI003	102	102	11	così	così	_	_	_	_	_	linguistic	_	none	_	_	_	_	_	_
102-12	BOI003	102	102	12	non	non	_	_	_	_	_	linguistic	_	none	_	_	_	_	_	_
102-13	BOI003	102	102	13	avevo	avevo	_	_	_	_	_	linguistic	_	none	_	_	_	_	_	_
102-14	BOI003	102	102	14	problemi	problemi	_	_	_	_	_	linguistic	_	none	_	_	_	_	_	_
102-15	BOI003	102	102	15	ad	ad	_	_	_	_	_	linguistic	_	none	_	_	_	_	_	_
102-16	BOI003	102	102	16	andare	andare	_	_	_	_	_	linguistic	_	none	_	_	_	_	_	_
102-17	BOI003	102	102	17	a	a	_	_	_	_	_	linguistic	_	none	_	_	_	_	_	_
102-18	BOI003	102	102	18	piedi	piedi	_	_	_	_	_	linguistic	_	none	_	End=298.805	_	_	_	_
103-0	BOI003	103	103	0	perché	perché	_	_	_	_	_	linguistic	_	none	_	Begin=298.885	_	_	_	_
103-1	BOI003	103	103	1	si	si	_	_	_	_	_	linguistic	_	none	_	_	_	_	_	_
103-2	BOI003	103	103	2	trattava	trattava	_	_	_	_	_	linguistic	_	none	_	_	_	_	_	_
103-3	BOI003	103	103	3	sempre:	sempre	_	_	_	_	_	linguistic	_	none	_	_	5x1	_	_	_
103-4	BOI003	103	103	4	di	di	_	_	_	_	_	linguistic	_	none	_	_	_	_	_	_
103-5	BOI003	103	103	5	due	due	_	_	_	_	_	linguistic	_	none	_	_	_	_	_	_
103-6	BOI003	103	103	6	massimo	massimo	_	_	_	_	_	linguistic	_	none	_	_	_	_	_	_
103-7	BOI003	103	103	7	tre	tre	_	_	_	_	_	linguistic	_	none	_	_	_	_	_	_
103-8	BOI003	103	103	8	chilo:metri	chilometri	_	_	_	_	_	linguistic	_	none	_	_	4x1	_	_	_
103-9	BOI003	103	103	9	a	a	_	_	_	_	_	linguistic	_	none	_	_	_	_	_	_
103-10	BOI003	103	103	10	dir	dir	_	_	_	_	_	linguistic	_	none	_	_	_	_	_	_
103-11	BOI003	103	103	11	mo:lto	molto	_	_	_	_	_	linguistic	_	none	_	_	1x1	_	_	_
103-12	BOI003	103	103	12	ecco	ecco	_	_	_	_	_	linguistic	_	none	_	End=303.347	_	_	_	_
104-0	BOI003	104	104	0	[però:]	però	_	_	_	_	_	linguistic	_	none	_	Begin=303.5	3x1	_	_	0-4(32)
104-1	BOI003	104	104	1	insomma	insomma	_	_	_	_	_	linguistic	_	none	_	End=304.593	_	_	_	_
105-0	BOR001	105	105	0	[mhmh]	mhmh	_	_	_	_	_	linguistic	_	none	_	Begin=303.513|End=304.1	_	_	_	0-4(32)
106-0	BOI003	106	106	0	e	e	_	_	_	_	_	linguistic	_	none	_	Begin=305.013	_	_	_	_
106-1	BOI003	106	106	1	quindi	quindi	_	_	_	_	_	linguistic	_	none	_	_	_	_	_	_
106-2	BOI003	106	106	2	mi	mi	_	_	_	_	_	linguistic	_	none	_	_	_	_	_	_
106-3	BOI003	106	106	3	è	è	_	_	_	_	_	linguistic	_	none	_	_	_	_	_	_
106-4	BOI003	106	106	4	sempre	sempre	_	_	_	_	_	linguistic	_	none	_	_	_	_	_	_
106-5	BOI003	106	106	5	piaciuto	piaciuto	_	_	_	_	_	linguistic	_	none	_	_	_	_	_	_
106-6	BOI003	106	106	6	anche	anche	_	_	_	_	_	linguistic	_	none	_	_	_	_	_	_
106-7	BOI003	106	106	7	girare,	girare	_	_	_	_	_	linguistic	_	none	Intonation=WeaklyRising	_	_	_	_	_
106-8	BOI003	106	106	8	a	a	_	_	_	_	_	linguistic	_	none	_	_	_	_	_	_
106-9	BOI003	106	106	9	piedi	piedi	_	_	_	_	_	linguistic	_	none	_	_	_	_	_	_
106-10	BOI003	106	106	10	per	per	_	_	_	_	_	linguistic	_	none	_	_	_	_	_	_
106-11	BOI003	106	106	11	la	la	_	_	_	_	_	linguistic	_	none	_	_	_	_	_	_
106-12	BOI003	106	106	12	città,	città	_	_	_	_	_	linguistic	_	none	Intonation=WeaklyRising	_	_	_	_	_
106-13	BOI003	106	106	13	insomma	insomma	_	_	_	_	_	linguistic	_	none	_	_	_	_	_	_
106-14	BOI003	106	106	14	per	per	_	_	_	_	_	linguistic	_	none	_	_	_	_	_	_
106-15	BOI003	106	106	15	le	le	_	_	_	_	_	linguistic	_	none	_	_	_	_	_	_
106-16	BOI003	106	106	16	stradine	stradine	_	_	_	_	_	linguistic	_	none	_	_	_	_	_	_
106-17	BOI003	106	106	17	e	e	_	_	_	_	_	linguistic	_	none	_	_	_	_	_	_
106-18	BOI003	106	106	18	tutto	tutto	_	_	_	_	_	linguistic	_	none	_	_	_	_	_	_
106-19	BOI003	106	106	19	qu[anto	quanto	_	_	_	_	_	linguistic	_	none	_	_	_	_	_	2-6(33)
106-20	BOI003	106	106	20	ecco]	ecco	_	_	_	_	_	linguistic	_	none	_	End=311.167	_	_	_	0-4(33)
107-0	BOR001	107	107	0	[okay]	okay	_	_	_	_	_	linguistic	_	none	_	Begin=310.865|End=311.14	_	_	_	0-4(33)
108-0	BOR001	108	108	0	quindi	quindi	_	_	_	_	_	linguistic	_	none	_	Begin=311.533	_	_	_	_
108-1	BOR001	108	108	1	comunque	comunque	_	_	_	_	_	linguistic	_	none	_	_	_	_	_	_
108-2	BOR001	108	108	2	c(io)é	cioé	_	_	_	_	_	linguistic	_	none	Reduced=Yes	_	_	_	_	_
108-3	BOR001	108	108	3	secondo	secondo	_	_	_	_	_	linguistic	_	none	_	_	_	_	_	_
108-4	BOR001	108	108	4	te	te	_	_	_	_	_	linguistic	_	none	_	_	_	_	_	_
108-5	BOR001	108	108	5	bologna	bologna	_	_	_	_	_	linguistic	_	none	_	_	_	_	_	_
108-6	BOR001	108	108	6	è	è	_	_	_	_	_	linguistic	_	none	_	_	_	_	_	_
108-7	BOR001	108	108	7	una	una	_	_	_	_	_	linguistic	_	none	_	_	_	_	_	_
108-8	BOR001	108	108	8	città	città	_	_	_	_	_	linguistic	_	none	_	_	_	_	_	_
108-9	BOR001	108	108	9	abbastanza	abbastanza	_	_	_	_	_	linguistic	_	none	_	End=315.587	_	_	_	_
109-0	BOR001	109	109	0	c(io)è	cioè	_	_	_	_	_	linguistic	_	none	Reduced=Yes	Begin=315.96	_	_	_	_
109-1	BOR001	109	109	1	ogni	ogni	_	_	_	_	_	linguistic	_	none	_	_	_	_	_	_
109-2	BOR001	109	109	2	quart~	quart~	_	_	_	_	_	linguistic	_	none	Interrupted=Yes	_	_	_	_	_
109-3	BOR001	109	109	3	in	in	_	_	_	_	_	linguistic	_	none	_	_	_	_	_	_
109-4	BOR001	109	109	4	ogni	ogni	_	_	_	_	_	linguistic	_	none	_	_	_	_	_	_
109-5	BOR001	109	109	5	quartiere	quartiere	_	_	_	_	_	linguistic	_	none	_	_	_	_	_	_
109-6	BOR001	109	109	6	si	si	_	_	_	_	_	linguistic	_	none	_	_	_	_	_	_
109-7	BOR001	109	109	7	trova	trova	_	_	_	_	_	linguistic	_	none	_	_	_	_	_	_
109-8	BOR001	109	109	8	sostanzialmente	sostanzialmente	_	_	_	_	_	linguistic	_	none	_	_	_	_	_	_
109-9	BOR001	109	109	9	tutto	tutto	_	_	_	_	_	linguistic	_	none	_	End=319.707	_	_	_	_
110-0	BOR001	110	110	0	quello	quello	_	_	_	_	_	linguistic	_	none	_	Begin=320.147	_	_	_	_
110-1	BOR001	110	110	1	di	di	_	_	_	_	_	linguistic	_	none	_	_	_	_	_	_
110-2	BOR001	110	110	2	cui	cui	_	_	_	_	_	linguistic	_	none	_	_	_	_	_	_
110-3	BOR001	110	110	3	hai	hai	_	_	_	_	_	linguistic	_	none	_	_	_	_	_	_
110-4	BOR001	110	110	4	bisogno	bisogno	_	_	_	_	_	linguistic	_	none	_	_	_	_	_	_
110-5	BOR001	110	110	5	non	non	_	_	_	_	_	linguistic	_	none	_	_	_	_	_	_
110-6	BOR001	110	110	6	è	è	_	_	_	_	_	linguistic	_	none	_	_	_	_	_	_
110-7	BOR001	110	110	7	che	che	_	_	_	_	_	linguistic	_	none	_	_	_	_	_	_
110-8	BOR001	110	110	8	devi	devi	_	_	_	_	_	linguistic	_	none	_	_	_	_	_	_
110-9	BOR001	110	110	9	mai	mai	_	_	_	_	_	linguistic	_	none	_	_	_	_	_	_
110-10	BOR001	110	110	10	girare	girare	_	_	_	_	_	linguistic	_	none	_	_	_	_	_	_
110-11	BOR001	110	110	11	tanto	tanto	_	_	_	_	_	linguistic	_	none	_	_	_	_	_	_
110-12	BOR001	110	110	12	o	o	_	_	_	_	_	linguistic	_	none	_	End=323.506	_	_	_	_
111-0	BOI003	111	111	0	[sec~	sec~	_	_	_	_	_	linguistic	_	none	Interrupted=Yes	Begin=323.8	_	_	_	0-4(34)
111-1	BOI003	111	111	1	seco~]	seco~	_	_	_	_	_	linguistic	_	none	Interrupted=Yes	End=325.067	_	_	_	0-5(34)
112-0	BOR001	112	112	0	[ci~	ci~	_	_	_	_	_	linguistic	_	none	Interrupted=Yes	Begin=323.807	_	_	_	0-3(34)
112-1	BOR001	112	112	1	per	per	_	_	_	_	_	linguistic	_	none	_	_	_	_	_	0-3(34)
112-2	BOR001	112	112	2	certe	certe	_	_	_	_	_	linguistic	_	none	_	_	_	_	_	0-5(34)
112-3	BOR001	112	112	3	cose]	cose	_	_	_	_	_	linguistic	_	none	_	End=325.313	_	_	_	0-4(34)
113-0	BOI003	113	113	0	secondo	secondo	_	_	_	_	_	linguistic	_	none	_	Begin=325.575	_	_	_	_
113-1	BOI003	113	113	1	me	me	_	_	_	_	_	linguistic	_	none	_	_	_	_	_	_
113-2	BOI003	113	113	2	sì	sì	_	_	_	_	_	linguistic	_	none	_	_	_	_	_	_
113-3	BOI003	113	113	3	e:	e	_	_	_	_	_	linguistic	_	none	_	_	0x1	_	_	_
113-4	BOI003	113	113	4	almeno	almeno	_	_	_	_	_	linguistic	_	none	_	_	_	_	_	_
113-5	BOI003	113	113	5	per	per	_	_	_	_	_	linguistic	_	none	_	_	_	_	_	_
113-6	BOI003	113	113	6	quanto	quanto	_	_	_	_	_	linguistic	_	none	_	_	_	_	_	_
113-7	BOI003	113	113	7	riguarda	riguarda	_	_	_	_	_	linguistic	_	none	_	_	_	_	_	_
113-8	BOI003	113	113	8	i	i	_	_	_	_	_	linguistic	_	none	_	_	_	_	_	_
113-9	BOI003	113	113	9	quartieri	quartieri	_	_	_	_	_	linguistic	_	none	_	_	_	_	_	_
113-10	BOI003	113	113	10	del	del	_	_	_	_	_	linguistic	_	none	_	_	_	_	_	_
113-11	BOI003	113	113	11	centro	centro	_	_	_	_	_	linguistic	_	none	_	_	_	_	_	_
113-12	BOI003	113	113	12	di	di	_	_	_	_	_	linguistic	_	none	_	_	_	_	_	_
113-13	BOI003	113	113	13	bologna	bologna	_	_	_	_	_	linguistic	_	none	_	_	_	_	_	_
113-14	BOI003	113	113	14	così	così	_	_	_	_	_	linguistic	_	none	_	_	_	_	_	_
113-15	BOI003	113	113	15	c'	c'	_	_	_	_	_	linguistic	_	none	SpaceAfter=No	_	_	_	_	_
113-16	BOI003	113	113	16	è	è	_	_	_	_	_	linguistic	_	none	_	_	_	_	_	_
113-17	BOI003	113	113	17	sempre:	sempre	_	_	_	_	_	linguistic	_	none	_	End=332.884	5x1	_	_	_
114-0	BOI003	114	114	0	tutto	tutto	_	_	_	_	_	linguistic	_	none	_	Begin=332.985	_	_	_	_
114-1	BOI003	114	114	1	e	e	_	_	_	_	_	linguistic	_	none	PauseAfter=Yes	_	_	_	_	_
114-2	BOI003	114	114	2	(.)	(.)	_	_	_	_	_	shortpause	_	none	_	_	_	_	_	_
114-3	BOI003	114	114	3	e	e	_	_	_	_	_	linguistic	_	none	_	_	_	_	_	_
114-4	BOI003	114	114	4	tutto	tutto	_	_	_	_	_	linguistic	_	none	_	_	_	_	_	_
114-5	BOI003	114	114	5	anche	anche	_	_	_	_	_	linguistic	_	none	_	_	_	_	_	_
114-6	BOI003	114	114	6	facilmente	facilmente	_	_	_	_	_	linguistic	_	none	_	_	_	_	_	_
114-7	BOI003	114	114	7	accessibile	accessibile	_	_	_	_	_	linguistic	_	none	_	End=336.705	_	_	_	_
115-0	BOI003	115	115	0	se	se	_	_	_	_	_	linguistic	_	none	_	Begin=337.08	_	_	_	_
115-1	BOI003	115	115	1	andiamo	andiamo	_	_	_	_	_	linguistic	_	none	_	_	_	_	_	_
115-2	BOI003	115	115	2	nella	nella	_	_	_	_	_	linguistic	_	none	_	_	_	_	_	_
115-3	BOI003	115	115	3	periferia	periferia	_	_	_	_	_	linguistic	_	none	_	_	_	_	_	_
115-4	BOI003	115	115	4	ecco	ecco	_	_	_	_	_	linguistic	_	none	_	_	_	_	_	_
115-5	BOI003	115	115	5	che	che	_	_	_	_	_	linguistic	_	none	_	_	_	_	_	_
115-6	BOI003	115	115	6	magari	magari	_	_	_	_	_	linguistic	_	none	_	End=340.693	_	_	_	_
116-0	BOI003	116	116	0	ad	ad	_	_	_	_	_	linguistic	_	none	_	Begin=340.72	_	_	_	_
116-1	BOI003	116	116	1	esempio	esempio	_	_	_	_	_	linguistic	_	none	_	_	_	_	_	_
116-2	BOI003	116	116	2	io	io	_	_	_	_	_	linguistic	_	none	_	_	_	_	_	_
116-3	BOI003	116	116	3	per	per	_	_	_	_	_	linguistic	_	none	_	_	_	_	_	_
116-4	BOI003	116	116	4	alcuni	alcuni	_	_	_	_	_	linguistic	_	none	_	_	_	_	_	_
116-5	BOI003	116	116	5	anni	anni	_	_	_	_	_	linguistic	_	none	_	_	_	_	_	_
116-6	BOI003	116	116	6	ho	ho	_	_	_	_	_	linguistic	_	none	_	_	_	_	_	_
116-7	BOI003	116	116	7	lavorato	lavorato	_	_	_	_	_	linguistic	_	none	_	_	_	_	_	_
116-8	BOI003	116	116	8	fuori	fuori	_	_	_	_	_	linguistic	_	none	_	_	_	_	_	_
116-9	BOI003	116	116	9	bologna	bologna	_	_	_	_	_	linguistic	_	none	_	_	_	_	_	_
116-10	BOI003	116	116	10	a	a	_	_	_	_	_	linguistic	_	none	_	_	_	_	_	_
116-11	BOI003	116	116	11	san	san	_	_	_	_	_	linguistic	_	none	_	_	_	_	_	_
116-12	BOI003	116	116	12	pietro	pietro	_	_	_	_	_	linguistic	_	none	_	_	_	_	_	_
116-13	BOI003	116	116	13	in	in	_	_	_	_	_	linguistic	_	none	_	_	_	_	_	_
116-14	BOI003	116	116	14	cas[ale]	casale	_	_	_	_	_	linguistic	_	none	_	End=345.333	_	_	_	3-6(35)
117-0	BOR001	117	117	0	[°mhmh°]	mhmh	_	_	_	_	_	linguistic	_	none	Volume=low	Begin=344.853|End=345.333	_	_	_	0-4(35)
118-0	BOI003	118	118	0	e:hm	ehm	_	_	_	_	_	linguistic	_	none	_	Begin=345.827	0x1	_	_	_
118-1	BOI003	118	118	1	insomma	insomma	_	_	_	_	_	linguistic	_	none	_	_	_	_	_	_
118-2	BOI003	118	118	2	m:h	mh	_	_	_	_	_	linguistic	_	none	_	End=347.94	0x1	_	_	_
119-0	BOI003	119	119	0	lì	lì	_	_	_	_	_	linguistic	_	none	_	Begin=348.02	_	_	_	_
119-1	BOI003	119	119	1	adesso	adesso	_	_	_	_	_	linguistic	_	none	_	_	_	_	_	_
119-2	BOI003	119	119	2	dipende	dipende	_	_	_	_	_	linguistic	_	none	_	_	_	_	_	_
119-3	BOI003	119	119	3	dai	dai	_	_	_	_	_	linguistic	_	none	_	_	_	_	_	_
119-4	BOI003	119	119	4	punti	punti	_	_	_	_	_	linguistic	_	none	_	_	_	_	_	_
119-5	BOI003	119	119	5	di	di	_	_	_	_	_	linguistic	_	none	_	_	_	_	_	_
119-6	BOI003	119	119	6	vista	vista	_	_	_	_	_	linguistic	_	none	_	_	_	_	_	_
119-7	BOI003	119	119	7	però	però	_	_	_	_	_	linguistic	_	none	_	_	_	_	_	_
119-8	BOI003	119	119	8	a	a	_	_	_	_	_	linguistic	_	none	_	_	_	_	_	_
119-9	BOI003	119	119	9	me	me	_	_	_	_	_	linguistic	_	none	_	_	_	_	_	_
119-10	BOI003	119	119	10	lì	lì	_	_	_	_	_	linguistic	_	none	_	_	_	_	_	_
119-11	BOI003	119	119	11	non	non	_	_	_	_	_	linguistic	_	none	_	_	_	_	_	_
119-12	BOI003	119	119	12	piace~	piace~	_	_	_	_	_	linguistic	_	none	Interrupted=Yes	_	_	_	_	_
119-13	BOI003	119	119	13	mh	mh	_	_	_	_	_	linguistic	_	none	_	End=351.787	_	_	_	_
120-0	BOI003	120	120	0	non	non	_	_	_	_	_	linguistic	_	none	_	Begin=351.867	_	_	_	_
120-1	BOI003	120	120	1	mi	mi	_	_	_	_	_	linguistic	_	none	_	_	_	_	_	_
120-2	BOI003	120	120	2	sarebbe	sarebbe	_	_	_	_	_	linguistic	_	none	_	_	_	_	_	_
120-3	BOI003	120	120	3	piaciuto	piaciuto	_	_	_	_	_	linguistic	_	none	_	_	_	_	_	_
120-4	BOI003	120	120	4	ad~	ad~	_	_	_	_	_	linguistic	_	none	Interrupted=Yes	_	_	_	_	_
120-5	BOI003	120	120	5	abitare	abitare	_	_	_	_	_	linguistic	_	none	_	_	_	_	_	_
120-6	BOI003	120	120	6	proprio	proprio	_	_	_	_	_	linguistic	_	none	_	_	_	_	_	_
120-7	BOI003	120	120	7	perché	perché	_	_	_	_	_	linguistic	_	none	PauseAfter=Yes	_	_	_	_	_
120-8	BOI003	120	120	8	(.)	(.)	_	_	_	_	_	shortpause	_	none	_	_	_	_	_	_
120-9	BOI003	120	120	9	e:hm	ehm	_	_	_	_	_	linguistic	_	none	_	End=356.365	0x1	_	_	_
121-0	BOI003	121	121	0	mi	mi	_	_	_	_	_	linguistic	_	none	_	Begin=356.6	_	_	_	_
121-1	BOI003	121	121	1	sembra	sembra	_	_	_	_	_	linguistic	_	none	_	_	_	_	_	_
121-2	BOI003	121	121	2	di	di	_	_	_	_	_	linguistic	_	none	_	_	_	_	_	_
121-3	BOI003	121	121	3	essere	essere	_	_	_	_	_	linguistic	_	none	_	_	_	_	_	_
121-4	BOI003	121	121	4	un	un	_	_	_	_	_	linguistic	_	none	_	_	_	_	_	_
121-5	BOI003	121	121	5	po'	po'	_	_	_	_	_	linguistic	_	none	_	_	_	_	_	_
121-6	BOI003	121	121	6	fuori	fuori	_	_	_	_	_	linguistic	_	none	_	_	_	_	_	_
121-7	BOI003	121	121	7	ecco	ecco	_	_	_	_	_	linguistic	_	none	_	_	_	_	_	_
121-8	BOI003	121	121	8	[fuori	fuori	_	_	_	_	_	linguistic	_	none	_	_	_	_	_	0-5(36)
121-9	BOI003	121	121	9	un	un	_	_	_	_	_	linguistic	_	none	_	_	_	_	_	0-2(36)
121-10	BOI003	121	121	10	po'	po'	_	_	_	_	_	linguistic	_	none	_	_	_	_	_	0-3(36)
121-11	BOI003	121	121	11	da]	da	_	_	_	_	_	linguistic	_	none	_	_	_	_	_	0-2(36)
121-12	BOI003	121	121	12	tutto?	tutto	_	_	_	_	_	linguistic	_	none	Intonation=Rising	End=360.367	_	_	_	_
122-0	BOR001	122	122	0	[mhmh]	mhmh	_	_	_	_	_	linguistic	_	none	_	Begin=358.995|End=359.681	_	_	_	0-4(36)
123-0	BOI003	123	123	0	e::hm	ehm	_	_	_	_	_	linguistic	_	none	_	Begin=361.207|End=362.653	0x2	_	_	_
124-0	BOI003	124	124	0	non	non	_	_	_	_	_	linguistic	_	none	_	Begin=363.033	_	_	_	_
124-1	BOI003	124	124	1	resci	resci	_	_	_	_	_	linguistic	_	none	_	_	_	_	_	_
124-2	BOI003	124	124	2	alcuni	alcuni	_	_	_	_	_	linguistic	_	none	_	_	_	_	_	_
124-3	BOI003	124	124	3	servizi	servizi	_	_	_	_	_	linguistic	_	none	_	_	_	_	_	_
124-4	BOI003	124	124	4	magari	magari	_	_	_	_	_	linguistic	_	none	_	End=366.122	_	_	_	_
125-0	BOI003	125	125	0	sono	sono	_	_	_	_	_	linguistic	_	none	_	Begin=366.185	_	_	_	_
125-1	BOI003	125	125	1	limitati	limitati	_	_	_	_	_	linguistic	_	none	_	_	_	_	_	_
125-2	BOI003	125	125	2	perché	perché	_	_	_	_	_	linguistic	_	none	_	_	_	_	_	_
125-3	BOI003	125	125	3	puoi	puoi	_	_	_	_	_	linguistic	_	none	_	_	_	_	_	_
125-4	BOI003	125	125	4	andare	andare	_	_	_	_	_	linguistic	_	none	_	_	_	_	_	_
125-5	BOI003	125	125	5	solo	solo	_	_	_	_	_	linguistic	_	none	_	_	_	_	_	_
125-6	BOI003	125	125	6	lì	lì	_	_	_	_	_	linguistic	_	none	_	_	_	_	_	_
125-7	BOI003	125	125	7	oppure	oppure	_	_	_	_	_	linguistic	_	none	_	End=369.047	_	_	_	_
126-0	BOI003	126	126	0	invece:	invece	_	_	_	_	_	linguistic	_	none	_	Begin=369.373	5x1	_	_	_
126-1	BOI003	126	126	1	dovresti	dovresti	_	_	_	_	_	linguistic	_	none	_	_	_	_	_	_
126-2	BOI003	126	126	2	prendere	prendere	_	_	_	_	_	linguistic	_	none	_	_	_	_	_	_
126-3	BOI003	126	126	3	la	la	_	_	_	_	_	linguistic	_	none	_	_	_	_	_	_
126-4	BOI003	126	126	4	macchina	macchina	_	_	_	_	_	linguistic	_	none	_	_	_	_	_	_
126-5	BOI003	126	126	5	fare	fare	_	_	_	_	_	linguistic	_	none	_	_	_	_	_	_
126-6	BOI003	126	126	6	diversi	diversi	_	_	_	_	_	linguistic	_	none	_	_	_	_	_	_
126-7	BOI003	126	126	7	chilometri	chilometri	_	_	_	_	_	linguistic	_	none	_	_	_	_	_	_
126-8	BOI003	126	126	8	così	così	_	_	_	_	_	linguistic	_	none	_	End=373.86	_	_	_	_
127-0	BOI003	127	127	0	e	e	_	_	_	_	_	linguistic	_	none	_	Begin=374.305	_	_	_	_
127-1	BOI003	127	127	1	quindi	quindi	_	_	_	_	_	linguistic	_	none	_	_	_	_	_	_
127-2	BOI003	127	127	2	ecco	ecco	_	_	_	_	_	linguistic	_	none	_	_	_	_	_	_
127-3	BOI003	127	127	3	fuori	fuori	_	_	_	_	_	linguistic	_	none	_	_	_	_	_	_
127-4	BOI003	127	127	4	bologna	bologna	_	_	_	_	_	linguistic	_	none	_	_	_	_	_	_
127-5	BOI003	127	127	5	magari	magari	_	_	_	_	_	linguistic	_	none	_	_	_	_	_	_
127-6	BOI003	127	127	6	la	la	_	_	_	_	_	linguistic	_	none	_	_	_	_	_	_
127-7	BOI003	127	127	7	situazione	situazione	_	_	_	_	_	linguistic	_	none	_	_	_	_	_	_
127-8	BOI003	127	127	8	è	è	_	_	_	_	_	linguistic	_	none	_	_	_	_	_	_
127-9	BOI003	127	127	9	un	un	_	_	_	_	_	linguistic	_	none	_	_	_	_	_	_
127-10	BOI003	127	127	10	po'	po'	_	_	_	_	_	linguistic	_	none	_	_	_	_	_	_
127-11	BOI003	127	127	11	diversa	diversa	_	_	_	_	_	linguistic	_	none	_	_	_	_	_	_
127-12	BOI003	127	127	12	però:	però	_	_	_	_	_	linguistic	_	none	_	End=378.225	3x1	_	_	_
128-0	BOI003	128	128	0	nei	nei	_	_	_	_	_	linguistic	_	none	_	Begin=378.285	_	_	_	_
128-1	BOI003	128	128	1	vari	vari	_	_	_	_	_	linguistic	_	none	_	_	_	_	_	_
128-2	BOI003	128	128	2	quartieri	quartieri	_	_	_	_	_	linguistic	_	none	_	_	_	_	_	_
128-3	BOI003	128	128	3	di	di	_	_	_	_	_	linguistic	_	none	_	_	_	_	_	_
128-4	BOI003	128	128	4	bologna	bologna	_	_	_	_	_	linguistic	_	none	_	_	_	_	_	_
128-5	BOI003	128	128	5	secondo	secondo	_	_	_	_	_	linguistic	_	none	_	_	_	_	_	_
128-6	BOI003	128	128	6	me	me	_	_	_	_	_	linguistic	_	none	_	_	_	_	_	_
128-7	BOI003	128	128	7	tutto	tutto	_	_	_	_	_	linguistic	_	none	_	_	_	_	_	_
128-8	BOI003	128	128	8	è	è	_	_	_	_	_	linguistic	_	none	_	_	_	_	_	_
128-9	BOI003	128	128	9	accessibile	accessibile	_	_	_	_	_	linguistic	_	none	_	_	_	_	_	_
128-10	BOI003	128	128	10	ecco	ecco	_	_	_	_	_	linguistic	_	none	_	End=382.167	_	_	_	_
129-0	BOI003	129	129	0	la	la	_	_	_	_	_	linguistic	_	none	_	Begin=382.273	_	_	_	_
129-1	BOI003	129	129	1	piscina	piscina	_	_	_	_	_	linguistic	_	none	_	_	_	_	_	_
129-2	BOI003	129	129	2	la	la	_	_	_	_	_	linguistic	_	none	_	_	_	_	_	_
129-3	BOI003	129	129	3	palestra	palestra	_	_	_	_	_	linguistic	_	none	_	_	_	_	_	_
129-4	BOI003	129	129	4	il	il	_	_	_	_	_	linguistic	_	none	_	_	_	_	_	_
129-5	BOI003	129	129	5	centro	centro	_	_	_	_	_	linguistic	_	none	_	_	_	_	_	_
129-6	BOI003	129	129	6	commerciale	commerciale	_	_	_	_	_	linguistic	_	none	_	_	_	_	_	_
129-7	BOI003	129	129	7	cinema	cinema	_	_	_	_	_	linguistic	_	none	_	End=385.828	_	_	_	_
130-0	BOI003	130	130	0	e	e	_	_	_	_	_	linguistic	_	none	_	Begin=386.04	_	_	_	_
130-1	BOI003	130	130	1	tutto	tutto	_	_	_	_	_	linguistic	_	none	_	_	_	_	_	_
130-2	BOI003	130	130	2	quanto	quanto	_	_	_	_	_	linguistic	_	none	_	_	_	_	_	_
130-3	BOI003	130	130	3	[ecco]	ecco	_	_	_	_	_	linguistic	_	none	_	End=387.2	_	_	_	0-4(37)
131-0	BOR001	131	131	0	[mhmh]	mhmh	_	_	_	_	_	linguistic	_	none	_	Begin=386.76|End=387.193	_	_	_	0-4(37)
132-0	BOR001	132	132	0	e	e	_	_	_	_	_	linguistic	_	none	_	Begin=387.767	_	_	_	_
132-1	BOR001	132	132	1	per	per	_	_	_	_	_	linguistic	_	none	_	_	_	_	_	_
132-2	BOR001	132	132	2	lavorare	lavorare	_	_	_	_	_	linguistic	_	none	_	_	_	_	_	_
132-3	BOR001	132	132	3	che	che	_	_	_	_	_	linguistic	_	none	_	End=389.067	_	_	_	_
133-0	BOR001	133	133	0	apputo	apputo	_	_	_	_	_	linguistic	_	none	_	Begin=389.16	_	_	_	_
133-1	BOR001	133	133	1	hai	hai	_	_	_	_	_	linguistic	_	none	_	_	_	_	_	_
133-2	BOR001	133	133	2	lavorato	lavorato	_	_	_	_	_	linguistic	_	none	_	_	_	_	_	_
133-3	BOR001	133	133	3	fuori	fuori	_	_	_	_	_	linguistic	_	none	_	_	_	_	_	_
133-4	BOR001	133	133	4	e	e	_	_	_	_	_	linguistic	_	none	_	End=391.107	_	_	_	_
134-0	BOR001	134	134	0	e:h	eh	_	_	_	_	_	linguistic	_	none	_	Begin=391.14	0x1	_	_	_
134-1	BOR001	134	134	1	c(io)è	cioè	_	_	_	_	_	linguistic	_	none	Reduced=Yes	_	_	_	_	_
134-2	BOR001	134	134	2	tu	tu	_	_	_	_	_	linguistic	_	none	_	_	_	_	_	_
134-3	BOR001	134	134	3	hai	hai	_	_	_	_	_	linguistic	_	none	_	_	_	_	_	_
134-4	BOR001	134	134	4	lavorato	lavorato	_	_	_	_	_	linguistic	_	none	_	_	_	_	_	_
134-5	BOR001	134	134	5	proprio	proprio	_	_	_	_	_	linguistic	_	none	_	_	_	_	_	_
134-6	BOR001	134	134	6	a	a	_	_	_	_	_	linguistic	_	none	_	_	_	_	_	_
134-7	BOR001	134	134	7	bologna	bologna	_	_	_	_	_	linguistic	_	none	_	_	_	_	_	_
134-8	BOR001	134	134	8	bologna	bologna	_	_	_	_	_	linguistic	_	none	_	End=393.96	_	_	_	_
135-0	BOI003	135	135	0	e:h	eh	_	_	_	_	_	linguistic	_	none	_	Begin=394.213	0x1	_	_	_
135-1	BOI003	135	135	1	sì	sì	_	_	_	_	_	linguistic	_	none	_	_	_	_	_	_
135-2	BOI003	135	135	2	allora	allora	_	_	_	_	_	linguistic	_	none	_	_	_	_	_	_
135-3	BOI003	135	135	3	proprio	proprio	_	_	_	_	_	linguistic	_	none	_	_	_	_	_	_
135-4	BOI003	135	135	4	quando	quando	_	_	_	_	_	linguistic	_	none	_	_	_	_	_	_
135-5	BOI003	135	135	5	ho	ho	_	_	_	_	_	linguistic	_	none	_	_	_	_	_	_
135-6	BOI003	135	135	6	iniziato	iniziato	_	_	_	_	_	linguistic	_	none	_	_	_	_	_	_
135-7	BOI003	135	135	7	a	a	_	_	_	_	_	linguistic	_	none	_	_	_	_	_	_
135-8	BOI003	135	135	8	lavora:re	lavorare	_	_	_	_	_	linguistic	_	none	_	End=397.247	5x1	_	_	_
136-0	BOI003	136	136	0	e:h	eh	_	_	_	_	_	linguistic	_	none	_	Begin=397.995	0x1	_	_	_
136-1	BOI003	136	136	1	lavoravo	lavoravo	_	_	_	_	_	linguistic	_	none	_	_	_	_	_	_
136-2	BOI003	136	136	2	proprio	proprio	_	_	_	_	_	linguistic	_	none	_	_	_	_	_	_
136-3	BOI003	136	136	3	in	in	_	_	_	_	_	linguistic	_	none	_	_	_	_	_	_
136-4	BOI003	136	136	4	centrissimo	centrissimo	_	_	_	_	_	linguistic	_	none	_	_	_	_	_	_
136-5	BOI003	136	136	5	perché:	perché	_	_	_	_	_	linguistic	_	none	_	_	5x1	_	_	_
136-6	BOI003	136	136	6	era:	era	_	_	_	_	_	linguistic	_	none	_	_	2x1	_	_	_
136-7	BOI003	136	136	7	in	in	_	_	_	_	_	linguistic	_	none	_	_	_	_	_	_
136-8	BOI003	136	136	8	una	una	_	_	_	_	_	linguistic	_	none	_	_	_	_	_	_
136-9	BOI003	136	136	9	piccola	piccola	_	_	_	_	_	linguistic	_	none	_	_	_	_	_	_
136-10	BOI003	136	136	10	laterale	laterale	_	_	_	_	_	linguistic	_	none	_	_	_	_	_	_
136-11	BOI003	136	136	11	di	di	_	_	_	_	_	linguistic	_	none	_	_	_	_	_	_
136-12	BOI003	136	136	12	via	via	_	_	_	_	_	linguistic	_	none	_	_	_	_	_	_
136-13	BOI003	136	136	13	rizzo:li	rizzoli	_	_	_	_	_	linguistic	_	none	_	End=404.24	4x1	_	_	_
137-0	BOR001	137	137	0	°mhmh°	mhmh	_	_	_	_	_	linguistic	_	none	Volume=low	Begin=404.38|End=404.727	_	_	_	_
138-0	BOI003	138	138	0	e:hm	ehm	_	_	_	_	_	linguistic	_	none	_	Begin=404.867	0x1	_	_	_
138-1	BOI003	138	138	1	è	è	_	_	_	_	_	linguistic	_	none	_	_	_	_	_	_
138-2	BOI003	138	138	2	proprio	proprio	_	_	_	_	_	linguistic	_	none	_	_	_	_	_	_
138-3	BOI003	138	138	3	e:hm	ehm	_	_	_	_	_	linguistic	_	none	_	End=407.267	0x1	_	_	_
139-0	BOI003	139	139	0	era	era	_	_	_	_	_	linguistic	_	none	_	Begin=407.353	_	_	_	_
139-1	BOI003	139	139	1	bellissima	bellissima	_	_	_	_	_	linguistic	_	none	_	_	_	_	_	_
139-2	BOI003	139	139	2	ecco	ecco	_	_	_	_	_	linguistic	_	none	_	_	_	_	_	_
139-3	BOI003	139	139	3	lavorare	lavorare	_	_	_	_	_	linguistic	_	none	_	_	_	_	_	_
139-4	BOI003	139	139	4	lì	lì	_	_	_	_	_	linguistic	_	none	_	End=409.605	_	_	_	_
140-0	BOI003	140	140	0	a	a	_	_	_	_	_	linguistic	_	none	_	Begin=409.685	_	_	_	_
140-1	BOI003	140	140	1	p~	p~	_	_	_	_	_	linguistic	_	none	Interrupted=Yes	_	_	_	_	_
140-2	BOI003	140	140	2	a	a	_	_	_	_	_	linguistic	_	none	_	_	_	_	_	_
140-3	BOI003	140	140	3	parte	parte	_	_	_	_	_	linguistic	_	none	_	_	_	_	_	_
140-4	BOI003	140	140	4	che	che	_	_	_	_	_	linguistic	_	none	_	_	_	_	_	_
140-5	BOI003	140	140	5	ci	ci	_	_	_	_	_	linguistic	_	none	_	_	_	_	_	_
140-6	BOI003	140	140	6	andavo	andavo	_	_	_	_	_	linguistic	_	none	_	_	_	_	_	_
140-7	BOI003	140	140	7	a	a	_	_	_	_	_	linguistic	_	none	_	_	_	_	_	_
140-8	BOI003	140	140	8	piedi	piedi	_	_	_	_	_	linguistic	_	none	_	_	_	_	_	_
140-9	BOI003	140	140	9	[ecco]	ecco	_	_	_	_	_	linguistic	_	none	_	End=411.955	_	_	_	0-4(38)
141-0	BOR001	141	141	0	[mhmh]	mhmh	_	_	_	_	_	linguistic	_	none	_	Begin=411.555|End=411.905	_	_	_	0-4(38)
142-0	BOI003	142	142	0	nelle	nelle	_	_	_	_	_	linguistic	_	none	_	Begin=412.095	_	_	_	_
142-1	BOI003	142	142	1	belle	belle	_	_	_	_	_	linguistic	_	none	_	_	_	_	_	_
142-2	BOI003	142	142	2	giornate	giornate	_	_	_	_	_	linguistic	_	none	_	_	_	_	_	_
142-3	BOI003	142	142	3	di	di	_	_	_	_	_	linguistic	_	none	_	_	_	_	_	_
142-4	BOI003	142	142	4	primavera	primavera	_	_	_	_	_	linguistic	_	none	_	_	_	_	_	_
142-5	BOI003	142	142	5	così	così	_	_	_	_	_	linguistic	_	none	_	_	_	_	_	_
142-6	BOI003	142	142	6	ti	ti	_	_	_	_	_	linguistic	_	none	_	_	_	_	_	_
142-7	BOI003	142	142	7	fai	fai	_	_	_	_	_	linguistic	_	none	_	_	_	_	_	_
142-8	BOI003	142	142	8	una	una	_	_	_	_	_	linguistic	_	none	_	_	_	_	_	_
142-9	BOI003	142	142	9	passeggiata	passeggiata	_	_	_	_	_	linguistic	_	none	_	_	_	_	_	_
142-10	BOI003	142	142	10	quando	quando	_	_	_	_	_	linguistic	_	none	_	_	_	_	_	_
142-11	BOI003	142	142	11	uscivo	uscivo	_	_	_	_	_	linguistic	_	none	_	_	_	_	_	_
142-12	BOI003	142	142	12	dal	dal	_	_	_	_	_	linguistic	_	none	_	_	_	_	_	_
142-13	BOI003	142	142	13	lavoro,	lavoro	_	_	_	_	_	linguistic	_	none	Intonation=WeaklyRising	End=416.48	_	_	_	_
143-0	BOI003	143	143	0	anche	anche	_	_	_	_	_	linguistic	_	none	_	Begin=416.733	_	_	_	_
143-1	BOI003	143	143	1	lì	lì	_	_	_	_	_	linguistic	_	none	_	_	_	_	_	_
143-2	BOI003	143	143	2	potevi	potevi	_	_	_	_	_	linguistic	_	none	_	_	_	_	_	_
143-3	BOI003	143	143	3	fare	fare	_	_	_	_	_	linguistic	_	none	_	_	_	_	_	_
143-4	BOI003	143	143	4	una	una	_	_	_	_	_	linguistic	_	none	_	_	_	_	_	_
143-5	BOI003	143	143	5	passeggiata	passeggiata	_	_	_	_	_	linguistic	_	none	_	_	_	_	_	_
143-6	BOI003	143	143	6	per	per	_	_	_	_	_	linguistic	_	none	_	_	_	_	_	_
143-7	BOI003	143	143	7	il	il	_	_	_	_	_	linguistic	_	none	_	_	_	_	_	_
143-8	BOI003	143	143	8	centro	centro	_	_	_	_	_	linguistic	_	none	_	_	_	_	_	_
143-9	BOI003	143	143	9	guardare	guardare	_	_	_	_	_	linguistic	_	none	_	_	_	_	_	_
143-10	BOI003	143	143	10	le	le	_	_	_	_	_	linguistic	_	none	_	_	_	_	_	_
143-11	BOI003	143	143	11	vetrine,	vetrine	_	_	_	_	_	linguistic	_	none	Intonation=WeaklyRising	_	_	_	_	_
143-12	BOI003	143	143	12	insomma	insomma	_	_	_	_	_	linguistic	_	none	_	End=421.166	_	_	_	_
144-0	BOI003	144	144	0	era	era	_	_	_	_	_	linguistic	_	none	_	Begin=421.385	_	_	_	_
144-1	BOI003	144	144	1	tutta	tutta	_	_	_	_	_	linguistic	_	none	_	_	_	_	_	_
144-2	BOI003	144	144	2	un'	un'	_	_	_	_	_	linguistic	_	none	SpaceAfter=No	_	_	_	_	_
144-3	BOI003	144	144	3	altra	altra	_	_	_	_	_	linguistic	_	none	_	_	_	_	_	_
144-4	BOI003	144	144	4	co[sa	cosa	_	_	_	_	_	linguistic	_	none	_	_	_	_	_	1-4(39)
144-5	BOI003	144	144	5	anche	anche	_	_	_	_	_	linguistic	_	none	_	_	_	_	_	0-5(39)
144-6	BOI003	144	144	6	sol]o	solo	_	_	_	_	_	linguistic	_	none	_	_	_	_	_	0-3(39)
144-7	BOI003	144	144	7	tornare	tornare	_	_	_	_	_	linguistic	_	none	_	_	_	_	_	_
144-8	BOI003	144	144	8	a	a	_	_	_	_	_	linguistic	_	none	_	_	_	_	_	_
144-9	BOI003	144	144	9	casa	casa	_	_	_	_	_	linguistic	_	none	_	_	_	_	_	_
144-10	BOI003	144	144	10	dal	dal	_	_	_	_	_	linguistic	_	none	_	_	_	_	_	_
144-11	BOI003	144	144	11	lavoro	lavoro	_	_	_	_	_	linguistic	_	none	_	_	_	_	_	_
144-12	BOI003	144	144	12	era	era	_	_	_	_	_	linguistic	_	none	_	_	_	_	_	_
144-13	BOI003	144	144	13	una	una	_	_	_	_	_	linguistic	_	none	_	_	_	_	_	_
144-14	BOI003	144	144	14	bella	bella	_	_	_	_	_	linguistic	_	none	_	_	_	_	_	_
144-15	BOI003	144	144	15	esperienza	esperienza	_	_	_	_	_	linguistic	_	none	_	End=426.3	_	_	_	_
145-0	BOR001	145	145	0	[>°mhmh°<]	mhmh	_	_	_	_	_	linguistic	_	none	Volume=low	Begin=422.665|End=423.157	_	Fast=0-4(0)	_	0-4(39)
146-0	BOI003	146	146	0	e:hm	ehm	_	_	_	_	_	linguistic	_	none	_	Begin=426.873|End=427.94	0x1	_	_	_
147-0	BOI003	147	147	0	e	e	_	_	_	_	_	linguistic	_	none	_	Begin=428.395	_	_	_	_
147-1	BOI003	147	147	1	poi	poi	_	_	_	_	_	linguistic	_	none	_	_	_	_	_	_
147-2	BOI003	147	147	2	vabbé	vabbé	_	_	_	_	_	linguistic	_	none	_	_	_	_	_	_
147-3	BOI003	147	147	3	tutti	tutti	_	_	_	_	_	linguistic	_	none	_	_	_	_	_	_
147-4	BOI003	147	147	4	gli	gli	_	_	_	_	_	linguistic	_	none	_	_	_	_	_	_
147-5	BOI003	147	147	5	altri	altri	_	_	_	_	_	linguistic	_	none	_	_	_	_	_	_
147-6	BOI003	147	147	6	lavori	lavori	_	_	_	_	_	linguistic	_	none	_	_	_	_	_	_
147-7	BOI003	147	147	7	invece	invece	_	_	_	_	_	linguistic	_	none	_	_	_	_	_	_
147-8	BOI003	147	147	8	più	più	_	_	_	_	_	linguistic	_	none	_	_	_	_	_	_
147-9	BOI003	147	147	9	o	o	_	_	_	_	_	linguistic	_	none	_	_	_	_	_	_
147-10	BOI003	147	147	10	me:no	meno	_	_	_	_	_	linguistic	_	none	_	End=431.947	1x1	_	_	_
148-0	BOI003	148	148	0	mh	mh	_	_	_	_	_	linguistic	_	none	_	Begin=431.975	_	_	_	_
148-1	BOI003	148	148	1	in	in	_	_	_	_	_	linguistic	_	none	_	_	_	_	_	_
148-2	BOI003	148	148	2	periferia	periferia	_	_	_	_	_	linguistic	_	none	_	_	_	_	_	_
148-3	BOI003	148	148	3	più	più	_	_	_	_	_	linguistic	_	none	_	_	_	_	_	_
148-4	BOI003	148	148	4	o	o	_	_	_	_	_	linguistic	_	none	_	_	_	_	_	_
148-5	BOI003	148	148	5	meno	meno	_	_	_	_	_	linguistic	_	none	_	_	_	_	_	_
148-6	BOI003	148	148	6	distante	distante	_	_	_	_	_	linguistic	_	none	_	_	_	_	_	_
148-7	BOI003	148	148	7	[ecco	ecco	_	_	_	_	_	linguistic	_	none	_	_	_	_	_	0-4(40)
148-8	BOI003	148	148	8	quello	quello	_	_	_	_	_	linguistic	_	none	_	_	_	_	_	0-6(40)
148-9	BOI003	148	148	9	san]	san	_	_	_	_	_	linguistic	_	none	_	_	_	_	_	0-3(40)
148-10	BOI003	148	148	10	pietro	pietro	_	_	_	_	_	linguistic	_	none	_	_	_	_	_	_
148-11	BOI003	148	148	11	in	in	_	_	_	_	_	linguistic	_	none	_	_	_	_	_	_
148-12	BOI003	148	148	12	casale	casale	_	_	_	_	_	linguistic	_	none	_	_	_	_	_	_
148-13	BOI003	148	148	13	era	era	_	_	_	_	_	linguistic	_	none	_	_	_	_	_	_
148-14	BOI003	148	148	14	quello	quello	_	_	_	_	_	linguistic	_	none	_	_	_	_	_	_
148-15	BOI003	148	148	15	più	più	_	_	_	_	_	linguistic	_	none	_	_	_	_	_	_
148-16	BOI003	148	148	16	in	in	_	_	_	_	_	linguistic	_	none	_	_	_	_	_	_
148-17	BOI003	148	148	17	dis~	dis~	_	_	_	_	_	linguistic	_	none	Interrupted=Yes	End=436.2	_	_	_	_
149-0	BOR001	149	149	0	[m:h]	mh	_	_	_	_	_	linguistic	_	none	_	Begin=434.207|End=434.733	0x1	_	_	0-2(40)
150-0	BOI003	150	150	0	più	più	_	_	_	_	_	linguistic	_	none	_	Begin=436.427	_	_	_	_
150-1	BOI003	150	150	1	distante	distante	_	_	_	_	_	linguistic	_	none	_	_	_	_	_	_
150-2	BOI003	150	150	2	in	in	_	_	_	_	_	linguistic	_	none	_	_	_	_	_	_
150-3	BOI003	150	150	3	assoluto	assoluto	_	_	_	_	_	linguistic	_	none	_	_	_	_	_	_
150-4	BOI003	150	150	4	anche	anche	_	_	_	_	_	linguistic	_	none	_	_	_	_	_	_
150-5	BOI003	150	150	5	adesso	adesso	_	_	_	_	_	linguistic	_	none	_	_	_	_	_	_
150-6	BOI003	150	150	6	sono	sono	_	_	_	_	_	linguistic	_	none	_	_	_	_	_	_
150-7	BOI003	150	150	7	in	in	_	_	_	_	_	linguistic	_	none	_	_	_	_	_	_
150-8	BOI003	150	150	8	pochino	pochino	_	_	_	_	_	linguistic	_	none	_	End=439.745	_	_	_	_
151-0	BOI003	151	151	0	fuori	fuori	_	_	_	_	_	linguistic	_	none	_	Begin=440.095	_	_	_	_
151-1	BOI003	151	151	1	però:	però	_	_	_	_	_	linguistic	_	none	_	End=441.848	3x1	_	_	_
152-0	BOI003	152	152	0	insoma	insoma	_	_	_	_	_	linguistic	_	none	_	Begin=442.025	_	_	_	_
152-1	BOI003	152	152	1	facilmente	facilmente	_	_	_	_	_	linguistic	_	none	_	_	_	_	_	_
152-2	BOI003	152	152	2	raggiungibile	raggiungibile	_	_	_	_	_	linguistic	_	none	_	_	_	_	_	_
152-3	BOI003	152	152	3	[ecco	ecco	_	_	_	_	_	linguistic	_	none	_	_	_	_	_	0-4(41)
152-4	BOI003	152	152	4	nie~]	nie~	_	_	_	_	_	linguistic	_	none	Interrupted=Yes	End=444.96	_	_	_	0-4(41)
153-0	BOR001	153	153	0	[mhmh	mhmh	_	_	_	_	_	linguistic	_	none	_	Begin=443.815	_	_	_	0-4(41)
153-1	BOR001	153	153	1	okay]	okay	_	_	_	_	_	linguistic	_	none	_	End=445.015	_	_	_	0-4(41)
154-0	BOR001	154	154	0	e	e	_	_	_	_	_	linguistic	_	none	_	Begin=445.18	_	_	_	_
154-1	BOR001	154	154	1	com'	com'	_	_	_	_	_	linguistic	_	none	SpaceAfter=No	_	_	_	_	_
154-2	BOR001	154	154	2	è	è	_	_	_	_	_	linguistic	_	none	_	_	_	_	_	_
154-3	BOR001	154	154	3	lo	lo	_	_	_	_	_	linguistic	_	none	_	_	_	_	_	_
154-4	BOR001	154	154	4	spostamento	spostamento	_	_	_	_	_	linguistic	_	none	_	_	_	_	_	_
154-5	BOR001	154	154	5	quindi	quindi	_	_	_	_	_	linguistic	_	none	_	_	_	_	_	_
154-6	BOR001	154	154	6	però	però	_	_	_	_	_	linguistic	_	none	_	End=447.087	_	_	_	_
155-0	BOI003	155	155	0	ecco	ecco	_	_	_	_	_	linguistic	_	none	_	Begin=447.327	_	_	_	_
155-1	BOI003	155	155	1	lo	lo	_	_	_	_	_	linguistic	_	none	_	_	_	_	_	_
155-2	BOI003	155	155	2	spostamento	spostamento	_	_	_	_	_	linguistic	_	none	_	_	_	_	_	_
155-3	BOI003	155	155	3	è	è	_	_	_	_	_	linguistic	_	none	_	_	_	_	_	_
155-4	BOI003	155	155	4	abbastanza	abbastanza	_	_	_	_	_	linguistic	_	none	_	_	_	_	_	_
155-5	BOI003	155	155	5	((ride))	((ride))	_	_	_	_	_	nonverbalbehavior	_	none	_	_	_	_	_	_
155-6	BOI003	155	155	6	pesante	pesante	_	_	_	_	_	linguistic	_	none	_	_	_	_	_	_
155-7	BOI003	155	155	7	ecco	ecco	_	_	_	_	_	linguistic	_	none	_	End=451.653	_	_	_	_
156-0	BOI003	156	156	0	e::hm	ehm	_	_	_	_	_	linguistic	_	none	_	Begin=452.173	0x2	_	_	_
156-1	BOI003	156	156	1	ECCO	ecco	_	_	_	_	_	linguistic	_	none	Volume=high	_	_	_	_	_
156-2	BOI003	156	156	2	questo	questo	_	_	_	_	_	linguistic	_	none	_	_	_	_	_	_
156-3	BOI003	156	156	3	l'	l'	_	_	_	_	_	linguistic	_	none	SpaceAfter=No	_	_	_	_	_
156-4	BOI003	156	156	4	ho	ho	_	_	_	_	_	linguistic	_	none	_	_	_	_	_	_
156-5	BOI003	156	156	5	trovato	trovato	_	_	_	_	_	linguistic	_	none	_	_	_	_	_	_
156-6	BOI003	156	156	6	molto	molto	_	_	_	_	_	linguistic	_	none	_	_	_	_	_	_
156-7	BOI003	156	156	7	cambia:to	cambiato	_	_	_	_	_	linguistic	_	none	_	_	5x1	_	_	_
156-8	BOI003	156	156	8	ecco	ecco	_	_	_	_	_	linguistic	_	none	_	_	_	_	_	_
156-9	BOI003	156	156	9	nel	nel	_	_	_	_	_	linguistic	_	none	_	_	_	_	_	_
156-10	BOI003	156	156	10	cor[so	corso	_	_	_	_	_	linguistic	_	none	_	_	_	_	_	2-5(42)
156-11	BOI003	156	156	11	degli	degli	_	_	_	_	_	linguistic	_	none	_	_	_	_	_	0-5(42)
156-12	BOI003	156	156	12	a]nni	anni	_	_	_	_	_	linguistic	_	none	_	_	_	_	_	0-1(42)
156-13	BOI003	156	156	13	tantissimo	tantissimo	_	_	_	_	_	linguistic	_	none	_	_	_	_	_	_
156-14	BOI003	156	156	14	da	da	_	_	_	_	_	linguistic	_	none	_	_	_	_	_	_
156-15	BOI003	156	156	15	quando	quando	_	_	_	_	_	linguistic	_	none	_	_	_	_	_	_
156-16	BOI003	156	156	16	ho	ho	_	_	_	_	_	linguistic	_	none	_	_	_	_	_	_
156-17	BOI003	156	156	17	iniziato	iniziato	_	_	_	_	_	linguistic	_	none	_	_	_	_	_	_
156-18	BOI003	156	156	18	a	a	_	_	_	_	_	linguistic	_	none	_	_	_	_	_	_
156-19	BOI003	156	156	19	lavorare	lavorare	_	_	_	_	_	linguistic	_	none	_	_	_	_	_	_
156-20	BOI003	156	156	20	fino	fino	_	_	_	_	_	linguistic	_	none	_	_	_	_	_	_
156-21	BOI003	156	156	21	ad	ad	_	_	_	_	_	linguistic	_	none	_	_	_	_	_	_
156-22	BOI003	156	156	22	oggi	oggi	_	_	_	_	_	linguistic	_	none	_	End=459.42	_	_	_	_
157-0	BOR001	157	157	0	[mh]	mh	_	_	_	_	_	linguistic	_	none	_	Begin=455.875|End=456.255	_	_	_	0-2(42)
158-0	BOI003	158	158	0	e:	e	_	_	_	_	_	linguistic	_	none	_	Begin=460.0	0x1	_	_	_
158-1	BOI003	158	158	1	adesso	adesso	_	_	_	_	_	linguistic	_	none	_	_	_	_	_	_
158-2	BOI003	158	158	2	il	il	_	_	_	_	_	linguistic	_	none	_	_	_	_	_	_
158-3	BOI003	158	158	3	traffico	traffico	_	_	_	_	_	linguistic	_	none	_	_	_	_	_	_
158-4	BOI003	158	158	4	è	è	_	_	_	_	_	linguistic	_	none	_	_	_	_	_	_
158-5	BOI003	158	158	5	veramente:	veramente	_	_	_	_	_	linguistic	_	none	_	End=462.927	8x1	_	_	_
159-0	BOI003	159	159	0	c(io)è	cioè	_	_	_	_	_	linguistic	_	none	Reduced=Yes	Begin=463.86	_	_	_	_
159-1	BOI003	159	159	1	micidiale::	micidiale	_	_	_	_	_	linguistic	_	none	_	End=465.673	8x2	_	_	_
160-0	BOI003	160	160	0	fare	fare	_	_	_	_	_	linguistic	_	none	_	Begin=466.02	_	_	_	_
160-1	BOI003	160	160	1	pochi	pochi	_	_	_	_	_	linguistic	_	none	_	_	_	_	_	_
160-2	BOI003	160	160	2	chilometri:,	chilometri	_	_	_	_	_	linguistic	_	none	Intonation=WeaklyRising	_	9x1	_	_	_
160-3	BOI003	160	160	3	ci	ci	_	_	_	_	_	linguistic	_	none	_	_	_	_	_	_
160-4	BOI003	160	160	4	metti	metti	_	_	_	_	_	linguistic	_	none	_	_	_	_	_	_
160-5	BOI003	160	160	5	un	un	_	_	_	_	_	linguistic	_	none	_	_	_	_	_	_
160-6	BOI003	160	160	6	sacco	sacco	_	_	_	_	_	linguistic	_	none	_	_	_	_	_	_
160-7	BOI003	160	160	7	di	di	_	_	_	_	_	linguistic	_	none	_	_	_	_	_	_
160-8	BOI003	160	160	8	tempo,	tempo	_	_	_	_	_	linguistic	_	none	Intonation=WeaklyRising	End=469.873	_	_	_	_
161-0	BOI003	161	161	0	e:	e	_	_	_	_	_	linguistic	_	none	_	Begin=470.134	0x1	_	_	_
161-1	BOI003	161	161	1	e	e	_	_	_	_	_	linguistic	_	none	_	_	_	_	_	_
161-2	BOI003	161	161	2	comunque	comunque	_	_	_	_	_	linguistic	_	none	_	End=471.765	_	_	_	_
162-0	BOI003	162	162	0	sono	sono	_	_	_	_	_	linguistic	_	none	_	Begin=472.087	_	_	_	_
162-1	BOI003	162	162	1	anche	anche	_	_	_	_	_	linguistic	_	none	_	_	_	_	_	_
162-2	BOI003	162	162	2	abbastanza	abbastanza	_	_	_	_	_	linguistic	_	none	_	_	_	_	_	_
162-3	BOI003	162	162	3	fortunata	fortunata	_	_	_	_	_	linguistic	_	none	_	_	_	_	_	_
162-4	BOI003	162	162	4	che	che	_	_	_	_	_	linguistic	_	none	_	_	_	_	_	_
162-5	BOI003	162	162	5	non	non	_	_	_	_	_	linguistic	_	none	_	_	_	_	_	_
162-6	BOI003	162	162	6	devo	devo	_	_	_	_	_	linguistic	_	none	_	_	_	_	_	_
162-7	BOI003	162	162	7	traversare	traversare	_	_	_	_	_	linguistic	_	none	_	_	_	_	_	_
162-8	BOI003	162	162	8	la	la	_	_	_	_	_	linguistic	_	none	_	_	_	_	_	_
162-9	BOI003	162	162	9	città	città	_	_	_	_	_	linguistic	_	none	_	End=476.033	_	_	_	_
163-0	BOI003	163	163	0	c(io)è	cioè	_	_	_	_	_	linguistic	_	none	Reduced=Yes	Begin=476.067	_	_	_	_
163-1	BOI003	163	163	1	praticamente	praticamente	_	_	_	_	_	linguistic	_	none	_	_	_	_	_	_
163-2	BOI003	163	163	2	dal	dal	_	_	_	_	_	linguistic	_	none	_	_	_	_	_	_
163-3	BOI003	163	163	3	[luogo	luogo	_	_	_	_	_	linguistic	_	none	_	_	_	_	_	0-5(43)
163-4	BOI003	163	163	4	di	di	_	_	_	_	_	linguistic	_	none	_	_	_	_	_	0-2(43)
163-5	BOI003	163	163	5	lav]oro	lavoro	_	_	_	_	_	linguistic	_	none	_	_	_	_	_	0-3(43)
163-6	BOI003	163	163	6	arrivo	arrivo	_	_	_	_	_	linguistic	_	none	_	_	_	_	_	_
163-7	BOI003	163	163	7	a	a	_	_	_	_	_	linguistic	_	none	_	_	_	_	_	_
163-8	BOI003	163	163	8	casa	casa	_	_	_	_	_	linguistic	_	none	_	_	_	_	_	_
163-9	BOI003	163	163	9	ed	ed	_	_	_	_	_	linguistic	_	none	_	_	_	_	_	_
163-10	BOI003	163	163	10	è	è	_	_	_	_	_	linguistic	_	none	_	_	_	_	_	_
163-11	BOI003	163	163	11	finita	finita	_	_	_	_	_	linguistic	_	none	_	_	_	_	_	_
163-12	BOI003	163	163	12	lì	lì	_	_	_	_	_	linguistic	_	none	_	End=480.653	_	_	_	_
164-0	BOR001	164	164	0	[mh]	mh	_	_	_	_	_	linguistic	_	none	_	Begin=477.275|End=477.858	_	_	_	0-2(43)
165-0	BOI003	165	165	0	se	se	_	_	_	_	_	linguistic	_	none	_	Begin=481.08	_	_	_	_
165-1	BOI003	165	165	1	dovessi	dovessi	_	_	_	_	_	linguistic	_	none	_	_	_	_	_	_
165-2	BOI003	165	165	2	attraversare	attraversare	_	_	_	_	_	linguistic	_	none	_	_	_	_	_	_
165-3	BOI003	165	165	3	la	la	_	_	_	_	_	linguistic	_	none	_	_	_	_	_	_
165-4	BOI003	165	165	4	città	città	_	_	_	_	_	linguistic	_	none	_	_	_	_	_	_
165-5	BOI003	165	165	5	sarebbe	sarebbe	_	_	_	_	_	linguistic	_	none	_	_	_	_	_	_
165-6	BOI003	165	165	6	un	un	_	_	_	_	_	linguistic	_	none	_	_	_	_	_	_
165-7	BOI003	165	165	7	disastro	disastro	_	_	_	_	_	linguistic	_	none	_	End=484.327	_	_	_	_
166-0	BOI003	166	166	0	ecco	ecco	_	_	_	_	_	linguistic	_	none	_	Begin=484.767	_	_	_	_
166-1	BOI003	166	166	1	e	e	_	_	_	_	_	linguistic	_	none	_	_	_	_	_	_
166-2	BOI003	166	166	2	questo	questo	_	_	_	_	_	linguistic	_	none	_	_	_	_	_	_
166-3	BOI003	166	166	3	invece	invece	_	_	_	_	_	linguistic	_	none	_	_	_	_	_	_
166-4	BOI003	166	166	4	l'	l'	_	_	_	_	_	linguistic	_	none	SpaceAfter=No	_	_	_	_	_
166-5	BOI003	166	166	5	ho	ho	_	_	_	_	_	linguistic	_	none	_	_	_	_	_	_
166-6	BOI003	166	166	6	trovato	trovato	_	_	_	_	_	linguistic	_	none	_	_	_	_	_	_
166-7	BOI003	166	166	7	molto	molto	_	_	_	_	_	linguistic	_	none	_	_	_	_	_	_
166-8	BOI003	166	166	8	cambiato	cambiato	_	_	_	_	_	linguistic	_	none	_	End=487.82	_	_	_	_
167-0	BOI003	167	167	0	e:	e	_	_	_	_	_	linguistic	_	none	_	Begin=488.22	0x1	_	_	_
167-1	BOI003	167	167	1	durante	durante	_	_	_	_	_	linguistic	_	none	_	_	_	_	_	_
167-2	BOI003	167	167	2	i	i	_	_	_	_	_	linguistic	_	none	_	_	_	_	_	_
167-3	BOI003	167	167	3	miei	miei	_	_	_	_	_	linguistic	_	none	_	_	_	_	_	_
167-4	BOI003	167	167	4	anni	anni	_	_	_	_	_	linguistic	_	none	_	_	_	_	_	_
167-5	BOI003	167	167	5	dell'	dell'	_	_	_	_	_	linguistic	_	none	SpaceAfter=No	_	_	_	_	_
167-6	BOI003	167	167	6	attività	attività	_	_	_	_	_	linguistic	_	none	_	_	_	_	_	_
167-7	BOI003	167	167	7	lavorativa	lavorativa	_	_	_	_	_	linguistic	_	none	_	_	_	_	_	_
167-8	BOI003	167	167	8	perché	perché	_	_	_	_	_	linguistic	_	none	_	_	_	_	_	_
167-9	BOI003	167	167	9	all'	all'	_	_	_	_	_	linguistic	_	none	SpaceAfter=No	_	_	_	_	_
167-10	BOI003	167	167	10	inizio	inizio	_	_	_	_	_	linguistic	_	none	_	_	_	_	_	_
167-11	BOI003	167	167	11	non	non	_	_	_	_	_	linguistic	_	none	_	_	_	_	_	_
167-12	BOI003	167	167	12	era	era	_	_	_	_	_	linguistic	_	none	_	_	_	_	_	_
167-13	BOI003	167	167	13	così	così	_	_	_	_	_	linguistic	_	none	_	_	_	_	_	_
167-14	BOI003	167	167	14	assolutamente	assolutamente	_	_	_	_	_	linguistic	_	none	_	End=493.787	_	_	_	_
168-0	BOR001	168	168	0	mh	mh	_	_	_	_	_	linguistic	_	none	_	Begin=494.127|End=494.42	_	_	_	_
169-0	BOI003	169	169	0	ma	ma	_	_	_	_	_	linguistic	_	none	_	Begin=494.833	_	_	_	_
169-1	BOI003	169	169	1	anche	anche	_	_	_	_	_	linguistic	_	none	_	_	_	_	_	_
169-2	BOI003	169	169	2	soltanto	soltanto	_	_	_	_	_	linguistic	_	none	_	_	_	_	_	_
169-3	BOI003	169	169	3	quando	quando	_	_	_	_	_	linguistic	_	none	_	_	_	_	_	_
169-4	BOI003	169	169	4	lavoravo	lavoravo	_	_	_	_	_	linguistic	_	none	_	_	_	_	_	_
169-5	BOI003	169	169	5	a	a	_	_	_	_	_	linguistic	_	none	_	_	_	_	_	_
169-6	BOI003	169	169	6	s~	s~	_	_	_	_	_	linguistic	_	none	Interrupted=Yes	_	_	_	_	_
169-7	BOI003	169	169	7	durante	durante	_	_	_	_	_	linguistic	_	none	_	_	_	_	_	_
169-8	BOI003	169	169	8	gli	gli	_	_	_	_	_	linguistic	_	none	_	_	_	_	_	_
169-9	BOI003	169	169	9	anni	anni	_	_	_	_	_	linguistic	_	none	_	_	_	_	_	_
169-10	BOI003	169	169	10	in	in	_	_	_	_	_	linguistic	_	none	_	_	_	_	_	_
169-11	BOI003	169	169	11	cui	cui	_	_	_	_	_	linguistic	_	none	_	_	_	_	_	_
169-12	BOI003	169	169	12	ho	ho	_	_	_	_	_	linguistic	_	none	_	_	_	_	_	_
169-13	BOI003	169	169	13	lavorato	lavorato	_	_	_	_	_	linguistic	_	none	_	_	_	_	_	_
169-14	BOI003	169	169	14	a	a	_	_	_	_	_	linguistic	_	none	_	_	_	_	_	_
169-15	BOI003	169	169	15	san	san	_	_	_	_	_	linguistic	_	none	_	_	_	_	_	_
169-16	BOI003	169	169	16	pietro	pietro	_	_	_	_	_	linguistic	_	none	_	_	_	_	_	_
169-17	BOI003	169	169	17	in	in	_	_	_	_	_	linguistic	_	none	_	_	_	_	_	_
169-18	BOI003	169	169	18	casale	casale	_	_	_	_	_	linguistic	_	none	_	End=500.077	_	_	_	_
170-0	BOI003	170	170	0	quando	quando	_	_	_	_	_	linguistic	_	none	_	Begin=500.26	_	_	_	_
170-1	BOI003	170	170	1	ho	ho	_	_	_	_	_	linguistic	_	none	_	_	_	_	_	_
170-2	BOI003	170	170	2	iniziato	iniziato	_	_	_	_	_	linguistic	_	none	_	_	_	_	_	_
170-3	BOI003	170	170	3	a	a	_	_	_	_	_	linguistic	_	none	_	_	_	_	_	_
170-4	BOI003	170	170	4	lavora:re	lavorare	_	_	_	_	_	linguistic	_	none	_	End=501.967	5x1	_	_	_
171-0	BOI003	171	171	0	praticamente	praticamente	_	_	_	_	_	linguistic	_	none	_	Begin=502.173	_	_	_	_
171-1	BOI003	171	171	1	e::hm	ehm	_	_	_	_	_	linguistic	_	none	_	End=504.6	0x2	_	_	_
172-0	BOI003	172	172	0	ci	ci	_	_	_	_	_	linguistic	_	none	_	Begin=504.875	_	_	_	_
172-1	BOI003	172	172	1	mettevo	mettevo	_	_	_	_	_	linguistic	_	none	_	_	_	_	_	_
172-2	BOI003	172	172	2	un	un	_	_	_	_	_	linguistic	_	none	_	_	_	_	_	_
172-3	BOI003	172	172	3	a~	a~	_	_	_	_	_	linguistic	_	none	Interrupted=Yes	_	_	_	_	_
172-4	BOI003	172	172	4	c(io)è	cioè	_	_	_	_	_	linguistic	_	none	Reduced=Yes	_	_	_	_	_
172-5	BOI003	172	172	5	sembrava	sembrava	_	_	_	_	_	linguistic	_	none	_	_	_	_	_	_
172-6	BOI003	172	172	6	dista:nte	distante	_	_	_	_	_	linguistic	_	none	_	_	4x1	_	_	_
172-7	BOI003	172	172	7	ma	ma	_	_	_	_	_	linguistic	_	none	_	_	_	_	_	_
172-8	BOI003	172	172	8	in	in	_	_	_	_	_	linguistic	_	none	_	_	_	_	_	_
172-9	BOI003	172	172	9	realtà	realtà	_	_	_	_	_	linguistic	_	none	_	_	_	_	_	_
172-10	BOI003	172	172	10	ci	ci	_	_	_	_	_	linguistic	_	none	_	_	_	_	_	_
172-11	BOI003	172	172	11	mettevo	mettevo	_	_	_	_	_	linguistic	_	none	_	_	_	_	_	_
172-12	BOI003	172	172	12	un	un	_	_	_	_	_	linguistic	_	none	_	_	_	_	_	_
172-13	BOI003	172	172	13	attimo	attimo	_	_	_	_	_	linguistic	_	none	_	_	_	_	_	_
172-14	BOI003	172	172	14	[perché]	perché	_	_	_	_	_	linguistic	_	none	_	End=510.185	_	_	_	0-6(44)
173-0	BOR001	173	173	0	[mhmh]	mhmh	_	_	_	_	_	linguistic	_	none	_	Begin=509.635|End=510.195	_	_	_	0-4(44)
174-0	BOI003	174	174	0	[uscita	uscita	_	_	_	_	_	linguistic	_	none	_	Begin=510.4	_	_	_	0-6(46)
174-1	BOI003	174	174	1	da	da	_	_	_	_	_	linguistic	_	none	_	_	_	_	_	0-2(46)
174-2	BOI003	174	174	2	bolo]gna	bologna	_	_	_	_	_	linguistic	_	none	_	_	_	_	_	0-4(46)
174-3	BOI003	174	174	3	era	era	_	_	_	_	_	linguistic	_	none	_	_	_	_	_	_
174-4	BOI003	174	174	4	tutta	tutta	_	_	_	_	_	linguistic	_	none	_	_	_	_	_	_
174-5	BOI003	174	174	5	campagna	campagna	_	_	_	_	_	linguistic	_	none	_	_	_	_	_	_
174-6	BOI003	174	174	6	pratic[amente]	praticamente	_	_	_	_	_	linguistic	_	none	_	End=514.126	_	_	_	6-12(45)
175-0	BOR001	175	175	0	[x	x	_	_	_	_	_	unknown	_	none	Syllables=1	Begin=510.4	_	_	_	0-1(46)
175-1	BOR001	175	175	1	stare:]	stare	_	_	_	_	_	linguistic	_	none	_	End=511.5	4x1	_	_	0-5(46)
176-0	BOR001	176	176	0	[mhmh]	mhmh	_	_	_	_	_	linguistic	_	none	_	Begin=513.835|End=514.14	_	_	_	0-4(45)
177-0	BOI003	177	177	0	nel	nel	_	_	_	_	_	linguistic	_	none	_	Begin=514.553	_	_	_	_
177-1	BOI003	177	177	1	corso	corso	_	_	_	_	_	linguistic	_	none	_	_	_	_	_	_
177-2	BOI003	177	177	2	degli	degli	_	_	_	_	_	linguistic	_	none	_	_	_	_	_	_
177-3	BOI003	177	177	3	anni	anni	_	_	_	_	_	linguistic	_	none	_	_	_	_	_	_
177-4	BOI003	177	177	4	anche	anche	_	_	_	_	_	linguistic	_	none	_	_	_	_	_	_
177-5	BOI003	177	177	5	lì	lì	_	_	_	_	_	linguistic	_	none	_	_	_	_	_	_
177-6	BOI003	177	177	6	ho	ho	_	_	_	_	_	linguistic	_	none	_	_	_	_	_	_
177-7	BOI003	177	177	7	visto	visto	_	_	_	_	_	linguistic	_	none	_	End=516.885	_	_	_	_
178-0	BOI003	178	178	0	e:h	eh	_	_	_	_	_	linguistic	_	none	_	Begin=517.28	0x1	_	_	_
178-1	BOI003	178	178	1	che	che	_	_	_	_	_	linguistic	_	none	_	_	_	_	_	_
178-2	BOI003	178	178	2	si	si	_	_	_	_	_	linguistic	_	none	_	_	_	_	_	_
178-3	BOI003	178	178	3	sono:	sono	_	_	_	_	_	linguistic	_	none	_	_	3x1	_	_	_
178-4	BOI003	178	178	4	sono	sono	_	_	_	_	_	linguistic	_	none	_	_	_	_	_	_
178-5	BOI003	178	178	5	stati	stati	_	_	_	_	_	linguistic	_	none	_	_	_	_	_	_
178-6	BOI003	178	178	6	costruiti	costruiti	_	_	_	_	_	linguistic	_	none	_	_	_	_	_	_
178-7	BOI003	178	178	7	tanti:	tanti	_	_	_	_	_	linguistic	_	none	_	End=520.087	4x1	_	_	_
179-0	BOI003	179	179	0	tante	tante	_	_	_	_	_	linguistic	_	none	_	Begin=520.179	_	_	_	_
179-1	BOI003	179	179	1	case,	case	_	_	_	_	_	linguistic	_	none	Intonation=WeaklyRising	_	_	_	_	_
179-2	BOI003	179	179	2	tanti	tanti	_	_	_	_	_	linguistic	_	none	_	_	_	_	_	_
179-3	BOI003	179	179	3	centri	centri	_	_	_	_	_	linguistic	_	none	_	_	_	_	_	_
179-4	BOI003	179	179	4	commerciali,	commerciali	_	_	_	_	_	linguistic	_	none	Intonation=WeaklyRising	_	_	_	_	_
179-5	BOI003	179	179	5	tante	tante	_	_	_	_	_	linguistic	_	none	_	End=523.385	_	_	_	_
180-0	BOI003	180	180	0	eh	eh	_	_	_	_	_	linguistic	_	none	_	Begin=523.683	_	_	_	_
180-1	BOI003	180	180	1	nuove	nuove	_	_	_	_	_	linguistic	_	none	_	_	_	_	_	_
180-2	BOI003	180	180	2	attività	attività	_	_	_	_	_	linguistic	_	none	_	_	_	_	_	_
180-3	BOI003	180	180	3	capannoni	capannoni	_	_	_	_	_	linguistic	_	none	_	_	_	_	_	_
180-4	BOI003	180	180	4	così?	così	_	_	_	_	_	linguistic	_	none	Intonation=Rising	End=526.2	_	_	_	_
181-0	BOI003	181	181	0	e	e	_	_	_	_	_	linguistic	_	none	_	Begin=526.54	_	_	_	_
181-1	BOI003	181	181	1	dove	dove	_	_	_	_	_	linguistic	_	none	_	_	_	_	_	_
181-2	BOI003	181	181	2	prima	prima	_	_	_	_	_	linguistic	_	none	_	_	_	_	_	_
181-3	BOI003	181	181	3	c'	c'	_	_	_	_	_	linguistic	_	none	SpaceAfter=No	_	_	_	_	_
181-4	BOI003	181	181	4	era	era	_	_	_	_	_	linguistic	_	none	_	_	_	_	_	_
181-5	BOI003	181	181	5	tutta	tutta	_	_	_	_	_	linguistic	_	none	_	_	_	_	_	_
181-6	BOI003	181	181	6	campagna	campagna	_	_	_	_	_	linguistic	_	none	_	_	_	_	_	_
181-7	BOI003	181	181	7	adesso	adesso	_	_	_	_	_	linguistic	_	none	_	_	_	_	_	_
181-8	BOI003	181	181	8	era	era	_	_	_	_	_	linguistic	_	none	_	_	_	_	_	_
181-9	BOI003	181	181	9	tutti	tutti	_	_	_	_	_	linguistic	_	none	_	End=530.087	_	_	_	_
182-0	BOI003	182	182	0	sono	sono	_	_	_	_	_	linguistic	_	none	_	Begin=530.147	_	_	_	_
182-1	BOI003	182	182	1	tutte	tutte	_	_	_	_	_	linguistic	_	none	_	_	_	_	_	_
182-2	BOI003	182	182	2	zone	zone	_	_	_	_	_	linguistic	_	none	_	_	_	_	_	_
182-3	BOI003	182	182	3	abitate	abitate	_	_	_	_	_	linguistic	_	none	_	_	_	_	_	_
182-4	BOI003	182	182	4	quindi	quindi	_	_	_	_	_	linguistic	_	none	_	_	_	_	_	_
182-5	BOI003	182	182	5	il	il	_	_	_	_	_	linguistic	_	none	_	_	_	_	_	_
182-6	BOI003	182	182	6	traffico	traffico	_	_	_	_	_	linguistic	_	none	_	_	_	_	_	_
182-7	BOI003	182	182	7	è	è	_	_	_	_	_	linguistic	_	none	_	_	_	_	_	_
182-8	BOI003	182	182	8	allucinante	allucinante	_	_	_	_	_	linguistic	_	none	_	End=533.48	_	_	_	_
183-0	BOI003	183	183	0	[ecco	ecco	_	_	_	_	_	linguistic	_	none	_	Begin=533.507	_	_	_	0-4(47)
183-1	BOI003	183	183	1	questo]	questo	_	_	_	_	_	linguistic	_	none	_	_	_	_	_	0-6(47)
183-2	BOI003	183	183	2	lo~	lo~	_	_	_	_	_	linguistic	_	none	Interrupted=Yes	_	_	_	_	_
183-3	BOI003	183	183	3	l'	l'	_	_	_	_	_	linguistic	_	none	SpaceAfter=No	_	_	_	_	_
183-4	BOI003	183	183	4	ho	ho	_	_	_	_	_	linguistic	_	none	_	_	_	_	_	_
183-5	BOI003	183	183	5	visto	visto	_	_	_	_	_	linguistic	_	none	_	_	_	_	_	_
183-6	BOI003	183	183	6	proprio	proprio	_	_	_	_	_	linguistic	_	none	_	_	_	_	_	_
183-7	BOI003	183	183	7	s~	s~	_	_	_	_	_	linguistic	_	none	Interrupted=Yes	_	_	_	_	_
183-8	BOI003	183	183	8	sotto	sotto	_	_	_	_	_	linguistic	_	none	_	_	_	_	_	_
183-9	BOI003	183	183	9	i	i	_	_	_	_	_	linguistic	_	none	_	_	_	_	_	_
183-10	BOI003	183	183	10	miei	miei	_	_	_	_	_	linguistic	_	none	_	_	_	_	_	_
183-11	BOI003	183	183	11	occhi	occhi	_	_	_	_	_	linguistic	_	none	_	_	_	_	_	_
183-12	BOI003	183	183	12	ecco	ecco	_	_	_	_	_	linguistic	_	none	_	End=536.717	_	_	_	_
184-0	BOR001	184	184	0	[mhmh]	mhmh	_	_	_	_	_	linguistic	_	none	_	Begin=533.766|End=534.247	_	_	_	0-4(47)
185-0	BOI003	185	185	0	[cambia]re	cambiare	_	_	_	_	_	linguistic	_	none	_	Begin=536.847|End=537.527	_	_	_	0-6(48)
186-0	BOR001	186	186	0	[sì]	sì	_	_	_	_	_	linguistic	_	none	_	Begin=536.853|End=537.313	_	_	_	0-2(48)
187-0	BOR001	187	187	0	e	e	_	_	_	_	_	linguistic	_	none	_	Begin=537.847	_	_	_	_
187-1	BOR001	187	187	1	con	con	_	_	_	_	_	linguistic	_	none	_	_	_	_	_	_
187-2	BOR001	187	187	2	l'	l'	_	_	_	_	_	linguistic	_	none	SpaceAfter=No	_	_	_	_	_
187-3	BOR001	187	187	3	autobus	autobus	_	_	_	_	_	linguistic	_	none	_	_	_	_	_	_
187-4	BOR001	187	187	4	non	non	_	_	_	_	_	linguistic	_	none	_	_	_	_	_	_
187-5	BOR001	187	187	5	si	si	_	_	_	_	_	linguistic	_	none	_	_	_	_	_	_
187-6	BOR001	187	187	6	riesce:	riesce	_	_	_	_	_	linguistic	_	none	_	End=539.86	5x1	_	_	_
188-0	BOR001	188	188	0	c(io)è	cioè	_	_	_	_	_	linguistic	_	none	Reduced=Yes	Begin=540.26	_	_	_	_
188-1	BOR001	188	188	1	non	non	_	_	_	_	_	linguistic	_	none	_	_	_	_	_	_
188-2	BOR001	188	188	2	son	son	_	_	_	_	_	linguistic	_	none	_	_	_	_	_	_
188-3	BOR001	188	188	3	così	così	_	_	_	_	_	linguistic	_	none	_	_	_	_	_	_
188-4	BOR001	188	188	4	bene	bene	_	_	_	_	_	linguistic	_	none	_	_	_	_	_	_
188-5	BOR001	188	188	5	collegate	collegate	_	_	_	_	_	linguistic	_	none	_	_	_	_	_	_
188-6	BOR001	188	188	6	queste	queste	_	_	_	_	_	linguistic	_	none	_	_	_	_	_	_
188-7	BOR001	188	188	7	zon	zon	_	_	_	_	_	linguistic	_	none	_	_	_	_	_	_
188-8	BOR001	188	188	8	un	un	_	_	_	_	_	linguistic	_	none	_	_	_	_	_	_
188-9	BOR001	188	188	9	po'	po'	_	_	_	_	_	linguistic	_	none	_	_	_	_	_	_
188-10	BOR001	188	188	10	più	più	_	_	_	_	_	linguistic	_	none	_	_	_	_	_	_
188-11	BOR001	188	188	11	periferiche	periferiche	_	_	_	_	_	linguistic	_	none	_	End=544.333	_	_	_	_
189-0	BOR001	189	189	0	da	da	_	_	_	_	_	linguistic	_	none	_	Begin=544.521	_	_	_	_
189-1	BOR001	189	189	1	riuscire	riuscire	_	_	_	_	_	linguistic	_	none	_	_	_	_	_	_
189-2	BOR001	189	189	2	magari	magari	_	_	_	_	_	linguistic	_	none	_	_	_	_	_	_
189-3	BOR001	189	189	3	a	a	_	_	_	_	_	linguistic	_	none	_	_	_	_	_	_
189-4	BOR001	189	189	4	spostarsi	spostarsi	_	_	_	_	_	linguistic	_	none	_	_	_	_	_	_
189-5	BOR001	189	189	5	sempre	sempre	_	_	_	_	_	linguistic	_	none	_	_	_	_	_	_
189-6	BOR001	189	189	6	coi	coi	_	_	_	_	_	linguistic	_	none	_	_	_	_	_	_
189-7	BOR001	189	189	7	mezzi	mezzi	_	_	_	_	_	linguistic	_	none	_	_	_	_	_	_
189-8	BOR001	189	189	8	pubblici	pubblici	_	_	_	_	_	linguistic	_	none	_	End=547.666	_	_	_	_
190-0	BOI003	190	190	0	[mh]	mh	_	_	_	_	_	linguistic	_	none	_	Begin=547.83|End=548.308	_	_	_	0-2(49)
191-0	BOR001	191	191	0	[per]	per	_	_	_	_	_	linguistic	_	none	_	Begin=548.021	_	_	_	0-3(49)
191-1	BOR001	191	191	1	andare	andare	_	_	_	_	_	linguistic	_	none	_	_	_	_	_	_
191-2	BOR001	191	191	2	al	al	_	_	_	_	_	linguistic	_	none	_	_	_	_	_	_
191-3	BOR001	191	191	3	lavoro	lavoro	_	_	_	_	_	linguistic	_	none	_	_	_	_	_	_
191-4	BOR001	191	191	4	[o]	o	_	_	_	_	_	linguistic	_	none	_	End=550.04	_	_	_	0-1(50)
192-0	BOI003	192	192	0	[può]	può	_	_	_	_	_	linguistic	_	none	_	Begin=549.494	_	_	_	0-3(50)
192-1	BOI003	192	192	1	darsi	darsi	_	_	_	_	_	linguistic	_	none	_	End=550.588	_	_	_	_
193-0	BOI003	193	193	0	può	può	_	_	_	_	_	linguistic	_	none	_	Begin=550.685	_	_	_	_
193-1	BOI003	193	193	1	darsi	darsi	_	_	_	_	_	linguistic	_	none	_	_	_	_	_	_
193-2	BOI003	193	193	2	perché	perché	_	_	_	_	_	linguistic	_	none	_	_	_	_	_	_
193-3	BOI003	193	193	3	ad	ad	_	_	_	_	_	linguistic	_	none	_	_	_	_	_	_
193-4	BOI003	193	193	4	esempio	esempio	_	_	_	_	_	linguistic	_	none	_	End=552.173	_	_	_	_
194-0	BOI003	194	194	0	c(io)è	cioè	_	_	_	_	_	linguistic	_	none	Reduced=Yes	Begin=552.247	_	_	_	_
194-1	BOI003	194	194	1	mh	mh	_	_	_	_	_	linguistic	_	none	_	_	_	_	_	_
194-2	BOI003	194	194	2	sì	sì	_	_	_	_	_	linguistic	_	none	_	_	_	_	_	_
194-3	BOI003	194	194	3	qualcosa	qualcosa	_	_	_	_	_	linguistic	_	none	_	_	_	_	_	_
194-4	BOI003	194	194	4	c'	c'	_	_	_	_	_	linguistic	_	none	SpaceAfter=No	_	_	_	_	_
194-5	BOI003	194	194	5	è	è	_	_	_	_	_	linguistic	_	none	_	_	_	_	_	_
194-6	BOI003	194	194	6	ad	ad	_	_	_	_	_	linguistic	_	none	_	_	_	_	_	_
194-7	BOI003	194	194	7	esempio	esempio	_	_	_	_	_	linguistic	_	none	_	_	_	_	_	_
194-8	BOI003	194	194	8	anche	anche	_	_	_	_	_	linguistic	_	none	_	_	_	_	_	_
194-9	BOI003	194	194	9	dove	dove	_	_	_	_	_	linguistic	_	none	_	_	_	_	_	_
194-10	BOI003	194	194	10	lavoro	lavoro	_	_	_	_	_	linguistic	_	none	_	_	_	_	_	_
194-11	BOI003	194	194	11	adesso,	adesso	_	_	_	_	_	linguistic	_	none	Intonation=WeaklyRising	_	_	_	_	_
194-12	BOI003	194	194	12	potrei	potrei	_	_	_	_	_	linguistic	_	none	_	_	_	_	_	_
194-13	BOI003	194	194	13	andare	andare	_	_	_	_	_	linguistic	_	none	_	_	_	_	_	_
194-14	BOI003	194	194	14	con	con	_	_	_	_	_	linguistic	_	none	_	_	_	_	_	_
194-15	BOI003	194	194	15	i	i	_	_	_	_	_	linguistic	_	none	_	_	_	_	_	_
194-16	BOI003	194	194	16	mezzi	mezzi	_	_	_	_	_	linguistic	_	none	_	_	_	_	_	_
194-17	BOI003	194	194	17	pubblici	pubblici	_	_	_	_	_	linguistic	_	none	_	_	_	_	_	_
194-18	BOI003	194	194	18	effettivamente	effettivamente	_	_	_	_	_	linguistic	_	none	_	_	_	_	_	_
194-19	BOI003	194	194	19	eh	eh	_	_	_	_	_	linguistic	_	none	_	End=559.36	_	_	_	_
195-0	BOI003	195	195	0	però	però	_	_	_	_	_	linguistic	_	none	_	Begin=559.78	_	_	_	_
195-1	BOI003	195	195	1	magari	magari	_	_	_	_	_	linguistic	_	none	_	_	_	_	_	_
195-2	BOI003	195	195	2	per	per	_	_	_	_	_	linguistic	_	none	_	_	_	_	_	_
195-3	BOI003	195	195	3	pigrizia	pigrizia	_	_	_	_	_	linguistic	_	none	_	_	_	_	_	_
195-4	BOI003	195	195	4	o	o	_	_	_	_	_	linguistic	_	none	_	_	_	_	_	_
195-5	BOI003	195	195	5	perché	perché	_	_	_	_	_	linguistic	_	none	_	_	_	_	_	_
195-6	BOI003	195	195	6	coi	coi	_	_	_	_	_	linguistic	_	none	_	_	_	_	_	_
195-7	BOI003	195	195	7	mezzi	mezzi	_	_	_	_	_	linguistic	_	none	_	_	_	_	_	_
195-8	BOI003	195	195	8	pubblici	pubblici	_	_	_	_	_	linguistic	_	none	_	_	_	_	_	_
195-9	BOI003	195	195	9	devi	devi	_	_	_	_	_	linguistic	_	none	_	_	_	_	_	_
195-10	BOI003	195	195	10	rispettare	rispettare	_	_	_	_	_	linguistic	_	none	_	_	_	_	_	_
195-11	BOI003	195	195	11	certi	certi	_	_	_	_	_	linguistic	_	none	_	_	_	_	_	_
195-12	BOI003	195	195	12	orari	orari	_	_	_	_	_	linguistic	_	none	_	_	_	_	_	_
195-13	BOI003	195	195	13	e	e	_	_	_	_	_	linguistic	_	none	_	_	_	_	_	_
195-14	BOI003	195	195	14	allora	allora	_	_	_	_	_	linguistic	_	none	_	_	_	_	_	_
195-15	BOI003	195	195	15	sei	sei	_	_	_	_	_	linguistic	_	none	_	_	_	_	_	_
195-16	BOI003	195	195	16	un	un	_	_	_	_	_	linguistic	_	none	_	_	_	_	_	_
195-17	BOI003	195	195	17	po'	po'	_	_	_	_	_	linguistic	_	none	_	_	_	_	_	_
195-18	BOI003	195	195	18	più	più	_	_	_	_	_	linguistic	_	none	_	_	_	_	_	_
195-19	BOI003	195	195	19	limitato	limitato	_	_	_	_	_	linguistic	_	none	_	_	_	_	_	_
195-20	BOI003	195	195	20	diciamo	diciamo	_	_	_	_	_	linguistic	_	none	_	End=568.337	_	_	_	_
196-0	BOI003	196	196	0	e:	e	_	_	_	_	_	linguistic	_	none	_	Begin=568.553	0x1	_	_	_
196-1	BOI003	196	196	1	con	con	_	_	_	_	_	linguistic	_	none	_	_	_	_	_	_
196-2	BOI003	196	196	2	la	la	_	_	_	_	_	linguistic	_	none	_	_	_	_	_	_
196-3	BOI003	196	196	3	macchina	macchina	_	_	_	_	_	linguistic	_	none	_	_	_	_	_	_
196-4	BOI003	196	196	4	ti	ti	_	_	_	_	_	linguistic	_	none	_	_	_	_	_	_
196-5	BOI003	196	196	5	senti	senti	_	_	_	_	_	linguistic	_	none	_	_	_	_	_	_
196-6	BOI003	196	196	6	un	un	_	_	_	_	_	linguistic	_	none	_	_	_	_	_	_
196-7	BOI003	196	196	7	po'	po'	_	_	_	_	_	linguistic	_	none	_	_	_	_	_	_
196-8	BOI003	196	196	8	più	più	_	_	_	_	_	linguistic	_	none	_	_	_	_	_	_
196-9	BOI003	196	196	9	libero:	libero	_	_	_	_	_	linguistic	_	none	_	End=572.053	5x1	_	_	_
197-0	BOI003	197	197	0	come	come	_	_	_	_	_	linguistic	_	none	_	Begin=572.167	_	_	_	_
197-1	BOI003	197	197	1	orari	orari	_	_	_	_	_	linguistic	_	none	_	_	_	_	_	_
197-2	BOI003	197	197	2	però	però	_	_	_	_	_	linguistic	_	none	_	_	_	_	_	_
197-3	BOI003	197	197	3	effettivamente	effettivamente	_	_	_	_	_	linguistic	_	none	_	_	_	_	_	_
197-4	BOI003	197	197	4	uno	uno	_	_	_	_	_	linguistic	_	none	_	_	_	_	_	_
197-5	BOI003	197	197	5	sforzo	sforzo	_	_	_	_	_	linguistic	_	none	_	_	_	_	_	_
197-6	BOI003	197	197	6	in	in	_	_	_	_	_	linguistic	_	none	_	_	_	_	_	_
197-7	BOI003	197	197	7	più	più	_	_	_	_	_	linguistic	_	none	_	_	_	_	_	_
197-8	BOI003	197	197	8	e:h	eh	_	_	_	_	_	linguistic	_	none	_	End=576.193	0x1	_	_	_
198-0	BOI003	198	198	0	e	e	_	_	_	_	_	linguistic	_	none	_	Begin=576.58	_	_	_	_
198-1	BOI003	198	198	1	c~	c~	_	_	_	_	_	linguistic	_	none	Interrupted=Yes	_	_	_	_	_
198-2	BOI003	198	198	2	i	i	_	_	_	_	_	linguistic	_	none	_	_	_	_	_	_
198-3	BOI003	198	198	3	mezzi	mezzi	_	_	_	_	_	linguistic	_	none	_	_	_	_	_	_
198-4	BOI003	198	198	4	pubblii	pubblii	_	_	_	_	_	linguistic	_	none	_	_	_	_	_	_
198-5	BOI003	198	198	5	ci	ci	_	_	_	_	_	linguistic	_	none	_	_	_	_	_	_
198-6	BOI003	198	198	6	sarebbero	sarebbero	_	_	_	_	_	linguistic	_	none	_	_	_	_	_	_
198-7	BOI003	198	198	7	ec[co]	ecco	_	_	_	_	_	linguistic	_	none	_	End=579.213	_	_	_	2-4(51)
199-0	BOR001	199	199	0	[ah]	ah	_	_	_	_	_	linguistic	_	none	_	Begin=578.833|End=579.227	_	_	_	0-2(51)
200-0	BOI003	200	200	0	[sì]	sì	_	_	_	_	_	linguistic	_	none	_	Begin=579.4|End=579.84	_	_	_	0-2(52)
201-0	BOR001	201	201	0	[okay]	okay	_	_	_	_	_	linguistic	_	none	_	Begin=579.4|End=579.847	_	_	_	0-4(52)
202-0	BOI003	202	202	0	però	però	_	_	_	_	_	linguistic	_	none	_	Begin=579.893	_	_	_	_
202-1	BOI003	202	202	1	sa~	sa~	_	_	_	_	_	linguistic	_	none	Interrupted=Yes	_	_	_	_	_
202-2	BOI003	202	202	2	dovresti	dovresti	_	_	_	_	_	linguistic	_	none	_	_	_	_	_	_
202-3	BOI003	202	202	3	un	un	_	_	_	_	_	linguistic	_	none	_	_	_	_	_	_
202-4	BOI003	202	202	4	po'	po'	_	_	_	_	_	linguistic	_	none	_	_	_	_	_	_
202-5	BOI003	202	202	5	p[iù	più	_	_	_	_	_	linguistic	_	none	_	_	_	_	_	1-3(53)
202-6	BOI003	202	202	6	alzarti]	alzarti	_	_	_	_	_	linguistic	_	none	_	_	_	_	_	0-7(53)
202-7	BOI003	202	202	7	prima:?	prima	_	_	_	_	_	linguistic	_	none	Intonation=Rising	End=584.729	4x1	_	_	_
203-0	BOR001	203	203	0	[si	si	_	_	_	_	_	linguistic	_	none	_	Begin=582.03	_	_	_	0-2(53)
203-1	BOR001	203	203	1	sei	sei	_	_	_	_	_	linguistic	_	none	_	_	_	_	_	0-3(53)
203-2	BOR001	203	203	2	vincola:to]	vincolato	_	_	_	_	_	linguistic	_	none	_	End=583.236	6x1	_	_	0-9(53)
204-0	BOI003	204	204	0	e	e	_	_	_	_	_	linguistic	_	none	_	Begin=584.794	_	_	_	_
204-1	BOI003	204	204	1	cose	cose	_	_	_	_	_	linguistic	_	none	_	_	_	_	_	_
204-2	BOI003	204	204	2	di	di	_	_	_	_	_	linguistic	_	none	_	_	_	_	_	_
204-3	BOI003	204	204	3	questo	questo	_	_	_	_	_	linguistic	_	none	_	_	_	_	_	_
204-4	BOI003	204	204	4	ge[nere]	genere	_	_	_	_	_	linguistic	_	none	_	_	_	_	_	2-6(54)
204-5	BOI003	204	204	5	ecco	ecco	_	_	_	_	_	linguistic	_	none	_	_	_	_	_	_
204-6	BOI003	204	204	6	°infatti°	infatti	_	_	_	_	_	linguistic	_	none	Volume=low	_	_	_	_	_
204-7	BOI003	204	204	7	a	a	_	_	_	_	_	linguistic	_	none	_	_	_	_	_	_
204-8	BOI003	204	204	8	volte	volte	_	_	_	_	_	linguistic	_	none	_	_	_	_	_	_
204-9	BOI003	204	204	9	per	per	_	_	_	_	_	linguistic	_	none	_	_	_	_	_	_
204-10	BOI003	204	204	10	pigrizia	pigrizia	_	_	_	_	_	linguistic	_	none	_	_	_	_	_	_
204-11	BOI003	204	204	11	non	non	_	_	_	_	_	linguistic	_	none	_	_	_	_	_	_
204-12	BOI003	204	204	12	lo	lo	_	_	_	_	_	linguistic	_	none	_	_	_	_	_	_
204-13	BOI003	204	204	13	fai	fai	_	_	_	_	_	linguistic	_	none	_	_	_	_	_	_
204-14	BOI003	204	204	14	ecco	ecco	_	_	_	_	_	linguistic	_	none	_	End=589.16	_	_	_	_
205-0	BOR001	205	205	0	[mhmh]	mhmh	_	_	_	_	_	linguistic	_	none	_	Begin=585.739|End=586.266	_	_	_	0-4(54)
206-0	BOR001	206	206	0	mhmh	mhmh	_	_	_	_	_	linguistic	_	none	_	Begin=589.333	_	_	_	_
206-1	BOR001	206	206	1	okay	okay	_	_	_	_	_	linguistic	_	none	_	_	_	_	_	_
206-2	BOR001	206	206	2	okay	okay	_	_	_	_	_	linguistic	_	none	_	End=590.533	_	_	_	_
207-0	BOR001	207	207	0	ma	ma	_	_	_	_	_	linguistic	_	none	_	Begin=590.866	_	_	_	_
207-1	BOR001	207	207	1	invece	invece	_	_	_	_	_	linguistic	_	none	_	End=591.73	_	_	_	_
208-0	BOR001	208	208	0	e::hm	ehm	_	_	_	_	_	linguistic	_	none	_	Begin=591.98	0x2	_	_	_
208-1	BOR001	208	208	1	vabbé	vabbé	_	_	_	_	_	linguistic	_	none	_	_	_	_	_	_
208-2	BOR001	208	208	2	tu	tu	_	_	_	_	_	linguistic	_	none	_	_	_	_	_	_
208-3	BOR001	208	208	3	hai	hai	_	_	_	_	_	linguistic	_	none	_	_	_	_	_	_
208-4	BOR001	208	208	4	notato	notato	_	_	_	_	_	linguistic	_	none	_	_	_	_	_	_
208-5	BOR001	208	208	5	il	il	_	_	_	_	_	linguistic	_	none	_	_	_	_	_	_
208-6	BOR001	208	208	6	cambiamento	cambiamento	_	_	_	_	_	linguistic	_	none	_	_	_	_	_	_
208-7	BOR001	208	208	7	nel	nel	_	_	_	_	_	linguistic	_	none	_	_	_	_	_	_
208-8	BOR001	208	208	8	[traffico	traffico	_	_	_	_	_	linguistic	_	none	_	_	_	_	_	0-8(55)
208-9	BOR001	208	208	9	principal]mente	principalmente	_	_	_	_	_	linguistic	_	none	_	End=596.3	_	_	_	0-9(55)
209-0	BOI003	209	209	0	[sì	sì	_	_	_	_	_	linguistic	_	none	_	Begin=594.894	_	_	_	0-2(55)
209-1	BOI003	209	209	1	sì]	sì	_	_	_	_	_	linguistic	_	none	_	End=596.092	_	_	_	0-2(55)
210-0	BOR001	210	210	0	e	e	_	_	_	_	_	linguistic	_	none	_	Begin=596.88	_	_	_	_
210-1	BOR001	210	210	1	invece	invece	_	_	_	_	_	linguistic	_	none	_	_	_	_	_	_
210-2	BOR001	210	210	2	in	in	_	_	_	_	_	linguistic	_	none	_	_	_	_	_	_
210-3	BOR001	210	210	3	bologna	bologna	_	_	_	_	_	linguistic	_	none	_	End=598.593	_	_	_	_
211-0	BOR001	211	211	0	in	in	_	_	_	_	_	linguistic	_	none	_	Begin=598.88	_	_	_	_
211-1	BOR001	211	211	1	generale	generale	_	_	_	_	_	linguistic	_	none	_	_	_	_	_	_
211-2	BOR001	211	211	2	come	come	_	_	_	_	_	linguistic	_	none	_	_	_	_	_	_
211-3	BOR001	211	211	3	città	città	_	_	_	_	_	linguistic	_	none	_	_	_	_	_	_
211-4	BOR001	211	211	4	rispetto	rispetto	_	_	_	_	_	linguistic	_	none	_	_	_	_	_	_
211-5	BOR001	211	211	5	magari	magari	_	_	_	_	_	linguistic	_	none	_	_	_	_	_	_
211-6	BOR001	211	211	6	a	a	_	_	_	_	_	linguistic	_	none	_	_	_	_	_	_
211-7	BOR001	211	211	7	quando	quando	_	_	_	_	_	linguistic	_	none	_	End=601.6	_	_	_	_
212-0	BOR001	212	212	0	eri	eri	_	_	_	_	_	linguistic	_	none	_	Begin=601.875	_	_	_	_
212-1	BOR001	212	212	1	bambina	bambina	_	_	_	_	_	linguistic	_	none	_	_	_	_	_	_
212-2	BOR001	212	212	2	adolescente	adolescente	_	_	_	_	_	linguistic	_	none	_	_	_	_	_	_
212-3	BOR001	212	212	3	ad	ad	_	_	_	_	_	linguistic	_	none	_	_	_	_	_	_
212-4	BOR001	212	212	4	adesso	adesso	_	_	_	_	_	linguistic	_	none	_	End=604.504	_	_	_	_
213-0	BOR001	213	213	0	mh	mh	_	_	_	_	_	linguistic	_	none	PauseAfter=Yes	Begin=604.933	_	_	_	_
213-1	BOR001	213	213	1	(.)	(.)	_	_	_	_	_	shortpause	_	none	_	_	_	_	_	_
213-2	BOR001	213	213	2	haI	hai	_	_	_	_	_	linguistic	_	none	Volume=high	_	_	_	_	_
213-3	BOR001	213	213	3	notato	notato	_	_	_	_	_	linguistic	_	none	_	_	_	_	_	_
213-4	BOR001	213	213	4	dei	dei	_	_	_	_	_	linguistic	_	none	_	_	_	_	_	_
213-5	BOR001	213	213	5	cambiame~	cambiame~	_	_	_	_	_	linguistic	_	none	Interrupted=Yes	_	_	_	_	_
213-6	BOR001	213	213	6	c(io)è	cioè	_	_	_	_	_	linguistic	_	none	Reduced=Yes	_	_	_	_	_
213-7	BOR001	213	213	7	è	è	_	_	_	_	_	linguistic	_	none	_	_	_	_	_	_
213-8	BOR001	213	213	8	cambiata	cambiata	_	_	_	_	_	linguistic	_	none	_	_	_	_	_	_
213-9	BOR001	213	213	9	secondo	secondo	_	_	_	_	_	linguistic	_	none	_	_	_	_	_	_
213-10	BOR001	213	213	10	te	te	_	_	_	_	_	linguistic	_	none	_	_	_	_	_	_
213-11	BOR001	213	213	11	la	la	_	_	_	_	_	linguistic	_	none	_	_	_	_	_	_
213-12	BOR001	213	213	12	città	città	_	_	_	_	_	linguistic	_	none	_	End=608.787	_	_	_	_
214-0	BOI003	214	214	0	ma	ma	_	_	_	_	_	linguistic	_	none	_	Begin=608.985	_	_	_	_
214-1	BOI003	214	214	1	tu	tu	_	_	_	_	_	linguistic	_	none	_	_	_	_	_	_
214-2	BOI003	214	214	2	dici	dici	_	_	_	_	_	linguistic	_	none	_	_	_	_	_	_
214-3	BOI003	214	214	3	a	a	_	_	_	_	_	linguistic	_	none	_	_	_	_	_	_
214-4	BOI003	214	214	4	livello	livello	_	_	_	_	_	linguistic	_	none	_	_	_	_	_	_
214-5	BOI003	214	214	5	di	di	_	_	_	_	_	linguistic	_	none	_	_	_	_	_	_
214-6	BOI003	214	214	6	traffico	traffico	_	_	_	_	_	linguistic	_	none	_	_	_	_	_	_
214-7	BOI003	214	214	7	o	o	_	_	_	_	_	linguistic	_	none	_	_	_	_	_	_
214-8	BOI003	214	214	8	in	in	_	_	_	_	_	linguistic	_	none	_	_	_	_	_	_
214-9	BOI003	214	214	9	ge[nerale]	generale	_	_	_	_	_	linguistic	_	none	_	End=611.818	_	_	_	2-8(56)
215-0	BOR001	215	215	0	[no	no	_	_	_	_	_	linguistic	_	none	_	Begin=611.203	_	_	_	0-2(56)
215-1	BOR001	215	215	1	no]	no	_	_	_	_	_	linguistic	_	none	_	_	_	_	_	0-2(56)
215-2	BOR001	215	215	2	in	in	_	_	_	_	_	linguistic	_	none	_	_	_	_	_	_
215-3	BOR001	215	215	3	generale	generale	_	_	_	_	_	linguistic	_	none	_	_	_	_	_	_
215-4	BOR001	215	215	4	sot[to	sotto	_	_	_	_	_	linguistic	_	none	_	_	_	_	_	3-5(57)
215-5	BOR001	215	215	5	qualsiasi	qualsiasi	_	_	_	_	_	linguistic	_	none	_	_	_	_	_	0-9(57)
215-6	BOR001	215	215	6	asp]etto	aspetto	_	_	_	_	_	linguistic	_	none	_	End=613.38	_	_	_	0-3(57)
216-0	BOI003	216	216	0	[°generale°]	generale	_	_	_	_	_	linguistic	_	none	Volume=low	Begin=612.16|End=612.853	_	_	_	0-8(57)
217-0	BOI003	217	217	0	beh	beh	_	_	_	_	_	linguistic	_	none	_	Begin=613.58	_	_	_	_
217-1	BOI003	217	217	1	sì	sì	_	_	_	_	_	linguistic	_	none	_	_	_	_	_	_
217-2	BOI003	217	217	2	un	un	_	_	_	_	_	linguistic	_	none	_	_	_	_	_	_
217-3	BOI003	217	217	3	po'	po'	_	_	_	_	_	linguistic	_	none	_	_	_	_	_	_
217-4	BOI003	217	217	4	senz'	senz'	_	_	_	_	_	linguistic	_	none	SpaceAfter=No	_	_	_	_	_
217-5	BOI003	217	217	5	altro	altro	_	_	_	_	_	linguistic	_	none	_	_	_	_	_	_
217-6	BOI003	217	217	6	è	è	_	_	_	_	_	linguistic	_	none	_	_	_	_	_	_
217-7	BOI003	217	217	7	cambiata	cambiata	_	_	_	_	_	linguistic	_	none	_	_	_	_	_	_
217-8	BOI003	217	217	8	adesso	adesso	_	_	_	_	_	linguistic	_	none	_	End=616.43	_	_	_	_
218-0	BOI003	218	218	0	rispetto	rispetto	_	_	_	_	_	linguistic	_	none	_	Begin=616.485	_	_	_	_
218-1	BOI003	218	218	1	soprattutto	soprattutto	_	_	_	_	_	linguistic	_	none	_	_	_	_	_	_
218-2	BOI003	218	218	2	a	a	_	_	_	_	_	linguistic	_	none	_	_	_	_	_	_
218-3	BOI003	218	218	3	quando	quando	_	_	_	_	_	linguistic	_	none	_	_	_	_	_	_
218-4	BOI003	218	218	4	ero	ero	_	_	_	_	_	linguistic	_	none	_	_	_	_	_	_
218-5	BOI003	218	218	5	bambina	bambina	_	_	_	_	_	linguistic	_	none	_	_	_	_	_	_
218-6	BOI003	218	218	6	che:	che	_	_	_	_	_	linguistic	_	none	_	_	2x1	_	_	_
218-7	BOI003	218	218	7	anche	anche	_	_	_	_	_	linguistic	_	none	_	_	_	_	_	_
218-8	BOI003	218	218	8	da	da	_	_	_	_	_	linguistic	_	none	_	_	_	_	_	_
218-9	BOI003	218	218	9	bambina	bambina	_	_	_	_	_	linguistic	_	none	_	_	_	_	_	_
218-10	BOI003	218	218	10	ragazzina	ragazzina	_	_	_	_	_	linguistic	_	none	_	_	_	_	_	_
218-11	BOI003	218	218	11	appunto	appunto	_	_	_	_	_	linguistic	_	none	_	End=621.407	_	_	_	_
219-0	BOI003	219	219	0	camminavo	camminavo	_	_	_	_	_	linguistic	_	none	_	Begin=621.447	_	_	_	_
219-1	BOI003	219	219	1	spesso	spesso	_	_	_	_	_	linguistic	_	none	_	_	_	_	_	_
219-2	BOI003	219	219	2	da	da	_	_	_	_	_	linguistic	_	none	_	_	_	_	_	_
219-3	BOI003	219	219	3	sola	sola	_	_	_	_	_	linguistic	_	none	_	_	_	_	_	_
219-4	BOI003	219	219	4	anche	anche	_	_	_	_	_	linguistic	_	none	_	_	_	_	_	_
219-5	BOI003	219	219	5	in	in	_	_	_	_	_	linguistic	_	none	_	_	_	_	_	_
219-6	BOI003	219	219	6	centro	centro	_	_	_	_	_	linguistic	_	none	_	_	_	_	_	_
219-7	BOI003	219	219	7	perché	perché	_	_	_	_	_	linguistic	_	none	_	_	_	_	_	_
219-8	BOI003	219	219	8	appunto	appunto	_	_	_	_	_	linguistic	_	none	_	_	_	_	_	_
219-9	BOI003	219	219	9	andando	andando	_	_	_	_	_	linguistic	_	none	_	_	_	_	_	_
219-10	BOI003	219	219	10	a	a	_	_	_	_	_	linguistic	_	none	_	_	_	_	_	_
219-11	BOI003	219	219	11	scuola	scuola	_	_	_	_	_	linguistic	_	none	_	_	_	_	_	_
219-12	BOI003	219	219	12	in	in	_	_	_	_	_	linguistic	_	none	_	_	_	_	_	_
219-13	BOI003	219	219	13	via	via	_	_	_	_	_	linguistic	_	none	_	_	_	_	_	_
219-14	BOI003	219	219	14	marconi	marconi	_	_	_	_	_	linguistic	_	none	_	_	_	_	_	_
219-15	BOI003	219	219	15	andavo	andavo	_	_	_	_	_	linguistic	_	none	_	_	_	_	_	_
219-16	BOI003	219	219	16	anche	anche	_	_	_	_	_	linguistic	_	none	_	_	_	_	_	_
219-17	BOI003	219	219	17	da	da	_	_	_	_	_	linguistic	_	none	_	_	_	_	_	_
219-18	BOI003	219	219	18	sola	sola	_	_	_	_	_	linguistic	_	none	_	_	_	_	_	_
219-19	BOI003	219	219	19	[che]	che	_	_	_	_	_	linguistic	_	none	_	End=627.766	_	_	_	0-3(58)
220-0	BOR001	220	220	0	[mhmh]	mhmh	_	_	_	_	_	linguistic	_	none	_	Begin=627.13|End=627.766	_	_	_	0-4(58)
221-0	BOI003	221	221	0	anche	anche	_	_	_	_	_	linguistic	_	none	_	Begin=628.385	_	_	_	_
221-1	BOI003	221	221	1	avevo	avevo	_	_	_	_	_	linguistic	_	none	_	_	_	_	_	_
221-2	BOI003	221	221	2	sette	sette	_	_	_	_	_	linguistic	_	none	_	_	_	_	_	_
221-3	BOI003	221	221	3	otto	otto	_	_	_	_	_	linguistic	_	none	_	_	_	_	_	_
221-4	BOI003	221	221	4	anni	anni	_	_	_	_	_	linguistic	_	none	_	_	_	_	_	_
221-5	BOI003	221	221	5	an[davo	andavo	_	_	_	_	_	linguistic	_	none	_	_	_	_	_	2-6(59)
221-6	BOI003	221	221	6	anc]he	anche	_	_	_	_	_	linguistic	_	none	_	_	_	_	_	0-3(59)
221-7	BOI003	221	221	7	da	da	_	_	_	_	_	linguistic	_	none	_	_	_	_	_	_
221-8	BOI003	221	221	8	sola	sola	_	_	_	_	_	linguistic	_	none	_	_	_	_	_	_
221-9	BOI003	221	221	9	ecco	ecco	_	_	_	_	_	linguistic	_	none	_	End=631.343	_	_	_	_
222-0	BOR001	222	222	0	[sì]	sì	_	_	_	_	_	linguistic	_	none	_	Begin=629.885|End=630.271	_	_	_	0-2(59)
223-0	BOI003	223	223	0	cosa	cosa	_	_	_	_	_	linguistic	_	none	_	Begin=631.647	_	_	_	_
223-1	BOI003	223	223	1	che	che	_	_	_	_	_	linguistic	_	none	_	_	_	_	_	_
223-2	BOI003	223	223	2	magari	magari	_	_	_	_	_	linguistic	_	none	_	_	_	_	_	_
223-3	BOI003	223	223	3	adesso	adesso	_	_	_	_	_	linguistic	_	none	_	End=633.353	_	_	_	_
224-0	BOI003	224	224	0	difficilmente	difficilmente	_	_	_	_	_	linguistic	_	none	_	Begin=633.553	_	_	_	_
224-1	BOI003	224	224	1	uno	uno	_	_	_	_	_	linguistic	_	none	_	_	_	_	_	_
224-2	BOI003	224	224	2	manderebbe	manderebbe	_	_	_	_	_	linguistic	_	none	_	_	_	_	_	_
224-3	BOI003	224	224	3	una	una	_	_	_	_	_	linguistic	_	none	_	_	_	_	_	_
224-4	BOI003	224	224	4	bambina	bambina	_	_	_	_	_	linguistic	_	none	_	_	_	_	_	_
224-5	BOI003	224	224	5	di	di	_	_	_	_	_	linguistic	_	none	_	_	_	_	_	_
224-6	BOI003	224	224	6	sette	sette	_	_	_	_	_	linguistic	_	none	_	_	_	_	_	_
224-7	BOI003	224	224	7	otto	otto	_	_	_	_	_	linguistic	_	none	_	_	_	_	_	_
224-8	BOI003	224	224	8	anni	anni	_	_	_	_	_	linguistic	_	none	_	_	_	_	_	_
224-9	BOI003	224	224	9	da	da	_	_	_	_	_	linguistic	_	none	_	_	_	_	_	_
224-10	BOI003	224	224	10	sola	sola	_	_	_	_	_	linguistic	_	none	_	_	_	_	_	_
224-11	BOI003	224	224	11	a	a	_	_	_	_	_	linguistic	_	none	_	_	_	_	_	_
224-12	BOI003	224	224	12	camminare	camminare	_	_	_	_	_	linguistic	_	none	_	End=638.3	_	_	_	_
225-0	BOI003	225	225	0	quindi	quindi	_	_	_	_	_	linguistic	_	none	_	Begin=638.82	_	_	_	_
225-1	BOI003	225	225	1	m:h	mh	_	_	_	_	_	linguistic	_	none	_	_	0x1	_	_	_
225-2	BOI003	225	225	2	diciamo	diciamo	_	_	_	_	_	linguistic	_	none	_	_	_	_	_	_
225-3	BOI003	225	225	3	che	che	_	_	_	_	_	linguistic	_	none	_	_	_	_	_	_
225-4	BOI003	225	225	4	nel	nel	_	_	_	_	_	linguistic	_	none	_	_	_	_	_	_
225-5	BOI003	225	225	5	corso	corso	_	_	_	_	_	linguistic	_	none	_	_	_	_	_	_
225-6	BOI003	225	225	6	degli	degli	_	_	_	_	_	linguistic	_	none	_	_	_	_	_	_
225-7	BOI003	225	225	7	anni	anni	_	_	_	_	_	linguistic	_	none	_	_	_	_	_	_
225-8	BOI003	225	225	8	è	è	_	_	_	_	_	linguistic	_	none	_	_	_	_	_	_
225-9	BOI003	225	225	9	cambiata	cambiata	_	_	_	_	_	linguistic	_	none	_	_	_	_	_	_
225-10	BOI003	225	225	10	perché	perché	_	_	_	_	_	linguistic	_	none	_	_	_	_	_	_
225-11	BOI003	225	225	11	prima	prima	_	_	_	_	_	linguistic	_	none	_	_	_	_	_	_
225-12	BOI003	225	225	12	bologna	bologna	_	_	_	_	_	linguistic	_	none	_	_	_	_	_	_
225-13	BOI003	225	225	13	sembrava	sembrava	_	_	_	_	_	linguistic	_	none	_	_	_	_	_	_
225-14	BOI003	225	225	14	più	più	_	_	_	_	_	linguistic	_	none	_	End=643.953	_	_	_	_
226-0	BOI003	226	226	0	un	un	_	_	_	_	_	linguistic	_	none	_	Begin=644.353	_	_	_	_
226-1	BOI003	226	226	1	paesone	paesone	_	_	_	_	_	linguistic	_	none	_	_	_	_	_	_
226-2	BOI003	226	226	2	ecco	ecco	_	_	_	_	_	linguistic	_	none	_	_	_	_	_	_
226-3	BOI003	226	226	3	diciamo	diciamo	_	_	_	_	_	linguistic	_	none	_	_	_	_	_	_
226-4	BOI003	226	226	4	quando	quando	_	_	_	_	_	linguistic	_	none	_	_	_	_	_	_
226-5	BOI003	226	226	5	ero	ero	_	_	_	_	_	linguistic	_	none	_	_	_	_	_	_
226-6	BOI003	226	226	6	bambina	bambina	_	_	_	_	_	linguistic	_	none	_	_	_	_	_	_
226-7	BOI003	226	226	7	era	era	_	_	_	_	_	linguistic	_	none	_	_	_	_	_	_
226-8	BOI003	226	226	8	più	più	_	_	_	_	_	linguistic	_	none	_	_	_	_	_	_
226-9	BOI003	226	226	9	un	un	_	_	_	_	_	linguistic	_	none	_	_	_	_	_	_
226-10	BOI003	226	226	10	paese	paese	_	_	_	_	_	linguistic	_	none	_	_	_	_	_	_
226-11	BOI003	226	226	11	c'	c'	_	_	_	_	_	linguistic	_	none	SpaceAfter=No	_	_	_	_	_
226-12	BOI003	226	226	12	era	era	_	_	_	_	_	linguistic	_	none	_	_	_	_	_	_
226-13	BOI003	226	226	13	la	la	_	_	_	_	_	linguistic	_	none	_	_	_	_	_	_
226-14	BOI003	226	226	14	bottega	bottega	_	_	_	_	_	linguistic	_	none	_	_	_	_	_	_
226-15	BOI003	226	226	15	s'	s'	_	_	_	_	_	linguistic	_	none	SpaceAfter=No	_	_	_	_	_
226-16	BOI003	226	226	16	andava	andava	_	_	_	_	_	linguistic	_	none	_	End=650.453	_	_	_	_
227-0	BOI003	227	227	0	mi	mi	_	_	_	_	_	linguistic	_	none	_	Begin=650.827	_	_	_	_
227-1	BOI003	227	227	1	ricordo	ricordo	_	_	_	_	_	linguistic	_	none	_	End=651.933	_	_	_	_
228-0	BOI003	228	228	0	che	che	_	_	_	_	_	linguistic	_	none	_	Begin=652.494	_	_	_	_
228-1	BOI003	228	228	1	c'	c'	_	_	_	_	_	linguistic	_	none	SpaceAfter=No	_	_	_	_	_
228-2	BOI003	228	228	2	era	era	_	_	_	_	_	linguistic	_	none	_	_	_	_	_	_
228-3	BOI003	228	228	3	la	la	_	_	_	_	_	linguistic	_	none	_	_	_	_	_	_
228-4	BOI003	228	228	4	l~	l~	_	_	_	_	_	linguistic	_	none	Interrupted=Yes	_	_	_	_	_
228-5	BOI003	228	228	5	eh	eh	_	_	_	_	_	linguistic	_	none	_	_	_	_	_	_
228-6	BOI003	228	228	6	la	la	_	_	_	_	_	linguistic	_	none	_	_	_	_	_	_
228-7	BOI003	228	228	7	lattaia,	lattaia	_	_	_	_	_	linguistic	_	none	Intonation=WeaklyRising	_	_	_	_	_
228-8	BOI003	228	228	8	dal	dal	_	_	_	_	_	linguistic	_	none	_	_	_	_	_	_
228-9	BOI003	228	228	9	fruttivendolo	fruttivendolo	_	_	_	_	_	linguistic	_	none	_	_	_	_	_	_
228-10	BOI003	228	228	10	la	la	_	_	_	_	_	linguistic	_	none	_	_	_	_	_	_
228-11	BOI003	228	228	11	merceria	merceria	_	_	_	_	_	linguistic	_	none	_	_	_	_	_	_
228-12	BOI003	228	228	12	insomma	insomma	_	_	_	_	_	linguistic	_	none	_	End=657.293	_	_	_	_
229-0	BOI003	229	229	0	proprio	proprio	_	_	_	_	_	linguistic	_	none	_	Begin=657.58	_	_	_	_
229-1	BOI003	229	229	1	tutte	tutte	_	_	_	_	_	linguistic	_	none	_	_	_	_	_	_
229-2	BOI003	229	229	2	bottegucce	bottegucce	_	_	_	_	_	linguistic	_	none	_	_	_	_	_	_
229-3	BOI003	229	229	3	piccoline	piccoline	_	_	_	_	_	linguistic	_	none	_	_	_	_	_	_
229-4	BOI003	229	229	4	era	era	_	_	_	_	_	linguistic	_	none	_	_	_	_	_	_
229-5	BOI003	229	229	5	più:	più	_	_	_	_	_	linguistic	_	none	_	End=661.067	2x1	_	_	_
230-0	BOI003	230	230	0	c~	c~	_	_	_	_	_	linguistic	_	none	Interrupted=Yes	Begin=661.185	_	_	_	_
230-1	BOI003	230	230	1	ci	ci	_	_	_	_	_	linguistic	_	none	_	_	_	_	_	_
230-2	BOI003	230	230	2	conoscevamo	conoscevamo	_	_	_	_	_	linguistic	_	none	_	_	_	_	_	_
230-3	BOI003	230	230	3	un	un	_	_	_	_	_	linguistic	_	none	_	_	_	_	_	_
230-4	BOI003	230	230	4	po'	po'	_	_	_	_	_	linguistic	_	none	_	_	_	_	_	_
230-5	BOI003	230	230	5	tutti	tutti	_	_	_	_	_	linguistic	_	none	_	_	_	_	_	_
230-6	BOI003	230	230	6	proprio	proprio	_	_	_	_	_	linguistic	_	none	_	_	_	_	_	_
230-7	BOI003	230	230	7	come	come	_	_	_	_	_	linguistic	_	none	_	_	_	_	_	_
230-8	BOI003	230	230	8	era	era	_	_	_	_	_	linguistic	_	none	_	_	_	_	_	_
230-9	BOI003	230	230	9	nei	nei	_	_	_	_	_	linguistic	_	none	_	_	_	_	_	_
230-10	BOI003	230	230	10	paesi	paesi	_	_	_	_	_	linguistic	_	none	_	_	_	_	_	_
230-11	BOI003	230	230	11	forse	forse	_	_	_	_	_	linguistic	_	none	_	_	_	_	_	_
230-12	BOI003	230	230	12	ade~	ade~	_	_	_	_	_	linguistic	_	none	Interrupted=Yes	_	_	_	_	_
230-13	BOI003	230	230	13	co[m'	com'	_	_	_	_	_	linguistic	_	none	SpaceAfter=No	_	_	_	_	2-4(60)
230-14	BOI003	230	230	14	è	è	_	_	_	_	_	linguistic	_	none	_	_	_	_	_	0-1(60)
230-15	BOI003	230	230	15	nei	nei	_	_	_	_	_	linguistic	_	none	_	_	_	_	_	0-3(60)
230-16	BOI003	230	230	16	pae]si	paesi	_	_	_	_	_	linguistic	_	none	_	_	_	_	_	0-3(60)
230-17	BOI003	230	230	17	adesso	adesso	_	_	_	_	_	linguistic	_	none	_	_	_	_	_	_
230-18	BOI003	230	230	18	ecco	ecco	_	_	_	_	_	linguistic	_	none	_	End=666.9	_	_	_	_
231-0	BOR001	231	231	0	[mhmh]	mhmh	_	_	_	_	_	linguistic	_	none	_	Begin=665.503|End=666.066	_	_	_	0-4(60)
232-0	BOR001	232	232	0	°sì°	sì	_	_	_	_	_	linguistic	_	none	Volume=low	Begin=667.033|End=667.453	_	_	_	_
233-0	BOI003	233	233	0	e	e	_	_	_	_	_	linguistic	_	none	_	Begin=667.46	_	_	_	_
233-1	BOI003	233	233	1	quindi	quindi	_	_	_	_	_	linguistic	_	none	_	_	_	_	_	_
233-2	BOI003	233	233	2	potevi	potevi	_	_	_	_	_	linguistic	_	none	_	_	_	_	_	_
233-3	BOI003	233	233	3	mandare	mandare	_	_	_	_	_	linguistic	_	none	_	_	_	_	_	_
233-4	BOI003	233	233	4	una	una	_	_	_	_	_	linguistic	_	none	_	_	_	_	_	_
233-5	BOI003	233	233	5	bambina	bambina	_	_	_	_	_	linguistic	_	none	_	_	_	_	_	_
233-6	BOI003	233	233	6	anche	anche	_	_	_	_	_	linguistic	_	none	_	_	_	_	_	_
233-7	BOI003	233	233	7	a	a	_	_	_	_	_	linguistic	_	none	_	_	_	_	_	_
233-8	BOI003	233	233	8	fare:	fare	_	_	_	_	_	linguistic	_	none	_	End=670.293	3x1	_	_	_
234-0	BOI003	234	234	0	a	a	_	_	_	_	_	linguistic	_	none	_	Begin=670.767	_	_	_	_
234-1	BOI003	234	234	1	scuola	scuola	_	_	_	_	_	linguistic	_	none	_	_	_	_	_	_
234-2	BOI003	234	234	2	che	che	_	_	_	_	_	linguistic	_	none	_	_	_	_	_	_
234-3	BOI003	234	234	3	era	era	_	_	_	_	_	linguistic	_	none	_	_	_	_	_	_
234-4	BOI003	234	234	4	a	a	_	_	_	_	_	linguistic	_	none	_	_	_	_	_	_
234-5	BOI003	234	234	5	un	un	_	_	_	_	_	linguistic	_	none	_	_	_	_	_	_
234-6	BOI003	234	234	6	chilometro	chilometro	_	_	_	_	_	linguistic	_	none	_	_	_	_	_	_
234-7	BOI003	234	234	7	di	di	_	_	_	_	_	linguistic	_	none	_	_	_	_	_	_
234-8	BOI003	234	234	8	distanza	distanza	_	_	_	_	_	linguistic	_	none	_	_	_	_	_	_
234-9	BOI003	234	234	9	a	a	_	_	_	_	_	linguistic	_	none	_	_	_	_	_	_
234-10	BOI003	234	234	10	piedi	piedi	_	_	_	_	_	linguistic	_	none	_	_	_	_	_	_
234-11	BOI003	234	234	11	da	da	_	_	_	_	_	linguistic	_	none	_	_	_	_	_	_
234-12	BOI003	234	234	12	sola	sola	_	_	_	_	_	linguistic	_	none	_	_	_	_	_	_
234-13	BOI003	234	234	13	ecco	ecco	_	_	_	_	_	linguistic	_	none	_	End=674.36	_	_	_	_
235-0	BOI003	235	235	0	cose	cose	_	_	_	_	_	linguistic	_	none	_	Begin=675.133	_	_	_	_
235-1	BOI003	235	235	1	che	che	_	_	_	_	_	linguistic	_	none	_	_	_	_	_	_
235-2	BOI003	235	235	2	adesso	adesso	_	_	_	_	_	linguistic	_	none	_	_	_	_	_	_
235-3	BOI003	235	235	3	non	non	_	_	_	_	_	linguistic	_	none	_	_	_	_	_	_
235-4	BOI003	235	235	4	si	si	_	_	_	_	_	linguistic	_	none	_	_	_	_	_	_
235-5	BOI003	235	235	5	potrebbero	potrebbero	_	_	_	_	_	linguistic	_	none	_	_	_	_	_	_
235-6	BOI003	235	235	6	fare	fare	_	_	_	_	_	linguistic	_	none	_	_	_	_	_	_
235-7	BOI003	235	235	7	ma	ma	_	_	_	_	_	linguistic	_	none	_	_	_	_	_	_
235-8	BOI003	235	235	8	penso	penso	_	_	_	_	_	linguistic	_	none	_	_	_	_	_	_
235-9	BOI003	235	235	9	che	che	_	_	_	_	_	linguistic	_	none	_	_	_	_	_	_
235-10	BOI003	235	235	10	sia	sia	_	_	_	_	_	linguistic	_	none	_	End=678.32	_	_	_	_
236-0	BOI003	236	236	0	non	non	_	_	_	_	_	linguistic	_	none	_	Begin=678.36	_	_	_	_
236-1	BOI003	236	236	1	sia	sia	_	_	_	_	_	linguistic	_	none	_	_	_	_	_	_
236-2	BOI003	236	236	2	un	un	_	_	_	_	_	linguistic	_	none	_	_	_	_	_	_
236-3	BOI003	236	236	3	cambiamento	cambiamento	_	_	_	_	_	linguistic	_	none	_	_	_	_	_	_
236-4	BOI003	236	236	4	di	di	_	_	_	_	_	linguistic	_	none	_	_	_	_	_	_
236-5	BOI003	236	236	5	bologna,	bologna	_	_	_	_	_	linguistic	_	none	Intonation=WeaklyRising	_	_	_	_	_
236-6	BOI003	236	236	6	penso	penso	_	_	_	_	_	linguistic	_	none	_	_	_	_	_	_
236-7	BOI003	236	236	7	che	che	_	_	_	_	_	linguistic	_	none	_	_	_	_	_	_
236-8	BOI003	236	236	8	sia	sia	_	_	_	_	_	linguistic	_	none	_	_	_	_	_	_
236-9	BOI003	236	236	9	proprio	proprio	_	_	_	_	_	linguistic	_	none	_	_	_	_	_	_
236-10	BOI003	236	236	10	un	un	_	_	_	_	_	linguistic	_	none	_	_	_	_	_	_
236-11	BOI003	236	236	11	cambiamento	cambiamento	_	_	_	_	_	linguistic	_	none	_	_	_	_	_	_
236-12	BOI003	236	236	12	generale	generale	_	_	_	_	_	linguistic	_	none	_	End=682.853	_	_	_	_
237-0	BOI003	237	237	0	di	di	_	_	_	_	_	linguistic	_	none	_	Begin=683.02	_	_	_	_
237-1	BOI003	237	237	1	tutte	tutte	_	_	_	_	_	linguistic	_	none	_	_	_	_	_	_
237-2	BOI003	237	237	2	le	le	_	_	_	_	_	linguistic	_	none	_	_	_	_	_	_
237-3	BOI003	237	237	3	città	città	_	_	_	_	_	linguistic	_	none	_	_	_	_	_	_
237-4	BOI003	237	237	4	del	del	_	_	_	_	_	linguistic	_	none	_	_	_	_	_	_
237-5	BOI003	237	237	5	mondo	mondo	_	_	_	_	_	linguistic	_	none	_	_	_	_	_	_
237-6	BOI003	237	237	6	del	del	_	_	_	_	_	linguistic	_	none	_	End=685.44	_	_	_	_
238-0	BOI003	238	238	0	della	della	_	_	_	_	_	linguistic	_	none	_	Begin=685.727	_	_	_	_
238-1	BOI003	238	238	1	società	società	_	_	_	_	_	linguistic	_	none	_	_	_	_	_	_
238-2	BOI003	238	238	2	di	di	_	_	_	_	_	linguistic	_	none	_	_	_	_	_	_
238-3	BOI003	238	238	3	adesso	adesso	_	_	_	_	_	linguistic	_	none	_	_	_	_	_	_
238-4	BOI003	238	238	4	ecco	ecco	_	_	_	_	_	linguistic	_	none	_	_	_	_	_	_
238-5	BOI003	238	238	5	°infat[ti°]	infatti	_	_	_	_	_	linguistic	_	none	Volume=low	End=688.467	_	_	_	5-7(61)
239-0	BOR001	239	239	0	[°mhmh°]	mhmh	_	_	_	_	_	linguistic	_	none	Volume=low	Begin=688.303|End=688.467	_	_	_	0-4(61)
240-0	BOR001	240	240	0	[°sì°]	sì	_	_	_	_	_	linguistic	_	none	Volume=low	Begin=688.58|End=688.78	_	_	_	0-2(62)
241-0	BOI003	241	241	0	[E	e	_	_	_	_	_	linguistic	_	none	Volume=high	Begin=688.593	_	_	_	0-1(62)
241-1	BOI003	241	241	1	poi]	poi	_	_	_	_	_	linguistic	_	none	_	_	_	_	_	0-3(62)
241-2	BOI003	241	241	2	bologna	bologna	_	_	_	_	_	linguistic	_	none	_	_	_	_	_	_
241-3	BOI003	241	241	3	già	già	_	_	_	_	_	linguistic	_	none	_	_	_	_	_	_
241-4	BOI003	241	241	4	prima	prima	_	_	_	_	_	linguistic	_	none	_	End=690.533	_	_	_	_
242-0	BOI003	242	242	0	era	era	_	_	_	_	_	linguistic	_	none	_	Begin=691.027|End=691.553	_	_	_	_
243-0	BOI003	243	243	0	c'	c'	_	_	_	_	_	linguistic	_	none	SpaceAfter=No	Begin=692.12	_	_	_	_
243-1	BOI003	243	243	1	aveva	aveva	_	_	_	_	_	linguistic	_	none	_	_	_	_	_	_
243-2	BOI003	243	243	2	un	un	_	_	_	_	_	linguistic	_	none	_	_	_	_	_	_
243-3	BOI003	243	243	3	tot	tot	_	_	_	_	_	linguistic	_	none	_	_	_	_	_	_
243-4	BOI003	243	243	4	di	di	_	_	_	_	_	linguistic	_	none	_	_	_	_	_	_
243-5	BOI003	243	243	5	abitanti	abitanti	_	_	_	_	_	linguistic	_	none	_	_	_	_	_	_
243-6	BOI003	243	243	6	adesso	adesso	_	_	_	_	_	linguistic	_	none	_	_	_	_	_	_
243-7	BOI003	243	243	7	ne	ne	_	_	_	_	_	linguistic	_	none	_	_	_	_	_	_
243-8	BOI003	243	243	8	ha	ha	_	_	_	_	_	linguistic	_	none	_	_	_	_	_	_
243-9	BOI003	243	243	9	senz'	senz'	_	_	_	_	_	linguistic	_	none	SpaceAfter=No	_	_	_	_	_
243-10	BOI003	243	243	10	altro	altro	_	_	_	_	_	linguistic	_	none	_	_	_	_	_	_
243-11	BOI003	243	243	11	il	il	_	_	_	_	_	linguistic	_	none	_	_	_	_	_	_
243-12	BOI003	243	243	12	doppio	doppio	_	_	_	_	_	linguistic	_	none	_	_	_	_	_	_
243-13	BOI003	243	243	13	il	il	_	_	_	_	_	linguistic	_	none	_	_	_	_	_	_
243-14	BOI003	243	243	14	triplo	triplo	_	_	_	_	_	linguistic	_	none	_	End=696.43	_	_	_	_
244-0	BOI003	244	244	0	rispetto	rispetto	_	_	_	_	_	linguistic	_	none	_	Begin=696.485	_	_	_	_
244-1	BOI003	244	244	1	a	a	_	_	_	_	_	linguistic	_	none	_	_	_	_	_	_
244-2	BOI003	244	244	2	quando	quando	_	_	_	_	_	linguistic	_	none	_	_	_	_	_	_
244-3	BOI003	244	244	3	ero	ero	_	_	_	_	_	linguistic	_	none	_	_	_	_	_	_
244-4	BOI003	244	244	4	bambina	bambina	_	_	_	_	_	linguistic	_	none	_	_	_	_	_	_
244-5	BOI003	244	244	5	io	io	_	_	_	_	_	linguistic	_	none	_	_	_	_	_	_
244-6	BOI003	244	244	6	ecco	ecco	_	_	_	_	_	linguistic	_	none	_	End=698.513	_	_	_	_
245-0	BOR001	245	245	0	mh	mh	_	_	_	_	_	linguistic	_	none	_	Begin=698.875|End=699.268	_	_	_	_
246-0	BOI003	246	246	0	quindi	quindi	_	_	_	_	_	linguistic	_	none	_	Begin=699.267	_	_	_	_
246-1	BOI003	246	246	1	sì	sì	_	_	_	_	_	linguistic	_	none	_	_	_	_	_	_
246-2	BOI003	246	246	2	è	è	_	_	_	_	_	linguistic	_	none	_	_	_	_	_	_
246-3	BOI003	246	246	3	molto	molto	_	_	_	_	_	linguistic	_	none	_	_	_	_	_	_
246-4	BOI003	246	246	4	cambia~	cambia~	_	_	_	_	_	linguistic	_	none	Interrupted=Yes	_	_	_	_	_
246-5	BOI003	246	246	5	è	è	_	_	_	_	_	linguistic	_	none	_	_	_	_	_	_
246-6	BOI003	246	246	6	molto	molto	_	_	_	_	_	linguistic	_	none	_	_	_	_	_	_
246-7	BOI003	246	246	7	cambiata	cambiata	_	_	_	_	_	linguistic	_	none	_	_	_	_	_	_
246-8	BOI003	246	246	8	[°ecco°]	ecco	_	_	_	_	_	linguistic	_	none	Volume=low	End=702.28	_	_	_	0-4(64)
247-0	BOR001	247	247	0	[ma]	ma	_	_	_	_	_	linguistic	_	none	_	Begin=701.894	_	_	_	0-2(64)
247-1	BOR001	247	247	1	ti	ti	_	_	_	_	_	linguistic	_	none	_	_	_	_	_	_
247-2	BOR001	247	247	2	sembra	sembra	_	_	_	_	_	linguistic	_	none	_	_	_	_	_	_
247-3	BOR001	247	247	3	meno	meno	_	_	_	_	_	linguistic	_	none	_	_	_	_	_	_
247-4	BOR001	247	247	4	sicura	sicura	_	_	_	_	_	linguistic	_	none	_	_	_	_	_	_
247-5	BOR001	247	247	5	c(io)é	cioé	_	_	_	_	_	linguistic	_	none	Reduced=Yes	End=704.147	_	_	_	_
248-0	BOI003	248	248	0	sì	sì	_	_	_	_	_	linguistic	_	none	_	Begin=704.287	_	_	_	_
248-1	BOI003	248	248	1	meno	meno	_	_	_	_	_	linguistic	_	none	_	_	_	_	_	_
248-2	BOI003	248	248	2	si[cura]	sicura	_	_	_	_	_	linguistic	_	none	_	_	_	_	_	2-6(65)
248-3	BOI003	248	248	3	mh	mh	_	_	_	_	_	linguistic	_	none	_	End=706.14	_	_	_	_
249-0	BOR001	249	249	0	[mh]	mh	_	_	_	_	_	linguistic	_	none	_	Begin=705.503|End=705.921	_	_	_	0-2(65)
250-0	BOI003	250	250	0	senz'	senz'	_	_	_	_	_	linguistic	_	none	SpaceAfter=No	Begin=706.313	_	_	_	_
250-1	BOI003	250	250	1	altro	altro	_	_	_	_	_	linguistic	_	none	_	_	_	_	_	_
250-2	BOI003	250	250	2	perché	perché	_	_	_	_	_	linguistic	_	none	_	_	_	_	_	_
250-3	BOI003	250	250	3	in	in	_	_	_	_	_	linguistic	_	none	_	_	_	_	_	_
250-4	BOI003	250	250	4	geneRALE	generale	_	_	_	_	_	linguistic	_	none	Volume=high	_	_	_	_	_
250-5	BOI003	250	250	5	inten[do	intendo	_	_	_	_	_	linguistic	_	none	_	_	_	_	_	4-7(66)
250-6	BOI003	250	250	6	perché]	perché	_	_	_	_	_	linguistic	_	none	_	End=709.873	_	_	_	0-6(66)
251-0	BOR001	251	251	0	[sì	sì	_	_	_	_	_	linguistic	_	none	_	Begin=709.357	_	_	_	0-2(66)
251-1	BOR001	251	251	1	sì]	sì	_	_	_	_	_	linguistic	_	none	_	End=709.875	_	_	_	0-2(66)
252-0	BOI003	252	252	0	e:hm	ehm	_	_	_	_	_	linguistic	_	none	_	Begin=710.393	0x1	_	_	_
252-1	BOI003	252	252	1	anch'	anch'	_	_	_	_	_	linguistic	_	none	SpaceAfter=No	_	_	_	_	_
252-2	BOI003	252	252	2	io	io	_	_	_	_	_	linguistic	_	none	_	_	_	_	_	_
252-3	BOI003	252	252	3	adesso:	adesso	_	_	_	_	_	linguistic	_	none	_	_	5x1	_	_	_
252-4	BOI003	252	252	4	per	per	_	_	_	_	_	linguistic	_	none	_	_	_	_	_	_
252-5	BOI003	252	252	5	dire	dire	_	_	_	_	_	linguistic	_	none	_	_	_	_	_	_
252-6	BOI003	252	252	6	è	è	_	_	_	_	_	linguistic	_	none	_	_	_	_	_	_
252-7	BOI003	252	252	7	tutta	tutta	_	_	_	_	_	linguistic	_	none	_	_	_	_	_	_
252-8	BOI003	252	252	8	una	una	_	_	_	_	_	linguistic	_	none	_	_	_	_	_	_
252-9	BOI003	252	252	9	vita	vita	_	_	_	_	_	linguistic	_	none	_	_	_	_	_	_
252-10	BOI003	252	252	10	che:	che	_	_	_	_	_	linguistic	_	none	_	_	2x1	_	_	_
252-11	BOI003	252	252	11	esco	esco	_	_	_	_	_	linguistic	_	none	_	_	_	_	_	_
252-12	BOI003	252	252	12	e	e	_	_	_	_	_	linguistic	_	none	_	_	_	_	_	_
252-13	BOI003	252	252	13	torno	torno	_	_	_	_	_	linguistic	_	none	_	_	_	_	_	_
252-14	BOI003	252	252	14	a	a	_	_	_	_	_	linguistic	_	none	_	_	_	_	_	_
252-15	BOI003	252	252	15	piedi	piedi	_	_	_	_	_	linguistic	_	none	_	_	_	_	_	_
252-16	BOI003	252	252	16	a	a	_	_	_	_	_	linguistic	_	none	_	_	_	_	_	_
252-17	BOI003	252	252	17	qualsiasi	qualsiasi	_	_	_	_	_	linguistic	_	none	_	_	_	_	_	_
252-18	BOI003	252	252	18	ora	ora	_	_	_	_	_	linguistic	_	none	_	_	_	_	_	_
252-19	BOI003	252	252	19	del	del	_	_	_	_	_	linguistic	_	none	_	_	_	_	_	_
252-20	BOI003	252	252	20	del	del	_	_	_	_	_	linguistic	_	none	_	_	_	_	_	_
252-21	BOI003	252	252	21	giorno	giorno	_	_	_	_	_	linguistic	_	none	_	_	_	_	_	_
252-22	BOI003	252	252	22	e	e	_	_	_	_	_	linguistic	_	none	_	_	_	_	_	_
252-23	BOI003	252	252	23	della	della	_	_	_	_	_	linguistic	_	none	_	_	_	_	_	_
252-24	BOI003	252	252	24	notte	notte	_	_	_	_	_	linguistic	_	none	_	End=718.627	_	_	_	_
253-0	BOI003	253	253	0	adesso	adesso	_	_	_	_	_	linguistic	_	none	_	Begin=718.693	_	_	_	_
253-1	BOI003	253	253	1	mi	mi	_	_	_	_	_	linguistic	_	none	_	_	_	_	_	_
253-2	BOI003	253	253	2	sento	sento	_	_	_	_	_	linguistic	_	none	_	_	_	_	_	_
253-3	BOI003	253	253	3	un	un	_	_	_	_	_	linguistic	_	none	_	_	_	_	_	_
253-4	BOI003	253	253	4	pochino	pochino	_	_	_	_	_	linguistic	_	none	_	_	_	_	_	_
253-5	BOI003	253	253	5	meno	meno	_	_	_	_	_	linguistic	_	none	_	_	_	_	_	_
253-6	BOI003	253	253	6	sicura,	sicura	_	_	_	_	_	linguistic	_	none	Intonation=WeaklyRising	End=721.38	_	_	_	_
254-0	BOI003	254	254	0	mah	mah	_	_	_	_	_	linguistic	_	none	_	Begin=722.44|End=722.933	_	_	_	_
255-0	BOI003	255	255	0	in	in	_	_	_	_	_	linguistic	_	none	_	Begin=723.267	_	_	_	_
255-1	BOI003	255	255	1	generale	generale	_	_	_	_	_	linguistic	_	none	_	_	_	_	_	_
255-2	BOI003	255	255	2	mh	mh	_	_	_	_	_	linguistic	_	none	_	End=724.912	_	_	_	_
256-0	BOI003	256	256	0	perché	perché	_	_	_	_	_	linguistic	_	none	_	Begin=724.98	_	_	_	_
256-1	BOI003	256	256	1	è	è	_	_	_	_	_	linguistic	_	none	_	_	_	_	_	_
256-2	BOI003	256	256	2	una	una	_	_	_	_	_	linguistic	_	none	_	_	_	_	_	_
256-3	BOI003	256	256	3	grande	grande	_	_	_	_	_	linguistic	_	none	_	_	_	_	_	_
256-4	BOI003	256	256	4	città:	città	_	_	_	_	_	linguistic	_	none	_	_	4x1	_	_	_
256-5	BOI003	256	256	5	e	e	_	_	_	_	_	linguistic	_	none	_	_	_	_	_	_
256-6	BOI003	256	256	6	perché:	perché	_	_	_	_	_	linguistic	_	none	_	_	5x1	_	_	_
256-7	BOI003	256	256	7	magari	magari	_	_	_	_	_	linguistic	_	none	_	_	_	_	_	_
256-8	BOI003	256	256	8	c'	c'	_	_	_	_	_	linguistic	_	none	SpaceAfter=No	_	_	_	_	_
256-9	BOI003	256	256	9	é	é	_	_	_	_	_	linguistic	_	none	_	_	_	_	_	_
256-10	BOI003	256	256	10	un	un	_	_	_	_	_	linguistic	_	none	_	_	_	_	_	_
256-11	BOI003	256	256	11	po'	po'	_	_	_	_	_	linguistic	_	none	_	_	_	_	_	_
256-12	BOI003	256	256	12	più:	più	_	_	_	_	_	linguistic	_	none	_	_	2x1	_	_	_
256-13	BOI003	256	256	13	di	di	_	_	_	_	_	linguistic	_	none	_	_	_	_	_	_
256-14	BOI003	256	256	14	criminaliTA	criminalita	_	_	_	_	_	linguistic	_	none	Volume=high	_	_	_	_	_
256-15	BOI003	256	256	15	e	e	_	_	_	_	_	linguistic	_	none	_	_	_	_	_	_
256-16	BOI003	256	256	16	si	si	_	_	_	_	_	linguistic	_	none	_	_	_	_	_	_
256-17	BOI003	256	256	17	è	è	_	_	_	_	_	linguistic	_	none	_	_	_	_	_	_
256-18	BOI003	256	256	18	perso	perso	_	_	_	_	_	linguistic	_	none	_	_	_	_	_	_
256-19	BOI003	256	256	19	diciamo	diciamo	_	_	_	_	_	linguistic	_	none	_	_	_	_	_	_
256-20	BOI003	256	256	20	quella	quella	_	_	_	_	_	linguistic	_	none	_	_	_	_	_	_
256-21	BOI003	256	256	21	cosa	cosa	_	_	_	_	_	linguistic	_	none	_	_	_	_	_	_
256-22	BOI003	256	256	22	del	del	_	_	_	_	_	linguistic	_	none	_	_	_	_	_	_
256-23	BOI003	256	256	23	grande	grande	_	_	_	_	_	linguistic	_	none	_	_	_	_	_	_
256-24	BOI003	256	256	24	paeSONE	paesone	_	_	_	_	_	linguistic	_	none	Volume=high	_	_	_	_	_
256-25	BOI003	256	256	25	ecco	ecco	_	_	_	_	_	linguistic	_	none	_	End=734.453	_	_	_	_
257-0	BOI003	257	257	0	°e	e	_	_	_	_	_	linguistic	_	none	Volume=low	Begin=734.985	_	_	_	_
257-1	BOI003	257	257	1	quindi	quindi	_	_	_	_	_	linguistic	_	none	Volume=low	_	_	_	_	_
257-2	BOI003	257	257	2	sì°	sì	_	_	_	_	_	linguistic	_	none	Volume=low	End=735.973	_	_	_	_
258-0	BOR001	258	258	0	e	e	_	_	_	_	_	linguistic	_	none	_	Begin=735.994	_	_	_	_
258-1	BOR001	258	258	1	magari	magari	_	_	_	_	_	linguistic	_	none	_	_	_	_	_	_
258-2	BOR001	258	258	2	non	non	_	_	_	_	_	linguistic	_	none	_	_	_	_	_	_
258-3	BOR001	258	258	3	ci	ci	_	_	_	_	_	linguistic	_	none	_	_	_	_	_	_
258-4	BOR001	258	258	4	si	si	_	_	_	_	_	linguistic	_	none	_	_	_	_	_	_
258-5	BOR001	258	258	5	conosce	conosce	_	_	_	_	_	linguistic	_	none	_	_	_	_	_	_
258-6	BOR001	258	258	6	più	più	_	_	_	_	_	linguistic	_	none	_	End=737.296	_	_	_	_
259-0	BOI003	259	259	0	non	non	_	_	_	_	_	linguistic	_	none	_	Begin=737.385	_	_	_	_
259-1	BOI003	259	259	1	ci	ci	_	_	_	_	_	linguistic	_	none	_	_	_	_	_	_
259-2	BOI003	259	259	2	[si	si	_	_	_	_	_	linguistic	_	none	_	_	_	_	_	0-2(67)
259-3	BOI003	259	259	3	cono]sce	conosce	_	_	_	_	_	linguistic	_	none	_	_	_	_	_	0-4(67)
259-4	BOI003	259	259	4	esatto	esatto	_	_	_	_	_	linguistic	_	none	_	End=739.557	_	_	_	_
260-0	BOR001	260	260	0	[°c(io)é°]	cioé	_	_	_	_	_	linguistic	_	none	Reduced=Yes|Volume=low	Begin=737.775|End=738.257	_	_	_	0-4(67)
261-0	BOI003	261	261	0	e:hm	ehm	_	_	_	_	_	linguistic	_	none	_	Begin=740.166	0x1	_	_	_
261-1	BOI003	261	261	1	sì	sì	_	_	_	_	_	linguistic	_	none	_	End=741.68	_	_	_	_
262-0	BOI003	262	262	0	°è	è	_	_	_	_	_	linguistic	_	none	Volume=low	Begin=741.785	_	_	_	_
262-1	BOI003	262	262	1	cambiata	cambiata	_	_	_	_	_	linguistic	_	none	Volume=low	_	_	_	_	_
262-2	BOI003	262	262	2	da	da	_	_	_	_	_	linguistic	_	none	Volume=low	_	_	_	_	_
262-3	BOI003	262	262	3	questo	questo	_	_	_	_	_	linguistic	_	none	Volume=low	_	_	_	_	_
262-4	BOI003	262	262	4	punto	punto	_	_	_	_	_	linguistic	_	none	Volume=low	_	_	_	_	_
262-5	BOI003	262	262	5	di	di	_	_	_	_	_	linguistic	_	none	Volume=low	_	_	_	_	_
262-6	BOI003	262	262	6	[vista:]°	vista	_	_	_	_	_	linguistic	_	none	Volume=low	End=744.421	4x1	_	_	0-5(68)
263-0	BOR001	263	263	0	[mhmh]	mhmh	_	_	_	_	_	linguistic	_	none	_	Begin=743.294|End=743.994	_	_	_	0-4(68)
264-0	BOI003	264	264	0	C(IO)è	cioè	_	_	_	_	_	linguistic	_	none	Reduced=Yes|Volume=high	Begin=744.975	_	_	_	_
264-1	BOI003	264	264	1	ancora	ancora	_	_	_	_	_	linguistic	_	none	_	_	_	_	_	_
264-2	BOI003	264	264	2	m:h	mh	_	_	_	_	_	linguistic	_	none	_	End=746.682	0x1	_	_	_
265-0	BOI003	265	265	0	penso	penso	_	_	_	_	_	linguistic	_	none	_	Begin=746.812	_	_	_	_
265-1	BOI003	265	265	1	che	che	_	_	_	_	_	linguistic	_	none	_	_	_	_	_	_
265-2	BOI003	265	265	2	sia	sia	_	_	_	_	_	linguistic	_	none	_	End=748.278	_	_	_	_
266-0	BOI003	266	266	0	una	una	_	_	_	_	_	linguistic	_	none	_	Begin=748.507	_	_	_	_
266-1	BOI003	266	266	1	città	città	_	_	_	_	_	linguistic	_	none	_	_	_	_	_	_
266-2	BOI003	266	266	2	dove	dove	_	_	_	_	_	linguistic	_	none	_	_	_	_	_	_
266-3	BOI003	266	266	3	si	si	_	_	_	_	_	linguistic	_	none	_	_	_	_	_	_
266-4	BOI003	266	266	4	vive	vive	_	_	_	_	_	linguistic	_	none	_	_	_	_	_	_
266-5	BOI003	266	266	5	bene	bene	_	_	_	_	_	linguistic	_	none	_	_	_	_	_	_
266-6	BOI003	266	266	6	così	così	_	_	_	_	_	linguistic	_	none	_	_	_	_	_	_
266-7	BOI003	266	266	7	però	però	_	_	_	_	_	linguistic	_	none	_	_	_	_	_	_
266-8	BOI003	266	266	8	rispetto	rispetto	_	_	_	_	_	linguistic	_	none	_	_	_	_	_	_
266-9	BOI003	266	266	9	al	al	_	_	_	_	_	linguistic	_	none	_	_	_	_	_	_
266-10	BOI003	266	266	10	passato.	passato	_	_	_	_	_	linguistic	_	none	Intonation=Falling	_	_	_	_	_
266-11	BOI003	266	266	11	sicuramente	sicuramente	_	_	_	_	_	linguistic	_	none	_	End=754.013	_	_	_	_
267-0	BOI003	267	267	0	mi	mi	_	_	_	_	_	linguistic	_	none	_	Begin=754.393	_	_	_	_
267-1	BOI003	267	267	1	sento	sento	_	_	_	_	_	linguistic	_	none	_	_	_	_	_	_
267-2	BOI003	267	267	2	meno	meno	_	_	_	_	_	linguistic	_	none	_	_	_	_	_	_
267-3	BOI003	267	267	3	sicura	sicura	_	_	_	_	_	linguistic	_	none	_	End=755.013	_	_	_	_
268-0	BOR001	268	268	0	mh	mh	_	_	_	_	_	linguistic	_	none	_	Begin=755.467	_	_	_	_
268-1	BOR001	268	268	1	okay	okay	_	_	_	_	_	linguistic	_	none	_	End=757.258	_	_	_	_
269-0	BOR001	269	269	0	e	e	_	_	_	_	_	linguistic	_	none	_	Begin=757.357	_	_	_	_
269-1	BOR001	269	269	1	e	e	_	_	_	_	_	linguistic	_	none	_	_	_	_	_	_
269-2	BOR001	269	269	2	invece	invece	_	_	_	_	_	linguistic	_	none	_	_	_	_	_	_
269-3	BOR001	269	269	3	per	per	_	_	_	_	_	linguistic	_	none	_	_	_	_	_	_
269-4	BOR001	269	269	4	quanto	quanto	_	_	_	_	_	linguistic	_	none	_	_	_	_	_	_
269-5	BOR001	269	269	5	riguarda	riguarda	_	_	_	_	_	linguistic	_	none	_	_	_	_	_	_
269-6	BOR001	269	269	6	i	i	_	_	_	_	_	linguistic	_	none	_	_	_	_	_	_
269-7	BOR001	269	269	7	portici	portici	_	_	_	_	_	linguistic	_	none	_	_	_	_	_	_
269-8	BOR001	269	269	8	che	che	_	_	_	_	_	linguistic	_	none	_	_	_	_	_	_
269-9	BOR001	269	269	9	sono	sono	_	_	_	_	_	linguistic	_	none	_	_	_	_	_	_
269-10	BOR001	269	269	10	un	un	_	_	_	_	_	linguistic	_	none	_	_	_	_	_	_
269-11	BOR001	269	269	11	po'	po'	_	_	_	_	_	linguistic	_	none	_	_	_	_	_	_
269-12	BOR001	269	269	12	il	il	_	_	_	_	_	linguistic	_	none	_	_	_	_	_	_
269-13	BOR001	269	269	13	simbolo	simbolo	_	_	_	_	_	linguistic	_	none	_	_	_	_	_	_
269-14	BOR001	269	269	14	di	di	_	_	_	_	_	linguistic	_	none	_	_	_	_	_	_
269-15	BOR001	269	269	15	bologna	bologna	_	_	_	_	_	linguistic	_	none	_	_	_	_	_	_
269-16	BOR001	269	269	16	anche	anche	_	_	_	_	_	linguistic	_	none	_	_	_	_	_	_
269-17	BOR001	269	269	17	quelli	quelli	_	_	_	_	_	linguistic	_	none	_	_	_	_	_	_
269-18	BOR001	269	269	18	secondo	secondo	_	_	_	_	_	linguistic	_	none	_	_	_	_	_	_
269-19	BOR001	269	269	19	te	te	_	_	_	_	_	linguistic	_	none	_	_	_	_	_	_
269-20	BOR001	269	269	20	sono	sono	_	_	_	_	_	linguistic	_	none	_	_	_	_	_	_
269-21	BOR001	269	269	21	cambiati	cambiati	_	_	_	_	_	linguistic	_	none	_	_	_	_	_	_
269-22	BOR001	269	269	22	e~	e~	_	_	_	_	_	linguistic	_	none	Interrupted=Yes	End=763.575	_	_	_	_
270-0	BOR001	270	270	0	sono	sono	_	_	_	_	_	linguistic	_	none	_	Begin=763.685	_	_	_	_
270-1	BOR001	270	270	1	magari	magari	_	_	_	_	_	linguistic	_	none	_	_	_	_	_	_
270-2	BOR001	270	270	2	più	più	_	_	_	_	_	linguistic	_	none	_	_	_	_	_	_
270-3	BOR001	270	270	3	degradati	degradati	_	_	_	_	_	linguistic	_	none	_	_	_	_	_	_
270-4	BOR001	270	270	4	di	di	_	_	_	_	_	linguistic	_	none	_	_	_	_	_	_
270-5	BOR001	270	270	5	un	un	_	_	_	_	_	linguistic	_	none	_	_	_	_	_	_
270-6	BOR001	270	270	6	tempo?	tempo	_	_	_	_	_	linguistic	_	none	Intonation=Rising	_	_	_	_	_
270-7	BOR001	270	270	7	o	o	_	_	_	_	_	linguistic	_	none	_	_	_	_	_	_
270-8	BOR001	270	270	8	[no]	no	_	_	_	_	_	linguistic	_	none	_	End=767.244	_	_	_	0-2(69)
271-0	BOI003	271	271	0	[mh]	mh	_	_	_	_	_	linguistic	_	none	_	Begin=766.957	_	_	_	0-2(69)
271-1	BOI003	271	271	1	ma	ma	_	_	_	_	_	linguistic	_	none	_	_	_	_	_	_
271-2	BOI003	271	271	2	oddio	oddio	_	_	_	_	_	linguistic	_	none	_	_	_	_	_	_
271-3	BOI003	271	271	3	e:h	eh	_	_	_	_	_	linguistic	_	none	_	_	0x1	_	_	_
271-4	BOI003	271	271	4	secondo	secondo	_	_	_	_	_	linguistic	_	none	_	_	_	_	_	_
271-5	BOI003	271	271	5	me	me	_	_	_	_	_	linguistic	_	none	_	_	_	_	_	_
271-6	BOI003	271	271	6	e::hm	ehm	_	_	_	_	_	linguistic	_	none	_	End=770.687	0x2	_	_	_
272-0	BOI003	272	272	0	adesso	adesso	_	_	_	_	_	linguistic	_	none	_	Begin=770.753	_	_	_	_
272-1	BOI003	272	272	1	no	no	_	_	_	_	_	linguistic	_	none	_	_	_	_	_	_
272-2	BOI003	272	272	2	e::h	eh	_	_	_	_	_	linguistic	_	none	_	End=772.511	0x2	_	_	_
273-0	BOI003	273	273	0	c'	c'	_	_	_	_	_	linguistic	_	none	SpaceAfter=No	Begin=772.575	_	_	_	_
273-1	BOI003	273	273	1	é	é	_	_	_	_	_	linguistic	_	none	_	_	_	_	_	_
273-2	BOI003	273	273	2	stato	stato	_	_	_	_	_	linguistic	_	none	_	_	_	_	_	_
273-3	BOI003	273	273	3	in	in	_	_	_	_	_	linguistic	_	none	_	_	_	_	_	_
273-4	BOI003	273	273	4	passato	passato	_	_	_	_	_	linguistic	_	none	_	_	_	_	_	_
273-5	BOI003	273	273	5	magari	magari	_	_	_	_	_	linguistic	_	none	_	_	_	_	_	_
273-6	BOI003	273	273	6	che	che	_	_	_	_	_	linguistic	_	none	_	_	_	_	_	_
273-7	BOI003	273	273	7	sono:	sono	_	_	_	_	_	linguistic	_	none	_	End=775.3	3x1	_	_	_
274-0	BOI003	274	274	0	c'	c'	_	_	_	_	_	linguistic	_	none	SpaceAfter=No	Begin=775.387	_	_	_	_
274-1	BOI003	274	274	1	é	é	_	_	_	_	_	linguistic	_	none	_	_	_	_	_	_
274-2	BOI003	274	274	2	stato	stato	_	_	_	_	_	linguistic	_	none	_	_	_	_	_	_
274-3	BOI003	274	274	3	un	un	_	_	_	_	_	linguistic	_	none	_	_	_	_	_	_
274-4	BOI003	274	274	4	periodo	periodo	_	_	_	_	_	linguistic	_	none	_	_	_	_	_	_
274-5	BOI003	274	274	5	anche	anche	_	_	_	_	_	linguistic	_	none	_	_	_	_	_	_
274-6	BOI003	274	274	6	qua	qua	_	_	_	_	_	linguistic	_	none	_	_	_	_	_	_
274-7	BOI003	274	274	7	a	a	_	_	_	_	_	linguistic	_	none	_	_	_	_	_	_
274-8	BOI003	274	274	8	bologna	bologna	_	_	_	_	_	linguistic	_	none	_	_	_	_	_	_
274-9	BOI003	274	274	9	che	che	_	_	_	_	_	linguistic	_	none	_	_	_	_	_	_
274-10	BOI003	274	274	10	magari	magari	_	_	_	_	_	linguistic	_	none	_	End=777.948	_	_	_	_
275-0	BOI003	275	275	0	negli	negli	_	_	_	_	_	linguistic	_	none	_	Begin=778.485	_	_	_	_
275-1	BOI003	275	275	1	anni	anni	_	_	_	_	_	linguistic	_	none	_	_	_	_	_	_
275-2	BOI003	275	275	2	passati	passati	_	_	_	_	_	linguistic	_	none	_	_	_	_	_	_
275-3	BOI003	275	275	3	così	così	_	_	_	_	_	linguistic	_	none	_	_	_	_	_	_
275-4	BOI003	275	275	4	il	il	_	_	_	_	_	linguistic	_	none	_	_	_	_	_	_
275-5	BOI003	275	275	5	centro	centro	_	_	_	_	_	linguistic	_	none	_	_	_	_	_	_
275-6	BOI003	275	275	6	era	era	_	_	_	_	_	linguistic	_	none	_	_	_	_	_	_
275-7	BOI003	275	275	7	stato	stato	_	_	_	_	_	linguistic	_	none	_	_	_	_	_	_
275-8	BOI003	275	275	8	un	un	_	_	_	_	_	linguistic	_	none	_	_	_	_	_	_
275-9	BOI003	275	275	9	po'	po'	_	_	_	_	_	linguistic	_	none	_	_	_	_	_	_
275-10	BOI003	275	275	10	più	più	_	_	_	_	_	linguistic	_	none	_	_	_	_	_	_
275-11	BOI003	275	275	11	abbandonato	abbandonato	_	_	_	_	_	linguistic	_	none	_	_	_	_	_	_
275-12	BOI003	275	275	12	e	e	_	_	_	_	_	linguistic	_	none	_	_	_	_	_	_
275-13	BOI003	275	275	13	anche	anche	_	_	_	_	_	linguistic	_	none	_	_	_	_	_	_
275-14	BOI003	275	275	14	i	i	_	_	_	_	_	linguistic	_	none	_	_	_	_	_	_
275-15	BOI003	275	275	15	portici	portici	_	_	_	_	_	linguistic	_	none	_	_	_	_	_	_
275-16	BOI003	275	275	16	erano	erano	_	_	_	_	_	linguistic	_	none	_	_	_	_	_	_
275-17	BOI003	275	275	17	stati	stati	_	_	_	_	_	linguistic	_	none	_	_	_	_	_	_
275-18	BOI003	275	275	18	un	un	_	_	_	_	_	linguistic	_	none	_	_	_	_	_	_
275-19	BOI003	275	275	19	po'	po'	_	_	_	_	_	linguistic	_	none	_	_	_	_	_	_
275-20	BOI003	275	275	20	più	più	_	_	_	_	_	linguistic	_	none	_	_	_	_	_	_
275-21	BOI003	275	275	21	abbandonati	abbandonati	_	_	_	_	_	linguistic	_	none	_	End=785.527	_	_	_	_
276-0	BOI003	276	276	0	adesso	adesso	_	_	_	_	_	linguistic	_	none	_	Begin=786.2	_	_	_	_
276-1	BOI003	276	276	1	negli	negli	_	_	_	_	_	linguistic	_	none	_	_	_	_	_	_
276-2	BOI003	276	276	2	ultimi	ultimi	_	_	_	_	_	linguistic	_	none	_	_	_	_	_	_
276-3	BOI003	276	276	3	anni,	anni	_	_	_	_	_	linguistic	_	none	Intonation=WeaklyRising	End=788.104	_	_	_	_
277-0	BOI003	277	277	0	e:h	eh	_	_	_	_	_	linguistic	_	none	_	Begin=788.194	0x1	_	_	_
277-1	BOI003	277	277	1	vedo	vedo	_	_	_	_	_	linguistic	_	none	_	_	_	_	_	_
277-2	BOI003	277	277	2	che:	che	_	_	_	_	_	linguistic	_	none	_	_	2x1	_	_	_
277-3	BOI003	277	277	3	si	si	_	_	_	_	_	linguistic	_	none	_	_	_	_	_	_
277-4	BOI003	277	277	4	stanno	stanno	_	_	_	_	_	linguistic	_	none	_	_	_	_	_	_
277-5	BOI003	277	277	5	facendo:	facendo	_	_	_	_	_	linguistic	_	none	_	_	6x1	_	_	_
277-6	BOI003	277	277	6	stanno	stanno	_	_	_	_	_	linguistic	_	none	_	_	_	_	_	_
277-7	BOI003	277	277	7	facendo	facendo	_	_	_	_	_	linguistic	_	none	_	_	_	_	_	_
277-8	BOI003	277	277	8	parecchie	parecchie	_	_	_	_	_	linguistic	_	none	_	_	_	_	_	_
277-9	BOI003	277	277	9	iniziative	iniziative	_	_	_	_	_	linguistic	_	none	_	_	_	_	_	_
277-10	BOI003	277	277	10	anche	anche	_	_	_	_	_	linguistic	_	none	_	_	_	_	_	_
277-11	BOI003	277	277	11	per	per	_	_	_	_	_	linguistic	_	none	_	_	_	_	_	_
277-12	BOI003	277	277	12	poter	poter	_	_	_	_	_	linguistic	_	none	_	_	_	_	_	_
277-13	BOI003	277	277	13	e:h	eh	_	_	_	_	_	linguistic	_	none	_	_	0x1	_	_	_
277-14	BOI003	277	277	14	risistemare	risistemare	_	_	_	_	_	linguistic	_	none	_	_	_	_	_	_
277-15	BOI003	277	277	15	un	un	_	_	_	_	_	linguistic	_	none	_	_	_	_	_	_
277-16	BOI003	277	277	16	po'	po'	_	_	_	_	_	linguistic	_	none	_	_	_	_	_	_
277-17	BOI003	277	277	17	il	il	_	_	_	_	_	linguistic	_	none	_	End=797.453	_	_	_	_
278-0	BOI003	278	278	0	già	già	_	_	_	_	_	linguistic	_	none	_	Begin=797.58	_	_	_	_
278-1	BOI003	278	278	1	io	io	_	_	_	_	_	linguistic	_	none	_	_	_	_	_	_
278-2	BOI003	278	278	2	lo	lo	_	_	_	_	_	linguistic	_	none	_	_	_	_	_	_
278-3	BOI003	278	278	3	vedo	vedo	_	_	_	_	_	linguistic	_	none	_	_	_	_	_	_
278-4	BOI003	278	278	4	qua	qua	_	_	_	_	_	linguistic	_	none	_	_	_	_	_	_
278-5	BOI003	278	278	5	nei	nei	_	_	_	_	_	linguistic	_	none	_	_	_	_	_	_
278-6	BOI003	278	278	6	portici	portici	_	_	_	_	_	linguistic	_	none	_	_	_	_	_	_
278-7	BOI003	278	278	7	di	di	_	_	_	_	_	linguistic	_	none	_	_	_	_	_	_
278-8	BOI003	278	278	8	san	san	_	_	_	_	_	linguistic	_	none	_	_	_	_	_	_
278-9	BOI003	278	278	9	luca	luca	_	_	_	_	_	linguistic	_	none	_	End=800.111	_	_	_	_
279-0	BOI003	279	279	0	che	che	_	_	_	_	_	linguistic	_	none	_	Begin=800.485	_	_	_	_
279-1	BOI003	279	279	1	spesse	spesse	_	_	_	_	_	linguistic	_	none	_	_	_	_	_	_
279-2	BOI003	279	279	2	volte	volte	_	_	_	_	_	linguistic	_	none	_	_	_	_	_	_
279-3	BOI003	279	279	3	fanno	fanno	_	_	_	_	_	linguistic	_	none	_	_	_	_	_	_
279-4	BOI003	279	279	4	delle	delle	_	_	_	_	_	linguistic	_	none	_	_	_	_	_	_
279-5	BOI003	279	279	5	raccolte	raccolte	_	_	_	_	_	linguistic	_	none	_	_	_	_	_	_
279-6	BOI003	279	279	6	fondi,	fondi	_	_	_	_	_	linguistic	_	none	Intonation=WeaklyRising	End=803.238	_	_	_	_
280-0	BOI003	280	280	0	oppure	oppure	_	_	_	_	_	linguistic	_	none	_	Begin=803.387	_	_	_	_
280-1	BOI003	280	280	1	delle	delle	_	_	_	_	_	linguistic	_	none	_	_	_	_	_	_
280-2	BOI003	280	280	2	giornate	giornate	_	_	_	_	_	linguistic	_	none	_	_	_	_	_	_
280-3	BOI003	280	280	3	dedicate	dedicate	_	_	_	_	_	linguistic	_	none	_	_	_	_	_	_
280-4	BOI003	280	280	4	per	per	_	_	_	_	_	linguistic	_	none	_	_	_	_	_	_
280-5	BOI003	280	280	5	pulire,	pulire	_	_	_	_	_	linguistic	_	none	Intonation=WeaklyRising	End=806.153	_	_	_	_
281-0	BOI003	281	281	0	e	e	_	_	_	_	_	linguistic	_	none	_	Begin=806.453	_	_	_	_
281-1	BOI003	281	281	1	dove	dove	_	_	_	_	_	linguistic	_	none	_	_	_	_	_	_
281-2	BOI003	281	281	2	la	la	_	_	_	_	_	linguistic	_	none	_	_	_	_	_	_
281-3	BOI003	281	281	3	gente	gente	_	_	_	_	_	linguistic	_	none	_	_	_	_	_	_
281-4	BOI003	281	281	4	va	va	_	_	_	_	_	linguistic	_	none	_	_	_	_	_	_
281-5	BOI003	281	281	5	insomma	insomma	_	_	_	_	_	linguistic	_	none	_	_	_	_	_	_
281-6	BOI003	281	281	6	anche	anche	_	_	_	_	_	linguistic	_	none	_	_	_	_	_	_
281-7	BOI003	281	281	7	mh	mh	_	_	_	_	_	linguistic	_	none	_	_	_	_	_	_
281-8	BOI003	281	281	8	così	così	_	_	_	_	_	linguistic	_	none	_	_	_	_	_	_
281-9	BOI003	281	281	9	per	per	_	_	_	_	_	linguistic	_	none	_	_	_	_	_	_
281-10	BOI003	281	281	10	fare	fare	_	_	_	_	_	linguistic	_	none	_	_	_	_	_	_
281-11	BOI003	281	281	11	una	una	_	_	_	_	_	linguistic	_	none	_	_	_	_	_	_
281-12	BOI003	281	281	12	giornata	giornata	_	_	_	_	_	linguistic	_	none	_	_	_	_	_	_
281-13	BOI003	281	281	13	fuori	fuori	_	_	_	_	_	linguistic	_	none	_	_	_	_	_	_
281-14	BOI003	281	281	14	intanto	intanto	_	_	_	_	_	linguistic	_	none	_	_	_	_	_	_
281-15	BOI003	281	281	15	vanno	vanno	_	_	_	_	_	linguistic	_	none	_	_	_	_	_	_
281-16	BOI003	281	281	16	coi	coi	_	_	_	_	_	linguistic	_	none	_	_	_	_	_	_
281-17	BOI003	281	281	17	sacchetti	sacchetti	_	_	_	_	_	linguistic	_	none	_	_	_	_	_	_
281-18	BOI003	281	281	18	così	così	_	_	_	_	_	linguistic	_	none	_	_	_	_	_	_
281-19	BOI003	281	281	19	per	per	_	_	_	_	_	linguistic	_	none	_	_	_	_	_	_
281-20	BOI003	281	281	20	pulire	pulire	_	_	_	_	_	linguistic	_	none	_	_	_	_	_	_
281-21	BOI003	281	281	21	tutto	tutto	_	_	_	_	_	linguistic	_	none	_	_	_	_	_	_
281-22	BOI003	281	281	22	quanto	quanto	_	_	_	_	_	linguistic	_	none	_	End=816.023	_	_	_	_
282-0	BOI003	282	282	0	oppure	oppure	_	_	_	_	_	linguistic	_	none	_	Begin=816.475	_	_	_	_
282-1	BOI003	282	282	1	mh	mh	_	_	_	_	_	linguistic	_	none	_	End=817.798	_	_	_	_
283-0	BOI003	283	283	0	anche	anche	_	_	_	_	_	linguistic	_	none	_	Begin=817.885	_	_	_	_
283-1	BOI003	283	283	1	m:h	mh	_	_	_	_	_	linguistic	_	none	_	End=819.312	0x1	_	_	_
284-0	BOI003	284	284	0	c'	c'	_	_	_	_	_	linguistic	_	none	SpaceAfter=No	Begin=819.685	_	_	_	_
284-1	BOI003	284	284	1	è	è	_	_	_	_	_	linguistic	_	none	_	_	_	_	_	_
284-2	BOI003	284	284	2	stato	stato	_	_	_	_	_	linguistic	_	none	_	_	_	_	_	_
284-3	BOI003	284	284	3	un	un	_	_	_	_	_	linguistic	_	none	_	_	_	_	_	_
284-4	BOI003	284	284	4	periodo	periodo	_	_	_	_	_	linguistic	_	none	_	_	_	_	_	_
284-5	BOI003	284	284	5	in	in	_	_	_	_	_	linguistic	_	none	_	_	_	_	_	_
284-6	BOI003	284	284	6	cui	cui	_	_	_	_	_	linguistic	_	none	_	_	_	_	_	_
284-7	BOI003	284	284	7	in	in	_	_	_	_	_	linguistic	_	none	_	_	_	_	_	_
284-8	BOI003	284	284	8	tutta	tutta	_	_	_	_	_	linguistic	_	none	_	_	_	_	_	_
284-9	BOI003	284	284	9	via	via	_	_	_	_	_	linguistic	_	none	_	_	_	_	_	_
284-10	BOI003	284	284	10	saragozza	saragozza	_	_	_	_	_	linguistic	_	none	_	_	_	_	_	_
284-11	BOI003	284	284	11	praticamente	praticamente	_	_	_	_	_	linguistic	_	none	_	_	_	_	_	_
284-12	BOI003	284	284	12	avevano	avevano	_	_	_	_	_	linguistic	_	none	_	_	_	_	_	_
284-13	BOI003	284	284	13	chiuso	chiuso	_	_	_	_	_	linguistic	_	none	_	_	_	_	_	_
284-14	BOI003	284	284	14	tutti:	tutti	_	_	_	_	_	linguistic	_	none	_	End=824.157	4x1	_	_	_
285-0	BOI003	285	285	0	i	i	_	_	_	_	_	linguistic	_	none	_	Begin=824.203	_	_	_	_
285-1	BOI003	285	285	1	negozi	negozi	_	_	_	_	_	linguistic	_	none	_	_	_	_	_	_
285-2	BOI003	285	285	2	[sotto	sotto	_	_	_	_	_	linguistic	_	none	_	_	_	_	_	0-5(70)
285-3	BOI003	285	285	3	i	i	_	_	_	_	_	linguistic	_	none	_	_	_	_	_	0-1(70)
285-4	BOI003	285	285	4	po]rtici	portici	_	_	_	_	_	linguistic	_	none	_	_	_	_	_	0-2(70)
285-5	BOI003	285	285	5	quindi	quindi	_	_	_	_	_	linguistic	_	none	_	_	_	_	_	_
285-6	BOI003	285	285	6	alla	alla	_	_	_	_	_	linguistic	_	none	_	_	_	_	_	_
285-7	BOI003	285	285	7	sera	sera	_	_	_	_	_	linguistic	_	none	_	_	_	_	_	_
285-8	BOI003	285	285	8	era	era	_	_	_	_	_	linguistic	_	none	_	_	_	_	_	_
285-9	BOI003	285	285	9	molto	molto	_	_	_	_	_	linguistic	_	none	_	_	_	_	_	_
285-10	BOI003	285	285	10	buio:,	buio	_	_	_	_	_	linguistic	_	none	Intonation=WeaklyRising	End=827.994	3x1	_	_	_
286-0	BOR001	286	286	0	[mhmh]	mhmh	_	_	_	_	_	linguistic	_	none	_	Begin=824.912|End=825.503	_	_	_	0-4(70)
287-0	BOI003	287	287	0	era	era	_	_	_	_	_	linguistic	_	none	_	Begin=828.185	_	_	_	_
287-1	BOI003	287	287	1	un	un	_	_	_	_	_	linguistic	_	none	_	_	_	_	_	_
287-2	BOI003	287	287	2	po'	po'	_	_	_	_	_	linguistic	_	none	_	_	_	_	_	_
287-3	BOI003	287	287	3	abbandonato	abbandonato	_	_	_	_	_	linguistic	_	none	_	_	_	_	_	_
287-4	BOI003	287	287	4	invece	invece	_	_	_	_	_	linguistic	_	none	_	_	_	_	_	_
287-5	BOI003	287	287	5	adesso	adesso	_	_	_	_	_	linguistic	_	none	_	_	_	_	_	_
287-6	BOI003	287	287	6	vedo	vedo	_	_	_	_	_	linguistic	_	none	_	_	_	_	_	_
287-7	BOI003	287	287	7	che	che	_	_	_	_	_	linguistic	_	none	_	_	_	_	_	_
287-8	BOI003	287	287	8	sta	sta	_	_	_	_	_	linguistic	_	none	_	_	_	_	_	_
287-9	BOI003	287	287	9	riprendendo	riprendendo	_	_	_	_	_	linguistic	_	none	_	_	_	_	_	_
287-10	BOI003	287	287	10	un	un	_	_	_	_	_	linguistic	_	none	_	_	_	_	_	_
287-11	BOI003	287	287	11	po'	po'	_	_	_	_	_	linguistic	_	none	_	_	_	_	_	_
287-12	BOI003	287	287	12	l'	l'	_	_	_	_	_	linguistic	_	none	SpaceAfter=No	_	_	_	_	_
287-13	BOI003	287	287	13	attività	attività	_	_	_	_	_	linguistic	_	none	_	End=833.66	_	_	_	_
288-0	BOI003	288	288	0	forse:	forse	_	_	_	_	_	linguistic	_	none	_	Begin=833.887|End=834.633	4x1	_	_	_
289-0	BOI003	289	289	0	hanno	hanno	_	_	_	_	_	linguistic	_	none	_	Begin=835.047	_	_	_	_
289-1	BOI003	289	289	1	mh	mh	_	_	_	_	_	linguistic	_	none	_	End=835.893	_	_	_	_
290-0	BOI003	290	290	0	hanno	hanno	_	_	_	_	_	linguistic	_	none	_	Begin=836.387	_	_	_	_
290-1	BOI003	290	290	1	fatto	fatto	_	_	_	_	_	linguistic	_	none	_	_	_	_	_	_
290-2	BOI003	290	290	2	delle	delle	_	_	_	_	_	linguistic	_	none	_	_	_	_	_	_
290-3	BOI003	290	290	3	iniziati:ve	iniziative	_	_	_	_	_	linguistic	_	none	_	_	7x1	_	_	_
290-4	BOI003	290	290	4	insomma	insomma	_	_	_	_	_	linguistic	_	none	_	_	_	_	_	_
290-5	BOI003	290	290	5	per	per	_	_	_	_	_	linguistic	_	none	_	_	_	_	_	_
290-6	BOI003	290	290	6	incentivare	incentivare	_	_	_	_	_	linguistic	_	none	_	_	_	_	_	_
290-7	BOI003	290	290	7	anche	anche	_	_	_	_	_	linguistic	_	none	_	_	_	_	_	_
290-8	BOI003	290	290	8	[l'	l'	_	_	_	_	_	linguistic	_	none	SpaceAfter=No	_	_	_	_	0-2(71)
290-9	BOI003	290	290	9	apertu]ra	apertura	_	_	_	_	_	linguistic	_	none	_	_	_	_	_	0-6(71)
290-10	BOI003	290	290	10	di	di	_	_	_	_	_	linguistic	_	none	_	_	_	_	_	_
290-11	BOI003	290	290	11	queste	queste	_	_	_	_	_	linguistic	_	none	_	_	_	_	_	_
290-12	BOI003	290	290	12	attività	attività	_	_	_	_	_	linguistic	_	none	_	_	_	_	_	_
290-13	BOI003	290	290	13	>così<	così	_	_	_	_	_	linguistic	_	none	_	End=842.687	_	Fast=0-4(0)	_	_
291-0	BOR001	291	291	0	[sì]	sì	_	_	_	_	_	linguistic	_	none	_	Begin=839.994|End=840.494	_	_	_	0-2(71)
292-0	BOI003	292	292	0	e	e	_	_	_	_	_	linguistic	_	none	_	Begin=842.9	_	_	_	_
292-1	BOI003	292	292	1	quindi	quindi	_	_	_	_	_	linguistic	_	none	_	_	_	_	_	_
292-2	BOI003	292	292	2	io	io	_	_	_	_	_	linguistic	_	none	_	_	_	_	_	_
292-3	BOI003	292	292	3	vedo	vedo	_	_	_	_	_	linguistic	_	none	_	_	_	_	_	_
292-4	BOI003	292	292	4	che:	che	_	_	_	_	_	linguistic	_	none	_	End=844.887	2x1	_	_	_
293-0	BOI003	293	293	0	forse	forse	_	_	_	_	_	linguistic	_	none	_	Begin=845.066	_	_	_	_
293-1	BOI003	293	293	1	anche	anche	_	_	_	_	_	linguistic	_	none	_	_	_	_	_	_
293-2	BOI003	293	293	2	perché	perché	_	_	_	_	_	linguistic	_	none	_	_	_	_	_	_
293-3	BOI003	293	293	3	adesso	adesso	_	_	_	_	_	linguistic	_	none	_	_	_	_	_	_
293-4	BOI003	293	293	4	siamo	siamo	_	_	_	_	_	linguistic	_	none	_	_	_	_	_	_
293-5	BOI003	293	293	5	stati	stati	_	_	_	_	_	linguistic	_	none	_	_	_	_	_	_
293-6	BOI003	293	293	6	nominati:	nominati	_	_	_	_	_	linguistic	_	none	_	End=848.444	7x1	_	_	_
294-0	BOI003	294	294	0	all'	all'	_	_	_	_	_	linguistic	_	none	SpaceAfter=No	Begin=848.793	_	_	_	_
294-1	BOI003	294	294	1	unesc[o	unesco	_	_	_	_	_	linguistic	_	none	_	_	_	_	_	4-6(72)
294-2	BOI003	294	294	2	c]osì:	così	_	_	_	_	_	linguistic	_	none	_	End=850.86	3x1	_	_	0-1(72)
295-0	BOR001	295	295	0	[mhmh]	mhmh	_	_	_	_	_	linguistic	_	none	_	Begin=849.775|End=850.274	_	_	_	0-4(72)
296-0	BOI003	296	296	0	che	che	_	_	_	_	_	linguistic	_	none	_	Begin=850.953	_	_	_	_
296-1	BOI003	296	296	1	ci	ci	_	_	_	_	_	linguistic	_	none	_	_	_	_	_	_
296-2	BOI003	296	296	2	siano	siano	_	_	_	_	_	linguistic	_	none	_	_	_	_	_	_
296-3	BOI003	296	296	3	delle	delle	_	_	_	_	_	linguistic	_	none	_	_	_	_	_	_
296-4	BOI003	296	296	4	iniziative	iniziative	_	_	_	_	_	linguistic	_	none	_	_	_	_	_	_
296-5	BOI003	296	296	5	per	per	_	_	_	_	_	linguistic	_	none	_	_	_	_	_	_
296-6	BOI003	296	296	6	riportare	riportare	_	_	_	_	_	linguistic	_	none	_	End=853.632	_	_	_	_
297-0	BOI003	297	297	0	i	i	_	_	_	_	_	linguistic	_	none	_	Begin=853.785	_	_	_	_
297-1	BOI003	297	297	1	portici	portici	_	_	_	_	_	linguistic	_	none	_	_	_	_	_	_
297-2	BOI003	297	297	2	a:	a	_	_	_	_	_	linguistic	_	none	_	_	0x1	_	_	_
297-3	BOI003	297	297	3	lo	lo	_	_	_	_	_	linguistic	_	none	_	_	_	_	_	_
297-4	BOI003	297	297	4	splendore	splendore	_	_	_	_	_	linguistic	_	none	_	End=855.66	_	_	_	_
298-0	BOI003	298	298	0	E	e	_	_	_	_	_	linguistic	_	none	Volume=high	Begin=855.987	_	_	_	_
298-1	BOI003	298	298	1	POI	poi	_	_	_	_	_	linguistic	_	none	Volume=high	_	_	_	_	_
298-2	BOI003	298	298	2	vedo	vedo	_	_	_	_	_	linguistic	_	none	_	_	_	_	_	_
298-3	BOI003	298	298	3	che	che	_	_	_	_	_	linguistic	_	none	_	_	_	_	_	_
298-4	BOI003	298	298	4	fanno	fanno	_	_	_	_	_	linguistic	_	none	_	_	_	_	_	_
298-5	BOI003	298	298	5	anche	anche	_	_	_	_	_	linguistic	_	none	_	_	_	_	_	_
298-6	BOI003	298	298	6	tante	tante	_	_	_	_	_	linguistic	_	none	_	_	_	_	_	_
298-7	BOI003	298	298	7	visite	visite	_	_	_	_	_	linguistic	_	none	_	_	_	_	_	_
298-8	BOI003	298	298	8	guidate.	guidate	_	_	_	_	_	linguistic	_	none	Intonation=Falling	End=859.132	_	_	_	_
299-0	BOI003	299	299	0	[e:	e	_	_	_	_	_	linguistic	_	none	_	Begin=859.466	0x1	_	_	0-1(73)
299-1	BOI003	299	299	1	porta]no	portano	_	_	_	_	_	linguistic	_	none	_	_	_	_	_	0-5(73)
299-2	BOI003	299	299	2	le	le	_	_	_	_	_	linguistic	_	none	_	_	_	_	_	_
299-3	BOI003	299	299	3	persone	persone	_	_	_	_	_	linguistic	_	none	_	_	_	_	_	_
299-4	BOI003	299	299	4	a	a	_	_	_	_	_	linguistic	_	none	_	_	_	_	_	_
299-5	BOI003	299	299	5	scoprire	scoprire	_	_	_	_	_	linguistic	_	none	_	End=862.004	_	_	_	_
300-0	BOR001	300	300	0	[°mhmh°]	mhmh	_	_	_	_	_	linguistic	_	none	Volume=low	Begin=859.466|End=860.166	_	_	_	0-4(73)
301-0	BOI003	301	301	0	un	un	_	_	_	_	_	linguistic	_	none	_	Begin=862.627	_	_	_	_
301-1	BOI003	301	301	1	po'	po'	_	_	_	_	_	linguistic	_	none	_	_	_	_	_	_
301-2	BOI003	301	301	2	la	la	_	_	_	_	_	linguistic	_	none	_	_	_	_	_	_
301-3	BOI003	301	301	3	storia	storia	_	_	_	_	_	linguistic	_	none	_	_	_	_	_	_
301-4	BOI003	301	301	4	di	di	_	_	_	_	_	linguistic	_	none	_	_	_	_	_	_
301-5	BOI003	301	301	5	bologna	bologna	_	_	_	_	_	linguistic	_	none	_	_	_	_	_	_
301-6	BOI003	301	301	6	quindi	quindi	_	_	_	_	_	linguistic	_	none	_	_	_	_	_	_
301-7	BOI003	301	301	7	ci	ci	_	_	_	_	_	linguistic	_	none	_	_	_	_	_	_
301-8	BOI003	301	301	8	si	si	_	_	_	_	_	linguistic	_	none	_	_	_	_	_	_
301-9	BOI003	301	301	9	sta	sta	_	_	_	_	_	linguistic	_	none	_	_	_	_	_	_
301-10	BOI003	301	301	10	un	un	_	_	_	_	_	linguistic	_	none	_	_	_	_	_	_
301-11	BOI003	301	301	11	po'	po'	_	_	_	_	_	linguistic	_	none	_	_	_	_	_	_
301-12	BOI003	301	301	12	anche	anche	_	_	_	_	_	linguistic	_	none	_	_	_	_	_	_
301-13	BOI003	301	301	13	più	più	_	_	_	_	_	linguistic	_	none	_	_	_	_	_	_
301-14	BOI003	301	301	14	affezionando	affezionando	_	_	_	_	_	linguistic	_	none	_	_	_	_	_	_
301-15	BOI003	301	301	15	anche:	anche	_	_	_	_	_	linguistic	_	none	_	_	4x1	_	_	_
301-16	BOI003	301	301	16	a	a	_	_	_	_	_	linguistic	_	none	_	End=867.894	_	_	_	_
302-0	BOI003	302	302	0	e::h	eh	_	_	_	_	_	linguistic	_	none	_	Begin=868.203	0x2	_	_	_
302-1	BOI003	302	302	1	stanno	stanno	_	_	_	_	_	linguistic	_	none	_	_	_	_	_	_
302-2	BOI003	302	302	2	facendo	facendo	_	_	_	_	_	linguistic	_	none	_	_	_	_	_	_
302-3	BOI003	302	302	3	anche	anche	_	_	_	_	_	linguistic	_	none	_	_	_	_	_	_
302-4	BOI003	302	302	4	delle	delle	_	_	_	_	_	linguistic	_	none	_	_	_	_	_	_
302-5	BOI003	302	302	5	mh	mh	_	_	_	_	_	linguistic	_	none	_	End=870.82	_	_	_	_
303-0	BOI003	303	303	0	delle	delle	_	_	_	_	_	linguistic	_	none	_	Begin=870.94	_	_	_	_
303-1	BOI003	303	303	1	giornate::	giornate	_	_	_	_	_	linguistic	_	none	_	End=872.883	7x2	_	_	_
304-0	BOI003	304	304	0	d~	d~	_	_	_	_	_	linguistic	_	none	Interrupted=Yes	Begin=872.985	_	_	_	_
304-1	BOI003	304	304	1	della	della	_	_	_	_	_	linguistic	_	none	_	_	_	_	_	_
304-2	BOI003	304	304	2	di	di	_	_	_	_	_	linguistic	_	none	_	_	_	_	_	_
304-3	BOI003	304	304	3	memoria	memoria	_	_	_	_	_	linguistic	_	none	_	_	_	_	_	_
304-4	BOI003	304	304	4	di[ciamo	diciamo	_	_	_	_	_	linguistic	_	none	_	_	_	_	_	2-7(74)
304-5	BOI003	304	304	5	del]	del	_	_	_	_	_	linguistic	_	none	_	_	_	_	_	0-3(74)
304-6	BOI003	304	304	6	passato	passato	_	_	_	_	_	linguistic	_	none	_	_	_	_	_	_
304-7	BOI003	304	304	7	di	di	_	_	_	_	_	linguistic	_	none	_	_	_	_	_	_
304-8	BOI003	304	304	8	come	come	_	_	_	_	_	linguistic	_	none	_	_	_	_	_	_
304-9	BOI003	304	304	9	hanno	hanno	_	_	_	_	_	linguistic	_	none	_	_	_	_	_	_
304-10	BOI003	304	304	10	costruito	costruito	_	_	_	_	_	linguistic	_	none	_	_	_	_	_	_
304-11	BOI003	304	304	11	come	come	_	_	_	_	_	linguistic	_	none	_	_	_	_	_	_
304-12	BOI003	304	304	12	sono	sono	_	_	_	_	_	linguistic	_	none	_	_	_	_	_	_
304-13	BOI003	304	304	13	s[tati	stati	_	_	_	_	_	linguistic	_	none	_	_	_	_	_	1-5(75)
304-14	BOI003	304	304	14	costrui]ti	costruiti	_	_	_	_	_	linguistic	_	none	_	_	_	_	_	0-7(75)
304-15	BOI003	304	304	15	i	i	_	_	_	_	_	linguistic	_	none	_	_	_	_	_	_
304-16	BOI003	304	304	16	portici	portici	_	_	_	_	_	linguistic	_	none	_	_	_	_	_	_
304-17	BOI003	304	304	17	così	così	_	_	_	_	_	linguistic	_	none	_	End=879.627	_	_	_	_
305-0	BOR001	305	305	0	[mhmh]	mhmh	_	_	_	_	_	linguistic	_	none	_	Begin=874.785|End=875.256	_	_	_	0-4(74)
306-0	BOR001	306	306	0	[ah	ah	_	_	_	_	_	linguistic	_	none	_	Begin=877.585	_	_	_	0-2(75)
306-1	BOR001	306	306	1	okay]	okay	_	_	_	_	_	linguistic	_	none	_	End=878.266	_	_	_	0-4(75)
307-0	BOI003	307	307	0	e	e	_	_	_	_	_	linguistic	_	none	_	Begin=880.0	_	_	_	_
307-1	BOI003	307	307	1	quindi	quindi	_	_	_	_	_	linguistic	_	none	_	_	_	_	_	_
307-2	BOI003	307	307	2	mh	mh	_	_	_	_	_	linguistic	_	none	_	_	_	_	_	_
307-3	BOI003	307	307	3	sono	sono	_	_	_	_	_	linguistic	_	none	_	_	_	_	_	_
307-4	BOI003	307	307	4	molto	molto	_	_	_	_	_	linguistic	_	none	_	_	_	_	_	_
307-5	BOI003	307	307	5	fiduciosa	fiduciosa	_	_	_	_	_	linguistic	_	none	_	_	_	_	_	_
307-6	BOI003	307	307	6	vedo	vedo	_	_	_	_	_	linguistic	_	none	_	_	_	_	_	_
307-7	BOI003	307	307	7	che:	che	_	_	_	_	_	linguistic	_	none	_	End=883.51	2x1	_	_	_
308-0	BOI003	308	308	0	mh	mh	_	_	_	_	_	linguistic	_	none	_	Begin=884.194	_	_	_	_
308-1	BOI003	308	308	1	stanno::	stanno	_	_	_	_	_	linguistic	_	none	_	_	5x2	_	_	_
308-2	BOI003	308	308	2	r~	r~	_	_	_	_	_	linguistic	_	none	Interrupted=Yes	_	_	_	_	_
308-3	BOI003	308	308	3	riportando	riportando	_	_	_	_	_	linguistic	_	none	_	_	_	_	_	_
308-4	BOI003	308	308	4	tutto::	tutto	_	_	_	_	_	linguistic	_	none	_	End=887.6	4x2	_	_	_
309-0	BOI003	309	309	0	insomma:	insomma	_	_	_	_	_	linguistic	_	none	_	Begin=888.12|End=889.08	6x1	_	_	_
310-0	BOR001	310	310	0	bello	bello	_	_	_	_	_	linguistic	_	none	_	Begin=889.18|End=889.693	_	_	_	_
311-0	BOI003	311	311	0	bello	bello	_	_	_	_	_	linguistic	_	none	_	Begin=889.7	_	_	_	_
311-1	BOI003	311	311	1	[esatto	esatto	_	_	_	_	_	linguistic	_	none	_	_	_	_	_	0-6(76)
311-2	BOI003	311	311	2	infa~]	infa~	_	_	_	_	_	linguistic	_	none	Interrupted=Yes	End=891.12	_	_	_	0-5(76)
312-0	BOR001	312	312	0	[com'	com'	_	_	_	_	_	linguistic	_	none	SpaceAfter=No	Begin=890.366	_	_	_	0-4(76)
312-1	BOR001	312	312	1	era	era	_	_	_	_	_	linguistic	_	none	_	_	_	_	_	0-3(76)
312-2	BOR001	312	312	2	prima]	prima	_	_	_	_	_	linguistic	_	none	_	End=891.087	_	_	_	0-5(76)
313-0	BOI003	313	313	0	PERO	pero	_	_	_	_	_	linguistic	_	none	Volume=high	Begin=891.167	_	_	_	_
313-1	BOI003	313	313	1	c'	c'	_	_	_	_	_	linguistic	_	none	SpaceAfter=No	_	_	_	_	_
313-2	BOI003	313	313	2	è	è	_	_	_	_	_	linguistic	_	none	_	_	_	_	_	_
313-3	BOI003	313	313	3	stato	stato	_	_	_	_	_	linguistic	_	none	_	_	_	_	_	_
313-4	BOI003	313	313	4	un	un	_	_	_	_	_	linguistic	_	none	_	_	_	_	_	_
313-5	BOI003	313	313	5	periodo	periodo	_	_	_	_	_	linguistic	_	none	_	_	_	_	_	_
313-6	BOI003	313	313	6	nel	nel	_	_	_	_	_	linguistic	_	none	_	_	_	_	_	_
313-7	BOI003	313	313	7	passato:	passato	_	_	_	_	_	linguistic	_	none	_	End=893.507	6x1	_	_	_
314-0	BOI003	314	314	0	poi	poi	_	_	_	_	_	linguistic	_	none	_	Begin=893.84	_	_	_	_
314-1	BOI003	314	314	1	sono	sono	_	_	_	_	_	linguistic	_	none	_	_	_	_	_	_
314-2	BOI003	314	314	2	stati	stati	_	_	_	_	_	linguistic	_	none	_	_	_	_	_	_
314-3	BOI003	314	314	3	un	un	_	_	_	_	_	linguistic	_	none	_	_	_	_	_	_
314-4	BOI003	314	314	4	po'	po'	_	_	_	_	_	linguistic	_	none	_	_	_	_	_	_
314-5	BOI003	314	314	5	abbandonati	abbandonati	_	_	_	_	_	linguistic	_	none	_	_	_	_	_	_
314-6	BOI003	314	314	6	e[cco].	ecco	_	_	_	_	_	linguistic	_	none	Intonation=Falling	End=896.21	_	_	_	1-4(77)
315-0	BOR001	315	315	0	[°okay°]	okay	_	_	_	_	_	linguistic	_	none	Volume=low	Begin=895.757|End=896.21	_	_	_	0-4(77)
316-0	BOR001	316	316	0	ma:	ma	_	_	_	_	_	linguistic	_	none	_	Begin=896.594	1x1	_	_	_
316-1	BOR001	316	316	1	e	e	_	_	_	_	_	linguistic	_	none	_	_	_	_	_	_
316-2	BOR001	316	316	2	comunque	comunque	_	_	_	_	_	linguistic	_	none	_	_	_	_	_	_
316-3	BOR001	316	316	3	quindi	quindi	_	_	_	_	_	linguistic	_	none	_	_	_	_	_	_
316-4	BOR001	316	316	4	secondo	secondo	_	_	_	_	_	linguistic	_	none	_	_	_	_	_	_
316-5	BOR001	316	316	5	te	te	_	_	_	_	_	linguistic	_	none	_	_	_	_	_	_
316-6	BOR001	316	316	6	il	il	_	_	_	_	_	linguistic	_	none	_	_	_	_	_	_
316-7	BOR001	316	316	7	fatto	fatto	_	_	_	_	_	linguistic	_	none	_	_	_	_	_	_
316-8	BOR001	316	316	8	che:	che	_	_	_	_	_	linguistic	_	none	_	_	2x1	_	_	_
316-9	BOR001	316	316	9	siano	siano	_	_	_	_	_	linguistic	_	none	_	_	_	_	_	_
316-10	BOR001	316	316	10	stati	stati	_	_	_	_	_	linguistic	_	none	_	_	_	_	_	_
316-11	BOR001	316	316	11	nominati	nominati	_	_	_	_	_	linguistic	_	none	_	_	_	_	_	_
316-12	BOR001	316	316	12	patrimonio	patrimonio	_	_	_	_	_	linguistic	_	none	_	_	_	_	_	_
316-13	BOR001	316	316	13	dell'	dell'	_	_	_	_	_	linguistic	_	none	SpaceAfter=No	_	_	_	_	_
316-14	BOR001	316	316	14	unesco:	unesco	_	_	_	_	_	linguistic	_	none	_	_	5x1	_	_	_
316-15	BOR001	316	316	15	ecceteRA	eccetera	_	_	_	_	_	linguistic	_	none	Volume=high	End=902.553	_	_	_	_
317-0	BOR001	317	317	0	sarà	sarà	_	_	_	_	_	linguistic	_	none	_	Begin=902.693	_	_	_	_
317-1	BOR001	317	317	1	una	una	_	_	_	_	_	linguistic	_	none	_	_	_	_	_	_
317-2	BOR001	317	317	2	cosa	cosa	_	_	_	_	_	linguistic	_	none	_	_	_	_	_	_
317-3	BOR001	317	317	3	positiva	positiva	_	_	_	_	_	linguistic	_	none	_	_	_	_	_	_
317-4	BOR001	317	317	4	per	per	_	_	_	_	_	linguistic	_	none	_	_	_	_	_	_
317-5	BOR001	317	317	5	bologna	bologna	_	_	_	_	_	linguistic	_	none	_	_	_	_	_	_
317-6	BOR001	317	317	6	e	e	_	_	_	_	_	linguistic	_	none	_	_	_	_	_	_
317-7	BOR001	317	317	7	per	per	_	_	_	_	_	linguistic	_	none	_	_	_	_	_	_
317-8	BOR001	317	317	8	i	i	_	_	_	_	_	linguistic	_	none	_	_	_	_	_	_
317-9	BOR001	317	317	9	portici	portici	_	_	_	_	_	linguistic	_	none	_	_	_	_	_	_
317-10	BOR001	317	317	10	c(io)è	cioè	_	_	_	_	_	linguistic	_	none	Reduced=Yes	_	_	_	_	_
317-11	BOR001	317	317	11	potrà:	potrà	_	_	_	_	_	linguistic	_	none	_	End=906.53	4x1	_	_	_
318-0	BOR001	318	318	0	incentivare	incentivare	_	_	_	_	_	linguistic	_	none	_	Begin=907.053	_	_	_	_
318-1	BOR001	318	318	1	la	la	_	_	_	_	_	linguistic	_	none	_	_	_	_	_	_
318-2	BOR001	318	318	2	loro	loro	_	_	_	_	_	linguistic	_	none	_	_	_	_	_	_
318-3	BOR001	318	318	3	manutenzione	manutenzione	_	_	_	_	_	linguistic	_	none	_	_	_	_	_	_
318-4	BOR001	318	318	4	o	o	_	_	_	_	_	linguistic	_	none	_	_	_	_	_	_
318-5	BOR001	318	318	5	magari	magari	_	_	_	_	_	linguistic	_	none	_	_	_	_	_	_
318-6	BOR001	318	318	6	farli	farli	_	_	_	_	_	linguistic	_	none	_	End=910.112	_	_	_	_
319-0	BOR001	319	319	0	magari	magari	_	_	_	_	_	linguistic	_	none	_	Begin=910.253	_	_	_	_
319-1	BOR001	319	319	1	anche	anche	_	_	_	_	_	linguistic	_	none	_	_	_	_	_	_
319-2	BOR001	319	319	2	chiamare	chiamare	_	_	_	_	_	linguistic	_	none	_	_	_	_	_	_
319-3	BOR001	319	319	3	più	più	_	_	_	_	_	linguistic	_	none	_	_	_	_	_	_
319-4	BOR001	319	319	4	turisti	turisti	_	_	_	_	_	linguistic	_	none	_	End=911.893	_	_	_	_
320-0	BOI003	320	320	0	°s~°	s~	_	_	_	_	_	linguistic	_	none	Interrupted=Yes|Volume=low	Begin=912.494|End=912.981	_	_	_	_
321-0	BOR001	321	321	0	°m:h°	mh	_	_	_	_	_	linguistic	_	none	Volume=low	Begin=913.066|End=913.68	0x1	_	_	_
322-0	BOI003	322	322	0	sì	sì	_	_	_	_	_	linguistic	_	none	_	Begin=913.687	_	_	_	_
322-1	BOI003	322	322	1	io	io	_	_	_	_	_	linguistic	_	none	_	_	_	_	_	_
322-2	BOI003	322	322	2	penso	penso	_	_	_	_	_	linguistic	_	none	_	_	_	_	_	_
322-3	BOI003	322	322	3	di	di	_	_	_	_	_	linguistic	_	none	_	_	_	_	_	_
322-4	BOI003	322	322	4	sì	sì	_	_	_	_	_	linguistic	_	none	_	_	_	_	_	_
322-5	BOI003	322	322	5	infatti	infatti	_	_	_	_	_	linguistic	_	none	_	_	_	_	_	_
322-6	BOI003	322	322	6	che	che	_	_	_	_	_	linguistic	_	none	_	_	_	_	_	_
322-7	BOI003	322	322	7	già	già	_	_	_	_	_	linguistic	_	none	_	_	_	_	_	_
322-8	BOI003	322	322	8	si	si	_	_	_	_	_	linguistic	_	none	_	_	_	_	_	_
322-9	BOI003	322	322	9	è	è	_	_	_	_	_	linguistic	_	none	_	_	_	_	_	_
322-10	BOI003	322	322	10	iniziato	iniziato	_	_	_	_	_	linguistic	_	none	_	_	_	_	_	_
322-11	BOI003	322	322	11	questo	questo	_	_	_	_	_	linguistic	_	none	_	_	_	_	_	_
322-12	BOI003	322	322	12	periodo	periodo	_	_	_	_	_	linguistic	_	none	_	End=917.393	_	_	_	_
323-0	BOR001	323	323	0	°mh°	mh	_	_	_	_	_	linguistic	_	none	Volume=low	Begin=917.66|End=917.833	_	_	_	_
324-0	BOI003	324	324	0	e:hm	ehm	_	_	_	_	_	linguistic	_	none	_	Begin=918.047	0x1	_	_	_
324-1	BOI003	324	324	1	e	e	_	_	_	_	_	linguistic	_	none	_	_	_	_	_	_
324-2	BOI003	324	324	2	in	in	_	_	_	_	_	linguistic	_	none	_	_	_	_	_	_
324-3	BOI003	324	324	3	più::	più	_	_	_	_	_	linguistic	_	none	_	_	2x2	_	_	_
324-4	BOI003	324	324	4	sì	sì	_	_	_	_	_	linguistic	_	none	_	_	_	_	_	_
324-5	BOI003	324	324	5	mis~	mis~	_	_	_	_	_	linguistic	_	none	Interrupted=Yes	_	_	_	_	_
324-6	BOI003	324	324	6	erché	erché	_	_	_	_	_	linguistic	_	none	_	_	_	_	_	_
324-7	BOI003	324	324	7	comunque	comunque	_	_	_	_	_	linguistic	_	none	_	_	_	_	_	_
324-8	BOI003	324	324	8	eh	eh	_	_	_	_	_	linguistic	_	none	_	_	_	_	_	_
324-9	BOI003	324	324	9	il	il	_	_	_	_	_	linguistic	_	none	_	_	_	_	_	_
324-10	BOI003	324	324	10	fatto	fatto	_	_	_	_	_	linguistic	_	none	_	_	_	_	_	_
324-11	BOI003	324	324	11	dei	dei	_	_	_	_	_	linguistic	_	none	_	_	_	_	_	_
324-12	BOI003	324	324	12	turisti	turisti	_	_	_	_	_	linguistic	_	none	_	_	_	_	_	_
324-13	BOI003	324	324	13	a	a	_	_	_	_	_	linguistic	_	none	_	_	_	_	_	_
324-14	BOI003	324	324	14	bologna	bologna	_	_	_	_	_	linguistic	_	none	_	_	_	_	_	_
324-15	BOI003	324	324	15	è	è	_	_	_	_	_	linguistic	_	none	_	_	_	_	_	_
324-16	BOI003	324	324	16	una	una	_	_	_	_	_	linguistic	_	none	_	_	_	_	_	_
324-17	BOI003	324	324	17	cosa	cosa	_	_	_	_	_	linguistic	_	none	_	_	_	_	_	_
324-18	BOI003	324	324	18	che	che	_	_	_	_	_	linguistic	_	none	_	End=925.328	_	_	_	_
325-0	BOI003	325	325	0	e::hm	ehm	_	_	_	_	_	linguistic	_	none	_	Begin=925.7|End=927.04	0x2	_	_	_
326-0	BOI003	326	326	0	è	è	_	_	_	_	_	linguistic	_	none	_	Begin=927.387	_	_	_	_
326-1	BOI003	326	326	1	iniziata:	iniziata	_	_	_	_	_	linguistic	_	none	_	_	7x1	_	_	_
326-2	BOI003	326	326	2	qualche	qualche	_	_	_	_	_	linguistic	_	none	_	_	_	_	_	_
326-3	BOI003	326	326	3	anno	anno	_	_	_	_	_	linguistic	_	none	_	_	_	_	_	_
326-4	BOI003	326	326	4	fa	fa	_	_	_	_	_	linguistic	_	none	_	_	_	_	_	_
326-5	BOI003	326	326	5	diciamo	diciamo	_	_	_	_	_	linguistic	_	none	_	End=929.953	_	_	_	_
327-0	BOI003	327	327	0	prima	prima	_	_	_	_	_	linguistic	_	none	_	Begin=930.053	_	_	_	_
327-1	BOI003	327	327	1	c'	c'	_	_	_	_	_	linguistic	_	none	SpaceAfter=No	_	_	_	_	_
327-2	BOI003	327	327	2	è	è	_	_	_	_	_	linguistic	_	none	_	_	_	_	_	_
327-3	BOI003	327	327	3	stato:.	stato	_	_	_	_	_	linguistic	_	none	Intonation=Falling	_	4x1	_	_	_
327-4	BOI003	327	327	4	per	per	_	_	_	_	_	linguistic	_	none	_	_	_	_	_	_
327-5	BOI003	327	327	5	tanti	tanti	_	_	_	_	_	linguistic	_	none	_	_	_	_	_	_
327-6	BOI003	327	327	6	anni	anni	_	_	_	_	_	linguistic	_	none	_	_	_	_	_	_
327-7	BOI003	327	327	7	insomma	insomma	_	_	_	_	_	linguistic	_	none	_	_	_	_	_	_
327-8	BOI003	327	327	8	nessuno	nessuno	_	_	_	_	_	linguistic	_	none	_	_	_	_	_	_
327-9	BOI003	327	327	9	veniva	veniva	_	_	_	_	_	linguistic	_	none	_	_	_	_	_	_
327-10	BOI003	327	327	10	a	a	_	_	_	_	_	linguistic	_	none	_	_	_	_	_	_
327-11	BOI003	327	327	11	bologna	bologna	_	_	_	_	_	linguistic	_	none	_	_	_	_	_	_
327-12	BOI003	327	327	12	come	come	_	_	_	_	_	linguistic	_	none	_	_	_	_	_	_
327-13	BOI003	327	327	13	cioé	cioé	_	_	_	_	_	linguistic	_	none	_	_	_	_	_	_
327-14	BOI003	327	327	14	turisti	turisti	_	_	_	_	_	linguistic	_	none	_	End=934.587	_	_	_	_
328-0	BOI003	328	328	0	non	non	_	_	_	_	_	linguistic	_	none	_	Begin=934.933	_	_	_	_
328-1	BOI003	328	328	1	ne	ne	_	_	_	_	_	linguistic	_	none	_	_	_	_	_	_
328-2	BOI003	328	328	2	vedevi:	vedevi	_	_	_	_	_	linguistic	_	none	_	_	5x1	_	_	_
328-3	BOI003	328	328	3	nessuno	nessuno	_	_	_	_	_	linguistic	_	none	_	_	_	_	_	_
328-4	BOI003	328	328	4	per	per	_	_	_	_	_	linguistic	_	none	_	_	_	_	_	_
328-5	BOI003	328	328	5	la	la	_	_	_	_	_	linguistic	_	none	_	_	_	_	_	_
328-6	BOI003	328	328	6	strada	strada	_	_	_	_	_	linguistic	_	none	_	End=937.782	_	_	_	_
329-0	BOI003	329	329	0	ormai	ormai	_	_	_	_	_	linguistic	_	none	_	Begin=938.293	_	_	_	_
329-1	BOI003	329	329	1	invece	invece	_	_	_	_	_	linguistic	_	none	_	_	_	_	_	_
329-2	BOI003	329	329	2	da	da	_	_	_	_	_	linguistic	_	none	_	_	_	_	_	_
329-3	BOI003	329	329	3	alcuni	alcuni	_	_	_	_	_	linguistic	_	none	_	_	_	_	_	_
329-4	BOI003	329	329	4	anni	anni	_	_	_	_	_	linguistic	_	none	_	_	_	_	_	_
329-5	BOI003	329	329	5	a	a	_	_	_	_	_	linguistic	_	none	_	_	_	_	_	_
329-6	BOI003	329	329	6	questa	questa	_	_	_	_	_	linguistic	_	none	_	_	_	_	_	_
329-7	BOI003	329	329	7	pa:rte	parte	_	_	_	_	_	linguistic	_	none	_	End=940.813	1x1	_	_	_
330-0	BOI003	330	330	0	e::hm	ehm	_	_	_	_	_	linguistic	_	none	_	Begin=941.494	0x2	_	_	_
330-1	BOI003	330	330	1	ce	ce	_	_	_	_	_	linguistic	_	none	_	_	_	_	_	_
330-2	BOI003	330	330	2	ne	ne	_	_	_	_	_	linguistic	_	none	_	_	_	_	_	_
330-3	BOI003	330	330	3	sono	sono	_	_	_	_	_	linguistic	_	none	_	_	_	_	_	_
330-4	BOI003	330	330	4	parecchi	parecchi	_	_	_	_	_	linguistic	_	none	_	_	_	_	_	_
330-5	BOI003	330	330	5	e::hm	ehm	_	_	_	_	_	linguistic	_	none	_	End=944.973	0x2	_	_	_
331-0	BOI003	331	331	0	quindi	quindi	_	_	_	_	_	linguistic	_	none	_	Begin=945.14	_	_	_	_
331-1	BOI003	331	331	1	era	era	_	_	_	_	_	linguistic	_	none	_	_	_	_	_	_
331-2	BOI003	331	331	2	già	già	_	_	_	_	_	linguistic	_	none	_	_	_	_	_	_
331-3	BOI003	331	331	3	iniziata	iniziata	_	_	_	_	_	linguistic	_	none	_	_	_	_	_	_
331-4	BOI003	331	331	4	diciamo	diciamo	_	_	_	_	_	linguistic	_	none	_	_	_	_	_	_
331-5	BOI003	331	331	5	questa	questa	_	_	_	_	_	linguistic	_	none	_	_	_	_	_	_
331-6	BOI003	331	331	6	questa	questa	_	_	_	_	_	linguistic	_	none	_	_	_	_	_	_
331-7	BOI003	331	331	7	cosa	cosa	_	_	_	_	_	linguistic	_	none	_	End=948.067	_	_	_	_
332-0	BOI003	332	332	0	e	e	_	_	_	_	_	linguistic	_	none	_	Begin=948.593	_	_	_	_
332-1	BOI003	332	332	1	adesso	adesso	_	_	_	_	_	linguistic	_	none	_	_	_	_	_	_
332-2	BOI003	332	332	2	anche	anche	_	_	_	_	_	linguistic	_	none	_	_	_	_	_	_
332-3	BOI003	332	332	3	con	con	_	_	_	_	_	linguistic	_	none	_	_	_	_	_	_
332-4	BOI003	332	332	4	questa	questa	_	_	_	_	_	linguistic	_	none	_	_	_	_	_	_
332-5	BOI003	332	332	5	nomina	nomina	_	_	_	_	_	linguistic	_	none	_	_	_	_	_	_
332-6	BOI003	332	332	6	del	del	_	_	_	_	_	linguistic	_	none	_	_	_	_	_	_
332-7	BOI003	332	332	7	patrimoio	patrimoio	_	_	_	_	_	linguistic	_	none	_	_	_	_	_	_
332-8	BOI003	332	332	8	dell'	dell'	_	_	_	_	_	linguistic	_	none	SpaceAfter=No	_	_	_	_	_
332-9	BOI003	332	332	9	unesco	unesco	_	_	_	_	_	linguistic	_	none	_	_	_	_	_	_
332-10	BOI003	332	332	10	secondo	secondo	_	_	_	_	_	linguistic	_	none	_	_	_	_	_	_
332-11	BOI003	332	332	11	me	me	_	_	_	_	_	linguistic	_	none	_	_	_	_	_	_
332-12	BOI003	332	332	12	ancora	ancora	_	_	_	_	_	linguistic	_	none	_	_	_	_	_	_
332-13	BOI003	332	332	13	di	di	_	_	_	_	_	linguistic	_	none	_	_	_	_	_	_
332-14	BOI003	332	332	14	più:	più	_	_	_	_	_	linguistic	_	none	_	End=953.727	2x1	_	_	_
333-0	BOR001	333	333	0	mh	mh	_	_	_	_	_	linguistic	_	none	_	Begin=953.887|End=954.3	_	_	_	_
334-0	BOI003	334	334	0	verrà	verrà	_	_	_	_	_	linguistic	_	none	_	Begin=954.307	_	_	_	_
334-1	BOI003	334	334	1	c(io)é	cioé	_	_	_	_	_	linguistic	_	none	Reduced=Yes	_	_	_	_	_
334-2	BOI003	334	334	2	mh	mh	_	_	_	_	_	linguistic	_	none	_	_	_	_	_	_
334-3	BOI003	334	334	3	tante	tante	_	_	_	_	_	linguistic	_	none	_	_	_	_	_	_
334-4	BOI003	334	334	4	persone	persone	_	_	_	_	_	linguistic	_	none	_	_	_	_	_	_
334-5	BOI003	334	334	5	che	che	_	_	_	_	_	linguistic	_	none	_	_	_	_	_	_
334-6	BOI003	334	334	6	non	non	_	_	_	_	_	linguistic	_	none	_	_	_	_	_	_
334-7	BOI003	334	334	7	le	le	_	_	_	_	_	linguistic	_	none	_	_	_	_	_	_
334-8	BOI003	334	334	8	conoscevano	conoscevano	_	_	_	_	_	linguistic	_	none	_	_	_	_	_	_
334-9	BOI003	334	334	9	pro~	pro~	_	_	_	_	_	linguistic	_	none	Interrupted=Yes	_	_	_	_	_
334-10	BOI003	334	334	10	probabilmente	probabilmente	_	_	_	_	_	linguistic	_	none	_	_	_	_	_	_
334-11	BOI003	334	334	11	adesso:	adesso	_	_	_	_	_	linguistic	_	none	_	End=959.08	5x1	_	_	_
335-0	BOI003	335	335	0	sono	sono	_	_	_	_	_	linguistic	_	none	_	Begin=959.494	_	_	_	_
335-1	BOI003	335	335	1	a	a	_	_	_	_	_	linguistic	_	none	_	_	_	_	_	_
335-2	BOI003	335	335	2	conoscenza	conoscenza	_	_	_	_	_	linguistic	_	none	_	_	_	_	_	_
335-3	BOI003	335	335	3	d[i	di	_	_	_	_	_	linguistic	_	none	_	_	_	_	_	1-2(78)
335-4	BOI003	335	335	4	questa]	questa	_	_	_	_	_	linguistic	_	none	_	_	_	_	_	0-6(78)
335-5	BOI003	335	335	5	cosa	cosa	_	_	_	_	_	linguistic	_	none	_	End=961.32	_	_	_	_
336-0	BOR001	336	336	0	[sì]	sì	_	_	_	_	_	linguistic	_	none	_	Begin=960.53|End=960.914	_	_	_	0-2(78)
337-0	BOI003	337	337	0	[xx	xx	_	_	_	_	_	unknown	_	none	Syllables=2	Begin=961.567	_	_	_	0-2(?)
337-1	BOI003	337	337	1	ecco]	ecco	_	_	_	_	_	linguistic	_	none	_	End=963.392	_	_	_	0-4(?)
338-0	BOR001	338	338	0	[ma::]	ma	_	_	_	_	_	linguistic	_	none	_	Begin=961.567|End=962.29	1x2	_	_	0-2(79)
339-0	BOR001	339	339	0	[sì]	sì	_	_	_	_	_	linguistic	_	none	_	Begin=962.685|End=963.164	_	_	_	0-2(80)
340-0	BOR001	340	340	0	ma	ma	_	_	_	_	_	linguistic	_	none	_	Begin=963.713	_	_	_	_
340-1	BOR001	340	340	1	e::hm	ehm	_	_	_	_	_	linguistic	_	none	_	End=964.82	0x2	_	_	_
341-0	BOR001	341	341	0	è	è	_	_	_	_	_	linguistic	_	none	_	Begin=965.873	_	_	_	_
341-1	BOR001	341	341	1	solo	solo	_	_	_	_	_	linguistic	_	none	_	_	_	_	_	_
341-2	BOR001	341	341	2	un	un	_	_	_	_	_	linguistic	_	none	_	_	_	_	_	_
341-3	BOR001	341	341	3	pro	pro	_	_	_	_	_	linguistic	_	none	_	_	_	_	_	_
341-4	BOR001	341	341	4	il	il	_	_	_	_	_	linguistic	_	none	_	_	_	_	_	_
341-5	BOR001	341	341	5	fatto	fatto	_	_	_	_	_	linguistic	_	none	_	_	_	_	_	_
341-6	BOR001	341	341	6	di	di	_	_	_	_	_	linguistic	_	none	_	_	_	_	_	_
341-7	BOR001	341	341	7	avere	avere	_	_	_	_	_	linguistic	_	none	_	_	_	_	_	_
341-8	BOR001	341	341	8	mo~	mo~	_	_	_	_	_	linguistic	_	none	Interrupted=Yes	End=968.033	_	_	_	_
342-0	BOR001	342	342	0	più	più	_	_	_	_	_	linguistic	_	none	_	Begin=968.412	_	_	_	_
342-1	BOR001	342	342	1	turisti:	turisti	_	_	_	_	_	linguistic	_	none	_	End=969.701	6x1	_	_	_
343-0	BOR001	343	343	0	a	a	_	_	_	_	_	linguistic	_	none	_	Begin=970.707	_	_	_	_
343-1	BOR001	343	343	1	bologna	bologna	_	_	_	_	_	linguistic	_	none	_	_	_	_	_	_
343-2	BOR001	343	343	2	o	o	_	_	_	_	_	linguistic	_	none	_	End=971.7	_	_	_	_
344-0	BOR001	344	344	0	può	può	_	_	_	_	_	linguistic	_	none	_	Begin=972.147	_	_	_	_
344-1	BOR001	344	344	1	avere	avere	_	_	_	_	_	linguistic	_	none	_	_	_	_	_	_
344-2	BOR001	344	344	2	anche	anche	_	_	_	_	_	linguistic	_	none	_	_	_	_	_	_
344-3	BOR001	344	344	3	dei	dei	_	_	_	_	_	linguistic	_	none	_	_	_	_	_	_
344-4	BOR001	344	344	4	lati:	lati	_	_	_	_	_	linguistic	_	none	_	_	3x1	_	_	_
344-5	BOR001	344	344	5	negativi	negativi	_	_	_	_	_	linguistic	_	none	_	End=974.907	_	_	_	_
345-0	BOI003	345	345	0	[beh]	beh	_	_	_	_	_	linguistic	_	none	_	Begin=975.153	_	_	_	0-3(81)
345-1	BOI003	345	345	1	sì	sì	_	_	_	_	_	linguistic	_	none	_	_	_	_	_	_
345-2	BOI003	345	345	2	dai	dai	_	_	_	_	_	linguistic	_	none	_	_	_	_	_	_
345-3	BOI003	345	345	3	a	a	_	_	_	_	_	linguistic	_	none	_	_	_	_	_	_
345-4	BOI003	345	345	4	volte	volte	_	_	_	_	_	linguistic	_	none	_	_	_	_	_	_
345-5	BOI003	345	345	5	tante	tante	_	_	_	_	_	linguistic	_	none	_	_	_	_	_	_
345-6	BOI003	345	345	6	tante	tante	_	_	_	_	_	linguistic	_	none	_	_	_	_	_	_
345-7	BOI003	345	345	7	volte	volte	_	_	_	_	_	linguistic	_	none	_	_	_	_	_	_
345-8	BOI003	345	345	8	mi	mi	_	_	_	_	_	linguistic	_	none	_	_	_	_	_	_
345-9	BOI003	345	345	9	sento	sento	_	_	_	_	_	linguistic	_	none	_	_	_	_	_	_
345-10	BOI003	345	345	10	anche	anche	_	_	_	_	_	linguistic	_	none	_	_	_	_	_	_
345-11	BOI003	345	345	11	un	un	_	_	_	_	_	linguistic	_	none	_	_	_	_	_	_
345-12	BOI003	345	345	12	po'	po'	_	_	_	_	_	linguistic	_	none	_	_	_	_	_	_
345-13	BOI003	345	345	13	gelosa	gelosa	_	_	_	_	_	linguistic	_	none	_	_	_	_	_	_
345-14	BOI003	345	345	14	diciamo	diciamo	_	_	_	_	_	linguistic	_	none	_	_	_	_	_	_
345-15	BOI003	345	345	15	di	di	_	_	_	_	_	linguistic	_	none	_	_	_	_	_	_
345-16	BOI003	345	345	16	bologna	bologna	_	_	_	_	_	linguistic	_	none	_	End=981.64	_	_	_	_
346-0	BOR001	346	346	0	[°questa	questa	_	_	_	_	_	linguistic	_	none	Volume=low	Begin=975.153	_	_	_	_
346-1	BOR001	346	346	1	cos~	cos~	_	_	_	_	_	linguistic	_	none	Interrupted=Yes|Volume=low	_	_	_	_	_
346-2	BOR001	346	346	2	°		_	_	_	_	_	error	_	none	_	_	_	_	_	_
346-3	BOR001	346	346	3	((ride))	((ride))	_	_	_	_	_	nonverbalbehavior	_	none	_	End=975.74	_	_	_	_
347-0	BOI003	347	347	0	allora	allora	_	_	_	_	_	linguistic	_	none	_	Begin=981.667	_	_	_	_
347-1	BOI003	347	347	1	tante	tante	_	_	_	_	_	linguistic	_	none	_	_	_	_	_	_
347-2	BOI003	347	347	2	volte	volte	_	_	_	_	_	linguistic	_	none	_	_	_	_	_	_
347-3	BOI003	347	347	3	dico	dico	_	_	_	_	_	linguistic	_	none	_	_	_	_	_	_
347-4	BOI003	347	347	4	oddio	oddio	_	_	_	_	_	linguistic	_	none	_	_	_	_	_	_
347-5	BOI003	347	347	5	spero	spero	_	_	_	_	_	linguistic	_	none	_	_	_	_	_	_
347-6	BOI003	347	347	6	che	che	_	_	_	_	_	linguistic	_	none	_	_	_	_	_	_
347-7	BOI003	347	347	7	non	non	_	_	_	_	_	linguistic	_	none	_	_	_	_	_	_
347-8	BOI003	347	347	8	diventi	diventi	_	_	_	_	_	linguistic	_	none	_	_	_	_	_	_
347-9	BOI003	347	347	9	come	come	_	_	_	_	_	linguistic	_	none	_	_	_	_	_	_
347-10	BOI003	347	347	10	fire:nze	firenze	_	_	_	_	_	linguistic	_	none	_	_	3x1	_	_	_
347-11	BOI003	347	347	11	che:	che	_	_	_	_	_	linguistic	_	none	_	_	2x1	_	_	_
347-12	BOI003	347	347	12	praticame~	praticame~	_	_	_	_	_	linguistic	_	none	Interrupted=Yes	_	_	_	_	_
347-13	BOI003	347	347	13	o	o	_	_	_	_	_	linguistic	_	none	_	_	_	_	_	_
347-14	BOI003	347	347	14	venezia	venezia	_	_	_	_	_	linguistic	_	none	_	_	_	_	_	_
347-15	BOI003	347	347	15	che:	che	_	_	_	_	_	linguistic	_	none	_	End=987.373	2x1	_	_	_
348-0	BOI003	348	348	0	e:h	eh	_	_	_	_	_	linguistic	_	none	_	Begin=987.593	0x1	_	_	_
348-1	BOI003	348	348	1	praticamente	praticamente	_	_	_	_	_	linguistic	_	none	_	_	_	_	_	_
348-2	BOI003	348	348	2	non	non	_	_	_	_	_	linguistic	_	none	_	_	_	_	_	_
348-3	BOI003	348	348	3	puoi	puoi	_	_	_	_	_	linguistic	_	none	_	_	_	_	_	_
348-4	BOI003	348	348	4	mh	mh	_	_	_	_	_	linguistic	_	none	_	_	_	_	_	_
348-5	BOI003	348	348	5	usufruire	usufruire	_	_	_	_	_	linguistic	_	none	_	_	_	_	_	_
348-6	BOI003	348	348	6	di	di	_	_	_	_	_	linguistic	_	none	_	_	_	_	_	_
348-7	BOI003	348	348	7	niente	niente	_	_	_	_	_	linguistic	_	none	_	_	_	_	_	_
348-8	BOI003	348	348	8	perché	perché	_	_	_	_	_	linguistic	_	none	_	_	_	_	_	_
348-9	BOI003	348	348	9	ci	ci	_	_	_	_	_	linguistic	_	none	_	_	_	_	_	_
348-10	BOI003	348	348	10	sono	sono	_	_	_	_	_	linguistic	_	none	_	_	_	_	_	_
348-11	BOI003	348	348	11	sempre	sempre	_	_	_	_	_	linguistic	_	none	_	_	_	_	_	_
348-12	BOI003	348	348	12	un	un	_	_	_	_	_	linguistic	_	none	_	_	_	_	_	_
348-13	BOI003	348	348	13	sacco	sacco	_	_	_	_	_	linguistic	_	none	_	_	_	_	_	_
348-14	BOI003	348	348	14	di	di	_	_	_	_	_	linguistic	_	none	_	_	_	_	_	_
348-15	BOI003	348	348	15	turisti:	turisti	_	_	_	_	_	linguistic	_	none	_	_	6x1	_	_	_
348-16	BOI003	348	348	16	così	così	_	_	_	_	_	linguistic	_	none	_	End=993.94	_	_	_	_
349-0	BOI003	349	349	0	e::hm	ehm	_	_	_	_	_	linguistic	_	none	_	Begin=994.487	0x2	_	_	_
349-1	BOI003	349	349	1	e	e	_	_	_	_	_	linguistic	_	none	_	_	_	_	_	_
349-2	BOI003	349	349	2	allora	allora	_	_	_	_	_	linguistic	_	none	_	_	_	_	_	_
349-3	BOI003	349	349	3	la	la	_	_	_	_	_	linguistic	_	none	_	_	_	_	_	_
349-4	BOI003	349	349	4	vorrei	vorrei	_	_	_	_	_	linguistic	_	none	_	_	_	_	_	_
349-5	BOI003	349	349	5	tutta	tutta	_	_	_	_	_	linguistic	_	none	_	_	_	_	_	_
349-6	BOI003	349	349	6	per	per	_	_	_	_	_	linguistic	_	none	_	_	_	_	_	_
349-7	BOI003	349	349	7	me	me	_	_	_	_	_	linguistic	_	none	_	_	_	_	_	_
349-8	BOI003	349	349	8	bolo[gna	bologna	_	_	_	_	_	linguistic	_	none	_	_	_	_	_	4-7(82)
349-9	BOI003	349	349	9	e]cco	ecco	_	_	_	_	_	linguistic	_	none	_	_	_	_	_	0-1(82)
349-10	BOI003	349	349	10	però	però	_	_	_	_	_	linguistic	_	none	_	_	_	_	_	_
349-11	BOI003	349	349	11	io	io	_	_	_	_	_	linguistic	_	none	_	_	_	_	_	_
349-12	BOI003	349	349	12	penso	penso	_	_	_	_	_	linguistic	_	none	_	_	_	_	_	_
349-13	BOI003	349	349	13	che	che	_	_	_	_	_	linguistic	_	none	_	End=999.871	_	_	_	_
350-0	BOR001	350	350	0	[°mhmh°]	mhmh	_	_	_	_	_	linguistic	_	none	Volume=low	Begin=998.103|End=998.585	_	_	_	0-4(82)
351-0	BOI003	351	351	0	siano	siano	_	_	_	_	_	linguistic	_	none	_	Begin=1000.42	_	_	_	_
351-1	BOI003	351	351	1	di	di	_	_	_	_	_	linguistic	_	none	_	_	_	_	_	_
351-2	BOI003	351	351	2	più	più	_	_	_	_	_	linguistic	_	none	_	_	_	_	_	_
351-3	BOI003	351	351	3	i	i	_	_	_	_	_	linguistic	_	none	_	_	_	_	_	_
351-4	BOI003	351	351	4	pro	pro	_	_	_	_	_	linguistic	_	none	_	_	_	_	_	_
351-5	BOI003	351	351	5	perché	perché	_	_	_	_	_	linguistic	_	none	_	_	_	_	_	_
351-6	BOI003	351	351	6	comunque	comunque	_	_	_	_	_	linguistic	_	none	_	End=1002.78	_	_	_	_
352-0	BOI003	352	352	0	il	il	_	_	_	_	_	linguistic	_	none	_	Begin=1003.073	_	_	_	_
352-1	BOI003	352	352	1	turista	turista	_	_	_	_	_	linguistic	_	none	_	_	_	_	_	_
352-2	BOI003	352	352	2	porta	porta	_	_	_	_	_	linguistic	_	none	_	_	_	_	_	_
352-3	BOI003	352	352	3	sempre:	sempre	_	_	_	_	_	linguistic	_	none	_	_	5x1	_	_	_
352-4	BOI003	352	352	4	del	del	_	_	_	_	_	linguistic	_	none	_	_	_	_	_	_
352-5	BOI003	352	352	5	economicamente	economicamente	_	_	_	_	_	linguistic	_	none	_	_	_	_	_	_
352-6	BOI003	352	352	6	dei	dei	_	_	_	_	_	linguistic	_	none	_	_	_	_	_	_
352-7	BOI003	352	352	7	vantaggi,	vantaggi	_	_	_	_	_	linguistic	_	none	Intonation=WeaklyRising	_	_	_	_	_
352-8	BOI003	352	352	8	per	per	_	_	_	_	_	linguistic	_	none	_	_	_	_	_	_
352-9	BOI003	352	352	9	tutte	tutte	_	_	_	_	_	linguistic	_	none	_	_	_	_	_	_
352-10	BOI003	352	352	10	le	le	_	_	_	_	_	linguistic	_	none	_	_	_	_	_	_
352-11	BOI003	352	352	11	attività,	attività	_	_	_	_	_	linguistic	_	none	Intonation=WeaklyRising	End=1009.244	_	_	_	_
353-0	BOI003	353	353	0	e	e	_	_	_	_	_	linguistic	_	none	_	Begin=1009.633	_	_	_	_
353-1	BOI003	353	353	1	poi	poi	_	_	_	_	_	linguistic	_	none	_	_	_	_	_	_
353-2	BOI003	353	353	2	mh	mh	_	_	_	_	_	linguistic	_	none	_	_	_	_	_	_
353-3	BOI003	353	353	3	se	se	_	_	_	_	_	linguistic	_	none	_	_	_	_	_	_
353-4	BOI003	353	353	4	il	il	_	_	_	_	_	linguistic	_	none	_	_	_	_	_	_
353-5	BOI003	353	353	5	turista	turista	_	_	_	_	_	linguistic	_	none	_	_	_	_	_	_
353-6	BOI003	353	353	6	viene	viene	_	_	_	_	_	linguistic	_	none	_	_	_	_	_	_
353-7	BOI003	353	353	7	si	si	_	_	_	_	_	linguistic	_	none	_	_	_	_	_	_
353-8	BOI003	353	353	8	trova	trova	_	_	_	_	_	linguistic	_	none	_	_	_	_	_	_
353-9	BOI003	353	353	9	bene	bene	_	_	_	_	_	linguistic	_	none	_	_	_	_	_	_
353-10	BOI003	353	353	10	così	così	_	_	_	_	_	linguistic	_	none	_	_	_	_	_	_
353-11	BOI003	353	353	11	mi	mi	_	_	_	_	_	linguistic	_	none	_	_	_	_	_	_
353-12	BOI003	353	353	12	rende	rende	_	_	_	_	_	linguistic	_	none	_	_	_	_	_	_
353-13	BOI003	353	353	13	orgogliosa	orgogliosa	_	_	_	_	_	linguistic	_	none	_	_	_	_	_	_
353-14	BOI003	353	353	14	perché	perché	_	_	_	_	_	linguistic	_	none	_	_	_	_	_	_
353-15	BOI003	353	353	15	dico:	dico	_	_	_	_	_	linguistic	_	none	_	End=1015.893	3x1	_	_	_
354-0	BOI003	354	354	0	dai	dai	_	_	_	_	_	linguistic	_	none	_	Begin=1015.92	_	_	_	_
354-1	BOI003	354	354	1	spero	spero	_	_	_	_	_	linguistic	_	none	_	_	_	_	_	_
354-2	BOI003	354	354	2	che	che	_	_	_	_	_	linguistic	_	none	_	_	_	_	_	_
354-3	BOI003	354	354	3	la	la	_	_	_	_	_	linguistic	_	none	_	_	_	_	_	_
354-4	BOI003	354	354	4	gente	gente	_	_	_	_	_	linguistic	_	none	_	_	_	_	_	_
354-5	BOI003	354	354	5	dica	dica	_	_	_	_	_	linguistic	_	none	_	_	_	_	_	_
354-6	BOI003	354	354	6	eh	eh	_	_	_	_	_	linguistic	_	none	_	_	_	_	_	_
354-7	BOI003	354	354	7	beati	beati	_	_	_	_	_	linguistic	_	none	_	_	_	_	_	_
354-8	BOI003	354	354	8	quelli	quelli	_	_	_	_	_	linguistic	_	none	_	_	_	_	_	_
354-9	BOI003	354	354	9	che	che	_	_	_	_	_	linguistic	_	none	_	_	_	_	_	_
354-10	BOI003	354	354	10	abitano	abitano	_	_	_	_	_	linguistic	_	none	_	_	_	_	_	_
354-11	BOI003	354	354	11	a	a	_	_	_	_	_	linguistic	_	none	_	_	_	_	_	_
354-12	BOI003	354	354	12	bologna	bologna	_	_	_	_	_	linguistic	_	none	_	_	_	_	_	_
354-13	BOI003	354	354	13	((ride))	((ride))	_	_	_	_	_	nonverbalbehavior	_	none	_	End=1019.98	_	_	_	_
355-0	BOR001	355	355	0	((ride))	((ride))	_	_	_	_	_	nonverbalbehavior	_	none	_	Begin=1019.167|End=1019.947	_	_	_	_
356-0	BOI003	356	356	0	[è	è	_	_	_	_	_	linguistic	_	none	_	Begin=1020.212	_	_	_	0-1(83)
356-1	BOI003	356	356	1	così]	così	_	_	_	_	_	linguistic	_	none	_	End=1020.795	_	_	_	0-4(83)
357-0	BOR001	357	357	0	[sì]	sì	_	_	_	_	_	linguistic	_	none	_	Begin=1020.212|End=1020.795	_	_	_	0-2(83)
358-0	BOI003	358	358	0	perché	perché	_	_	_	_	_	linguistic	_	none	_	Begin=1020.93	_	_	_	_
358-1	BOI003	358	358	1	sono	sono	_	_	_	_	_	linguistic	_	none	_	_	_	_	_	_
358-2	BOI003	358	358	2	molto	molto	_	_	_	_	_	linguistic	_	none	_	_	_	_	_	_
358-3	BOI003	358	358	3	insomma:	insomma	_	_	_	_	_	linguistic	_	none	_	_	6x1	_	_	_
358-4	BOI003	358	358	4	c(io)é	cioé	_	_	_	_	_	linguistic	_	none	Reduced=Yes	_	_	_	_	_
358-5	BOI003	358	358	5	mi	mi	_	_	_	_	_	linguistic	_	none	_	_	_	_	_	_
358-6	BOI003	358	358	6	piace	piace	_	_	_	_	_	linguistic	_	none	_	_	_	_	_	_
358-7	BOI003	358	358	7	molto	molto	_	_	_	_	_	linguistic	_	none	_	_	_	_	_	_
358-8	BOI003	358	358	8	bologna	bologna	_	_	_	_	_	linguistic	_	none	_	_	_	_	_	_
358-9	BOI003	358	358	9	quindi	quindi	_	_	_	_	_	linguistic	_	none	_	_	_	_	_	_
358-10	BOI003	358	358	10	ne	ne	_	_	_	_	_	linguistic	_	none	_	_	_	_	_	_
358-11	BOI003	358	358	11	sono	sono	_	_	_	_	_	linguistic	_	none	_	_	_	_	_	_
358-12	BOI003	358	358	12	molto	molto	_	_	_	_	_	linguistic	_	none	_	_	_	_	_	_
358-13	BOI003	358	358	13	orgogliosa	orgogliosa	_	_	_	_	_	linguistic	_	none	_	_	_	_	_	_
358-14	BOI003	358	358	14	[ecco]	ecco	_	_	_	_	_	linguistic	_	none	_	End=1026.665	_	_	_	0-4(84)
359-0	BOR001	359	359	0	[mhmh]	mhmh	_	_	_	_	_	linguistic	_	none	_	Begin=1026.3|End=1026.665	_	_	_	0-4(84)
360-0	BOR001	360	360	0	°okay	okay	_	_	_	_	_	linguistic	_	none	Volume=low	Begin=1026.983	_	_	_	_
360-1	BOR001	360	360	1	okay°	okay	_	_	_	_	_	linguistic	_	none	Volume=low	End=1027.973	_	_	_	_
361-0	BOR001	361	361	0	e	e	_	_	_	_	_	linguistic	_	none	_	Begin=1028.319	_	_	_	_
361-1	BOR001	361	361	1	invece	invece	_	_	_	_	_	linguistic	_	none	_	_	_	_	_	_
361-2	BOR001	361	361	2	prima	prima	_	_	_	_	_	linguistic	_	none	_	_	_	_	_	_
361-3	BOR001	361	361	3	mi	mi	_	_	_	_	_	linguistic	_	none	_	_	_	_	_	_
361-4	BOR001	361	361	4	avevi	avevi	_	_	_	_	_	linguistic	_	none	_	_	_	_	_	_
361-5	BOR001	361	361	5	detto	detto	_	_	_	_	_	linguistic	_	none	_	_	_	_	_	_
361-6	BOR001	361	361	6	che:	che	_	_	_	_	_	linguistic	_	none	_	_	2x1	_	_	_
361-7	BOR001	361	361	7	comunque	comunque	_	_	_	_	_	linguistic	_	none	_	_	_	_	_	_
361-8	BOR001	361	361	8	ti	ti	_	_	_	_	_	linguistic	_	none	_	_	_	_	_	_
361-9	BOR001	361	361	9	piaceva	piaceva	_	_	_	_	_	linguistic	_	none	_	_	_	_	_	_
361-10	BOR001	361	361	10	questa	questa	_	_	_	_	_	linguistic	_	none	_	_	_	_	_	_
361-11	BOR001	361	361	11	zona	zona	_	_	_	_	_	linguistic	_	none	_	_	_	_	_	_
361-12	BOR001	361	361	12	anche	anche	_	_	_	_	_	linguistic	_	none	_	_	_	_	_	_
361-13	BOR001	361	361	13	perché	perché	_	_	_	_	_	linguistic	_	none	_	End=1032.579	_	_	_	_
362-0	BOR001	362	362	0	s~	s~	_	_	_	_	_	linguistic	_	none	Interrupted=Yes	Begin=1032.973	_	_	_	_
362-1	BOR001	362	362	1	c'	c'	_	_	_	_	_	linguistic	_	none	SpaceAfter=No	_	_	_	_	_
362-2	BOR001	362	362	2	erano	erano	_	_	_	_	_	linguistic	_	none	_	End=1033.547	_	_	_	_
363-0	BOR001	363	363	0	e::hm	ehm	_	_	_	_	_	linguistic	_	none	_	Begin=1034.307	0x2	_	_	_
363-1	BOR001	363	363	1	vari	vari	_	_	_	_	_	linguistic	_	none	_	_	_	_	_	_
363-2	BOR001	363	363	2	parchi:	parchi	_	_	_	_	_	linguistic	_	none	_	_	5x1	_	_	_
363-3	BOR001	363	363	3	così	così	_	_	_	_	_	linguistic	_	none	_	_	_	_	_	_
363-4	BOR001	363	363	4	quindi:	quindi	_	_	_	_	_	linguistic	_	none	_	End=1038.047	5x1	_	_	_
364-0	BOR001	364	364	0	m::h	mh	_	_	_	_	_	linguistic	_	none	_	Begin=1038.492|End=1039.627	0x2	_	_	_
365-0	BOR001	365	365	0	è	è	_	_	_	_	_	linguistic	_	none	_	Begin=1039.9	_	_	_	_
365-1	BOR001	365	365	1	anche	anche	_	_	_	_	_	linguistic	_	none	_	_	_	_	_	_
365-2	BOR001	365	365	2	una	una	_	_	_	_	_	linguistic	_	none	_	_	_	_	_	_
365-3	BOR001	365	365	3	città	città	_	_	_	_	_	linguistic	_	none	_	_	_	_	_	_
365-4	BOR001	365	365	4	verde	verde	_	_	_	_	_	linguistic	_	none	_	_	_	_	_	_
365-5	BOR001	365	365	5	bologna	bologna	_	_	_	_	_	linguistic	_	none	_	_	_	_	_	_
365-6	BOR001	365	365	6	o::	o	_	_	_	_	_	linguistic	_	none	_	End=1042.68	0x2	_	_	_
366-0	BOI003	366	366	0	beh	beh	_	_	_	_	_	linguistic	_	none	_	Begin=1042.76	_	_	_	_
366-1	BOI003	366	366	1	oddio	oddio	_	_	_	_	_	linguistic	_	none	_	_	_	_	_	_
366-2	BOI003	366	366	2	mh	mh	_	_	_	_	_	linguistic	_	none	_	End=1044.492	_	_	_	_
367-0	BOI003	367	367	0	potrebbe	potrebbe	_	_	_	_	_	linguistic	_	none	_	Begin=1044.66	_	_	_	_
367-1	BOI003	367	367	1	esse~	esse~	_	_	_	_	_	linguistic	_	none	Interrupted=Yes	_	_	_	_	_
367-2	BOI003	367	367	2	potrebbe	potrebbe	_	_	_	_	_	linguistic	_	none	_	_	_	_	_	_
367-3	BOI003	367	367	3	fare	fare	_	_	_	_	_	linguistic	_	none	_	_	_	_	_	_
367-4	BOI003	367	367	4	di	di	_	_	_	_	_	linguistic	_	none	_	_	_	_	_	_
367-5	BOI003	367	367	5	meglio	meglio	_	_	_	_	_	linguistic	_	none	_	_	_	_	_	_
367-6	BOI003	367	367	6	ecco	ecco	_	_	_	_	_	linguistic	_	none	_	_	_	_	_	_
367-7	BOI003	367	367	7	perché	perché	_	_	_	_	_	linguistic	_	none	_	_	_	_	_	_
367-8	BOI003	367	367	8	a	a	_	_	_	_	_	linguistic	_	none	_	_	_	_	_	_
367-9	BOI003	367	367	9	volte	volte	_	_	_	_	_	linguistic	_	none	_	_	_	_	_	_
367-10	BOI003	367	367	10	quando	quando	_	_	_	_	_	linguistic	_	none	_	_	_	_	_	_
367-11	BOI003	367	367	11	si	si	_	_	_	_	_	linguistic	_	none	_	_	_	_	_	_
367-12	BOI003	367	367	12	legge	legge	_	_	_	_	_	linguistic	_	none	_	_	_	_	_	_
367-13	BOI003	367	367	13	così	così	_	_	_	_	_	linguistic	_	none	_	_	_	_	_	_
367-14	BOI003	367	367	14	nei	nei	_	_	_	_	_	linguistic	_	none	_	_	_	_	_	_
367-15	BOI003	367	367	15	giornali:	giornali	_	_	_	_	_	linguistic	_	none	_	End=1051.094	7x1	_	_	_
368-0	BOI003	368	368	0	eh	eh	_	_	_	_	_	linguistic	_	none	_	Begin=1051.512	_	_	_	_
368-1	BOI003	368	368	1	ci	ci	_	_	_	_	_	linguistic	_	none	_	_	_	_	_	_
368-2	BOI003	368	368	2	sono	sono	_	_	_	_	_	linguistic	_	none	_	_	_	_	_	_
368-3	BOI003	368	368	3	delle	delle	_	_	_	_	_	linguistic	_	none	_	_	_	_	_	_
368-4	BOI003	368	368	4	città	città	_	_	_	_	_	linguistic	_	none	_	_	_	_	_	_
368-5	BOI003	368	368	5	molto	molto	_	_	_	_	_	linguistic	_	none	_	_	_	_	_	_
368-6	BOI003	368	368	6	più	più	_	_	_	_	_	linguistic	_	none	_	_	_	_	_	_
368-7	BOI003	368	368	7	grandi	grandi	_	_	_	_	_	linguistic	_	none	_	_	_	_	_	_
368-8	BOI003	368	368	8	di	di	_	_	_	_	_	linguistic	_	none	_	_	_	_	_	_
368-9	BOI003	368	368	9	bologna	bologna	_	_	_	_	_	linguistic	_	none	_	_	_	_	_	_
368-10	BOI003	368	368	10	proprio	proprio	_	_	_	_	_	linguistic	_	none	_	_	_	_	_	_
368-11	BOI003	368	368	11	delle	delle	_	_	_	_	_	linguistic	_	none	_	End=1055.799	_	_	_	_
369-0	BOI003	369	369	0	delle	delle	_	_	_	_	_	linguistic	_	none	_	Begin=1056.394	_	_	_	_
369-1	BOI003	369	369	1	metropoli	metropoli	_	_	_	_	_	linguistic	_	none	_	_	_	_	_	_
369-2	BOI003	369	369	2	che	che	_	_	_	_	_	linguistic	_	none	_	_	_	_	_	_
369-3	BOI003	369	369	3	hanno	hanno	_	_	_	_	_	linguistic	_	none	_	_	_	_	_	_
369-4	BOI003	369	369	4	molto	molto	_	_	_	_	_	linguistic	_	none	_	_	_	_	_	_
369-5	BOI003	369	369	5	più	più	_	_	_	_	_	linguistic	_	none	_	_	_	_	_	_
369-6	BOI003	369	369	6	verde	verde	_	_	_	_	_	linguistic	_	none	_	_	_	_	_	_
369-7	BOI003	369	369	7	rispetto:	rispetto	_	_	_	_	_	linguistic	_	none	_	_	7x1	_	_	_
369-8	BOI003	369	369	8	a	a	_	_	_	_	_	linguistic	_	none	_	_	_	_	_	_
369-9	BOI003	369	369	9	noi	noi	_	_	_	_	_	linguistic	_	none	_	_	_	_	_	_
369-10	BOI003	369	369	10	ecco	ecco	_	_	_	_	_	linguistic	_	none	_	_	_	_	_	_
369-11	BOI003	369	369	11	quindi	quindi	_	_	_	_	_	linguistic	_	none	_	End=1061.875	_	_	_	_
370-0	BOI003	370	370	0	si	si	_	_	_	_	_	linguistic	_	none	_	Begin=1062.0	_	_	_	_
370-1	BOI003	370	370	1	potrebbe	potrebbe	_	_	_	_	_	linguistic	_	none	_	_	_	_	_	_
370-2	BOI003	370	370	2	fare	fare	_	_	_	_	_	linguistic	_	none	_	_	_	_	_	_
370-3	BOI003	370	370	3	di	di	_	_	_	_	_	linguistic	_	none	_	_	_	_	_	_
370-4	BOI003	370	370	4	più	più	_	_	_	_	_	linguistic	_	none	_	End=1063.1	_	_	_	_
371-0	BOI003	371	371	0	però:	però	_	_	_	_	_	linguistic	_	none	_	Begin=1063.18	3x1	_	_	_
371-1	BOI003	371	371	1	mh	mh	_	_	_	_	_	linguistic	_	none	_	_	_	_	_	_
371-2	BOI003	371	371	2	sì	sì	_	_	_	_	_	linguistic	_	none	_	_	_	_	_	_
371-3	BOI003	371	371	3	mh	mh	_	_	_	_	_	linguistic	_	none	_	_	_	_	_	_
371-4	BOI003	371	371	4	secondo	secondo	_	_	_	_	_	linguistic	_	none	_	_	_	_	_	_
371-5	BOI003	371	371	5	me:	me	_	_	_	_	_	linguistic	_	none	_	_	1x1	_	_	_
371-6	BOI003	371	371	6	questa	questa	_	_	_	_	_	linguistic	_	none	_	_	_	_	_	_
371-7	BOI003	371	371	7	zona	zona	_	_	_	_	_	linguistic	_	none	_	_	_	_	_	_
371-8	BOI003	371	371	8	in	in	_	_	_	_	_	linguistic	_	none	_	_	_	_	_	_
371-9	BOI003	371	371	9	particolare	particolare	_	_	_	_	_	linguistic	_	none	_	_	_	_	_	_
371-10	BOI003	371	371	10	è	è	_	_	_	_	_	linguistic	_	none	_	_	_	_	_	_
371-11	BOI003	371	371	11	una	una	_	_	_	_	_	linguistic	_	none	_	_	_	_	_	_
371-12	BOI003	371	371	12	zona	zona	_	_	_	_	_	linguistic	_	none	_	_	_	_	_	_
371-13	BOI003	371	371	13	anche	anche	_	_	_	_	_	linguistic	_	none	_	_	_	_	_	_
371-14	BOI003	371	371	14	molto	molto	_	_	_	_	_	linguistic	_	none	_	_	_	_	_	_
371-15	BOI003	371	371	15	verde:	verde	_	_	_	_	_	linguistic	_	none	_	End=1070.032	4x1	_	_	_
372-0	BOI003	372	372	0	e::hm	ehm	_	_	_	_	_	linguistic	_	none	_	Begin=1070.366|End=1071.779	0x2	_	_	_
373-0	BOI003	373	373	0	e	e	_	_	_	_	_	linguistic	_	none	_	Begin=1072.066	_	_	_	_
373-1	BOI003	373	373	1	son	son	_	_	_	_	_	linguistic	_	none	_	_	_	_	_	_
373-2	BOI003	373	373	2	contenta	contenta	_	_	_	_	_	linguistic	_	none	_	_	_	_	_	_
373-3	BOI003	373	373	3	ecco	ecco	_	_	_	_	_	linguistic	_	none	_	_	_	_	_	_
373-4	BOI003	373	373	4	di	di	_	_	_	_	_	linguistic	_	none	_	_	_	_	_	_
373-5	BOI003	373	373	5	questo:	questo	_	_	_	_	_	linguistic	_	none	_	End=1074.314	5x1	_	_	_
374-0	BOI003	374	374	0	PERO	pero	_	_	_	_	_	linguistic	_	none	Volume=high	Begin=1074.38	_	_	_	_
374-1	BOI003	374	374	1	penso	penso	_	_	_	_	_	linguistic	_	none	_	_	_	_	_	_
374-2	BOI003	374	374	2	che	che	_	_	_	_	_	linguistic	_	none	_	_	_	_	_	_
374-3	BOI003	374	374	3	ci	ci	_	_	_	_	_	linguistic	_	none	_	_	_	_	_	_
374-4	BOI003	374	374	4	sono	sono	_	_	_	_	_	linguistic	_	none	_	_	_	_	_	_
374-5	BOI003	374	374	5	delle	delle	_	_	_	_	_	linguistic	_	none	_	_	_	_	_	_
374-6	BOI003	374	374	6	zone	zone	_	_	_	_	_	linguistic	_	none	_	_	_	_	_	_
374-7	BOI003	374	374	7	di	di	_	_	_	_	_	linguistic	_	none	_	_	_	_	_	_
374-8	BOI003	374	374	8	bologna	bologna	_	_	_	_	_	linguistic	_	none	_	_	_	_	_	_
374-9	BOI003	374	374	9	invece:	invece	_	_	_	_	_	linguistic	_	none	_	End=1077.664	5x1	_	_	_
375-0	BOI003	375	375	0	eh	eh	_	_	_	_	_	linguistic	_	none	_	Begin=1077.885	_	_	_	_
375-1	BOI003	375	375	1	forse	forse	_	_	_	_	_	linguistic	_	none	_	_	_	_	_	_
375-2	BOI003	375	375	2	anche	anche	_	_	_	_	_	linguistic	_	none	_	_	_	_	_	_
375-3	BOI003	375	375	3	più	più	_	_	_	_	_	linguistic	_	none	_	_	_	_	_	_
375-4	BOI003	375	375	4	alla	alla	_	_	_	_	_	linguistic	_	none	_	_	_	_	_	_
375-5	BOI003	375	375	5	periferia	periferia	_	_	_	_	_	linguistic	_	none	_	_	_	_	_	_
375-6	BOI003	375	375	6	così	così	_	_	_	_	_	linguistic	_	none	_	_	_	_	_	_
375-7	BOI003	375	375	7	dove:	dove	_	_	_	_	_	linguistic	_	none	_	_	3x1	_	_	_
375-8	BOI003	375	375	8	il	il	_	_	_	_	_	linguistic	_	none	_	_	_	_	_	_
375-9	BOI003	375	375	9	verde	verde	_	_	_	_	_	linguistic	_	none	_	_	_	_	_	_
375-10	BOI003	375	375	10	un	un	_	_	_	_	_	linguistic	_	none	_	_	_	_	_	_
375-11	BOI003	375	375	11	po'	po'	_	_	_	_	_	linguistic	_	none	_	_	_	_	_	_
375-12	BOI003	375	375	12	manca	manca	_	_	_	_	_	linguistic	_	none	_	_	_	_	_	_
375-13	BOI003	375	375	13	e:	e	_	_	_	_	_	linguistic	_	none	_	_	0x1	_	_	_
375-14	BOI003	375	375	14	si	si	_	_	_	_	_	linguistic	_	none	_	_	_	_	_	_
375-15	BOI003	375	375	15	potrebbe	potrebbe	_	_	_	_	_	linguistic	_	none	_	_	_	_	_	_
375-16	BOI003	375	375	16	fare	fare	_	_	_	_	_	linguistic	_	none	_	_	_	_	_	_
375-17	BOI003	375	375	17	di	di	_	_	_	_	_	linguistic	_	none	_	_	_	_	_	_
375-18	BOI003	375	375	18	più	più	_	_	_	_	_	linguistic	_	none	_	_	_	_	_	_
375-19	BOI003	375	375	19	[ecco]	ecco	_	_	_	_	_	linguistic	_	none	_	End=1084.2	_	_	_	0-4(85)
376-0	BOR001	376	376	0	[oka]y	okay	_	_	_	_	_	linguistic	_	none	_	Begin=1083.96	_	_	_	0-3(85)
376-1	BOR001	376	376	1	e	e	_	_	_	_	_	linguistic	_	none	_	_	_	_	_	_
376-2	BOR001	376	376	2	di	di	_	_	_	_	_	linguistic	_	none	_	_	_	_	_	_
376-3	BOR001	376	376	3	questa	questa	_	_	_	_	_	linguistic	_	none	_	_	_	_	_	_
376-4	BOR001	376	376	4	zona	zona	_	_	_	_	_	linguistic	_	none	_	_	_	_	_	_
376-5	BOR001	376	376	5	qual	qual	_	_	_	_	_	linguistic	_	none	_	_	_	_	_	_
376-6	BOR001	376	376	6	è	è	_	_	_	_	_	linguistic	_	none	_	End=1085.814	_	_	_	_
377-0	BOR001	377	377	0	la	la	_	_	_	_	_	linguistic	_	none	_	Begin=1086.24	_	_	_	_
377-1	BOR001	377	377	1	cosa	cosa	_	_	_	_	_	linguistic	_	none	_	_	_	_	_	_
377-2	BOR001	377	377	2	a	a	_	_	_	_	_	linguistic	_	none	_	_	_	_	_	_
377-3	BOR001	377	377	3	cui	cui	_	_	_	_	_	linguistic	_	none	_	_	_	_	_	_
377-4	BOR001	377	377	4	sei	sei	_	_	_	_	_	linguistic	_	none	_	_	_	_	_	_
377-5	BOR001	377	377	5	magari	magari	_	_	_	_	_	linguistic	_	none	_	_	_	_	_	_
377-6	BOR001	377	377	6	legata	legata	_	_	_	_	_	linguistic	_	none	_	_	_	_	_	_
377-7	BOR001	377	377	7	di	di	_	_	_	_	_	linguistic	_	none	_	_	_	_	_	_
377-8	BOR001	377	377	8	più	più	_	_	_	_	_	linguistic	_	none	_	End=1088.567	_	_	_	_
378-0	BOI003	378	378	0	BEH	beh	_	_	_	_	_	linguistic	_	none	Volume=high	Begin=1089.375	_	_	_	_
378-1	BOI003	378	378	1	mi	mi	_	_	_	_	_	linguistic	_	none	_	_	_	_	_	_
378-2	BOI003	378	378	2	piace	piace	_	_	_	_	_	linguistic	_	none	_	_	_	_	_	_
378-3	BOI003	378	378	3	tantissimo	tantissimo	_	_	_	_	_	linguistic	_	none	_	_	_	_	_	_
378-4	BOI003	378	378	4	villa	villa	_	_	_	_	_	linguistic	_	none	_	_	_	_	_	_
378-5	BOI003	378	378	5	spada,	spada	_	_	_	_	_	linguistic	_	none	Intonation=WeaklyRising	_	_	_	_	_
378-6	BOI003	378	378	6	e:	e	_	_	_	_	_	linguistic	_	none	_	End=1092.232	0x1	_	_	_
379-0	BOI003	379	379	0	c(io)é	cioé	_	_	_	_	_	linguistic	_	none	Reduced=Yes	Begin=1092.26	_	_	_	_
379-1	BOI003	379	379	1	come	come	_	_	_	_	_	linguistic	_	none	_	_	_	_	_	_
379-2	BOI003	379	379	2	verde	verde	_	_	_	_	_	linguistic	_	none	_	_	_	_	_	_
379-3	BOI003	379	379	3	tu	tu	_	_	_	_	_	linguistic	_	none	_	_	_	_	_	_
379-4	BOI003	379	379	4	dici	dici	_	_	_	_	_	linguistic	_	none	_	_	_	_	_	_
379-5	BOI003	379	379	5	[xxx	xxx	_	_	_	_	_	unknown	_	none	Syllables=3	_	_	_	_	0-3(86)
379-6	BOI003	379	379	6	spada	spada	_	_	_	_	_	linguistic	_	none	_	_	_	_	_	0-5(86)
379-7	BOI003	379	379	7	>esatto<]	esatto	_	_	_	_	_	linguistic	_	none	_	End=1096.114	_	Fast=0-6(0)	_	0-6(86)
380-0	BOR001	380	380	0	[e:h	eh	_	_	_	_	_	linguistic	_	none	_	Begin=1094.094	0x1	_	_	0-2(86)
380-1	BOR001	380	380	1	sì	sì	_	_	_	_	_	linguistic	_	none	_	_	_	_	_	0-2(86)
380-2	BOR001	380	380	2	beh	beh	_	_	_	_	_	linguistic	_	none	_	_	_	_	_	0-3(86)
380-3	BOR001	380	380	3	in	in	_	_	_	_	_	linguistic	_	none	_	_	_	_	_	0-2(86)
380-4	BOR001	380	380	4	generale	generale	_	_	_	_	_	linguistic	_	none	_	_	_	_	_	0-8(86)
380-5	BOR001	380	380	5	nel	nel	_	_	_	_	_	linguistic	_	none	_	_	_	_	_	0-3(86)
380-6	BOR001	380	380	6	s~]	s~	_	_	_	_	_	linguistic	_	none	Interrupted=Yes	End=1096.12	_	_	_	0-2(86)
381-0	BOI003	381	381	0	e	e	_	_	_	_	_	linguistic	_	none	_	Begin=1096.14	_	_	_	_
381-1	BOI003	381	381	1	poi	poi	_	_	_	_	_	linguistic	_	none	_	_	_	_	_	_
381-2	BOI003	381	381	2	s[an	san	_	_	_	_	_	linguistic	_	none	_	_	_	_	_	1-3(87)
381-3	BOI003	381	381	3	luca]	luca	_	_	_	_	_	linguistic	_	none	_	_	_	_	_	0-4(87)
381-4	BOI003	381	381	4	>ecco<	ecco	_	_	_	_	_	linguistic	_	none	_	_	_	Fast=0-4(0)	_	_
381-5	BOI003	381	381	5	queste	queste	_	_	_	_	_	linguistic	_	none	_	_	_	_	_	_
381-6	BOI003	381	381	6	sono	sono	_	_	_	_	_	linguistic	_	none	_	End=1098.06	_	_	_	_
382-0	BOR001	382	382	0	[a	a	_	_	_	_	_	linguistic	_	none	_	Begin=1096.634	_	_	_	0-1(87)
382-1	BOR001	382	382	1	s~]	s~	_	_	_	_	_	linguistic	_	none	Interrupted=Yes	End=1097.067	_	_	_	0-2(87)
383-0	BOI003	383	383	0	le	le	_	_	_	_	_	linguistic	_	none	_	Begin=1098.354	_	_	_	_
383-1	BOI003	383	383	1	zone:	zone	_	_	_	_	_	linguistic	_	none	_	_	3x1	_	_	_
383-2	BOI003	383	383	2	che	che	_	_	_	_	_	linguistic	_	none	_	_	_	_	_	_
383-3	BOI003	383	383	3	mi	mi	_	_	_	_	_	linguistic	_	none	_	_	_	_	_	_
383-4	BOI003	383	383	4	piacciono	piacciono	_	_	_	_	_	linguistic	_	none	_	_	_	_	_	_
383-5	BOI003	383	383	5	di	di	_	_	_	_	_	linguistic	_	none	_	_	_	_	_	_
383-6	BOI003	383	383	6	più:	più	_	_	_	_	_	linguistic	_	none	_	_	2x1	_	_	_
383-7	BOI003	383	383	7	[xx]	xx	_	_	_	_	_	unknown	_	none	Syllables=2	End=1101.28	_	_	_	0-2(88)
384-0	BOR001	384	384	0	[ci	ci	_	_	_	_	_	linguistic	_	none	_	Begin=1100.467	_	_	_	0-2(88)
384-1	BOR001	384	384	1	vai	vai	_	_	_	_	_	linguistic	_	none	_	_	_	_	_	0-3(88)
384-2	BOR001	384	384	2	spesso]	spesso	_	_	_	_	_	linguistic	_	none	_	End=1101.274	_	_	_	0-6(88)
385-0	BOI003	385	385	0	ci	ci	_	_	_	_	_	linguistic	_	none	_	Begin=1101.393	_	_	_	_
385-1	BOI003	385	385	1	vado	vado	_	_	_	_	_	linguistic	_	none	_	_	_	_	_	_
385-2	BOI003	385	385	2	spesso	spesso	_	_	_	_	_	linguistic	_	none	_	_	_	_	_	_
385-3	BOI003	385	385	3	perché	perché	_	_	_	_	_	linguistic	_	none	_	_	_	_	_	_
385-4	BOI003	385	385	4	mh	mh	_	_	_	_	_	linguistic	_	none	_	_	_	_	_	_
385-5	BOI003	385	385	5	proprio	proprio	_	_	_	_	_	linguistic	_	none	_	_	_	_	_	_
385-6	BOI003	385	385	6	mh	mh	_	_	_	_	_	linguistic	_	none	_	End=1104.362	_	_	_	_
386-0	BOI003	386	386	0	mi	mi	_	_	_	_	_	linguistic	_	none	_	Begin=1104.653	_	_	_	_
386-1	BOI003	386	386	1	piace	piace	_	_	_	_	_	linguistic	_	none	_	_	_	_	_	_
386-2	BOI003	386	386	2	il	il	_	_	_	_	_	linguistic	_	none	_	_	_	_	_	_
386-3	BOI003	386	386	3	fatto	fatto	_	_	_	_	_	linguistic	_	none	_	_	_	_	_	_
386-4	BOI003	386	386	4	che	che	_	_	_	_	_	linguistic	_	none	_	End=1106.474	_	_	_	_
387-0	BOI003	387	387	0	facendo	facendo	_	_	_	_	_	linguistic	_	none	_	Begin=1106.814	_	_	_	_
387-1	BOI003	387	387	1	anche	anche	_	_	_	_	_	linguistic	_	none	_	_	_	_	_	_
387-2	BOI003	387	387	2	soltanto	soltanto	_	_	_	_	_	linguistic	_	none	_	_	_	_	_	_
387-3	BOI003	387	387	3	pochi	pochi	_	_	_	_	_	linguistic	_	none	_	_	_	_	_	_
387-4	BOI003	387	387	4	minuti	minuti	_	_	_	_	_	linguistic	_	none	_	_	_	_	_	_
387-5	BOI003	387	387	5	di	di	_	_	_	_	_	linguistic	_	none	_	_	_	_	_	_
387-6	BOI003	387	387	6	passeggiata	passeggiata	_	_	_	_	_	linguistic	_	none	_	_	_	_	_	_
387-7	BOI003	387	387	7	cambi	cambi	_	_	_	_	_	linguistic	_	none	_	_	_	_	_	_
387-8	BOI003	387	387	8	completamente	completamente	_	_	_	_	_	linguistic	_	none	_	End=1111.311	_	_	_	_
388-0	BOI003	388	388	0	eh	eh	_	_	_	_	_	linguistic	_	none	_	Begin=1111.585	_	_	_	_
388-1	BOI003	388	388	1	l'	l'	_	_	_	_	_	linguistic	_	none	SpaceAfter=No	_	_	_	_	_
388-2	BOI003	388	388	2	orizzonte	orizzonte	_	_	_	_	_	linguistic	_	none	_	_	_	_	_	_
388-3	BOI003	388	388	3	insomma	insomma	_	_	_	_	_	linguistic	_	none	_	_	_	_	_	_
388-4	BOI003	388	388	4	del	del	_	_	_	_	_	linguistic	_	none	_	_	_	_	_	_
388-5	BOI003	388	388	5	tuo	tuo	_	_	_	_	_	linguistic	_	none	_	_	_	_	_	_
388-6	BOI003	388	388	6	panorama	panorama	_	_	_	_	_	linguistic	_	none	_	_	_	_	_	_
388-7	BOI003	388	388	7	che	che	_	_	_	_	_	linguistic	_	none	_	_	_	_	_	_
388-8	BOI003	388	388	8	vedi	vedi	_	_	_	_	_	linguistic	_	none	_	_	_	_	_	_
388-9	BOI003	388	388	9	atto:rno	attorno	_	_	_	_	_	linguistic	_	none	_	End=1115.375	3x1	_	_	_
389-0	BOI003	389	389	0	eh	eh	_	_	_	_	_	linguistic	_	none	_	Begin=1115.585	_	_	_	_
389-1	BOI003	389	389	1	ti	ti	_	_	_	_	_	linguistic	_	none	_	_	_	_	_	_
389-2	BOI003	389	389	2	s~	s~	_	_	_	_	_	linguistic	_	none	Interrupted=Yes	_	_	_	_	_
389-3	BOI003	389	389	3	ti	ti	_	_	_	_	_	linguistic	_	none	_	_	_	_	_	_
389-4	BOI003	389	389	4	sembra	sembra	_	_	_	_	_	linguistic	_	none	_	_	_	_	_	_
389-5	BOI003	389	389	5	un	un	_	_	_	_	_	linguistic	_	none	_	_	_	_	_	_
389-6	BOI003	389	389	6	po'	po'	_	_	_	_	_	linguistic	_	none	_	_	_	_	_	_
389-7	BOI003	389	389	7	di	di	_	_	_	_	_	linguistic	_	none	_	_	_	_	_	_
389-8	BOI003	389	389	8	usci:re	uscire	_	_	_	_	_	linguistic	_	none	_	_	3x1	_	_	_
389-9	BOI003	389	389	9	diciamo	diciamo	_	_	_	_	_	linguistic	_	none	_	_	_	_	_	_
389-10	BOI003	389	389	10	dal	dal	_	_	_	_	_	linguistic	_	none	_	End=1118.86	_	_	_	_
390-0	BOI003	390	390	0	dalla	dalla	_	_	_	_	_	linguistic	_	none	_	Begin=1119.427	_	_	_	_
390-1	BOI003	390	390	1	città	città	_	_	_	_	_	linguistic	_	none	_	_	_	_	_	_
390-2	BOI003	390	390	2	insomma	insomma	_	_	_	_	_	linguistic	_	none	_	_	_	_	_	_
390-3	BOI003	390	390	3	così	così	_	_	_	_	_	linguistic	_	none	_	_	_	_	_	_
390-4	BOI003	390	390	4	perché	perché	_	_	_	_	_	linguistic	_	none	_	_	_	_	_	_
390-5	BOI003	390	390	5	vedi	vedi	_	_	_	_	_	linguistic	_	none	_	_	_	_	_	_
390-6	BOI003	390	390	6	degli	degli	_	_	_	_	_	linguistic	_	none	_	_	_	_	_	_
390-7	BOI003	390	390	7	spazi	spazi	_	_	_	_	_	linguistic	_	none	_	_	_	_	_	_
390-8	BOI003	390	390	8	ape:rti,	aperti	_	_	_	_	_	linguistic	_	none	Intonation=WeaklyRising	End=1123.318	2x1	_	_	_
391-0	BOI003	391	391	0	eh	eh	_	_	_	_	_	linguistic	_	none	_	Begin=1123.875	_	_	_	_
391-1	BOI003	391	391	1	appunto	appunto	_	_	_	_	_	linguistic	_	none	_	_	_	_	_	_
391-2	BOI003	391	391	2	vedi	vedi	_	_	_	_	_	linguistic	_	none	_	_	_	_	_	_
391-3	BOI003	391	391	3	molto	molto	_	_	_	_	_	linguistic	_	none	_	_	_	_	_	_
391-4	BOI003	391	391	4	ve:rde	verde	_	_	_	_	_	linguistic	_	none	_	_	1x1	_	_	_
391-5	BOI003	391	391	5	poi	poi	_	_	_	_	_	linguistic	_	none	_	End=1126.603	_	_	_	_
392-0	BOI003	392	392	0	mi	mi	_	_	_	_	_	linguistic	_	none	_	Begin=1126.657	_	_	_	_
392-1	BOI003	392	392	1	piace	piace	_	_	_	_	_	linguistic	_	none	_	_	_	_	_	_
392-2	BOI003	392	392	2	anche	anche	_	_	_	_	_	linguistic	_	none	_	_	_	_	_	_
392-3	BOI003	392	392	3	il	il	_	_	_	_	_	linguistic	_	none	_	_	_	_	_	_
392-4	BOI003	392	392	4	fatto	fatto	_	_	_	_	_	linguistic	_	none	_	_	_	_	_	_
392-5	BOI003	392	392	5	di	di	_	_	_	_	_	linguistic	_	none	_	_	_	_	_	_
392-6	BOI003	392	392	6	san	san	_	_	_	_	_	linguistic	_	none	_	_	_	_	_	_
392-7	BOI003	392	392	7	luca	luca	_	_	_	_	_	linguistic	_	none	_	_	_	_	_	_
392-8	BOI003	392	392	8	di	di	_	_	_	_	_	linguistic	_	none	_	End=1129.03	_	_	_	_
393-0	BOI003	393	393	0	di	di	_	_	_	_	_	linguistic	_	none	_	Begin=1129.185	_	_	_	_
393-1	BOI003	393	393	1	camminare	camminare	_	_	_	_	_	linguistic	_	none	_	_	_	_	_	_
393-2	BOI003	393	393	2	sotto	sotto	_	_	_	_	_	linguistic	_	none	_	_	_	_	_	_
393-3	BOI003	393	393	3	questi	questi	_	_	_	_	_	linguistic	_	none	_	_	_	_	_	_
393-4	BOI003	393	393	4	portici	portici	_	_	_	_	_	linguistic	_	none	_	_	_	_	_	_
393-5	BOI003	393	393	5	e	e	_	_	_	_	_	linguistic	_	none	_	_	_	_	_	_
393-6	BOI003	393	393	6	pensare	pensare	_	_	_	_	_	linguistic	_	none	_	_	_	_	_	_
393-7	BOI003	393	393	7	che	che	_	_	_	_	_	linguistic	_	none	_	_	_	_	_	_
393-8	BOI003	393	393	8	per	per	_	_	_	_	_	linguistic	_	none	_	_	_	_	_	_
393-9	BOI003	393	393	9	eh	eh	_	_	_	_	_	linguistic	_	none	_	_	_	_	_	_
393-10	BOI003	393	393	10	per	per	_	_	_	_	_	linguistic	_	none	_	_	_	_	_	_
393-11	BOI003	393	393	11	secoli	secoli	_	_	_	_	_	linguistic	_	none	_	_	_	_	_	_
393-12	BOI003	393	393	12	tanti	tanti	_	_	_	_	_	linguistic	_	none	_	_	_	_	_	_
393-13	BOI003	393	393	13	secoli	secoli	_	_	_	_	_	linguistic	_	none	_	_	_	_	_	_
393-14	BOI003	393	393	14	la	la	_	_	_	_	_	linguistic	_	none	_	_	_	_	_	_
393-15	BOI003	393	393	15	gente	gente	_	_	_	_	_	linguistic	_	none	_	_	_	_	_	_
393-16	BOI003	393	393	16	ha	ha	_	_	_	_	_	linguistic	_	none	_	_	_	_	_	_
393-17	BOI003	393	393	17	camminato	camminato	_	_	_	_	_	linguistic	_	none	_	_	_	_	_	_
393-18	BOI003	393	393	18	[>inso[mma<	insomma	_	_	_	_	_	linguistic	_	none	_	_	_	Fast=0-7(0)	_	_
393-19	BOI003	393	393	19	ques]ti	questi	_	_	_	_	_	linguistic	_	none	_	_	_	_	_	_
393-20	BOI003	393	393	20	spazi	spazi	_	_	_	_	_	linguistic	_	none	_	_	_	_	_	_
393-21	BOI003	393	393	21	la	la	_	_	_	_	_	linguistic	_	none	_	_	_	_	_	_
393-22	BOI003	393	393	22	storia	storia	_	_	_	_	_	linguistic	_	none	_	_	_	_	_	_
393-23	BOI003	393	393	23	che	che	_	_	_	_	_	linguistic	_	none	_	_	_	_	_	_
393-24	BOI003	393	393	24	c'	c'	_	_	_	_	_	linguistic	_	none	SpaceAfter=No	_	_	_	_	_
393-25	BOI003	393	393	25	è	è	_	_	_	_	_	linguistic	_	none	_	_	_	_	_	_
393-26	BOI003	393	393	26	dietro	dietro	_	_	_	_	_	linguistic	_	none	_	End=1139.247	_	_	_	_
394-0	BOR001	394	394	0	[mh]	mh	_	_	_	_	_	linguistic	_	none	_	Begin=1136.194|End=1136.672	_	_	_	0-2(89)
395-0	BOI003	395	395	0	e	e	_	_	_	_	_	linguistic	_	none	_	Begin=1139.66	_	_	_	_
395-1	BOI003	395	395	1	poi	poi	_	_	_	_	_	linguistic	_	none	_	_	_	_	_	_
395-2	BOI003	395	395	2	anche	anche	_	_	_	_	_	linguistic	_	none	_	_	_	_	_	_
395-3	BOI003	395	395	3	l'	l'	_	_	_	_	_	linguistic	_	none	SpaceAfter=No	_	_	_	_	_
395-4	BOI003	395	395	4	aspetto	aspetto	_	_	_	_	_	linguistic	_	none	_	_	_	_	_	_
395-5	BOI003	395	395	5	anche	anche	_	_	_	_	_	linguistic	_	none	_	_	_	_	_	_
395-6	BOI003	395	395	6	un	un	_	_	_	_	_	linguistic	_	none	_	_	_	_	_	_
395-7	BOI003	395	395	7	po'	po'	_	_	_	_	_	linguistic	_	none	_	_	_	_	_	_
395-8	BOI003	395	395	8	mistico	mistico	_	_	_	_	_	linguistic	_	none	_	_	_	_	_	_
395-9	BOI003	395	395	9	diciamo	diciamo	_	_	_	_	_	linguistic	_	none	_	_	_	_	_	_
395-10	BOI003	395	395	10	perché	perché	_	_	_	_	_	linguistic	_	none	_	_	_	_	_	_
395-11	BOI003	395	395	11	comunque	comunque	_	_	_	_	_	linguistic	_	none	_	End=1143.447	_	_	_	_
396-0	BOI003	396	396	0	fare	fare	_	_	_	_	_	linguistic	_	none	_	Begin=1143.587	_	_	_	_
396-1	BOI003	396	396	1	queste	queste	_	_	_	_	_	linguistic	_	none	_	_	_	_	_	_
396-2	BOI003	396	396	2	passeggiate	passeggiate	_	_	_	_	_	linguistic	_	none	_	_	_	_	_	_
396-3	BOI003	396	396	3	a	a	_	_	_	_	_	linguistic	_	none	_	_	_	_	_	_
396-4	BOI003	396	396	4	san	san	_	_	_	_	_	linguistic	_	none	_	_	_	_	_	_
396-5	BOI003	396	396	5	luca	luca	_	_	_	_	_	linguistic	_	none	_	_	_	_	_	_
396-6	BOI003	396	396	6	appunto	appunto	_	_	_	_	_	linguistic	_	none	_	_	_	_	_	_
396-7	BOI003	396	396	7	s~	s~	_	_	_	_	_	linguistic	_	none	Interrupted=Yes	_	_	_	_	_
396-8	BOI003	396	396	8	eh	eh	_	_	_	_	_	linguistic	_	none	_	_	_	_	_	_
396-9	BOI003	396	396	9	è	è	_	_	_	_	_	linguistic	_	none	_	_	_	_	_	_
396-10	BOI003	396	396	10	stato	stato	_	_	_	_	_	linguistic	_	none	_	_	_	_	_	_
396-11	BOI003	396	396	11	fatto	fatto	_	_	_	_	_	linguistic	_	none	_	_	_	_	_	_
396-12	BOI003	396	396	12	per	per	_	_	_	_	_	linguistic	_	none	_	_	_	_	_	_
396-13	BOI003	396	396	13	tante	tante	_	_	_	_	_	linguistic	_	none	_	_	_	_	_	_
396-14	BOI003	396	396	14	persone	persone	_	_	_	_	_	linguistic	_	none	_	_	_	_	_	_
396-15	BOI003	396	396	15	anche	anche	_	_	_	_	_	linguistic	_	none	_	_	_	_	_	_
396-16	BOI003	396	396	16	per	per	_	_	_	_	_	linguistic	_	none	_	End=1149.212	_	_	_	_
397-0	BOI003	397	397	0	e:hm	ehm	_	_	_	_	_	linguistic	_	none	_	Begin=1149.494	0x1	_	_	_
397-1	BOI003	397	397	1	per	per	_	_	_	_	_	linguistic	_	none	_	_	_	_	_	_
397-2	BOI003	397	397	2	chiedere	chiedere	_	_	_	_	_	linguistic	_	none	_	_	_	_	_	_
397-3	BOI003	397	397	3	insomma:	insomma	_	_	_	_	_	linguistic	_	none	_	End=1152.352	6x1	_	_	_
398-0	BOI003	398	398	0	delle	delle	_	_	_	_	_	linguistic	_	none	_	Begin=1152.474	_	_	_	_
398-1	BOI003	398	398	1	gr[az]ie	grazie	_	_	_	_	_	linguistic	_	none	_	_	_	_	_	2-4(90)
398-2	BOI003	398	398	2	insomma	insomma	_	_	_	_	_	linguistic	_	none	_	_	_	_	_	_
398-3	BOI003	398	398	3	eh	eh	_	_	_	_	_	linguistic	_	none	_	_	_	_	_	_
398-4	BOI003	398	398	4	così	così	_	_	_	_	_	linguistic	_	none	_	_	_	_	_	_
398-5	BOI003	398	398	5	e	e	_	_	_	_	_	linguistic	_	none	_	_	_	_	_	_
398-6	BOI003	398	398	6	quindi:	quindi	_	_	_	_	_	linguistic	_	none	_	End=1156.264	5x1	_	_	_
399-0	BOR001	399	399	0	[sì]	sì	_	_	_	_	_	linguistic	_	none	_	Begin=1153.003|End=1153.488	_	_	_	0-2(90)
400-0	BOI003	400	400	0	non	non	_	_	_	_	_	linguistic	_	none	_	Begin=1156.394	_	_	_	_
400-1	BOI003	400	400	1	lo	lo	_	_	_	_	_	linguistic	_	none	_	_	_	_	_	_
400-2	BOI003	400	400	2	so	so	_	_	_	_	_	linguistic	_	none	_	_	_	_	_	_
400-3	BOI003	400	400	3	mi	mi	_	_	_	_	_	linguistic	_	none	_	_	_	_	_	_
400-4	BOI003	400	400	4	piace	piace	_	_	_	_	_	linguistic	_	none	_	_	_	_	_	_
400-5	BOI003	400	400	5	molto	molto	_	_	_	_	_	linguistic	_	none	_	_	_	_	_	_
400-6	BOI003	400	400	6	[ecco]	ecco	_	_	_	_	_	linguistic	_	none	_	_	_	_	_	0-4(91)
400-7	BOI003	400	400	7	°sono	sono	_	_	_	_	_	linguistic	_	none	Volume=low	_	_	_	_	_
400-8	BOI003	400	400	8	molto	molto	_	_	_	_	_	linguistic	_	none	Volume=low	_	_	_	_	_
400-9	BOI003	400	400	9	legata	legata	_	_	_	_	_	linguistic	_	none	Volume=low	_	_	_	_	_
400-10	BOI003	400	400	10	a	a	_	_	_	_	_	linguistic	_	none	Volume=low	_	_	_	_	_
400-11	BOI003	400	400	11	queste:°	queste	_	_	_	_	_	linguistic	_	none	Volume=low	End=1160.516	5x1	_	_	_
401-0	BOR001	401	401	0	[mhmh]	mhmh	_	_	_	_	_	linguistic	_	none	_	Begin=1158.257|End=1158.729	_	_	_	0-4(91)
402-0	BOI003	402	402	0	°a	a	_	_	_	_	_	linguistic	_	none	Volume=low	Begin=1160.885	_	_	_	_
402-1	BOI003	402	402	1	queste	queste	_	_	_	_	_	linguistic	_	none	Volume=low	_	_	_	_	_
402-2	BOI003	402	402	2	zone	zone	_	_	_	_	_	linguistic	_	none	Volume=low	_	_	_	_	_
402-3	BOI003	402	402	3	[ecco]°	ecco	_	_	_	_	_	linguistic	_	none	Volume=low	End=1162.379	_	_	_	0-4(92)
403-0	BOR001	403	403	0	[e]	e	_	_	_	_	_	linguistic	_	none	_	Begin=1161.83	_	_	_	0-1(92)
403-1	BOR001	403	403	1	e	e	_	_	_	_	_	linguistic	_	none	_	_	_	_	_	_
403-2	BOR001	403	403	2	per	per	_	_	_	_	_	linguistic	_	none	_	_	_	_	_	_
403-3	BOR001	403	403	3	caso	caso	_	_	_	_	_	linguistic	_	none	_	_	_	_	_	_
403-4	BOR001	403	403	4	ti	ti	_	_	_	_	_	linguistic	_	none	_	_	_	_	_	_
403-5	BOR001	403	403	5	ricordi	ricordi	_	_	_	_	_	linguistic	_	none	_	_	_	_	_	_
403-6	BOR001	403	403	6	la	la	_	_	_	_	_	linguistic	_	none	_	_	_	_	_	_
403-7	BOR001	403	403	7	prima	prima	_	_	_	_	_	linguistic	_	none	_	_	_	_	_	_
403-8	BOR001	403	403	8	volta	volta	_	_	_	_	_	linguistic	_	none	_	_	_	_	_	_
403-9	BOR001	403	403	9	in	in	_	_	_	_	_	linguistic	_	none	_	_	_	_	_	_
403-10	BOR001	403	403	10	assoluto	assoluto	_	_	_	_	_	linguistic	_	none	_	_	_	_	_	_
403-11	BOR001	403	403	11	che	che	_	_	_	_	_	linguistic	_	none	_	_	_	_	_	_
403-12	BOR001	403	403	12	sei	sei	_	_	_	_	_	linguistic	_	none	_	_	_	_	_	_
403-13	BOR001	403	403	13	salita	salita	_	_	_	_	_	linguistic	_	none	_	_	_	_	_	_
403-14	BOR001	403	403	14	a	a	_	_	_	_	_	linguistic	_	none	_	_	_	_	_	_
403-15	BOR001	403	403	15	san	san	_	_	_	_	_	linguistic	_	none	_	_	_	_	_	_
403-16	BOR001	403	403	16	luca	luca	_	_	_	_	_	linguistic	_	none	_	End=1165.994	_	_	_	_
404-0	BOI003	404	404	0	allora	allora	_	_	_	_	_	linguistic	_	none	_	Begin=1166.285	_	_	_	_
404-1	BOI003	404	404	1	ho	ho	_	_	_	_	_	linguistic	_	none	_	_	_	_	_	_
404-2	BOI003	404	404	2	dei	dei	_	_	_	_	_	linguistic	_	none	_	_	_	_	_	_
404-3	BOI003	404	404	3	ricordi	ricordi	_	_	_	_	_	linguistic	_	none	_	_	_	_	_	_
404-4	BOI003	404	404	4	va:ghi	vaghi	_	_	_	_	_	linguistic	_	none	_	_	1x1	_	_	_
404-5	BOI003	404	404	5	perché	perché	_	_	_	_	_	linguistic	_	none	_	_	_	_	_	_
404-6	BOI003	404	404	6	ero	ero	_	_	_	_	_	linguistic	_	none	_	_	_	_	_	_
404-7	BOI003	404	404	7	piccolina	piccolina	_	_	_	_	_	linguistic	_	none	_	End=1170.009	_	_	_	_
405-0	BOI003	405	405	0	[perché	perché	_	_	_	_	_	linguistic	_	none	_	Begin=1170.039	_	_	_	0-6(93)
405-1	BOI003	405	405	1	ci	ci	_	_	_	_	_	linguistic	_	none	_	_	_	_	_	0-2(93)
405-2	BOI003	405	405	2	sono]	sono	_	_	_	_	_	linguistic	_	none	_	_	_	_	_	0-4(93)
405-3	BOI003	405	405	3	andata	andata	_	_	_	_	_	linguistic	_	none	_	_	_	_	_	_
405-4	BOI003	405	405	4	co:n	con	_	_	_	_	_	linguistic	_	none	_	_	1x1	_	_	_
405-5	BOI003	405	405	5	i	i	_	_	_	_	_	linguistic	_	none	_	_	_	_	_	_
405-6	BOI003	405	405	6	miei	miei	_	_	_	_	_	linguistic	_	none	_	_	_	_	_	_
405-7	BOI003	405	405	7	genito:ri	genitori	_	_	_	_	_	linguistic	_	none	_	End=1172.784	5x1	_	_	_
406-0	BOR001	406	406	0	[m:h]	mh	_	_	_	_	_	linguistic	_	none	_	Begin=1170.047|End=1170.587	0x1	_	_	0-2(93)
407-0	BOI003	407	407	0	e:::hm	ehm	_	_	_	_	_	linguistic	_	none	_	Begin=1173.175|End=1174.334	0x3	_	_	_
408-0	BOI003	408	408	0	non	non	_	_	_	_	_	linguistic	_	none	_	Begin=1174.614	_	_	_	_
408-1	BOI003	408	408	1	ricordo	ricordo	_	_	_	_	_	linguistic	_	none	_	_	_	_	_	_
408-2	BOI003	408	408	2	quanti	quanti	_	_	_	_	_	linguistic	_	none	_	_	_	_	_	_
408-3	BOI003	408	408	3	anni	anni	_	_	_	_	_	linguistic	_	none	_	_	_	_	_	_
408-4	BOI003	408	408	4	avevo	avevo	_	_	_	_	_	linguistic	_	none	_	_	_	_	_	_
408-5	BOI003	408	408	5	ma::	ma	_	_	_	_	_	linguistic	_	none	_	_	1x2	_	_	_
408-6	BOI003	408	408	6	ero	ero	_	_	_	_	_	linguistic	_	none	_	_	_	_	_	_
408-7	BOI003	408	408	7	proprio	proprio	_	_	_	_	_	linguistic	_	none	_	_	_	_	_	_
408-8	BOI003	408	408	8	piccola	piccola	_	_	_	_	_	linguistic	_	none	_	End=1178.666	_	_	_	_
409-0	BOI003	409	409	0	e	e	_	_	_	_	_	linguistic	_	none	_	Begin=1178.794	_	_	_	_
409-1	BOI003	409	409	1	mi	mi	_	_	_	_	_	linguistic	_	none	_	_	_	_	_	_
409-2	BOI003	409	409	2	ricordo	ricordo	_	_	_	_	_	linguistic	_	none	_	_	_	_	_	_
409-3	BOI003	409	409	3	che:	che	_	_	_	_	_	linguistic	_	none	_	_	2x1	_	_	_
409-4	BOI003	409	409	4	mh	mh	_	_	_	_	_	linguistic	_	none	_	_	_	_	_	_
409-5	BOI003	409	409	5	c'	c'	_	_	_	_	_	linguistic	_	none	SpaceAfter=No	_	_	_	_	_
409-6	BOI003	409	409	6	era	era	_	_	_	_	_	linguistic	_	none	_	_	_	_	_	_
409-7	BOI003	409	409	7	una:	una	_	_	_	_	_	linguistic	_	none	_	End=1182.24	2x1	_	_	_
410-0	BOI003	410	410	0	c'	c'	_	_	_	_	_	linguistic	_	none	SpaceAfter=No	Begin=1182.274	_	_	_	_
410-1	BOI003	410	410	1	era	era	_	_	_	_	_	linguistic	_	none	_	_	_	_	_	_
410-2	BOI003	410	410	2	sempre	sempre	_	_	_	_	_	linguistic	_	none	_	_	_	_	_	_
410-3	BOI003	410	410	3	una	una	_	_	_	_	_	linguistic	_	none	_	_	_	_	_	_
410-4	BOI003	410	410	4	<suora>	suora	_	_	_	_	_	linguistic	_	none	_	_	_	Slow=0-5(0)	_	_
410-5	BOI003	410	410	5	in	in	_	_	_	_	_	linguistic	_	none	_	_	_	_	_	_
410-6	BOI003	410	410	6	un	un	_	_	_	_	_	linguistic	_	none	_	_	_	_	_	_
410-7	BOI003	410	410	7	angolino	angolino	_	_	_	_	_	linguistic	_	none	_	_	_	_	_	_
410-8	BOI003	410	410	8	insomma	insomma	_	_	_	_	_	linguistic	_	none	_	_	_	_	_	_
410-9	BOI003	410	410	9	così	così	_	_	_	_	_	linguistic	_	none	_	_	_	_	_	_
410-10	BOI003	410	410	10	della	della	_	_	_	_	_	linguistic	_	none	_	_	_	_	_	_
410-11	BOI003	410	410	11	salita	salita	_	_	_	_	_	linguistic	_	none	_	_	_	_	_	_
410-12	BOI003	410	410	12	di	di	_	_	_	_	_	linguistic	_	none	_	_	_	_	_	_
410-13	BOI003	410	410	13	san	san	_	_	_	_	_	linguistic	_	none	_	_	_	_	_	_
410-14	BOI003	410	410	14	luca	luca	_	_	_	_	_	linguistic	_	none	_	End=1187.414	_	_	_	_
411-0	BOI003	411	411	0	che	che	_	_	_	_	_	linguistic	_	none	_	Begin=1188.06	_	_	_	_
411-1	BOI003	411	411	1	faceva	faceva	_	_	_	_	_	linguistic	_	none	_	End=1188.86	_	_	_	_
412-0	BOI003	412	412	0	estrarre	estrarre	_	_	_	_	_	linguistic	_	none	_	Begin=1189.36	_	_	_	_
412-1	BOI003	412	412	1	dei	dei	_	_	_	_	_	linguistic	_	none	_	_	_	_	_	_
412-2	BOI003	412	412	2	bigliettini	bigliettini	_	_	_	_	_	linguistic	_	none	_	_	_	_	_	_
412-3	BOI003	412	412	3	che	che	_	_	_	_	_	linguistic	_	none	_	_	_	_	_	_
412-4	BOI003	412	412	4	era	era	_	_	_	_	_	linguistic	_	none	_	_	_	_	_	_
412-5	BOI003	412	412	5	tipo:	tipo	_	_	_	_	_	linguistic	_	none	_	End=1192.114	3x1	_	_	_
413-0	BOI003	413	413	0	come	come	_	_	_	_	_	linguistic	_	none	_	Begin=1192.634	_	_	_	_
413-1	BOI003	413	413	1	una	una	_	_	_	_	_	linguistic	_	none	_	_	_	_	_	_
413-2	BOI003	413	413	2	lo~	lo~	_	_	_	_	_	linguistic	_	none	Interrupted=Yes	_	_	_	_	_
413-3	BOI003	413	413	3	lotte[ria	lotteria	_	_	_	_	_	linguistic	_	none	_	_	_	_	_	5-8(94)
413-4	BOI003	413	413	4	insomma	insomma	_	_	_	_	_	linguistic	_	none	_	_	_	_	_	0-7(94)
413-5	BOI003	413	413	5	quella]	quella	_	_	_	_	_	linguistic	_	none	_	_	_	_	_	0-6(94)
413-6	BOI003	413	413	6	cosa	cosa	_	_	_	_	_	linguistic	_	none	_	_	_	_	_	_
413-7	BOI003	413	413	7	dei	dei	_	_	_	_	_	linguistic	_	none	_	_	_	_	_	_
413-8	BOI003	413	413	8	tappi	tappi	_	_	_	_	_	linguistic	_	none	_	End=1197.08	_	_	_	_
414-0	BOR001	414	414	0	[mh	mh	_	_	_	_	_	linguistic	_	none	_	Begin=1194.403	_	_	_	0-2(94)
414-1	BOR001	414	414	1	okay]	okay	_	_	_	_	_	linguistic	_	none	_	End=1195.931	_	_	_	0-4(94)
415-0	BOI003	415	415	0	insomma	insomma	_	_	_	_	_	linguistic	_	none	_	Begin=1197.08	_	_	_	_
415-1	BOI003	415	415	1	così	così	_	_	_	_	_	linguistic	_	none	_	_	_	_	_	_
415-2	BOI003	415	415	2	erano	erano	_	_	_	_	_	linguistic	_	none	_	_	_	_	_	_
415-3	BOI003	415	415	3	tutti	tutti	_	_	_	_	_	linguistic	_	none	_	_	_	_	_	_
415-4	BOI003	415	415	4	eh	eh	_	_	_	_	_	linguistic	_	none	_	_	_	_	_	_
415-5	BOI003	415	415	5	rotolini	rotolini	_	_	_	_	_	linguistic	_	none	_	_	_	_	_	_
415-6	BOI003	415	415	6	di	di	_	_	_	_	_	linguistic	_	none	_	_	_	_	_	_
415-7	BOI003	415	415	7	carta	carta	_	_	_	_	_	linguistic	_	none	_	_	_	_	_	_
415-8	BOI003	415	415	8	arrotola:ti,	arrotolati	_	_	_	_	_	linguistic	_	none	Intonation=WeaklyRising	End=1201.4	7x1	_	_	_
416-0	BOI003	416	416	0	che	che	_	_	_	_	_	linguistic	_	none	_	Begin=1201.527	_	_	_	_
416-1	BOI003	416	416	1	tu	tu	_	_	_	_	_	linguistic	_	none	_	_	_	_	_	_
416-2	BOI003	416	416	2	estraevi	estraevi	_	_	_	_	_	linguistic	_	none	_	_	_	_	_	_
416-3	BOI003	416	416	3	come	come	_	_	_	_	_	linguistic	_	none	_	_	_	_	_	_
416-4	BOI003	416	416	4	[i	i	_	_	_	_	_	linguistic	_	none	_	_	_	_	_	0-1(95)
416-5	BOI003	416	416	5	ta]ppi	tappi	_	_	_	_	_	linguistic	_	none	_	_	_	_	_	0-2(95)
416-6	BOI003	416	416	6	alla:	alla	_	_	_	_	_	linguistic	_	none	_	_	3x1	_	_	_
416-7	BOI003	416	416	7	alla	alla	_	_	_	_	_	linguistic	_	none	_	_	_	_	_	_
416-8	BOI003	416	416	8	fiera	fiera	_	_	_	_	_	linguistic	_	none	_	End=1205.461	_	_	_	_
417-0	BOR001	417	417	0	[mhmh]	mhmh	_	_	_	_	_	linguistic	_	none	_	Begin=1203.085|End=1203.587	_	_	_	0-4(95)
418-0	BOI003	418	418	0	e	e	_	_	_	_	_	linguistic	_	none	_	Begin=1205.674	_	_	_	_
418-1	BOI003	418	418	1	poi	poi	_	_	_	_	_	linguistic	_	none	_	_	_	_	_	_
418-2	BOI003	418	418	2	apri:vi	aprivi	_	_	_	_	_	linguistic	_	none	_	End=1207.394	3x1	_	_	_
419-0	BOI003	419	419	0	e	e	_	_	_	_	_	linguistic	_	none	_	Begin=1207.974	_	_	_	_
419-1	BOI003	419	419	1	ci	ci	_	_	_	_	_	linguistic	_	none	_	_	_	_	_	_
419-2	BOI003	419	419	2	poteva	poteva	_	_	_	_	_	linguistic	_	none	_	_	_	_	_	_
419-3	BOI003	419	419	3	essere	essere	_	_	_	_	_	linguistic	_	none	_	_	_	_	_	_
419-4	BOI003	419	419	4	un	un	_	_	_	_	_	linguistic	_	none	_	_	_	_	_	_
419-5	BOI003	419	419	5	regalo	regalo	_	_	_	_	_	linguistic	_	none	_	_	_	_	_	_
419-6	BOI003	419	419	6	adesso	adesso	_	_	_	_	_	linguistic	_	none	_	_	_	_	_	_
419-7	BOI003	419	419	7	non	non	_	_	_	_	_	linguistic	_	none	_	_	_	_	_	_
419-8	BOI003	419	419	8	mi	mi	_	_	_	_	_	linguistic	_	none	_	_	_	_	_	_
419-9	BOI003	419	419	9	ricordo	ricordo	_	_	_	_	_	linguistic	_	none	_	_	_	_	_	_
419-10	BOI003	419	419	10	che	che	_	_	_	_	_	linguistic	_	none	_	_	_	_	_	_
419-11	BOI003	419	419	11	tipo	tipo	_	_	_	_	_	linguistic	_	none	_	_	_	_	_	_
419-12	BOI003	419	419	12	di	di	_	_	_	_	_	linguistic	_	none	_	_	_	_	_	_
419-13	BOI003	419	419	13	regalo	regalo	_	_	_	_	_	linguistic	_	none	_	_	_	_	_	_
419-14	BOI003	419	419	14	c'	c'	_	_	_	_	_	linguistic	_	none	SpaceAfter=No	_	_	_	_	_
419-15	BOI003	419	419	15	era	era	_	_	_	_	_	linguistic	_	none	_	End=1211.974	_	_	_	_
420-0	BOR001	420	420	0	°ok[ay°]	okay	_	_	_	_	_	linguistic	_	none	Volume=low	Begin=1211.957|End=1212.552	_	_	_	2-4(97)
421-0	BOI003	421	421	0	[però]	però	_	_	_	_	_	linguistic	_	none	_	Begin=1212.312	_	_	_	0-4(97)
421-1	BOI003	421	421	1	da	da	_	_	_	_	_	linguistic	_	none	_	_	_	_	_	_
421-2	BOI003	421	421	2	bambina	bambina	_	_	_	_	_	linguistic	_	none	_	End=1213.254	_	_	_	_
422-0	BOI003	422	422	0	quando	quando	_	_	_	_	_	linguistic	_	none	_	Begin=1213.454	_	_	_	_
422-1	BOI003	422	422	1	si	si	_	_	_	_	_	linguistic	_	none	_	_	_	_	_	_
422-2	BOI003	422	422	2	andava	andava	_	_	_	_	_	linguistic	_	none	_	_	_	_	_	_
422-3	BOI003	422	422	3	a	a	_	_	_	_	_	linguistic	_	none	_	_	_	_	_	_
422-4	BOI003	422	422	4	san	san	_	_	_	_	_	linguistic	_	none	_	_	_	_	_	_
422-5	BOI003	422	422	5	luca	luca	_	_	_	_	_	linguistic	_	none	_	_	_	_	_	_
422-6	BOI003	422	422	6	io	io	_	_	_	_	_	linguistic	_	none	_	_	_	_	_	_
422-7	BOI003	422	422	7	pensavo	pensavo	_	_	_	_	_	linguistic	_	none	_	_	_	_	_	_
422-8	BOI003	422	422	8	subito	subito	_	_	_	_	_	linguistic	_	none	_	_	_	_	_	_
422-9	BOI003	422	422	9	che	che	_	_	_	_	_	linguistic	_	none	_	_	_	_	_	_
422-10	BOI003	422	422	10	dopo	dopo	_	_	_	_	_	linguistic	_	none	_	_	_	_	_	_
422-11	BOI003	422	422	11	volevo	volevo	_	_	_	_	_	linguistic	_	none	_	_	_	_	_	_
422-12	BOI003	422	422	12	andare	andare	_	_	_	_	_	linguistic	_	none	_	_	_	_	_	_
422-13	BOI003	422	422	13	((ride))	((ride))	_	_	_	_	_	nonverbalbehavior	_	none	_	_	_	_	_	_
422-14	BOI003	422	422	14	dalla	dalla	_	_	_	_	_	linguistic	_	none	_	_	_	_	_	_
422-15	BOI003	422	422	15	suora	suora	_	_	_	_	_	linguistic	_	none	_	_	_	_	_	_
422-16	BOI003	422	422	16	a	a	_	_	_	_	_	linguistic	_	none	_	_	_	_	_	_
422-17	BOI003	422	422	17	prendere	prendere	_	_	_	_	_	linguistic	_	none	_	_	_	_	_	_
422-18	BOI003	422	422	18	questi	questi	_	_	_	_	_	linguistic	_	none	_	End=1219.52	_	_	_	_
423-0	BOR001	423	423	0	((ride))	((ride))	_	_	_	_	_	nonverbalbehavior	_	none	_	Begin=1216.175|End=1217.073	_	_	_	_
424-0	BOI003	424	424	0	rotolini	rotolini	_	_	_	_	_	linguistic	_	none	_	Begin=1219.611	_	_	_	_
424-1	BOI003	424	424	1	di	di	_	_	_	_	_	linguistic	_	none	_	_	_	_	_	_
424-2	BOI003	424	424	2	carta	carta	_	_	_	_	_	linguistic	_	none	_	End=1220.827	_	_	_	_
425-0	BOI003	425	425	0	non	non	_	_	_	_	_	linguistic	_	none	_	Begin=1221.174	_	_	_	_
425-1	BOI003	425	425	1	so	so	_	_	_	_	_	linguistic	_	none	_	_	_	_	_	_
425-2	BOI003	425	425	2	quanti	quanti	_	_	_	_	_	linguistic	_	none	_	_	_	_	_	_
425-3	BOI003	425	425	3	anni	anni	_	_	_	_	_	linguistic	_	none	_	_	_	_	_	_
425-4	BOI003	425	425	4	avevo	avevo	_	_	_	_	_	linguistic	_	none	_	_	_	_	_	_
425-5	BOI003	425	425	5	però:.	però	_	_	_	_	_	linguistic	_	none	Intonation=Falling	End=1223.434	3x1	_	_	_
426-0	BOI003	426	426	0	°sì	sì	_	_	_	_	_	linguistic	_	none	Volume=low	Begin=1223.694	_	_	_	_
426-1	BOI003	426	426	1	ero	ero	_	_	_	_	_	linguistic	_	none	Volume=low	_	_	_	_	_
426-2	BOI003	426	426	2	piccola	piccola	_	_	_	_	_	linguistic	_	none	Volume=low	_	_	_	_	_
426-3	BOI003	426	426	3	ecco	ecco	_	_	_	_	_	linguistic	_	none	Volume=low	_	_	_	_	_
426-4	BOI003	426	426	4	[quelli	quelli	_	_	_	_	_	linguistic	_	none	Volume=low	_	_	_	_	0-6(98)
426-5	BOI003	426	426	5	son]o	sono	_	_	_	_	_	linguistic	_	none	Volume=low	_	_	_	_	0-3(98)
426-6	BOI003	426	426	6	i	i	_	_	_	_	_	linguistic	_	none	Volume=low	_	_	_	_	_
426-7	BOI003	426	426	7	miei	miei	_	_	_	_	_	linguistic	_	none	Volume=low	_	_	_	_	_
426-8	BOI003	426	426	8	pri~°	pri~	_	_	_	_	_	linguistic	_	none	Interrupted=Yes|Volume=low	End=1226.137	_	_	_	_
427-0	BOR001	427	427	0	[mhmh]	mhmh	_	_	_	_	_	linguistic	_	none	_	Begin=1224.994|End=1225.584	_	_	_	0-4(98)
428-0	BOI003	428	428	0	p~	p~	_	_	_	_	_	linguistic	_	none	Interrupted=Yes	Begin=1226.185	_	_	_	_
428-1	BOI003	428	428	1	primi	primi	_	_	_	_	_	linguistic	_	none	_	_	_	_	_	_
428-2	BOI003	428	428	2	ricordi	ricordi	_	_	_	_	_	linguistic	_	none	_	_	_	_	_	_
428-3	BOI003	428	428	3	[°proprio	proprio	_	_	_	_	_	linguistic	_	none	Volume=low	_	_	_	_	0-7(99)
428-4	BOI003	428	428	4	in	in	_	_	_	_	_	linguistic	_	none	Volume=low	_	_	_	_	0-2(99)
428-5	BOI003	428	428	5	as]soluto°	assoluto	_	_	_	_	_	linguistic	_	none	Volume=low	End=1228.642	_	_	_	0-2(99)
429-0	BOR001	429	429	0	[sì]	sì	_	_	_	_	_	linguistic	_	none	_	Begin=1227.512|End=1228.021	_	_	_	0-2(99)
430-0	BOR001	430	430	0	bello	bello	_	_	_	_	_	linguistic	_	none	_	Begin=1228.827	_	_	_	_
430-1	BOR001	430	430	1	[bel~]	bel~	_	_	_	_	_	linguistic	_	none	Interrupted=Yes	End=1230.047	_	_	_	0-4(?)
431-0	BOI003	431	431	0	((ride))	((ride))	_	_	_	_	_	nonverbalbehavior	_	none	_	Begin=1229.557|End=1230.38	_	_	_	_
432-0	BOR001	432	432	0	ehm	ehm	_	_	_	_	_	linguistic	_	none	_	Begin=1230.627	_	_	_	_
432-1	BOR001	432	432	1	e	e	_	_	_	_	_	linguistic	_	none	_	_	_	_	_	_
432-2	BOR001	432	432	2	invece	invece	_	_	_	_	_	linguistic	_	none	_	_	_	_	_	_
432-3	BOR001	432	432	3	appunto	appunto	_	_	_	_	_	linguistic	_	none	_	_	_	_	_	_
432-4	BOR001	432	432	4	tu:	tu	_	_	_	_	_	linguistic	_	none	_	End=1233.23	1x1	_	_	_
433-0	BOR001	433	433	0	che	che	_	_	_	_	_	linguistic	_	none	_	Begin=1233.33	_	_	_	_
433-1	BOR001	433	433	1	hai	hai	_	_	_	_	_	linguistic	_	none	_	_	_	_	_	_
433-2	BOR001	433	433	2	vissuto:	vissuto	_	_	_	_	_	linguistic	_	none	_	End=1234.6	6x1	_	_	_
434-0	BOR001	434	434	0	mh	mh	_	_	_	_	_	linguistic	_	none	_	Begin=1234.967	_	_	_	_
434-1	BOR001	434	434	1	appunto	appunto	_	_	_	_	_	linguistic	_	none	_	_	_	_	_	_
434-2	BOR001	434	434	2	>praticamente<	praticamente	_	_	_	_	_	linguistic	_	none	_	_	_	Fast=0-12(0)	_	_
434-3	BOR001	434	434	3	tutta	tutta	_	_	_	_	_	linguistic	_	none	_	_	_	_	_	_
434-4	BOR001	434	434	4	la	la	_	_	_	_	_	linguistic	_	none	_	_	_	_	_	_
434-5	BOR001	434	434	5	tua	tua	_	_	_	_	_	linguistic	_	none	_	_	_	_	_	_
434-6	BOR001	434	434	6	vita	vita	_	_	_	_	_	linguistic	_	none	_	_	_	_	_	_
434-7	BOR001	434	434	7	qui	qui	_	_	_	_	_	linguistic	_	none	_	_	_	_	_	_
434-8	BOR001	434	434	8	anche	anche	_	_	_	_	_	linguistic	_	none	_	_	_	_	_	_
434-9	BOR001	434	434	9	l'	l'	_	_	_	_	_	linguistic	_	none	SpaceAfter=No	_	_	_	_	_
434-10	BOR001	434	434	10	adolescenza	adolescenza	_	_	_	_	_	linguistic	_	none	_	_	_	_	_	_
434-11	BOR001	434	434	11	hai	hai	_	_	_	_	_	linguistic	_	none	_	_	_	_	_	_
434-12	BOR001	434	434	12	frequentato	frequentato	_	_	_	_	_	linguistic	_	none	_	_	_	_	_	_
434-13	BOR001	434	434	13	la	la	_	_	_	_	_	linguistic	_	none	_	_	_	_	_	_
434-14	BOR001	434	434	14	città	città	_	_	_	_	_	linguistic	_	none	_	_	_	_	_	_
434-15	BOR001	434	434	15	quali	quali	_	_	_	_	_	linguistic	_	none	_	_	_	_	_	_
434-16	BOR001	434	434	16	erano	erano	_	_	_	_	_	linguistic	_	none	_	End=1240.9	_	_	_	_
435-0	BOR001	435	435	0	e::hm	ehm	_	_	_	_	_	linguistic	_	none	_	Begin=1241.607|End=1242.947	0x2	_	_	_
436-0	BOR001	436	436	0	le	le	_	_	_	_	_	linguistic	_	none	_	Begin=1243.174	_	_	_	_
436-1	BOR001	436	436	1	zone	zone	_	_	_	_	_	linguistic	_	none	_	_	_	_	_	_
436-2	BOR001	436	436	2	i	i	_	_	_	_	_	linguistic	_	none	_	_	_	_	_	_
436-3	BOR001	436	436	3	luoghi	luoghi	_	_	_	_	_	linguistic	_	none	_	_	_	_	_	_
436-4	BOR001	436	436	4	che	che	_	_	_	_	_	linguistic	_	none	_	_	_	_	_	_
436-5	BOR001	436	436	5	frequentavi	frequentavi	_	_	_	_	_	linguistic	_	none	_	_	_	_	_	_
436-6	BOR001	436	436	6	di	di	_	_	_	_	_	linguistic	_	none	_	_	_	_	_	_
436-7	BOR001	436	436	7	più	più	_	_	_	_	_	linguistic	_	none	_	_	_	_	_	_
436-8	BOR001	436	436	8	magari	magari	_	_	_	_	_	linguistic	_	none	_	_	_	_	_	_
436-9	BOR001	436	436	9	coi	coi	_	_	_	_	_	linguistic	_	none	_	_	_	_	_	_
436-10	BOR001	436	436	10	tuoi	tuoi	_	_	_	_	_	linguistic	_	none	_	_	_	_	_	_
436-11	BOR001	436	436	11	amici	amici	_	_	_	_	_	linguistic	_	none	_	_	_	_	_	_
436-12	BOR001	436	436	12	c(io)é	cioé	_	_	_	_	_	linguistic	_	none	Reduced=Yes	_	_	_	_	_
436-13	BOR001	436	436	13	quando:	quando	_	_	_	_	_	linguistic	_	none	_	_	5x1	_	_	_
436-14	BOR001	436	436	14	eri	eri	_	_	_	_	_	linguistic	_	none	_	_	_	_	_	_
436-15	BOR001	436	436	15	adolescente	adolescente	_	_	_	_	_	linguistic	_	none	_	_	_	_	_	_
436-16	BOR001	436	436	16	ragazza	ragazza	_	_	_	_	_	linguistic	_	none	_	_	_	_	_	_
436-17	BOR001	436	436	17	°c(io)é°	cioé	_	_	_	_	_	linguistic	_	none	Reduced=Yes|Volume=low	End=1248.64	_	_	_	_
437-0	BOI003	437	437	0	allora	allora	_	_	_	_	_	linguistic	_	none	_	Begin=1249.074	_	_	_	_
437-1	BOI003	437	437	1	beh	beh	_	_	_	_	_	linguistic	_	none	_	End=1249.847	_	_	_	_
438-0	BOI003	438	438	0	mh	mh	_	_	_	_	_	linguistic	_	none	_	Begin=1249.94	_	_	_	_
438-1	BOI003	438	438	1	ce	ce	_	_	_	_	_	linguistic	_	none	_	_	_	_	_	_
438-2	BOI003	438	438	2	ne	ne	_	_	_	_	_	linguistic	_	none	_	_	_	_	_	_
438-3	BOI003	438	438	3	son	son	_	_	_	_	_	linguistic	_	none	_	_	_	_	_	_
438-4	BOI003	438	438	4	stati	stati	_	_	_	_	_	linguistic	_	none	_	_	_	_	_	_
438-5	BOI003	438	438	5	vari	vari	_	_	_	_	_	linguistic	_	none	_	_	_	_	_	_
438-6	BOI003	438	438	6	ecco:	ecco	_	_	_	_	_	linguistic	_	none	_	End=1252.54	3x1	_	_	_
439-0	BOI003	439	439	0	periodi	periodi	_	_	_	_	_	linguistic	_	none	_	Begin=1252.612	_	_	_	_
439-1	BOI003	439	439	1	così	così	_	_	_	_	_	linguistic	_	none	_	_	_	_	_	_
439-2	BOI003	439	439	2	diciamo	diciamo	_	_	_	_	_	linguistic	_	none	_	_	_	_	_	_
439-3	BOI003	439	439	3	che	che	_	_	_	_	_	linguistic	_	none	_	_	_	_	_	_
439-4	BOI003	439	439	4	quello	quello	_	_	_	_	_	linguistic	_	none	_	_	_	_	_	_
439-5	BOI003	439	439	5	che	che	_	_	_	_	_	linguistic	_	none	_	_	_	_	_	_
439-6	BOI003	439	439	6	ricordo:	ricordo	_	_	_	_	_	linguistic	_	none	_	End=1255.254	6x1	_	_	_
440-0	BOI003	440	440	0	con	con	_	_	_	_	_	linguistic	_	none	_	Begin=1255.787	_	_	_	_
440-1	BOI003	440	440	1	più	più	_	_	_	_	_	linguistic	_	none	_	_	_	_	_	_
440-2	BOI003	440	440	2	<gioia>	gioia	_	_	_	_	_	linguistic	_	none	_	_	_	Slow=0-5(0)	_	_
440-3	BOI003	440	440	3	così	così	_	_	_	_	_	linguistic	_	none	_	_	_	_	_	_
440-4	BOI003	440	440	4	perché	perché	_	_	_	_	_	linguistic	_	none	_	_	_	_	_	_
440-5	BOI003	440	440	5	proprio	proprio	_	_	_	_	_	linguistic	_	none	_	_	_	_	_	_
440-6	BOI003	440	440	6	ero	ero	_	_	_	_	_	linguistic	_	none	_	_	_	_	_	_
440-7	BOI003	440	440	7	una	una	_	_	_	_	_	linguistic	_	none	_	_	_	_	_	_
440-8	BOI003	440	440	8	ragazza	ragazza	_	_	_	_	_	linguistic	_	none	_	End=1260.48	_	_	_	_
441-0	BOI003	441	441	0	e:	e	_	_	_	_	_	linguistic	_	none	_	Begin=1260.9	0x1	_	_	_
441-1	BOI003	441	441	1	uscivo	uscivo	_	_	_	_	_	linguistic	_	none	_	_	_	_	_	_
441-2	BOI003	441	441	2	sempre	sempre	_	_	_	_	_	linguistic	_	none	_	_	_	_	_	_
441-3	BOI003	441	441	3	con	con	_	_	_	_	_	linguistic	_	none	_	_	_	_	_	_
441-4	BOI003	441	441	4	la	la	_	_	_	_	_	linguistic	_	none	_	_	_	_	_	_
441-5	BOI003	441	441	5	mia	mia	_	_	_	_	_	linguistic	_	none	_	_	_	_	_	_
441-6	BOI003	441	441	6	migliore	migliore	_	_	_	_	_	linguistic	_	none	_	_	_	_	_	_
441-7	BOI003	441	441	7	ami:ca	amica	_	_	_	_	_	linguistic	_	none	_	_	2x1	_	_	_
441-8	BOI003	441	441	8	così	così	_	_	_	_	_	linguistic	_	none	_	_	_	_	_	_
441-9	BOI003	441	441	9	e	e	_	_	_	_	_	linguistic	_	none	_	_	_	_	_	_
441-10	BOI003	441	441	10	andavamo	andavamo	_	_	_	_	_	linguistic	_	none	_	_	_	_	_	_
441-11	BOI003	441	441	11	sempre	sempre	_	_	_	_	_	linguistic	_	none	_	_	_	_	_	_
441-12	BOI003	441	441	12	al	al	_	_	_	_	_	linguistic	_	none	_	_	_	_	_	_
441-13	BOI003	441	441	13	ciack	ciack	_	_	_	_	_	linguistic	_	none	_	End=1265.974	_	_	_	_
442-0	BOI003	442	442	0	((ride))	((ride))	_	_	_	_	_	nonverbalbehavior	_	none	_	Begin=1266.03	_	_	_	_
442-1	BOI003	442	442	1	dalla	dalla	_	_	_	_	_	linguistic	_	none	_	_	_	_	_	_
442-2	BOI003	442	442	2	nostra	nostra	_	_	_	_	_	linguistic	_	none	_	_	_	_	_	_
442-3	BOI003	442	442	3	zo:na	zona	_	_	_	_	_	linguistic	_	none	_	End=1268.147	1x1	_	_	_
443-0	BOI003	443	443	0	e:	e	_	_	_	_	_	linguistic	_	none	_	Begin=1268.5	0x1	_	_	_
443-1	BOI003	443	443	1	ci	ci	_	_	_	_	_	linguistic	_	none	_	_	_	_	_	_
443-2	BOI003	443	443	2	piaceva	piaceva	_	_	_	_	_	linguistic	_	none	_	_	_	_	_	_
443-3	BOI003	443	443	3	tantissimo	tantissimo	_	_	_	_	_	linguistic	_	none	_	_	_	_	_	_
443-4	BOI003	443	443	4	e:hm	ehm	_	_	_	_	_	linguistic	_	none	_	End=1271.14	0x1	_	_	_
444-0	BOI003	444	444	0	in	in	_	_	_	_	_	linguistic	_	none	_	Begin=1271.43	_	_	_	_
444-1	BOI003	444	444	1	effetti	effetti	_	_	_	_	_	linguistic	_	none	_	_	_	_	_	_
444-2	BOI003	444	444	2	per	per	_	_	_	_	_	linguistic	_	none	_	_	_	_	_	_
444-3	BOI003	444	444	3	chi	chi	_	_	_	_	_	linguistic	_	none	_	_	_	_	_	_
444-4	BOI003	444	444	4	è	è	_	_	_	_	_	linguistic	_	none	_	_	_	_	_	_
444-5	BOI003	444	444	5	chi	chi	_	_	_	_	_	linguistic	_	none	_	_	_	_	_	_
444-6	BOI003	444	444	6	è	è	_	_	_	_	_	linguistic	_	none	_	_	_	_	_	_
444-7	BOI003	444	444	7	della	della	_	_	_	_	_	linguistic	_	none	_	_	_	_	_	_
444-8	BOI003	444	444	8	mia	mia	_	_	_	_	_	linguistic	_	none	_	_	_	_	_	_
444-9	BOI003	444	444	9	generazione	generazione	_	_	_	_	_	linguistic	_	none	_	End=1274.554	_	_	_	_
445-0	BOI003	445	445	0	e	e	_	_	_	_	_	linguistic	_	none	_	Begin=1274.875	_	_	_	_
445-1	BOI003	445	445	1	e	e	_	_	_	_	_	linguistic	_	none	_	_	_	_	_	_
445-2	BOI003	445	445	2	ha	ha	_	_	_	_	_	linguistic	_	none	_	_	_	_	_	_
445-3	BOI003	445	445	3	vissuto	vissuto	_	_	_	_	_	linguistic	_	none	_	_	_	_	_	_
445-4	BOI003	445	445	4	a	a	_	_	_	_	_	linguistic	_	none	_	_	_	_	_	_
445-5	BOI003	445	445	5	bologna	bologna	_	_	_	_	_	linguistic	_	none	_	_	_	_	_	_
445-6	BOI003	445	445	6	il	il	_	_	_	_	_	linguistic	_	none	_	_	_	_	_	_
445-7	BOI003	445	445	7	periodo	periodo	_	_	_	_	_	linguistic	_	none	_	_	_	_	_	_
445-8	BOI003	445	445	8	del	del	_	_	_	_	_	linguistic	_	none	_	_	_	_	_	_
445-9	BOI003	445	445	9	ciack	ciack	_	_	_	_	_	linguistic	_	none	_	_	_	_	_	_
445-10	BOI003	445	445	10	se	se	_	_	_	_	_	linguistic	_	none	_	_	_	_	_	_
445-11	BOI003	445	445	11	lo	lo	_	_	_	_	_	linguistic	_	none	_	_	_	_	_	_
445-12	BOI003	445	445	12	ricordano	ricordano	_	_	_	_	_	linguistic	_	none	_	_	_	_	_	_
445-13	BOI003	445	445	13	un	un	_	_	_	_	_	linguistic	_	none	_	_	_	_	_	_
445-14	BOI003	445	445	14	po'	po'	_	_	_	_	_	linguistic	_	none	_	_	_	_	_	_
445-15	BOI003	445	445	15	tutti	tutti	_	_	_	_	_	linguistic	_	none	_	_	_	_	_	_
445-16	BOI003	445	445	16	perchcé	perchcé	_	_	_	_	_	linguistic	_	none	_	_	_	_	_	_
445-17	BOI003	445	445	17	era	era	_	_	_	_	_	linguistic	_	none	_	_	_	_	_	_
445-18	BOI003	445	445	18	un	un	_	_	_	_	_	linguistic	_	none	_	_	_	_	_	_
445-19	BOI003	445	445	19	luogo	luogo	_	_	_	_	_	linguistic	_	none	_	_	_	_	_	_
445-20	BOI003	445	445	20	insomma	insomma	_	_	_	_	_	linguistic	_	none	_	End=1281.707	_	_	_	_
446-0	BOI003	446	446	0	eh	eh	_	_	_	_	_	linguistic	_	none	_	Begin=1281.857	_	_	_	_
446-1	BOI003	446	446	1	dove	dove	_	_	_	_	_	linguistic	_	none	_	_	_	_	_	_
446-2	BOI003	446	446	2	ci	ci	_	_	_	_	_	linguistic	_	none	_	_	_	_	_	_
446-3	BOI003	446	446	3	si	si	_	_	_	_	_	linguistic	_	none	_	_	_	_	_	_
446-4	BOI003	446	446	4	trovava	trovava	_	_	_	_	_	linguistic	_	none	_	_	_	_	_	_
446-5	BOI003	446	446	5	un	un	_	_	_	_	_	linguistic	_	none	_	_	_	_	_	_
446-6	BOI003	446	446	6	po'	po'	_	_	_	_	_	linguistic	_	none	_	_	_	_	_	_
446-7	BOI003	446	446	7	[tutti]	tutti	_	_	_	_	_	linguistic	_	none	_	_	_	_	_	0-5(100)
446-8	BOI003	446	446	8	i	i	_	_	_	_	_	linguistic	_	none	_	_	_	_	_	_
446-9	BOI003	446	446	9	ragazzi	ragazzi	_	_	_	_	_	linguistic	_	none	_	_	_	_	_	_
446-10	BOI003	446	446	10	della	della	_	_	_	_	_	linguistic	_	none	_	_	_	_	_	_
446-11	BOI003	446	446	11	nostra	nostra	_	_	_	_	_	linguistic	_	none	_	_	_	_	_	_
446-12	BOI003	446	446	12	età,	età	_	_	_	_	_	linguistic	_	none	Intonation=WeaklyRising	End=1285.83	_	_	_	_
447-0	BOR001	447	447	0	[mh]	mh	_	_	_	_	_	linguistic	_	none	_	Begin=1283.875|End=1284.352	_	_	_	0-2(100)
448-0	BOI003	448	448	0	era	era	_	_	_	_	_	linguistic	_	none	_	Begin=1285.885	_	_	_	_
448-1	BOI003	448	448	1	molto	molto	_	_	_	_	_	linguistic	_	none	_	_	_	_	_	_
448-2	BOI003	448	448	2	do	do	_	_	_	_	_	linguistic	_	none	_	_	_	_	_	_
448-3	BOI003	448	448	3	mo:da,	moda	_	_	_	_	_	linguistic	_	none	Intonation=WeaklyRising	End=1287.481	1x1	_	_	_
449-0	BOI003	449	449	0	e::	e	_	_	_	_	_	linguistic	_	none	_	Begin=1287.885	0x2	_	_	_
449-1	BOI003	449	449	1	è	è	_	_	_	_	_	linguistic	_	none	_	_	_	_	_	_
449-2	BOI003	449	449	2	durato	durato	_	_	_	_	_	linguistic	_	none	_	_	_	_	_	_
449-3	BOI003	449	449	3	peri~	peri~	_	_	_	_	_	linguistic	_	none	Interrupted=Yes	_	_	_	_	_
449-4	BOI003	449	449	4	mh	mh	_	_	_	_	_	linguistic	_	none	_	_	_	_	_	_
449-5	BOI003	449	449	5	per	per	_	_	_	_	_	linguistic	_	none	_	_	_	_	_	_
449-6	BOI003	449	449	6	tanto	tanto	_	_	_	_	_	linguistic	_	none	_	_	_	_	_	_
449-7	BOI003	449	449	7	tempo	tempo	_	_	_	_	_	linguistic	_	none	_	_	_	_	_	_
449-8	BOI003	449	449	8	questa	questa	_	_	_	_	_	linguistic	_	none	_	_	_	_	_	_
449-9	BOI003	449	449	9	cosa	cosa	_	_	_	_	_	linguistic	_	none	_	_	_	_	_	_
449-10	BOI003	449	449	10	così,	così	_	_	_	_	_	linguistic	_	none	Intonation=WeaklyRising	End=1291.669	_	_	_	_
450-0	BOI003	450	450	0	e	e	_	_	_	_	_	linguistic	_	none	_	Begin=1292.04	_	_	_	_
450-1	BOI003	450	450	1	io	io	_	_	_	_	_	linguistic	_	none	_	_	_	_	_	_
450-2	BOI003	450	450	2	e	e	_	_	_	_	_	linguistic	_	none	_	_	_	_	_	_
450-3	BOI003	450	450	3	con	con	_	_	_	_	_	linguistic	_	none	_	_	_	_	_	_
450-4	BOI003	450	450	4	questa	questa	_	_	_	_	_	linguistic	_	none	_	_	_	_	_	_
450-5	BOI003	450	450	5	>mia	mia	_	_	_	_	_	linguistic	_	none	_	_	_	Fast=0-3(0)	_	_
450-6	BOI003	450	450	6	migliore<	migliore	_	_	_	_	_	linguistic	_	none	_	_	_	Fast=0-8(0)	_	_
450-7	BOI003	450	450	7	amica	amica	_	_	_	_	_	linguistic	_	none	_	_	_	_	_	_
450-8	BOI003	450	450	8	andavamo	andavamo	_	_	_	_	_	linguistic	_	none	_	_	_	_	_	_
450-9	BOI003	450	450	9	sempre	sempre	_	_	_	_	_	linguistic	_	none	_	_	_	_	_	_
450-10	BOI003	450	450	10	ma	ma	_	_	_	_	_	linguistic	_	none	_	_	_	_	_	_
450-11	BOI003	450	450	11	anche	anche	_	_	_	_	_	linguistic	_	none	_	_	_	_	_	_
450-12	BOI003	450	450	12	durante	durante	_	_	_	_	_	linguistic	_	none	_	_	_	_	_	_
450-13	BOI003	450	450	13	la	la	_	_	_	_	_	linguistic	_	none	_	_	_	_	_	_
450-14	BOI003	450	450	14	settimana,	settimana	_	_	_	_	_	linguistic	_	none	Intonation=WeaklyRising	_	_	_	_	_
450-15	BOI003	450	450	15	la	la	_	_	_	_	_	linguistic	_	none	_	_	_	_	_	_
450-16	BOI003	450	450	16	domenica	domenica	_	_	_	_	_	linguistic	_	none	_	_	_	_	_	_
450-17	BOI003	450	450	17	pomeriggio,	pomeriggio	_	_	_	_	_	linguistic	_	none	Intonation=WeaklyRising	_	_	_	_	_
450-18	BOI003	450	450	18	la	la	_	_	_	_	_	linguistic	_	none	_	_	_	_	_	_
450-19	BOI003	450	450	19	sera,	sera	_	_	_	_	_	linguistic	_	none	Intonation=WeaklyRising	End=1299.091	_	_	_	_
451-0	BOI003	451	451	0	e	e	_	_	_	_	_	linguistic	_	none	_	Begin=1299.584	_	_	_	_
451-1	BOI003	451	451	1	ci	ci	_	_	_	_	_	linguistic	_	none	_	_	_	_	_	_
451-2	BOI003	451	451	2	divertivamo	divertivamo	_	_	_	_	_	linguistic	_	none	_	_	_	_	_	_
451-3	BOI003	451	451	3	un	un	_	_	_	_	_	linguistic	_	none	_	_	_	_	_	_
451-4	BOI003	451	451	4	s[acco	sacco	_	_	_	_	_	linguistic	_	none	_	_	_	_	_	1-5(101)
451-5	BOI003	451	451	5	e	e	_	_	_	_	_	linguistic	_	none	_	_	_	_	_	0-1(101)
451-6	BOI003	451	451	6	quindi]	quindi	_	_	_	_	_	linguistic	_	none	_	_	_	_	_	0-6(101)
451-7	BOI003	451	451	7	ho	ho	_	_	_	_	_	linguistic	_	none	_	_	_	_	_	_
451-8	BOI003	451	451	8	tanti	tanti	_	_	_	_	_	linguistic	_	none	_	_	_	_	_	_
451-9	BOI003	451	451	9	bei	bei	_	_	_	_	_	linguistic	_	none	_	_	_	_	_	_
451-10	BOI003	451	451	10	ricordi,	ricordi	_	_	_	_	_	linguistic	_	none	Intonation=WeaklyRising	End=1302.825	_	_	_	_
452-0	BOR001	452	452	0	[°mhmh°]	mhmh	_	_	_	_	_	linguistic	_	none	Volume=low	Begin=1300.894|End=1301.374	_	_	_	0-4(101)
453-0	BOI003	453	453	0	un	un	_	_	_	_	_	linguistic	_	none	_	Begin=1303.185	_	_	_	_
453-1	BOI003	453	453	1	po'	po'	_	_	_	_	_	linguistic	_	none	_	_	_	_	_	_
453-2	BOI003	453	453	2	per	per	_	_	_	_	_	linguistic	_	none	_	_	_	_	_	_
453-3	BOI003	453	453	3	l'	l'	_	_	_	_	_	linguistic	_	none	SpaceAfter=No	_	_	_	_	_
453-4	BOI003	453	453	4	età	età	_	_	_	_	_	linguistic	_	none	_	_	_	_	_	_
453-5	BOI003	453	453	5	che	che	_	_	_	_	_	linguistic	_	none	_	_	_	_	_	_
453-6	BOI003	453	453	6	avevamo	avevamo	_	_	_	_	_	linguistic	_	none	_	_	_	_	_	_
453-7	BOI003	453	453	7	un	un	_	_	_	_	_	linguistic	_	none	_	_	_	_	_	_
453-8	BOI003	453	453	8	po':	po'	_	_	_	_	_	linguistic	_	none	_	End=1305.902	1x1	_	_	_
454-0	BOI003	454	454	0	così::	così	_	_	_	_	_	linguistic	_	none	_	Begin=1306.594	3x2	_	_	_
454-1	BOI003	454	454	1	e	e	_	_	_	_	_	linguistic	_	none	_	_	_	_	_	_
454-2	BOI003	454	454	2	quindi	quindi	_	_	_	_	_	linguistic	_	none	_	_	_	_	_	_
454-3	BOI003	454	454	3	quello	quello	_	_	_	_	_	linguistic	_	none	_	_	_	_	_	_
454-4	BOI003	454	454	4	lì	lì	_	_	_	_	_	linguistic	_	none	_	End=1308.504	_	_	_	_
455-0	BOI003	455	455	0	e	e	_	_	_	_	_	linguistic	_	none	_	Begin=1308.775	_	_	_	_
455-1	BOI003	455	455	1	quando	quando	_	_	_	_	_	linguistic	_	none	_	_	_	_	_	_
455-2	BOI003	455	455	2	ci	ci	_	_	_	_	_	linguistic	_	none	_	_	_	_	_	_
455-3	BOI003	455	455	3	pensiamo	pensiamo	_	_	_	_	_	linguistic	_	none	_	_	_	_	_	_
455-4	BOI003	455	455	4	così:	così	_	_	_	_	_	linguistic	_	none	_	_	3x1	_	_	_
455-5	BOI003	455	455	5	quando	quando	_	_	_	_	_	linguistic	_	none	_	_	_	_	_	_
455-6	BOI003	455	455	6	io	io	_	_	_	_	_	linguistic	_	none	_	_	_	_	_	_
455-7	BOI003	455	455	7	e	e	_	_	_	_	_	linguistic	_	none	_	_	_	_	_	_
455-8	BOI003	455	455	8	questa	questa	_	_	_	_	_	linguistic	_	none	_	_	_	_	_	_
455-9	BOI003	455	455	9	mia	mia	_	_	_	_	_	linguistic	_	none	_	_	_	_	_	_
455-10	BOI003	455	455	10	amica	amica	_	_	_	_	_	linguistic	_	none	_	_	_	_	_	_
455-11	BOI003	455	455	11	ne	ne	_	_	_	_	_	linguistic	_	none	_	_	_	_	_	_
455-12	BOI003	455	455	12	parliamo	parliamo	_	_	_	_	_	linguistic	_	none	_	End=1312.76	_	_	_	_
456-0	BOI003	456	456	0	pensiamo	pensiamo	_	_	_	_	_	linguistic	_	none	_	Begin=1313.047	_	_	_	_
456-1	BOI003	456	456	1	sempre	sempre	_	_	_	_	_	linguistic	_	none	_	_	_	_	_	_
456-2	BOI003	456	456	2	al	al	_	_	_	_	_	linguistic	_	none	_	_	_	_	_	_
456-3	BOI003	456	456	3	periodo	periodo	_	_	_	_	_	linguistic	_	none	_	_	_	_	_	_
456-4	BOI003	456	456	4	del	del	_	_	_	_	_	linguistic	_	none	_	_	_	_	_	_
456-5	BOI003	456	456	5	ciack	ciack	_	_	_	_	_	linguistic	_	none	_	_	_	_	_	_
456-6	BOI003	456	456	6	((ride))	((ride))	_	_	_	_	_	nonverbalbehavior	_	none	_	End=1315.7	_	_	_	_
457-0	BOR001	457	457	0	((ride))	((ride))	_	_	_	_	_	nonverbalbehavior	_	none	_	Begin=1315.145|End=1315.7	_	_	_	_
458-0	BOR001	458	458	0	ma	ma	_	_	_	_	_	linguistic	_	none	_	Begin=1316.234	_	_	_	_
458-1	BOR001	458	458	1	questi	questi	_	_	_	_	_	linguistic	_	none	_	_	_	_	_	_
458-2	BOR001	458	458	2	luoghi	luoghi	_	_	_	_	_	linguistic	_	none	_	_	_	_	_	_
458-3	BOR001	458	458	3	che	che	_	_	_	_	_	linguistic	_	none	_	_	_	_	_	_
458-4	BOR001	458	458	4	frequentavi	frequentavi	_	_	_	_	_	linguistic	_	none	_	End=1317.74	_	_	_	_
459-0	BOR001	459	459	0	c(io)é	cioé	_	_	_	_	_	linguistic	_	none	Reduced=Yes	Begin=1317.94	_	_	_	_
459-1	BOR001	459	459	1	esistono	esistono	_	_	_	_	_	linguistic	_	none	_	_	_	_	_	_
459-2	BOR001	459	459	2	ancora	ancora	_	_	_	_	_	linguistic	_	none	_	_	_	_	_	_
459-3	BOR001	459	459	3	adesso	adesso	_	_	_	_	_	linguistic	_	none	_	_	_	_	_	_
459-4	BOR001	459	459	4	o	o	_	_	_	_	_	linguistic	_	none	_	End=1320.014	_	_	_	_
460-0	BOR001	460	460	0	e	e	_	_	_	_	_	linguistic	_	none	_	Begin=1320.18	_	_	_	_
460-1	BOR001	460	460	1	se	se	_	_	_	_	_	linguistic	_	none	_	_	_	_	_	_
460-2	BOR001	460	460	2	sì	sì	_	_	_	_	_	linguistic	_	none	_	_	_	_	_	_
460-3	BOR001	460	460	3	magari	magari	_	_	_	_	_	linguistic	_	none	_	_	_	_	_	_
460-4	BOR001	460	460	4	vai	vai	_	_	_	_	_	linguistic	_	none	_	_	_	_	_	_
460-5	BOR001	460	460	5	c'	c'	_	_	_	_	_	linguistic	_	none	SpaceAfter=No	_	_	_	_	_
460-6	BOR001	460	460	6	è	è	_	_	_	_	_	linguistic	_	none	_	_	_	_	_	_
460-7	BOR001	460	460	7	ancora	ancora	_	_	_	_	_	linguistic	_	none	_	_	_	_	_	_
460-8	BOR001	460	460	8	qualche	qualche	_	_	_	_	_	linguistic	_	none	_	_	_	_	_	_
460-9	BOR001	460	460	9	posto	posto	_	_	_	_	_	linguistic	_	none	_	_	_	_	_	_
460-10	BOR001	460	460	10	in	in	_	_	_	_	_	linguistic	_	none	_	_	_	_	_	_
460-11	BOR001	460	460	11	cui	cui	_	_	_	_	_	linguistic	_	none	_	_	_	_	_	_
460-12	BOR001	460	460	12	continui	continui	_	_	_	_	_	linguistic	_	none	_	_	_	_	_	_
460-13	BOR001	460	460	13	magari	magari	_	_	_	_	_	linguistic	_	none	_	End=1324.034	_	_	_	_
461-0	BOR001	461	461	0	ad	ad	_	_	_	_	_	linguistic	_	none	_	Begin=1324.154	_	_	_	_
461-1	BOR001	461	461	1	andare	andare	_	_	_	_	_	linguistic	_	none	_	_	_	_	_	_
461-2	BOR001	461	461	2	coi	coi	_	_	_	_	_	linguistic	_	none	_	_	_	_	_	_
461-3	BOR001	461	461	3	tuoi	tuoi	_	_	_	_	_	linguistic	_	none	_	_	_	_	_	_
461-4	BOR001	461	461	4	amici	amici	_	_	_	_	_	linguistic	_	none	_	_	_	_	_	_
461-5	BOR001	461	461	5	che	che	_	_	_	_	_	linguistic	_	none	_	_	_	_	_	_
461-6	BOR001	461	461	6	sia:	sia	_	_	_	_	_	linguistic	_	none	_	End=1325.86	2x1	_	_	_
462-0	BOR001	462	462	0	mh	mh	_	_	_	_	_	linguistic	_	none	_	Begin=1326.175	_	_	_	_
462-1	BOR001	462	462	1	ristorante	ristorante	_	_	_	_	_	linguistic	_	none	_	_	_	_	_	_
462-2	BOR001	462	462	2	un	un	_	_	_	_	_	linguistic	_	none	_	_	_	_	_	_
462-3	BOR001	462	462	3	bar	bar	_	_	_	_	_	linguistic	_	none	_	_	_	_	_	_
462-4	BOR001	462	462	4	qual~	qual~	_	_	_	_	_	linguistic	_	none	Interrupted=Yes	End=1327.8	_	_	_	_
463-0	BOI003	463	463	0	sì	sì	_	_	_	_	_	linguistic	_	none	_	Begin=1328.02	_	_	_	_
463-1	BOI003	463	463	1	eh	eh	_	_	_	_	_	linguistic	_	none	_	_	_	_	_	_
463-2	BOI003	463	463	2	ce	ce	_	_	_	_	_	linguistic	_	none	_	_	_	_	_	_
463-3	BOI003	463	463	3	n'	n'	_	_	_	_	_	linguistic	_	none	SpaceAfter=No	_	_	_	_	_
463-4	BOI003	463	463	4	è	è	_	_	_	_	_	linguistic	_	none	_	_	_	_	_	_
463-5	BOI003	463	463	5	uno	uno	_	_	_	_	_	linguistic	_	none	_	_	_	_	_	_
463-6	BOI003	463	463	6	in	in	_	_	_	_	_	linguistic	_	none	_	_	_	_	_	_
463-7	BOI003	463	463	7	particolare	particolare	_	_	_	_	_	linguistic	_	none	_	_	_	_	_	_
463-8	BOI003	463	463	8	che	che	_	_	_	_	_	linguistic	_	none	_	End=1330.967	_	_	_	_
464-0	BOI003	464	464	0	praticamente	praticamente	_	_	_	_	_	linguistic	_	none	_	Begin=1331.275	_	_	_	_
464-1	BOI003	464	464	1	secondo	secondo	_	_	_	_	_	linguistic	_	none	_	_	_	_	_	_
464-2	BOI003	464	464	2	me	me	_	_	_	_	_	linguistic	_	none	_	_	_	_	_	_
464-3	BOI003	464	464	3	c'	c'	_	_	_	_	_	linguistic	_	none	SpaceAfter=No	_	_	_	_	_
464-4	BOI003	464	464	4	è	è	_	_	_	_	_	linguistic	_	none	_	_	_	_	_	_
464-5	BOI003	464	464	5	sempre	sempre	_	_	_	_	_	linguistic	_	none	_	_	_	_	_	_
464-6	BOI003	464	464	6	sta:to	stato	_	_	_	_	_	linguistic	_	none	_	_	2x1	_	_	_
464-7	BOI003	464	464	7	perché	perché	_	_	_	_	_	linguistic	_	none	_	_	_	_	_	_
464-8	BOI003	464	464	8	sin	sin	_	_	_	_	_	linguistic	_	none	_	_	_	_	_	_
464-9	BOI003	464	464	9	da	da	_	_	_	_	_	linguistic	_	none	_	_	_	_	_	_
464-10	BOI003	464	464	10	quando	quando	_	_	_	_	_	linguistic	_	none	_	_	_	_	_	_
464-11	BOI003	464	464	11	ero	ero	_	_	_	_	_	linguistic	_	none	_	_	_	_	_	_
464-12	BOI003	464	464	12	bambi:na	bambina	_	_	_	_	_	linguistic	_	none	_	End=1335.931	4x1	_	_	_
465-0	BOI003	465	465	0	e:h	eh	_	_	_	_	_	linguistic	_	none	_	Begin=1336.057	0x1	_	_	_
465-1	BOI003	465	465	1	si	si	_	_	_	_	_	linguistic	_	none	_	_	_	_	_	_
465-2	BOI003	465	465	2	parlava	parlava	_	_	_	_	_	linguistic	_	none	_	_	_	_	_	_
465-3	BOI003	465	465	3	eh	eh	_	_	_	_	_	linguistic	_	none	_	_	_	_	_	_
465-4	BOI003	465	465	4	il	il	_	_	_	_	_	linguistic	_	none	_	_	_	_	_	_
465-5	BOI003	465	465	5	tavolaccio	tavolaccio	_	_	_	_	_	linguistic	_	none	_	_	_	_	_	_
465-6	BOI003	465	465	6	((ride))	((ride))	_	_	_	_	_	nonverbalbehavior	_	none	_	End=1339.341	_	_	_	_
466-0	BOI003	466	466	0	sembra	sembra	_	_	_	_	_	linguistic	_	none	_	Begin=1339.366	_	_	_	_
466-1	BOI003	466	466	1	una	una	_	_	_	_	_	linguistic	_	none	_	_	_	_	_	_
466-2	BOI003	466	466	2	cavolata	cavolata	_	_	_	_	_	linguistic	_	none	_	_	_	_	_	_
466-3	BOI003	466	466	3	è	è	_	_	_	_	_	linguistic	_	none	_	_	_	_	_	_
466-4	BOI003	466	466	4	solo	solo	_	_	_	_	_	linguistic	_	none	_	_	_	_	_	_
466-5	BOI003	466	466	5	una	una	_	_	_	_	_	linguistic	_	none	_	_	_	_	_	_
466-6	BOI003	466	466	6	pizzeria	pizzeria	_	_	_	_	_	linguistic	_	none	_	_	_	_	_	_
466-7	BOI003	466	466	7	così	così	_	_	_	_	_	linguistic	_	none	_	End=1342.1	_	_	_	_
467-0	BOI003	467	467	0	però	però	_	_	_	_	_	linguistic	_	none	_	Begin=1342.187	_	_	_	_
467-1	BOI003	467	467	1	in	in	_	_	_	_	_	linguistic	_	none	_	_	_	_	_	_
467-2	BOI003	467	467	2	tutta	tutta	_	_	_	_	_	linguistic	_	none	_	_	_	_	_	_
467-3	BOI003	467	467	3	la	la	_	_	_	_	_	linguistic	_	none	_	_	_	_	_	_
467-4	BOI003	467	467	4	mia	mia	_	_	_	_	_	linguistic	_	none	_	_	_	_	_	_
467-5	BOI003	467	467	5	vita	vita	_	_	_	_	_	linguistic	_	none	_	_	_	_	_	_
467-6	BOI003	467	467	6	c'	c'	_	_	_	_	_	linguistic	_	none	SpaceAfter=No	_	_	_	_	_
467-7	BOI003	467	467	7	è	è	_	_	_	_	_	linguistic	_	none	_	_	_	_	_	_
467-8	BOI003	467	467	8	sempre	sempre	_	_	_	_	_	linguistic	_	none	_	_	_	_	_	_
467-9	BOI003	467	467	9	stato	stato	_	_	_	_	_	linguistic	_	none	_	_	_	_	_	_
467-10	BOI003	467	467	10	da	da	_	_	_	_	_	linguistic	_	none	_	_	_	_	_	_
467-11	BOI003	467	467	11	quando	quando	_	_	_	_	_	linguistic	_	none	_	_	_	_	_	_
467-12	BOI003	467	467	12	ero	ero	_	_	_	_	_	linguistic	_	none	_	_	_	_	_	_
467-13	BOI003	467	467	13	bambi:na	bambina	_	_	_	_	_	linguistic	_	none	_	End=1346.339	4x1	_	_	_
468-0	BOI003	468	468	0	da	da	_	_	_	_	_	linguistic	_	none	_	Begin=1346.6	_	_	_	_
468-1	BOI003	468	468	1	quando	quando	_	_	_	_	_	linguistic	_	none	_	_	_	_	_	_
468-2	BOI003	468	468	2	ero	ero	_	_	_	_	_	linguistic	_	none	_	_	_	_	_	_
468-3	BOI003	468	468	3	alle	alle	_	_	_	_	_	linguistic	_	none	_	_	_	_	_	_
468-4	BOI003	468	468	4	medie	medie	_	_	_	_	_	linguistic	_	none	_	_	_	_	_	_
468-5	BOI003	468	468	5	che	che	_	_	_	_	_	linguistic	_	none	_	_	_	_	_	_
468-6	BOI003	468	468	6	magari	magari	_	_	_	_	_	linguistic	_	none	_	_	_	_	_	_
468-7	BOI003	468	468	7	coi	coi	_	_	_	_	_	linguistic	_	none	_	_	_	_	_	_
468-8	BOI003	468	468	8	compagni	compagni	_	_	_	_	_	linguistic	_	none	_	_	_	_	_	_
468-9	BOI003	468	468	9	di	di	_	_	_	_	_	linguistic	_	none	_	_	_	_	_	_
468-10	BOI003	468	468	10	classe	classe	_	_	_	_	_	linguistic	_	none	_	_	_	_	_	_
468-11	BOI003	468	468	11	s'	s'	_	_	_	_	_	linguistic	_	none	SpaceAfter=No	_	_	_	_	_
468-12	BOI003	468	468	12	andava	andava	_	_	_	_	_	linguistic	_	none	_	_	_	_	_	_
468-13	BOI003	468	468	13	a	a	_	_	_	_	_	linguistic	_	none	_	_	_	_	_	_
468-14	BOI003	468	468	14	mangiare	mangiare	_	_	_	_	_	linguistic	_	none	_	_	_	_	_	_
468-15	BOI003	468	468	15	la	la	_	_	_	_	_	linguistic	_	none	_	_	_	_	_	_
468-16	BOI003	468	468	16	p[izza:]	pizza	_	_	_	_	_	linguistic	_	none	_	_	4x1	_	_	0-5(102)
468-17	BOI003	468	468	17	così	così	_	_	_	_	_	linguistic	_	none	_	_	_	_	_	_
468-18	BOI003	468	468	18	eh	eh	_	_	_	_	_	linguistic	_	none	_	End=1352.067	_	_	_	_
469-0	BOR001	469	469	0	[°mhmh°]	mhmh	_	_	_	_	_	linguistic	_	none	Volume=low	Begin=1350.821|End=1351.404	_	_	_	0-4(102)
470-0	BOI003	470	470	0	poi	poi	_	_	_	_	_	linguistic	_	none	_	Begin=1352.587	_	_	_	_
470-1	BOI003	470	470	1	le	le	_	_	_	_	_	linguistic	_	none	_	_	_	_	_	_
470-2	BOI003	470	470	2	adolescenti	adolescenti	_	_	_	_	_	linguistic	_	none	_	_	_	_	_	_
470-3	BOI003	470	470	3	>così>	così	_	_	_	_	_	linguistic	_	none	_	End=1354.187	_	_	_	_
471-0	BOI003	471	471	0	fino	fino	_	_	_	_	_	linguistic	_	none	_	Begin=1354.412	_	_	_	_
471-1	BOI003	471	471	1	alla	alla	_	_	_	_	_	linguistic	_	none	_	_	_	_	_	_
471-2	BOI003	471	471	2	scorsa	scorsa	_	_	_	_	_	linguistic	_	none	_	_	_	_	_	_
471-3	BOI003	471	471	3	settimana	settimana	_	_	_	_	_	linguistic	_	none	_	_	_	_	_	_
471-4	BOI003	471	471	4	((ride))	((ride))	_	_	_	_	_	nonverbalbehavior	_	none	_	End=1356.32	_	_	_	_
472-0	BOR001	472	472	0	((ride))	((ride))	_	_	_	_	_	nonverbalbehavior	_	none	_	Begin=1355.948|End=1356.326	_	_	_	_
473-0	BOI003	473	473	0	sempre	sempre	_	_	_	_	_	linguistic	_	none	_	Begin=1356.385	_	_	_	_
473-1	BOI003	473	473	1	al	al	_	_	_	_	_	linguistic	_	none	_	_	_	_	_	_
473-2	BOI003	473	473	2	tavolaccio	tavolaccio	_	_	_	_	_	linguistic	_	none	_	_	_	_	_	_
473-3	BOI003	473	473	3	c'	c'	_	_	_	_	_	linguistic	_	none	SpaceAfter=No	_	_	_	_	_
473-4	BOI003	473	473	4	è	è	_	_	_	_	_	linguistic	_	none	_	_	_	_	_	_
473-5	BOI003	473	473	5	sempre	sempre	_	_	_	_	_	linguistic	_	none	_	_	_	_	_	_
473-6	BOI003	473	473	6	sta~	sta~	_	_	_	_	_	linguistic	_	none	Interrupted=Yes	_	_	_	_	_
473-7	BOI003	473	473	7	è	è	_	_	_	_	_	linguistic	_	none	_	_	_	_	_	_
473-8	BOI003	473	473	8	un	un	_	_	_	_	_	linguistic	_	none	_	_	_	_	_	_
473-9	BOI003	473	473	9	[punto	punto	_	_	_	_	_	linguistic	_	none	_	_	_	_	_	0-5(103)
473-10	BOI003	473	473	10	di]	di	_	_	_	_	_	linguistic	_	none	_	_	_	_	_	0-2(103)
473-11	BOI003	473	473	11	riferimento:,	riferimento	_	_	_	_	_	linguistic	_	none	Intonation=WeaklyRising	_	10x1	_	_	_
473-12	BOI003	473	473	12	e:	e	_	_	_	_	_	linguistic	_	none	_	_	0x1	_	_	_
473-13	BOI003	473	473	13	non	non	_	_	_	_	_	linguistic	_	none	_	_	_	_	_	_
473-14	BOI003	473	473	14	lo	lo	_	_	_	_	_	linguistic	_	none	_	_	_	_	_	_
473-15	BOI003	473	473	15	so	so	_	_	_	_	_	linguistic	_	none	_	End=1361.666	_	_	_	_
474-0	BOR001	474	474	0	[°okay°]	okay	_	_	_	_	_	linguistic	_	none	Volume=low	Begin=1358.775|End=1359.35	_	_	_	0-4(103)
475-0	BOI003	475	475	0	sarà	sarà	_	_	_	_	_	linguistic	_	none	_	Begin=1361.994	_	_	_	_
475-1	BOI003	475	475	1	perché	perché	_	_	_	_	_	linguistic	_	none	_	_	_	_	_	_
475-2	BOI003	475	475	2	è	è	_	_	_	_	_	linguistic	_	none	_	_	_	_	_	_
475-3	BOI003	475	475	3	in	in	_	_	_	_	_	linguistic	_	none	_	_	_	_	_	_
475-4	BOI003	475	475	4	questa	questa	_	_	_	_	_	linguistic	_	none	_	_	_	_	_	_
475-5	BOI003	475	475	5	z[ona	zona	_	_	_	_	_	linguistic	_	none	_	_	_	_	_	1-4(104)
475-6	BOI003	475	475	6	ecco	ecco	_	_	_	_	_	linguistic	_	none	_	_	_	_	_	0-4(104)
475-7	BOI003	475	475	7	maga]ri	magari	_	_	_	_	_	linguistic	_	none	_	_	_	_	_	0-4(104)
475-8	BOI003	475	475	8	altre	altre	_	_	_	_	_	linguistic	_	none	_	_	_	_	_	_
475-9	BOI003	475	475	9	zone	zone	_	_	_	_	_	linguistic	_	none	_	_	_	_	_	_
475-10	BOI003	475	475	10	della	della	_	_	_	_	_	linguistic	_	none	_	_	_	_	_	_
475-11	BOI003	475	475	11	città	città	_	_	_	_	_	linguistic	_	none	_	End=1365.249	_	_	_	_
476-0	BOR001	476	476	0	[sì]	sì	_	_	_	_	_	linguistic	_	none	_	Begin=1363.421|End=1364.057	_	_	_	0-2(104)
477-0	BOI003	477	477	0	ci	ci	_	_	_	_	_	linguistic	_	none	_	Begin=1365.394	_	_	_	_
477-1	BOI003	477	477	1	saranno	saranno	_	_	_	_	_	linguistic	_	none	_	_	_	_	_	_
477-2	BOI003	477	477	2	al[tre	altre	_	_	_	_	_	linguistic	_	none	_	_	_	_	_	2-5(105)
477-3	BOI003	477	477	3	cose]	cose	_	_	_	_	_	linguistic	_	none	_	End=1366.998	_	_	_	0-4(105)
478-0	BOR001	478	478	0	[altri	altri	_	_	_	_	_	linguistic	_	none	_	Begin=1366.212	_	_	_	0-5(105)
478-1	BOR001	478	478	1	posti]	posti	_	_	_	_	_	linguistic	_	none	_	End=1366.998	_	_	_	0-5(105)
479-0	BOI003	479	479	0	>certo<	certo	_	_	_	_	_	linguistic	_	none	_	Begin=1367.203|End=1367.594	_	Fast=0-5(0)	_	_
480-0	BOR001	480	480	0	sì	sì	_	_	_	_	_	linguistic	_	none	_	Begin=1367.594	_	_	_	_
480-1	BOR001	480	480	1	sì	sì	_	_	_	_	_	linguistic	_	none	_	End=1367.954	_	_	_	_
481-0	BOR001	481	481	0	ma	ma	_	_	_	_	_	linguistic	_	none	_	Begin=1368.427	_	_	_	_
481-1	BOR001	481	481	1	invece	invece	_	_	_	_	_	linguistic	_	none	_	_	_	_	_	_
481-2	BOR001	481	481	2	eh	eh	_	_	_	_	_	linguistic	_	none	_	_	_	_	_	_
481-3	BOR001	481	481	3	riguardo	riguardo	_	_	_	_	_	linguistic	_	none	_	_	_	_	_	_
481-4	BOR001	481	481	4	a	a	_	_	_	_	_	linguistic	_	none	_	_	_	_	_	_
481-5	BOR001	481	481	5	questa	questa	_	_	_	_	_	linguistic	_	none	_	_	_	_	_	_
481-6	BOR001	481	481	6	zona	zona	_	_	_	_	_	linguistic	_	none	_	_	_	_	_	_
481-7	BOR001	481	481	7	della	della	_	_	_	_	_	linguistic	_	none	_	_	_	_	_	_
481-8	BOR001	481	481	8	città	città	_	_	_	_	_	linguistic	_	none	_	End=1370.867	_	_	_	_
482-0	BOR001	482	482	0	eh	eh	_	_	_	_	_	linguistic	_	none	_	Begin=1370.927	_	_	_	_
482-1	BOR001	482	482	1	te	te	_	_	_	_	_	linguistic	_	none	_	_	_	_	_	_
482-2	BOR001	482	482	2	lo	lo	_	_	_	_	_	linguistic	_	none	_	_	_	_	_	_
482-3	BOR001	482	482	3	chiedo	chiedo	_	_	_	_	_	linguistic	_	none	_	_	_	_	_	_
482-4	BOR001	482	482	4	perché	perché	_	_	_	_	_	linguistic	_	none	_	End=1372.154	_	_	_	_
483-0	BOR001	483	483	0	mh	mh	_	_	_	_	_	linguistic	_	none	_	Begin=1372.274	_	_	_	_
483-1	BOR001	483	483	1	è	è	_	_	_	_	_	linguistic	_	none	_	_	_	_	_	_
483-2	BOR001	483	483	2	interessante	interessante	_	_	_	_	_	linguistic	_	none	_	_	_	_	_	_
483-3	BOR001	483	483	3	capire	capire	_	_	_	_	_	linguistic	_	none	_	End=1374.354	_	_	_	_
484-0	BOR001	484	484	0	e:::hm	ehm	_	_	_	_	_	linguistic	_	none	_	Begin=1374.767|End=1376.567	0x3	_	_	_
485-0	BOR001	485	485	0	un	un	_	_	_	_	_	linguistic	_	none	_	Begin=1376.66	_	_	_	_
485-1	BOR001	485	485	1	po'	po'	_	_	_	_	_	linguistic	_	none	_	_	_	_	_	_
485-2	BOR001	485	485	2	soprattutto	soprattutto	_	_	_	_	_	linguistic	_	none	_	_	_	_	_	_
485-3	BOR001	485	485	3	l'	l'	_	_	_	_	_	linguistic	_	none	SpaceAfter=No	_	_	_	_	_
485-4	BOR001	485	485	4	opinione	opinione	_	_	_	_	_	linguistic	_	none	_	_	_	_	_	_
485-5	BOR001	485	485	5	di	di	_	_	_	_	_	linguistic	_	none	_	_	_	_	_	_
485-6	BOR001	485	485	6	chi	chi	_	_	_	_	_	linguistic	_	none	_	_	_	_	_	_
485-7	BOR001	485	485	7	vive	vive	_	_	_	_	_	linguistic	_	none	_	_	_	_	_	_
485-8	BOR001	485	485	8	qua	qua	_	_	_	_	_	linguistic	_	none	_	End=1379.214	_	_	_	_
486-0	BOR001	486	486	0	eh	eh	_	_	_	_	_	linguistic	_	none	_	Begin=1379.585	_	_	_	_
486-1	BOR001	486	486	1	il	il	_	_	_	_	_	linguistic	_	none	_	_	_	_	_	_
486-2	BOR001	486	486	2	problema	problema	_	_	_	_	_	linguistic	_	none	_	_	_	_	_	_
486-3	BOR001	486	486	3	stadio	stadio	_	_	_	_	_	linguistic	_	none	_	End=1381.39	_	_	_	_
487-0	BOR001	487	487	0	t~	t~	_	_	_	_	_	linguistic	_	none	Interrupted=Yes	Begin=1382.12	_	_	_	_
487-1	BOR001	487	487	1	molti::	molti	_	_	_	_	_	linguistic	_	none	_	_	4x2	_	_	_
487-2	BOR001	487	487	2	si	si	_	_	_	_	_	linguistic	_	none	_	_	_	_	_	_
487-3	BOR001	487	487	3	lamentano	lamentano	_	_	_	_	_	linguistic	_	none	_	_	_	_	_	_
487-4	BOR001	487	487	4	c(io)é	cioé	_	_	_	_	_	linguistic	_	none	Reduced=Yes	_	_	_	_	_
487-5	BOR001	487	487	5	per	per	_	_	_	_	_	linguistic	_	none	_	_	_	_	_	_
487-6	BOR001	487	487	6	molti	molti	_	_	_	_	_	linguistic	_	none	_	End=1385.854	_	_	_	_
488-0	BOR001	488	488	0	che	che	_	_	_	_	_	linguistic	_	none	_	Begin=1386.047	_	_	_	_
488-1	BOR001	488	488	1	vivono	vivono	_	_	_	_	_	linguistic	_	none	_	_	_	_	_	_
488-2	BOR001	488	488	2	in	in	_	_	_	_	_	linguistic	_	none	_	_	_	_	_	_
488-3	BOR001	488	488	3	zona	zona	_	_	_	_	_	linguistic	_	none	_	_	_	_	_	_
488-4	BOR001	488	488	4	ovviamente	ovviamente	_	_	_	_	_	linguistic	_	none	_	_	_	_	_	_
488-5	BOR001	488	488	5	ehm	ehm	_	_	_	_	_	linguistic	_	none	_	End=1388.08	_	_	_	_
489-0	BOR001	489	489	0	è	è	_	_	_	_	_	linguistic	_	none	_	Begin=1388.634	_	_	_	_
489-1	BOR001	489	489	1	una	una	_	_	_	_	_	linguistic	_	none	_	_	_	_	_	_
489-2	BOR001	489	489	2	cosa	cosa	_	_	_	_	_	linguistic	_	none	_	_	_	_	_	_
489-3	BOR001	489	489	3	che::	che	_	_	_	_	_	linguistic	_	none	_	End=1390.447	2x2	_	_	_
490-0	BOR001	490	490	0	ti	ti	_	_	_	_	_	linguistic	_	none	_	Begin=1391.12	_	_	_	_
490-1	BOR001	490	490	1	crea	crea	_	_	_	_	_	linguistic	_	none	_	_	_	_	_	_
490-2	BOR001	490	490	2	disagi	disagi	_	_	_	_	_	linguistic	_	none	_	_	_	_	_	_
490-3	BOR001	490	490	3	>con<	con	_	_	_	_	_	linguistic	_	none	_	End=1392.714	_	Fast=0-3(0)	_	_
491-0	BOR001	491	491	0	tutto:	tutto	_	_	_	_	_	linguistic	_	none	_	Begin=1392.88	4x1	_	_	_
491-1	BOR001	491	491	1	il	il	_	_	_	_	_	linguistic	_	none	_	_	_	_	_	_
491-2	BOR001	491	491	2	casino	casino	_	_	_	_	_	linguistic	_	none	_	_	_	_	_	_
491-3	BOR001	491	491	3	che	che	_	_	_	_	_	linguistic	_	none	_	_	_	_	_	_
491-4	BOR001	491	491	4	ovviamente	ovviamente	_	_	_	_	_	linguistic	_	none	_	_	_	_	_	_
491-5	BOR001	491	491	5	c'	c'	_	_	_	_	_	linguistic	_	none	SpaceAfter=No	_	_	_	_	_
491-6	BOR001	491	491	6	é	é	_	_	_	_	_	linguistic	_	none	_	_	_	_	_	_
491-7	BOR001	491	491	7	e:::hm	ehm	_	_	_	_	_	linguistic	_	none	_	End=1396.654	0x3	_	_	_
492-0	BOR001	492	492	0	tu	tu	_	_	_	_	_	linguistic	_	none	_	Begin=1397.227	_	_	_	_
492-1	BOR001	492	492	1	sei	sei	_	_	_	_	_	linguistic	_	none	_	End=1398.014	_	_	_	_
493-0	BOR001	493	493	0	una	una	_	_	_	_	_	linguistic	_	none	_	Begin=1398.287	_	_	_	_
493-1	BOR001	493	493	1	di	di	_	_	_	_	_	linguistic	_	none	_	_	_	_	_	_
493-2	BOR001	493	493	2	quelle	quelle	_	_	_	_	_	linguistic	_	none	_	_	_	_	_	_
493-3	BOR001	493	493	3	persone	persone	_	_	_	_	_	linguistic	_	none	_	_	_	_	_	_
493-4	BOR001	493	493	4	che	che	_	_	_	_	_	linguistic	_	none	_	_	_	_	_	_
493-5	BOR001	493	493	5	magari	magari	_	_	_	_	_	linguistic	_	none	_	_	_	_	_	_
493-6	BOR001	493	493	6	sarebbero	sarebbero	_	_	_	_	_	linguistic	_	none	_	_	_	_	_	_
493-7	BOR001	493	493	7	a	a	_	_	_	_	_	linguistic	_	none	_	_	_	_	_	_
493-8	BOR001	493	493	8	favore	favore	_	_	_	_	_	linguistic	_	none	_	_	_	_	_	_
493-9	BOR001	493	493	9	di	di	_	_	_	_	_	linguistic	_	none	_	_	_	_	_	_
493-10	BOR001	493	493	10	spostarlo	spostarlo	_	_	_	_	_	linguistic	_	none	_	_	_	_	_	_
493-11	BOR001	493	493	11	fuori	fuori	_	_	_	_	_	linguistic	_	none	_	_	_	_	_	_
493-12	BOR001	493	493	12	bologna,	bologna	_	_	_	_	_	linguistic	_	none	Intonation=WeaklyRising	End=1402.254	_	_	_	_
494-0	BOI003	494	494	0	°mh	mh	_	_	_	_	_	linguistic	_	none	Volume=low	Begin=1402.927	_	_	_	_
494-1	BOI003	494	494	1	boh°	boh	_	_	_	_	_	linguistic	_	none	Volume=low	End=1403.5	_	_	_	_
495-0	BOI003	495	495	0	io	io	_	_	_	_	_	linguistic	_	none	_	Begin=1403.84	_	_	_	_
495-1	BOI003	495	495	1	no	no	_	_	_	_	_	linguistic	_	none	_	_	_	_	_	_
495-2	BOI003	495	495	2	((ride))	((ride))	_	_	_	_	_	nonverbalbehavior	_	none	_	_	_	_	_	_
495-3	BOI003	495	495	3	ecco	ecco	_	_	_	_	_	linguistic	_	none	_	_	_	_	_	_
495-4	BOI003	495	495	4	nel	nel	_	_	_	_	_	linguistic	_	none	_	_	_	_	_	_
495-5	BOI003	495	495	5	senso	senso	_	_	_	_	_	linguistic	_	none	_	_	_	_	_	_
495-6	BOI003	495	495	6	sì	sì	_	_	_	_	_	linguistic	_	none	_	_	_	_	_	_
495-7	BOI003	495	495	7	è	è	_	_	_	_	_	linguistic	_	none	_	_	_	_	_	_
495-8	BOI003	495	495	8	vero	vero	_	_	_	_	_	linguistic	_	none	_	_	_	_	_	_
495-9	BOI003	495	495	9	può	può	_	_	_	_	_	linguistic	_	none	_	_	_	_	_	_
495-10	BOI003	495	495	10	creare	creare	_	_	_	_	_	linguistic	_	none	_	_	_	_	_	_
495-11	BOI003	495	495	11	dei	dei	_	_	_	_	_	linguistic	_	none	_	_	_	_	_	_
495-12	BOI003	495	495	12	disagi	disagi	_	_	_	_	_	linguistic	_	none	_	_	_	_	_	_
495-13	BOI003	495	495	13	magari	magari	_	_	_	_	_	linguistic	_	none	_	_	_	_	_	_
495-14	BOI003	495	495	14	il	il	_	_	_	_	_	linguistic	_	none	_	_	_	_	_	_
495-15	BOI003	495	495	15	traffico	traffico	_	_	_	_	_	linguistic	_	none	_	_	_	_	_	_
495-16	BOI003	495	495	16	magari	magari	_	_	_	_	_	linguistic	_	none	_	_	_	_	_	_
495-17	BOI003	495	495	17	il	il	_	_	_	_	_	linguistic	_	none	_	_	_	_	_	_
495-18	BOI003	495	495	18	parcheggio	parcheggio	_	_	_	_	_	linguistic	_	none	_	_	_	_	_	_
495-19	BOI003	495	495	19	così	così	_	_	_	_	_	linguistic	_	none	_	End=1410.627	_	_	_	_
496-0	BOR001	496	496	0	((ride))	((ride))	_	_	_	_	_	nonverbalbehavior	_	none	_	Begin=1404.313|End=1404.94	_	_	_	_
497-0	BOI003	497	497	0	però	però	_	_	_	_	_	linguistic	_	none	_	Begin=1410.907	_	_	_	_
497-1	BOI003	497	497	1	io	io	_	_	_	_	_	linguistic	_	none	_	_	_	_	_	_
497-2	BOI003	497	497	2	vedo	vedo	_	_	_	_	_	linguistic	_	none	_	_	_	_	_	_
497-3	BOI003	497	497	3	solo	solo	_	_	_	_	_	linguistic	_	none	_	_	_	_	_	_
497-4	BOI003	497	497	4	l'	l'	_	_	_	_	_	linguistic	_	none	SpaceAfter=No	_	_	_	_	_
497-5	BOI003	497	497	5	aspetto	aspetto	_	_	_	_	_	linguistic	_	none	_	_	_	_	_	_
497-6	BOI003	497	497	6	positivo	positivo	_	_	_	_	_	linguistic	_	none	_	_	_	_	_	_
497-7	BOI003	497	497	7	ecco	ecco	_	_	_	_	_	linguistic	_	none	_	_	_	_	_	_
497-8	BOI003	497	497	8	di	di	_	_	_	_	_	linguistic	_	none	_	_	_	_	_	_
497-9	BOI003	497	497	9	avere	avere	_	_	_	_	_	linguistic	_	none	_	_	_	_	_	_
497-10	BOI003	497	497	10	lo	lo	_	_	_	_	_	linguistic	_	none	_	_	_	_	_	_
497-11	BOI003	497	497	11	stadio	stadio	_	_	_	_	_	linguistic	_	none	_	_	_	_	_	_
497-12	BOI003	497	497	12	qua	qua	_	_	_	_	_	linguistic	_	none	_	_	_	_	_	_
497-13	BOI003	497	497	13	perché	perché	_	_	_	_	_	linguistic	_	none	_	_	_	_	_	_
497-14	BOI003	497	497	14	appunto	appunto	_	_	_	_	_	linguistic	_	none	_	_	_	_	_	_
497-15	BOI003	497	497	15	ce	ce	_	_	_	_	_	linguistic	_	none	_	_	_	_	_	_
497-16	BOI003	497	497	16	l'	l'	_	_	_	_	_	linguistic	_	none	SpaceAfter=No	_	_	_	_	_
497-17	BOI003	497	497	17	ho	ho	_	_	_	_	_	linguistic	_	none	_	_	_	_	_	_
497-18	BOI003	497	497	18	vici:no	vicino	_	_	_	_	_	linguistic	_	none	_	End=1417.087	3x1	_	_	_
498-0	BOI003	498	498	0	gli	gli	_	_	_	_	_	linguistic	_	none	_	Begin=1417.43	_	_	_	_
498-1	BOI003	498	498	1	eventi	eventi	_	_	_	_	_	linguistic	_	none	_	_	_	_	_	_
498-2	BOI003	498	498	2	sporti:vi	sportivi	_	_	_	_	_	linguistic	_	none	_	_	5x1	_	_	_
498-3	BOI003	498	498	3	ma	ma	_	_	_	_	_	linguistic	_	none	_	_	_	_	_	_
498-4	BOI003	498	498	4	anche	anche	_	_	_	_	_	linguistic	_	none	_	_	_	_	_	_
498-5	BOI003	498	498	5	tutto	tutto	_	_	_	_	_	linguistic	_	none	_	End=1419.674	_	_	_	_
499-0	BOI003	499	499	0	eh	eh	_	_	_	_	_	linguistic	_	none	_	Begin=1419.78	_	_	_	_
499-1	BOI003	499	499	1	diciamo	diciamo	_	_	_	_	_	linguistic	_	none	_	_	_	_	_	_
499-2	BOI003	499	499	2	le	le	_	_	_	_	_	linguistic	_	none	_	_	_	_	_	_
499-3	BOI003	499	499	3	palestre	palestre	_	_	_	_	_	linguistic	_	none	_	_	_	_	_	_
499-4	BOI003	499	499	4	la	la	_	_	_	_	_	linguistic	_	none	_	_	_	_	_	_
499-5	BOI003	499	499	5	piscina	piscina	_	_	_	_	_	linguistic	_	none	_	_	_	_	_	_
499-6	BOI003	499	499	6	tutto	tutto	_	_	_	_	_	linguistic	_	none	_	_	_	_	_	_
499-7	BOI003	499	499	7	quello	quello	_	_	_	_	_	linguistic	_	none	_	_	_	_	_	_
499-8	BOI003	499	499	8	che	che	_	_	_	_	_	linguistic	_	none	_	_	_	_	_	_
499-9	BOI003	499	499	9	c'	c'	_	_	_	_	_	linguistic	_	none	SpaceAfter=No	_	_	_	_	_
499-10	BOI003	499	499	10	è	è	_	_	_	_	_	linguistic	_	none	_	_	_	_	_	_
499-11	BOI003	499	499	11	di	di	_	_	_	_	_	linguistic	_	none	_	_	_	_	_	_
499-12	BOI003	499	499	12	contorno	contorno	_	_	_	_	_	linguistic	_	none	_	End=1424.025	_	_	_	_
500-0	BOI003	500	500	0	oppure	oppure	_	_	_	_	_	linguistic	_	none	_	Begin=1424.14	_	_	_	_
500-1	BOI003	500	500	1	se	se	_	_	_	_	_	linguistic	_	none	_	_	_	_	_	_
500-2	BOI003	500	500	2	magari	magari	_	_	_	_	_	linguistic	_	none	_	_	_	_	_	_
500-3	BOI003	500	500	3	fanno	fanno	_	_	_	_	_	linguistic	_	none	_	_	_	_	_	_
500-4	BOI003	500	500	4	uno	uno	_	_	_	_	_	linguistic	_	none	_	_	_	_	_	_
500-5	BOI003	500	500	5	spetta:colo	spettacolo	_	_	_	_	_	linguistic	_	none	_	_	5x1	_	_	_
500-6	BOI003	500	500	6	un	un	_	_	_	_	_	linguistic	_	none	_	_	_	_	_	_
500-7	BOI003	500	500	7	concerto	concerto	_	_	_	_	_	linguistic	_	none	_	_	_	_	_	_
500-8	BOI003	500	500	8	anche	anche	_	_	_	_	_	linguistic	_	none	_	_	_	_	_	_
500-9	BOI003	500	500	9	se	se	_	_	_	_	_	linguistic	_	none	_	_	_	_	_	_
500-10	BOI003	500	500	10	magari	magari	_	_	_	_	_	linguistic	_	none	_	_	_	_	_	_
500-11	BOI003	500	500	11	non	non	_	_	_	_	_	linguistic	_	none	_	_	_	_	_	_
500-12	BOI003	500	500	12	è	è	_	_	_	_	_	linguistic	_	none	_	_	_	_	_	_
500-13	BOI003	500	500	13	il	il	_	_	_	_	_	linguistic	_	none	_	_	_	_	_	_
500-14	BOI003	500	500	14	concerto	concerto	_	_	_	_	_	linguistic	_	none	_	_	_	_	_	_
500-15	BOI003	500	500	15	della	della	_	_	_	_	_	linguistic	_	none	_	_	_	_	_	_
500-16	BOI003	500	500	16	persona:	persona	_	_	_	_	_	linguistic	_	none	_	_	6x1	_	_	_
500-17	BOI003	500	500	17	del	del	_	_	_	_	_	linguistic	_	none	_	_	_	_	_	_
500-18	BOI003	500	500	18	cantante	cantante	_	_	_	_	_	linguistic	_	none	_	_	_	_	_	_
500-19	BOI003	500	500	19	che	che	_	_	_	_	_	linguistic	_	none	_	_	_	_	_	_
500-20	BOI003	500	500	20	piace	piace	_	_	_	_	_	linguistic	_	none	_	_	_	_	_	_
500-21	BOI003	500	500	21	a	a	_	_	_	_	_	linguistic	_	none	_	_	_	_	_	_
500-22	BOI003	500	500	22	me	me	_	_	_	_	_	linguistic	_	none	_	End=1431.894	_	_	_	_
501-0	BOI003	501	501	0	però	però	_	_	_	_	_	linguistic	_	none	_	Begin=1432.04	_	_	_	_
501-1	BOI003	501	501	1	il	il	_	_	_	_	_	linguistic	_	none	_	_	_	_	_	_
501-2	BOI003	501	501	2	fatto	fatto	_	_	_	_	_	linguistic	_	none	_	_	_	_	_	_
501-3	BOI003	501	501	3	di	di	_	_	_	_	_	linguistic	_	none	_	_	_	_	_	_
501-4	BOI003	501	501	4	avercelo	avercelo	_	_	_	_	_	linguistic	_	none	_	_	_	_	_	_
501-5	BOI003	501	501	5	qua	qua	_	_	_	_	_	linguistic	_	none	_	_	_	_	_	_
501-6	BOI003	501	501	6	vicino	vicino	_	_	_	_	_	linguistic	_	none	_	End=1434.054	_	_	_	_
502-0	BOI003	502	502	0	io	io	_	_	_	_	_	linguistic	_	none	_	Begin=1434.707	_	_	_	_
502-1	BOI003	502	502	1	lo	lo	_	_	_	_	_	linguistic	_	none	_	_	_	_	_	_
502-2	BOI003	502	502	2	trovo:	trovo	_	_	_	_	_	linguistic	_	none	_	End=1435.794	4x1	_	_	_
503-0	BOI003	503	503	0	un	un	_	_	_	_	_	linguistic	_	none	_	Begin=1436.18	_	_	_	_
503-1	BOI003	503	503	1	aspetto	aspetto	_	_	_	_	_	linguistic	_	none	_	_	_	_	_	_
503-2	BOI003	503	503	2	positivo	positivo	_	_	_	_	_	linguistic	_	none	_	_	_	_	_	_
503-3	BOI003	503	503	3	un	un	_	_	_	_	_	linguistic	_	none	_	_	_	_	_	_
503-4	BOI003	503	503	4	qualche	qualche	_	_	_	_	_	linguistic	_	none	_	_	_	_	_	_
503-5	BOI003	503	503	5	cosa	cosa	_	_	_	_	_	linguistic	_	none	_	_	_	_	_	_
503-6	BOI003	503	503	6	che	che	_	_	_	_	_	linguistic	_	none	_	_	_	_	_	_
503-7	BOI003	503	503	7	rende	rende	_	_	_	_	_	linguistic	_	none	_	_	_	_	_	_
503-8	BOI003	503	503	8	più	più	_	_	_	_	_	linguistic	_	none	_	_	_	_	_	_
503-9	BOI003	503	503	9	vivo:	vivo	_	_	_	_	_	linguistic	_	none	_	_	3x1	_	_	_
503-10	BOI003	503	503	10	il	il	_	_	_	_	_	linguistic	_	none	_	_	_	_	_	_
503-11	BOI003	503	503	11	quartiere,	quartiere	_	_	_	_	_	linguistic	_	none	Intonation=WeaklyRising	_	_	_	_	_
503-12	BOI003	503	503	12	che	che	_	_	_	_	_	linguistic	_	none	_	_	_	_	_	_
503-13	BOI003	503	503	13	rende:	rende	_	_	_	_	_	linguistic	_	none	_	End=1441.867	4x1	_	_	_
504-0	BOI003	504	504	0	poi	poi	_	_	_	_	_	linguistic	_	none	_	Begin=1441.907	_	_	_	_
504-1	BOI003	504	504	1	vabbé	vabbé	_	_	_	_	_	linguistic	_	none	_	_	_	_	_	_
504-2	BOI003	504	504	2	eh	eh	_	_	_	_	_	linguistic	_	none	_	_	_	_	_	_
504-3	BOI003	504	504	3	c'	c'	_	_	_	_	_	linguistic	_	none	SpaceAfter=No	_	_	_	_	_
504-4	BOI003	504	504	4	é	é	_	_	_	_	_	linguistic	_	none	_	_	_	_	_	_
504-5	BOI003	504	504	5	sempre	sempre	_	_	_	_	_	linguistic	_	none	_	_	_	_	_	_
504-6	BOI003	504	504	6	il	il	_	_	_	_	_	linguistic	_	none	_	_	_	_	_	_
504-7	BOI003	504	504	7	solito	solito	_	_	_	_	_	linguistic	_	none	_	_	_	_	_	_
504-8	BOI003	504	504	8	p~	p~	_	_	_	_	_	linguistic	_	none	Interrupted=Yes	End=1444.04	_	_	_	_
505-0	BOI003	505	505	0	problema	problema	_	_	_	_	_	linguistic	_	none	_	Begin=1444.174	_	_	_	_
505-1	BOI003	505	505	1	del	del	_	_	_	_	_	linguistic	_	none	_	_	_	_	_	_
505-2	BOI003	505	505	2	traffico	traffico	_	_	_	_	_	linguistic	_	none	_	_	_	_	_	_
505-3	BOI003	505	505	3	ma:	ma	_	_	_	_	_	linguistic	_	none	_	End=1445.994	1x1	_	_	_
506-0	BOI003	506	506	0	quello	quello	_	_	_	_	_	linguistic	_	none	_	Begin=1446.027	_	_	_	_
506-1	BOI003	506	506	1	c'	c'	_	_	_	_	_	linguistic	_	none	SpaceAfter=No	_	_	_	_	_
506-2	BOI003	506	506	2	è	è	_	_	_	_	_	linguistic	_	none	_	_	_	_	_	_
506-3	BOI003	506	506	3	sempre	sempre	_	_	_	_	_	linguistic	_	none	_	_	_	_	_	_
506-4	BOI003	506	506	4	dappertutto:	dappertutto	_	_	_	_	_	linguistic	_	none	_	End=1448.374	10x1	_	_	_
507-0	BOI003	507	507	0	e:hm	ehm	_	_	_	_	_	linguistic	_	none	_	Begin=1448.687	0x1	_	_	_
507-1	BOI003	507	507	1	io	io	_	_	_	_	_	linguistic	_	none	_	_	_	_	_	_
507-2	BOI003	507	507	2	l~	l~	_	_	_	_	_	linguistic	_	none	Interrupted=Yes	_	_	_	_	_
507-3	BOI003	507	507	3	lo	lo	_	_	_	_	_	linguistic	_	none	_	_	_	_	_	_
507-4	BOI003	507	507	4	trovo	trovo	_	_	_	_	_	linguistic	_	none	_	_	_	_	_	_
507-5	BOI003	507	507	5	sempre	sempre	_	_	_	_	_	linguistic	_	none	_	_	_	_	_	_
507-6	BOI003	507	507	6	come	come	_	_	_	_	_	linguistic	_	none	_	_	_	_	_	_
507-7	BOI003	507	507	7	una	una	_	_	_	_	_	linguistic	_	none	_	_	_	_	_	_
507-8	BOI003	507	507	8	cosa	cosa	_	_	_	_	_	linguistic	_	none	_	_	_	_	_	_
507-9	BOI003	507	507	9	positiva	positiva	_	_	_	_	_	linguistic	_	none	_	_	_	_	_	_
507-10	BOI003	507	507	10	non	non	_	_	_	_	_	linguistic	_	none	_	_	_	_	_	_
507-11	BOI003	507	507	11	riesco	riesco	_	_	_	_	_	linguistic	_	none	_	_	_	_	_	_
507-12	BOI003	507	507	12	a	a	_	_	_	_	_	linguistic	_	none	_	_	_	_	_	_
507-13	BOI003	507	507	13	trovarci	trovarci	_	_	_	_	_	linguistic	_	none	_	_	_	_	_	_
507-14	BOI003	507	507	14	niente	niente	_	_	_	_	_	linguistic	_	none	_	_	_	_	_	_
507-15	BOI003	507	507	15	di	di	_	_	_	_	_	linguistic	_	none	_	_	_	_	_	_
507-16	BOI003	507	507	16	negativo:	negativo	_	_	_	_	_	linguistic	_	none	_	_	7x1	_	_	_
507-17	BOI003	507	507	17	nell'	nell'	_	_	_	_	_	linguistic	_	none	SpaceAfter=No	_	_	_	_	_
507-18	BOI003	507	507	18	avere	avere	_	_	_	_	_	linguistic	_	none	_	_	_	_	_	_
507-19	BOI003	507	507	19	lo	lo	_	_	_	_	_	linguistic	_	none	_	_	_	_	_	_
507-20	BOI003	507	507	20	stadio	stadio	_	_	_	_	_	linguistic	_	none	_	_	_	_	_	_
507-21	BOI003	507	507	21	vicino:	vicino	_	_	_	_	_	linguistic	_	none	_	_	5x1	_	_	_
507-22	BOI003	507	507	22	e	e	_	_	_	_	_	linguistic	_	none	_	End=1457.014	_	_	_	_
508-0	BOI003	508	508	0	non	non	_	_	_	_	_	linguistic	_	none	_	Begin=1457.114	_	_	_	_
508-1	BOI003	508	508	1	lo	lo	_	_	_	_	_	linguistic	_	none	_	_	_	_	_	_
508-2	BOI003	508	508	2	so	so	_	_	_	_	_	linguistic	_	none	_	End=1457.79	_	_	_	_
509-0	BOR001	509	509	0	quindi	quindi	_	_	_	_	_	linguistic	_	none	_	Begin=1457.79	_	_	_	_
509-1	BOR001	509	509	1	offre	offre	_	_	_	_	_	linguistic	_	none	_	_	_	_	_	_
509-2	BOR001	509	509	2	anche	anche	_	_	_	_	_	linguistic	_	none	_	_	_	_	_	_
509-3	BOR001	509	509	3	tanto	tanto	_	_	_	_	_	linguistic	_	none	_	_	_	_	_	_
509-4	BOR001	509	509	4	altro	altro	_	_	_	_	_	linguistic	_	none	_	_	_	_	_	_
509-5	BOR001	509	509	5	oltre	oltre	_	_	_	_	_	linguistic	_	none	_	End=1460.027	_	_	_	_
510-0	BOR001	510	510	0	al	al	_	_	_	_	_	linguistic	_	none	_	Begin=1460.64	_	_	_	_
510-1	BOR001	510	510	1	calcio	calcio	_	_	_	_	_	linguistic	_	none	_	_	_	_	_	_
510-2	BOR001	510	510	2	in	in	_	_	_	_	_	linguistic	_	none	_	_	_	_	_	_
510-3	BOR001	510	510	3	sé	sé	_	_	_	_	_	linguistic	_	none	_	End=1461.974	_	_	_	_
511-0	BOR001	511	511	0	[che]	che	_	_	_	_	_	linguistic	_	none	_	Begin=1462.307|End=1462.994	_	_	_	0-3(106)
512-0	BOI003	512	512	0	[ma	ma	_	_	_	_	_	linguistic	_	none	_	Begin=1462.32	_	_	_	0-2(106)
512-1	BOI003	512	512	1	sì]	sì	_	_	_	_	_	linguistic	_	none	_	_	_	_	_	0-2(106)
512-2	BOI003	512	512	2	sì	sì	_	_	_	_	_	linguistic	_	none	_	_	_	_	_	_
512-3	BOI003	512	512	3	è	è	_	_	_	_	_	linguistic	_	none	_	_	_	_	_	_
512-4	BOI003	512	512	4	una	una	_	_	_	_	_	linguistic	_	none	_	_	_	_	_	_
512-5	BOI003	512	512	5	pote~	pote~	_	_	_	_	_	linguistic	_	none	Interrupted=Yes	_	_	_	_	_
512-6	BOI003	512	512	6	potenzialità	potenzialità	_	_	_	_	_	linguistic	_	none	_	_	_	_	_	_
512-7	BOI003	512	512	7	a	a	_	_	_	_	_	linguistic	_	none	_	_	_	_	_	_
512-8	BOI003	512	512	8	parte:	parte	_	_	_	_	_	linguistic	_	none	_	End=1465.774	4x1	_	_	_
513-0	BOI003	513	513	0	il	il	_	_	_	_	_	linguistic	_	none	_	Begin=1465.787	_	_	_	_
513-1	BOI003	513	513	1	fatto	fatto	_	_	_	_	_	linguistic	_	none	_	_	_	_	_	_
513-2	BOI003	513	513	2	di	di	_	_	_	_	_	linguistic	_	none	_	_	_	_	_	_
513-3	BOI003	513	513	3	avere	avere	_	_	_	_	_	linguistic	_	none	_	_	_	_	_	_
513-4	BOI003	513	513	4	il	il	_	_	_	_	_	linguistic	_	none	_	_	_	_	_	_
513-5	BOI003	513	513	5	servizio	servizio	_	_	_	_	_	linguistic	_	none	_	_	_	_	_	_
513-6	BOI003	513	513	6	della:	della	_	_	_	_	_	linguistic	_	none	_	_	4x1	_	_	_
513-7	BOI003	513	513	7	della	della	_	_	_	_	_	linguistic	_	none	_	_	_	_	_	_
513-8	BOI003	513	513	8	piscina	piscina	_	_	_	_	_	linguistic	_	none	_	_	_	_	_	_
513-9	BOI003	513	513	9	e	e	_	_	_	_	_	linguistic	_	none	_	_	_	_	_	_
513-10	BOI003	513	513	10	delle	delle	_	_	_	_	_	linguistic	_	none	_	_	_	_	_	_
513-11	BOI003	513	513	11	palEstre	palestre	_	_	_	_	_	linguistic	_	none	Volume=high	_	_	_	_	_
513-12	BOI003	513	513	12	che	che	_	_	_	_	_	linguistic	_	none	_	_	_	_	_	_
513-13	BOI003	513	513	13	sono	sono	_	_	_	_	_	linguistic	_	none	_	_	_	_	_	_
513-14	BOI003	513	513	14	qua	qua	_	_	_	_	_	linguistic	_	none	_	_	_	_	_	_
513-15	BOI003	513	513	15	vicino	vicino	_	_	_	_	_	linguistic	_	none	_	End=1470.88	_	_	_	_
514-0	BOI003	514	514	0	e::hm	ehm	_	_	_	_	_	linguistic	_	none	_	Begin=1471.294	0x2	_	_	_
514-1	BOI003	514	514	1	ma	ma	_	_	_	_	_	linguistic	_	none	_	_	_	_	_	_
514-2	BOI003	514	514	2	poi	poi	_	_	_	_	_	linguistic	_	none	_	_	_	_	_	_
514-3	BOI003	514	514	3	sì	sì	_	_	_	_	_	linguistic	_	none	_	_	_	_	_	_
514-4	BOI003	514	514	4	potenzialità	potenzialità	_	_	_	_	_	linguistic	_	none	_	_	_	_	_	_
514-5	BOI003	514	514	5	per	per	_	_	_	_	_	linguistic	_	none	_	_	_	_	_	_
514-6	BOI003	514	514	6	fare	fare	_	_	_	_	_	linguistic	_	none	_	_	_	_	_	_
514-7	BOI003	514	514	7	tanti	tanti	_	_	_	_	_	linguistic	_	none	_	_	_	_	_	_
514-8	BOI003	514	514	8	spettacoli	spettacoli	_	_	_	_	_	linguistic	_	none	_	_	_	_	_	_
514-9	BOI003	514	514	9	adesso	adesso	_	_	_	_	_	linguistic	_	none	_	_	_	_	_	_
514-10	BOI003	514	514	10	magari	magari	_	_	_	_	_	linguistic	_	none	_	_	_	_	_	_
514-11	BOI003	514	514	11	per	per	_	_	_	_	_	linguistic	_	none	_	_	_	_	_	_
514-12	BOI003	514	514	12	via	via	_	_	_	_	_	linguistic	_	none	_	_	_	_	_	_
514-13	BOI003	514	514	13	del	del	_	_	_	_	_	linguistic	_	none	_	_	_	_	_	_
514-14	BOI003	514	514	14	periodo	periodo	_	_	_	_	_	linguistic	_	none	_	_	_	_	_	_
514-15	BOI003	514	514	15	del	del	_	_	_	_	_	linguistic	_	none	_	_	_	_	_	_
514-16	BOI003	514	514	16	covid	covid	_	_	_	_	_	linguistic	_	none	_	End=1477.867	_	_	_	_
515-0	BOI003	515	515	0	eh	eh	_	_	_	_	_	linguistic	_	none	_	Begin=1478.212	_	_	_	_
515-1	BOI003	515	515	1	un	un	_	_	_	_	_	linguistic	_	none	_	_	_	_	_	_
515-2	BOI003	515	515	2	po'	po'	_	_	_	_	_	linguistic	_	none	_	_	_	_	_	_
515-3	BOI003	515	515	3	si	si	_	_	_	_	_	linguistic	_	none	_	_	_	_	_	_
515-4	BOI003	515	515	4	è	è	_	_	_	_	_	linguistic	_	none	_	_	_	_	_	_
515-5	BOI003	515	515	5	fermato	fermato	_	_	_	_	_	linguistic	_	none	_	_	_	_	_	_
515-6	BOI003	515	515	6	ma	ma	_	_	_	_	_	linguistic	_	none	_	_	_	_	_	_
515-7	BOI003	515	515	7	prima	prima	_	_	_	_	_	linguistic	_	none	_	_	_	_	_	_
515-8	BOI003	515	515	8	eh	eh	_	_	_	_	_	linguistic	_	none	_	_	_	_	_	_
515-9	BOI003	515	515	9	insomma	insomma	_	_	_	_	_	linguistic	_	none	_	_	_	_	_	_
515-10	BOI003	515	515	10	c'	c'	_	_	_	_	_	linguistic	_	none	SpaceAfter=No	_	_	_	_	_
515-11	BOI003	515	515	11	era	era	_	_	_	_	_	linguistic	_	none	_	_	_	_	_	_
515-12	BOI003	515	515	12	sempre	sempre	_	_	_	_	_	linguistic	_	none	_	_	_	_	_	_
515-13	BOI003	515	515	13	durante	durante	_	_	_	_	_	linguistic	_	none	_	_	_	_	_	_
515-14	BOI003	515	515	14	l'	l'	_	_	_	_	_	linguistic	_	none	SpaceAfter=No	_	_	_	_	_
515-15	BOI003	515	515	15	estate	estate	_	_	_	_	_	linguistic	_	none	_	_	_	_	_	_
515-16	BOI003	515	515	16	anche	anche	_	_	_	_	_	linguistic	_	none	_	_	_	_	_	_
515-17	BOI003	515	515	17	dei	dei	_	_	_	_	_	linguistic	_	none	_	_	_	_	_	_
515-18	BOI003	515	515	18	concerti	concerti	_	_	_	_	_	linguistic	_	none	_	_	_	_	_	_
515-19	BOI003	515	515	19	insomma:	insomma	_	_	_	_	_	linguistic	_	none	_	End=1485.547	6x1	_	_	_
516-0	BOI003	516	516	0	no	no	_	_	_	_	_	linguistic	_	none	_	Begin=1485.627	_	_	_	_
516-1	BOI003	516	516	1	io	io	_	_	_	_	_	linguistic	_	none	_	_	_	_	_	_
516-2	BOI003	516	516	2	lo	lo	_	_	_	_	_	linguistic	_	none	_	_	_	_	_	_
516-3	BOI003	516	516	3	trovo	trovo	_	_	_	_	_	linguistic	_	none	_	_	_	_	_	_
516-4	BOI003	516	516	4	una	una	_	_	_	_	_	linguistic	_	none	_	_	_	_	_	_
516-5	BOI003	516	516	5	cosa	cosa	_	_	_	_	_	linguistic	_	none	_	_	_	_	_	_
516-6	BOI003	516	516	6	bella	bella	_	_	_	_	_	linguistic	_	none	_	End=1487.867	_	_	_	_
517-0	BOI003	517	517	0	m:h	mh	_	_	_	_	_	linguistic	_	none	_	Begin=1488.06	0x1	_	_	_
517-1	BOI003	517	517	1	mi	mi	_	_	_	_	_	linguistic	_	none	_	_	_	_	_	_
517-2	BOI003	517	517	2	rendo	rendo	_	_	_	_	_	linguistic	_	none	_	_	_	_	_	_
517-3	BOI003	517	517	3	conto	conto	_	_	_	_	_	linguistic	_	none	_	_	_	_	_	_
517-4	BOI003	517	517	4	però	però	_	_	_	_	_	linguistic	_	none	_	_	_	_	_	_
517-5	BOI003	517	517	5	quando	quando	_	_	_	_	_	linguistic	_	none	_	_	_	_	_	_
517-6	BOI003	517	517	6	parlo	parlo	_	_	_	_	_	linguistic	_	none	_	_	_	_	_	_
517-7	BOI003	517	517	7	con	con	_	_	_	_	_	linguistic	_	none	_	_	_	_	_	_
517-8	BOI003	517	517	8	gli	gli	_	_	_	_	_	linguistic	_	none	_	_	_	_	_	_
517-9	BOI003	517	517	9	altri	altri	_	_	_	_	_	linguistic	_	none	_	End=1490.94	_	_	_	_
518-0	BOI003	518	518	0	che	che	_	_	_	_	_	linguistic	_	none	_	Begin=1491.114	_	_	_	_
518-1	BOI003	518	518	1	a	a	_	_	_	_	_	linguistic	_	none	_	_	_	_	_	_
518-2	BOI003	518	518	2	volte	volte	_	_	_	_	_	linguistic	_	none	_	_	_	_	_	_
518-3	BOI003	518	518	3	dicono	dicono	_	_	_	_	_	linguistic	_	none	_	_	_	_	_	_
518-4	BOI003	518	518	4	abitare	abitare	_	_	_	_	_	linguistic	_	none	_	_	_	_	_	_
518-5	BOI003	518	518	5	vicino	vicino	_	_	_	_	_	linguistic	_	none	_	_	_	_	_	_
518-6	BOI003	518	518	6	allo	allo	_	_	_	_	_	linguistic	_	none	_	_	_	_	_	_
518-7	BOI003	518	518	7	sta:dio	stadio	_	_	_	_	_	linguistic	_	none	_	End=1493.934	2x1	_	_	_
519-0	BOI003	519	519	0	e:h	eh	_	_	_	_	_	linguistic	_	none	_	Begin=1494.307	0x1	_	_	_
519-1	BOI003	519	519	1	è	è	_	_	_	_	_	linguistic	_	none	_	_	_	_	_	_
519-2	BOI003	519	519	2	un	un	_	_	_	_	_	linguistic	_	none	_	_	_	_	_	_
519-3	BOI003	519	519	3	aspetto	aspetto	_	_	_	_	_	linguistic	_	none	_	_	_	_	_	_
519-4	BOI003	519	519	4	negativo	negativo	_	_	_	_	_	linguistic	_	none	_	_	_	_	_	_
519-5	BOI003	519	519	5	che	che	_	_	_	_	_	linguistic	_	none	_	_	_	_	_	_
519-6	BOI003	519	519	6	invece:	invece	_	_	_	_	_	linguistic	_	none	_	_	5x1	_	_	_
519-7	BOI003	519	519	7	non	non	_	_	_	_	_	linguistic	_	none	_	_	_	_	_	_
519-8	BOI003	519	519	8	lo	lo	_	_	_	_	_	linguistic	_	none	_	_	_	_	_	_
519-9	BOI003	519	519	9	riesco	riesco	_	_	_	_	_	linguistic	_	none	_	_	_	_	_	_
519-10	BOI003	519	519	10	a	a	_	_	_	_	_	linguistic	_	none	_	_	_	_	_	_
519-11	BOI003	519	519	11	vedere	vedere	_	_	_	_	_	linguistic	_	none	_	_	_	_	_	_
519-12	BOI003	519	519	12	questo	questo	_	_	_	_	_	linguistic	_	none	_	_	_	_	_	_
519-13	BOI003	519	519	13	aspetto	aspetto	_	_	_	_	_	linguistic	_	none	_	_	_	_	_	_
519-14	BOI003	519	519	14	[negati]vo	negativo	_	_	_	_	_	linguistic	_	none	_	End=1500.067	_	_	_	0-6(107)
520-0	BOR001	520	520	0	[mh]	mh	_	_	_	_	_	linguistic	_	none	_	Begin=1499.485|End=1500.069	_	_	_	0-2(107)
521-0	BOR001	521	521	0	quindi	quindi	_	_	_	_	_	linguistic	_	none	_	Begin=1500.76	_	_	_	_
521-1	BOR001	521	521	1	c~	c~	_	_	_	_	_	linguistic	_	none	Interrupted=Yes	_	_	_	_	_
521-2	BOR001	521	521	2	[tu	tu	_	_	_	_	_	linguistic	_	none	_	_	_	_	_	0-2(108)
521-3	BOR001	521	521	3	lo	lo	_	_	_	_	_	linguistic	_	none	_	_	_	_	_	0-2(108)
521-4	BOR001	521	521	4	frequenti]	frequenti	_	_	_	_	_	linguistic	_	none	_	_	_	_	_	0-9(108)
521-5	BOR001	521	521	5	anche	anche	_	_	_	_	_	linguistic	_	none	_	_	_	_	_	_
521-6	BOR001	521	521	6	per	per	_	_	_	_	_	linguistic	_	none	_	End=1502.74	_	_	_	_
522-0	BOI003	522	522	0	[°mi	mi	_	_	_	_	_	linguistic	_	none	Volume=low	Begin=1501.147	_	_	_	0-2(108)
522-1	BOI003	522	522	1	piace°]	piace	_	_	_	_	_	linguistic	_	none	Volume=low	End=1501.84	_	_	_	0-5(108)
523-0	BOR001	523	523	0	il	il	_	_	_	_	_	linguistic	_	none	_	Begin=1503.347	_	_	_	_
523-1	BOR001	523	523	1	tuo	tuo	_	_	_	_	_	linguistic	_	none	_	_	_	_	_	_
523-2	BOR001	523	523	2	tempo	tempo	_	_	_	_	_	linguistic	_	none	_	_	_	_	_	_
523-3	BOR001	523	523	3	libero	libero	_	_	_	_	_	linguistic	_	none	_	End=1504.547	_	_	_	_
524-0	BOI003	524	524	0	be:h	beh	_	_	_	_	_	linguistic	_	none	_	Begin=1504.665	1x1	_	_	_
524-1	BOI003	524	524	1	cerco	cerco	_	_	_	_	_	linguistic	_	none	_	_	_	_	_	_
524-2	BOI003	524	524	2	di	di	_	_	_	_	_	linguistic	_	none	_	_	_	_	_	_
524-3	BOI003	524	524	3	andare	andare	_	_	_	_	_	linguistic	_	none	_	_	_	_	_	_
524-4	BOI003	524	524	4	in	in	_	_	_	_	_	linguistic	_	none	_	_	_	_	_	_
524-5	BOI003	524	524	5	pisci:na:	piscina	_	_	_	_	_	linguistic	_	none	_	_	4x1,6x1	_	_	_
524-6	BOI003	524	524	6	e::hm	ehm	_	_	_	_	_	linguistic	_	none	_	End=1508.194	0x2	_	_	_
525-0	BOI003	525	525	0	e	e	_	_	_	_	_	linguistic	_	none	_	Begin=1508.234	_	_	_	_
525-1	BOI003	525	525	1	poi	poi	_	_	_	_	_	linguistic	_	none	_	_	_	_	_	_
525-2	BOI003	525	525	2	sono:	sono	_	_	_	_	_	linguistic	_	none	_	_	3x1	_	_	_
525-3	BOI003	525	525	3	m:h	mh	_	_	_	_	_	linguistic	_	none	_	End=1510.094	0x1	_	_	_
526-0	BOI003	526	526	0	cioé	cioé	_	_	_	_	_	linguistic	_	none	_	Begin=1510.427	_	_	_	_
526-1	BOI003	526	526	1	aspetto	aspetto	_	_	_	_	_	linguistic	_	none	_	_	_	_	_	_
526-2	BOI003	526	526	2	fiduciosa	fiduciosa	_	_	_	_	_	linguistic	_	none	_	_	_	_	_	_
526-3	BOI003	526	526	3	anche	anche	_	_	_	_	_	linguistic	_	none	_	_	_	_	_	_
526-4	BOI003	526	526	4	questa	questa	_	_	_	_	_	linguistic	_	none	_	End=1513.567	_	_	_	_
527-0	BOI003	527	527	0	questo	questo	_	_	_	_	_	linguistic	_	none	_	Begin=1513.947	_	_	_	_
527-1	BOI003	527	527	1	nuovo	nuovo	_	_	_	_	_	linguistic	_	none	_	_	_	_	_	_
527-2	BOI003	527	527	2	intervento	intervento	_	_	_	_	_	linguistic	_	none	_	_	_	_	_	_
527-3	BOI003	527	527	3	che	che	_	_	_	_	_	linguistic	_	none	_	_	_	_	_	_
527-4	BOI003	527	527	4	dicono	dicono	_	_	_	_	_	linguistic	_	none	_	_	_	_	_	_
527-5	BOI003	527	527	5	che	che	_	_	_	_	_	linguistic	_	none	_	_	_	_	_	_
527-6	BOI003	527	527	6	vogliono	vogliono	_	_	_	_	_	linguistic	_	none	_	_	_	_	_	_
527-7	BOI003	527	527	7	fare	fare	_	_	_	_	_	linguistic	_	none	_	_	_	_	_	_
527-8	BOI003	527	527	8	di	di	_	_	_	_	_	linguistic	_	none	_	_	_	_	_	_
527-9	BOI003	527	527	9	ristruttu[razione]	ristrutturazione	_	_	_	_	_	linguistic	_	none	_	_	_	_	_	9-16(109)
527-10	BOI003	527	527	10	perché	perché	_	_	_	_	_	linguistic	_	none	_	_	_	_	_	_
527-11	BOI003	527	527	11	pare	pare	_	_	_	_	_	linguistic	_	none	_	_	_	_	_	_
527-12	BOI003	527	527	12	che	che	_	_	_	_	_	linguistic	_	none	_	End=1519.12	_	_	_	_
528-0	BOR001	528	528	0	[°mhmh°]	mhmh	_	_	_	_	_	linguistic	_	none	Volume=low	Begin=1516.847|End=1517.507	_	_	_	0-4(109)
529-0	BOI003	529	529	0	ehm	ehm	_	_	_	_	_	linguistic	_	none	_	Begin=1519.56	_	_	_	_
529-1	BOI003	529	529	1	diciamo	diciamo	_	_	_	_	_	linguistic	_	none	_	_	_	_	_	_
529-2	BOI003	529	529	2	nel	nel	_	_	_	_	_	linguistic	_	none	_	_	_	_	_	_
529-3	BOI003	529	529	3	progetto	progetto	_	_	_	_	_	linguistic	_	none	_	_	_	_	_	_
529-4	BOI003	529	529	4	siano	siano	_	_	_	_	_	linguistic	_	none	_	_	_	_	_	_
529-5	BOI003	529	529	5	previsti	previsti	_	_	_	_	_	linguistic	_	none	_	_	_	_	_	_
529-6	BOI003	529	529	6	anche:	anche	_	_	_	_	_	linguistic	_	none	_	_	4x1	_	_	_
529-7	BOI003	529	529	7	negozi	negozi	_	_	_	_	_	linguistic	_	none	_	_	_	_	_	_
529-8	BOI003	529	529	8	ristoranti	ristoranti	_	_	_	_	_	linguistic	_	none	_	_	_	_	_	_
529-9	BOI003	529	529	9	insomma	insomma	_	_	_	_	_	linguistic	_	none	_	End=1525.427	_	_	_	_
530-0	BOI003	530	530	0	io	io	_	_	_	_	_	linguistic	_	none	_	Begin=1526.175	_	_	_	_
530-1	BOI003	530	530	1	lo	lo	_	_	_	_	_	linguistic	_	none	_	_	_	_	_	_
530-2	BOI003	530	530	2	vedo:	vedo	_	_	_	_	_	linguistic	_	none	_	End=1527.407	3x1	_	_	_
531-0	BOI003	531	531	0	qualcosa	qualcosa	_	_	_	_	_	linguistic	_	none	_	Begin=1528.22	_	_	_	_
531-1	BOI003	531	531	1	di	di	_	_	_	_	_	linguistic	_	none	_	_	_	_	_	_
531-2	BOI003	531	531	2	positivo	positivo	_	_	_	_	_	linguistic	_	none	_	_	_	_	_	_
531-3	BOI003	531	531	3	[ecco]	ecco	_	_	_	_	_	linguistic	_	none	_	End=1530.14	_	_	_	0-4(110)
532-0	BOR001	532	532	0	[mhmh]	mhmh	_	_	_	_	_	linguistic	_	none	_	Begin=1529.494|End=1530.08	_	_	_	0-4(110)
533-0	BOR001	533	533	0	e	e	_	_	_	_	_	linguistic	_	none	_	Begin=1530.254	_	_	_	_
533-1	BOR001	533	533	1	oltre	oltre	_	_	_	_	_	linguistic	_	none	_	_	_	_	_	_
533-2	BOR001	533	533	2	alla	alla	_	_	_	_	_	linguistic	_	none	_	_	_	_	_	_
533-3	BOR001	533	533	3	piscina	piscina	_	_	_	_	_	linguistic	_	none	_	_	_	_	_	_
533-4	BOR001	533	533	4	qui	qui	_	_	_	_	_	linguistic	_	none	_	_	_	_	_	_
533-5	BOR001	533	533	5	e:h	eh	_	_	_	_	_	linguistic	_	none	_	_	0x1	_	_	_
533-6	BOR001	533	533	6	c~	c~	_	_	_	_	_	linguistic	_	none	Interrupted=Yes	_	_	_	_	_
533-7	BOR001	533	533	7	m:h	mh	_	_	_	_	_	linguistic	_	none	_	End=1532.567	0x1	_	_	_
534-0	BOR001	534	534	0	quali	quali	_	_	_	_	_	linguistic	_	none	_	Begin=1533.047	_	_	_	_
534-1	BOR001	534	534	1	sono	sono	_	_	_	_	_	linguistic	_	none	_	_	_	_	_	_
534-2	BOR001	534	534	2	magari	magari	_	_	_	_	_	linguistic	_	none	_	_	_	_	_	_
534-3	BOR001	534	534	3	altre	altre	_	_	_	_	_	linguistic	_	none	_	_	_	_	_	_
534-4	BOR001	534	534	4	attività	attività	_	_	_	_	_	linguistic	_	none	_	_	_	_	_	_
534-5	BOR001	534	534	5	che	che	_	_	_	_	_	linguistic	_	none	_	_	_	_	_	_
534-6	BOR001	534	534	6	fai	fai	_	_	_	_	_	linguistic	_	none	_	_	_	_	_	_
534-7	BOR001	534	534	7	nel	nel	_	_	_	_	_	linguistic	_	none	_	_	_	_	_	_
534-8	BOR001	534	534	8	tempo	tempo	_	_	_	_	_	linguistic	_	none	_	_	_	_	_	_
534-9	BOR001	534	534	9	libero	libero	_	_	_	_	_	linguistic	_	none	_	_	_	_	_	_
534-10	BOR001	534	534	10	cosa	cosa	_	_	_	_	_	linguistic	_	none	_	_	_	_	_	_
534-11	BOR001	534	534	11	offre	offre	_	_	_	_	_	linguistic	_	none	_	_	_	_	_	_
534-12	BOR001	534	534	12	la	la	_	_	_	_	_	linguistic	_	none	_	_	_	_	_	_
534-13	BOR001	534	534	13	città	città	_	_	_	_	_	linguistic	_	none	_	End=1536.927	_	_	_	_
535-0	BOR001	535	535	0	[m::h]	mh	_	_	_	_	_	linguistic	_	none	_	Begin=1537.739|End=1538.521	0x2	_	_	0-2(111)
536-0	BOI003	536	536	0	[beh]	beh	_	_	_	_	_	linguistic	_	none	_	Begin=1538.175	_	_	_	0-3(111)
536-1	BOI003	536	536	1	eh	eh	_	_	_	_	_	linguistic	_	none	_	_	_	_	_	_
536-2	BOI003	536	536	2	diciamo:	diciamo	_	_	_	_	_	linguistic	_	none	_	End=1539.68	6x1	_	_	_
537-0	BOI003	537	537	0	ci	ci	_	_	_	_	_	linguistic	_	none	_	Begin=1539.785	_	_	_	_
537-1	BOI003	537	537	1	sarebbero	sarebbero	_	_	_	_	_	linguistic	_	none	_	_	_	_	_	_
537-2	BOI003	537	537	2	tante	tante	_	_	_	_	_	linguistic	_	none	_	_	_	_	_	_
537-3	BOI003	537	537	3	cose::	cose	_	_	_	_	_	linguistic	_	none	_	End=1541.794	3x2	_	_	_
538-0	BOI003	538	538	0	io	io	_	_	_	_	_	linguistic	_	none	_	Begin=1541.848	_	_	_	_
538-1	BOI003	538	538	1	effettivamente	effettivamente	_	_	_	_	_	linguistic	_	none	_	_	_	_	_	_
538-2	BOI003	538	538	2	m:h	mh	_	_	_	_	_	linguistic	_	none	_	_	0x1	_	_	_
538-3	BOI003	538	538	3	non	non	_	_	_	_	_	linguistic	_	none	_	_	_	_	_	_
538-4	BOI003	538	538	4	faccio	faccio	_	_	_	_	_	linguistic	_	none	_	_	_	_	_	_
538-5	BOI003	538	538	5	tanto	tanto	_	_	_	_	_	linguistic	_	none	_	_	_	_	_	_
538-6	BOI003	538	538	6	altro	altro	_	_	_	_	_	linguistic	_	none	_	_	_	_	_	_
538-7	BOI003	538	538	7	oltre	oltre	_	_	_	_	_	linguistic	_	none	_	_	_	_	_	_
538-8	BOI003	538	538	8	tante	tante	_	_	_	_	_	linguistic	_	none	_	_	_	_	_	_
538-9	BOI003	538	538	9	passeggia:te	passeggiate	_	_	_	_	_	linguistic	_	none	_	_	8x1	_	_	_
538-10	BOI003	538	538	10	giri	giri	_	_	_	_	_	linguistic	_	none	_	_	_	_	_	_
538-11	BOI003	538	538	11	cose	cose	_	_	_	_	_	linguistic	_	none	_	_	_	_	_	_
538-12	BOI003	538	538	12	così	così	_	_	_	_	_	linguistic	_	none	_	_	_	_	_	_
538-13	BOI003	538	538	13	perché	perché	_	_	_	_	_	linguistic	_	none	_	_	_	_	_	_
538-14	BOI003	538	538	14	magari	magari	_	_	_	_	_	linguistic	_	none	_	End=1548.187	_	_	_	_
539-0	BOI003	539	539	0	sono	sono	_	_	_	_	_	linguistic	_	none	_	Begin=1548.36	_	_	_	_
539-1	BOI003	539	539	1	presa	presa	_	_	_	_	_	linguistic	_	none	_	_	_	_	_	_
539-2	BOI003	539	539	2	dal	dal	_	_	_	_	_	linguistic	_	none	_	_	_	_	_	_
539-3	BOI003	539	539	3	lavo:ro	lavoro	_	_	_	_	_	linguistic	_	none	_	End=1549.867	3x1	_	_	_
540-0	BOI003	540	540	0	però:	però	_	_	_	_	_	linguistic	_	none	_	Begin=1550.374	3x1	_	_	_
540-1	BOI003	540	540	1	m:h	mh	_	_	_	_	_	linguistic	_	none	_	_	0x1	_	_	_
540-2	BOI003	540	540	2	uno	uno	_	_	_	_	_	linguistic	_	none	_	_	_	_	_	_
540-3	BOI003	540	540	3	potrebbe	potrebbe	_	_	_	_	_	linguistic	_	none	_	_	_	_	_	_
540-4	BOI003	540	540	4	frequentare	frequentare	_	_	_	_	_	linguistic	_	none	_	_	_	_	_	_
540-5	BOI003	540	540	5	non	non	_	_	_	_	_	linguistic	_	none	_	_	_	_	_	_
540-6	BOI003	540	540	6	so:	so	_	_	_	_	_	linguistic	_	none	_	_	1x1	_	_	_
540-7	BOI003	540	540	7	tanti:	tanti	_	_	_	_	_	linguistic	_	none	_	End=1554.887	4x1	_	_	_
541-0	BOI003	541	541	0	eh	eh	_	_	_	_	_	linguistic	_	none	_	Begin=1555.347	_	_	_	_
541-1	BOI003	541	541	1	oltre	oltre	_	_	_	_	_	linguistic	_	none	_	_	_	_	_	_
541-2	BOI003	541	541	2	le	le	_	_	_	_	_	linguistic	_	none	_	_	_	_	_	_
541-3	BOI003	541	541	3	palestre	palestre	_	_	_	_	_	linguistic	_	none	_	_	_	_	_	_
541-4	BOI003	541	541	4	ci	ci	_	_	_	_	_	linguistic	_	none	_	_	_	_	_	_
541-5	BOI003	541	541	5	sono:	sono	_	_	_	_	_	linguistic	_	none	_	_	3x1	_	_	_
541-6	BOI003	541	541	6	non	non	_	_	_	_	_	linguistic	_	none	_	_	_	_	_	_
541-7	BOI003	541	541	7	so	so	_	_	_	_	_	linguistic	_	none	_	_	_	_	_	_
541-8	BOI003	541	541	8	i	i	_	_	_	_	_	linguistic	_	none	_	_	_	_	_	_
541-9	BOI003	541	541	9	corsi	corsi	_	_	_	_	_	linguistic	_	none	_	_	_	_	_	_
541-10	BOI003	541	541	10	di	di	_	_	_	_	_	linguistic	_	none	_	_	_	_	_	_
541-11	BOI003	541	541	11	ballo,	ballo	_	_	_	_	_	linguistic	_	none	Intonation=WeaklyRising	_	_	_	_	_
541-12	BOI003	541	541	12	ecco	ecco	_	_	_	_	_	linguistic	_	none	_	_	_	_	_	_
541-13	BOI003	541	541	13	nel	nel	_	_	_	_	_	linguistic	_	none	_	_	_	_	_	_
541-14	BOI003	541	541	14	passato	passato	_	_	_	_	_	linguistic	_	none	_	_	_	_	_	_
541-15	BOI003	541	541	15	ho	ho	_	_	_	_	_	linguistic	_	none	_	_	_	_	_	_
541-16	BOI003	541	541	16	frequentato	frequentato	_	_	_	_	_	linguistic	_	none	_	_	_	_	_	_
541-17	BOI003	541	541	17	un	un	_	_	_	_	_	linguistic	_	none	_	_	_	_	_	_
541-18	BOI003	541	541	18	corso	corso	_	_	_	_	_	linguistic	_	none	_	_	_	_	_	_
541-19	BOI003	541	541	19	di	di	_	_	_	_	_	linguistic	_	none	_	_	_	_	_	_
541-20	BOI003	541	541	20	ballo,	ballo	_	_	_	_	_	linguistic	_	none	Intonation=WeaklyRising	End=1562.367	_	_	_	_
542-0	BOI003	542	542	0	oppure	oppure	_	_	_	_	_	linguistic	_	none	_	Begin=1562.754	_	_	_	_
542-1	BOI003	542	542	1	m:h	mh	_	_	_	_	_	linguistic	_	none	_	End=1564.26	0x1	_	_	_
543-0	BOI003	543	543	0	°eh°	eh	_	_	_	_	_	linguistic	_	none	Volume=low	Begin=1564.885	_	_	_	_
543-1	BOI003	543	543	1	ci	ci	_	_	_	_	_	linguistic	_	none	_	_	_	_	_	_
543-2	BOI003	543	543	2	sono	sono	_	_	_	_	_	linguistic	_	none	_	_	_	_	_	_
543-3	BOI003	543	543	3	non	non	_	_	_	_	_	linguistic	_	none	_	_	_	_	_	_
543-4	BOI003	543	543	4	so:	so	_	_	_	_	_	linguistic	_	none	_	_	1x1	_	_	_
543-5	BOI003	543	543	5	e:hm	ehm	_	_	_	_	_	linguistic	_	none	_	End=1567.06	0x1	_	_	_
544-0	BOI003	544	544	0	corsi	corsi	_	_	_	_	_	linguistic	_	none	_	Begin=1567.22	_	_	_	_
544-1	BOI003	544	544	1	di	di	_	_	_	_	_	linguistic	_	none	_	_	_	_	_	_
544-2	BOI003	544	544	2	lingue	lingue	_	_	_	_	_	linguistic	_	none	_	_	_	_	_	_
544-3	BOI003	544	544	3	se	se	_	_	_	_	_	linguistic	_	none	_	_	_	_	_	_
544-4	BOI003	544	544	4	uno	uno	_	_	_	_	_	linguistic	_	none	_	_	_	_	_	_
544-5	BOI003	544	544	5	vuole	vuole	_	_	_	_	_	linguistic	_	none	_	_	_	_	_	_
544-6	BOI003	544	544	6	andare	andare	_	_	_	_	_	linguistic	_	none	_	_	_	_	_	_
544-7	BOI003	544	544	7	[a	a	_	_	_	_	_	linguistic	_	none	_	_	_	_	_	0-1(112)
544-8	BOI003	544	544	8	fare]	fare	_	_	_	_	_	linguistic	_	none	_	_	_	_	_	0-4(112)
544-9	BOI003	544	544	9	un	un	_	_	_	_	_	linguistic	_	none	_	_	_	_	_	_
544-10	BOI003	544	544	10	po'	po'	_	_	_	_	_	linguistic	_	none	_	End=1570.354	_	_	_	_
545-0	BOR001	545	545	0	[mhmh]	mhmh	_	_	_	_	_	linguistic	_	none	_	Begin=1569.294|End=1570.003	_	_	_	0-4(112)
546-0	BOI003	546	546	0	ehm	ehm	_	_	_	_	_	linguistic	_	none	_	Begin=1570.867	_	_	_	_
546-1	BOI003	546	546	1	c'	c'	_	_	_	_	_	linguistic	_	none	SpaceAfter=No	_	_	_	_	_
546-2	BOI003	546	546	2	é	é	_	_	_	_	_	linguistic	_	none	_	_	_	_	_	_
546-3	BOI003	546	546	3	un	un	_	_	_	_	_	linguistic	_	none	_	_	_	_	_	_
546-4	BOI003	546	546	4	po'	po'	_	_	_	_	_	linguistic	_	none	_	_	_	_	_	_
546-5	BOI003	546	546	5	di	di	_	_	_	_	_	linguistic	_	none	_	_	_	_	_	_
546-6	BOI003	546	546	6	tutto	tutto	_	_	_	_	_	linguistic	_	none	_	_	_	_	_	_
546-7	BOI003	546	546	7	vuoi	vuoi	_	_	_	_	_	linguistic	_	none	_	_	_	_	_	_
546-8	BOI003	546	546	8	fare	fare	_	_	_	_	_	linguistic	_	none	_	_	_	_	_	_
546-9	BOI003	546	546	9	yoga	yoga	_	_	_	_	_	linguistic	_	none	_	_	_	_	_	_
546-10	BOI003	546	546	10	vuoi	vuoi	_	_	_	_	_	linguistic	_	none	_	_	_	_	_	_
546-11	BOI003	546	546	11	c~	c~	_	_	_	_	_	linguistic	_	none	Interrupted=Yes	End=1573.78	_	_	_	_
547-0	BOI003	547	547	0	potre~	potre~	_	_	_	_	_	linguistic	_	none	Interrupted=Yes	Begin=1573.94	_	_	_	_
547-1	BOI003	547	547	1	potresti	potresti	_	_	_	_	_	linguistic	_	none	_	_	_	_	_	_
547-2	BOI003	547	547	2	fare	fare	_	_	_	_	_	linguistic	_	none	_	_	_	_	_	_
547-3	BOI003	547	547	3	tutto	tutto	_	_	_	_	_	linguistic	_	none	_	_	_	_	_	_
547-4	BOI003	547	547	4	diciamo	diciamo	_	_	_	_	_	linguistic	_	none	_	_	_	_	_	_
547-5	BOI003	547	547	5	che	che	_	_	_	_	_	linguistic	_	none	_	End=1576.267	_	_	_	_
548-0	BOI003	548	548	0	col	col	_	_	_	_	_	linguistic	_	none	_	Begin=1576.36	_	_	_	_
548-1	BOI003	548	548	1	fatto	fatto	_	_	_	_	_	linguistic	_	none	_	_	_	_	_	_
548-2	BOI003	548	548	2	che	che	_	_	_	_	_	linguistic	_	none	_	_	_	_	_	_
548-3	BOI003	548	548	3	non	non	_	_	_	_	_	linguistic	_	none	_	_	_	_	_	_
548-4	BOI003	548	548	4	ho	ho	_	_	_	_	_	linguistic	_	none	_	_	_	_	_	_
548-5	BOI003	548	548	5	tanto	tanto	_	_	_	_	_	linguistic	_	none	_	_	_	_	_	_
548-6	BOI003	548	548	6	tempo	tempo	_	_	_	_	_	linguistic	_	none	_	_	_	_	_	_
548-7	BOI003	548	548	7	non	non	_	_	_	_	_	linguistic	_	none	_	_	_	_	_	_
548-8	BOI003	548	548	8	riesco	riesco	_	_	_	_	_	linguistic	_	none	_	_	_	_	_	_
548-9	BOI003	548	548	9	a	a	_	_	_	_	_	linguistic	_	none	_	_	_	_	_	_
548-10	BOI003	548	548	10	usifruire	usifruire	_	_	_	_	_	linguistic	_	none	_	_	_	_	_	_
548-11	BOI003	548	548	11	di	di	_	_	_	_	_	linguistic	_	none	_	_	_	_	_	_
548-12	BOI003	548	548	12	tanti	tanti	_	_	_	_	_	linguistic	_	none	_	_	_	_	_	_
548-13	BOI003	548	548	13	servizi	servizi	_	_	_	_	_	linguistic	_	none	_	_	_	_	_	_
548-14	BOI003	548	548	14	ecco	ecco	_	_	_	_	_	linguistic	_	none	_	End=1581.154	_	_	_	_
549-0	BOR001	549	549	0	mhmh	mhmh	_	_	_	_	_	linguistic	_	none	_	Begin=1581.227|End=1581.707	_	_	_	_
550-0	BOR001	550	550	0	ma	ma	_	_	_	_	_	linguistic	_	none	_	Begin=1581.827	_	_	_	_
550-1	BOR001	550	550	1	i	i	_	_	_	_	_	linguistic	_	none	_	_	_	_	_	_
550-2	BOR001	550	550	2	colli	colli	_	_	_	_	_	linguistic	_	none	_	_	_	_	_	_
550-3	BOR001	550	550	3	tipo	tipo	_	_	_	_	_	linguistic	_	none	_	_	_	_	_	_
550-4	BOR001	550	550	4	li	li	_	_	_	_	_	linguistic	_	none	_	_	_	_	_	_
550-5	BOR001	550	550	5	frequenti	frequenti	_	_	_	_	_	linguistic	_	none	_	End=1583.587	_	_	_	_
551-0	BOR001	551	551	0	che	che	_	_	_	_	_	linguistic	_	none	_	Begin=1583.821	_	_	_	_
551-1	BOR001	551	551	1	ce	ce	_	_	_	_	_	linguistic	_	none	_	_	_	_	_	_
551-2	BOR001	551	551	2	li	li	_	_	_	_	_	linguistic	_	none	_	_	_	_	_	_
551-3	BOR001	551	551	3	hai	hai	_	_	_	_	_	linguistic	_	none	_	_	_	_	_	_
551-4	BOR001	551	551	4	abbasta~	abbasta~	_	_	_	_	_	linguistic	_	none	Interrupted=Yes	_	_	_	_	_
551-5	BOR001	551	551	5	c(io)é	cioé	_	_	_	_	_	linguistic	_	none	Reduced=Yes	_	_	_	_	_
551-6	BOR001	551	551	6	insomma	insomma	_	_	_	_	_	linguistic	_	none	_	_	_	_	_	_
551-7	BOR001	551	551	7	[xxx]	xxx	_	_	_	_	_	unknown	_	none	Syllables=3	End=1586.548	_	_	_	0-3(113)
552-0	BOI003	552	552	0	[sì]	sì	_	_	_	_	_	linguistic	_	none	_	Begin=1585.394	_	_	_	0-2(113)
552-1	BOI003	552	552	1	p~	p~	_	_	_	_	_	linguistic	_	none	Interrupted=Yes	_	_	_	_	_
552-2	BOI003	552	552	2	oltre	oltre	_	_	_	_	_	linguistic	_	none	_	_	_	_	_	_
552-3	BOI003	552	552	3	che	che	_	_	_	_	_	linguistic	_	none	_	_	_	_	_	_
552-4	BOI003	552	552	4	fare	fare	_	_	_	_	_	linguistic	_	none	_	_	_	_	_	_
552-5	BOI003	552	552	5	delle	delle	_	_	_	_	_	linguistic	_	none	_	_	_	_	_	_
552-6	BOI003	552	552	6	passeggiate:::	passeggiate	_	_	_	_	_	linguistic	_	none	_	_	10x3	_	_	_
552-7	BOI003	552	552	7	°niente	niente	_	_	_	_	_	linguistic	_	none	Volume=low	_	_	_	_	_
552-8	BOI003	552	552	8	di	di	_	_	_	_	_	linguistic	_	none	Volume=low	_	_	_	_	_
552-9	BOI003	552	552	9	più	più	_	_	_	_	_	linguistic	_	none	Volume=low	_	_	_	_	_
552-10	BOI003	552	552	10	[ecco°]	ecco	_	_	_	_	_	linguistic	_	none	Volume=low	End=1591.094	_	_	_	0-4(114)
553-0	BOR001	553	553	0	[mhmh]	mhmh	_	_	_	_	_	linguistic	_	none	_	Begin=1590.64|End=1591.087	_	_	_	0-4(114)
554-0	BOR001	554	554	0	e	e	_	_	_	_	_	linguistic	_	none	_	Begin=1591.12	_	_	_	_
554-1	BOR001	554	554	1	da	da	_	_	_	_	_	linguistic	_	none	_	_	_	_	_	_
554-2	BOR001	554	554	2	giovane	giovane	_	_	_	_	_	linguistic	_	none	_	End=1591.907	_	_	_	_
555-0	BOR001	555	555	0	c(io)é	cioé	_	_	_	_	_	linguistic	_	none	Reduced=Yes	Begin=1592.307	_	_	_	_
555-1	BOR001	555	555	1	mo[lti:	molti	_	_	_	_	_	linguistic	_	none	_	_	4x1	_	_	2-5(115)
555-2	BOR001	555	555	2	raga]zzi	ragazzi	_	_	_	_	_	linguistic	_	none	_	_	_	_	_	0-4(115)
555-3	BOR001	555	555	3	adesso::	adesso	_	_	_	_	_	linguistic	_	none	_	End=1594.627	5x2	_	_	_
556-0	BOI003	556	556	0	[anche	anche	_	_	_	_	_	linguistic	_	none	_	Begin=1592.794	_	_	_	0-5(115)
556-1	BOI003	556	556	1	lì]	lì	_	_	_	_	_	linguistic	_	none	_	End=1593.687	_	_	_	0-2(115)
557-0	BOR001	557	557	0	°e:hm°	ehm	_	_	_	_	_	linguistic	_	none	Volume=low	Begin=1595.467	0x1	_	_	_
557-1	BOR001	557	557	1	soprattutto	soprattutto	_	_	_	_	_	linguistic	_	none	_	_	_	_	_	_
557-2	BOR001	557	557	2	in	in	_	_	_	_	_	linguistic	_	none	_	_	_	_	_	_
557-3	BOR001	557	557	3	estate:	estate	_	_	_	_	_	linguistic	_	none	_	End=1597.854	5x1	_	_	_
558-0	BOR001	558	558	0	frequentano::	frequentano	_	_	_	_	_	linguistic	_	none	_	Begin=1598.114	10x2	_	_	_
558-1	BOR001	558	558	1	m::h	mh	_	_	_	_	_	linguistic	_	none	_	End=1600.594	0x2	_	_	_
559-0	BOR001	559	559	0	parecchio	parecchio	_	_	_	_	_	linguistic	_	none	_	Begin=1601.567	_	_	_	_
559-1	BOR001	559	559	1	i	i	_	_	_	_	_	linguistic	_	none	_	_	_	_	_	_
559-2	BOR001	559	559	2	[portici	portici	_	_	_	_	_	linguistic	_	none	_	_	_	_	_	0-7(116)
559-3	BOR001	559	559	3	c(io)é	cioé	_	_	_	_	_	linguistic	_	none	Reduced=Yes	_	_	_	_	0-4(116)
559-4	BOR001	559	559	4	è	è	_	_	_	_	_	linguistic	_	none	_	_	_	_	_	0-1(116)
559-5	BOR001	559	559	5	un	un	_	_	_	_	_	linguistic	_	none	_	_	_	_	_	0-2(116)
559-6	BOR001	559	559	6	po'	po'	_	_	_	_	_	linguistic	_	none	_	_	_	_	_	0-3(116)
559-7	BOR001	559	559	7	più	più	_	_	_	_	_	linguistic	_	none	_	_	_	_	_	0-3(116)
559-8	BOR001	559	559	8	fre]sco	fresco	_	_	_	_	_	linguistic	_	none	_	_	_	_	_	0-3(116)
559-9	BOR001	559	559	9	si	si	_	_	_	_	_	linguistic	_	none	_	_	_	_	_	_
559-10	BOR001	559	559	10	[trova	trova	_	_	_	_	_	linguistic	_	none	_	_	_	_	_	0-5(117)
559-11	BOR001	559	559	11	anche	anche	_	_	_	_	_	linguistic	_	none	_	_	_	_	_	0-5(117)
559-12	BOR001	559	559	12	i]	i	_	_	_	_	_	linguistic	_	none	_	_	_	_	_	0-1(117)
559-13	BOR001	559	559	13	trecento	trecento	_	_	_	_	_	linguistic	_	none	_	_	_	_	_	_
559-14	BOR001	559	559	14	scalini	scalini	_	_	_	_	_	linguistic	_	none	_	_	_	_	_	_
559-15	BOR001	559	559	15	[ci	ci	_	_	_	_	_	linguistic	_	none	_	_	_	_	_	0-2(118)
559-16	BOR001	559	559	16	sono]	sono	_	_	_	_	_	linguistic	_	none	_	End=1606.24	_	_	_	0-4(118)
560-0	BOI003	560	560	0	[sì	sì	_	_	_	_	_	linguistic	_	none	_	Begin=1601.967	_	_	_	0-2(116)
560-1	BOI003	560	560	1	sì	sì	_	_	_	_	_	linguistic	_	none	_	_	_	_	_	0-2(116)
560-2	BOI003	560	560	2	sì]	sì	_	_	_	_	_	linguistic	_	none	_	End=1602.86	_	_	_	0-2(116)
561-0	BOI003	561	561	0	[sì]	sì	_	_	_	_	_	linguistic	_	none	_	Begin=1603.587|End=1604.02	_	_	_	0-2(117)
562-0	BOI003	562	562	0	[sì	sì	_	_	_	_	_	linguistic	_	none	_	Begin=1605.16	_	_	_	0-2(118)
562-1	BOI003	562	562	1	sì]	sì	_	_	_	_	_	linguistic	_	none	_	End=1605.86	_	_	_	0-2(118)
563-0	BOR001	563	563	0	°ehm°	ehm	_	_	_	_	_	linguistic	_	none	Volume=low	Begin=1606.394	_	_	_	_
563-1	BOR001	563	563	1	anche	anche	_	_	_	_	_	linguistic	_	none	_	_	_	_	_	_
563-2	BOR001	563	563	2	a~	a~	_	_	_	_	_	linguistic	_	none	Interrupted=Yes	_	_	_	_	_
563-3	BOR001	563	563	3	al	al	_	_	_	_	_	linguistic	_	none	_	End=1608.207	_	_	_	_
564-0	BOR001	564	564	0	c(io)é	cioé	_	_	_	_	_	linguistic	_	none	Reduced=Yes	Begin=1608.354	_	_	_	_
564-1	BOR001	564	564	1	era	era	_	_	_	_	_	linguistic	_	none	_	_	_	_	_	_
564-2	BOR001	564	564	2	così	così	_	_	_	_	_	linguistic	_	none	_	End=1609.134	_	_	_	_
565-0	BOR001	565	565	0	anche	anche	_	_	_	_	_	linguistic	_	none	_	Begin=1609.2	_	_	_	_
565-1	BOR001	565	565	1	anni	anni	_	_	_	_	_	linguistic	_	none	_	_	_	_	_	_
565-2	BOR001	565	565	2	fa,	fa	_	_	_	_	_	linguistic	_	none	Intonation=WeaklyRising	_	_	_	_	_
565-3	BOR001	565	565	3	o	o	_	_	_	_	_	linguistic	_	none	_	_	_	_	_	_
565-4	BOR001	565	565	4	è	è	_	_	_	_	_	linguistic	_	none	_	_	_	_	_	_
565-5	BOR001	565	565	5	più	più	_	_	_	_	_	linguistic	_	none	_	_	_	_	_	_
565-6	BOR001	565	565	6	una	una	_	_	_	_	_	linguistic	_	none	_	_	_	_	_	_
565-7	BOR001	565	565	7	cosa	cosa	_	_	_	_	_	linguistic	_	none	_	_	_	_	_	_
565-8	BOR001	565	565	8	recen[te]	recente	_	_	_	_	_	linguistic	_	none	_	End=1611.427	_	_	_	5-7(119)
566-0	BOI003	566	566	0	[no]	no	_	_	_	_	_	linguistic	_	none	_	Begin=1611.287	_	_	_	0-2(119)
566-1	BOI003	566	566	1	anni	anni	_	_	_	_	_	linguistic	_	none	_	_	_	_	_	_
566-2	BOI003	566	566	2	fa	fa	_	_	_	_	_	linguistic	_	none	_	_	_	_	_	_
566-3	BOI003	566	566	3	secondo	secondo	_	_	_	_	_	linguistic	_	none	_	_	_	_	_	_
566-4	BOI003	566	566	4	me:	me	_	_	_	_	_	linguistic	_	none	_	_	1x1	_	_	_
566-5	BOI003	566	566	5	e::hm	ehm	_	_	_	_	_	linguistic	_	none	_	End=1614.354	0x2	_	_	_
567-0	BOI003	567	567	0	lo	lo	_	_	_	_	_	linguistic	_	none	_	Begin=1614.4	_	_	_	_
567-1	BOI003	567	567	1	era	era	_	_	_	_	_	linguistic	_	none	_	_	_	_	_	_
567-2	BOI003	567	567	2	forse	forse	_	_	_	_	_	linguistic	_	none	_	_	_	_	_	_
567-3	BOI003	567	567	3	anche	anche	_	_	_	_	_	linguistic	_	none	_	_	_	_	_	_
567-4	BOI003	567	567	4	di	di	_	_	_	_	_	linguistic	_	none	_	_	_	_	_	_
567-5	BOI003	567	567	5	più	più	_	_	_	_	_	linguistic	_	none	_	_	_	_	_	_
567-6	BOI003	567	567	6	perché	perché	_	_	_	_	_	linguistic	_	none	_	_	_	_	_	_
567-7	BOI003	567	567	7	anni	anni	_	_	_	_	_	linguistic	_	none	_	_	_	_	_	_
567-8	BOI003	567	567	8	fa	fa	_	_	_	_	_	linguistic	_	none	_	_	_	_	_	_
567-9	BOI003	567	567	9	c'	c'	_	_	_	_	_	linguistic	_	none	SpaceAfter=No	_	_	_	_	_
567-10	BOI003	567	567	10	erano	erano	_	_	_	_	_	linguistic	_	none	_	_	_	_	_	_
567-11	BOI003	567	567	11	tante	tante	_	_	_	_	_	linguistic	_	none	_	_	_	_	_	_
567-12	BOI003	567	567	12	cose	cose	_	_	_	_	_	linguistic	_	none	_	_	_	_	_	_
567-13	BOI003	567	567	13	c'	c'	_	_	_	_	_	linguistic	_	none	SpaceAfter=No	_	_	_	_	_
567-14	BOI003	567	567	14	era:	era	_	_	_	_	_	linguistic	_	none	_	End=1618.487	2x1	_	_	_
568-0	BOI003	568	568	0	ad	ad	_	_	_	_	_	linguistic	_	none	_	Begin=1618.714	_	_	_	_
568-1	BOI003	568	568	1	esempio:	esempio	_	_	_	_	_	linguistic	_	none	_	_	6x1	_	_	_
568-2	BOI003	568	568	2	mh	mh	_	_	_	_	_	linguistic	_	none	_	End=1620.007	_	_	_	_
569-0	BOI003	569	569	0	oddio	oddio	_	_	_	_	_	linguistic	_	none	_	Begin=1620.587	_	_	_	_
569-1	BOI003	569	569	1	adesso	adesso	_	_	_	_	_	linguistic	_	none	_	_	_	_	_	_
569-2	BOI003	569	569	2	eh	eh	_	_	_	_	_	linguistic	_	none	_	_	_	_	_	_
569-3	BOI003	569	569	3	mi	mi	_	_	_	_	_	linguistic	_	none	_	_	_	_	_	_
569-4	BOI003	569	569	4	sfugge	sfugge	_	_	_	_	_	linguistic	_	none	_	_	_	_	_	_
569-5	BOI003	569	569	5	IL	il	_	_	_	_	_	linguistic	_	none	Volume=high	_	_	_	_	_
569-6	BOI003	569	569	6	PARCO	parco	_	_	_	_	_	linguistic	_	none	Volume=high	_	_	_	_	_
569-7	BOI003	569	569	7	CAVAIONI	cavaioni	_	_	_	_	_	linguistic	_	none	Volume=high	_	_	_	_	_
569-8	BOI003	569	569	8	[ecco	ecco	_	_	_	_	_	linguistic	_	none	_	_	_	_	_	0-4(120)
569-9	BOI003	569	569	9	io	io	_	_	_	_	_	linguistic	_	none	_	_	_	_	_	0-2(120)
569-10	BOI003	569	569	10	per	per	_	_	_	_	_	linguistic	_	none	_	_	_	_	_	0-3(120)
569-11	BOI003	569	569	11	tant]i	tanti	_	_	_	_	_	linguistic	_	none	_	_	_	_	_	0-4(120)
569-12	BOI003	569	569	12	anni	anni	_	_	_	_	_	linguistic	_	none	_	_	_	_	_	_
569-13	BOI003	569	569	13	sono	sono	_	_	_	_	_	linguistic	_	none	_	_	_	_	_	_
569-14	BOI003	569	569	14	andata	andata	_	_	_	_	_	linguistic	_	none	_	_	_	_	_	_
569-15	BOI003	569	569	15	su	su	_	_	_	_	_	linguistic	_	none	_	_	_	_	_	_
569-16	BOI003	569	569	16	al	al	_	_	_	_	_	linguistic	_	none	_	_	_	_	_	_
569-17	BOI003	569	569	17	parco	parco	_	_	_	_	_	linguistic	_	none	_	_	_	_	_	_
569-18	BOI003	569	569	18	cavaioni	cavaioni	_	_	_	_	_	linguistic	_	none	_	_	_	_	_	_
569-19	BOI003	569	569	19	era	era	_	_	_	_	_	linguistic	_	none	_	_	_	_	_	_
569-20	BOI003	569	569	20	un	un	_	_	_	_	_	linguistic	_	none	_	_	_	_	_	_
569-21	BOI003	569	569	21	mh	mh	_	_	_	_	_	linguistic	_	none	_	End=1626.62	_	_	_	_
570-0	BOR001	570	570	0	[ah	ah	_	_	_	_	_	linguistic	_	none	_	Begin=1623.187	_	_	_	0-2(120)
570-1	BOR001	570	570	1	sì	sì	_	_	_	_	_	linguistic	_	none	_	_	_	_	_	0-2(120)
570-2	BOR001	570	570	2	sì]	sì	_	_	_	_	_	linguistic	_	none	_	End=1624.074	_	_	_	0-2(120)
571-0	BOI003	571	571	0	un	un	_	_	_	_	_	linguistic	_	none	_	Begin=1626.934	_	_	_	_
571-1	BOI003	571	571	1	punto	punto	_	_	_	_	_	linguistic	_	none	_	End=1627.82	_	_	_	_
572-0	BOI003	572	572	0	un	un	_	_	_	_	_	linguistic	_	none	_	Begin=1628.454	_	_	_	_
572-1	BOI003	572	572	1	appuntamento	appuntamento	_	_	_	_	_	linguistic	_	none	_	_	_	_	_	_
572-2	BOI003	572	572	2	fisso	fisso	_	_	_	_	_	linguistic	_	none	_	End=1629.86	_	_	_	_
573-0	BOI003	573	573	0	ma	ma	_	_	_	_	_	linguistic	_	none	_	Begin=1630.185	_	_	_	_
573-1	BOI003	573	573	1	ci	ci	_	_	_	_	_	linguistic	_	none	_	_	_	_	_	_
573-2	BOI003	573	573	2	andavamo	andavamo	_	_	_	_	_	linguistic	_	none	_	_	_	_	_	_
573-3	BOI003	573	573	3	anche	anche	_	_	_	_	_	linguistic	_	none	_	_	_	_	_	_
573-4	BOI003	573	573	4	durante	durante	_	_	_	_	_	linguistic	_	none	_	_	_	_	_	_
573-5	BOI003	573	573	5	la	la	_	_	_	_	_	linguistic	_	none	_	_	_	_	_	_
573-6	BOI003	573	573	6	settima:na	settimana	_	_	_	_	_	linguistic	_	none	_	_	6x1	_	_	_
573-7	BOI003	573	573	7	non	non	_	_	_	_	_	linguistic	_	none	_	_	_	_	_	_
573-8	BOI003	573	573	8	solo	solo	_	_	_	_	_	linguistic	_	none	_	_	_	_	_	_
573-9	BOI003	573	573	9	il	il	_	_	_	_	_	linguistic	_	none	_	_	_	_	_	_
573-10	BOI003	573	573	10	fine	fine	_	_	_	_	_	linguistic	_	none	_	_	_	_	_	_
573-11	BOI003	573	573	11	settima:na,	settimana	_	_	_	_	_	linguistic	_	none	Intonation=WeaklyRising	End=1634.138	6x1	_	_	_
574-0	BOI003	574	574	0	oppure:	oppure	_	_	_	_	_	linguistic	_	none	_	Begin=1634.294	5x1	_	_	_
574-1	BOI003	574	574	1	anche	anche	_	_	_	_	_	linguistic	_	none	_	_	_	_	_	_
574-2	BOI003	574	574	2	altri	altri	_	_	_	_	_	linguistic	_	none	_	_	_	_	_	_
574-3	BOI003	574	574	3	posti	posti	_	_	_	_	_	linguistic	_	none	_	_	_	_	_	_
574-4	BOI003	574	574	4	quindi	quindi	_	_	_	_	_	linguistic	_	none	_	_	_	_	_	_
574-5	BOI003	574	574	5	lo	lo	_	_	_	_	_	linguistic	_	none	_	_	_	_	_	_
574-6	BOI003	574	574	6	frequentavo	frequentavo	_	_	_	_	_	linguistic	_	none	_	_	_	_	_	_
574-7	BOI003	574	574	7	tantissimo	tantissimo	_	_	_	_	_	linguistic	_	none	_	_	_	_	_	_
574-8	BOI003	574	574	8	c'	c'	_	_	_	_	_	linguistic	_	none	SpaceAfter=No	_	_	_	_	_
574-9	BOI003	574	574	9	erano	erano	_	_	_	_	_	linguistic	_	none	_	_	_	_	_	_
574-10	BOI003	574	574	10	tantissime	tantissime	_	_	_	_	_	linguistic	_	none	_	_	_	_	_	_
574-11	BOI003	574	574	11	discoteche	discoteche	_	_	_	_	_	linguistic	_	none	_	_	_	_	_	_
574-12	BOI003	574	574	12	all'	all'	_	_	_	_	_	linguistic	_	none	SpaceAfter=No	_	_	_	_	_
574-13	BOI003	574	574	13	aperto:	aperto	_	_	_	_	_	linguistic	_	none	_	_	5x1	_	_	_
574-14	BOI003	574	574	14	proprio	proprio	_	_	_	_	_	linguistic	_	none	_	_	_	_	_	_
574-15	BOI003	574	574	15	qua	qua	_	_	_	_	_	linguistic	_	none	_	_	_	_	_	_
574-16	BOI003	574	574	16	s~	s~	_	_	_	_	_	linguistic	_	none	Interrupted=Yes	_	_	_	_	_
574-17	BOI003	574	574	17	sui	sui	_	_	_	_	_	linguistic	_	none	_	_	_	_	_	_
574-18	BOI003	574	574	18	colli	colli	_	_	_	_	_	linguistic	_	none	_	End=1642.196	_	_	_	_
575-0	BOI003	575	575	0	adesso	adesso	_	_	_	_	_	linguistic	_	none	_	Begin=1642.907	_	_	_	_
575-1	BOI003	575	575	1	vabbè	vabbè	_	_	_	_	_	linguistic	_	none	_	_	_	_	_	_
575-2	BOI003	575	575	2	vado	vado	_	_	_	_	_	linguistic	_	none	_	_	_	_	_	_
575-3	BOI003	575	575	3	un	un	_	_	_	_	_	linguistic	_	none	_	_	_	_	_	_
575-4	BOI003	575	575	4	pochino	pochino	_	_	_	_	_	linguistic	_	none	_	_	_	_	_	_
575-5	BOI003	575	575	5	meno	meno	_	_	_	_	_	linguistic	_	none	_	_	_	_	_	_
575-6	BOI003	575	575	6	perché	perché	_	_	_	_	_	linguistic	_	none	_	_	_	_	_	_
575-7	BOI003	575	575	7	non	non	_	_	_	_	_	linguistic	_	none	_	_	_	_	_	_
575-8	BOI003	575	575	8	ho	ho	_	_	_	_	_	linguistic	_	none	_	_	_	_	_	_
575-9	BOI003	575	575	9	più	più	_	_	_	_	_	linguistic	_	none	_	_	_	_	_	_
575-10	BOI003	575	575	10	l'	l'	_	_	_	_	_	linguistic	_	none	SpaceAfter=No	_	_	_	_	_
575-11	BOI003	575	575	11	età	età	_	_	_	_	_	linguistic	_	none	_	_	_	_	_	_
575-12	BOI003	575	575	12	per	per	_	_	_	_	_	linguistic	_	none	_	_	_	_	_	_
575-13	BOI003	575	575	13	fare	fare	_	_	_	_	_	linguistic	_	none	_	_	_	_	_	_
575-14	BOI003	575	575	14	queste	queste	_	_	_	_	_	linguistic	_	none	_	_	_	_	_	_
575-15	BOI003	575	575	15	cose	cose	_	_	_	_	_	linguistic	_	none	_	_	_	_	_	_
575-16	BOI003	575	575	16	però:	però	_	_	_	_	_	linguistic	_	none	_	_	3x1	_	_	_
575-17	BOI003	575	575	17	vedo	vedo	_	_	_	_	_	linguistic	_	none	_	_	_	_	_	_
575-18	BOI003	575	575	18	che::	che	_	_	_	_	_	linguistic	_	none	_	End=1649.634	2x2	_	_	_
576-0	BOI003	576	576	0	sento::	sento	_	_	_	_	_	linguistic	_	none	_	Begin=1649.654	4x2	_	_	_
576-1	BOI003	576	576	1	figli	figli	_	_	_	_	_	linguistic	_	none	_	_	_	_	_	_
576-2	BOI003	576	576	2	de~	de~	_	_	_	_	_	linguistic	_	none	Interrupted=Yes	_	_	_	_	_
576-3	BOI003	576	576	3	dei	dei	_	_	_	_	_	linguistic	_	none	_	_	_	_	_	_
576-4	BOI003	576	576	4	miei	miei	_	_	_	_	_	linguistic	_	none	_	_	_	_	_	_
576-5	BOI003	576	576	5	amici	amici	_	_	_	_	_	linguistic	_	none	_	_	_	_	_	_
576-6	BOI003	576	576	6	che	che	_	_	_	_	_	linguistic	_	none	_	_	_	_	_	_
576-7	BOI003	576	576	7	frequentano	frequentano	_	_	_	_	_	linguistic	_	none	_	_	_	_	_	_
576-8	BOI003	576	576	8	anche	anche	_	_	_	_	_	linguistic	_	none	_	_	_	_	_	_
576-9	BOI003	576	576	9	a	a	_	_	_	_	_	linguistic	_	none	_	_	_	_	_	_
576-10	BOI003	576	576	10	villa	villa	_	_	_	_	_	linguistic	_	none	_	_	_	_	_	_
576-11	BOI003	576	576	11	spada	spada	_	_	_	_	_	linguistic	_	none	_	_	_	_	_	_
576-12	BOI003	576	576	12	ad	ad	_	_	_	_	_	linguistic	_	none	_	_	_	_	_	_
576-13	BOI003	576	576	13	esempio	esempio	_	_	_	_	_	linguistic	_	none	_	_	_	_	_	_
576-14	BOI003	576	576	14	quest'	quest'	_	_	_	_	_	linguistic	_	none	SpaceAfter=No	_	_	_	_	_
576-15	BOI003	576	576	15	estate	estate	_	_	_	_	_	linguistic	_	none	_	End=1655.054	_	_	_	_
577-0	BOI003	577	577	0	hanno	hanno	_	_	_	_	_	linguistic	_	none	_	Begin=1655.514	_	_	_	_
577-1	BOI003	577	577	1	fatto	fatto	_	_	_	_	_	linguistic	_	none	_	End=1656.527	_	_	_	_
578-0	BOI003	578	578	0	delle	delle	_	_	_	_	_	linguistic	_	none	_	Begin=1657.214	_	_	_	_
578-1	BOI003	578	578	1	bare	bare	_	_	_	_	_	linguistic	_	none	_	_	_	_	_	_
578-2	BOI003	578	578	2	all'	all'	_	_	_	_	_	linguistic	_	none	SpaceAfter=No	_	_	_	_	_
578-3	BOI003	578	578	3	aperto::	aperto	_	_	_	_	_	linguistic	_	none	_	End=1659.14	5x2	_	_	_
579-0	BOI003	579	579	0	eh.	eh	_	_	_	_	_	linguistic	_	none	Intonation=Falling	Begin=1659.612	_	_	_	_
579-1	BOI003	579	579	1	insomma	insomma	_	_	_	_	_	linguistic	_	none	_	_	_	_	_	_
579-2	BOI003	579	579	2	m::h	mh	_	_	_	_	_	linguistic	_	none	_	End=1661.127	0x2	_	_	_
580-0	BOI003	580	580	0	cioé	cioé	_	_	_	_	_	linguistic	_	none	_	Begin=1661.62	_	_	_	_
580-1	BOI003	580	580	1	vedo	vedo	_	_	_	_	_	linguistic	_	none	_	_	_	_	_	_
580-2	BOI003	580	580	2	che	che	_	_	_	_	_	linguistic	_	none	_	_	_	_	_	_
580-3	BOI003	580	580	3	sono	sono	_	_	_	_	_	linguistic	_	none	_	_	_	_	_	_
580-4	BOI003	580	580	4	molto	molto	_	_	_	_	_	linguistic	_	none	_	_	_	_	_	_
580-5	BOI003	580	580	5	frequentati::	frequentati	_	_	_	_	_	linguistic	_	none	_	_	10x2	_	_	_
580-6	BOI003	580	580	6	e::	e	_	_	_	_	_	linguistic	_	none	_	_	0x2	_	_	_
580-7	BOI003	580	580	7	anch'	anch'	_	_	_	_	_	linguistic	_	none	SpaceAfter=No	_	_	_	_	_
580-8	BOI003	580	580	8	io	io	_	_	_	_	_	linguistic	_	none	_	_	_	_	_	_
580-9	BOI003	580	580	9	quando	quando	_	_	_	_	_	linguistic	_	none	_	_	_	_	_	_
580-10	BOI003	580	580	10	uscivo	uscivo	_	_	_	_	_	linguistic	_	none	_	_	_	_	_	_
580-11	BOI003	580	580	11	andavo	andavo	_	_	_	_	_	linguistic	_	none	_	_	_	_	_	_
580-12	BOI003	580	580	12	spesso	spesso	_	_	_	_	_	linguistic	_	none	_	_	_	_	_	_
580-13	BOI003	580	580	13	[ecco]	ecco	_	_	_	_	_	linguistic	_	none	_	End=1667.374	_	_	_	0-4(121)
581-0	BOR001	581	581	0	[mhmh]	mhmh	_	_	_	_	_	linguistic	_	none	_	Begin=1666.98|End=1667.367	_	_	_	0-4(121)
582-0	BOR001	582	582	0	e	e	_	_	_	_	_	linguistic	_	none	_	Begin=1667.794	_	_	_	_
582-1	BOR001	582	582	1	e:hm	ehm	_	_	_	_	_	linguistic	_	none	_	_	0x1	_	_	_
582-2	BOR001	582	582	2	invece	invece	_	_	_	_	_	linguistic	_	none	_	_	_	_	_	_
582-3	BOR001	582	582	3	sempre	sempre	_	_	_	_	_	linguistic	_	none	_	End=1669.767	_	_	_	_
583-0	BOR001	583	583	0	mi	mi	_	_	_	_	_	linguistic	_	none	_	Begin=1669.787	_	_	_	_
583-1	BOR001	583	583	1	viene	viene	_	_	_	_	_	linguistic	_	none	_	_	_	_	_	_
583-2	BOR001	583	583	2	in	in	_	_	_	_	_	linguistic	_	none	_	_	_	_	_	_
583-3	BOR001	583	583	3	mente	mente	_	_	_	_	_	linguistic	_	none	_	_	_	_	_	_
583-4	BOR001	583	583	4	sempre	sempre	_	_	_	_	_	linguistic	_	none	_	_	_	_	_	_
583-5	BOR001	583	583	5	riguardo	riguardo	_	_	_	_	_	linguistic	_	none	_	_	_	_	_	_
583-6	BOR001	583	583	6	alle	alle	_	_	_	_	_	linguistic	_	none	_	_	_	_	_	_
583-7	BOR001	583	583	7	uscite	uscite	_	_	_	_	_	linguistic	_	none	_	End=1671.84	_	_	_	_
584-0	BOR001	584	584	0	e:hm	ehm	_	_	_	_	_	linguistic	_	none	_	Begin=1672.727|End=1673.514	0x1	_	_	_
585-0	BOR001	585	585	0	forse	forse	_	_	_	_	_	linguistic	_	none	_	Begin=1674.234|End=1675.107	_	_	_	_
586-0	BOR001	586	586	0	anni	anni	_	_	_	_	_	linguistic	_	none	_	Begin=1675.647	_	_	_	_
586-1	BOR001	586	586	1	fa	fa	_	_	_	_	_	linguistic	_	none	_	End=1676.567	_	_	_	_
587-0	BOR001	587	587	0	più	più	_	_	_	_	_	linguistic	_	none	_	Begin=1676.9	_	_	_	_
587-1	BOR001	587	587	1	che	che	_	_	_	_	_	linguistic	_	none	_	_	_	_	_	_
587-2	BOR001	587	587	2	ora	ora	_	_	_	_	_	linguistic	_	none	_	_	_	_	_	_
587-3	BOR001	587	587	3	ma	ma	_	_	_	_	_	linguistic	_	none	_	_	_	_	_	_
587-4	BOR001	587	587	4	non	non	_	_	_	_	_	linguistic	_	none	_	_	_	_	_	_
587-5	BOR001	587	587	5	lo	lo	_	_	_	_	_	linguistic	_	none	_	_	_	_	_	_
587-6	BOR001	587	587	6	so	so	_	_	_	_	_	linguistic	_	none	_	_	_	_	_	_
587-7	BOR001	587	587	7	però	però	_	_	_	_	_	linguistic	_	none	_	_	_	_	_	_
587-8	BOR001	587	587	8	e::h	eh	_	_	_	_	_	linguistic	_	none	_	_	0x2	_	_	_
587-9	BOR001	587	587	9	c(io)é	cioé	_	_	_	_	_	linguistic	_	none	Reduced=Yes	_	_	_	_	_
587-10	BOR001	587	587	10	bologna	bologna	_	_	_	_	_	linguistic	_	none	_	_	_	_	_	_
587-11	BOR001	587	587	11	è	è	_	_	_	_	_	linguistic	_	none	_	_	_	_	_	_
587-12	BOR001	587	587	12	sempre	sempre	_	_	_	_	_	linguistic	_	none	_	_	_	_	_	_
587-13	BOR001	587	587	13	stata	stata	_	_	_	_	_	linguistic	_	none	_	_	_	_	_	_
587-14	BOR001	587	587	14	vicino	vicino	_	_	_	_	_	linguistic	_	none	_	_	_	_	_	_
587-15	BOR001	587	587	15	anche	anche	_	_	_	_	_	linguistic	_	none	_	_	_	_	_	_
587-16	BOR001	587	587	16	al	al	_	_	_	_	_	linguistic	_	none	_	_	_	_	_	_
587-17	BOR001	587	587	17	ma~	ma~	_	_	_	_	_	linguistic	_	none	Interrupted=Yes	End=1681.774	_	_	_	_
588-0	BOR001	588	588	0	insomma	insomma	_	_	_	_	_	linguistic	_	none	_	Begin=1681.82	_	_	_	_
588-1	BOR001	588	588	1	facilmente	facilmente	_	_	_	_	_	linguistic	_	none	_	_	_	_	_	_
588-2	BOR001	588	588	2	raggiungibile	raggiungibile	_	_	_	_	_	linguistic	_	none	_	End=1683.634	_	_	_	_
589-0	BOR001	589	589	0	abbastanza	abbastanza	_	_	_	_	_	linguistic	_	none	_	Begin=1683.835	_	_	_	_
589-1	BOR001	589	589	1	[anche]	anche	_	_	_	_	_	linguistic	_	none	_	_	_	_	_	0-5(122)
589-2	BOR001	589	589	2	il	il	_	_	_	_	_	linguistic	_	none	_	_	_	_	_	_
589-3	BOR001	589	589	3	mare	mare	_	_	_	_	_	linguistic	_	none	_	End=1685.394	_	_	_	_
590-0	BOI003	590	590	0	[sì]	sì	_	_	_	_	_	linguistic	_	none	_	Begin=1684.387|End=1684.827	_	_	_	0-2(122)
591-0	BOI003	591	591	0	sì	sì	_	_	_	_	_	linguistic	_	none	_	Begin=1685.454|End=1685.94	_	_	_	_
592-0	BOR001	592	592	0	eh	eh	_	_	_	_	_	linguistic	_	none	_	Begin=1686.04	_	_	_	_
592-1	BOR001	592	592	1	tu	tu	_	_	_	_	_	linguistic	_	none	_	_	_	_	_	_
592-2	BOR001	592	592	2	coi	coi	_	_	_	_	_	linguistic	_	none	_	_	_	_	_	_
592-3	BOR001	592	592	3	tuoi	tuoi	_	_	_	_	_	linguistic	_	none	_	_	_	_	_	_
592-4	BOR001	592	592	4	amici	amici	_	_	_	_	_	linguistic	_	none	_	_	_	_	_	_
592-5	BOR001	592	592	5	frequentavate	frequentavate	_	_	_	_	_	linguistic	_	none	_	_	_	_	_	_
592-6	BOR001	592	592	6	anche::	anche	_	_	_	_	_	linguistic	_	none	_	End=1689.423	4x2	_	_	_
593-0	BOR001	593	593	0	quelle	quelle	_	_	_	_	_	linguistic	_	none	_	Begin=1689.974	_	_	_	_
593-1	BOR001	593	593	1	zone:	zone	_	_	_	_	_	linguistic	_	none	_	_	3x1	_	_	_
593-2	BOR001	593	593	2	[non	non	_	_	_	_	_	linguistic	_	none	_	_	_	_	_	0-3(123)
593-3	BOR001	593	593	3	so]	so	_	_	_	_	_	linguistic	_	none	_	_	_	_	_	0-2(123)
593-4	BOR001	593	593	4	lidi	lidi	_	_	_	_	_	linguistic	_	none	_	_	_	_	_	_
593-5	BOR001	593	593	5	ravennati:	ravennati	_	_	_	_	_	linguistic	_	none	_	_	8x1	_	_	_
593-6	BOR001	593	593	6	o:	o	_	_	_	_	_	linguistic	_	none	_	_	0x1	_	_	_
593-7	BOR001	593	593	7	così	così	_	_	_	_	_	linguistic	_	none	_	_	_	_	_	_
593-8	BOR001	593	593	8	abbastanza	abbastanza	_	_	_	_	_	linguistic	_	none	_	_	_	_	_	_
593-9	BOR001	593	593	9	frequentemente?	frequentemente	_	_	_	_	_	linguistic	_	none	Intonation=Rising	End=1694.487	_	_	_	_
594-0	BOI003	594	594	0	[sì]	sì	_	_	_	_	_	linguistic	_	none	_	Begin=1690.812|End=1691.299	_	_	_	0-2(123)
595-0	BOI003	595	595	0	sì	sì	_	_	_	_	_	linguistic	_	none	_	Begin=1694.687|End=1695.18	_	_	_	_
596-0	BOI003	596	596	0	[sì]	sì	_	_	_	_	_	linguistic	_	none	_	Begin=1695.56|End=1695.94	_	_	_	0-2(124)
597-0	BOR001	597	597	0	[era]	era	_	_	_	_	_	linguistic	_	none	_	Begin=1695.56|End=1695.94	_	_	_	0-3(124)
598-0	BOI003	598	598	0	sì	sì	_	_	_	_	_	linguistic	_	none	_	Begin=1696.254	_	_	_	_
598-1	BOI003	598	598	1	sì	sì	_	_	_	_	_	linguistic	_	none	_	_	_	_	_	_
598-2	BOI003	598	598	2	ho	ho	_	_	_	_	_	linguistic	_	none	_	_	_	_	_	_
598-3	BOI003	598	598	3	iniziato	iniziato	_	_	_	_	_	linguistic	_	none	_	_	_	_	_	_
598-4	BOI003	598	598	4	già	già	_	_	_	_	_	linguistic	_	none	_	_	_	_	_	_
598-5	BOI003	598	598	5	che	che	_	_	_	_	_	linguistic	_	none	_	_	_	_	_	_
598-6	BOI003	598	598	6	andavo	andavo	_	_	_	_	_	linguistic	_	none	_	_	_	_	_	_
598-7	BOI003	598	598	7	alle	alle	_	_	_	_	_	linguistic	_	none	_	_	_	_	_	_
598-8	BOI003	598	598	8	superio:ri,	superiori	_	_	_	_	_	linguistic	_	none	Intonation=WeaklyRising	End=1700.007	6x1	_	_	_
599-0	BOI003	599	599	0	e	e	_	_	_	_	_	linguistic	_	none	_	Begin=1700.074	_	_	_	_
599-1	BOI003	599	599	1	spesse	spesse	_	_	_	_	_	linguistic	_	none	_	_	_	_	_	_
599-2	BOI003	599	599	2	volte	volte	_	_	_	_	_	linguistic	_	none	_	_	_	_	_	_
599-3	BOI003	599	599	3	alla	alla	_	_	_	_	_	linguistic	_	none	_	_	_	_	_	_
599-4	BOI003	599	599	4	domenica	domenica	_	_	_	_	_	linguistic	_	none	_	_	_	_	_	_
599-5	BOI003	599	599	5	partivamo	partivamo	_	_	_	_	_	linguistic	_	none	_	_	_	_	_	_
599-6	BOI003	599	599	6	col	col	_	_	_	_	_	linguistic	_	none	_	_	_	_	_	_
599-7	BOI003	599	599	7	tre:no	treno	_	_	_	_	_	linguistic	_	none	_	End=1703.62	2x1	_	_	_
600-0	BOI003	600	600	0	alla	alla	_	_	_	_	_	linguistic	_	none	_	Begin=1703.894	_	_	_	_
600-1	BOI003	600	600	1	mattina	mattina	_	_	_	_	_	linguistic	_	none	_	_	_	_	_	_
600-2	BOI003	600	600	2	andavamo	andavamo	_	_	_	_	_	linguistic	_	none	_	_	_	_	_	_
600-3	BOI003	600	600	3	al	al	_	_	_	_	_	linguistic	_	none	_	_	_	_	_	_
600-4	BOI003	600	600	4	ma:re	mare	_	_	_	_	_	linguistic	_	none	_	_	1x1	_	_	_
600-5	BOI003	600	600	5	e	e	_	_	_	_	_	linguistic	_	none	_	_	_	_	_	_
600-6	BOI003	600	600	6	tornavamo	tornavamo	_	_	_	_	_	linguistic	_	none	_	_	_	_	_	_
600-7	BOI003	600	600	7	la	la	_	_	_	_	_	linguistic	_	none	_	_	_	_	_	_
600-8	BOI003	600	600	8	sera	sera	_	_	_	_	_	linguistic	_	none	_	End=1707.34	_	_	_	_
601-0	BOI003	601	601	0	e::hm	ehm	_	_	_	_	_	linguistic	_	none	_	Begin=1707.72	0x2	_	_	_
601-1	BOI003	601	601	1	sì	sì	_	_	_	_	_	linguistic	_	none	_	_	_	_	_	_
601-2	BOI003	601	601	2	e	e	_	_	_	_	_	linguistic	_	none	_	_	_	_	_	_
601-3	BOI003	601	601	3	da	da	_	_	_	_	_	linguistic	_	none	_	_	_	_	_	_
601-4	BOI003	601	601	4	ragazzi:	ragazzi	_	_	_	_	_	linguistic	_	none	_	_	6x1	_	_	_
601-5	BOI003	601	601	5	era	era	_	_	_	_	_	linguistic	_	none	_	_	_	_	_	_
601-6	BOI003	601	601	6	bellissimo	bellissimo	_	_	_	_	_	linguistic	_	none	_	_	_	_	_	_
601-7	BOI003	601	601	7	s'	s'	_	_	_	_	_	linguistic	_	none	SpaceAfter=No	_	_	_	_	_
601-8	BOI003	601	601	8	andava	andava	_	_	_	_	_	linguistic	_	none	_	_	_	_	_	_
601-9	BOI003	601	601	9	anche:	anche	_	_	_	_	_	linguistic	_	none	_	_	4x1	_	_	_
601-10	BOI003	601	601	10	nelle	nelle	_	_	_	_	_	linguistic	_	none	_	_	_	_	_	_
601-11	BOI003	601	601	11	spiagge	spiagge	_	_	_	_	_	linguistic	_	none	_	_	_	_	_	_
601-12	BOI003	601	601	12	libere	libere	_	_	_	_	_	linguistic	_	none	_	_	_	_	_	_
601-13	BOI003	601	601	13	insomma	insomma	_	_	_	_	_	linguistic	_	none	_	_	_	_	_	_
601-14	BOI003	601	601	14	così:	così	_	_	_	_	_	linguistic	_	none	_	End=1715.04	3x1	_	_	_
602-0	BOI003	602	602	0	e	e	_	_	_	_	_	linguistic	_	none	_	Begin=1715.047	_	_	_	_
602-1	BOI003	602	602	1	poi:	poi	_	_	_	_	_	linguistic	_	none	_	_	2x1	_	_	_
602-2	BOI003	602	602	2	al	al	_	_	_	_	_	linguistic	_	none	_	_	_	_	_	_
602-3	BOI003	602	602	3	tre~	tre~	_	_	_	_	_	linguistic	_	none	Interrupted=Yes	_	_	_	_	_
602-4	BOI003	602	602	4	col	col	_	_	_	_	_	linguistic	_	none	_	_	_	_	_	_
602-5	BOI003	602	602	5	treno	treno	_	_	_	_	_	linguistic	_	none	_	_	_	_	_	_
602-6	BOI003	602	602	6	sempre	sempre	_	_	_	_	_	linguistic	_	none	_	End=1717.794	_	_	_	_
603-0	BOI003	603	603	0	e:h	eh	_	_	_	_	_	linguistic	_	none	_	Begin=1718.207	0x1	_	_	_
603-1	BOI003	603	603	1	ci	ci	_	_	_	_	_	linguistic	_	none	_	_	_	_	_	_
603-2	BOI003	603	603	2	divertivamo	divertivamo	_	_	_	_	_	linguistic	_	none	_	_	_	_	_	_
603-3	BOI003	603	603	3	un	un	_	_	_	_	_	linguistic	_	none	_	_	_	_	_	_
603-4	BOI003	603	603	4	sacco	sacco	_	_	_	_	_	linguistic	_	none	_	End=1720.307	_	_	_	_
604-0	BOI003	604	604	0	poi	poi	_	_	_	_	_	linguistic	_	none	_	Begin=1720.38	_	_	_	_
604-1	BOI003	604	604	1	quando	quando	_	_	_	_	_	linguistic	_	none	_	_	_	_	_	_
604-2	BOI003	604	604	2	siamo	siamo	_	_	_	_	_	linguistic	_	none	_	_	_	_	_	_
604-3	BOI003	604	604	3	diventati	diventati	_	_	_	_	_	linguistic	_	none	_	_	_	_	_	_
604-4	BOI003	604	604	4	più	più	_	_	_	_	_	linguistic	_	none	_	_	_	_	_	_
604-5	BOI003	604	604	5	grandi	grandi	_	_	_	_	_	linguistic	_	none	_	_	_	_	_	_
604-6	BOI003	604	604	6	che	che	_	_	_	_	_	linguistic	_	none	_	_	_	_	_	_
604-7	BOI003	604	604	7	abbiamo	abbiamo	_	_	_	_	_	linguistic	_	none	_	_	_	_	_	_
604-8	BOI003	604	604	8	iniziato	iniziato	_	_	_	_	_	linguistic	_	none	_	_	_	_	_	_
604-9	BOI003	604	604	9	a	a	_	_	_	_	_	linguistic	_	none	_	_	_	_	_	_
604-10	BOI003	604	604	10	usare	usare	_	_	_	_	_	linguistic	_	none	_	_	_	_	_	_
604-11	BOI003	604	604	11	la	la	_	_	_	_	_	linguistic	_	none	_	_	_	_	_	_
604-12	BOI003	604	604	12	macchina	macchina	_	_	_	_	_	linguistic	_	none	_	_	_	_	_	_
604-13	BOI003	604	604	13	a	a	_	_	_	_	_	linguistic	_	none	_	_	_	_	_	_
604-14	BOI003	604	604	14	volte	volte	_	_	_	_	_	linguistic	_	none	_	_	_	_	_	_
604-15	BOI003	604	604	15	andavamo	andavamo	_	_	_	_	_	linguistic	_	none	_	_	_	_	_	_
604-16	BOI003	604	604	16	il	il	_	_	_	_	_	linguistic	_	none	_	_	_	_	_	_
604-17	BOI003	604	604	17	fine	fine	_	_	_	_	_	linguistic	_	none	_	_	_	_	_	_
604-18	BOI003	604	604	18	settimana	settimana	_	_	_	_	_	linguistic	_	none	_	_	_	_	_	_
604-19	BOI003	604	604	19	per	per	_	_	_	_	_	linguistic	_	none	_	_	_	_	_	_
604-20	BOI003	604	604	20	andare	andare	_	_	_	_	_	linguistic	_	none	_	End=1726.634	_	_	_	_
605-0	BOI003	605	605	0	non	non	_	_	_	_	_	linguistic	_	none	_	Begin=1727.075	_	_	_	_
605-1	BOI003	605	605	1	so	so	_	_	_	_	_	linguistic	_	none	_	_	_	_	_	_
605-2	BOI003	605	605	2	in	in	_	_	_	_	_	linguistic	_	none	_	_	_	_	_	_
605-3	BOI003	605	605	3	qualche:	qualche	_	_	_	_	_	linguistic	_	none	_	_	6x1	_	_	_
605-4	BOI003	605	605	4	discoteca	discoteca	_	_	_	_	_	linguistic	_	none	_	_	_	_	_	_
605-5	BOI003	605	605	5	del	del	_	_	_	_	_	linguistic	_	none	_	_	_	_	_	_
605-6	BOI003	605	605	6	ma:re,	mare	_	_	_	_	_	linguistic	_	none	Intonation=WeaklyRising	End=1729.719	1x1	_	_	_
606-0	BOI003	606	606	0	o	o	_	_	_	_	_	linguistic	_	none	_	Begin=1730.374	_	_	_	_
606-1	BOI003	606	606	1	anche	anche	_	_	_	_	_	linguistic	_	none	_	_	_	_	_	_
606-2	BOI003	606	606	2	soltanto	soltanto	_	_	_	_	_	linguistic	_	none	_	_	_	_	_	_
606-3	BOI003	606	606	3	a	a	_	_	_	_	_	linguistic	_	none	_	_	_	_	_	_
606-4	BOI003	606	606	4	mangiare	mangiare	_	_	_	_	_	linguistic	_	none	_	_	_	_	_	_
606-5	BOI003	606	606	5	il	il	_	_	_	_	_	linguistic	_	none	_	_	_	_	_	_
606-6	BOI003	606	606	6	pe:sce,	pesce	_	_	_	_	_	linguistic	_	none	Intonation=WeaklyRising	End=1732.8	1x1	_	_	_
607-0	BOI003	607	607	0	e:hm	ehm	_	_	_	_	_	linguistic	_	none	_	Begin=1733.274	0x1	_	_	_
607-1	BOI003	607	607	1	da	da	_	_	_	_	_	linguistic	_	none	_	_	_	_	_	_
607-2	BOI003	607	607	2	ragazzi	ragazzi	_	_	_	_	_	linguistic	_	none	_	_	_	_	_	_
607-3	BOI003	607	607	3	lo	lo	_	_	_	_	_	linguistic	_	none	_	_	_	_	_	_
607-4	BOI003	607	607	4	abbiamo	abbiamo	_	_	_	_	_	linguistic	_	none	_	_	_	_	_	_
607-5	BOI003	607	607	5	fatto	fatto	_	_	_	_	_	linguistic	_	none	_	_	_	_	_	_
607-6	BOI003	607	607	6	tantissimo	tantissimo	_	_	_	_	_	linguistic	_	none	_	End=1736.147	_	_	_	_
608-0	BOI003	608	608	0	adesso:	adesso	_	_	_	_	_	linguistic	_	none	_	Begin=1736.194	5x1	_	_	_
608-1	BOI003	608	608	1	devo	devo	_	_	_	_	_	linguistic	_	none	_	_	_	_	_	_
608-2	BOI003	608	608	2	dire	dire	_	_	_	_	_	linguistic	_	none	_	_	_	_	_	_
608-3	BOI003	608	608	3	che	che	_	_	_	_	_	linguistic	_	none	_	_	_	_	_	_
608-4	BOI003	608	608	4	con	con	_	_	_	_	_	linguistic	_	none	_	_	_	_	_	_
608-5	BOI003	608	608	5	anche	anche	_	_	_	_	_	linguistic	_	none	_	_	_	_	_	_
608-6	BOI003	608	608	6	la	la	_	_	_	_	_	linguistic	_	none	_	_	_	_	_	_
608-7	BOI003	608	608	7	mia	mia	_	_	_	_	_	linguistic	_	none	_	_	_	_	_	_
608-8	BOI003	608	608	8	compagnia	compagnia	_	_	_	_	_	linguistic	_	none	_	_	_	_	_	_
608-9	BOI003	608	608	9	di	di	_	_	_	_	_	linguistic	_	none	_	_	_	_	_	_
608-10	BOI003	608	608	10	amici:	amici	_	_	_	_	_	linguistic	_	none	_	_	4x1	_	_	_
608-11	BOI003	608	608	11	no	no	_	_	_	_	_	linguistic	_	none	_	_	_	_	_	_
608-12	BOI003	608	608	12	non	non	_	_	_	_	_	linguistic	_	none	_	_	_	_	_	_
608-13	BOI003	608	608	13	ci	ci	_	_	_	_	_	linguistic	_	none	_	_	_	_	_	_
608-14	BOI003	608	608	14	andiamo	andiamo	_	_	_	_	_	linguistic	_	none	_	_	_	_	_	_
608-15	BOI003	608	608	15	più	più	_	_	_	_	_	linguistic	_	none	_	End=1742.247	_	_	_	_
609-0	BOI003	609	609	0	e	e	_	_	_	_	_	linguistic	_	none	_	Begin=1742.674	_	_	_	_
609-1	BOI003	609	609	1	a	a	_	_	_	_	_	linguistic	_	none	_	_	_	_	_	_
609-2	BOI003	609	609	2	meno	meno	_	_	_	_	_	linguistic	_	none	_	_	_	_	_	_
609-3	BOI003	609	609	3	che	che	_	_	_	_	_	linguistic	_	none	_	_	_	_	_	_
609-4	BOI003	609	609	4	s~	s~	_	_	_	_	_	linguistic	_	none	Interrupted=Yes	_	_	_	_	_
609-5	BOI003	609	609	5	se	se	_	_	_	_	_	linguistic	_	none	_	_	_	_	_	_
609-6	BOI003	609	609	6	non	non	_	_	_	_	_	linguistic	_	none	_	_	_	_	_	_
609-7	BOI003	609	609	7	per	per	_	_	_	_	_	linguistic	_	none	_	_	_	_	_	_
609-8	BOI003	609	609	8	fare	fare	_	_	_	_	_	linguistic	_	none	_	_	_	_	_	_
609-9	BOI003	609	609	9	qualche	qualche	_	_	_	_	_	linguistic	_	none	_	_	_	_	_	_
609-10	BOI003	609	609	10	giorno	giorno	_	_	_	_	_	linguistic	_	none	_	_	_	_	_	_
609-11	BOI003	609	609	11	di	di	_	_	_	_	_	linguistic	_	none	_	_	_	_	_	_
609-12	BOI003	609	609	12	vacanza	vacanza	_	_	_	_	_	linguistic	_	none	_	_	_	_	_	_
609-13	BOI003	609	609	13	ogniuno	ogniuno	_	_	_	_	_	linguistic	_	none	_	_	_	_	_	_
609-14	BOI003	609	609	14	per	per	_	_	_	_	_	linguistic	_	none	_	_	_	_	_	_
609-15	BOI003	609	609	15	i	i	_	_	_	_	_	linguistic	_	none	_	_	_	_	_	_
609-16	BOI003	609	609	16	fatti	fatti	_	_	_	_	_	linguistic	_	none	_	_	_	_	_	_
609-17	BOI003	609	609	17	suoi	suoi	_	_	_	_	_	linguistic	_	none	_	_	_	_	_	_
609-18	BOI003	609	609	18	così	così	_	_	_	_	_	linguistic	_	none	_	End=1748.28	_	_	_	_
610-0	BOI003	610	610	0	però:	però	_	_	_	_	_	linguistic	_	none	_	Begin=1748.32	3x1	_	_	_
610-1	BOI003	610	610	1	non	non	_	_	_	_	_	linguistic	_	none	_	_	_	_	_	_
610-2	BOI003	610	610	2	c'	c'	_	_	_	_	_	linguistic	_	none	SpaceAfter=No	_	_	_	_	_
610-3	BOI003	610	610	3	è	è	_	_	_	_	_	linguistic	_	none	_	_	_	_	_	_
610-4	BOI003	610	610	4	più	più	_	_	_	_	_	linguistic	_	none	_	_	_	_	_	_
610-5	BOI003	610	610	5	la	la	_	_	_	_	_	linguistic	_	none	_	_	_	_	_	_
610-6	BOI003	610	610	6	cosa	cosa	_	_	_	_	_	linguistic	_	none	_	_	_	_	_	_
610-7	BOI003	610	610	7	di	di	_	_	_	_	_	linguistic	_	none	_	_	_	_	_	_
610-8	BOI003	610	610	8	prendere	prendere	_	_	_	_	_	linguistic	_	none	_	_	_	_	_	_
610-9	BOI003	610	610	9	andare	andare	_	_	_	_	_	linguistic	_	none	_	_	_	_	_	_
610-10	BOI003	610	610	10	al	al	_	_	_	_	_	linguistic	_	none	_	_	_	_	_	_
610-11	BOI003	610	610	11	mare	mare	_	_	_	_	_	linguistic	_	none	_	_	_	_	_	_
610-12	BOI003	610	610	12	per	per	_	_	_	_	_	linguistic	_	none	_	_	_	_	_	_
610-13	BOI003	610	610	13	mangiare	mangiare	_	_	_	_	_	linguistic	_	none	_	_	_	_	_	_
610-14	BOI003	610	610	14	>fuori<	fuori	_	_	_	_	_	linguistic	_	none	_	End=1752.394	_	Fast=0-5(0)	_	_
611-0	BOI003	611	611	0	ma	ma	_	_	_	_	_	linguistic	_	none	_	Begin=1752.639	_	_	_	_
611-1	BOI003	611	611	1	da	da	_	_	_	_	_	linguistic	_	none	_	_	_	_	_	_
611-2	BOI003	611	611	2	ragazzi	ragazzi	_	_	_	_	_	linguistic	_	none	_	_	_	_	_	_
611-3	BOI003	611	611	3	l'	l'	_	_	_	_	_	linguistic	_	none	SpaceAfter=No	_	_	_	_	_
611-4	BOI003	611	611	4	ho	ho	_	_	_	_	_	linguistic	_	none	_	_	_	_	_	_
611-5	BOI003	611	611	5	fatto	fatto	_	_	_	_	_	linguistic	_	none	_	_	_	_	_	_
611-6	BOI003	611	611	6	spesso	spesso	_	_	_	_	_	linguistic	_	none	_	End=1754.314	_	_	_	_
612-0	BOR001	612	612	0	mhmh	mhmh	_	_	_	_	_	linguistic	_	none	_	Begin=1754.414|End=1755.034	_	_	_	_
613-0	BOR001	613	613	0	ma	ma	_	_	_	_	_	linguistic	_	none	_	Begin=1755.2	_	_	_	_
613-1	BOR001	613	613	1	è:	è	_	_	_	_	_	linguistic	_	none	_	End=1755.9	0x1	_	_	_
614-0	BOR001	614	614	0	è	è	_	_	_	_	_	linguistic	_	none	_	Begin=1756.285	_	_	_	_
614-1	BOR001	614	614	1	sempre	sempre	_	_	_	_	_	linguistic	_	none	_	_	_	_	_	_
614-2	BOR001	614	614	2	stato	stato	_	_	_	_	_	linguistic	_	none	_	_	_	_	_	_
614-3	BOR001	614	614	3	quindi	quindi	_	_	_	_	_	linguistic	_	none	_	_	_	_	_	_
614-4	BOR001	614	614	4	abbastanza	abbastanza	_	_	_	_	_	linguistic	_	none	_	_	_	_	_	_
614-5	BOR001	614	614	5	facilmente	facilmente	_	_	_	_	_	linguistic	_	none	_	_	_	_	_	_
614-6	BOR001	614	614	6	raggiungibile	raggiungibile	_	_	_	_	_	linguistic	_	none	_	End=1758.914	_	_	_	_
615-0	BOI003	615	615	0	no	no	_	_	_	_	_	linguistic	_	none	_	Begin=1758.92|End=1759.234	_	_	_	_
616-0	BOI003	616	616	0	((ride))	((ride))	_	_	_	_	_	nonverbalbehavior	_	none	_	Begin=1759.675|End=1760.347	_	_	_	_
617-0	BOR001	617	617	0	no	no	_	_	_	_	_	linguistic	_	none	PauseAfter=Yes	Begin=1759.866	_	_	_	_
617-1	BOR001	617	617	1	(.)	(.)	_	_	_	_	_	shortpause	_	none	_	_	_	_	_	_
617-2	BOR001	617	617	2	mh	mh	_	_	_	_	_	linguistic	_	none	_	End=1760.647	_	_	_	_
618-0	BOI003	618	618	0	no	no	_	_	_	_	_	linguistic	_	none	_	Begin=1760.68	_	_	_	_
618-1	BOI003	618	618	1	beh	beh	_	_	_	_	_	linguistic	_	none	_	_	_	_	_	_
618-2	BOI003	618	618	2	vabbé	vabbé	_	_	_	_	_	linguistic	_	none	_	_	_	_	_	_
618-3	BOI003	618	618	3	in	in	_	_	_	_	_	linguistic	_	none	_	_	_	_	_	_
618-4	BOI003	618	618	4	treno	treno	_	_	_	_	_	linguistic	_	none	_	_	_	_	_	_
618-5	BOI003	618	618	5	era	era	_	_	_	_	_	linguistic	_	none	_	_	_	_	_	_
618-6	BOI003	618	618	6	sempre:	sempre	_	_	_	_	_	linguistic	_	none	_	_	5x1	_	_	_
618-7	BOI003	618	618	7	vagoni:	vagoni	_	_	_	_	_	linguistic	_	none	_	_	5x1	_	_	_
618-8	BOI003	618	618	8	proprio	proprio	_	_	_	_	_	linguistic	_	none	_	_	_	_	_	_
618-9	BOI003	618	618	9	[carri]	carri	_	_	_	_	_	linguistic	_	none	_	_	_	_	_	0-5(125)
618-10	BOI003	618	618	10	bestiame	bestiame	_	_	_	_	_	linguistic	_	none	_	_	_	_	_	_
618-11	BOI003	618	618	11	((ride))	((ride))	_	_	_	_	_	nonverbalbehavior	_	none	_	_	_	_	_	_
618-12	BOI003	618	618	12	così	così	_	_	_	_	_	linguistic	_	none	_	End=1767.187	_	_	_	_
619-0	BOR001	619	619	0	[okay]	okay	_	_	_	_	_	linguistic	_	none	_	Begin=1765.357|End=1766.13	_	_	_	0-4(125)
620-0	BOI003	620	620	0	anche	anche	_	_	_	_	_	linguistic	_	none	_	Begin=1767.38	_	_	_	_
620-1	BOI003	620	620	1	da	da	_	_	_	_	_	linguistic	_	none	_	_	_	_	_	_
620-2	BOI003	620	620	2	ragazzi	ragazzi	_	_	_	_	_	linguistic	_	none	_	_	_	_	_	_
620-3	BOI003	620	620	3	quando	quando	_	_	_	_	_	linguistic	_	none	_	_	_	_	_	_
620-4	BOI003	620	620	4	andava:mo	andavamo	_	_	_	_	_	linguistic	_	none	_	_	5x1	_	_	_
620-5	BOI003	620	620	5	cioé	cioé	_	_	_	_	_	linguistic	_	none	_	_	_	_	_	_
620-6	BOI003	620	620	6	praticamente	praticamente	_	_	_	_	_	linguistic	_	none	_	_	_	_	_	_
620-7	BOI003	620	620	7	stavi	stavi	_	_	_	_	_	linguistic	_	none	_	_	_	_	_	_
620-8	BOI003	620	620	8	in	in	_	_	_	_	_	linguistic	_	none	_	_	_	_	_	_
620-9	BOI003	620	620	9	piedi	piedi	_	_	_	_	_	linguistic	_	none	_	_	_	_	_	_
620-10	BOI003	620	620	10	tutto	tutto	_	_	_	_	_	linguistic	_	none	_	_	_	_	_	_
620-11	BOI003	620	620	11	il	il	_	_	_	_	_	linguistic	_	none	_	_	_	_	_	_
620-12	BOI003	620	620	12	viaggio	viaggio	_	_	_	_	_	linguistic	_	none	_	_	_	_	_	_
620-13	BOI003	620	620	13	però:	però	_	_	_	_	_	linguistic	_	none	_	_	3x1	_	_	_
620-14	BOI003	620	620	14	non	non	_	_	_	_	_	linguistic	_	none	_	_	_	_	_	_
620-15	BOI003	620	620	15	è	è	_	_	_	_	_	linguistic	_	none	_	_	_	_	_	_
620-16	BOI003	620	620	16	che	che	_	_	_	_	_	linguistic	_	none	_	_	_	_	_	_
620-17	BOI003	620	620	17	ci	ci	_	_	_	_	_	linguistic	_	none	_	_	_	_	_	_
620-18	BOI003	620	620	18	interessava	interessava	_	_	_	_	_	linguistic	_	none	_	_	_	_	_	_
620-19	BOI003	620	620	19	più	più	_	_	_	_	_	linguistic	_	none	_	_	_	_	_	_
620-20	BOI003	620	620	20	di	di	_	_	_	_	_	linguistic	_	none	_	_	_	_	_	_
620-21	BOI003	620	620	21	tanto	tanto	_	_	_	_	_	linguistic	_	none	_	_	_	_	_	_
620-22	BOI003	620	620	22	stavi	stavi	_	_	_	_	_	linguistic	_	none	_	_	_	_	_	_
620-23	BOI003	620	620	23	lì	lì	_	_	_	_	_	linguistic	_	none	_	_	_	_	_	_
620-24	BOI003	620	620	24	nel	nel	_	_	_	_	_	linguistic	_	none	_	_	_	_	_	_
620-25	BOI003	620	620	25	corridoio	corridoio	_	_	_	_	_	linguistic	_	none	_	End=1775.947	_	_	_	_
621-0	BOI003	621	621	0	e:hm	ehm	_	_	_	_	_	linguistic	_	none	_	Begin=1776.48	0x1	_	_	_
621-1	BOI003	621	621	1	eran	eran	_	_	_	_	_	linguistic	_	none	_	_	_	_	_	_
621-2	BOI003	621	621	2	sempre	sempre	_	_	_	_	_	linguistic	_	none	_	_	_	_	_	_
621-3	BOI003	621	621	3	pieni	pieni	_	_	_	_	_	linguistic	_	none	_	_	_	_	_	_
621-4	BOI003	621	621	4	zeppi	zeppi	_	_	_	_	_	linguistic	_	none	_	End=1778.654	_	_	_	_
622-0	BOI003	622	622	0	poi	poi	_	_	_	_	_	linguistic	_	none	_	Begin=1779.034	_	_	_	_
622-1	BOI003	622	622	1	anche	anche	_	_	_	_	_	linguistic	_	none	_	_	_	_	_	_
622-2	BOI003	622	622	2	quando	quando	_	_	_	_	_	linguistic	_	none	_	_	_	_	_	_
622-3	BOI003	622	622	3	abbiamo	abbiamo	_	_	_	_	_	linguistic	_	none	_	_	_	_	_	_
622-4	BOI003	622	622	4	iniziato	iniziato	_	_	_	_	_	linguistic	_	none	_	_	_	_	_	_
622-5	BOI003	622	622	5	a	a	_	_	_	_	_	linguistic	_	none	_	_	_	_	_	_
622-6	BOI003	622	622	6	andare	andare	_	_	_	_	_	linguistic	_	none	_	_	_	_	_	_
622-7	BOI003	622	622	7	in	in	_	_	_	_	_	linguistic	_	none	_	_	_	_	_	_
622-8	BOI003	622	622	8	macchina	macchina	_	_	_	_	_	linguistic	_	none	_	_	_	_	_	_
622-9	BOI003	622	622	9	e:h	eh	_	_	_	_	_	linguistic	_	none	_	_	0x1	_	_	_
622-10	BOI003	622	622	10	c'	c'	_	_	_	_	_	linguistic	_	none	SpaceAfter=No	_	_	_	_	_
622-11	BOI003	622	622	11	eran	eran	_	_	_	_	_	linguistic	_	none	_	_	_	_	_	_
622-12	BOI003	622	622	12	sempre	sempre	_	_	_	_	_	linguistic	_	none	_	_	_	_	_	_
622-13	BOI003	622	622	13	delle	delle	_	_	_	_	_	linguistic	_	none	_	_	_	_	_	_
622-14	BOI003	622	622	14	colonne	colonne	_	_	_	_	_	linguistic	_	none	_	_	_	_	_	_
622-15	BOI003	622	622	15	micidiali	micidiali	_	_	_	_	_	linguistic	_	none	_	_	_	_	_	_
622-16	BOI003	622	622	16	ma	ma	_	_	_	_	_	linguistic	_	none	_	End=1784.194	_	_	_	_
623-0	BOI003	623	623	0	ma	ma	_	_	_	_	_	linguistic	_	none	_	Begin=1784.26	_	_	_	_
623-1	BOI003	623	623	1	quando	quando	_	_	_	_	_	linguistic	_	none	_	_	_	_	_	_
623-2	BOI003	623	623	2	abbiamo	abbiamo	_	_	_	_	_	linguistic	_	none	_	_	_	_	_	_
623-3	BOI003	623	623	3	iniziato	iniziato	_	_	_	_	_	linguistic	_	none	_	_	_	_	_	_
623-4	BOI003	623	623	4	noi	noi	_	_	_	_	_	linguistic	_	none	_	_	_	_	_	_
623-5	BOI003	623	623	5	c'	c'	_	_	_	_	_	linguistic	_	none	SpaceAfter=No	_	_	_	_	_
623-6	BOI003	623	623	6	erano	erano	_	_	_	_	_	linguistic	_	none	_	_	_	_	_	_
623-7	BOI003	623	623	7	meno	meno	_	_	_	_	_	linguistic	_	none	_	_	_	_	_	_
623-8	BOI003	623	623	8	corsie	corsie	_	_	_	_	_	linguistic	_	none	_	_	_	_	_	_
623-9	BOI003	623	623	9	nell'	nell'	_	_	_	_	_	linguistic	_	none	SpaceAfter=No	_	_	_	_	_
623-10	BOI003	623	623	10	auto[stra]da	autostrada	_	_	_	_	_	linguistic	_	none	_	End=1787.82	_	_	_	2-7(126)
624-0	BOR001	624	624	0	[mh]	mh	_	_	_	_	_	linguistic	_	none	_	Begin=1787.474|End=1787.82	_	_	_	0-2(126)
625-0	BOI003	625	625	0	poi	poi	_	_	_	_	_	linguistic	_	none	_	Begin=1787.967	_	_	_	_
625-1	BOI003	625	625	1	hanno	hanno	_	_	_	_	_	linguistic	_	none	_	_	_	_	_	_
625-2	BOI003	625	625	2	aumentato	aumentato	_	_	_	_	_	linguistic	_	none	_	_	_	_	_	_
625-3	BOI003	625	625	3	le	le	_	_	_	_	_	linguistic	_	none	_	_	_	_	_	_
625-4	BOI003	625	625	4	corsie	corsie	_	_	_	_	_	linguistic	_	none	_	_	_	_	_	_
625-5	BOI003	625	625	5	ma	ma	_	_	_	_	_	linguistic	_	none	_	_	_	_	_	_
625-6	BOI003	625	625	6	è	è	_	_	_	_	_	linguistic	_	none	_	_	_	_	_	_
625-7	BOI003	625	625	7	[aumentato	aumentato	_	_	_	_	_	linguistic	_	none	_	_	_	_	_	_
625-8	BOI003	625	625	8	il	il	_	_	_	_	_	linguistic	_	none	_	_	_	_	_	_
625-9	BOI003	625	625	9	traffico	traffico	_	_	_	_	_	linguistic	_	none	_	End=1791.507	_	_	_	_
626-0	BOR001	626	626	0	[aumen~]	aumen~	_	_	_	_	_	linguistic	_	none	Interrupted=Yes	Begin=1789.887	_	_	_	0-6(127)
626-1	BOR001	626	626	1	((ride))	((ride))	_	_	_	_	_	nonverbalbehavior	_	none	_	End=1790.987	_	_	_	_
627-0	BOI003	627	627	0	quindi	quindi	_	_	_	_	_	linguistic	_	none	_	Begin=1791.56	_	_	_	_
627-1	BOI003	627	627	1	no	no	_	_	_	_	_	linguistic	_	none	_	_	_	_	_	_
627-2	BOI003	627	627	2	la	la	_	_	_	_	_	linguistic	_	none	_	_	_	_	_	_
627-3	BOI003	627	627	3	situazione:	situazione	_	_	_	_	_	linguistic	_	none	_	_	9x1	_	_	_
627-4	BOI003	627	627	4	m:h	mh	_	_	_	_	_	linguistic	_	none	_	_	0x1	_	_	_
627-5	BOI003	627	627	5	del	del	_	_	_	_	_	linguistic	_	none	_	_	_	_	_	_
627-6	BOI003	627	627	6	mare	mare	_	_	_	_	_	linguistic	_	none	_	_	_	_	_	_
627-7	BOI003	627	627	7	è	è	_	_	_	_	_	linguistic	_	none	_	_	_	_	_	_
627-8	BOI003	627	627	8	sempre	sempre	_	_	_	_	_	linguistic	_	none	_	_	_	_	_	_
627-9	BOI003	627	627	9	stata	stata	_	_	_	_	_	linguistic	_	none	_	_	_	_	_	_
627-10	BOI003	627	627	10	uguale	uguale	_	_	_	_	_	linguistic	_	none	_	_	_	_	_	_
627-11	BOI003	627	627	11	più	più	_	_	_	_	_	linguistic	_	none	_	_	_	_	_	_
627-12	BOI003	627	627	12	o	o	_	_	_	_	_	linguistic	_	none	_	_	_	_	_	_
627-13	BOI003	627	627	13	meno	meno	_	_	_	_	_	linguistic	_	none	_	_	_	_	_	_
627-14	BOI003	627	627	14	ecco	ecco	_	_	_	_	_	linguistic	_	none	_	_	_	_	_	_
627-15	BOI003	627	627	15	°esatto°	esatto	_	_	_	_	_	linguistic	_	none	Volume=low	End=1797.014	_	_	_	_
628-0	BOR001	628	628	0	ah	ah	_	_	_	_	_	linguistic	_	none	_	Begin=1797.214	_	_	_	_
628-1	BOR001	628	628	1	okay	okay	_	_	_	_	_	linguistic	_	none	_	End=1797.734	_	_	_	_
629-0	BOR001	629	629	0	pensavo	pensavo	_	_	_	_	_	linguistic	_	none	_	Begin=1797.985	_	_	_	_
629-1	BOR001	629	629	1	[che]	che	_	_	_	_	_	linguistic	_	none	_	_	_	_	_	0-3(128)
629-2	BOR001	629	629	2	fosse:	fosse	_	_	_	_	_	linguistic	_	none	_	_	4x1	_	_	_
629-3	BOR001	629	629	3	m:h	mh	_	_	_	_	_	linguistic	_	none	_	End=1800.194	0x1	_	_	_
630-0	BOI003	630	630	0	[sì]	sì	_	_	_	_	_	linguistic	_	none	_	Begin=1798.466|End=1798.875	_	_	_	0-2(128)
631-0	BOI003	631	631	0	°no°	no	_	_	_	_	_	linguistic	_	none	Volume=low	Begin=1800.54|End=1801.16	_	_	_	_
632-0	BOR001	632	632	0	fosse:	fosse	_	_	_	_	_	linguistic	_	none	_	Begin=1801.994	4x1	_	_	_
632-1	BOR001	632	632	1	diverso	diverso	_	_	_	_	_	linguistic	_	none	_	_	_	_	_	_
632-2	BOR001	632	632	2	insomma	insomma	_	_	_	_	_	linguistic	_	none	_	_	_	_	_	_
632-3	BOR001	632	632	3	quindi	quindi	_	_	_	_	_	linguistic	_	none	_	_	_	_	_	_
632-4	BOR001	632	632	4	comunque	comunque	_	_	_	_	_	linguistic	_	none	_	_	_	_	_	_
632-5	BOR001	632	632	5	i	i	_	_	_	_	_	linguistic	_	none	_	_	_	_	_	_
632-6	BOR001	632	632	6	bolognesi	bolognesi	_	_	_	_	_	linguistic	_	none	_	_	_	_	_	_
632-7	BOR001	632	632	7	hanno	hanno	_	_	_	_	_	linguistic	_	none	_	_	_	_	_	_
632-8	BOR001	632	632	8	sempre::	sempre	_	_	_	_	_	linguistic	_	none	_	End=1805.84	5x2	_	_	_
633-0	BOR001	633	633	0	c(io)é	cioé	_	_	_	_	_	linguistic	_	none	Reduced=Yes	Begin=1808.034	_	_	_	_
633-1	BOR001	633	633	1	la	la	_	_	_	_	_	linguistic	_	none	_	_	_	_	_	_
633-2	BOR001	633	633	2	riviera	riviera	_	_	_	_	_	linguistic	_	none	_	_	_	_	_	_
633-3	BOR001	633	633	3	eh	eh	_	_	_	_	_	linguistic	_	none	_	_	_	_	_	_
633-4	BOR001	633	633	4	è	è	_	_	_	_	_	linguistic	_	none	_	_	_	_	_	_
633-5	BOR001	633	633	5	un	un	_	_	_	_	_	linguistic	_	none	_	_	_	_	_	_
633-6	BOR001	633	633	6	po'::	po'	_	_	_	_	_	linguistic	_	none	_	_	1x2	_	_	_
633-7	BOR001	633	633	7	la	la	_	_	_	_	_	linguistic	_	none	_	_	_	_	_	_
633-8	BOR001	633	633	8	seconda	seconda	_	_	_	_	_	linguistic	_	none	_	_	_	_	_	_
633-9	BOR001	633	633	9	casa	casa	_	_	_	_	_	linguistic	_	none	_	End=1812.425	_	_	_	_
634-0	BOR001	634	634	0	c(io)é	cioé	_	_	_	_	_	linguistic	_	none	Reduced=Yes	Begin=1812.934	_	_	_	_
634-1	BOR001	634	634	1	abbastan~	abbastan~	_	_	_	_	_	linguistic	_	none	Interrupted=Yes	End=1813.62	_	_	_	_
635-0	BOI003	635	635	0	sì	sì	_	_	_	_	_	linguistic	_	none	_	Begin=1813.64	_	_	_	_
635-1	BOI003	635	635	1	e::hm	ehm	_	_	_	_	_	linguistic	_	none	_	End=1815.18	0x2	_	_	_
636-0	BOI003	636	636	0	beh	beh	_	_	_	_	_	linguistic	_	none	_	Begin=1815.56	_	_	_	_
636-1	BOI003	636	636	1	sì	sì	_	_	_	_	_	linguistic	_	none	_	_	_	_	_	_
636-2	BOI003	636	636	2	però	però	_	_	_	_	_	linguistic	_	none	_	_	_	_	_	_
636-3	BOI003	636	636	3	ecco	ecco	_	_	_	_	_	linguistic	_	none	_	_	_	_	_	_
636-4	BOI003	636	636	4	il	il	_	_	_	_	_	linguistic	_	none	_	_	_	_	_	_
636-5	BOI003	636	636	5	problema	problema	_	_	_	_	_	linguistic	_	none	_	_	_	_	_	_
636-6	BOI003	636	636	6	esatto	esatto	_	_	_	_	_	linguistic	_	none	_	_	_	_	_	_
636-7	BOI003	636	636	7	c'	c'	_	_	_	_	_	linguistic	_	none	SpaceAfter=No	_	_	_	_	_
636-8	BOI003	636	636	8	è	è	_	_	_	_	_	linguistic	_	none	_	_	_	_	_	_
636-9	BOI003	636	636	9	sempre	sempre	_	_	_	_	_	linguistic	_	none	_	_	_	_	_	_
636-10	BOI003	636	636	10	stato	stato	_	_	_	_	_	linguistic	_	none	_	_	_	_	_	_
636-11	BOI003	636	636	11	quello	quello	_	_	_	_	_	linguistic	_	none	_	_	_	_	_	_
636-12	BOI003	636	636	12	di	di	_	_	_	_	_	linguistic	_	none	_	_	_	_	_	_
636-13	BOI003	636	636	13	[raggiunge]re	raggiungere	_	_	_	_	_	linguistic	_	none	_	_	_	_	_	0-9(129)
636-14	BOI003	636	636	14	il	il	_	_	_	_	_	linguistic	_	none	_	_	_	_	_	_
636-15	BOI003	636	636	15	mare	mare	_	_	_	_	_	linguistic	_	none	_	End=1820.587	_	_	_	_
637-0	BOR001	637	637	0	[mhmh]	mhmh	_	_	_	_	_	linguistic	_	none	_	Begin=1819.174|End=1819.767	_	_	_	0-4(129)
638-0	BOI003	638	638	0	e:h	eh	_	_	_	_	_	linguistic	_	none	_	Begin=1820.607	0x1	_	_	_
638-1	BOI003	638	638	1	ma	ma	_	_	_	_	_	linguistic	_	none	_	_	_	_	_	_
638-2	BOI003	638	638	2	te	te	_	_	_	_	_	linguistic	_	none	_	_	_	_	_	_
638-3	BOI003	638	638	3	l'	l'	_	_	_	_	_	linguistic	_	none	SpaceAfter=No	_	_	_	_	_
638-4	BOI003	638	638	4	ho	ho	_	_	_	_	_	linguistic	_	none	_	_	_	_	_	_
638-5	BOI003	638	638	5	detto	detto	_	_	_	_	_	linguistic	_	none	_	_	_	_	_	_
638-6	BOI003	638	638	6	forse	forse	_	_	_	_	_	linguistic	_	none	_	_	_	_	_	_
638-7	BOI003	638	638	7	perché	perché	_	_	_	_	_	linguistic	_	none	_	_	_	_	_	_
638-8	BOI003	638	638	8	prima	prima	_	_	_	_	_	linguistic	_	none	_	_	_	_	_	_
638-9	BOI003	638	638	9	c'	c'	_	_	_	_	_	linguistic	_	none	SpaceAfter=No	_	_	_	_	_
638-10	BOI003	638	638	10	era:	era	_	_	_	_	_	linguistic	_	none	_	_	2x1	_	_	_
638-11	BOI003	638	638	11	meno	meno	_	_	_	_	_	linguistic	_	none	_	_	_	_	_	_
638-12	BOI003	638	638	12	corsie	corsie	_	_	_	_	_	linguistic	_	none	_	_	_	_	_	_
638-13	BOI003	638	638	13	in	in	_	_	_	_	_	linguistic	_	none	_	_	_	_	_	_
638-14	BOI003	638	638	14	autostra:da:,	autostrada	_	_	_	_	_	linguistic	_	none	Intonation=WeaklyRising	_	7x1,9x1	_	_	_
638-15	BOI003	638	638	15	e	e	_	_	_	_	_	linguistic	_	none	_	_	_	_	_	_
638-16	BOI003	638	638	16	quindi	quindi	_	_	_	_	_	linguistic	_	none	_	_	_	_	_	_
638-17	BOI003	638	638	17	più	più	_	_	_	_	_	linguistic	_	none	_	_	_	_	_	_
638-18	BOI003	638	638	18	o	o	_	_	_	_	_	linguistic	_	none	_	_	_	_	_	_
638-19	BOI003	638	638	19	me~	me~	_	_	_	_	_	linguistic	_	none	Interrupted=Yes	_	_	_	_	_
638-20	BOI003	638	638	20	c'	c'	_	_	_	_	_	linguistic	_	none	SpaceAfter=No	_	_	_	_	_
638-21	BOI003	638	638	21	era	era	_	_	_	_	_	linguistic	_	none	_	_	_	_	_	_
638-22	BOI003	638	638	22	meno	meno	_	_	_	_	_	linguistic	_	none	_	_	_	_	_	_
638-23	BOI003	638	638	23	traffico	traffico	_	_	_	_	_	linguistic	_	none	_	_	_	_	_	_
638-24	BOI003	638	638	24	ma	ma	_	_	_	_	_	linguistic	_	none	_	_	_	_	_	_
638-25	BOI003	638	638	25	c'	c'	_	_	_	_	_	linguistic	_	none	SpaceAfter=No	_	_	_	_	_
638-26	BOI003	638	638	26	eran	eran	_	_	_	_	_	linguistic	_	none	_	_	_	_	_	_
638-27	BOI003	638	638	27	meno	meno	_	_	_	_	_	linguistic	_	none	_	_	_	_	_	_
638-28	BOI003	638	638	28	possi[bilità]	possibilità	_	_	_	_	_	linguistic	_	none	_	End=1829.62	_	_	_	1-8(130)
639-0	BOR001	639	639	0	[mhmh]	mhmh	_	_	_	_	_	linguistic	_	none	_	Begin=1829.127|End=1829.613	_	_	_	0-4(130)
640-0	BOI003	640	640	0	però	però	_	_	_	_	_	linguistic	_	none	_	Begin=1829.92	_	_	_	_
640-1	BOI003	640	640	1	sì	sì	_	_	_	_	_	linguistic	_	none	_	_	_	_	_	_
640-2	BOI003	640	640	2	al	al	_	_	_	_	_	linguistic	_	none	_	_	_	_	_	_
640-3	BOI003	640	640	3	mare	mare	_	_	_	_	_	linguistic	_	none	_	_	_	_	_	_
640-4	BOI003	640	640	4	da	da	_	_	_	_	_	linguistic	_	none	_	_	_	_	_	_
640-5	BOI003	640	640	5	ragazzi	ragazzi	_	_	_	_	_	linguistic	_	none	_	_	_	_	_	_
640-6	BOI003	640	640	6	ci	ci	_	_	_	_	_	linguistic	_	none	_	_	_	_	_	_
640-7	BOI003	640	640	7	andavamo	andavamo	_	_	_	_	_	linguistic	_	none	_	_	_	_	_	_
640-8	BOI003	640	640	8	spessissimo	spessissimo	_	_	_	_	_	linguistic	_	none	_	End=1833.327	_	_	_	_
641-0	BOI003	641	641	0	c'	c'	_	_	_	_	_	linguistic	_	none	SpaceAfter=No	Begin=1833.567	_	_	_	_
641-1	BOI003	641	641	1	era	era	_	_	_	_	_	linguistic	_	none	_	_	_	_	_	_
641-2	BOI003	641	641	2	proprio	proprio	_	_	_	_	_	linguistic	_	none	_	_	_	_	_	_
641-3	BOI003	641	641	3	l'	l'	_	_	_	_	_	linguistic	_	none	SpaceAfter=No	_	_	_	_	_
641-4	BOI003	641	641	4	appuntamento	appuntamento	_	_	_	_	_	linguistic	_	none	_	_	_	_	_	_
641-5	BOI003	641	641	5	fisso	fisso	_	_	_	_	_	linguistic	_	none	_	_	_	_	_	_
641-6	BOI003	641	641	6	che	che	_	_	_	_	_	linguistic	_	none	_	_	_	_	_	_
641-7	BOI003	641	641	7	poi	poi	_	_	_	_	_	linguistic	_	none	_	_	_	_	_	_
641-8	BOI003	641	641	8	quando	quando	_	_	_	_	_	linguistic	_	none	_	_	_	_	_	_
641-9	BOI003	641	641	9	si	si	_	_	_	_	_	linguistic	_	none	_	_	_	_	_	_
641-10	BOI003	641	641	10	tornava	tornava	_	_	_	_	_	linguistic	_	none	_	_	_	_	_	_
641-11	BOI003	641	641	11	a	a	_	_	_	_	_	linguistic	_	none	_	_	_	_	_	_
641-12	BOI003	641	641	12	casa	casa	_	_	_	_	_	linguistic	_	none	_	_	_	_	_	_
641-13	BOI003	641	641	13	ci	ci	_	_	_	_	_	linguistic	_	none	_	_	_	_	_	_
641-14	BOI003	641	641	14	si	si	_	_	_	_	_	linguistic	_	none	_	_	_	_	_	_
641-15	BOI003	641	641	15	fermava	fermava	_	_	_	_	_	linguistic	_	none	_	_	_	_	_	_
641-16	BOI003	641	641	16	alla	alla	_	_	_	_	_	linguistic	_	none	_	_	_	_	_	_
641-17	BOI003	641	641	17	casa	casa	_	_	_	_	_	linguistic	_	none	_	_	_	_	_	_
641-18	BOI003	641	641	18	delle	delle	_	_	_	_	_	linguistic	_	none	_	_	_	_	_	_
641-19	BOI003	641	641	19	ali	ali	_	_	_	_	_	linguistic	_	none	_	_	_	_	_	_
641-20	BOI003	641	641	20	a	a	_	_	_	_	_	linguistic	_	none	_	_	_	_	_	_
641-21	BOI003	641	641	21	mangiare	mangiare	_	_	_	_	_	linguistic	_	none	_	_	_	_	_	_
641-22	BOI003	641	641	22	per	per	_	_	_	_	_	linguistic	_	none	_	_	_	_	_	2-3(131)
641-23	BOI003	641	641	23	[aspe]ttando	aspettando	_	_	_	_	_	linguistic	_	none	_	_	_	_	_	0-3(131)
641-24	BOI003	641	641	24	che	che	_	_	_	_	_	linguistic	_	none	_	End=1840.074	_	_	_	_
642-0	BOR001	642	642	0	[m:h]	mh	_	_	_	_	_	linguistic	_	none	_	Begin=1838.74|End=1839.234	0x1	_	_	0-2(131)
643-0	BOI003	643	643	0	e:h	eh	_	_	_	_	_	linguistic	_	none	_	Begin=1840.2	0x1	_	_	_
643-1	BOI003	643	643	1	sminuisse	sminuisse	_	_	_	_	_	linguistic	_	none	_	_	_	_	_	_
643-2	BOI003	643	643	2	un	un	_	_	_	_	_	linguistic	_	none	_	_	_	_	_	_
643-3	BOI003	643	643	3	po'	po'	_	_	_	_	_	linguistic	_	none	_	_	_	_	_	_
643-4	BOI003	643	643	4	((ride))	((ride))	_	_	_	_	_	nonverbalbehavior	_	none	_	_	_	_	_	_
643-5	BOI003	643	643	5	il	il	_	_	_	_	_	linguistic	_	none	_	_	_	_	_	_
643-6	BOI003	643	643	6	traffico	traffico	_	_	_	_	_	linguistic	_	none	_	_	_	_	_	_
643-7	BOI003	643	643	7	sull'	sull'	_	_	_	_	_	linguistic	_	none	SpaceAfter=No	_	_	_	_	_
643-8	BOI003	643	643	8	autostra:da	autostrada	_	_	_	_	_	linguistic	_	none	_	_	7x1	_	_	_
643-9	BOI003	643	643	9	poi	poi	_	_	_	_	_	linguistic	_	none	_	_	_	_	_	_
643-10	BOI003	643	643	10	si	si	_	_	_	_	_	linguistic	_	none	_	_	_	_	_	_
643-11	BOI003	643	643	11	arrivava	arrivava	_	_	_	_	_	linguistic	_	none	_	_	_	_	_	_
643-12	BOI003	643	643	12	però	però	_	_	_	_	_	linguistic	_	none	_	_	_	_	_	_
643-13	BOI003	643	643	13	non	non	_	_	_	_	_	linguistic	_	none	_	_	_	_	_	_
643-14	BOI003	643	643	14	c'	c'	_	_	_	_	_	linguistic	_	none	SpaceAfter=No	_	_	_	_	_
643-15	BOI003	643	643	15	erano	erano	_	_	_	_	_	linguistic	_	none	_	_	_	_	_	_
643-16	BOI003	643	643	16	orari	orari	_	_	_	_	_	linguistic	_	none	_	End=1846.12	_	_	_	_
644-0	BOI003	644	644	0	c~	c~	_	_	_	_	_	linguistic	_	none	Interrupted=Yes	Begin=1846.254	_	_	_	_
644-1	BOI003	644	644	1	c'	c'	_	_	_	_	_	linguistic	_	none	SpaceAfter=No	_	_	_	_	_
644-2	BOI003	644	644	2	era	era	_	_	_	_	_	linguistic	_	none	_	_	_	_	_	_
644-3	BOI003	644	644	3	sempre	sempre	_	_	_	_	_	linguistic	_	none	_	_	_	_	_	_
644-4	BOI003	644	644	4	traffico	traffico	_	_	_	_	_	linguistic	_	none	_	_	_	_	_	_
644-5	BOI003	644	644	5	quindi	quindi	_	_	_	_	_	linguistic	_	none	_	End=1847.72	_	_	_	_
645-0	BOI003	645	645	0	però	però	_	_	_	_	_	linguistic	_	none	_	Begin=1847.974	_	_	_	_
645-1	BOI003	645	645	1	sì	sì	_	_	_	_	_	linguistic	_	none	_	_	_	_	_	_
645-2	BOI003	645	645	2	°andavamo	andavamo	_	_	_	_	_	linguistic	_	none	Volume=low	_	_	_	_	_
645-3	BOI003	645	645	3	spessissimo°	spessissimo	_	_	_	_	_	linguistic	_	none	Volume=low	End=1849.993	_	_	_	_
646-0	BOR001	646	646	0	e	e	_	_	_	_	_	linguistic	_	none	_	Begin=1850.08	_	_	_	_
646-1	BOR001	646	646	1	si	si	_	_	_	_	_	linguistic	_	none	_	_	_	_	_	_
646-2	BOR001	646	646	2	svuota	svuota	_	_	_	_	_	linguistic	_	none	_	_	_	_	_	_
646-3	BOR001	646	646	3	tipo	tipo	_	_	_	_	_	linguistic	_	none	_	_	_	_	_	_
646-4	BOR001	646	646	4	la	la	_	_	_	_	_	linguistic	_	none	_	_	_	_	_	_
646-5	BOR001	646	646	5	zona	zona	_	_	_	_	_	linguistic	_	none	_	_	_	_	_	_
646-6	BOR001	646	646	6	qua	qua	_	_	_	_	_	linguistic	_	none	_	_	_	_	_	_
646-7	BOR001	646	646	7	anche	anche	_	_	_	_	_	linguistic	_	none	_	_	_	_	_	_
646-8	BOR001	646	646	8	c(io)è	cioè	_	_	_	_	_	linguistic	_	none	Reduced=Yes	_	_	_	_	_
646-9	BOR001	646	646	9	la	la	_	_	_	_	_	linguistic	_	none	_	_	_	_	_	_
646-10	BOR001	646	646	10	città	città	_	_	_	_	_	linguistic	_	none	_	_	_	_	_	_
646-11	BOR001	646	646	11	in	in	_	_	_	_	_	linguistic	_	none	_	_	_	_	_	_
646-12	BOR001	646	646	12	estate	estate	_	_	_	_	_	linguistic	_	none	_	_	_	_	_	_
646-13	BOR001	646	646	13	si	si	_	_	_	_	_	linguistic	_	none	_	_	_	_	_	_
646-14	BOR001	646	646	14	svuota	svuota	_	_	_	_	_	linguistic	_	none	_	_	_	_	_	_
646-15	BOR001	646	646	15	[xxxx]	xxxx	_	_	_	_	_	unknown	_	none	Syllables=4	End=1854.802	_	_	_	0-4(132)
647-0	BOI003	647	647	0	[sì	sì	_	_	_	_	_	linguistic	_	none	_	Begin=1853.487	_	_	_	0-2(132)
647-1	BOI003	647	647	1	un	un	_	_	_	_	_	linguistic	_	none	_	_	_	_	_	0-2(132)
647-2	BOI003	647	647	2	pochettino	pochettino	_	_	_	_	_	linguistic	_	none	_	_	_	_	_	0-10(132)
647-3	BOI003	647	647	3	sia]	sia	_	_	_	_	_	linguistic	_	none	_	_	_	_	_	0-3(132)
647-4	BOI003	647	647	4	sabato	sabato	_	_	_	_	_	linguistic	_	none	_	_	_	_	_	_
647-5	BOI003	647	647	5	che	che	_	_	_	_	_	linguistic	_	none	_	_	_	_	_	_
647-6	BOI003	647	647	6	la	la	_	_	_	_	_	linguistic	_	none	_	_	_	_	_	_
647-7	BOI003	647	647	7	domenica	domenica	_	_	_	_	_	linguistic	_	none	_	_	_	_	_	_
647-8	BOI003	647	647	8	si	si	_	_	_	_	_	linguistic	_	none	_	_	_	_	_	_
647-9	BOI003	647	647	9	vede	vede	_	_	_	_	_	linguistic	_	none	_	_	_	_	_	_
647-10	BOI003	647	647	10	molto	molto	_	_	_	_	_	linguistic	_	none	_	_	_	_	_	_
647-11	BOI003	647	647	11	la	la	_	_	_	_	_	linguistic	_	none	_	_	_	_	_	_
647-12	BOI003	647	647	12	differenza	differenza	_	_	_	_	_	linguistic	_	none	_	_	_	_	_	_
647-13	BOI003	647	647	13	sì	sì	_	_	_	_	_	linguistic	_	none	_	End=1857.367	_	_	_	_
648-0	BOR001	648	648	0	°ah	ah	_	_	_	_	_	linguistic	_	none	Volume=low	Begin=1857.514	_	_	_	_
648-1	BOR001	648	648	1	okay°	okay	_	_	_	_	_	linguistic	_	none	Volume=low	_	_	_	_	_
648-2	BOR001	648	648	2	QUINDI	quindi	_	_	_	_	_	linguistic	_	none	Volume=high	_	_	_	_	_
648-3	BOR001	648	648	3	poù	poù	_	_	_	_	_	linguistic	_	none	_	_	_	_	_	_
648-4	BOR001	648	648	4	nei	nei	_	_	_	_	_	linguistic	_	none	_	_	_	_	_	_
648-5	BOR001	648	648	5	weekend	weekend	_	_	_	_	_	linguistic	_	none	_	_	_	_	_	_
648-6	BOR001	648	648	6	non	non	_	_	_	_	_	linguistic	_	none	_	End=1859.254	_	_	_	_
649-0	BOI003	649	649	0	sì	sì	_	_	_	_	_	linguistic	_	none	_	Begin=1859.254	_	_	_	_
649-1	BOI003	649	649	1	più	più	_	_	_	_	_	linguistic	_	none	_	_	_	_	_	_
649-2	BOI003	649	649	2	nel	nel	_	_	_	_	_	linguistic	_	none	_	_	_	_	_	_
649-3	BOI003	649	649	3	weekend	weekend	_	_	_	_	_	linguistic	_	none	_	_	_	_	_	_
649-4	BOI003	649	649	4	°ma	ma	_	_	_	_	_	linguistic	_	none	Volume=low	_	_	_	_	_
649-5	BOI003	649	649	5	perché	perché	_	_	_	_	_	linguistic	_	none	Volume=low	_	_	_	_	_
649-6	BOI003	649	649	6	tanta	tanta	_	_	_	_	_	linguistic	_	none	Volume=low	_	_	_	_	_
649-7	BOI003	649	649	7	gente	gente	_	_	_	_	_	linguistic	_	none	Volume=low	_	_	_	_	_
649-8	BOI003	649	649	8	ha	ha	_	_	_	_	_	linguistic	_	none	Volume=low	_	_	_	_	_
649-9	BOI003	649	649	9	la	la	_	_	_	_	_	linguistic	_	none	Volume=low	_	_	_	_	_
649-10	BOI003	649	649	10	seconda	seconda	_	_	_	_	_	linguistic	_	none	Volume=low	_	_	_	_	_
649-11	BOI003	649	649	11	casa	casa	_	_	_	_	_	linguistic	_	none	Volume=low	_	_	_	_	_
649-12	BOI003	649	649	12	al	al	_	_	_	_	_	linguistic	_	none	Volume=low	_	_	_	_	_
649-13	BOI003	649	649	13	mare	mare	_	_	_	_	_	linguistic	_	none	Volume=low	_	_	_	_	_
649-14	BOI003	649	649	14	quindi:°	quindi	_	_	_	_	_	linguistic	_	none	Volume=low	_	5x1	_	_	_
649-15	BOI003	649	649	15	anche	anche	_	_	_	_	_	linguistic	_	none	_	_	_	_	_	_
649-16	BOI003	649	649	16	quelli	quelli	_	_	_	_	_	linguistic	_	none	_	_	_	_	_	_
649-17	BOI003	649	649	17	che	che	_	_	_	_	_	linguistic	_	none	_	_	_	_	_	_
649-18	BOI003	649	649	18	non	non	_	_	_	_	_	linguistic	_	none	_	_	_	_	_	_
649-19	BOI003	649	649	19	vanno	vanno	_	_	_	_	_	linguistic	_	none	_	_	_	_	_	_
649-20	BOI003	649	649	20	in	in	_	_	_	_	_	linguistic	_	none	_	_	_	_	_	_
649-21	BOI003	649	649	21	villeggiatura:	villeggiatura	_	_	_	_	_	linguistic	_	none	_	_	12x1	_	_	_
649-22	BOI003	649	649	22	partono	partono	_	_	_	_	_	linguistic	_	none	_	End=1866.894	_	_	_	_
650-0	BOI003	650	650	0	al	al	_	_	_	_	_	linguistic	_	none	_	Begin=1867.167	_	_	_	_
650-1	BOI003	650	650	1	venerdì	venerdì	_	_	_	_	_	linguistic	_	none	_	_	_	_	_	_
650-2	BOI003	650	650	2	sera	sera	_	_	_	_	_	linguistic	_	none	_	_	_	_	_	_
650-3	BOI003	650	650	3	e	e	_	_	_	_	_	linguistic	_	none	_	_	_	_	_	_
650-4	BOI003	650	650	4	ritornano	ritornano	_	_	_	_	_	linguistic	_	none	_	_	_	_	_	_
650-5	BOI003	650	650	5	magari	magari	_	_	_	_	_	linguistic	_	none	_	_	_	_	_	_
650-6	BOI003	650	650	6	il	il	_	_	_	_	_	linguistic	_	none	_	_	_	_	_	_
650-7	BOI003	650	650	7	lunedì	lunedì	_	_	_	_	_	linguistic	_	none	_	_	_	_	_	_
650-8	BOI003	650	650	8	mattina	mattina	_	_	_	_	_	linguistic	_	none	_	_	_	_	_	_
650-9	BOI003	650	650	9	direttamente	direttamente	_	_	_	_	_	linguistic	_	none	_	_	_	_	_	_
650-10	BOI003	650	650	10	al	al	_	_	_	_	_	linguistic	_	none	_	_	_	_	_	_
650-11	BOI003	650	650	11	lavoro	lavoro	_	_	_	_	_	linguistic	_	none	_	_	_	_	_	_
650-12	BOI003	650	650	12	lo	lo	_	_	_	_	_	linguistic	_	none	_	_	_	_	_	_
650-13	BOI003	650	650	13	vedo	vedo	_	_	_	_	_	linguistic	_	none	_	_	_	_	_	_
650-14	BOI003	650	650	14	anche	anche	_	_	_	_	_	linguistic	_	none	_	_	_	_	_	_
650-15	BOI003	650	650	15	in	in	_	_	_	_	_	linguistic	_	none	_	_	_	_	_	_
650-16	BOI003	650	650	16	ufficio	ufficio	_	_	_	_	_	linguistic	_	none	_	_	_	_	_	_
650-17	BOI003	650	650	17	che	che	_	_	_	_	_	linguistic	_	none	_	_	_	_	_	_
650-18	BOI003	650	650	18	tanti	tanti	_	_	_	_	_	linguistic	_	none	_	_	_	_	_	_
650-19	BOI003	650	650	19	hanno	hanno	_	_	_	_	_	linguistic	_	none	_	_	_	_	_	_
650-20	BOI003	650	650	20	la	la	_	_	_	_	_	linguistic	_	none	_	_	_	_	_	_
650-21	BOI003	650	650	21	casa	casa	_	_	_	_	_	linguistic	_	none	_	_	_	_	_	_
650-22	BOI003	650	650	22	a	a	_	_	_	_	_	linguistic	_	none	_	_	_	_	_	_
650-23	BOI003	650	650	23	rimini	rimini	_	_	_	_	_	linguistic	_	none	_	_	_	_	_	_
650-24	BOI003	650	650	24	°o	o	_	_	_	_	_	linguistic	_	none	Volume=low	_	_	_	_	_
650-25	BOI003	650	650	25	cose	cose	_	_	_	_	_	linguistic	_	none	Volume=low	_	_	_	_	_
650-26	BOI003	650	650	26	così	così	_	_	_	_	_	linguistic	_	none	Volume=low	_	_	_	_	_
650-27	BOI003	650	650	27	ecco°	ecco	_	_	_	_	_	linguistic	_	none	Volume=low	End=1875.287	_	_	_	_
651-0	BOR001	651	651	0	mh	mh	_	_	_	_	_	linguistic	_	none	_	Begin=1875.68|End=1876.294	_	_	_	_
652-0	BOR001	652	652	0	ma	ma	_	_	_	_	_	linguistic	_	none	_	Begin=1876.514	_	_	_	_
652-1	BOR001	652	652	1	ehm	ehm	_	_	_	_	_	linguistic	_	none	_	_	_	_	_	_
652-2	BOR001	652	652	2	e	e	_	_	_	_	_	linguistic	_	none	_	_	_	_	_	_
652-3	BOR001	652	652	3	invece	invece	_	_	_	_	_	linguistic	_	none	_	_	_	_	_	_
652-4	BOR001	652	652	4	bologna	bologna	_	_	_	_	_	linguistic	_	none	_	_	_	_	_	_
652-5	BOR001	652	652	5	bol~	bol~	_	_	_	_	_	linguistic	_	none	Interrupted=Yes	_	_	_	_	_
652-6	BOR001	652	652	6	c(io)é	cioé	_	_	_	_	_	linguistic	_	none	Reduced=Yes	_	_	_	_	_
652-7	BOR001	652	652	7	mh	mh	_	_	_	_	_	linguistic	_	none	_	End=1879.594	_	_	_	_
653-0	BOR001	653	653	0	l'	l'	_	_	_	_	_	linguistic	_	none	SpaceAfter=No	Begin=1880.387	_	_	_	_
653-1	BOR001	653	653	1	estate	estate	_	_	_	_	_	linguistic	_	none	_	_	_	_	_	_
653-2	BOR001	653	653	2	qua	qua	_	_	_	_	_	linguistic	_	none	_	_	_	_	_	_
653-3	BOR001	653	653	3	è	è	_	_	_	_	_	linguistic	_	none	_	_	_	_	_	_
653-4	BOR001	653	653	4	sempre	sempre	_	_	_	_	_	linguistic	_	none	_	_	_	_	_	_
653-5	BOR001	653	653	5	un	un	_	_	_	_	_	linguistic	_	none	_	_	_	_	_	_
653-6	BOR001	653	653	6	po':	po'	_	_	_	_	_	linguistic	_	none	_	_	1x1	_	_	_
653-7	BOR001	653	653	7	fare	fare	_	_	_	_	_	linguistic	_	none	_	_	_	_	_	_
653-8	BOR001	653	653	8	tutta	tutta	_	_	_	_	_	linguistic	_	none	_	_	_	_	_	_
653-9	BOR001	653	653	9	l'	l'	_	_	_	_	_	linguistic	_	none	SpaceAfter=No	_	_	_	_	_
653-10	BOR001	653	653	10	estate	estate	_	_	_	_	_	linguistic	_	none	_	_	_	_	_	_
653-11	BOR001	653	653	11	qua	qua	_	_	_	_	_	linguistic	_	none	_	_	_	_	_	_
653-12	BOR001	653	653	12	è	è	_	_	_	_	_	linguistic	_	none	_	_	_	_	_	_
653-13	BOR001	653	653	13	sempre	sempre	_	_	_	_	_	linguistic	_	none	_	_	_	_	_	_
653-14	BOR001	653	653	14	un	un	_	_	_	_	_	linguistic	_	none	_	_	_	_	_	_
653-15	BOR001	653	653	15	po'	po'	_	_	_	_	_	linguistic	_	none	_	_	_	_	_	_
653-16	BOR001	653	653	16	impegnativo	impegnativo	_	_	_	_	_	linguistic	_	none	_	End=1884.347	_	_	_	_
654-0	BOR001	654	654	0	per	per	_	_	_	_	_	linguistic	_	none	_	Begin=1884.727	_	_	_	_
654-1	BOR001	654	654	1	il	il	_	_	_	_	_	linguistic	_	none	_	_	_	_	_	_
654-2	BOR001	654	654	2	((ride))	((ride))	_	_	_	_	_	nonverbalbehavior	_	none	_	_	_	_	_	_
654-3	BOR001	654	654	3	punto	punto	_	_	_	_	_	linguistic	_	none	_	_	_	_	_	_
654-4	BOR001	654	654	4	di	di	_	_	_	_	_	linguistic	_	none	_	_	_	_	_	_
654-5	BOR001	654	654	5	vista	vista	_	_	_	_	_	linguistic	_	none	_	_	_	_	_	_
654-6	BOR001	654	654	6	della	della	_	_	_	_	_	linguistic	_	none	_	_	_	_	_	_
654-7	BOR001	654	654	7	temperatura	temperatura	_	_	_	_	_	linguistic	_	none	_	End=1886.747	_	_	_	_
655-0	BOR001	655	655	0	e::hm	ehm	_	_	_	_	_	linguistic	_	none	_	Begin=1887.254|End=1888.774	0x2	_	_	_
656-0	BOR001	656	656	0	però	però	_	_	_	_	_	linguistic	_	none	_	Begin=1889.403	_	_	_	_
656-1	BOR001	656	656	1	offre	offre	_	_	_	_	_	linguistic	_	none	_	End=1890.314	_	_	_	_
657-0	BOR001	657	657	0	più	più	_	_	_	_	_	linguistic	_	none	_	Begin=1890.46	_	_	_	_
657-1	BOR001	657	657	1	cose	cose	_	_	_	_	_	linguistic	_	none	_	_	_	_	_	_
657-2	BOR001	657	657	2	in	in	_	_	_	_	_	linguistic	_	none	_	_	_	_	_	_
657-3	BOR001	657	657	3	estate	estate	_	_	_	_	_	linguistic	_	none	_	End=1891.747	_	_	_	_
658-0	BOR001	658	658	0	la	la	_	_	_	_	_	linguistic	_	none	_	Begin=1891.927	_	_	_	_
658-1	BOR001	658	658	1	città	città	_	_	_	_	_	linguistic	_	none	_	_	_	_	_	_
658-2	BOR001	658	658	2	nonostante	nonostante	_	_	_	_	_	linguistic	_	none	_	_	_	_	_	_
658-3	BOR001	658	658	3	molti	molti	_	_	_	_	_	linguistic	_	none	_	_	_	_	_	_
658-4	BOR001	658	658	4	vadano	vadano	_	_	_	_	_	linguistic	_	none	_	_	_	_	_	_
658-5	BOR001	658	658	5	via	via	_	_	_	_	_	linguistic	_	none	_	_	_	_	_	_
658-6	BOR001	658	658	6	[°però°]	però	_	_	_	_	_	linguistic	_	none	Volume=low	End=1894.354	_	_	_	0-4(133)
659-0	BOI003	659	659	0	[be:h]	beh	_	_	_	_	_	linguistic	_	none	_	Begin=1894.02	1x1	_	_	0-3(133)
659-1	BOI003	659	659	1	dipende	dipende	_	_	_	_	_	linguistic	_	none	_	_	_	_	_	_
659-2	BOI003	659	659	2	dai	dai	_	_	_	_	_	linguistic	_	none	_	_	_	_	_	_
659-3	BOI003	659	659	3	periodi	periodi	_	_	_	_	_	linguistic	_	none	_	_	_	_	_	_
659-4	BOI003	659	659	4	c~	c~	_	_	_	_	_	linguistic	_	none	Interrupted=Yes	_	_	_	_	_
659-5	BOI003	659	659	5	diciamo	diciamo	_	_	_	_	_	linguistic	_	none	_	_	_	_	_	_
659-6	BOI003	659	659	6	che	che	_	_	_	_	_	linguistic	_	none	_	_	_	_	_	_
659-7	BOI003	659	659	7	dipende	dipende	_	_	_	_	_	linguistic	_	none	_	_	_	_	_	_
659-8	BOI003	659	659	8	anche	anche	_	_	_	_	_	linguistic	_	none	_	_	_	_	_	_
659-9	BOI003	659	659	9	un	un	_	_	_	_	_	linguistic	_	none	_	_	_	_	_	_
659-10	BOI003	659	659	10	po'	po'	_	_	_	_	_	linguistic	_	none	_	_	_	_	_	_
659-11	BOI003	659	659	11	forse:	forse	_	_	_	_	_	linguistic	_	none	_	_	4x1	_	_	_
659-12	BOI003	659	659	12	un	un	_	_	_	_	_	linguistic	_	none	_	_	_	_	_	_
659-13	BOI003	659	659	13	fattore	fattore	_	_	_	_	_	linguistic	_	none	_	_	_	_	_	_
659-14	BOI003	659	659	14	politico	politico	_	_	_	_	_	linguistic	_	none	_	_	_	_	_	_
659-15	BOI003	659	659	15	di	di	_	_	_	_	_	linguistic	_	none	_	_	_	_	_	_
659-16	BOI003	659	659	16	chi	chi	_	_	_	_	_	linguistic	_	none	_	_	_	_	_	_
659-17	BOI003	659	659	17	c'	c'	_	_	_	_	_	linguistic	_	none	SpaceAfter=No	_	_	_	_	_
659-18	BOI003	659	659	18	è	è	_	_	_	_	_	linguistic	_	none	_	_	_	_	_	_
659-19	BOI003	659	659	19	in	in	_	_	_	_	_	linguistic	_	none	_	_	_	_	_	_
659-20	BOI003	659	659	20	quel	quel	_	_	_	_	_	linguistic	_	none	_	_	_	_	_	_
659-21	BOI003	659	659	21	momento:	momento	_	_	_	_	_	linguistic	_	none	_	_	6x1	_	_	_
659-22	BOI003	659	659	22	ehm	ehm	_	_	_	_	_	linguistic	_	none	_	_	_	_	_	_
659-23	BOI003	659	659	23	ne~	ne~	_	_	_	_	_	linguistic	_	none	Interrupted=Yes	_	_	_	_	_
659-24	BOI003	659	659	24	ehm	ehm	_	_	_	_	_	linguistic	_	none	_	_	_	_	_	_
659-25	BOI003	659	659	25	diciamo	diciamo	_	_	_	_	_	linguistic	_	none	_	_	_	_	_	_
659-26	BOI003	659	659	26	al	al	_	_	_	_	_	linguistic	_	none	_	_	_	_	_	_
659-27	BOI003	659	659	27	governo	governo	_	_	_	_	_	linguistic	_	none	_	_	_	_	_	_
659-28	BOI003	659	659	28	nel	nel	_	_	_	_	_	linguistic	_	none	_	_	_	_	_	_
659-29	BOI003	659	659	29	comune	comune	_	_	_	_	_	linguistic	_	none	_	End=1906.36	_	_	_	_
660-0	BOI003	660	660	0	e	e	_	_	_	_	_	linguistic	_	none	_	Begin=1906.527	_	_	_	_
660-1	BOI003	660	660	1	che	che	_	_	_	_	_	linguistic	_	none	_	_	_	_	_	_
660-2	BOI003	660	660	2	si	si	_	_	_	_	_	linguistic	_	none	_	_	_	_	_	_
660-3	BOI003	660	660	3	occupa	occupa	_	_	_	_	_	linguistic	_	none	_	_	_	_	_	_
660-4	BOI003	660	660	4	della	della	_	_	_	_	_	linguistic	_	none	_	_	_	_	_	_
660-5	BOI003	660	660	5	mh	mh	_	_	_	_	_	linguistic	_	none	_	_	_	_	_	_
660-6	BOI003	660	660	6	delle	delle	_	_	_	_	_	linguistic	_	none	_	_	_	_	_	_
660-7	BOI003	660	660	7	attività	attività	_	_	_	_	_	linguistic	_	none	_	_	_	_	_	_
660-8	BOI003	660	660	8	insomma:	insomma	_	_	_	_	_	linguistic	_	none	_	_	6x1	_	_	_
660-9	BOI003	660	660	9	giovanili	giovanili	_	_	_	_	_	linguistic	_	none	_	_	_	_	_	_
660-10	BOI003	660	660	10	e	e	_	_	_	_	_	linguistic	_	none	_	_	_	_	_	_
660-11	BOI003	660	660	11	cose	cose	_	_	_	_	_	linguistic	_	none	_	_	_	_	_	_
660-12	BOI003	660	660	12	così	così	_	_	_	_	_	linguistic	_	none	_	End=1912.327	_	_	_	_
661-0	BOI003	661	661	0	quindi	quindi	_	_	_	_	_	linguistic	_	none	_	Begin=1912.38	_	_	_	_
661-1	BOI003	661	661	1	ci	ci	_	_	_	_	_	linguistic	_	none	_	_	_	_	_	_
661-2	BOI003	661	661	2	sono	sono	_	_	_	_	_	linguistic	_	none	_	_	_	_	_	_
661-3	BOI003	661	661	3	stati	stati	_	_	_	_	_	linguistic	_	none	_	_	_	_	_	_
661-4	BOI003	661	661	4	dei	dei	_	_	_	_	_	linguistic	_	none	_	_	_	_	_	_
661-5	BOI003	661	661	5	periodi	periodi	_	_	_	_	_	linguistic	_	none	_	_	_	_	_	_
661-6	BOI003	661	661	6	in	in	_	_	_	_	_	linguistic	_	none	_	_	_	_	_	_
661-7	BOI003	661	661	7	cui	cui	_	_	_	_	_	linguistic	_	none	_	_	_	_	_	_
661-8	BOI003	661	661	8	a	a	_	_	_	_	_	linguistic	_	none	_	_	_	_	_	_
661-9	BOI003	661	661	9	bologna	bologna	_	_	_	_	_	linguistic	_	none	_	_	_	_	_	_
661-10	BOI003	661	661	10	d'	d'	_	_	_	_	_	linguistic	_	none	SpaceAfter=No	_	_	_	_	_
661-11	BOI003	661	661	11	estate	estate	_	_	_	_	_	linguistic	_	none	_	_	_	_	_	_
661-12	BOI003	661	661	12	non	non	_	_	_	_	_	linguistic	_	none	_	_	_	_	_	_
661-13	BOI003	661	661	13	c'	c'	_	_	_	_	_	linguistic	_	none	SpaceAfter=No	_	_	_	_	_
661-14	BOI003	661	661	14	era	era	_	_	_	_	_	linguistic	_	none	_	_	_	_	_	_
661-15	BOI003	661	661	15	assolutamente	assolutamente	_	_	_	_	_	linguistic	_	none	_	_	_	_	_	_
661-16	BOI003	661	661	16	nulla	nulla	_	_	_	_	_	linguistic	_	none	_	End=1916.374	_	_	_	_
662-0	BOI003	662	662	0	son	son	_	_	_	_	_	linguistic	_	none	_	Begin=1916.539	_	_	_	_
662-1	BOI003	662	662	1	stati	stati	_	_	_	_	_	linguistic	_	none	_	_	_	_	_	_
662-2	BOI003	662	662	2	dei	dei	_	_	_	_	_	linguistic	_	none	_	_	_	_	_	_
662-3	BOI003	662	662	3	periodi	periodi	_	_	_	_	_	linguistic	_	none	_	_	_	_	_	_
662-4	BOI003	662	662	4	invece	invece	_	_	_	_	_	linguistic	_	none	_	_	_	_	_	_
662-5	BOI003	662	662	5	qui	qui	_	_	_	_	_	linguistic	_	none	_	_	_	_	_	_
662-6	BOI003	662	662	6	a	a	_	_	_	_	_	linguistic	_	none	_	_	_	_	_	_
662-7	BOI003	662	662	7	bologna	bologna	_	_	_	_	_	linguistic	_	none	_	_	_	_	_	_
662-8	BOI003	662	662	8	d'	d'	_	_	_	_	_	linguistic	_	none	SpaceAfter=No	_	_	_	_	_
662-9	BOI003	662	662	9	estate	estate	_	_	_	_	_	linguistic	_	none	_	End=1919.547	_	_	_	_
663-0	BOI003	663	663	0	era:	era	_	_	_	_	_	linguistic	_	none	_	Begin=1919.687	2x1	_	_	_
663-1	BOI003	663	663	1	c'	c'	_	_	_	_	_	linguistic	_	none	SpaceAfter=No	_	_	_	_	_
663-2	BOI003	663	663	2	era	era	_	_	_	_	_	linguistic	_	none	_	_	_	_	_	_
663-3	BOI003	663	663	3	di	di	_	_	_	_	_	linguistic	_	none	_	_	_	_	_	_
663-4	BOI003	663	663	4	tutto	tutto	_	_	_	_	_	linguistic	_	none	_	_	_	_	_	_
663-5	BOI003	663	663	5	perché	perché	_	_	_	_	_	linguistic	_	none	_	End=1921.914	_	_	_	_
664-0	BOI003	664	664	0	>appunto<	appunto	_	_	_	_	_	linguistic	_	none	_	Begin=1921.967	_	Fast=0-7(0)	_	_
664-1	BOI003	664	664	1	c'	c'	_	_	_	_	_	linguistic	_	none	SpaceAfter=No	_	_	_	_	_
664-2	BOI003	664	664	2	erano	erano	_	_	_	_	_	linguistic	_	none	_	_	_	_	_	_
664-3	BOI003	664	664	3	tutti	tutti	_	_	_	_	_	linguistic	_	none	_	_	_	_	_	_
664-4	BOI003	664	664	4	queste	queste	_	_	_	_	_	linguistic	_	none	_	End=1923.294	_	_	_	_
665-0	BOI003	665	665	0	discoteche	discoteche	_	_	_	_	_	linguistic	_	none	_	Begin=1923.685	_	_	_	_
665-1	BOI003	665	665	1	all'	all'	_	_	_	_	_	linguistic	_	none	SpaceAfter=No	_	_	_	_	_
665-2	BOI003	665	665	2	aperto	aperto	_	_	_	_	_	linguistic	_	none	_	_	_	_	_	_
665-3	BOI003	665	665	3	[tipo	tipo	_	_	_	_	_	linguistic	_	none	_	_	_	_	_	0-4(134)
665-4	BOI003	665	665	4	il	il	_	_	_	_	_	linguistic	_	none	_	_	_	_	_	0-2(134)
665-5	BOI003	665	665	5	palco]	palco	_	_	_	_	_	linguistic	_	none	_	_	_	_	_	0-5(134)
665-6	BOI003	665	665	6	cavaioni:	cavaioni	_	_	_	_	_	linguistic	_	none	_	_	7x1	_	_	_
665-7	BOI003	665	665	7	il	il	_	_	_	_	_	linguistic	_	none	_	_	_	_	_	_
665-8	BOI003	665	665	8	cubo:	cubo	_	_	_	_	_	linguistic	_	none	_	End=1927.359	3x1	_	_	_
666-0	BOR001	666	666	0	[mhmh]	mhmh	_	_	_	_	_	linguistic	_	none	_	Begin=1924.957|End=1925.539	_	_	_	0-4(134)
667-0	BOI003	667	667	0	o	o	_	_	_	_	_	linguistic	_	none	_	Begin=1927.685	_	_	_	_
667-1	BOI003	667	667	1	altri	altri	_	_	_	_	_	linguistic	_	none	_	_	_	_	_	_
667-2	BOI003	667	667	2	di	di	_	_	_	_	_	linguistic	_	none	_	_	_	_	_	_
667-3	BOI003	667	667	3	cui	cui	_	_	_	_	_	linguistic	_	none	_	_	_	_	_	_
667-4	BOI003	667	667	4	adesso	adesso	_	_	_	_	_	linguistic	_	none	_	_	_	_	_	_
667-5	BOI003	667	667	5	mi	mi	_	_	_	_	_	linguistic	_	none	_	_	_	_	_	_
667-6	BOI003	667	667	6	sfuggono	sfuggono	_	_	_	_	_	linguistic	_	none	_	_	_	_	_	_
667-7	BOI003	667	667	7	i	i	_	_	_	_	_	linguistic	_	none	_	_	_	_	_	_
667-8	BOI003	667	667	8	nomi	nomi	_	_	_	_	_	linguistic	_	none	_	_	_	_	_	_
667-9	BOI003	667	667	9	ma	ma	_	_	_	_	_	linguistic	_	none	_	End=1930.644	_	_	_	_
668-0	BOI003	668	668	0	e::h	eh	_	_	_	_	_	linguistic	_	none	_	Begin=1931.36	0x2	_	_	_
668-1	BOI003	668	668	1	il	il	_	_	_	_	_	linguistic	_	none	_	_	_	_	_	_
668-2	BOI003	668	668	2	baraccano	baraccano	_	_	_	_	_	linguistic	_	none	_	_	_	_	_	_
668-3	BOI003	668	668	3	insom[ma:]	insomma	_	_	_	_	_	linguistic	_	none	_	_	6x1	_	_	5-7(135)
668-4	BOI003	668	668	4	cose	cose	_	_	_	_	_	linguistic	_	none	_	_	_	_	_	_
668-5	BOI003	668	668	5	che	che	_	_	_	_	_	linguistic	_	none	_	_	_	_	_	_
668-6	BOI003	668	668	6	attiravano	attiravano	_	_	_	_	_	linguistic	_	none	_	_	_	_	_	_
668-7	BOI003	668	668	7	tantissimo	tantissimo	_	_	_	_	_	linguistic	_	none	_	_	_	_	_	_
668-8	BOI003	668	668	8	e	e	_	_	_	_	_	linguistic	_	none	_	_	_	_	_	_
668-9	BOI003	668	668	9	c'	c'	_	_	_	_	_	linguistic	_	none	SpaceAfter=No	_	_	_	_	_
668-10	BOI003	668	668	10	era:	era	_	_	_	_	_	linguistic	_	none	_	End=1937.194	2x1	_	_	_
669-0	BOR001	669	669	0	[°ah	ah	_	_	_	_	_	linguistic	_	none	Volume=low	Begin=1933.207	_	_	_	0-2(135)
669-1	BOR001	669	669	1	sì°]	sì	_	_	_	_	_	linguistic	_	none	Volume=low	End=1933.854	_	_	_	0-2(135)
670-0	BOI003	670	670	0	tantissimi	tantissimi	_	_	_	_	_	linguistic	_	none	_	Begin=1937.475	_	_	_	_
670-1	BOI003	670	670	1	giovani	giovani	_	_	_	_	_	linguistic	_	none	_	End=1938.627	_	_	_	_
671-0	BOI003	671	671	0	eh	eh	_	_	_	_	_	linguistic	_	none	_	Begin=1939.314	_	_	_	_
671-1	BOI003	671	671	1	quindi	quindi	_	_	_	_	_	linguistic	_	none	_	_	_	_	_	_
671-2	BOI003	671	671	2	sì	sì	_	_	_	_	_	linguistic	_	none	_	_	_	_	_	_
671-3	BOI003	671	671	3	è	è	_	_	_	_	_	linguistic	_	none	_	_	_	_	_	_
671-4	BOI003	671	671	4	andato	andato	_	_	_	_	_	linguistic	_	none	_	_	_	_	_	_
671-5	BOI003	671	671	5	un	un	_	_	_	_	_	linguistic	_	none	_	_	_	_	_	_
671-6	BOI003	671	671	6	po':	po'	_	_	_	_	_	linguistic	_	none	_	_	1x1	_	_	_
671-7	BOI003	671	671	7	a	a	_	_	_	_	_	linguistic	_	none	_	_	_	_	_	_
671-8	BOI003	671	671	8	fa~	fa~	_	_	_	_	_	linguistic	_	none	Interrupted=Yes	_	_	_	_	_
671-9	BOI003	671	671	9	ehm	ehm	_	_	_	_	_	linguistic	_	none	_	End=1942.48	_	_	_	_
672-0	BOI003	672	672	0	a	a	_	_	_	_	_	linguistic	_	none	_	Begin=1942.607	_	_	_	_
672-1	BOI003	672	672	1	fasi	fasi	_	_	_	_	_	linguistic	_	none	_	_	_	_	_	_
672-2	BOI003	672	672	2	secondo	secondo	_	_	_	_	_	linguistic	_	none	_	_	_	_	_	_
672-3	BOI003	672	672	3	me	me	_	_	_	_	_	linguistic	_	none	_	_	_	_	_	_
672-4	BOI003	672	672	4	dipende	dipende	_	_	_	_	_	linguistic	_	none	_	_	_	_	_	_
672-5	BOI003	672	672	5	da	da	_	_	_	_	_	linguistic	_	none	_	_	_	_	_	_
672-6	BOI003	672	672	6	chi	chi	_	_	_	_	_	linguistic	_	none	_	_	_	_	_	_
672-7	BOI003	672	672	7	c~	c~	_	_	_	_	_	linguistic	_	none	Interrupted=Yes	End=1945.347	_	_	_	_
673-0	BOI003	673	673	0	chi	chi	_	_	_	_	_	linguistic	_	none	_	Begin=1945.407	_	_	_	_
673-1	BOI003	673	673	1	organizza	organizza	_	_	_	_	_	linguistic	_	none	_	_	_	_	_	_
673-2	BOI003	673	673	2	ecco	ecco	_	_	_	_	_	linguistic	_	none	_	_	_	_	_	_
673-3	BOI003	673	673	3	diciamo	diciamo	_	_	_	_	_	linguistic	_	none	_	End=1947.22	_	_	_	_
674-0	BOR001	674	674	0	mh	mh	_	_	_	_	_	linguistic	_	none	_	Begin=1947.367	_	_	_	_
674-1	BOR001	674	674	1	e	e	_	_	_	_	_	linguistic	_	none	_	_	_	_	_	_
674-2	BOR001	674	674	2	ehm	ehm	_	_	_	_	_	linguistic	_	none	_	_	_	_	_	_
674-3	BOR001	674	674	3	mi	mi	_	_	_	_	_	linguistic	_	none	_	_	_	_	_	_
674-4	BOR001	674	674	4	è	è	_	_	_	_	_	linguistic	_	none	_	_	_	_	_	_
674-5	BOR001	674	674	5	venuto	venuto	_	_	_	_	_	linguistic	_	none	_	_	_	_	_	_
674-6	BOR001	674	674	6	in	in	_	_	_	_	_	linguistic	_	none	_	_	_	_	_	_
674-7	BOR001	674	674	7	mente	mente	_	_	_	_	_	linguistic	_	none	_	_	_	_	_	_
674-8	BOR001	674	674	8	perché	perché	_	_	_	_	_	linguistic	_	none	_	_	_	_	_	_
674-9	BOR001	674	674	9	ho	ho	_	_	_	_	_	linguistic	_	none	_	_	_	_	_	_
674-10	BOR001	674	674	10	nominato	nominato	_	_	_	_	_	linguistic	_	none	_	_	_	_	_	_
674-11	BOR001	674	674	11	la	la	_	_	_	_	_	linguistic	_	none	_	_	_	_	_	_
674-12	BOR001	674	674	12	temperatura	temperatura	_	_	_	_	_	linguistic	_	none	_	End=1951.067	_	_	_	_
675-0	BOR001	675	675	0	è	è	_	_	_	_	_	linguistic	_	none	_	Begin=1951.527	_	_	_	_
675-1	BOR001	675	675	1	cambiato	cambiato	_	_	_	_	_	linguistic	_	none	_	_	_	_	_	_
675-2	BOR001	675	675	2	c(io)é	cioé	_	_	_	_	_	linguistic	_	none	Reduced=Yes	_	_	_	_	_
675-3	BOR001	675	675	3	io	io	_	_	_	_	_	linguistic	_	none	_	_	_	_	_	_
675-4	BOR001	675	675	4	anche	anche	_	_	_	_	_	linguistic	_	none	_	_	_	_	_	_
675-5	BOR001	675	675	5	solo	solo	_	_	_	_	_	linguistic	_	none	_	_	_	_	_	_
675-6	BOR001	675	675	6	nella	nella	_	_	_	_	_	linguistic	_	none	_	_	_	_	_	_
675-7	BOR001	675	675	7	mia	mia	_	_	_	_	_	linguistic	_	none	_	_	_	_	_	_
675-8	BOR001	675	675	8	vita	vita	_	_	_	_	_	linguistic	_	none	_	_	_	_	_	_
675-9	BOR001	675	675	9	che	che	_	_	_	_	_	linguistic	_	none	_	End=1954.647	_	_	_	_
676-0	BOR001	676	676	0	c(io)é	cioé	_	_	_	_	_	linguistic	_	none	Reduced=Yes	Begin=1954.774	_	_	_	_
676-1	BOR001	676	676	1	abbastanza	abbastanza	_	_	_	_	_	linguistic	_	none	_	_	_	_	_	_
676-2	BOR001	676	676	2	breve	breve	_	_	_	_	_	linguistic	_	none	_	_	_	_	_	_
676-3	BOR001	676	676	3	per	per	_	_	_	_	_	linguistic	_	none	_	_	_	_	_	_
676-4	BOR001	676	676	4	ora	ora	_	_	_	_	_	linguistic	_	none	_	_	_	_	_	_
676-5	BOR001	676	676	5	però	però	_	_	_	_	_	linguistic	_	none	_	End=1957.46	_	_	_	_
677-0	BOR001	677	677	0	m:h	mh	_	_	_	_	_	linguistic	_	none	_	Begin=1958.32|End=1959.127	0x1	_	_	_
678-0	BOR001	678	678	0	ho	ho	_	_	_	_	_	linguistic	_	none	_	Begin=1959.394	_	_	_	_
678-1	BOR001	678	678	1	notato	notato	_	_	_	_	_	linguistic	_	none	_	_	_	_	_	_
678-2	BOR001	678	678	2	c(io)é	cioé	_	_	_	_	_	linguistic	_	none	Reduced=Yes	_	_	_	_	_
678-3	BOR001	678	678	3	noto	noto	_	_	_	_	_	linguistic	_	none	_	_	_	_	_	_
678-4	BOR001	678	678	4	le	le	_	_	_	_	_	linguistic	_	none	_	_	_	_	_	_
678-5	BOR001	678	678	5	differenze	differenze	_	_	_	_	_	linguistic	_	none	_	_	_	_	_	_
678-6	BOR001	678	678	6	rispetto	rispetto	_	_	_	_	_	linguistic	_	none	_	_	_	_	_	_
678-7	BOR001	678	678	7	a	a	_	_	_	_	_	linguistic	_	none	_	_	_	_	_	_
678-8	BOR001	678	678	8	quando	quando	_	_	_	_	_	linguistic	_	none	_	_	_	_	_	_
678-9	BOR001	678	678	9	magari	magari	_	_	_	_	_	linguistic	_	none	_	_	_	_	_	_
678-10	BOR001	678	678	10	avevo	avevo	_	_	_	_	_	linguistic	_	none	_	_	_	_	_	_
678-11	BOR001	678	678	11	cinque	cinque	_	_	_	_	_	linguistic	_	none	_	_	_	_	_	_
678-12	BOR001	678	678	12	anni	anni	_	_	_	_	_	linguistic	_	none	_	End=1963.334	_	_	_	_
679-0	BOR001	679	679	0	e	e	_	_	_	_	_	linguistic	_	none	_	Begin=1963.454	_	_	_	_
679-1	BOR001	679	679	1	adesso	adesso	_	_	_	_	_	linguistic	_	none	_	End=1964.354	_	_	_	_
680-0	BOR001	680	680	0	nel	nel	_	_	_	_	_	linguistic	_	none	_	Begin=1964.614	_	_	_	_
680-1	BOR001	680	680	1	[clima]	clima	_	_	_	_	_	linguistic	_	none	_	End=1965.567	_	_	_	0-5(136)
681-0	BOI003	681	681	0	ah	ah	_	_	_	_	_	linguistic	_	none	_	Begin=1965.32	_	_	_	_
681-1	BOI003	681	681	1	[sì]	sì	_	_	_	_	_	linguistic	_	none	_	End=1966.027	_	_	_	0-2(?)
682-0	BOR001	682	682	0	quando	quando	_	_	_	_	_	linguistic	_	none	_	Begin=1965.567	_	_	_	_
682-1	BOR001	682	682	1	eri	eri	_	_	_	_	_	linguistic	_	none	_	_	_	_	_	_
682-2	BOR001	682	682	2	piccola	piccola	_	_	_	_	_	linguistic	_	none	_	_	_	_	_	_
682-3	BOR001	682	682	3	tu	tu	_	_	_	_	_	linguistic	_	none	_	End=1966.807	_	_	_	_
683-0	BOR001	683	683	0	m:h	mh	_	_	_	_	_	linguistic	_	none	_	Begin=1967.28	0x1	_	_	_
683-1	BOR001	683	683	1	c(io)é	cioé	_	_	_	_	_	linguistic	_	none	Reduced=Yes	End=1968.307	_	_	_	_
684-0	BOR001	684	684	0	insomma	insomma	_	_	_	_	_	linguistic	_	none	_	Begin=1968.514	_	_	_	_
684-1	BOR001	684	684	1	è	è	_	_	_	_	_	linguistic	_	none	_	_	_	_	_	_
684-2	BOR001	684	684	2	cambiato	cambiato	_	_	_	_	_	linguistic	_	none	_	_	_	_	_	_
684-3	BOR001	684	684	3	il	il	_	_	_	_	_	linguistic	_	none	_	_	_	_	_	_
684-4	BOR001	684	684	4	clima	clima	_	_	_	_	_	linguistic	_	none	_	_	_	_	_	_
684-5	BOR001	684	684	5	a	a	_	_	_	_	_	linguistic	_	none	_	_	_	_	_	_
684-6	BOR001	684	684	6	bologna	bologna	_	_	_	_	_	linguistic	_	none	_	_	_	_	_	_
684-7	BOR001	684	684	7	le	le	_	_	_	_	_	linguistic	_	none	_	_	_	_	_	_
684-8	BOR001	684	684	8	temperature	temperature	_	_	_	_	_	linguistic	_	none	_	_	_	_	_	_
684-9	BOR001	684	684	9	o	o	_	_	_	_	_	linguistic	_	none	_	_	_	_	_	_
684-10	BOR001	684	684	10	il	il	_	_	_	_	_	linguistic	_	none	_	_	_	_	_	_
684-11	BOR001	684	684	11	clima	clima	_	_	_	_	_	linguistic	_	none	_	_	_	_	_	_
684-12	BOR001	684	684	12	in	in	_	_	_	_	_	linguistic	_	none	_	_	_	_	_	_
684-13	BOR001	684	684	13	generale	generale	_	_	_	_	_	linguistic	_	none	_	_	_	_	_	_
684-14	BOR001	684	684	14	°anche:°	anche	_	_	_	_	_	linguistic	_	none	Volume=low	End=1972.454	4x1	_	_	_
685-0	BOI003	685	685	0	sì	sì	_	_	_	_	_	linguistic	_	none	_	Begin=1972.52	_	_	_	_
685-1	BOI003	685	685	1	secondo	secondo	_	_	_	_	_	linguistic	_	none	_	_	_	_	_	_
685-2	BOI003	685	685	2	me	me	_	_	_	_	_	linguistic	_	none	_	_	_	_	_	_
685-3	BOI003	685	685	3	è	è	_	_	_	_	_	linguistic	_	none	_	_	_	_	_	_
685-4	BOI003	685	685	4	cambiato	cambiato	_	_	_	_	_	linguistic	_	none	_	End=1974.454	_	_	_	_
686-0	BOI003	686	686	0	e:h	eh	_	_	_	_	_	linguistic	_	none	_	Begin=1974.467	0x1	_	_	_
686-1	BOI003	686	686	1	adesso	adesso	_	_	_	_	_	linguistic	_	none	_	_	_	_	_	_
686-2	BOI003	686	686	2	non	non	_	_	_	_	_	linguistic	_	none	_	_	_	_	_	_
686-3	BOI003	686	686	3	non	non	_	_	_	_	_	linguistic	_	none	_	_	_	_	_	_
686-4	BOI003	686	686	4	ho	ho	_	_	_	_	_	linguistic	_	none	_	_	_	_	_	_
686-5	BOI003	686	686	5	ricordi	ricordi	_	_	_	_	_	linguistic	_	none	_	_	_	_	_	_
686-6	BOI003	686	686	6	precisi	precisi	_	_	_	_	_	linguistic	_	none	_	_	_	_	_	_
686-7	BOI003	686	686	7	relativi	relativi	_	_	_	_	_	linguistic	_	none	_	_	_	_	_	_
686-8	BOI003	686	686	8	al	al	_	_	_	_	_	linguistic	_	none	_	_	_	_	_	_
686-9	BOI003	686	686	9	caldo	caldo	_	_	_	_	_	linguistic	_	none	_	_	_	_	_	_
686-10	BOI003	686	686	10	ma	ma	_	_	_	_	_	linguistic	_	none	_	_	_	_	_	_
686-11	BOI003	686	686	11	ho	ho	_	_	_	_	_	linguistic	_	none	_	_	_	_	_	_
686-12	BOI003	686	686	12	dei	dei	_	_	_	_	_	linguistic	_	none	_	_	_	_	_	_
686-13	BOI003	686	686	13	r~	r~	_	_	_	_	_	linguistic	_	none	Interrupted=Yes	_	_	_	_	_
686-14	BOI003	686	686	14	eh	eh	_	_	_	_	_	linguistic	_	none	_	_	_	_	_	_
686-15	BOI003	686	686	15	ricordi	ricordi	_	_	_	_	_	linguistic	_	none	_	_	_	_	_	_
686-16	BOI003	686	686	16	precisissimi	precisissimi	_	_	_	_	_	linguistic	_	none	_	_	_	_	_	_
686-17	BOI003	686	686	17	relativi	relativi	_	_	_	_	_	linguistic	_	none	_	_	_	_	_	_
686-18	BOI003	686	686	18	al	al	_	_	_	_	_	linguistic	_	none	_	_	_	_	_	_
686-19	BOI003	686	686	19	freddo	freddo	_	_	_	_	_	linguistic	_	none	_	End=1983.38	_	_	_	_
687-0	BOR001	687	687	0	°mh°	mh	_	_	_	_	_	linguistic	_	none	Volume=low	Begin=1983.485|End=1983.687	_	_	_	_
688-0	BOI003	688	688	0	io	io	_	_	_	_	_	linguistic	_	none	_	Begin=1983.694	_	_	_	_
688-1	BOI003	688	688	1	mi	mi	_	_	_	_	_	linguistic	_	none	_	_	_	_	_	_
688-2	BOI003	688	688	2	ricordo	ricordo	_	_	_	_	_	linguistic	_	none	_	_	_	_	_	_
688-3	BOI003	688	688	3	sia	sia	_	_	_	_	_	linguistic	_	none	_	_	_	_	_	_
688-4	BOI003	688	688	4	da	da	_	_	_	_	_	linguistic	_	none	_	_	_	_	_	_
688-5	BOI003	688	688	5	bambina	bambina	_	_	_	_	_	linguistic	_	none	_	_	_	_	_	_
688-6	BOI003	688	688	6	soprattutto	soprattutto	_	_	_	_	_	linguistic	_	none	_	_	_	_	_	_
688-7	BOI003	688	688	7	da	da	_	_	_	_	_	linguistic	_	none	_	_	_	_	_	_
688-8	BOI003	688	688	8	bambina	bambina	_	_	_	_	_	linguistic	_	none	_	_	_	_	_	_
688-9	BOI003	688	688	9	o	o	_	_	_	_	_	linguistic	_	none	_	_	_	_	_	_
688-10	BOI003	688	688	10	anche	anche	_	_	_	_	_	linguistic	_	none	_	_	_	_	_	_
688-11	BOI003	688	688	11	da	da	_	_	_	_	_	linguistic	_	none	_	_	_	_	_	_
688-12	BOI003	688	688	12	ragazza	ragazza	_	_	_	_	_	linguistic	_	none	_	End=1988.0	_	_	_	_
689-0	BOI003	689	689	0	degli	degli	_	_	_	_	_	linguistic	_	none	_	Begin=1988.275	_	_	_	_
689-1	BOI003	689	689	1	inverni	inverni	_	_	_	_	_	linguistic	_	none	_	_	_	_	_	_
689-2	BOI003	689	689	2	ma	ma	_	_	_	_	_	linguistic	_	none	_	_	_	_	_	_
689-3	BOI003	689	689	3	con	con	_	_	_	_	_	linguistic	_	none	_	_	_	_	_	_
689-4	BOI003	689	689	4	delle	delle	_	_	_	_	_	linguistic	_	none	_	_	_	_	_	_
689-5	BOI003	689	689	5	nevicate	nevicate	_	_	_	_	_	linguistic	_	none	_	_	_	_	_	_
689-6	BOI003	689	689	6	ma	ma	_	_	_	_	_	linguistic	_	none	_	_	_	_	_	_
689-7	BOI003	689	689	7	con	con	_	_	_	_	_	linguistic	_	none	_	_	_	_	_	_
689-8	BOI003	689	689	8	delle	delle	_	_	_	_	_	linguistic	_	none	_	_	_	_	_	_
689-9	BOI003	689	689	9	nevicate	nevicate	_	_	_	_	_	linguistic	_	none	_	_	_	_	_	_
689-10	BOI003	689	689	10	incredibili	incredibili	_	_	_	_	_	linguistic	_	none	_	End=1992.747	_	_	_	_
690-0	BOI003	690	690	0	mi	mi	_	_	_	_	_	linguistic	_	none	_	Begin=1993.087	_	_	_	_
690-1	BOI003	690	690	1	ricordo	ricordo	_	_	_	_	_	linguistic	_	none	_	_	_	_	_	_
690-2	BOI003	690	690	2	a	a	_	_	_	_	_	linguistic	_	none	_	_	_	_	_	_
690-3	BOI003	690	690	3	volte	volte	_	_	_	_	_	linguistic	_	none	_	_	_	_	_	_
690-4	BOI003	690	690	4	che	che	_	_	_	_	_	linguistic	_	none	_	_	_	_	_	_
690-5	BOI003	690	690	5	son	son	_	_	_	_	_	linguistic	_	none	_	_	_	_	_	_
690-6	BOI003	690	690	6	stata	stata	_	_	_	_	_	linguistic	_	none	_	_	_	_	_	_
690-7	BOI003	690	690	7	a	a	_	_	_	_	_	linguistic	_	none	_	_	_	_	_	_
690-8	BOI003	690	690	8	casa	casa	_	_	_	_	_	linguistic	_	none	_	_	_	_	_	_
690-9	BOI003	690	690	9	da	da	_	_	_	_	_	linguistic	_	none	_	_	_	_	_	_
690-10	BOI003	690	690	10	scuola	scuola	_	_	_	_	_	linguistic	_	none	_	_	_	_	_	_
690-11	BOI003	690	690	11	perché	perché	_	_	_	_	_	linguistic	_	none	_	End=1995.994	_	_	_	_
691-0	BOI003	691	691	0	era	era	_	_	_	_	_	linguistic	_	none	_	Begin=1996.647	_	_	_	_
691-1	BOI003	691	691	1	venuta	venuta	_	_	_	_	_	linguistic	_	none	_	_	_	_	_	_
691-2	BOI003	691	691	2	tantissima	tantissima	_	_	_	_	_	linguistic	_	none	_	_	_	_	_	_
691-3	BOI003	691	691	3	neve	neve	_	_	_	_	_	linguistic	_	none	_	End=1998.46	_	_	_	_
692-0	BOI003	692	692	0	un	un	_	_	_	_	_	linguistic	_	none	_	Begin=1998.614	_	_	_	_
692-1	BOI003	692	692	1	addirittura	addirittura	_	_	_	_	_	linguistic	_	none	_	_	_	_	_	_
692-2	BOI003	692	692	2	ho	ho	_	_	_	_	_	linguistic	_	none	_	_	_	_	_	_
692-3	BOI003	692	692	3	un	un	_	_	_	_	_	linguistic	_	none	_	_	_	_	_	_
692-4	BOI003	692	692	4	ricordo	ricordo	_	_	_	_	_	linguistic	_	none	_	_	_	_	_	_
692-5	BOI003	692	692	5	di	di	_	_	_	_	_	linguistic	_	none	_	_	_	_	_	_
692-6	BOI003	692	692	6	una	una	_	_	_	_	_	linguistic	_	none	_	_	_	_	_	_
692-7	BOI003	692	692	7	volta	volta	_	_	_	_	_	linguistic	_	none	_	_	_	_	_	_
692-8	BOI003	692	692	8	che	che	_	_	_	_	_	linguistic	_	none	_	_	_	_	_	_
692-9	BOI003	692	692	9	non	non	_	_	_	_	_	linguistic	_	none	_	_	_	_	_	_
692-10	BOI003	692	692	10	riuscivamo	riuscivamo	_	_	_	_	_	linguistic	_	none	_	_	_	_	_	_
692-11	BOI003	692	692	11	a	a	_	_	_	_	_	linguistic	_	none	_	_	_	_	_	_
692-12	BOI003	692	692	12	uscire	uscire	_	_	_	_	_	linguistic	_	none	_	_	_	_	_	_
692-13	BOI003	692	692	13	dal	dal	_	_	_	_	_	linguistic	_	none	_	_	_	_	_	_
692-14	BOI003	692	692	14	palzzo	palzzo	_	_	_	_	_	linguistic	_	none	_	_	_	_	_	_
692-15	BOI003	692	692	15	perché	perché	_	_	_	_	_	linguistic	_	none	_	_	_	_	_	_
692-16	BOI003	692	692	16	era	era	_	_	_	_	_	linguistic	_	none	_	_	_	_	_	_
692-17	BOI003	692	692	17	usci~	usci~	_	_	_	_	_	linguistic	_	none	Interrupted=Yes	End=2003.38	_	_	_	_
693-0	BOI003	693	693	0	era	era	_	_	_	_	_	linguistic	_	none	_	Begin=2003.407	_	_	_	_
693-1	BOI003	693	693	1	caduta	caduta	_	_	_	_	_	linguistic	_	none	_	_	_	_	_	_
693-2	BOI003	693	693	2	talmente	talmente	_	_	_	_	_	linguistic	_	none	_	_	_	_	_	_
693-3	BOI003	693	693	3	tanta	tanta	_	_	_	_	_	linguistic	_	none	_	_	_	_	_	_
693-4	BOI003	693	693	4	neve	neve	_	_	_	_	_	linguistic	_	none	_	_	_	_	_	_
693-5	BOI003	693	693	5	che	che	_	_	_	_	_	linguistic	_	none	_	_	_	_	_	_
693-6	BOI003	693	693	6	copriva	copriva	_	_	_	_	_	linguistic	_	none	_	_	_	_	_	_
693-7	BOI003	693	693	7	tutto	tutto	_	_	_	_	_	linguistic	_	none	_	_	_	_	_	_
693-8	BOI003	693	693	8	il	il	_	_	_	_	_	linguistic	_	none	_	_	_	_	_	_
693-9	BOI003	693	693	9	portone	portone	_	_	_	_	_	linguistic	_	none	_	End=2006.857	_	_	_	_
694-0	BOI003	694	694	0	e::hm	ehm	_	_	_	_	_	linguistic	_	none	_	Begin=2007.4	0x2	_	_	_
694-1	BOI003	694	694	1	e	e	_	_	_	_	_	linguistic	_	none	_	_	_	_	_	_
694-2	BOI003	694	694	2	poi:	poi	_	_	_	_	_	linguistic	_	none	_	_	2x1	_	_	_
694-3	BOI003	694	694	3	non	non	_	_	_	_	_	linguistic	_	none	_	_	_	_	_	_
694-4	BOI003	694	694	4	so::	so	_	_	_	_	_	linguistic	_	none	_	End=2010.469	1x2	_	_	_
695-0	BOI003	695	695	0	mi	mi	_	_	_	_	_	linguistic	_	none	_	Begin=2010.647	_	_	_	_
695-1	BOI003	695	695	1	ho	ho	_	_	_	_	_	linguistic	_	none	_	_	_	_	_	_
695-2	BOI003	695	695	2	dei	dei	_	_	_	_	_	linguistic	_	none	_	_	_	_	_	_
695-3	BOI003	695	695	3	ricordi	ricordi	_	_	_	_	_	linguistic	_	none	_	_	_	_	_	_
695-4	BOI003	695	695	4	di	di	_	_	_	_	_	linguistic	_	none	_	_	_	_	_	_
695-5	BOI003	695	695	5	io	io	_	_	_	_	_	linguistic	_	none	_	_	_	_	_	_
695-6	BOI003	695	695	6	che	che	_	_	_	_	_	linguistic	_	none	_	_	_	_	_	_
695-7	BOI003	695	695	7	prendevo	prendevo	_	_	_	_	_	linguistic	_	none	_	_	_	_	_	_
695-8	BOI003	695	695	8	l'	l'	_	_	_	_	_	linguistic	_	none	SpaceAfter=No	_	_	_	_	_
695-9	BOI003	695	695	9	autobus	autobus	_	_	_	_	_	linguistic	_	none	_	_	_	_	_	_
695-10	BOI003	695	695	10	per	per	_	_	_	_	_	linguistic	_	none	_	_	_	_	_	_
695-11	BOI003	695	695	11	tornare	tornare	_	_	_	_	_	linguistic	_	none	_	_	_	_	_	_
695-12	BOI003	695	695	12	a	a	_	_	_	_	_	linguistic	_	none	_	_	_	_	_	_
695-13	BOI003	695	695	13	casa	casa	_	_	_	_	_	linguistic	_	none	_	_	_	_	_	_
695-14	BOI003	695	695	14	da	da	_	_	_	_	_	linguistic	_	none	_	_	_	_	_	_
695-15	BOI003	695	695	15	scuola	scuola	_	_	_	_	_	linguistic	_	none	_	End=2015.1	_	_	_	_
696-0	BOI003	696	696	0	e	e	_	_	_	_	_	linguistic	_	none	_	Begin=2015.194	_	_	_	_
696-1	BOI003	696	696	1	che	che	_	_	_	_	_	linguistic	_	none	_	_	_	_	_	_
696-2	BOI003	696	696	2	continuavo	continuavo	_	_	_	_	_	linguistic	_	none	_	_	_	_	_	_
696-3	BOI003	696	696	3	a	a	_	_	_	_	_	linguistic	_	none	_	_	_	_	_	_
696-4	BOI003	696	696	4	tremare	tremare	_	_	_	_	_	linguistic	_	none	_	_	_	_	_	_
696-5	BOI003	696	696	5	dal	dal	_	_	_	_	_	linguistic	_	none	_	_	_	_	_	_
696-6	BOI003	696	696	6	freddo	freddo	_	_	_	_	_	linguistic	_	none	_	_	_	_	_	_
696-7	BOI003	696	696	7	ma	ma	_	_	_	_	_	linguistic	_	none	_	_	_	_	_	_
696-8	BOI003	696	696	8	eravamo	eravamo	_	_	_	_	_	linguistic	_	none	_	_	_	_	_	_
696-9	BOI003	696	696	9	a	a	_	_	_	_	_	linguistic	_	none	_	_	_	_	_	_
696-10	BOI003	696	696	10	meno	meno	_	_	_	_	_	linguistic	_	none	_	_	_	_	_	_
696-11	BOI003	696	696	11	venti	venti	_	_	_	_	_	linguistic	_	none	_	_	_	_	_	_
696-12	BOI003	696	696	12	cose	cose	_	_	_	_	_	linguistic	_	none	_	_	_	_	_	_
696-13	BOI003	696	696	13	di	di	_	_	_	_	_	linguistic	_	none	_	_	_	_	_	_
696-14	BOI003	696	696	14	questo	questo	_	_	_	_	_	linguistic	_	none	_	_	_	_	_	_
696-15	BOI003	696	696	15	genere	genere	_	_	_	_	_	linguistic	_	none	_	End=2019.88	_	_	_	_
697-0	BOI003	697	697	0	CHE	che	_	_	_	_	_	linguistic	_	none	Volume=high	Begin=2020.447	_	_	_	_
697-1	BOI003	697	697	1	adesso	adesso	_	_	_	_	_	linguistic	_	none	_	_	_	_	_	_
697-2	BOI003	697	697	2	non	non	_	_	_	_	_	linguistic	_	none	_	_	_	_	_	_
697-3	BOI003	697	697	3	mi	mi	_	_	_	_	_	linguistic	_	none	_	_	_	_	_	_
697-4	BOI003	697	697	4	sembra	sembra	_	_	_	_	_	linguistic	_	none	_	_	_	_	_	_
697-5	BOI003	697	697	5	che	che	_	_	_	_	_	linguistic	_	none	_	_	_	_	_	_
697-6	BOI003	697	697	6	ci	ci	_	_	_	_	_	linguistic	_	none	_	_	_	_	_	_
697-7	BOI003	697	697	7	siano	siano	_	_	_	_	_	linguistic	_	none	_	_	_	_	_	_
697-8	BOI003	697	697	8	più	più	_	_	_	_	_	linguistic	_	none	_	_	_	_	_	_
697-9	BOI003	697	697	9	ecco	ecco	_	_	_	_	_	linguistic	_	none	_	_	_	_	_	_
697-10	BOI003	697	697	10	da	da	_	_	_	_	_	linguistic	_	none	_	_	_	_	_	_
697-11	BOI003	697	697	11	da	da	_	_	_	_	_	linguistic	_	none	_	_	_	_	_	_
697-12	BOI003	697	697	12	tempo	tempo	_	_	_	_	_	linguistic	_	none	_	_	_	_	_	_
697-13	BOI003	697	697	13	così	così	_	_	_	_	_	linguistic	_	none	_	End=2024.32	_	_	_	_
698-0	BOI003	698	698	0	sul	sul	_	_	_	_	_	linguistic	_	none	_	Begin=2024.614	_	_	_	_
698-1	BOI003	698	698	1	caldo	caldo	_	_	_	_	_	linguistic	_	none	_	_	_	_	_	_
698-2	BOI003	698	698	2	non	non	_	_	_	_	_	linguistic	_	none	_	_	_	_	_	_
698-3	BOI003	698	698	3	non	non	_	_	_	_	_	linguistic	_	none	_	_	_	_	_	_
698-4	BOI003	698	698	4	riesco	riesco	_	_	_	_	_	linguistic	_	none	_	_	_	_	_	_
698-5	BOI003	698	698	5	m:h	mh	_	_	_	_	_	linguistic	_	none	_	End=2027.18	0x1	_	_	_
699-0	BOI003	699	699	0	non	non	_	_	_	_	_	linguistic	_	none	_	Begin=2027.666	_	_	_	_
699-1	BOI003	699	699	1	ho	ho	_	_	_	_	_	linguistic	_	none	_	_	_	_	_	_
699-2	BOI003	699	699	2	dei	dei	_	_	_	_	_	linguistic	_	none	_	_	_	_	_	_
699-3	BOI003	699	699	3	ricordi	ricordi	_	_	_	_	_	linguistic	_	none	_	_	_	_	_	_
699-4	BOI003	699	699	4	precisi:	precisi	_	_	_	_	_	linguistic	_	none	_	End=2030.101	6x1	_	_	_
700-0	BOI003	700	700	0	di	di	_	_	_	_	_	linguistic	_	none	_	Begin=2030.374	_	_	_	_
700-1	BOI003	700	700	1	aver	aver	_	_	_	_	_	linguistic	_	none	_	_	_	_	_	_
700-2	BOI003	700	700	2	visto	visto	_	_	_	_	_	linguistic	_	none	_	_	_	_	_	_
700-3	BOI003	700	700	3	dei	dei	_	_	_	_	_	linguistic	_	none	_	_	_	_	_	_
700-4	BOI003	700	700	4	particolari	particolari	_	_	_	_	_	linguistic	_	none	_	_	_	_	_	_
700-5	BOI003	700	700	5	cambiamenti	cambiamenti	_	_	_	_	_	linguistic	_	none	_	_	_	_	_	_
700-6	BOI003	700	700	6	e[cco]	ecco	_	_	_	_	_	linguistic	_	none	_	End=2033.634	_	_	_	1-4(138)
701-0	BOR001	701	701	0	[mh]mh	mhmh	_	_	_	_	_	linguistic	_	none	_	Begin=2033.474|End=2033.794	_	_	_	0-2(138)
702-0	BOI003	702	702	0	[°non	non	_	_	_	_	_	linguistic	_	none	Volume=low	Begin=2034.107	_	_	_	0-3(139)
702-1	BOI003	702	702	1	lo	lo	_	_	_	_	_	linguistic	_	none	Volume=low	_	_	_	_	0-2(139)
702-2	BOI003	702	702	2	so°]	so	_	_	_	_	_	linguistic	_	none	Volume=low	End=2035.014	_	_	_	0-2(139)
703-0	BOR001	703	703	0	però	però	_	_	_	_	_	linguistic	_	none	_	Begin=2034.107	_	_	_	_
703-1	BOR001	703	703	1	nevicava	nevicava	_	_	_	_	_	linguistic	_	none	_	_	_	_	_	_
703-2	BOR001	703	703	2	molto	molto	_	_	_	_	_	linguistic	_	none	_	_	_	_	_	_
703-3	BOR001	703	703	3	>sì	sì	_	_	_	_	_	linguistic	_	none	_	_	_	Fast=0-2(0)	_	_
703-4	BOR001	703	703	4	[ultimamente	ultimamente	_	_	_	_	_	linguistic	_	none	_	_	_	Fast=0-11(0)	_	0-11(?)
703-5	BOR001	703	703	5	non	non	_	_	_	_	_	linguistic	_	none	_	_	_	Fast=0-3(0)	_	0-3(?)
703-6	BOR001	703	703	6	nevica	nevica	_	_	_	_	_	linguistic	_	none	_	_	_	Fast=0-6(0)	_	0-6(?)
703-7	BOR001	703	703	7	quasi	quasi	_	_	_	_	_	linguistic	_	none	_	_	_	Fast=0-5(0)	_	0-5(?)
703-8	BOR001	703	703	8	più]<	più	_	_	_	_	_	linguistic	_	none	_	End=2036.887	_	Fast=0-3(0)	_	0-3(?)
704-0	BOI003	704	704	0	[nevicava	nevicava	_	_	_	_	_	linguistic	_	none	_	Begin=2035.176	_	_	_	0-8(140)
704-1	BOI003	704	704	1	tanti]ssimo	tantissimo	_	_	_	_	_	linguistic	_	none	_	_	_	_	_	0-5(140)
704-2	BOI003	704	704	2	propr~	propr~	_	_	_	_	_	linguistic	_	none	Interrupted=Yes	End=2037.66	_	_	_	_
705-0	BOI003	705	705	0	cioé	cioé	_	_	_	_	_	linguistic	_	none	_	Begin=2037.814	_	_	_	_
705-1	BOI003	705	705	1	ho	ho	_	_	_	_	_	linguistic	_	none	_	_	_	_	_	_
705-2	BOI003	705	705	2	tanti	tanti	_	_	_	_	_	linguistic	_	none	_	_	_	_	_	_
705-3	BOI003	705	705	3	ricordi	ricordi	_	_	_	_	_	linguistic	_	none	_	_	_	_	_	_
705-4	BOI003	705	705	4	adesso	adesso	_	_	_	_	_	linguistic	_	none	_	_	_	_	_	_
705-5	BOI003	705	705	5	magari	magari	_	_	_	_	_	linguistic	_	none	_	_	_	_	_	_
705-6	BOI003	705	705	6	sono	sono	_	_	_	_	_	linguistic	_	none	_	_	_	_	_	_
705-7	BOI003	705	705	7	capitati	capitati	_	_	_	_	_	linguistic	_	none	_	_	_	_	_	_
705-8	BOI003	705	705	8	solo	solo	_	_	_	_	_	linguistic	_	none	_	_	_	_	_	_
705-9	BOI003	705	705	9	pochi	pochi	_	_	_	_	_	linguistic	_	none	_	_	_	_	_	_
705-10	BOI003	705	705	10	anni	anni	_	_	_	_	_	linguistic	_	none	_	_	_	_	_	_
705-11	BOI003	705	705	11	non	non	_	_	_	_	_	linguistic	_	none	_	_	_	_	_	_
705-12	BOI003	705	705	12	non	non	_	_	_	_	_	linguistic	_	none	_	_	_	_	_	_
705-13	BOI003	705	705	13	lo	lo	_	_	_	_	_	linguistic	_	none	_	_	_	_	_	_
705-14	BOI003	705	705	14	so	so	_	_	_	_	_	linguistic	_	none	_	End=2042.276	_	_	_	_
706-0	BOI003	706	706	0	e:h	eh	_	_	_	_	_	linguistic	_	none	_	Begin=2042.975	0x1	_	_	_
706-1	BOI003	706	706	1	però	però	_	_	_	_	_	linguistic	_	none	_	_	_	_	_	_
706-2	BOI003	706	706	2	me	me	_	_	_	_	_	linguistic	_	none	_	_	_	_	_	_
706-3	BOI003	706	706	3	li	li	_	_	_	_	_	linguistic	_	none	_	_	_	_	_	_
706-4	BOI003	706	706	4	ri[cordo]	ricordo	_	_	_	_	_	linguistic	_	none	_	End=2044.693	_	_	_	2-7(141)
707-0	BOR001	707	707	0	[bé	bé	_	_	_	_	_	linguistic	_	none	_	Begin=2043.912	_	_	_	0-2(141)
707-1	BOR001	707	707	1	io	io	_	_	_	_	_	linguistic	_	none	_	_	_	_	_	0-2(141)
707-2	BOR001	707	707	2	mi]	mi	_	_	_	_	_	linguistic	_	none	_	_	_	_	_	0-2(141)
707-3	BOR001	707	707	3	ricordo	ricordo	_	_	_	_	_	linguistic	_	none	_	_	_	_	_	_
707-4	BOR001	707	707	4	di	di	_	_	_	_	_	linguistic	_	none	_	_	_	_	_	_
707-5	BOR001	707	707	5	quando	quando	_	_	_	_	_	linguistic	_	none	_	_	_	_	_	_
707-6	BOR001	707	707	6	a	a	_	_	_	_	_	linguistic	_	none	_	_	_	_	_	_
707-7	BOR001	707	707	7	villa	villa	_	_	_	_	_	linguistic	_	none	_	_	_	_	_	_
707-8	BOR001	707	707	8	spada	spada	_	_	_	_	_	linguistic	_	none	_	End=2045.939	_	_	_	_
708-0	BOI003	708	708	0	sì:	sì	_	_	_	_	_	linguistic	_	none	_	Begin=2045.96	1x1	_	_	_
708-1	BOI003	708	708	1	[sì	sì	_	_	_	_	_	linguistic	_	none	_	_	_	_	_	0-2(142)
708-2	BOI003	708	708	2	anche]	anche	_	_	_	_	_	linguistic	_	none	_	End=2047.287	_	_	_	0-5(142)
709-0	BOR001	709	709	0	[quand~]	quand~	_	_	_	_	_	linguistic	_	none	Interrupted=Yes	Begin=2046.274	_	_	_	0-6(142)
709-1	BOR001	709	709	1	((ride))	((ride))	_	_	_	_	_	nonverbalbehavior	_	none	_	End=2046.774	_	_	_	_
710-0	BOI003	710	710	0	in[fatti	infatti	_	_	_	_	_	linguistic	_	none	_	Begin=2047.374	_	_	_	2-7(143)
710-1	BOI003	710	710	1	esatto	esatto	_	_	_	_	_	linguistic	_	none	_	_	_	_	_	0-6(143)
710-2	BOI003	710	710	2	andavano	andavano	_	_	_	_	_	linguistic	_	none	_	_	_	_	_	0-8(143)
710-3	BOI003	710	710	3	là]	là	_	_	_	_	_	linguistic	_	none	PauseAfter=Yes	_	_	_	_	0-2(143)
710-4	BOI003	710	710	4	(.)	(.)	_	_	_	_	_	shortpause	_	none	_	_	_	_	_	_
710-5	BOI003	710	710	5	esatto	esatto	_	_	_	_	_	linguistic	_	none	_	End=2049.94	_	_	_	_
711-0	BOR001	711	711	0	[che	che	_	_	_	_	_	linguistic	_	none	_	Begin=2047.46	_	_	_	0-3(143)
711-1	BOR001	711	711	1	tutti	tutti	_	_	_	_	_	linguistic	_	none	_	_	_	_	_	0-5(143)
711-2	BOR001	711	711	2	i	i	_	_	_	_	_	linguistic	_	none	_	_	_	_	_	0-1(143)
711-3	BOR001	711	711	3	bambini	bambini	_	_	_	_	_	linguistic	_	none	_	_	_	_	_	0-7(143)
711-4	BOR001	711	711	4	andavano:]	andavano	_	_	_	_	_	linguistic	_	none	_	End=2049.194	7x1	_	_	0-8(143)
712-0	BOR001	712	712	0	con	con	_	_	_	_	_	linguistic	_	none	_	Begin=2049.94	_	_	_	_
712-1	BOR001	712	712	1	lo	lo	_	_	_	_	_	linguistic	_	none	_	_	_	_	_	_
712-2	BOR001	712	712	2	slitti[no]	slittino	_	_	_	_	_	linguistic	_	none	_	End=2050.893	_	_	_	6-8(144)
713-0	BOI003	713	713	0	[es]atto	esatto	_	_	_	_	_	linguistic	_	none	_	Begin=2050.726|End=2051.574	_	_	_	0-2(144)
714-0	BOR001	714	714	0	e	e	_	_	_	_	_	linguistic	_	none	_	Begin=2051.594	_	_	_	_
714-1	BOR001	714	714	1	quello	quello	_	_	_	_	_	linguistic	_	none	_	_	_	_	_	_
714-2	BOR001	714	714	2	non	non	_	_	_	_	_	linguistic	_	none	_	_	_	_	_	_
714-3	BOR001	714	714	3	era	era	_	_	_	_	_	linguistic	_	none	_	_	_	_	_	_
714-4	BOR001	714	714	4	tanto:	tanto	_	_	_	_	_	linguistic	_	none	_	_	4x1	_	_	_
714-5	BOR001	714	714	5	beh	beh	_	_	_	_	_	linguistic	_	none	_	_	_	_	_	_
714-6	BOR001	714	714	6	sicuramente	sicuramente	_	_	_	_	_	linguistic	_	none	_	_	_	_	_	_
714-7	BOR001	714	714	7	non	non	_	_	_	_	_	linguistic	_	none	_	_	_	_	_	_
714-8	BOR001	714	714	8	erano	erano	_	_	_	_	_	linguistic	_	none	_	_	_	_	_	_
714-9	BOR001	714	714	9	metri	metri	_	_	_	_	_	linguistic	_	none	_	_	_	_	_	_
714-10	BOR001	714	714	10	di	di	_	_	_	_	_	linguistic	_	none	_	_	_	_	_	_
714-11	BOR001	714	714	11	neve	neve	_	_	_	_	_	linguistic	_	none	_	_	_	_	_	_
714-12	BOR001	714	714	12	[PERO]	pero	_	_	_	_	_	linguistic	_	none	Volume=high	End=2055.234	_	_	_	0-4(145)
715-0	BOI003	715	715	0	[sì	sì	_	_	_	_	_	linguistic	_	none	_	Begin=2054.907	_	_	_	0-2(?)
715-1	BOI003	715	715	1	però	però	_	_	_	_	_	linguistic	_	none	_	_	_	_	_	0-4(?)
715-2	BOI003	715	715	2	xxxxx]	xxxxx	_	_	_	_	_	unknown	_	none	Syllables=5	End=2056.94	_	_	_	0-5(?)
716-0	BOR001	716	716	0	[abbastanza	abbastanza	_	_	_	_	_	linguistic	_	none	_	Begin=2055.407	_	_	_	0-10(146)
716-1	BOR001	716	716	1	da:]	da	_	_	_	_	_	linguistic	_	none	_	End=2056.627	1x1	_	_	0-2(146)
717-0	BOR001	717	717	0	[andare	andare	_	_	_	_	_	linguistic	_	none	_	Begin=2056.96	_	_	_	0-6(147)
717-1	BOR001	717	717	1	a	a	_	_	_	_	_	linguistic	_	none	_	_	_	_	_	0-1(147)
717-2	BOR001	717	717	2	giocare]	giocare	_	_	_	_	_	linguistic	_	none	_	_	_	_	_	0-7(147)
717-3	BOR001	717	717	3	era:	era	_	_	_	_	_	linguistic	_	none	_	_	2x1	_	_	_
717-4	BOR001	717	717	4	non	non	_	_	_	_	_	linguistic	_	none	_	_	_	_	_	_
717-5	BOR001	717	717	5	so	so	_	_	_	_	_	linguistic	_	none	_	End=2058.8	_	_	_	_
718-0	BOI003	718	718	0	[sì	sì	_	_	_	_	_	linguistic	_	none	_	Begin=2057.1	_	_	_	_
718-1	BOI003	718	718	1	sì	sì	_	_	_	_	_	linguistic	_	none	_	End=2057.694	_	_	_	_
719-0	BOR001	719	719	0	qu[indici	quindici	_	_	_	_	_	linguistic	_	none	_	Begin=2058.914	_	_	_	2-8(148)
719-1	BOR001	719	719	1	anni	anni	_	_	_	_	_	linguistic	_	none	_	_	_	_	_	0-4(148)
719-2	BOR001	719	719	2	fa]	fa	_	_	_	_	_	linguistic	_	none	_	End=2059.94	_	_	_	0-2(148)
720-0	BOI003	720	720	0	[sì	sì	_	_	_	_	_	linguistic	_	none	_	Begin=2059.0	_	_	_	0-2(148)
720-1	BOI003	720	720	1	sì	sì	_	_	_	_	_	linguistic	_	none	_	_	_	_	_	0-2(148)
720-2	BOI003	720	720	2	sì]	sì	_	_	_	_	_	linguistic	_	none	_	End=2060.027	_	_	_	0-2(148)
721-0	BOR001	721	721	0	[diciotto	diciotto	_	_	_	_	_	linguistic	_	none	_	Begin=2060.574	_	_	_	0-8(149)
721-1	BOR001	721	721	1	anni]	anni	_	_	_	_	_	linguistic	_	none	_	_	_	_	_	0-4(149)
721-2	BOR001	721	721	2	fa	fa	_	_	_	_	_	linguistic	_	none	_	_	_	_	_	_
721-3	BOR001	721	721	3	m:h	mh	_	_	_	_	_	linguistic	_	none	_	_	0x1	_	_	_
721-4	BOR001	721	721	4	c(io)é	cioé	_	_	_	_	_	linguistic	_	none	Reduced=Yes	End=2063.226	_	_	_	_
722-0	BOI003	722	722	0	[è	è	_	_	_	_	_	linguistic	_	none	_	Begin=2060.594	_	_	_	0-1(149)
722-1	BOI003	722	722	1	vero	vero	_	_	_	_	_	linguistic	_	none	_	_	_	_	_	0-4(149)
722-2	BOI003	722	722	2	sì]	sì	_	_	_	_	_	linguistic	_	none	_	End=2061.507	_	_	_	0-2(149)
723-0	BOI003	723	723	0	sì	sì	_	_	_	_	_	linguistic	_	none	_	Begin=2063.734	_	_	_	_
723-1	BOI003	723	723	1	a	a	_	_	_	_	_	linguistic	_	none	_	_	_	_	_	_
723-2	BOI003	723	723	2	bologna	bologna	_	_	_	_	_	linguistic	_	none	_	_	_	_	_	_
723-3	BOI003	723	723	3	secondo	secondo	_	_	_	_	_	linguistic	_	none	_	_	_	_	_	_
723-4	BOI003	723	723	4	me	me	_	_	_	_	_	linguistic	_	none	_	_	_	_	_	_
723-5	BOI003	723	723	5	tutti	tutti	_	_	_	_	_	linguistic	_	none	_	_	_	_	_	_
723-6	BOI003	723	723	6	gli	gli	_	_	_	_	_	linguistic	_	none	_	_	_	_	_	_
723-7	BOI003	723	723	7	inverni	inverni	_	_	_	_	_	linguistic	_	none	_	_	_	_	_	_
723-8	BOI003	723	723	8	è	è	_	_	_	_	_	linguistic	_	none	_	_	_	_	_	_
723-9	BOI003	723	723	9	sempre	sempre	_	_	_	_	_	linguistic	_	none	_	_	_	_	_	_
723-10	BOI003	723	723	10	nevicato	nevicato	_	_	_	_	_	linguistic	_	none	_	End=2067.107	_	_	_	_
724-0	BOI003	724	724	0	°sempre°	sempre	_	_	_	_	_	linguistic	_	none	Volume=low	Begin=2067.234	_	_	_	_
724-1	BOI003	724	724	1	e	e	_	_	_	_	_	linguistic	_	none	_	_	_	_	_	_
724-2	BOI003	724	724	2	poi	poi	_	_	_	_	_	linguistic	_	none	_	_	_	_	_	_
724-3	BOI003	724	724	3	ci	ci	_	_	_	_	_	linguistic	_	none	_	_	_	_	_	_
724-4	BOI003	724	724	4	son	son	_	_	_	_	_	linguistic	_	none	_	_	_	_	_	_
724-5	BOI003	724	724	5	stati	stati	_	_	_	_	_	linguistic	_	none	_	_	_	_	_	_
724-6	BOI003	724	724	6	quelle	quelle	_	_	_	_	_	linguistic	_	none	_	_	_	_	_	_
724-7	BOI003	724	724	7	nevicate	nevicate	_	_	_	_	_	linguistic	_	none	_	_	_	_	_	_
724-8	BOI003	724	724	8	eccezionali	eccezionali	_	_	_	_	_	linguistic	_	none	_	_	_	_	_	_
724-9	BOI003	724	724	9	appunto	appunto	_	_	_	_	_	linguistic	_	none	_	_	_	_	_	_
724-10	BOI003	724	724	10	di	di	_	_	_	_	_	linguistic	_	none	_	_	_	_	_	_
724-11	BOI003	724	724	11	cui	cui	_	_	_	_	_	linguistic	_	none	_	_	_	_	_	_
724-12	BOI003	724	724	12	mi	mi	_	_	_	_	_	linguistic	_	none	_	_	_	_	_	_
724-13	BOI003	724	724	13	ricordo	ricordo	_	_	_	_	_	linguistic	_	none	_	_	_	_	_	_
724-14	BOI003	724	724	14	io	io	_	_	_	_	_	linguistic	_	none	_	End=2072.393	_	_	_	_
725-0	BOI003	725	725	0	eh	eh	_	_	_	_	_	linguistic	_	none	_	Begin=2072.766	_	_	_	_
725-1	BOI003	725	725	1	che	che	_	_	_	_	_	linguistic	_	none	_	_	_	_	_	_
725-2	BOI003	725	725	2	si	si	_	_	_	_	_	linguistic	_	none	_	_	_	_	_	_
725-3	BOI003	725	725	3	stava	stava	_	_	_	_	_	linguistic	_	none	_	_	_	_	_	_
725-4	BOI003	725	725	4	anche	anche	_	_	_	_	_	linguistic	_	none	_	_	_	_	_	_
725-5	BOI003	725	725	5	a	a	_	_	_	_	_	linguistic	_	none	_	_	_	_	_	_
725-6	BOI003	725	725	6	casa	casa	_	_	_	_	_	linguistic	_	none	_	_	_	_	_	_
725-7	BOI003	725	725	7	da	da	_	_	_	_	_	linguistic	_	none	_	_	_	_	_	_
725-8	BOI003	725	725	8	scuola	scuola	_	_	_	_	_	linguistic	_	none	_	_	_	_	_	_
725-9	BOI003	725	725	9	ma	ma	_	_	_	_	_	linguistic	_	none	_	_	_	_	_	_
725-10	BOI003	725	725	10	perché	perché	_	_	_	_	_	linguistic	_	none	_	_	_	_	_	_
725-11	BOI003	725	725	11	eh	eh	_	_	_	_	_	linguistic	_	none	_	_	_	_	_	_
725-12	BOI003	725	725	12	c(io)é	cioé	_	_	_	_	_	linguistic	_	none	Reduced=Yes	_	_	_	_	_
725-13	BOI003	725	725	13	era	era	_	_	_	_	_	linguistic	_	none	_	_	_	_	_	_
725-14	BOI003	725	725	14	impraticabile	impraticabile	_	_	_	_	_	linguistic	_	none	_	End=2077.656	_	_	_	_
726-0	BOI003	726	726	0	e	e	_	_	_	_	_	linguistic	_	none	_	Begin=2077.83	_	_	_	_
726-1	BOI003	726	726	1	adesso	adesso	_	_	_	_	_	linguistic	_	none	_	_	_	_	_	_
726-2	BOI003	726	726	2	negli	negli	_	_	_	_	_	linguistic	_	none	_	_	_	_	_	_
726-3	BOI003	726	726	3	ultimi	ultimi	_	_	_	_	_	linguistic	_	none	_	_	_	_	_	_
726-4	BOI003	726	726	4	anni	anni	_	_	_	_	_	linguistic	_	none	_	_	_	_	_	_
726-5	BOI003	726	726	5	mi	mi	_	_	_	_	_	linguistic	_	none	_	_	_	_	_	_
726-6	BOI003	726	726	6	sembra	sembra	_	_	_	_	_	linguistic	_	none	_	_	_	_	_	_
726-7	BOI003	726	726	7	invece	invece	_	_	_	_	_	linguistic	_	none	_	_	_	_	_	_
726-8	BOI003	726	726	8	che	che	_	_	_	_	_	linguistic	_	none	_	_	_	_	_	_
726-9	BOI003	726	726	9	la	la	_	_	_	_	_	linguistic	_	none	_	_	_	_	_	_
726-10	BOI003	726	726	10	saltiamo	saltiamo	_	_	_	_	_	linguistic	_	none	_	_	_	_	_	_
726-11	BOI003	726	726	11	spesso	spesso	_	_	_	_	_	linguistic	_	none	_	_	_	_	_	_
726-12	BOI003	726	726	12	ecco	ecco	_	_	_	_	_	linguistic	_	none	_	_	_	_	_	_
726-13	BOI003	726	726	13	che	che	_	_	_	_	_	linguistic	_	none	_	_	_	_	_	_
726-14	BOI003	726	726	14	non	non	_	_	_	_	_	linguistic	_	none	_	_	_	_	_	_
726-15	BOI003	726	726	15	nevica	nevica	_	_	_	_	_	linguistic	_	none	_	_	_	_	_	_
726-16	BOI003	726	726	16	più	più	_	_	_	_	_	linguistic	_	none	_	End=2082.687	_	_	_	_
727-0	BOR001	727	727	0	sì	sì	_	_	_	_	_	linguistic	_	none	_	Begin=2082.78	_	_	_	_
727-1	BOR001	727	727	1	sì	sì	_	_	_	_	_	linguistic	_	none	_	End=2083.26	_	_	_	_
728-0	BOR001	728	728	0	okay	okay	_	_	_	_	_	linguistic	_	none	_	Begin=2083.38|End=2083.86	_	_	_	_
729-0	BOR001	729	729	0	e	e	_	_	_	_	_	linguistic	_	none	_	Begin=2084.367	_	_	_	_
729-1	BOR001	729	729	1	comunque:	comunque	_	_	_	_	_	linguistic	_	none	_	End=2085.36	7x1	_	_	_
730-0	BOR001	730	730	0	niente	niente	_	_	_	_	_	linguistic	_	none	_	Begin=2085.687	_	_	_	_
730-1	BOR001	730	730	1	nonostante	nonostante	_	_	_	_	_	linguistic	_	none	_	End=2086.92	_	_	_	_
731-0	BOR001	731	731	0	(in)somma	insomma	_	_	_	_	_	linguistic	_	none	_	Begin=2087.34|End=2087.827	_	_	0-2(0)	_
732-0	BOR001	732	732	0	considerando	considerando	_	_	_	_	_	linguistic	_	none	_	Begin=2088.44	_	_	_	_
732-1	BOR001	732	732	1	tutto::	tutto	_	_	_	_	_	linguistic	_	none	_	End=2090.467	4x2	_	_	_
733-0	BOR001	733	733	0	e:h	eh	_	_	_	_	_	linguistic	_	none	_	Begin=2091.585	0x1	_	_	_
733-1	BOR001	733	733	1	così	così	_	_	_	_	_	linguistic	_	none	_	End=2092.279	_	_	_	_
734-0	BOR001	734	734	0	il	il	_	_	_	_	_	linguistic	_	none	_	Begin=2092.5	_	_	_	_
734-1	BOR001	734	734	1	traffico	traffico	_	_	_	_	_	linguistic	_	none	_	_	_	_	_	_
734-2	BOR001	734	734	2	le	le	_	_	_	_	_	linguistic	_	none	_	End=2093.907	_	_	_	_
735-0	BOR001	735	735	0	le	le	_	_	_	_	_	linguistic	_	none	_	Begin=2094.04	_	_	_	_
735-1	BOR001	735	735	1	cose	cose	_	_	_	_	_	linguistic	_	none	_	_	_	_	_	_
735-2	BOR001	735	735	2	eccetera	eccetera	_	_	_	_	_	linguistic	_	none	_	End=2095.219	_	_	_	_
736-0	BOR001	736	736	0	tu	tu	_	_	_	_	_	linguistic	_	none	_	Begin=2095.714	_	_	_	_
736-1	BOR001	736	736	1	comunque	comunque	_	_	_	_	_	linguistic	_	none	_	End=2096.5	_	_	_	_
737-0	BOR001	737	737	0	ami	ami	_	_	_	_	_	linguistic	_	none	_	Begin=2097.766	_	_	_	_
737-1	BOR001	737	737	1	bologna	bologna	_	_	_	_	_	linguistic	_	none	_	_	_	_	_	_
737-2	BOR001	737	737	2	[vuoi	vuoi	_	_	_	_	_	linguistic	_	none	_	_	_	_	_	0-4(150)
737-3	BOR001	737	737	3	restare]	restare	_	_	_	_	_	linguistic	_	none	_	_	_	_	_	0-7(150)
737-4	BOR001	737	737	4	qua	qua	_	_	_	_	_	linguistic	_	none	_	_	_	_	_	_
737-5	BOR001	737	737	5	[xx]	xx	_	_	_	_	_	unknown	_	none	Syllables=2	End=2099.654	_	_	_	0-2(151)
738-0	BOI003	738	738	0	[sì]	sì	_	_	_	_	_	linguistic	_	none	_	Begin=2098.44|End=2099.027	_	_	_	0-2(150)
739-0	BOI003	739	739	0	[sì]	sì	_	_	_	_	_	linguistic	_	none	_	Begin=2099.267|End=2099.654	_	_	_	0-2(151)
740-0	BOR001	740	740	0	c(io)é	cioé	_	_	_	_	_	linguistic	_	none	Reduced=Yes	Begin=2099.767	_	_	_	_
740-1	BOR001	740	740	1	vivi	vivi	_	_	_	_	_	linguistic	_	none	_	_	_	_	_	_
740-2	BOR001	740	740	2	bene	bene	_	_	_	_	_	linguistic	_	none	_	_	_	_	_	_
740-3	BOR001	740	740	3	in	in	_	_	_	_	_	linguistic	_	none	_	_	_	_	_	_
740-4	BOR001	740	740	4	questa	questa	_	_	_	_	_	linguistic	_	none	_	_	_	_	_	_
740-5	BOR001	740	740	5	città	città	_	_	_	_	_	linguistic	_	none	_	_	_	_	_	_
740-6	BOR001	740	740	6	non	non	_	_	_	_	_	linguistic	_	none	_	_	_	_	_	_
740-7	BOR001	740	740	7	è	è	_	_	_	_	_	linguistic	_	none	_	_	_	_	_	_
740-8	BOR001	740	740	8	[che	che	_	_	_	_	_	linguistic	_	none	_	_	_	_	_	0-3(152)
740-9	BOR001	740	740	9	hai	hai	_	_	_	_	_	linguistic	_	none	_	_	_	_	_	0-3(152)
740-10	BOR001	740	740	10	mai]	mai	_	_	_	_	_	linguistic	_	none	_	_	_	_	_	0-3(152)
740-11	BOR001	740	740	11	pensato	pensato	_	_	_	_	_	linguistic	_	none	_	_	_	_	_	_
740-12	BOR001	740	740	12	di	di	_	_	_	_	_	linguistic	_	none	_	_	_	_	_	_
740-13	BOR001	740	740	13	cambiare	cambiare	_	_	_	_	_	linguistic	_	none	_	_	_	_	_	_
740-14	BOR001	740	740	14	perché:	perché	_	_	_	_	_	linguistic	_	none	_	End=2104.342	5x1	_	_	_
741-0	BOI003	741	741	0	[°sì°]	sì	_	_	_	_	_	linguistic	_	none	Volume=low	Begin=2101.794|End=2102.387	_	_	_	0-2(152)
742-0	BOI003	742	742	0	no	no	_	_	_	_	_	linguistic	_	none	_	Begin=2105.28	_	_	_	_
742-1	BOI003	742	742	1	[e:h]	eh	_	_	_	_	_	linguistic	_	none	_	End=2105.98	0x1	_	_	0-2(153)
743-0	BOR001	743	743	0	[ti	ti	_	_	_	_	_	linguistic	_	none	_	Begin=2105.474	_	_	_	0-2(153)
743-1	BOR001	743	743	1	sei	sei	_	_	_	_	_	linguistic	_	none	_	_	_	_	_	0-3(153)
743-2	BOR001	743	743	2	s]tancata	stancata	_	_	_	_	_	linguistic	_	none	_	_	_	_	_	0-1(153)
743-3	BOR001	743	743	3	magari	magari	_	_	_	_	_	linguistic	_	none	_	End=2107.2	_	_	_	_
744-0	BOR001	744	744	0	non	non	_	_	_	_	_	linguistic	_	none	_	Begin=2107.414	_	_	_	_
744-1	BOR001	744	744	1	lo	lo	_	_	_	_	_	linguistic	_	none	_	_	_	_	_	_
744-2	BOR001	744	744	2	so	so	_	_	_	_	_	linguistic	_	none	_	End=2107.9	_	_	_	_
745-0	BOI003	745	745	0	[no]	no	_	_	_	_	_	linguistic	_	none	_	Begin=2108.3|End=2108.907	_	_	_	0-2(154)
746-0	BOR001	746	746	0	[del	del	_	_	_	_	_	linguistic	_	none	_	Begin=2108.3	_	_	_	0-3(154)
746-1	BOR001	746	746	1	traffi]co	traffico	_	_	_	_	_	linguistic	_	none	_	_	_	_	_	0-6(154)
746-2	BOR001	746	746	2	del	del	_	_	_	_	_	linguistic	_	none	_	End=2109.694	_	_	_	_
747-0	BOI003	747	747	0	beh	beh	_	_	_	_	_	linguistic	_	none	_	Begin=2110.68	_	_	_	_
747-1	BOI003	747	747	1	si	si	_	_	_	_	_	linguistic	_	none	_	_	_	_	_	_
747-2	BOI003	747	747	2	a	a	_	_	_	_	_	linguistic	_	none	_	_	_	_	_	_
747-3	BOI003	747	747	3	volte:	volte	_	_	_	_	_	linguistic	_	none	_	_	4x1	_	_	_
747-4	BOI003	747	747	4	quado	quado	_	_	_	_	_	linguistic	_	none	_	_	_	_	_	_
747-5	BOI003	747	747	5	sei	sei	_	_	_	_	_	linguistic	_	none	_	_	_	_	_	_
747-6	BOI003	747	747	6	nel	nel	_	_	_	_	_	linguistic	_	none	_	_	_	_	_	_
747-7	BOI003	747	747	7	mezzo	mezzo	_	_	_	_	_	linguistic	_	none	_	_	_	_	_	_
747-8	BOI003	747	747	8	((ride))	((ride))	_	_	_	_	_	nonverbalbehavior	_	none	_	_	_	_	_	_
747-9	BOI003	747	747	9	del	del	_	_	_	_	_	linguistic	_	none	_	_	_	_	_	_
747-10	BOI003	747	747	10	traffico	traffico	_	_	_	_	_	linguistic	_	none	_	End=2114.585	_	_	_	_
748-0	BOR001	748	748	0	((ride))	((ride))	_	_	_	_	_	nonverbalbehavior	_	none	_	Begin=2113.394|End=2114.204	_	_	_	_
749-0	BOI003	749	749	0	direi	direi	_	_	_	_	_	linguistic	_	none	_	Begin=2114.82	_	_	_	_
749-1	BOI003	749	749	1	[xxxx]	xxxx	_	_	_	_	_	unknown	_	none	Syllables=4	End=2115.84	_	_	_	0-4(155)
750-0	BOR001	750	750	0	[pensieri	pensieri	_	_	_	_	_	linguistic	_	none	_	Begin=2115.027	_	_	_	0-8(155)
750-1	BOR001	750	750	1	tempora]nei	temporanei	_	_	_	_	_	linguistic	_	none	_	End=2116.08	_	_	_	0-7(155)
751-0	BOI003	751	751	0	preferirei	preferirei	_	_	_	_	_	linguistic	_	none	_	Begin=2116.087	_	_	_	_
751-1	BOI003	751	751	1	((ride))	((ride))	_	_	_	_	_	nonverbalbehavior	_	none	_	_	_	_	_	_
751-2	BOI003	751	751	2	essere	essere	_	_	_	_	_	linguistic	_	none	_	_	_	_	_	_
751-3	BOI003	751	751	3	da	da	_	_	_	_	_	linguistic	_	none	_	_	_	_	_	_
751-4	BOI003	751	751	4	un'	un'	_	_	_	_	_	linguistic	_	none	SpaceAfter=No	_	_	_	_	_
751-5	BOI003	751	751	5	altra	altra	_	_	_	_	_	linguistic	_	none	_	_	_	_	_	_
751-6	BOI003	751	751	6	parte:	parte	_	_	_	_	_	linguistic	_	none	_	_	4x1	_	_	_
751-7	BOI003	751	751	7	così	così	_	_	_	_	_	linguistic	_	none	_	End=2119.714	_	_	_	_
752-0	BOI003	752	752	0	però	però	_	_	_	_	_	linguistic	_	none	_	Begin=2120.02	_	_	_	_
752-1	BOI003	752	752	1	tutto	tutto	_	_	_	_	_	linguistic	_	none	_	_	_	_	_	_
752-2	BOI003	752	752	2	sommato	sommato	_	_	_	_	_	linguistic	_	none	_	_	_	_	_	_
752-3	BOI003	752	752	3	mettendo	mettendo	_	_	_	_	_	linguistic	_	none	_	_	_	_	_	_
752-4	BOI003	752	752	4	insieme	insieme	_	_	_	_	_	linguistic	_	none	_	_	_	_	_	_
752-5	BOI003	752	752	5	tutte	tutte	_	_	_	_	_	linguistic	_	none	_	_	_	_	_	_
752-6	BOI003	752	752	6	le	le	_	_	_	_	_	linguistic	_	none	_	_	_	_	_	_
752-7	BOI003	752	752	7	cose	cose	_	_	_	_	_	linguistic	_	none	_	_	_	_	_	_
752-8	BOI003	752	752	8	negative	negative	_	_	_	_	_	linguistic	_	none	_	_	_	_	_	_
752-9	BOI003	752	752	9	e	e	_	_	_	_	_	linguistic	_	none	_	_	_	_	_	_
752-10	BOI003	752	752	10	positive:	positive	_	_	_	_	_	linguistic	_	none	_	_	7x1	_	_	_
752-11	BOI003	752	752	11	mi	mi	_	_	_	_	_	linguistic	_	none	_	_	_	_	_	_
752-12	BOI003	752	752	12	piace	piace	_	_	_	_	_	linguistic	_	none	_	_	_	_	_	_
752-13	BOI003	752	752	13	ecco	ecco	_	_	_	_	_	linguistic	_	none	_	End=2126.827	_	_	_	_
753-0	BOI003	753	753	0	mi	mi	_	_	_	_	_	linguistic	_	none	_	Begin=2127.347	_	_	_	_
753-1	BOI003	753	753	1	piace	piace	_	_	_	_	_	linguistic	_	none	_	_	_	_	_	_
753-2	BOI003	753	753	2	ritorn~	ritorn~	_	_	_	_	_	linguistic	_	none	Interrupted=Yes	_	_	_	_	_
753-3	BOI003	753	753	3	c(io)é	cioé	_	_	_	_	_	linguistic	_	none	Reduced=Yes	_	_	_	_	_
753-4	BOI003	753	753	4	mi	mi	_	_	_	_	_	linguistic	_	none	_	_	_	_	_	_
753-5	BOI003	753	753	5	piacerebbe	piacerebbe	_	_	_	_	_	linguistic	_	none	_	_	_	_	_	_
753-6	BOI003	753	753	6	vedere	vedere	_	_	_	_	_	linguistic	_	none	_	_	_	_	_	_
753-7	BOI003	753	753	7	tanti	tanti	_	_	_	_	_	linguistic	_	none	_	_	_	_	_	_
753-8	BOI003	753	753	8	altri	altri	_	_	_	_	_	linguistic	_	none	_	_	_	_	_	_
753-9	BOI003	753	753	9	posti	posti	_	_	_	_	_	linguistic	_	none	_	_	_	_	_	_
753-10	BOI003	753	753	10	però	però	_	_	_	_	_	linguistic	_	none	_	_	_	_	_	_
753-11	BOI003	753	753	11	poi	poi	_	_	_	_	_	linguistic	_	none	_	_	_	_	_	_
753-12	BOI003	753	753	12	mi	mi	_	_	_	_	_	linguistic	_	none	_	_	_	_	_	_
753-13	BOI003	753	753	13	piace	piace	_	_	_	_	_	linguistic	_	none	_	_	_	_	_	_
753-14	BOI003	753	753	14	ritornare	ritornare	_	_	_	_	_	linguistic	_	none	_	_	_	_	_	_
753-15	BOI003	753	753	15	qua	qua	_	_	_	_	_	linguistic	_	none	_	_	_	_	_	_
753-16	BOI003	753	753	16	ecco	ecco	_	_	_	_	_	linguistic	_	none	_	End=2132.307	_	_	_	_
754-0	BOR001	754	754	0	questa	questa	_	_	_	_	_	linguistic	_	none	_	Begin=2132.474	_	_	_	_
754-1	BOR001	754	754	1	è	è	_	_	_	_	_	linguistic	_	none	_	_	_	_	_	_
754-2	BOR001	754	754	2	[cas~]	cas~	_	_	_	_	_	linguistic	_	none	Interrupted=Yes	End=2133.507	_	_	_	0-4(156)
755-0	BOI003	755	755	0	[che	che	_	_	_	_	_	linguistic	_	none	_	Begin=2133.094	_	_	_	0-3(156)
755-1	BOI003	755	755	1	ancora]	ancora	_	_	_	_	_	linguistic	_	none	_	_	_	_	_	0-6(156)
755-2	BOI003	755	755	2	esatto	esatto	_	_	_	_	_	linguistic	_	none	_	_	_	_	_	_
755-3	BOI003	755	755	3	secondo	secondo	_	_	_	_	_	linguistic	_	none	_	_	_	_	_	_
755-4	BOI003	755	755	4	me	me	_	_	_	_	_	linguistic	_	none	_	End=2135.327	_	_	_	_
756-0	BOI003	756	756	0	e::hm	ehm	_	_	_	_	_	linguistic	_	none	_	Begin=2135.754	0x2	_	_	_
756-1	BOI003	756	756	1	visto	visto	_	_	_	_	_	linguistic	_	none	_	_	_	_	_	_
756-2	BOI003	756	756	2	che	che	_	_	_	_	_	linguistic	_	none	_	_	_	_	_	_
756-3	BOI003	756	756	3	un	un	_	_	_	_	_	linguistic	_	none	_	_	_	_	_	_
756-4	BOI003	756	756	4	po'	po'	_	_	_	_	_	linguistic	_	none	_	_	_	_	_	_
756-5	BOI003	756	756	5	è	è	_	_	_	_	_	linguistic	_	none	_	_	_	_	_	_
756-6	BOI003	756	756	6	anche	anche	_	_	_	_	_	linguistic	_	none	_	_	_	_	_	_
756-7	BOI003	756	756	7	il	il	_	_	_	_	_	linguistic	_	none	_	_	_	_	_	_
756-8	BOI003	756	756	8	mondo	mondo	_	_	_	_	_	linguistic	_	none	_	_	_	_	_	_
756-9	BOI003	756	756	9	che	che	_	_	_	_	_	linguistic	_	none	_	_	_	_	_	_
756-10	BOI003	756	756	10	è	è	_	_	_	_	_	linguistic	_	none	_	_	_	_	_	_
756-11	BOI003	756	756	11	cambiato	cambiato	_	_	_	_	_	linguistic	_	none	_	End=2139.45	_	_	_	_
757-0	BOI003	757	757	0	eh	eh	_	_	_	_	_	linguistic	_	none	_	Begin=2139.585	_	_	_	_
757-1	BOI003	757	757	1	qua	qua	_	_	_	_	_	linguistic	_	none	_	_	_	_	_	_
757-2	BOI003	757	757	2	c'	c'	_	_	_	_	_	linguistic	_	none	SpaceAfter=No	_	_	_	_	_
757-3	BOI003	757	757	3	é	é	_	_	_	_	_	linguistic	_	none	_	_	_	_	_	_
757-4	BOI003	757	757	4	ancora:	ancora	_	_	_	_	_	linguistic	_	none	_	_	5x1	_	_	_
757-5	BOI003	757	757	5	diciamo	diciamo	_	_	_	_	_	linguistic	_	none	_	_	_	_	_	_
757-6	BOI003	757	757	6	una	una	_	_	_	_	_	linguistic	_	none	_	_	_	_	_	_
757-7	BOI003	757	757	7	via	via	_	_	_	_	_	linguistic	_	none	_	_	_	_	_	_
757-8	BOI003	757	757	8	di	di	_	_	_	_	_	linguistic	_	none	_	_	_	_	_	_
757-9	BOI003	757	757	9	mezzo	mezzo	_	_	_	_	_	linguistic	_	none	_	_	_	_	_	_
757-10	BOI003	757	757	10	di	di	_	_	_	_	_	linguistic	_	none	_	_	_	_	_	_
757-11	BOI003	757	757	11	una	una	_	_	_	_	_	linguistic	_	none	_	_	_	_	_	_
757-12	BOI003	757	757	12	città	città	_	_	_	_	_	linguistic	_	none	_	_	_	_	_	_
757-13	BOI003	757	757	13	che	che	_	_	_	_	_	linguistic	_	none	_	_	_	_	_	_
757-14	BOI003	757	757	14	non	non	_	_	_	_	_	linguistic	_	none	_	_	_	_	_	_
757-15	BOI003	757	757	15	è	è	_	_	_	_	_	linguistic	_	none	_	_	_	_	_	_
757-16	BOI003	757	757	16	una	una	_	_	_	_	_	linguistic	_	none	_	_	_	_	_	_
757-17	BOI003	757	757	17	metropoli	metropoli	_	_	_	_	_	linguistic	_	none	_	End=2145.02	_	_	_	_
758-0	BOI003	758	758	0	però	però	_	_	_	_	_	linguistic	_	none	_	Begin=2145.84	_	_	_	_
758-1	BOI003	758	758	1	non	non	_	_	_	_	_	linguistic	_	none	_	_	_	_	_	_
758-2	BOI003	758	758	2	è	è	_	_	_	_	_	linguistic	_	none	_	_	_	_	_	_
758-3	BOI003	758	758	3	nenche	nenche	_	_	_	_	_	linguistic	_	none	_	_	_	_	_	_
758-4	BOI003	758	758	4	un	un	_	_	_	_	_	linguistic	_	none	_	_	_	_	_	_
758-5	BOI003	758	758	5	paese	paese	_	_	_	_	_	linguistic	_	none	_	_	_	_	_	_
758-6	BOI003	758	758	6	°ecco	ecco	_	_	_	_	_	linguistic	_	none	Volume=low	_	_	_	_	_
758-7	BOI003	758	758	7	infat[ti°]	infatti	_	_	_	_	_	linguistic	_	none	Volume=low	End=2148.694	_	_	_	5-7(157)
759-0	BOR001	759	759	0	[°mhmh°]	mhmh	_	_	_	_	_	linguistic	_	none	Volume=low	Begin=2148.147|End=2148.674	_	_	_	0-4(157)
760-0	BOR001	760	760	0	°okay	okay	_	_	_	_	_	linguistic	_	none	Volume=low	Begin=2149.02	_	_	_	_
760-1	BOR001	760	760	1	okay°	okay	_	_	_	_	_	linguistic	_	none	Volume=low	End=2150.02	_	_	_	_
761-0	BOR001	761	761	0	grazie	grazie	_	_	_	_	_	linguistic	_	none	_	Begin=2151.585	_	_	_	_
761-1	BOR001	761	761	1	[è	è	_	_	_	_	_	linguistic	_	none	_	_	_	_	_	0-1(158)
761-2	BOR001	761	761	2	stato	stato	_	_	_	_	_	linguistic	_	none	_	_	_	_	_	0-5(158)
761-3	BOR001	761	761	3	molto	molto	_	_	_	_	_	linguistic	_	none	_	_	_	_	_	0-5(158)
761-4	BOR001	761	761	4	interessante]	interessante	_	_	_	_	_	linguistic	_	none	_	End=2153.929	_	_	_	0-12(158)
762-0	BOI003	762	762	0	[ma	ma	_	_	_	_	_	linguistic	_	none	_	Begin=2152.13	_	_	_	0-2(158)
762-1	BOI003	762	762	1	dai	dai	_	_	_	_	_	linguistic	_	none	_	_	_	_	_	0-3(158)
762-2	BOI003	762	762	2	niente	niente	_	_	_	_	_	linguistic	_	none	_	_	_	_	_	0-6(158)
762-3	BOI003	762	762	3	abbiamo	abbiamo	_	_	_	_	_	linguistic	_	none	_	_	_	_	_	0-7(158)
762-4	BOI003	762	762	4	finito]	finito	_	_	_	_	_	linguistic	_	none	_	End=2153.929	_	_	_	0-6(158)
