token_id	speaker	tu_id	id	span	form	lemma	upos	xpos	feats	deprel	type	meta_label	code-variation	jefferson_feats	align	prolongations	pace	guesses	overlaps
0-0	BOR001	0	0	okay	okay	_	_	_	_	_	linguistic	_	ContainsVariation=No	_	Begin=0.64	_	_	_	_
0-1	BOR001	0	1	così	così	_	_	_	_	_	linguistic	_	ContainsVariation=No	_	_	_	_	_	_
0-2	BOR001	0	2	si	si	_	_	_	_	_	linguistic	_	ContainsVariation=No	_	_	_	_	_	_
0-3	BOR001	0	3	dovrebbero	dovrebbero	_	_	_	_	_	linguistic	_	ContainsVariation=No	_	_	_	_	_	_
0-4	BOR001	0	4	sentire:	sentire	_	_	_	_	_	linguistic	_	ContainsVariation=No	PauseAfter=Yes	_	6x1	_	_	_
0-5	BOR001	0	5	(.)	(.)	_	_	_	_	_	shortpause	_	ContainsVariation=No	_	_	_	_	_	_
0-6	BOR001	0	6	entrambe	entrambe	_	_	_	_	_	linguistic	_	ContainsVariation=No	_	_	_	_	_	_
0-7	BOR001	0	7	le	le	_	_	_	_	_	linguistic	_	ContainsVariation=No	_	_	_	_	_	_
0-8	BOR001	0	8	voci	voci	_	_	_	_	_	linguistic	_	ContainsVariation=No	_	End=3.6	_	_	_	_
1-0	BOI029	1	0	bene	bene	_	_	_	_	_	linguistic	_	ContainsVariation=No	_	Begin=3.63	_	_	_	_
1-1	BOI029	1	1	((ride))	((ride))	_	_	_	_	_	nonverbalbehavior	_	ContainsVariation=No	_	End=4.736	_	_	_	_
2-0	BOR001	2	0	e::hm	ehm	_	_	_	_	_	linguistic	_	ContainsVariation=No	_	Begin=4.76|End=5.453	0x2	_	_	_
3-0	BOR001	3	0	NO	no	_	_	_	_	_	linguistic	_	ContainsVariation=No	Volume=high	Begin=5.57	_	_	_	_
3-1	BOR001	3	1	in	in	_	_	_	_	_	linguistic	_	ContainsVariation=No	_	_	_	_	_	_
3-2	BOR001	3	2	realtà	realtà	_	_	_	_	_	linguistic	_	ContainsVariation=No	_	_	_	_	_	_
3-3	BOR001	3	3	beh	beh	_	_	_	_	_	linguistic	_	ContainsVariation=No	_	_	_	_	_	_
3-4	BOR001	3	4	e::hm	ehm	_	_	_	_	_	linguistic	_	ContainsVariation=No	_	_	0x2	_	_	_
3-5	BOR001	3	5	al~	al~	_	_	_	_	_	linguistic	_	ContainsVariation=No	Interrupted=Yes	_	_	_	_	_
3-6	BOR001	3	6	>inizialmente	inizialmente	_	_	_	_	_	linguistic	_	ContainsVariation=No	_	_	_	Fast=0-12(0)	_	_
3-7	BOR001	3	7	volevo	volevo	_	_	_	_	_	linguistic	_	ContainsVariation=No	_	_	_	Fast=0-6(0)	_	_
3-8	BOR001	3	8	chiedere	chiedere	_	_	_	_	_	linguistic	_	ContainsVariation=No	_	_	_	Fast=0-8(0)	_	_
3-9	BOR001	3	9	ma<	ma	_	_	_	_	_	linguistic	_	ContainsVariation=No	_	_	_	Fast=0-2(0)	_	_
3-10	BOR001	3	10	e:hm	ehm	_	_	_	_	_	linguistic	_	ContainsVariation=No	_	End=9.33	0x1	_	_	_
4-0	BOR001	4	0	me	me	_	_	_	_	_	linguistic	_	ContainsVariation=No	_	Begin=9.37	_	_	_	_
4-1	BOR001	4	1	l'	l'	_	_	_	_	_	linguistic	_	ContainsVariation=No	SpaceAfter=No	_	_	_	_	_
4-2	BOR001	4	2	ha	ha	_	_	_	_	_	linguistic	_	ContainsVariation=No	_	_	_	_	_	_
4-3	BOR001	4	3	già	già	_	_	_	_	_	linguistic	_	ContainsVariation=No	_	_	_	_	_	_
4-4	BOR001	4	4	detto:	detto	_	_	_	_	_	linguistic	_	ContainsVariation=No	_	_	4x1	_	_	_
4-5	BOR001	4	5	da	da	_	_	_	_	_	linguistic	_	ContainsVariation=No	_	_	_	_	_	_
4-6	BOR001	4	6	quanto	quanto	_	_	_	_	_	linguistic	_	ContainsVariation=No	_	_	_	_	_	_
4-7	BOR001	4	7	tempo	tempo	_	_	_	_	_	linguistic	_	ContainsVariation=No	_	_	_	_	_	_
4-8	BOR001	4	8	era	era	_	_	_	_	_	linguistic	_	ContainsVariation=No	_	_	_	_	_	_
4-9	BOR001	4	9	che	che	_	_	_	_	_	linguistic	_	ContainsVariation=No	PauseAfter=Yes	_	_	_	_	_
4-10	BOR001	4	10	(.)	(.)	_	_	_	_	_	shortpause	_	ContainsVariation=No	_	_	_	_	_	_
4-11	BOR001	4	11	questa	questa	_	_	_	_	_	linguistic	_	ContainsVariation=No	_	_	_	_	_	_
4-12	BOR001	4	12	scuola	scuola	_	_	_	_	_	linguistic	_	ContainsVariation=No	_	_	_	_	_	_
4-13	BOR001	4	13	>cioè	cioè	_	_	_	_	_	linguistic	_	ContainsVariation=No	_	_	_	Fast=0-4(0)	_	_
4-14	BOR001	4	14	comunque<	comunque	_	_	_	_	_	linguistic	_	ContainsVariation=No	_	_	_	Fast=0-8(0)	_	_
4-15	BOR001	4	15	che	che	_	_	_	_	_	linguistic	_	ContainsVariation=No	_	_	_	_	_	_
4-16	BOR001	4	16	voi	voi	_	_	_	_	_	linguistic	_	ContainsVariation=No	_	_	_	_	_	_
4-17	BOR001	4	17	collaboravate	collaboravate	_	_	_	_	_	linguistic	_	ContainsVariation=No	_	_	_	_	_	_
4-18	BOR001	4	18	con	con	_	_	_	_	_	linguistic	_	ContainsVariation=No	_	_	_	_	_	_
4-19	BOR001	4	19	anpi,	anpi	_	_	_	_	_	linguistic	_	ContainsVariation=No	Intonation=WeaklyRising	End=15.5	_	_	_	_
5-0	BOR001	5	0	e	e	_	_	_	_	_	linguistic	_	ContainsVariation=No	_	Begin=15.691	_	_	_	_
5-1	BOR001	5	1	come	come	_	_	_	_	_	linguistic	_	ContainsVariation=No	_	_	_	_	_	_
5-2	BOR001	5	2	era	era	_	_	_	_	_	linguistic	_	ContainsVariation=No	_	_	_	_	_	_
5-3	BOR001	5	3	nata	nata	_	_	_	_	_	linguistic	_	ContainsVariation=No	_	_	_	_	_	_
5-4	BOR001	5	4	questa	questa	_	_	_	_	_	linguistic	_	ContainsVariation=No	_	_	_	_	_	_
5-5	BOR001	5	5	collaborazione	collaborazione	_	_	_	_	_	linguistic	_	ContainsVariation=No	_	_	_	_	_	_
5-6	BOR001	5	6	però	però	_	_	_	_	_	linguistic	_	ContainsVariation=No	PauseAfter=Yes	_	_	_	_	_
5-7	BOR001	5	7	(.)	(.)	_	_	_	_	_	shortpause	_	ContainsVariation=No	_	_	_	_	_	_
5-8	BOR001	5	8	da	da	_	_	_	_	_	linguistic	_	ContainsVariation=No	_	_	_	_	_	_
5-9	BOR001	5	9	quello	quello	_	_	_	_	_	linguistic	_	ContainsVariation=No	_	_	_	_	_	_
5-10	BOR001	5	10	che	che	_	_	_	_	_	linguistic	_	ContainsVariation=No	_	_	_	_	_	_
5-11	BOR001	5	11	ho	ho	_	_	_	_	_	linguistic	_	ContainsVariation=No	_	_	_	_	_	_
5-12	BOR001	5	12	capito	capito	_	_	_	_	_	linguistic	_	ContainsVariation=No	_	_	_	_	_	_
5-13	BOR001	5	13	era	era	_	_	_	_	_	linguistic	_	ContainsVariation=No	_	_	_	_	_	_
5-14	BOR001	5	14	già:	già	_	_	_	_	_	linguistic	_	ContainsVariation=No	_	End=19.7	2x1	_	_	_
6-0	BOI029	6	0	allora	allora	_	_	_	_	_	linguistic	_	ContainsVariation=No	_	Begin=19.78	_	_	_	_
6-1	BOI029	6	1	era	era	_	_	_	_	_	linguistic	_	ContainsVariation=No	_	_	_	_	_	_
6-2	BOI029	6	2	già	già	_	_	_	_	_	linguistic	_	ContainsVariation=No	_	_	_	_	_	_
6-3	BOI029	6	3	<attiva>	attiva	_	_	_	_	_	linguistic	_	ContainsVariation=No	_	_	_	Slow=0-6(0)	_	_
6-4	BOI029	6	4	quando	quando	_	_	_	_	_	linguistic	_	ContainsVariation=No	_	_	_	_	_	_
6-5	BOI029	6	5	io	io	_	_	_	_	_	linguistic	_	ContainsVariation=No	_	_	_	_	_	_
6-6	BOI029	6	6	sono	sono	_	_	_	_	_	linguistic	_	ContainsVariation=No	_	_	_	_	_	_
6-7	BOI029	6	7	arrivata	arrivata	_	_	_	_	_	linguistic	_	ContainsVariation=No	_	_	_	_	_	_
6-8	BOI029	6	8	io	io	_	_	_	_	_	linguistic	_	ContainsVariation=No	_	_	_	_	_	_
6-9	BOI029	6	9	son	son	_	_	_	_	_	linguistic	_	ContainsVariation=No	_	_	_	_	_	_
6-10	BOI029	6	10	sette	sette	_	_	_	_	_	linguistic	_	ContainsVariation=No	_	_	_	_	_	_
6-11	BOI029	6	11	anni	anni	_	_	_	_	_	linguistic	_	ContainsVariation=No	_	_	_	_	_	_
6-12	BOI029	6	12	che	che	_	_	_	_	_	linguistic	_	ContainsVariation=No	_	_	_	_	_	_
6-13	BOI029	6	13	sono	sono	_	_	_	_	_	linguistic	_	ContainsVariation=No	_	_	_	_	_	_
6-14	BOI029	6	14	in	in	_	_	_	_	_	linguistic	_	ContainsVariation=No	_	_	_	_	_	_
6-15	BOI029	6	15	questa	questa	_	_	_	_	_	linguistic	_	ContainsVariation=No	_	_	_	_	_	_
6-16	BOI029	6	16	scuola	scuola	_	_	_	_	_	linguistic	_	ContainsVariation=No	_	_	_	_	_	_
6-17	BOI029	6	17	quindi	quindi	_	_	_	_	_	linguistic	_	ContainsVariation=No	_	_	_	_	_	_
6-18	BOI029	6	18	era	era	_	_	_	_	_	linguistic	_	ContainsVariation=No	_	_	_	_	_	_
6-19	BOI029	6	19	già	già	_	_	_	_	_	linguistic	_	ContainsVariation=No	_	_	_	_	_	_
6-20	BOI029	6	20	da	da	_	_	_	_	_	linguistic	_	ContainsVariation=No	_	_	_	_	_	_
6-21	BOI029	6	21	anni	anni	_	_	_	_	_	linguistic	_	ContainsVariation=No	_	_	_	_	_	_
6-22	BOI029	6	22	precedenti	precedenti	_	_	_	_	_	linguistic	_	ContainsVariation=No	_	End=26.7	_	_	_	_
7-0	BOI029	7	0	e:h	eh	_	_	_	_	_	linguistic	_	ContainsVariation=No	_	Begin=27.14	0x1	_	_	_
7-1	BOI029	7	1	io	io	_	_	_	_	_	linguistic	_	ContainsVariation=No	_	_	_	_	_	_
7-2	BOI029	7	2	credo	credo	_	_	_	_	_	linguistic	_	ContainsVariation=No	_	_	_	_	_	_
7-3	BOI029	7	3	attorno	attorno	_	_	_	_	_	linguistic	_	ContainsVariation=No	_	_	_	_	_	_
7-4	BOI029	7	4	al	al	_	_	_	_	_	linguistic	_	ContainsVariation=No	_	_	_	_	_	_
7-5	BOI029	7	5	duemila	duemila	_	_	_	_	_	linguistic	_	ContainsVariation=No	_	_	_	_	_	_
7-6	BOI029	7	6	e:	e	_	_	_	_	_	linguistic	_	ContainsVariation=No	_	_	0x1	_	_	_
7-7	BOI029	7	7	dieci	dieci	_	_	_	_	_	linguistic	_	ContainsVariation=No	_	_	_	_	_	_
7-8	BOI029	7	8	insomma:	insomma	_	_	_	_	_	linguistic	_	ContainsVariation=No	_	_	6x1	_	_	_
7-9	BOI029	7	9	è	è	_	_	_	_	_	linguistic	_	ContainsVariation=No	_	_	_	_	_	_
7-10	BOI029	7	10	iniziato	iniziato	_	_	_	_	_	linguistic	_	ContainsVariation=No	_	_	_	_	_	_
7-11	BOI029	7	11	questa	questa	_	_	_	_	_	linguistic	_	ContainsVariation=No	_	_	_	_	_	_
7-12	BOI029	7	12	attività	attività	_	_	_	_	_	linguistic	_	ContainsVariation=No	_	End=32.2	_	_	_	_
8-0	BOI029	8	0	e:h	eh	_	_	_	_	_	linguistic	_	ContainsVariation=No	_	Begin=32.703	0x1	_	_	_
8-1	BOI029	8	1	mh	mh	_	_	_	_	_	linguistic	_	ContainsVariation=No	PauseAfter=Yes	_	_	_	_	_
8-2	BOI029	8	2	(.)	(.)	_	_	_	_	_	shortpause	_	ContainsVariation=No	_	_	_	_	_	_
8-3	BOI029	8	3	di	di	_	_	_	_	_	linguistic	_	ContainsVariation=No	_	_	_	_	_	_
8-4	BOI029	8	4	collaborazione	collaborazione	_	_	_	_	_	linguistic	_	ContainsVariation=No	_	_	_	_	_	_
8-5	BOI029	8	5	con	con	_	_	_	_	_	linguistic	_	ContainsVariation=No	_	_	_	_	_	_
8-6	BOI029	8	6	anpi	anpi	_	_	_	_	_	linguistic	_	ContainsVariation=No	_	_	_	_	_	_
8-7	BOI029	8	7	che	che	_	_	_	_	_	linguistic	_	ContainsVariation=No	_	_	_	_	_	_
8-8	BOI029	8	8	di	di	_	_	_	_	_	linguistic	_	ContainsVariation=No	_	_	_	_	_	_
8-9	BOI029	8	9	solito	solito	_	_	_	_	_	linguistic	_	ContainsVariation=No	_	_	_	_	_	_
8-10	BOI029	8	10	però	però	_	_	_	_	_	linguistic	_	ContainsVariation=No	_	_	_	_	_	_
8-11	BOI029	8	11	eh	eh	_	_	_	_	_	linguistic	_	ContainsVariation=No	_	_	_	_	_	_
8-12	BOI029	8	12	fungeva	fungeva	_	_	_	_	_	linguistic	_	ContainsVariation=No	_	_	_	_	_	_
8-13	BOI029	8	13	nella	nella	_	_	_	_	_	linguistic	_	ContainsVariation=No	_	_	_	_	_	_
8-14	BOI029	8	14	partecipazione	partecipazione	_	_	_	_	_	linguistic	_	ContainsVariation=No	_	_	_	_	_	_
8-15	BOI029	8	15	ad	ad	_	_	_	_	_	linguistic	_	ContainsVariation=No	_	_	_	_	_	_
8-16	BOI029	8	16	alcuni	alcuni	_	_	_	_	_	linguistic	_	ContainsVariation=No	_	_	_	_	_	_
8-17	BOI029	8	17	eventi	eventi	_	_	_	_	_	linguistic	_	ContainsVariation=No	_	_	_	_	_	_
8-18	BOI029	8	18	tipo	tipo	_	_	_	_	_	linguistic	_	ContainsVariation=No	_	_	_	_	_	_
8-19	BOI029	8	19	il	il	_	_	_	_	_	linguistic	_	ContainsVariation=No	_	_	_	_	_	_
8-20	BOI029	8	20	giorno	giorno	_	_	_	_	_	linguistic	_	ContainsVariation=No	_	_	_	_	_	_
8-21	BOI029	8	21	della	della	_	_	_	_	_	linguistic	_	ContainsVariation=No	_	_	_	_	_	_
8-22	BOI029	8	22	memoria,	memoria	_	_	_	_	_	linguistic	_	ContainsVariation=No	Intonation=WeaklyRising	_	_	_	_	_
8-23	BOI029	8	23	il	il	_	_	_	_	_	linguistic	_	ContainsVariation=No	_	_	_	_	_	_
8-24	BOI029	8	24	venticinque	venticinque	_	_	_	_	_	linguistic	_	ContainsVariation=No	_	_	_	_	_	_
8-25	BOI029	8	25	aprile,	aprile	_	_	_	_	_	linguistic	_	ContainsVariation=No	Intonation=WeaklyRising	End=42.46	_	_	_	_
9-0	BOI029	9	0	E	e	_	_	_	_	_	linguistic	_	ContainsVariation=No	Volume=high	Begin=43.016	_	_	_	_
9-1	BOI029	9	1	nel	nel	_	_	_	_	_	linguistic	_	ContainsVariation=No	_	_	_	_	_	_
9-2	BOI029	9	2	mh	mh	_	_	_	_	_	linguistic	_	ContainsVariation=No	PauseAfter=Yes	_	_	_	_	_
9-3	BOI029	9	3	(.)	(.)	_	_	_	_	_	shortpause	_	ContainsVariation=No	_	_	_	_	_	_
9-4	BOI029	9	4	nel	nel	_	_	_	_	_	linguistic	_	ContainsVariation=No	_	_	_	_	_	_
9-5	BOI029	9	5	mh	mh	_	_	_	_	_	linguistic	_	ContainsVariation=No	PauseAfter=Yes	_	_	_	_	_
9-6	BOI029	9	6	(.)	(.)	_	_	_	_	_	shortpause	_	ContainsVariation=No	_	_	_	_	_	_
9-7	BOI029	9	7	<a~	a~	_	_	_	_	_	linguistic	_	ContainsVariation=No	Interrupted=Yes	_	_	Slow=0-2(0)	_	_
9-8	BOI029	9	8	a~	a~	_	_	_	_	_	linguistic	_	ContainsVariation=No	Interrupted=Yes	_	_	Slow=0-2(0)	_	_
9-9	BOI029	9	9	accoppiare>	accoppiare	_	_	_	_	_	linguistic	_	ContainsVariation=No	_	_	_	Slow=0-10(0)	_	_
9-10	BOI029	9	10	alcuni	alcuni	_	_	_	_	_	linguistic	_	ContainsVariation=No	_	_	_	_	_	_
9-11	BOI029	9	11	eh	eh	_	_	_	_	_	linguistic	_	ContainsVariation=No	_	_	_	_	_	_
9-12	BOI029	9	12	alcune	alcune	_	_	_	_	_	linguistic	_	ContainsVariation=No	_	_	_	_	_	_
9-13	BOI029	9	13	classi	classi	_	_	_	_	_	linguistic	_	ContainsVariation=No	_	_	_	_	_	_
9-14	BOI029	9	14	ad	ad	_	_	_	_	_	linguistic	_	ContainsVariation=No	_	_	_	_	_	_
9-15	BOI029	9	15	alcuni	alcuni	_	_	_	_	_	linguistic	_	ContainsVariation=No	_	_	_	_	_	_
9-16	BOI029	9	16	movimenti	movimenti	_	_	_	_	_	linguistic	_	ContainsVariation=No	_	End=54.06	_	_	_	_
10-0	BOI029	10	0	che	che	_	_	_	_	_	linguistic	_	ContainsVariation=No	_	Begin=54.35	_	_	_	_
10-1	BOI029	10	1	sostanzialmente	sostanzialmente	_	_	_	_	_	linguistic	_	ContainsVariation=No	_	_	_	_	_	_
10-2	BOI029	10	2	erano	erano	_	_	_	_	_	linguistic	_	ContainsVariation=No	_	_	_	_	_	_
10-3	BOI029	10	3	quellli	quellli	_	_	_	_	_	linguistic	_	ContainsVariation=No	_	_	_	_	_	_
10-4	BOI029	10	4	che	che	_	_	_	_	_	linguistic	_	ContainsVariation=No	_	_	_	_	_	_
10-5	BOI029	10	5	poi	poi	_	_	_	_	_	linguistic	_	ContainsVariation=No	_	_	_	_	_	_
10-6	BOI029	10	6	i	i	_	_	_	_	_	linguistic	_	ContainsVariation=No	_	_	_	_	_	_
10-7	BOI029	10	7	ragazzi	ragazzi	_	_	_	_	_	linguistic	_	ContainsVariation=No	_	_	_	_	_	_
10-8	BOI029	10	8	studiavano	studiavano	_	_	_	_	_	linguistic	_	ContainsVariation=No	_	_	_	_	_	_
10-9	BOI029	10	9	vedevano	vedevano	_	_	_	_	_	linguistic	_	ContainsVariation=No	_	_	_	_	_	_
10-10	BOI029	10	10	e	e	_	_	_	_	_	linguistic	_	ContainsVariation=No	_	_	_	_	_	_
10-11	BOI029	10	11	magari	magari	_	_	_	_	_	linguistic	_	ContainsVariation=No	_	_	_	_	_	_
10-12	BOI029	10	12	veniva	veniva	_	_	_	_	_	linguistic	_	ContainsVariation=No	_	_	_	_	_	_
10-13	BOI029	10	13	fatta	fatta	_	_	_	_	_	linguistic	_	ContainsVariation=No	_	_	_	_	_	_
10-14	BOI029	10	14	un	un	_	_	_	_	_	linguistic	_	ContainsVariation=No	_	_	_	_	_	_
10-15	BOI029	10	15	iniziativa	iniziativa	_	_	_	_	_	linguistic	_	ContainsVariation=No	_	End=60.92	_	_	_	_
11-0	BOR001	11	0	mhmh	mhmh	_	_	_	_	_	linguistic	_	ContainsVariation=No	_	Begin=61.04|End=61.34	_	_	_	_
12-0	BOI029	12	0	e	e	_	_	_	_	_	linguistic	_	ContainsVariation=No	_	Begin=61.43	_	_	_	_
12-1	BOI029	12	1	in~	in~	_	_	_	_	_	linguistic	_	ContainsVariation=No	Interrupted=Yes	_	_	_	_	_
12-2	BOI029	12	2	o	o	_	_	_	_	_	linguistic	_	ContainsVariation=No	_	_	_	_	_	_
12-3	BOI029	12	3	nei	nei	_	_	_	_	_	linguistic	_	ContainsVariation=No	_	_	_	_	_	_
12-4	BOI029	12	4	giorni	giorni	_	_	_	_	_	linguistic	_	ContainsVariation=No	_	_	_	_	_	_
12-5	BOI029	12	5	della	della	_	_	_	_	_	linguistic	_	ContainsVariation=No	_	_	_	_	_	_
12-6	BOI029	12	6	memoria	memoria	_	_	_	_	_	linguistic	_	ContainsVariation=No	_	_	_	_	_	_
12-7	BOI029	12	7	o	o	_	_	_	_	_	linguistic	_	ContainsVariation=No	_	_	_	_	_	_
12-8	BOI029	12	8	nei	nei	_	_	_	_	_	linguistic	_	ContainsVariation=No	_	_	_	_	_	_
12-9	BOI029	12	9	giorni	giorni	_	_	_	_	_	linguistic	_	ContainsVariation=No	_	_	_	_	_	_
12-10	BOI029	12	10	in	in	_	_	_	_	_	linguistic	_	ContainsVariation=No	_	_	_	_	_	_
12-11	BOI029	12	11	cui	cui	_	_	_	_	_	linguistic	_	ContainsVariation=No	_	_	_	_	_	_
12-12	BOI029	12	12	magari::	magari	_	_	_	_	_	linguistic	_	ContainsVariation=No	_	_	5x2	_	_	_
12-13	BOI029	12	13	ricorreva	ricorreva	_	_	_	_	_	linguistic	_	ContainsVariation=No	_	_	_	_	_	_
12-14	BOI029	12	14	quella	quella	_	_	_	_	_	linguistic	_	ContainsVariation=No	_	_	_	_	_	_
12-15	BOI029	12	15	lapide	lapide	_	_	_	_	_	linguistic	_	ContainsVariation=No	_	_	_	_	_	_
12-16	BOI029	12	16	o	o	_	_	_	_	_	linguistic	_	ContainsVariation=No	_	_	_	_	_	_
12-17	BOI029	12	17	quell'	quell'	_	_	_	_	_	linguistic	_	ContainsVariation=No	SpaceAfter=No	_	_	_	_	_
12-18	BOI029	12	18	avvenimento	avvenimento	_	_	_	_	_	linguistic	_	ContainsVariation=No	_	_	_	_	_	_
12-19	BOI029	12	19	i	i	_	_	_	_	_	linguistic	_	ContainsVariation=No	_	_	_	_	_	_
12-20	BOI029	12	20	ragazzi	ragazzi	_	_	_	_	_	linguistic	_	ContainsVariation=No	_	_	_	_	_	_
12-21	BOI029	12	21	facevano	facevano	_	_	_	_	_	linguistic	_	ContainsVariation=No	_	_	_	_	_	_
12-22	BOI029	12	22	qualcosa	qualcosa	_	_	_	_	_	linguistic	_	ContainsVariation=No	_	_	_	_	_	_
12-23	BOI029	12	23	>insomma<	insomma	_	_	_	_	_	linguistic	_	ContainsVariation=No	_	End=71.8	_	Fast=0-7(0)	_	_
13-0	BOI029	13	0	io	io	_	_	_	_	_	linguistic	_	ContainsVariation=No	_	Begin=71.87	_	_	_	_
13-1	BOI029	13	1	personalmente	personalmente	_	_	_	_	_	linguistic	_	ContainsVariation=No	_	_	_	_	_	_
13-2	BOI029	13	2	ho	ho	_	_	_	_	_	linguistic	_	ContainsVariation=No	_	_	_	_	_	_
13-3	BOI029	13	3	fatto	fatto	_	_	_	_	_	linguistic	_	ContainsVariation=No	_	_	_	_	_	_
13-4	BOI029	13	4	l'	l'	_	_	_	_	_	linguistic	_	ContainsVariation=No	SpaceAfter=No	_	_	_	_	_
13-5	BOI029	13	5	infermeria	infermeria	_	_	_	_	_	linguistic	_	ContainsVariation=No	_	_	_	_	_	_
13-6	BOI029	13	6	partigiana	partigiana	_	_	_	_	_	linguistic	_	ContainsVariation=No	_	_	_	_	_	_
13-7	BOI029	13	7	e	e	_	_	_	_	_	linguistic	_	ContainsVariation=No	_	_	_	_	_	_
13-8	BOI029	13	8	in	in	_	_	_	_	_	linguistic	_	ContainsVariation=No	_	_	_	_	_	_
13-9	BOI029	13	9	quell'	quell'	_	_	_	_	_	linguistic	_	ContainsVariation=No	SpaceAfter=No	_	_	_	_	_
13-10	BOI029	13	10	occasione	occasione	_	_	_	_	_	linguistic	_	ContainsVariation=No	_	_	_	_	_	_
13-11	BOI029	13	11	feci	feci	_	_	_	_	_	linguistic	_	ContainsVariation=No	_	_	_	_	_	_
13-12	BOI029	13	12	una	una	_	_	_	_	_	linguistic	_	ContainsVariation=No	_	_	_	_	_	_
13-13	BOI029	13	13	piccola	piccola	_	_	_	_	_	linguistic	_	ContainsVariation=No	_	_	_	_	_	_
13-14	BOI029	13	14	eh	eh	_	_	_	_	_	linguistic	_	ContainsVariation=No	_	_	_	_	_	_
13-15	BOI029	13	15	performance	performance	_	_	_	_	_	linguistic	_	ContainsVariation=No	_	_	_	_	_	_
13-16	BOI029	13	16	neanche	neanche	_	_	_	_	_	linguistic	_	ContainsVariation=No	_	_	_	_	_	_
13-17	BOI029	13	17	uno	uno	_	_	_	_	_	linguistic	_	ContainsVariation=No	_	_	_	_	_	2-3(0)
13-18	BOI029	13	18	[spetta]colo	spettacolo	_	_	_	_	_	linguistic	_	ContainsVariation=No	_	End=80.56	_	_	_	0-5(0)
14-0	BOR001	14	0	[mhmh]	mhmh	_	_	_	_	_	linguistic	_	ContainsVariation=No	_	Begin=79.97|End=80.39	_	_	_	0-4(0)
15-0	BOI029	15	0	perché	perché	_	_	_	_	_	linguistic	_	ContainsVariation=No	_	Begin=80.6	_	_	_	_
15-1	BOI029	15	1	lo	lo	_	_	_	_	_	linguistic	_	ContainsVariation=No	_	_	_	_	_	_
15-2	BOI029	15	2	facemmo	facemmo	_	_	_	_	_	linguistic	_	ContainsVariation=No	_	_	_	_	_	_
15-3	BOI029	15	3	(in	in	_	_	_	_	_	linguistic	_	ContainsVariation=No	_	_	_	_	0-2(0)	_
15-4	BOI029	15	4	casa)	casa	_	_	_	_	_	linguistic	_	ContainsVariation=No	_	_	_	_	0-4(0)	_
15-5	BOI029	15	5	coi	coi	_	_	_	_	_	linguistic	_	ContainsVariation=No	_	_	_	_	_	_
15-6	BOI029	15	6	ragazi	ragazi	_	_	_	_	_	linguistic	_	ContainsVariation=No	_	_	_	_	_	_
15-7	BOI029	15	7	legati	legati	_	_	_	_	_	linguistic	_	ContainsVariation=No	_	_	_	_	_	_
15-8	BOI029	15	8	eh	eh	_	_	_	_	_	linguistic	_	ContainsVariation=No	_	_	_	_	_	_
15-9	BOI029	15	9	legato	legato	_	_	_	_	_	linguistic	_	ContainsVariation=No	_	_	_	_	_	_
15-10	BOI029	15	10	appunto	appunto	_	_	_	_	_	linguistic	_	ContainsVariation=No	_	_	_	_	_	_
15-11	BOI029	15	11	a	a	_	_	_	_	_	linguistic	_	ContainsVariation=No	_	_	_	_	_	_
15-12	BOI029	15	12	quell'	quell'	_	_	_	_	_	linguistic	_	ContainsVariation=No	SpaceAfter=No	_	_	_	_	_
15-13	BOI029	15	13	avvenimento	avvenimento	_	_	_	_	_	linguistic	_	ContainsVariation=No	_	_	_	_	_	_
15-14	BOI029	15	14	quindi	quindi	_	_	_	_	_	linguistic	_	ContainsVariation=No	_	_	_	_	_	_
15-15	BOI029	15	15	riproducemmo	riproducemmo	_	_	_	_	_	linguistic	_	ContainsVariation=No	_	_	_	_	_	_
15-16	BOI029	15	16	un	un	_	_	_	_	_	linguistic	_	ContainsVariation=No	_	_	_	_	_	_
15-17	BOI029	15	17	po'	po'	_	_	_	_	_	linguistic	_	ContainsVariation=No	_	_	_	_	_	_
15-18	BOI029	15	18	quello	quello	_	_	_	_	_	linguistic	_	ContainsVariation=No	_	_	_	_	_	_
15-19	BOI029	15	19	che	che	_	_	_	_	_	linguistic	_	ContainsVariation=No	_	_	_	_	_	_
15-20	BOI029	15	20	era	era	_	_	_	_	_	linguistic	_	ContainsVariation=No	_	_	_	_	_	_
15-21	BOI029	15	21	avvenuto	avvenuto	_	_	_	_	_	linguistic	_	ContainsVariation=No	_	_	_	_	_	_
15-22	BOI029	15	22	che	che	_	_	_	_	_	linguistic	_	ContainsVariation=No	_	_	_	_	_	_
15-23	BOI029	15	23	era	era	_	_	_	_	_	linguistic	_	ContainsVariation=No	_	_	_	_	_	_
15-24	BOI029	15	24	quello	quello	_	_	_	_	_	linguistic	_	ContainsVariation=No	_	_	_	_	_	_
15-25	BOI029	15	25	che	che	_	_	_	_	_	linguistic	_	ContainsVariation=No	_	_	_	_	_	_
15-26	BOI029	15	26	era	era	_	_	_	_	_	linguistic	_	ContainsVariation=No	_	_	_	_	_	_
15-27	BOI029	15	27	successo	successo	_	_	_	_	_	linguistic	_	ContainsVariation=No	_	End=89.47	_	_	_	_
16-0	BOR001	16	0	sì	sì	_	_	_	_	_	linguistic	_	ContainsVariation=No	_	Begin=89.55|End=90.14	_	_	_	_
17-0	BOR001	17	0	e	e	_	_	_	_	_	linguistic	_	ContainsVariation=No	_	Begin=90.3	_	_	_	_
17-1	BOR001	17	1	invece	invece	_	_	_	_	_	linguistic	_	ContainsVariation=No	_	_	_	_	_	_
17-2	BOR001	17	2	ehm	ehm	_	_	_	_	_	linguistic	_	ContainsVariation=No	PauseAfter=Yes	_	_	_	_	_
17-3	BOR001	17	3	(.)	(.)	_	_	_	_	_	shortpause	_	ContainsVariation=No	_	_	_	_	_	_
17-4	BOR001	17	4	dato	dato	_	_	_	_	_	linguistic	_	ContainsVariation=No	_	_	_	_	_	_
17-5	BOR001	17	5	che	che	_	_	_	_	_	linguistic	_	ContainsVariation=No	_	_	_	_	_	_
17-6	BOR001	17	6	poi	poi	_	_	_	_	_	linguistic	_	ContainsVariation=No	_	_	_	_	_	_
17-7	BOR001	17	7	da	da	_	_	_	_	_	linguistic	_	ContainsVariation=No	_	_	_	_	_	_
17-8	BOR001	17	8	un	un	_	_	_	_	_	linguistic	_	ContainsVariation=No	_	_	_	_	_	_
17-9	BOR001	17	9	paio	paio	_	_	_	_	_	linguistic	_	ContainsVariation=No	_	_	_	_	_	_
17-10	BOR001	17	10	d'	d'	_	_	_	_	_	linguistic	_	ContainsVariation=No	SpaceAfter=No	_	_	_	_	_
17-11	BOR001	17	11	anni	anni	_	_	_	_	_	linguistic	_	ContainsVariation=No	_	_	_	_	_	_
17-12	BOR001	17	12	avete	avete	_	_	_	_	_	linguistic	_	ContainsVariation=No	_	_	_	_	_	_
17-13	BOR001	17	13	>diciamo<	diciamo	_	_	_	_	_	linguistic	_	ContainsVariation=No	_	_	_	Slow=6-7(0)|Fast=0-7(0)	_	_
17-14	BOR001	17	14	cambiato:	cambiato	_	_	_	_	_	linguistic	_	ContainsVariation=No	_	_	7x1	Slow=0-8(0)	_	_
17-15	BOR001	17	15	l'	l'	_	_	_	_	_	linguistic	_	ContainsVariation=No	SpaceAfter=No	_	_	Slow=0-2(0)	_	_
17-16	BOR001	17	16	approccio	approccio	_	_	_	_	_	linguistic	_	ContainsVariation=No	_	_	_	Slow=0-9(0)|Fast=8-9(1)	_	_
17-17	BOR001	17	17	>°diciamo°<	diciamo	_	_	_	_	_	linguistic	_	ContainsVariation=No	Volume=low	End=97.68	_	Fast=0-7(1)	_	_
18-0	BOR001	18	0	c(io)è	cioè	_	_	_	_	_	linguistic	_	ContainsVariation=No	Reduced=Yes	Begin=97.81	_	_	_	_
18-1	BOR001	18	1	e:h	eh	_	_	_	_	_	linguistic	_	ContainsVariation=No	_	_	0x1	_	_	_
18-2	BOR001	18	2	avete	avete	_	_	_	_	_	linguistic	_	ContainsVariation=No	_	_	_	_	_	_
18-3	BOR001	18	3	cercato	cercato	_	_	_	_	_	linguistic	_	ContainsVariation=No	_	_	_	_	_	_
18-4	BOR001	18	4	di	di	_	_	_	_	_	linguistic	_	ContainsVariation=No	PauseAfter=Yes	_	_	_	_	_
18-5	BOR001	18	5	(.)	(.)	_	_	_	_	_	shortpause	_	ContainsVariation=No	_	_	_	_	_	_
18-6	BOR001	18	6	eh	eh	_	_	_	_	_	linguistic	_	ContainsVariation=No	_	_	_	_	_	_
18-7	BOR001	18	7	rendere	rendere	_	_	_	_	_	linguistic	_	ContainsVariation=No	_	_	_	_	_	_
18-8	BOR001	18	8	la	la	_	_	_	_	_	linguistic	_	ContainsVariation=No	_	_	_	_	_	_
18-9	BOR001	18	9	cosa	cosa	_	_	_	_	_	linguistic	_	ContainsVariation=No	_	_	_	_	_	_
18-10	BOR001	18	10	anche:	anche	_	_	_	_	_	linguistic	_	ContainsVariation=No	_	_	4x1	_	_	_
18-11	BOR001	18	11	più	più	_	_	_	_	_	linguistic	_	ContainsVariation=No	_	_	_	_	_	_
18-12	BOR001	18	12	interessante	interessante	_	_	_	_	_	linguistic	_	ContainsVariation=No	_	_	_	_	_	_
18-13	BOR001	18	13	per	per	_	_	_	_	_	linguistic	_	ContainsVariation=No	_	_	_	_	_	_
18-14	BOR001	18	14	i	i	_	_	_	_	_	linguistic	_	ContainsVariation=No	_	_	_	_	_	_
18-15	BOR001	18	15	ragazzi	ragazzi	_	_	_	_	_	linguistic	_	ContainsVariation=No	_	_	_	_	_	_
18-16	BOR001	18	16	in	in	_	_	_	_	_	linguistic	_	ContainsVariation=No	_	_	_	_	_	_
18-17	BOR001	18	17	modo	modo	_	_	_	_	_	linguistic	_	ContainsVariation=No	_	_	_	_	_	_
18-18	BOR001	18	18	che	che	_	_	_	_	_	linguistic	_	ContainsVariation=No	PauseAfter=Yes	_	_	_	_	_
18-19	BOR001	18	19	(.)	(.)	_	_	_	_	_	shortpause	_	ContainsVariation=No	_	_	_	_	_	_
18-20	BOR001	18	20	>diciamo<	diciamo	_	_	_	_	_	linguistic	_	ContainsVariation=No	_	_	_	Fast=0-7(0)	_	_
18-21	BOR001	18	21	fossero	fossero	_	_	_	_	_	linguistic	_	ContainsVariation=No	_	_	_	_	_	_
18-22	BOR001	18	22	loro	loro	_	_	_	_	_	linguistic	_	ContainsVariation=No	_	_	_	_	_	_
18-23	BOR001	18	23	stessi	stessi	_	_	_	_	_	linguistic	_	ContainsVariation=No	_	_	_	_	_	_
18-24	BOR001	18	24	a	a	_	_	_	_	_	linguistic	_	ContainsVariation=No	_	_	_	_	_	_
18-25	BOR001	18	25	creare	creare	_	_	_	_	_	linguistic	_	ContainsVariation=No	_	_	_	_	_	_
18-26	BOR001	18	26	questi	questi	_	_	_	_	_	linguistic	_	ContainsVariation=No	_	_	_	_	_	_
18-27	BOR001	18	27	contenuti	contenuti	_	_	_	_	_	linguistic	_	ContainsVariation=No	_	End=108.29	_	_	_	_
19-0	BOR001	19	0	MA	ma	_	_	_	_	_	linguistic	_	ContainsVariation=No	Volume=high	Begin=108.88	_	_	_	_
19-1	BOR001	19	1	questo	questo	_	_	_	_	_	linguistic	_	ContainsVariation=No	PauseAfter=Yes	_	_	_	_	_
19-2	BOR001	19	2	(.)	(.)	_	_	_	_	_	shortpause	_	ContainsVariation=No	_	_	_	_	_	_
19-3	BOR001	19	3	e:h	eh	_	_	_	_	_	linguistic	_	ContainsVariation=No	_	_	0x1	_	_	_
19-4	BOR001	19	4	questo	questo	_	_	_	_	_	linguistic	_	ContainsVariation=No	_	_	_	_	_	_
19-5	BOR001	19	5	cambiamento	cambiamento	_	_	_	_	_	linguistic	_	ContainsVariation=No	_	_	_	_	_	_
19-6	BOR001	19	6	è	è	_	_	_	_	_	linguistic	_	ContainsVariation=No	_	_	_	_	_	_
19-7	BOR001	19	7	avvenuto	avvenuto	_	_	_	_	_	linguistic	_	ContainsVariation=No	_	_	_	_	_	_
19-8	BOR001	19	8	mh	mh	_	_	_	_	_	linguistic	_	ContainsVariation=No	_	_	_	_	_	_
19-9	BOR001	19	9	perché	perché	_	_	_	_	_	linguistic	_	ContainsVariation=No	_	_	_	_	_	_
19-10	BOR001	19	10	lei	lei	_	_	_	_	_	linguistic	_	ContainsVariation=No	_	_	_	_	_	_
19-11	BOR001	19	11	ha	ha	_	_	_	_	_	linguistic	_	ContainsVariation=No	_	_	_	_	_	_
19-12	BOR001	19	12	voluto,	voluto	_	_	_	_	_	linguistic	_	ContainsVariation=No	Intonation=WeaklyRising	End=115.12	_	_	_	_
20-0	BOI029	20	0	dunque	dunque	_	_	_	_	_	linguistic	_	ContainsVariation=No	_	Begin=115.43	_	_	_	_
20-1	BOI029	20	1	intanto	intanto	_	_	_	_	_	linguistic	_	ContainsVariation=No	_	_	_	_	_	_
20-2	BOI029	20	2	non	non	_	_	_	_	_	linguistic	_	ContainsVariation=No	_	_	_	_	_	_
20-3	BOI029	20	3	sono	sono	_	_	_	_	_	linguistic	_	ContainsVariation=No	_	_	_	_	_	_
20-4	BOI029	20	4	solo	solo	_	_	_	_	_	linguistic	_	ContainsVariation=No	_	_	_	_	_	_
20-5	BOI029	20	5	io	io	_	_	_	_	_	linguistic	_	ContainsVariation=No	_	_	_	_	_	_
20-6	BOI029	20	6	nel	nel	_	_	_	_	_	linguistic	_	ContainsVariation=No	_	_	_	_	_	_
20-7	BOI029	20	7	senso	senso	_	_	_	_	_	linguistic	_	ContainsVariation=No	_	_	_	_	_	_
20-8	BOI029	20	8	[che	che	_	_	_	_	_	linguistic	_	ContainsVariation=No	_	_	_	_	_	0-3(1)
20-9	BOI029	20	9	siamo]	siamo	_	_	_	_	_	linguistic	_	ContainsVariation=No	_	_	_	_	_	0-5(1)
20-10	BOI029	20	10	in	in	_	_	_	_	_	linguistic	_	ContainsVariation=No	_	_	_	_	_	_
20-11	BOI029	20	11	genere	genere	_	_	_	_	_	linguistic	_	ContainsVariation=No	_	_	_	_	_	_
20-12	BOI029	20	12	tutti	tutti	_	_	_	_	_	linguistic	_	ContainsVariation=No	_	_	_	_	_	_
20-13	BOI029	20	13	gli	gli	_	_	_	_	_	linguistic	_	ContainsVariation=No	_	_	_	_	_	_
20-14	BOI029	20	14	insegnanti	insegnanti	_	_	_	_	_	linguistic	_	ContainsVariation=No	_	_	_	_	_	_
20-15	BOI029	20	15	di	di	_	_	_	_	_	linguistic	_	ContainsVariation=No	_	_	_	_	_	_
20-16	BOI029	20	16	lettere	lettere	_	_	_	_	_	linguistic	_	ContainsVariation=No	_	_	_	_	_	_
20-17	BOI029	20	17	che	che	_	_	_	_	_	linguistic	_	ContainsVariation=No	_	_	_	_	_	_
20-18	BOI029	20	18	tutti	tutti	_	_	_	_	_	linguistic	_	ContainsVariation=No	_	_	_	_	_	_
20-19	BOI029	20	19	gli	gli	_	_	_	_	_	linguistic	_	ContainsVariation=No	_	_	_	_	_	_
20-20	BOI029	20	20	anni	anni	_	_	_	_	_	linguistic	_	ContainsVariation=No	_	_	_	_	_	_
20-21	BOI029	20	21	eh	eh	_	_	_	_	_	linguistic	_	ContainsVariation=No	_	_	_	_	_	_
20-22	BOI029	20	22	lavoriamo	lavoriamo	_	_	_	_	_	linguistic	_	ContainsVariation=No	_	_	_	_	_	_
20-23	BOI029	20	23	sul	sul	_	_	_	_	_	linguistic	_	ContainsVariation=No	_	_	_	_	_	_
20-24	BOI029	20	24	discorso	discorso	_	_	_	_	_	linguistic	_	ContainsVariation=No	_	_	_	_	_	_
20-25	BOI029	20	25	della	della	_	_	_	_	_	linguistic	_	ContainsVariation=No	_	_	_	_	_	_
20-26	BOI029	20	26	memoria	memoria	_	_	_	_	_	linguistic	_	ContainsVariation=No	_	End=124.17	_	_	_	_
21-0	BOR001	21	0	[o:kay]	okay	_	_	_	_	_	linguistic	_	ContainsVariation=No	_	Begin=117.52|End=118.21	0x1	_	_	0-4(1)
22-0	BOI029	22	0	eh	eh	_	_	_	_	_	linguistic	_	ContainsVariation=No	_	Begin=124.69	_	_	_	_
22-1	BOI029	22	1	quello	quello	_	_	_	_	_	linguistic	_	ContainsVariation=No	_	_	_	_	_	_
22-2	BOI029	22	2	che	che	_	_	_	_	_	linguistic	_	ContainsVariation=No	_	_	_	_	_	_
22-3	BOI029	22	3	prima	prima	_	_	_	_	_	linguistic	_	ContainsVariation=No	_	_	_	_	_	_
22-4	BOI029	22	4	veniva	veniva	_	_	_	_	_	linguistic	_	ContainsVariation=No	_	_	_	_	_	_
22-5	BOI029	22	5	fatto	fatto	_	_	_	_	_	linguistic	_	ContainsVariation=No	_	_	_	_	_	_
22-6	BOI029	22	6	diciamo	diciamo	_	_	_	_	_	linguistic	_	ContainsVariation=No	_	_	_	_	_	_
22-7	BOI029	22	7	un	un	_	_	_	_	_	linguistic	_	ContainsVariation=No	_	_	_	_	_	_
22-8	BOI029	22	8	po'	po'	_	_	_	_	_	linguistic	_	ContainsVariation=No	_	_	_	_	_	_
22-9	BOI029	22	9	<spontaneamente>	spontaneamente	_	_	_	_	_	linguistic	_	ContainsVariation=No	_	_	_	Slow=0-14(0)	_	_
22-10	BOI029	22	10	da	da	_	_	_	_	_	linguistic	_	ContainsVariation=No	_	_	_	_	_	_
22-11	BOI029	22	11	ciascuno	ciascuno	_	_	_	_	_	linguistic	_	ContainsVariation=No	_	_	_	_	_	_
22-12	BOI029	22	12	adesso	adesso	_	_	_	_	_	linguistic	_	ContainsVariation=No	_	_	_	_	_	_
22-13	BOI029	22	13	abbiamo	abbiamo	_	_	_	_	_	linguistic	_	ContainsVariation=No	_	_	_	_	_	_
22-14	BOI029	22	14	cercato	cercato	_	_	_	_	_	linguistic	_	ContainsVariation=No	_	_	_	_	_	_
22-15	BOI029	22	15	di	di	_	_	_	_	_	linguistic	_	ContainsVariation=No	_	_	_	_	_	_
22-16	BOI029	22	16	renderlo	renderlo	_	_	_	_	_	linguistic	_	ContainsVariation=No	_	_	_	_	_	_
22-17	BOI029	22	17	e:h	eh	_	_	_	_	_	linguistic	_	ContainsVariation=No	_	_	0x1	_	_	_
22-18	BOI029	22	18	più	più	_	_	_	_	_	linguistic	_	ContainsVariation=No	_	_	_	_	_	_
22-19	BOI029	22	19	sistematico	sistematico	_	_	_	_	_	linguistic	_	ContainsVariation=No	_	End=134.346	_	_	_	_
23-0	BOI029	23	0	eh	eh	_	_	_	_	_	linguistic	_	ContainsVariation=No	_	Begin=134.92	_	_	_	_
23-1	BOI029	23	1	per	per	_	_	_	_	_	linguistic	_	ContainsVariation=No	_	_	_	_	_	_
23-2	BOI029	23	2	cui	cui	_	_	_	_	_	linguistic	_	ContainsVariation=No	_	_	_	_	_	_
23-3	BOI029	23	3	in	in	_	_	_	_	_	linguistic	_	ContainsVariation=No	_	_	_	_	_	_
23-4	BOI029	23	4	realtà	realtà	_	_	_	_	_	linguistic	_	ContainsVariation=No	_	_	_	_	_	_
23-5	BOI029	23	5	il	il	_	_	_	_	_	linguistic	_	ContainsVariation=No	_	_	_	_	_	_
23-6	BOI029	23	6	nostro	nostro	_	_	_	_	_	linguistic	_	ContainsVariation=No	_	_	_	_	_	_
23-7	BOI029	23	7	discorso	discorso	_	_	_	_	_	linguistic	_	ContainsVariation=No	_	_	_	_	_	_
23-8	BOI029	23	8	sulla	sulla	_	_	_	_	_	linguistic	_	ContainsVariation=No	_	_	_	_	_	_
23-9	BOI029	23	9	memoria	memoria	_	_	_	_	_	linguistic	_	ContainsVariation=No	_	_	_	_	_	_
23-10	BOI029	23	10	parte	parte	_	_	_	_	_	linguistic	_	ContainsVariation=No	_	_	_	_	_	_
23-11	BOI029	23	11	già	già	_	_	_	_	_	linguistic	_	ContainsVariation=No	_	_	_	_	_	_
23-12	BOI029	23	12	dalle	dalle	_	_	_	_	_	linguistic	_	ContainsVariation=No	_	_	_	_	_	_
23-13	BOI029	23	13	classi	classi	_	_	_	_	_	linguistic	_	ContainsVariation=No	_	_	_	_	_	_
23-14	BOI029	23	14	prime	prime	_	_	_	_	_	linguistic	_	ContainsVariation=No	_	End=139.78	_	_	_	_
24-0	BOI029	24	0	eh	eh	_	_	_	_	_	linguistic	_	ContainsVariation=No	_	Begin=140.71	_	_	_	_
24-1	BOI029	24	1	quindi	quindi	_	_	_	_	_	linguistic	_	ContainsVariation=No	_	_	_	_	_	_
24-2	BOI029	24	2	i	i	_	_	_	_	_	linguistic	_	ContainsVariation=No	_	_	_	_	_	_
24-3	BOI029	24	3	ragazzi	ragazzi	_	_	_	_	_	linguistic	_	ContainsVariation=No	_	_	_	_	_	_
24-4	BOI029	24	4	di	di	_	_	_	_	_	linguistic	_	ContainsVariation=No	_	_	_	_	_	_
24-5	BOI029	24	5	prima	prima	_	_	_	_	_	linguistic	_	ContainsVariation=No	_	_	_	_	_	_
24-6	BOI029	24	6	fanno	fanno	_	_	_	_	_	linguistic	_	ContainsVariation=No	_	_	_	_	_	_
24-7	BOI029	24	7	determinate	determinate	_	_	_	_	_	linguistic	_	ContainsVariation=No	_	_	_	_	_	_
24-8	BOI029	24	8	attività	attività	_	_	_	_	_	linguistic	_	ContainsVariation=No	_	End=143.939	_	_	_	_
25-0	BOI029	25	0	eh	eh	_	_	_	_	_	linguistic	_	ContainsVariation=No	_	Begin=144.45	_	_	_	_
25-1	BOI029	25	1	che	che	_	_	_	_	_	linguistic	_	ContainsVariation=No	_	_	_	_	_	_
25-2	BOI029	25	2	ogni	ogni	_	_	_	_	_	linguistic	_	ContainsVariation=No	_	_	_	_	_	_
25-3	BOI029	25	3	anno	anno	_	_	_	_	_	linguistic	_	ContainsVariation=No	_	_	_	_	_	_
25-4	BOI029	25	4	proponiamo	proponiamo	_	_	_	_	_	linguistic	_	ContainsVariation=No	_	_	_	_	_	_
25-5	BOI029	25	5	tutti	tutti	_	_	_	_	_	linguistic	_	ContainsVariation=No	_	_	_	_	_	_
25-6	BOI029	25	6	i	i	_	_	_	_	_	linguistic	_	ContainsVariation=No	_	_	_	_	_	_
25-7	BOI029	25	7	colleghi	colleghi	_	_	_	_	_	linguistic	_	ContainsVariation=No	_	_	_	_	_	_
25-8	BOI029	25	8	di	di	_	_	_	_	_	linguistic	_	ContainsVariation=No	_	_	_	_	_	_
25-9	BOI029	25	9	lettere	lettere	_	_	_	_	_	linguistic	_	ContainsVariation=No	_	_	_	_	_	_
25-10	BOI029	25	10	di	di	_	_	_	_	_	linguistic	_	ContainsVariation=No	_	_	_	_	_	_
25-11	BOI029	25	11	prima	prima	_	_	_	_	_	linguistic	_	ContainsVariation=No	_	End=148.687	_	_	_	_
26-0	BOI029	26	0	qualche	qualche	_	_	_	_	_	linguistic	_	ContainsVariation=No	_	Begin=149.42	_	_	_	_
26-1	BOI029	26	1	volta	volta	_	_	_	_	_	linguistic	_	ContainsVariation=No	_	_	_	_	_	_
26-2	BOI029	26	2	questi	questi	_	_	_	_	_	linguistic	_	ContainsVariation=No	_	_	_	_	_	_
26-3	BOI029	26	3	percorsi	percorsi	_	_	_	_	_	linguistic	_	ContainsVariation=No	_	_	_	_	_	_
26-4	BOI029	26	4	vengono	vengono	_	_	_	_	_	linguistic	_	ContainsVariation=No	_	_	_	_	_	_
26-5	BOI029	26	5	anche	anche	_	_	_	_	_	linguistic	_	ContainsVariation=No	_	_	_	_	_	_
26-6	BOI029	26	6	utilizzati	utilizzati	_	_	_	_	_	linguistic	_	ContainsVariation=No	_	_	_	_	_	_
26-7	BOI029	26	7	in	in	_	_	_	_	_	linguistic	_	ContainsVariation=No	_	_	_	_	_	_
26-8	BOI029	26	8	continuità	continuità	_	_	_	_	_	linguistic	_	ContainsVariation=No	_	_	_	_	_	_
26-9	BOI029	26	9	con	con	_	_	_	_	_	linguistic	_	ContainsVariation=No	_	_	_	_	_	_
26-10	BOI029	26	10	la	la	_	_	_	_	_	linguistic	_	ContainsVariation=No	_	_	_	_	_	_
26-11	BOI029	26	11	quinta	quinta	_	_	_	_	_	linguistic	_	ContainsVariation=No	_	_	_	_	_	_
26-12	BOI029	26	12	elementare	elementare	_	_	_	_	_	linguistic	_	ContainsVariation=No	_	End=154.488	_	_	_	_
27-0	BOI029	27	0	per	per	_	_	_	_	_	linguistic	_	ContainsVariation=No	_	Begin=154.829	_	_	_	_
27-1	BOI029	27	1	esempio	esempio	_	_	_	_	_	linguistic	_	ContainsVariation=No	_	_	_	_	_	_
27-2	BOI029	27	2	[come	come	_	_	_	_	_	linguistic	_	ContainsVariation=No	_	_	_	_	_	0-4(2)
27-3	BOI029	27	3	attivi]tà	attività	_	_	_	_	_	linguistic	_	ContainsVariation=No	_	End=156.2	_	_	_	0-6(2)
28-0	BOR001	28	0	[mhmh]	mhmh	_	_	_	_	_	linguistic	_	ContainsVariation=No	_	Begin=155.39|End=155.869	_	_	_	0-4(2)
29-0	BOI029	29	0	per	per	_	_	_	_	_	linguistic	_	ContainsVariation=No	_	Begin=156.75	_	_	_	_
29-1	BOI029	29	1	esempio	esempio	_	_	_	_	_	linguistic	_	ContainsVariation=No	_	_	_	_	_	_
29-2	BOI029	29	2	quest'	quest'	_	_	_	_	_	linguistic	_	ContainsVariation=No	SpaceAfter=No	_	_	_	_	_
29-3	BOI029	29	3	anno	anno	_	_	_	_	_	linguistic	_	ContainsVariation=No	_	_	_	_	_	_
29-4	BOI029	29	4	per	per	_	_	_	_	_	linguistic	_	ContainsVariation=No	_	_	_	_	_	_
29-5	BOI029	29	5	le	le	_	_	_	_	_	linguistic	_	ContainsVariation=No	_	_	_	_	_	_
29-6	BOI029	29	6	prime	prime	_	_	_	_	_	linguistic	_	ContainsVariation=No	_	_	_	_	_	_
29-7	BOI029	29	7	classi	classi	_	_	_	_	_	linguistic	_	ContainsVariation=No	_	End=159.72	_	_	_	_
30-0	BOI029	30	0	e:h	eh	_	_	_	_	_	linguistic	_	ContainsVariation=No	_	Begin=160.046	0x1	_	_	_
30-1	BOI029	30	1	faremo	faremo	_	_	_	_	_	linguistic	_	ContainsVariation=No	PauseAfter=Yes	_	_	_	_	_
30-2	BOI029	30	2	(.)	(.)	_	_	_	_	_	shortpause	_	ContainsVariation=No	_	_	_	_	_	_
30-3	BOI029	30	3	A	a	_	_	_	_	_	linguistic	_	ContainsVariation=No	Volume=high	_	_	_	_	_
30-4	BOI029	30	4	BREVE	breve	_	_	_	_	_	linguistic	_	ContainsVariation=No	Volume=high	_	_	_	_	_
30-5	BOI029	30	5	nel	nel	_	_	_	_	_	linguistic	_	ContainsVariation=No	_	_	_	_	_	_
30-6	BOI029	30	6	senso	senso	_	_	_	_	_	linguistic	_	ContainsVariation=No	_	_	_	_	_	_
30-7	BOI029	30	7	che	che	_	_	_	_	_	linguistic	_	ContainsVariation=No	_	_	_	_	_	_
30-8	BOI029	30	8	sono	sono	_	_	_	_	_	linguistic	_	ContainsVariation=No	_	_	_	_	_	_
30-9	BOI029	30	9	già	già	_	_	_	_	_	linguistic	_	ContainsVariation=No	_	_	_	_	_	_
30-10	BOI029	30	10	iniziate	iniziate	_	_	_	_	_	linguistic	_	ContainsVariation=No	_	_	_	_	_	_
30-11	BOI029	30	11	la	la	_	_	_	_	_	linguistic	_	ContainsVariation=No	_	_	_	_	_	_
30-12	BOI029	30	12	settimana	settimana	_	_	_	_	_	linguistic	_	ContainsVariation=No	_	_	_	_	_	_
30-13	BOI029	30	13	scorsa	scorsa	_	_	_	_	_	linguistic	_	ContainsVariation=No	_	_	_	_	_	_
30-14	BOI029	30	14	e	e	_	_	_	_	_	linguistic	_	ContainsVariation=No	_	_	_	_	_	_
30-15	BOI029	30	15	le	le	_	_	_	_	_	linguistic	_	ContainsVariation=No	_	_	_	_	_	_
30-16	BOI029	30	16	prossime	prossime	_	_	_	_	_	linguistic	_	ContainsVariation=No	_	_	_	_	_	_
30-17	BOI029	30	17	classi	classi	_	_	_	_	_	linguistic	_	ContainsVariation=No	_	_	_	_	_	_
30-18	BOI029	30	18	lo	lo	_	_	_	_	_	linguistic	_	ContainsVariation=No	_	_	_	_	_	_
30-19	BOI029	30	19	faranno	faranno	_	_	_	_	_	linguistic	_	ContainsVariation=No	PauseAfter=Yes	_	_	_	_	_
30-20	BOI029	30	20	(.)	(.)	_	_	_	_	_	shortpause	_	ContainsVariation=No	_	_	_	_	_	_
30-21	BOI029	30	21	eh.	eh	_	_	_	_	_	linguistic	_	ContainsVariation=No	Intonation=Falling	_	_	_	_	_
30-22	BOI029	30	22	nelle	nelle	_	_	_	_	_	linguistic	_	ContainsVariation=No	_	_	_	_	_	_
30-23	BOI029	30	23	prossime	prossime	_	_	_	_	_	linguistic	_	ContainsVariation=No	_	_	_	_	_	_
30-24	BOI029	30	24	settimane	settimane	_	_	_	_	_	linguistic	_	ContainsVariation=No	_	End=169.284	_	_	_	_
31-0	BOI029	31	0	eh.	eh	_	_	_	_	_	linguistic	_	ContainsVariation=No	Intonation=Falling	Begin=169.43	_	_	_	_
31-1	BOI029	31	1	il	il	_	_	_	_	_	linguistic	_	ContainsVariation=No	_	_	_	_	_	_
31-2	BOI029	31	2	discorso	discorso	_	_	_	_	_	linguistic	_	ContainsVariation=No	_	_	_	_	_	_
31-3	BOI029	31	3	delle	delle	_	_	_	_	_	linguistic	_	ContainsVariation=No	_	_	_	_	_	_
31-4	BOI029	31	4	pietre	pietre	_	_	_	_	_	linguistic	_	ContainsVariation=No	_	_	_	_	_	_
31-5	BOI029	31	5	d'	d'	_	_	_	_	_	linguistic	_	ContainsVariation=No	SpaceAfter=No	_	_	_	_	_
31-6	BOI029	31	6	inciampo	inciampo	_	_	_	_	_	linguistic	_	ContainsVariation=No	_	End=171.48	_	_	_	_
32-0	BOR001	32	0	°mhmh°	mhmh	_	_	_	_	_	linguistic	_	ContainsVariation=No	Volume=low	Begin=171.78|End=172.156	_	_	_	_
33-0	BOI029	33	0	e:h	eh	_	_	_	_	_	linguistic	_	ContainsVariation=No	_	Begin=172.7	0x1	_	_	_
33-1	BOI029	33	1	per	per	_	_	_	_	_	linguistic	_	ContainsVariation=No	_	_	_	_	_	_
33-2	BOI029	33	2	quanto	quanto	_	_	_	_	_	linguistic	_	ContainsVariation=No	_	_	_	_	_	_
33-3	BOI029	33	3	riguarda	riguarda	_	_	_	_	_	linguistic	_	ContainsVariation=No	_	_	_	_	_	_
33-4	BOI029	33	4	le	le	_	_	_	_	_	linguistic	_	ContainsVariation=No	_	_	_	_	_	_
33-5	BOI029	33	5	seconde	seconde	_	_	_	_	_	linguistic	_	ContainsVariation=No	_	_	_	_	_	_
33-6	BOI029	33	6	invece	invece	_	_	_	_	_	linguistic	_	ContainsVariation=No	_	_	_	_	_	_
33-7	BOI029	33	7	ven~	ven~	_	_	_	_	_	linguistic	_	ContainsVariation=No	Interrupted=Yes	_	_	_	_	_
33-8	BOI029	33	8	viene	viene	_	_	_	_	_	linguistic	_	ContainsVariation=No	_	_	_	_	_	_
33-9	BOI029	33	9	svolta	svolta	_	_	_	_	_	linguistic	_	ContainsVariation=No	_	_	_	_	_	_
33-10	BOI029	33	10	un	un	_	_	_	_	_	linguistic	_	ContainsVariation=No	_	_	_	_	_	_
33-11	BOI029	33	11	altrà	altrà	_	_	_	_	_	linguistic	_	ContainsVariation=No	_	_	_	_	_	_
33-12	BOI029	33	12	attività.	attività	_	_	_	_	_	linguistic	_	ContainsVariation=No	Intonation=Falling	End=177.71	_	_	_	_
34-0	BOI029	34	0	nel	nel	_	_	_	_	_	linguistic	_	ContainsVariation=No	_	Begin=177.78	_	_	_	_
34-1	BOI029	34	1	senso	senso	_	_	_	_	_	linguistic	_	ContainsVariation=No	_	_	_	_	_	_
34-2	BOI029	34	2	che	che	_	_	_	_	_	linguistic	_	ContainsVariation=No	_	_	_	_	_	_
34-3	BOI029	34	3	noi	noi	_	_	_	_	_	linguistic	_	ContainsVariation=No	_	_	_	_	_	_
34-4	BOI029	34	4	abbiamo	abbiamo	_	_	_	_	_	linguistic	_	ContainsVariation=No	PauseAfter=Yes	_	_	_	_	_
34-5	BOI029	34	5	(.)	(.)	_	_	_	_	_	shortpause	_	ContainsVariation=No	_	_	_	_	_	_
34-6	BOI029	34	6	eh	eh	_	_	_	_	_	linguistic	_	ContainsVariation=No	_	_	_	_	_	_
34-7	BOI029	34	7	dei	dei	_	_	_	_	_	linguistic	_	ContainsVariation=No	_	_	_	_	_	_
34-8	BOI029	34	8	volumi	volumi	_	_	_	_	_	linguistic	_	ContainsVariation=No	_	_	_	_	_	_
34-9	BOI029	34	9	che	che	_	_	_	_	_	linguistic	_	ContainsVariation=No	_	_	_	_	_	_
34-10	BOI029	34	10	sono	sono	_	_	_	_	_	linguistic	_	ContainsVariation=No	_	_	_	_	_	_
34-11	BOI029	34	11	stati	stati	_	_	_	_	_	linguistic	_	ContainsVariation=No	_	_	_	_	_	_
34-12	BOI029	34	12	pubblicati	pubblicati	_	_	_	_	_	linguistic	_	ContainsVariation=No	_	_	_	_	_	_
34-13	BOI029	34	13	da	da	_	_	_	_	_	linguistic	_	ContainsVariation=No	_	_	_	_	_	_
34-14	BOI029	34	14	anpi	anpi	_	_	_	_	_	linguistic	_	ContainsVariation=No	_	_	_	_	_	_
34-15	BOI029	34	15	e	e	_	_	_	_	_	linguistic	_	ContainsVariation=No	_	_	_	_	_	_
34-16	BOI029	34	16	da	da	_	_	_	_	_	linguistic	_	ContainsVariation=No	_	_	_	_	_	_
34-17	BOI029	34	17	bianchi	bianchi	_	_	_	_	_	linguistic	_	ContainsVariation=No	_	_	_	_	_	_
34-18	BOI029	34	18	che	che	_	_	_	_	_	linguistic	_	ContainsVariation=No	_	_	_	_	_	_
34-19	BOI029	34	19	sono	sono	_	_	_	_	_	linguistic	_	ContainsVariation=No	_	_	_	_	_	_
34-20	BOI029	34	20	dei	dei	_	_	_	_	_	linguistic	_	ContainsVariation=No	_	_	_	_	_	_
34-21	BOI029	34	21	graphic	graphic	_	_	_	_	_	linguistic	_	ContainsVariation=No	_	_	_	_	_	_
34-22	BOI029	34	22	novel	novel	_	_	_	_	_	linguistic	_	ContainsVariation=No	_	_	_	_	_	_
34-23	BOI029	34	23	che	che	_	_	_	_	_	linguistic	_	ContainsVariation=No	_	_	_	_	_	_
34-24	BOI029	34	24	ho	ho	_	_	_	_	_	linguistic	_	ContainsVariation=No	_	_	_	_	_	_
34-25	BOI029	34	25	qua	qua	_	_	_	_	_	linguistic	_	ContainsVariation=No	_	End=186.38	_	_	_	_
35-0	BOR001	35	0	[mh]	mh	_	_	_	_	_	linguistic	_	ContainsVariation=No	_	Begin=186.46|End=186.72	_	_	_	0-2(3)
36-0	BOI029	36	0	>[e]ventual[mente]<	eventualmente	_	_	_	_	_	linguistic	_	ContainsVariation=No	_	Begin=186.527	_	Fast=0-13(0)	_	0-1(3),8-13(4)
36-1	BOI029	36	1	dopo	dopo	_	_	_	_	_	linguistic	_	ContainsVariation=No	_	_	_	_	_	_
36-2	BOI029	36	2	te	te	_	_	_	_	_	linguistic	_	ContainsVariation=No	_	_	_	_	_	_
36-3	BOI029	36	3	li	li	_	_	_	_	_	linguistic	_	ContainsVariation=No	PauseAfter=Yes	_	_	_	_	_
36-4	BOI029	36	4	(.)	(.)	_	_	_	_	_	shortpause	_	ContainsVariation=No	_	_	_	_	_	_
36-5	BOI029	36	5	faccio	faccio	_	_	_	_	_	linguistic	_	ContainsVariation=No	_	_	_	_	_	_
36-6	BOI029	36	6	vedere	vedere	_	_	_	_	_	linguistic	_	ContainsVariation=No	_	End=189.08	_	_	_	_
37-0	BOR001	37	0	[mhmh]	mhmh	_	_	_	_	_	linguistic	_	ContainsVariation=No	_	Begin=187.06|End=187.64	_	_	_	0-4(4)
38-0	BOI029	38	0	e	e	_	_	_	_	_	linguistic	_	ContainsVariation=No	_	Begin=189.25	_	_	_	_
38-1	BOI029	38	1	le	le	_	_	_	_	_	linguistic	_	ContainsVariation=No	_	_	_	_	_	_
38-2	BOI029	38	2	classi	classi	_	_	_	_	_	linguistic	_	ContainsVariation=No	_	_	_	_	_	_
38-3	BOI029	38	3	seconde	seconde	_	_	_	_	_	linguistic	_	ContainsVariation=No	_	_	_	_	_	_
38-4	BOI029	38	4	fanno	fanno	_	_	_	_	_	linguistic	_	ContainsVariation=No	_	_	_	_	_	_
38-5	BOI029	38	5	questa	questa	_	_	_	_	_	linguistic	_	ContainsVariation=No	_	_	_	_	_	_
38-6	BOI029	38	6	attività	attività	_	_	_	_	_	linguistic	_	ContainsVariation=No	_	_	_	_	_	_
38-7	BOI029	38	7	nel	nel	_	_	_	_	_	linguistic	_	ContainsVariation=No	_	_	_	_	_	_
38-8	BOI029	38	8	senso	senso	_	_	_	_	_	linguistic	_	ContainsVariation=No	_	_	_	_	_	_
38-9	BOI029	38	9	che	che	_	_	_	_	_	linguistic	_	ContainsVariation=No	_	_	_	_	_	_
38-10	BOI029	38	10	leggono	leggono	_	_	_	_	_	linguistic	_	ContainsVariation=No	_	_	_	_	_	_
38-11	BOI029	38	11	il	il	_	_	_	_	_	linguistic	_	ContainsVariation=No	_	_	_	_	_	_
38-12	BOI029	38	12	graphic	graphic	_	_	_	_	_	linguistic	_	ContainsVariation=No	_	_	_	_	_	_
38-13	BOI029	38	13	lo~	lo~	_	_	_	_	_	linguistic	_	ContainsVariation=No	Interrupted=Yes	_	_	_	_	_
38-14	BOI029	38	14	novel	novel	_	_	_	_	_	linguistic	_	ContainsVariation=No	_	_	_	_	_	_
38-15	BOI029	38	15	e	e	_	_	_	_	_	linguistic	_	ContainsVariation=No	_	_	_	_	_	_
38-16	BOI029	38	16	poi	poi	_	_	_	_	_	linguistic	_	ContainsVariation=No	_	_	_	_	_	_
38-17	BOI029	38	17	dopo	dopo	_	_	_	_	_	linguistic	_	ContainsVariation=No	_	_	_	_	_	_
38-18	BOI029	38	18	fanno	fanno	_	_	_	_	_	linguistic	_	ContainsVariation=No	_	_	_	_	_	_
38-19	BOI029	38	19	un	un	_	_	_	_	_	linguistic	_	ContainsVariation=No	_	_	_	_	_	_
38-20	BOI029	38	20	incontro	incontro	_	_	_	_	_	linguistic	_	ContainsVariation=No	_	_	_	_	_	_
38-21	BOI029	38	21	con	con	_	_	_	_	_	linguistic	_	ContainsVariation=No	PauseAfter=Yes	_	_	_	_	_
38-22	BOI029	38	22	(.)	(.)	_	_	_	_	_	shortpause	_	ContainsVariation=No	_	_	_	_	_	_
38-23	BOI029	38	23	e::hm	ehm	_	_	_	_	_	linguistic	_	ContainsVariation=No	_	End=198.259	0x2	_	_	_
39-0	BOI029	39	0	chi	chi	_	_	_	_	_	linguistic	_	ContainsVariation=No	_	Begin=198.84	_	_	_	_
39-1	BOI029	39	1	ha	ha	_	_	_	_	_	linguistic	_	ContainsVariation=No	_	_	_	_	_	_
39-2	BOI029	39	2	fatto	fatto	_	_	_	_	_	linguistic	_	ContainsVariation=No	_	_	_	_	_	_
39-3	BOI029	39	3	i:	i	_	_	_	_	_	linguistic	_	ContainsVariation=No	_	_	0x1	_	_	_
39-4	BOI029	39	4	i	i	_	_	_	_	_	linguistic	_	ContainsVariation=No	_	_	_	_	_	_
39-5	BOI029	39	5	disegni	disegni	_	_	_	_	_	linguistic	_	ContainsVariation=No	_	_	_	_	_	_
39-6	BOI029	39	6	>lo	lo	_	_	_	_	_	linguistic	_	ContainsVariation=No	_	_	_	Fast=0-2(0)	_	_
39-7	BOI029	39	7	scrittore<	scrittore	_	_	_	_	_	linguistic	_	ContainsVariation=No	_	_	_	Fast=0-9(0)	_	_
39-8	BOI029	39	8	e	e	_	_	_	_	_	linguistic	_	ContainsVariation=No	_	_	_	_	_	_
39-9	BOI029	39	9	quindi	quindi	_	_	_	_	_	linguistic	_	ContainsVariation=No	_	_	_	_	_	_
39-10	BOI029	39	10	hanno	hanno	_	_	_	_	_	linguistic	_	ContainsVariation=No	_	_	_	_	_	_
39-11	BOI029	39	11	modo	modo	_	_	_	_	_	linguistic	_	ContainsVariation=No	_	_	_	_	_	_
39-12	BOI029	39	12	di	di	_	_	_	_	_	linguistic	_	ContainsVariation=No	_	_	_	_	_	_
39-13	BOI029	39	13	confrontarsi	confrontarsi	_	_	_	_	_	linguistic	_	ContainsVariation=No	_	_	_	_	_	_
39-14	BOI029	39	14	su:	su	_	_	_	_	_	linguistic	_	ContainsVariation=No	_	End=203.87	1x1	_	_	_
40-0	BOR001	40	0	°mh[mh]°	mhmh	_	_	_	_	_	linguistic	_	ContainsVariation=No	Volume=low	Begin=204.13|End=204.61	_	_	_	2-4(5)
41-0	BOI029	41	0	[xxx]	xxx	_	_	_	_	_	unknown	_	ContainsVariation=No	Syllables=3	Begin=204.25	_	_	_	0-3(5)
41-1	BOI029	41	1	rispetto	rispetto	_	_	_	_	_	linguistic	_	ContainsVariation=No	_	_	_	_	_	_
41-2	BOI029	41	2	a	a	_	_	_	_	_	linguistic	_	ContainsVariation=No	_	_	_	_	_	_
41-3	BOI029	41	3	questo	questo	_	_	_	_	_	linguistic	_	ContainsVariation=No	_	_	_	_	_	_
41-4	BOI029	41	4	tipo	tipo	_	_	_	_	_	linguistic	_	ContainsVariation=No	_	_	_	_	_	_
41-5	BOI029	41	5	di	di	_	_	_	_	_	linguistic	_	ContainsVariation=No	_	_	_	_	_	_
41-6	BOI029	41	6	attività	attività	_	_	_	_	_	linguistic	_	ContainsVariation=No	_	End=206.699	_	_	_	_
42-0	BOI029	42	0	per	per	_	_	_	_	_	linguistic	_	ContainsVariation=No	_	Begin=207.26	_	_	_	_
42-1	BOI029	42	1	le	le	_	_	_	_	_	linguistic	_	ContainsVariation=No	_	_	_	_	_	_
42-2	BOI029	42	2	classi	classi	_	_	_	_	_	linguistic	_	ContainsVariation=No	_	_	_	_	_	_
42-3	BOI029	42	3	terze	terze	_	_	_	_	_	linguistic	_	ContainsVariation=No	PauseAfter=Yes	_	_	_	_	_
42-4	BOI029	42	4	(.)	(.)	_	_	_	_	_	shortpause	_	ContainsVariation=No	_	_	_	_	_	_
42-5	BOI029	42	5	invece	invece	_	_	_	_	_	linguistic	_	ContainsVariation=No	_	_	_	_	_	_
42-6	BOI029	42	6	eh	eh	_	_	_	_	_	linguistic	_	ContainsVariation=No	_	_	_	_	_	_
42-7	BOI029	42	7	abbiamo	abbiamo	_	_	_	_	_	linguistic	_	ContainsVariation=No	_	_	_	_	_	_
42-8	BOI029	42	8	due	due	_	_	_	_	_	linguistic	_	ContainsVariation=No	_	_	_	_	_	_
42-9	BOI029	42	9	attività	attività	_	_	_	_	_	linguistic	_	ContainsVariation=No	_	End=212.35	_	_	_	_
43-0	BOI029	43	0	una	una	_	_	_	_	_	linguistic	_	ContainsVariation=No	_	Begin=212.46	_	_	_	_
43-1	BOI029	43	1	è	è	_	_	_	_	_	linguistic	_	ContainsVariation=No	_	_	_	_	_	_
43-2	BOI029	43	2	quella	quella	_	_	_	_	_	linguistic	_	ContainsVariation=No	PauseAfter=Yes	_	_	_	_	_
43-3	BOI029	43	3	(.)	(.)	_	_	_	_	_	shortpause	_	ContainsVariation=No	_	_	_	_	_	_
43-4	BOI029	43	4	della	della	_	_	_	_	_	linguistic	_	ContainsVariation=No	_	_	_	_	_	_
43-5	BOI029	43	5	quale	quale	_	_	_	_	_	linguistic	_	ContainsVariation=No	_	_	_	_	_	_
43-6	BOI029	43	6	poi	poi	_	_	_	_	_	linguistic	_	ContainsVariation=No	_	_	_	_	_	_
43-7	BOI029	43	7	eventualmente	eventualmente	_	_	_	_	_	linguistic	_	ContainsVariation=No	_	_	_	_	_	_
43-8	BOI029	43	8	parliamo	parliamo	_	_	_	_	_	linguistic	_	ContainsVariation=No	_	_	_	_	_	_
43-9	BOI029	43	9	che	che	_	_	_	_	_	linguistic	_	ContainsVariation=No	_	_	_	_	_	_
43-10	BOI029	43	10	sono	sono	_	_	_	_	_	linguistic	_	ContainsVariation=No	_	_	_	_	_	_
43-11	BOI029	43	11	praticamente	praticamente	_	_	_	_	_	linguistic	_	ContainsVariation=No	_	_	_	_	_	_
43-12	BOI029	43	12	i	i	_	_	_	_	_	linguistic	_	ContainsVariation=No	_	_	_	_	_	_
43-13	BOI029	43	13	nostri	nostri	_	_	_	_	_	linguistic	_	ContainsVariation=No	_	_	_	_	_	_
43-14	BOI029	43	14	luoghi	luoghi	_	_	_	_	_	linguistic	_	ContainsVariation=No	_	_	_	_	_	_
43-15	BOI029	43	15	e	e	_	_	_	_	_	linguistic	_	ContainsVariation=No	_	_	_	_	_	_
43-16	BOI029	43	16	la	la	_	_	_	_	_	linguistic	_	ContainsVariation=No	_	_	_	_	_	_
43-17	BOI029	43	17	nos[tra	nostra	_	_	_	_	_	linguistic	_	ContainsVariation=No	_	_	_	_	_	3-6(7)
43-18	BOI029	43	18	sto]ria	storia	_	_	_	_	_	linguistic	_	ContainsVariation=No	_	End=219.111	_	_	_	0-3(7)
44-0	BOR001	44	0	sì	sì	_	_	_	_	_	linguistic	_	ContainsVariation=No	_	Begin=216.59|End=216.72	_	_	_	_
45-0	BOR001	45	0	[°mhmh°]	mhmh	_	_	_	_	_	linguistic	_	ContainsVariation=No	Volume=low	Begin=218.41|End=218.88	_	_	_	0-4(7)
46-0	BOI029	46	0	un'	un'	_	_	_	_	_	linguistic	_	ContainsVariation=No	SpaceAfter=No	Begin=219.89	_	_	_	_
46-1	BOI029	46	1	altra	altra	_	_	_	_	_	linguistic	_	ContainsVariation=No	_	_	_	_	_	_
46-2	BOI029	46	2	attività	attività	_	_	_	_	_	linguistic	_	ContainsVariation=No	_	_	_	_	_	_
46-3	BOI029	46	3	che	che	_	_	_	_	_	linguistic	_	ContainsVariation=No	_	_	_	_	_	_
46-4	BOI029	46	4	invece	invece	_	_	_	_	_	linguistic	_	ContainsVariation=No	_	_	_	_	_	_
46-5	BOI029	46	5	abbiamo	abbiamo	_	_	_	_	_	linguistic	_	ContainsVariation=No	_	_	_	_	_	_
46-6	BOI029	46	6	iniziato	iniziato	_	_	_	_	_	linguistic	_	ContainsVariation=No	_	_	_	_	_	_
46-7	BOI029	46	7	anche	anche	_	_	_	_	_	linguistic	_	ContainsVariation=No	_	_	_	_	_	_
46-8	BOI029	46	8	questa	questa	_	_	_	_	_	linguistic	_	ContainsVariation=No	_	_	_	_	_	_
46-9	BOI029	46	9	dall'	dall'	_	_	_	_	_	linguistic	_	ContainsVariation=No	SpaceAfter=No	_	_	_	_	_
46-10	BOI029	46	10	anno	anno	_	_	_	_	_	linguistic	_	ContainsVariation=No	_	_	_	_	_	_
46-11	BOI029	46	11	scorso	scorso	_	_	_	_	_	linguistic	_	ContainsVariation=No	_	End=224.061	_	_	_	_
47-0	BOI029	47	0	è	è	_	_	_	_	_	linguistic	_	ContainsVariation=No	_	Begin=224.444	_	_	_	_
47-1	BOI029	47	1	praticamente	praticamente	_	_	_	_	_	linguistic	_	ContainsVariation=No	PauseAfter=Yes	_	_	_	_	_
47-2	BOI029	47	2	(.)	(.)	_	_	_	_	_	shortpause	_	ContainsVariation=No	_	_	_	_	_	_
47-3	BOI029	47	3	i	i	_	_	_	_	_	linguistic	_	ContainsVariation=No	_	_	_	_	_	_
47-4	BOI029	47	4	libri	libri	_	_	_	_	_	linguistic	_	ContainsVariation=No	_	_	_	_	_	_
47-5	BOI029	47	5	viventi	viventi	_	_	_	_	_	linguistic	_	ContainsVariation=No	_	End=227.203	_	_	_	_
48-0	BOR001	48	0	sì	sì	_	_	_	_	_	linguistic	_	ContainsVariation=No	_	Begin=227.34	_	_	_	_
48-1	BOR001	48	1	[sì]	sì	_	_	_	_	_	linguistic	_	ContainsVariation=No	_	End=227.73	_	_	_	0-2(8)
49-0	BOI029	49	0	[che	che	_	_	_	_	_	linguistic	_	ContainsVariation=No	_	Begin=227.53	_	_	_	0-3(8)
49-1	BOI029	49	1	è	è	_	_	_	_	_	linguistic	_	ContainsVariation=No	_	_	_	_	_	0-1(8)
49-2	BOI029	49	2	un]	un	_	_	_	_	_	linguistic	_	ContainsVariation=No	_	_	_	_	_	0-2(8)
49-3	BOI029	49	3	attività	attività	_	_	_	_	_	linguistic	_	ContainsVariation=No	_	_	_	_	_	_
49-4	BOI029	49	4	che	che	_	_	_	_	_	linguistic	_	ContainsVariation=No	_	_	_	_	_	_
49-5	BOI029	49	5	mh	mh	_	_	_	_	_	linguistic	_	ContainsVariation=No	_	_	_	_	_	_
49-6	BOI029	49	6	ci	ci	_	_	_	_	_	linguistic	_	ContainsVariation=No	_	_	_	_	_	_
49-7	BOI029	49	7	ha	ha	_	_	_	_	_	linguistic	_	ContainsVariation=No	_	_	_	_	_	_
49-8	BOI029	49	8	proposto	proposto	_	_	_	_	_	linguistic	_	ContainsVariation=No	_	_	_	_	_	_
49-9	BOI029	49	9	anpi	anpi	_	_	_	_	_	linguistic	_	ContainsVariation=No	_	End=230.867	_	_	_	_
50-0	BOI029	50	0	e	e	_	_	_	_	_	linguistic	_	ContainsVariation=No	_	Begin=231.21	_	_	_	_
50-1	BOI029	50	1	sostanzialmente	sostanzialmente	_	_	_	_	_	linguistic	_	ContainsVariation=No	_	_	_	_	_	_
50-2	BOI029	50	2	dato	dato	_	_	_	_	_	linguistic	_	ContainsVariation=No	_	_	_	_	_	_
50-3	BOI029	50	3	che	che	_	_	_	_	_	linguistic	_	ContainsVariation=No	_	_	_	_	_	_
50-4	BOI029	50	4	ormai	ormai	_	_	_	_	_	linguistic	_	ContainsVariation=No	_	_	_	_	_	_
50-5	BOI029	50	5	non	non	_	_	_	_	_	linguistic	_	ContainsVariation=No	_	_	_	_	_	_
50-6	BOI029	50	6	esistono	esistono	_	_	_	_	_	linguistic	_	ContainsVariation=No	_	_	_	_	_	_
50-7	BOI029	50	7	quasi	quasi	_	_	_	_	_	linguistic	_	ContainsVariation=No	_	_	_	_	_	_
50-8	BOI029	50	8	più	più	_	_	_	_	_	linguistic	_	ContainsVariation=No	PauseAfter=Yes	_	_	_	_	_
50-9	BOI029	50	9	(.)	(.)	_	_	_	_	_	shortpause	_	ContainsVariation=No	_	_	_	_	_	_
50-10	BOI029	50	10	persone	persone	_	_	_	_	_	linguistic	_	ContainsVariation=No	_	_	_	_	_	_
50-11	BOI029	50	11	che	che	_	_	_	_	_	linguistic	_	ContainsVariation=No	_	_	_	_	_	_
50-12	BOI029	50	12	hanno	hanno	_	_	_	_	_	linguistic	_	ContainsVariation=No	_	_	_	_	_	_
50-13	BOI029	50	13	vissuto	vissuto	_	_	_	_	_	linguistic	_	ContainsVariation=No	_	_	_	_	_	_
50-14	BOI029	50	14	personalmente	personalmente	_	_	_	_	_	linguistic	_	ContainsVariation=No	_	_	_	_	_	_
50-15	BOI029	50	15	la	la	_	_	_	_	_	linguistic	_	ContainsVariation=No	_	_	_	_	_	_
50-16	BOI029	50	16	gue[rra]:	guerra	_	_	_	_	_	linguistic	_	ContainsVariation=No	_	End=238.98	5x1	_	_	3-6(9)
51-0	BOR001	51	0	[mh]	mh	_	_	_	_	_	linguistic	_	ContainsVariation=No	_	Begin=238.47|End=238.74	_	_	_	0-2(9)
52-0	BOI029	52	0	o	o	_	_	_	_	_	linguistic	_	ContainsVariation=No	_	Begin=239.18	_	_	_	_
52-1	BOI029	52	1	che	che	_	_	_	_	_	linguistic	_	ContainsVariation=No	_	_	_	_	_	_
52-2	BOI029	52	2	sono	sono	_	_	_	_	_	linguistic	_	ContainsVariation=No	_	_	_	_	_	_
52-3	BOI029	52	3	state:	state	_	_	_	_	_	linguistic	_	ContainsVariation=No	_	_	4x1	_	_	_
52-4	BOI029	52	4	non	non	_	_	_	_	_	linguistic	_	ContainsVariation=No	_	_	_	_	_	_
52-5	BOI029	52	5	so	so	_	_	_	_	_	linguistic	_	ContainsVariation=No	PauseAfter=Yes	_	_	_	_	_
52-6	BOI029	52	6	(.)	(.)	_	_	_	_	_	shortpause	_	ContainsVariation=No	_	_	_	_	_	_
52-7	BOI029	52	7	deportate	deportate	_	_	_	_	_	linguistic	_	ContainsVariation=No	_	_	_	_	_	_
52-8	BOI029	52	8	o	o	_	_	_	_	_	linguistic	_	ContainsVariation=No	_	_	_	_	_	_
52-9	BOI029	52	9	che	che	_	_	_	_	_	linguistic	_	ContainsVariation=No	_	_	_	_	_	_
52-10	BOI029	52	10	sono	sono	_	_	_	_	_	linguistic	_	ContainsVariation=No	_	_	_	_	_	_
52-11	BOI029	52	11	state	state	_	_	_	_	_	linguistic	_	ContainsVariation=No	_	_	_	_	_	_
52-12	BOI029	52	12	figli	figli	_	_	_	_	_	linguistic	_	ContainsVariation=No	_	_	_	_	_	_
52-13	BOI029	52	13	di	di	_	_	_	_	_	linguistic	_	ContainsVariation=No	_	_	_	_	_	_
52-14	BOI029	52	14	partigiani	partigiani	_	_	_	_	_	linguistic	_	ContainsVariation=No	_	_	_	_	_	_
52-15	BOI029	52	15	eccetera	eccetera	_	_	_	_	_	linguistic	_	ContainsVariation=No	_	End=245.528	_	_	_	_
53-0	BOI029	53	0	quindi	quindi	_	_	_	_	_	linguistic	_	ContainsVariation=No	_	Begin=245.99	_	_	_	_
53-1	BOI029	53	1	e:h	eh	_	_	_	_	_	linguistic	_	ContainsVariation=No	_	_	0x1	_	_	_
53-2	BOI029	53	2	sono	sono	_	_	_	_	_	linguistic	_	ContainsVariation=No	_	_	_	_	_	_
53-3	BOI029	53	3	praticamente	praticamente	_	_	_	_	_	linguistic	_	ContainsVariation=No	PauseAfter=Yes	_	_	_	_	_
53-4	BOI029	53	4	(.)	(.)	_	_	_	_	_	shortpause	_	ContainsVariation=No	_	_	_	_	_	_
53-5	BOI029	53	5	e:h	eh	_	_	_	_	_	linguistic	_	ContainsVariation=No	_	_	0x1	_	_	_
53-6	BOI029	53	6	i	i	_	_	_	_	_	linguistic	_	ContainsVariation=No	_	_	_	_	_	_
53-7	BOI029	53	7	testimoni	testimoni	_	_	_	_	_	linguistic	_	ContainsVariation=No	_	_	_	_	_	_
53-8	BOI029	53	8	cioè	cioè	_	_	_	_	_	linguistic	_	ContainsVariation=No	_	_	_	_	_	_
53-9	BOI029	53	9	i	i	_	_	_	_	_	linguistic	_	ContainsVariation=No	_	_	_	_	_	_
53-10	BOI029	53	10	figli,	figli	_	_	_	_	_	linguistic	_	ContainsVariation=No	Intonation=WeaklyRising	_	_	_	_	_
53-11	BOI029	53	11	parenti,	parenti	_	_	_	_	_	linguistic	_	ContainsVariation=No	Intonation=WeaklyRising	_	_	_	_	_
53-12	BOI029	53	12	coloro	coloro	_	_	_	_	_	linguistic	_	ContainsVariation=No	_	_	_	_	_	_
53-13	BOI029	53	13	che	che	_	_	_	_	_	linguistic	_	ContainsVariation=No	_	_	_	_	_	_
53-14	BOI029	53	14	hanno	hanno	_	_	_	_	_	linguistic	_	ContainsVariation=No	_	_	_	_	_	_
53-15	BOI029	53	15	avuto	avuto	_	_	_	_	_	linguistic	_	ContainsVariation=No	_	_	_	_	_	_
53-16	BOI029	53	16	nella	nella	_	_	_	_	_	linguistic	_	ContainsVariation=No	_	_	_	_	_	_
53-17	BOI029	53	17	propria	propria	_	_	_	_	_	linguistic	_	ContainsVariation=No	_	_	_	_	_	_
53-18	BOI029	53	18	famiglia	famiglia	_	_	_	_	_	linguistic	_	ContainsVariation=No	_	_	_	_	_	_
53-19	BOI029	53	19	questa	questa	_	_	_	_	_	linguistic	_	ContainsVariation=No	_	_	_	_	_	_
53-20	BOI029	53	20	cosa	cosa	_	_	_	_	_	linguistic	_	ContainsVariation=No	_	_	_	_	_	_
53-21	BOI029	53	21	e	e	_	_	_	_	_	linguistic	_	ContainsVariation=No	_	_	_	_	_	_
53-22	BOI029	53	22	vogliono	vogliono	_	_	_	_	_	linguistic	_	ContainsVariation=No	_	_	_	_	_	_
53-23	BOI029	53	23	portarci	portarci	_	_	_	_	_	linguistic	_	ContainsVariation=No	_	_	_	_	_	_
53-24	BOI029	53	24	la	la	_	_	_	_	_	linguistic	_	ContainsVariation=No	_	_	_	_	_	_
53-25	BOI029	53	25	memoria	memoria	_	_	_	_	_	linguistic	_	ContainsVariation=No	_	End=258.92	_	_	_	_
54-0	BOR001	54	0	[mhmh]	mhmh	_	_	_	_	_	linguistic	_	ContainsVariation=No	_	Begin=258.952|End=259.267	_	_	_	0-4(?)
55-0	BOI029	55	0	e:h	eh	_	_	_	_	_	linguistic	_	ContainsVariation=No	_	Begin=259.49	0x1	_	_	_
55-1	BOI029	55	1	l'	l'	_	_	_	_	_	linguistic	_	ContainsVariation=No	SpaceAfter=No	_	_	_	_	_
55-2	BOI029	55	2	anno	anno	_	_	_	_	_	linguistic	_	ContainsVariation=No	_	_	_	_	_	_
55-3	BOI029	55	3	scorso	scorso	_	_	_	_	_	linguistic	_	ContainsVariation=No	_	_	_	_	_	_
55-4	BOI029	55	4	l'	l'	_	_	_	_	_	linguistic	_	ContainsVariation=No	SpaceAfter=No	_	_	_	_	_
55-5	BOI029	55	5	abbiamo	abbiamo	_	_	_	_	_	linguistic	_	ContainsVariation=No	_	_	_	_	_	_
55-6	BOI029	55	6	fatto	fatto	_	_	_	_	_	linguistic	_	ContainsVariation=No	_	_	_	Slow=4-5(0)	_	_
55-7	BOI029	55	7	<con	con	_	_	_	_	_	linguistic	_	ContainsVariation=No	_	_	_	Slow=0-3(0)	_	_
55-8	BOI029	55	8	le	le	_	_	_	_	_	linguistic	_	ContainsVariation=No	_	_	_	Slow=0-2(0)	_	_
55-9	BOI029	55	9	classi>	classi	_	_	_	_	_	linguistic	_	ContainsVariation=No	_	_	_	Slow=0-5(0)	_	_
55-10	BOI029	55	10	terze	terze	_	_	_	_	_	linguistic	_	ContainsVariation=No	_	_	_	_	_	_
55-11	BOI029	55	11	è	è	_	_	_	_	_	linguistic	_	ContainsVariation=No	_	_	_	_	_	_
55-12	BOI029	55	12	stato	stato	_	_	_	_	_	linguistic	_	ContainsVariation=No	_	_	_	_	_	_
55-13	BOI029	55	13	molto	molto	_	_	_	_	_	linguistic	_	ContainsVariation=No	_	_	_	_	_	_
55-14	BOI029	55	14	interessante	interessante	_	_	_	_	_	linguistic	_	ContainsVariation=No	_	End=264.266	_	_	_	_
56-0	BOI029	56	0	perché	perché	_	_	_	_	_	linguistic	_	ContainsVariation=No	_	Begin=264.55	_	_	_	_
56-1	BOI029	56	1	per	per	_	_	_	_	_	linguistic	_	ContainsVariation=No	_	_	_	_	_	_
56-2	BOI029	56	2	esempio	esempio	_	_	_	_	_	linguistic	_	ContainsVariation=No	_	_	_	_	_	_
56-3	BOI029	56	3	per	per	_	_	_	_	_	linguistic	_	ContainsVariation=No	_	_	_	_	_	_
56-4	BOI029	56	4	la	la	_	_	_	_	_	linguistic	_	ContainsVariation=No	_	_	_	_	_	_
56-5	BOI029	56	5	prima	prima	_	_	_	_	_	linguistic	_	ContainsVariation=No	_	_	_	_	_	_
56-6	BOI029	56	6	a	a	_	_	_	_	_	linguistic	_	ContainsVariation=No	_	_	_	_	_	_
56-7	BOI029	56	7	volta	volta	_	_	_	_	_	linguistic	_	ContainsVariation=No	_	_	_	_	_	_
56-8	BOI029	56	8	a	a	_	_	_	_	_	linguistic	_	ContainsVariation=No	_	_	_	_	_	_
56-9	BOI029	56	9	me	me	_	_	_	_	_	linguistic	_	ContainsVariation=No	_	_	_	_	_	_
56-10	BOI029	56	10	e:h	eh	_	_	_	_	_	linguistic	_	ContainsVariation=No	_	_	0x1	_	_	_
56-11	BOI029	56	11	è	è	_	_	_	_	_	linguistic	_	ContainsVariation=No	_	_	_	_	_	_
56-12	BOI029	56	12	capitato	capitato	_	_	_	_	_	linguistic	_	ContainsVariation=No	_	_	_	_	_	_
56-13	BOI029	56	13	di	di	_	_	_	_	_	linguistic	_	ContainsVariation=No	_	_	_	_	_	_
56-14	BOI029	56	14	parlare	parlare	_	_	_	_	_	linguistic	_	ContainsVariation=No	_	_	_	_	_	_
56-15	BOI029	56	15	con	con	_	_	_	_	_	linguistic	_	ContainsVariation=No	_	_	_	_	_	_
56-16	BOI029	56	16	una	una	_	_	_	_	_	linguistic	_	ContainsVariation=No	_	_	_	_	_	_
56-17	BOI029	56	17	persona	persona	_	_	_	_	_	linguistic	_	ContainsVariation=No	_	_	_	_	_	_
56-18	BOI029	56	18	il	il	_	_	_	_	_	linguistic	_	ContainsVariation=No	_	_	_	_	_	_
56-19	BOI029	56	19	cui	cui	_	_	_	_	_	linguistic	_	ContainsVariation=No	_	_	_	_	_	_
56-20	BOI029	56	20	padre	padre	_	_	_	_	_	linguistic	_	ContainsVariation=No	_	_	_	_	_	_
56-21	BOI029	56	21	aveva	aveva	_	_	_	_	_	linguistic	_	ContainsVariation=No	_	_	_	_	_	_
56-22	BOI029	56	22	fatto	fatto	_	_	_	_	_	linguistic	_	ContainsVariation=No	_	_	_	_	_	_
56-23	BOI029	56	23	e::hm	ehm	_	_	_	_	_	linguistic	_	ContainsVariation=No	_	_	0x2	_	_	_
56-24	BOI029	56	24	la	la	_	_	_	_	_	linguistic	_	ContainsVariation=No	_	_	_	_	_	_
56-25	BOI029	56	25	guerra	guerra	_	_	_	_	_	linguistic	_	ContainsVariation=No	_	_	_	_	_	_
56-26	BOI029	56	26	in	in	_	_	_	_	_	linguistic	_	ContainsVariation=No	_	_	_	_	_	_
56-27	BOI029	56	27	russia	russia	_	_	_	_	_	linguistic	_	ContainsVariation=No	_	End=276.452	_	_	_	_
57-0	BOI029	57	0	quindi	quindi	_	_	_	_	_	linguistic	_	ContainsVariation=No	_	Begin=277.138	_	_	_	_
57-1	BOI029	57	1	dopo	dopo	_	_	_	_	_	linguistic	_	ContainsVariation=No	_	_	_	_	_	_
57-2	BOI029	57	2	tutt	tutt	_	_	_	_	_	linguistic	_	ContainsVariation=No	_	_	_	_	_	_
57-3	BOI029	57	3	il	il	_	_	_	_	_	linguistic	_	ContainsVariation=No	_	_	_	_	_	_
57-4	BOI029	57	4	r~	r~	_	_	_	_	_	linguistic	_	ContainsVariation=No	Interrupted=Yes	_	_	_	_	_
57-5	BOI029	57	5	rientro	rientro	_	_	_	_	_	linguistic	_	ContainsVariation=No	_	_	_	_	_	_
57-6	BOI029	57	6	era	era	_	_	_	_	_	linguistic	_	ContainsVariation=No	_	_	_	_	_	_
57-7	BOI029	57	7	una	una	_	_	_	_	_	linguistic	_	ContainsVariation=No	_	_	_	_	_	_
57-8	BOI029	57	8	cosa	cosa	_	_	_	_	_	linguistic	_	ContainsVariation=No	_	_	_	_	_	_
57-9	BOI029	57	9	che	che	_	_	_	_	_	linguistic	_	ContainsVariation=No	_	_	_	_	_	_
57-10	BOI029	57	10	non	non	_	_	_	_	_	linguistic	_	ContainsVariation=No	_	_	_	_	_	_
57-11	BOI029	57	11	mi	mi	_	_	_	_	_	linguistic	_	ContainsVariation=No	_	_	_	_	_	_
57-12	BOI029	57	12	era	era	_	_	_	_	_	linguistic	_	ContainsVariation=No	_	_	_	_	_	_
57-13	BOI029	57	13	mai	mai	_	_	_	_	_	linguistic	_	ContainsVariation=No	_	_	_	_	_	_
57-14	BOI029	57	14	capitato	capitato	_	_	_	_	_	linguistic	_	ContainsVariation=No	_	_	_	_	_	_
57-15	BOI029	57	15	nella	nella	_	_	_	_	_	linguistic	_	ContainsVariation=No	_	_	_	_	_	_
57-16	BOI029	57	16	mia	mia	_	_	_	_	_	linguistic	_	ContainsVariation=No	_	_	_	_	_	_
57-17	BOI029	57	17	vita	vita	_	_	_	_	_	linguistic	_	ContainsVariation=No	_	_	_	_	_	_
57-18	BOI029	57	18	di	di	_	_	_	_	_	linguistic	_	ContainsVariation=No	_	_	_	_	_	_
57-19	BOI029	57	19	ascoltare	ascoltare	_	_	_	_	_	linguistic	_	ContainsVariation=No	PauseAfter=Yes	_	_	_	_	_
57-20	BOI029	57	20	(.)	(.)	_	_	_	_	_	shortpause	_	ContainsVariation=No	_	_	_	_	_	_
57-21	BOI029	57	21	questo	questo	_	_	_	_	_	linguistic	_	ContainsVariation=No	_	_	_	_	_	_
57-22	BOI029	57	22	tipo	tipo	_	_	_	_	_	linguistic	_	ContainsVariation=No	_	_	_	_	_	_
57-23	BOI029	57	23	di	di	_	_	_	_	_	linguistic	_	ContainsVariation=No	_	_	_	_	_	_
57-24	BOI029	57	24	testimonianza	testimonianza	_	_	_	_	_	linguistic	_	ContainsVariation=No	_	End=284.388	_	_	_	_
58-0	BOR001	58	0	[e~]	e~	_	_	_	_	_	linguistic	_	ContainsVariation=No	Interrupted=Yes	Begin=284.647|End=284.893	_	_	_	0-2(10)
59-0	BOI029	59	0	[e]	e	_	_	_	_	_	linguistic	_	ContainsVariation=No	_	Begin=284.67	_	_	_	0-1(10)
59-1	BOI029	59	1	i	i	_	_	_	_	_	linguistic	_	ContainsVariation=No	_	_	_	_	_	_
59-2	BOI029	59	2	ragazzi	ragazzi	_	_	_	_	_	linguistic	_	ContainsVariation=No	_	_	_	_	_	_
59-3	BOI029	59	3	l'	l'	_	_	_	_	_	linguistic	_	ContainsVariation=No	SpaceAfter=No	_	_	_	_	_
59-4	BOI029	59	4	hanno	hanno	_	_	_	_	_	linguistic	_	ContainsVariation=No	_	_	_	_	_	_
59-5	BOI029	59	5	accolta	accolta	_	_	_	_	_	linguistic	_	ContainsVariation=No	_	_	_	_	_	_
59-6	BOI029	59	6	molto	molto	_	_	_	_	_	linguistic	_	ContainsVariation=No	_	_	_	_	_	_
59-7	BOI029	59	7	bene	bene	_	_	_	_	_	linguistic	_	ContainsVariation=No	_	End=286.787	_	_	_	_
60-0	BOI029	60	0	poi	poi	_	_	_	_	_	linguistic	_	ContainsVariation=No	_	Begin=286.92	_	_	_	_
60-1	BOI029	60	1	c'	c'	_	_	_	_	_	linguistic	_	ContainsVariation=No	SpaceAfter=No	_	_	_	_	_
60-2	BOI029	60	2	è	è	_	_	_	_	_	linguistic	_	ContainsVariation=No	_	_	_	_	_	_
60-3	BOI029	60	3	quell'	quell'	_	_	_	_	_	linguistic	_	ContainsVariation=No	SpaceAfter=No	_	_	_	_	_
60-4	BOI029	60	4	altro	altro	_	_	_	_	_	linguistic	_	ContainsVariation=No	_	_	_	_	_	_
60-5	BOI029	60	5	discorso	discorso	_	_	_	_	_	linguistic	_	ContainsVariation=No	_	_	_	_	_	_
60-6	BOI029	60	6	invece	invece	_	_	_	_	_	linguistic	_	ContainsVariation=No	_	_	_	_	_	_
60-7	BOI029	60	7	e:h	eh	_	_	_	_	_	linguistic	_	ContainsVariation=No	_	_	0x1	_	_	_
60-8	BOI029	60	8	che	che	_	_	_	_	_	linguistic	_	ContainsVariation=No	_	_	_	_	_	_
60-9	BOI029	60	9	nasce	nasce	_	_	_	_	_	linguistic	_	ContainsVariation=No	_	_	_	_	_	_
60-10	BOI029	60	10	un	un	_	_	_	_	_	linguistic	_	ContainsVariation=No	_	_	_	_	_	_
60-11	BOI029	60	11	po'	po'	_	_	_	_	_	linguistic	_	ContainsVariation=No	_	_	_	_	_	_
60-12	BOI029	60	12	da	da	_	_	_	_	_	linguistic	_	ContainsVariation=No	_	_	_	_	_	_
60-13	BOI029	60	13	quello	quello	_	_	_	_	_	linguistic	_	ContainsVariation=No	_	_	_	_	_	_
60-14	BOI029	60	14	che	che	_	_	_	_	_	linguistic	_	ContainsVariation=No	_	_	_	_	_	_
60-15	BOI029	60	15	ci	ci	_	_	_	_	_	linguistic	_	ContainsVariation=No	_	_	_	_	_	_
60-16	BOI029	60	16	dicevamo	dicevamo	_	_	_	_	_	linguistic	_	ContainsVariation=No	_	_	_	_	_	_
60-17	BOI029	60	17	prima	prima	_	_	_	_	_	linguistic	_	ContainsVariation=No	PauseAfter=Yes	_	_	_	_	_
60-18	BOI029	60	18	(.)	(.)	_	_	_	_	_	shortpause	_	ContainsVariation=No	_	_	_	_	_	_
60-19	BOI029	60	19	che	che	_	_	_	_	_	linguistic	_	ContainsVariation=No	_	_	_	_	_	_
60-20	BOI029	60	20	era	era	_	_	_	_	_	linguistic	_	ContainsVariation=No	_	End=294.24	_	_	_	_
61-0	BOI029	61	0	i	i	_	_	_	_	_	linguistic	_	ContainsVariation=No	_	Begin=294.606	_	_	_	_
61-1	BOI029	61	1	si~	si~	_	_	_	_	_	linguistic	_	ContainsVariation=No	Interrupted=Yes	_	_	_	_	_
61-2	BOI029	61	2	le	le	_	_	_	_	_	linguistic	_	ContainsVariation=No	_	_	_	_	_	_
61-3	BOI029	61	3	singole	singole	_	_	_	_	_	linguistic	_	ContainsVariation=No	_	_	_	_	_	_
61-4	BOI029	61	4	lapidi	lapidi	_	_	_	_	_	linguistic	_	ContainsVariation=No	_	_	_	_	_	_
61-5	BOI029	61	5	[i	i	_	_	_	_	_	linguistic	_	ContainsVariation=No	_	_	_	_	_	0-1(11)
61-6	BOI029	61	6	si]ngole	singole	_	_	_	_	_	linguistic	_	ContainsVariation=No	_	_	_	_	_	0-2(11)
61-7	BOI029	61	7	cose	cose	_	_	_	_	_	linguistic	_	ContainsVariation=No	_	_	_	_	_	_
61-8	BOI029	61	8	che	che	_	_	_	_	_	linguistic	_	ContainsVariation=No	_	_	_	_	_	_
61-9	BOI029	61	9	venivano	venivano	_	_	_	_	_	linguistic	_	ContainsVariation=No	_	_	_	_	_	_
61-10	BOI029	61	10	fatte	fatte	_	_	_	_	_	linguistic	_	ContainsVariation=No	_	_	_	_	_	_
61-11	BOI029	61	11	dalle	dalle	_	_	_	_	_	linguistic	_	ContainsVariation=No	_	_	_	_	_	_
61-12	BOI029	61	12	classi	classi	_	_	_	_	_	linguistic	_	ContainsVariation=No	_	_	_	_	_	_
61-13	BOI029	61	13	che	che	_	_	_	_	_	linguistic	_	ContainsVariation=No	_	_	_	_	_	_
61-14	BOI029	61	14	negli	negli	_	_	_	_	_	linguistic	_	ContainsVariation=No	_	_	_	_	_	_
61-15	BOI029	61	15	ultimi	ultimi	_	_	_	_	_	linguistic	_	ContainsVariation=No	PauseAfter=Yes	_	_	_	_	_
61-16	BOI029	61	16	(.)	(.)	_	_	_	_	_	shortpause	_	ContainsVariation=No	_	_	_	_	_	_
61-17	BOI029	61	17	e::h	eh	_	_	_	_	_	linguistic	_	ContainsVariation=No	_	_	0x2	_	_	_
61-18	BOI029	61	18	<cinque	cinque	_	_	_	_	_	linguistic	_	ContainsVariation=No	_	_	_	Slow=0-6(0)	_	_
61-19	BOI029	61	19	anni>	anni	_	_	_	_	_	linguistic	_	ContainsVariation=No	_	_	_	Slow=0-4(0)	_	_
61-20	BOI029	61	20	abbiamo	abbiamo	_	_	_	_	_	linguistic	_	ContainsVariation=No	_	_	_	_	_	_
61-21	BOI029	61	21	voluto	voluto	_	_	_	_	_	linguistic	_	ContainsVariation=No	_	_	_	_	_	_
61-22	BOI029	61	22	eh	eh	_	_	_	_	_	linguistic	_	ContainsVariation=No	_	_	_	_	_	_
61-23	BOI029	61	23	non	non	_	_	_	_	_	linguistic	_	ContainsVariation=No	_	_	_	_	_	_
61-24	BOI029	61	24	più	più	_	_	_	_	_	linguistic	_	ContainsVariation=No	_	_	_	_	_	_
61-25	BOI029	61	25	farle	farle	_	_	_	_	_	linguistic	_	ContainsVariation=No	_	_	_	_	_	_
61-26	BOI029	61	26	>diciamo<	diciamo	_	_	_	_	_	linguistic	_	ContainsVariation=No	_	_	_	Fast=0-7(0)	_	_
61-27	BOI029	61	27	in	in	_	_	_	_	_	linguistic	_	ContainsVariation=No	_	_	_	_	_	_
61-28	BOI029	61	28	maniera	maniera	_	_	_	_	_	linguistic	_	ContainsVariation=No	_	_	_	_	_	_
61-29	BOI029	61	29	<spontanea>	spontanea	_	_	_	_	_	linguistic	_	ContainsVariation=No	_	End=308.29	_	Slow=0-9(1)	_	_
62-0	BOR001	62	0	mh[mh]	mhmh	_	_	_	_	_	linguistic	_	ContainsVariation=No	_	Begin=296.633|End=296.92	_	_	_	2-4(11)
63-0	BOI029	63	0	ma	ma	_	_	_	_	_	linguistic	_	ContainsVariation=No	_	Begin=308.66	_	_	_	_
63-1	BOI029	63	1	abbiamo	abbiamo	_	_	_	_	_	linguistic	_	ContainsVariation=No	_	_	_	_	_	_
63-2	BOI029	63	2	voluto	voluto	_	_	_	_	_	linguistic	_	ContainsVariation=No	_	_	_	_	_	_
63-3	BOI029	63	3	raccogliere	raccogliere	_	_	_	_	_	linguistic	_	ContainsVariation=No	_	_	_	_	_	_
63-4	BOI029	63	4	il	il	_	_	_	_	_	linguistic	_	ContainsVariation=No	_	_	_	_	_	_
63-5	BOI029	63	5	lavoro	lavoro	_	_	_	_	_	linguistic	_	ContainsVariation=No	_	_	_	_	_	_
63-6	BOI029	63	6	delle	delle	_	_	_	_	_	linguistic	_	ContainsVariation=No	_	_	_	_	_	_
63-7	BOI029	63	7	classi	classi	_	_	_	_	_	linguistic	_	ContainsVariation=No	_	End=311.68	_	_	_	_
64-0	BOI029	64	0	e:jh	ejh	_	_	_	_	_	linguistic	_	ContainsVariation=No	_	Begin=312.14	0x1	_	_	_
64-1	BOI029	64	1	questo	questo	_	_	_	_	_	linguistic	_	ContainsVariation=No	_	_	_	_	_	_
64-2	BOI029	64	2	ha	ha	_	_	_	_	_	linguistic	_	ContainsVariation=No	_	_	_	_	_	_
64-3	BOI029	64	3	portato	portato	_	_	_	_	_	linguistic	_	ContainsVariation=No	_	_	_	_	_	_
64-4	BOI029	64	4	a	a	_	_	_	_	_	linguistic	_	ContainsVariation=No	_	_	_	_	_	_
64-5	BOI029	64	5	due	due	_	_	_	_	_	linguistic	_	ContainsVariation=No	_	_	_	_	_	_
64-6	BOI029	64	6	folder	folder	_	_	_	_	_	linguistic	_	ContainsVariation=No	_	End=315.31	_	_	_	_
65-0	BOR001	65	0	mh[mh]	mhmh	_	_	_	_	_	linguistic	_	ContainsVariation=No	_	Begin=315.66|End=316.544	_	_	_	2-4(12)
66-0	BOI029	66	0	[dal	dal	_	_	_	_	_	linguistic	_	ContainsVariation=No	_	Begin=315.93	_	_	_	0-3(12)
66-1	BOI029	66	1	tito]lo	titolo	_	_	_	_	_	linguistic	_	ContainsVariation=No	_	_	_	_	_	0-4(12)
66-2	BOI029	66	2	i	i	_	_	_	_	_	linguistic	_	ContainsVariation=No	_	_	_	_	_	_
66-3	BOI029	66	3	nostri	nostri	_	_	_	_	_	linguistic	_	ContainsVariation=No	_	_	_	_	_	_
66-4	BOI029	66	4	luoghi	luoghi	_	_	_	_	_	linguistic	_	ContainsVariation=No	_	_	_	_	_	_
66-5	BOI029	66	5	la	la	_	_	_	_	_	linguistic	_	ContainsVariation=No	_	_	_	_	_	_
66-6	BOI029	66	6	nostra	nostra	_	_	_	_	_	linguistic	_	ContainsVariation=No	_	_	_	_	_	_
66-7	BOI029	66	7	storia	storia	_	_	_	_	_	linguistic	_	ContainsVariation=No	_	_	_	_	_	_
66-8	BOI029	66	8	con	con	_	_	_	_	_	linguistic	_	ContainsVariation=No	_	_	_	_	_	_
66-9	BOI029	66	9	due	due	_	_	_	_	_	linguistic	_	ContainsVariation=No	_	_	_	_	_	_
66-10	BOI029	66	10	percorsi	percorsi	_	_	_	_	_	linguistic	_	ContainsVariation=No	_	End=319.384	_	_	_	_
67-0	BOI029	67	0	eh	eh	_	_	_	_	_	linguistic	_	ContainsVariation=No	_	Begin=319.95	_	_	_	_
67-1	BOI029	67	1	uno	uno	_	_	_	_	_	linguistic	_	ContainsVariation=No	_	_	_	_	_	_
67-2	BOI029	67	2	che	che	_	_	_	_	_	linguistic	_	ContainsVariation=No	_	_	_	_	_	_
67-3	BOI029	67	3	si	si	_	_	_	_	_	linguistic	_	ContainsVariation=No	_	_	_	_	_	_
67-4	BOI029	67	4	snoda	snoda	_	_	_	_	_	linguistic	_	ContainsVariation=No	_	_	_	_	_	_
67-5	BOI029	67	5	più	più	_	_	_	_	_	linguistic	_	ContainsVariation=No	_	_	_	_	_	_
67-6	BOI029	67	6	verso	verso	_	_	_	_	_	linguistic	_	ContainsVariation=No	_	_	_	_	_	_
67-7	BOI029	67	7	via	via	_	_	_	_	_	linguistic	_	ContainsVariation=No	_	_	_	_	_	_
67-8	BOI029	67	8	andrea	andrea	_	_	_	_	_	linguistic	_	ContainsVariation=No	_	_	_	_	_	_
67-9	BOI029	67	9	costa	costa	_	_	_	_	_	linguistic	_	ContainsVariation=No	PauseAfter=Yes	_	_	_	_	_
67-10	BOI029	67	10	(.)	(.)	_	_	_	_	_	shortpause	_	ContainsVariation=No	_	_	_	_	_	_
67-11	BOI029	67	11	e	e	_	_	_	_	_	linguistic	_	ContainsVariation=No	_	_	_	_	_	_
67-12	BOI029	67	12	quell'	quell'	_	_	_	_	_	linguistic	_	ContainsVariation=No	SpaceAfter=No	_	_	_	_	_
67-13	BOI029	67	13	altro	altro	_	_	_	_	_	linguistic	_	ContainsVariation=No	_	_	_	_	_	_
67-14	BOI029	67	14	più	più	_	_	_	_	_	linguistic	_	ContainsVariation=No	_	_	_	_	_	_
67-15	BOI029	67	15	su	su	_	_	_	_	_	linguistic	_	ContainsVariation=No	_	_	_	_	_	_
67-16	BOI029	67	16	via	via	_	_	_	_	_	linguistic	_	ContainsVariation=No	_	_	_	_	_	_
67-17	BOI029	67	17	saragozza	saragozza	_	_	_	_	_	linguistic	_	ContainsVariation=No	_	_	_	_	_	_
67-18	BOI029	67	18	che	che	_	_	_	_	_	linguistic	_	ContainsVariation=No	_	_	_	_	_	_
67-19	BOI029	67	19	è	è	_	_	_	_	_	linguistic	_	ContainsVariation=No	_	_	_	_	_	_
67-20	BOI029	67	20	il	il	_	_	_	_	_	linguistic	_	ContainsVariation=No	_	_	_	_	_	_
67-21	BOI029	67	21	secondo	secondo	_	_	_	_	_	linguistic	_	ContainsVariation=No	_	End=326.232	_	_	_	_
68-0	BOI029	68	0	e:	e	_	_	_	_	_	linguistic	_	ContainsVariation=No	_	Begin=326.47	0x1	_	_	_
68-1	BOI029	68	1	e	e	_	_	_	_	_	linguistic	_	ContainsVariation=No	_	_	_	_	_	_
68-2	BOI029	68	2	questi	questi	_	_	_	_	_	linguistic	_	ContainsVariation=No	_	_	_	_	_	_
68-3	BOI029	68	3	due	due	_	_	_	_	_	linguistic	_	ContainsVariation=No	_	_	_	_	_	_
68-4	BOI029	68	4	percorsi	percorsi	_	_	_	_	_	linguistic	_	ContainsVariation=No	_	_	_	_	_	_
68-5	BOI029	68	5	praticamente	praticamente	_	_	_	_	_	linguistic	_	ContainsVariation=No	_	_	_	_	_	_
68-6	BOI029	68	6	hanno	hanno	_	_	_	_	_	linguistic	_	ContainsVariation=No	_	_	_	_	_	_
68-7	BOI029	68	7	collaborato	collaborato	_	_	_	_	_	linguistic	_	ContainsVariation=No	_	_	_	_	_	_
68-8	BOI029	68	8	ogni	ogni	_	_	_	_	_	linguistic	_	ContainsVariation=No	PauseAfter=Yes	_	_	_	_	_
68-9	BOI029	68	9	(.)	(.)	_	_	_	_	_	shortpause	_	ContainsVariation=No	_	_	_	_	_	_
68-10	BOI029	68	10	eh	eh	_	_	_	_	_	linguistic	_	ContainsVariation=No	_	_	_	_	_	_
68-11	BOI029	68	11	<classe>	classe	_	_	_	_	_	linguistic	_	ContainsVariation=No	_	_	_	Slow=0-6(0)	_	_
68-12	BOI029	68	12	eh	eh	_	_	_	_	_	linguistic	_	ContainsVariation=No	_	_	_	_	_	_
68-13	BOI029	68	13	terza	terza	_	_	_	_	_	linguistic	_	ContainsVariation=No	_	_	_	_	_	_
68-14	BOI029	68	14	del	del	_	_	_	_	_	linguistic	_	ContainsVariation=No	_	_	_	_	_	_
68-15	BOI029	68	15	nostro	nostro	_	_	_	_	_	linguistic	_	ContainsVariation=No	_	_	_	_	_	_
68-16	BOI029	68	16	istituto	istituto	_	_	_	_	_	linguistic	_	ContainsVariation=No	_	End=336.022	_	_	_	_
69-0	BOI029	69	0	E	e	_	_	_	_	_	linguistic	_	ContainsVariation=No	Volume=high	Begin=336.46	_	_	_	_
69-1	BOI029	69	1	praticamente	praticamente	_	_	_	_	_	linguistic	_	ContainsVariation=No	_	_	_	_	_	_
69-2	BOI029	69	2	in	in	_	_	_	_	_	linguistic	_	ContainsVariation=No	_	_	_	_	_	_
69-3	BOI029	69	3	questi	questi	_	_	_	_	_	linguistic	_	ContainsVariation=No	_	_	_	_	_	_
69-4	BOI029	69	4	percorsi	percorsi	_	_	_	_	_	linguistic	_	ContainsVariation=No	PauseAfter=Yes	_	_	_	_	_
69-5	BOI029	69	5	(.)	(.)	_	_	_	_	_	shortpause	_	ContainsVariation=No	_	_	_	_	_	_
69-6	BOI029	69	6	e:h	eh	_	_	_	_	_	linguistic	_	ContainsVariation=No	_	_	0x1	_	_	_
69-7	BOI029	69	7	ognu~	ognu~	_	_	_	_	_	linguistic	_	ContainsVariation=No	Interrupted=Yes	_	_	_	_	_
69-8	BOI029	69	8	ogni	ogni	_	_	_	_	_	linguistic	_	ContainsVariation=No	_	_	_	_	_	_
69-9	BOI029	69	9	classe	classe	_	_	_	_	_	linguistic	_	ContainsVariation=No	_	_	_	_	_	_
69-10	BOI029	69	10	ha	ha	_	_	_	_	_	linguistic	_	ContainsVariation=No	_	_	_	_	_	_
69-11	BOI029	69	11	dato	dato	_	_	_	_	_	linguistic	_	ContainsVariation=No	_	_	_	_	_	_
69-12	BOI029	69	12	un	un	_	_	_	_	_	linguistic	_	ContainsVariation=No	_	_	_	_	_	_
69-13	BOI029	69	13	contributo	contributo	_	_	_	_	_	linguistic	_	ContainsVariation=No	_	_	_	_	_	_
69-14	BOI029	69	14	<sia>	sia	_	_	_	_	_	linguistic	_	ContainsVariation=No	_	_	_	Slow=0-3(0)	_	_
69-15	BOI029	69	15	scritto	scritto	_	_	_	_	_	linguistic	_	ContainsVariation=No	_	_	_	_	_	_
69-16	BOI029	69	16	che	che	_	_	_	_	_	linguistic	_	ContainsVariation=No	_	_	_	_	_	_
69-17	BOI029	69	17	video	video	_	_	_	_	_	linguistic	_	ContainsVariation=No	_	End=346.093	_	_	_	_
70-0	BOI029	70	0	dall'	dall'	_	_	_	_	_	linguistic	_	ContainsVariation=No	SpaceAfter=No	Begin=346.15	_	_	_	_
70-1	BOI029	70	1	interno	interno	_	_	_	_	_	linguistic	_	ContainsVariation=No	_	_	_	_	_	_
70-2	BOI029	70	2	del~	del~	_	_	_	_	_	linguistic	_	ContainsVariation=No	Interrupted=Yes	_	_	_	_	_
70-3	BOI029	70	3	del	del	_	_	_	_	_	linguistic	_	ContainsVariation=No	_	_	_	_	_	_
70-4	BOI029	70	4	sito	sito	_	_	_	_	_	linguistic	_	ContainsVariation=No	_	_	_	_	_	_
70-5	BOI029	70	5	della	della	_	_	_	_	_	linguistic	_	ContainsVariation=No	_	_	_	_	_	_
70-6	BOI029	70	6	nostra	nostra	_	_	_	_	_	linguistic	_	ContainsVariation=No	_	_	_	_	_	_
70-7	BOI029	70	7	scuola	scuola	_	_	_	_	_	linguistic	_	ContainsVariation=No	_	_	_	_	_	_
70-8	BOI029	70	8	e	e	_	_	_	_	_	linguistic	_	ContainsVariation=No	_	_	_	_	_	_
70-9	BOI029	70	9	da	da	_	_	_	_	_	linguistic	_	ContainsVariation=No	_	_	_	_	_	_
70-10	BOI029	70	10	questo,	questo	_	_	_	_	_	linguistic	_	ContainsVariation=No	Intonation=WeaklyRising	End=352.14	_	_	_	_
71-0	BOR001	71	0	(sento:)	sento	_	_	_	_	_	linguistic	_	ContainsVariation=No	_	Begin=352.53|End=353.56	4x1	_	0-5(0)	_
72-0	BOI029	72	0	spegni	spegni	_	_	_	_	_	linguistic	_	ContainsVariation=No	_	Begin=353.66	_	_	_	_
72-1	BOI029	72	1	che	che	_	_	_	_	_	linguistic	_	ContainsVariation=No	_	_	_	_	_	_
72-2	BOI029	72	2	dopo	dopo	_	_	_	_	_	linguistic	_	ContainsVariation=No	_	_	_	_	_	_
72-3	BOI029	72	3	°riprendia[mo]°	riprendiamo	_	_	_	_	_	linguistic	_	ContainsVariation=No	Volume=low	End=354.76	_	_	_	9-11(13)
73-0	BOR001	73	0	[O]KAY	okay	_	_	_	_	_	linguistic	_	ContainsVariation=No	Volume=high	Begin=354.63|End=355.32	_	_	_	0-1(13)
74-0	BOI029	74	0	allora	allora	_	_	_	_	_	linguistic	_	ContainsVariation=No	_	Begin=357.18|End=357.56	_	_	_	_
75-0	BOR001	75	0	(mhmh)	mhmh	_	_	_	_	_	linguistic	_	ContainsVariation=No	_	Begin=357.61|End=357.986	_	_	0-4(0)	_
76-0	BOI029	76	0	questi	questi	_	_	_	_	_	linguistic	_	ContainsVariation=No	_	Begin=358.15	_	_	_	_
76-1	BOI029	76	1	primi	primi	_	_	_	_	_	linguistic	_	ContainsVariation=No	_	_	_	_	_	_
76-2	BOI029	76	2	due	due	_	_	_	_	_	linguistic	_	ContainsVariation=No	_	_	_	_	_	_
76-3	BOI029	76	3	anni	anni	_	_	_	_	_	linguistic	_	ContainsVariation=No	_	_	_	_	_	_
76-4	BOI029	76	4	abbiamo	abbiamo	_	_	_	_	_	linguistic	_	ContainsVariation=No	_	_	_	_	_	_
76-5	BOI029	76	5	fatto	fatto	_	_	_	_	_	linguistic	_	ContainsVariation=No	_	_	_	_	_	_
76-6	BOI029	76	6	>appunto<	appunto	_	_	_	_	_	linguistic	_	ContainsVariation=No	_	_	_	Fast=0-7(0)	_	_
76-7	BOI029	76	7	due	due	_	_	_	_	_	linguistic	_	ContainsVariation=No	_	_	_	_	_	_
76-8	BOI029	76	8	percorsi	percorsi	_	_	_	_	_	linguistic	_	ContainsVariation=No	_	_	_	_	_	_
76-9	BOI029	76	9	che	che	_	_	_	_	_	linguistic	_	ContainsVariation=No	_	_	_	_	_	_
76-10	BOI029	76	10	hanno	hanno	_	_	_	_	_	linguistic	_	ContainsVariation=No	_	_	_	_	_	_
76-11	BOI029	76	11	forma	forma	_	_	_	_	_	linguistic	_	ContainsVariation=No	_	_	_	_	_	_
76-12	BOI029	76	12	cartacea	cartacea	_	_	_	_	_	linguistic	_	ContainsVariation=No	_	_	_	_	_	_
76-13	BOI029	76	13	e	e	_	_	_	_	_	linguistic	_	ContainsVariation=No	_	_	_	_	_	_
76-14	BOI029	76	14	anche	anche	_	_	_	_	_	linguistic	_	ContainsVariation=No	_	_	_	_	_	_
76-15	BOI029	76	15	video	video	_	_	_	_	_	linguistic	_	ContainsVariation=No	_	End=363.01	_	_	_	_
77-0	BOI029	77	0	c'	c'	_	_	_	_	_	linguistic	_	ContainsVariation=No	SpaceAfter=No	Begin=363.14	_	_	_	_
77-1	BOI029	77	1	è	è	_	_	_	_	_	linguistic	_	ContainsVariation=No	_	_	_	_	_	_
77-2	BOI029	77	2	un	un	_	_	_	_	_	linguistic	_	ContainsVariation=No	_	_	_	_	_	_
77-3	BOI029	77	3	qr	qr	_	_	_	_	_	linguistic	_	ContainsVariation=No	_	_	_	_	_	_
77-4	BOI029	77	4	code	code	_	_	_	_	_	linguistic	_	ContainsVariation=No	_	_	_	_	_	_
77-5	BOI029	77	5	una	una	_	_	_	_	_	linguistic	_	ContainsVariation=No	PauseAfter=Yes	_	_	_	_	_
77-6	BOI029	77	6	(.)	(.)	_	_	_	_	_	shortpause	_	ContainsVariation=No	_	_	_	_	_	_
77-7	BOI029	77	7	e:h	eh	_	_	_	_	_	linguistic	_	ContainsVariation=No	_	_	0x1	_	_	_
77-8	BOI029	77	8	<targa>	targa	_	_	_	_	_	linguistic	_	ContainsVariation=No	_	_	_	Slow=0-5(0)	_	_
77-9	BOI029	77	9	che	che	_	_	_	_	_	linguistic	_	ContainsVariation=No	_	_	_	_	_	_
77-10	BOI029	77	10	è	è	_	_	_	_	_	linguistic	_	ContainsVariation=No	_	_	_	_	_	_
77-11	BOI029	77	11	stata	stata	_	_	_	_	_	linguistic	_	ContainsVariation=No	_	_	_	_	_	_
77-12	BOI029	77	12	posizionata	posizionata	_	_	_	_	_	linguistic	_	ContainsVariation=No	_	_	_	_	_	_
77-13	BOI029	77	13	in~	in~	_	_	_	_	_	linguistic	_	ContainsVariation=No	Interrupted=Yes	_	_	_	_	_
77-14	BOI029	77	14	nella	nella	_	_	_	_	_	linguistic	_	ContainsVariation=No	_	_	_	_	_	_
77-15	BOI029	77	15	zona	zona	_	_	_	_	_	linguistic	_	ContainsVariation=No	_	_	_	_	_	_
77-16	BOI029	77	16	dello	dello	_	_	_	_	_	linguistic	_	ContainsVariation=No	_	_	_	_	_	_
77-17	BOI029	77	17	stadio	stadio	_	_	_	_	_	linguistic	_	ContainsVariation=No	_	End=370.232	_	_	_	_
78-0	BOI029	78	0	dove	dove	_	_	_	_	_	linguistic	_	ContainsVariation=No	_	Begin=370.44	_	_	_	_
78-1	BOI029	78	1	anche	anche	_	_	_	_	_	linguistic	_	ContainsVariation=No	_	_	_	_	_	_
78-2	BOI029	78	2	i	i	_	_	_	_	_	linguistic	_	ContainsVariation=No	_	_	_	_	_	_
78-3	BOI029	78	3	cittadini	cittadini	_	_	_	_	_	linguistic	_	ContainsVariation=No	_	_	_	_	_	_
78-4	BOI029	78	4	po~	po~	_	_	_	_	_	linguistic	_	ContainsVariation=No	Interrupted=Yes	_	_	_	_	_
78-5	BOI029	78	5	possono	possono	_	_	_	_	_	linguistic	_	ContainsVariation=No	_	_	_	_	_	_
78-6	BOI029	78	6	vedere	vedere	_	_	_	_	_	linguistic	_	ContainsVariation=No	_	_	_	_	_	_
78-7	BOI029	78	7	il	il	_	_	_	_	_	linguistic	_	ContainsVariation=No	_	_	_	_	_	_
78-8	BOI029	78	8	percorso	percorso	_	_	_	_	_	linguistic	_	ContainsVariation=No	_	_	_	_	_	_
78-9	BOI029	78	9	e	e	_	_	_	_	_	linguistic	_	ContainsVariation=No	_	_	_	_	_	_
78-10	BOI029	78	10	possono	possono	_	_	_	_	_	linguistic	_	ContainsVariation=No	_	_	_	_	_	_
78-11	BOI029	78	11	[con	con	_	_	_	_	_	linguistic	_	ContainsVariation=No	_	_	_	_	_	0-3(15)
78-12	BOI029	78	12	il	il	_	_	_	_	_	linguistic	_	ContainsVariation=No	_	_	_	_	_	0-2(15)
78-13	BOI029	78	13	qr	qr	_	_	_	_	_	linguistic	_	ContainsVariation=No	_	_	_	_	_	0-2(15)
78-14	BOI029	78	14	code]	code	_	_	_	_	_	linguistic	_	ContainsVariation=No	_	_	_	_	_	0-4(15)
78-15	BOI029	78	15	rientrare	rientrare	_	_	_	_	_	linguistic	_	ContainsVariation=No	_	_	_	_	_	_
78-16	BOI029	78	16	nel	nel	_	_	_	_	_	linguistic	_	ContainsVariation=No	_	_	_	_	_	_
78-17	BOI029	78	17	perc[or]so	percorso	_	_	_	_	_	linguistic	_	ContainsVariation=No	_	End=376.86	_	_	_	4-6(14)
79-0	BOR001	79	0	[sì	sì	_	_	_	_	_	linguistic	_	ContainsVariation=No	_	Begin=374.43	_	_	_	0-2(15)
79-1	BOR001	79	1	con	con	_	_	_	_	_	linguistic	_	ContainsVariation=No	_	_	_	_	_	0-3(15)
79-2	BOR001	79	2	il	il	_	_	_	_	_	linguistic	_	ContainsVariation=No	_	_	_	_	_	0-2(15)
79-3	BOR001	79	3	code]	code	_	_	_	_	_	linguistic	_	ContainsVariation=No	_	End=375.319	_	_	_	0-4(15)
80-0	BOR001	80	0	[mh]	mh	_	_	_	_	_	linguistic	_	ContainsVariation=No	_	Begin=376.49|End=376.65	_	_	_	0-2(14)
81-0	BOI029	81	0	eh	eh	_	_	_	_	_	linguistic	_	ContainsVariation=No	_	Begin=377.55	_	_	_	_
81-1	BOI029	81	1	fatta	fatta	_	_	_	_	_	linguistic	_	ContainsVariation=No	_	_	_	_	_	_
81-2	BOI029	81	2	questa	questa	_	_	_	_	_	linguistic	_	ContainsVariation=No	_	_	_	_	_	_
81-3	BOI029	81	3	cosa	cosa	_	_	_	_	_	linguistic	_	ContainsVariation=No	_	_	_	_	_	_
81-4	BOI029	81	4	e:h.	eh	_	_	_	_	_	linguistic	_	ContainsVariation=No	Intonation=Falling	_	0x1	_	_	_
81-5	BOI029	81	5	l'	l'	_	_	_	_	_	linguistic	_	ContainsVariation=No	SpaceAfter=No	_	_	_	_	_
81-6	BOI029	81	6	anno	anno	_	_	_	_	_	linguistic	_	ContainsVariation=No	_	_	_	_	_	_
81-7	BOI029	81	7	successivo	successivo	_	_	_	_	_	linguistic	_	ContainsVariation=No	_	_	_	_	_	_
81-8	BOI029	81	8	no~	no~	_	_	_	_	_	linguistic	_	ContainsVariation=No	Interrupted=Yes	_	_	_	_	_
81-9	BOI029	81	9	abbiamo	abbiamo	_	_	_	_	_	linguistic	_	ContainsVariation=No	_	_	_	_	_	_
81-10	BOI029	81	10	ritenuto	ritenuto	_	_	_	_	_	linguistic	_	ContainsVariation=No	_	_	_	_	_	_
81-11	BOI029	81	11	non	non	_	_	_	_	_	linguistic	_	ContainsVariation=No	_	_	_	_	_	_
81-12	BOI029	81	12	opportuno	opportuno	_	_	_	_	_	linguistic	_	ContainsVariation=No	_	_	_	_	_	_
81-13	BOI029	81	13	continuare	continuare	_	_	_	_	_	linguistic	_	ContainsVariation=No	_	_	_	_	_	_
81-14	BOI029	81	14	a	a	_	_	_	_	_	linguistic	_	ContainsVariation=No	_	_	_	_	_	_
81-15	BOI029	81	15	fare	fare	_	_	_	_	_	linguistic	_	ContainsVariation=No	_	_	_	_	_	_
81-16	BOI029	81	16	un	un	_	_	_	_	_	linguistic	_	ContainsVariation=No	_	_	_	_	_	_
81-17	BOI029	81	17	ennesimo	ennesimo	_	_	_	_	_	linguistic	_	ContainsVariation=No	_	_	_	_	_	_
81-18	BOI029	81	18	percorso	percorso	_	_	_	_	_	linguistic	_	ContainsVariation=No	_	_	_	_	_	_
81-19	BOI029	81	19	ma	ma	_	_	_	_	_	linguistic	_	ContainsVariation=No	_	_	_	_	_	_
81-20	BOI029	81	20	ca~	ca~	_	_	_	_	_	linguistic	_	ContainsVariation=No	Interrupted=Yes	_	_	_	_	_
81-21	BOI029	81	21	cambiare	cambiare	_	_	_	_	_	linguistic	_	ContainsVariation=No	_	_	_	_	_	_
81-22	BOI029	81	22	modalità	modalità	_	_	_	_	_	linguistic	_	ContainsVariation=No	_	_	_	_	_	_
81-23	BOI029	81	23	di	di	_	_	_	_	_	linguistic	_	ContainsVariation=No	_	_	_	_	_	_
81-24	BOI029	81	24	approccio	approccio	_	_	_	_	_	linguistic	_	ContainsVariation=No	_	End=387.682	_	_	_	_
82-0	BOI029	82	0	e	e	_	_	_	_	_	linguistic	_	ContainsVariation=No	_	Begin=388.11	_	_	_	_
82-1	BOI029	82	1	diciamo	diciamo	_	_	_	_	_	linguistic	_	ContainsVariation=No	_	_	_	_	_	_
82-2	BOI029	82	2	che	che	_	_	_	_	_	linguistic	_	ContainsVariation=No	_	_	_	_	_	_
82-3	BOI029	82	3	è	è	_	_	_	_	_	linguistic	_	ContainsVariation=No	_	_	_	_	_	_
82-4	BOI029	82	4	stata	stata	_	_	_	_	_	linguistic	_	ContainsVariation=No	_	_	_	_	_	_
82-5	BOI029	82	5	una	una	_	_	_	_	_	linguistic	_	ContainsVariation=No	_	_	_	_	_	_
82-6	BOI029	82	6	c~	c~	_	_	_	_	_	linguistic	_	ContainsVariation=No	Interrupted=Yes	_	_	_	_	_
82-7	BOI029	82	7	scelta	scelta	_	_	_	_	_	linguistic	_	ContainsVariation=No	_	_	_	_	_	_
82-8	BOI029	82	8	molto::	molto	_	_	_	_	_	linguistic	_	ContainsVariation=No	_	_	4x2	_	_	_
82-9	BOI029	82	9	indovinata	indovinata	_	_	_	_	_	linguistic	_	ContainsVariation=No	_	_	_	_	_	_
82-10	BOI029	82	10	che	che	_	_	_	_	_	linguistic	_	ContainsVariation=No	_	_	_	_	_	_
82-11	BOI029	82	11	quando	quando	_	_	_	_	_	linguistic	_	ContainsVariation=No	_	_	_	_	_	_
82-12	BOI029	82	12	l'	l'	_	_	_	_	_	linguistic	_	ContainsVariation=No	SpaceAfter=No	_	_	_	_	_
82-13	BOI029	82	13	abbiamo	abbiamo	_	_	_	_	_	linguistic	_	ContainsVariation=No	_	_	_	_	_	_
82-14	BOI029	82	14	fatta	fatta	_	_	_	_	_	linguistic	_	ContainsVariation=No	_	_	_	_	_	_
82-15	BOI029	82	15	in	in	_	_	_	_	_	linguistic	_	ContainsVariation=No	_	_	_	_	_	_
82-16	BOI029	82	16	realtà	realtà	_	_	_	_	_	linguistic	_	ContainsVariation=No	_	_	_	_	_	_
82-17	BOI029	82	17	non	non	_	_	_	_	_	linguistic	_	ContainsVariation=No	_	_	_	_	_	_
82-18	BOI029	82	18	eravamo	eravamo	_	_	_	_	_	linguistic	_	ContainsVariation=No	_	_	_	_	_	_
82-19	BOI029	82	19	così	così	_	_	_	_	_	linguistic	_	ContainsVariation=No	_	_	_	_	_	_
82-20	BOI029	82	20	consapevoli	consapevoli	_	_	_	_	_	linguistic	_	ContainsVariation=No	_	End=395.944	_	_	_	_
83-0	BOI029	83	0	nel	nel	_	_	_	_	_	linguistic	_	ContainsVariation=No	_	Begin=396.44	_	_	_	_
83-1	BOI029	83	1	senso	senso	_	_	_	_	_	linguistic	_	ContainsVariation=No	_	_	_	_	_	_
83-2	BOI029	83	2	che	che	_	_	_	_	_	linguistic	_	ContainsVariation=No	_	_	_	_	_	_
83-3	BOI029	83	3	eh	eh	_	_	_	_	_	linguistic	_	ContainsVariation=No	_	_	_	_	_	_
83-4	BOI029	83	4	abbiamo	abbiamo	_	_	_	_	_	linguistic	_	ContainsVariation=No	_	_	_	_	_	_
83-5	BOI029	83	5	fatto	fatto	_	_	_	_	_	linguistic	_	ContainsVariation=No	_	_	_	_	_	_
83-6	BOI029	83	6	questo	questo	_	_	_	_	_	linguistic	_	ContainsVariation=No	_	_	_	_	_	_
83-7	BOI029	83	7	laboratorio	laboratorio	_	_	_	_	_	linguistic	_	ContainsVariation=No	_	_	_	_	_	_
83-8	BOI029	83	8	con	con	_	_	_	_	_	linguistic	_	ContainsVariation=No	_	_	_	_	_	_
83-9	BOI029	83	9	un~	un~	_	_	_	_	_	linguistic	_	ContainsVariation=No	Interrupted=Yes	_	_	_	_	_
83-10	BOI029	83	10	il	il	_	_	_	_	_	linguistic	_	ContainsVariation=No	_	_	_	_	_	_
83-11	BOI029	83	11	gruppo	gruppo	_	_	_	_	_	linguistic	_	ContainsVariation=No	_	_	_	_	_	_
83-12	BOI029	83	12	eh	eh	_	_	_	_	_	linguistic	_	ContainsVariation=No	_	_	_	_	_	_
83-13	BOI029	83	13	kepler	kepler	_	_	_	_	_	linguistic	_	ContainsVariation=No	_	_	_	_	_	_
83-14	BOI029	83	14	quattrocinquedue	quattrocinquedue	_	_	_	_	_	linguistic	_	ContainsVariation=No	_	End=403.259	_	_	_	_
84-0	BOI029	84	0	il	il	_	_	_	_	_	linguistic	_	ContainsVariation=No	_	Begin=403.713	_	_	_	_
84-1	BOI029	84	1	quale	quale	_	_	_	_	_	linguistic	_	ContainsVariation=No	_	_	_	_	_	_
84-2	BOI029	84	2	appunto	appunto	_	_	_	_	_	linguistic	_	ContainsVariation=No	_	_	_	_	_	_
84-3	BOI029	84	3	ha	ha	_	_	_	_	_	linguistic	_	ContainsVariation=No	_	_	_	_	_	_
84-4	BOI029	84	4	seguito	seguito	_	_	_	_	_	linguistic	_	ContainsVariation=No	_	_	_	_	_	_
84-5	BOI029	84	5	i	i	_	_	_	_	_	linguistic	_	ContainsVariation=No	_	_	_	_	_	_
84-6	BOI029	84	6	ragazzi	ragazzi	_	_	_	_	_	linguistic	_	ContainsVariation=No	_	_	_	_	_	_
84-7	BOI029	84	7	eh	eh	_	_	_	_	_	linguistic	_	ContainsVariation=No	_	_	_	_	_	_
84-8	BOI029	84	8	nel	nel	_	_	_	_	_	linguistic	_	ContainsVariation=No	_	_	_	_	_	_
84-9	BOI029	84	9	percorso	percorso	_	_	_	_	_	linguistic	_	ContainsVariation=No	_	End=407.35	_	_	_	_
85-0	BOI029	85	0	eh.	eh	_	_	_	_	_	linguistic	_	ContainsVariation=No	Intonation=Falling	Begin=407.69	_	_	_	_
85-1	BOI029	85	1	facendo	facendo	_	_	_	_	_	linguistic	_	ContainsVariation=No	_	_	_	_	_	_
85-2	BOI029	85	2	dire	dire	_	_	_	_	_	linguistic	_	ContainsVariation=No	_	_	_	_	_	_
85-3	BOI029	85	3	anche	anche	_	_	_	_	_	linguistic	_	ContainsVariation=No	_	_	_	_	_	_
85-4	BOI029	85	4	loro	loro	_	_	_	_	_	linguistic	_	ContainsVariation=No	_	_	_	_	_	_
85-5	BOI029	85	5	delle	delle	_	_	_	_	_	linguistic	_	ContainsVariation=No	_	_	_	_	_	_
85-6	BOI029	85	6	valutazioni,	valutazioni	_	_	_	_	_	linguistic	_	ContainsVariation=No	Intonation=WeaklyRising	_	_	_	_	_
85-7	BOI029	85	7	delle	delle	_	_	_	_	_	linguistic	_	ContainsVariation=No	_	_	_	_	_	_
85-8	BOI029	85	8	e:::h	eh	_	_	_	_	_	linguistic	_	ContainsVariation=No	_	_	0x3	_	_	_
85-9	BOI029	85	9	dei	dei	_	_	_	_	_	linguistic	_	ContainsVariation=No	_	_	_	_	_	_
85-10	BOI029	85	10	non	non	_	_	_	_	_	linguistic	_	ContainsVariation=No	_	_	_	_	_	_
85-11	BOI029	85	11	detti,	detti	_	_	_	_	_	linguistic	_	ContainsVariation=No	Intonation=WeaklyRising	_	_	_	_	_
85-12	BOI029	85	12	delle	delle	_	_	_	_	_	linguistic	_	ContainsVariation=No	_	_	_	_	_	_
85-13	BOI029	85	13	domande,	domande	_	_	_	_	_	linguistic	_	ContainsVariation=No	Intonation=WeaklyRising	_	_	_	_	_
85-14	BOI029	85	14	che	che	_	_	_	_	_	linguistic	_	ContainsVariation=No	_	_	_	_	_	_
85-15	BOI029	85	15	molte	molte	_	_	_	_	_	linguistic	_	ContainsVariation=No	_	_	_	_	_	_
85-16	BOI029	85	16	volte	volte	_	_	_	_	_	linguistic	_	ContainsVariation=No	_	_	_	_	_	_
85-17	BOI029	85	17	i	i	_	_	_	_	_	linguistic	_	ContainsVariation=No	_	_	_	_	_	_
85-18	BOI029	85	18	ragazzi	ragazzi	_	_	_	_	_	linguistic	_	ContainsVariation=No	_	_	_	_	_	_
85-19	BOI029	85	19	si	si	_	_	_	_	_	linguistic	_	ContainsVariation=No	_	_	_	_	_	_
85-20	BOI029	85	20	pongono	pongono	_	_	_	_	_	linguistic	_	ContainsVariation=No	_	End=419.567	_	_	_	_
86-0	BOI029	86	0	dopodiché	dopodiché	_	_	_	_	_	linguistic	_	ContainsVariation=No	_	Begin=419.82	_	_	_	_
86-1	BOI029	86	1	eh	eh	_	_	_	_	_	linguistic	_	ContainsVariation=No	_	_	_	_	_	_
86-2	BOI029	86	2	abbiamo	abbiamo	_	_	_	_	_	linguistic	_	ContainsVariation=No	_	_	_	_	_	_
86-3	BOI029	86	3	costruito	costruito	_	_	_	_	_	linguistic	_	ContainsVariation=No	_	_	_	_	_	_
86-4	BOI029	86	4	il	il	_	_	_	_	_	linguistic	_	ContainsVariation=No	_	_	_	_	_	_
86-5	BOI029	86	5	percorso	percorso	_	_	_	_	_	linguistic	_	ContainsVariation=No	_	_	_	_	_	_
86-6	BOI029	86	6	con	con	_	_	_	_	_	linguistic	_	ContainsVariation=No	_	_	_	_	_	_
86-7	BOI029	86	7	loro	loro	_	_	_	_	_	linguistic	_	ContainsVariation=No	_	_	_	_	_	_
86-8	BOI029	86	8	con	con	_	_	_	_	_	linguistic	_	ContainsVariation=No	_	_	_	_	_	_
86-9	BOI029	86	9	la	la	_	_	_	_	_	linguistic	_	ContainsVariation=No	_	_	_	_	_	_
86-10	BOI029	86	10	<costruzione>	costruzione	_	_	_	_	_	linguistic	_	ContainsVariation=No	_	_	_	Slow=0-11(0)	_	_
86-11	BOI029	86	11	eh	eh	_	_	_	_	_	linguistic	_	ContainsVariation=No	_	_	_	_	_	_
86-12	BOI029	86	12	dell'	dell'	_	_	_	_	_	linguistic	_	ContainsVariation=No	SpaceAfter=No	_	_	_	_	_
86-13	BOI029	86	13	audioguida	audioguida	_	_	_	_	_	linguistic	_	ContainsVariation=No	_	End=427.47	_	_	_	_
87-0	BOI029	87	0	in	in	_	_	_	_	_	linguistic	_	ContainsVariation=No	_	Begin=427.6	_	_	_	_
87-1	BOI029	87	1	realtà	realtà	_	_	_	_	_	linguistic	_	ContainsVariation=No	_	_	_	_	_	_
87-2	BOI029	87	2	ehm	ehm	_	_	_	_	_	linguistic	_	ContainsVariation=No	_	_	_	_	_	_
87-3	BOI029	87	3	abbiamo	abbiamo	_	_	_	_	_	linguistic	_	ContainsVariation=No	_	_	_	_	_	_
87-4	BOI029	87	4	trovato	trovato	_	_	_	_	_	linguistic	_	ContainsVariation=No	_	_	_	_	_	_
87-5	BOI029	87	5	una	una	_	_	_	_	_	linguistic	_	ContainsVariation=No	_	_	_	_	_	_
87-6	BOI029	87	6	formula	formula	_	_	_	_	_	linguistic	_	ContainsVariation=No	_	_	_	_	_	_
87-7	BOI029	87	7	che	che	_	_	_	_	_	linguistic	_	ContainsVariation=No	_	_	_	_	_	_
87-8	BOI029	87	8	poi	poi	_	_	_	_	_	linguistic	_	ContainsVariation=No	_	_	_	_	_	_
87-9	BOI029	87	9	abbiamo	abbiamo	_	_	_	_	_	linguistic	_	ContainsVariation=No	_	_	_	_	_	_
87-10	BOI029	87	10	utilizzato	utilizzato	_	_	_	_	_	linguistic	_	ContainsVariation=No	_	_	_	_	_	_
87-11	BOI029	87	11	nei	nei	_	_	_	_	_	linguistic	_	ContainsVariation=No	_	_	_	_	_	_
87-12	BOI029	87	12	due	due	_	_	_	_	_	linguistic	_	ContainsVariation=No	_	_	_	_	_	_
87-13	BOI029	87	13	anni	anni	_	_	_	_	_	linguistic	_	ContainsVariation=No	_	_	_	_	_	_
87-14	BOI029	87	14	successivi	successivi	_	_	_	_	_	linguistic	_	ContainsVariation=No	_	_	_	_	_	_
87-15	BOI029	87	15	per	per	_	_	_	_	_	linguistic	_	ContainsVariation=No	_	_	_	_	_	_
87-16	BOI029	87	16	le	le	_	_	_	_	_	linguistic	_	ContainsVariation=No	_	_	_	_	_	_
87-17	BOI029	87	17	classi	classi	_	_	_	_	_	linguistic	_	ContainsVariation=No	_	_	_	_	_	_
87-18	BOI029	87	18	terze	terze	_	_	_	_	_	linguistic	_	ContainsVariation=No	_	End=435.78	_	_	_	_
88-0	BOI029	88	0	ed	ed	_	_	_	_	_	linguistic	_	ContainsVariation=No	_	Begin=436.14	_	_	_	_
88-1	BOI029	88	1	è	è	_	_	_	_	_	linguistic	_	ContainsVariation=No	_	_	_	_	_	_
88-2	BOI029	88	2	stata	stata	_	_	_	_	_	linguistic	_	ContainsVariation=No	_	_	_	_	_	_
88-3	BOI029	88	3	una	una	_	_	_	_	_	linguistic	_	ContainsVariation=No	_	_	_	_	_	_
88-4	BOI029	88	4	formula	formula	_	_	_	_	_	linguistic	_	ContainsVariation=No	_	_	_	_	_	_
88-5	BOI029	88	5	che	che	_	_	_	_	_	linguistic	_	ContainsVariation=No	_	_	_	_	_	_
88-6	BOI029	88	6	i	i	_	_	_	_	_	linguistic	_	ContainsVariation=No	_	_	_	_	_	_
88-7	BOI029	88	7	ragazzi	ragazzi	_	_	_	_	_	linguistic	_	ContainsVariation=No	_	_	_	_	_	_
88-8	BOI029	88	8	hanno	hanno	_	_	_	_	_	linguistic	_	ContainsVariation=No	_	_	_	_	_	_
88-9	BOI029	88	9	accettato	accettato	_	_	_	_	_	linguistic	_	ContainsVariation=No	_	_	_	_	_	_
88-10	BOI029	88	10	in	in	_	_	_	_	_	linguistic	_	ContainsVariation=No	_	_	_	_	_	_
88-11	BOI029	88	11	grande	grande	_	_	_	_	_	linguistic	_	ContainsVariation=No	_	_	_	_	_	_
88-12	BOI029	88	12	eh	eh	_	_	_	_	_	linguistic	_	ContainsVariation=No	_	_	_	_	_	_
88-13	BOI029	88	13	con	con	_	_	_	_	_	linguistic	_	ContainsVariation=No	_	_	_	_	_	_
88-14	BOI029	88	14	grande:	grande	_	_	_	_	_	linguistic	_	ContainsVariation=No	_	_	5x1	_	_	_
88-15	BOI029	88	15	ENTUSIASMO	entusiasmo	_	_	_	_	_	linguistic	_	ContainsVariation=No	Volume=high	End=442.706	_	_	_	_
89-0	BOI029	89	0	insomma	insomma	_	_	_	_	_	linguistic	_	ContainsVariation=No	_	Begin=442.86	_	_	_	_
89-1	BOI029	89	1	nel	nel	_	_	_	_	_	linguistic	_	ContainsVariation=No	_	_	_	_	_	_
89-2	BOI029	89	2	senso	senso	_	_	_	_	_	linguistic	_	ContainsVariation=No	_	_	_	_	_	_
89-3	BOI029	89	3	che	che	_	_	_	_	_	linguistic	_	ContainsVariation=No	_	_	_	_	_	_
89-4	BOI029	89	4	per	per	_	_	_	_	_	linguistic	_	ContainsVariation=No	_	_	_	_	_	_
89-5	BOI029	89	5	la	la	_	_	_	_	_	linguistic	_	ContainsVariation=No	_	_	_	_	_	_
89-6	BOI029	89	6	prima	prima	_	_	_	_	_	linguistic	_	ContainsVariation=No	_	_	_	_	_	_
89-7	BOI029	89	7	volta	volta	_	_	_	_	_	linguistic	_	ContainsVariation=No	_	_	_	_	_	_
89-8	BOI029	89	8	vedevano	vedevano	_	_	_	_	_	linguistic	_	ContainsVariation=No	_	_	_	_	_	_
89-9	BOI029	89	9	i	i	_	_	_	_	_	linguistic	_	ContainsVariation=No	_	_	_	_	_	_
89-10	BOI029	89	10	luoghi	luoghi	_	_	_	_	_	linguistic	_	ContainsVariation=No	_	_	_	_	_	_
89-11	BOI029	89	11	a	a	_	_	_	_	_	linguistic	_	ContainsVariation=No	_	_	_	_	_	_
89-12	BOI029	89	12	loro	loro	_	_	_	_	_	linguistic	_	ContainsVariation=No	_	_	_	_	_	_
89-13	BOI029	89	13	familiari	familiari	_	_	_	_	_	linguistic	_	ContainsVariation=No	_	End=447.75	_	_	_	_
90-0	BOI029	90	0	con	con	_	_	_	_	_	linguistic	_	ContainsVariation=No	_	Begin=448.18	_	_	_	_
90-1	BOI029	90	1	gli	gli	_	_	_	_	_	linguistic	_	ContainsVariation=No	_	_	_	_	_	_
90-2	BOI029	90	2	occhi	occhi	_	_	_	_	_	linguistic	_	ContainsVariation=No	_	_	_	_	_	_
90-3	BOI029	90	3	dei	dei	_	_	_	_	_	linguistic	_	ContainsVariation=No	PauseAfter=Yes	_	_	_	_	_
90-4	BOI029	90	4	(.)	(.)	_	_	_	_	_	shortpause	_	ContainsVariation=No	_	_	_	_	_	_
90-5	BOI029	90	5	loro	loro	_	_	_	_	_	linguistic	_	ContainsVariation=No	_	_	_	_	_	_
90-6	BOI029	90	6	coetanei	coetanei	_	_	_	_	_	linguistic	_	ContainsVariation=No	_	_	_	_	_	_
90-7	BOI029	90	7	che	che	_	_	_	_	_	linguistic	_	ContainsVariation=No	_	_	_	_	_	_
90-8	BOI029	90	8	erano	erano	_	_	_	_	_	linguistic	_	ContainsVariation=No	_	_	_	_	_	_
90-9	BOI029	90	9	proprio	proprio	_	_	_	_	_	linguistic	_	ContainsVariation=No	_	_	_	_	_	_
90-10	BOI029	90	10	loro	loro	_	_	_	_	_	linguistic	_	ContainsVariation=No	_	_	_	_	_	_
90-11	BOI029	90	11	che	che	_	_	_	_	_	linguistic	_	ContainsVariation=No	PauseAfter=Yes	_	_	_	_	_
90-12	BOI029	90	12	(.)	(.)	_	_	_	_	_	shortpause	_	ContainsVariation=No	_	_	_	_	_	_
90-13	BOI029	90	13	che	che	_	_	_	_	_	linguistic	_	ContainsVariation=No	_	_	_	_	_	_
90-14	BOI029	90	14	gli	gli	_	_	_	_	_	linguistic	_	ContainsVariation=No	_	_	_	_	_	_
90-15	BOI029	90	15	spiegavano	spiegavano	_	_	_	_	_	linguistic	_	ContainsVariation=No	_	_	_	_	_	_
90-16	BOI029	90	16	queste	queste	_	_	_	_	_	linguistic	_	ContainsVariation=No	_	_	_	_	_	_
90-17	BOI029	90	17	cose	cose	_	_	_	_	_	linguistic	_	ContainsVariation=No	_	_	_	_	_	_
90-18	BOI029	90	18	li	li	_	_	_	_	_	linguistic	_	ContainsVariation=No	_	_	_	_	_	_
90-19	BOI029	90	19	facevano	facevano	_	_	_	_	_	linguistic	_	ContainsVariation=No	_	_	_	_	_	_
90-20	BOI029	90	20	riflettere	riflettere	_	_	_	_	_	linguistic	_	ContainsVariation=No	_	_	_	_	_	_
90-21	BOI029	90	21	su	su	_	_	_	_	_	linguistic	_	ContainsVariation=No	_	_	_	_	_	_
90-22	BOI029	90	22	questa	questa	_	_	_	_	_	linguistic	_	ContainsVariation=No	_	_	_	_	_	_
90-23	BOI029	90	23	parte	parte	_	_	_	_	_	linguistic	_	ContainsVariation=No	_	_	_	_	_	_
90-24	BOI029	90	24	di	di	_	_	_	_	_	linguistic	_	ContainsVariation=No	_	_	_	_	_	_
90-25	BOI029	90	25	storia	storia	_	_	_	_	_	linguistic	_	ContainsVariation=No	_	_	_	_	_	_
90-26	BOI029	90	26	e	e	_	_	_	_	_	linguistic	_	ContainsVariation=No	_	_	_	_	_	_
90-27	BOI029	90	27	su	su	_	_	_	_	_	linguistic	_	ContainsVariation=No	_	_	_	_	_	_
90-28	BOI029	90	28	questo	questo	_	_	_	_	_	linguistic	_	ContainsVariation=No	_	End=458.1	_	_	_	_
91-0	BOI029	91	0	e:h	eh	_	_	_	_	_	linguistic	_	ContainsVariation=No	_	Begin=459.08	0x1	_	_	_
91-1	BOI029	91	1	su	su	_	_	_	_	_	linguistic	_	ContainsVariation=No	_	_	_	_	_	_
91-2	BOI029	91	2	questi	questi	_	_	_	_	_	linguistic	_	ContainsVariation=No	_	_	_	_	_	_
91-3	BOI029	91	3	avvenimenti	avvenimenti	_	_	_	_	_	linguistic	_	ContainsVariation=No	_	_	_	_	_	_
91-4	BOI029	91	4	insomma	insomma	_	_	_	_	_	linguistic	_	ContainsVariation=No	_	End=461.53	_	_	_	_
92-0	BOR001	92	0	sì	sì	_	_	_	_	_	linguistic	_	ContainsVariation=No	_	Begin=461.78|End=462.0	_	_	_	_
93-0	BOI029	93	0	e:	e	_	_	_	_	_	linguistic	_	ContainsVariation=No	_	Begin=462.06	0x1	_	_	_
93-1	BOI029	93	1	e	e	_	_	_	_	_	linguistic	_	ContainsVariation=No	_	_	_	_	_	_
93-2	BOI029	93	2	quest'	quest'	_	_	_	_	_	linguistic	_	ContainsVariation=No	SpaceAfter=No	_	_	_	_	_
93-3	BOI029	93	3	anno	anno	_	_	_	_	_	linguistic	_	ContainsVariation=No	_	_	_	_	_	_
93-4	BOI029	93	4	abbiamo	abbiamo	_	_	_	_	_	linguistic	_	ContainsVariation=No	_	_	_	_	_	_
93-5	BOI029	93	5	f~	f~	_	_	_	_	_	linguistic	_	ContainsVariation=No	Interrupted=Yes|PauseAfter=Yes	_	_	_	_	_
93-6	BOI029	93	6	(.)	(.)	_	_	_	_	_	shortpause	_	ContainsVariation=No	_	_	_	_	_	_
93-7	BOI029	93	7	<cambiato>	cambiato	_	_	_	_	_	linguistic	_	ContainsVariation=No	_	_	_	Slow=0-8(0)	_	_
93-8	BOI029	93	8	perché	perché	_	_	_	_	_	linguistic	_	ContainsVariation=No	_	_	_	_	_	_
93-9	BOI029	93	9	logicamente	logicamente	_	_	_	_	_	linguistic	_	ContainsVariation=No	_	_	_	_	_	_
93-10	BOI029	93	10	non	non	_	_	_	_	_	linguistic	_	ContainsVariation=No	_	_	_	_	_	_
93-11	BOI029	93	11	si	si	_	_	_	_	_	linguistic	_	ContainsVariation=No	_	_	_	_	_	_
93-12	BOI029	93	12	possono	possono	_	_	_	_	_	linguistic	_	ContainsVariation=No	_	_	_	_	_	_
93-13	BOI029	93	13	fare	fare	_	_	_	_	_	linguistic	_	ContainsVariation=No	_	_	_	_	_	_
93-14	BOI029	93	14	sempre	sempre	_	_	_	_	_	linguistic	_	ContainsVariation=No	_	_	_	_	_	_
93-15	BOI029	93	15	le	le	_	_	_	_	_	linguistic	_	ContainsVariation=No	_	_	_	_	_	_
93-16	BOI029	93	16	stesse	stesse	_	_	_	_	_	linguistic	_	ContainsVariation=No	_	_	_	_	_	_
93-17	BOI029	93	17	cose	cose	_	_	_	_	_	linguistic	_	ContainsVariation=No	_	End=468.459	_	_	_	_
94-0	BOI029	94	0	e	e	_	_	_	_	_	linguistic	_	ContainsVariation=No	_	Begin=468.81	_	_	_	_
94-1	BOI029	94	1	facendo	facendo	_	_	_	_	_	linguistic	_	ContainsVariation=No	_	_	_	_	_	_
94-2	BOI029	94	2	un	un	_	_	_	_	_	linguistic	_	ContainsVariation=No	_	_	_	_	_	_
94-3	BOI029	94	3	laboratorio	laboratorio	_	_	_	_	_	linguistic	_	ContainsVariation=No	_	_	_	_	_	_
94-4	BOI029	94	4	pomeridiano	pomeridiano	_	_	_	_	_	linguistic	_	ContainsVariation=No	_	_	_	_	_	_
94-5	BOI029	94	5	o	o	_	_	_	_	_	linguistic	_	ContainsVariation=No	_	_	_	_	_	_
94-6	BOI029	94	6	che	che	_	_	_	_	_	linguistic	_	ContainsVariation=No	_	_	_	_	_	_
94-7	BOI029	94	7	aveva	aveva	_	_	_	_	_	linguistic	_	ContainsVariation=No	_	_	_	_	_	_
94-8	BOI029	94	8	lo	lo	_	_	_	_	_	linguistic	_	ContainsVariation=No	_	_	_	_	_	_
94-9	BOI029	94	9	scopo	scopo	_	_	_	_	_	linguistic	_	ContainsVariation=No	_	_	_	_	_	_
94-10	BOI029	94	10	di	di	_	_	_	_	_	linguistic	_	ContainsVariation=No	_	_	_	_	_	_
94-11	BOI029	94	11	andare	andare	_	_	_	_	_	linguistic	_	ContainsVariation=No	_	_	_	_	_	_
94-12	BOI029	94	12	<in	in	_	_	_	_	_	linguistic	_	ContainsVariation=No	_	_	_	Slow=0-2(0)	_	_
94-13	BOI029	94	13	radio>	radio	_	_	_	_	_	linguistic	_	ContainsVariation=No	_	_	_	Slow=0-5(0)	_	_
94-14	BOI029	94	14	a	a	_	_	_	_	_	linguistic	_	ContainsVariation=No	_	_	_	_	_	_
94-15	BOI029	94	15	raccontare	raccontare	_	_	_	_	_	linguistic	_	ContainsVariation=No	_	_	_	_	_	_
94-16	BOI029	94	16	que[ste	queste	_	_	_	_	_	linguistic	_	ContainsVariation=No	_	_	_	_	_	3-6(16)
94-17	BOI029	94	17	co]se	cose	_	_	_	_	_	linguistic	_	ContainsVariation=No	_	End=476.225	_	_	_	0-2(16)
95-0	BOR001	95	0	[sì]	sì	_	_	_	_	_	linguistic	_	ContainsVariation=No	_	Begin=475.35|End=475.82	_	_	_	0-2(16)
96-0	BOI029	96	0	e:	e	_	_	_	_	_	linguistic	_	ContainsVariation=No	_	Begin=476.66	0x1	_	_	_
96-1	BOI029	96	1	ed	ed	_	_	_	_	_	linguistic	_	ContainsVariation=No	_	_	_	_	_	_
96-2	BOI029	96	2	è	è	_	_	_	_	_	linguistic	_	ContainsVariation=No	_	_	_	_	_	_
96-3	BOI029	96	3	quello	quello	_	_	_	_	_	linguistic	_	ContainsVariation=No	_	_	_	_	_	_
96-4	BOI029	96	4	che	che	_	_	_	_	_	linguistic	_	ContainsVariation=No	_	_	_	_	_	_
96-5	BOI029	96	5	abbiamo	abbiamo	_	_	_	_	_	linguistic	_	ContainsVariation=No	_	_	_	_	_	_
96-6	BOI029	96	6	fatto	fatto	_	_	_	_	_	linguistic	_	ContainsVariation=No	_	_	_	_	_	_
96-7	BOI029	96	7	insomma	insomma	_	_	_	_	_	linguistic	_	ContainsVariation=No	_	End=478.82	_	_	_	_
97-0	BOR001	97	0	mhmh	mhmh	_	_	_	_	_	linguistic	_	ContainsVariation=No	_	Begin=478.86|End=479.17	_	_	_	_
98-0	BOR001	98	0	sì	sì	_	_	_	_	_	linguistic	_	ContainsVariation=No	_	Begin=479.4	_	_	_	_
98-1	BOR001	98	1	io	io	_	_	_	_	_	linguistic	_	ContainsVariation=No	_	_	_	_	_	_
98-2	BOR001	98	2	ho	ho	_	_	_	_	_	linguistic	_	ContainsVariation=No	_	_	_	_	_	_
98-3	BOR001	98	3	sentito	sentito	_	_	_	_	_	linguistic	_	ContainsVariation=No	_	_	_	_	_	_
98-4	BOR001	98	4	non	non	_	_	_	_	_	linguistic	_	ContainsVariation=No	_	_	_	_	_	_
98-5	BOR001	98	5	ho	ho	_	_	_	_	_	linguistic	_	ContainsVariation=No	_	_	_	_	_	_
98-6	BOR001	98	6	seguito	seguito	_	_	_	_	_	linguistic	_	ContainsVariation=No	_	_	_	_	_	_
98-7	BOR001	98	7	tutta	tutta	_	_	_	_	_	linguistic	_	ContainsVariation=No	_	_	_	_	_	_
98-8	BOR001	98	8	la	la	_	_	_	_	_	linguistic	_	ContainsVariation=No	_	_	_	_	_	_
98-9	BOR001	98	9	trasmissione	trasmissione	_	_	_	_	_	linguistic	_	ContainsVariation=No	_	_	_	_	_	_
98-10	BOR001	98	10	però	però	_	_	_	_	_	linguistic	_	ContainsVariation=No	_	_	_	_	_	_
98-11	BOR001	98	11	ho	ho	_	_	_	_	_	linguistic	_	ContainsVariation=No	_	_	_	_	_	_
98-12	BOR001	98	12	sentito	sentito	_	_	_	_	_	linguistic	_	ContainsVariation=No	_	_	_	_	_	_
98-13	BOR001	98	13	degli	degli	_	_	_	_	_	linguistic	_	ContainsVariation=No	_	_	_	_	_	_
98-14	BOR001	98	14	spezzoni	spezzoni	_	_	_	_	_	linguistic	_	ContainsVariation=No	_	End=483.68	_	_	_	_
99-0	BOR001	99	0	e	e	_	_	_	_	_	linguistic	_	ContainsVariation=No	PauseAfter=Yes	Begin=483.88	_	_	_	_
99-1	BOR001	99	1	(.)	(.)	_	_	_	_	_	shortpause	_	ContainsVariation=No	_	_	_	_	_	_
99-2	BOR001	99	2	mi	mi	_	_	_	_	_	linguistic	_	ContainsVariation=No	_	_	_	_	_	_
99-3	BOR001	99	3	è	è	_	_	_	_	_	linguistic	_	ContainsVariation=No	_	_	_	_	_	_
99-4	BOR001	99	4	sembrato	sembrato	_	_	_	_	_	linguistic	_	ContainsVariation=No	_	_	_	_	_	_
99-5	BOR001	99	5	bellissimo	bellissimo	_	_	_	_	_	linguistic	_	ContainsVariation=No	_	_	_	_	_	_
99-6	BOR001	99	6	come:	come	_	_	_	_	_	linguistic	_	ContainsVariation=No	PauseAfter=Yes	_	3x1	_	_	_
99-7	BOR001	99	7	(.)	(.)	_	_	_	_	_	shortpause	_	ContainsVariation=No	_	_	_	_	_	_
99-8	BOR001	99	8	come	come	_	_	_	_	_	linguistic	_	ContainsVariation=No	_	_	_	_	_	_
99-9	BOR001	99	9	progetto	progetto	_	_	_	_	_	linguistic	_	ContainsVariation=No	_	_	_	_	_	_
99-10	BOR001	99	10	cioè	cioè	_	_	_	_	_	linguistic	_	ContainsVariation=No	_	_	_	_	_	_
99-11	BOR001	99	11	i	i	_	_	_	_	_	linguistic	_	ContainsVariation=No	_	_	_	_	_	_
99-12	BOR001	99	12	ragazzi	ragazzi	_	_	_	_	_	linguistic	_	ContainsVariation=No	_	_	_	_	_	_
99-13	BOR001	99	13	mi	mi	_	_	_	_	_	linguistic	_	ContainsVariation=No	_	_	_	_	_	_
99-14	BOR001	99	14	sembravano:	sembravano	_	_	_	_	_	linguistic	_	ContainsVariation=No	_	End=489.38	9x1	_	_	_
100-0	BOI029	100	0	allo[ra]	allora	_	_	_	_	_	linguistic	_	ContainsVariation=No	_	Begin=489.53|End=489.843	_	_	_	4-6(17)
101-0	BOR001	101	0	[era]no	erano	_	_	_	_	_	linguistic	_	ContainsVariation=No	_	Begin=489.75	_	_	_	0-3(17)
101-1	BOR001	101	1	[molto	molto	_	_	_	_	_	linguistic	_	ContainsVariation=No	_	_	_	_	_	0-5(18)
101-2	BOR001	101	2	contenti:]	contenti	_	_	_	_	_	linguistic	_	ContainsVariation=No	_	_	7x1	_	_	0-8(18)
101-3	BOR001	101	3	e:	e	_	_	_	_	_	linguistic	_	ContainsVariation=No	_	End=491.84	0x1	_	_	_
102-0	BOI029	102	0	[molto	molto	_	_	_	_	_	linguistic	_	ContainsVariation=No	_	Begin=490.121	_	_	_	0-5(18)
102-1	BOI029	102	1	convintì	convintì	_	_	_	_	_	linguistic	_	ContainsVariation=No	_	_	_	_	_	0-8(18)
102-2	BOI029	102	2	sì]	sì	_	_	_	_	_	linguistic	_	ContainsVariation=No	_	End=491.5	_	_	_	0-2(18)
103-0	BOR001	103	0	e	e	_	_	_	_	_	linguistic	_	ContainsVariation=No	_	Begin=492.11	_	_	_	_
103-1	BOR001	103	1	son	son	_	_	_	_	_	linguistic	_	ContainsVariation=No	_	_	_	_	_	_
103-2	BOR001	103	2	stati	stati	_	_	_	_	_	linguistic	_	ContainsVariation=No	_	_	_	_	_	_
103-3	BOR001	103	3	anche	anche	_	_	_	_	_	linguistic	_	ContainsVariation=No	_	_	_	_	_	_
103-4	BOR001	103	4	molto	molto	_	_	_	_	_	linguistic	_	ContainsVariation=No	_	_	_	_	_	_
103-5	BOR001	103	5	bravi	bravi	_	_	_	_	_	linguistic	_	ContainsVariation=No	_	End=493.39	_	_	_	_
104-0	BOR001	104	0	a	a	_	_	_	_	_	linguistic	_	ContainsVariation=No	_	Begin=493.9	_	_	_	_
104-1	BOR001	104	1	parer	parer	_	_	_	_	_	linguistic	_	ContainsVariation=No	_	_	_	_	_	_
104-2	BOR001	104	2	mio	mio	_	_	_	_	_	linguistic	_	ContainsVariation=No	_	_	_	_	_	_
104-3	BOR001	104	3	e	e	_	_	_	_	_	linguistic	_	ContainsVariation=No	PauseAfter=Yes	_	_	_	_	_
104-4	BOR001	104	4	(.)	(.)	_	_	_	_	_	shortpause	_	ContainsVariation=No	_	_	_	_	_	_
104-5	BOR001	104	5	penso	penso	_	_	_	_	_	linguistic	_	ContainsVariation=No	_	_	_	_	_	_
104-6	BOR001	104	6	sia	sia	_	_	_	_	_	linguistic	_	ContainsVariation=No	_	_	_	_	_	_
104-7	BOR001	104	7	[(°un'	un'	_	_	_	_	_	linguistic	_	ContainsVariation=No	SpaceAfter=No|Volume=low	_	_	_	0-3(0)	0-3(19)
104-8	BOR001	104	8	attività:°)]	attività	_	_	_	_	_	linguistic	_	ContainsVariation=No	Volume=low	End=496.3	7x1	_	0-8(0)	0-8(19)
105-0	BOI029	105	0	[considerati]	considerati	_	_	_	_	_	linguistic	_	ContainsVariation=No	_	Begin=495.55	_	_	_	0-11(20)
105-1	BOI029	105	1	buttati:	buttati	_	_	_	_	_	linguistic	_	ContainsVariation=No	_	_	6x1	_	_	_
105-2	BOI029	105	2	in	in	_	_	_	_	_	linguistic	_	ContainsVariation=No	_	_	_	_	_	_
105-3	BOI029	105	3	radio	radio	_	_	_	_	_	linguistic	_	ContainsVariation=No	_	_	_	_	_	_
105-4	BOI029	105	4	loro	loro	_	_	_	_	_	linguistic	_	ContainsVariation=No	_	_	_	_	_	_
105-5	BOI029	105	5	non	non	_	_	_	_	_	linguistic	_	ContainsVariation=No	_	_	_	_	_	_
105-6	BOI029	105	6	erano	erano	_	_	_	_	_	linguistic	_	ContainsVariation=No	_	_	_	_	_	_
105-7	BOI029	105	7	mai	mai	_	_	_	_	_	linguistic	_	ContainsVariation=No	_	_	_	_	_	_
105-8	BOI029	105	8	stati	stati	_	_	_	_	_	linguistic	_	ContainsVariation=No	_	_	_	_	_	_
105-9	BOI029	105	9	((ride))	((ride))	_	_	_	_	_	nonverbalbehavior	_	ContainsVariation=No	_	End=499.01	_	_	_	_
106-0	BOR001	106	0	((ride))	((ride))	_	_	_	_	_	nonverbalbehavior	_	ContainsVariation=No	_	Begin=497.41|End=498.5	_	_	_	_
107-0	BOR001	107	0	infatti	infatti	_	_	_	_	_	linguistic	_	ContainsVariation=No	_	Begin=499.11|End=499.69	_	_	_	_
108-0	BOR001	108	0	e~	e~	_	_	_	_	_	linguistic	_	ContainsVariation=No	Interrupted=Yes	Begin=500.11	_	_	_	_
108-1	BOR001	108	1	e	e	_	_	_	_	_	linguistic	_	ContainsVariation=No	_	_	_	_	_	_
108-2	BOR001	108	2	ho	ho	_	_	_	_	_	linguistic	_	ContainsVariation=No	_	_	_	_	_	_
108-3	BOR001	108	3	visto	visto	_	_	_	_	_	linguistic	_	ContainsVariation=No	_	_	_	_	_	_
108-4	BOR001	108	4	che	che	_	_	_	_	_	linguistic	_	ContainsVariation=No	PauseAfter=Yes	_	_	_	_	_
108-5	BOR001	108	5	(.)	(.)	_	_	_	_	_	shortpause	_	ContainsVariation=No	_	_	_	_	_	_
108-6	BOR001	108	6	>vabbé	vabbé	_	_	_	_	_	linguistic	_	ContainsVariation=No	_	_	_	Fast=0-5(0)	_	_
108-7	BOR001	108	7	adesso<	adesso	_	_	_	_	_	linguistic	_	ContainsVariation=No	PauseAfter=Yes	_	_	Fast=0-6(0)	_	_
108-8	BOR001	108	8	(.)	(.)	_	_	_	_	_	shortpause	_	ContainsVariation=No	_	_	_	_	_	_
108-9	BOR001	108	9	si	si	_	_	_	_	_	linguistic	_	ContainsVariation=No	_	_	_	_	_	_
108-10	BOR001	108	10	vedeva	vedeva	_	_	_	_	_	linguistic	_	ContainsVariation=No	_	_	_	_	_	_
108-11	BOR001	108	11	chi	chi	_	_	_	_	_	linguistic	_	ContainsVariation=No	_	_	_	_	_	_
108-12	BOR001	108	12	c'	c'	_	_	_	_	_	linguistic	_	ContainsVariation=No	SpaceAfter=No	_	_	_	_	_
108-13	BOR001	108	13	era	era	_	_	_	_	_	linguistic	_	ContainsVariation=No	_	_	_	_	_	_
108-14	BOR001	108	14	un	un	_	_	_	_	_	linguistic	_	ContainsVariation=No	_	_	_	_	_	_
108-15	BOR001	108	15	po'	po'	_	_	_	_	_	linguistic	_	ContainsVariation=No	_	_	_	_	_	_
108-16	BOR001	108	16	chi	chi	_	_	_	_	_	linguistic	_	ContainsVariation=No	_	_	_	_	_	_
108-17	BOR001	108	17	era	era	_	_	_	_	_	linguistic	_	ContainsVariation=No	_	_	_	_	_	_
108-18	BOR001	108	18	un	un	_	_	_	_	_	linguistic	_	ContainsVariation=No	_	_	_	_	_	_
108-19	BOR001	108	19	po'	po'	_	_	_	_	_	linguistic	_	ContainsVariation=No	_	_	_	_	_	_
108-20	BOR001	108	20	più	più	_	_	_	_	_	linguistic	_	ContainsVariation=No	_	_	_	_	_	_
108-21	BOR001	108	21	in	in	_	_	_	_	_	linguistic	_	ContainsVariation=No	_	_	_	_	_	_
108-22	BOR001	108	22	ansia	ansia	_	_	_	_	_	linguistic	_	ContainsVariation=No	_	_	_	_	_	_
108-23	BOR001	108	23	e	e	_	_	_	_	_	linguistic	_	ContainsVariation=No	_	_	_	_	_	_
108-24	BOR001	108	24	chi	chi	_	_	_	_	_	linguistic	_	ContainsVariation=No	_	_	_	_	_	_
108-25	BOR001	108	25	meno	meno	_	_	_	_	_	linguistic	_	ContainsVariation=No	_	_	_	_	_	_
108-26	BOR001	108	26	però	però	_	_	_	_	_	linguistic	_	ContainsVariation=No	_	_	_	_	_	_
108-27	BOR001	108	27	comunque	comunque	_	_	_	_	_	linguistic	_	ContainsVariation=No	_	_	_	_	_	_
108-28	BOR001	108	28	e:h	eh	_	_	_	_	_	linguistic	_	ContainsVariation=No	_	End=507.38	0x1	_	_	_
109-0	BOR001	109	0	mi	mi	_	_	_	_	_	linguistic	_	ContainsVariation=No	_	Begin=507.92	_	_	_	_
109-1	BOR001	109	1	son	son	_	_	_	_	_	linguistic	_	ContainsVariation=No	_	_	_	_	_	_
109-2	BOR001	109	2	piaciuti	piaciuti	_	_	_	_	_	linguistic	_	ContainsVariation=No	_	_	_	_	_	_
109-3	BOR001	109	3	[ecco	ecco	_	_	_	_	_	linguistic	_	ContainsVariation=No	_	_	_	_	_	0-4(21)
109-4	BOR001	109	4	e:]	e	_	_	_	_	_	linguistic	_	ContainsVariation=No	_	End=509.311	0x1	_	_	0-1(21)
110-0	BOI029	110	0	[sì	sì	_	_	_	_	_	linguistic	_	ContainsVariation=No	_	Begin=508.77	_	_	_	0-2(21)
110-1	BOI029	110	1	sì	sì	_	_	_	_	_	linguistic	_	ContainsVariation=No	_	_	_	_	_	0-2(21)
110-2	BOI029	110	2	no]	no	_	_	_	_	_	linguistic	_	ContainsVariation=No	_	_	_	_	_	0-2(21)
110-3	BOI029	110	3	molto	molto	_	_	_	_	_	linguistic	_	ContainsVariation=No	_	_	_	_	_	_
110-4	BOI029	110	4	spontanei	spontanei	_	_	_	_	_	linguistic	_	ContainsVariation=No	_	_	_	_	_	_
110-5	BOI029	110	5	[poi	poi	_	_	_	_	_	linguistic	_	ContainsVariation=No	_	_	_	_	_	0-3(22)
110-6	BOI029	110	6	inso]mma	insomma	_	_	_	_	_	linguistic	_	ContainsVariation=No	_	_	_	_	_	0-4(22)
110-7	BOI029	110	7	considerando	considerando	_	_	_	_	_	linguistic	_	ContainsVariation=No	_	_	_	_	_	_
110-8	BOI029	110	8	che	che	_	_	_	_	_	linguistic	_	ContainsVariation=No	_	_	_	_	_	_
110-9	BOI029	110	9	abbiamo	abbiamo	_	_	_	_	_	linguistic	_	ContainsVariation=No	_	_	_	_	_	_
110-10	BOI029	110	10	fatto	fatto	_	_	_	_	_	linguistic	_	ContainsVariation=No	PauseAfter=Yes	_	_	_	_	_
110-11	BOI029	110	11	(.)	(.)	_	_	_	_	_	shortpause	_	ContainsVariation=No	_	_	_	_	_	_
110-12	BOI029	110	12	quattro	quattro	_	_	_	_	_	linguistic	_	ContainsVariation=No	_	_	_	_	_	_
110-13	BOI029	110	13	incontri	incontri	_	_	_	_	_	linguistic	_	ContainsVariation=No	_	_	_	_	_	_
110-14	BOI029	110	14	di	di	_	_	_	_	_	linguistic	_	ContainsVariation=No	_	_	_	_	_	_
110-15	BOI029	110	15	due	due	_	_	_	_	_	linguistic	_	ContainsVariation=No	_	_	_	_	_	_
110-16	BOI029	110	16	ore	ore	_	_	_	_	_	linguistic	_	ContainsVariation=No	_	_	_	_	_	_
110-17	BOI029	110	17	insomma	insomma	_	_	_	_	_	linguistic	_	ContainsVariation=No	_	End=515.549	_	_	_	_
111-0	BOR001	111	0	[sì]	sì	_	_	_	_	_	linguistic	_	ContainsVariation=No	_	Begin=510.65|End=510.94	_	_	_	0-2(22)
112-0	BOI029	112	0	poi	poi	_	_	_	_	_	linguistic	_	ContainsVariation=No	_	Begin=515.669	_	_	_	_
112-1	BOI029	112	1	con	con	_	_	_	_	_	linguistic	_	ContainsVariation=No	_	_	_	_	_	_
112-2	BOI029	112	2	tutti	tutti	_	_	_	_	_	linguistic	_	ContainsVariation=No	_	_	_	_	_	_
112-3	BOI029	112	3	i	i	_	_	_	_	_	linguistic	_	ContainsVariation=No	_	_	_	_	_	_
112-4	BOI029	112	4	problemi	problemi	_	_	_	_	_	linguistic	_	ContainsVariation=No	_	_	_	_	_	_
112-5	BOI029	112	5	covid	covid	_	_	_	_	_	linguistic	_	ContainsVariation=No	_	_	_	_	_	_
112-6	BOI029	112	6	non	non	_	_	_	_	_	linguistic	_	ContainsVariation=No	_	_	_	_	_	_
112-7	BOI029	112	7	c[ovid	covid	_	_	_	_	_	linguistic	_	ContainsVariation=No	_	_	_	_	_	1-5(23)
112-8	BOI029	112	8	>questo	questo	_	_	_	_	_	linguistic	_	ContainsVariation=No	_	_	_	Fast=0-6(0)	_	0-6(23)
112-9	BOI029	112	9	c'	c'	_	_	_	_	_	linguistic	_	ContainsVariation=No	SpaceAfter=No	_	_	Fast=0-2(0)	_	0-2(23)
112-10	BOI029	112	10	e]ra	era	_	_	_	_	_	linguistic	_	ContainsVariation=No	_	_	_	Fast=0-3(0)	_	0-1(23)
112-11	BOI029	112	11	quest'	quest'	_	_	_	_	_	linguistic	_	ContainsVariation=No	SpaceAfter=No	_	_	Fast=0-6(0)	_	_
112-12	BOI029	112	12	altro	altro	_	_	_	_	_	linguistic	_	ContainsVariation=No	_	_	_	Fast=0-5(0)	_	_
112-13	BOI029	112	13	non	non	_	_	_	_	_	linguistic	_	ContainsVariation=No	_	_	_	Fast=0-3(0)	_	_
112-14	BOI029	112	14	c'	c'	_	_	_	_	_	linguistic	_	ContainsVariation=No	SpaceAfter=No	_	_	Fast=0-2(0)	_	_
112-15	BOI029	112	15	era	era	_	_	_	_	_	linguistic	_	ContainsVariation=No	_	_	_	Fast=0-3(0)	_	_
112-16	BOI029	112	16	quell'	quell'	_	_	_	_	_	linguistic	_	ContainsVariation=No	SpaceAfter=No	_	_	Fast=0-6(0)	_	_
112-17	BOI029	112	17	altro	altro	_	_	_	_	_	linguistic	_	ContainsVariation=No	_	_	_	Fast=0-5(0)	_	_
112-18	BOI029	112	18	tornava<	tornava	_	_	_	_	_	linguistic	_	ContainsVariation=No	_	End=519.808	_	Fast=0-4(0)	_	_
113-0	BOR001	113	0	[eh	eh	_	_	_	_	_	linguistic	_	ContainsVariation=No	_	Begin=517.169	_	_	_	0-2(23)
113-1	BOR001	113	1	(no)]	no	_	_	_	_	_	linguistic	_	ContainsVariation=No	_	End=517.85	_	_	0-2(0)	0-2(23)
114-0	BOI029	114	0	eh	eh	_	_	_	_	_	linguistic	_	ContainsVariation=No	_	Begin=520.179	_	_	_	_
114-1	BOI029	114	1	quindi	quindi	_	_	_	_	_	linguistic	_	ContainsVariation=No	_	_	_	_	_	_
114-2	BOI029	114	2	insomma	insomma	_	_	_	_	_	linguistic	_	ContainsVariation=No	_	_	_	_	_	_
114-3	BOI029	114	3	non~	non~	_	_	_	_	_	linguistic	_	ContainsVariation=No	Interrupted=Yes	_	_	_	_	_
114-4	BOI029	114	4	non	non	_	_	_	_	_	linguistic	_	ContainsVariation=No	_	_	_	_	_	_
114-5	BOI029	114	5	è	è	_	_	_	_	_	linguistic	_	ContainsVariation=No	_	_	_	_	_	_
114-6	BOI029	114	6	stato	stato	_	_	_	_	_	linguistic	_	ContainsVariation=No	_	_	_	_	_	_
114-7	BOI029	114	7	semplice	semplice	_	_	_	_	_	linguistic	_	ContainsVariation=No	_	_	_	_	_	_
114-8	BOI029	114	8	organizzarlo	organizzarlo	_	_	_	_	_	linguistic	_	ContainsVariation=No	_	_	_	_	_	_
114-9	BOI029	114	9	però	però	_	_	_	_	_	linguistic	_	ContainsVariation=No	_	_	_	_	_	_
114-10	BOI029	114	10	insomma	insomma	_	_	_	_	_	linguistic	_	ContainsVariation=No	PauseAfter=Yes	_	_	_	_	_
114-11	BOI029	114	11	(.)	(.)	_	_	_	_	_	shortpause	_	ContainsVariation=No	_	_	_	_	_	_
114-12	BOI029	114	12	siamo	siamo	_	_	_	_	_	linguistic	_	ContainsVariation=No	_	_	_	_	_	_
114-13	BOI029	114	13	arrivati	arrivati	_	_	_	_	_	linguistic	_	ContainsVariation=No	_	_	_	_	_	_
114-14	BOI029	114	14	alla	alla	_	_	_	_	_	linguistic	_	ContainsVariation=No	_	_	_	_	_	_
114-15	BOI029	114	15	fine	fine	_	_	_	_	_	linguistic	_	ContainsVariation=No	_	End=526.08	_	_	_	_
115-0	BOR001	115	0	((ride))	((ride))	_	_	_	_	_	nonverbalbehavior	_	ContainsVariation=No	_	Begin=525.24	_	_	_	_
115-1	BOR001	115	1	[sì	sì	_	_	_	_	_	linguistic	_	ContainsVariation=No	_	_	_	_	_	0-2(24)
115-2	BOR001	115	2	sì]	sì	_	_	_	_	_	linguistic	_	ContainsVariation=No	_	End=526.08	_	_	_	0-2(24)
116-0	BOR001	116	0	ehm	ehm	_	_	_	_	_	linguistic	_	ContainsVariation=No	_	Begin=526.99	_	_	_	_
116-1	BOR001	116	1	e	e	_	_	_	_	_	linguistic	_	ContainsVariation=No	_	_	_	_	_	_
116-2	BOR001	116	2	riguardo	riguardo	_	_	_	_	_	linguistic	_	ContainsVariation=No	PauseAfter=Yes	_	_	_	_	_
116-3	BOR001	116	3	(.)	(.)	_	_	_	_	_	shortpause	_	ContainsVariation=No	_	_	_	_	_	_
116-4	BOR001	116	4	appunto	appunto	_	_	_	_	_	linguistic	_	ContainsVariation=No	_	_	_	_	_	_
116-5	BOR001	116	5	a:l	al	_	_	_	_	_	linguistic	_	ContainsVariation=No	_	_	0x1	_	_	_
116-6	BOR001	116	6	progetto	progetto	_	_	_	_	_	linguistic	_	ContainsVariation=No	_	_	_	_	_	_
116-7	BOR001	116	7	i	i	_	_	_	_	_	linguistic	_	ContainsVariation=No	_	_	_	_	_	_
116-8	BOR001	116	8	nostri	nostri	_	_	_	_	_	linguistic	_	ContainsVariation=No	_	_	_	_	_	_
116-9	BOR001	116	9	luoghi	luoghi	_	_	_	_	_	linguistic	_	ContainsVariation=No	_	_	_	_	_	_
116-10	BOR001	116	10	la	la	_	_	_	_	_	linguistic	_	ContainsVariation=No	_	_	_	_	_	_
116-11	BOR001	116	11	nostra	nostra	_	_	_	_	_	linguistic	_	ContainsVariation=No	_	_	_	_	_	_
116-12	BOR001	116	12	storia,	storia	_	_	_	_	_	linguistic	_	ContainsVariation=No	Intonation=WeaklyRising	End=531.393	_	_	_	_
117-0	BOR001	117	0	e:	e	_	_	_	_	_	linguistic	_	ContainsVariation=No	_	Begin=531.89	0x1	_	_	_
117-1	BOR001	117	1	come	come	_	_	_	_	_	linguistic	_	ContainsVariation=No	_	_	_	_	_	_
117-2	BOR001	117	2	dicevamo	dicevamo	_	_	_	_	_	linguistic	_	ContainsVariation=No	_	_	_	_	_	_
117-3	BOR001	117	3	prima	prima	_	_	_	_	_	linguistic	_	ContainsVariation=No	PauseAfter=Yes	_	_	_	_	_
117-4	BOR001	117	4	(.)	(.)	_	_	_	_	_	shortpause	_	ContainsVariation=No	_	_	_	_	_	_
117-5	BOR001	117	5	eh	eh	_	_	_	_	_	linguistic	_	ContainsVariation=No	_	_	_	_	_	_
117-6	BOR001	117	6	anche	anche	_	_	_	_	_	linguistic	_	ContainsVariation=No	_	_	_	_	_	_
117-7	BOR001	117	7	i	i	_	_	_	_	_	linguistic	_	ContainsVariation=No	_	_	_	_	_	_
117-8	BOR001	117	8	ragazzi	ragazzi	_	_	_	_	_	linguistic	_	ContainsVariation=No	_	_	_	_	_	_
117-9	BOR001	117	9	stessi	stessi	_	_	_	_	_	linguistic	_	ContainsVariation=No	_	_	_	_	_	_
117-10	BOR001	117	10	spesso	spesso	_	_	_	_	_	linguistic	_	ContainsVariation=No	_	_	_	_	_	_
117-11	BOR001	117	11	non	non	_	_	_	_	_	linguistic	_	ContainsVariation=No	_	_	_	_	_	_
117-12	BOR001	117	12	conoscevano	conoscevano	_	_	_	_	_	linguistic	_	ContainsVariation=No	_	_	_	_	_	_
117-13	BOR001	117	13	questi	questi	_	_	_	_	_	linguistic	_	ContainsVariation=No	_	_	_	_	_	_
117-14	BOR001	117	14	luogh[i],	luoghi	_	_	_	_	_	linguistic	_	ContainsVariation=No	Intonation=WeaklyRising	End=538.053	_	_	_	5-6(25)
118-0	BOI029	118	0	°[a]ssolutamen[te]°	assolutamente	_	_	_	_	_	linguistic	_	ContainsVariation=No	Volume=low	Begin=538.0|End=538.9	_	_	_	0-1(25),11-13(26)
119-0	BOR001	119	0	[e:]	e	_	_	_	_	_	linguistic	_	ContainsVariation=No	_	Begin=538.82	0x1	_	_	0-1(26)
119-1	BOR001	119	1	>adesso<	adesso	_	_	_	_	_	linguistic	_	ContainsVariation=No	_	_	_	Fast=0-6(0)	_	_
119-2	BOR001	119	2	voi	voi	_	_	_	_	_	linguistic	_	ContainsVariation=No	_	_	_	_	_	_
119-3	BOR001	119	3	vabbé	vabbé	_	_	_	_	_	linguistic	_	ContainsVariation=No	_	_	_	_	_	_
119-4	BOR001	119	4	siete	siete	_	_	_	_	_	linguistic	_	ContainsVariation=No	_	_	_	_	_	_
119-5	BOR001	119	5	più	più	_	_	_	_	_	linguistic	_	ContainsVariation=No	_	_	_	_	_	_
119-6	BOR001	119	6	docenti	docenti	_	_	_	_	_	linguistic	_	ContainsVariation=No	_	_	_	_	_	_
119-7	BOR001	119	7	che	che	_	_	_	_	_	linguistic	_	ContainsVariation=No	_	_	_	_	_	_
119-8	BOR001	119	8	avete	avete	_	_	_	_	_	linguistic	_	ContainsVariation=No	_	_	_	_	_	_
119-9	BOR001	119	9	partecipato	partecipato	_	_	_	_	_	linguistic	_	ContainsVariation=No	_	_	_	_	_	_
119-10	BOR001	119	10	però	però	_	_	_	_	_	linguistic	_	ContainsVariation=No	PauseAfter=Yes	_	_	_	_	_
119-11	BOR001	119	11	(.)	(.)	_	_	_	_	_	shortpause	_	ContainsVariation=No	_	_	_	_	_	_
119-12	BOR001	119	12	chiedo	chiedo	_	_	_	_	_	linguistic	_	ContainsVariation=No	_	_	_	_	_	_
119-13	BOR001	119	13	a	a	_	_	_	_	_	linguistic	_	ContainsVariation=No	_	_	_	_	_	_
119-14	BOR001	119	14	lei	lei	_	_	_	_	_	linguistic	_	ContainsVariation=No	_	_	_	_	_	_
119-15	BOR001	119	15	perché	perché	_	_	_	_	_	linguistic	_	ContainsVariation=No	_	_	_	_	_	_
119-16	BOR001	119	16	c'	c'	_	_	_	_	_	linguistic	_	ContainsVariation=No	SpaceAfter=No	_	_	_	_	_
119-17	BOR001	119	17	è	è	_	_	_	_	_	linguistic	_	ContainsVariation=No	_	_	_	_	_	_
119-18	BOR001	119	18	lei	lei	_	_	_	_	_	linguistic	_	ContainsVariation=No	_	_	_	_	_	_
119-19	BOR001	119	19	qua	qua	_	_	_	_	_	linguistic	_	ContainsVariation=No	_	End=543.51	_	_	_	_
120-0	BOR001	120	0	lei	lei	_	_	_	_	_	linguistic	_	ContainsVariation=No	_	Begin=543.58	_	_	_	_
120-1	BOR001	120	1	eh	eh	_	_	_	_	_	linguistic	_	ContainsVariation=No	_	_	_	_	_	_
120-2	BOR001	120	2	ha	ha	_	_	_	_	_	linguistic	_	ContainsVariation=No	_	_	_	_	_	_
120-3	BOR001	120	3	sempre	sempre	_	_	_	_	_	linguistic	_	ContainsVariation=No	_	_	_	_	_	_
120-4	BOR001	120	4	vvissuto	vvissuto	_	_	_	_	_	linguistic	_	ContainsVariation=No	_	_	_	_	_	_
120-5	BOR001	120	5	questo	questo	_	_	_	_	_	linguistic	_	ContainsVariation=No	_	_	_	_	_	_
120-6	BOR001	120	6	quartiere,	quartiere	_	_	_	_	_	linguistic	_	ContainsVariation=No	Intonation=WeaklyRising	_	_	_	_	_
120-7	BOR001	120	7	conosceva	conosceva	_	_	_	_	_	linguistic	_	ContainsVariation=No	_	_	_	_	_	_
120-8	BOR001	120	8	già	già	_	_	_	_	_	linguistic	_	ContainsVariation=No	_	_	_	_	_	_
120-9	BOR001	120	9	questi	questi	_	_	_	_	_	linguistic	_	ContainsVariation=No	_	_	_	_	_	_
120-10	BOR001	120	10	luoghi,	luoghi	_	_	_	_	_	linguistic	_	ContainsVariation=No	Intonation=WeaklyRising	_	_	_	_	_
120-11	BOR001	120	11	o	o	_	_	_	_	_	linguistic	_	ContainsVariation=No	_	_	_	_	_	_
120-12	BOR001	120	12	anche	anche	_	_	_	_	_	linguistic	_	ContainsVariation=No	_	_	_	_	_	_
120-13	BOR001	120	13	lei	lei	_	_	_	_	_	linguistic	_	ContainsVariation=No	_	_	_	_	_	_
120-14	BOR001	120	14	si	si	_	_	_	_	_	linguistic	_	ContainsVariation=No	_	_	_	_	_	_
120-15	BOR001	120	15	è	è	_	_	_	_	_	linguistic	_	ContainsVariation=No	_	_	_	_	_	_
120-16	BOR001	120	16	dovuta	dovuta	_	_	_	_	_	linguistic	_	ContainsVariation=No	_	_	_	_	_	_
120-17	BOR001	120	17	documentare?	documentare	_	_	_	_	_	linguistic	_	ContainsVariation=No	Intonation=Rising	End=548.67	_	_	_	_
121-0	BOI029	121	0	allora	allora	_	_	_	_	_	linguistic	_	ContainsVariation=No	_	Begin=548.71	_	_	_	_
121-1	BOI029	121	1	IO	io	_	_	_	_	_	linguistic	_	ContainsVariation=No	PauseAfter=Yes|Volume=high	_	_	_	_	_
121-2	BOI029	121	2	(.)	(.)	_	_	_	_	_	shortpause	_	ContainsVariation=No	_	_	_	_	_	_
121-3	BOI029	121	3	sono	sono	_	_	_	_	_	linguistic	_	ContainsVariation=No	_	_	_	_	_	_
121-4	BOI029	121	4	di	di	_	_	_	_	_	linguistic	_	ContainsVariation=No	_	_	_	_	_	_
121-5	BOI029	121	5	bologna	bologna	_	_	_	_	_	linguistic	_	ContainsVariation=No	_	End=550.93	_	_	_	_
122-0	BOR001	122	0	mhmh	mhmh	_	_	_	_	_	linguistic	_	ContainsVariation=No	_	Begin=551.16|End=551.46	_	_	_	_
123-0	BOI029	123	0	<non>	non	_	_	_	_	_	linguistic	_	ContainsVariation=No	_	Begin=551.7	_	Slow=0-3(0)	_	_
123-1	BOI029	123	1	sono	sono	_	_	_	_	_	linguistic	_	ContainsVariation=No	_	_	_	_	_	_
123-2	BOI029	123	2	di	di	_	_	_	_	_	linguistic	_	ContainsVariation=No	_	_	_	_	_	_
123-3	BOI029	123	3	questo	questo	_	_	_	_	_	linguistic	_	ContainsVariation=No	_	_	_	_	_	_
123-4	BOI029	123	4	quartiere	quartiere	_	_	_	_	_	linguistic	_	ContainsVariation=No	_	End=553.99	_	_	_	_
124-0	BOI029	124	0	eh.	eh	_	_	_	_	_	linguistic	_	ContainsVariation=No	Intonation=Falling	Begin=554.68	_	_	_	_
124-1	BOI029	124	1	alcune	alcune	_	_	_	_	_	linguistic	_	ContainsVariation=No	_	_	_	_	_	_
124-2	BOI029	124	2	cose	cose	_	_	_	_	_	linguistic	_	ContainsVariation=No	_	_	_	_	_	_
124-3	BOI029	124	3	l~	l~	_	_	_	_	_	linguistic	_	ContainsVariation=No	Interrupted=Yes	_	_	_	_	_
124-4	BOI029	124	4	le	le	_	_	_	_	_	linguistic	_	ContainsVariation=No	_	_	_	_	_	_
124-5	BOI029	124	5	conoscevo	conoscevo	_	_	_	_	_	linguistic	_	ContainsVariation=No	_	End=557.79	_	_	_	_
125-0	BOI029	125	0	eh.	eh	_	_	_	_	_	linguistic	_	ContainsVariation=No	Intonation=Falling	Begin=558.68	_	_	_	_
125-1	BOI029	125	1	(°sì	sì	_	_	_	_	_	linguistic	_	ContainsVariation=No	Volume=low	_	_	_	0-2(0)	_
125-2	BOI029	125	2	però	però	_	_	_	_	_	linguistic	_	ContainsVariation=No	Volume=low	_	_	_	0-4(0)	_
125-3	BOI029	125	3	ho	ho	_	_	_	_	_	linguistic	_	ContainsVariation=No	Volume=low	_	_	_	0-2(0)	_
125-4	BOI029	125	4	più	più	_	_	_	_	_	linguistic	_	ContainsVariation=No	Volume=low	_	_	_	0-3(0)	_
125-5	BOI029	125	5	anni°)	anni	_	_	_	_	_	linguistic	_	ContainsVariation=No	Volume=low	_	_	_	0-4(0)	_
125-6	BOI029	125	6	eh	eh	_	_	_	_	_	linguistic	_	ContainsVariation=No	PauseAfter=Yes	_	_	_	_	_
125-7	BOI029	125	7	(.)	(.)	_	_	_	_	_	shortpause	_	ContainsVariation=No	_	_	_	_	_	_
125-8	BOI029	125	8	altre	altre	_	_	_	_	_	linguistic	_	ContainsVariation=No	_	_	_	_	_	_
125-9	BOI029	125	9	per	per	_	_	_	_	_	linguistic	_	ContainsVariation=No	_	_	_	_	_	_
125-10	BOI029	125	10	esempio	esempio	_	_	_	_	_	linguistic	_	ContainsVariation=No	_	_	_	_	_	_
125-11	BOI029	125	11	mi	mi	_	_	_	_	_	linguistic	_	ContainsVariation=No	_	_	_	_	_	_
125-12	BOI029	125	12	sono	sono	_	_	_	_	_	linguistic	_	ContainsVariation=No	_	_	_	_	_	_
125-13	BOI029	125	13	risultate	risultate	_	_	_	_	_	linguistic	_	ContainsVariation=No	_	_	_	_	_	_
125-14	BOI029	125	14	nuove	nuove	_	_	_	_	_	linguistic	_	ContainsVariation=No	_	End=564.18	_	_	_	_
126-0	BOI029	126	0	<nel	nel	_	_	_	_	_	linguistic	_	ContainsVariation=No	_	Begin=564.22	_	Slow=0-3(0)	_	_
126-1	BOI029	126	1	senso	senso	_	_	_	_	_	linguistic	_	ContainsVariation=No	_	_	_	Slow=0-5(0)	_	_
126-2	BOI029	126	2	che:>	che	_	_	_	_	_	linguistic	_	ContainsVariation=No	_	_	2x1	Slow=0-3(0)	_	_
126-3	BOI029	126	3	e:h	eh	_	_	_	_	_	linguistic	_	ContainsVariation=No	_	End=567.193	0x1	_	_	_
127-0	BOI029	127	0	il	il	_	_	_	_	_	linguistic	_	ContainsVariation=No	_	Begin=567.607	_	_	_	_
127-1	BOI029	127	1	giardino	giardino	_	_	_	_	_	linguistic	_	ContainsVariation=No	_	_	_	_	_	_
127-2	BOI029	127	2	per	per	_	_	_	_	_	linguistic	_	ContainsVariation=No	_	_	_	_	_	_
127-3	BOI029	127	3	esempio	esempio	_	_	_	_	_	linguistic	_	ContainsVariation=No	_	_	_	_	_	_
127-4	BOI029	127	4	quello	quello	_	_	_	_	_	linguistic	_	ContainsVariation=No	_	_	_	_	_	_
127-5	BOI029	127	5	delle	delle	_	_	_	_	_	linguistic	_	ContainsVariation=No	_	_	_	_	_	_
127-6	BOI029	127	6	ot[tantacinque]	ottantacinque	_	_	_	_	_	linguistic	_	ContainsVariation=No	_	_	_	_	_	2-13(27)
127-7	BOI029	127	7	rose	rose	_	_	_	_	_	linguistic	_	ContainsVariation=No	PauseAfter=Yes	_	_	_	_	_
127-8	BOI029	127	8	(.)	(.)	_	_	_	_	_	shortpause	_	ContainsVariation=No	_	_	_	_	_	_
127-9	BOI029	127	9	mh	mh	_	_	_	_	_	linguistic	_	ContainsVariation=No	_	_	_	_	_	_
127-10	BOI029	127	10	non	non	_	_	_	_	_	linguistic	_	ContainsVariation=No	_	_	_	_	_	_
127-11	BOI029	127	11	ci	ci	_	_	_	_	_	linguistic	_	ContainsVariation=No	_	_	_	_	_	_
127-12	BOI029	127	12	avrei	avrei	_	_	_	_	_	linguistic	_	ContainsVariation=No	_	_	_	_	_	_
127-13	BOI029	127	13	mai	mai	_	_	_	_	_	linguistic	_	ContainsVariation=No	_	_	_	_	_	_
127-14	BOI029	127	14	fatto	fatto	_	_	_	_	_	linguistic	_	ContainsVariation=No	_	_	_	_	_	_
127-15	BOI029	127	15	caso,	caso	_	_	_	_	_	linguistic	_	ContainsVariation=No	Intonation=WeaklyRising	_	_	_	_	_
127-16	BOI029	127	16	non	non	_	_	_	_	_	linguistic	_	ContainsVariation=No	_	_	_	_	_	_
127-17	BOI029	127	17	ci	ci	_	_	_	_	_	linguistic	_	ContainsVariation=No	_	_	_	_	_	_
127-18	BOI029	127	18	avrei	avrei	_	_	_	_	_	linguistic	_	ContainsVariation=No	_	_	_	_	_	_
127-19	BOI029	127	19	mai	mai	_	_	_	_	_	linguistic	_	ContainsVariation=No	_	_	_	_	_	_
127-20	BOI029	127	20	pensato	pensato	_	_	_	_	_	linguistic	_	ContainsVariation=No	_	End=573.853	_	_	_	_
128-0	BOR001	128	0	[mhmh]	mhmh	_	_	_	_	_	linguistic	_	ContainsVariation=No	_	Begin=569.26|End=569.9	_	_	_	0-4(27)
129-0	BOI029	129	0	eh	eh	_	_	_	_	_	linguistic	_	ContainsVariation=No	_	Begin=574.32	_	_	_	_
129-1	BOI029	129	1	il	il	_	_	_	_	_	linguistic	_	ContainsVariation=No	_	_	_	_	_	_
129-2	BOI029	129	2	quartiere	quartiere	_	_	_	_	_	linguistic	_	ContainsVariation=No	_	_	_	_	_	_
129-3	BOI029	129	3	decò	decò	_	_	_	_	_	linguistic	_	ContainsVariation=No	_	_	_	_	_	_
129-4	BOI029	129	4	qui	qui	_	_	_	_	_	linguistic	_	ContainsVariation=No	_	_	_	_	_	_
129-5	BOI029	129	5	viene	viene	_	_	_	_	_	linguistic	_	ContainsVariation=No	_	_	_	_	_	_
129-6	BOI029	129	6	descritto	descritto	_	_	_	_	_	linguistic	_	ContainsVariation=No	_	_	_	_	_	_
129-7	BOI029	129	7	[per	per	_	_	_	_	_	linguistic	_	ContainsVariation=No	_	_	_	_	_	0-3(28)
129-8	BOI029	129	8	esempio	esempio	_	_	_	_	_	linguistic	_	ContainsVariation=No	_	_	_	_	_	0-7(28)
129-9	BOI029	129	9	lo]	lo	_	_	_	_	_	linguistic	_	ContainsVariation=No	_	_	_	_	_	0-2(28)
129-10	BOI029	129	10	conoscevo	conoscevo	_	_	_	_	_	linguistic	_	ContainsVariation=No	_	_	_	_	_	_
129-11	BOI029	129	11	molto	molto	_	_	_	_	_	linguistic	_	ContainsVariation=No	_	_	_	_	_	_
129-12	BOI029	129	12	bene	bene	_	_	_	_	_	linguistic	_	ContainsVariation=No	_	End=578.988	_	_	_	_
130-0	BOR001	130	0	[mhmh]	mhmh	_	_	_	_	_	linguistic	_	ContainsVariation=No	_	Begin=577.306|End=577.717	_	_	_	0-4(28)
131-0	BOI029	131	0	ingegneria	ingegneria	_	_	_	_	_	linguistic	_	ContainsVariation=No	_	Begin=579.287	_	_	_	_
131-1	BOI029	131	1	la	la	_	_	_	_	_	linguistic	_	ContainsVariation=No	_	_	_	_	_	_
131-2	BOI029	131	2	conoscevo	conoscevo	_	_	_	_	_	linguistic	_	ContainsVariation=No	_	_	_	_	_	_
131-3	BOI029	131	3	ma	ma	_	_	_	_	_	linguistic	_	ContainsVariation=No	_	_	_	_	_	_
131-4	BOI029	131	4	non	non	_	_	_	_	_	linguistic	_	ContainsVariation=No	_	_	_	_	_	_
131-5	BOI029	131	5	ne	ne	_	_	_	_	_	linguistic	_	ContainsVariation=No	_	_	_	_	_	_
131-6	BOI029	131	6	conoscevo	conoscevo	_	_	_	_	_	linguistic	_	ContainsVariation=No	_	_	_	_	_	_
131-7	BOI029	131	7	il	il	_	_	_	_	_	linguistic	_	ContainsVariation=No	_	_	_	_	_	_
131-8	BOI029	131	8	lato	lato	_	_	_	_	_	linguistic	_	ContainsVariation=No	_	_	_	_	_	_
131-9	BOI029	131	9	o~	o~	_	_	_	_	_	linguistic	_	ContainsVariation=No	Interrupted=Yes	_	_	_	_	_
131-10	BOI029	131	10	delle	delle	_	_	_	_	_	linguistic	_	ContainsVariation=No	_	_	_	_	_	_
131-11	BOI029	131	11	torture	torture	_	_	_	_	_	linguistic	_	ContainsVariation=No	_	End=583.52	_	_	_	_
132-0	BOI029	132	0	o	o	_	_	_	_	_	linguistic	_	ContainsVariation=No	_	Begin=584.11	_	_	_	_
132-1	BOI029	132	1	[dell'	dell'	_	_	_	_	_	linguistic	_	ContainsVariation=No	SpaceAfter=No	_	_	_	_	0-5(29)
132-2	BOI029	132	2	utilizzo]	utilizzo	_	_	_	_	_	linguistic	_	ContainsVariation=No	_	_	_	_	_	0-8(29)
132-3	BOI029	132	3	fatto	fatto	_	_	_	_	_	linguistic	_	ContainsVariation=No	_	_	_	_	_	_
132-4	BOI029	132	4	durante	durante	_	_	_	_	_	linguistic	_	ContainsVariation=No	_	_	_	_	_	_
132-5	BOI029	132	5	la	la	_	_	_	_	_	linguistic	_	ContainsVariation=No	_	_	_	_	_	_
132-6	BOI029	132	6	guerra	guerra	_	_	_	_	_	linguistic	_	ContainsVariation=No	_	_	_	_	_	_
132-7	BOI029	132	7	per	per	_	_	_	_	_	linguistic	_	ContainsVariation=No	_	_	_	_	_	_
132-8	BOI029	132	8	cui	cui	_	_	_	_	_	linguistic	_	ContainsVariation=No	_	_	_	_	_	_
132-9	BOI029	132	9	in	in	_	_	_	_	_	linguistic	_	ContainsVariation=No	_	_	_	_	_	_
132-10	BOI029	132	10	realtà	realtà	_	_	_	_	_	linguistic	_	ContainsVariation=No	PauseAfter=Yes	_	_	_	_	_
132-11	BOI029	132	11	(.)	(.)	_	_	_	_	_	shortpause	_	ContainsVariation=No	_	_	_	_	_	_
132-12	BOI029	132	12	eh	eh	_	_	_	_	_	linguistic	_	ContainsVariation=No	_	_	_	_	_	_
132-13	BOI029	132	13	nonostante	nonostante	_	_	_	_	_	linguistic	_	ContainsVariation=No	_	_	_	_	_	_
132-14	BOI029	132	14	la	la	_	_	_	_	_	linguistic	_	ContainsVariation=No	_	_	_	_	_	_
132-15	BOI029	132	15	mia	mia	_	_	_	_	_	linguistic	_	ContainsVariation=No	_	_	_	_	_	_
132-16	BOI029	132	16	non	non	_	_	_	_	_	linguistic	_	ContainsVariation=No	_	_	_	_	_	_
132-17	BOI029	132	17	giovane	giovane	_	_	_	_	_	linguistic	_	ContainsVariation=No	_	_	_	_	_	_
132-18	BOI029	132	18	età	età	_	_	_	_	_	linguistic	_	ContainsVariation=No	_	_	_	_	_	_
132-19	BOI029	132	19	ci	ci	_	_	_	_	_	linguistic	_	ContainsVariation=No	_	_	_	_	_	_
132-20	BOI029	132	20	sono	sono	_	_	_	_	_	linguistic	_	ContainsVariation=No	_	_	_	_	_	_
132-21	BOI029	132	21	stati	stati	_	_	_	_	_	linguistic	_	ContainsVariation=No	_	_	_	_	_	_
132-22	BOI029	132	22	<tanti>	tanti	_	_	_	_	_	linguistic	_	ContainsVariation=No	_	_	_	Slow=0-5(0)	_	_
132-23	BOI029	132	23	elementi	elementi	_	_	_	_	_	linguistic	_	ContainsVariation=No	_	_	_	_	_	_
132-24	BOI029	132	24	che	che	_	_	_	_	_	linguistic	_	ContainsVariation=No	_	_	_	_	_	_
132-25	BOI029	132	25	mi	mi	_	_	_	_	_	linguistic	_	ContainsVariation=No	_	_	_	_	_	_
132-26	BOI029	132	26	sono	sono	_	_	_	_	_	linguistic	_	ContainsVariation=No	_	_	_	_	_	_
132-27	BOI029	132	27	risultati	risultati	_	_	_	_	_	linguistic	_	ContainsVariation=No	_	_	_	_	_	_
132-28	BOI029	132	28	nuovi	nuovi	_	_	_	_	_	linguistic	_	ContainsVariation=No	_	End=594.55	_	_	_	_
133-0	BOR001	133	0	[neanch'	neanch'	_	_	_	_	_	linguistic	_	ContainsVariation=No	SpaceAfter=No	Begin=584.21	_	_	_	0-7(29)
133-1	BOR001	133	1	io]	io	_	_	_	_	_	linguistic	_	ContainsVariation=No	_	End=584.724	_	_	_	0-2(29)
134-0	BOI029	134	0	e	e	_	_	_	_	_	linguistic	_	ContainsVariation=No	_	Begin=595.07	_	_	_	_
134-1	BOI029	134	1	>diciamo<	diciamo	_	_	_	_	_	linguistic	_	ContainsVariation=No	_	_	_	Fast=0-7(0)	_	_
134-2	BOI029	134	2	più	più	_	_	_	_	_	linguistic	_	ContainsVariation=No	_	_	_	_	_	_
134-3	BOI029	134	3	che	che	_	_	_	_	_	linguistic	_	ContainsVariation=No	_	_	_	_	_	_
134-4	BOI029	134	4	mh	mh	_	_	_	_	_	linguistic	_	ContainsVariation=No	_	_	_	_	_	_
134-5	BOI029	134	5	dell'	dell'	_	_	_	_	_	linguistic	_	ContainsVariation=No	SpaceAfter=No	_	_	_	_	_
134-6	BOI029	134	6	<impianto	impianto	_	_	_	_	_	linguistic	_	ContainsVariation=No	_	_	_	Slow=0-8(0)	_	_
134-7	BOI029	134	7	generale>	generale	_	_	_	_	_	linguistic	_	ContainsVariation=No	_	_	_	Slow=0-8(0)	_	_
134-8	BOI029	134	8	che	che	_	_	_	_	_	linguistic	_	ContainsVariation=No	_	_	_	_	_	_
134-9	BOI029	134	9	magari	magari	_	_	_	_	_	linguistic	_	ContainsVariation=No	_	_	_	_	_	_
134-10	BOI029	134	10	anch~	anch~	_	_	_	_	_	linguistic	_	ContainsVariation=No	Interrupted=Yes	_	_	_	_	_
134-11	BOI029	134	11	da	da	_	_	_	_	_	linguistic	_	ContainsVariation=No	_	_	_	_	_	_
134-12	BOI029	134	12	adulta	adulta	_	_	_	_	_	linguistic	_	ContainsVariation=No	_	_	_	_	_	_
134-13	BOI029	134	13	è	è	_	_	_	_	_	linguistic	_	ContainsVariation=No	_	_	_	_	_	_
134-14	BOI029	134	14	più	più	_	_	_	_	_	linguistic	_	ContainsVariation=No	_	_	_	_	_	_
134-15	BOI029	134	15	facile	facile	_	_	_	_	_	linguistic	_	ContainsVariation=No	_	_	_	_	_	_
134-16	BOI029	134	16	che	che	_	_	_	_	_	linguistic	_	ContainsVariation=No	_	_	_	_	_	_
134-17	BOI029	134	17	abbia	abbia	_	_	_	_	_	linguistic	_	ContainsVariation=No	_	End=601.586	_	_	_	_
135-0	BOI029	135	0	ehm	ehm	_	_	_	_	_	linguistic	_	ContainsVariation=No	_	Begin=602.12	_	_	_	_
135-1	BOI029	135	1	nel	nel	_	_	_	_	_	linguistic	_	ContainsVariation=No	PauseAfter=Yes	_	_	_	_	_
135-2	BOI029	135	2	(.)	(.)	_	_	_	_	_	shortpause	_	ContainsVariation=No	_	_	_	_	_	_
135-3	BOI029	135	3	calarlo	calarlo	_	_	_	_	_	linguistic	_	ContainsVariation=No	_	_	_	_	_	_
135-4	BOI029	135	4	nelle~	nelle~	_	_	_	_	_	linguistic	_	ContainsVariation=No	Interrupted=Yes	_	_	_	_	_
135-5	BOI029	135	5	nelle	nelle	_	_	_	_	_	linguistic	_	ContainsVariation=No	_	_	_	_	_	_
135-6	BOI029	135	6	situazioni	situazioni	_	_	_	_	_	linguistic	_	ContainsVariation=No	_	_	_	_	_	_
135-7	BOI029	135	7	specifiche	specifiche	_	_	_	_	_	linguistic	_	ContainsVariation=No	_	_	_	_	_	_
135-8	BOI029	135	8	nel~	nel~	_	_	_	_	_	linguistic	_	ContainsVariation=No	Interrupted=Yes	_	_	_	_	_
135-9	BOI029	135	9	nei	nei	_	_	_	_	_	linguistic	_	ContainsVariation=No	_	_	_	_	_	_
135-10	BOI029	135	10	luoghi,	luoghi	_	_	_	_	_	linguistic	_	ContainsVariation=No	Intonation=WeaklyRising	_	_	_	_	_
135-11	BOI029	135	11	nei	nei	_	_	_	_	_	linguistic	_	ContainsVariation=No	_	_	_	_	_	_
135-12	BOI029	135	12	posti,	posti	_	_	_	_	_	linguistic	_	ContainsVariation=No	Intonation=WeaklyRising	_	_	_	_	_
135-13	BOI029	135	13	nel	nel	_	_	_	_	_	linguistic	_	ContainsVariation=No	_	End=609.05	_	_	_	_
136-0	BOI029	136	0	e:h	eh	_	_	_	_	_	linguistic	_	ContainsVariation=No	_	Begin=609.631	0x1	_	_	_
136-1	BOI029	136	1	perché	perché	_	_	_	_	_	linguistic	_	ContainsVariation=No	_	_	_	_	_	_
136-2	BOI029	136	2	>magari	magari	_	_	_	_	_	linguistic	_	ContainsVariation=No	_	_	_	Fast=0-6(0)	_	_
136-3	BOI029	136	3	insomma<	insomma	_	_	_	_	_	linguistic	_	ContainsVariation=No	_	_	_	Fast=0-7(0)	_	_
136-4	BOI029	136	4	sono	sono	_	_	_	_	_	linguistic	_	ContainsVariation=No	_	_	_	_	_	_
136-5	BOI029	136	5	cose	cose	_	_	_	_	_	linguistic	_	ContainsVariation=No	_	_	_	_	_	_
136-6	BOI029	136	6	delle	delle	_	_	_	_	_	linguistic	_	ContainsVariation=No	_	_	_	_	_	_
136-7	BOI029	136	7	quali	quali	_	_	_	_	_	linguistic	_	ContainsVariation=No	_	_	_	_	_	_
136-8	BOI029	136	8	abbiamo	abbiamo	_	_	_	_	_	linguistic	_	ContainsVariation=No	_	_	_	_	_	_
136-9	BOI029	136	9	sentito	sentito	_	_	_	_	_	linguistic	_	ContainsVariation=No	_	_	_	_	_	_
136-10	BOI029	136	10	parlare	parlare	_	_	_	_	_	linguistic	_	ContainsVariation=No	_	_	_	_	_	_
136-11	BOI029	136	11	[sì	sì	_	_	_	_	_	linguistic	_	ContainsVariation=No	_	_	_	_	_	0-2(30)
136-12	BOI029	136	12	sì]	sì	_	_	_	_	_	linguistic	_	ContainsVariation=No	_	_	_	_	_	0-2(30)
136-13	BOI029	136	13	lo	lo	_	_	_	_	_	linguistic	_	ContainsVariation=No	_	_	_	_	_	_
136-14	BOI029	136	14	so	so	_	_	_	_	_	linguistic	_	ContainsVariation=No	_	_	_	_	_	_
136-15	BOI029	136	15	lo	lo	_	_	_	_	_	linguistic	_	ContainsVariation=No	_	_	_	_	_	_
136-16	BOI029	136	16	so	so	_	_	_	_	_	linguistic	_	ContainsVariation=No	_	End=614.402	_	_	_	_
137-0	BOR001	137	0	[mh]	mh	_	_	_	_	_	linguistic	_	ContainsVariation=No	_	Begin=613.213|End=613.426	_	_	_	0-2(30)
138-0	BOI029	138	0	però	però	_	_	_	_	_	linguistic	_	ContainsVariation=No	PauseAfter=Yes	Begin=614.78	_	_	_	_
138-1	BOI029	138	1	(.)	(.)	_	_	_	_	_	shortpause	_	ContainsVariation=No	_	_	_	_	_	_
138-2	BOI029	138	2	che	che	_	_	_	_	_	linguistic	_	ContainsVariation=No	_	_	_	_	_	_
138-3	BOI029	138	3	questo	questo	_	_	_	_	_	linguistic	_	ContainsVariation=No	_	_	_	_	_	_
138-4	BOI029	138	4	sia	sia	_	_	_	_	_	linguistic	_	ContainsVariation=No	_	_	_	_	_	_
138-5	BOI029	138	5	successo	successo	_	_	_	_	_	linguistic	_	ContainsVariation=No	_	_	_	_	_	_
138-6	BOI029	138	6	lì	lì	_	_	_	_	_	linguistic	_	ContainsVariation=No	_	_	_	_	_	_
138-7	BOI029	138	7	che	che	_	_	_	_	_	linguistic	_	ContainsVariation=No	_	_	_	_	_	_
138-8	BOI029	138	8	quello	quello	_	_	_	_	_	linguistic	_	ContainsVariation=No	_	_	_	_	_	_
138-9	BOI029	138	9	ricordi	ricordi	_	_	_	_	_	linguistic	_	ContainsVariation=No	_	_	_	_	_	_
138-10	BOI029	138	10	quello	quello	_	_	_	_	_	linguistic	_	ContainsVariation=No	_	_	_	_	_	_
138-11	BOI029	138	11	o	o	_	_	_	_	_	linguistic	_	ContainsVariation=No	_	_	_	_	_	_
138-12	BOI029	138	12	quell'	quell'	_	_	_	_	_	linguistic	_	ContainsVariation=No	SpaceAfter=No	_	_	_	_	_
138-13	BOI029	138	13	altro	altro	_	_	_	_	_	linguistic	_	ContainsVariation=No	_	_	_	_	_	_
138-14	BOI029	138	14	è	è	_	_	_	_	_	linguistic	_	ContainsVariation=No	_	_	_	_	_	_
138-15	BOI029	138	15	tutto	tutto	_	_	_	_	_	linguistic	_	ContainsVariation=No	_	_	_	_	_	_
138-16	BOI029	138	16	un	un	_	_	_	_	_	linguistic	_	ContainsVariation=No	_	_	_	_	_	_
138-17	BOI029	138	17	altro	altro	_	_	_	_	_	linguistic	_	ContainsVariation=No	_	_	_	_	_	_
138-18	BOI029	138	18	tipo	tipo	_	_	_	_	_	linguistic	_	ContainsVariation=No	_	_	_	_	_	_
138-19	BOI029	138	19	di	di	_	_	_	_	_	linguistic	_	ContainsVariation=No	_	_	_	_	_	_
138-20	BOI029	138	20	approccio	approccio	_	_	_	_	_	linguistic	_	ContainsVariation=No	_	_	_	_	_	_
138-21	BOI029	138	21	[ecc]o	ecco	_	_	_	_	_	linguistic	_	ContainsVariation=No	_	End=621.49	_	_	_	0-3(31)
139-0	BOR001	139	0	sì	sì	_	_	_	_	_	linguistic	_	ContainsVariation=No	_	Begin=621.29|End=621.38	_	_	_	_
140-0	BOR001	140	0	sì	sì	_	_	_	_	_	linguistic	_	ContainsVariation=No	_	Begin=621.95	_	_	_	_
140-1	BOR001	140	1	sì	sì	_	_	_	_	_	linguistic	_	ContainsVariation=No	_	End=622.25	_	_	_	_
141-0	BOI029	141	0	ed	ed	_	_	_	_	_	linguistic	_	ContainsVariation=No	_	Begin=622.29	_	_	_	_
141-1	BOI029	141	1	è	è	_	_	_	_	_	linguistic	_	ContainsVariation=No	_	_	_	_	_	_
141-2	BOI029	141	2	stato	stato	_	_	_	_	_	linguistic	_	ContainsVariation=No	_	_	_	_	_	_
141-3	BOI029	141	3	anche	anche	_	_	_	_	_	linguistic	_	ContainsVariation=No	_	_	_	_	_	_
141-4	BOI029	141	4	bello	bello	_	_	_	_	_	linguistic	_	ContainsVariation=No	_	_	_	_	_	_
141-5	BOI029	141	5	scoprirlo	scoprirlo	_	_	_	_	_	linguistic	_	ContainsVariation=No	_	_	_	_	_	_
141-6	BOI029	141	6	con	con	_	_	_	_	_	linguistic	_	ContainsVariation=No	_	_	_	_	_	_
141-7	BOI029	141	7	i	i	_	_	_	_	_	linguistic	_	ContainsVariation=No	_	_	_	_	_	_
141-8	BOI029	141	8	ragazzi:	ragazzi	_	_	_	_	_	linguistic	_	ContainsVariation=No	_	End=624.914	6x1	_	_	_
142-0	BOR001	142	0	quindi	quindi	_	_	_	_	_	linguistic	_	ContainsVariation=No	_	Begin=625.86	_	_	_	_
142-1	BOR001	142	1	in	in	_	_	_	_	_	linguistic	_	ContainsVariation=No	_	_	_	_	_	_
142-2	BOR001	142	2	questo	questo	_	_	_	_	_	linguistic	_	ContainsVariation=No	_	_	_	_	_	_
142-3	BOR001	142	3	caso	caso	_	_	_	_	_	linguistic	_	ContainsVariation=No	_	_	_	_	_	_
142-4	BOR001	142	4	è	è	_	_	_	_	_	linguistic	_	ContainsVariation=No	_	_	_	_	_	_
142-5	BOR001	142	5	stato:	stato	_	_	_	_	_	linguistic	_	ContainsVariation=No	PauseAfter=Yes	_	4x1	_	_	_
142-6	BOR001	142	6	(.)	(.)	_	_	_	_	_	shortpause	_	ContainsVariation=No	_	_	_	_	_	_
142-7	BOR001	142	7	anpi	anpi	_	_	_	_	_	linguistic	_	ContainsVariation=No	_	_	_	_	_	_
142-8	BOR001	142	8	a::	a	_	_	_	_	_	linguistic	_	ContainsVariation=No	_	_	0x2	_	_	_
142-9	BOR001	142	9	proporvi	proporvi	_	_	_	_	_	linguistic	_	ContainsVariation=No	_	_	_	_	_	_
142-10	BOR001	142	10	magari	magari	_	_	_	_	_	linguistic	_	ContainsVariation=No	_	_	_	_	_	_
142-11	BOR001	142	11	questi	questi	_	_	_	_	_	linguistic	_	ContainsVariation=No	_	_	_	_	_	_
142-12	BOR001	142	12	luoghi	luoghi	_	_	_	_	_	linguistic	_	ContainsVariation=No	_	_	_	_	_	_
142-13	BOR001	142	13	che	che	_	_	_	_	_	linguistic	_	ContainsVariation=No	PauseAfter=Yes	_	_	_	_	_
142-14	BOR001	142	14	(.)	(.)	_	_	_	_	_	shortpause	_	ContainsVariation=No	_	_	_	_	_	_
142-15	BOR001	142	15	°>non	non	_	_	_	_	_	linguistic	_	ContainsVariation=No	Volume=low	_	_	Fast=0-3(0)	_	_
142-16	BOR001	142	16	conoscev~<°?	conoscev~	_	_	_	_	_	linguistic	_	ContainsVariation=No	Intonation=Rising|Interrupted=Yes|Volume=low	End=633.21	_	Fast=0-9(0)	_	_
143-0	BOI029	143	0	mah	mah	_	_	_	_	_	linguistic	_	ContainsVariation=No	_	Begin=633.24	_	_	_	_
143-1	BOI029	143	1	insomma	insomma	_	_	_	_	_	linguistic	_	ContainsVariation=No	_	_	_	_	_	_
143-2	BOI029	143	2	ci	ci	_	_	_	_	_	linguistic	_	ContainsVariation=No	_	_	_	_	_	_
143-3	BOI029	143	3	abbiamo	abbiamo	_	_	_	_	_	linguistic	_	ContainsVariation=No	_	_	_	_	_	_
143-4	BOI029	143	4	dopo	dopo	_	_	_	_	_	linguistic	_	ContainsVariation=No	_	_	_	_	_	_
143-5	BOI029	143	5	ragion[ato	ragionato	_	_	_	_	_	linguistic	_	ContainsVariation=No	_	_	_	_	_	6-9(32)
143-6	BOI029	143	6	assieme]	assieme	_	_	_	_	_	linguistic	_	ContainsVariation=No	_	_	_	_	_	0-7(32)
143-7	BOI029	143	7	>nel	nel	_	_	_	_	_	linguistic	_	ContainsVariation=No	_	_	_	Fast=0-3(0)	_	_
143-8	BOI029	143	8	senso	senso	_	_	_	_	_	linguistic	_	ContainsVariation=No	_	_	_	Fast=0-5(0)	_	_
143-9	BOI029	143	9	che<	che	_	_	_	_	_	linguistic	_	ContainsVariation=No	_	_	_	Fast=0-3(0)	_	_
143-10	BOI029	143	10	di	di	_	_	_	_	_	linguistic	_	ContainsVariation=No	_	_	_	_	_	_
143-11	BOI029	143	11	fatto	fatto	_	_	_	_	_	linguistic	_	ContainsVariation=No	_	_	_	_	_	_
143-12	BOI029	143	12	erano	erano	_	_	_	_	_	linguistic	_	ContainsVariation=No	_	_	_	_	_	_
143-13	BOI029	143	13	luoghi	luoghi	_	_	_	_	_	linguistic	_	ContainsVariation=No	_	_	_	_	_	_
143-14	BOI029	143	14	che	che	_	_	_	_	_	linguistic	_	ContainsVariation=No	_	_	_	_	_	_
143-15	BOI029	143	15	bene	bene	_	_	_	_	_	linguistic	_	ContainsVariation=No	_	_	_	_	_	_
143-16	BOI029	143	16	o	o	_	_	_	_	_	linguistic	_	ContainsVariation=No	_	_	_	_	_	_
143-17	BOI029	143	17	male	male	_	_	_	_	_	linguistic	_	ContainsVariation=No	PauseAfter=Yes	_	_	_	_	_
143-18	BOI029	143	18	(.)	(.)	_	_	_	_	_	shortpause	_	ContainsVariation=No	_	_	_	_	_	_
143-19	BOI029	143	19	venivano	venivano	_	_	_	_	_	linguistic	_	ContainsVariation=No	_	_	_	_	_	_
143-20	BOI029	143	20	trattati	trattati	_	_	_	_	_	linguistic	_	ContainsVariation=No	_	_	_	_	_	_
143-21	BOI029	143	21	singolarmente	singolarmente	_	_	_	_	_	linguistic	_	ContainsVariation=No	_	End=641.676	_	_	_	_
144-0	BOR001	144	0	[ah	ah	_	_	_	_	_	linguistic	_	ContainsVariation=No	_	Begin=634.86	_	_	_	0-2(32)
144-1	BOR001	144	1	sì	sì	_	_	_	_	_	linguistic	_	ContainsVariation=No	_	_	_	_	_	0-2(32)
144-2	BOR001	144	2	s~]	s~	_	_	_	_	_	linguistic	_	ContainsVariation=No	Interrupted=Yes	End=635.58	_	_	_	0-2(32)
145-0	BOR001	145	0	a:h	ah	_	_	_	_	_	linguistic	_	ContainsVariation=No	_	Begin=641.9	0x1	_	_	_
145-1	BOR001	145	1	okay	okay	_	_	_	_	_	linguistic	_	ContainsVariation=No	_	End=642.4	_	_	_	_
146-0	BOI029	146	0	io:	io	_	_	_	_	_	linguistic	_	ContainsVariation=No	_	Begin=642.5	1x1	_	_	_
146-1	BOI029	146	1	ho	ho	_	_	_	_	_	linguistic	_	ContainsVariation=No	_	_	_	_	_	_
146-2	BOI029	146	2	fatto	fatto	_	_	_	_	_	linguistic	_	ContainsVariation=No	_	_	_	_	_	_
146-3	BOI029	146	3	>per	per	_	_	_	_	_	linguistic	_	ContainsVariation=No	_	_	_	Fast=0-3(0)	_	_
146-4	BOI029	146	4	esempio<	esempio	_	_	_	_	_	linguistic	_	ContainsVariation=No	_	_	_	Fast=0-7(0)	_	_
146-5	BOI029	146	5	con	con	_	_	_	_	_	linguistic	_	ContainsVariation=No	_	_	_	_	_	_
146-6	BOI029	146	6	un	un	_	_	_	_	_	linguistic	_	ContainsVariation=No	_	_	_	_	_	_
146-7	BOI029	146	7	altra	altra	_	_	_	_	_	linguistic	_	ContainsVariation=No	_	_	_	_	_	_
146-8	BOI029	146	8	mia	mia	_	_	_	_	_	linguistic	_	ContainsVariation=No	_	_	_	_	_	_
146-9	BOI029	146	9	classe	classe	_	_	_	_	_	linguistic	_	ContainsVariation=No	_	_	_	_	_	_
146-10	BOI029	146	10	eh	eh	_	_	_	_	_	linguistic	_	ContainsVariation=No	_	_	_	_	_	_
146-11	BOI029	146	11	il	il	_	_	_	_	_	linguistic	_	ContainsVariation=No	_	_	_	_	_	_
146-12	BOI029	146	12	murales	murales	_	_	_	_	_	linguistic	_	ContainsVariation=No	_	_	_	_	_	_
146-13	BOI029	146	13	di	di	_	_	_	_	_	linguistic	_	ContainsVariation=No	_	_	_	_	_	_
146-14	BOI029	146	14	irma	irma	_	_	_	_	_	linguistic	_	ContainsVariation=No	_	_	_	_	_	_
146-15	BOI029	146	15	bandiera	bandiera	_	_	_	_	_	linguistic	_	ContainsVariation=No	_	End=648.274	_	_	_	_
147-0	BOI029	147	0	e:h	eh	_	_	_	_	_	linguistic	_	ContainsVariation=No	_	Begin=648.79	0x1	_	_	_
147-1	BOI029	147	1	però	però	_	_	_	_	_	linguistic	_	ContainsVariation=No	_	_	_	_	_	_
147-2	BOI029	147	2	poi	poi	_	_	_	_	_	linguistic	_	ContainsVariation=No	_	_	_	_	_	_
147-3	BOI029	147	3	magari	magari	_	_	_	_	_	linguistic	_	ContainsVariation=No	_	_	_	_	_	_
147-4	BOI029	147	4	il	il	_	_	_	_	_	linguistic	_	ContainsVariation=No	_	_	_	_	_	_
147-5	BOI029	147	5	giardino	giardino	_	_	_	_	_	linguistic	_	ContainsVariation=No	_	_	_	_	_	_
147-6	BOI029	147	6	di	di	_	_	_	_	_	linguistic	_	ContainsVariation=No	_	_	_	_	_	_
147-7	BOI029	147	7	fronte	fronte	_	_	_	_	_	linguistic	_	ContainsVariation=No	_	_	_	_	_	_
147-8	BOI029	147	8	delle	delle	_	_	_	_	_	linguistic	_	ContainsVariation=No	_	_	_	_	_	_
147-9	BOI029	147	9	ot[tanta]cinque	ottantacinque	_	_	_	_	_	linguistic	_	ContainsVariation=No	_	_	_	_	_	2-7(33)
147-10	BOI029	147	10	rose	rose	_	_	_	_	_	linguistic	_	ContainsVariation=No	_	_	_	_	_	_
147-11	BOI029	147	11	non	non	_	_	_	_	_	linguistic	_	ContainsVariation=No	_	_	_	_	_	_
147-12	BOI029	147	12	ci	ci	_	_	_	_	_	linguistic	_	ContainsVariation=No	_	_	_	_	_	_
147-13	BOI029	147	13	avevo	avevo	_	_	_	_	_	linguistic	_	ContainsVariation=No	_	_	_	_	_	_
147-14	BOI029	147	14	fatto	fatto	_	_	_	_	_	linguistic	_	ContainsVariation=No	_	_	_	_	_	_
147-15	BOI029	147	15	caso	caso	_	_	_	_	_	linguistic	_	ContainsVariation=No	_	End=654.133	_	_	_	_
148-0	BOR001	148	0	[eh]	eh	_	_	_	_	_	linguistic	_	ContainsVariation=No	_	Begin=651.87|End=652.05	_	_	_	0-2(33)
149-0	BOI029	149	0	eh	eh	_	_	_	_	_	linguistic	_	ContainsVariation=No	_	Begin=654.67	_	_	_	_
149-1	BOI029	149	1	quindi	quindi	_	_	_	_	_	linguistic	_	ContainsVariation=No	_	_	_	_	_	_
149-2	BOI029	149	2	sono	sono	_	_	_	_	_	linguistic	_	ContainsVariation=No	_	_	_	_	_	_
149-3	BOI029	149	3	cose	cose	_	_	_	_	_	linguistic	_	ContainsVariation=No	_	_	_	_	_	_
149-4	BOI029	149	4	che	che	_	_	_	_	_	linguistic	_	ContainsVariation=No	_	_	_	_	_	_
149-5	BOI029	149	5	eh	eh	_	_	_	_	_	linguistic	_	ContainsVariation=No	_	_	_	_	_	_
149-6	BOI029	149	6	pian	pian	_	_	_	_	_	linguistic	_	ContainsVariation=No	_	_	_	_	_	_
149-7	BOI029	149	7	piano	piano	_	_	_	_	_	linguistic	_	ContainsVariation=No	_	_	_	_	_	_
149-8	BOI029	149	8	e~	e~	_	_	_	_	_	linguistic	_	ContainsVariation=No	Interrupted=Yes	_	_	_	_	_
149-9	BOI029	149	9	è	è	_	_	_	_	_	linguistic	_	ContainsVariation=No	_	_	_	_	_	_
149-10	BOI029	149	10	stata	stata	_	_	_	_	_	linguistic	_	ContainsVariation=No	_	_	_	_	_	_
149-11	BOI029	149	11	anche	anche	_	_	_	_	_	linguistic	_	ContainsVariation=No	_	_	_	_	_	_
149-12	BOI029	149	12	quella	quella	_	_	_	_	_	linguistic	_	ContainsVariation=No	_	_	_	_	_	_
149-13	BOI029	149	13	appunto	appunto	_	_	_	_	_	linguistic	_	ContainsVariation=No	_	_	_	_	_	_
149-14	BOI029	149	14	la	la	_	_	_	_	_	linguistic	_	ContainsVariation=No	_	_	_	_	_	_
149-15	BOI029	149	15	logica	logica	_	_	_	_	_	linguistic	_	ContainsVariation=No	_	_	_	_	_	_
149-16	BOI029	149	16	di	di	_	_	_	_	_	linguistic	_	ContainsVariation=No	_	_	_	_	_	_
149-17	BOI029	149	17	non	non	_	_	_	_	_	linguistic	_	ContainsVariation=No	_	_	_	_	_	_
149-18	BOI029	149	18	lasciare	lasciare	_	_	_	_	_	linguistic	_	ContainsVariation=No	_	_	_	_	_	_
149-19	BOI029	149	19	che	che	_	_	_	_	_	linguistic	_	ContainsVariation=No	_	_	_	_	_	_
149-20	BOI029	149	20	io	io	_	_	_	_	_	linguistic	_	ContainsVariation=No	_	_	_	_	_	_
149-21	BOI029	149	21	fatto	fatto	_	_	_	_	_	linguistic	_	ContainsVariation=No	_	_	_	_	_	_
149-22	BOI029	149	22	quello	quello	_	_	_	_	_	linguistic	_	ContainsVariation=No	_	_	_	_	_	_
149-23	BOI029	149	23	conosco	conosco	_	_	_	_	_	linguistic	_	ContainsVariation=No	_	_	_	_	_	_
149-24	BOI029	149	24	quello	quello	_	_	_	_	_	linguistic	_	ContainsVariation=No	_	_	_	_	_	_
149-25	BOI029	149	25	quello	quello	_	_	_	_	_	linguistic	_	ContainsVariation=No	_	_	_	_	_	_
149-26	BOI029	149	26	che	che	_	_	_	_	_	linguistic	_	ContainsVariation=No	_	_	_	_	_	_
149-27	BOI029	149	27	ho	ho	_	_	_	_	_	linguistic	_	ContainsVariation=No	_	_	_	_	_	_
149-28	BOI029	149	28	di	di	_	_	_	_	_	linguistic	_	ContainsVariation=No	_	_	_	_	_	_
149-29	BOI029	149	29	fronte	fronte	_	_	_	_	_	linguistic	_	ContainsVariation=No	_	_	_	_	_	_
149-30	BOI029	149	30	non	non	_	_	_	_	_	linguistic	_	ContainsVariation=No	_	_	_	_	_	_
149-31	BOI029	149	31	lo	lo	_	_	_	_	_	linguistic	_	ContainsVariation=No	_	_	_	_	_	_
149-32	BOI029	149	32	conosco	conosco	_	_	_	_	_	linguistic	_	ContainsVariation=No	_	End=664.45	_	_	_	_
150-0	BOI029	150	0	quello	quello	_	_	_	_	_	linguistic	_	ContainsVariation=No	_	Begin=664.77	_	_	_	_
150-1	BOI029	150	1	di	di	_	_	_	_	_	linguistic	_	ContainsVariation=No	_	_	_	_	_	_
150-2	BOI029	150	2	fare	fare	_	_	_	_	_	linguistic	_	ContainsVariation=No	_	_	_	_	_	_
150-3	BOI029	150	3	un	un	_	_	_	_	_	linguistic	_	ContainsVariation=No	_	_	_	_	_	_
150-4	BOI029	150	4	percorso	percorso	_	_	_	_	_	linguistic	_	ContainsVariation=No	PauseAfter=Yes	_	_	_	_	_
150-5	BOI029	150	5	(.)	(.)	_	_	_	_	_	shortpause	_	ContainsVariation=No	_	_	_	_	_	_
150-6	BOI029	150	6	eh	eh	_	_	_	_	_	linguistic	_	ContainsVariation=No	_	_	_	_	_	_
150-7	BOI029	150	7	sul	sul	_	_	_	_	_	linguistic	_	ContainsVariation=No	_	_	_	_	_	_
150-8	BOI029	150	8	quale	quale	_	_	_	_	_	linguistic	_	ContainsVariation=No	_	_	_	_	_	_
150-9	BOI029	150	9	far	far	_	_	_	_	_	linguistic	_	ContainsVariation=No	_	_	_	_	_	_
150-10	BOI029	150	10	risaltare	risaltare	_	_	_	_	_	linguistic	_	ContainsVariation=No	_	_	_	_	_	_
150-11	BOI029	150	11	eh	eh	_	_	_	_	_	linguistic	_	ContainsVariation=No	_	_	_	_	_	_
150-12	BOI029	150	12	le	le	_	_	_	_	_	linguistic	_	ContainsVariation=No	_	_	_	_	_	_
150-13	BOI029	150	13	cose	cose	_	_	_	_	_	linguistic	_	ContainsVariation=No	_	_	_	_	_	_
150-14	BOI029	150	14	eh	eh	_	_	_	_	_	linguistic	_	ContainsVariation=No	_	_	_	_	_	_
150-15	BOI029	150	15	di	di	_	_	_	_	_	linguistic	_	ContainsVariation=No	_	_	_	_	_	_
150-16	BOI029	150	16	memoria	memoria	_	_	_	_	_	linguistic	_	ContainsVariation=No	_	End=672.92	_	_	_	_
151-0	BOR001	151	0	sì	sì	_	_	_	_	_	linguistic	_	ContainsVariation=No	_	Begin=672.96|End=673.231	_	_	_	_
152-0	BOR001	152	0	e	e	_	_	_	_	_	linguistic	_	ContainsVariation=No	_	Begin=674.186	_	_	_	_
152-1	BOR001	152	1	ehm	ehm	_	_	_	_	_	linguistic	_	ContainsVariation=No	PauseAfter=Yes	_	_	_	_	_
152-2	BOR001	152	2	(.)	(.)	_	_	_	_	_	shortpause	_	ContainsVariation=No	_	_	_	_	_	_
152-3	BOR001	152	3	e	e	_	_	_	_	_	linguistic	_	ContainsVariation=No	_	_	_	_	_	_
152-4	BOR001	152	4	poi	poi	_	_	_	_	_	linguistic	_	ContainsVariation=No	_	_	_	_	_	_
152-5	BOR001	152	5	ho	ho	_	_	_	_	_	linguistic	_	ContainsVariation=No	_	_	_	_	_	_
152-6	BOR001	152	6	visto	visto	_	_	_	_	_	linguistic	_	ContainsVariation=No	_	_	_	_	_	_
152-7	BOR001	152	7	non	non	_	_	_	_	_	linguistic	_	ContainsVariation=No	_	_	_	_	_	_
152-8	BOR001	152	8	mi	mi	_	_	_	_	_	linguistic	_	ContainsVariation=No	_	_	_	_	_	_
152-9	BOR001	152	9	ricordo	ricordo	_	_	_	_	_	linguistic	_	ContainsVariation=No	_	_	_	_	_	_
152-10	BOR001	152	10	se	se	_	_	_	_	_	linguistic	_	ContainsVariation=No	_	_	_	_	_	_
152-11	BOR001	152	11	è~	è~	_	_	_	_	_	linguistic	_	ContainsVariation=No	Interrupted=Yes	_	_	_	_	_
152-12	BOR001	152	12	è	è	_	_	_	_	_	linguistic	_	ContainsVariation=No	_	_	_	_	_	_
152-13	BOR001	152	13	proprio	proprio	_	_	_	_	_	linguistic	_	ContainsVariation=No	_	_	_	_	_	_
152-14	BOR001	152	14	questo	questo	_	_	_	_	_	linguistic	_	ContainsVariation=No	_	_	_	_	_	_
152-15	BOR001	152	15	percorso	percorso	_	_	_	_	_	linguistic	_	ContainsVariation=No	_	_	_	_	_	_
152-16	BOR001	152	16	o	o	_	_	_	_	_	linguistic	_	ContainsVariation=No	_	_	_	_	_	_
152-17	BOR001	152	17	un	un	_	_	_	_	_	linguistic	_	ContainsVariation=No	_	_	_	_	_	_
152-18	BOR001	152	18	altro	altro	_	_	_	_	_	linguistic	_	ContainsVariation=No	_	_	_	_	_	_
152-19	BOR001	152	19	però	però	_	_	_	_	_	linguistic	_	ContainsVariation=No	_	_	_	_	_	_
152-20	BOR001	152	20	mi	mi	_	_	_	_	_	linguistic	_	ContainsVariation=No	_	_	_	_	_	_
152-21	BOR001	152	21	pare	pare	_	_	_	_	_	linguistic	_	ContainsVariation=No	_	_	_	_	_	_
152-22	BOR001	152	22	che	che	_	_	_	_	_	linguistic	_	ContainsVariation=No	_	_	_	_	_	_
152-23	BOR001	152	23	eh	eh	_	_	_	_	_	linguistic	_	ContainsVariation=No	_	_	_	_	_	_
152-24	BOR001	152	24	avesse	avesse	_	_	_	_	_	linguistic	_	ContainsVariation=No	_	_	_	_	_	_
152-25	BOR001	152	25	organizzato	organizzato	_	_	_	_	_	linguistic	_	ContainsVariation=No	_	_	_	_	_	_
152-26	BOR001	152	26	delle	delle	_	_	_	_	_	linguistic	_	ContainsVariation=No	_	_	_	_	_	_
152-27	BOR001	152	27	uscite	uscite	_	_	_	_	_	linguistic	_	ContainsVariation=No	_	_	_	_	_	_
152-28	BOR001	152	28	anche	anche	_	_	_	_	_	linguistic	_	ContainsVariation=No	_	_	_	_	_	_
152-29	BOR001	152	29	coi	coi	_	_	_	_	_	linguistic	_	ContainsVariation=No	_	_	_	_	_	_
152-30	BOR001	152	30	genitori?	genitori	_	_	_	_	_	linguistic	_	ContainsVariation=No	Intonation=Rising	End=684.66	_	_	_	_
153-0	BOI029	153	0	allora	allora	_	_	_	_	_	linguistic	_	ContainsVariation=No	_	Begin=685.92	_	_	_	_
153-1	BOI029	153	1	e::h	eh	_	_	_	_	_	linguistic	_	ContainsVariation=No	_	_	0x2	_	_	_
153-2	BOI029	153	2	quando	quando	_	_	_	_	_	linguistic	_	ContainsVariation=No	_	_	_	_	_	_
153-3	BOI029	153	3	abbiamo	abbiamo	_	_	_	_	_	linguistic	_	ContainsVariation=No	_	_	_	_	_	_
153-4	BOI029	153	4	fatto	fatto	_	_	_	_	_	linguistic	_	ContainsVariation=No	_	_	_	_	_	_
153-5	BOI029	153	5	sostanzialmente	sostanzialmente	_	_	_	_	_	linguistic	_	ContainsVariation=No	_	_	_	_	_	_
153-6	BOI029	153	6	la	la	_	_	_	_	_	linguistic	_	ContainsVariation=No	_	_	_	_	_	_
153-7	BOI029	153	7	prima	prima	_	_	_	_	_	linguistic	_	ContainsVariation=No	_	_	_	_	_	_
153-8	BOI029	153	8	prova	prova	_	_	_	_	_	linguistic	_	ContainsVariation=No	_	_	_	_	_	_
153-9	BOI029	153	9	coi	coi	_	_	_	_	_	linguistic	_	ContainsVariation=No	_	_	_	_	_	_
153-10	BOI029	153	10	ragazzi	ragazzi	_	_	_	_	_	linguistic	_	ContainsVariation=No	_	_	_	_	_	_
153-11	BOI029	153	11	che	che	_	_	_	_	_	linguistic	_	ContainsVariation=No	_	_	_	_	_	_
153-12	BOI029	153	12	abbiam	abbiam	_	_	_	_	_	linguistic	_	ContainsVariation=No	_	_	_	_	_	_
153-13	BOI029	153	13	fatt~	fatt~	_	_	_	_	_	linguistic	_	ContainsVariation=No	Interrupted=Yes	_	_	_	_	_
153-14	BOI029	153	14	con	con	_	_	_	_	_	linguistic	_	ContainsVariation=No	_	_	_	_	_	_
153-15	BOI029	153	15	cui	cui	_	_	_	_	_	linguistic	_	ContainsVariation=No	_	_	_	_	_	_
153-16	BOI029	153	16	abbiam	abbiam	_	_	_	_	_	linguistic	_	ContainsVariation=No	_	_	_	_	_	_
153-17	BOI029	153	17	fatto	fatto	_	_	_	_	_	linguistic	_	ContainsVariation=No	_	_	_	_	_	_
153-18	BOI029	153	18	il	il	_	_	_	_	_	linguistic	_	ContainsVariation=No	_	_	_	_	_	_
153-19	BOI029	153	19	laboratorio	laboratorio	_	_	_	_	_	linguistic	_	ContainsVariation=No	_	End=694.752	_	_	_	_
154-0	BOI029	154	0	abbiam	abbiam	_	_	_	_	_	linguistic	_	ContainsVariation=No	_	Begin=695.194	_	_	_	_
154-1	BOI029	154	1	fatto	fatto	_	_	_	_	_	linguistic	_	ContainsVariation=No	_	_	_	_	_	_
154-2	BOI029	154	2	l'	l'	_	_	_	_	_	linguistic	_	ContainsVariation=No	SpaceAfter=No	_	_	_	_	_
154-3	BOI029	154	3	uscita	uscita	_	_	_	_	_	linguistic	_	ContainsVariation=No	_	_	_	_	_	_
154-4	BOI029	154	4	anche	anche	_	_	_	_	_	linguistic	_	ContainsVariation=No	_	_	_	_	_	_
154-5	BOI029	154	5	con	con	_	_	_	_	_	linguistic	_	ContainsVariation=No	_	_	_	_	_	_
154-6	BOI029	154	6	un	un	_	_	_	_	_	linguistic	_	ContainsVariation=No	_	_	_	_	_	_
154-7	BOI029	154	7	gr~	gr~	_	_	_	_	_	linguistic	_	ContainsVariation=No	Interrupted=Yes	_	_	_	_	_
154-8	BOI029	154	8	un~	un~	_	_	_	_	_	linguistic	_	ContainsVariation=No	Interrupted=Yes	_	_	_	_	_
154-9	BOI029	154	9	i	i	_	_	_	_	_	linguistic	_	ContainsVariation=No	_	_	_	_	_	_
154-10	BOI029	154	10	genitori	genitori	_	_	_	_	_	linguistic	_	ContainsVariation=No	_	_	_	_	_	_
154-11	BOI029	154	11	che	che	_	_	_	_	_	linguistic	_	ContainsVariation=No	_	_	_	_	_	_
154-12	BOI029	154	12	volevano	volevano	_	_	_	_	_	linguistic	_	ContainsVariation=No	_	_	_	_	_	_
154-13	BOI029	154	13	partecipare	partecipare	_	_	_	_	_	linguistic	_	ContainsVariation=No	_	End=699.496	_	_	_	_
155-0	BOR001	155	0	°okay°	okay	_	_	_	_	_	linguistic	_	ContainsVariation=No	Volume=low	Begin=699.76|End=700.18	_	_	_	_
156-0	BOI029	156	0	perché:	perché	_	_	_	_	_	linguistic	_	ContainsVariation=No	_	Begin=700.26	5x1	_	_	_
156-1	BOI029	156	1	ci	ci	_	_	_	_	_	linguistic	_	ContainsVariation=No	_	_	_	_	_	_
156-2	BOI029	156	2	sembrava	sembrava	_	_	_	_	_	linguistic	_	ContainsVariation=No	_	_	_	_	_	_
156-3	BOI029	156	3	importante	importante	_	_	_	_	_	linguistic	_	ContainsVariation=No	_	_	_	_	_	_
156-4	BOI029	156	4	che	che	_	_	_	_	_	linguistic	_	ContainsVariation=No	_	_	_	_	_	_
156-5	BOI029	156	5	anche	anche	_	_	_	_	_	linguistic	_	ContainsVariation=No	_	_	_	_	_	_
156-6	BOI029	156	6	loro	loro	_	_	_	_	_	linguistic	_	ContainsVariation=No	_	_	_	_	_	_
156-7	BOI029	156	7	vedessero	vedessero	_	_	_	_	_	linguistic	_	ContainsVariation=No	_	_	_	_	_	_
156-8	BOI029	156	8	ciò	ciò	_	_	_	_	_	linguistic	_	ContainsVariation=No	_	_	_	_	_	_
156-9	BOI029	156	9	che:	che	_	_	_	_	_	linguistic	_	ContainsVariation=No	_	_	2x1	_	_	_
156-10	BOI029	156	10	i	i	_	_	_	_	_	linguistic	_	ContainsVariation=No	_	_	_	_	_	_
156-11	BOI029	156	11	ragazzi	ragazzi	_	_	_	_	_	linguistic	_	ContainsVariation=No	_	_	_	_	_	_
156-12	BOI029	156	12	avevano	avevano	_	_	_	_	_	linguistic	_	ContainsVariation=No	_	_	_	_	_	_
156-13	BOI029	156	13	fatto	fatto	_	_	_	_	_	linguistic	_	ContainsVariation=No	_	End=705.5	_	_	_	_
157-0	BOI029	157	0	e	e	_	_	_	_	_	linguistic	_	ContainsVariation=No	_	Begin=706.043	_	_	_	_
157-1	BOI029	157	1	devo	devo	_	_	_	_	_	linguistic	_	ContainsVariation=No	_	_	_	_	_	_
157-2	BOI029	157	2	dire	dire	_	_	_	_	_	linguistic	_	ContainsVariation=No	_	_	_	_	_	_
157-3	BOI029	157	3	che	che	_	_	_	_	_	linguistic	_	ContainsVariation=No	_	_	_	_	_	_
157-4	BOI029	157	4	chi	chi	_	_	_	_	_	linguistic	_	ContainsVariation=No	_	_	_	_	_	_
157-5	BOI029	157	5	ha	ha	_	_	_	_	_	linguistic	_	ContainsVariation=No	_	_	_	_	_	_
157-6	BOI029	157	6	partecipato	partecipato	_	_	_	_	_	linguistic	_	ContainsVariation=No	_	_	_	_	_	_
157-7	BOI029	157	7	è	è	_	_	_	_	_	linguistic	_	ContainsVariation=No	_	_	_	_	_	_
157-8	BOI029	157	8	stato	stato	_	_	_	_	_	linguistic	_	ContainsVariation=No	_	_	_	_	_	_
157-9	BOI029	157	9	veramente	veramente	_	_	_	_	_	linguistic	_	ContainsVariation=No	_	_	_	_	_	_
157-10	BOI029	157	10	molto	molto	_	_	_	_	_	linguistic	_	ContainsVariation=No	_	_	_	_	_	_
157-11	BOI029	157	11	contento	contento	_	_	_	_	_	linguistic	_	ContainsVariation=No	_	_	_	_	_	_
157-12	BOI029	157	12	perché	perché	_	_	_	_	_	linguistic	_	ContainsVariation=No	_	_	_	_	_	_
157-13	BOI029	157	13	è	è	_	_	_	_	_	linguistic	_	ContainsVariation=No	_	_	_	_	_	_
157-14	BOI029	157	14	stata	stata	_	_	_	_	_	linguistic	_	ContainsVariation=No	_	_	_	_	_	_
157-15	BOI029	157	15	alla	alla	_	_	_	_	_	linguistic	_	ContainsVariation=No	_	_	_	_	_	_
157-16	BOI029	157	16	fi:ne	fine	_	_	_	_	_	linguistic	_	ContainsVariation=No	_	_	1x1	_	_	_
157-17	BOI029	157	17	un	un	_	_	_	_	_	linguistic	_	ContainsVariation=No	_	_	_	_	_	_
157-18	BOI029	157	18	modo	modo	_	_	_	_	_	linguistic	_	ContainsVariation=No	_	_	_	_	_	_
157-19	BOI029	157	19	di	di	_	_	_	_	_	linguistic	_	ContainsVariation=No	_	_	_	_	_	_
157-20	BOI029	157	20	vedere	vedere	_	_	_	_	_	linguistic	_	ContainsVariation=No	_	_	_	_	_	_
157-21	BOI029	157	21	questi	questi	_	_	_	_	_	linguistic	_	ContainsVariation=No	_	_	_	_	_	_
157-22	BOI029	157	22	luoghi	luoghi	_	_	_	_	_	linguistic	_	ContainsVariation=No	_	_	_	_	_	_
157-23	BOI029	157	23	con	con	_	_	_	_	_	linguistic	_	ContainsVariation=No	_	_	_	_	_	_
157-24	BOI029	157	24	occhi	occhi	_	_	_	_	_	linguistic	_	ContainsVariation=No	_	_	_	_	_	_
157-25	BOI029	157	25	nuovi	nuovi	_	_	_	_	_	linguistic	_	ContainsVariation=No	_	End=714.54	_	_	_	_
158-0	BOR001	158	0	mhmh	mhmh	_	_	_	_	_	linguistic	_	ContainsVariation=No	_	Begin=714.75|End=715.03	_	_	_	_
159-0	BOR001	159	0	sì	sì	_	_	_	_	_	linguistic	_	ContainsVariation=No	_	Begin=715.81|End=716.01	_	_	_	_
160-0	BOI029	160	0	perché	perché	_	_	_	_	_	linguistic	_	ContainsVariation=No	_	Begin=716.22	_	_	_	_
160-1	BOI029	160	1	anche	anche	_	_	_	_	_	linguistic	_	ContainsVariation=No	_	_	_	_	_	_
160-2	BOI029	160	2	per	per	_	_	_	_	_	linguistic	_	ContainsVariation=No	_	_	_	_	_	_
160-3	BOI029	160	3	noi	noi	_	_	_	_	_	linguistic	_	ContainsVariation=No	_	_	_	_	_	_
160-4	BOI029	160	4	insegnanti	insegnanti	_	_	_	_	_	linguistic	_	ContainsVariation=No	_	_	_	_	_	_
160-5	BOI029	160	5	comunque	comunque	_	_	_	_	_	linguistic	_	ContainsVariation=No	_	_	_	_	_	_
160-6	BOI029	160	6	vederlo	vederlo	_	_	_	_	_	linguistic	_	ContainsVariation=No	_	_	_	_	_	_
160-7	BOI029	160	7	coi	coi	_	_	_	_	_	linguistic	_	ContainsVariation=No	_	_	_	_	_	_
160-8	BOI029	160	8	loro	loro	_	_	_	_	_	linguistic	_	ContainsVariation=No	_	_	_	_	_	_
160-9	BOI029	160	9	occhi	occhi	_	_	_	_	_	linguistic	_	ContainsVariation=No	_	_	_	_	_	_
160-10	BOI029	160	10	è	è	_	_	_	_	_	linguistic	_	ContainsVariation=No	_	_	_	_	_	_
160-11	BOI029	160	11	comunque	comunque	_	_	_	_	_	linguistic	_	ContainsVariation=No	_	_	_	_	_	_
160-12	BOI029	160	12	diverso	diverso	_	_	_	_	_	linguistic	_	ContainsVariation=No	_	_	_	_	_	_
160-13	BOI029	160	13	de~	de~	_	_	_	_	_	linguistic	_	ContainsVariation=No	Interrupted=Yes	_	_	_	_	_
160-14	BOI029	160	14	dal	dal	_	_	_	_	_	linguistic	_	ContainsVariation=No	_	_	_	_	_	_
160-15	BOI029	160	15	fatto	fatto	_	_	_	_	_	linguistic	_	ContainsVariation=No	_	_	_	_	_	_
160-16	BOI029	160	16	di	di	_	_	_	_	_	linguistic	_	ContainsVariation=No	_	_	_	_	_	_
160-17	BOI029	160	17	vederli	vederli	_	_	_	_	_	linguistic	_	ContainsVariation=No	_	_	_	_	_	_
160-18	BOI029	160	18	coi	coi	_	_	_	_	_	linguistic	_	ContainsVariation=No	_	_	_	_	_	_
160-19	BOI029	160	19	nostri	nostri	_	_	_	_	_	linguistic	_	ContainsVariation=No	_	End=723.541	_	_	_	_
161-0	BOR001	161	0	sì	sì	_	_	_	_	_	linguistic	_	ContainsVariation=No	_	Begin=724.0	_	_	_	_
161-1	BOR001	161	1	sì	sì	_	_	_	_	_	linguistic	_	ContainsVariation=No	PauseAfter=Yes	_	_	_	_	_
161-2	BOR001	161	2	(.)	(.)	_	_	_	_	_	shortpause	_	ContainsVariation=No	_	_	_	_	_	_
161-3	BOR001	161	3	eh	eh	_	_	_	_	_	linguistic	_	ContainsVariation=No	_	_	_	_	_	_
161-4	BOR001	161	4	infatti:	infatti	_	_	_	_	_	linguistic	_	ContainsVariation=No	_	End=725.207	6x1	_	_	_
162-0	BOR001	162	0	trovo	trovo	_	_	_	_	_	linguistic	_	ContainsVariation=No	_	Begin=726.007	_	_	_	_
162-1	BOR001	162	1	che	che	_	_	_	_	_	linguistic	_	ContainsVariation=No	_	_	_	_	_	_
162-2	BOR001	162	2	sia	sia	_	_	_	_	_	linguistic	_	ContainsVariation=No	_	_	_	_	_	_
162-3	BOR001	162	3	una	una	_	_	_	_	_	linguistic	_	ContainsVariation=No	_	_	_	_	_	_
162-4	BOR001	162	4	bella:	bella	_	_	_	_	_	linguistic	_	ContainsVariation=No	_	End=727.518	4x1	_	_	_
163-0	BOI029	163	0	sì	sì	_	_	_	_	_	linguistic	_	ContainsVariation=No	_	Begin=728.01	_	_	_	_
163-1	BOI029	163	1	credo	credo	_	_	_	_	_	linguistic	_	ContainsVariation=No	_	_	_	_	_	_
163-2	BOI029	163	2	che	che	_	_	_	_	_	linguistic	_	ContainsVariation=No	_	_	_	_	_	_
163-3	BOI029	163	3	questo	questo	_	_	_	_	_	linguistic	_	ContainsVariation=No	_	_	_	_	_	_
163-4	BOI029	163	4	sia	sia	_	_	_	_	_	linguistic	_	ContainsVariation=No	_	_	_	_	_	_
163-5	BOI029	163	5	la	la	_	_	_	_	_	linguistic	_	ContainsVariation=No	_	_	_	_	_	_
163-6	BOI029	163	6	sua	sua	_	_	_	_	_	linguistic	_	ContainsVariation=No	_	_	_	_	_	_
163-7	BOI029	163	7	grande:	grande	_	_	_	_	_	linguistic	_	ContainsVariation=No	_	_	5x1	_	_	_
163-8	BOI029	163	8	FORZA	forza	_	_	_	_	_	linguistic	_	ContainsVariation=No	Volume=high	_	_	_	_	_
163-9	BOI029	163	9	ecco	ecco	_	_	_	_	_	linguistic	_	ContainsVariation=No	_	End=731.72	_	_	_	_
164-0	BOR001	164	0	sì	sì	_	_	_	_	_	linguistic	_	ContainsVariation=No	_	Begin=732.5|End=732.78	_	_	_	_
165-0	BOR001	165	0	e~	e~	_	_	_	_	_	linguistic	_	ContainsVariation=No	Interrupted=Yes	Begin=733.27	_	_	_	_
165-1	BOR001	165	1	e	e	_	_	_	_	_	linguistic	_	ContainsVariation=No	_	_	_	_	_	_
165-2	BOR001	165	2	invece	invece	_	_	_	_	_	linguistic	_	ContainsVariation=No	_	_	_	_	_	_
165-3	BOR001	165	3	ehm	ehm	_	_	_	_	_	linguistic	_	ContainsVariation=No	PauseAfter=Yes	_	_	_	_	_
165-4	BOR001	165	4	(.)	(.)	_	_	_	_	_	shortpause	_	ContainsVariation=No	_	_	_	_	_	_
165-5	BOR001	165	5	perché	perché	_	_	_	_	_	linguistic	_	ContainsVariation=No	_	_	_	_	_	_
165-6	BOR001	165	6	anche	anche	_	_	_	_	_	linguistic	_	ContainsVariation=No	_	_	_	_	_	_
165-7	BOR001	165	7	questo	questo	_	_	_	_	_	linguistic	_	ContainsVariation=No	_	_	_	_	_	_
165-8	BOR001	165	8	mi	mi	_	_	_	_	_	linguistic	_	ContainsVariation=No	_	_	_	_	_	_
165-9	BOR001	165	9	sono	sono	_	_	_	_	_	linguistic	_	ContainsVariation=No	_	_	_	_	_	_
165-10	BOR001	165	10	chiesta	chiesta	_	_	_	_	_	linguistic	_	ContainsVariation=No	_	_	_	_	_	_
165-11	BOR001	165	11	appunto	appunto	_	_	_	_	_	linguistic	_	ContainsVariation=No	_	_	_	_	_	_
165-12	BOR001	165	12	eh	eh	_	_	_	_	_	linguistic	_	ContainsVariation=No	_	_	_	_	_	_
165-13	BOR001	165	13	io	io	_	_	_	_	_	linguistic	_	ContainsVariation=No	_	_	_	_	_	_
165-14	BOR001	165	14	non	non	_	_	_	_	_	linguistic	_	ContainsVariation=No	_	_	_	_	_	_
165-15	BOR001	165	15	conoscevo	conoscevo	_	_	_	_	_	linguistic	_	ContainsVariation=No	_	_	_	_	_	_
165-16	BOR001	165	16	questi	questi	_	_	_	_	_	linguistic	_	ContainsVariation=No	_	_	_	_	_	_
165-17	BOR001	165	17	luoghi	luoghi	_	_	_	_	_	linguistic	_	ContainsVariation=No	_	_	_	_	_	_
165-18	BOR001	165	18	e	e	_	_	_	_	_	linguistic	_	ContainsVariation=No	_	_	_	_	_	_
165-19	BOR001	165	19	neanche	neanche	_	_	_	_	_	linguistic	_	ContainsVariation=No	_	_	_	_	_	_
165-20	BOR001	165	20	la	la	_	_	_	_	_	linguistic	_	ContainsVariation=No	_	_	_	_	_	_
165-21	BOR001	165	21	maggior	maggior	_	_	_	_	_	linguistic	_	ContainsVariation=No	_	_	_	_	_	_
165-22	BOR001	165	22	parte	parte	_	_	_	_	_	linguistic	_	ContainsVariation=No	_	_	_	_	_	_
165-23	BOR001	165	23	dei	dei	_	_	_	_	_	linguistic	_	ContainsVariation=No	_	_	_	_	_	_
165-24	BOR001	165	24	ragazzi	ragazzi	_	_	_	_	_	linguistic	_	ContainsVariation=No	_	_	_	_	_	_
165-25	BOR001	165	25	ma	ma	_	_	_	_	_	linguistic	_	ContainsVariation=No	_	End=741.3	_	_	_	_
166-0	BOR001	166	0	dato	dato	_	_	_	_	_	linguistic	_	ContainsVariation=No	_	Begin=741.8	_	_	_	_
166-1	BOR001	166	1	che	che	_	_	_	_	_	linguistic	_	ContainsVariation=No	_	_	_	_	_	_
166-2	BOR001	166	2	sono	sono	_	_	_	_	_	linguistic	_	ContainsVariation=No	_	_	_	_	_	_
166-3	BOR001	166	3	comunque	comunque	_	_	_	_	_	linguistic	_	ContainsVariation=No	PauseAfter=Yes	_	_	_	_	_
166-4	BOR001	166	4	(.)	(.)	_	_	_	_	_	shortpause	_	ContainsVariation=No	_	_	_	_	_	_
166-5	BOR001	166	5	un	un	_	_	_	_	_	linguistic	_	ContainsVariation=No	_	_	_	_	_	_
166-6	BOR001	166	6	po'	po'	_	_	_	_	_	linguistic	_	ContainsVariation=No	_	_	_	_	_	_
166-7	BOR001	166	7	di	di	_	_	_	_	_	linguistic	_	ContainsVariation=No	_	_	_	_	_	_
166-8	BOR001	166	8	anni	anni	_	_	_	_	_	linguistic	_	ContainsVariation=No	_	_	_	_	_	_
166-9	BOR001	166	9	anche	anche	_	_	_	_	_	linguistic	_	ContainsVariation=No	_	_	_	_	_	_
166-10	BOR001	166	10	se	se	_	_	_	_	_	linguistic	_	ContainsVariation=No	_	_	_	_	_	_
166-11	BOR001	166	11	questo	questo	_	_	_	_	_	linguistic	_	ContainsVariation=No	_	_	_	_	_	_
166-12	BOR001	166	12	progetto	progetto	_	_	_	_	_	linguistic	_	ContainsVariation=No	_	_	_	_	_	_
166-13	BOR001	166	13	è	è	_	_	_	_	_	linguistic	_	ContainsVariation=No	_	_	_	_	_	_
166-14	BOR001	166	14	più	più	_	_	_	_	_	linguistic	_	ContainsVariation=No	_	_	_	_	_	_
166-15	BOR001	166	15	recente	recente	_	_	_	_	_	linguistic	_	ContainsVariation=No	_	_	_	_	_	_
166-16	BOR001	166	16	però	però	_	_	_	_	_	linguistic	_	ContainsVariation=No	_	_	_	_	_	_
166-17	BOR001	166	17	in	in	_	_	_	_	_	linguistic	_	ContainsVariation=No	_	_	_	_	_	_
166-18	BOR001	166	18	generale	generale	_	_	_	_	_	linguistic	_	ContainsVariation=No	_	_	_	_	_	_
166-19	BOR001	166	19	che	che	_	_	_	_	_	linguistic	_	ContainsVariation=No	_	_	_	_	_	_
166-20	BOR001	166	20	vi	vi	_	_	_	_	_	linguistic	_	ContainsVariation=No	_	_	_	_	_	_
166-21	BOR001	166	21	occupate:	occupate	_	_	_	_	_	linguistic	_	ContainsVariation=No	_	_	7x1	_	_	_
166-22	BOR001	166	22	[di:]:	di	_	_	_	_	_	linguistic	_	ContainsVariation=No	_	End=748.7	1x2	_	_	0-2(34)
167-0	BOI029	167	0	[sì]	sì	_	_	_	_	_	linguistic	_	ContainsVariation=No	_	Begin=748.07|End=748.39	_	_	_	0-2(34)
168-0	BOR001	168	0	>mantenere	mantenere	_	_	_	_	_	linguistic	_	ContainsVariation=No	_	Begin=749.13	_	Fast=0-9(0)	_	_
168-1	BOR001	168	1	viva	viva	_	_	_	_	_	linguistic	_	ContainsVariation=No	_	_	_	Fast=0-4(0)	_	_
168-2	BOR001	168	2	la	la	_	_	_	_	_	linguistic	_	ContainsVariation=No	_	_	_	Fast=0-2(0)	_	_
168-3	BOR001	168	3	memoria<	memoria	_	_	_	_	_	linguistic	_	ContainsVariation=No	_	End=750.416	_	Fast=0-7(0)	_	_
169-0	BOR001	169	0	avete	avete	_	_	_	_	_	linguistic	_	ContainsVariation=No	_	Begin=751.04	_	_	_	_
169-1	BOR001	169	1	notato	notato	_	_	_	_	_	linguistic	_	ContainsVariation=No	_	_	_	_	_	_
169-2	BOR001	169	2	negli	negli	_	_	_	_	_	linguistic	_	ContainsVariation=No	_	_	_	_	_	_
169-3	BOR001	169	3	anni	anni	_	_	_	_	_	linguistic	_	ContainsVariation=No	PauseAfter=Yes	_	_	_	_	_
169-4	BOR001	169	4	(.)	(.)	_	_	_	_	_	shortpause	_	ContainsVariation=No	_	_	_	_	_	_
169-5	BOR001	169	5	un	un	_	_	_	_	_	linguistic	_	ContainsVariation=No	_	_	_	_	_	_
169-6	BOR001	169	6	cambiamento	cambiamento	_	_	_	_	_	linguistic	_	ContainsVariation=No	_	_	_	_	_	_
169-7	BOR001	169	7	nella	nella	_	_	_	_	_	linguistic	_	ContainsVariation=No	_	_	_	_	_	_
169-8	BOR001	169	8	conoscenza	conoscenza	_	_	_	_	_	linguistic	_	ContainsVariation=No	_	_	_	_	_	_
169-9	BOR001	169	9	che	che	_	_	_	_	_	linguistic	_	ContainsVariation=No	_	_	_	_	_	_
169-10	BOR001	169	10	i	i	_	_	_	_	_	linguistic	_	ContainsVariation=No	_	_	_	_	_	_
169-11	BOR001	169	11	ragazzi	ragazzi	_	_	_	_	_	linguistic	_	ContainsVariation=No	_	_	_	_	_	_
169-12	BOR001	169	12	già	già	_	_	_	_	_	linguistic	_	ContainsVariation=No	_	_	_	_	_	_
169-13	BOR001	169	13	hanno,	hanno	_	_	_	_	_	linguistic	_	ContainsVariation=No	Intonation=WeaklyRising	End=757.39	_	_	_	_
170-0	BOR001	170	0	di	di	_	_	_	_	_	linguistic	_	ContainsVariation=No	_	Begin=757.98	_	_	_	_
170-1	BOR001	170	1	questi	questi	_	_	_	_	_	linguistic	_	ContainsVariation=No	_	_	_	_	_	_
170-2	BOR001	170	2	temi,	temi	_	_	_	_	_	linguistic	_	ContainsVariation=No	Intonation=WeaklyRising	_	_	_	_	_
170-3	BOR001	170	3	prima	prima	_	_	_	_	_	linguistic	_	ContainsVariation=No	_	_	_	_	_	_
170-4	BOR001	170	4	di	di	_	_	_	_	_	linguistic	_	ContainsVariation=No	_	_	_	_	_	_
170-5	BOR001	170	5	affrontarli	affrontarli	_	_	_	_	_	linguistic	_	ContainsVariation=No	PauseAfter=Yes	_	_	_	_	_
170-6	BOR001	170	6	(.)	(.)	_	_	_	_	_	shortpause	_	ContainsVariation=No	_	_	_	_	_	_
170-7	BOR001	170	7	a	a	_	_	_	_	_	linguistic	_	ContainsVariation=No	_	_	_	_	_	_
170-8	BOR001	170	8	scuola?	scuola	_	_	_	_	_	linguistic	_	ContainsVariation=No	Intonation=Rising	End=761.24	_	_	_	_
171-0	BOI029	171	0	eh	eh	_	_	_	_	_	linguistic	_	ContainsVariation=No	_	Begin=763.47	_	_	_	_
171-1	BOI029	171	1	non~	non~	_	_	_	_	_	linguistic	_	ContainsVariation=No	Interrupted=Yes	_	_	_	_	_
171-2	BOI029	171	2	non	non	_	_	_	_	_	linguistic	_	ContainsVariation=No	_	_	_	_	_	_
171-3	BOI029	171	3	è	è	_	_	_	_	_	linguistic	_	ContainsVariation=No	_	_	_	_	_	_
171-4	BOI029	171	4	semplice	semplice	_	_	_	_	_	linguistic	_	ContainsVariation=No	_	_	_	_	_	_
171-5	BOI029	171	5	>cioè<	cioè	_	_	_	_	_	linguistic	_	ContainsVariation=No	_	_	_	Fast=0-4(0)	_	_
171-6	BOI029	171	6	[nel	nel	_	_	_	_	_	linguistic	_	ContainsVariation=No	_	_	_	_	_	0-3(35)
171-7	BOI029	171	7	se]nso	senso	_	_	_	_	_	linguistic	_	ContainsVariation=No	_	_	_	_	_	0-2(35)
171-8	BOI029	171	8	che	che	_	_	_	_	_	linguistic	_	ContainsVariation=No	_	End=766.17	_	_	_	_
172-0	BOR001	172	0	[mh]	mh	_	_	_	_	_	linguistic	_	ContainsVariation=No	_	Begin=765.29|End=765.604	_	_	_	0-2(35)
173-0	BOI029	173	0	dipende	dipende	_	_	_	_	_	linguistic	_	ContainsVariation=No	_	Begin=766.677	_	_	_	_
173-1	BOI029	173	1	un~	un~	_	_	_	_	_	linguistic	_	ContainsVariation=No	Interrupted=Yes	_	_	_	_	_
173-2	BOI029	173	2	un	un	_	_	_	_	_	linguistic	_	ContainsVariation=No	_	_	_	_	_	_
173-3	BOI029	173	3	po'	po'	_	_	_	_	_	linguistic	_	ContainsVariation=No	_	_	_	_	_	_
173-4	BOI029	173	4	dalle	dalle	_	_	_	_	_	linguistic	_	ContainsVariation=No	_	_	_	_	_	_
173-5	BOI029	173	5	scuole	scuole	_	_	_	_	_	linguistic	_	ContainsVariation=No	_	_	_	_	_	_
173-6	BOI029	173	6	che	che	_	_	_	_	_	linguistic	_	ContainsVariation=No	_	_	_	_	_	_
173-7	BOI029	173	7	hanno	hanno	_	_	_	_	_	linguistic	_	ContainsVariation=No	_	_	_	_	_	_
173-8	BOI029	173	8	fatto	fatto	_	_	_	_	_	linguistic	_	ContainsVariation=No	_	_	_	_	_	_
173-9	BOI029	173	9	qui	qui	_	_	_	_	_	linguistic	_	ContainsVariation=No	_	_	_	_	_	_
173-10	BOI029	173	10	ndi	ndi	_	_	_	_	_	linguistic	_	ContainsVariation=No	_	_	_	_	_	_
173-11	BOI029	173	11	dal	dal	_	_	_	_	_	linguistic	_	ContainsVariation=No	_	_	_	_	_	_
173-12	BOI029	173	12	tipo	tipo	_	_	_	_	_	linguistic	_	ContainsVariation=No	_	_	_	_	_	_
173-13	BOI029	173	13	di	di	_	_	_	_	_	linguistic	_	ContainsVariation=No	_	_	_	_	_	_
173-14	BOI029	173	14	impostazione	impostazione	_	_	_	_	_	linguistic	_	ContainsVariation=No	_	_	_	_	_	_
173-15	BOI029	173	15	che	che	_	_	_	_	_	linguistic	_	ContainsVariation=No	_	_	_	_	_	_
173-16	BOI029	173	16	è	è	_	_	_	_	_	linguistic	_	ContainsVariation=No	_	_	_	_	_	_
173-17	BOI029	173	17	stata	stata	_	_	_	_	_	linguistic	_	ContainsVariation=No	_	_	_	_	_	_
173-18	BOI029	173	18	data	data	_	_	_	_	_	linguistic	_	ContainsVariation=No	_	End=772.07	_	_	_	_
174-0	BOI029	174	0	e:h	eh	_	_	_	_	_	linguistic	_	ContainsVariation=No	_	Begin=772.65	0x1	_	_	_
174-1	BOI029	174	1	all~	all~	_	_	_	_	_	linguistic	_	ContainsVariation=No	Interrupted=Yes	_	_	_	_	_
174-2	BOI029	174	2	alla	alla	_	_	_	_	_	linguistic	_	ContainsVariation=No	_	_	_	_	_	_
174-3	BOI029	174	3	scuola	scuola	_	_	_	_	_	linguistic	_	ContainsVariation=No	_	_	_	_	_	_
174-4	BOI029	174	4	elementare	elementare	_	_	_	_	_	linguistic	_	ContainsVariation=No	_	_	_	_	_	_
174-5	BOI029	174	5	nel	nel	_	_	_	_	_	linguistic	_	ContainsVariation=No	_	_	_	_	_	_
174-6	BOI029	174	6	senso	senso	_	_	_	_	_	linguistic	_	ContainsVariation=No	_	_	_	_	_	_
174-7	BOI029	174	7	che	che	_	_	_	_	_	linguistic	_	ContainsVariation=No	_	_	_	_	_	_
174-8	BOI029	174	8	son	son	_	_	_	_	_	linguistic	_	ContainsVariation=No	_	_	_	_	_	_
174-9	BOI029	174	9	di	di	_	_	_	_	_	linguistic	_	ContainsVariation=No	_	_	_	_	_	_
174-10	BOI029	174	10	solito	solito	_	_	_	_	_	linguistic	_	ContainsVariation=No	_	_	_	_	_	_
174-11	BOI029	174	11	temi	temi	_	_	_	_	_	linguistic	_	ContainsVariation=No	_	_	_	_	_	_
174-12	BOI029	174	12	che	che	_	_	_	_	_	linguistic	_	ContainsVariation=No	PauseAfter=Yes	_	_	_	_	_
174-13	BOI029	174	13	(.)	(.)	_	_	_	_	_	shortpause	_	ContainsVariation=No	_	_	_	_	_	_
174-14	BOI029	174	14	magari	magari	_	_	_	_	_	linguistic	_	ContainsVariation=No	_	_	_	_	_	_
174-15	BOI029	174	15	in	in	_	_	_	_	_	linguistic	_	ContainsVariation=No	_	_	_	_	_	_
174-16	BOI029	174	16	alcune	alcune	_	_	_	_	_	linguistic	_	ContainsVariation=No	_	_	_	_	_	_
174-17	BOI029	174	17	elementari	elementari	_	_	_	_	_	linguistic	_	ContainsVariation=No	_	_	_	_	_	_
174-18	BOI029	174	18	vengono	vengono	_	_	_	_	_	linguistic	_	ContainsVariation=No	_	_	_	_	_	_
174-19	BOI029	174	19	trattati:	trattati	_	_	_	_	_	linguistic	_	ContainsVariation=No	_	_	7x1	_	_	_
174-20	BOI029	174	20	in	in	_	_	_	_	_	linguistic	_	ContainsVariation=No	_	_	_	_	_	_
174-21	BOI029	174	21	altre	altre	_	_	_	_	_	linguistic	_	ContainsVariation=No	_	_	_	_	_	_
174-22	BOI029	174	22	no	no	_	_	_	_	_	linguistic	_	ContainsVariation=No	_	End=781.65	_	_	_	_
175-0	BOR001	175	0	mh	mh	_	_	_	_	_	linguistic	_	ContainsVariation=No	_	Begin=781.76|End=781.97	_	_	_	_
176-0	BOI029	176	0	°e:hm°	ehm	_	_	_	_	_	linguistic	_	ContainsVariation=No	Volume=low	Begin=782.05	0x1	_	_	_
176-1	BOI029	176	1	eh	eh	_	_	_	_	_	linguistic	_	ContainsVariation=No	_	_	_	_	_	_
176-2	BOI029	176	2	diciamo	diciamo	_	_	_	_	_	linguistic	_	ContainsVariation=No	_	_	_	_	_	_
176-3	BOI029	176	3	che	che	_	_	_	_	_	linguistic	_	ContainsVariation=No	_	_	_	_	_	_
176-4	BOI029	176	4	è	è	_	_	_	_	_	linguistic	_	ContainsVariation=No	_	_	_	_	_	_
176-5	BOI029	176	5	difficile	difficile	_	_	_	_	_	linguistic	_	ContainsVariation=No	_	_	_	_	_	_
176-6	BOI029	176	6	che	che	_	_	_	_	_	linguistic	_	ContainsVariation=No	_	_	_	_	_	_
176-7	BOI029	176	7	ci	ci	_	_	_	_	_	linguistic	_	ContainsVariation=No	_	_	_	_	_	_
176-8	BOI029	176	8	siano	siano	_	_	_	_	_	linguistic	_	ContainsVariation=No	_	_	_	_	_	_
176-9	BOI029	176	9	ragazzi	ragazzi	_	_	_	_	_	linguistic	_	ContainsVariation=No	_	_	_	_	_	_
176-10	BOI029	176	10	che	che	_	_	_	_	_	linguistic	_	ContainsVariation=No	_	_	_	_	_	_
176-11	BOI029	176	11	proprio	proprio	_	_	_	_	_	linguistic	_	ContainsVariation=No	_	_	_	_	_	_
176-12	BOI029	176	12	<non	non	_	_	_	_	_	linguistic	_	ContainsVariation=No	_	_	_	Slow=0-3(0)	_	_
176-13	BOI029	176	13	ne	ne	_	_	_	_	_	linguistic	_	ContainsVariation=No	_	_	_	Slow=0-2(0)	_	_
176-14	BOI029	176	14	sanno>	sanno	_	_	_	_	_	linguistic	_	ContainsVariation=No	_	_	_	Slow=0-5(0)	_	_
176-15	BOI029	176	15	nulla	nulla	_	_	_	_	_	linguistic	_	ContainsVariation=No	_	End=788.07	_	_	_	_
177-0	BOI029	177	0	°ecco°	ecco	_	_	_	_	_	linguistic	_	ContainsVariation=No	Volume=low	Begin=788.46	_	_	_	_
177-1	BOI029	177	1	diciamo	diciamo	_	_	_	_	_	linguistic	_	ContainsVariation=No	_	_	_	_	_	_
177-2	BOI029	177	2	così	così	_	_	_	_	_	linguistic	_	ContainsVariation=No	_	End=789.564	_	_	_	_
178-0	BOI029	178	0	e:h	eh	_	_	_	_	_	linguistic	_	ContainsVariation=No	_	Begin=790.17|End=791.373	0x1	_	_	_
179-0	BOI029	179	0	ecco	ecco	_	_	_	_	_	linguistic	_	ContainsVariation=No	_	Begin=792.98	_	_	_	_
179-1	BOI029	179	1	<manca	manca	_	_	_	_	_	linguistic	_	ContainsVariation=No	_	_	_	Slow=0-5(0)	_	_
179-2	BOI029	179	2	sempre	sempre	_	_	_	_	_	linguistic	_	ContainsVariation=No	_	_	_	Slow=0-6(0)	_	_
179-3	BOI029	179	3	di	di	_	_	_	_	_	linguistic	_	ContainsVariation=No	_	_	_	Slow=0-2(0)	_	_
179-4	BOI029	179	4	più:>	più	_	_	_	_	_	linguistic	_	ContainsVariation=No	_	_	2x1	Slow=0-3(0)	_	_
179-5	BOI029	179	5	la	la	_	_	_	_	_	linguistic	_	ContainsVariation=No	_	_	_	_	_	_
179-6	BOI029	179	6	presenza	presenza	_	_	_	_	_	linguistic	_	ContainsVariation=No	_	_	_	_	_	_
179-7	BOI029	179	7	della	della	_	_	_	_	_	linguistic	_	ContainsVariation=No	_	_	_	_	_	_
179-8	BOI029	179	8	memoria	memoria	_	_	_	_	_	linguistic	_	ContainsVariation=No	_	_	_	_	_	_
179-9	BOI029	179	9	in	in	_	_	_	_	_	linguistic	_	ContainsVariation=No	_	_	_	_	_	_
179-10	BOI029	179	10	famiglia	famiglia	_	_	_	_	_	linguistic	_	ContainsVariation=No	_	End=797.979	_	_	_	_
180-0	BOI029	180	0	e:	e	_	_	_	_	_	linguistic	_	ContainsVariation=No	_	Begin=800.14	0x1	_	_	_
180-1	BOI029	180	1	quando	quando	_	_	_	_	_	linguistic	_	ContainsVariation=No	_	_	_	_	_	_
180-2	BOI029	180	2	c'	c'	_	_	_	_	_	linguistic	_	ContainsVariation=No	SpaceAfter=No	_	_	_	_	_
180-3	BOI029	180	3	è	è	_	_	_	_	_	linguistic	_	ContainsVariation=No	_	_	_	_	_	_
180-4	BOI029	180	4	è	è	_	_	_	_	_	linguistic	_	ContainsVariation=No	_	_	_	_	_	_
180-5	BOI029	180	5	una	una	_	_	_	_	_	linguistic	_	ContainsVariation=No	_	_	_	_	_	_
180-6	BOI029	180	6	memoria	memoria	_	_	_	_	_	linguistic	_	ContainsVariation=No	_	_	_	_	_	_
180-7	BOI029	180	7	comunque	comunque	_	_	_	_	_	linguistic	_	ContainsVariation=No	_	_	_	_	_	_
180-8	BOI029	180	8	indiretta	indiretta	_	_	_	_	_	linguistic	_	ContainsVariation=No	_	End=803.61	_	_	_	_
181-0	BOI029	181	0	sì	sì	_	_	_	_	_	linguistic	_	ContainsVariation=No	_	Begin=803.8	_	_	_	_
181-1	BOI029	181	1	perché	perché	_	_	_	_	_	linguistic	_	ContainsVariation=No	_	_	_	_	_	_
181-2	BOI029	181	2	mi	mi	_	_	_	_	_	linguistic	_	ContainsVariation=No	_	_	_	_	_	_
181-3	BOI029	181	3	hanno	hanno	_	_	_	_	_	linguistic	_	ContainsVariation=No	_	_	_	_	_	_
181-4	BOI029	181	4	detto	detto	_	_	_	_	_	linguistic	_	ContainsVariation=No	_	_	_	_	_	_
181-5	BOI029	181	5	che	che	_	_	_	_	_	linguistic	_	ContainsVariation=No	_	_	_	_	_	_
181-6	BOI029	181	6	il	il	_	_	_	_	_	linguistic	_	ContainsVariation=No	_	_	_	_	_	_
181-7	BOI029	181	7	mio	mio	_	_	_	_	_	linguistic	_	ContainsVariation=No	_	_	_	_	_	_
181-8	BOI029	181	8	bisnonno	bisnonno	_	_	_	_	_	linguistic	_	ContainsVariation=No	PauseAfter=Yes	_	_	_	_	_
181-9	BOI029	181	9	(.)	(.)	_	_	_	_	_	shortpause	_	ContainsVariation=No	_	_	_	_	_	_
181-10	BOI029	181	10	ha	ha	_	_	_	_	_	linguistic	_	ContainsVariation=No	_	_	_	_	_	_
181-11	BOI029	181	11	fatto	fatto	_	_	_	_	_	linguistic	_	ContainsVariation=No	_	_	_	_	_	_
181-12	BOI029	181	12	è	è	_	_	_	_	_	linguistic	_	ContainsVariation=No	_	_	_	_	_	_
181-13	BOI029	181	13	stato	stato	_	_	_	_	_	linguistic	_	ContainsVariation=No	_	End=808.74	_	_	_	_
182-0	BOR001	182	0	mh	mh	_	_	_	_	_	linguistic	_	ContainsVariation=No	_	Begin=809.1|End=809.32	_	_	_	_
183-0	BOI029	183	0	e:	e	_	_	_	_	_	linguistic	_	ContainsVariation=No	_	Begin=809.9	0x1	_	_	_
183-1	BOI029	183	1	quindi	quindi	_	_	_	_	_	linguistic	_	ContainsVariation=No	_	_	_	_	_	_
183-2	BOI029	183	2	insomma	insomma	_	_	_	_	_	linguistic	_	ContainsVariation=No	PauseAfter=Yes	_	_	_	_	_
183-3	BOI029	183	3	(.)	(.)	_	_	_	_	_	shortpause	_	ContainsVariation=No	_	_	_	_	_	_
183-4	BOI029	183	4	rimane	rimane	_	_	_	_	_	linguistic	_	ContainsVariation=No	_	_	_	_	_	_
183-5	BOI029	183	5	un	un	_	_	_	_	_	linguistic	_	ContainsVariation=No	_	_	_	_	_	_
183-6	BOI029	183	6	po'	po'	_	_	_	_	_	linguistic	_	ContainsVariation=No	_	_	_	_	_	_
183-7	BOI029	183	7	più	più	_	_	_	_	_	linguistic	_	ContainsVariation=No	_	_	_	_	_	_
183-8	BOI029	183	8	sfilacciata:	sfilacciata	_	_	_	_	_	linguistic	_	ContainsVariation=No	_	_	10x1	_	_	_
183-9	BOI029	183	9	come	come	_	_	_	_	_	linguistic	_	ContainsVariation=No	_	_	_	_	_	_
183-10	BOI029	183	10	tipo	tipo	_	_	_	_	_	linguistic	_	ContainsVariation=No	_	_	_	_	_	_
183-11	BOI029	183	11	di	di	_	_	_	_	_	linguistic	_	ContainsVariation=No	_	_	_	_	_	_
183-12	BOI029	183	12	memoria	memoria	_	_	_	_	_	linguistic	_	ContainsVariation=No	_	End=815.659	_	_	_	_
184-0	BOI029	184	0	e::	e	_	_	_	_	_	linguistic	_	ContainsVariation=No	_	Begin=816.265	0x2	_	_	_
184-1	BOI029	184	1	<però	però	_	_	_	_	_	linguistic	_	ContainsVariation=No	_	_	_	Slow=0-4(0)	_	_
184-2	BOI029	184	2	è	è	_	_	_	_	_	linguistic	_	ContainsVariation=No	_	_	_	Slow=0-1(0)	_	_
184-3	BOI029	184	3	un	un	_	_	_	_	_	linguistic	_	ContainsVariation=No	_	_	_	Slow=0-2(0)	_	_
184-4	BOI029	184	4	tipo>	tipo	_	_	_	_	_	linguistic	_	ContainsVariation=No	_	_	_	Slow=0-4(0)	_	_
184-5	BOI029	184	5	di	di	_	_	_	_	_	linguistic	_	ContainsVariation=No	_	_	_	_	_	_
184-6	BOI029	184	6	di	di	_	_	_	_	_	linguistic	_	ContainsVariation=No	_	_	_	_	_	_
184-7	BOI029	184	7	di	di	_	_	_	_	_	linguistic	_	ContainsVariation=No	_	_	_	_	_	_
184-8	BOI029	184	8	memoria	memoria	_	_	_	_	_	linguistic	_	ContainsVariation=No	_	_	_	_	_	_
184-9	BOI029	184	9	che	che	_	_	_	_	_	linguistic	_	ContainsVariation=No	_	_	_	_	_	_
184-10	BOI029	184	10	affascina	affascina	_	_	_	_	_	linguistic	_	ContainsVariation=No	_	_	_	_	_	_
184-11	BOI029	184	11	ancora	ancora	_	_	_	_	_	linguistic	_	ContainsVariation=No	_	_	_	_	_	_
184-12	BOI029	184	12	tantissimo	tantissimo	_	_	_	_	_	linguistic	_	ContainsVariation=No	_	End=822.4	_	_	_	_
185-0	BOI029	185	0	>cioè<	cioè	_	_	_	_	_	linguistic	_	ContainsVariation=No	_	Begin=822.48	_	Fast=0-4(0)	_	_
185-1	BOI029	185	1	la	la	_	_	_	_	_	linguistic	_	ContainsVariation=No	_	_	_	_	_	_
185-2	BOI029	185	2	narrazione	narrazione	_	_	_	_	_	linguistic	_	ContainsVariation=No	_	_	_	_	_	_
185-3	BOI029	185	3	di	di	_	_	_	_	_	linguistic	_	ContainsVariation=No	_	_	_	_	_	_
185-4	BOI029	185	4	ciò	ciò	_	_	_	_	_	linguistic	_	ContainsVariation=No	_	_	_	_	_	_
185-5	BOI029	185	5	che	che	_	_	_	_	_	linguistic	_	ContainsVariation=No	_	_	_	_	_	_
185-6	BOI029	185	6	è	è	_	_	_	_	_	linguistic	_	ContainsVariation=No	_	_	_	_	_	_
185-7	BOI029	185	7	avvenuto,	avvenuto	_	_	_	_	_	linguistic	_	ContainsVariation=No	Intonation=WeaklyRising	_	_	_	_	_
185-8	BOI029	185	8	di	di	_	_	_	_	_	linguistic	_	ContainsVariation=No	_	_	_	_	_	_
185-9	BOI029	185	9	ciò	ciò	_	_	_	_	_	linguistic	_	ContainsVariation=No	_	_	_	_	_	_
185-10	BOI029	185	10	che	che	_	_	_	_	_	linguistic	_	ContainsVariation=No	_	_	_	_	_	_
185-11	BOI029	185	11	è	è	_	_	_	_	_	linguistic	_	ContainsVariation=No	_	_	_	_	_	_
185-12	BOI029	185	12	successo	successo	_	_	_	_	_	linguistic	_	ContainsVariation=No	_	_	_	_	_	_
185-13	BOI029	185	13	eccetera,	eccetera	_	_	_	_	_	linguistic	_	ContainsVariation=No	Intonation=WeaklyRising	End=828.055	_	_	_	_
186-0	BOI029	186	0	e:hm	ehm	_	_	_	_	_	linguistic	_	ContainsVariation=No	PauseAfter=Yes	Begin=828.58	0x1	_	_	_
186-1	BOI029	186	1	(.)	(.)	_	_	_	_	_	shortpause	_	ContainsVariation=No	_	_	_	_	_	_
186-2	BOI029	186	2	crea	crea	_	_	_	_	_	linguistic	_	ContainsVariation=No	_	_	_	_	_	_
186-3	BOI029	186	3	ancora	ancora	_	_	_	_	_	linguistic	_	ContainsVariation=No	_	_	_	_	_	_
186-4	BOI029	186	4	in	in	_	_	_	_	_	linguistic	_	ContainsVariation=No	_	_	_	_	_	_
186-5	BOI029	186	5	loro	loro	_	_	_	_	_	linguistic	_	ContainsVariation=No	_	_	_	_	_	_
186-6	BOI029	186	6	in	in	_	_	_	_	_	linguistic	_	ContainsVariation=No	_	_	_	_	_	_
186-7	BOI029	186	7	molta	molta	_	_	_	_	_	linguistic	_	ContainsVariation=No	_	_	_	_	_	_
186-8	BOI029	186	8	in	in	_	_	_	_	_	linguistic	_	ContainsVariation=No	_	_	_	_	_	_
186-9	BOI029	186	9	molta	molta	_	_	_	_	_	linguistic	_	ContainsVariation=No	_	_	_	_	_	_
186-10	BOI029	186	10	fascinazione	fascinazione	_	_	_	_	_	linguistic	_	ContainsVariation=No	_	_	_	_	_	_
186-11	BOI029	186	11	molto:	molto	_	_	_	_	_	linguistic	_	ContainsVariation=No	_	_	4x1	_	_	_
186-12	BOI029	186	12	voglia	voglia	_	_	_	_	_	linguistic	_	ContainsVariation=No	_	_	_	_	_	_
186-13	BOI029	186	13	di	di	_	_	_	_	_	linguistic	_	ContainsVariation=No	_	_	_	_	_	_
186-14	BOI029	186	14	sapere	sapere	_	_	_	_	_	linguistic	_	ContainsVariation=No	_	_	_	_	_	_
186-15	BOI029	186	15	di	di	_	_	_	_	_	linguistic	_	ContainsVariation=No	_	_	_	_	_	_
186-16	BOI029	186	16	scoprire	scoprire	_	_	_	_	_	linguistic	_	ContainsVariation=No	_	_	_	_	_	_
186-17	BOI029	186	17	ma	ma	_	_	_	_	_	linguistic	_	ContainsVariation=No	_	_	_	_	_	_
186-18	BOI029	186	18	come	come	_	_	_	_	_	linguistic	_	ContainsVariation=No	_	_	_	_	_	_
186-19	BOI029	186	19	è	è	_	_	_	_	_	linguistic	_	ContainsVariation=No	_	_	_	_	_	_
186-20	BOI029	186	20	stato,	stato	_	_	_	_	_	linguistic	_	ContainsVariation=No	Intonation=WeaklyRising	End=837.48	_	_	_	_
187-0	BOI029	187	0	>eccetera<	eccetera	_	_	_	_	_	linguistic	_	ContainsVariation=No	_	Begin=838.05	_	Fast=0-8(0)	_	_
187-1	BOI029	187	1	quindi:	quindi	_	_	_	_	_	linguistic	_	ContainsVariation=No	_	_	5x1	_	_	_
187-2	BOI029	187	2	secondo	secondo	_	_	_	_	_	linguistic	_	ContainsVariation=No	_	_	_	_	_	_
187-3	BOI029	187	3	me	me	_	_	_	_	_	linguistic	_	ContainsVariation=No	_	_	_	_	_	_
187-4	BOI029	187	4	vale	vale	_	_	_	_	_	linguistic	_	ContainsVariation=No	_	_	_	_	_	_
187-5	BOI029	187	5	la	la	_	_	_	_	_	linguistic	_	ContainsVariation=No	_	_	_	_	_	_
187-6	BOI029	187	6	pena	pena	_	_	_	_	_	linguistic	_	ContainsVariation=No	_	_	_	_	_	_
187-7	BOI029	187	7	raccontare	raccontare	_	_	_	_	_	linguistic	_	ContainsVariation=No	_	_	_	_	_	_
187-8	BOI029	187	8	ecco::	ecco	_	_	_	_	_	linguistic	_	ContainsVariation=No	_	End=841.993	3x2	_	_	_
188-0	BOR001	188	0	°sì	sì	_	_	_	_	_	linguistic	_	ContainsVariation=No	Volume=low	Begin=842.687	_	_	_	_
188-1	BOR001	188	1	sicuramente°	sicuramente	_	_	_	_	_	linguistic	_	ContainsVariation=No	Volume=low	_	_	_	_	_
188-2	BOR001	188	2	a	a	_	_	_	_	_	linguistic	_	ContainsVariation=No	_	_	_	_	_	_
188-3	BOR001	188	3	questo	questo	_	_	_	_	_	linguistic	_	ContainsVariation=No	_	_	_	_	_	_
188-4	BOR001	188	4	po~	po~	_	_	_	_	_	linguistic	_	ContainsVariation=No	Interrupted=Yes	_	_	_	_	_
188-5	BOR001	188	5	proposito	proposito	_	_	_	_	_	linguistic	_	ContainsVariation=No	_	_	_	_	_	_
188-6	BOR001	188	6	secondo	secondo	_	_	_	_	_	linguistic	_	ContainsVariation=No	_	_	_	_	_	_
188-7	BOR001	188	7	me	me	_	_	_	_	_	linguistic	_	ContainsVariation=No	_	_	_	_	_	_
188-8	BOR001	188	8	eh	eh	_	_	_	_	_	linguistic	_	ContainsVariation=No	_	_	_	_	_	_
188-9	BOR001	188	9	il	il	_	_	_	_	_	linguistic	_	ContainsVariation=No	_	_	_	_	_	_
188-10	BOR001	188	10	progetto	progetto	_	_	_	_	_	linguistic	_	ContainsVariation=No	_	_	_	_	_	_
188-11	BOR001	188	11	quello	quello	_	_	_	_	_	linguistic	_	ContainsVariation=No	_	_	_	_	_	_
188-12	BOR001	188	12	sui	sui	_	_	_	_	_	linguistic	_	ContainsVariation=No	_	_	_	_	_	_
188-13	BOR001	188	13	libri	libri	_	_	_	_	_	linguistic	_	ContainsVariation=No	_	_	_	_	_	_
188-14	BOR001	188	14	viventi:	viventi	_	_	_	_	_	linguistic	_	ContainsVariation=No	_	End=848.24	6x1	_	_	_
189-0	BOR001	189	0	è:	è	_	_	_	_	_	linguistic	_	ContainsVariation=No	PauseAfter=Yes	Begin=849.13	0x1	_	_	_
189-1	BOR001	189	1	(.)	(.)	_	_	_	_	_	shortpause	_	ContainsVariation=No	_	_	_	_	_	_
189-2	BOR001	189	2	molto	molto	_	_	_	_	_	linguistic	_	ContainsVariation=No	_	_	_	_	_	_
189-3	BOR001	189	3	azzeccato	azzeccato	_	_	_	_	_	linguistic	_	ContainsVariation=No	_	_	_	_	_	_
189-4	BOR001	189	4	cioè	cioè	_	_	_	_	_	linguistic	_	ContainsVariation=No	_	_	_	_	_	_
189-5	BOR001	189	5	io	io	_	_	_	_	_	linguistic	_	ContainsVariation=No	_	_	_	_	_	_
189-6	BOR001	189	6	quando	quando	_	_	_	_	_	linguistic	_	ContainsVariation=No	_	_	_	_	_	_
189-7	BOR001	189	7	((ride))	((ride))	_	_	_	_	_	nonverbalbehavior	_	ContainsVariation=No	_	_	_	_	_	_
189-8	BOR001	189	8	umberto	umberto	_	_	_	_	_	linguistic	_	ContainsVariation=No	_	_	_	_	_	_
189-9	BOR001	189	9	me	me	_	_	_	_	_	linguistic	_	ContainsVariation=No	_	_	_	_	_	_
189-10	BOR001	189	10	l'	l'	_	_	_	_	_	linguistic	_	ContainsVariation=No	SpaceAfter=No	_	_	_	_	_
189-11	BOR001	189	11	ha	ha	_	_	_	_	_	linguistic	_	ContainsVariation=No	_	_	_	_	_	_
189-12	BOR001	189	12	illustrato	illustrato	_	_	_	_	_	linguistic	_	ContainsVariation=No	_	_	_	_	_	_
189-13	BOR001	189	13	avrei	avrei	_	_	_	_	_	linguistic	_	ContainsVariation=No	_	_	_	_	_	_
189-14	BOR001	189	14	un	un	_	_	_	_	_	linguistic	_	ContainsVariation=No	_	_	_	_	_	_
189-15	BOR001	189	15	sacco	sacco	_	_	_	_	_	linguistic	_	ContainsVariation=No	_	_	_	_	_	_
189-16	BOR001	189	16	voluto	voluto	_	_	_	_	_	linguistic	_	ContainsVariation=No	_	_	_	_	_	_
189-17	BOR001	189	17	partecipare	partecipare	_	_	_	_	_	linguistic	_	ContainsVariation=No	_	_	_	_	_	_
189-18	BOR001	189	18	[a:nche]	anche	_	_	_	_	_	linguistic	_	ContainsVariation=No	_	_	0x1	_	_	0-5(36)
189-19	BOR001	189	19	io	io	_	_	_	_	_	linguistic	_	ContainsVariation=No	_	End=856.0	_	_	_	_
190-0	BOI029	190	0	[certo]	certo	_	_	_	_	_	linguistic	_	ContainsVariation=No	_	Begin=855.16|End=855.85	_	_	_	0-5(36)
191-0	BOI029	191	0	>NO<	no	_	_	_	_	_	linguistic	_	ContainsVariation=No	Volume=high	Begin=856.08	_	Fast=0-2(0)	_	_
191-1	BOI029	191	1	ma	ma	_	_	_	_	_	linguistic	_	ContainsVariation=No	_	_	_	Slow=0-2(0)	_	_
191-2	BOI029	191	2	°io	io	_	_	_	_	_	linguistic	_	ContainsVariation=No	_	_	_	Slow=0-2(0)	_	_
191-3	BOI029	191	3	>dico	dico	_	_	_	_	_	linguistic	_	ContainsVariation=No	_	_	_	Fast=0-4(1)	_	_
191-4	BOI029	191	4	che<	che	_	_	_	_	_	linguistic	_	ContainsVariation=No	_	_	_	Fast=0-3(1)	_	_
191-5	BOI029	191	5	come	come	_	_	_	_	_	linguistic	_	ContainsVariation=No	_	_	_	_	_	_
191-6	BOI029	191	6	insegnante	insegnante	_	_	_	_	_	linguistic	_	ContainsVariation=No	_	_	_	_	_	_
191-7	BOI029	191	7	ho	ho	_	_	_	_	_	linguistic	_	ContainsVariation=No	_	_	_	_	_	_
191-8	BOI029	191	8	scoperto	scoperto	_	_	_	_	_	linguistic	_	ContainsVariation=No	_	_	_	_	_	_
191-9	BOI029	191	9	delle	delle	_	_	_	_	_	linguistic	_	ContainsVariation=No	_	_	_	_	_	_
191-10	BOI029	191	10	c~	c~	_	_	_	_	_	linguistic	_	ContainsVariation=No	Interrupted=Yes	_	_	_	_	_
191-11	BOI029	191	11	ho	ho	_	_	_	_	_	linguistic	_	ContainsVariation=No	_	_	_	_	_	_
191-12	BOI029	191	12	vist~	vist~	_	_	_	_	_	linguistic	_	ContainsVariation=No	Interrupted=Yes	_	_	_	_	_
191-13	BOI029	191	13	sentito	sentito	_	_	_	_	_	linguistic	_	ContainsVariation=No	_	_	_	_	_	_
191-14	BOI029	191	14	delle	delle	_	_	_	_	_	linguistic	_	ContainsVariation=No	_	_	_	_	_	_
191-15	BOI029	191	15	cose	cose	_	_	_	_	_	linguistic	_	ContainsVariation=No	PauseAfter=Yes	_	_	_	_	_
191-16	BOI029	191	16	(.)	(.)	_	_	_	_	_	shortpause	_	ContainsVariation=No	_	_	_	_	_	_
191-17	BOI029	191	17	che	che	_	_	_	_	_	linguistic	_	ContainsVariation=No	_	_	_	_	_	_
191-18	BOI029	191	18	vabbè	vabbè	_	_	_	_	_	linguistic	_	ContainsVariation=No	_	_	_	_	_	_
191-19	BOI029	191	19	più	più	_	_	_	_	_	linguistic	_	ContainsVariation=No	_	_	_	_	_	_
191-20	BOI029	191	20	o	o	_	_	_	_	_	linguistic	_	ContainsVariation=No	_	_	_	_	_	_
191-21	BOI029	191	21	meno	meno	_	_	_	_	_	linguistic	_	ContainsVariation=No	_	_	_	_	_	_
191-22	BOI029	191	22	sapevo	sapevo	_	_	_	_	_	linguistic	_	ContainsVariation=No	_	_	_	_	_	_
191-23	BOI029	191	23	però	però	_	_	_	_	_	linguistic	_	ContainsVariation=No	_	_	_	_	_	_
191-24	BOI029	191	24	non:	non	_	_	_	_	_	linguistic	_	ContainsVariation=No	_	End=863.89	2x1	_	_	_
192-0	BOI029	192	0	non	non	_	_	_	_	_	linguistic	_	ContainsVariation=No	_	Begin=864.68	_	_	_	_
192-1	BOI029	192	1	mi	mi	_	_	_	_	_	linguistic	_	ContainsVariation=No	_	_	_	_	_	_
192-2	BOI029	192	2	erano	erano	_	_	_	_	_	linguistic	_	ContainsVariation=No	_	_	_	_	_	_
192-3	BOI029	192	3	mai	mai	_	_	_	_	_	linguistic	_	ContainsVariation=No	_	_	_	_	_	_
192-4	BOI029	192	4	state	state	_	_	_	_	_	linguistic	_	ContainsVariation=No	_	_	_	_	_	_
192-5	BOI029	192	5	racccontate	racccontate	_	_	_	_	_	linguistic	_	ContainsVariation=No	_	_	_	_	_	_
192-6	BOI029	192	6	e	e	_	_	_	_	_	linguistic	_	ContainsVariation=No	_	_	_	_	_	_
192-7	BOI029	192	7	la	la	_	_	_	_	_	linguistic	_	ContainsVariation=No	_	_	_	_	_	_
192-8	BOI029	192	8	forza	forza	_	_	_	_	_	linguistic	_	ContainsVariation=No	_	_	_	_	_	_
192-9	BOI029	192	9	della	della	_	_	_	_	_	linguistic	_	ContainsVariation=No	_	_	_	_	_	_
192-10	BOI029	192	10	narrazione:	narrazione	_	_	_	_	_	linguistic	_	ContainsVariation=No	_	_	9x1	_	_	_
192-11	BOI029	192	11	è	è	_	_	_	_	_	linguistic	_	ContainsVariation=No	_	_	_	_	_	_
192-12	BOI029	192	12	importante	importante	_	_	_	_	_	linguistic	_	ContainsVariation=No	_	End=869.85	_	_	_	_
193-0	BOR001	193	0	sì	sì	_	_	_	_	_	linguistic	_	ContainsVariation=No	_	Begin=869.87|End=870.08	_	_	_	_
194-0	BOI029	194	0	è	è	_	_	_	_	_	linguistic	_	ContainsVariation=No	_	Begin=870.11	_	_	_	_
194-1	BOI029	194	1	importante	importante	_	_	_	_	_	linguistic	_	ContainsVariation=No	_	End=871.012	_	_	_	_
195-0	BOR001	195	0	>infatti<	infatti	_	_	_	_	_	linguistic	_	ContainsVariation=No	_	Begin=871.13	_	Fast=0-7(0)	_	_
195-1	BOR001	195	1	mi	mi	_	_	_	_	_	linguistic	_	ContainsVariation=No	_	_	_	_	_	_
195-2	BOR001	195	2	dispiace	dispiace	_	_	_	_	_	linguistic	_	ContainsVariation=No	_	_	_	_	_	_
195-3	BOR001	195	3	che	che	_	_	_	_	_	linguistic	_	ContainsVariation=No	PauseAfter=Yes	_	_	_	_	_
195-4	BOR001	195	4	(.)	(.)	_	_	_	_	_	shortpause	_	ContainsVariation=No	_	_	_	_	_	_
195-5	BOR001	195	5	e:h	eh	_	_	_	_	_	linguistic	_	ContainsVariation=No	_	End=873.947	0x1	_	_	_
196-0	BOR001	196	0	io	io	_	_	_	_	_	linguistic	_	ContainsVariation=No	_	Begin=874.6	_	_	_	_
196-1	BOR001	196	1	non	non	_	_	_	_	_	linguistic	_	ContainsVariation=No	_	_	_	_	_	_
196-2	BOR001	196	2	ho	ho	_	_	_	_	_	linguistic	_	ContainsVariation=No	_	_	_	_	_	_
196-3	BOR001	196	3	sfrutta~	sfrutta~	_	_	_	_	_	linguistic	_	ContainsVariation=No	Interrupted=Yes	_	_	_	_	_
196-4	BOR001	196	4	nel	nel	_	_	_	_	_	linguistic	_	ContainsVariation=No	_	_	_	_	_	_
196-5	BOR001	196	5	senso	senso	_	_	_	_	_	linguistic	_	ContainsVariation=No	_	_	_	_	_	_
196-6	BOR001	196	6	io	io	_	_	_	_	_	linguistic	_	ContainsVariation=No	_	_	_	_	_	_
196-7	BOR001	196	7	ho	ho	_	_	_	_	_	linguistic	_	ContainsVariation=No	_	_	_	_	_	_
196-8	BOR001	196	8	avuto	avuto	_	_	_	_	_	linguistic	_	ContainsVariation=No	_	_	_	_	_	_
196-9	BOR001	196	9	la	la	_	_	_	_	_	linguistic	_	ContainsVariation=No	_	_	_	_	_	_
196-10	BOR001	196	10	mh	mh	_	_	_	_	_	linguistic	_	ContainsVariation=No	_	_	_	_	_	_
196-11	BOR001	196	11	una	una	_	_	_	_	_	linguistic	_	ContainsVariation=No	_	_	_	_	_	_
196-12	BOR001	196	12	delle	delle	_	_	_	_	_	linguistic	_	ContainsVariation=No	_	_	_	_	_	_
196-13	BOR001	196	13	mie	mie	_	_	_	_	_	linguistic	_	ContainsVariation=No	_	_	_	_	_	_
196-14	BOR001	196	14	bisnonne	bisnonne	_	_	_	_	_	linguistic	_	ContainsVariation=No	_	_	_	_	_	_
196-15	BOR001	196	15	fino	fino	_	_	_	_	_	linguistic	_	ContainsVariation=No	_	_	_	_	_	_
196-16	BOR001	196	16	a	a	_	_	_	_	_	linguistic	_	ContainsVariation=No	_	_	_	_	_	_
196-17	BOR001	196	17	quando	quando	_	_	_	_	_	linguistic	_	ContainsVariation=No	_	_	_	_	_	_
196-18	BOR001	196	18	avevo	avevo	_	_	_	_	_	linguistic	_	ContainsVariation=No	_	_	_	_	_	_
196-19	BOR001	196	19	nove	nove	_	_	_	_	_	linguistic	_	ContainsVariation=No	_	_	_	_	_	_
196-20	BOR001	196	20	anni	anni	_	_	_	_	_	linguistic	_	ContainsVariation=No	_	_	_	_	_	_
196-21	BOR001	196	21	>infatti<	infatti	_	_	_	_	_	linguistic	_	ContainsVariation=No	_	_	_	Fast=0-7(0)	_	_
196-22	BOR001	196	22	mi	mi	_	_	_	_	_	linguistic	_	ContainsVariation=No	_	_	_	_	_	_
196-23	BOR001	196	23	dispiace	dispiace	_	_	_	_	_	linguistic	_	ContainsVariation=No	_	_	_	_	_	_
196-24	BOR001	196	24	che	che	_	_	_	_	_	linguistic	_	ContainsVariation=No	PauseAfter=Yes	_	_	_	_	_
196-25	BOR001	196	25	(.)	(.)	_	_	_	_	_	shortpause	_	ContainsVariation=No	_	_	_	_	_	_
196-26	BOR001	196	26	e:h	eh	_	_	_	_	_	linguistic	_	ContainsVariation=No	_	_	0x1	_	_	_
196-27	BOR001	196	27	io	io	_	_	_	_	_	linguistic	_	ContainsVariation=No	_	_	_	_	_	_
196-28	BOR001	196	28	non	non	_	_	_	_	_	linguistic	_	ContainsVariation=No	_	_	_	_	_	_
196-29	BOR001	196	29	ho	ho	_	_	_	_	_	linguistic	_	ContainsVariation=No	_	_	_	_	_	_
196-30	BOR001	196	30	sfrutta~	sfrutta~	_	_	_	_	_	linguistic	_	ContainsVariation=No	Interrupted=Yes	_	_	_	_	_
196-31	BOR001	196	31	nel	nel	_	_	_	_	_	linguistic	_	ContainsVariation=No	_	_	_	_	_	_
196-32	BOR001	196	32	senso	senso	_	_	_	_	_	linguistic	_	ContainsVariation=No	_	_	_	_	_	_
196-33	BOR001	196	33	io	io	_	_	_	_	_	linguistic	_	ContainsVariation=No	_	_	_	_	_	_
196-34	BOR001	196	34	ho	ho	_	_	_	_	_	linguistic	_	ContainsVariation=No	_	_	_	_	_	_
196-35	BOR001	196	35	avuto	avuto	_	_	_	_	_	linguistic	_	ContainsVariation=No	_	_	_	_	_	_
196-36	BOR001	196	36	la	la	_	_	_	_	_	linguistic	_	ContainsVariation=No	_	_	_	_	_	_
196-37	BOR001	196	37	mh	mh	_	_	_	_	_	linguistic	_	ContainsVariation=No	_	_	_	_	_	_
196-38	BOR001	196	38	una	una	_	_	_	_	_	linguistic	_	ContainsVariation=No	_	_	_	_	_	_
196-39	BOR001	196	39	delle	delle	_	_	_	_	_	linguistic	_	ContainsVariation=No	_	_	_	_	_	_
196-40	BOR001	196	40	mie	mie	_	_	_	_	_	linguistic	_	ContainsVariation=No	_	_	_	_	_	_
196-41	BOR001	196	41	bisnonne	bisnonne	_	_	_	_	_	linguistic	_	ContainsVariation=No	_	_	_	_	_	_
196-42	BOR001	196	42	fino	fino	_	_	_	_	_	linguistic	_	ContainsVariation=No	_	_	_	_	_	_
196-43	BOR001	196	43	a	a	_	_	_	_	_	linguistic	_	ContainsVariation=No	_	_	_	_	_	_
196-44	BOR001	196	44	quando	quando	_	_	_	_	_	linguistic	_	ContainsVariation=No	_	_	_	_	_	_
196-45	BOR001	196	45	avevo	avevo	_	_	_	_	_	linguistic	_	ContainsVariation=No	_	_	_	_	_	_
196-46	BOR001	196	46	nove	nove	_	_	_	_	_	linguistic	_	ContainsVariation=No	_	_	_	_	_	_
196-47	BOR001	196	47	anni	anni	_	_	_	_	_	linguistic	_	ContainsVariation=No	_	End=879.84	_	_	_	_
197-0	BOR001	197	0	però	però	_	_	_	_	_	linguistic	_	ContainsVariation=No	PauseAfter=Yes	Begin=880.07	_	_	_	_
197-1	BOR001	197	1	(.)	(.)	_	_	_	_	_	shortpause	_	ContainsVariation=No	_	_	_	_	_	_
197-2	BOR001	197	2	alle	alle	_	_	_	_	_	linguistic	_	ContainsVariation=No	_	_	_	_	_	_
197-3	BOR001	197	3	elementari	elementari	_	_	_	_	_	linguistic	_	ContainsVariation=No	_	_	_	_	_	_
197-4	BOR001	197	4	io	io	_	_	_	_	_	linguistic	_	ContainsVariation=No	_	_	_	_	_	_
197-5	BOR001	197	5	non	non	_	_	_	_	_	linguistic	_	ContainsVariation=No	_	_	_	_	_	_
197-6	BOR001	197	6	ho	ho	_	_	_	_	_	linguistic	_	ContainsVariation=No	_	_	_	_	_	_
197-7	BOR001	197	7	affrontato	affrontato	_	_	_	_	_	linguistic	_	ContainsVariation=No	_	_	_	_	_	_
197-8	BOR001	197	8	questi	questi	_	_	_	_	_	linguistic	_	ContainsVariation=No	_	_	_	_	_	_
197-9	BOR001	197	9	temi	temi	_	_	_	_	_	linguistic	_	ContainsVariation=No	_	End=882.94	_	_	_	_
198-0	BOR001	198	0	adesso	adesso	_	_	_	_	_	linguistic	_	ContainsVariation=No	_	Begin=883.59	_	_	_	_
198-1	BOR001	198	1	eh	eh	_	_	_	_	_	linguistic	_	ContainsVariation=No	_	_	_	_	_	_
198-2	BOR001	198	2	mh	mh	_	_	_	_	_	linguistic	_	ContainsVariation=No	_	_	_	_	_	_
198-3	BOR001	198	3	rimpiango	rimpiango	_	_	_	_	_	linguistic	_	ContainsVariation=No	_	_	_	_	_	_
198-4	BOR001	198	4	un	un	_	_	_	_	_	linguistic	_	ContainsVariation=No	_	_	_	_	_	_
198-5	BOR001	198	5	sacco	sacco	_	_	_	_	_	linguistic	_	ContainsVariation=No	_	_	_	_	_	_
198-6	BOR001	198	6	il	il	_	_	_	_	_	linguistic	_	ContainsVariation=No	_	_	_	_	_	_
198-7	BOR001	198	7	fatto	fatto	_	_	_	_	_	linguistic	_	ContainsVariation=No	_	_	_	_	_	_
198-8	BOR001	198	8	di	di	_	_	_	_	_	linguistic	_	ContainsVariation=No	_	_	_	_	_	_
198-9	BOR001	198	9	non	non	_	_	_	_	_	linguistic	_	ContainsVariation=No	_	_	_	_	_	_
198-10	BOR001	198	10	aver	aver	_	_	_	_	_	linguistic	_	ContainsVariation=No	_	_	_	_	_	_
198-11	BOR001	198	11	potuto	potuto	_	_	_	_	_	linguistic	_	ContainsVariation=No	_	_	_	_	_	_
198-12	BOR001	198	12	chiedere	chiedere	_	_	_	_	_	linguistic	_	ContainsVariation=No	PauseAfter=Yes	_	_	_	_	_
198-13	BOR001	198	13	(.)	(.)	_	_	_	_	_	shortpause	_	ContainsVariation=No	_	_	_	_	_	_
198-14	BOR001	198	14	in	in	_	_	_	_	_	linguistic	_	ContainsVariation=No	_	_	_	_	_	_
198-15	BOR001	198	15	[pri]ma	prima	_	_	_	_	_	linguistic	_	ContainsVariation=No	_	_	_	_	_	0-3(38)
198-16	BOR001	198	16	[persona	persona	_	_	_	_	_	linguistic	_	ContainsVariation=No	_	_	_	_	_	0-7(37)
198-17	BOR001	198	17	a	a	_	_	_	_	_	linguistic	_	ContainsVariation=No	_	_	_	_	_	0-1(37)
198-18	BOR001	198	18	lei	lei	_	_	_	_	_	linguistic	_	ContainsVariation=No	_	_	_	_	_	0-3(37)
198-19	BOR001	198	19	le]	le	_	_	_	_	_	linguistic	_	ContainsVariation=No	_	_	_	_	_	0-2(37)
198-20	BOR001	198	20	cose	cose	_	_	_	_	_	linguistic	_	ContainsVariation=No	_	End=890.95	_	_	_	_
199-0	BOI029	199	0	[(eh)]	eh	_	_	_	_	_	linguistic	_	ContainsVariation=No	_	Begin=889.202|End=889.585	_	_	0-2(0)	0-2(38)
200-0	BOI029	200	0	[certo]	certo	_	_	_	_	_	linguistic	_	ContainsVariation=No	_	Begin=889.66|End=890.448	_	_	_	0-5(37)
201-0	BOR001	201	0	>perché	perché	_	_	_	_	_	linguistic	_	ContainsVariation=No	_	Begin=890.98	_	Fast=0-6(0)	_	_
201-1	BOR001	201	1	poi<	poi	_	_	_	_	_	linguistic	_	ContainsVariation=No	PauseAfter=Yes	_	_	Fast=0-3(0)	_	_
201-2	BOR001	201	2	(.)	(.)	_	_	_	_	_	shortpause	_	ContainsVariation=No	_	_	_	_	_	_
201-3	BOR001	201	3	ai	ai	_	_	_	_	_	linguistic	_	ContainsVariation=No	_	_	_	_	_	_
201-4	BOR001	201	4	miei	miei	_	_	_	_	_	linguistic	_	ContainsVariation=No	_	_	_	_	_	_
201-5	BOR001	201	5	nonni	nonni	_	_	_	_	_	linguistic	_	ContainsVariation=No	_	_	_	_	_	_
201-6	BOR001	201	6	non	non	_	_	_	_	_	linguistic	_	ContainsVariation=No	_	_	_	_	_	_
201-7	BOR001	201	7	sono	sono	_	_	_	_	_	linguistic	_	ContainsVariation=No	_	_	_	_	_	_
201-8	BOR001	201	8	mai	mai	_	_	_	_	_	linguistic	_	ContainsVariation=No	_	_	_	_	_	_
201-9	BOR001	201	9	state	state	_	_	_	_	_	linguistic	_	ContainsVariation=No	_	_	_	_	_	_
201-10	BOR001	201	10	raccontate:	raccontate	_	_	_	_	_	linguistic	_	ContainsVariation=No	_	_	9x1	_	_	_
201-11	BOR001	201	11	eh	eh	_	_	_	_	_	linguistic	_	ContainsVariation=No	_	_	_	_	_	_
201-12	BOR001	201	12	molte	molte	_	_	_	_	_	linguistic	_	ContainsVariation=No	_	_	_	_	_	_
201-13	BOR001	201	13	cose	cose	_	_	_	_	_	linguistic	_	ContainsVariation=No	_	End=896.12	_	_	_	_
202-0	BOR001	202	0	e	e	_	_	_	_	_	linguistic	_	ContainsVariation=No	_	Begin=897.12	_	_	_	_
202-1	BOR001	202	1	quindi	quindi	_	_	_	_	_	linguistic	_	ContainsVariation=No	_	_	_	_	_	_
202-2	BOR001	202	2	alla	alla	_	_	_	_	_	linguistic	_	ContainsVariation=No	_	_	_	_	_	_
202-3	BOR001	202	3	fine	fine	_	_	_	_	_	linguistic	_	ContainsVariation=No	_	_	_	_	_	_
202-4	BOR001	202	4	anche	anche	_	_	_	_	_	linguistic	_	ContainsVariation=No	PauseAfter=Yes	_	_	_	_	_
202-5	BOR001	202	5	(.)	(.)	_	_	_	_	_	shortpause	_	ContainsVariation=No	_	_	_	_	_	_
202-6	BOR001	202	6	le	le	_	_	_	_	_	linguistic	_	ContainsVariation=No	_	_	_	_	_	_
202-7	BOR001	202	7	cose	cose	_	_	_	_	_	linguistic	_	ContainsVariation=No	_	_	_	_	_	_
202-8	BOR001	202	8	che	che	_	_	_	_	_	linguistic	_	ContainsVariation=No	_	_	_	_	_	_
202-9	BOR001	202	9	possono	possono	_	_	_	_	_	linguistic	_	ContainsVariation=No	_	_	_	_	_	_
202-10	BOR001	202	10	raccontarmi	raccontarmi	_	_	_	_	_	linguistic	_	ContainsVariation=No	_	_	_	_	_	_
202-11	BOR001	202	11	loro	loro	_	_	_	_	_	linguistic	_	ContainsVariation=No	_	_	_	_	_	_
202-12	BOR001	202	12	che	che	_	_	_	_	_	linguistic	_	ContainsVariation=No	_	_	_	_	_	_
202-13	BOR001	202	13	hanno	hanno	_	_	_	_	_	linguistic	_	ContainsVariation=No	_	_	_	_	_	_
202-14	BOR001	202	14	sentito	sentito	_	_	_	_	_	linguistic	_	ContainsVariation=No	_	_	_	_	_	_
202-15	BOR001	202	15	dire,	dire	_	_	_	_	_	linguistic	_	ContainsVariation=No	Intonation=WeaklyRising	_	_	_	_	_
202-16	BOR001	202	16	non	non	_	_	_	_	_	linguistic	_	ContainsVariation=No	_	_	_	_	_	_
202-17	BOR001	202	17	sono	sono	_	_	_	_	_	linguistic	_	ContainsVariation=No	_	_	_	_	_	_
202-18	BOR001	202	18	mh	mh	_	_	_	_	_	linguistic	_	ContainsVariation=No	_	_	_	_	_	_
202-19	BOR001	202	19	così	così	_	_	_	_	_	linguistic	_	ContainsVariation=No	_	_	_	_	_	_
202-20	BOR001	202	20	tante	tante	_	_	_	_	_	linguistic	_	ContainsVariation=No	_	End=904.6	_	_	_	_
203-0	BOI029	203	0	sì	sì	_	_	_	_	_	linguistic	_	ContainsVariation=No	_	Begin=904.64	_	_	_	_
203-1	BOI029	203	1	[sì	sì	_	_	_	_	_	linguistic	_	ContainsVariation=No	_	_	_	_	_	0-2(39)
203-2	BOI029	203	2	sì	sì	_	_	_	_	_	linguistic	_	ContainsVariation=No	_	_	_	_	_	0-2(39)
203-3	BOI029	203	3	sì	sì	_	_	_	_	_	linguistic	_	ContainsVariation=No	_	_	_	_	_	0-2(39)
203-4	BOI029	203	4	sì]	sì	_	_	_	_	_	linguistic	_	ContainsVariation=No	_	End=905.959	_	_	_	0-2(39)
204-0	BOR001	204	0	[mh	mh	_	_	_	_	_	linguistic	_	ContainsVariation=No	_	Begin=904.85	_	_	_	0-2(39)
204-1	BOR001	204	1	°cioè°	cioè	_	_	_	_	_	linguistic	_	ContainsVariation=No	Volume=low	_	_	_	_	0-4(39)
204-2	BOR001	204	2	nel	nel	_	_	_	_	_	linguistic	_	ContainsVariation=No	_	_	_	_	_	0-3(39)
204-3	BOR001	204	3	senso:]	senso	_	_	_	_	_	linguistic	_	ContainsVariation=No	_	_	4x1	_	_	0-5(39)
204-4	BOR001	204	4	alcuni	alcuni	_	_	_	_	_	linguistic	_	ContainsVariation=No	_	_	_	_	_	_
204-5	BOR001	204	5	dettagli:	dettagli	_	_	_	_	_	linguistic	_	ContainsVariation=No	_	_	7x1	_	_	_
204-6	BOR001	204	6	abbastanza	abbastanza	_	_	_	_	_	linguistic	_	ContainsVariation=No	_	_	_	_	_	_
204-7	BOR001	204	7	generali,	generali	_	_	_	_	_	linguistic	_	ContainsVariation=No	Intonation=WeaklyRising	End=908.17	_	_	_	_
205-0	BOI029	205	0	ma	ma	_	_	_	_	_	linguistic	_	ContainsVariation=No	_	Begin=908.2	_	_	_	_
205-1	BOI029	205	1	infatti	infatti	_	_	_	_	_	linguistic	_	ContainsVariation=No	_	_	_	_	_	_
205-2	BOI029	205	2	per	per	_	_	_	_	_	linguistic	_	ContainsVariation=No	_	_	_	_	_	_
205-3	BOI029	205	3	esempio	esempio	_	_	_	_	_	linguistic	_	ContainsVariation=No	_	_	_	_	_	_
205-4	BOI029	205	4	quest'	quest'	_	_	_	_	_	linguistic	_	ContainsVariation=No	SpaceAfter=No	_	_	_	_	_
205-5	BOI029	205	5	anno	anno	_	_	_	_	_	linguistic	_	ContainsVariation=No	_	_	_	_	_	_
205-6	BOI029	205	6	quando	quando	_	_	_	_	_	linguistic	_	ContainsVariation=No	_	_	_	_	_	_
205-7	BOI029	205	7	abbiamo	abbiamo	_	_	_	_	_	linguistic	_	ContainsVariation=No	_	_	_	_	_	_
205-8	BOI029	205	8	chiesto	chiesto	_	_	_	_	_	linguistic	_	ContainsVariation=No	_	_	_	_	_	_
205-9	BOI029	205	9	a	a	_	_	_	_	_	linguistic	_	ContainsVariation=No	_	_	_	_	_	_
205-10	BOI029	205	10	questi	questi	_	_	_	_	_	linguistic	_	ContainsVariation=No	_	_	_	_	_	_
205-11	BOI029	205	11	ragazzi	ragazzi	_	_	_	_	_	linguistic	_	ContainsVariation=No	_	End=911.62	_	_	_	_
206-0	BOI029	206	0	eh	eh	_	_	_	_	_	linguistic	_	ContainsVariation=No	_	Begin=912.03	_	_	_	_
206-1	BOI029	206	1	di	di	_	_	_	_	_	linguistic	_	ContainsVariation=No	_	_	_	_	_	_
206-2	BOI029	206	2	sentire:	sentire	_	_	_	_	_	linguistic	_	ContainsVariation=No	_	_	6x1	_	_	_
206-3	BOI029	206	3	dagli	dagli	_	_	_	_	_	linguistic	_	ContainsVariation=No	_	_	_	_	_	_
206-4	BOI029	206	4	zii	zii	_	_	_	_	_	linguistic	_	ContainsVariation=No	_	_	_	_	_	_
206-5	BOI029	206	5	dai	dai	_	_	_	_	_	linguistic	_	ContainsVariation=No	_	_	_	_	_	_
206-6	BOI029	206	6	nonni	nonni	_	_	_	_	_	linguistic	_	ContainsVariation=No	_	_	_	_	_	_
206-7	BOI029	206	7	dai	dai	_	_	_	_	_	linguistic	_	ContainsVariation=No	_	_	_	_	_	_
206-8	BOI029	206	8	genitori	genitori	_	_	_	_	_	linguistic	_	ContainsVariation=No	_	_	_	_	_	_
206-9	BOI029	206	9	per	per	_	_	_	_	_	linguistic	_	ContainsVariation=No	_	_	_	_	_	_
206-10	BOI029	206	10	quanto	quanto	_	_	_	_	_	linguistic	_	ContainsVariation=No	_	_	_	_	_	_
206-11	BOI029	206	11	riguardava	riguardava	_	_	_	_	_	linguistic	_	ContainsVariation=No	_	_	_	_	_	_
206-12	BOI029	206	12	per	per	_	_	_	_	_	linguistic	_	ContainsVariation=No	_	_	_	_	_	_
206-13	BOI029	206	13	quanto	quanto	_	_	_	_	_	linguistic	_	ContainsVariation=No	_	_	_	_	_	_
206-14	BOI029	206	14	riguardava	riguardava	_	_	_	_	_	linguistic	_	ContainsVariation=No	_	_	_	_	_	_
206-15	BOI029	206	15	ah	ah	_	_	_	_	_	linguistic	_	ContainsVariation=No	PauseAfter=Yes	_	_	_	_	_
206-16	BOI029	206	16	(.)	(.)	_	_	_	_	_	shortpause	_	ContainsVariation=No	_	_	_	_	_	_
206-17	BOI029	206	17	e:h	eh	_	_	_	_	_	linguistic	_	ContainsVariation=No	_	_	0x1	_	_	_
206-18	BOI029	206	18	l'	l'	_	_	_	_	_	linguistic	_	ContainsVariation=No	SpaceAfter=No	_	_	_	_	_
206-19	BOI029	206	19	attentato	attentato	_	_	_	_	_	linguistic	_	ContainsVariation=No	_	_	_	_	_	_
206-20	BOI029	206	20	alla	alla	_	_	_	_	_	linguistic	_	ContainsVariation=No	_	_	_	_	_	_
206-21	BOI029	206	21	stazione	stazione	_	_	_	_	_	linguistic	_	ContainsVariation=No	_	End=921.52	_	_	_	_
207-0	BOI029	207	0	alcuni	alcuni	_	_	_	_	_	linguistic	_	ContainsVariation=No	_	Begin=921.64	_	_	_	_
207-1	BOI029	207	1	ci	ci	_	_	_	_	_	linguistic	_	ContainsVariation=No	_	_	_	_	_	_
207-2	BOI029	207	2	hanno	hanno	_	_	_	_	_	linguistic	_	ContainsVariation=No	_	_	_	_	_	_
207-3	BOI029	207	3	mandato	mandato	_	_	_	_	_	linguistic	_	ContainsVariation=No	_	_	_	_	_	_
207-4	BOI029	207	4	l'	l'	_	_	_	_	_	linguistic	_	ContainsVariation=No	SpaceAfter=No	_	_	_	_	_
207-5	BOI029	207	5	intervista	intervista	_	_	_	_	_	linguistic	_	ContainsVariation=No	_	_	_	_	_	_
207-6	BOI029	207	6	non	non	_	_	_	_	_	linguistic	_	ContainsVariation=No	_	_	_	_	_	_
207-7	BOI029	207	7	so	so	_	_	_	_	_	linguistic	_	ContainsVariation=No	_	_	_	_	_	_
207-8	BOI029	207	8	il	il	_	_	_	_	_	linguistic	_	ContainsVariation=No	_	_	_	_	_	_
207-9	BOI029	207	9	ventisette	ventisette	_	_	_	_	_	linguistic	_	ContainsVariation=No	_	_	_	_	_	_
207-10	BOI029	207	10	di	di	_	_	_	_	_	linguistic	_	ContainsVariation=No	_	_	_	_	_	_
207-11	BOI029	207	11	dicembre:	dicembre	_	_	_	_	_	linguistic	_	ContainsVariation=No	_	_	7x1	_	_	_
207-12	BOI029	207	12	su	su	_	_	_	_	_	linguistic	_	ContainsVariation=No	_	_	_	_	_	_
207-13	BOI029	207	13	classroom	classroom	_	_	_	_	_	linguistic	_	ContainsVariation=No	_	End=926.79	_	_	_	_
208-0	BOR001	208	0	((ride))	((ride))	_	_	_	_	_	nonverbalbehavior	_	ContainsVariation=No	_	Begin=925.38|End=926.02	_	_	_	_
209-0	BOI029	209	0	quindi	quindi	_	_	_	_	_	linguistic	_	ContainsVariation=No	_	Begin=926.85	_	_	_	_
209-1	BOI029	209	1	vuol	vuol	_	_	_	_	_	linguistic	_	ContainsVariation=No	_	_	_	_	_	_
209-2	BOI029	209	2	dire	dire	_	_	_	_	_	linguistic	_	ContainsVariation=No	_	_	_	_	_	_
209-3	BOI029	209	3	che	che	_	_	_	_	_	linguistic	_	ContainsVariation=No	_	_	_	_	_	_
209-4	BOI029	209	4	durante	durante	_	_	_	_	_	linguistic	_	ContainsVariation=No	PauseAfter=Yes	_	_	_	_	_
209-5	BOI029	209	5	(.)	(.)	_	_	_	_	_	shortpause	_	ContainsVariation=No	_	_	_	_	_	_
209-6	BOI029	209	6	la	la	_	_	_	_	_	linguistic	_	ContainsVariation=No	_	_	_	_	_	_
209-7	BOI029	209	7	gior[nata	giornata	_	_	_	_	_	linguistic	_	ContainsVariation=No	_	_	_	_	_	4-8(41)
209-8	BOI029	209	8	di]	di	_	_	_	_	_	linguistic	_	ContainsVariation=No	_	_	_	_	_	0-2(41)
209-9	BOI029	209	9	natale	natale	_	_	_	_	_	linguistic	_	ContainsVariation=No	_	_	_	_	_	_
209-10	BOI029	209	10	hanno	hanno	_	_	_	_	_	linguistic	_	ContainsVariation=No	_	_	_	_	_	_
209-11	BOI029	209	11	incontrato	incontrato	_	_	_	_	_	linguistic	_	ContainsVariation=No	_	_	_	_	_	_
209-12	BOI029	209	12	il	il	_	_	_	_	_	linguistic	_	ContainsVariation=No	_	_	_	_	_	_
209-13	BOI029	209	13	nonno	nonno	_	_	_	_	_	linguistic	_	ContainsVariation=No	_	_	_	_	_	_
209-14	BOI029	209	14	l'	l'	_	_	_	_	_	linguistic	_	ContainsVariation=No	SpaceAfter=No	_	_	_	_	_
209-15	BOI029	209	15	hanno	hanno	_	_	_	_	_	linguistic	_	ContainsVariation=No	_	_	_	_	_	_
209-16	BOI029	209	16	intervistato	intervistato	_	_	_	_	_	linguistic	_	ContainsVariation=No	_	_	_	_	_	_
209-17	BOI029	209	17	[insomm]a	insomma	_	_	_	_	_	linguistic	_	ContainsVariation=No	_	End=932.61	_	_	_	0-6(42)
210-0	BOR001	210	0	[sì]	sì	_	_	_	_	_	linguistic	_	ContainsVariation=No	_	Begin=928.794|End=929.175	_	_	_	0-2(41)
211-0	BOR001	211	0	[mh]	mh	_	_	_	_	_	linguistic	_	ContainsVariation=No	_	Begin=932.0|End=932.52	_	_	_	0-2(42)
212-0	BOI029	212	0	eh	eh	_	_	_	_	_	linguistic	_	ContainsVariation=No	_	Begin=933.205	_	_	_	_
212-1	BOI029	212	1	per	per	_	_	_	_	_	linguistic	_	ContainsVariation=No	_	_	_	_	_	_
212-2	BOI029	212	2	cui	cui	_	_	_	_	_	linguistic	_	ContainsVariation=No	_	_	_	_	_	_
212-3	BOI029	212	3	>insomma<	insomma	_	_	_	_	_	linguistic	_	ContainsVariation=No	_	_	_	Fast=0-7(0)	_	_
212-4	BOI029	212	4	c'	c'	_	_	_	_	_	linguistic	_	ContainsVariation=No	SpaceAfter=No	_	_	_	_	_
212-5	BOI029	212	5	è	è	_	_	_	_	_	linguistic	_	ContainsVariation=No	_	_	_	_	_	_
212-6	BOI029	212	6	molta	molta	_	_	_	_	_	linguistic	_	ContainsVariation=No	_	_	_	_	_	_
212-7	BOI029	212	7	voglia	voglia	_	_	_	_	_	linguistic	_	ContainsVariation=No	_	_	_	_	_	_
212-8	BOI029	212	8	di	di	_	_	_	_	_	linguistic	_	ContainsVariation=No	_	_	_	_	_	_
212-9	BOI029	212	9	cono~	cono~	_	_	_	_	_	linguistic	_	ContainsVariation=No	Interrupted=Yes	_	_	_	_	_
212-10	BOI029	212	10	e	e	_	_	_	_	_	linguistic	_	ContainsVariation=No	_	_	_	_	_	_
212-11	BOI029	212	11	credo	credo	_	_	_	_	_	linguistic	_	ContainsVariation=No	_	_	_	_	_	_
212-12	BOI029	212	12	sia	sia	_	_	_	_	_	linguistic	_	ContainsVariation=No	_	_	_	_	_	_
212-13	BOI029	212	13	anche	anche	_	_	_	_	_	linguistic	_	ContainsVariation=No	_	_	_	_	_	_
212-14	BOI029	212	14	una	una	_	_	_	_	_	linguistic	_	ContainsVariation=No	_	_	_	_	_	_
212-15	BOI029	212	15	cosa	cosa	_	_	_	_	_	linguistic	_	ContainsVariation=No	_	_	_	_	_	_
212-16	BOI029	212	16	<bellissima>	bellissima	_	_	_	_	_	linguistic	_	ContainsVariation=No	_	End=938.99	_	Slow=0-10(0)	_	_
213-0	BOI029	213	0	nel	nel	_	_	_	_	_	linguistic	_	ContainsVariation=No	_	Begin=939.47	_	_	_	_
213-1	BOI029	213	1	senso	senso	_	_	_	_	_	linguistic	_	ContainsVariation=No	_	_	_	_	_	_
213-2	BOI029	213	2	che	che	_	_	_	_	_	linguistic	_	ContainsVariation=No	_	_	_	_	_	_
213-3	BOI029	213	3	lo	lo	_	_	_	_	_	linguistic	_	ContainsVariation=No	_	_	_	_	_	_
213-4	BOI029	213	4	scambio	scambio	_	_	_	_	_	linguistic	_	ContainsVariation=No	_	_	_	_	_	_
213-5	BOI029	213	5	tra	tra	_	_	_	_	_	linguistic	_	ContainsVariation=No	_	_	_	_	_	_
213-6	BOI029	213	6	generazion[i:]:	generazioni	_	_	_	_	_	linguistic	_	ContainsVariation=No	_	End=942.62	10x2	_	_	10-11(43)
214-0	BOR001	214	0	[mhmh]	mhmh	_	_	_	_	_	linguistic	_	ContainsVariation=No	_	Begin=942.163|End=942.583	_	_	_	0-4(43)
215-0	BOI029	215	0	fa	fa	_	_	_	_	_	linguistic	_	ContainsVariation=No	_	Begin=942.7	_	_	_	_
215-1	BOI029	215	1	sì	sì	_	_	_	_	_	linguistic	_	ContainsVariation=No	_	_	_	_	_	_
215-2	BOI029	215	2	che	che	_	_	_	_	_	linguistic	_	ContainsVariation=No	_	_	_	_	_	_
215-3	BOI029	215	3	che	che	_	_	_	_	_	linguistic	_	ContainsVariation=No	_	_	_	_	_	_
215-4	BOI029	215	4	dopo	dopo	_	_	_	_	_	linguistic	_	ContainsVariation=No	_	_	_	_	_	_
215-5	BOI029	215	5	quello	quello	_	_	_	_	_	linguistic	_	ContainsVariation=No	_	_	_	_	_	_
215-6	BOI029	215	6	che	che	_	_	_	_	_	linguistic	_	ContainsVariation=No	_	_	_	_	_	_
215-7	BOI029	215	7	leggi	leggi	_	_	_	_	_	linguistic	_	ContainsVariation=No	_	_	_	_	_	_
215-8	BOI029	215	8	sul	sul	_	_	_	_	_	linguistic	_	ContainsVariation=No	_	_	_	_	_	_
215-9	BOI029	215	9	libro	libro	_	_	_	_	_	linguistic	_	ContainsVariation=No	_	_	_	_	_	_
215-10	BOI029	215	10	non	non	_	_	_	_	_	linguistic	_	ContainsVariation=No	_	_	_	_	_	_
215-11	BOI029	215	11	è	è	_	_	_	_	_	linguistic	_	ContainsVariation=No	_	_	_	_	_	_
215-12	BOI029	215	12	più	più	_	_	_	_	_	linguistic	_	ContainsVariation=No	_	_	_	_	_	_
215-13	BOI029	215	13	una	una	_	_	_	_	_	linguistic	_	ContainsVariation=No	_	_	_	_	_	_
215-14	BOI029	215	14	cosa	cosa	_	_	_	_	_	linguistic	_	ContainsVariation=No	_	_	_	_	_	_
215-15	BOI029	215	15	a	a	_	_	_	_	_	linguistic	_	ContainsVariation=No	_	_	_	_	_	_
215-16	BOI029	215	16	sé	sé	_	_	_	_	_	linguistic	_	ContainsVariation=No	_	_	_	_	_	_
215-17	BOI029	215	17	stante	stante	_	_	_	_	_	linguistic	_	ContainsVariation=No	_	_	_	_	_	_
215-18	BOI029	215	18	[diventa	diventa	_	_	_	_	_	linguistic	_	ContainsVariation=No	_	_	_	_	_	0-7(44)
215-19	BOI029	215	19	qua]lcosa	qualcosa	_	_	_	_	_	linguistic	_	ContainsVariation=No	_	_	_	_	_	0-3(44)
215-20	BOI029	215	20	di	di	_	_	_	_	_	linguistic	_	ContainsVariation=No	_	_	_	_	_	_
215-21	BOI029	215	21	vissuto	vissuto	_	_	_	_	_	linguistic	_	ContainsVariation=No	_	_	_	_	_	_
215-22	BOI029	215	22	di	di	_	_	_	_	_	linguistic	_	ContainsVariation=No	_	_	_	_	_	_
215-23	BOI029	215	23	qualcosa	qualcosa	_	_	_	_	_	linguistic	_	ContainsVariation=No	_	_	_	_	_	_
215-24	BOI029	215	24	che	che	_	_	_	_	_	linguistic	_	ContainsVariation=No	_	_	_	_	_	_
215-25	BOI029	215	25	a	a	_	_	_	_	_	linguistic	_	ContainsVariation=No	_	_	_	_	_	_
215-26	BOI029	215	26	te	te	_	_	_	_	_	linguistic	_	ContainsVariation=No	_	_	_	_	_	_
215-27	BOI029	215	27	tutto	tutto	_	_	_	_	_	linguistic	_	ContainsVariation=No	_	_	_	_	_	_
215-28	BOI029	215	28	sommato	sommato	_	_	_	_	_	linguistic	_	ContainsVariation=No	_	_	_	_	_	_
215-29	BOI029	215	29	è	è	_	_	_	_	_	linguistic	_	ContainsVariation=No	_	_	_	_	_	_
215-30	BOI029	215	30	vicino	vicino	_	_	_	_	_	linguistic	_	ContainsVariation=No	_	_	_	_	_	_
215-31	BOI029	215	31	ecco	ecco	_	_	_	_	_	linguistic	_	ContainsVariation=No	_	End=952.49	_	_	_	_
216-0	BOR001	216	0	[°sì°]	sì	_	_	_	_	_	linguistic	_	ContainsVariation=No	Volume=low	Begin=947.659|End=948.12	_	_	_	0-2(44)
217-0	BOR001	217	0	°mhmh°	mhmh	_	_	_	_	_	linguistic	_	ContainsVariation=No	Volume=low	Begin=952.79|End=953.27	_	_	_	_
218-0	BOI029	218	0	°e:°	e	_	_	_	_	_	linguistic	_	ContainsVariation=No	Volume=low	Begin=953.5|End=953.885	0x1	_	_	_
219-0	BOR001	219	0	ehm	ehm	_	_	_	_	_	linguistic	_	ContainsVariation=No	PauseAfter=Yes	Begin=954.13	_	_	_	_
219-1	BOR001	219	1	(.)	(.)	_	_	_	_	_	shortpause	_	ContainsVariation=No	_	_	_	_	_	_
219-2	BOR001	219	2	e~	e~	_	_	_	_	_	linguistic	_	ContainsVariation=No	Interrupted=Yes	_	_	_	_	_
219-3	BOR001	219	3	e	e	_	_	_	_	_	linguistic	_	ContainsVariation=No	_	_	_	_	_	_
219-4	BOR001	219	4	appunto	appunto	_	_	_	_	_	linguistic	_	ContainsVariation=No	_	_	_	_	_	_
219-5	BOR001	219	5	per	per	_	_	_	_	_	linguistic	_	ContainsVariation=No	_	_	_	_	_	_
219-6	BOR001	219	6	il	il	_	_	_	_	_	linguistic	_	ContainsVariation=No	_	_	_	_	_	_
219-7	BOR001	219	7	discorso	discorso	_	_	_	_	_	linguistic	_	ContainsVariation=No	_	_	_	_	_	_
219-8	BOR001	219	8	che	che	_	_	_	_	_	linguistic	_	ContainsVariation=No	_	_	_	_	_	_
219-9	BOR001	219	9	eh	eh	_	_	_	_	_	linguistic	_	ContainsVariation=No	_	_	_	_	_	_
219-10	BOR001	219	10	alle	alle	_	_	_	_	_	linguistic	_	ContainsVariation=No	_	_	_	_	_	_
219-11	BOR001	219	11	elementari	elementari	_	_	_	_	_	linguistic	_	ContainsVariation=No	_	_	_	_	_	_
219-12	BOR001	219	12	non	non	_	_	_	_	_	linguistic	_	ContainsVariation=No	_	_	_	_	_	_
219-13	BOR001	219	13	sempre	sempre	_	_	_	_	_	linguistic	_	ContainsVariation=No	_	_	_	_	_	_
219-14	BOR001	219	14	>vengono	vengono	_	_	_	_	_	linguistic	_	ContainsVariation=No	_	_	_	Fast=0-7(0)	_	_
219-15	BOR001	219	15	affrontati	affrontati	_	_	_	_	_	linguistic	_	ContainsVariation=No	_	_	_	Fast=0-10(0)	_	_
219-16	BOR001	219	16	questi	questi	_	_	_	_	_	linguistic	_	ContainsVariation=No	_	_	_	Fast=0-6(0)	_	_
219-17	BOR001	219	17	discorsi<,	discorsi	_	_	_	_	_	linguistic	_	ContainsVariation=No	Intonation=WeaklyRising	End=962.01	_	Fast=0-8(0)	_	_
220-0	BOR001	220	0	io	io	_	_	_	_	_	linguistic	_	ContainsVariation=No	_	Begin=962.53	_	_	_	_
220-1	BOR001	220	1	mi	mi	_	_	_	_	_	linguistic	_	ContainsVariation=No	_	_	_	_	_	_
220-2	BOR001	220	2	chiedevo	chiedevo	_	_	_	_	_	linguistic	_	ContainsVariation=No	_	_	_	_	_	_
220-3	BOR001	220	3	coi	coi	_	_	_	_	_	linguistic	_	ContainsVariation=No	_	_	_	_	_	_
220-4	BOR001	220	4	ragazzi	ragazzi	_	_	_	_	_	linguistic	_	ContainsVariation=No	_	_	_	_	_	_
220-5	BOR001	220	5	<di	di	_	_	_	_	_	linguistic	_	ContainsVariation=No	_	_	_	Slow=0-2(0)	_	_
220-6	BOR001	220	6	prima>	prima	_	_	_	_	_	linguistic	_	ContainsVariation=No	_	_	_	Slow=0-5(0)	_	_
220-7	BOR001	220	7	in	in	_	_	_	_	_	linguistic	_	ContainsVariation=No	_	_	_	_	_	_
220-8	BOR001	220	8	particolare	particolare	_	_	_	_	_	linguistic	_	ContainsVariation=No	_	_	_	_	_	_
220-9	BOR001	220	9	ma	ma	_	_	_	_	_	linguistic	_	ContainsVariation=No	_	_	_	_	_	_
220-10	BOR001	220	10	anche	anche	_	_	_	_	_	linguistic	_	ContainsVariation=No	_	_	_	_	_	_
220-11	BOR001	220	11	di	di	_	_	_	_	_	linguistic	_	ContainsVariation=No	_	_	_	_	_	_
220-12	BOR001	220	12	seconda	seconda	_	_	_	_	_	linguistic	_	ContainsVariation=No	_	_	_	_	_	_
220-13	BOR001	220	13	adesso	adesso	_	_	_	_	_	linguistic	_	ContainsVariation=No	_	_	_	_	_	_
220-14	BOR001	220	14	che	che	_	_	_	_	_	linguistic	_	ContainsVariation=No	_	End=967.29	_	_	_	_
221-0	BOR001	221	0	comunque	comunque	_	_	_	_	_	linguistic	_	ContainsVariation=No	_	Begin=967.83	_	_	_	_
221-1	BOR001	221	1	non	non	_	_	_	_	_	linguistic	_	ContainsVariation=No	_	_	_	_	_	_
221-2	BOR001	221	2	hanno:	hanno	_	_	_	_	_	linguistic	_	ContainsVariation=No	_	_	4x1	_	_	_
221-3	BOR001	221	3	ad	ad	_	_	_	_	_	linguistic	_	ContainsVariation=No	_	_	_	_	_	_
221-4	BOR001	221	4	esempio	esempio	_	_	_	_	_	linguistic	_	ContainsVariation=No	_	_	_	_	_	_
221-5	BOR001	221	5	in	in	_	_	_	_	_	linguistic	_	ContainsVariation=No	_	_	_	_	_	_
221-6	BOR001	221	6	storia	storia	_	_	_	_	_	linguistic	_	ContainsVariation=No	_	_	_	_	_	_
221-7	BOR001	221	7	affrontato	affrontato	_	_	_	_	_	linguistic	_	ContainsVariation=No	_	_	_	_	_	_
221-8	BOR001	221	8	ancora:	ancora	_	_	_	_	_	linguistic	_	ContainsVariation=No	_	_	5x1	_	_	_
221-9	BOR001	221	9	il	il	_	_	_	_	_	linguistic	_	ContainsVariation=No	_	_	_	_	_	_
221-10	BOR001	221	10	tema	tema	_	_	_	_	_	linguistic	_	ContainsVariation=No	_	_	_	_	_	_
221-11	BOR001	221	11	della	della	_	_	_	_	_	linguistic	_	ContainsVariation=No	_	_	_	_	_	_
221-12	BOR001	221	12	seconda	seconda	_	_	_	_	_	linguistic	_	ContainsVariation=No	_	_	_	_	_	_
221-13	BOR001	221	13	guerra	guerra	_	_	_	_	_	linguistic	_	ContainsVariation=No	_	_	_	_	_	_
221-14	BOR001	221	14	mondiale	mondiale	_	_	_	_	_	linguistic	_	ContainsVariation=No	_	_	_	_	_	_
221-15	BOR001	221	15	che	che	_	_	_	_	_	linguistic	_	ContainsVariation=No	_	_	_	_	_	_
221-16	BOR001	221	16	si	si	_	_	_	_	_	linguistic	_	ContainsVariation=No	_	_	_	_	_	_
221-17	BOR001	221	17	fa	fa	_	_	_	_	_	linguistic	_	ContainsVariation=No	_	_	_	_	_	_
221-18	BOR001	221	18	in	in	_	_	_	_	_	linguistic	_	ContainsVariation=No	_	_	_	_	_	_
221-19	BOR001	221	19	terza	terza	_	_	_	_	_	linguistic	_	ContainsVariation=No	_	End=973.35	_	_	_	_
222-0	BOR001	222	0	che~	che~	_	_	_	_	_	linguistic	_	ContainsVariation=No	Interrupted=Yes	Begin=973.86	_	_	_	_
222-1	BOR001	222	1	che	che	_	_	_	_	_	linguistic	_	ContainsVariation=No	_	_	_	_	_	_
222-2	BOR001	222	2	tipo	tipo	_	_	_	_	_	linguistic	_	ContainsVariation=No	_	_	_	_	_	_
222-3	BOR001	222	3	di	di	_	_	_	_	_	linguistic	_	ContainsVariation=No	_	_	_	_	_	_
222-4	BOR001	222	4	preparazione	preparazione	_	_	_	_	_	linguistic	_	ContainsVariation=No	_	_	_	_	_	_
222-5	BOR001	222	5	viene	viene	_	_	_	_	_	linguistic	_	ContainsVariation=No	_	_	_	_	_	_
222-6	BOR001	222	6	fatta,	fatta	_	_	_	_	_	linguistic	_	ContainsVariation=No	Intonation=WeaklyRising	_	_	_	_	_
222-7	BOR001	222	7	per	per	_	_	_	_	_	linguistic	_	ContainsVariation=No	_	_	_	_	_	_
222-8	BOR001	222	8	f~	f~	_	_	_	_	_	linguistic	_	ContainsVariation=No	Interrupted=Yes|PauseAfter=Yes	_	_	_	_	_
222-9	BOR001	222	9	(.)	(.)	_	_	_	_	_	shortpause	_	ContainsVariation=No	_	_	_	_	_	_
222-10	BOR001	222	10	mh	mh	_	_	_	_	_	linguistic	_	ContainsVariation=No	_	End=978.51	_	_	_	_
223-0	BOI029	223	0	allora	allora	_	_	_	_	_	linguistic	_	ContainsVariation=No	_	Begin=978.79	_	_	_	_
223-1	BOI029	223	1	e:h	eh	_	_	_	_	_	linguistic	_	ContainsVariation=No	_	_	0x1	_	_	_
223-2	BOI029	223	2	((sospira))	((sospira))	_	_	_	_	_	nonverbalbehavior	_	ContainsVariation=No	_	_	_	_	_	_
223-3	BOI029	223	3	rispondo	rispondo	_	_	_	_	_	linguistic	_	ContainsVariation=No	_	_	_	_	_	_
223-4	BOI029	223	4	per	per	_	_	_	_	_	linguistic	_	ContainsVariation=No	_	_	_	_	_	_
223-5	BOI029	223	5	me	me	_	_	_	_	_	linguistic	_	ContainsVariation=No	_	End=981.5	_	_	_	_
224-0	BOR001	224	0	mh[mh	mhmh	_	_	_	_	_	linguistic	_	ContainsVariation=No	_	Begin=981.601	_	_	_	2-4(45)
224-1	BOR001	224	1	sì]	sì	_	_	_	_	_	linguistic	_	ContainsVariation=No	_	End=982.338	_	_	_	0-2(45)
225-0	BOI029	225	0	[eh]	eh	_	_	_	_	_	linguistic	_	ContainsVariation=No	_	Begin=981.8	_	_	_	0-2(45)
225-1	BOI029	225	1	nel	nel	_	_	_	_	_	linguistic	_	ContainsVariation=No	_	_	_	_	_	_
225-2	BOI029	225	2	senso	senso	_	_	_	_	_	linguistic	_	ContainsVariation=No	_	_	_	_	_	_
225-3	BOI029	225	3	che	che	_	_	_	_	_	linguistic	_	ContainsVariation=No	_	_	_	_	_	_
225-4	BOI029	225	4	io	io	_	_	_	_	_	linguistic	_	ContainsVariation=No	_	_	_	_	_	_
225-5	BOI029	225	5	credo	credo	_	_	_	_	_	linguistic	_	ContainsVariation=No	_	_	_	_	_	_
225-6	BOI029	225	6	che	che	_	_	_	_	_	linguistic	_	ContainsVariation=No	_	_	_	_	_	_
225-7	BOI029	225	7	poi	poi	_	_	_	_	_	linguistic	_	ContainsVariation=No	_	_	_	_	_	_
225-8	BOI029	225	8	gli	gli	_	_	_	_	_	linguistic	_	ContainsVariation=No	_	_	_	_	_	_
225-9	BOI029	225	9	approcci	approcci	_	_	_	_	_	linguistic	_	ContainsVariation=No	_	_	_	_	_	_
225-10	BOI029	225	10	possano	possano	_	_	_	_	_	linguistic	_	ContainsVariation=No	_	_	_	_	_	_
225-11	BOI029	225	11	essere	essere	_	_	_	_	_	linguistic	_	ContainsVariation=No	_	_	_	_	_	_
225-12	BOI029	225	12	anche	anche	_	_	_	_	_	linguistic	_	ContainsVariation=No	_	_	_	_	_	_
225-13	BOI029	225	13	molto	molto	_	_	_	_	_	linguistic	_	ContainsVariation=No	_	_	_	_	_	_
225-14	BOI029	225	14	diversi:,	diversi	_	_	_	_	_	linguistic	_	ContainsVariation=No	Intonation=WeaklyRising	End=987.726	6x1	_	_	_
226-0	BOI029	226	0	o	o	_	_	_	_	_	linguistic	_	ContainsVariation=No	_	Begin=988.27	_	_	_	_
226-1	BOI029	226	1	altro	altro	_	_	_	_	_	linguistic	_	ContainsVariation=No	_	_	_	_	_	_
226-2	BOI029	226	2	ehm	ehm	_	_	_	_	_	linguistic	_	ContainsVariation=No	_	End=990.11	_	_	_	_
227-0	BOI029	227	0	allora	allora	_	_	_	_	_	linguistic	_	ContainsVariation=No	PauseAfter=Yes	Begin=990.97	_	_	_	_
227-1	BOI029	227	1	(.)	(.)	_	_	_	_	_	shortpause	_	ContainsVariation=No	_	_	_	_	_	_
227-2	BOI029	227	2	è	è	_	_	_	_	_	linguistic	_	ContainsVariation=No	_	_	_	_	_	_
227-3	BOI029	227	3	chiaro	chiaro	_	_	_	_	_	linguistic	_	ContainsVariation=No	_	_	_	_	_	_
227-4	BOI029	227	4	che	che	_	_	_	_	_	linguistic	_	ContainsVariation=No	_	_	_	_	_	_
227-5	BOI029	227	5	se	se	_	_	_	_	_	linguistic	_	ContainsVariation=No	_	_	_	_	_	_
227-6	BOI029	227	6	uno	uno	_	_	_	_	_	linguistic	_	ContainsVariation=No	_	_	_	_	_	_
227-7	BOI029	227	7	dice	dice	_	_	_	_	_	linguistic	_	ContainsVariation=No	_	_	_	_	_	_
227-8	BOI029	227	8	AH	ah	_	_	_	_	_	linguistic	_	ContainsVariation=No	Volume=high	_	_	_	_	_
227-9	BOI029	227	9	la	la	_	_	_	_	_	linguistic	_	ContainsVariation=No	_	_	_	_	_	_
227-10	BOI029	227	10	seconda	seconda	_	_	_	_	_	linguistic	_	ContainsVariation=No	_	_	_	_	_	_
227-11	BOI029	227	11	guerra	guerra	_	_	_	_	_	linguistic	_	ContainsVariation=No	_	_	_	_	_	_
227-12	BOI029	227	12	mondiale	mondiale	_	_	_	_	_	linguistic	_	ContainsVariation=No	_	_	_	_	_	_
227-13	BOI029	227	13	oddio	oddio	_	_	_	_	_	linguistic	_	ContainsVariation=No	_	_	_	_	_	_
227-14	BOI029	227	14	se	se	_	_	_	_	_	linguistic	_	ContainsVariation=No	_	_	_	_	_	_
227-15	BOI029	227	15	non	non	_	_	_	_	_	linguistic	_	ContainsVariation=No	_	_	_	_	_	_
227-16	BOI029	227	16	c'	c'	_	_	_	_	_	linguistic	_	ContainsVariation=No	SpaceAfter=No	_	_	_	_	_
227-17	BOI029	227	17	ho	ho	_	_	_	_	_	linguistic	_	ContainsVariation=No	_	_	_	_	_	_
227-18	BOI029	227	18	il	il	_	_	_	_	_	linguistic	_	ContainsVariation=No	_	_	_	_	_	_
227-19	BOI029	227	19	m~	m~	_	_	_	_	_	linguistic	_	ContainsVariation=No	Interrupted=Yes	_	_	_	_	_
227-20	BOI029	227	20	il	il	_	_	_	_	_	linguistic	_	ContainsVariation=No	_	_	_	_	_	_
227-21	BOI029	227	21	manuale,	manuale	_	_	_	_	_	linguistic	_	ContainsVariation=No	Intonation=WeaklyRising	End=996.93	_	_	_	_
228-0	BOR001	228	0	mh	mh	_	_	_	_	_	linguistic	_	ContainsVariation=No	_	Begin=997.13|End=997.37	_	_	_	_
229-0	BOI029	229	0	e:h	eh	_	_	_	_	_	linguistic	_	ContainsVariation=No	_	Begin=997.45	0x1	_	_	_
229-1	BOI029	229	1	come	come	_	_	_	_	_	linguistic	_	ContainsVariation=No	_	_	_	_	_	_
229-2	BOI029	229	2	fanno?	fanno	_	_	_	_	_	linguistic	_	ContainsVariation=No	Intonation=Rising	End=999.09	_	_	_	_
230-0	BOI029	230	0	non	non	_	_	_	_	_	linguistic	_	ContainsVariation=No	_	Begin=1000.12	_	_	_	_
230-1	BOI029	230	1	capiscono	capiscono	_	_	_	_	_	linguistic	_	ContainsVariation=No	_	_	_	_	_	_
230-2	BOI029	230	2	niente	niente	_	_	_	_	_	linguistic	_	ContainsVariation=No	_	End=1001.37	_	_	_	_
231-0	BOI029	231	0	e:h	eh	_	_	_	_	_	linguistic	_	ContainsVariation=No	_	Begin=1001.99	0x1	_	_	_
231-1	BOI029	231	1	in	in	_	_	_	_	_	linguistic	_	ContainsVariation=No	_	_	_	_	_	_
231-2	BOI029	231	2	realtà	realtà	_	_	_	_	_	linguistic	_	ContainsVariation=No	_	_	_	_	_	_
231-3	BOI029	231	3	io	io	_	_	_	_	_	linguistic	_	ContainsVariation=No	_	_	_	_	_	_
231-4	BOI029	231	4	credo	credo	_	_	_	_	_	linguistic	_	ContainsVariation=No	_	_	_	_	_	_
231-5	BOI029	231	5	che	che	_	_	_	_	_	linguistic	_	ContainsVariation=No	_	_	_	_	_	_
231-6	BOI029	231	6	ci	ci	_	_	_	_	_	linguistic	_	ContainsVariation=No	_	_	_	_	_	_
231-7	BOI029	231	7	possano	possano	_	_	_	_	_	linguistic	_	ContainsVariation=No	_	_	_	_	_	_
231-8	BOI029	231	8	essere	essere	_	_	_	_	_	linguistic	_	ContainsVariation=No	_	_	_	_	_	_
231-9	BOI029	231	9	dei:	dei	_	_	_	_	_	linguistic	_	ContainsVariation=No	_	_	2x1	_	_	_
231-10	BOI029	231	10	dei	dei	_	_	_	_	_	linguistic	_	ContainsVariation=No	_	_	_	_	_	_
231-11	BOI029	231	11	risvolti	risvolti	_	_	_	_	_	linguistic	_	ContainsVariation=No	_	_	_	_	_	_
231-12	BOI029	231	12	nelle	nelle	_	_	_	_	_	linguistic	_	ContainsVariation=No	_	_	_	_	_	_
231-13	BOI029	231	13	storie	storie	_	_	_	_	_	linguistic	_	ContainsVariation=No	_	_	_	_	_	_
231-14	BOI029	231	14	che	che	_	_	_	_	_	linguistic	_	ContainsVariation=No	_	_	_	_	_	_
231-15	BOI029	231	15	sono	sono	_	_	_	_	_	linguistic	_	ContainsVariation=No	_	_	_	_	_	_
231-16	BOI029	231	16	più:	più	_	_	_	_	_	linguistic	_	ContainsVariation=No	_	_	2x1	_	_	_
231-17	BOI029	231	17	eh	eh	_	_	_	_	_	linguistic	_	ContainsVariation=No	_	_	_	_	_	_
231-18	BOI029	231	18	umani	umani	_	_	_	_	_	linguistic	_	ContainsVariation=No	_	End=1011.71	_	_	_	_
232-0	BOI029	232	0	eh	eh	_	_	_	_	_	linguistic	_	ContainsVariation=No	_	Begin=1012.569	_	_	_	_
232-1	BOI029	232	1	che	che	_	_	_	_	_	linguistic	_	ContainsVariation=No	_	_	_	_	_	_
232-2	BOI029	232	2	sono:	sono	_	_	_	_	_	linguistic	_	ContainsVariation=No	_	_	3x1	_	_	_
232-3	BOI029	232	3	trasversali:	trasversali	_	_	_	_	_	linguistic	_	ContainsVariation=No	_	_	10x1	_	_	_
232-4	BOI029	232	4	e	e	_	_	_	_	_	linguistic	_	ContainsVariation=No	_	_	_	_	_	_
232-5	BOI029	232	5	possono	possono	_	_	_	_	_	linguistic	_	ContainsVariation=No	_	_	_	_	_	_
232-6	BOI029	232	6	essere	essere	_	_	_	_	_	linguistic	_	ContainsVariation=No	_	_	_	_	_	_
232-7	BOI029	232	7	affrontati	affrontati	_	_	_	_	_	linguistic	_	ContainsVariation=No	_	_	_	_	_	_
232-8	BOI029	232	8	qualsiasi	qualsiasi	_	_	_	_	_	linguistic	_	ContainsVariation=No	_	_	_	_	_	_
232-9	BOI029	232	9	momento	momento	_	_	_	_	_	linguistic	_	ContainsVariation=No	_	End=1017.19	_	_	_	_
233-0	BOI029	233	0	e:	e	_	_	_	_	_	linguistic	_	ContainsVariation=No	_	Begin=1017.94	0x1	_	_	_
233-1	BOI029	233	1	faccio	faccio	_	_	_	_	_	linguistic	_	ContainsVariation=No	_	_	_	_	_	_
233-2	BOI029	233	2	alcuni	alcuni	_	_	_	_	_	linguistic	_	ContainsVariation=No	_	_	_	_	_	_
233-3	BOI029	233	3	esemp[i]	esempi	_	_	_	_	_	linguistic	_	ContainsVariation=No	_	End=1020.42	_	_	_	5-6(46)
234-0	BOR001	234	0	[mh]mh	mhmh	_	_	_	_	_	linguistic	_	ContainsVariation=No	_	Begin=1020.31|End=1020.69	_	_	_	0-2(46)
235-0	BOI029	235	0	ehm	ehm	_	_	_	_	_	linguistic	_	ContainsVariation=No	_	Begin=1021.08	_	_	_	_
235-1	BOI029	235	1	io	io	_	_	_	_	_	linguistic	_	ContainsVariation=No	_	_	_	_	_	_
235-2	BOI029	235	2	quest'	quest'	_	_	_	_	_	linguistic	_	ContainsVariation=No	SpaceAfter=No	_	_	_	_	_
235-3	BOI029	235	3	anno	anno	_	_	_	_	_	linguistic	_	ContainsVariation=No	_	_	_	_	_	_
235-4	BOI029	235	4	ho	ho	_	_	_	_	_	linguistic	_	ContainsVariation=No	_	_	_	_	_	_
235-5	BOI029	235	5	una	una	_	_	_	_	_	linguistic	_	ContainsVariation=No	_	_	_	_	_	_
235-6	BOI029	235	6	prima	prima	_	_	_	_	_	linguistic	_	ContainsVariation=No	_	_	_	_	_	_
235-7	BOI029	235	7	per	per	_	_	_	_	_	linguistic	_	ContainsVariation=No	_	_	_	_	_	_
235-8	BOI029	235	8	cui:	cui	_	_	_	_	_	linguistic	_	ContainsVariation=No	_	_	2x1	_	_	_
235-9	BOI029	235	9	abbiamo	abbiamo	_	_	_	_	_	linguistic	_	ContainsVariation=No	_	_	_	_	_	_
235-10	BOI029	235	10	deciso	deciso	_	_	_	_	_	linguistic	_	ContainsVariation=No	_	_	_	_	_	_
235-11	BOI029	235	11	di	di	_	_	_	_	_	linguistic	_	ContainsVariation=No	_	_	_	_	_	_
235-12	BOI029	235	12	fare	fare	_	_	_	_	_	linguistic	_	ContainsVariation=No	_	_	_	_	_	_
235-13	BOI029	235	13	le	le	_	_	_	_	_	linguistic	_	ContainsVariation=No	_	_	_	_	_	_
235-14	BOI029	235	14	pietre	pietre	_	_	_	_	_	linguistic	_	ContainsVariation=No	_	_	_	_	_	_
235-15	BOI029	235	15	di	di	_	_	_	_	_	linguistic	_	ContainsVariation=No	_	_	_	_	_	_
235-16	BOI029	235	16	inciampo	inciampo	_	_	_	_	_	linguistic	_	ContainsVariation=No	_	End=1026.46	_	_	_	_
236-0	BOI029	236	0	e:	e	_	_	_	_	_	linguistic	_	ContainsVariation=No	_	Begin=1027.363	0x1	_	_	_
236-1	BOI029	236	1	logicamente::	logicamente	_	_	_	_	_	linguistic	_	ContainsVariation=No	_	_	10x2	_	_	_
236-2	BOI029	236	2	non	non	_	_	_	_	_	linguistic	_	ContainsVariation=No	_	_	_	_	_	_
236-3	BOI029	236	3	è	è	_	_	_	_	_	linguistic	_	ContainsVariation=No	_	_	_	_	_	_
236-4	BOI029	236	4	semplice	semplice	_	_	_	_	_	linguistic	_	ContainsVariation=No	_	_	_	_	_	_
236-5	BOI029	236	5	e	e	_	_	_	_	_	linguistic	_	ContainsVariation=No	_	_	_	_	_	_
236-6	BOI029	236	6	dici	dici	_	_	_	_	_	linguistic	_	ContainsVariation=No	_	_	_	_	_	_
236-7	BOI029	236	7	ma	ma	_	_	_	_	_	linguistic	_	ContainsVariation=No	_	_	_	_	_	_
236-8	BOI029	236	8	cosa	cosa	_	_	_	_	_	linguistic	_	ContainsVariation=No	_	_	_	_	_	_
236-9	BOI029	236	9	sono	sono	_	_	_	_	_	linguistic	_	ContainsVariation=No	_	_	_	_	_	_
236-10	BOI029	236	10	le	le	_	_	_	_	_	linguistic	_	ContainsVariation=No	_	_	_	_	_	_
236-11	BOI029	236	11	pietre	pietre	_	_	_	_	_	linguistic	_	ContainsVariation=No	_	_	_	_	_	_
236-12	BOI029	236	12	di	di	_	_	_	_	_	linguistic	_	ContainsVariation=No	_	_	_	_	_	_
236-13	BOI029	236	13	inciampo,	inciampo	_	_	_	_	_	linguistic	_	ContainsVariation=No	Intonation=WeaklyRising	_	_	_	_	_
236-14	BOI029	236	14	eccetera	eccetera	_	_	_	_	_	linguistic	_	ContainsVariation=No	_	End=1034.21	_	_	_	_
237-0	BOI029	237	0	e	e	_	_	_	_	_	linguistic	_	ContainsVariation=No	_	Begin=1034.29	_	_	_	_
237-1	BOI029	237	1	no~	no~	_	_	_	_	_	linguistic	_	ContainsVariation=No	Interrupted=Yes	_	_	_	_	_
237-2	BOI029	237	2	non	non	_	_	_	_	_	linguistic	_	ContainsVariation=No	_	_	_	_	_	_
237-3	BOI029	237	3	posso	posso	_	_	_	_	_	linguistic	_	ContainsVariation=No	_	_	_	_	_	_
237-4	BOI029	237	4	neanche	neanche	_	_	_	_	_	linguistic	_	ContainsVariation=No	_	_	_	_	_	_
237-5	BOI029	237	5	pensare	pensare	_	_	_	_	_	linguistic	_	ContainsVariation=No	_	_	_	_	_	_
237-6	BOI029	237	6	di	di	_	_	_	_	_	linguistic	_	ContainsVariation=No	_	_	_	_	_	_
237-7	BOI029	237	7	fare	fare	_	_	_	_	_	linguistic	_	ContainsVariation=No	_	_	_	_	_	_
237-8	BOI029	237	8	la	la	_	_	_	_	_	linguistic	_	ContainsVariation=No	_	_	_	_	_	_
237-9	BOI029	237	9	storia	storia	_	_	_	_	_	linguistic	_	ContainsVariation=No	_	_	_	_	_	_
237-10	BOI029	237	10	della	della	_	_	_	_	_	linguistic	_	ContainsVariation=No	_	_	_	_	_	_
237-11	BOI029	237	11	seconda	seconda	_	_	_	_	_	linguistic	_	ContainsVariation=No	_	_	_	_	_	_
237-12	BOI029	237	12	guerra	guerra	_	_	_	_	_	linguistic	_	ContainsVariation=No	_	_	_	_	_	_
237-13	BOI029	237	13	mondiale	mondiale	_	_	_	_	_	linguistic	_	ContainsVariation=No	_	End=1039.06	_	_	_	_
238-0	BOI029	238	0	per	per	_	_	_	_	_	linguistic	_	ContainsVariation=No	_	Begin=1039.75	_	_	_	_
238-1	BOI029	238	1	raccontargli	raccontargli	_	_	_	_	_	linguistic	_	ContainsVariation=No	_	_	_	_	_	_
238-2	BOI029	238	2	le	le	_	_	_	_	_	linguistic	_	ContainsVariation=No	_	_	_	_	_	_
238-3	BOI029	238	3	pietre	pietre	_	_	_	_	_	linguistic	_	ContainsVariation=No	_	_	_	_	_	_
238-4	BOI029	238	4	di	di	_	_	_	_	_	linguistic	_	ContainsVariation=No	_	_	_	_	_	_
238-5	BOI029	238	5	inc[iam]po	inciampo	_	_	_	_	_	linguistic	_	ContainsVariation=No	_	End=1042.19	_	_	_	3-6(47)
239-0	BOR001	239	0	[sì]	sì	_	_	_	_	_	linguistic	_	ContainsVariation=No	_	Begin=1041.8|End=1041.988	_	_	_	0-2(47)
240-0	BOI029	240	0	e:h	eh	_	_	_	_	_	linguistic	_	ContainsVariation=No	_	Begin=1043.16	0x1	_	_	_
240-1	BOI029	240	1	per	per	_	_	_	_	_	linguistic	_	ContainsVariation=No	_	_	_	_	_	_
240-2	BOI029	240	2	cui	cui	_	_	_	_	_	linguistic	_	ContainsVariation=No	_	_	_	_	_	_
240-3	BOI029	240	3	>per	per	_	_	_	_	_	linguistic	_	ContainsVariation=No	_	_	_	Fast=0-3(0)	_	_
240-4	BOI029	240	4	esempio<	esempio	_	_	_	_	_	linguistic	_	ContainsVariation=No	_	_	_	Fast=0-7(0)	_	_
240-5	BOI029	240	5	il	il	_	_	_	_	_	linguistic	_	ContainsVariation=No	_	_	_	_	_	_
240-6	BOI029	240	6	percorso	percorso	_	_	_	_	_	linguistic	_	ContainsVariation=No	_	_	_	_	_	_
240-7	BOI029	240	7	che	che	_	_	_	_	_	linguistic	_	ContainsVariation=No	_	_	_	_	_	_
240-8	BOI029	240	8	io	io	_	_	_	_	_	linguistic	_	ContainsVariation=No	_	_	_	_	_	_
240-9	BOI029	240	9	ho	ho	_	_	_	_	_	linguistic	_	ContainsVariation=No	_	_	_	_	_	_
240-10	BOI029	240	10	fatto	fatto	_	_	_	_	_	linguistic	_	ContainsVariation=No	_	_	_	_	_	_
240-11	BOI029	240	11	con	con	_	_	_	_	_	linguistic	_	ContainsVariation=No	_	_	_	_	_	_
240-12	BOI029	240	12	loro	loro	_	_	_	_	_	linguistic	_	ContainsVariation=No	_	_	_	_	_	_
240-13	BOI029	240	13	in	in	_	_	_	_	_	linguistic	_	ContainsVariation=No	_	_	_	_	_	_
240-14	BOI029	240	14	questi	questi	_	_	_	_	_	linguistic	_	ContainsVariation=No	_	_	_	_	_	_
240-15	BOI029	240	15	giorni	giorni	_	_	_	_	_	linguistic	_	ContainsVariation=No	_	_	_	_	_	_
240-16	BOI029	240	16	perché	perché	_	_	_	_	_	linguistic	_	ContainsVariation=No	_	_	_	_	_	_
240-17	BOI029	240	17	poi	poi	_	_	_	_	_	linguistic	_	ContainsVariation=No	_	_	_	_	_	_
240-18	BOI029	240	18	dovrebbe	dovrebbe	_	_	_	_	_	linguistic	_	ContainsVariation=No	_	_	_	_	_	_
240-19	BOI029	240	19	uscire::	uscire	_	_	_	_	_	linguistic	_	ContainsVariation=No	_	_	5x2	_	_	_
240-20	BOI029	240	20	a	a	_	_	_	_	_	linguistic	_	ContainsVariation=No	_	_	_	_	_	_
240-21	BOI029	240	21	metà	metà	_	_	_	_	_	linguistic	_	ContainsVariation=No	_	_	_	_	_	_
240-22	BOI029	240	22	febbraio	febbraio	_	_	_	_	_	linguistic	_	ContainsVariation=No	_	End=1051.64	_	_	_	_
241-0	BOI029	241	0	è	è	_	_	_	_	_	linguistic	_	ContainsVariation=No	_	Begin=1052.12	_	_	_	_
241-1	BOI029	241	1	stato	stato	_	_	_	_	_	linguistic	_	ContainsVariation=No	_	_	_	_	_	_
241-2	BOI029	241	2	quello	quello	_	_	_	_	_	linguistic	_	ContainsVariation=No	_	_	_	_	_	_
241-3	BOI029	241	3	di	di	_	_	_	_	_	linguistic	_	ContainsVariation=No	_	_	_	_	_	_
241-4	BOI029	241	4	fare	fare	_	_	_	_	_	linguistic	_	ContainsVariation=No	_	_	_	_	_	_
241-5	BOI029	241	5	un	un	_	_	_	_	_	linguistic	_	ContainsVariation=No	_	_	_	_	_	_
241-6	BOI029	241	6	discorso	discorso	_	_	_	_	_	linguistic	_	ContainsVariation=No	_	_	_	_	_	_
241-7	BOI029	241	7	o:h	oh	_	_	_	_	_	linguistic	_	ContainsVariation=No	_	_	0x1	_	_	_
241-8	BOI029	241	8	sulle	sulle	_	_	_	_	_	linguistic	_	ContainsVariation=No	_	_	_	_	_	_
241-9	BOI029	241	9	leggi	leggi	_	_	_	_	_	linguistic	_	ContainsVariation=No	_	_	_	_	_	_
241-10	BOI029	241	10	razziali	razziali	_	_	_	_	_	linguistic	_	ContainsVariation=No	_	End=1056.49	_	_	_	_
242-0	BOR001	242	0	mhmh	mhmh	_	_	_	_	_	linguistic	_	ContainsVariation=No	_	Begin=1056.9|End=1057.44	_	_	_	_
243-0	BOI029	243	0	ho	ho	_	_	_	_	_	linguistic	_	ContainsVariation=No	_	Begin=1057.72	_	_	_	_
243-1	BOI029	243	1	fatto	fatto	_	_	_	_	_	linguistic	_	ContainsVariation=No	_	_	_	_	_	_
243-2	BOI029	243	2	vedere	vedere	_	_	_	_	_	linguistic	_	ContainsVariation=No	_	_	_	_	_	_
243-3	BOI029	243	3	loro	loro	_	_	_	_	_	linguistic	_	ContainsVariation=No	_	_	_	_	_	_
243-4	BOI029	243	4	un	un	_	_	_	_	_	linguistic	_	ContainsVariation=No	_	_	_	_	_	_
243-5	BOI029	243	5	film	film	_	_	_	_	_	linguistic	_	ContainsVariation=No	_	_	_	_	_	_
243-6	BOI029	243	6	che	che	_	_	_	_	_	linguistic	_	ContainsVariation=No	_	_	_	_	_	_
243-7	BOI029	243	7	non	non	_	_	_	_	_	linguistic	_	ContainsVariation=No	_	_	_	_	_	_
243-8	BOI029	243	8	so	so	_	_	_	_	_	linguistic	_	ContainsVariation=No	_	_	_	_	_	_
243-9	BOI029	243	9	se	se	_	_	_	_	_	linguistic	_	ContainsVariation=No	_	_	_	_	_	_
243-10	BOI029	243	10	conosci	conosci	_	_	_	_	_	linguistic	_	ContainsVariation=No	_	_	_	_	_	_
243-11	BOI029	243	11	che	che	_	_	_	_	_	linguistic	_	ContainsVariation=No	_	_	_	_	_	_
243-12	BOI029	243	12	si	si	_	_	_	_	_	linguistic	_	ContainsVariation=No	_	_	_	_	_	_
243-13	BOI029	243	13	chiama	chiama	_	_	_	_	_	linguistic	_	ContainsVariation=No	_	_	_	_	_	_
243-14	BOI029	243	14	concorrenza	concorrenza	_	_	_	_	_	linguistic	_	ContainsVariation=No	_	_	_	_	_	_
243-15	BOI029	243	15	sleale	sleale	_	_	_	_	_	linguistic	_	ContainsVariation=No	_	End=1062.6	_	_	_	_
244-0	BOR001	244	0	sì	sì	_	_	_	_	_	linguistic	_	ContainsVariation=No	_	Begin=1063.08	_	_	_	_
244-1	BOR001	244	1	non	non	_	_	_	_	_	linguistic	_	ContainsVariation=No	_	_	_	_	_	_
244-2	BOR001	244	2	l'	l'	_	_	_	_	_	linguistic	_	ContainsVariation=No	SpaceAfter=No	_	_	_	_	_
244-3	BOR001	244	3	ho	ho	_	_	_	_	_	linguistic	_	ContainsVariation=No	_	_	_	_	_	_
244-4	BOR001	244	4	mai	mai	_	_	_	_	_	linguistic	_	ContainsVariation=No	_	_	_	_	_	_
244-5	BOR001	244	5	visto	visto	_	_	_	_	_	linguistic	_	ContainsVariation=No	_	_	_	_	_	_
244-6	BOR001	244	6	°il	il	_	_	_	_	_	linguistic	_	ContainsVariation=No	Volume=low	_	_	_	_	_
244-7	BOR001	244	7	film°	film	_	_	_	_	_	linguistic	_	ContainsVariation=No	Volume=low	End=1064.69	_	_	_	_
245-0	BOI029	245	0	eh	eh	_	_	_	_	_	linguistic	_	ContainsVariation=No	_	Begin=1064.88	_	_	_	_
245-1	BOI029	245	1	che	che	_	_	_	_	_	linguistic	_	ContainsVariation=No	_	_	_	_	_	_
245-2	BOI029	245	2	è	è	_	_	_	_	_	linguistic	_	ContainsVariation=No	_	_	_	_	_	_
245-3	BOI029	245	3	un	un	_	_	_	_	_	linguistic	_	ContainsVariation=No	_	_	_	_	_	_
245-4	BOI029	245	4	film	film	_	_	_	_	_	linguistic	_	ContainsVariation=No	_	_	_	_	_	_
245-5	BOI029	245	5	molto	molto	_	_	_	_	_	linguistic	_	ContainsVariation=No	_	_	_	_	_	_
245-6	BOI029	245	6	tranquillo	tranquillo	_	_	_	_	_	linguistic	_	ContainsVariation=No	_	_	_	_	_	_
245-7	BOI029	245	7	la	la	_	_	_	_	_	linguistic	_	ContainsVariation=No	_	_	_	_	_	_
245-8	BOI029	245	8	guerra	guerra	_	_	_	_	_	linguistic	_	ContainsVariation=No	_	_	_	_	_	_
245-9	BOI029	245	9	non	non	_	_	_	_	_	linguistic	_	ContainsVariation=No	_	_	_	_	_	_
245-10	BOI029	245	10	c'	c'	_	_	_	_	_	linguistic	_	ContainsVariation=No	SpaceAfter=No	_	_	_	_	_
245-11	BOI029	245	11	entra	entra	_	_	_	_	_	linguistic	_	ContainsVariation=No	_	End=1068.217	_	_	_	_
246-0	BOI029	246	0	si	si	_	_	_	_	_	linguistic	_	ContainsVariation=No	_	Begin=1068.56	_	_	_	_
246-1	BOI029	246	1	tratta	tratta	_	_	_	_	_	linguistic	_	ContainsVariation=No	_	_	_	_	_	_
246-2	BOI029	246	2	di	di	_	_	_	_	_	linguistic	_	ContainsVariation=No	_	_	_	_	_	_
246-3	BOI029	246	3	due	due	_	_	_	_	_	linguistic	_	ContainsVariation=No	_	_	_	_	_	_
246-4	BOI029	246	4	famiglie	famiglie	_	_	_	_	_	linguistic	_	ContainsVariation=No	_	_	_	_	_	_
246-5	BOI029	246	5	romane,	romane	_	_	_	_	_	linguistic	_	ContainsVariation=No	Intonation=WeaklyRising	End=1070.4	_	_	_	_
247-0	BOI029	247	0	[e:]:	e	_	_	_	_	_	linguistic	_	ContainsVariation=No	_	Begin=1070.63	0x2	_	_	0-1(48)
247-1	BOI029	247	1	che	che	_	_	_	_	_	linguistic	_	ContainsVariation=No	_	_	_	_	_	_
247-2	BOI029	247	2	hanno	hanno	_	_	_	_	_	linguistic	_	ContainsVariation=No	_	_	_	_	_	_
247-3	BOI029	247	3	due	due	_	_	_	_	_	linguistic	_	ContainsVariation=No	_	_	_	_	_	_
247-4	BOI029	247	4	negozi	negozi	_	_	_	_	_	linguistic	_	ContainsVariation=No	_	_	_	_	_	_
247-5	BOI029	247	5	due	due	_	_	_	_	_	linguistic	_	ContainsVariation=No	_	_	_	_	_	_
247-6	BOI029	247	6	attività	attività	_	_	_	_	_	linguistic	_	ContainsVariation=No	_	_	_	_	_	_
247-7	BOI029	247	7	due	due	_	_	_	_	_	linguistic	_	ContainsVariation=No	_	_	_	_	_	_
247-8	BOI029	247	8	mercerie	mercerie	_	_	_	_	_	linguistic	_	ContainsVariation=No	_	_	_	_	_	_
247-9	BOI029	247	9	una	una	_	_	_	_	_	linguistic	_	ContainsVariation=No	_	_	_	_	_	_
247-10	BOI029	247	10	di	di	_	_	_	_	_	linguistic	_	ContainsVariation=No	_	_	_	_	_	_
247-11	BOI029	247	11	fianco	fianco	_	_	_	_	_	linguistic	_	ContainsVariation=No	_	_	_	_	_	_
247-12	BOI029	247	12	a	a	_	_	_	_	_	linguistic	_	ContainsVariation=No	_	_	_	_	_	_
247-13	BOI029	247	13	quell'	quell'	_	_	_	_	_	linguistic	_	ContainsVariation=No	SpaceAfter=No	_	_	_	_	_
247-14	BOI029	247	14	altra,	altra	_	_	_	_	_	linguistic	_	ContainsVariation=No	Intonation=WeaklyRising	End=1074.69	_	_	_	_
248-0	BOR001	248	0	[mhmh]	mhmh	_	_	_	_	_	linguistic	_	ContainsVariation=No	_	Begin=1070.75|End=1071.21	_	_	_	0-4(48)
249-0	BOI029	249	0	una	una	_	_	_	_	_	linguistic	_	ContainsVariation=No	_	Begin=1075.323	_	_	_	_
249-1	BOI029	249	1	ebrea	ebrea	_	_	_	_	_	linguistic	_	ContainsVariation=No	_	_	_	_	_	_
249-2	BOI029	249	2	una	una	_	_	_	_	_	linguistic	_	ContainsVariation=No	_	_	_	_	_	_
249-3	BOI029	249	3	no	no	_	_	_	_	_	linguistic	_	ContainsVariation=No	PauseAfter=Yes	_	_	_	_	_
249-4	BOI029	249	4	(.)	(.)	_	_	_	_	_	shortpause	_	ContainsVariation=No	_	_	_	_	_	_
249-5	BOI029	249	5	eh	eh	_	_	_	_	_	linguistic	_	ContainsVariation=No	_	_	_	_	_	_
249-6	BOI029	249	6	prima	prima	_	_	_	_	_	linguistic	_	ContainsVariation=No	_	_	_	_	_	_
249-7	BOI029	249	7	eh	eh	_	_	_	_	_	linguistic	_	ContainsVariation=No	_	_	_	_	_	_
249-8	BOI029	249	8	combattevano	combattevano	_	_	_	_	_	linguistic	_	ContainsVariation=No	_	_	_	_	_	_
249-9	BOI029	249	9	un	un	_	_	_	_	_	linguistic	_	ContainsVariation=No	_	_	_	_	_	_
249-10	BOI029	249	10	po'	po'	_	_	_	_	_	linguistic	_	ContainsVariation=No	_	_	_	_	_	_
249-11	BOI029	249	11	sulla	sulla	_	_	_	_	_	linguistic	_	ContainsVariation=No	_	_	_	_	_	_
249-12	BOI029	249	12	rivalità	rivalità	_	_	_	_	_	linguistic	_	ContainsVariation=No	_	_	_	_	_	_
249-13	BOI029	249	13	sulla	sulla	_	_	_	_	_	linguistic	_	ContainsVariation=No	_	_	_	_	_	_
249-14	BOI029	249	14	<concorrenza>	concorrenza	_	_	_	_	_	linguistic	_	ContainsVariation=No	_	_	_	Slow=0-11(0)	_	_
249-15	BOI029	249	15	tra	tra	_	_	_	_	_	linguistic	_	ContainsVariation=No	_	_	_	_	_	_
249-16	BOI029	249	16	l'	l'	_	_	_	_	_	linguistic	_	ContainsVariation=No	SpaceAfter=No	_	_	_	_	_
249-17	BOI029	249	17	uno	uno	_	_	_	_	_	linguistic	_	ContainsVariation=No	_	_	_	_	_	_
249-18	BOI029	249	18	e	e	_	_	_	_	_	linguistic	_	ContainsVariation=No	_	_	_	_	_	_
249-19	BOI029	249	19	l'	l'	_	_	_	_	_	linguistic	_	ContainsVariation=No	SpaceAfter=No	_	_	_	_	_
249-20	BOI029	249	20	altro	altro	_	_	_	_	_	linguistic	_	ContainsVariation=No	_	End=1084.67	_	_	_	_
250-0	BOI029	250	0	e:	e	_	_	_	_	_	linguistic	_	ContainsVariation=No	_	Begin=1085.217	0x1	_	_	_
250-1	BOI029	250	1	nel	nel	_	_	_	_	_	linguistic	_	ContainsVariation=No	_	_	_	_	_	_
250-2	BOI029	250	2	frattempo	frattempo	_	_	_	_	_	linguistic	_	ContainsVariation=No	_	_	_	_	_	_
250-3	BOI029	250	3	i	i	_	_	_	_	_	linguistic	_	ContainsVariation=No	_	_	_	_	_	_
250-4	BOI029	250	4	bambini	bambini	_	_	_	_	_	linguistic	_	ContainsVariation=No	_	_	_	_	_	_
250-5	BOI029	250	5	vanno	vanno	_	_	_	_	_	linguistic	_	ContainsVariation=No	_	_	_	_	_	_
250-6	BOI029	250	6	a	a	_	_	_	_	_	linguistic	_	ContainsVariation=No	_	_	_	_	_	_
250-7	BOI029	250	7	scuola	scuola	_	_	_	_	_	linguistic	_	ContainsVariation=No	_	_	_	_	_	_
250-8	BOI029	250	8	assieme	assieme	_	_	_	_	_	linguistic	_	ContainsVariation=No	_	End=1088.62	_	_	_	_
251-0	BOI029	251	0	[e:]:	e	_	_	_	_	_	linguistic	_	ContainsVariation=No	_	Begin=1088.88	0x2	_	_	0-1(49)
251-1	BOI029	251	1	i	i	_	_	_	_	_	linguistic	_	ContainsVariation=No	_	_	_	_	_	_
251-2	BOI029	251	2	ragazzini	ragazzini	_	_	_	_	_	linguistic	_	ContainsVariation=No	_	_	_	_	_	_
251-3	BOI029	251	3	più	più	_	_	_	_	_	linguistic	_	ContainsVariation=No	_	_	_	_	_	_
251-4	BOI029	251	4	grandi	grandi	_	_	_	_	_	linguistic	_	ContainsVariation=No	_	_	_	_	_	_
251-5	BOI029	251	5	si	si	_	_	_	_	_	linguistic	_	ContainsVariation=No	_	_	_	_	_	_
251-6	BOI029	251	6	innamorano	innamorano	_	_	_	_	_	linguistic	_	ContainsVariation=No	_	End=1091.45	_	_	_	_
252-0	BOR001	252	0	[°mhmh°]	mhmh	_	_	_	_	_	linguistic	_	ContainsVariation=No	Volume=low	Begin=1089.0|End=1089.357	_	_	_	0-4(49)
253-0	BOI029	253	0	>eccetera<	eccetera	_	_	_	_	_	linguistic	_	ContainsVariation=No	_	Begin=1091.86	_	Fast=0-8(0)	_	_
253-1	BOI029	253	1	poi	poi	_	_	_	_	_	linguistic	_	ContainsVariation=No	_	_	_	_	_	_
253-2	BOI029	253	2	arrivano	arrivano	_	_	_	_	_	linguistic	_	ContainsVariation=No	_	_	_	_	_	_
253-3	BOI029	253	3	le	le	_	_	_	_	_	linguistic	_	ContainsVariation=No	_	_	_	_	_	_
253-4	BOI029	253	4	leggi	leggi	_	_	_	_	_	linguistic	_	ContainsVariation=No	_	_	_	_	_	_
253-5	BOI029	253	5	e	e	_	_	_	_	_	linguistic	_	ContainsVariation=No	_	_	_	_	_	_
253-6	BOI029	253	6	nel	nel	_	_	_	_	_	linguistic	_	ContainsVariation=No	_	_	_	_	_	_
253-7	BOI029	253	7	giro	giro	_	_	_	_	_	linguistic	_	ContainsVariation=No	_	_	_	_	_	_
253-8	BOI029	253	8	di	di	_	_	_	_	_	linguistic	_	ContainsVariation=No	_	_	_	_	_	_
253-9	BOI029	253	9	poco	poco	_	_	_	_	_	linguistic	_	ContainsVariation=No	PauseAfter=Yes	_	_	_	_	_
253-10	BOI029	253	10	(.)	(.)	_	_	_	_	_	shortpause	_	ContainsVariation=No	_	_	_	_	_	_
253-11	BOI029	253	11	quella	quella	_	_	_	_	_	linguistic	_	ContainsVariation=No	_	_	_	_	_	_
253-12	BOI029	253	12	che	che	_	_	_	_	_	linguistic	_	ContainsVariation=No	_	_	_	_	_	_
253-13	BOI029	253	13	era	era	_	_	_	_	_	linguistic	_	ContainsVariation=No	_	_	_	_	_	_
253-14	BOI029	253	14	una	una	_	_	_	_	_	linguistic	_	ContainsVariation=No	_	_	_	_	_	_
253-15	BOI029	253	15	vita	vita	_	_	_	_	_	linguistic	_	ContainsVariation=No	_	_	_	_	_	_
253-16	BOI029	253	16	normale	normale	_	_	_	_	_	linguistic	_	ContainsVariation=No	_	_	_	_	_	_
253-17	BOI029	253	17	scontata	scontata	_	_	_	_	_	linguistic	_	ContainsVariation=No	_	_	_	_	_	_
253-18	BOI029	253	18	cambia	cambia	_	_	_	_	_	linguistic	_	ContainsVariation=No	_	_	_	_	_	_
253-19	BOI029	253	19	completamente	completamente	_	_	_	_	_	linguistic	_	ContainsVariation=No	_	End=1099.59	_	_	_	_
254-0	BOI029	254	0	e	e	_	_	_	_	_	linguistic	_	ContainsVariation=No	_	Begin=1100.458	_	_	_	_
254-1	BOI029	254	1	avvengono	avvengono	_	_	_	_	_	linguistic	_	ContainsVariation=No	_	_	_	_	_	_
254-2	BOI029	254	2	cose	cose	_	_	_	_	_	linguistic	_	ContainsVariation=No	_	End=1101.53	_	_	_	_
255-0	BOI029	255	0	per	per	_	_	_	_	_	linguistic	_	ContainsVariation=No	_	Begin=1102.08	_	_	_	_
255-1	BOI029	255	1	cui	cui	_	_	_	_	_	linguistic	_	ContainsVariation=No	_	_	_	_	_	_
255-2	BOI029	255	2	fino	fino	_	_	_	_	_	linguistic	_	ContainsVariation=No	_	_	_	_	_	_
255-3	BOI029	255	3	a	a	_	_	_	_	_	linguistic	_	ContainsVariation=No	_	_	_	_	_	_
255-4	BOI029	255	4	quando	quando	_	_	_	_	_	linguistic	_	ContainsVariation=No	_	_	_	_	_	_
255-5	BOI029	255	5	questi	questi	_	_	_	_	_	linguistic	_	ContainsVariation=No	_	_	_	_	_	_
255-6	BOI029	255	6	non	non	_	_	_	_	_	linguistic	_	ContainsVariation=No	_	_	_	_	_	_
255-7	BOI029	255	7	sono	sono	_	_	_	_	_	linguistic	_	ContainsVariation=No	_	_	_	_	_	_
255-8	BOI029	255	8	costretti	costretti	_	_	_	_	_	linguistic	_	ContainsVariation=No	_	_	_	_	_	_
255-9	BOI029	255	9	ad	ad	_	_	_	_	_	linguistic	_	ContainsVariation=No	_	_	_	_	_	_
255-10	BOI029	255	10	a~	a~	_	_	_	_	_	linguistic	_	ContainsVariation=No	Interrupted=Yes	_	_	_	_	_
255-11	BOI029	255	11	chiudere	chiudere	_	_	_	_	_	linguistic	_	ContainsVariation=No	_	_	_	_	_	_
255-12	BOI029	255	12	il	il	_	_	_	_	_	linguistic	_	ContainsVariation=No	_	_	_	_	_	_
255-13	BOI029	255	13	negozio	negozio	_	_	_	_	_	linguistic	_	ContainsVariation=No	_	_	_	_	_	_
255-14	BOI029	255	14	andare	andare	_	_	_	_	_	linguistic	_	ContainsVariation=No	_	_	_	_	_	_
255-15	BOI029	255	15	a	a	_	_	_	_	_	linguistic	_	ContainsVariation=No	_	_	_	_	_	_
255-16	BOI029	255	16	abitare	abitare	_	_	_	_	_	linguistic	_	ContainsVariation=No	_	_	_	_	_	_
255-17	BOI029	255	17	via	via	_	_	_	_	_	linguistic	_	ContainsVariation=No	_	_	_	_	_	_
255-18	BOI029	255	18	adesso	adesso	_	_	_	_	_	linguistic	_	ContainsVariation=No	_	_	_	_	_	_
255-19	BOI029	255	19	te	te	_	_	_	_	_	linguistic	_	ContainsVariation=No	_	_	_	_	_	_
255-20	BOI029	255	20	lo	lo	_	_	_	_	_	linguistic	_	ContainsVariation=No	_	_	_	_	_	_
255-21	BOI029	255	21	spoilero	spoilero	_	_	_	_	_	linguistic	_	ContainsVariation=No	_	_	_	_	_	_
255-22	BOI029	255	22	[completame]nte	completamente	_	_	_	_	_	linguistic	_	ContainsVariation=No	_	_	_	_	_	0-10(50)
255-23	BOI029	255	23	fino	fino	_	_	_	_	_	linguistic	_	ContainsVariation=No	_	_	_	_	_	_
255-24	BOI029	255	24	alla	alla	_	_	_	_	_	linguistic	_	ContainsVariation=No	_	_	_	_	_	_
255-25	BOI029	255	25	fine	fine	_	_	_	_	_	linguistic	_	ContainsVariation=No	_	End=1109.0	_	_	_	_
256-0	BOR001	256	0	[sì]	sì	_	_	_	_	_	linguistic	_	ContainsVariation=No	_	Begin=1107.67	_	_	_	0-2(50)
256-1	BOR001	256	1	((ride))	((ride))	_	_	_	_	_	nonverbalbehavior	_	ContainsVariation=No	_	End=1108.249	_	_	_	_
257-0	BOI029	257	0	e:	e	_	_	_	_	_	linguistic	_	ContainsVariation=No	_	Begin=1109.48	0x1	_	_	_
257-1	BOI029	257	1	e	e	_	_	_	_	_	linguistic	_	ContainsVariation=No	_	_	_	_	_	_
257-2	BOI029	257	2	vengono	vengono	_	_	_	_	_	linguistic	_	ContainsVariation=No	_	_	_	_	_	_
257-3	BOI029	257	3	trasferiti	trasferiti	_	_	_	_	_	linguistic	_	ContainsVariation=No	_	_	_	_	_	_
257-4	BOI029	257	4	al	al	_	_	_	_	_	linguistic	_	ContainsVariation=No	_	_	_	_	_	_
257-5	BOI029	257	5	ghetto	ghetto	_	_	_	_	_	linguistic	_	ContainsVariation=No	_	End=1111.77	_	_	_	_
258-0	BOR001	258	0	mhmh	mhmh	_	_	_	_	_	linguistic	_	ContainsVariation=No	_	Begin=1112.16|End=1112.648	_	_	_	_
259-0	BOI029	259	0	per	per	_	_	_	_	_	linguistic	_	ContainsVariation=No	_	Begin=1113.621	_	_	_	_
259-1	BOI029	259	1	cui	cui	_	_	_	_	_	linguistic	_	ContainsVariation=No	_	_	_	_	_	_
259-2	BOI029	259	2	qui	qui	_	_	_	_	_	linguistic	_	ContainsVariation=No	_	_	_	_	_	_
259-3	BOI029	259	3	c'	c'	_	_	_	_	_	linguistic	_	ContainsVariation=No	SpaceAfter=No	_	_	_	_	_
259-4	BOI029	259	4	è	è	_	_	_	_	_	linguistic	_	ContainsVariation=No	_	_	_	_	_	_
259-5	BOI029	259	5	un	un	_	_	_	_	_	linguistic	_	ContainsVariation=No	_	_	_	_	_	_
259-6	BOI029	259	6	percorso	percorso	_	_	_	_	_	linguistic	_	ContainsVariation=No	_	_	_	_	_	_
259-7	BOI029	259	7	che	che	_	_	_	_	_	linguistic	_	ContainsVariation=No	_	_	_	_	_	_
259-8	BOI029	259	8	dici	dici	_	_	_	_	_	linguistic	_	ContainsVariation=No	_	_	_	_	_	_
259-9	BOI029	259	9	da	da	_	_	_	_	_	linguistic	_	ContainsVariation=No	_	_	_	_	_	_
259-10	BOI029	259	10	una	una	_	_	_	_	_	linguistic	_	ContainsVariation=No	_	_	_	_	_	_
259-11	BOI029	259	11	situazione	situazione	_	_	_	_	_	linguistic	_	ContainsVariation=No	_	_	_	_	_	_
259-12	BOI029	259	12	normale	normale	_	_	_	_	_	linguistic	_	ContainsVariation=No	PauseAfter=Yes	_	_	_	_	_
259-13	BOI029	259	13	(.)	(.)	_	_	_	_	_	shortpause	_	ContainsVariation=No	_	_	_	_	_	_
259-14	BOI029	259	14	succedono	succedono	_	_	_	_	_	linguistic	_	ContainsVariation=No	_	_	_	_	_	_
259-15	BOI029	259	15	queste	queste	_	_	_	_	_	linguistic	_	ContainsVariation=No	_	_	_	_	_	_
259-16	BOI029	259	16	cose	cose	_	_	_	_	_	linguistic	_	ContainsVariation=No	_	_	_	_	_	_
259-17	BOI029	259	17	le	le	_	_	_	_	_	linguistic	_	ContainsVariation=No	_	_	_	_	_	_
259-18	BOI029	259	18	leggi	leggi	_	_	_	_	_	linguistic	_	ContainsVariation=No	_	_	_	_	_	_
259-19	BOI029	259	19	ti	ti	_	_	_	_	_	linguistic	_	ContainsVariation=No	_	_	_	_	_	_
259-20	BOI029	259	20	portano	portano	_	_	_	_	_	linguistic	_	ContainsVariation=No	_	_	_	_	_	_
259-21	BOI029	259	21	a	a	_	_	_	_	_	linguistic	_	ContainsVariation=No	_	_	_	_	_	_
259-22	BOI029	259	22	questa	questa	_	_	_	_	_	linguistic	_	ContainsVariation=No	_	_	_	_	_	_
259-23	BOI029	259	23	cosa	cosa	_	_	_	_	_	linguistic	_	ContainsVariation=No	_	End=1121.37	_	_	_	_
260-0	BOI029	260	0	poi	poi	_	_	_	_	_	linguistic	_	ContainsVariation=No	_	Begin=1122.03	_	_	_	_
260-1	BOI029	260	1	dal	dal	_	_	_	_	_	linguistic	_	ContainsVariation=No	_	_	_	_	_	_
260-2	BOI029	260	2	ghetto	ghetto	_	_	_	_	_	linguistic	_	ContainsVariation=No	_	_	_	_	_	_
260-3	BOI029	260	3	ho	ho	_	_	_	_	_	linguistic	_	ContainsVariation=No	_	_	_	_	_	_
260-4	BOI029	260	4	fatto	fatto	_	_	_	_	_	linguistic	_	ContainsVariation=No	_	_	_	_	_	_
260-5	BOI029	260	5	sentire	sentire	_	_	_	_	_	linguistic	_	ContainsVariation=No	_	_	_	_	_	_
260-6	BOI029	260	6	loro	loro	_	_	_	_	_	linguistic	_	ContainsVariation=No	_	_	_	_	_	_
260-7	BOI029	260	7	ho	ho	_	_	_	_	_	linguistic	_	ContainsVariation=No	_	_	_	_	_	_
260-8	BOI029	260	8	fatto	fatto	_	_	_	_	_	linguistic	_	ContainsVariation=No	_	_	_	_	_	_
260-9	BOI029	260	9	vedere	vedere	_	_	_	_	_	linguistic	_	ContainsVariation=No	_	_	_	_	_	_
260-10	BOI029	260	10	al~	al~	_	_	_	_	_	linguistic	_	ContainsVariation=No	Interrupted=Yes	_	_	_	_	_
260-11	BOI029	260	11	una	una	_	_	_	_	_	linguistic	_	ContainsVariation=No	_	_	_	_	_	_
260-12	BOI029	260	12	serie	serie	_	_	_	_	_	linguistic	_	ContainsVariation=No	_	_	_	_	_	_
260-13	BOI029	260	13	di	di	_	_	_	_	_	linguistic	_	ContainsVariation=No	_	_	_	_	_	_
260-14	BOI029	260	14	immagini	immagini	_	_	_	_	_	linguistic	_	ContainsVariation=No	_	_	_	_	_	_
260-15	BOI029	260	15	che	che	_	_	_	_	_	linguistic	_	ContainsVariation=No	_	_	_	_	_	_
260-16	BOI029	260	16	avevo	avevo	_	_	_	_	_	linguistic	_	ContainsVariation=No	PauseAfter=Yes	_	_	_	_	_
260-17	BOI029	260	17	(.)	(.)	_	_	_	_	_	shortpause	_	ContainsVariation=No	_	_	_	_	_	_
260-18	BOI029	260	18	e:h	eh	_	_	_	_	_	linguistic	_	ContainsVariation=No	_	End=1128.35	0x1	_	_	_
261-0	BOI029	261	0	preparato	preparato	_	_	_	_	_	linguistic	_	ContainsVariation=No	_	Begin=1129.11	_	_	_	_
261-1	BOI029	261	1	con	con	_	_	_	_	_	linguistic	_	ContainsVariation=No	_	_	_	_	_	_
261-2	BOI029	261	2	dopo	dopo	_	_	_	_	_	linguistic	_	ContainsVariation=No	_	_	_	_	_	_
261-3	BOI029	261	3	il	il	_	_	_	_	_	linguistic	_	ContainsVariation=No	_	_	_	_	_	_
261-4	BOI029	261	4	discorso	discorso	_	_	_	_	_	linguistic	_	ContainsVariation=No	_	_	_	_	_	_
261-5	BOI029	261	5	dei	dei	_	_	_	_	_	linguistic	_	ContainsVariation=No	_	_	_	_	_	_
261-6	BOI029	261	6	rastrellamenti	rastrellamenti	_	_	_	_	_	linguistic	_	ContainsVariation=No	_	_	_	_	_	_
261-7	BOI029	261	7	del~	del~	_	_	_	_	_	linguistic	_	ContainsVariation=No	Interrupted=Yes	_	_	_	_	_
261-8	BOI029	261	8	del	del	_	_	_	_	_	linguistic	_	ContainsVariation=No	_	_	_	_	_	_
261-9	BOI029	261	9	portarli	portarli	_	_	_	_	_	linguistic	_	ContainsVariation=No	_	End=1134.93	_	_	_	_
262-0	BOI029	262	0	e:h	eh	_	_	_	_	_	linguistic	_	ContainsVariation=No	_	Begin=1135.44	0x1	_	_	_
262-1	BOI029	262	1	nei	nei	_	_	_	_	_	linguistic	_	ContainsVariation=No	_	_	_	_	_	_
262-2	BOI029	262	2	campi	campi	_	_	_	_	_	linguistic	_	ContainsVariation=No	_	_	_	_	_	_
262-3	BOI029	262	3	di	di	_	_	_	_	_	linguistic	_	ContainsVariation=No	_	_	_	_	_	_
262-4	BOI029	262	4	concentramento	concentramento	_	_	_	_	_	linguistic	_	ContainsVariation=No	_	_	_	_	_	_
262-5	BOI029	262	5	e	e	_	_	_	_	_	linguistic	_	ContainsVariation=No	_	_	_	_	_	_
262-6	BOI029	262	6	ho	ho	_	_	_	_	_	linguistic	_	ContainsVariation=No	_	_	_	_	_	_
262-7	BOI029	262	7	fatto	fatto	_	_	_	_	_	linguistic	_	ContainsVariation=No	_	_	_	_	_	_
262-8	BOI029	262	8	sentire	sentire	_	_	_	_	_	linguistic	_	ContainsVariation=No	_	_	_	_	_	_
262-9	BOI029	262	9	<mezz'	mezz'	_	_	_	_	_	linguistic	_	ContainsVariation=No	SpaceAfter=No	_	_	Slow=0-5(0)	_	_
262-10	BOI029	262	10	ora	ora	_	_	_	_	_	linguistic	_	ContainsVariation=No	_	_	_	Slow=0-3(0)	_	_
262-11	BOI029	262	11	efficacissima>	efficacissima	_	_	_	_	_	linguistic	_	ContainsVariation=No	_	_	_	Slow=0-13(0)	_	_
262-12	BOI029	262	12	di	di	_	_	_	_	_	linguistic	_	ContainsVariation=No	_	_	_	_	_	_
262-13	BOI029	262	13	liliana	liliana	_	_	_	_	_	linguistic	_	ContainsVariation=No	_	_	_	_	_	_
262-14	BOI029	262	14	segre	segre	_	_	_	_	_	linguistic	_	ContainsVariation=No	_	End=1141.77	_	_	_	_
263-0	BOR001	263	0	mh	mh	_	_	_	_	_	linguistic	_	ContainsVariation=No	_	Begin=1141.92|End=1142.13	_	_	_	_
264-0	BOI029	264	0	che	che	_	_	_	_	_	linguistic	_	ContainsVariation=No	_	Begin=1142.416	_	_	_	_
264-1	BOI029	264	1	raccontava	raccontava	_	_	_	_	_	linguistic	_	ContainsVariation=No	PauseAfter=Yes	_	_	_	_	_
264-2	BOI029	264	2	(.)	(.)	_	_	_	_	_	shortpause	_	ContainsVariation=No	_	_	_	_	_	_
264-3	BOI029	264	3	quello	quello	_	_	_	_	_	linguistic	_	ContainsVariation=No	_	_	_	_	_	_
264-4	BOI029	264	4	che	che	_	_	_	_	_	linguistic	_	ContainsVariation=No	_	_	_	_	_	_
264-5	BOI029	264	5	era	era	_	_	_	_	_	linguistic	_	ContainsVariation=No	_	_	_	_	_	_
264-6	BOI029	264	6	successo	successo	_	_	_	_	_	linguistic	_	ContainsVariation=No	_	_	_	_	_	_
264-7	BOI029	264	7	a	a	_	_	_	_	_	linguistic	_	ContainsVariation=No	_	_	_	_	_	_
264-8	BOI029	264	8	lei	lei	_	_	_	_	_	linguistic	_	ContainsVariation=No	_	_	_	_	_	_
264-9	BOI029	264	9	del	del	_	_	_	_	_	linguistic	_	ContainsVariation=No	_	_	_	_	_	_
264-10	BOI029	264	10	fatto	fatto	_	_	_	_	_	linguistic	_	ContainsVariation=No	_	_	_	_	_	_
264-11	BOI029	264	11	che	che	_	_	_	_	_	linguistic	_	ContainsVariation=No	_	_	_	_	_	_
264-12	BOI029	264	12	non	non	_	_	_	_	_	linguistic	_	ContainsVariation=No	_	_	_	_	_	_
264-13	BOI029	264	13	andava	andava	_	_	_	_	_	linguistic	_	ContainsVariation=No	_	_	_	_	_	_
264-14	BOI029	264	14	più	più	_	_	_	_	_	linguistic	_	ContainsVariation=No	_	_	_	_	_	_
264-15	BOI029	264	15	a	a	_	_	_	_	_	linguistic	_	ContainsVariation=No	_	_	_	_	_	_
264-16	BOI029	264	16	scuola	scuola	_	_	_	_	_	linguistic	_	ContainsVariation=No	_	_	_	_	_	_
264-17	BOI029	264	17	eccetera	eccetera	_	_	_	_	_	linguistic	_	ContainsVariation=No	_	End=1147.4	_	_	_	_
265-0	BOI029	265	0	secondo	secondo	_	_	_	_	_	linguistic	_	ContainsVariation=No	_	Begin=1147.57	_	_	_	_
265-1	BOI029	265	1	me	me	_	_	_	_	_	linguistic	_	ContainsVariation=No	PauseAfter=Yes	_	_	_	_	_
265-2	BOI029	265	2	(.)	(.)	_	_	_	_	_	shortpause	_	ContainsVariation=No	_	_	_	_	_	_
265-3	BOI029	265	3	hai	hai	_	_	_	_	_	linguistic	_	ContainsVariation=No	_	_	_	_	_	_
265-4	BOI029	265	4	chiuso	chiuso	_	_	_	_	_	linguistic	_	ContainsVariation=No	_	_	_	_	_	_
265-5	BOI029	265	5	un	un	_	_	_	_	_	linguistic	_	ContainsVariation=No	_	_	_	_	_	_
265-6	BOI029	265	6	quadro	quadro	_	_	_	_	_	linguistic	_	ContainsVariation=No	_	End=1151.36	_	_	_	_
266-0	BOR001	266	0	sì	sì	_	_	_	_	_	linguistic	_	ContainsVariation=No	_	Begin=1153.55|End=1153.75	_	_	_	_
267-0	BOI029	267	0	dopodiché	dopodiché	_	_	_	_	_	linguistic	_	ContainsVariation=No	_	Begin=1154.618	_	_	_	_
267-1	BOI029	267	1	c'	c'	_	_	_	_	_	linguistic	_	ContainsVariation=No	SpaceAfter=No	_	_	_	_	_
267-2	BOI029	267	2	è	è	_	_	_	_	_	linguistic	_	ContainsVariation=No	_	_	_	_	_	_
267-3	BOI029	267	3	la	la	_	_	_	_	_	linguistic	_	ContainsVariation=No	_	_	_	_	_	_
267-4	BOI029	267	4	guerra,	guerra	_	_	_	_	_	linguistic	_	ContainsVariation=No	Intonation=WeaklyRising	_	_	_	_	_
267-5	BOI029	267	5	c'	c'	_	_	_	_	_	linguistic	_	ContainsVariation=No	SpaceAfter=No	_	_	_	_	_
267-6	BOI029	267	6	è	è	_	_	_	_	_	linguistic	_	ContainsVariation=No	_	_	_	_	_	_
267-7	BOI029	267	7	l'	l'	_	_	_	_	_	linguistic	_	ContainsVariation=No	SpaceAfter=No	_	_	_	_	_
267-8	BOI029	267	8	ascesa	ascesa	_	_	_	_	_	linguistic	_	ContainsVariation=No	_	_	_	_	_	_
267-9	BOI029	267	9	del	del	_	_	_	_	_	linguistic	_	ContainsVariation=No	_	_	_	_	_	_
267-10	BOI029	267	10	fascismo,	fascismo	_	_	_	_	_	linguistic	_	ContainsVariation=No	Intonation=WeaklyRising	_	_	_	_	_
267-11	BOI029	267	11	c'	c'	_	_	_	_	_	linguistic	_	ContainsVariation=No	SpaceAfter=No	_	_	_	_	_
267-12	BOI029	267	12	è	è	_	_	_	_	_	linguistic	_	ContainsVariation=No	_	_	_	_	_	_
267-13	BOI029	267	13	l'	l'	_	_	_	_	_	linguistic	_	ContainsVariation=No	SpaceAfter=No	_	_	_	_	_
267-14	BOI029	267	14	ascesa	ascesa	_	_	_	_	_	linguistic	_	ContainsVariation=No	_	_	_	_	_	_
267-15	BOI029	267	15	de~	de~	_	_	_	_	_	linguistic	_	ContainsVariation=No	Interrupted=Yes	_	_	_	_	_
267-16	BOI029	267	16	di	di	_	_	_	_	_	linguistic	_	ContainsVariation=No	_	_	_	_	_	_
267-17	BOI029	267	17	hitl~	hitl~	_	_	_	_	_	linguistic	_	ContainsVariation=No	Interrupted=Yes	_	_	_	_	_
267-18	BOI029	267	18	bene	bene	_	_	_	_	_	linguistic	_	ContainsVariation=No	_	_	_	_	_	_
267-19	BOI029	267	19	sono	sono	_	_	_	_	_	linguistic	_	ContainsVariation=No	_	_	_	_	_	_
267-20	BOI029	267	20	tutte	tutte	_	_	_	_	_	linguistic	_	ContainsVariation=No	_	_	_	_	_	_
267-21	BOI029	267	21	cose	cose	_	_	_	_	_	linguistic	_	ContainsVariation=No	_	_	_	_	_	_
267-22	BOI029	267	22	che	che	_	_	_	_	_	linguistic	_	ContainsVariation=No	_	_	_	_	_	_
267-23	BOI029	267	23	vanno	vanno	_	_	_	_	_	linguistic	_	ContainsVariation=No	_	_	_	_	_	_
267-24	BOI029	267	24	e:h	eh	_	_	_	_	_	linguistic	_	ContainsVariation=No	_	_	0x1	_	_	_
267-25	BOI029	267	25	da	da	_	_	_	_	_	linguistic	_	ContainsVariation=No	_	_	_	_	_	_
267-26	BOI029	267	26	cornice	cornice	_	_	_	_	_	linguistic	_	ContainsVariation=No	_	_	_	_	_	_
267-27	BOI029	267	27	a	a	_	_	_	_	_	linguistic	_	ContainsVariation=No	_	_	_	_	_	_
267-28	BOI029	267	28	questa	questa	_	_	_	_	_	linguistic	_	ContainsVariation=No	_	_	_	_	_	_
267-29	BOI029	267	29	situazione	situazione	_	_	_	_	_	linguistic	_	ContainsVariation=No	_	_	_	_	_	_
267-30	BOI029	267	30	umana	umana	_	_	_	_	_	linguistic	_	ContainsVariation=No	_	End=1166.35	_	_	_	_
268-0	BOR001	268	0	mhmh	mhmh	_	_	_	_	_	linguistic	_	ContainsVariation=No	_	Begin=1166.55|End=1166.857	_	_	_	_
269-0	BOI029	269	0	per	per	_	_	_	_	_	linguistic	_	ContainsVariation=No	_	Begin=1168.03	_	_	_	_
269-1	BOI029	269	1	cui	cui	_	_	_	_	_	linguistic	_	ContainsVariation=No	_	_	_	_	_	_
269-2	BOI029	269	2	secondo	secondo	_	_	_	_	_	linguistic	_	ContainsVariation=No	_	_	_	_	_	_
269-3	BOI029	269	3	me	me	_	_	_	_	_	linguistic	_	ContainsVariation=No	_	_	_	_	_	_
269-4	BOI029	269	4	>insomma<	insomma	_	_	_	_	_	linguistic	_	ContainsVariation=No	_	_	_	Fast=0-7(0)	_	_
269-5	BOI029	269	5	i	i	_	_	_	_	_	linguistic	_	ContainsVariation=No	_	_	_	_	_	_
269-6	BOI029	269	6	modi	modi	_	_	_	_	_	linguistic	_	ContainsVariation=No	_	_	_	_	_	_
269-7	BOI029	269	7	di	di	_	_	_	_	_	linguistic	_	ContainsVariation=No	_	_	_	_	_	_
269-8	BOI029	269	8	di	di	_	_	_	_	_	linguistic	_	ContainsVariation=No	_	_	_	_	_	_
269-9	BOI029	269	9	affrontare	affrontare	_	_	_	_	_	linguistic	_	ContainsVariation=No	_	_	_	_	_	_
269-10	BOI029	269	10	queste	queste	_	_	_	_	_	linguistic	_	ContainsVariation=No	_	_	_	_	_	_
269-11	BOI029	269	11	tematiche	tematiche	_	_	_	_	_	linguistic	_	ContainsVariation=No	_	_	_	_	_	_
269-12	BOI029	269	12	<non	non	_	_	_	_	_	linguistic	_	ContainsVariation=No	_	_	_	Slow=0-3(0)	_	_
269-13	BOI029	269	13	è	è	_	_	_	_	_	linguistic	_	ContainsVariation=No	_	_	_	Slow=0-1(0)	_	_
269-14	BOI029	269	14	detto>	detto	_	_	_	_	_	linguistic	_	ContainsVariation=No	_	_	_	Slow=0-5(0)	_	_
269-15	BOI029	269	15	che	che	_	_	_	_	_	linguistic	_	ContainsVariation=No	_	_	_	_	_	_
269-16	BOI029	269	16	per	per	_	_	_	_	_	linguistic	_	ContainsVariation=No	_	_	_	_	_	_
269-17	BOI029	269	17	forza	forza	_	_	_	_	_	linguistic	_	ContainsVariation=No	_	_	_	_	_	_
269-18	BOI029	269	18	uno	uno	_	_	_	_	_	linguistic	_	ContainsVariation=No	_	_	_	_	_	_
269-19	BOI029	269	19	debba	debba	_	_	_	_	_	linguistic	_	ContainsVariation=No	_	_	_	_	_	_
269-20	BOI029	269	20	dire	dire	_	_	_	_	_	linguistic	_	ContainsVariation=No	_	End=1174.99	_	_	_	_
270-0	BOI029	270	0	e	e	_	_	_	_	_	linguistic	_	ContainsVariation=No	_	Begin=1175.55	_	_	_	_
270-1	BOI029	270	1	questo	questo	_	_	_	_	_	linguistic	_	ContainsVariation=No	_	_	_	_	_	_
270-2	BOI029	270	2	e	e	_	_	_	_	_	linguistic	_	ContainsVariation=No	_	_	_	_	_	_
270-3	BOI029	270	3	questo	questo	_	_	_	_	_	linguistic	_	ContainsVariation=No	_	_	_	_	_	_
270-4	BOI029	270	4	e	e	_	_	_	_	_	linguistic	_	ContainsVariation=No	_	_	_	_	_	_
270-5	BOI029	270	5	quell'	quell'	_	_	_	_	_	linguistic	_	ContainsVariation=No	SpaceAfter=No	_	_	_	_	_
270-6	BOI029	270	6	altro	altro	_	_	_	_	_	linguistic	_	ContainsVariation=No	_	_	_	_	_	_
270-7	BOI029	270	7	e	e	_	_	_	_	_	linguistic	_	ContainsVariation=No	_	_	_	_	_	_
270-8	BOI029	270	8	quell'	quell'	_	_	_	_	_	linguistic	_	ContainsVariation=No	SpaceAfter=No	_	_	_	_	_
270-9	BOI029	270	9	altro	altro	_	_	_	_	_	linguistic	_	ContainsVariation=No	_	_	_	_	_	_
270-10	BOI029	270	10	certo	certo	_	_	_	_	_	linguistic	_	ContainsVariation=No	_	_	_	_	_	_
270-11	BOI029	270	11	lo	lo	_	_	_	_	_	linguistic	_	ContainsVariation=No	_	_	_	_	_	_
270-12	BOI029	270	12	scoppio	scoppio	_	_	_	_	_	linguistic	_	ContainsVariation=No	_	_	_	_	_	_
270-13	BOI029	270	13	della	della	_	_	_	_	_	linguistic	_	ContainsVariation=No	_	_	_	_	_	_
270-14	BOI029	270	14	guerra,	guerra	_	_	_	_	_	linguistic	_	ContainsVariation=No	Intonation=WeaklyRising	_	_	_	_	_
270-15	BOI029	270	15	i	i	_	_	_	_	_	linguistic	_	ContainsVariation=No	_	_	_	_	_	_
270-16	BOI029	270	16	movimenti	movimenti	_	_	_	_	_	linguistic	_	ContainsVariation=No	_	_	_	_	_	_
270-17	BOI029	270	17	e	e	_	_	_	_	_	linguistic	_	ContainsVariation=No	_	_	_	_	_	_
270-18	BOI029	270	18	l'	l'	_	_	_	_	_	linguistic	_	ContainsVariation=No	SpaceAfter=No	_	_	_	_	_
270-19	BOI029	270	19	otto	otto	_	_	_	_	_	linguistic	_	ContainsVariation=No	_	_	_	_	_	_
270-20	BOI029	270	20	settembre	settembre	_	_	_	_	_	linguistic	_	ContainsVariation=No	_	_	_	_	_	_
270-21	BOI029	270	21	alcune	alcune	_	_	_	_	_	linguistic	_	ContainsVariation=No	_	_	_	_	_	_
270-22	BOI029	270	22	indicazioni	indicazioni	_	_	_	_	_	linguistic	_	ContainsVariation=No	_	_	_	_	_	_
270-23	BOI029	270	23	ma	ma	_	_	_	_	_	linguistic	_	ContainsVariation=No	_	_	_	_	_	_
270-24	BOI029	270	24	poi	poi	_	_	_	_	_	linguistic	_	ContainsVariation=No	_	End=1184.48	_	_	_	_
271-0	BOI029	271	0	e:h	eh	_	_	_	_	_	linguistic	_	ContainsVariation=No	_	Begin=1184.64	0x1	_	_	_
271-1	BOI029	271	1	son	son	_	_	_	_	_	linguistic	_	ContainsVariation=No	_	_	_	_	_	_
271-2	BOI029	271	2	sempre	sempre	_	_	_	_	_	linguistic	_	ContainsVariation=No	_	_	_	_	_	_
271-3	BOI029	271	3	situazioni	situazioni	_	_	_	_	_	linguistic	_	ContainsVariation=No	_	_	_	_	_	_
271-4	BOI029	271	4	in	in	_	_	_	_	_	linguistic	_	ContainsVariation=No	_	_	_	_	_	_
271-5	BOI029	271	5	cui	cui	_	_	_	_	_	linguistic	_	ContainsVariation=No	PauseAfter=Yes	_	_	_	_	_
271-6	BOI029	271	6	(.)	(.)	_	_	_	_	_	shortpause	_	ContainsVariation=No	_	_	_	_	_	_
271-7	BOI029	271	7	e::h	eh	_	_	_	_	_	linguistic	_	ContainsVariation=No	_	_	0x2	_	_	_
271-8	BOI029	271	8	diciamo	diciamo	_	_	_	_	_	linguistic	_	ContainsVariation=No	_	_	_	_	_	_
271-9	BOI029	271	9	<gli	gli	_	_	_	_	_	linguistic	_	ContainsVariation=No	_	_	_	Slow=0-3(0)	_	_
271-10	BOI029	271	10	avvenimenti>	avvenimenti	_	_	_	_	_	linguistic	_	ContainsVariation=No	_	_	_	Slow=0-11(0)	_	_
271-11	BOI029	271	11	dei	dei	_	_	_	_	_	linguistic	_	ContainsVariation=No	_	_	_	_	_	_
271-12	BOI029	271	12	libri	libri	_	_	_	_	_	linguistic	_	ContainsVariation=No	_	_	_	_	_	_
271-13	BOI029	271	13	di	di	_	_	_	_	_	linguistic	_	ContainsVariation=No	_	_	_	_	_	_
271-14	BOI029	271	14	storia	storia	_	_	_	_	_	linguistic	_	ContainsVariation=No	_	_	_	_	_	_
271-15	BOI029	271	15	forse	forse	_	_	_	_	_	linguistic	_	ContainsVariation=No	_	_	_	_	_	_
271-16	BOI029	271	16	sono	sono	_	_	_	_	_	linguistic	_	ContainsVariation=No	_	_	_	_	_	_
271-17	BOI029	271	17	la	la	_	_	_	_	_	linguistic	_	ContainsVariation=No	_	_	_	_	_	_
271-18	BOI029	271	18	cosa	cosa	_	_	_	_	_	linguistic	_	ContainsVariation=No	_	_	_	_	_	_
271-19	BOI029	271	19	meno	meno	_	_	_	_	_	linguistic	_	ContainsVariation=No	_	_	_	_	_	_
271-20	BOI029	271	20	importante	importante	_	_	_	_	_	linguistic	_	ContainsVariation=No	_	End=1194.89	_	_	_	_
272-0	BOR001	272	0	mh	mh	_	_	_	_	_	linguistic	_	ContainsVariation=No	PauseAfter=Yes	Begin=1195.25	_	_	_	_
272-1	BOR001	272	1	(.)	(.)	_	_	_	_	_	shortpause	_	ContainsVariation=No	_	_	_	_	_	_
272-2	BOR001	272	2	sì	sì	_	_	_	_	_	linguistic	_	ContainsVariation=No	_	_	_	_	_	_
272-3	BOR001	272	3	probabilmente	probabilmente	_	_	_	_	_	linguistic	_	ContainsVariation=No	_	_	_	_	_	_
272-4	BOR001	272	4	sì	sì	_	_	_	_	_	linguistic	_	ContainsVariation=No	_	End=1197.938	_	_	_	_
273-0	BOR001	273	0	e~	e~	_	_	_	_	_	linguistic	_	ContainsVariation=No	Interrupted=Yes	Begin=1198.16	_	_	_	_
273-1	BOR001	273	1	e	e	_	_	_	_	_	linguistic	_	ContainsVariation=No	_	_	_	_	_	_
273-2	BOR001	273	2	il	il	_	_	_	_	_	linguistic	_	ContainsVariation=No	_	_	_	_	_	_
273-3	BOR001	273	3	eh	eh	_	_	_	_	_	linguistic	_	ContainsVariation=No	_	_	_	_	_	_
273-4	BOR001	273	4	>cioè<	cioè	_	_	_	_	_	linguistic	_	ContainsVariation=No	_	_	_	Fast=0-4(0)	_	_
273-5	BOR001	273	5	le	le	_	_	_	_	_	linguistic	_	ContainsVariation=No	_	_	_	_	_	_
273-6	BOR001	273	6	tappe	tappe	_	_	_	_	_	linguistic	_	ContainsVariation=No	_	_	_	_	_	_
273-7	BOR001	273	7	che	che	_	_	_	_	_	linguistic	_	ContainsVariation=No	_	_	_	_	_	_
273-8	BOR001	273	8	sono	sono	_	_	_	_	_	linguistic	_	ContainsVariation=No	_	_	_	_	_	_
273-9	BOR001	273	9	incluse	incluse	_	_	_	_	_	linguistic	_	ContainsVariation=No	_	_	_	_	_	_
273-10	BOR001	273	10	poi	poi	_	_	_	_	_	linguistic	_	ContainsVariation=No	_	_	_	_	_	_
273-11	BOR001	273	11	nel	nel	_	_	_	_	_	linguistic	_	ContainsVariation=No	_	_	_	_	_	_
273-12	BOR001	273	12	percorso:	percorso	_	_	_	_	_	linguistic	_	ContainsVariation=No	PauseAfter=Yes	_	7x1	_	_	_
273-13	BOR001	273	13	(.)	(.)	_	_	_	_	_	shortpause	_	ContainsVariation=No	_	_	_	_	_	_
273-14	BOR001	273	14	che	che	_	_	_	_	_	linguistic	_	ContainsVariation=No	_	_	_	_	_	_
273-15	BOR001	273	15	farete:?	farete	_	_	_	_	_	linguistic	_	ContainsVariation=No	Intonation=Rising	End=1203.92	5x1	_	_	_
274-0	BOI029	274	0	allora	allora	_	_	_	_	_	linguistic	_	ContainsVariation=No	_	Begin=1204.05	_	_	_	_
274-1	BOI029	274	1	<le	le	_	_	_	_	_	linguistic	_	ContainsVariation=No	_	_	_	Slow=0-2(0)	_	_
274-2	BOI029	274	2	tappe>	tappe	_	_	_	_	_	linguistic	_	ContainsVariation=No	_	_	_	Slow=0-5(0)	_	_
274-3	BOI029	274	3	ne	ne	_	_	_	_	_	linguistic	_	ContainsVariation=No	_	_	_	_	_	_
274-4	BOI029	274	4	parlavo	parlavo	_	_	_	_	_	linguistic	_	ContainsVariation=No	_	_	_	_	_	_
274-5	BOI029	274	5	con	con	_	_	_	_	_	linguistic	_	ContainsVariation=No	_	_	_	_	_	_
274-6	BOI029	274	6	umberto	umberto	_	_	_	_	_	linguistic	_	ContainsVariation=No	_	End=1207.62	_	_	_	_
275-0	BOI029	275	0	non	non	_	_	_	_	_	linguistic	_	ContainsVariation=No	_	Begin=1207.88	_	_	_	_
275-1	BOI029	275	1	f~	f~	_	_	_	_	_	linguistic	_	ContainsVariation=No	Interrupted=Yes	_	_	_	_	_
275-2	BOI029	275	2	mh	mh	_	_	_	_	_	linguistic	_	ContainsVariation=No	_	_	_	_	_	_
275-3	BOI029	275	3	cioè	cioè	_	_	_	_	_	linguistic	_	ContainsVariation=No	_	_	_	_	_	_
275-4	BOI029	275	4	credo	credo	_	_	_	_	_	linguistic	_	ContainsVariation=No	_	_	_	_	_	_
275-5	BOI029	275	5	che	che	_	_	_	_	_	linguistic	_	ContainsVariation=No	_	_	_	_	_	_
275-6	BOI029	275	6	a	a	_	_	_	_	_	linguistic	_	ContainsVariation=No	_	_	_	_	_	_
275-7	BOI029	275	7	bologna	bologna	_	_	_	_	_	linguistic	_	ContainsVariation=No	_	_	_	_	_	_
275-8	BOI029	275	8	siano	siano	_	_	_	_	_	linguistic	_	ContainsVariation=No	_	_	_	_	_	_
275-9	BOI029	275	9	quattro	quattro	_	_	_	_	_	linguistic	_	ContainsVariation=No	_	_	_	_	_	_
275-10	BOI029	275	10	o	o	_	_	_	_	_	linguistic	_	ContainsVariation=No	_	_	_	_	_	_
275-11	BOI029	275	11	cinque	cinque	_	_	_	_	_	linguistic	_	ContainsVariation=No	_	_	_	_	_	_
275-12	BOI029	275	12	le	le	_	_	_	_	_	linguistic	_	ContainsVariation=No	_	_	_	_	_	_
275-13	BOI029	275	13	pietre	pietre	_	_	_	_	_	linguistic	_	ContainsVariation=No	_	_	_	_	_	_
275-14	BOI029	275	14	di	di	_	_	_	_	_	linguistic	_	ContainsVariation=No	_	_	_	_	_	_
275-15	BOI029	275	15	inciampo	inciampo	_	_	_	_	_	linguistic	_	ContainsVariation=No	_	_	_	_	_	_
275-16	BOI029	275	16	un	un	_	_	_	_	_	linguistic	_	ContainsVariation=No	_	_	_	_	_	_
275-17	BOI029	275	17	po'	po'	_	_	_	_	_	linguistic	_	ContainsVariation=No	_	_	_	_	_	_
275-18	BOI029	275	18	dislocate	dislocate	_	_	_	_	_	linguistic	_	ContainsVariation=No	_	_	_	_	_	_
275-19	BOI029	275	19	in	in	_	_	_	_	_	linguistic	_	ContainsVariation=No	_	_	_	_	_	_
275-20	BOI029	275	20	maniera	maniera	_	_	_	_	_	linguistic	_	ContainsVariation=No	PauseAfter=Yes	_	_	_	_	_
275-21	BOI029	275	21	(.)	(.)	_	_	_	_	_	shortpause	_	ContainsVariation=No	_	_	_	_	_	_
275-22	BOI029	275	22	eh	eh	_	_	_	_	_	linguistic	_	ContainsVariation=No	_	_	_	_	_	_
275-23	BOI029	275	23	VARIA	varia	_	_	_	_	_	linguistic	_	ContainsVariation=No	Volume=high	End=1216.01	_	_	_	_
276-0	BOI029	276	0	e:h	eh	_	_	_	_	_	linguistic	_	ContainsVariation=No	_	Begin=1216.48	0x1	_	_	_
276-1	BOI029	276	1	per	per	_	_	_	_	_	linguistic	_	ContainsVariation=No	_	_	_	_	_	_
276-2	BOI029	276	2	cui	cui	_	_	_	_	_	linguistic	_	ContainsVariation=No	_	_	_	_	_	_
276-3	BOI029	276	3	non	non	_	_	_	_	_	linguistic	_	ContainsVariation=No	_	_	_	_	_	_
276-4	BOI029	276	4	le	le	_	_	_	_	_	linguistic	_	ContainsVariation=No	_	_	_	_	_	_
276-5	BOI029	276	5	faremo	faremo	_	_	_	_	_	linguistic	_	ContainsVariation=No	_	_	_	_	_	_
276-6	BOI029	276	6	tutte	tutte	_	_	_	_	_	linguistic	_	ContainsVariation=No	_	End=1218.49	_	_	_	_
277-0	BOI029	277	0	pe[rché]	perché	_	_	_	_	_	linguistic	_	ContainsVariation=No	_	Begin=1218.64	_	_	_	2-6(51)
277-1	BOI029	277	1	ha	ha	_	_	_	_	_	linguistic	_	ContainsVariation=No	_	_	_	_	_	_
277-2	BOI029	277	2	provato	provato	_	_	_	_	_	linguistic	_	ContainsVariation=No	_	_	_	_	_	_
277-3	BOI029	277	3	a	a	_	_	_	_	_	linguistic	_	ContainsVariation=No	_	_	_	_	_	_
277-4	BOI029	277	4	farle	farle	_	_	_	_	_	linguistic	_	ContainsVariation=No	_	_	_	_	_	_
277-5	BOI029	277	5	ma	ma	_	_	_	_	_	linguistic	_	ContainsVariation=No	_	_	_	_	_	_
277-6	BOI029	277	6	diventa	diventa	_	_	_	_	_	linguistic	_	ContainsVariation=No	_	_	_	_	_	_
277-7	BOI029	277	7	un	un	_	_	_	_	_	linguistic	_	ContainsVariation=No	_	_	_	_	_	_
277-8	BOI029	277	8	percorso	percorso	_	_	_	_	_	linguistic	_	ContainsVariation=No	_	_	_	_	_	_
277-9	BOI029	277	9	eccessivamente	eccessivamente	_	_	_	_	_	linguistic	_	ContainsVariation=No	_	_	_	_	_	_
277-10	BOI029	277	10	lungo	lungo	_	_	_	_	_	linguistic	_	ContainsVariation=No	_	End=1222.41	_	_	_	_
278-0	BOR001	278	0	[mhmh]	mhmh	_	_	_	_	_	linguistic	_	ContainsVariation=No	_	Begin=1218.76|End=1219.053	_	_	_	0-4(51)
279-0	BOI029	279	0	°non	non	_	_	_	_	_	linguistic	_	ContainsVariation=No	Volume=low	Begin=1223.17	_	_	_	_
279-1	BOI029	279	1	so	so	_	_	_	_	_	linguistic	_	ContainsVariation=No	Volume=low	_	_	_	_	_
279-2	BOI029	279	2	cosa	cosa	_	_	_	_	_	linguistic	_	ContainsVariation=No	Volume=low	_	_	_	_	_
279-3	BOI029	279	3	sia	sia	_	_	_	_	_	linguistic	_	ContainsVariation=No	Volume=low	_	_	_	_	_
279-4	BOI029	279	4	successo°	successo	_	_	_	_	_	linguistic	_	ContainsVariation=No	Volume=low	End=1224.258	_	_	_	_
280-0	BOI029	280	0	ehm	ehm	_	_	_	_	_	linguistic	_	ContainsVariation=No	PauseAfter=Yes	Begin=1224.83	_	_	_	_
280-1	BOI029	280	1	(.)	(.)	_	_	_	_	_	shortpause	_	ContainsVariation=No	_	_	_	_	_	_
280-2	BOI029	280	2	per	per	_	_	_	_	_	linguistic	_	ContainsVariation=No	_	_	_	_	_	_
280-3	BOI029	280	3	cui	cui	_	_	_	_	_	linguistic	_	ContainsVariation=No	_	_	_	_	_	_
280-4	BOI029	280	4	faremo	faremo	_	_	_	_	_	linguistic	_	ContainsVariation=No	_	_	_	_	_	_
280-5	BOI029	280	5	tre	tre	_	_	_	_	_	linguistic	_	ContainsVariation=No	_	_	_	_	_	_
280-6	BOI029	280	6	pietre	pietre	_	_	_	_	_	linguistic	_	ContainsVariation=No	_	_	_	_	_	_
280-7	BOI029	280	7	di	di	_	_	_	_	_	linguistic	_	ContainsVariation=No	_	_	_	_	_	_
280-8	BOI029	280	8	inciampo,	inciampo	_	_	_	_	_	linguistic	_	ContainsVariation=No	Intonation=WeaklyRising	End=1229.17	_	_	_	_
281-0	BOI029	281	0	andremo	andremo	_	_	_	_	_	linguistic	_	ContainsVariation=No	_	Begin=1229.29	_	_	_	_
281-1	BOI029	281	1	alla	alla	_	_	_	_	_	linguistic	_	ContainsVariation=No	_	_	_	_	_	_
281-2	BOI029	281	2	scuoletta	scuoletta	_	_	_	_	_	linguistic	_	ContainsVariation=No	_	_	_	_	_	_
281-3	BOI029	281	3	ebraica	ebraica	_	_	_	_	_	linguistic	_	ContainsVariation=No	_	_	_	_	_	_
281-4	BOI029	281	4	che	che	_	_	_	_	_	linguistic	_	ContainsVariation=No	_	_	_	_	_	_
281-5	BOI029	281	5	è	è	_	_	_	_	_	linguistic	_	ContainsVariation=No	_	_	_	_	_	_
281-6	BOI029	281	6	[qua	qua	_	_	_	_	_	linguistic	_	ContainsVariation=No	_	_	_	_	_	0-3(52)
281-7	BOI029	281	7	vici]no,	vicino	_	_	_	_	_	linguistic	_	ContainsVariation=No	Intonation=WeaklyRising	End=1231.92	_	_	_	0-4(52)
282-0	BOR001	282	0	[°ah	ah	_	_	_	_	_	linguistic	_	ContainsVariation=No	Volume=low	Begin=1231.17	_	_	_	0-2(52)
282-1	BOR001	282	1	sì°]	sì	_	_	_	_	_	linguistic	_	ContainsVariation=No	Volume=low	End=1231.64	_	_	_	0-2(52)
283-0	BOI029	283	0	e	e	_	_	_	_	_	linguistic	_	ContainsVariation=No	_	Begin=1232.47	_	_	_	_
283-1	BOI029	283	1	poi	poi	_	_	_	_	_	linguistic	_	ContainsVariation=No	_	_	_	_	_	_
283-2	BOI029	283	2	dopo	dopo	_	_	_	_	_	linguistic	_	ContainsVariation=No	_	_	_	_	_	_
283-3	BOI029	283	3	e:hm	ehm	_	_	_	_	_	linguistic	_	ContainsVariation=No	_	_	0x1	_	_	_
283-4	BOI029	283	4	andremo	andremo	_	_	_	_	_	linguistic	_	ContainsVariation=No	_	_	_	_	_	_
283-5	BOI029	283	5	al~	al~	_	_	_	_	_	linguistic	_	ContainsVariation=No	Interrupted=Yes	_	_	_	_	_
283-6	BOI029	283	6	al	al	_	_	_	_	_	linguistic	_	ContainsVariation=No	_	_	_	_	_	_
283-7	BOI029	283	7	triangolo	triangolo	_	_	_	_	_	linguistic	_	ContainsVariation=No	_	_	_	_	_	_
283-8	BOI029	283	8	rosa	rosa	_	_	_	_	_	linguistic	_	ContainsVariation=No	_	_	_	_	_	_
283-9	BOI029	283	9	dentro	dentro	_	_	_	_	_	linguistic	_	ContainsVariation=No	_	_	_	_	_	_
283-10	BOI029	283	10	il	il	_	_	_	_	_	linguistic	_	ContainsVariation=No	_	_	_	_	_	_
283-11	BOI029	283	11	giardinetto	giardinetto	_	_	_	_	_	linguistic	_	ContainsVariation=No	_	End=1239.17	_	_	_	_
284-0	BOI029	284	0	quindi	quindi	_	_	_	_	_	linguistic	_	ContainsVariation=No	_	Begin=1239.516	_	_	_	_
284-1	BOI029	284	1	sostanzialmente	sostanzialmente	_	_	_	_	_	linguistic	_	ContainsVariation=No	_	_	_	_	_	_
284-2	BOI029	284	2	faremo	faremo	_	_	_	_	_	linguistic	_	ContainsVariation=No	_	_	_	_	_	_
284-3	BOI029	284	3	eh	eh	_	_	_	_	_	linguistic	_	ContainsVariation=No	_	_	_	_	_	_
284-4	BOI029	284	4	un	un	_	_	_	_	_	linguistic	_	ContainsVariation=No	_	_	_	_	_	_
284-5	BOI029	284	5	discorso	discorso	_	_	_	_	_	linguistic	_	ContainsVariation=No	_	_	_	_	_	_
284-6	BOI029	284	6	sulle	sulle	_	_	_	_	_	linguistic	_	ContainsVariation=No	_	_	_	_	_	_
284-7	BOI029	284	7	vittime	vittime	_	_	_	_	_	linguistic	_	ContainsVariation=No	_	_	_	_	_	_
284-8	BOI029	284	8	della	della	_	_	_	_	_	linguistic	_	ContainsVariation=No	_	_	_	_	_	_
284-9	BOI029	284	9	discriminazione	discriminazione	_	_	_	_	_	linguistic	_	ContainsVariation=No	_	_	_	_	_	_
284-10	BOI029	284	10	razziale	razziale	_	_	_	_	_	linguistic	_	ContainsVariation=No	_	_	_	_	_	_
284-11	BOI029	284	11	ecco	ecco	_	_	_	_	_	linguistic	_	ContainsVariation=No	_	End=1245.95	_	_	_	_
285-0	BOR001	285	0	sì	sì	_	_	_	_	_	linguistic	_	ContainsVariation=No	_	Begin=1246.0|End=1246.258	_	_	_	_
286-0	BOR001	286	0	sì	sì	_	_	_	_	_	linguistic	_	ContainsVariation=No	_	Begin=1246.97	_	_	_	_
286-1	BOR001	286	1	sì	sì	_	_	_	_	_	linguistic	_	ContainsVariation=No	_	End=1247.37	_	_	_	_
287-0	BOR001	287	0	sì	sì	_	_	_	_	_	linguistic	_	ContainsVariation=No	_	Begin=1248.135	_	_	_	_
287-1	BOR001	287	1	a	a	_	_	_	_	_	linguistic	_	ContainsVariation=No	_	_	_	_	_	_
287-2	BOR001	287	2	questo	questo	_	_	_	_	_	linguistic	_	ContainsVariation=No	_	_	_	_	_	_
287-3	BOR001	287	3	proposito	proposito	_	_	_	_	_	linguistic	_	ContainsVariation=No	_	_	_	_	_	_
287-4	BOR001	287	4	eh	eh	_	_	_	_	_	linguistic	_	ContainsVariation=No	_	_	_	_	_	_
287-5	BOR001	287	5	la	la	_	_	_	_	_	linguistic	_	ContainsVariation=No	_	_	_	_	_	_
287-6	BOR001	287	6	scorsa	scorsa	_	_	_	_	_	linguistic	_	ContainsVariation=No	_	_	_	_	_	_
287-7	BOR001	287	7	settimana	settimana	_	_	_	_	_	linguistic	_	ContainsVariation=No	_	_	_	_	_	_
287-8	BOR001	287	8	ho	ho	_	_	_	_	_	linguistic	_	ContainsVariation=No	_	_	_	_	_	_
287-9	BOR001	287	9	intervistato	intervistato	_	_	_	_	_	linguistic	_	ContainsVariation=No	PauseAfter=Yes	_	_	_	_	_
287-10	BOR001	287	10	(.)	(.)	_	_	_	_	_	shortpause	_	ContainsVariation=No	_	_	_	_	_	_
287-11	BOR001	287	11	ehm	ehm	_	_	_	_	_	linguistic	_	ContainsVariation=No	_	_	_	_	_	_
287-12	BOR001	287	12	rossi	rossi	_	_	_	_	_	linguistic	_	ContainsVariation=No	_	End=1254.52	_	_	_	_
288-0	BOI029	288	0	mhmh,	mhmh	_	_	_	_	_	linguistic	_	ContainsVariation=No	Intonation=WeaklyRising	Begin=1254.54|End=1255.03	_	_	_	_
289-0	BOR001	289	0	marco	marco	_	_	_	_	_	linguistic	_	ContainsVariation=No	_	Begin=1255.07	_	_	_	_
289-1	BOR001	289	1	mi	mi	_	_	_	_	_	linguistic	_	ContainsVariation=No	_	_	_	_	_	_
289-2	BOR001	289	2	mi	mi	_	_	_	_	_	linguistic	_	ContainsVariation=No	_	_	_	_	_	_
289-3	BOR001	289	3	pare	pare	_	_	_	_	_	linguistic	_	ContainsVariation=No	_	_	_	_	_	_
289-4	BOR001	289	4	non	non	_	_	_	_	_	linguistic	_	ContainsVariation=No	_	_	_	_	_	_
289-5	BOR001	289	5	sono	sono	_	_	_	_	_	linguistic	_	ContainsVariation=No	_	_	_	_	_	_
289-6	BOR001	289	6	sicura	sicura	_	_	_	_	_	linguistic	_	ContainsVariation=No	_	_	_	_	_	_
289-7	BOR001	289	7	del	del	_	_	_	_	_	linguistic	_	ContainsVariation=No	_	_	_	_	_	_
289-8	BOR001	289	8	nome	nome	_	_	_	_	_	linguistic	_	ContainsVariation=No	_	_	_	_	_	_
289-9	BOR001	289	9	comunque	comunque	_	_	_	_	_	linguistic	_	ContainsVariation=No	_	_	_	_	_	_
289-10	BOR001	289	10	((ride))	((ride))	_	_	_	_	_	nonverbalbehavior	_	ContainsVariation=No	_	_	_	_	_	_
289-11	BOR001	289	11	figlio	figlio	_	_	_	_	_	linguistic	_	ContainsVariation=No	_	_	_	_	_	_
289-12	BOR001	289	12	di	di	_	_	_	_	_	linguistic	_	ContainsVariation=No	_	_	_	_	_	_
289-13	BOR001	289	13	lorenzo	lorenzo	_	_	_	_	_	linguistic	_	ContainsVariation=No	_	_	_	_	_	_
289-14	BOR001	289	14	[rossi]	rossi	_	_	_	_	_	linguistic	_	ContainsVariation=No	_	_	_	_	_	0-5(53)
289-15	BOR001	289	15	amico	amico	_	_	_	_	_	linguistic	_	ContainsVariation=No	_	_	_	_	_	_
289-16	BOR001	289	16	di	di	_	_	_	_	_	linguistic	_	ContainsVariation=No	_	_	_	_	_	_
289-17	BOR001	289	17	arpad	arpad	_	_	_	_	_	linguistic	_	ContainsVariation=No	_	_	_	_	_	_
289-18	BOR001	289	18	[weiss]	weiss	_	_	_	_	_	linguistic	_	ContainsVariation=No	_	End=1262.56	_	_	_	0-5(54)
290-0	BOI029	290	0	[sì]	sì	_	_	_	_	_	linguistic	_	ContainsVariation=No	_	Begin=1259.97|End=1260.28	_	_	_	0-2(53)
291-0	BOI029	291	0	[sì]	sì	_	_	_	_	_	linguistic	_	ContainsVariation=No	_	Begin=1261.95|End=1262.26	_	_	_	0-2(54)
292-0	BOR001	292	0	e:	e	_	_	_	_	_	linguistic	_	ContainsVariation=No	_	Begin=1262.72	0x1	_	_	_
292-1	BOR001	292	1	ci	ci	_	_	_	_	_	linguistic	_	ContainsVariation=No	_	_	_	_	_	_
292-2	BOR001	292	2	ha~	ha~	_	_	_	_	_	linguistic	_	ContainsVariation=No	Interrupted=Yes	_	_	_	_	_
292-3	BOR001	292	3	mi	mi	_	_	_	_	_	linguistic	_	ContainsVariation=No	_	_	_	_	_	_
292-4	BOR001	292	4	ha	ha	_	_	_	_	_	linguistic	_	ContainsVariation=No	_	_	_	_	_	_
292-5	BOR001	292	5	lasciato	lasciato	_	_	_	_	_	linguistic	_	ContainsVariation=No	_	_	_	_	_	_
292-6	BOR001	292	6	anche:	anche	_	_	_	_	_	linguistic	_	ContainsVariation=No	_	_	4x1	_	_	_
292-7	BOR001	292	7	la:	la	_	_	_	_	_	linguistic	_	ContainsVariation=No	_	_	1x1	_	_	_
292-8	BOR001	292	8	la	la	_	_	_	_	_	linguistic	_	ContainsVariation=No	_	_	_	_	_	_
292-9	BOR001	292	9	foto	foto	_	_	_	_	_	linguistic	_	ContainsVariation=No	_	_	_	_	_	_
292-10	BOR001	292	10	di	di	_	_	_	_	_	linguistic	_	ContainsVariation=No	_	_	_	_	_	_
292-11	BOR001	292	11	suo	suo	_	_	_	_	_	linguistic	_	ContainsVariation=No	_	_	_	_	_	_
292-12	BOR001	292	12	padre	padre	_	_	_	_	_	linguistic	_	ContainsVariation=No	_	End=1267.7	_	_	_	_
293-0	BOR001	293	0	coi	coi	_	_	_	_	_	linguistic	_	ContainsVariation=No	_	Begin=1268.09	_	_	_	_
293-1	BOR001	293	1	fi[gli:	figli	_	_	_	_	_	linguistic	_	ContainsVariation=No	_	_	4x1	_	_	2-5(55)
293-2	BOR001	293	2	di	di	_	_	_	_	_	linguistic	_	ContainsVariation=No	_	_	_	_	_	0-2(55)
293-3	BOR001	293	3	weiss]	weiss	_	_	_	_	_	linguistic	_	ContainsVariation=No	_	End=1269.75	_	_	_	0-5(55)
294-0	BOI029	294	0	[mhmhmh	mhmhmh	_	_	_	_	_	linguistic	_	ContainsVariation=No	_	Begin=1268.625	_	_	_	0-6(55)
294-1	BOI029	294	1	sì	sì	_	_	_	_	_	linguistic	_	ContainsVariation=No	_	_	_	_	_	0-2(55)
294-2	BOI029	294	2	che]	che	_	_	_	_	_	linguistic	_	ContainsVariation=No	_	_	_	_	_	0-3(55)
294-3	BOI029	294	3	è	è	_	_	_	_	_	linguistic	_	ContainsVariation=No	_	_	_	_	_	_
294-4	BOI029	294	4	quella	quella	_	_	_	_	_	linguistic	_	ContainsVariation=No	_	_	_	_	_	_
294-5	BOI029	294	5	sulla:	sulla	_	_	_	_	_	linguistic	_	ContainsVariation=No	_	_	4x1	_	_	_
294-6	BOI029	294	6	che	che	_	_	_	_	_	linguistic	_	ContainsVariation=No	_	_	_	_	_	_
294-7	BOI029	294	7	è	è	_	_	_	_	_	linguistic	_	ContainsVariation=No	_	_	_	_	_	_
294-8	BOI029	294	8	sulla:	sulla	_	_	_	_	_	linguistic	_	ContainsVariation=No	_	_	4x1	_	_	_
294-9	BOI029	294	9	mh	mh	_	_	_	_	_	linguistic	_	ContainsVariation=No	_	_	_	_	_	_
294-10	BOI029	294	10	sullo	sullo	_	_	_	_	_	linguistic	_	ContainsVariation=No	_	_	_	_	_	_
294-11	BOI029	294	11	stabile	stabile	_	_	_	_	_	linguistic	_	ContainsVariation=No	_	End=1273.23	_	_	_	_
295-0	BOR001	295	0	esatto	esatto	_	_	_	_	_	linguistic	_	ContainsVariation=No	_	Begin=1273.36	_	_	_	_
295-1	BOR001	295	1	e:	e	_	_	_	_	_	linguistic	_	ContainsVariation=No	PauseAfter=Yes	_	0x1	_	_	_
295-2	BOR001	295	2	(.)	(.)	_	_	_	_	_	shortpause	_	ContainsVariation=No	_	_	_	_	_	_
295-3	BOR001	295	3	e	e	_	_	_	_	_	linguistic	_	ContainsVariation=No	_	_	_	_	_	_
295-4	BOR001	295	4	anche:	anche	_	_	_	_	_	linguistic	_	ContainsVariation=No	_	_	4x1	_	_	_
295-5	BOR001	295	5	in	in	_	_	_	_	_	linguistic	_	ContainsVariation=No	_	_	_	_	_	_
295-6	BOR001	295	6	quell'	quell'	_	_	_	_	_	linguistic	_	ContainsVariation=No	SpaceAfter=No	_	_	_	_	_
295-7	BOR001	295	7	ora	ora	_	_	_	_	_	linguistic	_	ContainsVariation=No	_	_	_	_	_	_
295-8	BOR001	295	8	insomma	insomma	_	_	_	_	_	linguistic	_	ContainsVariation=No	_	_	_	_	_	_
295-9	BOR001	295	9	in	in	_	_	_	_	_	linguistic	_	ContainsVariation=No	_	_	_	_	_	_
295-10	BOR001	295	10	cui	cui	_	_	_	_	_	linguistic	_	ContainsVariation=No	_	_	_	_	_	_
295-11	BOR001	295	11	abbiamo	abbiamo	_	_	_	_	_	linguistic	_	ContainsVariation=No	_	_	_	_	_	_
295-12	BOR001	295	12	parlato	parlato	_	_	_	_	_	linguistic	_	ContainsVariation=No	_	_	_	_	_	_
295-13	BOR001	295	13	con	con	_	_	_	_	_	linguistic	_	ContainsVariation=No	_	_	_	_	_	_
295-14	BOR001	295	14	lui	lui	_	_	_	_	_	linguistic	_	ContainsVariation=No	_	_	_	_	_	_
295-15	BOR001	295	15	nonostante	nonostante	_	_	_	_	_	linguistic	_	ContainsVariation=No	_	_	_	_	_	_
295-16	BOR001	295	16	non	non	_	_	_	_	_	linguistic	_	ContainsVariation=No	_	_	_	_	_	_
295-17	BOR001	295	17	sapesse	sapesse	_	_	_	_	_	linguistic	_	ContainsVariation=No	_	_	_	_	_	_
295-18	BOR001	295	18	tant~	tant~	_	_	_	_	_	linguistic	_	ContainsVariation=No	Interrupted=Yes	End=1281.36	_	_	_	_
296-0	BOR001	296	0	tanti~	tanti~	_	_	_	_	_	linguistic	_	ContainsVariation=No	Interrupted=Yes	Begin=1282.053	_	_	_	_
296-1	BOR001	296	1	nel	nel	_	_	_	_	_	linguistic	_	ContainsVariation=No	_	_	_	_	_	_
296-2	BOR001	296	2	senso	senso	_	_	_	_	_	linguistic	_	ContainsVariation=No	_	_	_	_	_	_
296-3	BOR001	296	3	che	che	_	_	_	_	_	linguistic	_	ContainsVariation=No	_	_	_	_	_	_
296-4	BOR001	296	4	è	è	_	_	_	_	_	linguistic	_	ContainsVariation=No	_	_	_	_	_	_
296-5	BOR001	296	5	un	un	_	_	_	_	_	linguistic	_	ContainsVariation=No	_	_	_	_	_	_
296-6	BOR001	296	6	discorso	discorso	_	_	_	_	_	linguistic	_	ContainsVariation=No	_	_	_	_	_	_
296-7	BOR001	296	7	molto	molto	_	_	_	_	_	linguistic	_	ContainsVariation=No	_	_	_	_	_	_
296-8	BOR001	296	8	indiretto	indiretto	_	_	_	_	_	linguistic	_	ContainsVariation=No	_	_	_	_	_	_
296-9	BOR001	296	9	perché	perché	_	_	_	_	_	linguistic	_	ContainsVariation=No	_	_	_	_	_	_
296-10	BOR001	296	10	poi	poi	_	_	_	_	_	linguistic	_	ContainsVariation=No	_	_	_	_	_	_
296-11	BOR001	296	11	ci	ci	_	_	_	_	_	linguistic	_	ContainsVariation=No	_	_	_	_	_	_
296-12	BOR001	296	12	ha	ha	_	_	_	_	_	linguistic	_	ContainsVariation=No	_	_	_	_	_	_
296-13	BOR001	296	13	rivelato	rivelato	_	_	_	_	_	linguistic	_	ContainsVariation=No	_	_	_	_	_	_
296-14	BOR001	296	14	che	che	_	_	_	_	_	linguistic	_	ContainsVariation=No	_	_	_	_	_	_
296-15	BOR001	296	15	anche	anche	_	_	_	_	_	linguistic	_	ContainsVariation=No	_	_	_	_	_	_
296-16	BOR001	296	16	comunque	comunque	_	_	_	_	_	linguistic	_	ContainsVariation=No	_	_	_	_	_	_
296-17	BOR001	296	17	suo	suo	_	_	_	_	_	linguistic	_	ContainsVariation=No	_	_	_	_	_	_
296-18	BOR001	296	18	padre	padre	_	_	_	_	_	linguistic	_	ContainsVariation=No	_	End=1286.47	_	_	_	_
297-0	BOR001	297	0	ha	ha	_	_	_	_	_	linguistic	_	ContainsVariation=No	_	Begin=1287.69	_	_	_	_
297-1	BOR001	297	1	sempre:	sempre	_	_	_	_	_	linguistic	_	ContainsVariation=No	_	_	5x1	_	_	_
297-2	BOR001	297	2	mh	mh	_	_	_	_	_	linguistic	_	ContainsVariation=No	_	_	_	_	_	_
297-3	BOR001	297	3	accantonato	accantonato	_	_	_	_	_	linguistic	_	ContainsVariation=No	_	_	_	_	_	_
297-4	BOR001	297	4	questa	questa	_	_	_	_	_	linguistic	_	ContainsVariation=No	_	_	_	_	_	_
297-5	BOR001	297	5	storia	storia	_	_	_	_	_	linguistic	_	ContainsVariation=No	_	_	_	_	_	_
297-6	BOR001	297	6	cioè	cioè	_	_	_	_	_	linguistic	_	ContainsVariation=No	_	_	_	_	_	_
297-7	BOR001	297	7	la	la	_	_	_	_	_	linguistic	_	ContainsVariation=No	_	_	_	_	_	_
297-8	BOR001	297	8	teneva	teneva	_	_	_	_	_	linguistic	_	ContainsVariation=No	_	_	_	_	_	_
297-9	BOR001	297	9	dentro	dentro	_	_	_	_	_	linguistic	_	ContainsVariation=No	_	_	_	_	_	_
297-10	BOR001	297	10	di	di	_	_	_	_	_	linguistic	_	ContainsVariation=No	_	_	_	_	_	_
297-11	BOR001	297	11	sé:	sé	_	_	_	_	_	linguistic	_	ContainsVariation=No	_	_	1x1	_	_	_
297-12	BOR001	297	12	[e:]	e	_	_	_	_	_	linguistic	_	ContainsVariation=No	_	End=1292.98	0x1	_	_	0-1(56)
298-0	BOI029	298	0	[sì]	sì	_	_	_	_	_	linguistic	_	ContainsVariation=No	_	Begin=1292.7	_	_	_	0-2(56)
298-1	BOI029	298	1	anche	anche	_	_	_	_	_	linguistic	_	ContainsVariation=No	_	_	_	_	_	_
298-2	BOI029	298	2	perché	perché	_	_	_	_	_	linguistic	_	ContainsVariation=No	_	_	_	_	_	_
298-3	BOI029	298	3	molte	molte	_	_	_	_	_	linguistic	_	ContainsVariation=No	_	_	_	_	_	_
298-4	BOI029	298	4	volte	volte	_	_	_	_	_	linguistic	_	ContainsVariation=No	_	_	_	_	_	_
298-5	BOI029	298	5	sono	sono	_	_	_	_	_	linguistic	_	ContainsVariation=No	_	_	_	_	_	_
298-6	BOI029	298	6	storie	storie	_	_	_	_	_	linguistic	_	ContainsVariation=No	_	_	_	_	_	_
298-7	BOI029	298	7	come	come	_	_	_	_	_	linguistic	_	ContainsVariation=No	_	_	_	_	_	_
298-8	BOI029	298	8	detto~	detto~	_	_	_	_	_	linguistic	_	ContainsVariation=No	Interrupted=Yes	_	_	_	_	_
298-9	BOI029	298	9	diceva	diceva	_	_	_	_	_	linguistic	_	ContainsVariation=No	_	_	_	_	_	_
298-10	BOI029	298	10	anche	anche	_	_	_	_	_	linguistic	_	ContainsVariation=No	_	_	_	_	_	_
298-11	BOI029	298	11	la	la	_	_	_	_	_	linguistic	_	ContainsVariation=No	_	_	_	_	_	_
298-12	BOI029	298	12	segre	segre	_	_	_	_	_	linguistic	_	ContainsVariation=No	_	_	_	_	_	_
298-13	BOI029	298	13	in	in	_	_	_	_	_	linguistic	_	ContainsVariation=No	_	_	_	_	_	_
298-14	BOI029	298	14	questa	questa	_	_	_	_	_	linguistic	_	ContainsVariation=No	_	_	_	_	_	_
298-15	BOI029	298	15	intervista	intervista	_	_	_	_	_	linguistic	_	ContainsVariation=No	_	_	_	_	_	_
298-16	BOI029	298	16	che	che	_	_	_	_	_	linguistic	_	ContainsVariation=No	_	_	_	_	_	_
298-17	BOI029	298	17	poi	poi	_	_	_	_	_	linguistic	_	ContainsVariation=No	_	_	_	_	_	_
298-18	BOI029	298	18	era	era	_	_	_	_	_	linguistic	_	ContainsVariation=No	_	_	_	_	_	_
298-19	BOI029	298	19	una	una	_	_	_	_	_	linguistic	_	ContainsVariation=No	_	_	_	_	_	_
298-20	BOI029	298	20	riduzione	riduzione	_	_	_	_	_	linguistic	_	ContainsVariation=No	_	End=1299.92	_	_	_	_
299-0	BOI029	299	0	e:h	eh	_	_	_	_	_	linguistic	_	ContainsVariation=No	_	Begin=1300.09	0x1	_	_	_
299-1	BOI029	299	1	°nel	nel	_	_	_	_	_	linguistic	_	ContainsVariation=No	Volume=low	_	_	_	_	_
299-2	BOI029	299	2	senso	senso	_	_	_	_	_	linguistic	_	ContainsVariation=No	Volume=low	_	_	_	_	_
299-3	BOI029	299	3	che°	che	_	_	_	_	_	linguistic	_	ContainsVariation=No	Volume=low	_	_	_	_	_
299-4	BOI029	299	4	quella	quella	_	_	_	_	_	linguistic	_	ContainsVariation=No	_	_	_	_	_	_
299-5	BOI029	299	5	che	che	_	_	_	_	_	linguistic	_	ContainsVariation=No	_	_	_	_	_	_
299-6	BOI029	299	6	lei	lei	_	_	_	_	_	linguistic	_	ContainsVariation=No	_	_	_	_	_	_
299-7	BOI029	299	7	ha	ha	_	_	_	_	_	linguistic	_	ContainsVariation=No	_	_	_	_	_	_
299-8	BOI029	299	8	fatto	fatto	_	_	_	_	_	linguistic	_	ContainsVariation=No	_	_	_	_	_	_
299-9	BOI029	299	9	a:	a	_	_	_	_	_	linguistic	_	ContainsVariation=No	_	_	0x1	_	_	_
299-10	BOI029	299	10	de:i	dei	_	_	_	_	_	linguistic	_	ContainsVariation=No	_	_	1x1	_	_	_
299-11	BOI029	299	11	ragazzi	ragazzi	_	_	_	_	_	linguistic	_	ContainsVariation=No	_	End=1303.3	_	_	_	_
300-0	BOI029	300	0	come	come	_	_	_	_	_	linguistic	_	ContainsVariation=No	_	Begin=1303.99	_	_	_	_
300-1	BOI029	300	1	introduzione	introduzione	_	_	_	_	_	linguistic	_	ContainsVariation=No	_	_	_	_	_	_
300-2	BOI029	300	2	lei	lei	_	_	_	_	_	linguistic	_	ContainsVariation=No	_	_	_	_	_	_
300-3	BOI029	300	3	diceva	diceva	_	_	_	_	_	linguistic	_	ContainsVariation=No	_	_	_	_	_	_
300-4	BOI029	300	4	io	io	_	_	_	_	_	linguistic	_	ContainsVariation=No	_	_	_	_	_	_
300-5	BOI029	300	5	sono	sono	_	_	_	_	_	linguistic	_	ContainsVariation=No	_	_	_	_	_	_
300-6	BOI029	300	6	stata	stata	_	_	_	_	_	linguistic	_	ContainsVariation=No	_	_	_	_	_	_
300-7	BOI029	300	7	<decine	decine	_	_	_	_	_	linguistic	_	ContainsVariation=No	_	_	_	Slow=0-6(0)	_	_
300-8	BOI029	300	8	di	di	_	_	_	_	_	linguistic	_	ContainsVariation=No	_	_	_	Slow=0-2(0)	_	_
300-9	BOI029	300	9	anni>	anni	_	_	_	_	_	linguistic	_	ContainsVariation=No	_	_	_	Slow=0-4(0)	_	_
300-10	BOI029	300	10	senza	senza	_	_	_	_	_	linguistic	_	ContainsVariation=No	_	_	_	_	_	_
300-11	BOI029	300	11	voler	voler	_	_	_	_	_	linguistic	_	ContainsVariation=No	_	_	_	_	_	_
300-12	BOI029	300	12	dire	dire	_	_	_	_	_	linguistic	_	ContainsVariation=No	_	_	_	_	_	_
300-13	BOI029	300	13	una	una	_	_	_	_	_	linguistic	_	ContainsVariation=No	_	_	_	_	_	_
300-14	BOI029	300	14	parola	parola	_	_	_	_	_	linguistic	_	ContainsVariation=No	_	_	_	_	_	_
300-15	BOI029	300	15	su	su	_	_	_	_	_	linguistic	_	ContainsVariation=No	_	_	_	_	_	_
300-16	BOI029	300	16	queste	queste	_	_	_	_	_	linguistic	_	ContainsVariation=No	_	_	_	_	_	_
300-17	BOI029	300	17	cose	cose	_	_	_	_	_	linguistic	_	ContainsVariation=No	_	_	_	_	_	_
300-18	BOI029	300	18	perché	perché	_	_	_	_	_	linguistic	_	ContainsVariation=No	_	_	_	_	_	_
300-19	BOI029	300	19	poi	poi	_	_	_	_	_	linguistic	_	ContainsVariation=No	_	_	_	_	_	_
300-20	BOI029	300	20	molte	molte	_	_	_	_	_	linguistic	_	ContainsVariation=No	_	_	_	_	_	_
300-21	BOI029	300	21	volte	volte	_	_	_	_	_	linguistic	_	ContainsVariation=No	_	_	_	_	_	_
300-22	BOI029	300	22	questa	questa	_	_	_	_	_	linguistic	_	ContainsVariation=No	_	_	_	_	_	_
300-23	BOI029	300	23	gente	gente	_	_	_	_	_	linguistic	_	ContainsVariation=No	_	_	_	_	_	_
300-24	BOI029	300	24	che	che	_	_	_	_	_	linguistic	_	ContainsVariation=No	_	_	_	_	_	_
300-25	BOI029	300	25	tornava,	tornava	_	_	_	_	_	linguistic	_	ContainsVariation=No	Intonation=WeaklyRising	End=1313.52	_	_	_	_
301-0	BOI029	301	0	una	una	_	_	_	_	_	linguistic	_	ContainsVariation=No	_	Begin=1313.99	_	_	_	_
301-1	BOI029	301	1	volta	volta	_	_	_	_	_	linguistic	_	ContainsVariation=No	_	_	_	_	_	_
301-2	BOI029	301	2	che	che	_	_	_	_	_	linguistic	_	ContainsVariation=No	_	_	_	_	_	_
301-3	BOI029	301	3	tornava,	tornava	_	_	_	_	_	linguistic	_	ContainsVariation=No	Intonation=WeaklyRising	_	_	_	_	_
301-4	BOI029	301	4	non	non	_	_	_	_	_	linguistic	_	ContainsVariation=No	_	_	_	_	_	_
301-5	BOI029	301	5	aveva	aveva	_	_	_	_	_	linguistic	_	ContainsVariation=No	_	_	_	_	_	_
301-6	BOI029	301	6	voglia	voglia	_	_	_	_	_	linguistic	_	ContainsVariation=No	PauseAfter=Yes	_	_	_	_	_
301-7	BOI029	301	7	(.)	(.)	_	_	_	_	_	shortpause	_	ContainsVariation=No	_	_	_	_	_	_
301-8	BOI029	301	8	di	di	_	_	_	_	_	linguistic	_	ContainsVariation=No	_	_	_	_	_	_
301-9	BOI029	301	9	raccontare	raccontare	_	_	_	_	_	linguistic	_	ContainsVariation=No	_	End=1317.9	_	_	_	_
302-0	BOR001	302	0	sì	sì	_	_	_	_	_	linguistic	_	ContainsVariation=No	_	Begin=1318.22|End=1318.43	_	_	_	_
303-0	BOI029	303	0	>voleva<	voleva	_	_	_	_	_	linguistic	_	ContainsVariation=No	_	Begin=1318.75	_	Fast=0-6(0)	_	_
303-1	BOI029	303	1	solo	solo	_	_	_	_	_	linguistic	_	ContainsVariation=No	_	_	_	_	_	_
303-2	BOI029	303	2	dimenticare	dimenticare	_	_	_	_	_	linguistic	_	ContainsVariation=No	_	End=1320.05	_	_	_	_
304-0	BOI029	304	0	e	e	_	_	_	_	_	linguistic	_	ContainsVariation=No	_	Begin=1320.499	_	_	_	_
304-1	BOI029	304	1	quindi	quindi	_	_	_	_	_	linguistic	_	ContainsVariation=No	_	_	_	_	_	_
304-2	BOI029	304	2	è	è	_	_	_	_	_	linguistic	_	ContainsVariation=No	_	_	_	_	_	_
304-3	BOI029	304	3	stata	stata	_	_	_	_	_	linguistic	_	ContainsVariation=No	_	_	_	_	_	_
304-4	BOI029	304	4	tutto	tutto	_	_	_	_	_	linguistic	_	ContainsVariation=No	_	_	_	_	_	_
304-5	BOI029	304	5	sommato	sommato	_	_	_	_	_	linguistic	_	ContainsVariation=No	_	_	_	_	_	_
304-6	BOI029	304	6	una	una	_	_	_	_	_	linguistic	_	ContainsVariation=No	_	_	_	_	_	_
304-7	BOI029	304	7	consapevolezza	consapevolezza	_	_	_	_	_	linguistic	_	ContainsVariation=No	_	End=1323.39	_	_	_	_
305-0	BOI029	305	0	e:	e	_	_	_	_	_	linguistic	_	ContainsVariation=No	_	Begin=1324.041	0x1	_	_	_
305-1	BOI029	305	1	mh	mh	_	_	_	_	_	linguistic	_	ContainsVariation=No	_	_	_	_	_	_
305-2	BOI029	305	2	una	una	_	_	_	_	_	linguistic	_	ContainsVariation=No	_	_	_	_	_	_
305-3	BOI029	305	3	voglia	voglia	_	_	_	_	_	linguistic	_	ContainsVariation=No	_	_	_	_	_	_
305-4	BOI029	305	4	di	di	_	_	_	_	_	linguistic	_	ContainsVariation=No	_	_	_	_	_	_
305-5	BOI029	305	5	raccontare	raccontare	_	_	_	_	_	linguistic	_	ContainsVariation=No	_	_	_	_	_	_
305-6	BOI029	305	6	che	che	_	_	_	_	_	linguistic	_	ContainsVariation=No	PauseAfter=Yes	_	_	_	_	_
305-7	BOI029	305	7	(.)	(.)	_	_	_	_	_	shortpause	_	ContainsVariation=No	_	_	_	_	_	_
305-8	BOI029	305	8	è	è	_	_	_	_	_	linguistic	_	ContainsVariation=No	_	_	_	_	_	_
305-9	BOI029	305	9	nata	nata	_	_	_	_	_	linguistic	_	ContainsVariation=No	_	_	_	_	_	_
305-10	BOI029	305	10	<molto>	molto	_	_	_	_	_	linguistic	_	ContainsVariation=No	_	_	_	Slow=0-5(0)	_	_
305-11	BOI029	305	11	dopo	dopo	_	_	_	_	_	linguistic	_	ContainsVariation=No	PauseAfter=Yes	_	_	_	_	_
305-12	BOI029	305	12	(.)	(.)	_	_	_	_	_	shortpause	_	ContainsVariation=No	_	_	_	_	_	_
305-13	BOI029	305	13	al	al	_	_	_	_	_	linguistic	_	ContainsVariation=No	_	_	_	_	_	_
305-14	BOI029	305	14	rientro:	rientro	_	_	_	_	_	linguistic	_	ContainsVariation=No	_	_	6x1	_	_	_
305-15	BOI029	305	15	a	a	_	_	_	_	_	linguistic	_	ContainsVariation=No	_	_	_	_	_	_
305-16	BOI029	305	16	casa	casa	_	_	_	_	_	linguistic	_	ContainsVariation=No	_	_	_	_	_	_
305-17	BOI029	305	17	ecco	ecco	_	_	_	_	_	linguistic	_	ContainsVariation=No	_	End=1332.209	_	_	_	_
306-0	BOR001	306	0	sì	sì	_	_	_	_	_	linguistic	_	ContainsVariation=No	_	Begin=1332.798	_	_	_	_
306-1	BOR001	306	1	>sì	sì	_	_	_	_	_	linguistic	_	ContainsVariation=No	_	_	_	Fast=0-2(0)	_	_
306-2	BOR001	306	2	sì<	sì	_	_	_	_	_	linguistic	_	ContainsVariation=No	_	_	_	Fast=0-2(0)	_	_
306-3	BOR001	306	3	e~	e~	_	_	_	_	_	linguistic	_	ContainsVariation=No	Interrupted=Yes	_	_	_	_	_
306-4	BOR001	306	4	e	e	_	_	_	_	_	linguistic	_	ContainsVariation=No	_	_	_	_	_	_
306-5	BOR001	306	5	a	a	_	_	_	_	_	linguistic	_	ContainsVariation=No	_	_	_	_	_	_
306-6	BOR001	306	6	volte	volte	_	_	_	_	_	linguistic	_	ContainsVariation=No	_	_	_	_	_	_
306-7	BOR001	306	7	anche	anche	_	_	_	_	_	linguistic	_	ContainsVariation=No	_	_	_	_	_	_
306-8	BOR001	306	8	solo	solo	_	_	_	_	_	linguistic	_	ContainsVariation=No	_	_	_	_	_	_
306-9	BOR001	306	9	grazie	grazie	_	_	_	_	_	linguistic	_	ContainsVariation=No	_	_	_	_	_	_
306-10	BOR001	306	10	anche	anche	_	_	_	_	_	linguistic	_	ContainsVariation=No	_	_	_	_	_	_
306-11	BOR001	306	11	all'	all'	_	_	_	_	_	linguistic	_	ContainsVariation=No	SpaceAfter=No	_	_	_	_	_
306-12	BOR001	306	12	interessamento	interessamento	_	_	_	_	_	linguistic	_	ContainsVariation=No	_	_	_	_	_	_
306-13	BOR001	306	13	di	di	_	_	_	_	_	linguistic	_	ContainsVariation=No	_	_	_	_	_	_
306-14	BOR001	306	14	qualcuno	qualcuno	_	_	_	_	_	linguistic	_	ContainsVariation=No	_	_	_	_	_	_
306-15	BOR001	306	15	penso	penso	_	_	_	_	_	linguistic	_	ContainsVariation=No	_	_	_	_	_	_
306-16	BOR001	306	16	appunto	appunto	_	_	_	_	_	linguistic	_	ContainsVariation=No	_	_	_	_	_	_
306-17	BOR001	306	17	al	al	_	_	_	_	_	linguistic	_	ContainsVariation=No	_	_	_	_	_	_
306-18	BOR001	306	18	caso	caso	_	_	_	_	_	linguistic	_	ContainsVariation=No	_	_	_	_	_	_
306-19	BOR001	306	19	di	di	_	_	_	_	_	linguistic	_	ContainsVariation=No	_	_	_	_	_	_
306-20	BOR001	306	20	weiss	weiss	_	_	_	_	_	linguistic	_	ContainsVariation=No	_	_	_	_	_	_
306-21	BOR001	306	21	se	se	_	_	_	_	_	linguistic	_	ContainsVariation=No	_	_	_	_	_	_
306-22	BOR001	306	22	non	non	_	_	_	_	_	linguistic	_	ContainsVariation=No	_	_	_	_	_	_
306-23	BOR001	306	23	ci	ci	_	_	_	_	_	linguistic	_	ContainsVariation=No	_	_	_	_	_	_
306-24	BOR001	306	24	fosse	fosse	_	_	_	_	_	linguistic	_	ContainsVariation=No	_	_	_	_	_	_
306-25	BOR001	306	25	stato:	stato	_	_	_	_	_	linguistic	_	ContainsVariation=No	_	End=1341.46	4x1	_	_	_
307-0	BOR001	307	0	e:h	eh	_	_	_	_	_	linguistic	_	ContainsVariation=No	_	Begin=1342.06	0x1	_	_	_
307-1	BOR001	307	1	il	il	_	_	_	_	_	linguistic	_	ContainsVariation=No	_	_	_	_	_	_
307-2	BOR001	307	2	giornalista	giornalista	_	_	_	_	_	linguistic	_	ContainsVariation=No	_	_	_	_	_	_
307-3	BOR001	307	3	(sinc[er~)]	sincer~	_	_	_	_	_	linguistic	_	ContainsVariation=No	Interrupted=Yes	End=1343.79	_	_	0-7(0)	4-7(57)
308-0	BOI029	308	0	[matte]ucci	matteucci	_	_	_	_	_	linguistic	_	ContainsVariation=No	_	Begin=1343.46|End=1344.33	_	_	_	0-5(57)
309-0	BOR001	309	0	ehm	ehm	_	_	_	_	_	linguistic	_	ContainsVariation=No	_	Begin=1344.76	_	_	_	_
309-1	BOR001	309	1	no	no	_	_	_	_	_	linguistic	_	ContainsVariation=No	_	_	_	_	_	_
309-2	BOR001	309	2	e:h	eh	_	_	_	_	_	linguistic	_	ContainsVariation=No	_	End=1346.93	0x1	_	_	_
310-0	BOI029	310	0	ah	ah	_	_	_	_	_	linguistic	_	ContainsVariation=No	_	Begin=1347.39	_	_	_	_
310-1	BOI029	310	1	co[so]	coso	_	_	_	_	_	linguistic	_	ContainsVariation=No	_	End=1348.31	_	_	_	2-4(58)
311-0	BOR001	311	0	[marani]	marani	_	_	_	_	_	linguistic	_	ContainsVariation=No	_	Begin=1347.79	_	_	_	0-6(58)
311-1	BOR001	311	1	fors~	fors~	_	_	_	_	_	linguistic	_	ContainsVariation=No	Interrupted=Yes	End=1348.479	_	_	_	_
312-0	BOI029	312	0	marani	marani	_	_	_	_	_	linguistic	_	ContainsVariation=No	_	Begin=1348.479	_	_	_	_
312-1	BOI029	312	1	sì	sì	_	_	_	_	_	linguistic	_	ContainsVariation=No	_	_	_	_	_	_
312-2	BOI029	312	2	era	era	_	_	_	_	_	linguistic	_	ContainsVariation=No	_	_	_	_	_	_
312-3	BOI029	312	3	[era	era	_	_	_	_	_	linguistic	_	ContainsVariation=No	_	_	_	_	_	0-3(59)
312-4	BOI029	312	4	il	il	_	_	_	_	_	linguistic	_	ContainsVariation=No	_	_	_	_	_	0-2(59)
312-5	BOI029	312	5	pa~]	pa~	_	_	_	_	_	linguistic	_	ContainsVariation=No	Interrupted=Yes	_	_	_	_	0-3(59)
312-6	BOI029	312	6	era	era	_	_	_	_	_	linguistic	_	ContainsVariation=No	_	_	_	_	_	_
312-7	BOI029	312	7	il	il	_	_	_	_	_	linguistic	_	ContainsVariation=No	_	_	_	_	_	_
312-8	BOI029	312	8	papà	papà	_	_	_	_	_	linguistic	_	ContainsVariation=No	_	_	_	_	_	_
312-9	BOI029	312	9	di	di	_	_	_	_	_	linguistic	_	ContainsVariation=No	_	_	_	_	_	_
312-10	BOI029	312	10	una	una	_	_	_	_	_	linguistic	_	ContainsVariation=No	_	_	_	_	_	_
312-11	BOI029	312	11	mia	mia	_	_	_	_	_	linguistic	_	ContainsVariation=No	_	_	_	_	_	_
312-12	BOI029	312	12	ex	ex	_	_	_	_	_	linguistic	_	ContainsVariation=No	_	_	_	_	_	_
312-13	BOI029	312	13	alunna	alunna	_	_	_	_	_	linguistic	_	ContainsVariation=No	_	_	_	_	_	_
312-14	BOI029	312	14	((ride))	((ride))	_	_	_	_	_	nonverbalbehavior	_	ContainsVariation=No	_	End=1352.664	_	_	_	_
313-0	BOR001	313	0	[marani]	marani	_	_	_	_	_	linguistic	_	ContainsVariation=No	_	Begin=1349.46|End=1350.11	_	_	_	0-6(59)
314-0	BOR001	314	0	((ride))	((ride))	_	_	_	_	_	nonverbalbehavior	_	ContainsVariation=No	_	Begin=1351.55|End=1352.022	_	_	_	_
315-0	BOR001	315	0	senza	senza	_	_	_	_	_	linguistic	_	ContainsVariation=No	_	Begin=1353.13	_	_	_	_
315-1	BOR001	315	1	di	di	_	_	_	_	_	linguistic	_	ContainsVariation=No	_	_	_	_	_	_
315-2	BOR001	315	2	lui	lui	_	_	_	_	_	linguistic	_	ContainsVariation=No	_	_	_	_	_	_
315-3	BOR001	315	3	che	che	_	_	_	_	_	linguistic	_	ContainsVariation=No	_	_	_	_	_	_
315-4	BOR001	315	4	si	si	_	_	_	_	_	linguistic	_	ContainsVariation=No	_	_	_	_	_	_
315-5	BOR001	315	5	è	è	_	_	_	_	_	linguistic	_	ContainsVariation=No	_	_	_	_	_	_
315-6	BOR001	315	6	interessato	interessato	_	_	_	_	_	linguistic	_	ContainsVariation=No	_	_	_	_	_	_
315-7	BOR001	315	7	insomma	insomma	_	_	_	_	_	linguistic	_	ContainsVariation=No	_	_	_	_	_	_
315-8	BOR001	315	8	è	è	_	_	_	_	_	linguistic	_	ContainsVariation=No	_	_	_	_	_	_
315-9	BOR001	315	9	andato	andato	_	_	_	_	_	linguistic	_	ContainsVariation=No	_	_	_	_	_	_
315-10	BOR001	315	10	a	a	_	_	_	_	_	linguistic	_	ContainsVariation=No	_	_	_	_	_	_
315-11	BOR001	315	11	cercare	cercare	_	_	_	_	_	linguistic	_	ContainsVariation=No	_	_	_	_	_	_
315-12	BOR001	315	12	di	di	_	_	_	_	_	linguistic	_	ContainsVariation=No	_	_	_	_	_	_
315-13	BOR001	315	13	[ricostrui]re	ricostruire	_	_	_	_	_	linguistic	_	ContainsVariation=No	_	_	_	_	_	0-9(61)
315-14	BOR001	315	14	la	la	_	_	_	_	_	linguistic	_	ContainsVariation=No	_	_	_	_	_	_
315-15	BOR001	315	15	storia	storia	_	_	_	_	_	linguistic	_	ContainsVariation=No	_	_	_	_	_	_
315-16	BOR001	315	16	di	di	_	_	_	_	_	linguistic	_	ContainsVariation=No	_	_	_	_	_	_
315-17	BOR001	315	17	weiss	weiss	_	_	_	_	_	linguistic	_	ContainsVariation=No	_	_	_	_	_	_
315-18	BOR001	315	18	che	che	_	_	_	_	_	linguistic	_	ContainsVariation=No	_	_	_	_	_	_
315-19	BOR001	315	19	poi	poi	_	_	_	_	_	linguistic	_	ContainsVariation=No	_	_	_	_	_	_
315-20	BOR001	315	20	<era	era	_	_	_	_	_	linguistic	_	ContainsVariation=No	_	_	_	Slow=0-3(0)	_	_
315-21	BOR001	315	21	famoso>	famoso	_	_	_	_	_	linguistic	_	ContainsVariation=No	_	_	_	Slow=0-6(0)	_	_
315-22	BOR001	315	22	e	e	_	_	_	_	_	linguistic	_	ContainsVariation=No	_	_	_	_	_	_
315-23	BOR001	315	23	quindi	quindi	_	_	_	_	_	linguistic	_	ContainsVariation=No	_	End=1360.73	_	_	_	_
316-0	BOI029	316	0	[sì	sì	_	_	_	_	_	linguistic	_	ContainsVariation=No	_	Begin=1356.96	_	_	_	0-2(61)
316-1	BOI029	316	1	sì	sì	_	_	_	_	_	linguistic	_	ContainsVariation=No	_	_	_	_	_	0-2(61)
316-2	BOI029	316	2	s~]	s~	_	_	_	_	_	linguistic	_	ContainsVariation=No	Interrupted=Yes	End=1357.42	_	_	_	0-2(61)
317-0	BOI029	317	0	>è	è	_	_	_	_	_	linguistic	_	ContainsVariation=No	_	Begin=1360.86	_	Fast=0-1(0)	_	_
317-1	BOI029	317	1	più~	più~	_	_	_	_	_	linguistic	_	ContainsVariation=No	Interrupted=Yes	_	_	Fast=0-4(0)	_	_
317-2	BOI029	317	2	stato	stato	_	_	_	_	_	linguistic	_	ContainsVariation=No	_	_	_	Fast=0-5(0)	_	_
317-3	BOI029	317	3	più<	più	_	_	_	_	_	linguistic	_	ContainsVariation=No	_	_	_	Fast=0-3(0)	_	_
317-4	BOI029	317	4	f[acile]	facile	_	_	_	_	_	linguistic	_	ContainsVariation=No	_	End=1361.89	_	_	_	1-6(62)
318-0	BOR001	318	0	[EH	eh	_	_	_	_	_	linguistic	_	ContainsVariation=No	Volume=high	Begin=1361.56	_	_	_	0-2(62)
318-1	BOR001	318	1	è	è	_	_	_	_	_	linguistic	_	ContainsVariation=No	_	_	_	_	_	0-1(62)
318-2	BOR001	318	2	stato]	stato	_	_	_	_	_	linguistic	_	ContainsVariation=No	_	_	_	_	_	0-5(62)
318-3	BOR001	318	3	più	più	_	_	_	_	_	linguistic	_	ContainsVariation=No	_	_	_	_	_	_
318-4	BOR001	318	4	facile	facile	_	_	_	_	_	linguistic	_	ContainsVariation=No	PauseAfter=Yes	_	_	_	_	_
318-5	BOR001	318	5	(.)	(.)	_	_	_	_	_	shortpause	_	ContainsVariation=No	_	_	_	_	_	_
318-6	BOR001	318	6	sono	sono	_	_	_	_	_	linguistic	_	ContainsVariation=No	_	_	_	_	_	_
318-7	BOR001	318	7	venuti	venuti	_	_	_	_	_	linguistic	_	ContainsVariation=No	_	_	_	_	_	_
318-8	BOR001	318	8	fuori	fuori	_	_	_	_	_	linguistic	_	ContainsVariation=No	_	_	_	_	_	_
318-9	BOR001	318	9	anche	anche	_	_	_	_	_	linguistic	_	ContainsVariation=No	_	_	_	_	_	_
318-10	BOR001	318	10	questi	questi	_	_	_	_	_	linguistic	_	ContainsVariation=No	_	_	_	_	_	_
318-11	BOR001	318	11	racconti	racconti	_	_	_	_	_	linguistic	_	ContainsVariation=No	_	_	_	_	_	_
318-12	BOR001	318	12	queste	queste	_	_	_	_	_	linguistic	_	ContainsVariation=No	_	_	_	_	_	_
318-13	BOR001	318	13	lettere	lettere	_	_	_	_	_	linguistic	_	ContainsVariation=No	_	_	_	_	_	_
318-14	BOR001	318	14	queste	queste	_	_	_	_	_	linguistic	_	ContainsVariation=No	_	_	_	_	_	_
318-15	BOR001	318	15	foto	foto	_	_	_	_	_	linguistic	_	ContainsVariation=No	_	_	_	_	_	_
318-16	BOR001	318	16	[che	che	_	_	_	_	_	linguistic	_	ContainsVariation=No	_	_	_	_	_	0-3(63)
318-17	BOR001	318	17	e:h]	eh	_	_	_	_	_	linguistic	_	ContainsVariation=No	_	_	0x1	_	_	0-2(63)
318-18	BOR001	318	18	°eh°	eh	_	_	_	_	_	linguistic	_	ContainsVariation=No	Volume=low	End=1367.82	_	_	_	_
319-0	BOI029	319	0	[°certo	certo	_	_	_	_	_	linguistic	_	ContainsVariation=No	Volume=low	Begin=1366.0	_	_	_	0-5(63)
319-1	BOI029	319	1	certo°]	certo	_	_	_	_	_	linguistic	_	ContainsVariation=No	Volume=low	End=1366.88	_	_	_	0-5(63)
320-0	BOR001	320	0	mh	mh	_	_	_	_	_	linguistic	_	ContainsVariation=No	PauseAfter=Yes	Begin=1368.233	_	_	_	_
320-1	BOR001	320	1	(.)	(.)	_	_	_	_	_	shortpause	_	ContainsVariation=No	_	_	_	_	_	_
320-2	BOR001	320	2	sono	sono	_	_	_	_	_	linguistic	_	ContainsVariation=No	_	_	_	_	_	_
320-3	BOR001	320	3	interessantissime	interessantissime	_	_	_	_	_	linguistic	_	ContainsVariation=No	_	_	_	_	_	_
320-4	BOR001	320	4	ecc[o:]:	ecco	_	_	_	_	_	linguistic	_	ContainsVariation=No	_	_	3x2	_	_	3-4(64)
320-5	BOR001	320	5	secondo	secondo	_	_	_	_	_	linguistic	_	ContainsVariation=No	_	_	_	_	_	_
320-6	BOR001	320	6	me	me	_	_	_	_	_	linguistic	_	ContainsVariation=No	_	_	_	_	_	_
320-7	BOR001	320	7	altrimenti	altrimenti	_	_	_	_	_	linguistic	_	ContainsVariation=No	_	_	_	_	_	_
320-8	BOR001	320	8	sarebbero:	sarebbero	_	_	_	_	_	linguistic	_	ContainsVariation=No	_	End=1372.4	8x1	_	_	_
321-0	BOI029	321	0	[sì	sì	_	_	_	_	_	linguistic	_	ContainsVariation=No	_	Begin=1370.31	_	_	_	0-2(64)
321-1	BOI029	321	1	sì]	sì	_	_	_	_	_	linguistic	_	ContainsVariation=No	_	End=1370.66	_	_	_	0-2(64)
322-0	BOI029	322	0	>no	no	_	_	_	_	_	linguistic	_	ContainsVariation=No	_	Begin=1372.457	_	Fast=0-2(0)	_	_
322-1	BOI029	322	1	no<	no	_	_	_	_	_	linguistic	_	ContainsVariation=No	_	_	_	Fast=0-2(0)	_	_
322-2	BOI029	322	2	e	e	_	_	_	_	_	linguistic	_	ContainsVariation=No	_	_	_	Slow=0-1(0)	_	_
322-3	BOI029	322	3	poi	poi	_	_	_	_	_	linguistic	_	ContainsVariation=No	_	_	_	Slow=0-3(0)	_	_
322-4	BOI029	322	4	soprattutto	soprattutto	_	_	_	_	_	linguistic	_	ContainsVariation=No	_	_	_	Slow=0-11(0)	_	_
322-5	BOI029	322	5	>per	per	_	_	_	_	_	linguistic	_	ContainsVariation=No	_	_	_	Fast=0-3(1)	_	_
322-6	BOI029	322	6	esempio<	esempio	_	_	_	_	_	linguistic	_	ContainsVariation=No	_	_	_	Fast=0-7(1)	_	_
322-7	BOI029	322	7	sul	sul	_	_	_	_	_	linguistic	_	ContainsVariation=No	_	_	_	_	_	_
322-8	BOI029	322	8	discorso	discorso	_	_	_	_	_	linguistic	_	ContainsVariation=No	_	_	_	_	_	_
322-9	BOI029	322	9	delle	delle	_	_	_	_	_	linguistic	_	ContainsVariation=No	_	_	_	_	_	_
322-10	BOI029	322	10	leggi	leggi	_	_	_	_	_	linguistic	_	ContainsVariation=No	_	_	_	_	_	_
322-11	BOI029	322	11	razziali	razziali	_	_	_	_	_	linguistic	_	ContainsVariation=No	_	_	_	_	_	_
322-12	BOI029	322	12	quello	quello	_	_	_	_	_	linguistic	_	ContainsVariation=No	_	_	_	_	_	_
322-13	BOI029	322	13	lì	lì	_	_	_	_	_	linguistic	_	ContainsVariation=No	_	_	_	_	_	_
322-14	BOI029	322	14	potrebbe	potrebbe	_	_	_	_	_	linguistic	_	ContainsVariation=No	_	_	_	_	_	_
322-15	BOI029	322	15	andare	andare	_	_	_	_	_	linguistic	_	ContainsVariation=No	_	_	_	_	_	_
322-16	BOI029	322	16	be~	be~	_	_	_	_	_	linguistic	_	ContainsVariation=No	Interrupted=Yes	_	_	_	_	_
322-17	BOI029	322	17	potrebbe	potrebbe	_	_	_	_	_	linguistic	_	ContainsVariation=No	_	_	_	_	_	_
322-18	BOI029	322	18	essere	essere	_	_	_	_	_	linguistic	_	ContainsVariation=No	_	_	_	_	_	_
322-19	BOI029	322	19	un	un	_	_	_	_	_	linguistic	_	ContainsVariation=No	_	_	_	_	_	_
322-20	BOI029	322	20	esempio:	esempio	_	_	_	_	_	linguistic	_	ContainsVariation=No	_	_	6x1	_	_	_
322-21	BOI029	322	21	classico	classico	_	_	_	_	_	linguistic	_	ContainsVariation=No	_	End=1379.512	_	_	_	_
323-0	BOI029	323	0	e:h	eh	_	_	_	_	_	linguistic	_	ContainsVariation=No	_	Begin=1379.93	0x1	_	_	_
323-1	BOI029	323	1	il	il	_	_	_	_	_	linguistic	_	ContainsVariation=No	_	_	_	_	_	_
323-2	BOI029	323	2	discorso	discorso	_	_	_	_	_	linguistic	_	ContainsVariation=No	_	_	_	_	_	_
323-3	BOI029	323	3	che	che	_	_	_	_	_	linguistic	_	ContainsVariation=No	_	_	_	_	_	_
323-4	BOI029	323	4	e:h	eh	_	_	_	_	_	linguistic	_	ContainsVariation=No	_	_	0x1	_	_	_
323-5	BOI029	323	5	tu	tu	_	_	_	_	_	linguistic	_	ContainsVariation=No	_	_	_	_	_	_
323-6	BOI029	323	6	da	da	_	_	_	_	_	linguistic	_	ContainsVariation=No	_	_	_	_	_	_
323-7	BOI029	323	7	una	una	_	_	_	_	_	linguistic	_	ContainsVariation=No	_	_	_	_	_	_
323-8	BOI029	323	8	situazione	situazione	_	_	_	_	_	linguistic	_	ContainsVariation=No	_	_	_	_	_	_
323-9	BOI029	323	9	dal	dal	_	_	_	_	_	linguistic	_	ContainsVariation=No	_	_	_	_	_	_
323-10	BOI029	323	10	pensare	pensare	_	_	_	_	_	linguistic	_	ContainsVariation=No	_	_	_	_	_	_
323-11	BOI029	323	11	di	di	_	_	_	_	_	linguistic	_	ContainsVariation=No	_	_	_	_	_	_
323-12	BOI029	323	12	essere:	essere	_	_	_	_	_	linguistic	_	ContainsVariation=No	_	_	5x1	_	_	_
323-13	BOI029	323	13	>non	non	_	_	_	_	_	linguistic	_	ContainsVariation=No	_	_	_	Fast=0-3(0)	_	_
323-14	BOI029	323	14	so<	so	_	_	_	_	_	linguistic	_	ContainsVariation=No	_	_	_	Fast=0-2(0)	_	_
323-15	BOI029	323	15	italiano	italiano	_	_	_	_	_	linguistic	_	ContainsVariation=No	_	_	_	_	_	_
323-16	BOI029	323	16	di	di	_	_	_	_	_	linguistic	_	ContainsVariation=No	_	_	_	_	_	_
323-17	BOI029	323	17	far	far	_	_	_	_	_	linguistic	_	ContainsVariation=No	_	_	_	_	_	_
323-18	BOI029	323	18	le	le	_	_	_	_	_	linguistic	_	ContainsVariation=No	_	_	_	_	_	_
323-19	BOI029	323	19	cose	cose	_	_	_	_	_	linguistic	_	ContainsVariation=No	_	_	_	_	_	_
323-20	BOI029	323	20	come	come	_	_	_	_	_	linguistic	_	ContainsVariation=No	_	_	_	_	_	_
323-21	BOI029	323	21	gli	gli	_	_	_	_	_	linguistic	_	ContainsVariation=No	_	_	_	_	_	_
323-22	BOI029	323	22	altri	altri	_	_	_	_	_	linguistic	_	ContainsVariation=No	_	_	_	_	_	_
323-23	BOI029	323	23	ad	ad	_	_	_	_	_	linguistic	_	ContainsVariation=No	_	_	_	_	_	_
323-24	BOI029	323	24	un	un	_	_	_	_	_	linguistic	_	ContainsVariation=No	_	_	_	_	_	_
323-25	BOI029	323	25	certo	certo	_	_	_	_	_	linguistic	_	ContainsVariation=No	_	_	_	_	_	_
323-26	BOI029	323	26	punto	punto	_	_	_	_	_	linguistic	_	ContainsVariation=No	_	_	_	_	_	_
323-27	BOI029	323	27	di	di	_	_	_	_	_	linguistic	_	ContainsVariation=No	_	_	_	_	_	_
323-28	BOI029	323	28	accorgi	accorgi	_	_	_	_	_	linguistic	_	ContainsVariation=No	_	_	_	_	_	_
323-29	BOI029	323	29	che	che	_	_	_	_	_	linguistic	_	ContainsVariation=No	_	End=1388.79	_	_	_	_
324-0	BOI029	324	0	tutto	tutto	_	_	_	_	_	linguistic	_	ContainsVariation=No	_	Begin=1389.09	_	_	_	_
324-1	BOI029	324	1	questo	questo	_	_	_	_	_	linguistic	_	ContainsVariation=No	_	_	_	_	_	_
324-2	BOI029	324	2	sparisce	sparisce	_	_	_	_	_	linguistic	_	ContainsVariation=No	_	End=1390.581	_	_	_	_
325-0	BOI029	325	0	e:h	eh	_	_	_	_	_	linguistic	_	ContainsVariation=No	_	Begin=1391.513|End=1392.513	0x1	_	_	_
326-0	BOI029	326	0	e~	e~	_	_	_	_	_	linguistic	_	ContainsVariation=No	Interrupted=Yes	Begin=1393.847	_	_	_	_
326-1	BOI029	326	1	e	e	_	_	_	_	_	linguistic	_	ContainsVariation=No	_	_	_	_	_	_
326-2	BOI029	326	2	questo,	questo	_	_	_	_	_	linguistic	_	ContainsVariation=No	Intonation=WeaklyRising	_	_	_	_	_
326-3	BOI029	326	3	insomma	insomma	_	_	_	_	_	linguistic	_	ContainsVariation=No	_	_	_	_	_	_
326-4	BOI029	326	4	deve	deve	_	_	_	_	_	linguistic	_	ContainsVariation=No	_	_	_	_	_	_
326-5	BOI029	326	5	far	far	_	_	_	_	_	linguistic	_	ContainsVariation=No	_	_	_	_	_	_
326-6	BOI029	326	6	pensare	pensare	_	_	_	_	_	linguistic	_	ContainsVariation=No	_	_	_	_	_	_
326-7	BOI029	326	7	an~	an~	_	_	_	_	_	linguistic	_	ContainsVariation=No	Interrupted=Yes	_	_	_	_	_
326-8	BOI029	326	8	un	un	_	_	_	_	_	linguistic	_	ContainsVariation=No	_	_	_	_	_	_
326-9	BOI029	326	9	po'	po'	_	_	_	_	_	linguistic	_	ContainsVariation=No	_	_	_	_	_	_
326-10	BOI029	326	10	anche	anche	_	_	_	_	_	linguistic	_	ContainsVariation=No	_	_	_	_	_	_
326-11	BOI029	326	11	ai	ai	_	_	_	_	_	linguistic	_	ContainsVariation=No	_	_	_	_	_	_
326-12	BOI029	326	12	ragazzi	ragazzi	_	_	_	_	_	linguistic	_	ContainsVariation=No	_	End=1398.09	_	_	_	_
327-0	BOI029	327	0	che	che	_	_	_	_	_	linguistic	_	ContainsVariation=No	_	Begin=1398.6	_	_	_	_
327-1	BOI029	327	1	eh	eh	_	_	_	_	_	linguistic	_	ContainsVariation=No	_	_	_	_	_	_
327-2	BOI029	327	2	>insomma<	insomma	_	_	_	_	_	linguistic	_	ContainsVariation=No	_	_	_	Fast=0-7(0)	_	_
327-3	BOI029	327	3	la:	la	_	_	_	_	_	linguistic	_	ContainsVariation=No	_	_	1x1	_	_	_
327-4	BOI029	327	4	la	la	_	_	_	_	_	linguistic	_	ContainsVariation=No	_	_	_	_	_	_
327-5	BOI029	327	5	democrazia	democrazia	_	_	_	_	_	linguistic	_	ContainsVariation=No	_	_	_	_	_	_
327-6	BOI029	327	6	la	la	_	_	_	_	_	linguistic	_	ContainsVariation=No	_	_	_	_	_	_
327-7	BOI029	327	7	cosa	cosa	_	_	_	_	_	linguistic	_	ContainsVariation=No	_	_	_	_	_	_
327-8	BOI029	327	8	è	è	_	_	_	_	_	linguistic	_	ContainsVariation=No	_	_	_	_	_	_
327-9	BOI029	327	9	una	una	_	_	_	_	_	linguistic	_	ContainsVariation=No	_	_	_	_	_	_
327-10	BOI029	327	10	cosa	cosa	_	_	_	_	_	linguistic	_	ContainsVariation=No	_	_	_	_	_	_
327-11	BOI029	327	11	che	che	_	_	_	_	_	linguistic	_	ContainsVariation=No	_	_	_	_	_	_
327-12	BOI029	327	12	si	si	_	_	_	_	_	linguistic	_	ContainsVariation=No	_	_	_	_	_	_
327-13	BOI029	327	13	può	può	_	_	_	_	_	linguistic	_	ContainsVariation=No	_	_	_	_	_	_
327-14	BOI029	327	14	perdere	perdere	_	_	_	_	_	linguistic	_	ContainsVariation=No	_	_	_	_	_	_
327-15	BOI029	327	15	anche:	anche	_	_	_	_	_	linguistic	_	ContainsVariation=No	_	_	4x1	_	_	_
327-16	BOI029	327	16	facilmente	facilmente	_	_	_	_	_	linguistic	_	ContainsVariation=No	_	End=1405.24	_	_	_	_
328-0	BOI029	328	0	e:h	eh	_	_	_	_	_	linguistic	_	ContainsVariation=No	_	Begin=1406.613	0x1	_	_	_
328-1	BOI029	328	1	e	e	_	_	_	_	_	linguistic	_	ContainsVariation=No	_	_	_	_	_	_
328-2	BOI029	328	2	ci	ci	_	_	_	_	_	linguistic	_	ContainsVariation=No	_	_	_	_	_	_
328-3	BOI029	328	3	sono	sono	_	_	_	_	_	linguistic	_	ContainsVariation=No	_	_	_	_	_	_
328-4	BOI029	328	4	a	a	_	_	_	_	_	linguistic	_	ContainsVariation=No	_	_	_	_	_	_
328-5	BOI029	328	5	volte	volte	_	_	_	_	_	linguistic	_	ContainsVariation=No	_	_	_	_	_	_
328-6	BOI029	328	6	delle	delle	_	_	_	_	_	linguistic	_	ContainsVariation=No	_	_	_	_	_	_
328-7	BOI029	328	7	ubi~	ubi~	_	_	_	_	_	linguistic	_	ContainsVariation=No	Interrupted=Yes	_	_	_	_	_
328-8	BOI029	328	8	ubriacature	ubriacature	_	_	_	_	_	linguistic	_	ContainsVariation=No	_	_	_	_	_	_
328-9	BOI029	328	9	delle	delle	_	_	_	_	_	linguistic	_	ContainsVariation=No	_	_	_	_	_	_
328-10	BOI029	328	10	cose	cose	_	_	_	_	_	linguistic	_	ContainsVariation=No	_	_	_	_	_	_
328-11	BOI029	328	11	che	che	_	_	_	_	_	linguistic	_	ContainsVariation=No	_	_	_	_	_	_
328-12	BOI029	328	12	fanno	fanno	_	_	_	_	_	linguistic	_	ContainsVariation=No	_	_	_	_	_	_
328-13	BOI029	328	13	sì	sì	_	_	_	_	_	linguistic	_	ContainsVariation=No	_	_	_	_	_	_
328-14	BOI029	328	14	che	che	_	_	_	_	_	linguistic	_	ContainsVariation=No	_	_	_	_	_	_
328-15	BOI029	328	15	non	non	_	_	_	_	_	linguistic	_	ContainsVariation=No	_	End=1411.44	_	_	_	_
329-0	BOI029	329	0	che	che	_	_	_	_	_	linguistic	_	ContainsVariation=No	_	Begin=1411.94	_	_	_	_
329-1	BOI029	329	1	non	non	_	_	_	_	_	linguistic	_	ContainsVariation=No	_	_	_	_	_	_
329-2	BOI029	329	2	ti	ti	_	_	_	_	_	linguistic	_	ContainsVariation=No	_	_	_	_	_	_
329-3	BOI029	329	3	rendi	rendi	_	_	_	_	_	linguistic	_	ContainsVariation=No	_	_	_	_	_	_
329-4	BOI029	329	4	conto	conto	_	_	_	_	_	linguistic	_	ContainsVariation=No	_	_	_	_	_	_
329-5	BOI029	329	5	perché	perché	_	_	_	_	_	linguistic	_	ContainsVariation=No	_	End=1413.35	_	_	_	_
330-0	BOI029	330	0	io	io	_	_	_	_	_	linguistic	_	ContainsVariation=No	_	Begin=1413.4	_	_	_	_
330-1	BOI029	330	1	ci	ci	_	_	_	_	_	linguistic	_	ContainsVariation=No	_	_	_	_	_	_
330-2	BOI029	330	2	ho	ho	_	_	_	_	_	linguistic	_	ContainsVariation=No	_	_	_	_	_	_
330-3	BOI029	330	3	tenuto	tenuto	_	_	_	_	_	linguistic	_	ContainsVariation=No	_	_	_	_	_	_
330-4	BOI029	330	4	a	a	_	_	_	_	_	linguistic	_	ContainsVariation=No	_	_	_	_	_	_
330-5	BOI029	330	5	far	far	_	_	_	_	_	linguistic	_	ContainsVariation=No	_	_	_	_	_	_
330-6	BOI029	330	6	vedere	vedere	_	_	_	_	_	linguistic	_	ContainsVariation=No	_	_	_	_	_	_
330-7	BOI029	330	7	loro	loro	_	_	_	_	_	linguistic	_	ContainsVariation=No	_	_	_	_	_	_
330-8	BOI029	330	8	non	non	_	_	_	_	_	linguistic	_	ContainsVariation=No	_	_	_	_	_	_
330-9	BOI029	330	9	so	so	_	_	_	_	_	linguistic	_	ContainsVariation=No	_	_	_	_	_	_
330-10	BOI029	330	10	piazza	piazza	_	_	_	_	_	linguistic	_	ContainsVariation=No	_	_	_	_	_	_
330-11	BOI029	330	11	venezia,	venezia	_	_	_	_	_	linguistic	_	ContainsVariation=No	Intonation=WeaklyRising	_	_	_	_	_
330-12	BOI029	330	12	trieste	trieste	_	_	_	_	_	linguistic	_	ContainsVariation=No	_	_	_	_	_	_
330-13	BOI029	330	13	quando	quando	_	_	_	_	_	linguistic	_	ContainsVariation=No	_	_	_	_	_	_
330-14	BOI029	330	14	mussolini	mussolini	_	_	_	_	_	linguistic	_	ContainsVariation=No	_	_	_	_	_	_
330-15	BOI029	330	15	ha	ha	_	_	_	_	_	linguistic	_	ContainsVariation=No	_	_	_	_	_	_
330-16	BOI029	330	16	fatto	fatto	_	_	_	_	_	linguistic	_	ContainsVariation=No	_	_	_	_	_	_
330-17	BOI029	330	17	il	il	_	_	_	_	_	linguistic	_	ContainsVariation=No	_	_	_	_	_	_
330-18	BOI029	330	18	discorso	discorso	_	_	_	_	_	linguistic	_	ContainsVariation=No	_	_	_	_	_	_
330-19	BOI029	330	19	su~	su~	_	_	_	_	_	linguistic	_	ContainsVariation=No	Interrupted=Yes	_	_	_	_	_
330-20	BOI029	330	20	sulla	sulla	_	_	_	_	_	linguistic	_	ContainsVariation=No	_	_	_	_	_	_
330-21	BOI029	330	21	razza	razza	_	_	_	_	_	linguistic	_	ContainsVariation=No	_	_	_	_	_	_
330-22	BOI029	330	22	che	che	_	_	_	_	_	linguistic	_	ContainsVariation=No	_	_	_	_	_	_
330-23	BOI029	330	23	che	che	_	_	_	_	_	linguistic	_	ContainsVariation=No	_	_	_	_	_	_
330-24	BOI029	330	24	le	le	_	_	_	_	_	linguistic	_	ContainsVariation=No	_	_	_	_	_	_
330-25	BOI029	330	25	piazze	piazze	_	_	_	_	_	linguistic	_	ContainsVariation=No	_	_	_	_	_	_
330-26	BOI029	330	26	erano	erano	_	_	_	_	_	linguistic	_	ContainsVariation=No	_	_	_	_	_	_
330-27	BOI029	330	27	piene	piene	_	_	_	_	_	linguistic	_	ContainsVariation=No	_	End=1422.944	_	_	_	_
331-0	BOR001	331	0	sì	sì	_	_	_	_	_	linguistic	_	ContainsVariation=No	_	Begin=1424.27|End=1424.48	_	_	_	_
332-0	BOI029	332	0	°e:h°	eh	_	_	_	_	_	linguistic	_	ContainsVariation=No	Volume=low	Begin=1424.68|End=1425.662	0x1	_	_	_
333-0	BOR001	333	0	sì	sì	_	_	_	_	_	linguistic	_	ContainsVariation=No	_	Begin=1426.926|End=1427.233	_	_	_	_
334-0	BOI029	334	0	quindi	quindi	_	_	_	_	_	linguistic	_	ContainsVariation=No	_	Begin=1427.601|End=1428.118	_	_	_	_
335-0	BOR001	335	0	c'	c'	_	_	_	_	_	linguistic	_	ContainsVariation=No	SpaceAfter=No	Begin=1429.109	_	_	_	_
335-1	BOR001	335	1	è	è	_	_	_	_	_	linguistic	_	ContainsVariation=No	_	_	_	_	_	_
335-2	BOR001	335	2	una:	una	_	_	_	_	_	linguistic	_	ContainsVariation=No	PauseAfter=Yes	_	2x1	_	_	_
335-3	BOR001	335	3	(.)	(.)	_	_	_	_	_	shortpause	_	ContainsVariation=No	_	_	_	_	_	_
335-4	BOR001	335	4	una	una	_	_	_	_	_	linguistic	_	ContainsVariation=No	_	_	_	_	_	_
335-5	BOR001	335	5	linea	linea	_	_	_	_	_	linguistic	_	ContainsVariation=No	_	_	_	_	_	_
335-6	BOR001	335	6	molto	molto	_	_	_	_	_	linguistic	_	ContainsVariation=No	_	_	_	_	_	_
335-7	BOR001	335	7	sottile	sottile	_	_	_	_	_	linguistic	_	ContainsVariation=No	PauseAfter=Yes	_	_	_	_	_
335-8	BOR001	335	8	(.)	(.)	_	_	_	_	_	shortpause	_	ContainsVariation=No	_	_	_	_	_	_
335-9	BOR001	335	9	[cioé:]	cioé	_	_	_	_	_	linguistic	_	ContainsVariation=No	_	End=1432.62	3x1	_	_	0-4(65)
336-0	BOI029	336	0	[eh	eh	_	_	_	_	_	linguistic	_	ContainsVariation=No	_	Begin=1432.19	_	_	_	0-2(65)
336-1	BOI029	336	1	sì]	sì	_	_	_	_	_	linguistic	_	ContainsVariation=No	_	_	_	_	_	0-2(65)
336-2	BOI029	336	2	>cioé<	cioé	_	_	_	_	_	linguistic	_	ContainsVariation=No	_	_	_	Fast=0-4(0)	_	_
336-3	BOI029	336	3	nel	nel	_	_	_	_	_	linguistic	_	ContainsVariation=No	_	_	_	_	_	_
336-4	BOI029	336	4	senso	senso	_	_	_	_	_	linguistic	_	ContainsVariation=No	_	_	_	_	_	_
336-5	BOI029	336	5	che	che	_	_	_	_	_	linguistic	_	ContainsVariation=No	_	_	_	_	_	_
336-6	BOI029	336	6	molte	molte	_	_	_	_	_	linguistic	_	ContainsVariation=No	_	_	_	_	_	_
336-7	BOI029	336	7	volte	volte	_	_	_	_	_	linguistic	_	ContainsVariation=No	_	_	_	_	_	_
336-8	BOI029	336	8	uno	uno	_	_	_	_	_	linguistic	_	ContainsVariation=No	_	_	_	_	_	_
336-9	BOI029	336	9	pensa	pensa	_	_	_	_	_	linguistic	_	ContainsVariation=No	_	_	_	_	_	_
336-10	BOI029	336	10	delle	delle	_	_	_	_	_	linguistic	_	ContainsVariation=No	_	_	_	_	_	_
336-11	BOI029	336	11	cose	cose	_	_	_	_	_	linguistic	_	ContainsVariation=No	_	_	_	_	_	_
336-12	BOI029	336	12	poi	poi	_	_	_	_	_	linguistic	_	ContainsVariation=No	_	_	_	_	_	_
336-13	BOI029	336	13	dopo	dopo	_	_	_	_	_	linguistic	_	ContainsVariation=No	_	_	_	_	_	_
336-14	BOI029	336	14	si	si	_	_	_	_	_	linguistic	_	ContainsVariation=No	_	_	_	_	_	_
336-15	BOI029	336	15	trasformano	trasformano	_	_	_	_	_	linguistic	_	ContainsVariation=No	_	_	_	_	_	_
336-16	BOI029	336	16	in	in	_	_	_	_	_	linguistic	_	ContainsVariation=No	_	_	_	_	_	_
336-17	BOI029	336	17	altre	altre	_	_	_	_	_	linguistic	_	ContainsVariation=No	_	End=1437.17	_	_	_	_
337-0	BOI029	337	0	così	così	_	_	_	_	_	linguistic	_	ContainsVariation=No	_	Begin=1437.26	_	_	_	_
337-1	BOI029	337	1	come	come	_	_	_	_	_	linguistic	_	ContainsVariation=No	_	_	_	_	_	_
337-2	BOI029	337	2	il	il	_	_	_	_	_	linguistic	_	ContainsVariation=No	_	_	_	_	_	_
337-3	BOI029	337	3	discorso	discorso	_	_	_	_	_	linguistic	_	ContainsVariation=No	_	_	_	_	_	_
337-4	BOI029	337	4	che	che	_	_	_	_	_	linguistic	_	ContainsVariation=No	_	_	_	_	_	_
337-5	BOI029	337	5	fa	fa	_	_	_	_	_	linguistic	_	ContainsVariation=No	_	_	_	_	_	_
337-6	BOI029	337	6	la	la	_	_	_	_	_	linguistic	_	ContainsVariation=No	_	_	_	_	_	_
337-7	BOI029	337	7	segre	segre	_	_	_	_	_	linguistic	_	ContainsVariation=No	_	_	_	_	_	_
337-8	BOI029	337	8	sul	sul	_	_	_	_	_	linguistic	_	ContainsVariation=No	_	_	_	_	_	_
337-9	BOI029	337	9	discorso	discorso	_	_	_	_	_	linguistic	_	ContainsVariation=No	_	_	_	_	_	_
337-10	BOI029	337	10	dell'	dell'	_	_	_	_	_	linguistic	_	ContainsVariation=No	SpaceAfter=No	_	_	_	_	_
337-11	BOI029	337	11	indifferenza	indifferenza	_	_	_	_	_	linguistic	_	ContainsVariation=No	_	_	_	_	_	_
337-12	BOI029	337	12	sul	sul	_	_	_	_	_	linguistic	_	ContainsVariation=No	_	_	_	_	_	_
337-13	BOI029	337	13	museo	museo	_	_	_	_	_	linguistic	_	ContainsVariation=No	_	_	_	_	_	_
337-14	BOI029	337	14	del	del	_	_	_	_	_	linguistic	_	ContainsVariation=No	_	_	_	_	_	_
337-15	BOI029	337	15	binario	binario	_	_	_	_	_	linguistic	_	ContainsVariation=No	_	_	_	_	_	_
337-16	BOI029	337	16	ventuno	ventuno	_	_	_	_	_	linguistic	_	ContainsVariation=No	_	_	_	_	_	_
337-17	BOI029	337	17	con	con	_	_	_	_	_	linguistic	_	ContainsVariation=No	_	_	_	_	_	_
337-18	BOI029	337	18	la	la	_	_	_	_	_	linguistic	_	ContainsVariation=No	_	_	_	_	_	_
337-19	BOI029	337	19	scritta	scritta	_	_	_	_	_	linguistic	_	ContainsVariation=No	_	_	_	_	_	_
337-20	BOI029	337	20	indifferenza	indifferenza	_	_	_	_	_	linguistic	_	ContainsVariation=No	_	End=1444.02	_	_	_	_
338-0	BOI029	338	0	eh	eh	_	_	_	_	_	linguistic	_	ContainsVariation=No	_	Begin=1444.569	_	_	_	_
338-1	BOI029	338	1	cioé	cioé	_	_	_	_	_	linguistic	_	ContainsVariation=No	_	_	_	_	_	_
338-2	BOI029	338	2	nessuno::	nessuno	_	_	_	_	_	linguistic	_	ContainsVariation=No	_	_	6x2	_	_	_
338-3	BOI029	338	3	ha	ha	_	_	_	_	_	linguistic	_	ContainsVariation=No	_	_	_	_	_	_
338-4	BOI029	338	4	fatto	fatto	_	_	_	_	_	linguistic	_	ContainsVariation=No	_	_	_	_	_	_
338-5	BOI029	338	5	niente.	niente	_	_	_	_	_	linguistic	_	ContainsVariation=No	Intonation=Falling	End=1448.39	_	_	_	_
339-0	BOI029	339	0	tutti	tutti	_	_	_	_	_	linguistic	_	ContainsVariation=No	_	Begin=1449.065	_	_	_	_
339-1	BOI029	339	1	hanno	hanno	_	_	_	_	_	linguistic	_	ContainsVariation=No	_	_	_	_	_	_
339-2	BOI029	339	2	visto	visto	_	_	_	_	_	linguistic	_	ContainsVariation=No	_	End=1450.096	_	_	_	_
340-0	BOI029	340	0	e	e	_	_	_	_	_	linguistic	_	ContainsVariation=No	_	Begin=1452.89	_	_	_	_
340-1	BOI029	340	1	son	son	_	_	_	_	_	linguistic	_	ContainsVariation=No	_	_	_	_	_	_
340-2	BOI029	340	2	tutti	tutti	_	_	_	_	_	linguistic	_	ContainsVariation=No	_	_	_	_	_	_
340-3	BOI029	340	3	discorsi	discorsi	_	_	_	_	_	linguistic	_	ContainsVariation=No	_	_	_	_	_	_
340-4	BOI029	340	4	insomma	insomma	_	_	_	_	_	linguistic	_	ContainsVariation=No	_	_	_	_	_	_
340-5	BOI029	340	5	che	che	_	_	_	_	_	linguistic	_	ContainsVariation=No	_	_	_	_	_	_
340-6	BOI029	340	6	vanno	vanno	_	_	_	_	_	linguistic	_	ContainsVariation=No	PauseAfter=Yes	_	_	_	_	_
340-7	BOI029	340	7	(.)	(.)	_	_	_	_	_	shortpause	_	ContainsVariation=No	_	_	_	_	_	_
340-8	BOI029	340	8	alla	alla	_	_	_	_	_	linguistic	_	ContainsVariation=No	_	_	_	_	_	_
340-9	BOI029	340	9	fine	fine	_	_	_	_	_	linguistic	_	ContainsVariation=No	_	_	_	_	_	_
340-10	BOI029	340	10	anche	anche	_	_	_	_	_	linguistic	_	ContainsVariation=No	_	_	_	_	_	_
340-11	BOI029	340	11	a:	a	_	_	_	_	_	linguistic	_	ContainsVariation=No	_	End=1457.59	0x1	_	_	_
341-0	BOI029	341	0	a	a	_	_	_	_	_	linguistic	_	ContainsVariation=No	_	Begin=1458.449	_	_	_	_
341-1	BOI029	341	1	incidere	incidere	_	_	_	_	_	linguistic	_	ContainsVariation=No	_	_	_	_	_	_
341-2	BOI029	341	2	su	su	_	_	_	_	_	linguistic	_	ContainsVariation=No	_	_	_	_	_	_
341-3	BOI029	341	3	su	su	_	_	_	_	_	linguistic	_	ContainsVariation=No	_	_	_	_	_	_
341-4	BOI029	341	4	su	su	_	_	_	_	_	linguistic	_	ContainsVariation=No	_	_	_	_	_	_
341-5	BOI029	341	5	<cosa>	cosa	_	_	_	_	_	linguistic	_	ContainsVariation=No	_	_	_	Slow=0-4(0)	_	_
341-6	BOI029	341	6	eh	eh	_	_	_	_	_	linguistic	_	ContainsVariation=No	_	_	_	_	_	_
341-7	BOI029	341	7	ne	ne	_	_	_	_	_	linguistic	_	ContainsVariation=No	_	_	_	_	_	_
341-8	BOI029	341	8	pensi	pensi	_	_	_	_	_	linguistic	_	ContainsVariation=No	_	End=1463.63	_	_	_	_
342-0	BOI029	342	0	ma	ma	_	_	_	_	_	linguistic	_	ContainsVariation=No	_	Begin=1463.83	_	_	_	_
342-1	BOI029	342	1	anche	anche	_	_	_	_	_	linguistic	_	ContainsVariation=No	_	_	_	_	_	_
342-2	BOI029	342	2	una	una	_	_	_	_	_	linguistic	_	ContainsVariation=No	_	_	_	_	_	_
342-3	BOI029	342	3	domanda	domanda	_	_	_	_	_	linguistic	_	ContainsVariation=No	_	_	_	_	_	_
342-4	BOI029	342	4	che	che	_	_	_	_	_	linguistic	_	ContainsVariation=No	_	_	_	_	_	_
342-5	BOI029	342	5	per	per	_	_	_	_	_	linguistic	_	ContainsVariation=No	_	_	_	_	_	_
342-6	BOI029	342	6	esempio	esempio	_	_	_	_	_	linguistic	_	ContainsVariation=No	_	_	_	_	_	_
342-7	BOI029	342	7	i	i	_	_	_	_	_	linguistic	_	ContainsVariation=No	_	_	_	_	_	_
342-8	BOI029	342	8	ragazzi	ragazzi	_	_	_	_	_	linguistic	_	ContainsVariation=No	_	_	_	_	_	_
342-9	BOI029	342	9	si	si	_	_	_	_	_	linguistic	_	ContainsVariation=No	_	_	_	_	_	_
342-10	BOI029	342	10	sono	sono	_	_	_	_	_	linguistic	_	ContainsVariation=No	_	_	_	_	_	_
342-11	BOI029	342	11	fatti	fatti	_	_	_	_	_	linguistic	_	ContainsVariation=No	_	_	_	_	_	_
342-12	BOI029	342	12	anche	anche	_	_	_	_	_	linguistic	_	ContainsVariation=No	_	_	_	_	_	_
342-13	BOI029	342	13	nell'	nell'	_	_	_	_	_	linguistic	_	ContainsVariation=No	SpaceAfter=No	_	_	_	_	_
342-14	BOI029	342	14	audioguida	audioguida	_	_	_	_	_	linguistic	_	ContainsVariation=No	_	End=1468.32	_	_	_	_
343-0	BOI029	343	0	ma	ma	_	_	_	_	_	linguistic	_	ContainsVariation=No	_	Begin=1468.83	_	_	_	_
343-1	BOI029	343	1	tu	tu	_	_	_	_	_	linguistic	_	ContainsVariation=No	_	_	_	_	_	_
343-2	BOI029	343	2	cosa	cosa	_	_	_	_	_	linguistic	_	ContainsVariation=No	_	_	_	_	_	_
343-3	BOI029	343	3	avresti	avresti	_	_	_	_	_	linguistic	_	ContainsVariation=No	_	_	_	_	_	_
343-4	BOI029	343	4	fat[to]:?	fatto	_	_	_	_	_	linguistic	_	ContainsVariation=No	Intonation=Rising	End=1470.661	4x1	_	_	3-5(66)
344-0	BOR001	344	0	[mh]	mh	_	_	_	_	_	linguistic	_	ContainsVariation=No	_	Begin=1470.21|End=1470.53	_	_	_	0-2(66)
345-0	BOI029	345	0	che	che	_	_	_	_	_	linguistic	_	ContainsVariation=No	_	Begin=1473.56	_	_	_	_
345-1	BOI029	345	1	non:	non	_	_	_	_	_	linguistic	_	ContainsVariation=No	_	_	2x1	_	_	_
345-2	BOI029	345	2	non	non	_	_	_	_	_	linguistic	_	ContainsVariation=No	_	_	_	_	_	_
345-3	BOI029	345	3	è	è	_	_	_	_	_	linguistic	_	ContainsVariation=No	_	_	_	_	_	_
345-4	BOI029	345	4	una	una	_	_	_	_	_	linguistic	_	ContainsVariation=No	_	_	_	_	_	_
345-5	BOI029	345	5	domanda	domanda	_	_	_	_	_	linguistic	_	ContainsVariation=No	_	_	_	_	_	_
345-6	BOI029	345	6	piccola	piccola	_	_	_	_	_	linguistic	_	ContainsVariation=No	_	End=1475.71	_	_	_	_
346-0	BOR001	346	0	per	per	_	_	_	_	_	linguistic	_	ContainsVariation=No	_	Begin=1476.27	_	_	_	_
346-1	BOR001	346	1	niente	niente	_	_	_	_	_	linguistic	_	ContainsVariation=No	PauseAfter=Yes	_	_	_	_	_
346-2	BOR001	346	2	(.)	(.)	_	_	_	_	_	shortpause	_	ContainsVariation=No	_	_	_	_	_	_
346-3	BOR001	346	3	°per	per	_	_	_	_	_	linguistic	_	ContainsVariation=No	Volume=low	_	_	_	_	_
346-4	BOR001	346	4	niente°	niente	_	_	_	_	_	linguistic	_	ContainsVariation=No	Volume=low	End=1478.01	_	_	_	_
347-0	BOR001	347	0	perché:	perché	_	_	_	_	_	linguistic	_	ContainsVariation=No	_	Begin=1478.77|End=1479.761	5x1	_	_	_
348-0	BOI029	348	0	e	e	_	_	_	_	_	linguistic	_	ContainsVariation=No	_	Begin=1481.848	_	_	_	_
348-1	BOI029	348	1	e	e	_	_	_	_	_	linguistic	_	ContainsVariation=No	_	_	_	_	_	_
348-2	BOI029	348	2	poi	poi	_	_	_	_	_	linguistic	_	ContainsVariation=No	_	_	_	_	_	_
348-3	BOI029	348	3	dopo	dopo	_	_	_	_	_	linguistic	_	ContainsVariation=No	_	_	_	_	_	_
348-4	BOI029	348	4	è	è	_	_	_	_	_	linguistic	_	ContainsVariation=No	_	_	_	_	_	_
348-5	BOI029	348	5	lì	lì	_	_	_	_	_	linguistic	_	ContainsVariation=No	_	_	_	_	_	_
348-6	BOI029	348	6	che	che	_	_	_	_	_	linguistic	_	ContainsVariation=No	_	_	_	_	_	_
348-7	BOI029	348	7	comunque	comunque	_	_	_	_	_	linguistic	_	ContainsVariation=No	_	_	_	_	_	_
348-8	BOI029	348	8	dopo	dopo	_	_	_	_	_	linguistic	_	ContainsVariation=No	_	_	_	_	_	_
348-9	BOI029	348	9	la	la	_	_	_	_	_	linguistic	_	ContainsVariation=No	_	_	_	_	_	_
348-10	BOI029	348	10	storia	storia	_	_	_	_	_	linguistic	_	ContainsVariation=No	_	_	_	_	_	_
348-11	BOI029	348	11	diventa	diventa	_	_	_	_	_	linguistic	_	ContainsVariation=No	_	_	_	_	_	_
348-12	BOI029	348	12	qualcosa	qualcosa	_	_	_	_	_	linguistic	_	ContainsVariation=No	_	_	_	_	_	_
348-13	BOI029	348	13	che	che	_	_	_	_	_	linguistic	_	ContainsVariation=No	_	_	_	_	_	_
348-14	BOI029	348	14	non	non	_	_	_	_	_	linguistic	_	ContainsVariation=No	_	_	_	_	_	_
348-15	BOI029	348	15	è	è	_	_	_	_	_	linguistic	_	ContainsVariation=No	_	_	_	_	_	_
348-16	BOI029	348	16	più	più	_	_	_	_	_	linguistic	_	ContainsVariation=No	_	_	_	_	_	_
348-17	BOI029	348	17	una	una	_	_	_	_	_	linguistic	_	ContainsVariation=No	_	_	_	_	_	_
348-18	BOI029	348	18	co~	co~	_	_	_	_	_	linguistic	_	ContainsVariation=No	Interrupted=Yes	End=1486.81	_	_	_	_
349-0	BOI029	349	0	è	è	_	_	_	_	_	linguistic	_	ContainsVariation=No	_	Begin=1486.97	_	_	_	_
349-1	BOI029	349	1	qualcosa	qualcosa	_	_	_	_	_	linguistic	_	ContainsVariation=No	_	_	_	_	_	_
349-2	BOI029	349	2	che	che	_	_	_	_	_	linguistic	_	ContainsVariation=No	_	_	_	_	_	_
349-3	BOI029	349	3	ti	ti	_	_	_	_	_	linguistic	_	ContainsVariation=No	_	_	_	_	_	_
349-4	BOI029	349	4	coinvolge	coinvolge	_	_	_	_	_	linguistic	_	ContainsVariation=No	_	_	_	_	_	_
349-5	BOI029	349	5	della	della	_	_	_	_	_	linguistic	_	ContainsVariation=No	_	_	_	_	_	_
349-6	BOI029	349	6	serie	serie	_	_	_	_	_	linguistic	_	ContainsVariation=No	_	_	_	_	_	_
349-7	BOI029	349	7	questi	questi	_	_	_	_	_	linguistic	_	ContainsVariation=No	PauseAfter=Yes	_	_	_	_	_
349-8	BOI029	349	8	(.)	(.)	_	_	_	_	_	shortpause	_	ContainsVariation=No	_	_	_	_	_	_
349-9	BOI029	349	9	hanno	hanno	_	_	_	_	_	linguistic	_	ContainsVariation=No	_	_	_	_	_	_
349-10	BOI029	349	10	fatto	fatto	_	_	_	_	_	linguistic	_	ContainsVariation=No	_	_	_	_	_	_
349-11	BOI029	349	11	questo	questo	_	_	_	_	_	linguistic	_	ContainsVariation=No	_	_	_	_	_	_
349-12	BOI029	349	12	ma	ma	_	_	_	_	_	linguistic	_	ContainsVariation=No	_	_	_	_	_	_
349-13	BOI029	349	13	io	io	_	_	_	_	_	linguistic	_	ContainsVariation=No	_	_	_	_	_	_
349-14	BOI029	349	14	cosa	cosa	_	_	_	_	_	linguistic	_	ContainsVariation=No	_	_	_	_	_	_
349-15	BOI029	349	15	avrei	avrei	_	_	_	_	_	linguistic	_	ContainsVariation=No	_	_	_	_	_	_
349-16	BOI029	349	16	fatto?	fatto	_	_	_	_	_	linguistic	_	ContainsVariation=No	Intonation=Rising	End=1492.07	_	_	_	_
350-0	BOI029	350	0	avrei	avrei	_	_	_	_	_	linguistic	_	ContainsVariation=No	_	Begin=1492.51	_	_	_	_
350-1	BOI029	350	1	avuto	avuto	_	_	_	_	_	linguistic	_	ContainsVariation=No	_	_	_	_	_	_
350-2	BOI029	350	2	il	il	_	_	_	_	_	linguistic	_	ContainsVariation=No	_	_	_	_	_	_
350-3	BOI029	350	3	coraggio?	coraggio	_	_	_	_	_	linguistic	_	ContainsVariation=No	Intonation=Rising	_	_	_	_	_
350-4	BOI029	350	4	no	no	_	_	_	_	_	linguistic	_	ContainsVariation=No	_	_	_	_	_	_
350-5	BOI029	350	5	io	io	_	_	_	_	_	linguistic	_	ContainsVariation=No	_	_	_	_	_	_
350-6	BOI029	350	6	non	non	_	_	_	_	_	linguistic	_	ContainsVariation=No	_	_	_	_	_	_
350-7	BOI029	350	7	avrei	avrei	_	_	_	_	_	linguistic	_	ContainsVariation=No	_	_	_	_	_	_
350-8	BOI029	350	8	avuto	avuto	_	_	_	_	_	linguistic	_	ContainsVariation=No	_	_	_	_	_	_
350-9	BOI029	350	9	il	il	_	_	_	_	_	linguistic	_	ContainsVariation=No	_	_	_	_	_	_
350-10	BOI029	350	10	coraggio	coraggio	_	_	_	_	_	linguistic	_	ContainsVariation=No	_	_	_	_	_	_
350-11	BOI029	350	11	no	no	_	_	_	_	_	linguistic	_	ContainsVariation=No	_	_	_	_	_	_
350-12	BOI029	350	12	però	però	_	_	_	_	_	linguistic	_	ContainsVariation=No	_	End=1495.83	_	_	_	_
351-0	BOI029	351	0	e	e	_	_	_	_	_	linguistic	_	ContainsVariation=No	PauseAfter=Yes	Begin=1497.114	_	_	_	_
351-1	BOI029	351	1	(.)	(.)	_	_	_	_	_	shortpause	_	ContainsVariation=No	_	_	_	_	_	_
351-2	BOI029	351	2	<comunque>	comunque	_	_	_	_	_	linguistic	_	ContainsVariation=No	_	_	_	Slow=0-8(0)	_	_
351-3	BOI029	351	3	sia	sia	_	_	_	_	_	linguistic	_	ContainsVariation=No	_	_	_	_	_	_
351-4	BOI029	351	4	la	la	_	_	_	_	_	linguistic	_	ContainsVariation=No	_	_	_	_	_	_
351-5	BOI029	351	5	tua	tua	_	_	_	_	_	linguistic	_	ContainsVariation=No	_	_	_	_	_	_
351-6	BOI029	351	6	posizione	posizione	_	_	_	_	_	linguistic	_	ContainsVariation=No	_	_	_	_	_	_
351-7	BOI029	351	7	>cioè<	cioè	_	_	_	_	_	linguistic	_	ContainsVariation=No	_	End=1500.4	_	Fast=0-4(0)	_	_
352-0	BOI029	352	0	e:h	eh	_	_	_	_	_	linguistic	_	ContainsVariation=No	_	Begin=1501.49	0x1	_	_	_
352-1	BOI029	352	1	avrei	avrei	_	_	_	_	_	linguistic	_	ContainsVariation=No	_	_	_	_	_	_
352-2	BOI029	352	2	avuto	avuto	_	_	_	_	_	linguistic	_	ContainsVariation=No	_	_	_	_	_	_
352-3	BOI029	352	3	il	il	_	_	_	_	_	linguistic	_	ContainsVariation=No	_	_	_	_	_	_
352-4	BOI029	352	4	coraggio	coraggio	_	_	_	_	_	linguistic	_	ContainsVariation=No	_	_	_	_	_	_
352-5	BOI029	352	5	o	o	_	_	_	_	_	linguistic	_	ContainsVariation=No	_	_	_	_	_	_
352-6	BOI029	352	6	non	non	_	_	_	_	_	linguistic	_	ContainsVariation=No	_	_	_	_	_	_
352-7	BOI029	352	7	avrei	avrei	_	_	_	_	_	linguistic	_	ContainsVariation=No	_	_	_	_	_	_
352-8	BOI029	352	8	avuto	avuto	_	_	_	_	_	linguistic	_	ContainsVariation=No	_	_	_	_	_	_
352-9	BOI029	352	9	il	il	_	_	_	_	_	linguistic	_	ContainsVariation=No	_	_	_	_	_	_
352-10	BOI029	352	10	coraggio	coraggio	_	_	_	_	_	linguistic	_	ContainsVariation=No	_	_	_	_	_	_
352-11	BOI029	352	11	ti	ti	_	_	_	_	_	linguistic	_	ContainsVariation=No	_	_	_	_	_	_
352-12	BOI029	352	12	pone	pone	_	_	_	_	_	linguistic	_	ContainsVariation=No	_	_	_	_	_	_
352-13	BOI029	352	13	sul	sul	_	_	_	_	_	linguistic	_	ContainsVariation=No	_	_	_	_	_	_
352-14	BOI029	352	14	fatto	fatto	_	_	_	_	_	linguistic	_	ContainsVariation=No	_	_	_	_	_	_
352-15	BOI029	352	15	che	che	_	_	_	_	_	linguistic	_	ContainsVariation=No	_	_	_	_	_	_
352-16	BOI029	352	16	altri	altri	_	_	_	_	_	linguistic	_	ContainsVariation=No	_	_	_	_	_	_
352-17	BOI029	352	17	l'	l'	_	_	_	_	_	linguistic	_	ContainsVariation=No	SpaceAfter=No	_	_	_	_	_
352-18	BOI029	352	18	han	han	_	_	_	_	_	linguistic	_	ContainsVariation=No	_	_	_	_	_	_
352-19	BOI029	352	19	fatto	fatto	_	_	_	_	_	linguistic	_	ContainsVariation=No	_	End=1508.827	_	_	_	_
353-0	BOR001	353	0	MH	mh	_	_	_	_	_	linguistic	_	ContainsVariation=No	Volume=high	Begin=1508.86|End=1509.0	_	_	_	_
354-0	BOR001	354	0	sì	sì	_	_	_	_	_	linguistic	_	ContainsVariation=No	_	Begin=1511.05|End=1511.32	_	_	_	_
355-0	BOI029	355	0	e	e	_	_	_	_	_	linguistic	_	ContainsVariation=No	_	Begin=1511.54	_	_	_	_
355-1	BOI029	355	1	quindi	quindi	_	_	_	_	_	linguistic	_	ContainsVariation=No	_	_	_	_	_	_
355-2	BOI029	355	2	io	io	_	_	_	_	_	linguistic	_	ContainsVariation=No	_	_	_	_	_	_
355-3	BOI029	355	3	le~	le~	_	_	_	_	_	linguistic	_	ContainsVariation=No	Interrupted=Yes	_	_	_	_	_
355-4	BOI029	355	4	li	li	_	_	_	_	_	linguistic	_	ContainsVariation=No	_	_	_	_	_	_
355-5	BOI029	355	5	avrei	avrei	_	_	_	_	_	linguistic	_	ContainsVariation=No	_	_	_	_	_	_
355-6	BOI029	355	6	eh	eh	_	_	_	_	_	linguistic	_	ContainsVariation=No	_	_	_	_	_	_
355-7	BOI029	355	7	seguiti,	seguiti	_	_	_	_	_	linguistic	_	ContainsVariation=No	Intonation=WeaklyRising	End=1514.79	_	_	_	_
356-0	BOI029	356	0	no	no	_	_	_	_	_	linguistic	_	ContainsVariation=No	_	Begin=1515.66	_	_	_	_
356-1	BOI029	356	1	io	io	_	_	_	_	_	linguistic	_	ContainsVariation=No	_	_	_	_	_	_
356-2	BOI029	356	2	non	non	_	_	_	_	_	linguistic	_	ContainsVariation=No	_	_	_	_	_	_
356-3	BOI029	356	3	ne	ne	_	_	_	_	_	linguistic	_	ContainsVariation=No	_	_	_	_	_	_
356-4	BOI029	356	4	avrei	avrei	_	_	_	_	_	linguistic	_	ContainsVariation=No	PauseAfter=Yes	_	_	_	_	_
356-5	BOI029	356	5	(.)	(.)	_	_	_	_	_	shortpause	_	ContainsVariation=No	_	_	_	_	_	_
356-6	BOI029	356	6	avuto	avuto	_	_	_	_	_	linguistic	_	ContainsVariation=No	_	_	_	_	_	_
356-7	BOI029	356	7	il	il	_	_	_	_	_	linguistic	_	ContainsVariation=No	_	_	_	_	_	_
356-8	BOI029	356	8	coraggio	coraggio	_	_	_	_	_	linguistic	_	ContainsVariation=No	_	_	_	_	_	_
356-9	BOI029	356	9	però	però	_	_	_	_	_	linguistic	_	ContainsVariation=No	_	_	_	_	_	_
356-10	BOI029	356	10	riconosco	riconosco	_	_	_	_	_	linguistic	_	ContainsVariation=No	_	_	_	_	_	_
356-11	BOI029	356	11	in	in	_	_	_	_	_	linguistic	_	ContainsVariation=No	_	_	_	_	_	_
356-12	BOI029	356	12	loro	loro	_	_	_	_	_	linguistic	_	ContainsVariation=No	_	_	_	_	_	_
356-13	BOI029	356	13	una	una	_	_	_	_	_	linguistic	_	ContainsVariation=No	_	_	_	_	_	_
356-14	BOI029	356	14	forza	forza	_	_	_	_	_	linguistic	_	ContainsVariation=No	_	_	_	_	_	_
356-15	BOI029	356	15	e	e	_	_	_	_	_	linguistic	_	ContainsVariation=No	_	_	_	_	_	_
356-16	BOI029	356	16	li	li	_	_	_	_	_	linguistic	_	ContainsVariation=No	_	_	_	_	_	_
356-17	BOI029	356	17	ringrazio	ringrazio	_	_	_	_	_	linguistic	_	ContainsVariation=No	_	_	_	_	_	_
356-18	BOI029	356	18	per	per	_	_	_	_	_	linguistic	_	ContainsVariation=No	_	_	_	_	_	_
356-19	BOI029	356	19	quello	quello	_	_	_	_	_	linguistic	_	ContainsVariation=No	_	_	_	_	_	_
356-20	BOI029	356	20	che	che	_	_	_	_	_	linguistic	_	ContainsVariation=No	_	_	_	_	_	_
356-21	BOI029	356	21	[hanno	hanno	_	_	_	_	_	linguistic	_	ContainsVariation=No	_	_	_	_	_	0-5(67)
356-22	BOI029	356	22	fa]tto	fatto	_	_	_	_	_	linguistic	_	ContainsVariation=No	_	_	_	_	_	0-2(67)
356-23	BOI029	356	23	ad	ad	_	_	_	_	_	linguistic	_	ContainsVariation=No	_	_	_	_	_	_
356-24	BOI029	356	24	esempio	esempio	_	_	_	_	_	linguistic	_	ContainsVariation=No	_	End=1523.574	_	_	_	_
357-0	BOR001	357	0	[sì]	sì	_	_	_	_	_	linguistic	_	ContainsVariation=No	_	Begin=1522.27|End=1522.48	_	_	_	0-2(67)
358-0	BOR001	358	0	sì	sì	_	_	_	_	_	linguistic	_	ContainsVariation=No	_	Begin=1524.11	_	_	_	_
358-1	BOR001	358	1	anche	anche	_	_	_	_	_	linguistic	_	ContainsVariation=No	_	_	_	_	_	_
358-2	BOR001	358	2	quello	quello	_	_	_	_	_	linguistic	_	ContainsVariation=No	_	End=1524.88	_	_	_	_
359-0	BOR001	359	0	>perché<	perché	_	_	_	_	_	linguistic	_	ContainsVariation=No	_	Begin=1525.864	_	Fast=0-6(0)	_	_
359-1	BOR001	359	1	penso	penso	_	_	_	_	_	linguistic	_	ContainsVariation=No	_	_	_	_	_	_
359-2	BOR001	359	2	ci	ci	_	_	_	_	_	linguistic	_	ContainsVariation=No	_	_	_	_	_	_
359-3	BOR001	359	3	voglia	voglia	_	_	_	_	_	linguistic	_	ContainsVariation=No	_	_	_	_	_	_
359-4	BOR001	359	4	tantissimo	tantissimo	_	_	_	_	_	linguistic	_	ContainsVariation=No	_	_	_	_	_	_
359-5	BOR001	359	5	coraggio	coraggio	_	_	_	_	_	linguistic	_	ContainsVariation=No	_	_	_	_	_	_
359-6	BOR001	359	6	a:	a	_	_	_	_	_	linguistic	_	ContainsVariation=No	_	End=1528.7	0x1	_	_	_
360-0	BOI029	360	0	a	a	_	_	_	_	_	linguistic	_	ContainsVariation=No	_	Begin=1528.9	_	_	_	_
360-1	BOI029	360	1	mettere	mettere	_	_	_	_	_	linguistic	_	ContainsVariation=No	_	_	_	_	_	_
360-2	BOI029	360	2	i:n	in	_	_	_	_	_	linguistic	_	ContainsVariation=No	_	_	0x1	_	_	_
360-3	BOI029	360	3	campo	campo	_	_	_	_	_	linguistic	_	ContainsVariation=No	_	_	_	_	_	_
360-4	BOI029	360	4	LA	la	_	_	_	_	_	linguistic	_	ContainsVariation=No	Volume=high	_	_	_	_	_
360-5	BOI029	360	5	TUA	tua	_	_	_	_	_	linguistic	_	ContainsVariation=No	Volume=high	_	_	_	_	_
360-6	BOI029	360	6	[VITA	vita	_	_	_	_	_	linguistic	_	ContainsVariation=No	Volume=high	_	_	_	_	0-4(68)
360-7	BOI029	360	7	perché	perché	_	_	_	_	_	linguistic	_	ContainsVariation=No	_	_	_	_	_	0-6(68)
360-8	BOI029	360	8	è	è	_	_	_	_	_	linguistic	_	ContainsVariation=No	_	_	_	_	_	0-1(68)
360-9	BOI029	360	9	quello	quello	_	_	_	_	_	linguistic	_	ContainsVariation=No	_	_	_	_	_	0-6(68)
360-10	BOI029	360	10	che]	che	_	_	_	_	_	linguistic	_	ContainsVariation=No	_	_	_	_	_	0-3(68)
360-11	BOI029	360	11	fai	fai	_	_	_	_	_	linguistic	_	ContainsVariation=No	_	End=1532.967	_	_	_	_
361-0	BOR001	361	0	[>(ah	ah	_	_	_	_	_	linguistic	_	ContainsVariation=No	_	Begin=1531.34	_	Fast=0-2(0)	0-2(0)	_
361-1	BOR001	361	1	no	no	_	_	_	_	_	linguistic	_	ContainsVariation=No	_	_	_	Fast=0-2(0)	0-2(0)	_
361-2	BOR001	361	2	certo	certo	_	_	_	_	_	linguistic	_	ContainsVariation=No	_	_	_	Fast=0-5(0)	0-5(0)	_
361-3	BOR001	361	3	esatto)<]]	esatto	_	_	_	_	_	linguistic	_	ContainsVariation=No	_	End=1532.35	_	Fast=0-6(0)	0-6(0)	_
362-0	BOI029	362	0	e	e	_	_	_	_	_	linguistic	_	ContainsVariation=No	_	Begin=1533.35	_	_	_	_
362-1	BOI029	362	1	quindi	quindi	_	_	_	_	_	linguistic	_	ContainsVariation=No	_	_	_	_	_	_
362-2	BOI029	362	2	insomma	insomma	_	_	_	_	_	linguistic	_	ContainsVariation=No	_	_	_	_	_	_
362-3	BOI029	362	3	mh	mh	_	_	_	_	_	linguistic	_	ContainsVariation=No	_	End=1534.94	_	_	_	_
363-0	BOI029	363	0	il	il	_	_	_	_	_	linguistic	_	ContainsVariation=No	_	Begin=1535.21	_	_	_	_
363-1	BOI029	363	1	fatto	fatto	_	_	_	_	_	linguistic	_	ContainsVariation=No	_	_	_	_	_	_
363-2	BOI029	363	2	di	di	_	_	_	_	_	linguistic	_	ContainsVariation=No	_	_	_	_	_	_
363-3	BOI029	363	3	conoscere	conoscere	_	_	_	_	_	linguistic	_	ContainsVariation=No	_	_	_	_	_	_
363-4	BOI029	363	4	queste	queste	_	_	_	_	_	linguistic	_	ContainsVariation=No	_	_	_	_	_	_
363-5	BOI029	363	5	cose	cose	_	_	_	_	_	linguistic	_	ContainsVariation=No	_	_	_	_	_	_
363-6	BOI029	363	6	e	e	_	_	_	_	_	linguistic	_	ContainsVariation=No	_	_	_	_	_	_
363-7	BOI029	363	7	mettersi	mettersi	_	_	_	_	_	linguistic	_	ContainsVariation=No	_	_	_	_	_	_
363-8	BOI029	363	8	in	in	_	_	_	_	_	linguistic	_	ContainsVariation=No	_	_	_	_	_	_
363-9	BOI029	363	9	ballo	ballo	_	_	_	_	_	linguistic	_	ContainsVariation=No	_	_	_	_	_	_
363-10	BOI029	363	10	fa	fa	_	_	_	_	_	linguistic	_	ContainsVariation=No	_	_	_	_	_	_
363-11	BOI029	363	11	sì	sì	_	_	_	_	_	linguistic	_	ContainsVariation=No	_	_	_	_	_	_
363-12	BOI029	363	12	che	che	_	_	_	_	_	linguistic	_	ContainsVariation=No	_	End=1539.385	_	_	_	_
364-0	BOI029	364	0	tu	tu	_	_	_	_	_	linguistic	_	ContainsVariation=No	_	Begin=1540.06	_	_	_	_
364-1	BOI029	364	1	riconosci	riconosci	_	_	_	_	_	linguistic	_	ContainsVariation=No	_	_	_	_	_	_
364-2	BOI029	364	2	nell'	nell'	_	_	_	_	_	linguistic	_	ContainsVariation=No	SpaceAfter=No	_	_	_	_	_
364-3	BOI029	364	3	altro:	altro	_	_	_	_	_	linguistic	_	ContainsVariation=No	_	_	4x1	_	_	_
364-4	BOI029	364	4	qualità	qualità	_	_	_	_	_	linguistic	_	ContainsVariation=No	_	_	_	_	_	_
364-5	BOI029	364	5	che	che	_	_	_	_	_	linguistic	_	ContainsVariation=No	_	_	_	_	_	_
364-6	BOI029	364	6	magari	magari	_	_	_	_	_	linguistic	_	ContainsVariation=No	_	_	_	_	_	_
364-7	BOI029	364	7	tu	tu	_	_	_	_	_	linguistic	_	ContainsVariation=No	_	_	_	_	_	_
364-8	BOI029	364	8	non	non	_	_	_	_	_	linguistic	_	ContainsVariation=No	_	_	_	_	_	_
364-9	BOI029	364	9	hai	hai	_	_	_	_	_	linguistic	_	ContainsVariation=No	_	End=1543.88	_	_	_	_
365-0	BOR001	365	0	sì	sì	_	_	_	_	_	linguistic	_	ContainsVariation=No	_	Begin=1545.44|End=1545.75	_	_	_	_
366-0	BOR001	366	0	sì	sì	_	_	_	_	_	linguistic	_	ContainsVariation=No	_	Begin=1546.89	_	_	_	_
366-1	BOR001	366	1	sì	sì	_	_	_	_	_	linguistic	_	ContainsVariation=No	_	End=1547.31	_	_	_	_
367-0	BOR001	367	0	e~	e~	_	_	_	_	_	linguistic	_	ContainsVariation=No	Interrupted=Yes	Begin=1547.733	_	_	_	_
367-1	BOR001	367	1	ehm	ehm	_	_	_	_	_	linguistic	_	ContainsVariation=No	PauseAfter=Yes	_	_	_	_	_
367-2	BOR001	367	2	(.)	(.)	_	_	_	_	_	shortpause	_	ContainsVariation=No	_	_	_	_	_	_
367-3	BOR001	367	3	ehm	ehm	_	_	_	_	_	linguistic	_	ContainsVariation=No	_	End=1550.013	_	_	_	_
368-0	BOR001	368	0	lei	lei	_	_	_	_	_	linguistic	_	ContainsVariation=No	_	Begin=1552.907	_	_	_	_
368-1	BOR001	368	1	dice	dice	_	_	_	_	_	linguistic	_	ContainsVariation=No	_	_	_	_	_	_
368-2	BOR001	368	2	di	di	_	_	_	_	_	linguistic	_	ContainsVariation=No	_	_	_	_	_	_
368-3	BOR001	368	3	essere	essere	_	_	_	_	_	linguistic	_	ContainsVariation=No	_	_	_	_	_	_
368-4	BOR001	368	4	di	di	_	_	_	_	_	linguistic	_	ContainsVariation=No	_	_	_	_	_	_
368-5	BOR001	368	5	bologna	bologna	_	_	_	_	_	linguistic	_	ContainsVariation=No	_	_	_	_	_	_
368-6	BOR001	368	6	quindi	quindi	_	_	_	_	_	linguistic	_	ContainsVariation=No	_	_	_	_	_	_
368-7	BOR001	368	7	immagino	immagino	_	_	_	_	_	linguistic	_	ContainsVariation=No	_	_	_	_	_	_
368-8	BOR001	368	8	che	che	_	_	_	_	_	linguistic	_	ContainsVariation=No	_	_	_	_	_	_
368-9	BOR001	368	9	abbia	abbia	_	_	_	_	_	linguistic	_	ContainsVariation=No	_	_	_	_	_	_
368-10	BOR001	368	10	lavorato::	lavorato	_	_	_	_	_	linguistic	_	ContainsVariation=No	_	End=1556.2	7x2	_	_	_
369-0	BOR001	369	0	>cioé<	cioé	_	_	_	_	_	linguistic	_	ContainsVariation=No	_	Begin=1556.52	_	Fast=0-4(0)	_	_
369-1	BOR001	369	1	se	se	_	_	_	_	_	linguistic	_	ContainsVariation=No	_	_	_	_	_	_
369-2	BOR001	369	2	è	è	_	_	_	_	_	linguistic	_	ContainsVariation=No	_	_	_	_	_	_
369-3	BOR001	369	3	qui	qui	_	_	_	_	_	linguistic	_	ContainsVariation=No	_	_	_	_	_	_
369-4	BOR001	369	4	da	da	_	_	_	_	_	linguistic	_	ContainsVariation=No	_	_	_	_	_	_
369-5	BOR001	369	5	sette	sette	_	_	_	_	_	linguistic	_	ContainsVariation=No	_	_	_	_	_	_
369-6	BOR001	369	6	anni	anni	_	_	_	_	_	linguistic	_	ContainsVariation=No	_	_	_	_	_	_
369-7	BOR001	369	7	avrà	avrà	_	_	_	_	_	linguistic	_	ContainsVariation=No	_	_	_	_	_	_
369-8	BOR001	369	8	lavorato:	lavorato	_	_	_	_	_	linguistic	_	ContainsVariation=No	_	_	7x1	_	_	_
369-9	BOR001	369	9	prim~	prim~	_	_	_	_	_	linguistic	_	ContainsVariation=No	Interrupted=Yes	_	_	_	_	_
369-10	BOR001	369	10	prima	prima	_	_	_	_	_	linguistic	_	ContainsVariation=No	_	_	_	_	_	_
369-11	BOR001	369	11	in	in	_	_	_	_	_	linguistic	_	ContainsVariation=No	_	_	_	_	_	_
369-12	BOR001	369	12	altre:	altre	_	_	_	_	_	linguistic	_	ContainsVariation=No	_	End=1560.13	4x1	_	_	_
370-0	BOI029	370	0	sì	sì	_	_	_	_	_	linguistic	_	ContainsVariation=No	_	Begin=1560.17	_	_	_	_
370-1	BOI029	370	1	ho	ho	_	_	_	_	_	linguistic	_	ContainsVariation=No	_	_	_	_	_	_
370-2	BOI029	370	2	[lavora]to	lavorato	_	_	_	_	_	linguistic	_	ContainsVariation=No	_	_	_	_	_	0-6(69)
370-3	BOI029	370	3	parecchio	parecchio	_	_	_	_	_	linguistic	_	ContainsVariation=No	_	_	_	_	_	_
370-4	BOI029	370	4	fuori	fuori	_	_	_	_	_	linguistic	_	ContainsVariation=No	_	_	_	_	_	_
370-5	BOI029	370	5	bologna	bologna	_	_	_	_	_	linguistic	_	ContainsVariation=No	_	_	_	_	_	_
370-6	BOI029	370	6	per[ò:	però	_	_	_	_	_	linguistic	_	ContainsVariation=No	_	_	3x1	_	_	3-4(70)
370-7	BOI029	370	7	sì]	sì	_	_	_	_	_	linguistic	_	ContainsVariation=No	_	End=1563.155	_	_	_	0-2(70)
371-0	BOR001	371	0	[scuole]	scuole	_	_	_	_	_	linguistic	_	ContainsVariation=No	_	Begin=1560.53|End=1560.98	_	_	_	0-6(69)
372-0	BOR001	372	0	[ah	ah	_	_	_	_	_	linguistic	_	ContainsVariation=No	_	Begin=1562.602	_	_	_	0-2(70)
372-1	BOR001	372	1	°oka]y°	okay	_	_	_	_	_	linguistic	_	ContainsVariation=No	PauseAfter=Yes|Volume=low	_	_	_	_	0-3(70)
372-2	BOR001	372	2	(.)	(.)	_	_	_	_	_	shortpause	_	ContainsVariation=No	_	_	_	_	_	_
372-3	BOR001	372	3	okay	okay	_	_	_	_	_	linguistic	_	ContainsVariation=No	_	End=1563.69	_	_	_	_
373-0	BOR001	373	0	e:	e	_	_	_	_	_	linguistic	_	ContainsVariation=No	_	Begin=1564.14	0x1	_	_	_
373-1	BOR001	373	1	mh	mh	_	_	_	_	_	linguistic	_	ContainsVariation=No	_	_	_	_	_	_
373-2	BOR001	373	2	ha	ha	_	_	_	_	_	linguistic	_	ContainsVariation=No	_	_	_	_	_	_
373-3	BOR001	373	3	notato	notato	_	_	_	_	_	linguistic	_	ContainsVariation=No	_	_	_	_	_	_
373-4	BOR001	373	4	differenze	differenze	_	_	_	_	_	linguistic	_	ContainsVariation=No	_	_	_	_	_	_
373-5	BOR001	373	5	in	in	_	_	_	_	_	linguistic	_	ContainsVariation=No	_	_	_	_	_	_
373-6	BOR001	373	6	questo	questo	_	_	_	_	_	linguistic	_	ContainsVariation=No	_	_	_	_	_	_
373-7	BOR001	373	7	caso:,	caso	_	_	_	_	_	linguistic	_	ContainsVariation=No	Intonation=WeaklyRising	End=1567.168	3x1	_	_	_
374-0	BOI029	374	0	[mah]	mah	_	_	_	_	_	linguistic	_	ContainsVariation=No	_	Begin=1567.78	_	_	_	0-3(72)
374-1	BOI029	374	1	sul	sul	_	_	_	_	_	linguistic	_	ContainsVariation=No	_	_	_	_	_	_
374-2	BOI029	374	2	gio~	gio~	_	_	_	_	_	linguistic	_	ContainsVariation=No	Interrupted=Yes	_	_	_	_	_
374-3	BOI029	374	3	direi	direi	_	_	_	_	_	linguistic	_	ContainsVariation=No	_	_	_	_	_	_
374-4	BOI029	374	4	sul	sul	_	_	_	_	_	linguistic	_	ContainsVariation=No	_	_	_	_	_	_
374-5	BOI029	374	5	discorso	discorso	_	_	_	_	_	linguistic	_	ContainsVariation=No	_	_	_	_	_	_
374-6	BOI029	374	6	della	della	_	_	_	_	_	linguistic	_	ContainsVariation=No	_	_	_	_	_	_
374-7	BOI029	374	7	memoria:	memoria	_	_	_	_	_	linguistic	_	ContainsVariation=No	_	_	6x1	_	_	_
374-8	BOI029	374	8	si	si	_	_	_	_	_	linguistic	_	ContainsVariation=No	_	_	_	_	_	_
374-9	BOI029	374	9	è	è	_	_	_	_	_	linguistic	_	ContainsVariation=No	_	_	_	_	_	_
374-10	BOI029	374	10	sempre	sempre	_	_	_	_	_	linguistic	_	ContainsVariation=No	_	_	_	_	_	_
374-11	BOI029	374	11	lavorato	lavorato	_	_	_	_	_	linguistic	_	ContainsVariation=No	_	_	_	_	_	_
374-12	BOI029	374	12	in	in	_	_	_	_	_	linguistic	_	ContainsVariation=No	_	_	_	_	_	_
374-13	BOI029	374	13	qual[siasi	qualsiasi	_	_	_	_	_	linguistic	_	ContainsVariation=No	_	_	_	_	_	4-9(71)
374-14	BOI029	374	14	s]cuola	scuola	_	_	_	_	_	linguistic	_	ContainsVariation=No	_	_	_	_	_	0-1(71)
374-15	BOI029	374	15	io	io	_	_	_	_	_	linguistic	_	ContainsVariation=No	_	_	_	_	_	_
374-16	BOI029	374	16	mh	mh	_	_	_	_	_	linguistic	_	ContainsVariation=No	_	_	_	_	_	_
374-17	BOI029	374	17	sono	sono	_	_	_	_	_	linguistic	_	ContainsVariation=No	_	_	_	_	_	_
374-18	BOI029	374	18	andata	andata	_	_	_	_	_	linguistic	_	ContainsVariation=No	_	_	_	_	_	_
374-19	BOI029	374	19	insomma	insomma	_	_	_	_	_	linguistic	_	ContainsVariation=No	_	_	_	_	_	_
374-20	BOI029	374	20	nel	nel	_	_	_	_	_	linguistic	_	ContainsVariation=No	_	_	_	_	_	_
374-21	BOI029	374	21	senso	senso	_	_	_	_	_	linguistic	_	ContainsVariation=No	_	_	_	_	_	_
374-22	BOI029	374	22	che	che	_	_	_	_	_	linguistic	_	ContainsVariation=No	_	End=1575.94	_	_	_	_
375-0	BOR001	375	0	[x]	x	_	_	_	_	_	unknown	_	ContainsVariation=No	Syllables=1	Begin=1567.82|End=1568.046	_	_	_	0-1(72)
376-0	BOR001	376	0	[mh]	mh	_	_	_	_	_	linguistic	_	ContainsVariation=No	_	Begin=1572.62|End=1572.99	_	_	_	0-2(71)
377-0	BOI029	377	0	io	io	_	_	_	_	_	linguistic	_	ContainsVariation=No	_	Begin=1576.45	_	_	_	_
377-1	BOI029	377	1	credo	credo	_	_	_	_	_	linguistic	_	ContainsVariation=No	_	_	_	_	_	_
377-2	BOI029	377	2	che	che	_	_	_	_	_	linguistic	_	ContainsVariation=No	_	_	_	_	_	_
377-3	BOI029	377	3	il	il	_	_	_	_	_	linguistic	_	ContainsVariation=No	_	_	_	_	_	_
377-4	BOI029	377	4	nostro	nostro	_	_	_	_	_	linguistic	_	ContainsVariation=No	_	_	_	_	_	_
377-5	BOI029	377	5	sia	sia	_	_	_	_	_	linguistic	_	ContainsVariation=No	_	_	_	_	_	_
377-6	BOI029	377	6	un	un	_	_	_	_	_	linguistic	_	ContainsVariation=No	_	_	_	_	_	_
377-7	BOI029	377	7	territorio	territorio	_	_	_	_	_	linguistic	_	ContainsVariation=No	_	_	_	_	_	_
377-8	BOI029	377	8	da	da	_	_	_	_	_	linguistic	_	ContainsVariation=No	_	_	_	_	_	_
377-9	BOI029	377	9	questo	questo	_	_	_	_	_	linguistic	_	ContainsVariation=No	_	_	_	_	_	_
377-10	BOI029	377	10	punto	punto	_	_	_	_	_	linguistic	_	ContainsVariation=No	_	_	_	_	_	_
377-11	BOI029	377	11	di	di	_	_	_	_	_	linguistic	_	ContainsVariation=No	_	_	_	_	_	_
377-12	BOI029	377	12	vista	vista	_	_	_	_	_	linguistic	_	ContainsVariation=No	_	_	_	_	_	_
377-13	BOI029	377	13	molto:	molto	_	_	_	_	_	linguistic	_	ContainsVariation=No	_	_	4x1	_	_	_
377-14	BOI029	377	14	ricettivo	ricettivo	_	_	_	_	_	linguistic	_	ContainsVariation=No	_	_	_	_	_	_
377-15	BOI029	377	15	insomma	insomma	_	_	_	_	_	linguistic	_	ContainsVariation=No	_	_	_	_	_	_
377-16	BOI029	377	16	è	è	_	_	_	_	_	linguistic	_	ContainsVariation=No	_	_	_	_	_	_
377-17	BOI029	377	17	una	una	_	_	_	_	_	linguistic	_	ContainsVariation=No	_	_	_	_	_	_
377-18	BOI029	377	18	storia	storia	_	_	_	_	_	linguistic	_	ContainsVariation=No	_	End=1581.927	_	_	_	_
378-0	BOI029	378	0	che	che	_	_	_	_	_	linguistic	_	ContainsVariation=No	_	Begin=1582.473	_	_	_	_
378-1	BOI029	378	1	tutto	tutto	_	_	_	_	_	linguistic	_	ContainsVariation=No	_	_	_	_	_	_
378-2	BOI029	378	2	sommato	sommato	_	_	_	_	_	linguistic	_	ContainsVariation=No	_	_	_	_	_	_
378-3	BOI029	378	3	non	non	_	_	_	_	_	linguistic	_	ContainsVariation=No	_	_	_	_	_	_
378-4	BOI029	378	4	è	è	_	_	_	_	_	linguistic	_	ContainsVariation=No	_	_	_	_	_	_
378-5	BOI029	378	5	dimenticata	dimenticata	_	_	_	_	_	linguistic	_	ContainsVariation=No	_	End=1584.779	_	_	_	_
379-0	BOI029	379	0	e:h	eh	_	_	_	_	_	linguistic	_	ContainsVariation=No	_	Begin=1585.24	0x1	_	_	_
379-1	BOI029	379	1	è	è	_	_	_	_	_	linguistic	_	ContainsVariation=No	_	_	_	_	_	_
379-2	BOI029	379	2	una	una	_	_	_	_	_	linguistic	_	ContainsVariation=No	_	_	_	_	_	_
379-3	BOI029	379	3	storia	storia	_	_	_	_	_	linguistic	_	ContainsVariation=No	_	_	_	_	_	_
379-4	BOI029	379	4	che	che	_	_	_	_	_	linguistic	_	ContainsVariation=No	_	_	_	_	_	_
379-5	BOI029	379	5	e::h	eh	_	_	_	_	_	linguistic	_	ContainsVariation=No	_	_	0x2	_	_	_
379-6	BOI029	379	6	è	è	_	_	_	_	_	linguistic	_	ContainsVariation=No	_	_	_	_	_	_
379-7	BOI029	379	7	ancora	ancora	_	_	_	_	_	linguistic	_	ContainsVariation=No	_	End=1589.807	_	_	_	_
380-0	BOI029	380	0	presente	presente	_	_	_	_	_	linguistic	_	ContainsVariation=No	_	Begin=1590.413	_	_	_	_
380-1	BOI029	380	1	e	e	_	_	_	_	_	linguistic	_	ContainsVariation=No	_	_	_	_	_	_
380-2	BOI029	380	2	soprattutto	soprattutto	_	_	_	_	_	linguistic	_	ContainsVariation=No	_	_	_	_	_	_
380-3	BOI029	380	3	sui	sui	_	_	_	_	_	linguistic	_	ContainsVariation=No	_	_	_	_	_	_
380-4	BOI029	380	4	discorsi:	discorsi	_	_	_	_	_	linguistic	_	ContainsVariation=No	_	_	7x1	_	_	_
380-5	BOI029	380	5	di	di	_	_	_	_	_	linguistic	_	ContainsVariation=No	_	_	_	_	_	_
380-6	BOI029	380	6	educazione	educazione	_	_	_	_	_	linguistic	_	ContainsVariation=No	_	_	_	_	_	_
380-7	BOI029	380	7	civica	civica	_	_	_	_	_	linguistic	_	ContainsVariation=No	_	_	_	_	_	_
380-8	BOI029	380	8	eccetera	eccetera	_	_	_	_	_	linguistic	_	ContainsVariation=No	_	_	_	_	_	_
380-9	BOI029	380	9	insomma	insomma	_	_	_	_	_	linguistic	_	ContainsVariation=No	_	_	_	_	_	_
380-10	BOI029	380	10	è	è	_	_	_	_	_	linguistic	_	ContainsVariation=No	_	_	_	_	_	_
380-11	BOI029	380	11	ancora	ancora	_	_	_	_	_	linguistic	_	ContainsVariation=No	_	_	_	_	_	_
380-12	BOI029	380	12	molto	molto	_	_	_	_	_	linguistic	_	ContainsVariation=No	_	_	_	_	_	_
380-13	BOI029	380	13	importante	importante	_	_	_	_	_	linguistic	_	ContainsVariation=No	_	End=1597.88	_	_	_	_
381-0	BOI029	381	0	e	e	_	_	_	_	_	linguistic	_	ContainsVariation=No	_	Begin=1598.46	_	_	_	_
381-1	BOI029	381	1	quindi	quindi	_	_	_	_	_	linguistic	_	ContainsVariation=No	_	_	_	_	_	_
381-2	BOI029	381	2	<grandi>	grandi	_	_	_	_	_	linguistic	_	ContainsVariation=No	_	_	_	Slow=0-6(0)	_	_
381-3	BOI029	381	3	grandi	grandi	_	_	_	_	_	linguistic	_	ContainsVariation=No	_	_	_	_	_	_
381-4	BOI029	381	4	differenze	differenze	_	_	_	_	_	linguistic	_	ContainsVariation=No	_	_	_	_	_	_
381-5	BOI029	381	5	non:	non	_	_	_	_	_	linguistic	_	ContainsVariation=No	_	_	2x1	_	_	_
381-6	BOI029	381	6	non	non	_	_	_	_	_	linguistic	_	ContainsVariation=No	_	_	_	_	_	_
381-7	BOI029	381	7	ci	ci	_	_	_	_	_	linguistic	_	ContainsVariation=No	_	_	_	_	_	_
381-8	BOI029	381	8	sono	sono	_	_	_	_	_	linguistic	_	ContainsVariation=No	_	_	_	_	_	_
381-9	BOI029	381	9	magari	magari	_	_	_	_	_	linguistic	_	ContainsVariation=No	_	_	_	_	_	_
381-10	BOI029	381	10	ecco	ecco	_	_	_	_	_	linguistic	_	ContainsVariation=No	_	End=1603.43	_	_	_	_
382-0	BOI029	382	0	ehm	ehm	_	_	_	_	_	linguistic	_	ContainsVariation=No	_	Begin=1604.015	_	_	_	_
382-1	BOI029	382	1	meno:	meno	_	_	_	_	_	linguistic	_	ContainsVariation=No	_	_	3x1	_	_	_
382-2	BOI029	382	2	meno	meno	_	_	_	_	_	linguistic	_	ContainsVariation=No	_	_	_	_	_	_
382-3	BOI029	382	3	strutturate	strutturate	_	_	_	_	_	linguistic	_	ContainsVariation=No	_	_	_	_	_	_
382-4	BOI029	382	4	nel	nel	_	_	_	_	_	linguistic	_	ContainsVariation=No	_	_	_	_	_	_
382-5	BOI029	382	5	senso	senso	_	_	_	_	_	linguistic	_	ContainsVariation=No	_	_	_	_	_	_
382-6	BOI029	382	6	mh	mh	_	_	_	_	_	linguistic	_	ContainsVariation=No	_	_	_	_	_	_
382-7	BOI029	382	7	non	non	_	_	_	_	_	linguistic	_	ContainsVariation=No	_	_	_	_	_	_
382-8	BOI029	382	8	un	un	_	_	_	_	_	linguistic	_	ContainsVariation=No	_	_	_	_	_	_
382-9	BOI029	382	9	percorso	percorso	_	_	_	_	_	linguistic	_	ContainsVariation=No	_	_	_	_	_	_
382-10	BOI029	382	10	che	che	_	_	_	_	_	linguistic	_	ContainsVariation=No	_	_	_	_	_	_
382-11	BOI029	382	11	riguarda	riguarda	_	_	_	_	_	linguistic	_	ContainsVariation=No	_	_	_	_	_	_
382-12	BOI029	382	12	tutte	tutte	_	_	_	_	_	linguistic	_	ContainsVariation=No	_	_	_	_	_	_
382-13	BOI029	382	13	le	le	_	_	_	_	_	linguistic	_	ContainsVariation=No	_	_	_	_	_	_
382-14	BOI029	382	14	classi:	classi	_	_	_	_	_	linguistic	_	ContainsVariation=No	_	_	5x1	_	_	_
382-15	BOI029	382	15	che	che	_	_	_	_	_	linguistic	_	ContainsVariation=No	_	_	_	_	_	_
382-16	BOI029	382	16	riguarda	riguarda	_	_	_	_	_	linguistic	_	ContainsVariation=No	_	_	_	_	_	_
382-17	BOI029	382	17	tutto	tutto	_	_	_	_	_	linguistic	_	ContainsVariation=No	_	_	_	_	_	_
382-18	BOI029	382	18	l'	l'	_	_	_	_	_	linguistic	_	ContainsVariation=No	SpaceAfter=No	_	_	_	_	_
382-19	BOI029	382	19	anno:	anno	_	_	_	_	_	linguistic	_	ContainsVariation=No	_	_	3x1	_	_	_
382-20	BOI029	382	20	eccetera	eccetera	_	_	_	_	_	linguistic	_	ContainsVariation=No	_	End=1613.17	_	_	_	_
383-0	BOI029	383	0	ehm	ehm	_	_	_	_	_	linguistic	_	ContainsVariation=No	_	Begin=1613.669	_	_	_	_
383-1	BOI029	383	1	io	io	_	_	_	_	_	linguistic	_	ContainsVariation=No	_	_	_	_	_	_
383-2	BOI029	383	2	poi	poi	_	_	_	_	_	linguistic	_	ContainsVariation=No	_	_	_	_	_	_
383-3	BOI029	383	3	negli	negli	_	_	_	_	_	linguistic	_	ContainsVariation=No	_	_	_	_	_	_
383-4	BOI029	383	4	ultimi	ultimi	_	_	_	_	_	linguistic	_	ContainsVariation=No	_	_	_	_	_	_
383-5	BOI029	383	5	anni	anni	_	_	_	_	_	linguistic	_	ContainsVariation=No	_	_	_	_	_	_
383-6	BOI029	383	6	e:h	eh	_	_	_	_	_	linguistic	_	ContainsVariation=No	_	_	0x1	_	_	_
383-7	BOI029	383	7	come	come	_	_	_	_	_	linguistic	_	ContainsVariation=No	_	_	_	_	_	_
383-8	BOI029	383	8	penso	penso	_	_	_	_	_	linguistic	_	ContainsVariation=No	_	_	_	_	_	_
383-9	BOI029	383	9	anche	anche	_	_	_	_	_	linguistic	_	ContainsVariation=No	_	_	_	_	_	_
383-10	BOI029	383	10	altri	altri	_	_	_	_	_	linguistic	_	ContainsVariation=No	_	_	_	_	_	_
383-11	BOI029	383	11	colleghi	colleghi	_	_	_	_	_	linguistic	_	ContainsVariation=No	_	_	_	_	_	_
383-12	BOI029	383	12	con	con	_	_	_	_	_	linguistic	_	ContainsVariation=No	_	_	_	_	_	_
383-13	BOI029	383	13	cui	cui	_	_	_	_	_	linguistic	_	ContainsVariation=No	_	_	_	_	_	_
383-14	BOI029	383	14	ho	ho	_	_	_	_	_	linguistic	_	ContainsVariation=No	_	_	_	_	_	_
383-15	BOI029	383	15	parlato	parlato	_	_	_	_	_	linguistic	_	ContainsVariation=No	_	End=1620.349	_	_	_	_
384-0	BOI029	384	0	si	si	_	_	_	_	_	linguistic	_	ContainsVariation=No	_	Begin=1621.133	_	_	_	_
384-1	BOI029	384	1	fa	fa	_	_	_	_	_	linguistic	_	ContainsVariation=No	_	_	_	_	_	_
384-2	BOI029	384	2	anche	anche	_	_	_	_	_	linguistic	_	ContainsVariation=No	_	_	_	_	_	_
384-3	BOI029	384	3	un	un	_	_	_	_	_	linguistic	_	ContainsVariation=No	_	_	_	_	_	_
384-4	BOI029	384	4	discorso	discorso	_	_	_	_	_	linguistic	_	ContainsVariation=No	_	_	_	_	_	_
384-5	BOI029	384	5	di	di	_	_	_	_	_	linguistic	_	ContainsVariation=No	_	_	_	_	_	_
384-6	BOI029	384	6	non	non	_	_	_	_	_	linguistic	_	ContainsVariation=No	_	_	_	_	_	_
384-7	BOI029	384	7	limitare	limitare	_	_	_	_	_	linguistic	_	ContainsVariation=No	_	_	_	_	_	_
384-8	BOI029	384	8	più	più	_	_	_	_	_	linguistic	_	ContainsVariation=No	_	_	_	_	_	_
384-9	BOI029	384	9	solo	solo	_	_	_	_	_	linguistic	_	ContainsVariation=No	_	_	_	_	_	_
384-10	BOI029	384	10	questo	questo	_	_	_	_	_	linguistic	_	ContainsVariation=No	_	_	_	_	_	_
384-11	BOI029	384	11	discorso	discorso	_	_	_	_	_	linguistic	_	ContainsVariation=No	PauseAfter=Yes	_	_	_	_	_
384-12	BOI029	384	12	(.)	(.)	_	_	_	_	_	shortpause	_	ContainsVariation=No	_	_	_	_	_	_
384-13	BOI029	384	13	alla	alla	_	_	_	_	_	linguistic	_	ContainsVariation=No	_	_	_	_	_	_
384-14	BOI029	384	14	seconda	seconda	_	_	_	_	_	linguistic	_	ContainsVariation=No	_	_	_	_	_	_
384-15	BOI029	384	15	guerra	guerra	_	_	_	_	_	linguistic	_	ContainsVariation=No	_	_	_	_	_	_
384-16	BOI029	384	16	mondiale	mondiale	_	_	_	_	_	linguistic	_	ContainsVariation=No	_	End=1628.793	_	_	_	_
385-0	BOR001	385	0	mh	mh	_	_	_	_	_	linguistic	_	ContainsVariation=No	_	Begin=1628.91|End=1629.221	_	_	_	_
386-0	BOI029	386	0	cioè	cioè	_	_	_	_	_	linguistic	_	ContainsVariation=No	_	Begin=1629.627	_	_	_	_
386-1	BOI029	386	1	c~	c~	_	_	_	_	_	linguistic	_	ContainsVariation=No	Interrupted=Yes	_	_	_	_	_
386-2	BOI029	386	2	sicuramente	sicuramente	_	_	_	_	_	linguistic	_	ContainsVariation=No	_	_	_	_	_	_
386-3	BOI029	386	3	quello	quello	_	_	_	_	_	linguistic	_	ContainsVariation=No	_	_	_	_	_	_
386-4	BOI029	386	4	è	è	_	_	_	_	_	linguistic	_	ContainsVariation=No	_	_	_	_	_	_
386-5	BOI029	386	5	stato:	stato	_	_	_	_	_	linguistic	_	ContainsVariation=No	_	_	4x1	_	_	_
386-6	BOI029	386	6	il	il	_	_	_	_	_	linguistic	_	ContainsVariation=No	_	_	_	_	_	_
386-7	BOI029	386	7	più	più	_	_	_	_	_	linguistic	_	ContainsVariation=No	_	_	_	_	_	_
386-8	BOI029	386	8	grande	grande	_	_	_	_	_	linguistic	_	ContainsVariation=No	_	_	_	_	_	_
386-9	BOI029	386	9	eccidio	eccidio	_	_	_	_	_	linguistic	_	ContainsVariation=No	_	_	_	_	_	_
386-10	BOI029	386	10	della	della	_	_	_	_	_	linguistic	_	ContainsVariation=No	_	_	_	_	_	_
386-11	BOI029	386	11	storia	storia	_	_	_	_	_	linguistic	_	ContainsVariation=No	_	End=1634.211	_	_	_	_
387-0	BOI029	387	0	ma	ma	_	_	_	_	_	linguistic	_	ContainsVariation=No	_	Begin=1634.34	_	_	_	_
387-1	BOI029	387	1	ce	ce	_	_	_	_	_	linguistic	_	ContainsVariation=No	_	_	_	_	_	_
387-2	BOI029	387	2	ne	ne	_	_	_	_	_	linguistic	_	ContainsVariation=No	_	_	_	_	_	_
387-3	BOI029	387	3	sono	sono	_	_	_	_	_	linguistic	_	ContainsVariation=No	_	_	_	_	_	_
387-4	BOI029	387	4	stati	stati	_	_	_	_	_	linguistic	_	ContainsVariation=No	_	_	_	_	_	_
387-5	BOI029	387	5	t[anti	tanti	_	_	_	_	_	linguistic	_	ContainsVariation=No	_	_	_	_	_	1-5(73)
387-6	BOI029	387	6	do]po	dopo	_	_	_	_	_	linguistic	_	ContainsVariation=No	_	End=1636.473	_	_	_	0-2(73)
388-0	BOR001	388	0	[(tanti)]	tanti	_	_	_	_	_	linguistic	_	ContainsVariation=No	_	Begin=1635.29|End=1636.02	_	_	0-5(0)	0-5(73)
389-0	BOI029	389	0	e:h	eh	_	_	_	_	_	linguistic	_	ContainsVariation=No	_	Begin=1637.048	0x1	_	_	_
389-1	BOI029	389	1	per	per	_	_	_	_	_	linguistic	_	ContainsVariation=No	_	_	_	_	_	_
389-2	BOI029	389	2	cui	cui	_	_	_	_	_	linguistic	_	ContainsVariation=No	_	_	_	_	_	_
389-3	BOI029	389	3	l'	l'	_	_	_	_	_	linguistic	_	ContainsVariation=No	SpaceAfter=No	_	_	_	_	_
389-4	BOI029	389	4	anno	anno	_	_	_	_	_	linguistic	_	ContainsVariation=No	_	_	_	_	_	_
389-5	BOI029	389	5	scorso	scorso	_	_	_	_	_	linguistic	_	ContainsVariation=No	_	_	_	_	_	_
389-6	BOI029	389	6	quando	quando	_	_	_	_	_	linguistic	_	ContainsVariation=No	_	_	_	_	_	_
389-7	BOI029	389	7	abbiamo	abbiamo	_	_	_	_	_	linguistic	_	ContainsVariation=No	_	_	_	_	_	_
389-8	BOI029	389	8	fatto	fatto	_	_	_	_	_	linguistic	_	ContainsVariation=No	_	_	_	_	_	_
389-9	BOI029	389	9	per	per	_	_	_	_	_	linguistic	_	ContainsVariation=No	_	_	_	_	_	_
389-10	BOI029	389	10	esempio	esempio	_	_	_	_	_	linguistic	_	ContainsVariation=No	_	_	_	_	_	_
389-11	BOI029	389	11	con	con	_	_	_	_	_	linguistic	_	ContainsVariation=No	_	_	_	_	_	_
389-12	BOI029	389	12	la	la	_	_	_	_	_	linguistic	_	ContainsVariation=No	_	_	_	_	_	_
389-13	BOI029	389	13	mia	mia	_	_	_	_	_	linguistic	_	ContainsVariation=No	_	_	_	_	_	_
389-14	BOI029	389	14	classe	classe	_	_	_	_	_	linguistic	_	ContainsVariation=No	PauseAfter=Yes	_	_	_	_	_
389-15	BOI029	389	15	(.)	(.)	_	_	_	_	_	shortpause	_	ContainsVariation=No	_	_	_	_	_	_
389-16	BOI029	389	16	e:h	eh	_	_	_	_	_	linguistic	_	ContainsVariation=No	_	End=1643.01	0x1	_	_	_
390-0	BOI029	390	0	la	la	_	_	_	_	_	linguistic	_	ContainsVariation=No	_	Begin=1644.66	_	_	_	_
390-1	BOI029	390	1	seconda	seconda	_	_	_	_	_	linguistic	_	ContainsVariation=No	_	_	_	_	_	_
390-2	BOI029	390	2	guerra	guerra	_	_	_	_	_	linguistic	_	ContainsVariation=No	_	_	_	_	_	_
390-3	BOI029	390	3	mondiale,	mondiale	_	_	_	_	_	linguistic	_	ContainsVariation=No	Intonation=WeaklyRising	_	_	_	_	_
390-4	BOI029	390	4	a	a	_	_	_	_	_	linguistic	_	ContainsVariation=No	_	_	_	_	_	_
390-5	BOI029	390	5	quella	quella	_	_	_	_	_	linguistic	_	ContainsVariation=No	_	_	_	_	_	_
390-6	BOI029	390	6	poi	poi	_	_	_	_	_	linguistic	_	ContainsVariation=No	_	_	_	_	_	_
390-7	BOI029	390	7	abbiamo	abbiamo	_	_	_	_	_	linguistic	_	ContainsVariation=No	_	_	_	_	_	_
390-8	BOI029	390	8	attaccato:	attaccato	_	_	_	_	_	linguistic	_	ContainsVariation=No	_	_	8x1	_	_	_
390-9	BOI029	390	9	gli	gli	_	_	_	_	_	linguistic	_	ContainsVariation=No	_	_	_	_	_	_
390-10	BOI029	390	10	eccidi	eccidi	_	_	_	_	_	linguistic	_	ContainsVariation=No	_	_	_	_	_	_
390-11	BOI029	390	11	del	del	_	_	_	_	_	linguistic	_	ContainsVariation=No	_	_	_	_	_	_
390-12	BOI029	390	12	novecento	novecento	_	_	_	_	_	linguistic	_	ContainsVariation=No	_	End=1650.767	_	_	_	_
391-0	BOI029	391	0	e	e	_	_	_	_	_	linguistic	_	ContainsVariation=No	_	Begin=1651.735	_	_	_	_
391-1	BOI029	391	1	quindi	quindi	_	_	_	_	_	linguistic	_	ContainsVariation=No	_	_	_	_	_	_
391-2	BOI029	391	2	chi	chi	_	_	_	_	_	linguistic	_	ContainsVariation=No	_	_	_	_	_	_
391-3	BOI029	391	3	ha	ha	_	_	_	_	_	linguistic	_	ContainsVariation=No	_	_	_	_	_	_
391-4	BOI029	391	4	fatto	fatto	_	_	_	_	_	linguistic	_	ContainsVariation=No	_	_	_	_	_	_
391-5	BOI029	391	5	gli	gli	_	_	_	_	_	linguistic	_	ContainsVariation=No	_	_	_	_	_	_
391-6	BOI029	391	6	armeni,	armeni	_	_	_	_	_	linguistic	_	ContainsVariation=No	Intonation=WeaklyRising	_	_	_	_	_
391-7	BOI029	391	7	chi	chi	_	_	_	_	_	linguistic	_	ContainsVariation=No	_	_	_	_	_	_
391-8	BOI029	391	8	ha	ha	_	_	_	_	_	linguistic	_	ContainsVariation=No	_	_	_	_	_	_
391-9	BOI029	391	9	fatto:	fatto	_	_	_	_	_	linguistic	_	ContainsVariation=No	_	_	4x1	_	_	_
391-10	BOI029	391	10	l'	l'	_	_	_	_	_	linguistic	_	ContainsVariation=No	SpaceAfter=No	_	_	_	_	_
391-11	BOI029	391	11	africa,	africa	_	_	_	_	_	linguistic	_	ContainsVariation=No	Intonation=WeaklyRising	_	_	_	_	_
391-12	BOI029	391	12	chi	chi	_	_	_	_	_	linguistic	_	ContainsVariation=No	_	_	_	_	_	_
391-13	BOI029	391	13	ha	ha	_	_	_	_	_	linguistic	_	ContainsVariation=No	_	_	_	_	_	_
391-14	BOI029	391	14	fatto:	fatto	_	_	_	_	_	linguistic	_	ContainsVariation=No	_	End=1657.9	4x1	_	_	_
392-0	BOI029	392	0	e:h	eh	_	_	_	_	_	linguistic	_	ContainsVariation=No	_	Begin=1658.68	0x1	_	_	_
392-1	BOI029	392	1	e	e	_	_	_	_	_	linguistic	_	ContainsVariation=No	_	_	_	_	_	_
392-2	BOI029	392	2	quindi	quindi	_	_	_	_	_	linguistic	_	ContainsVariation=No	_	_	_	_	_	_
392-3	BOI029	392	3	in	in	_	_	_	_	_	linguistic	_	ContainsVariation=No	_	_	_	_	_	_
392-4	BOI029	392	4	quel	quel	_	_	_	_	_	linguistic	_	ContainsVariation=No	_	_	_	_	_	_
392-5	BOI029	392	5	modo	modo	_	_	_	_	_	linguistic	_	ContainsVariation=No	_	_	_	_	_	_
392-6	BOI029	392	6	capisci	capisci	_	_	_	_	_	linguistic	_	ContainsVariation=No	_	_	_	_	_	_
392-7	BOI029	392	7	che	che	_	_	_	_	_	linguistic	_	ContainsVariation=No	_	_	_	_	_	_
392-8	BOI029	392	8	in	in	_	_	_	_	_	linguistic	_	ContainsVariation=No	_	_	_	_	_	_
392-9	BOI029	392	9	realtà	realtà	_	_	_	_	_	linguistic	_	ContainsVariation=No	_	End=1662.67	_	_	_	_
393-0	BOI029	393	0	eh	eh	_	_	_	_	_	linguistic	_	ContainsVariation=No	_	Begin=1663.11	_	_	_	_
393-1	BOI029	393	1	ciò	ciò	_	_	_	_	_	linguistic	_	ContainsVariation=No	_	_	_	_	_	_
393-2	BOI029	393	2	che	che	_	_	_	_	_	linguistic	_	ContainsVariation=No	PauseAfter=Yes	_	_	_	_	_
393-3	BOI029	393	3	(.)	(.)	_	_	_	_	_	shortpause	_	ContainsVariation=No	_	_	_	_	_	_
393-4	BOI029	393	4	tanto	tanto	_	_	_	_	_	linguistic	_	ContainsVariation=No	_	_	_	_	_	_
393-5	BOI029	393	5	ti	ti	_	_	_	_	_	linguistic	_	ContainsVariation=No	_	_	_	_	_	_
393-6	BOI029	393	6	ha	ha	_	_	_	_	_	linguistic	_	ContainsVariation=No	_	_	_	_	_	_
393-7	BOI029	393	7	scandalizzato	scandalizzato	_	_	_	_	_	linguistic	_	ContainsVariation=No	_	End=1666.53	_	_	_	_
394-0	BOI029	394	0	è	è	_	_	_	_	_	linguistic	_	ContainsVariation=No	_	Begin=1667.53	_	_	_	_
394-1	BOI029	394	1	una	una	_	_	_	_	_	linguistic	_	ContainsVariation=No	_	_	_	_	_	_
394-2	BOI029	394	2	cosa	cosa	_	_	_	_	_	linguistic	_	ContainsVariation=No	_	_	_	_	_	_
394-3	BOI029	394	3	che	che	_	_	_	_	_	linguistic	_	ContainsVariation=No	_	_	_	_	_	_
394-4	BOI029	394	4	ancora	ancora	_	_	_	_	_	linguistic	_	ContainsVariation=No	_	_	_	_	_	_
394-5	BOI029	394	5	sussiste	sussiste	_	_	_	_	_	linguistic	_	ContainsVariation=No	_	End=1670.059	_	_	_	_
395-0	BOR001	395	0	mh	mh	_	_	_	_	_	linguistic	_	ContainsVariation=No	_	Begin=1670.12|End=1670.32	_	_	_	_
396-0	BOI029	396	0	e:	e	_	_	_	_	_	linguistic	_	ContainsVariation=No	_	Begin=1670.57	0x1	_	_	_
396-1	BOI029	396	1	che	che	_	_	_	_	_	linguistic	_	ContainsVariation=No	_	_	_	_	_	_
396-2	BOI029	396	2	è	è	_	_	_	_	_	linguistic	_	ContainsVariation=No	_	_	_	_	_	_
396-3	BOI029	396	3	meno	meno	_	_	_	_	_	linguistic	_	ContainsVariation=No	_	_	_	_	_	_
396-4	BOI029	396	4	forte	forte	_	_	_	_	_	linguistic	_	ContainsVariation=No	_	_	_	_	_	_
396-5	BOI029	396	5	perché	perché	_	_	_	_	_	linguistic	_	ContainsVariation=No	_	_	_	_	_	_
396-6	BOI029	396	6	è	è	_	_	_	_	_	linguistic	_	ContainsVariation=No	_	_	_	_	_	_
396-7	BOI029	396	7	più	più	_	_	_	_	_	linguistic	_	ContainsVariation=No	_	_	_	_	_	_
396-8	BOI029	396	8	lontana	lontana	_	_	_	_	_	linguistic	_	ContainsVariation=No	_	End=1674.33	_	_	_	_
397-0	BOI029	397	0	che	che	_	_	_	_	_	linguistic	_	ContainsVariation=No	_	Begin=1676.412	_	_	_	_
397-1	BOI029	397	1	però	però	_	_	_	_	_	linguistic	_	ContainsVariation=No	_	_	_	_	_	_
397-2	BOI029	397	2	È	è	_	_	_	_	_	linguistic	_	ContainsVariation=No	Volume=high	End=1677.06	_	_	_	_
398-0	BOR001	398	0	sì	sì	_	_	_	_	_	linguistic	_	ContainsVariation=No	_	Begin=1677.856|End=1678.09	_	_	_	_
399-0	BOR001	399	0	sì	sì	_	_	_	_	_	linguistic	_	ContainsVariation=No	_	Begin=1679.076	_	_	_	_
399-1	BOR001	399	1	anche:	anche	_	_	_	_	_	linguistic	_	ContainsVariation=No	_	_	4x1	_	_	_
399-2	BOR001	399	2	ad	ad	_	_	_	_	_	linguistic	_	ContainsVariation=No	_	_	_	_	_	_
399-3	BOR001	399	3	una:	una	_	_	_	_	_	linguistic	_	ContainsVariation=No	PauseAfter=Yes	_	2x1	_	_	_
399-4	BOR001	399	4	(.)	(.)	_	_	_	_	_	shortpause	_	ContainsVariation=No	_	_	_	_	_	_
399-5	BOR001	399	5	e:h	eh	_	_	_	_	_	linguistic	_	ContainsVariation=No	_	_	0x1	_	_	_
399-6	BOR001	399	6	all'	all'	_	_	_	_	_	linguistic	_	ContainsVariation=No	SpaceAfter=No	_	_	_	_	_
399-7	BOR001	399	7	assemblea	assemblea	_	_	_	_	_	linguistic	_	ContainsVariation=No	_	_	_	_	_	_
399-8	BOR001	399	8	d'	d'	_	_	_	_	_	linguistic	_	ContainsVariation=No	SpaceAfter=No	_	_	_	_	_
399-9	BOR001	399	9	istituto	istituto	_	_	_	_	_	linguistic	_	ContainsVariation=No	_	_	_	_	_	_
399-10	BOR001	399	10	del	del	_	_	_	_	_	linguistic	_	ContainsVariation=No	_	_	_	_	_	_
399-11	BOR001	399	11	galvani	galvani	_	_	_	_	_	linguistic	_	ContainsVariation=No	_	_	_	_	_	_
399-12	BOR001	399	12	di:	di	_	_	_	_	_	linguistic	_	ContainsVariation=No	_	End=1684.14	1x1	_	_	_
400-0	BOI029	400	0	mh	mh	_	_	_	_	_	linguistic	_	ContainsVariation=No	_	Begin=1684.2|End=1684.409	_	_	_	_
401-0	BOR001	401	0	eh	eh	_	_	_	_	_	linguistic	_	ContainsVariation=No	_	Begin=1685.09	_	_	_	_
401-1	BOR001	401	1	della	della	_	_	_	_	_	linguistic	_	ContainsVariation=No	_	_	_	_	_	_
401-2	BOR001	401	2	giornata	giornata	_	_	_	_	_	linguistic	_	ContainsVariation=No	_	_	_	_	_	_
401-3	BOR001	401	3	della	della	_	_	_	_	_	linguistic	_	ContainsVariation=No	_	_	_	_	_	_
401-4	BOR001	401	4	memoria	memoria	_	_	_	_	_	linguistic	_	ContainsVariation=No	_	_	_	_	_	_
401-5	BOR001	401	5	l'	l'	_	_	_	_	_	linguistic	_	ContainsVariation=No	SpaceAfter=No	_	_	_	_	_
401-6	BOR001	401	6	ultima	ultima	_	_	_	_	_	linguistic	_	ContainsVariation=No	_	_	_	_	_	_
401-7	BOR001	401	7	ho	ho	_	_	_	_	_	linguistic	_	ContainsVariation=No	_	_	_	_	_	_
401-8	BOR001	401	8	visto	visto	_	_	_	_	_	linguistic	_	ContainsVariation=No	_	_	_	_	_	_
401-9	BOR001	401	9	che	che	_	_	_	_	_	linguistic	_	ContainsVariation=No	_	_	_	_	_	_
401-10	BOR001	401	10	c'	c'	_	_	_	_	_	linguistic	_	ContainsVariation=No	SpaceAfter=No	_	_	_	_	_
401-11	BOR001	401	11	era:	era	_	_	_	_	_	linguistic	_	ContainsVariation=No	_	End=1688.36	2x1	_	_	_
402-0	BOR001	402	0	una::	una	_	_	_	_	_	linguistic	_	ContainsVariation=No	_	Begin=1688.95	2x2	_	_	_
402-1	BOR001	402	1	una	una	_	_	_	_	_	linguistic	_	ContainsVariation=No	_	_	_	_	_	_
402-2	BOR001	402	2	lezione:	lezione	_	_	_	_	_	linguistic	_	ContainsVariation=No	_	_	6x1	_	_	_
402-3	BOR001	402	3	tenuta:	tenuta	_	_	_	_	_	linguistic	_	ContainsVariation=No	_	_	5x1	_	_	_
402-4	BOR001	402	4	ehm	ehm	_	_	_	_	_	linguistic	_	ContainsVariation=No	_	_	_	_	_	_
402-5	BOR001	402	5	mi	mi	_	_	_	_	_	linguistic	_	ContainsVariation=No	_	_	_	_	_	_
402-6	BOR001	402	6	sembra	sembra	_	_	_	_	_	linguistic	_	ContainsVariation=No	_	_	_	_	_	_
402-7	BOR001	402	7	eh	eh	_	_	_	_	_	linguistic	_	ContainsVariation=No	_	_	_	_	_	_
402-8	BOR001	402	8	da:	da	_	_	_	_	_	linguistic	_	ContainsVariation=No	_	_	1x1	_	_	_
402-9	BOR001	402	9	un~	un~	_	_	_	_	_	linguistic	_	ContainsVariation=No	Interrupted=Yes	_	_	_	_	_
402-10	BOR001	402	10	qualcuno	qualcuno	_	_	_	_	_	linguistic	_	ContainsVariation=No	_	_	_	_	_	_
402-11	BOR001	402	11	di	di	_	_	_	_	_	linguistic	_	ContainsVariation=No	_	_	_	_	_	_
402-12	BOR001	402	12	amnest~	amnest~	_	_	_	_	_	linguistic	_	ContainsVariation=No	Interrupted=Yes	End=1697.94	_	_	_	_
403-0	BOR001	403	0	°no	no	_	_	_	_	_	linguistic	_	ContainsVariation=No	Volume=low	Begin=1698.4	_	_	_	_
403-1	BOR001	403	1	forse°	forse	_	_	_	_	_	linguistic	_	ContainsVariation=No	PauseAfter=Yes|Volume=low	_	_	_	_	_
403-2	BOR001	403	2	(.)	(.)	_	_	_	_	_	shortpause	_	ContainsVariation=No	_	_	_	_	_	_
403-3	BOR001	403	3	vabbé	vabbé	_	_	_	_	_	linguistic	_	ContainsVariation=No	_	_	_	_	_	_
403-4	BOR001	403	4	un	un	_	_	_	_	_	linguistic	_	ContainsVariation=No	_	_	_	_	_	_
403-5	BOR001	403	5	associazione	associazione	_	_	_	_	_	linguistic	_	ContainsVariation=No	_	_	_	_	_	_
403-6	BOR001	403	6	insomma	insomma	_	_	_	_	_	linguistic	_	ContainsVariation=No	_	_	_	_	_	_
403-7	BOR001	403	7	non	non	_	_	_	_	_	linguistic	_	ContainsVariation=No	_	_	_	_	_	_
403-8	BOR001	403	8	mi	mi	_	_	_	_	_	linguistic	_	ContainsVariation=No	_	_	_	_	_	_
403-9	BOR001	403	9	ricordo:	ricordo	_	_	_	_	_	linguistic	_	ContainsVariation=No	_	_	6x1	_	_	_
403-10	BOR001	403	10	nello	nello	_	_	_	_	_	linguistic	_	ContainsVariation=No	_	_	_	_	_	_
403-11	BOR001	403	11	specifico	specifico	_	_	_	_	_	linguistic	_	ContainsVariation=No	_	_	_	_	_	_
403-12	BOR001	403	12	[quale	quale	_	_	_	_	_	linguistic	_	ContainsVariation=No	_	_	_	_	_	0-5(74)
403-13	BOR001	403	13	fosse]:	fosse	_	_	_	_	_	linguistic	_	ContainsVariation=No	_	End=1703.93	4x1	_	_	0-5(74)
404-0	BOI029	404	0	[forse	forse	_	_	_	_	_	linguistic	_	ContainsVariation=No	_	Begin=1703.02	_	_	_	0-5(74)
404-1	BOI029	404	1	amnesty]	amnesty	_	_	_	_	_	linguistic	_	ContainsVariation=No	_	End=1703.87	_	_	_	0-7(74)
405-0	BOR001	405	0	può~	può~	_	_	_	_	_	linguistic	_	ContainsVariation=No	Interrupted=Yes	Begin=1703.98	_	_	_	_
405-1	BOR001	405	1	può	può	_	_	_	_	_	linguistic	_	ContainsVariation=No	_	_	_	_	_	_
405-2	BOR001	405	2	[essere	essere	_	_	_	_	_	linguistic	_	ContainsVariation=No	_	_	_	_	_	0-6(75)
405-3	BOR001	405	3	amnesty]	amnesty	_	_	_	_	_	linguistic	_	ContainsVariation=No	_	End=1705.302	_	_	_	0-7(75)
406-0	BOI029	406	0	[amnesty	amnesty	_	_	_	_	_	linguistic	_	ContainsVariation=No	_	Begin=1704.459	_	_	_	0-7(75)
406-1	BOI029	406	1	le]	le	_	_	_	_	_	linguistic	_	ContainsVariation=No	_	_	_	_	_	0-2(75)
406-2	BOI029	406	2	fa	fa	_	_	_	_	_	linguistic	_	ContainsVariation=No	_	_	_	_	_	_
406-3	BOI029	406	3	queste	queste	_	_	_	_	_	linguistic	_	ContainsVariation=No	_	_	_	_	_	_
406-4	BOI029	406	4	cose	cose	_	_	_	_	_	linguistic	_	ContainsVariation=No	_	End=1706.12	_	_	_	_
407-0	BOR001	407	0	eh	eh	_	_	_	_	_	linguistic	_	ContainsVariation=No	_	Begin=1706.19	_	_	_	_
407-1	BOR001	407	1	che	che	_	_	_	_	_	linguistic	_	ContainsVariation=No	_	_	_	_	_	_
407-2	BOR001	407	2	era	era	_	_	_	_	_	linguistic	_	ContainsVariation=No	_	_	_	_	_	_
407-3	BOR001	407	3	sui	sui	_	_	_	_	_	linguistic	_	ContainsVariation=No	_	_	_	_	_	_
407-4	BOR001	407	4	campi	campi	_	_	_	_	_	linguistic	_	ContainsVariation=No	_	_	_	_	_	_
407-5	BOR001	407	5	di	di	_	_	_	_	_	linguistic	_	ContainsVariation=No	_	_	_	_	_	_
407-6	BOR001	407	6	lavoro	lavoro	_	_	_	_	_	linguistic	_	ContainsVariation=No	_	_	_	_	_	_
407-7	BOR001	407	7	in	in	_	_	_	_	_	linguistic	_	ContainsVariation=No	_	_	_	_	_	_
407-8	BOR001	407	8	cina	cina	_	_	_	_	_	linguistic	_	ContainsVariation=No	PauseAfter=Yes	_	_	_	_	_
407-9	BOR001	407	9	(.)	(.)	_	_	_	_	_	shortpause	_	ContainsVariation=No	_	_	_	_	_	_
407-10	BOR001	407	10	ad	ad	_	_	_	_	_	linguistic	_	ContainsVariation=No	_	_	_	_	_	_
407-11	BOR001	407	11	esempio	esempio	_	_	_	_	_	linguistic	_	ContainsVariation=No	_	End=1709.84	_	_	_	_
408-0	BOR001	408	0	anche	anche	_	_	_	_	_	linguistic	_	ContainsVariation=No	_	Begin=1710.213	_	_	_	_
408-1	BOR001	408	1	lì	lì	_	_	_	_	_	linguistic	_	ContainsVariation=No	_	_	_	_	_	_
408-2	BOR001	408	2	sono	sono	_	_	_	_	_	linguistic	_	ContainsVariation=No	_	End=1711.213	_	_	_	_
409-0	BOR001	409	0	>cioè<	cioè	_	_	_	_	_	linguistic	_	ContainsVariation=No	_	Begin=1712.28	_	Fast=0-4(0)	_	_
409-1	BOR001	409	1	penso	penso	_	_	_	_	_	linguistic	_	ContainsVariation=No	_	_	_	_	_	_
409-2	BOR001	409	2	cose	cose	_	_	_	_	_	linguistic	_	ContainsVariation=No	_	_	_	_	_	_
409-3	BOR001	409	3	attuali	attuali	_	_	_	_	_	linguistic	_	ContainsVariation=No	_	_	_	_	_	_
409-4	BOR001	409	4	a	a	_	_	_	_	_	linguistic	_	ContainsVariation=No	_	_	_	_	_	_
409-5	BOR001	409	5	cui	cui	_	_	_	_	_	linguistic	_	ContainsVariation=No	_	_	_	_	_	_
409-6	BOR001	409	6	spesso	spesso	_	_	_	_	_	linguistic	_	ContainsVariation=No	_	_	_	_	_	_
409-7	BOR001	409	7	non~	non~	_	_	_	_	_	linguistic	_	ContainsVariation=No	Interrupted=Yes	_	_	_	_	_
409-8	BOR001	409	8	non	non	_	_	_	_	_	linguistic	_	ContainsVariation=No	_	_	_	_	_	_
409-9	BOR001	409	9	pensi[amo	pensiamo	_	_	_	_	_	linguistic	_	ContainsVariation=No	_	_	_	_	_	5-8(76)
409-10	BOR001	409	10	a]nche	anche	_	_	_	_	_	linguistic	_	ContainsVariation=No	_	_	_	_	_	0-1(76)
409-11	BOR001	409	11	perché	perché	_	_	_	_	_	linguistic	_	ContainsVariation=No	_	_	_	_	_	_
409-12	BOR001	409	12	non	non	_	_	_	_	_	linguistic	_	ContainsVariation=No	_	_	_	_	_	_
409-13	BOR001	409	13	ci	ci	_	_	_	_	_	linguistic	_	ContainsVariation=No	_	_	_	_	_	_
409-14	BOR001	409	14	arrivano	arrivano	_	_	_	_	_	linguistic	_	ContainsVariation=No	_	_	_	_	_	_
409-15	BOR001	409	15	molte	molte	_	_	_	_	_	linguistic	_	ContainsVariation=No	_	_	_	_	_	_
409-16	BOR001	409	16	informazioni	informazioni	_	_	_	_	_	linguistic	_	ContainsVariation=No	_	_	_	_	_	_
409-17	BOR001	409	17	[xxxxxx]	xxxxxx	_	_	_	_	_	unknown	_	ContainsVariation=No	Syllables=6	End=1718.0	_	_	_	0-6(77)
410-0	BOI029	410	0	[sì	sì	_	_	_	_	_	linguistic	_	ContainsVariation=No	_	Begin=1714.88	_	_	_	0-2(76)
410-1	BOI029	410	1	sì]	sì	_	_	_	_	_	linguistic	_	ContainsVariation=No	_	End=1715.35	_	_	_	0-2(76)
411-0	BOI029	411	0	[certo]	certo	_	_	_	_	_	linguistic	_	ContainsVariation=No	_	Begin=1717.24	_	_	_	0-5(77)
411-1	BOI029	411	1	poi:i	poii	_	_	_	_	_	linguistic	_	ContainsVariation=No	_	_	2x1	_	_	_
411-2	BOI029	411	2	ca~	ca~	_	_	_	_	_	linguistic	_	ContainsVariation=No	Interrupted=Yes	_	_	_	_	_
411-3	BOI029	411	3	cioé	cioé	_	_	_	_	_	linguistic	_	ContainsVariation=No	_	_	_	_	_	_
411-4	BOI029	411	4	posso	posso	_	_	_	_	_	linguistic	_	ContainsVariation=No	_	_	_	_	_	_
411-5	BOI029	411	5	dire,	dire	_	_	_	_	_	linguistic	_	ContainsVariation=No	Intonation=WeaklyRising	_	_	_	_	_
411-6	BOI029	411	6	i	i	_	_	_	_	_	linguistic	_	ContainsVariation=No	_	_	_	_	_	_
411-7	BOI029	411	7	campi	campi	_	_	_	_	_	linguistic	_	ContainsVariation=No	_	_	_	_	_	_
411-8	BOI029	411	8	di	di	_	_	_	_	_	linguistic	_	ContainsVariation=No	_	_	_	_	_	_
411-9	BOI029	411	9	lavoro	lavoro	_	_	_	_	_	linguistic	_	ContainsVariation=No	_	_	_	_	_	_
411-10	BOI029	411	10	sono	sono	_	_	_	_	_	linguistic	_	ContainsVariation=No	_	_	_	_	_	_
411-11	BOI029	411	11	sicuramente	sicuramente	_	_	_	_	_	linguistic	_	ContainsVariation=No	_	_	_	_	_	_
411-12	BOI029	411	12	una	una	_	_	_	_	_	linguistic	_	ContainsVariation=No	_	_	_	_	_	_
411-13	BOI029	411	13	realtà	realtà	_	_	_	_	_	linguistic	_	ContainsVariation=No	_	_	_	_	_	_
411-14	BOI029	411	14	di	di	_	_	_	_	_	linguistic	_	ContainsVariation=No	_	_	_	_	_	_
411-15	BOI029	411	15	sfruttamento	sfruttamento	_	_	_	_	_	linguistic	_	ContainsVariation=No	_	_	_	_	_	_
411-16	BOI029	411	16	come	come	_	_	_	_	_	linguistic	_	ContainsVariation=No	_	_	_	_	_	_
411-17	BOI029	411	17	ce	ce	_	_	_	_	_	linguistic	_	ContainsVariation=No	_	_	_	_	_	_
411-18	BOI029	411	18	ne	ne	_	_	_	_	_	linguistic	_	ContainsVariation=No	_	_	_	_	_	_
411-19	BOI029	411	19	sono	sono	_	_	_	_	_	linguistic	_	ContainsVariation=No	_	_	_	_	_	_
411-20	BOI029	411	20	tante	tante	_	_	_	_	_	linguistic	_	ContainsVariation=No	_	_	_	_	_	_
411-21	BOI029	411	21	nel	nel	_	_	_	_	_	linguistic	_	ContainsVariation=No	_	_	_	_	_	_
411-22	BOI029	411	22	mondo	mondo	_	_	_	_	_	linguistic	_	ContainsVariation=No	_	End=1723.52	_	_	_	_
412-0	BOI029	412	0	ma	ma	_	_	_	_	_	linguistic	_	ContainsVariation=No	_	Begin=1723.7	_	_	_	_
412-1	BOI029	412	1	il	il	_	_	_	_	_	linguistic	_	ContainsVariation=No	_	_	_	_	_	_
412-2	BOI029	412	2	discorso	discorso	_	_	_	_	_	linguistic	_	ContainsVariation=No	_	_	_	_	_	_
412-3	BOI029	412	3	<degli	degli	_	_	_	_	_	linguistic	_	ContainsVariation=No	_	_	_	Slow=0-5(0)	_	_
412-4	BOI029	412	4	eccidi>	eccidi	_	_	_	_	_	linguistic	_	ContainsVariation=No	_	End=1726.44	_	Slow=0-6(0)	_	_
413-0	BOR001	413	0	si	si	_	_	_	_	_	linguistic	_	ContainsVariation=No	_	Begin=1726.56	_	_	_	_
413-1	BOR001	413	1	è	è	_	_	_	_	_	linguistic	_	ContainsVariation=No	_	_	_	_	_	_
413-2	BOR001	413	2	diver~	diver~	_	_	_	_	_	linguistic	_	ContainsVariation=No	Interrupted=Yes	End=1726.91	_	_	_	_
414-0	BOI029	414	0	cioé	cioé	_	_	_	_	_	linguistic	_	ContainsVariation=No	_	Begin=1727.06	_	_	_	_
414-1	BOI029	414	1	è	è	_	_	_	_	_	linguistic	_	ContainsVariation=No	_	_	_	_	_	_
414-2	BOI029	414	2	ancora	ancora	_	_	_	_	_	linguistic	_	ContainsVariation=No	_	_	_	_	_	_
414-3	BOI029	414	3	una	una	_	_	_	_	_	linguistic	_	ContainsVariation=No	_	_	_	_	_	_
414-4	BOI029	414	4	cosa	cosa	_	_	_	_	_	linguistic	_	ContainsVariation=No	_	_	_	_	_	_
414-5	BOI029	414	5	che	che	_	_	_	_	_	linguistic	_	ContainsVariation=No	_	_	_	_	_	_
414-6	BOI029	414	6	è	è	_	_	_	_	_	linguistic	_	ContainsVariation=No	_	_	_	_	_	_
414-7	BOI029	414	7	molto	molto	_	_	_	_	_	linguistic	_	ContainsVariation=No	_	_	_	_	_	_
414-8	BOI029	414	8	più	più	_	_	_	_	_	linguistic	_	ContainsVariation=No	_	_	_	_	_	_
414-9	BOI029	414	9	simile	simile	_	_	_	_	_	linguistic	_	ContainsVariation=No	_	End=1730.48	_	_	_	_
415-0	BOR001	415	0	°sì°	sì	_	_	_	_	_	linguistic	_	ContainsVariation=No	Volume=low	Begin=1730.85|End=1731.02	_	_	_	_
416-0	BOI029	416	0	al	al	_	_	_	_	_	linguistic	_	ContainsVariation=No	_	Begin=1731.06	_	_	_	_
416-1	BOI029	416	1	discorso	discorso	_	_	_	_	_	linguistic	_	ContainsVariation=No	_	_	_	_	_	_
416-2	BOI029	416	2	o:h	oh	_	_	_	_	_	linguistic	_	ContainsVariation=No	_	End=1733.42	0x1	_	_	_
417-0	BOI029	417	0	della	della	_	_	_	_	_	linguistic	_	ContainsVariation=No	_	Begin=1734.673	_	_	_	_
417-1	BOI029	417	1	legge	legge	_	_	_	_	_	linguistic	_	ContainsVariation=No	_	_	_	_	_	_
417-2	BOI029	417	2	razziale,	razziale	_	_	_	_	_	linguistic	_	ContainsVariation=No	Intonation=WeaklyRising	_	_	_	_	_
417-3	BOI029	417	3	e:h	eh	_	_	_	_	_	linguistic	_	ContainsVariation=No	_	_	0x1	_	_	_
417-4	BOI029	417	4	del	del	_	_	_	_	_	linguistic	_	ContainsVariation=No	_	_	_	_	_	_
417-5	BOI029	417	5	perseguire	perseguire	_	_	_	_	_	linguistic	_	ContainsVariation=No	_	_	_	_	_	_
417-6	BOI029	417	6	qualcuno	qualcuno	_	_	_	_	_	linguistic	_	ContainsVariation=No	_	_	_	_	_	_
417-7	BOI029	417	7	perché	perché	_	_	_	_	_	linguistic	_	ContainsVariation=No	_	_	_	_	_	_
417-8	BOI029	417	8	è	è	_	_	_	_	_	linguistic	_	ContainsVariation=No	_	_	_	_	_	_
417-9	BOI029	417	9	di	di	_	_	_	_	_	linguistic	_	ContainsVariation=No	_	_	_	_	_	_
417-10	BOI029	417	10	un	un	_	_	_	_	_	linguistic	_	ContainsVariation=No	_	_	_	_	_	_
417-11	BOI029	417	11	altra	altra	_	_	_	_	_	linguistic	_	ContainsVariation=No	_	_	_	_	_	_
417-12	BOI029	417	12	razza	razza	_	_	_	_	_	linguistic	_	ContainsVariation=No	_	_	_	_	_	_
417-13	BOI029	417	13	[è	è	_	_	_	_	_	linguistic	_	ContainsVariation=No	_	_	_	_	_	0-1(78)
417-14	BOI029	417	14	di	di	_	_	_	_	_	linguistic	_	ContainsVariation=No	_	_	_	_	_	0-2(78)
417-15	BOI029	417	15	un	un	_	_	_	_	_	linguistic	_	ContainsVariation=No	_	_	_	_	_	0-2(78)
417-16	BOI029	417	16	altra	altra	_	_	_	_	_	linguistic	_	ContainsVariation=No	_	_	_	_	_	0-5(78)
417-17	BOI029	417	17	re]ligione	religione	_	_	_	_	_	linguistic	_	ContainsVariation=No	_	_	_	_	_	0-2(78)
417-18	BOI029	417	18	eccetera	eccetera	_	_	_	_	_	linguistic	_	ContainsVariation=No	_	End=1742.094	_	_	_	_
418-0	BOR001	418	0	[mhmhmh]	mhmhmh	_	_	_	_	_	linguistic	_	ContainsVariation=No	_	Begin=1740.207|End=1740.892	_	_	_	0-6(78)
419-0	BOI029	419	0	e:h	eh	_	_	_	_	_	linguistic	_	ContainsVariation=No	_	Begin=1742.48	0x1	_	_	_
419-1	BOI029	419	1	che	che	_	_	_	_	_	linguistic	_	ContainsVariation=No	_	_	_	_	_	_
419-2	BOI029	419	2	ci	ci	_	_	_	_	_	linguistic	_	ContainsVariation=No	_	_	_	_	_	_
419-3	BOI029	419	3	riporta	riporta	_	_	_	_	_	linguistic	_	ContainsVariation=No	_	_	_	_	_	_
419-4	BOI029	419	4	secondo	secondo	_	_	_	_	_	linguistic	_	ContainsVariation=No	_	_	_	_	_	_
419-5	BOI029	419	5	me	me	_	_	_	_	_	linguistic	_	ContainsVariation=No	_	_	_	_	_	_
419-6	BOI029	419	6	molto	molto	_	_	_	_	_	linguistic	_	ContainsVariation=No	_	_	_	_	_	_
419-7	BOI029	419	7	vicino	vicino	_	_	_	_	_	linguistic	_	ContainsVariation=No	_	_	_	_	_	_
419-8	BOI029	419	8	a	a	_	_	_	_	_	linguistic	_	ContainsVariation=No	_	_	_	_	_	_
419-9	BOI029	419	9	quello	quello	_	_	_	_	_	linguistic	_	ContainsVariation=No	_	_	_	_	_	_
419-10	BOI029	419	10	che	che	_	_	_	_	_	linguistic	_	ContainsVariation=No	_	_	_	_	_	_
419-11	BOI029	419	11	è	è	_	_	_	_	_	linguistic	_	ContainsVariation=No	_	_	_	_	_	_
419-12	BOI029	419	12	successo	successo	_	_	_	_	_	linguistic	_	ContainsVariation=No	_	_	_	_	_	_
419-13	BOI029	419	13	durante	durante	_	_	_	_	_	linguistic	_	ContainsVariation=No	_	_	_	_	_	_
419-14	BOI029	419	14	la	la	_	_	_	_	_	linguistic	_	ContainsVariation=No	_	_	_	_	_	_
419-15	BOI029	419	15	seconda	seconda	_	_	_	_	_	linguistic	_	ContainsVariation=No	_	_	_	_	_	_
419-16	BOI029	419	16	guerra	guerra	_	_	_	_	_	linguistic	_	ContainsVariation=No	_	_	_	_	_	_
419-17	BOI029	419	17	mondiale	mondiale	_	_	_	_	_	linguistic	_	ContainsVariation=No	_	_	_	_	_	_
419-18	BOI029	419	18	io	io	_	_	_	_	_	linguistic	_	ContainsVariation=No	_	_	_	_	_	_
419-19	BOI029	419	19	ricordo	ricordo	_	_	_	_	_	linguistic	_	ContainsVariation=No	_	_	_	_	_	_
419-20	BOI029	419	20	l'	l'	_	_	_	_	_	linguistic	_	ContainsVariation=No	SpaceAfter=No	_	_	_	_	_
419-21	BOI029	419	21	anno	anno	_	_	_	_	_	linguistic	_	ContainsVariation=No	_	_	_	_	_	_
419-22	BOI029	419	22	scorso	scorso	_	_	_	_	_	linguistic	_	ContainsVariation=No	_	_	_	_	_	_
419-23	BOI029	419	23	abbiam	abbiam	_	_	_	_	_	linguistic	_	ContainsVariation=No	_	_	_	_	_	_
419-24	BOI029	419	24	visto	visto	_	_	_	_	_	linguistic	_	ContainsVariation=No	_	End=1750.427	_	_	_	_
420-0	BOI029	420	0	con	con	_	_	_	_	_	linguistic	_	ContainsVariation=No	_	Begin=1751.067	_	_	_	_
420-1	BOI029	420	1	mh	mh	_	_	_	_	_	linguistic	_	ContainsVariation=No	_	_	_	_	_	_
420-2	BOI029	420	2	i	i	_	_	_	_	_	linguistic	_	ContainsVariation=No	_	_	_	_	_	_
420-3	BOI029	420	3	miei	miei	_	_	_	_	_	linguistic	_	ContainsVariation=No	_	_	_	_	_	_
420-4	BOI029	420	4	ragazzi	ragazzi	_	_	_	_	_	linguistic	_	ContainsVariation=No	_	_	_	_	_	_
420-5	BOI029	420	5	delle	delle	_	_	_	_	_	linguistic	_	ContainsVariation=No	_	_	_	_	_	_
420-6	BOI029	420	6	foto,	foto	_	_	_	_	_	linguistic	_	ContainsVariation=No	Intonation=WeaklyRising	End=1753.767	_	_	_	_
421-0	BOI029	421	0	di	di	_	_	_	_	_	linguistic	_	ContainsVariation=No	_	Begin=1754.307	_	_	_	_
421-1	BOI029	421	1	salgado	salgado	_	_	_	_	_	linguistic	_	ContainsVariation=No	_	_	_	_	_	_
421-2	BOI029	421	2	su[gli	sugli	_	_	_	_	_	linguistic	_	ContainsVariation=No	_	_	_	_	_	2-5(79)
421-3	BOI029	421	3	eccidi]	eccidi	_	_	_	_	_	linguistic	_	ContainsVariation=No	_	_	_	_	_	0-6(79)
421-4	BOI029	421	4	tra	tra	_	_	_	_	_	linguistic	_	ContainsVariation=No	_	_	_	_	_	_
421-5	BOI029	421	5	i	i	_	_	_	_	_	linguistic	_	ContainsVariation=No	_	_	_	_	_	_
421-6	BOI029	421	6	<bantu>	bantu	_	_	_	_	_	linguistic	_	ContainsVariation=No	_	_	_	Slow=0-5(0)	_	_
421-7	BOI029	421	7	e	e	_	_	_	_	_	linguistic	_	ContainsVariation=No	_	_	_	_	_	_
421-8	BOI029	421	8	i,	i	_	_	_	_	_	linguistic	_	ContainsVariation=No	Intonation=WeaklyRising	End=1759.76	_	_	_	_
422-0	BOR001	422	0	[mhmh]	mhmh	_	_	_	_	_	linguistic	_	ContainsVariation=No	_	Begin=1755.77|End=1756.151	_	_	_	0-4(79)
423-0	BOI029	423	0	e:h	eh	_	_	_	_	_	linguistic	_	ContainsVariation=No	_	Begin=1760.526	0x1	_	_	_
423-1	BOI029	423	1	>non	non	_	_	_	_	_	linguistic	_	ContainsVariation=No	_	_	_	Fast=0-3(0)	_	_
423-2	BOI029	423	2	mi	mi	_	_	_	_	_	linguistic	_	ContainsVariation=No	_	_	_	Fast=0-2(0)	_	_
423-3	BOI029	423	3	ricordo	ricordo	_	_	_	_	_	linguistic	_	ContainsVariation=No	_	_	_	Fast=0-7(0)	_	_
423-4	BOI029	423	4	più<	più	_	_	_	_	_	linguistic	_	ContainsVariation=No	_	_	_	Fast=0-3(0)	_	_
423-5	BOI029	423	5	((ride))	((ride))	_	_	_	_	_	nonverbalbehavior	_	ContainsVariation=No	_	End=1762.173	_	_	_	_
424-0	BOI029	424	0	eh	eh	_	_	_	_	_	linguistic	_	ContainsVariation=No	_	Begin=1762.65	_	_	_	_
424-1	BOI029	424	1	in	in	_	_	_	_	_	linguistic	_	ContainsVariation=No	_	_	_	_	_	_
424-2	BOI029	424	2	Africa	africa	_	_	_	_	_	linguistic	_	ContainsVariation=No	Volume=high	_	_	_	_	_
424-3	BOI029	424	3	a:h	ah	_	_	_	_	_	linguistic	_	ContainsVariation=No	_	_	0x1	_	_	_
424-4	BOI029	424	4	delle	delle	_	_	_	_	_	linguistic	_	ContainsVariation=No	_	_	_	_	_	_
424-5	BOI029	424	5	robe	robe	_	_	_	_	_	linguistic	_	ContainsVariation=No	_	_	_	_	_	_
424-6	BOI029	424	6	terrificanti	terrificanti	_	_	_	_	_	linguistic	_	ContainsVariation=No	_	_	_	_	_	_
424-7	BOI029	424	7	cioè	cioè	_	_	_	_	_	linguistic	_	ContainsVariation=No	_	_	_	_	_	_
424-8	BOI029	424	8	insomma:	insomma	_	_	_	_	_	linguistic	_	ContainsVariation=No	_	End=1767.95	6x1	_	_	_
425-0	BOI029	425	0	°e:°	e	_	_	_	_	_	linguistic	_	ContainsVariation=No	Volume=low	Begin=1769.05	0x1	_	_	_
425-1	BOI029	425	1	e	e	_	_	_	_	_	linguistic	_	ContainsVariation=No	_	_	_	_	_	_
425-2	BOI029	425	2	quindi	quindi	_	_	_	_	_	linguistic	_	ContainsVariation=No	_	_	_	_	_	_
425-3	BOI029	425	3	insomma	insomma	_	_	_	_	_	linguistic	_	ContainsVariation=No	_	_	_	_	_	_
425-4	BOI029	425	4	è	è	_	_	_	_	_	linguistic	_	ContainsVariation=No	_	_	_	_	_	_
425-5	BOI029	425	5	un	un	_	_	_	_	_	linguistic	_	ContainsVariation=No	_	_	_	_	_	_
425-6	BOI029	425	6	problema	problema	_	_	_	_	_	linguistic	_	ContainsVariation=No	_	_	_	_	_	_
425-7	BOI029	425	7	da	da	_	_	_	_	_	linguistic	_	ContainsVariation=No	_	_	_	_	_	_
425-8	BOI029	425	8	porsi	porsi	_	_	_	_	_	linguistic	_	ContainsVariation=No	_	_	_	_	_	_
425-9	BOI029	425	9	non:	non	_	_	_	_	_	linguistic	_	ContainsVariation=No	_	End=1773.402	2x1	_	_	_
426-0	BOI029	426	0	cioè	cioè	_	_	_	_	_	linguistic	_	ContainsVariation=No	_	Begin=1774.61	_	_	_	_
426-1	BOI029	426	1	va	va	_	_	_	_	_	linguistic	_	ContainsVariation=No	_	_	_	_	_	_
426-2	BOI029	426	2	bene	bene	_	_	_	_	_	linguistic	_	ContainsVariation=No	_	_	_	_	_	_
426-3	BOI029	426	3	la	la	_	_	_	_	_	linguistic	_	ContainsVariation=No	_	_	_	_	_	_
426-4	BOI029	426	4	memoria	memoria	_	_	_	_	_	linguistic	_	ContainsVariation=No	_	_	_	_	_	_
426-5	BOI029	426	5	di	di	_	_	_	_	_	linguistic	_	ContainsVariation=No	_	_	_	_	_	_
426-6	BOI029	426	6	ciò	ciò	_	_	_	_	_	linguistic	_	ContainsVariation=No	_	_	_	_	_	_
426-7	BOI029	426	7	che	che	_	_	_	_	_	linguistic	_	ContainsVariation=No	_	_	_	_	_	_
426-8	BOI029	426	8	è	è	_	_	_	_	_	linguistic	_	ContainsVariation=No	_	_	_	_	_	_
426-9	BOI029	426	9	stato	stato	_	_	_	_	_	linguistic	_	ContainsVariation=No	_	_	_	_	_	_
426-10	BOI029	426	10	ma	ma	_	_	_	_	_	linguistic	_	ContainsVariation=No	_	_	_	_	_	_
426-11	BOI029	426	11	anche	anche	_	_	_	_	_	linguistic	_	ContainsVariation=No	_	_	_	_	_	_
426-12	BOI029	426	12	questo	questo	_	_	_	_	_	linguistic	_	ContainsVariation=No	_	_	_	_	_	_
426-13	BOI029	426	13	è	è	_	_	_	_	_	linguistic	_	ContainsVariation=No	_	_	_	_	_	_
426-14	BOI029	426	14	stato	stato	_	_	_	_	_	linguistic	_	ContainsVariation=No	_	End=1778.52	_	_	_	_
427-0	BOR001	427	0	mhmh	mhmh	_	_	_	_	_	linguistic	_	ContainsVariation=No	PauseAfter=Yes	Begin=1778.77	_	_	_	_
427-1	BOR001	427	1	(.)	(.)	_	_	_	_	_	shortpause	_	ContainsVariation=No	_	_	_	_	_	_
427-2	BOR001	427	2	sì	sì	_	_	_	_	_	linguistic	_	ContainsVariation=No	_	End=1779.65	_	_	_	_
428-0	BOR001	428	0	xx	xx	_	_	_	_	_	unknown	_	ContainsVariation=No	PauseAfter=Yes|Syllables=2	Begin=1780.1	_	_	_	_
428-1	BOR001	428	1	(.)	(.)	_	_	_	_	_	shortpause	_	ContainsVariation=No	_	_	_	_	_	_
428-2	BOR001	428	2	sì	sì	_	_	_	_	_	linguistic	_	ContainsVariation=No	PauseAfter=Yes	_	_	_	_	_
428-3	BOR001	428	3	(.)	(.)	_	_	_	_	_	shortpause	_	ContainsVariation=No	_	_	_	_	_	_
428-4	BOR001	428	4	no	no	_	_	_	_	_	linguistic	_	ContainsVariation=No	_	_	_	_	_	_
428-5	BOR001	428	5	è:	è	_	_	_	_	_	linguistic	_	ContainsVariation=No	_	_	0x1	_	_	_
428-6	BOR001	428	6	ehm	ehm	_	_	_	_	_	linguistic	_	ContainsVariation=No	_	_	_	_	_	_
428-7	BOR001	428	7	ehm	ehm	_	_	_	_	_	linguistic	_	ContainsVariation=No	_	End=1784.107	_	_	_	_
429-0	BOR001	429	0	è	è	_	_	_	_	_	linguistic	_	ContainsVariation=No	_	Begin=1784.893	_	_	_	_
429-1	BOR001	429	1	importante	importante	_	_	_	_	_	linguistic	_	ContainsVariation=No	_	_	_	_	_	_
429-2	BOR001	429	2	questo	questo	_	_	_	_	_	linguistic	_	ContainsVariation=No	_	_	_	_	_	_
429-3	BOR001	429	3	[progetto	progetto	_	_	_	_	_	linguistic	_	ContainsVariation=No	_	_	_	_	_	0-8(80)
429-4	BOR001	429	4	è:]	è	_	_	_	_	_	linguistic	_	ContainsVariation=No	_	End=1788.506	0x1	_	_	0-1(80)
430-0	BOI029	430	0	[sì	sì	_	_	_	_	_	linguistic	_	ContainsVariation=No	_	Begin=1786.189	_	_	_	0-2(80)
430-1	BOI029	430	1	cioè	cioè	_	_	_	_	_	linguistic	_	ContainsVariation=No	_	_	_	_	_	0-4(80)
430-2	BOI029	430	2	nel	nel	_	_	_	_	_	linguistic	_	ContainsVariation=No	_	_	_	_	_	0-3(80)
430-3	BOI029	430	3	se]nso	senso	_	_	_	_	_	linguistic	_	ContainsVariation=No	_	_	_	_	_	0-2(80)
430-4	BOI029	430	4	anche	anche	_	_	_	_	_	linguistic	_	ContainsVariation=No	_	_	_	_	_	_
430-5	BOI029	430	5	proprio	proprio	_	_	_	_	_	linguistic	_	ContainsVariation=No	_	_	_	_	_	_
430-6	BOI029	430	6	dire:	dire	_	_	_	_	_	linguistic	_	ContainsVariation=No	_	End=1789.75	3x1	_	_	_
431-0	BOI029	431	0	gli	gli	_	_	_	_	_	linguistic	_	ContainsVariation=No	_	Begin=1789.85	_	_	_	_
431-1	BOI029	431	1	occhi	occhi	_	_	_	_	_	linguistic	_	ContainsVariation=No	_	_	_	_	_	_
431-2	BOI029	431	2	vanno	vanno	_	_	_	_	_	linguistic	_	ContainsVariation=No	_	_	_	_	_	_
431-3	BOI029	431	3	aperti	aperti	_	_	_	_	_	linguistic	_	ContainsVariation=No	_	_	_	_	_	_
431-4	BOI029	431	4	su	su	_	_	_	_	_	linguistic	_	ContainsVariation=No	_	_	_	_	_	_
431-5	BOI029	431	5	ciò	ciò	_	_	_	_	_	linguistic	_	ContainsVariation=No	_	_	_	_	_	_
431-6	BOI029	431	6	che	che	_	_	_	_	_	linguistic	_	ContainsVariation=No	_	_	_	_	_	_
431-7	BOI029	431	7	è	è	_	_	_	_	_	linguistic	_	ContainsVariation=No	_	_	_	_	_	_
431-8	BOI029	431	8	stato	stato	_	_	_	_	_	linguistic	_	ContainsVariation=No	_	_	_	_	_	_
431-9	BOI029	431	9	ma	ma	_	_	_	_	_	linguistic	_	ContainsVariation=No	_	_	_	_	_	_
431-10	BOI029	431	10	anche	anche	_	_	_	_	_	linguistic	_	ContainsVariation=No	_	_	_	_	_	_
431-11	BOI029	431	11	su	su	_	_	_	_	_	linguistic	_	ContainsVariation=No	_	_	_	_	_	_
431-12	BOI029	431	12	ciò	ciò	_	_	_	_	_	linguistic	_	ContainsVariation=No	_	_	_	_	_	_
431-13	BOI029	431	13	che	che	_	_	_	_	_	linguistic	_	ContainsVariation=No	_	_	_	_	_	_
431-14	BOI029	431	14	è	è	_	_	_	_	_	linguistic	_	ContainsVariation=No	_	_	_	_	_	_
431-15	BOI029	431	15	ehm	ehm	_	_	_	_	_	linguistic	_	ContainsVariation=No	_	End=1794.115	_	_	_	_
432-0	BOI029	432	0	sei	sei	_	_	_	_	_	linguistic	_	ContainsVariation=No	_	Begin=1794.8	_	_	_	_
432-1	BOI029	432	1	stato	stato	_	_	_	_	_	linguistic	_	ContainsVariation=No	_	_	_	_	_	_
432-2	BOI029	432	2	fortunato	fortunato	_	_	_	_	_	linguistic	_	ContainsVariation=No	_	_	_	_	_	_
432-3	BOI029	432	3	sei	sei	_	_	_	_	_	linguistic	_	ContainsVariation=No	_	_	_	_	_	_
432-4	BOI029	432	4	nato	nato	_	_	_	_	_	linguistic	_	ContainsVariation=No	_	_	_	_	_	_
432-5	BOI029	432	5	qui	qui	_	_	_	_	_	linguistic	_	ContainsVariation=No	PauseAfter=Yes	_	_	_	_	_
432-6	BOI029	432	6	(.)	(.)	_	_	_	_	_	shortpause	_	ContainsVariation=No	_	_	_	_	_	_
432-7	BOI029	432	7	e:h	eh	_	_	_	_	_	linguistic	_	ContainsVariation=No	_	End=1798.43	0x1	_	_	_
433-0	BOI029	433	0	c'	c'	_	_	_	_	_	linguistic	_	ContainsVariation=No	SpaceAfter=No	Begin=1800.009	_	_	_	_
433-1	BOI029	433	1	è	è	_	_	_	_	_	linguistic	_	ContainsVariation=No	_	_	_	_	_	_
433-2	BOI029	433	2	altra	altra	_	_	_	_	_	linguistic	_	ContainsVariation=No	_	_	_	_	_	_
433-3	BOI029	433	3	gente	gente	_	_	_	_	_	linguistic	_	ContainsVariation=No	_	_	_	_	_	_
433-4	BOI029	433	4	che	che	_	_	_	_	_	linguistic	_	ContainsVariation=No	_	_	_	_	_	_
433-5	BOI029	433	5	>insomma<	insomma	_	_	_	_	_	linguistic	_	ContainsVariation=No	_	_	_	Fast=0-7(0)	_	_
433-6	BOI029	433	6	vive	vive	_	_	_	_	_	linguistic	_	ContainsVariation=No	_	_	_	_	_	_
433-7	BOI029	433	7	situazioni	situazioni	_	_	_	_	_	linguistic	_	ContainsVariation=No	_	_	_	_	_	_
433-8	BOI029	433	8	ben	ben	_	_	_	_	_	linguistic	_	ContainsVariation=No	_	_	_	_	_	_
433-9	BOI029	433	9	più	più	_	_	_	_	_	linguistic	_	ContainsVariation=No	_	_	_	_	_	_
433-10	BOI029	433	10	difficili	difficili	_	_	_	_	_	linguistic	_	ContainsVariation=No	_	_	_	_	_	_
433-11	BOI029	433	11	rispetto	rispetto	_	_	_	_	_	linguistic	_	ContainsVariation=No	_	_	_	_	_	_
433-12	BOI029	433	12	a	a	_	_	_	_	_	linguistic	_	ContainsVariation=No	_	_	_	_	_	_
433-13	BOI029	433	13	quelle	quelle	_	_	_	_	_	linguistic	_	ContainsVariation=No	_	_	_	_	_	_
433-14	BOI029	433	14	che	che	_	_	_	_	_	linguistic	_	ContainsVariation=No	_	End=1805.22	_	_	_	_
434-0	BOR001	434	0	sì	sì	_	_	_	_	_	linguistic	_	ContainsVariation=No	_	Begin=1806.72	_	_	_	_
434-1	BOR001	434	1	e	e	_	_	_	_	_	linguistic	_	ContainsVariation=No	_	_	_	_	_	_
434-2	BOR001	434	2	mh	mh	_	_	_	_	_	linguistic	_	ContainsVariation=No	_	_	_	_	_	_
434-3	BOR001	434	3	penso	penso	_	_	_	_	_	linguistic	_	ContainsVariation=No	_	_	_	_	_	_
434-4	BOR001	434	4	sia	sia	_	_	_	_	_	linguistic	_	ContainsVariation=No	_	_	_	_	_	_
434-5	BOR001	434	5	anche	anche	_	_	_	_	_	linguistic	_	ContainsVariation=No	_	_	_	_	_	_
434-6	BOR001	434	6	una	una	_	_	_	_	_	linguistic	_	ContainsVariation=No	_	_	_	_	_	_
434-7	BOR001	434	7	cosa:	cosa	_	_	_	_	_	linguistic	_	ContainsVariation=No	_	_	3x1	_	_	_
434-8	BOR001	434	8	eh	eh	_	_	_	_	_	linguistic	_	ContainsVariation=No	_	_	_	_	_	_
434-9	BOR001	434	9	>proprio<	proprio	_	_	_	_	_	linguistic	_	ContainsVariation=No	_	_	_	Fast=0-7(0)	_	_
434-10	BOR001	434	10	giusta	giusta	_	_	_	_	_	linguistic	_	ContainsVariation=No	_	_	_	_	_	_
434-11	BOR001	434	11	farla	farla	_	_	_	_	_	linguistic	_	ContainsVariation=No	_	_	_	_	_	_
434-12	BOR001	434	12	ehm	ehm	_	_	_	_	_	linguistic	_	ContainsVariation=No	PauseAfter=Yes	_	_	_	_	_
434-13	BOR001	434	13	(.)	(.)	_	_	_	_	_	shortpause	_	ContainsVariation=No	_	_	_	_	_	_
434-14	BOR001	434	14	alle	alle	_	_	_	_	_	linguistic	_	ContainsVariation=No	_	_	_	_	_	_
434-15	BOR001	434	15	medie,	medie	_	_	_	_	_	linguistic	_	ContainsVariation=No	Intonation=WeaklyRising	_	_	_	_	_
434-16	BOR001	434	16	c(io)è	cioè	_	_	_	_	_	linguistic	_	ContainsVariation=No	Reduced=Yes	_	_	_	_	_
434-17	BOR001	434	17	mh	mh	_	_	_	_	_	linguistic	_	ContainsVariation=No	_	End=1816.05	_	_	_	_
435-0	BOI029	435	0	<sì>	sì	_	_	_	_	_	linguistic	_	ContainsVariation=No	_	Begin=1816.34	_	Slow=0-2(0)	_	_
435-1	BOI029	435	1	metti	metti	_	_	_	_	_	linguistic	_	ContainsVariation=No	_	_	_	_	_	_
435-2	BOI029	435	2	qualche	qualche	_	_	_	_	_	linguistic	_	ContainsVariation=No	_	_	_	_	_	_
435-3	BOI029	435	3	semino	semino	_	_	_	_	_	linguistic	_	ContainsVariation=No	_	_	_	_	_	_
435-4	BOI029	435	4	perché	perché	_	_	_	_	_	linguistic	_	ContainsVariation=No	_	_	_	_	_	_
435-5	BOI029	435	5	poi	poi	_	_	_	_	_	linguistic	_	ContainsVariation=No	_	_	_	_	_	_
435-6	BOI029	435	6	non	non	_	_	_	_	_	linguistic	_	ContainsVariation=No	_	_	_	_	_	_
435-7	BOI029	435	7	è	è	_	_	_	_	_	linguistic	_	ContainsVariation=No	_	_	_	_	_	_
435-8	BOI029	435	8	che	che	_	_	_	_	_	linguistic	_	ContainsVariation=No	_	_	_	_	_	_
435-9	BOI029	435	9	[puoi	puoi	_	_	_	_	_	linguistic	_	ContainsVariation=No	_	_	_	_	_	0-4(81)
435-10	BOI029	435	10	fa]re	fare	_	_	_	_	_	linguistic	_	ContainsVariation=No	_	_	_	_	_	0-2(81)
435-11	BOI029	435	11	però	però	_	_	_	_	_	linguistic	_	ContainsVariation=No	_	End=1819.94	_	_	_	_
436-0	BOR001	436	0	[sì]	sì	_	_	_	_	_	linguistic	_	ContainsVariation=No	_	Begin=1819.006|End=1819.39	_	_	_	0-2(81)
437-0	BOI029	437	0	il	il	_	_	_	_	_	linguistic	_	ContainsVariation=No	_	Begin=1819.99	_	_	_	_
437-1	BOI029	437	1	fatto	fatto	_	_	_	_	_	linguistic	_	ContainsVariation=No	_	_	_	_	_	_
437-2	BOI029	437	2	d~	d~	_	_	_	_	_	linguistic	_	ContainsVariation=No	Interrupted=Yes	_	_	_	_	_
437-3	BOI029	437	3	di	di	_	_	_	_	_	linguistic	_	ContainsVariation=No	_	_	_	_	_	_
437-4	BOI029	437	4	fare	fare	_	_	_	_	_	linguistic	_	ContainsVariation=No	_	_	_	_	_	_
437-5	BOI029	437	5	questa	questa	_	_	_	_	_	linguistic	_	ContainsVariation=No	_	_	_	_	_	_
437-6	BOI029	437	6	riflessione	riflessione	_	_	_	_	_	linguistic	_	ContainsVariation=No	_	_	_	_	_	_
437-7	BOI029	437	7	secondo	secondo	_	_	_	_	_	linguistic	_	ContainsVariation=No	_	_	_	_	_	_
437-8	BOI029	437	8	me:	me	_	_	_	_	_	linguistic	_	ContainsVariation=No	_	_	1x1	_	_	_
437-9	BOI029	437	9	è	è	_	_	_	_	_	linguistic	_	ContainsVariation=No	_	_	_	_	_	_
437-10	BOI029	437	10	importante	importante	_	_	_	_	_	linguistic	_	ContainsVariation=No	_	_	_	_	_	_
437-11	BOI029	437	11	[ecco]	ecco	_	_	_	_	_	linguistic	_	ContainsVariation=No	_	End=1824.46	_	_	_	0-4(82)
438-0	BOR001	438	0	[sì	sì	_	_	_	_	_	linguistic	_	ContainsVariation=No	_	Begin=1823.99	_	_	_	0-2(82)
438-1	BOR001	438	1	sì]	sì	_	_	_	_	_	linguistic	_	ContainsVariation=No	_	_	_	_	_	0-2(82)
438-2	BOR001	438	2	e~	e~	_	_	_	_	_	linguistic	_	ContainsVariation=No	Interrupted=Yes	_	_	_	_	_
438-3	BOR001	438	3	e~	e~	_	_	_	_	_	linguistic	_	ContainsVariation=No	Interrupted=Yes	_	_	_	_	_
438-4	BOR001	438	4	e	e	_	_	_	_	_	linguistic	_	ContainsVariation=No	_	_	_	_	_	_
438-5	BOR001	438	5	mh	mh	_	_	_	_	_	linguistic	_	ContainsVariation=No	_	_	_	_	_	_
438-6	BOR001	438	6	perché	perché	_	_	_	_	_	linguistic	_	ContainsVariation=No	_	_	_	_	_	_
438-7	BOR001	438	7	alle	alle	_	_	_	_	_	linguistic	_	ContainsVariation=No	_	_	_	_	_	_
438-8	BOR001	438	8	superiori	superiori	_	_	_	_	_	linguistic	_	ContainsVariation=No	_	_	_	_	_	_
438-9	BOR001	438	9	spesso	spesso	_	_	_	_	_	linguistic	_	ContainsVariation=No	_	_	_	_	_	_
438-10	BOR001	438	10	o	o	_	_	_	_	_	linguistic	_	ContainsVariation=No	_	_	_	_	_	_
438-11	BOR001	438	11	almeno	almeno	_	_	_	_	_	linguistic	_	ContainsVariation=No	_	_	_	_	_	_
438-12	BOR001	438	12	per	per	_	_	_	_	_	linguistic	_	ContainsVariation=No	_	_	_	_	_	_
438-13	BOR001	438	13	la	la	_	_	_	_	_	linguistic	_	ContainsVariation=No	_	_	_	_	_	_
438-14	BOR001	438	14	mia	mia	_	_	_	_	_	linguistic	_	ContainsVariation=No	_	_	_	_	_	_
438-15	BOR001	438	15	esperienza	esperienza	_	_	_	_	_	linguistic	_	ContainsVariation=No	_	End=1828.68	_	_	_	_
439-0	BOR001	439	0	cioè:	cioè	_	_	_	_	_	linguistic	_	ContainsVariation=No	_	Begin=1829.72	3x1	_	_	_
439-1	BOR001	439	1	la	la	_	_	_	_	_	linguistic	_	ContainsVariation=No	_	_	_	_	_	_
439-2	BOR001	439	2	seconda	seconda	_	_	_	_	_	linguistic	_	ContainsVariation=No	_	_	_	_	_	_
439-3	BOR001	439	3	guerra	guerra	_	_	_	_	_	linguistic	_	ContainsVariation=No	_	_	_	_	_	_
439-4	BOR001	439	4	mondiale	mondiale	_	_	_	_	_	linguistic	_	ContainsVariation=No	_	_	_	_	_	_
439-5	BOR001	439	5	si	si	_	_	_	_	_	linguistic	_	ContainsVariation=No	_	_	_	_	_	_
439-6	BOR001	439	6	è	è	_	_	_	_	_	linguistic	_	ContainsVariation=No	_	_	_	_	_	_
439-7	BOR001	439	7	a	a	_	_	_	_	_	linguistic	_	ContainsVariation=No	_	_	_	_	_	_
439-8	BOR001	439	8	malapena:[sc~]	malapenasc~	_	_	_	_	_	linguistic	_	ContainsVariation=No	Interrupted=Yes	End=1833.31	7x1	_	_	8-11(83)
440-0	BOI029	440	0	[sfiora]ta.	sfiorata	_	_	_	_	_	linguistic	_	ContainsVariation=No	Intonation=Falling	Begin=1833.17|End=1833.67	_	_	_	0-6(83)
441-0	BOR001	441	0	sì	sì	_	_	_	_	_	linguistic	_	ContainsVariation=No	_	Begin=1833.95	_	_	_	_
441-1	BOR001	441	1	la	la	_	_	_	_	_	linguistic	_	ContainsVariation=No	_	_	_	_	_	_
441-2	BOR001	441	2	tocchi	tocchi	_	_	_	_	_	linguistic	_	ContainsVariation=No	_	_	_	_	_	_
441-3	BOR001	441	3	un	un	_	_	_	_	_	linguistic	_	ContainsVariation=No	_	_	_	_	_	_
441-4	BOR001	441	4	po'	po'	_	_	_	_	_	linguistic	_	ContainsVariation=No	_	_	_	_	_	_
441-5	BOR001	441	5	così	così	_	_	_	_	_	linguistic	_	ContainsVariation=No	_	_	_	_	_	_
441-6	BOR001	441	6	ma	ma	_	_	_	_	_	linguistic	_	ContainsVariation=No	_	_	_	_	_	_
441-7	BOR001	441	7	si	si	_	_	_	_	_	linguistic	_	ContainsVariation=No	_	_	_	_	_	_
441-8	BOR001	441	8	arriva	arriva	_	_	_	_	_	linguistic	_	ContainsVariation=No	_	_	_	_	_	_
441-9	BOR001	441	9	perché	perché	_	_	_	_	_	linguistic	_	ContainsVariation=No	_	_	_	_	_	_
441-10	BOR001	441	10	è	è	_	_	_	_	_	linguistic	_	ContainsVariation=No	_	_	_	_	_	_
441-11	BOR001	441	11	sempre	sempre	_	_	_	_	_	linguistic	_	ContainsVariation=No	_	_	_	_	_	_
441-12	BOR001	441	12	l'	l'	_	_	_	_	_	linguistic	_	ContainsVariation=No	SpaceAfter=No	_	_	_	_	_
441-13	BOR001	441	13	ultima	ultima	_	_	_	_	_	linguistic	_	ContainsVariation=No	_	_	_	_	_	_
441-14	BOR001	441	14	cosa	cosa	_	_	_	_	_	linguistic	_	ContainsVariation=No	_	_	_	_	_	_
441-15	BOR001	441	15	[praticame]nte	praticamente	_	_	_	_	_	linguistic	_	ContainsVariation=No	_	_	_	_	_	0-9(84)
441-16	BOR001	441	16	del	del	_	_	_	_	_	linguistic	_	ContainsVariation=No	_	_	_	_	_	_
441-17	BOR001	441	17	programma	programma	_	_	_	_	_	linguistic	_	ContainsVariation=No	_	_	_	_	_	_
441-18	BOR001	441	18	e:	e	_	_	_	_	_	linguistic	_	ContainsVariation=No	_	End=1839.784	0x1	_	_	_
442-0	BOI029	442	0	[mhmh]	mhmh	_	_	_	_	_	linguistic	_	ContainsVariation=No	_	Begin=1837.33|End=1837.81	_	_	_	0-4(84)
443-0	BOR001	443	0	e:h	eh	_	_	_	_	_	linguistic	_	ContainsVariation=No	_	Begin=1840.084	0x1	_	_	_
443-1	BOR001	443	1	praticamente	praticamente	_	_	_	_	_	linguistic	_	ContainsVariation=No	_	_	_	_	_	_
443-2	BOR001	443	2	si	si	_	_	_	_	_	linguistic	_	ContainsVariation=No	_	_	_	_	_	_
443-3	BOR001	443	3	è	è	_	_	_	_	_	linguistic	_	ContainsVariation=No	_	_	_	_	_	_
443-4	BOR001	443	4	sempre	sempre	_	_	_	_	_	linguistic	_	ContainsVariation=No	_	_	_	_	_	_
443-5	BOR001	443	5	in	in	_	_	_	_	_	linguistic	_	ContainsVariation=No	_	_	_	_	_	_
443-6	BOR001	443	6	ritardo	ritardo	_	_	_	_	_	linguistic	_	ContainsVariation=No	_	_	_	_	_	_
443-7	BOR001	443	7	perché:	perché	_	_	_	_	_	linguistic	_	ContainsVariation=No	_	_	5x1	_	_	_
443-8	BOR001	443	8	non	non	_	_	_	_	_	linguistic	_	ContainsVariation=No	_	End=1843.98	_	_	_	_
444-0	BOI029	444	0	sì	sì	_	_	_	_	_	linguistic	_	ContainsVariation=No	_	Begin=1844.04	_	_	_	_
444-1	BOI029	444	1	sì	sì	_	_	_	_	_	linguistic	_	ContainsVariation=No	_	_	_	_	_	_
444-2	BOI029	444	2	però	però	_	_	_	_	_	linguistic	_	ContainsVariation=No	_	_	_	_	_	_
444-3	BOI029	444	3	questo	questo	_	_	_	_	_	linguistic	_	ContainsVariation=No	_	_	_	_	_	_
444-4	BOI029	444	4	è	è	_	_	_	_	_	linguistic	_	ContainsVariation=No	_	_	_	_	_	_
444-5	BOI029	444	5	è	è	_	_	_	_	_	linguistic	_	ContainsVariation=No	_	_	_	_	_	_
444-6	BOI029	444	6	sbagliatissimo	sbagliatissimo	_	_	_	_	_	linguistic	_	ContainsVariation=No	_	_	_	_	_	_
444-7	BOI029	444	7	nel	nel	_	_	_	_	_	linguistic	_	ContainsVariation=No	_	_	_	_	_	_
444-8	BOI029	444	8	[senso]	senso	_	_	_	_	_	linguistic	_	ContainsVariation=No	_	_	_	_	_	0-5(85)
444-9	BOI029	444	9	che	che	_	_	_	_	_	linguistic	_	ContainsVariation=No	_	_	_	_	_	_
444-10	BOI029	444	10	eh	eh	_	_	_	_	_	linguistic	_	ContainsVariation=No	_	_	_	_	_	_
444-11	BOI029	444	11	capisco	capisco	_	_	_	_	_	linguistic	_	ContainsVariation=No	_	_	_	_	_	_
444-12	BOI029	444	12	quando	quando	_	_	_	_	_	linguistic	_	ContainsVariation=No	_	_	_	_	_	_
444-13	BOI029	444	13	io	io	_	_	_	_	_	linguistic	_	ContainsVariation=No	_	_	_	_	_	_
444-14	BOI029	444	14	facevo	facevo	_	_	_	_	_	linguistic	_	ContainsVariation=No	_	End=1849.227	_	_	_	_
445-0	BOR001	445	0	[mh]	mh	_	_	_	_	_	linguistic	_	ContainsVariation=No	_	Begin=1846.45|End=1846.81	_	_	_	0-2(85)
446-0	BOI029	446	0	di	di	_	_	_	_	_	linguistic	_	ContainsVariation=No	_	Begin=1849.54	_	_	_	_
446-1	BOI029	446	1	corsa	corsa	_	_	_	_	_	linguistic	_	ContainsVariation=No	_	_	_	_	_	_
446-2	BOI029	446	2	>l'	l'	_	_	_	_	_	linguistic	_	ContainsVariation=No	SpaceAfter=No	_	_	Fast=0-2(0)	_	_
446-3	BOI029	446	3	ultim~<	ultim~	_	_	_	_	_	linguistic	_	ContainsVariation=No	Interrupted=Yes	_	_	Fast=0-6(0)	_	_
446-4	BOI029	446	4	la	la	_	_	_	_	_	linguistic	_	ContainsVariation=No	_	_	_	_	_	_
446-5	BOI029	446	5	seconda	seconda	_	_	_	_	_	linguistic	_	ContainsVariation=No	_	_	_	_	_	_
446-6	BOI029	446	6	guerra	guerra	_	_	_	_	_	linguistic	_	ContainsVariation=No	_	_	_	_	_	_
446-7	BOI029	446	7	mondiale	mondiale	_	_	_	_	_	linguistic	_	ContainsVariation=No	_	_	_	_	_	_
446-8	BOI029	446	8	e	e	_	_	_	_	_	linguistic	_	ContainsVariation=No	_	_	_	_	_	_
446-9	BOI029	446	9	poi	poi	_	_	_	_	_	linguistic	_	ContainsVariation=No	_	_	_	_	_	_
446-10	BOI029	446	10	non	non	_	_	_	_	_	linguistic	_	ContainsVariation=No	_	_	_	_	_	_
446-11	BOI029	446	11	si	si	_	_	_	_	_	linguistic	_	ContainsVariation=No	_	_	_	_	_	_
446-12	BOI029	446	12	riusciva	riusciva	_	_	_	_	_	linguistic	_	ContainsVariation=No	_	_	_	_	_	_
446-13	BOI029	446	13	a	a	_	_	_	_	_	linguistic	_	ContainsVariation=No	_	_	_	_	_	_
446-14	BOI029	446	14	far	far	_	_	_	_	_	linguistic	_	ContainsVariation=No	_	_	_	_	_	_
446-15	BOI029	446	15	niente	niente	_	_	_	_	_	linguistic	_	ContainsVariation=No	_	End=1853.97	_	_	_	_
447-0	BOI029	447	0	e:h	eh	_	_	_	_	_	linguistic	_	ContainsVariation=No	_	Begin=1854.641	0x1	_	_	_
447-1	BOI029	447	1	però	però	_	_	_	_	_	linguistic	_	ContainsVariation=No	_	_	_	_	_	_
447-2	BOI029	447	2	eh	eh	_	_	_	_	_	linguistic	_	ContainsVariation=No	_	_	_	_	_	_
447-3	BOI029	447	3	sono	sono	_	_	_	_	_	linguistic	_	ContainsVariation=No	_	_	_	_	_	_
447-4	BOI029	447	4	passati	passati	_	_	_	_	_	linguistic	_	ContainsVariation=No	_	_	_	_	_	_
447-5	BOI029	447	5	quarant'	quarant'	_	_	_	_	_	linguistic	_	ContainsVariation=No	SpaceAfter=No	_	_	_	_	_
447-6	BOI029	447	6	anni,	anni	_	_	_	_	_	linguistic	_	ContainsVariation=No	Intonation=WeaklyRising	End=1857.1	_	_	_	_
448-0	BOI029	448	0	e	e	_	_	_	_	_	linguistic	_	ContainsVariation=No	_	Begin=1857.54	_	_	_	_
448-1	BOI029	448	1	quindi	quindi	_	_	_	_	_	linguistic	_	ContainsVariation=No	_	_	_	_	_	_
448-2	BOI029	448	2	questi	questi	_	_	_	_	_	linguistic	_	ContainsVariation=No	_	_	_	_	_	_
448-3	BOI029	448	3	quarant'	quarant'	_	_	_	_	_	linguistic	_	ContainsVariation=No	SpaceAfter=No	_	_	_	_	_
448-4	BOI029	448	4	anni	anni	_	_	_	_	_	linguistic	_	ContainsVariation=No	_	_	_	_	_	_
448-5	BOI029	448	5	e:h	eh	_	_	_	_	_	linguistic	_	ContainsVariation=No	_	End=1859.91	0x1	_	_	_
449-0	BOI029	449	0	hanno	hanno	_	_	_	_	_	linguistic	_	ContainsVariation=No	_	Begin=1860.47	_	_	_	_
449-1	BOI029	449	1	la	la	_	_	_	_	_	linguistic	_	ContainsVariation=No	_	_	_	_	_	_
449-2	BOI029	449	2	loro	loro	_	_	_	_	_	linguistic	_	ContainsVariation=No	_	_	_	_	_	_
449-3	BOI029	449	3	importanza	importanza	_	_	_	_	_	linguistic	_	ContainsVariation=No	_	_	_	_	_	_
449-4	BOI029	449	4	insomma	insomma	_	_	_	_	_	linguistic	_	ContainsVariation=No	_	_	_	_	_	_
449-5	BOI029	449	5	[quindi]	quindi	_	_	_	_	_	linguistic	_	ContainsVariation=No	_	_	_	_	_	0-6(86)
449-6	BOI029	449	6	non	non	_	_	_	_	_	linguistic	_	ContainsVariation=No	_	_	_	_	_	_
449-7	BOI029	449	7	puoi	puoi	_	_	_	_	_	linguistic	_	ContainsVariation=No	_	_	_	_	_	_
449-8	BOI029	449	8	più	più	_	_	_	_	_	linguistic	_	ContainsVariation=No	_	_	_	_	_	_
449-9	BOI029	449	9	lasciare	lasciare	_	_	_	_	_	linguistic	_	ContainsVariation=No	_	_	_	_	_	_
449-10	BOI029	449	10	non	non	_	_	_	_	_	linguistic	_	ContainsVariation=No	_	_	_	_	_	_
449-11	BOI029	449	11	so	so	_	_	_	_	_	linguistic	_	ContainsVariation=No	_	End=1864.15	_	_	_	_
450-0	BOR001	450	0	[sì]	sì	_	_	_	_	_	linguistic	_	ContainsVariation=No	_	Begin=1862.17|End=1862.38	_	_	_	0-2(86)
451-0	BOI029	451	0	la	la	_	_	_	_	_	linguistic	_	ContainsVariation=No	_	Begin=1864.55	_	_	_	_
451-1	BOI029	451	1	caduta	caduta	_	_	_	_	_	linguistic	_	ContainsVariation=No	_	_	_	_	_	_
451-2	BOI029	451	2	del	del	_	_	_	_	_	linguistic	_	ContainsVariation=No	_	_	_	_	_	_
451-3	BOI029	451	3	muro,	muro	_	_	_	_	_	linguistic	_	ContainsVariation=No	Intonation=WeaklyRising	_	_	_	_	_
451-4	BOI029	451	4	eh	eh	_	_	_	_	_	linguistic	_	ContainsVariation=No	_	_	_	_	_	_
451-5	BOI029	451	5	la	la	_	_	_	_	_	linguistic	_	ContainsVariation=No	_	_	_	_	_	_
451-6	BOI029	451	6	mafia,	mafia	_	_	_	_	_	linguistic	_	ContainsVariation=No	Intonation=WeaklyRising	_	_	_	_	_
451-7	BOI029	451	7	c(io)è	cioè	_	_	_	_	_	linguistic	_	ContainsVariation=No	Reduced=Yes	_	_	_	_	_
451-8	BOI029	451	8	mh	mh	_	_	_	_	_	linguistic	_	ContainsVariation=No	_	_	_	_	_	_
451-9	BOI029	451	9	non	non	_	_	_	_	_	linguistic	_	ContainsVariation=No	_	_	_	_	_	_
451-10	BOI029	451	10	puoi	puoi	_	_	_	_	_	linguistic	_	ContainsVariation=No	_	End=1869.1	_	_	_	_
452-0	BOI029	452	0	le	le	_	_	_	_	_	linguistic	_	ContainsVariation=No	_	Begin=1869.39	_	_	_	_
452-1	BOI029	452	1	torri	torri	_	_	_	_	_	linguistic	_	ContainsVariation=No	_	_	_	_	_	_
452-2	BOI029	452	2	gemelli	gemelli	_	_	_	_	_	linguistic	_	ContainsVariation=No	_	_	_	_	_	_
452-3	BOI029	452	3	c(io)è	cioè	_	_	_	_	_	linguistic	_	ContainsVariation=No	Reduced=Yes	_	_	_	_	_
452-4	BOI029	452	4	ci	ci	_	_	_	_	_	linguistic	_	ContainsVariation=No	_	_	_	_	_	_
452-5	BOI029	452	5	sono	sono	_	_	_	_	_	linguistic	_	ContainsVariation=No	_	_	_	_	_	_
452-6	BOI029	452	6	non~	non~	_	_	_	_	_	linguistic	_	ContainsVariation=No	Interrupted=Yes	End=1871.81	_	_	_	_
453-0	BOI029	453	0	non	non	_	_	_	_	_	linguistic	_	ContainsVariation=No	_	Begin=1872.38	_	_	_	_
453-1	BOI029	453	1	puoi	puoi	_	_	_	_	_	linguistic	_	ContainsVariation=No	_	_	_	_	_	_
453-2	BOI029	453	2	[far	far	_	_	_	_	_	linguistic	_	ContainsVariation=No	_	_	_	_	_	0-3(88)
453-3	BOI029	453	3	fi]nta	finta	_	_	_	_	_	linguistic	_	ContainsVariation=No	_	_	_	_	_	0-2(88)
453-4	BOI029	453	4	che	che	_	_	_	_	_	linguistic	_	ContainsVariation=No	_	_	_	_	_	_
453-5	BOI029	453	5	tutto	tutto	_	_	_	_	_	linguistic	_	ContainsVariation=No	_	_	_	_	_	_
453-6	BOI029	453	6	si	si	_	_	_	_	_	linguistic	_	ContainsVariation=No	_	_	_	_	_	_
453-7	BOI029	453	7	fermi	fermi	_	_	_	_	_	linguistic	_	ContainsVariation=No	_	_	_	_	_	_
453-8	BOI029	453	8	alla	alla	_	_	_	_	_	linguistic	_	ContainsVariation=No	_	_	_	_	_	_
453-9	BOI029	453	9	se[conda	seconda	_	_	_	_	_	linguistic	_	ContainsVariation=No	_	_	_	_	_	2-7(89)
453-10	BOI029	453	10	guerra	guerra	_	_	_	_	_	linguistic	_	ContainsVariation=No	_	_	_	_	_	0-6(89)
453-11	BOI029	453	11	mondiale]	mondiale	_	_	_	_	_	linguistic	_	ContainsVariation=No	_	_	_	_	_	0-8(89)
453-12	BOI029	453	12	è	è	_	_	_	_	_	linguistic	_	ContainsVariation=No	_	_	_	_	_	_
453-13	BOI029	453	13	sbagliatiss[imo]	sbagliatissimo	_	_	_	_	_	linguistic	_	ContainsVariation=No	_	End=1876.13	_	_	_	11-14(87)
454-0	BOR001	454	0	[°sì°]	sì	_	_	_	_	_	linguistic	_	ContainsVariation=No	Volume=low	Begin=1872.73|End=1873.04	_	_	_	0-2(88)
455-0	BOR001	455	0	[(no	no	_	_	_	_	_	linguistic	_	ContainsVariation=No	_	Begin=1874.42	_	_	0-2(0)	0-2(89)
455-1	BOR001	455	1	quello	quello	_	_	_	_	_	linguistic	_	ContainsVariation=No	_	_	_	_	0-6(0)	0-6(89)
455-2	BOR001	455	2	no)]	no	_	_	_	_	_	linguistic	_	ContainsVariation=No	_	End=1875.241	_	_	0-2(0)	0-2(89)
456-0	BOR001	456	0	[°infatti°]	infatti	_	_	_	_	_	linguistic	_	ContainsVariation=No	Volume=low	Begin=1875.89	_	_	_	0-7(87)
456-1	BOR001	456	1	e	e	_	_	_	_	_	linguistic	_	ContainsVariation=No	_	_	_	_	_	_
456-2	BOR001	456	2	poi	poi	_	_	_	_	_	linguistic	_	ContainsVariation=No	_	_	_	_	_	_
456-3	BOR001	456	3	>a	a	_	_	_	_	_	linguistic	_	ContainsVariation=No	_	_	_	Fast=0-1(0)	_	_
456-4	BOR001	456	4	parte	parte	_	_	_	_	_	linguistic	_	ContainsVariation=No	_	_	_	Fast=0-5(0)	_	_
456-5	BOR001	456	5	quello<	quello	_	_	_	_	_	linguistic	_	ContainsVariation=No	_	_	_	Fast=0-6(0)	_	_
456-6	BOR001	456	6	penso	penso	_	_	_	_	_	linguistic	_	ContainsVariation=No	_	_	_	_	_	_
456-7	BOR001	456	7	che	che	_	_	_	_	_	linguistic	_	ContainsVariation=No	_	_	_	_	_	_
456-8	BOR001	456	8	sia	sia	_	_	_	_	_	linguistic	_	ContainsVariation=No	_	_	_	_	_	_
456-9	BOR001	456	9	anche	anche	_	_	_	_	_	linguistic	_	ContainsVariation=No	_	_	_	_	_	_
456-10	BOR001	456	10	molto	molto	_	_	_	_	_	linguistic	_	ContainsVariation=No	_	_	_	_	_	_
456-11	BOR001	456	11	utile	utile	_	_	_	_	_	linguistic	_	ContainsVariation=No	_	End=1878.55	_	_	_	_
457-0	BOR001	457	0	>cioè<	cioè	_	_	_	_	_	linguistic	_	ContainsVariation=No	_	Begin=1879.28	_	Fast=0-4(0)	_	_
457-1	BOR001	457	1	per	per	_	_	_	_	_	linguistic	_	ContainsVariation=No	PauseAfter=Yes	_	_	Slow=0-3(0)	_	_
457-2	BOR001	457	2	(.)	(.)	_	_	_	_	_	shortpause	_	ContainsVariation=No	_	_	_	_	_	_
457-3	BOR001	457	3	i	i	_	_	_	_	_	linguistic	_	ContainsVariation=No	_	_	_	Slow=0-1(0)	_	_
457-4	BOR001	457	4	ragazzi	ragazzi	_	_	_	_	_	linguistic	_	ContainsVariation=No	_	_	_	Slow=0-7(0)	_	_
457-5	BOR001	457	5	>o	o	_	_	_	_	_	linguistic	_	ContainsVariation=No	_	_	_	Fast=0-1(1)	_	_
457-6	BOR001	457	6	comunque<	comunque	_	_	_	_	_	linguistic	_	ContainsVariation=No	_	_	_	Fast=0-8(1)	_	_
457-7	BOR001	457	7	per	per	_	_	_	_	_	linguistic	_	ContainsVariation=No	_	_	_	_	_	_
457-8	BOR001	457	8	ciascuno	ciascuno	_	_	_	_	_	linguistic	_	ContainsVariation=No	_	_	_	_	_	_
457-9	BOR001	457	9	di	di	_	_	_	_	_	linguistic	_	ContainsVariation=No	_	_	_	_	_	_
457-10	BOR001	457	10	noi	noi	_	_	_	_	_	linguistic	_	ContainsVariation=No	_	_	_	_	_	_
457-11	BOR001	457	11	c(io)è	cioè	_	_	_	_	_	linguistic	_	ContainsVariation=No	Reduced=Yes	_	_	_	_	_
457-12	BOR001	457	12	ci	ci	_	_	_	_	_	linguistic	_	ContainsVariation=No	_	_	_	_	_	_
457-13	BOR001	457	13	stiamo	stiamo	_	_	_	_	_	linguistic	_	ContainsVariation=No	_	_	_	_	_	_
457-14	BOR001	457	14	formando	formando	_	_	_	_	_	linguistic	_	ContainsVariation=No	_	End=1883.59	_	_	_	_
458-0	BOR001	458	0	anche	anche	_	_	_	_	_	linguistic	_	ContainsVariation=No	_	Begin=1884.18	_	_	_	_
458-1	BOR001	458	1	com~	com~	_	_	_	_	_	linguistic	_	ContainsVariation=No	Interrupted=Yes	_	_	_	_	_
458-2	BOR001	458	2	cioè	cioè	_	_	_	_	_	linguistic	_	ContainsVariation=No	_	_	_	_	_	_
458-3	BOR001	458	3	come	come	_	_	_	_	_	linguistic	_	ContainsVariation=No	_	_	_	_	_	_
458-4	BOR001	458	4	persone	persone	_	_	_	_	_	linguistic	_	ContainsVariation=No	_	_	_	_	_	_
458-5	BOR001	458	5	nella	nella	_	_	_	_	_	linguistic	_	ContainsVariation=No	_	_	_	_	_	_
458-6	BOR001	458	6	scuola	scuola	_	_	_	_	_	linguistic	_	ContainsVariation=No	_	_	_	_	_	_
458-7	BOR001	458	7	e	e	_	_	_	_	_	linguistic	_	ContainsVariation=No	_	_	_	_	_	_
458-8	BOR001	458	8	quest~	quest~	_	_	_	_	_	linguistic	_	ContainsVariation=No	Interrupted=Yes	_	_	_	_	_
458-9	BOR001	458	9	questi	questi	_	_	_	_	_	linguistic	_	ContainsVariation=No	_	_	_	_	_	_
458-10	BOR001	458	10	e[venti]	eventi	_	_	_	_	_	linguistic	_	ContainsVariation=No	_	_	_	_	_	1-6(90)
458-11	BOR001	458	11	cioè	cioè	_	_	_	_	_	linguistic	_	ContainsVariation=No	_	_	_	_	_	_
458-12	BOR001	458	12	ci	ci	_	_	_	_	_	linguistic	_	ContainsVariation=No	_	_	_	_	_	_
458-13	BOR001	458	13	riguardano:	riguardano	_	_	_	_	_	linguistic	_	ContainsVariation=No	PauseAfter=Yes	_	9x1	_	_	_
458-14	BOR001	458	14	(.)	(.)	_	_	_	_	_	shortpause	_	ContainsVariation=No	_	_	_	_	_	_
458-15	BOR001	458	15	[anche	anche	_	_	_	_	_	linguistic	_	ContainsVariation=No	_	_	_	_	_	0-5(91)
458-16	BOR001	458	16	molto	molto	_	_	_	_	_	linguistic	_	ContainsVariation=No	_	_	_	_	_	0-5(91)
458-17	BOR001	458	17	da	da	_	_	_	_	_	linguistic	_	ContainsVariation=No	_	_	_	_	_	0-2(91)
458-18	BOR001	458	18	vicino]	vicino	_	_	_	_	_	linguistic	_	ContainsVariation=No	_	End=1891.512	_	_	_	0-6(91)
459-0	BOI029	459	0	[mhmh]	mhmh	_	_	_	_	_	linguistic	_	ContainsVariation=No	_	Begin=1887.75|End=1888.277	_	_	_	0-4(90)
460-0	BOI029	460	0	[sì	sì	_	_	_	_	_	linguistic	_	ContainsVariation=No	_	Begin=1889.28	_	_	_	0-2(91)
460-1	BOI029	460	1	anche	anche	_	_	_	_	_	linguistic	_	ContainsVariation=No	_	_	_	_	_	0-5(91)
460-2	BOI029	460	2	perché	perché	_	_	_	_	_	linguistic	_	ContainsVariation=No	_	_	_	_	_	0-6(91)
460-3	BOI029	460	3	sono	sono	_	_	_	_	_	linguistic	_	ContainsVariation=No	_	_	_	_	_	0-4(91)
460-4	BOI029	460	4	quelli:	quelli	_	_	_	_	_	linguistic	_	ContainsVariation=No	_	_	5x1	_	_	0-6(91)
460-5	BOI029	460	5	che]	che	_	_	_	_	_	linguistic	_	ContainsVariation=No	_	_	_	_	_	0-3(91)
460-6	BOI029	460	6	uno	uno	_	_	_	_	_	linguistic	_	ContainsVariation=No	_	_	_	_	_	_
460-7	BOI029	460	7	sente	sente	_	_	_	_	_	linguistic	_	ContainsVariation=No	PauseAfter=Yes	_	_	_	_	_
460-8	BOI029	460	8	(.)	(.)	_	_	_	_	_	shortpause	_	ContainsVariation=No	_	_	_	_	_	_
460-9	BOI029	460	9	per	per	_	_	_	_	_	linguistic	_	ContainsVariation=No	_	_	_	_	_	_
460-10	BOI029	460	10	la	la	_	_	_	_	_	linguistic	_	ContainsVariation=No	_	_	_	_	_	_
460-11	BOI029	460	11	televisione	televisione	_	_	_	_	_	linguistic	_	ContainsVariation=No	_	End=1893.95	_	_	_	_
461-0	BOI029	461	0	[e:]:	e	_	_	_	_	_	linguistic	_	ContainsVariation=No	_	Begin=1894.04	0x2	_	_	0-1(92)
461-1	BOI029	461	1	cioè	cioè	_	_	_	_	_	linguistic	_	ContainsVariation=No	_	_	_	_	_	_
461-2	BOI029	461	2	probabilmente	probabilmente	_	_	_	_	_	linguistic	_	ContainsVariation=No	_	_	_	_	_	_
461-3	BOI029	461	3	il	il	_	_	_	_	_	linguistic	_	ContainsVariation=No	_	_	_	_	_	_
461-4	BOI029	461	4	risorgimento:	risorgimento	_	_	_	_	_	linguistic	_	ContainsVariation=No	_	End=1897.69	11x1	_	_	_
462-0	BOR001	462	0	[eh]	eh	_	_	_	_	_	linguistic	_	ContainsVariation=No	_	Begin=1894.08|End=1894.39	_	_	_	0-2(92)
463-0	BOR001	463	0	((ride))	((ride))	_	_	_	_	_	nonverbalbehavior	_	ContainsVariation=No	_	Begin=1897.76|End=1898.327	_	_	_	_
464-0	BOI029	464	0	o	o	_	_	_	_	_	linguistic	_	ContainsVariation=No	_	Begin=1898.327	_	_	_	_
464-1	BOI029	464	1	ti	ti	_	_	_	_	_	linguistic	_	ContainsVariation=No	_	_	_	_	_	_
464-2	BOI029	464	2	sienti	sienti	_	_	_	_	_	linguistic	_	ContainsVariation=No	_	_	_	_	_	_
464-3	BOI029	464	3	mieli	mieli	_	_	_	_	_	linguistic	_	ContainsVariation=No	_	_	_	_	_	_
464-4	BOI029	464	4	in	in	_	_	_	_	_	linguistic	_	ContainsVariation=No	_	_	_	_	_	_
464-5	BOI029	464	5	una	una	_	_	_	_	_	linguistic	_	ContainsVariation=No	_	_	_	_	_	_
464-6	BOI029	464	6	pro~	pro~	_	_	_	_	_	linguistic	_	ContainsVariation=No	Interrupted=Yes	_	_	_	_	_
464-7	BOI029	464	7	un	un	_	_	_	_	_	linguistic	_	ContainsVariation=No	_	_	_	_	_	_
464-8	BOI029	464	8	programma	programma	_	_	_	_	_	linguistic	_	ContainsVariation=No	_	_	_	_	_	_
464-9	BOI029	464	9	forse	forse	_	_	_	_	_	linguistic	_	ContainsVariation=No	_	_	_	_	_	_
464-10	BOI029	464	10	non	non	_	_	_	_	_	linguistic	_	ContainsVariation=No	_	_	_	_	_	_
464-11	BOI029	464	11	((ride))	((ride))	_	_	_	_	_	nonverbalbehavior	_	ContainsVariation=No	_	End=1901.57	_	_	_	_
465-0	BOI029	465	0	cioè	cioè	_	_	_	_	_	linguistic	_	ContainsVariation=No	_	Begin=1902.6	_	_	_	_
465-1	BOI029	465	1	[for]se	forse	_	_	_	_	_	linguistic	_	ContainsVariation=No	_	_	_	_	_	0-3(93)
465-2	BOI029	465	2	quando	quando	_	_	_	_	_	linguistic	_	ContainsVariation=No	_	_	_	_	_	_
465-3	BOI029	465	3	abbiamo	abbiamo	_	_	_	_	_	linguistic	_	ContainsVariation=No	_	_	_	_	_	_
465-4	BOI029	465	4	fatto	fatto	_	_	_	_	_	linguistic	_	ContainsVariation=No	_	_	_	_	_	_
465-5	BOI029	465	5	i	i	_	_	_	_	_	linguistic	_	ContainsVariation=No	_	_	_	_	_	_
465-6	BOI029	465	6	centosessantanni	centosessantanni	_	_	_	_	_	linguistic	_	ContainsVariation=No	_	_	_	_	_	_
465-7	BOI029	465	7	ecco	ecco	_	_	_	_	_	linguistic	_	ContainsVariation=No	_	End=1905.394	_	_	_	_
466-0	BOR001	466	0	sì	sì	_	_	_	_	_	linguistic	_	ContainsVariation=No	_	Begin=1902.72|End=1902.89	_	_	_	_
467-0	BOI029	467	0	eh	eh	_	_	_	_	_	linguistic	_	ContainsVariation=No	_	Begin=1905.96	_	_	_	_
467-1	BOI029	467	1	ci	ci	_	_	_	_	_	linguistic	_	ContainsVariation=No	_	_	_	_	_	_
467-2	BOI029	467	2	sono	sono	_	_	_	_	_	linguistic	_	ContainsVariation=No	_	_	_	_	_	_
467-3	BOI029	467	3	altre	altre	_	_	_	_	_	linguistic	_	ContainsVariation=No	_	_	_	_	_	_
467-4	BOI029	467	4	cose	cose	_	_	_	_	_	linguistic	_	ContainsVariation=No	_	_	_	_	_	_
467-5	BOI029	467	5	che	che	_	_	_	_	_	linguistic	_	ContainsVariation=No	_	_	_	_	_	_
467-6	BOI029	467	6	e:h	eh	_	_	_	_	_	linguistic	_	ContainsVariation=No	_	_	0x1	_	_	_
467-7	BOI029	467	7	senti	senti	_	_	_	_	_	linguistic	_	ContainsVariation=No	_	_	_	_	_	_
467-8	BOI029	467	8	e	e	_	_	_	_	_	linguistic	_	ContainsVariation=No	_	_	_	_	_	_
467-9	BOI029	467	9	sulle	sulle	_	_	_	_	_	linguistic	_	ContainsVariation=No	_	_	_	_	_	_
467-10	BOI029	467	10	quali	quali	_	_	_	_	_	linguistic	_	ContainsVariation=No	_	_	_	_	_	_
467-11	BOI029	467	11	ti	ti	_	_	_	_	_	linguistic	_	ContainsVariation=No	_	_	_	_	_	_
467-12	BOI029	467	12	devi	devi	_	_	_	_	_	linguistic	_	ContainsVariation=No	_	_	_	_	_	_
467-13	BOI029	467	13	porre	porre	_	_	_	_	_	linguistic	_	ContainsVariation=No	_	End=1910.95	_	_	_	_
468-0	BOR001	468	0	mh[mh]	mhmh	_	_	_	_	_	linguistic	_	ContainsVariation=No	_	Begin=1910.99|End=1911.27	_	_	_	2-4(94)
469-0	BOI029	469	0	[e:h]	eh	_	_	_	_	_	linguistic	_	ContainsVariation=No	_	Begin=1911.06	0x1	_	_	0-2(94)
469-1	BOI029	469	1	il	il	_	_	_	_	_	linguistic	_	ContainsVariation=No	_	_	_	_	_	_
469-2	BOI029	469	2	tema.	tema	_	_	_	_	_	linguistic	_	ContainsVariation=No	Intonation=Falling	_	_	_	_	_
469-3	BOI029	469	3	io	io	_	_	_	_	_	linguistic	_	ContainsVariation=No	_	_	_	_	_	_
469-4	BOI029	469	4	adesso	adesso	_	_	_	_	_	linguistic	_	ContainsVariation=No	_	_	_	_	_	_
469-5	BOI029	469	5	non	non	_	_	_	_	_	linguistic	_	ContainsVariation=No	_	_	_	_	_	_
469-6	BOI029	469	6	so	so	_	_	_	_	_	linguistic	_	ContainsVariation=No	_	_	_	_	_	_
469-7	BOI029	469	7	stamattina	stamattina	_	_	_	_	_	linguistic	_	ContainsVariation=No	_	_	_	_	_	_
469-8	BOI029	469	8	facevamo	facevamo	_	_	_	_	_	linguistic	_	ContainsVariation=No	_	End=1914.68	_	_	_	_
470-0	BOI029	470	0	l'	l'	_	_	_	_	_	linguistic	_	ContainsVariation=No	SpaceAfter=No	Begin=1915.16	_	_	_	_
470-1	BOI029	470	1	islam	islam	_	_	_	_	_	linguistic	_	ContainsVariation=No	_	_	_	_	_	_
470-2	BOI029	470	2	eh	eh	_	_	_	_	_	linguistic	_	ContainsVariation=No	_	_	_	_	_	_
470-3	BOI029	470	3	l'	l'	_	_	_	_	_	linguistic	_	ContainsVariation=No	SpaceAfter=No	_	_	_	_	_
470-4	BOI029	470	4	anno	anno	_	_	_	_	_	linguistic	_	ContainsVariation=No	_	_	_	_	_	_
470-5	BOI029	470	5	santo	santo	_	_	_	_	_	linguistic	_	ContainsVariation=No	_	_	_	_	_	_
470-6	BOI029	470	6	eccetera	eccetera	_	_	_	_	_	linguistic	_	ContainsVariation=No	_	_	_	_	_	_
470-7	BOI029	470	7	allora	allora	_	_	_	_	_	linguistic	_	ContainsVariation=No	_	_	_	Fast=5-6(0)	_	_
470-8	BOI029	470	8	>ho	ho	_	_	_	_	_	linguistic	_	ContainsVariation=No	_	_	_	Fast=0-2(0)	_	_
470-9	BOI029	470	9	detto<	detto	_	_	_	_	_	linguistic	_	ContainsVariation=No	_	_	_	Fast=0-4(0)	_	_
470-10	BOI029	470	10	ma	ma	_	_	_	_	_	linguistic	_	ContainsVariation=No	_	_	_	_	_	_
470-11	BOI029	470	11	che	che	_	_	_	_	_	linguistic	_	ContainsVariation=No	_	_	_	_	_	_
470-12	BOI029	470	12	cos'	cos'	_	_	_	_	_	linguistic	_	ContainsVariation=No	SpaceAfter=No	_	_	_	_	_
470-13	BOI029	470	13	è	è	_	_	_	_	_	linguistic	_	ContainsVariation=No	_	_	_	_	_	_
470-14	BOI029	470	14	l'	l'	_	_	_	_	_	linguistic	_	ContainsVariation=No	SpaceAfter=No	_	_	_	_	_
470-15	BOI029	470	15	anno	anno	_	_	_	_	_	linguistic	_	ContainsVariation=No	_	_	_	_	_	_
470-16	BOI029	470	16	santo,	santo	_	_	_	_	_	linguistic	_	ContainsVariation=No	Intonation=WeaklyRising	_	_	_	_	_
470-17	BOI029	470	17	quand'	quand'	_	_	_	_	_	linguistic	_	ContainsVariation=No	SpaceAfter=No	_	_	_	_	_
470-18	BOI029	470	18	è	è	_	_	_	_	_	linguistic	_	ContainsVariation=No	_	_	_	_	_	_
470-19	BOI029	470	19	l'	l'	_	_	_	_	_	linguistic	_	ContainsVariation=No	SpaceAfter=No	_	_	_	_	_
470-20	BOI029	470	20	anno	anno	_	_	_	_	_	linguistic	_	ContainsVariation=No	_	_	_	_	_	_
470-21	BOI029	470	21	santo,	santo	_	_	_	_	_	linguistic	_	ContainsVariation=No	Intonation=WeaklyRising	_	_	_	_	_
470-22	BOI029	470	22	perché	perché	_	_	_	_	_	linguistic	_	ContainsVariation=No	_	_	_	_	_	_
470-23	BOI029	470	23	SO	so	_	_	_	_	_	linguistic	_	ContainsVariation=No	Volume=high	End=1921.23	_	_	_	_
471-0	BOI029	471	0	eh	eh	_	_	_	_	_	linguistic	_	ContainsVariation=No	_	Begin=1921.45	_	_	_	_
471-1	BOI029	471	1	c~	c~	_	_	_	_	_	linguistic	_	ContainsVariation=No	Interrupted=Yes	_	_	_	_	_
471-2	BOI029	471	2	è	è	_	_	_	_	_	linguistic	_	ContainsVariation=No	_	_	_	_	_	_
471-3	BOI029	471	3	fra	fra	_	_	_	_	_	linguistic	_	ContainsVariation=No	_	_	_	_	_	_
471-4	BOI029	471	4	poco	poco	_	_	_	_	_	linguistic	_	ContainsVariation=No	_	End=1922.98	_	_	_	_
472-0	BOI029	472	0	allora	allora	_	_	_	_	_	linguistic	_	ContainsVariation=No	_	Begin=1923.33	_	_	_	_
472-1	BOI029	472	1	questi	questi	_	_	_	_	_	linguistic	_	ContainsVariation=No	_	_	_	_	_	_
472-2	BOI029	472	2	bisognerà	bisognerà	_	_	_	_	_	linguistic	_	ContainsVariation=No	_	_	_	_	_	_
472-3	BOI029	472	3	che	che	_	_	_	_	_	linguistic	_	ContainsVariation=No	_	_	_	_	_	_
472-4	BOI029	472	4	inizino	inizino	_	_	_	_	_	linguistic	_	ContainsVariation=No	_	_	_	_	_	_
472-5	BOI029	472	5	a	a	_	_	_	_	_	linguistic	_	ContainsVariation=No	_	_	_	_	_	_
472-6	BOI029	472	6	collegare	collegare	_	_	_	_	_	linguistic	_	ContainsVariation=No	_	End=1926.03	_	_	_	_
473-0	BOI029	473	0	che	che	_	_	_	_	_	linguistic	_	ContainsVariation=No	_	Begin=1926.56	_	_	_	_
473-1	BOI029	473	1	quello	quello	_	_	_	_	_	linguistic	_	ContainsVariation=No	_	_	_	_	_	_
473-2	BOI029	473	2	che	che	_	_	_	_	_	linguistic	_	ContainsVariation=No	PauseAfter=Yes	_	_	_	_	_
473-3	BOI029	473	3	(.)	(.)	_	_	_	_	_	shortpause	_	ContainsVariation=No	_	_	_	_	_	_
473-4	BOI029	473	4	hanno	hanno	_	_	_	_	_	linguistic	_	ContainsVariation=No	_	_	_	_	_	_
473-5	BOI029	473	5	studiato	studiato	_	_	_	_	_	linguistic	_	ContainsVariation=No	_	_	_	_	_	_
473-6	BOI029	473	6	è	è	_	_	_	_	_	linguistic	_	ContainsVariation=No	_	_	_	_	_	_
473-7	BOI029	473	7	quello	quello	_	_	_	_	_	linguistic	_	ContainsVariation=No	_	_	_	_	_	_
473-8	BOI029	473	8	che	che	_	_	_	_	_	linguistic	_	ContainsVariation=No	_	_	_	_	_	_
473-9	BOI029	473	9	vedono	vedono	_	_	_	_	_	linguistic	_	ContainsVariation=No	_	_	_	_	_	_
473-10	BOI029	473	10	in	in	_	_	_	_	_	linguistic	_	ContainsVariation=No	_	_	_	_	_	_
473-11	BOI029	473	11	televisione	televisione	_	_	_	_	_	linguistic	_	ContainsVariation=No	_	_	_	_	_	_
473-12	BOI029	473	12	perché	perché	_	_	_	_	_	linguistic	_	ContainsVariation=No	_	_	_	_	_	_
473-13	BOI029	473	13	altrimenti:	altrimenti	_	_	_	_	_	linguistic	_	ContainsVariation=No	_	End=1931.883	9x1	_	_	_
474-0	BOR001	474	0	sì	sì	_	_	_	_	_	linguistic	_	ContainsVariation=No	_	Begin=1933.814	_	_	_	_
474-1	BOR001	474	1	è	è	_	_	_	_	_	linguistic	_	ContainsVariation=No	_	_	_	_	_	_
474-2	BOR001	474	2	molt~	molt~	_	_	_	_	_	linguistic	_	ContainsVariation=No	Interrupted=Yes	_	_	_	_	_
474-3	BOR001	474	3	eh	eh	_	_	_	_	_	linguistic	_	ContainsVariation=No	_	End=1934.62	_	_	_	_
475-0	BOI029	475	0	son	son	_	_	_	_	_	linguistic	_	ContainsVariation=No	_	Begin=1934.66	_	_	_	_
475-1	BOI029	475	1	mondi	mondi	_	_	_	_	_	linguistic	_	ContainsVariation=No	_	_	_	_	_	_
475-2	BOI029	475	2	paralleli	paralleli	_	_	_	_	_	linguistic	_	ContainsVariation=No	_	End=1935.79	_	_	_	_
476-0	BOR001	476	0	sì	sì	_	_	_	_	_	linguistic	_	ContainsVariation=No	_	Begin=1936.34	_	_	_	_
476-1	BOR001	476	1	infatti	infatti	_	_	_	_	_	linguistic	_	ContainsVariation=No	_	End=1936.97	_	_	_	_
477-0	BOR001	477	0	>e	e	_	_	_	_	_	linguistic	_	ContainsVariation=No	_	Begin=1937.943	_	Fast=0-1(0)	_	_
477-1	BOR001	477	1	penso	penso	_	_	_	_	_	linguistic	_	ContainsVariation=No	_	_	_	Fast=0-5(0)	_	_
477-2	BOR001	477	2	che<	che	_	_	_	_	_	linguistic	_	ContainsVariation=No	_	_	_	Fast=0-3(0)	_	_
477-3	BOR001	477	3	ti	ti	_	_	_	_	_	linguistic	_	ContainsVariation=No	_	_	_	_	_	_
477-4	BOR001	477	4	stimoli	stimoli	_	_	_	_	_	linguistic	_	ContainsVariation=No	_	_	_	_	_	_
477-5	BOR001	477	5	anche	anche	_	_	_	_	_	linguistic	_	ContainsVariation=No	_	_	_	_	_	_
477-6	BOR001	477	6	di	di	_	_	_	_	_	linguistic	_	ContainsVariation=No	_	_	_	_	_	_
477-7	BOR001	477	7	più	più	_	_	_	_	_	linguistic	_	ContainsVariation=No	_	_	_	_	_	_
477-8	BOR001	477	8	a::	a	_	_	_	_	_	linguistic	_	ContainsVariation=No	_	End=1941.108	0x2	_	_	_
478-0	BOR001	478	0	a	a	_	_	_	_	_	linguistic	_	ContainsVariation=No	_	Begin=1941.63	_	_	_	_
478-1	BOR001	478	1	studiare	studiare	_	_	_	_	_	linguistic	_	ContainsVariation=No	_	_	_	_	_	_
478-2	BOR001	478	2	comunq~	comunq~	_	_	_	_	_	linguistic	_	ContainsVariation=No	Interrupted=Yes	_	_	_	_	_
478-3	BOR001	478	3	quando	quando	_	_	_	_	_	linguistic	_	ContainsVariation=No	_	_	_	_	_	_
478-4	BOR001	478	4	vedi	vedi	_	_	_	_	_	linguistic	_	ContainsVariation=No	_	_	_	_	_	_
478-5	BOR001	478	5	che	che	_	_	_	_	_	linguistic	_	ContainsVariation=No	_	End=1943.8	_	_	_	_
479-0	BOR001	479	0	cioè	cioè	_	_	_	_	_	linguistic	_	ContainsVariation=No	_	Begin=1944.706	_	_	_	_
479-1	BOR001	479	1	son~	son~	_	_	_	_	_	linguistic	_	ContainsVariation=No	Interrupted=Yes	_	_	_	_	_
479-2	BOR001	479	2	sono	sono	_	_	_	_	_	linguistic	_	ContainsVariation=No	_	_	_	_	_	_
479-3	BOR001	479	3	cose	cose	_	_	_	_	_	linguistic	_	ContainsVariation=No	_	_	_	_	_	_
479-4	BOR001	479	4	che	che	_	_	_	_	_	linguistic	_	ContainsVariation=No	_	_	_	_	_	_
479-5	BOR001	479	5	puoi	puoi	_	_	_	_	_	linguistic	_	ContainsVariation=No	_	_	_	_	_	_
479-6	BOR001	479	6	mh	mh	_	_	_	_	_	linguistic	_	ContainsVariation=No	_	_	_	_	_	_
479-7	BOR001	479	7	toccare	toccare	_	_	_	_	_	linguistic	_	ContainsVariation=No	_	_	_	_	_	_
479-8	BOR001	479	8	don~	don~	_	_	_	_	_	linguistic	_	ContainsVariation=No	Interrupted=Yes	_	_	_	_	_
479-9	BOR001	479	9	con	con	_	_	_	_	_	linguistic	_	ContainsVariation=No	_	_	_	_	_	_
479-10	BOR001	479	10	mano	mano	_	_	_	_	_	linguistic	_	ContainsVariation=No	_	_	_	_	_	_
479-11	BOR001	479	11	[in	in	_	_	_	_	_	linguistic	_	ContainsVariation=No	_	_	_	_	_	0-2(95)
479-12	BOR001	479	12	qualche	qualche	_	_	_	_	_	linguistic	_	ContainsVariation=No	_	_	_	_	_	0-7(95)
479-13	BOR001	479	13	modo]	modo	_	_	_	_	_	linguistic	_	ContainsVariation=No	_	_	_	_	_	0-4(95)
479-14	BOR001	479	14	perché	perché	_	_	_	_	_	linguistic	_	ContainsVariation=No	_	_	_	_	_	_
479-15	BOR001	479	15	comunque	comunque	_	_	_	_	_	linguistic	_	ContainsVariation=No	_	End=1949.433	_	_	_	_
480-0	BOI029	480	0	[certo]	certo	_	_	_	_	_	linguistic	_	ContainsVariation=No	_	Begin=1948.27|End=1948.956	_	_	_	0-5(95)
481-0	BOI029	481	0	sì	sì	_	_	_	_	_	linguistic	_	ContainsVariation=No	_	Begin=1949.59	_	_	_	_
481-1	BOI029	481	1	eh	eh	_	_	_	_	_	linguistic	_	ContainsVariation=No	_	_	_	_	_	_
481-2	BOI029	481	2	il	il	_	_	_	_	_	linguistic	_	ContainsVariation=No	_	_	_	_	_	_
481-3	BOI029	481	3	problema	problema	_	_	_	_	_	linguistic	_	ContainsVariation=No	_	_	_	_	_	_
481-4	BOI029	481	4	della	della	_	_	_	_	_	linguistic	_	ContainsVariation=No	_	_	_	_	_	_
481-5	BOI029	481	5	storia	storia	_	_	_	_	_	linguistic	_	ContainsVariation=No	_	_	_	_	_	_
481-6	BOI029	481	6	secondo	secondo	_	_	_	_	_	linguistic	_	ContainsVariation=No	_	_	_	_	_	_
481-7	BOI029	481	7	me	me	_	_	_	_	_	linguistic	_	ContainsVariation=No	_	_	_	_	_	_
481-8	BOI029	481	8	e	e	_	_	_	_	_	linguistic	_	ContainsVariation=No	_	_	_	_	_	_
481-9	BOI029	481	9	il	il	_	_	_	_	_	linguistic	_	ContainsVariation=No	_	_	_	_	_	_
481-10	BOI029	481	10	fatto	fatto	_	_	_	_	_	linguistic	_	ContainsVariation=No	_	_	_	_	_	_
481-11	BOI029	481	11	che	che	_	_	_	_	_	linguistic	_	ContainsVariation=No	_	_	_	_	_	_
481-12	BOI029	481	12	a	a	_	_	_	_	_	linguistic	_	ContainsVariation=No	_	_	_	_	_	_
481-13	BOI029	481	13	molti	molti	_	_	_	_	_	linguistic	_	ContainsVariation=No	_	_	_	_	_	_
481-14	BOI029	481	14	ragazzi	ragazzi	_	_	_	_	_	linguistic	_	ContainsVariation=No	_	_	_	_	_	_
481-15	BOI029	481	15	non	non	_	_	_	_	_	linguistic	_	ContainsVariation=No	_	_	_	_	_	_
481-16	BOI029	481	16	piace	piace	_	_	_	_	_	linguistic	_	ContainsVariation=No	_	_	_	_	_	_
481-17	BOI029	481	17	o	o	_	_	_	_	_	linguistic	_	ContainsVariation=No	_	_	_	_	_	_
481-18	BOI029	481	18	lo	lo	_	_	_	_	_	linguistic	_	ContainsVariation=No	_	_	_	_	_	_
481-19	BOI029	481	19	trovano	trovano	_	_	_	_	_	linguistic	_	ContainsVariation=No	_	_	_	_	_	_
481-20	BOI029	481	20	estremamente	estremamente	_	_	_	_	_	linguistic	_	ContainsVariation=No	_	_	_	_	_	_
481-21	BOI029	481	21	faticoso	faticoso	_	_	_	_	_	linguistic	_	ContainsVariation=No	_	_	_	_	_	_
481-22	BOI029	481	22	e	e	_	_	_	_	_	linguistic	_	ContainsVariation=No	_	_	_	_	_	_
481-23	BOI029	481	23	difficile	difficile	_	_	_	_	_	linguistic	_	ContainsVariation=No	_	End=1958.45	_	_	_	_
482-0	BOI029	482	0	è	è	_	_	_	_	_	linguistic	_	ContainsVariation=No	_	Begin=1958.91	_	_	_	_
482-1	BOI029	482	1	proprio	proprio	_	_	_	_	_	linguistic	_	ContainsVariation=No	_	_	_	_	_	_
482-2	BOI029	482	2	perché	perché	_	_	_	_	_	linguistic	_	ContainsVariation=No	_	_	_	_	_	_
482-3	BOI029	482	3	pensano	pensano	_	_	_	_	_	linguistic	_	ContainsVariation=No	_	_	_	_	_	_
482-4	BOI029	482	4	che	che	_	_	_	_	_	linguistic	_	ContainsVariation=No	_	_	_	_	_	_
482-5	BOI029	482	5	sia	sia	_	_	_	_	_	linguistic	_	ContainsVariation=No	_	_	_	_	_	_
482-6	BOI029	482	6	una	una	_	_	_	_	_	linguistic	_	ContainsVariation=No	_	_	_	_	_	_
482-7	BOI029	482	7	materia	materia	_	_	_	_	_	linguistic	_	ContainsVariation=No	_	_	_	_	_	_
482-8	BOI029	482	8	da	da	_	_	_	_	_	linguistic	_	ContainsVariation=No	_	_	_	_	_	_
482-9	BOI029	482	9	studiare	studiare	_	_	_	_	_	linguistic	_	ContainsVariation=No	_	End=1962.28	_	_	_	_
483-0	BOI029	483	0	e:h	eh	_	_	_	_	_	linguistic	_	ContainsVariation=No	_	Begin=1963.373	0x1	_	_	_
483-1	BOI029	483	1	in	in	_	_	_	_	_	linguistic	_	ContainsVariation=No	_	_	_	_	_	_
483-2	BOI029	483	2	realtà	realtà	_	_	_	_	_	linguistic	_	ContainsVariation=No	_	_	_	_	_	_
483-3	BOI029	483	3	è	è	_	_	_	_	_	linguistic	_	ContainsVariation=No	_	_	_	_	_	_
483-4	BOI029	483	4	una	una	_	_	_	_	_	linguistic	_	ContainsVariation=No	_	_	_	_	_	_
483-5	BOI029	483	5	materia	materia	_	_	_	_	_	linguistic	_	ContainsVariation=No	_	_	_	_	_	_
483-6	BOI029	483	6	che	che	_	_	_	_	_	linguistic	_	ContainsVariation=No	_	_	_	_	_	_
483-7	BOI029	483	7	ti	ti	_	_	_	_	_	linguistic	_	ContainsVariation=No	_	_	_	_	_	_
483-8	BOI029	483	8	dà	dà	_	_	_	_	_	linguistic	_	ContainsVariation=No	_	_	_	_	_	_
483-9	BOI029	483	9	delle	delle	_	_	_	_	_	linguistic	_	ContainsVariation=No	_	_	_	_	_	_
483-10	BOI029	483	10	chiavi	chiavi	_	_	_	_	_	linguistic	_	ContainsVariation=No	_	End=1966.55	_	_	_	_
484-0	BOI029	484	0	>allora<	allora	_	_	_	_	_	linguistic	_	ContainsVariation=No	_	Begin=1968.28	_	Fast=0-6(0)	_	_
484-1	BOI029	484	1	se	se	_	_	_	_	_	linguistic	_	ContainsVariation=No	_	_	_	_	_	_
484-2	BOI029	484	2	tu	tu	_	_	_	_	_	linguistic	_	ContainsVariation=No	_	_	_	_	_	_
484-3	BOI029	484	3	capisci	capisci	_	_	_	_	_	linguistic	_	ContainsVariation=No	_	_	_	_	_	_
484-4	BOI029	484	4	che	che	_	_	_	_	_	linguistic	_	ContainsVariation=No	PauseAfter=Yes	_	_	_	_	_
484-5	BOI029	484	5	(.)	(.)	_	_	_	_	_	shortpause	_	ContainsVariation=No	_	_	_	_	_	_
484-6	BOI029	484	6	leggendo	leggendo	_	_	_	_	_	linguistic	_	ContainsVariation=No	_	_	_	_	_	_
484-7	BOI029	484	7	quelle	quelle	_	_	_	_	_	linguistic	_	ContainsVariation=No	_	_	_	_	_	_
484-8	BOI029	484	8	cose	cose	_	_	_	_	_	linguistic	_	ContainsVariation=No	_	_	_	_	_	_
484-9	BOI029	484	9	acquisisci	acquisisci	_	_	_	_	_	linguistic	_	ContainsVariation=No	_	_	_	_	_	_
484-10	BOI029	484	10	una	una	_	_	_	_	_	linguistic	_	ContainsVariation=No	_	_	_	_	_	_
484-11	BOI029	484	11	una	una	_	_	_	_	_	linguistic	_	ContainsVariation=No	_	_	_	_	_	_
484-12	BOI029	484	12	chiave	chiave	_	_	_	_	_	linguistic	_	ContainsVariation=No	_	_	_	_	_	_
484-13	BOI029	484	13	per	per	_	_	_	_	_	linguistic	_	ContainsVariation=No	_	_	_	_	_	_
484-14	BOI029	484	14	capire	capire	_	_	_	_	_	linguistic	_	ContainsVariation=No	_	_	_	_	_	_
484-15	BOI029	484	15	quello	quello	_	_	_	_	_	linguistic	_	ContainsVariation=No	_	_	_	_	_	_
484-16	BOI029	484	16	che	che	_	_	_	_	_	linguistic	_	ContainsVariation=No	_	_	_	_	_	_
484-17	BOI029	484	17	ti	ti	_	_	_	_	_	linguistic	_	ContainsVariation=No	_	_	_	_	_	_
484-18	BOI029	484	18	sta	sta	_	_	_	_	_	linguistic	_	ContainsVariation=No	_	_	_	_	_	_
484-19	BOI029	484	19	intorno	intorno	_	_	_	_	_	linguistic	_	ContainsVariation=No	_	End=1976.49	_	_	_	_
485-0	BOI029	485	0	>probabilmente<	probabilmente	_	_	_	_	_	linguistic	_	ContainsVariation=No	_	Begin=1977.25	_	Fast=0-13(0)	_	_
485-1	BOI029	485	1	la	la	_	_	_	_	_	linguistic	_	ContainsVariation=No	_	_	_	_	_	_
485-2	BOI029	485	2	studi	studi	_	_	_	_	_	linguistic	_	ContainsVariation=No	_	_	_	_	_	_
485-3	BOI029	485	3	più	più	_	_	_	_	_	linguistic	_	ContainsVariation=No	_	_	_	_	_	_
485-4	BOI029	485	4	volentieri	volentieri	_	_	_	_	_	linguistic	_	ContainsVariation=No	_	_	_	_	_	_
485-5	BOI029	485	5	ecco	ecco	_	_	_	_	_	linguistic	_	ContainsVariation=No	_	End=1979.57	_	_	_	_
486-0	BOR001	486	0	sì	sì	_	_	_	_	_	linguistic	_	ContainsVariation=No	_	Begin=1979.61|End=1979.89	_	_	_	_
487-0	BOR001	487	0	lì	lì	_	_	_	_	_	linguistic	_	ContainsVariation=No	_	Begin=1980.24	_	_	_	_
487-1	BOR001	487	1	forse	forse	_	_	_	_	_	linguistic	_	ContainsVariation=No	_	_	_	_	_	_
487-2	BOR001	487	2	è	è	_	_	_	_	_	linguistic	_	ContainsVariation=No	_	_	_	_	_	_
487-3	BOR001	487	3	un	un	_	_	_	_	_	linguistic	_	ContainsVariation=No	_	_	_	_	_	_
487-4	BOR001	487	4	problema:	problema	_	_	_	_	_	linguistic	_	ContainsVariation=No	_	End=1981.447	7x1	_	_	_
488-0	BOR001	488	0	più	più	_	_	_	_	_	linguistic	_	ContainsVariation=No	_	Begin=1982.533	_	_	_	_
488-1	BOR001	488	1	del	del	_	_	_	_	_	linguistic	_	ContainsVariation=No	_	_	_	_	_	_
488-2	BOR001	488	2	sistema:	sistema	_	_	_	_	_	linguistic	_	ContainsVariation=No	_	_	6x1	_	_	_
488-3	BOR001	488	3	scolastico	scolastico	_	_	_	_	_	linguistic	_	ContainsVariation=No	_	_	_	_	_	_
488-4	BOR001	488	4	cio[è:]	cioè	_	_	_	_	_	linguistic	_	ContainsVariation=No	_	_	3x1	_	_	3-4(96)
488-5	BOR001	488	5	penso	penso	_	_	_	_	_	linguistic	_	ContainsVariation=No	_	_	_	_	_	_
488-6	BOR001	488	6	che	che	_	_	_	_	_	linguistic	_	ContainsVariation=No	_	_	_	_	_	_
488-7	BOR001	488	7	in	in	_	_	_	_	_	linguistic	_	ContainsVariation=No	_	_	_	_	_	_
488-8	BOR001	488	8	generale	generale	_	_	_	_	_	linguistic	_	ContainsVariation=No	_	_	_	_	_	_
488-9	BOR001	488	9	anche	anche	_	_	_	_	_	linguistic	_	ContainsVariation=No	_	_	_	_	_	_
488-10	BOR001	488	10	per	per	_	_	_	_	_	linguistic	_	ContainsVariation=No	_	_	_	_	_	_
488-11	BOR001	488	11	la	la	_	_	_	_	_	linguistic	_	ContainsVariation=No	_	_	_	_	_	_
488-12	BOR001	488	12	mia	mia	_	_	_	_	_	linguistic	_	ContainsVariation=No	_	_	_	_	_	_
488-13	BOR001	488	13	esperienza	esperienza	_	_	_	_	_	linguistic	_	ContainsVariation=No	_	End=1989.45	_	_	_	_
489-0	BOI029	489	0	[sì]	sì	_	_	_	_	_	linguistic	_	ContainsVariation=No	_	Begin=1985.76|End=1986.07	_	_	_	0-2(96)
490-0	BOR001	490	0	ero	ero	_	_	_	_	_	linguistic	_	ContainsVariation=No	_	Begin=1989.89	_	_	_	_
490-1	BOR001	490	1	molto	molto	_	_	_	_	_	linguistic	_	ContainsVariation=No	_	_	_	_	_	_
490-2	BOR001	490	2	nell'	nell'	_	_	_	_	_	linguistic	_	ContainsVariation=No	SpaceAfter=No	_	_	_	_	_
490-3	BOR001	490	3	ottica:	ottica	_	_	_	_	_	linguistic	_	ContainsVariation=No	_	_	5x1	_	_	_
490-4	BOR001	490	4	>in	in	_	_	_	_	_	linguistic	_	ContainsVariation=No	_	_	_	Fast=0-2(0)	_	_
490-5	BOR001	490	5	generale<	generale	_	_	_	_	_	linguistic	_	ContainsVariation=No	_	_	_	Fast=0-8(0)	_	_
490-6	BOR001	490	6	in	in	_	_	_	_	_	linguistic	_	ContainsVariation=No	_	_	_	_	_	_
490-7	BOR001	490	7	tutte	tutte	_	_	_	_	_	linguistic	_	ContainsVariation=No	_	_	_	_	_	_
490-8	BOR001	490	8	le	le	_	_	_	_	_	linguistic	_	ContainsVariation=No	_	_	_	_	_	_
490-9	BOR001	490	9	materie	materie	_	_	_	_	_	linguistic	_	ContainsVariation=No	_	_	_	_	_	_
490-10	BOR001	490	10	di	di	_	_	_	_	_	linguistic	_	ContainsVariation=No	_	End=1992.88	_	_	_	_
491-0	BOR001	491	0	lo	lo	_	_	_	_	_	linguistic	_	ContainsVariation=No	_	Begin=1993.793	_	_	_	_
491-1	BOR001	491	1	devo	devo	_	_	_	_	_	linguistic	_	ContainsVariation=No	_	_	_	_	_	_
491-2	BOR001	491	2	studiare	studiare	_	_	_	_	_	linguistic	_	ContainsVariation=No	_	_	_	_	_	_
491-3	BOR001	491	3	perché	perché	_	_	_	_	_	linguistic	_	ContainsVariation=No	_	_	_	_	_	_
491-4	BOR001	491	4	devo	devo	_	_	_	_	_	linguistic	_	ContainsVariation=No	_	_	_	_	_	_
491-5	BOR001	491	5	[studiar]lo	studiarlo	_	_	_	_	_	linguistic	_	ContainsVariation=No	_	End=1995.973	_	_	_	0-7(97)
492-0	BOI029	492	0	[certo]	certo	_	_	_	_	_	linguistic	_	ContainsVariation=No	_	Begin=1995.19|End=1995.74	_	_	_	0-5(97)
493-0	BOI029	493	0	°certo°	certo	_	_	_	_	_	linguistic	_	ContainsVariation=No	Volume=low	Begin=1996.04|End=1996.24	_	_	_	_
494-0	BOR001	494	0	e:	e	_	_	_	_	_	linguistic	_	ContainsVariation=No	PauseAfter=Yes	Begin=1996.43	0x1	_	_	_
494-1	BOR001	494	1	(.)	(.)	_	_	_	_	_	shortpause	_	ContainsVariation=No	_	_	_	_	_	_
494-2	BOR001	494	2	sta	sta	_	_	_	_	_	linguistic	_	ContainsVariation=No	_	_	_	_	_	_
494-3	BOR001	494	3	un	un	_	_	_	_	_	linguistic	_	ContainsVariation=No	_	_	_	_	_	_
494-4	BOR001	494	4	po':	po'	_	_	_	_	_	linguistic	_	ContainsVariation=No	_	_	1x1	_	_	_
494-5	BOR001	494	5	nel	nel	_	_	_	_	_	linguistic	_	ContainsVariation=No	_	_	_	_	_	_
494-6	BOR001	494	6	professore	professore	_	_	_	_	_	linguistic	_	ContainsVariation=No	_	_	_	_	_	_
494-7	BOR001	494	7	che	che	_	_	_	_	_	linguistic	_	ContainsVariation=No	_	_	_	_	_	_
494-8	BOR001	494	8	poi	poi	_	_	_	_	_	linguistic	_	ContainsVariation=No	_	_	_	_	_	_
494-9	BOR001	494	9	ti~	ti~	_	_	_	_	_	linguistic	_	ContainsVariation=No	Interrupted=Yes	_	_	_	_	_
494-10	BOR001	494	10	nella	nella	_	_	_	_	_	linguistic	_	ContainsVariation=No	_	_	_	_	_	_
494-11	BOR001	494	11	bravura	bravura	_	_	_	_	_	linguistic	_	ContainsVariation=No	_	_	_	_	_	_
494-12	BOR001	494	12	del	del	_	_	_	_	_	linguistic	_	ContainsVariation=No	_	_	_	_	_	_
494-13	BOR001	494	13	professore	professore	_	_	_	_	_	linguistic	_	ContainsVariation=No	_	_	_	_	_	_
494-14	BOR001	494	14	che	che	_	_	_	_	_	linguistic	_	ContainsVariation=No	_	_	_	_	_	_
494-15	BOR001	494	15	ti	ti	_	_	_	_	_	linguistic	_	ContainsVariation=No	_	_	_	_	_	_
494-16	BOR001	494	16	trovi	trovi	_	_	_	_	_	linguistic	_	ContainsVariation=No	_	_	_	_	_	_
494-17	BOR001	494	17	davanti	davanti	_	_	_	_	_	linguistic	_	ContainsVariation=No	_	_	_	_	_	_
494-18	BOR001	494	18	anche	anche	_	_	_	_	_	linguistic	_	ContainsVariation=No	_	_	_	_	_	_
494-19	BOR001	494	19	di	di	_	_	_	_	_	linguistic	_	ContainsVariation=No	_	_	_	_	_	_
494-20	BOR001	494	20	farti	farti	_	_	_	_	_	linguistic	_	ContainsVariation=No	_	_	_	_	_	_
494-21	BOR001	494	21	vedere	vedere	_	_	_	_	_	linguistic	_	ContainsVariation=No	_	_	_	_	_	_
494-22	BOR001	494	22	queste	queste	_	_	_	_	_	linguistic	_	ContainsVariation=No	_	_	_	_	_	_
494-23	BOR001	494	23	chiavi	chiavi	_	_	_	_	_	linguistic	_	ContainsVariation=No	_	_	_	_	_	_
494-24	BOR001	494	24	che	che	_	_	_	_	_	linguistic	_	ContainsVariation=No	_	End=2003.76	_	_	_	_
495-0	BOI029	495	0	sì	sì	_	_	_	_	_	linguistic	_	ContainsVariation=No	_	Begin=2004.41	_	_	_	_
495-1	BOI029	495	1	sì	sì	_	_	_	_	_	linguistic	_	ContainsVariation=No	_	_	_	_	_	_
495-2	BOI029	495	2	[cioè	cioè	_	_	_	_	_	linguistic	_	ContainsVariation=No	_	_	_	_	_	0-4(98)
495-3	BOI029	495	3	chiaro]	chiaro	_	_	_	_	_	linguistic	_	ContainsVariation=No	_	End=2005.81	_	_	_	0-6(98)
496-0	BOR001	496	0	[cioè	cioè	_	_	_	_	_	linguistic	_	ContainsVariation=No	_	Begin=2004.79	_	_	_	0-4(98)
496-1	BOR001	496	1	notarle	notarle	_	_	_	_	_	linguistic	_	ContainsVariation=No	_	_	_	_	_	0-7(98)
496-2	BOR001	496	2	da	da	_	_	_	_	_	linguistic	_	ContainsVariation=No	_	_	_	_	_	0-2(98)
496-3	BOR001	496	3	solo]	solo	_	_	_	_	_	linguistic	_	ContainsVariation=No	_	_	_	_	_	0-4(98)
496-4	BOR001	496	4	°è	è	_	_	_	_	_	linguistic	_	ContainsVariation=No	Volume=low	_	_	_	_	_
496-5	BOR001	496	5	più	più	_	_	_	_	_	linguistic	_	ContainsVariation=No	Volume=low	_	_	_	_	_
496-6	BOR001	496	6	difficile°	difficile	_	_	_	_	_	linguistic	_	ContainsVariation=No	Volume=low	End=2006.68	_	_	_	_
497-0	BOI029	497	0	certo	certo	_	_	_	_	_	linguistic	_	ContainsVariation=No	_	Begin=2006.87	_	_	_	_
497-1	BOI029	497	1	[certo]	certo	_	_	_	_	_	linguistic	_	ContainsVariation=No	_	_	_	_	_	0-5(99)
497-2	BOI029	497	2	nel	nel	_	_	_	_	_	linguistic	_	ContainsVariation=No	_	_	_	_	_	_
497-3	BOI029	497	3	senso	senso	_	_	_	_	_	linguistic	_	ContainsVariation=No	_	_	_	_	_	_
497-4	BOI029	497	4	che	che	_	_	_	_	_	linguistic	_	ContainsVariation=No	_	_	_	_	_	_
497-5	BOI029	497	5	se	se	_	_	_	_	_	linguistic	_	ContainsVariation=No	_	_	_	_	_	_
497-6	BOI029	497	6	tu	tu	_	_	_	_	_	linguistic	_	ContainsVariation=No	_	_	_	_	_	_
497-7	BOI029	497	7	capisci	capisci	_	_	_	_	_	linguistic	_	ContainsVariation=No	_	_	_	_	_	_
497-8	BOI029	497	8	che	che	_	_	_	_	_	linguistic	_	ContainsVariation=No	_	_	_	_	_	_
497-9	BOI029	497	9	quello	quello	_	_	_	_	_	linguistic	_	ContainsVariation=No	_	_	_	_	_	_
497-10	BOI029	497	10	che	che	_	_	_	_	_	linguistic	_	ContainsVariation=No	_	_	_	_	_	_
497-11	BOI029	497	11	stai	stai	_	_	_	_	_	linguistic	_	ContainsVariation=No	_	_	_	_	_	_
497-12	BOI029	497	12	facendo	facendo	_	_	_	_	_	linguistic	_	ContainsVariation=No	_	_	_	_	_	_
497-13	BOI029	497	13	>eccetera<	eccetera	_	_	_	_	_	linguistic	_	ContainsVariation=No	_	_	_	Fast=0-8(0)	_	_
497-14	BOI029	497	14	è	è	_	_	_	_	_	linguistic	_	ContainsVariation=No	_	End=2011.26	_	_	_	_
498-0	BOR001	498	0	[xxx]	xxx	_	_	_	_	_	unknown	_	ContainsVariation=No	Syllables=3	Begin=2007.16|End=2007.64	_	_	_	0-3(99)
499-0	BOI029	499	0	cioè	cioè	_	_	_	_	_	linguistic	_	ContainsVariation=No	_	Begin=2011.62	_	_	_	_
499-1	BOI029	499	1	passi	passi	_	_	_	_	_	linguistic	_	ContainsVariation=No	_	_	_	_	_	_
499-2	BOI029	499	2	lì	lì	_	_	_	_	_	linguistic	_	ContainsVariation=No	_	_	_	_	_	_
499-3	BOI029	499	3	davanti	davanti	_	_	_	_	_	linguistic	_	ContainsVariation=No	_	_	_	_	_	_
499-4	BOI029	499	4	non	non	_	_	_	_	_	linguistic	_	ContainsVariation=No	_	_	_	_	_	_
499-5	BOI029	499	5	capisco	capisco	_	_	_	_	_	linguistic	_	ContainsVariation=No	_	_	_	_	_	_
499-6	BOI029	499	6	niente	niente	_	_	_	_	_	linguistic	_	ContainsVariation=No	_	_	_	_	_	_
499-7	BOI029	499	7	AH	ah	_	_	_	_	_	linguistic	_	ContainsVariation=No	Volume=high	_	_	_	_	_
499-8	BOI029	499	8	però	però	_	_	_	_	_	linguistic	_	ContainsVariation=No	_	_	_	_	_	_
499-9	BOI029	499	9	l'	l'	_	_	_	_	_	linguistic	_	ContainsVariation=No	SpaceAfter=No	_	_	_	_	_
499-10	BOI029	499	10	ho	ho	_	_	_	_	_	linguistic	_	ContainsVariation=No	_	_	_	_	_	_
499-11	BOI029	499	11	guardato	guardato	_	_	_	_	_	linguistic	_	ContainsVariation=No	_	_	_	_	_	_
499-12	BOI029	499	12	l'	l'	_	_	_	_	_	linguistic	_	ContainsVariation=No	SpaceAfter=No	_	_	_	_	_
499-13	BOI029	499	13	ho	ho	_	_	_	_	_	linguistic	_	ContainsVariation=No	_	_	_	_	_	_
499-14	BOI029	499	14	letto	letto	_	_	_	_	_	linguistic	_	ContainsVariation=No	PauseAfter=Yes	_	_	_	_	_
499-15	BOI029	499	15	(.)	(.)	_	_	_	_	_	shortpause	_	ContainsVariation=No	_	_	_	_	_	_
499-16	BOI029	499	16	capisco	capisco	_	_	_	_	_	linguistic	_	ContainsVariation=No	_	_	_	_	_	_
499-17	BOI029	499	17	cos'	cos'	_	_	_	_	_	linguistic	_	ContainsVariation=No	SpaceAfter=No	_	_	_	_	_
499-18	BOI029	499	18	è	è	_	_	_	_	_	linguistic	_	ContainsVariation=No	_	End=2017.32	_	_	_	_
500-0	BOI029	500	0	(i)nsomma	insomma	_	_	_	_	_	linguistic	_	ContainsVariation=No	_	Begin=2018.06	_	_	0-1(0)	_
500-1	BOI029	500	1	[eh]	eh	_	_	_	_	_	linguistic	_	ContainsVariation=No	_	End=2019.01	_	_	_	0-2(100)
501-0	BOR001	501	0	[sì]	sì	_	_	_	_	_	linguistic	_	ContainsVariation=No	PauseAfter=Yes	Begin=2018.77	_	_	_	0-2(100)
501-1	BOR001	501	1	(.)	(.)	_	_	_	_	_	shortpause	_	ContainsVariation=No	_	_	_	_	_	_
501-2	BOR001	501	2	e	e	_	_	_	_	_	linguistic	_	ContainsVariation=No	_	_	_	_	_	_
501-3	BOR001	501	3	vedi	vedi	_	_	_	_	_	linguistic	_	ContainsVariation=No	_	_	_	_	_	_
501-4	BOR001	501	4	anche	anche	_	_	_	_	_	linguistic	_	ContainsVariation=No	_	_	_	_	_	_
501-5	BOR001	501	5	le	le	_	_	_	_	_	linguistic	_	ContainsVariation=No	_	_	_	_	_	_
501-6	BOR001	501	6	cose	cose	_	_	_	_	_	linguistic	_	ContainsVariation=No	_	_	_	_	_	_
501-7	BOR001	501	7	con	con	_	_	_	_	_	linguistic	_	ContainsVariation=No	_	_	_	_	_	_
501-8	BOR001	501	8	occhi	occhi	_	_	_	_	_	linguistic	_	ContainsVariation=No	_	_	_	_	_	_
501-9	BOR001	501	9	diver[si]	diversi	_	_	_	_	_	linguistic	_	ContainsVariation=No	_	End=2021.4	_	_	_	5-7(101)
502-0	BOI029	502	0	[sì]	sì	_	_	_	_	_	linguistic	_	ContainsVariation=No	_	Begin=2021.25	_	_	_	0-2(101)
502-1	BOI029	502	1	sì	sì	_	_	_	_	_	linguistic	_	ContainsVariation=No	_	End=2021.58	_	_	_	_
503-0	BOR001	503	0	vedi	vedi	_	_	_	_	_	linguistic	_	ContainsVariation=No	_	Begin=2021.6	_	_	_	_
503-1	BOR001	503	1	appunto:	appunto	_	_	_	_	_	linguistic	_	ContainsVariation=No	_	End=2022.42	6x1	_	_	_
504-0	BOI029	504	0	magari	magari	_	_	_	_	_	linguistic	_	ContainsVariation=No	_	Begin=2022.48	_	_	_	_
504-1	BOI029	504	1	ti	ti	_	_	_	_	_	linguistic	_	ContainsVariation=No	_	_	_	_	_	_
504-2	BOI029	504	2	viene	viene	_	_	_	_	_	linguistic	_	ContainsVariation=No	_	_	_	_	_	_
504-3	BOI029	504	3	in	in	_	_	_	_	_	linguistic	_	ContainsVariation=No	_	_	_	_	_	_
504-4	BOI029	504	4	mente	mente	_	_	_	_	_	linguistic	_	ContainsVariation=No	_	_	_	_	_	_
504-5	BOI029	504	5	ma:	ma	_	_	_	_	_	linguistic	_	ContainsVariation=No	_	_	1x1	_	_	_
504-6	BOI029	504	6	quello	quello	_	_	_	_	_	linguistic	_	ContainsVariation=No	_	_	_	_	_	_
504-7	BOI029	504	7	lì	lì	_	_	_	_	_	linguistic	_	ContainsVariation=No	_	_	_	_	_	_
504-8	BOI029	504	8	che	che	_	_	_	_	_	linguistic	_	ContainsVariation=No	_	_	_	_	_	_
504-9	BOI029	504	9	cos'	cos'	_	_	_	_	_	linguistic	_	ContainsVariation=No	SpaceAfter=No	_	_	_	_	_
504-10	BOI029	504	10	è?	è	_	_	_	_	_	linguistic	_	ContainsVariation=No	Intonation=Rising	End=2025.07	_	_	_	_
505-0	BOI029	505	0	cioè	cioè	_	_	_	_	_	linguistic	_	ContainsVariation=No	_	Begin=2025.34	_	_	_	_
505-1	BOI029	505	1	muovere	muovere	_	_	_	_	_	linguistic	_	ContainsVariation=No	_	_	_	_	_	_
505-2	BOI029	505	2	la	la	_	_	_	_	_	linguistic	_	ContainsVariation=No	_	_	_	_	_	_
505-3	BOI029	505	3	curiosità	curiosità	_	_	_	_	_	linguistic	_	ContainsVariation=No	PauseAfter=Yes	_	_	_	_	_
505-4	BOI029	505	4	(.)	(.)	_	_	_	_	_	shortpause	_	ContainsVariation=No	_	_	_	_	_	_
505-5	BOI029	505	5	è	è	_	_	_	_	_	linguistic	_	ContainsVariation=No	_	_	_	_	_	_
505-6	BOI029	505	6	quello	quello	_	_	_	_	_	linguistic	_	ContainsVariation=No	_	_	_	_	_	_
505-7	BOI029	505	7	che	che	_	_	_	_	_	linguistic	_	ContainsVariation=No	_	_	_	_	_	_
505-8	BOI029	505	8	poi	poi	_	_	_	_	_	linguistic	_	ContainsVariation=No	_	_	_	_	_	_
505-9	BOI029	505	9	ti	ti	_	_	_	_	_	linguistic	_	ContainsVariation=No	_	_	_	_	_	_
505-10	BOI029	505	10	fa	fa	_	_	_	_	_	linguistic	_	ContainsVariation=No	_	_	_	_	_	_
505-11	BOI029	505	11	apprendere	apprendere	_	_	_	_	_	linguistic	_	ContainsVariation=No	_	_	_	_	_	_
505-12	BOI029	505	12	eh	eh	_	_	_	_	_	linguistic	_	ContainsVariation=No	_	End=2029.73	_	_	_	_
506-0	BOR001	506	0	sì	sì	_	_	_	_	_	linguistic	_	ContainsVariation=No	_	Begin=2030.05|End=2030.24	_	_	_	_
507-0	BOR001	507	0	xxx	xxx	_	_	_	_	_	unknown	_	ContainsVariation=No	Syllables=3	Begin=2031.2|End=2031.43	_	_	_	_
508-0	BOI029	508	0	son	son	_	_	_	_	_	linguistic	_	ContainsVariation=No	_	Begin=2031.48	_	_	_	_
508-1	BOI029	508	1	sempre	sempre	_	_	_	_	_	linguistic	_	ContainsVariation=No	_	_	_	_	_	_
508-2	BOI029	508	2	i	i	_	_	_	_	_	linguistic	_	ContainsVariation=No	_	_	_	_	_	_
508-3	BOI029	508	3	soliti	soliti	_	_	_	_	_	linguistic	_	ContainsVariation=No	_	_	_	_	_	_
508-4	BOI029	508	4	discorsi	discorsi	_	_	_	_	_	linguistic	_	ContainsVariation=No	_	_	_	_	_	_
508-5	BOI029	508	5	((ride))	((ride))	_	_	_	_	_	nonverbalbehavior	_	ContainsVariation=No	_	End=2033.78	_	_	_	_
509-0	BOR001	509	0	sì	sì	_	_	_	_	_	linguistic	_	ContainsVariation=No	_	Begin=2034.87|End=2035.02	_	_	_	_
510-0	BOR001	510	0	secondo	secondo	_	_	_	_	_	linguistic	_	ContainsVariation=No	_	Begin=2035.685	_	_	_	_
510-1	BOR001	510	1	me:	me	_	_	_	_	_	linguistic	_	ContainsVariation=No	_	_	1x1	_	_	_
510-2	BOR001	510	2	mh	mh	_	_	_	_	_	linguistic	_	ContainsVariation=No	_	End=2036.93	_	_	_	_
511-0	BOR001	511	0	io	io	_	_	_	_	_	linguistic	_	ContainsVariation=No	_	Begin=2039.698	_	_	_	_
511-1	BOR001	511	1	mi	mi	_	_	_	_	_	linguistic	_	ContainsVariation=No	_	_	_	_	_	_
511-2	BOR001	511	2	fermerei	fermerei	_	_	_	_	_	linguistic	_	ContainsVariation=No	_	_	_	_	_	_
511-3	BOR001	511	3	anche::	anche	_	_	_	_	_	linguistic	_	ContainsVariation=No	_	_	4x2	_	_	_
511-4	BOR001	511	4	anche	anche	_	_	_	_	_	linguistic	_	ContainsVariation=No	_	_	_	_	_	_
511-5	BOR001	511	5	qua	qua	_	_	_	_	_	linguistic	_	ContainsVariation=No	_	_	_	_	_	_
511-6	BOR001	511	6	>solamente	solamente	_	_	_	_	_	linguistic	_	ContainsVariation=No	_	_	_	Fast=0-9(0)	_	_
511-7	BOR001	511	7	solo<	solo	_	_	_	_	_	linguistic	_	ContainsVariation=No	_	_	_	Fast=0-4(0)	_	_
511-8	BOR001	511	8	una	una	_	_	_	_	_	linguistic	_	ContainsVariation=No	_	_	_	_	_	_
511-9	BOR001	511	9	co~	co~	_	_	_	_	_	linguistic	_	ContainsVariation=No	Interrupted=Yes	_	_	_	_	_
511-10	BOR001	511	10	perché	perché	_	_	_	_	_	linguistic	_	ContainsVariation=No	_	_	_	_	_	_
511-11	BOR001	511	11	prima	prima	_	_	_	_	_	linguistic	_	ContainsVariation=No	_	_	_	_	_	_
511-12	BOR001	511	12	le	le	_	_	_	_	_	linguistic	_	ContainsVariation=No	_	_	_	_	_	_
511-13	BOR001	511	13	avevo	avevo	_	_	_	_	_	linguistic	_	ContainsVariation=No	_	_	_	_	_	_
511-14	BOR001	511	14	chiesto	chiesto	_	_	_	_	_	linguistic	_	ContainsVariation=No	_	_	_	_	_	_
511-15	BOR001	511	15	ehm	ehm	_	_	_	_	_	linguistic	_	ContainsVariation=No	_	End=2045.567	_	_	_	_
512-0	BOR001	512	0	che	che	_	_	_	_	_	linguistic	_	ContainsVariation=No	_	Begin=2046.016	_	_	_	_
512-1	BOR001	512	1	preparazione	preparazione	_	_	_	_	_	linguistic	_	ContainsVariation=No	_	_	_	_	_	_
512-2	BOR001	512	2	viene	viene	_	_	_	_	_	linguistic	_	ContainsVariation=No	_	_	_	_	_	_
512-3	BOR001	512	3	fatta	fatta	_	_	_	_	_	linguistic	_	ContainsVariation=No	PauseAfter=Yes	_	_	_	_	_
512-4	BOR001	512	4	(.)	(.)	_	_	_	_	_	shortpause	_	ContainsVariation=No	_	_	_	_	_	_
512-5	BOR001	512	5	eh	eh	_	_	_	_	_	linguistic	_	ContainsVariation=No	_	_	_	_	_	_
512-6	BOR001	512	6	con	con	_	_	_	_	_	linguistic	_	ContainsVariation=No	_	_	_	_	_	_
512-7	BOR001	512	7	i	i	_	_	_	_	_	linguistic	_	ContainsVariation=No	_	_	_	_	_	_
512-8	BOR001	512	8	ragazzi	ragazzi	_	_	_	_	_	linguistic	_	ContainsVariation=No	_	End=2049.26	_	_	_	_
513-0	BOR001	513	0	ma	ma	_	_	_	_	_	linguistic	_	ContainsVariation=No	_	Begin=2049.87	_	_	_	_
513-1	BOR001	513	1	invece:	invece	_	_	_	_	_	linguistic	_	ContainsVariation=No	_	_	5x1	_	_	_
513-2	BOR001	513	2	e:h	eh	_	_	_	_	_	linguistic	_	ContainsVariation=No	_	_	0x1	_	_	_
513-3	BOR001	513	3	voi	voi	_	_	_	_	_	linguistic	_	ContainsVariation=No	_	_	_	_	_	_
513-4	BOR001	513	4	docenti?	docenti	_	_	_	_	_	linguistic	_	ContainsVariation=No	Intonation=Rising	End=2052.909	_	_	_	_
514-0	BOR001	514	0	cioè	cioè	_	_	_	_	_	linguistic	_	ContainsVariation=No	_	Begin=2053.639	_	_	_	_
514-1	BOR001	514	1	vi	vi	_	_	_	_	_	linguistic	_	ContainsVariation=No	PauseAfter=Yes	_	_	_	_	_
514-2	BOR001	514	2	(.)	(.)	_	_	_	_	_	shortpause	_	ContainsVariation=No	_	_	_	_	_	_
514-3	BOR001	514	3	mh	mh	_	_	_	_	_	linguistic	_	ContainsVariation=No	_	End=2055.94	_	_	_	_
515-0	BOR001	515	0	in	in	_	_	_	_	_	linguistic	_	ContainsVariation=No	_	Begin=2058.553	_	_	_	_
515-1	BOR001	515	1	che	che	_	_	_	_	_	linguistic	_	ContainsVariation=No	_	_	_	_	_	_
515-2	BOR001	515	2	modo	modo	_	_	_	_	_	linguistic	_	ContainsVariation=No	_	_	_	_	_	_
515-3	BOR001	515	3	vi:	vi	_	_	_	_	_	linguistic	_	ContainsVariation=No	_	_	1x1	_	_	_
515-4	BOR001	515	4	prepara~	prepara~	_	_	_	_	_	linguistic	_	ContainsVariation=No	Interrupted=Yes	_	_	_	_	_
515-5	BOR001	515	5	cioè	cioè	_	_	_	_	_	linguistic	_	ContainsVariation=No	_	_	_	_	_	_
515-6	BOR001	515	6	è	è	_	_	_	_	_	linguistic	_	ContainsVariation=No	_	_	_	_	_	_
515-7	BOR001	515	7	uno	uno	_	_	_	_	_	linguistic	_	ContainsVariation=No	_	_	_	_	_	_
515-8	BOR001	515	8	studio	studio	_	_	_	_	_	linguistic	_	ContainsVariation=No	_	_	_	_	_	_
515-9	BOR001	515	9	così:	così	_	_	_	_	_	linguistic	_	ContainsVariation=No	_	_	3x1	_	_	_
515-10	BOR001	515	10	mh	mh	_	_	_	_	_	linguistic	_	ContainsVariation=No	_	_	_	_	_	_
515-11	BOR001	515	11	vostro	vostro	_	_	_	_	_	linguistic	_	ContainsVariation=No	_	_	_	_	_	_
515-12	BOR001	515	12	vi	vi	_	_	_	_	_	linguistic	_	ContainsVariation=No	_	_	_	_	_	_
515-13	BOR001	515	13	documentate	documentate	_	_	_	_	_	linguistic	_	ContainsVariation=No	_	_	_	_	_	_
515-14	BOR001	515	14	[e:h	eh	_	_	_	_	_	linguistic	_	ContainsVariation=No	_	_	0x1	_	_	0-2(102)
515-15	BOR001	515	15	vo]i,	voi	_	_	_	_	_	linguistic	_	ContainsVariation=No	Intonation=WeaklyRising	End=2065.206	_	_	_	0-2(102)
516-0	BOI029	516	0	[sì]	sì	_	_	_	_	_	linguistic	_	ContainsVariation=No	_	Begin=2064.69|End=2065.06	_	_	_	0-2(102)
517-0	BOI029	517	0	sì	sì	_	_	_	_	_	linguistic	_	ContainsVariation=No	_	Begin=2066.34	_	_	_	_
517-1	BOI029	517	1	cioè	cioè	_	_	_	_	_	linguistic	_	ContainsVariation=No	_	_	_	_	_	_
517-2	BOI029	517	2	[nel	nel	_	_	_	_	_	linguistic	_	ContainsVariation=No	_	_	_	_	_	0-3(103)
517-3	BOI029	517	3	senso]	senso	_	_	_	_	_	linguistic	_	ContainsVariation=No	_	_	_	_	_	0-5(103)
517-4	BOI029	517	4	che	che	_	_	_	_	_	linguistic	_	ContainsVariation=No	_	_	_	_	_	_
517-5	BOI029	517	5	non	non	_	_	_	_	_	linguistic	_	ContainsVariation=No	_	_	_	_	_	_
517-6	BOI029	517	6	so	so	_	_	_	_	_	linguistic	_	ContainsVariation=No	_	_	_	_	_	_
517-7	BOI029	517	7	io	io	_	_	_	_	_	linguistic	_	ContainsVariation=No	_	_	_	_	_	_
517-8	BOI029	517	8	decido	decido	_	_	_	_	_	linguistic	_	ContainsVariation=No	_	_	_	_	_	_
517-9	BOI029	517	9	di	di	_	_	_	_	_	linguistic	_	ContainsVariation=No	_	_	_	_	_	_
517-10	BOI029	517	10	fare	fare	_	_	_	_	_	linguistic	_	ContainsVariation=No	_	_	_	_	_	_
517-11	BOI029	517	11	una	una	_	_	_	_	_	linguistic	_	ContainsVariation=No	_	_	_	_	_	_
517-12	BOI029	517	12	cosa:,	cosa	_	_	_	_	_	linguistic	_	ContainsVariation=No	Intonation=WeaklyRising	End=2069.44	3x1	_	_	_
518-0	BOR001	518	0	[okay]	okay	_	_	_	_	_	linguistic	_	ContainsVariation=No	_	Begin=2066.699|End=2067.19	_	_	_	0-4(103)
519-0	BOI029	519	0	a	a	_	_	_	_	_	linguistic	_	ContainsVariation=No	_	Begin=2069.88	_	_	_	_
519-1	BOI029	519	1	casa	casa	_	_	_	_	_	linguistic	_	ContainsVariation=No	_	_	_	_	_	_
519-2	BOI029	519	2	ini~	ini~	_	_	_	_	_	linguistic	_	ContainsVariation=No	Interrupted=Yes	_	_	_	_	_
519-3	BOI029	519	3	inizio	inizio	_	_	_	_	_	linguistic	_	ContainsVariation=No	_	_	_	_	_	_
519-4	BOI029	519	4	a	a	_	_	_	_	_	linguistic	_	ContainsVariation=No	_	_	_	_	_	_
519-5	BOI029	519	5	vedere	vedere	_	_	_	_	_	linguistic	_	ContainsVariation=No	_	_	_	_	_	_
519-6	BOI029	519	6	quali	quali	_	_	_	_	_	linguistic	_	ContainsVariation=No	_	_	_	_	_	_
519-7	BOI029	519	7	sono	sono	_	_	_	_	_	linguistic	_	ContainsVariation=No	_	_	_	_	_	_
519-8	BOI029	519	8	gli	gli	_	_	_	_	_	linguistic	_	ContainsVariation=No	_	_	_	_	_	_
519-9	BOI029	519	9	argomenti:	argomenti	_	_	_	_	_	linguistic	_	ContainsVariation=No	_	_	8x1	_	_	_
519-10	BOI029	519	10	le	le	_	_	_	_	_	linguistic	_	ContainsVariation=No	_	_	_	_	_	_
519-11	BOI029	519	11	cose	cose	_	_	_	_	_	linguistic	_	ContainsVariation=No	_	_	_	_	_	_
519-12	BOI029	519	12	che	che	_	_	_	_	_	linguistic	_	ContainsVariation=No	_	_	_	_	_	_
519-13	BOI029	519	13	vorrei	vorrei	_	_	_	_	_	linguistic	_	ContainsVariation=No	_	_	_	_	_	_
519-14	BOI029	519	14	trattare	trattare	_	_	_	_	_	linguistic	_	ContainsVariation=No	_	End=2074.989	_	_	_	_
520-0	BOI029	520	0	<e	e	_	_	_	_	_	linguistic	_	ContainsVariation=No	_	Begin=2075.29	_	Slow=0-1(0)	_	_
520-1	BOI029	520	1	poi>	poi	_	_	_	_	_	linguistic	_	ContainsVariation=No	_	_	_	Slow=0-3(0)	_	_
520-2	BOI029	520	2	cerco	cerco	_	_	_	_	_	linguistic	_	ContainsVariation=No	_	_	_	_	_	_
520-3	BOI029	520	3	quella	quella	_	_	_	_	_	linguistic	_	ContainsVariation=No	_	_	_	_	_	_
520-4	BOI029	520	4	famosa	famosa	_	_	_	_	_	linguistic	_	ContainsVariation=No	_	_	_	_	_	_
520-5	BOI029	520	5	chiave	chiave	_	_	_	_	_	linguistic	_	ContainsVariation=No	_	End=2078.85	_	_	_	_
521-0	BOI029	521	0	che	che	_	_	_	_	_	linguistic	_	ContainsVariation=No	_	Begin=2079.34	_	_	_	_
521-1	BOI029	521	1	non	non	_	_	_	_	_	linguistic	_	ContainsVariation=No	_	_	_	_	_	_
521-2	BOI029	521	2	è	è	_	_	_	_	_	linguistic	_	ContainsVariation=No	_	_	_	_	_	_
521-3	BOI029	521	3	l'	l'	_	_	_	_	_	linguistic	_	ContainsVariation=No	SpaceAfter=No	_	_	_	_	_
521-4	BOI029	521	4	argomento	argomento	_	_	_	_	_	linguistic	_	ContainsVariation=No	_	_	_	_	_	_
521-5	BOI029	521	5	ma	ma	_	_	_	_	_	linguistic	_	ContainsVariation=No	_	_	_	_	_	_
521-6	BOI029	521	6	come	come	_	_	_	_	_	linguistic	_	ContainsVariation=No	_	_	_	_	_	_
521-7	BOI029	521	7	io	io	_	_	_	_	_	linguistic	_	ContainsVariation=No	_	_	_	_	_	_
521-8	BOI029	521	8	posso	posso	_	_	_	_	_	linguistic	_	ContainsVariation=No	_	_	_	_	_	_
521-9	BOI029	521	9	entrare	entrare	_	_	_	_	_	linguistic	_	ContainsVariation=No	PauseAfter=Yes	_	_	_	_	_
521-10	BOI029	521	10	(.)	(.)	_	_	_	_	_	shortpause	_	ContainsVariation=No	_	_	_	_	_	_
521-11	BOI029	521	11	a	a	_	_	_	_	_	linguistic	_	ContainsVariation=No	_	_	_	_	_	_
521-12	BOI029	521	12	fartelo	fartelo	_	_	_	_	_	linguistic	_	ContainsVariation=No	_	_	_	_	_	_
521-13	BOI029	521	13	capire	capire	_	_	_	_	_	linguistic	_	ContainsVariation=No	_	End=2084.451	_	_	_	_
522-0	BOR001	522	0	sì	sì	_	_	_	_	_	linguistic	_	ContainsVariation=No	_	Begin=2084.83|End=2085.04	_	_	_	_
523-0	BOR001	523	0	°okay°	okay	_	_	_	_	_	linguistic	_	ContainsVariation=No	Volume=low	Begin=2086.01	_	_	_	_
523-1	BOR001	523	1	ed~	ed~	_	_	_	_	_	linguistic	_	ContainsVariation=No	Interrupted=Yes	_	_	_	_	_
523-2	BOR001	523	2	e	e	_	_	_	_	_	linguistic	_	ContainsVariation=No	_	_	_	_	_	_
523-3	BOR001	523	3	poi	poi	_	_	_	_	_	linguistic	_	ContainsVariation=No	_	_	_	_	_	_
523-4	BOR001	523	4	tutte	tutte	_	_	_	_	_	linguistic	_	ContainsVariation=No	_	_	_	_	_	_
523-5	BOR001	523	5	queste	queste	_	_	_	_	_	linguistic	_	ContainsVariation=No	_	_	_	_	_	_
523-6	BOR001	523	6	cose	cose	_	_	_	_	_	linguistic	_	ContainsVariation=No	_	_	_	_	_	_
523-7	BOR001	523	7	passano	passano	_	_	_	_	_	linguistic	_	ContainsVariation=No	_	_	_	_	_	_
523-8	BOR001	523	8	sempre	sempre	_	_	_	_	_	linguistic	_	ContainsVariation=No	_	_	_	_	_	_
523-9	BOR001	523	9	da:	da	_	_	_	_	_	linguistic	_	ContainsVariation=No	_	End=2088.726	1x1	_	_	_
524-0	BOR001	524	0	>cioè<	cioè	_	_	_	_	_	linguistic	_	ContainsVariation=No	_	Begin=2089.973	_	Fast=0-4(0)	_	_
524-1	BOR001	524	1	devono	devono	_	_	_	_	_	linguistic	_	ContainsVariation=No	_	_	_	_	_	_
524-2	BOR001	524	2	sempre	sempre	_	_	_	_	_	linguistic	_	ContainsVariation=No	_	_	_	_	_	_
524-3	BOR001	524	3	essere	essere	_	_	_	_	_	linguistic	_	ContainsVariation=No	_	_	_	_	_	_
524-4	BOR001	524	4	approvate	approvate	_	_	_	_	_	linguistic	_	ContainsVariation=No	_	_	_	_	_	_
524-5	BOR001	524	5	dall'	dall'	_	_	_	_	_	linguistic	_	ContainsVariation=No	SpaceAfter=No	_	_	_	_	_
524-6	BOR001	524	6	alto?	alto	_	_	_	_	_	linguistic	_	ContainsVariation=No	Intonation=Rising	End=2091.46	_	_	_	_
525-0	BOI029	525	0	no	no	_	_	_	_	_	linguistic	_	ContainsVariation=No	_	Begin=2091.61|End=2091.902	_	_	_	_
526-0	BOR001	526	0	n[o]?	no	_	_	_	_	_	linguistic	_	ContainsVariation=No	Intonation=Rising	Begin=2092.09|End=2092.295	_	_	_	1-2(104)
527-0	BOI029	527	0	[n]o	no	_	_	_	_	_	linguistic	_	ContainsVariation=No	_	Begin=2092.179|End=2092.487	_	_	_	0-1(104)
528-0	BOR001	528	0	ah	ah	_	_	_	_	_	linguistic	_	ContainsVariation=No	_	Begin=2092.699|End=2092.88	_	_	_	_
529-0	BOR001	529	0	°ok[ay	okay	_	_	_	_	_	linguistic	_	ContainsVariation=No	_	Begin=2092.88	_	_	_	2-4(105)
529-1	BOR001	529	1	xxx]	xxx	_	_	_	_	_	unknown	_	ContainsVariation=No	Syllables=3	End=2093.697	_	_	_	0-3(105)
530-0	BOI029	530	0	[mh	mh	_	_	_	_	_	linguistic	_	ContainsVariation=No	_	Begin=2093.179	_	_	_	0-2(105)
530-1	BOI029	530	1	que]lla	quella	_	_	_	_	_	linguistic	_	ContainsVariation=No	_	_	_	_	_	0-3(105)
530-2	BOI029	530	2	che	che	_	_	_	_	_	linguistic	_	ContainsVariation=No	_	_	_	_	_	_
530-3	BOI029	530	3	si	si	_	_	_	_	_	linguistic	_	ContainsVariation=No	_	_	_	_	_	_
530-4	BOI029	530	4	chiama	chiama	_	_	_	_	_	linguistic	_	ContainsVariation=No	_	_	_	_	_	_
530-5	BOI029	530	5	libertà	libertà	_	_	_	_	_	linguistic	_	ContainsVariation=No	_	_	_	_	_	_
530-6	BOI029	530	6	di	di	_	_	_	_	_	linguistic	_	ContainsVariation=No	_	_	_	_	_	_
530-7	BOI029	530	7	insegna[mento	insegnamento	_	_	_	_	_	linguistic	_	ContainsVariation=No	_	_	_	_	_	7-12(106)
530-8	BOI029	530	8	ce	ce	_	_	_	_	_	linguistic	_	ContainsVariation=No	_	_	_	_	_	0-2(106)
530-9	BOI029	530	9	l'	l'	_	_	_	_	_	linguistic	_	ContainsVariation=No	SpaceAfter=No	_	_	_	_	0-2(106)
530-10	BOI029	530	10	]abbiamo	abbiamo	_	_	_	_	_	linguistic	_	ContainsVariation=No	_	_	_	_	_	_
530-11	BOI029	530	11	ancora	ancora	_	_	_	_	_	linguistic	_	ContainsVariation=No	_	_	_	_	_	_
530-12	BOI029	530	12	((ride))	((ride))	_	_	_	_	_	nonverbalbehavior	_	ContainsVariation=No	_	_	_	_	_	_
530-13	BOI029	530	13	[no	no	_	_	_	_	_	linguistic	_	ContainsVariation=No	_	_	_	_	_	0-2(107)
530-14	BOI029	530	14	no	no	_	_	_	_	_	linguistic	_	ContainsVariation=No	_	_	_	_	_	0-2(107)
530-15	BOI029	530	15	no]	no	_	_	_	_	_	linguistic	_	ContainsVariation=No	_	End=2098.773	_	_	_	0-2(107)
531-0	BOR001	531	0	[okay]	okay	_	_	_	_	_	linguistic	_	ContainsVariation=No	_	Begin=2095.28|End=2095.889	_	_	_	0-4(106)
532-0	BOR001	532	0	[NO	no	_	_	_	_	_	linguistic	_	ContainsVariation=No	Volume=high	Begin=2096.889	_	_	_	0-2(107)
532-1	BOR001	532	1	LO	lo	_	_	_	_	_	linguistic	_	ContainsVariation=No	Volume=high	_	_	_	_	0-2(107)
532-2	BOR001	532	2	SO	so	_	_	_	_	_	linguistic	_	ContainsVariation=No	Volume=high	_	_	_	_	0-2(107)
532-3	BOR001	532	3	non	non	_	_	_	_	_	linguistic	_	ContainsVariation=No	_	_	_	_	_	0-3(107)
532-4	BOR001	532	4	xxxxxxxx]	xxxxxxxx	_	_	_	_	_	unknown	_	ContainsVariation=No	Syllables=8	_	_	_	_	0-8(107)
532-5	BOR001	532	5	cioè:	cioè	_	_	_	_	_	linguistic	_	ContainsVariation=No	_	End=2098.89	3x1	_	_	_
533-0	BOI029	533	0	nel	nel	_	_	_	_	_	linguistic	_	ContainsVariation=No	_	Begin=2099.05	_	_	_	_
533-1	BOI029	533	1	senso	senso	_	_	_	_	_	linguistic	_	ContainsVariation=No	_	_	_	_	_	_
533-2	BOI029	533	2	che:	che	_	_	_	_	_	linguistic	_	ContainsVariation=No	_	_	2x1	_	_	_
533-3	BOI029	533	3	sì	sì	_	_	_	_	_	linguistic	_	ContainsVariation=No	_	_	_	_	_	_
533-4	BOI029	533	4	eh	eh	_	_	_	_	_	linguistic	_	ContainsVariation=No	_	_	_	_	_	_
533-5	BOI029	533	5	>per	per	_	_	_	_	_	linguistic	_	ContainsVariation=No	_	_	_	Fast=0-3(0)	_	_
533-6	BOI029	533	6	esempio<	esempio	_	_	_	_	_	linguistic	_	ContainsVariation=No	_	_	_	Fast=0-7(0)	_	_
533-7	BOI029	533	7	anche	anche	_	_	_	_	_	linguistic	_	ContainsVariation=No	_	_	_	_	_	_
533-8	BOI029	533	8	con	con	_	_	_	_	_	linguistic	_	ContainsVariation=No	_	_	_	_	_	_
533-9	BOI029	533	9	i	i	_	_	_	_	_	linguistic	_	ContainsVariation=No	_	_	_	_	_	_
533-10	BOI029	533	10	colleghi:	colleghi	_	_	_	_	_	linguistic	_	ContainsVariation=No	_	_	7x1	_	_	_
533-11	BOI029	533	11	eh	eh	_	_	_	_	_	linguistic	_	ContainsVariation=No	_	_	_	_	_	_
533-12	BOI029	533	12	di	di	_	_	_	_	_	linguistic	_	ContainsVariation=No	_	_	_	_	_	_
533-13	BOI029	533	13	lettere	lettere	_	_	_	_	_	linguistic	_	ContainsVariation=No	_	_	_	_	_	_
533-14	BOI029	533	14	si	si	_	_	_	_	_	linguistic	_	ContainsVariation=No	_	_	_	_	_	_
533-15	BOI029	533	15	decide	decide	_	_	_	_	_	linguistic	_	ContainsVariation=No	_	_	_	_	_	_
533-16	BOI029	533	16	che	che	_	_	_	_	_	linguistic	_	ContainsVariation=No	_	_	_	_	_	_
533-17	BOI029	533	17	cosa	cosa	_	_	_	_	_	linguistic	_	ContainsVariation=No	_	_	_	_	_	_
533-18	BOI029	533	18	fare	fare	_	_	_	_	_	linguistic	_	ContainsVariation=No	_	_	_	_	_	_
533-19	BOI029	533	19	eccetera	eccetera	_	_	_	_	_	linguistic	_	ContainsVariation=No	_	End=2106.662	_	_	_	_
534-0	BOI029	534	0	e:h	eh	_	_	_	_	_	linguistic	_	ContainsVariation=No	_	Begin=2106.94	0x1	_	_	_
534-1	BOI029	534	1	>per	per	_	_	_	_	_	linguistic	_	ContainsVariation=No	_	_	_	Fast=0-3(0)	_	_
534-2	BOI029	534	2	esempio<	esempio	_	_	_	_	_	linguistic	_	ContainsVariation=No	_	_	_	Fast=0-7(0)	_	_
534-3	BOI029	534	3	decidiamo	decidiamo	_	_	_	_	_	linguistic	_	ContainsVariation=No	_	_	_	Slow=0-9(0)	_	_
534-4	BOI029	534	4	che	che	_	_	_	_	_	linguistic	_	ContainsVariation=No	_	_	_	Slow=0-3(0)	_	_
534-5	BOI029	534	5	tu	tu	_	_	_	_	_	linguistic	_	ContainsVariation=No	_	_	_	Slow=0-2(0)	_	_
534-6	BOI029	534	6	fai	fai	_	_	_	_	_	linguistic	_	ContainsVariation=No	_	_	_	Slow=0-3(0)	_	_
534-7	BOI029	534	7	questo	questo	_	_	_	_	_	linguistic	_	ContainsVariation=No	_	_	_	Slow=0-6(0)	_	_
534-8	BOI029	534	8	eh	eh	_	_	_	_	_	linguistic	_	ContainsVariation=No	_	_	_	Slow=0-2(0)	_	_
534-9	BOI029	534	9	ah	ah	_	_	_	_	_	linguistic	_	ContainsVariation=No	_	_	_	Slow=0-2(0)	_	_
534-10	BOI029	534	10	>va	va	_	_	_	_	_	linguistic	_	ContainsVariation=No	_	_	_	Fast=0-2(1)	_	_
534-11	BOI029	534	11	bene	bene	_	_	_	_	_	linguistic	_	ContainsVariation=No	_	_	_	Fast=0-4(1)	_	_
534-12	BOI029	534	12	tu	tu	_	_	_	_	_	linguistic	_	ContainsVariation=No	_	_	_	Fast=0-2(1)	_	_
534-13	BOI029	534	13	prendi	prendi	_	_	_	_	_	linguistic	_	ContainsVariation=No	_	_	_	Fast=0-6(1)	_	_
534-14	BOI029	534	14	questo	questo	_	_	_	_	_	linguistic	_	ContainsVariation=No	_	_	_	Fast=0-6(1)	_	_
534-15	BOI029	534	15	io	io	_	_	_	_	_	linguistic	_	ContainsVariation=No	_	_	_	Fast=0-2(1)	_	_
534-16	BOI029	534	16	prendo<	prendo	_	_	_	_	_	linguistic	_	ContainsVariation=No	_	_	_	Fast=0-6(1)	_	_
534-17	BOI029	534	17	quell'	quell'	_	_	_	_	_	linguistic	_	ContainsVariation=No	SpaceAfter=No	_	_	_	_	_
534-18	BOI029	534	18	altro,	altro	_	_	_	_	_	linguistic	_	ContainsVariation=No	Intonation=WeaklyRising	End=2112.13	_	_	_	_
535-0	BOI029	535	0	eh	eh	_	_	_	_	_	linguistic	_	ContainsVariation=No	_	Begin=2112.38	_	_	_	_
535-1	BOI029	535	1	quanto	quanto	_	_	_	_	_	linguistic	_	ContainsVariation=No	_	_	_	_	_	_
535-2	BOI029	535	2	servono,	servono	_	_	_	_	_	linguistic	_	ContainsVariation=No	Intonation=WeaklyRising	_	_	_	_	_
535-3	BOI029	535	3	millecinquecento	millecinquecento	_	_	_	_	_	linguistic	_	ContainsVariation=No	_	_	_	_	_	_
535-4	BOI029	535	4	battute	battute	_	_	_	_	_	linguistic	_	ContainsVariation=No	_	_	_	_	_	_
535-5	BOI029	535	5	bene	bene	_	_	_	_	_	linguistic	_	ContainsVariation=No	_	_	_	_	_	_
535-6	BOI029	535	6	sotto	sotto	_	_	_	_	_	linguistic	_	ContainsVariation=No	_	_	_	_	_	_
535-7	BOI029	535	7	così,	così	_	_	_	_	_	linguistic	_	ContainsVariation=No	Intonation=WeaklyRising	End=2116.27	_	_	_	_
536-0	BOI029	536	0	>però<	però	_	_	_	_	_	linguistic	_	ContainsVariation=No	_	Begin=2116.51	_	Fast=0-4(0)	_	_
536-1	BOI029	536	1	io	io	_	_	_	_	_	linguistic	_	ContainsVariation=No	_	_	_	_	_	_
536-2	BOI029	536	2	non	non	_	_	_	_	_	linguistic	_	ContainsVariation=No	_	_	_	_	_	_
536-3	BOI029	536	3	entro	entro	_	_	_	_	_	linguistic	_	ContainsVariation=No	_	_	_	_	_	_
536-4	BOI029	536	4	in	in	_	_	_	_	_	linguistic	_	ContainsVariation=No	_	_	_	_	_	_
536-5	BOI029	536	5	merito	merito	_	_	_	_	_	linguistic	_	ContainsVariation=No	_	End=2118.16	_	_	_	_
537-0	BOR001	537	0	mh	mh	_	_	_	_	_	linguistic	_	ContainsVariation=No	_	Begin=2118.49|End=2118.69	_	_	_	_
538-0	BOI029	538	0	>cioè<	cioè	_	_	_	_	_	linguistic	_	ContainsVariation=No	_	Begin=2118.79	_	Fast=0-4(0)	_	_
538-1	BOI029	538	1	ogni	ogni	_	_	_	_	_	linguistic	_	ContainsVariation=No	_	_	_	_	_	_
538-2	BOI029	538	2	insegnante	insegnante	_	_	_	_	_	linguistic	_	ContainsVariation=No	_	_	_	_	_	_
538-3	BOI029	538	3	se	se	_	_	_	_	_	linguistic	_	ContainsVariation=No	_	_	_	_	_	_
538-4	BOI029	538	4	la	la	_	_	_	_	_	linguistic	_	ContainsVariation=No	_	_	_	_	_	_
538-5	BOI029	538	5	affronta	affronta	_	_	_	_	_	linguistic	_	ContainsVariation=No	_	_	_	_	_	_
538-6	BOI029	538	6	come	come	_	_	_	_	_	linguistic	_	ContainsVariation=No	_	_	_	_	_	_
538-7	BOI029	538	7	preferisce,	preferisce	_	_	_	_	_	linguistic	_	ContainsVariation=No	Intonation=WeaklyRising	_	_	_	_	_
538-8	BOI029	538	8	conoscendo	conoscendo	_	_	_	_	_	linguistic	_	ContainsVariation=No	_	_	_	_	_	_
538-9	BOI029	538	9	la	la	_	_	_	_	_	linguistic	_	ContainsVariation=No	_	_	_	_	_	_
538-10	BOI029	538	10	sua	sua	_	_	_	_	_	linguistic	_	ContainsVariation=No	_	_	_	_	_	_
538-11	BOI029	538	11	classe,	classe	_	_	_	_	_	linguistic	_	ContainsVariation=No	Intonation=WeaklyRising	End=2124.38	_	_	_	_
539-0	BOR001	539	0	sì	sì	_	_	_	_	_	linguistic	_	ContainsVariation=No	_	Begin=2124.87|End=2125.079	_	_	_	_
540-0	BOI029	540	0	e:	e	_	_	_	_	_	linguistic	_	ContainsVariation=No	_	Begin=2125.89	0x1	_	_	_
540-1	BOI029	540	1	perché:	perché	_	_	_	_	_	linguistic	_	ContainsVariation=No	_	_	5x1	_	_	_
540-2	BOI029	540	2	anche	anche	_	_	_	_	_	linguistic	_	ContainsVariation=No	_	_	_	_	_	_
540-3	BOI029	540	3	le	le	_	_	_	_	_	linguistic	_	ContainsVariation=No	_	_	_	_	_	_
540-4	BOI029	540	4	classi	classi	_	_	_	_	_	linguistic	_	ContainsVariation=No	_	_	_	_	_	_
540-5	BOI029	540	5	son	son	_	_	_	_	_	linguistic	_	ContainsVariation=No	_	_	_	_	_	_
540-6	BOI029	540	6	tutte	tutte	_	_	_	_	_	linguistic	_	ContainsVariation=No	_	_	_	_	_	_
540-7	BOI029	540	7	diverse	diverse	_	_	_	_	_	linguistic	_	ContainsVariation=No	_	_	_	_	_	_
540-8	BOI029	540	8	quindi:	quindi	_	_	_	_	_	linguistic	_	ContainsVariation=No	_	_	5x1	_	_	_
540-9	BOI029	540	9	i:l	il	_	_	_	_	_	linguistic	_	ContainsVariation=No	_	_	0x1	_	_	_
540-10	BOI029	540	10	l~	l~	_	_	_	_	_	linguistic	_	ContainsVariation=No	Interrupted=Yes	_	_	_	_	_
540-11	BOI029	540	11	la	la	_	_	_	_	_	linguistic	_	ContainsVariation=No	_	_	_	_	_	_
540-12	BOI029	540	12	modalità	modalità	_	_	_	_	_	linguistic	_	ContainsVariation=No	_	_	_	_	_	_
540-13	BOI029	540	13	di	di	_	_	_	_	_	linguistic	_	ContainsVariation=No	_	_	_	_	_	_
540-14	BOI029	540	14	approccio	approccio	_	_	_	_	_	linguistic	_	ContainsVariation=No	_	_	_	_	_	_
540-15	BOI029	540	15	le	le	_	_	_	_	_	linguistic	_	ContainsVariation=No	_	_	_	_	_	_
540-16	BOI029	540	16	dinamiche	dinamiche	_	_	_	_	_	linguistic	_	ContainsVariation=No	_	_	_	_	_	_
540-17	BOI029	540	17	sono:	sono	_	_	_	_	_	linguistic	_	ContainsVariation=No	_	End=2132.9	3x1	_	_	_
541-0	BOI029	541	0	quindi	quindi	_	_	_	_	_	linguistic	_	ContainsVariation=No	_	Begin=2134.17	_	_	_	_
541-1	BOI029	541	1	si	si	_	_	_	_	_	linguistic	_	ContainsVariation=No	_	_	_	_	_	_
541-2	BOI029	541	2	può	può	_	_	_	_	_	linguistic	_	ContainsVariation=No	_	_	_	_	_	_
541-3	BOI029	541	3	condividere	condividere	_	_	_	_	_	linguistic	_	ContainsVariation=No	_	_	_	_	_	_
541-4	BOI029	541	4	ch~	ch~	_	_	_	_	_	linguistic	_	ContainsVariation=No	Interrupted=Yes	_	_	_	_	_
541-5	BOI029	541	5	dove	dove	_	_	_	_	_	linguistic	_	ContainsVariation=No	_	_	_	_	_	_
541-6	BOI029	541	6	si	si	_	_	_	_	_	linguistic	_	ContainsVariation=No	_	_	_	_	_	_
541-7	BOI029	541	7	vuole	vuole	_	_	_	_	_	linguistic	_	ContainsVariation=No	_	_	_	_	_	_
541-8	BOI029	541	8	arrivare	arrivare	_	_	_	_	_	linguistic	_	ContainsVariation=No	_	_	_	_	_	_
541-9	BOI029	541	9	assieme	assieme	_	_	_	_	_	linguistic	_	ContainsVariation=No	_	_	_	_	_	_
541-10	BOI029	541	10	però	però	_	_	_	_	_	linguistic	_	ContainsVariation=No	_	_	_	_	_	_
541-11	BOI029	541	11	poi	poi	_	_	_	_	_	linguistic	_	ContainsVariation=No	_	_	_	_	_	_
541-12	BOI029	541	12	dopo	dopo	_	_	_	_	_	linguistic	_	ContainsVariation=No	PauseAfter=Yes	_	_	_	_	_
541-13	BOI029	541	13	(.)	(.)	_	_	_	_	_	shortpause	_	ContainsVariation=No	_	_	_	_	_	_
541-14	BOI029	541	14	probabilmente	probabilmente	_	_	_	_	_	linguistic	_	ContainsVariation=No	_	_	_	_	_	_
541-15	BOI029	541	15	ognuno	ognuno	_	_	_	_	_	linguistic	_	ContainsVariation=No	_	_	_	_	_	_
541-16	BOI029	541	16	trova:	trova	_	_	_	_	_	linguistic	_	ContainsVariation=No	_	_	4x1	_	_	_
541-17	BOI029	541	17	la	la	_	_	_	_	_	linguistic	_	ContainsVariation=No	_	_	_	_	_	_
541-18	BOI029	541	18	sia	sia	_	_	_	_	_	linguistic	_	ContainsVariation=No	_	_	_	_	_	_
541-19	BOI029	541	19	modalità	modalità	_	_	_	_	_	linguistic	_	ContainsVariation=No	_	End=2142.48	_	_	_	_
542-0	BOR001	542	0	sì	sì	_	_	_	_	_	linguistic	_	ContainsVariation=No	_	Begin=2142.848	_	_	_	_
542-1	BOR001	542	1	sì	sì	_	_	_	_	_	linguistic	_	ContainsVariation=No	_	End=2143.19	_	_	_	_
543-0	BOI029	543	0	>noi	noi	_	_	_	_	_	linguistic	_	ContainsVariation=No	_	Begin=2143.4	_	Fast=0-3(0)	_	_
543-1	BOI029	543	1	adesso<	adesso	_	_	_	_	_	linguistic	_	ContainsVariation=No	_	_	_	Fast=0-6(0)	_	_
543-2	BOI029	543	2	siamo	siamo	_	_	_	_	_	linguistic	_	ContainsVariation=No	_	_	_	_	_	_
543-3	BOI029	543	3	°un°	un	_	_	_	_	_	linguistic	_	ContainsVariation=No	Volume=low	_	_	_	_	_
543-4	BOI029	543	4	cinque	cinque	_	_	_	_	_	linguistic	_	ContainsVariation=No	_	_	_	_	_	_
543-5	BOI029	543	5	o	o	_	_	_	_	_	linguistic	_	ContainsVariation=No	_	_	_	_	_	_
543-6	BOI029	543	6	sei	sei	_	_	_	_	_	linguistic	_	ContainsVariation=No	_	_	_	_	_	_
543-7	BOI029	543	7	classi	classi	_	_	_	_	_	linguistic	_	ContainsVariation=No	_	_	_	_	_	_
543-8	BOI029	543	8	che	che	_	_	_	_	_	linguistic	_	ContainsVariation=No	_	_	_	_	_	_
543-9	BOI029	543	9	usciamo	usciamo	_	_	_	_	_	linguistic	_	ContainsVariation=No	_	_	_	_	_	_
543-10	BOI029	543	10	per	per	_	_	_	_	_	linguistic	_	ContainsVariation=No	_	_	_	_	_	_
543-11	BOI029	543	11	le	le	_	_	_	_	_	linguistic	_	ContainsVariation=No	_	_	_	_	_	_
543-12	BOI029	543	12	pietre	pietre	_	_	_	_	_	linguistic	_	ContainsVariation=No	_	_	_	_	_	_
543-13	BOI029	543	13	di	di	_	_	_	_	_	linguistic	_	ContainsVariation=No	_	_	_	_	_	_
543-14	BOI029	543	14	inciampo	inciampo	_	_	_	_	_	linguistic	_	ContainsVariation=No	_	End=2147.31	_	_	_	_
544-0	BOI029	544	0	io	io	_	_	_	_	_	linguistic	_	ContainsVariation=No	_	Begin=2147.77	_	_	_	_
544-1	BOI029	544	1	sinceramente	sinceramente	_	_	_	_	_	linguistic	_	ContainsVariation=No	_	_	_	_	_	_
544-2	BOI029	544	2	non	non	_	_	_	_	_	linguistic	_	ContainsVariation=No	_	_	_	_	_	_
544-3	BOI029	544	3	so	so	_	_	_	_	_	linguistic	_	ContainsVariation=No	_	_	_	_	_	_
544-4	BOI029	544	4	cosa	cosa	_	_	_	_	_	linguistic	_	ContainsVariation=No	_	_	_	_	_	_
544-5	BOI029	544	5	hanno	hanno	_	_	_	_	_	linguistic	_	ContainsVariation=No	_	_	_	_	_	_
544-6	BOI029	544	6	fatto	fatto	_	_	_	_	_	linguistic	_	ContainsVariation=No	_	_	_	_	_	_
544-7	BOI029	544	7	i	i	_	_	_	_	_	linguistic	_	ContainsVariation=No	_	_	_	_	_	_
544-8	BOI029	544	8	miei	miei	_	_	_	_	_	linguistic	_	ContainsVariation=No	_	_	_	_	_	_
544-9	BOI029	544	9	colleghi	colleghi	_	_	_	_	_	linguistic	_	ContainsVariation=No	_	_	_	_	_	_
544-10	BOI029	544	10	[su	su	_	_	_	_	_	linguistic	_	ContainsVariation=No	_	_	_	_	_	0-2(108)
544-11	BOI029	544	11	questo]	questo	_	_	_	_	_	linguistic	_	ContainsVariation=No	_	_	_	_	_	0-6(108)
544-12	BOI029	544	12	cioè	cioè	_	_	_	_	_	linguistic	_	ContainsVariation=No	_	End=2151.623	_	_	_	_
545-0	BOR001	545	0	[mhmh]	mhmh	_	_	_	_	_	linguistic	_	ContainsVariation=No	_	Begin=2150.38|End=2150.85	_	_	_	0-4(108)
546-0	BOI029	546	0	finiamo	finiamo	_	_	_	_	_	linguistic	_	ContainsVariation=No	_	Begin=2152.68	_	_	_	_
546-1	BOI029	546	1	tutti	tutti	_	_	_	_	_	linguistic	_	ContainsVariation=No	_	_	_	_	_	_
546-2	BOI029	546	2	quanti	quanti	_	_	_	_	_	linguistic	_	ContainsVariation=No	_	_	_	_	_	_
546-3	BOI029	546	3	su	su	_	_	_	_	_	linguistic	_	ContainsVariation=No	_	_	_	_	_	_
546-4	BOI029	546	4	questa	questa	_	_	_	_	_	linguistic	_	ContainsVariation=No	_	_	_	_	_	_
546-5	BOI029	546	5	cosa	cosa	_	_	_	_	_	linguistic	_	ContainsVariation=No	_	_	_	_	_	_
546-6	BOI029	546	6	abbiamo	abbiamo	_	_	_	_	_	linguistic	_	ContainsVariation=No	_	_	_	_	_	_
546-7	BOI029	546	7	accettato	accettato	_	_	_	_	_	linguistic	_	ContainsVariation=No	_	_	_	_	_	_
546-8	BOI029	546	8	tutti	tutti	_	_	_	_	_	linguistic	_	ContainsVariation=No	_	_	_	_	_	_
546-9	BOI029	546	9	quanti	quanti	_	_	_	_	_	linguistic	_	ContainsVariation=No	_	_	_	_	_	_
546-10	BOI029	546	10	di	di	_	_	_	_	_	linguistic	_	ContainsVariation=No	_	_	_	_	_	_
546-11	BOI029	546	11	farla	farla	_	_	_	_	_	linguistic	_	ContainsVariation=No	_	_	_	_	_	_
546-12	BOI029	546	12	e	e	_	_	_	_	_	linguistic	_	ContainsVariation=No	_	_	_	_	_	_
546-13	BOI029	546	13	ciascuno	ciascuno	_	_	_	_	_	linguistic	_	ContainsVariation=No	_	_	_	_	_	_
546-14	BOI029	546	14	in	in	_	_	_	_	_	linguistic	_	ContainsVariation=No	_	_	_	_	_	_
546-15	BOI029	546	15	base	base	_	_	_	_	_	linguistic	_	ContainsVariation=No	_	_	_	_	_	_
546-16	BOI029	546	16	alla	alla	_	_	_	_	_	linguistic	_	ContainsVariation=No	_	_	_	_	_	_
546-17	BOI029	546	17	sua	sua	_	_	_	_	_	linguistic	_	ContainsVariation=No	_	_	_	_	_	_
546-18	BOI029	546	18	classe	classe	_	_	_	_	_	linguistic	_	ContainsVariation=No	_	_	_	_	_	_
546-19	BOI029	546	19	trova	trova	_	_	_	_	_	linguistic	_	ContainsVariation=No	_	_	_	_	_	_
546-20	BOI029	546	20	un	un	_	_	_	_	_	linguistic	_	ContainsVariation=No	_	_	_	_	_	_
546-21	BOI029	546	21	percorso	percorso	_	_	_	_	_	linguistic	_	ContainsVariation=No	_	_	_	_	_	_
546-22	BOI029	546	22	delle	delle	_	_	_	_	_	linguistic	_	ContainsVariation=No	_	_	_	_	_	_
546-23	BOI029	546	23	letture	letture	_	_	_	_	_	linguistic	_	ContainsVariation=No	_	End=2161.54	_	_	_	_
547-0	BOI029	547	0	>cioè<	cioè	_	_	_	_	_	linguistic	_	ContainsVariation=No	_	Begin=2162.56	_	Fast=0-4(0)	_	_
547-1	BOI029	547	1	magari	magari	_	_	_	_	_	linguistic	_	ContainsVariation=No	_	_	_	_	_	_
547-2	BOI029	547	2	chi	chi	_	_	_	_	_	linguistic	_	ContainsVariation=No	_	_	_	_	_	_
547-3	BOI029	547	3	ha	ha	_	_	_	_	_	linguistic	_	ContainsVariation=No	_	_	_	_	_	_
547-4	BOI029	547	4	letto	letto	_	_	_	_	_	linguistic	_	ContainsVariation=No	_	_	_	_	_	_
547-5	BOI029	547	5	non	non	_	_	_	_	_	linguistic	_	ContainsVariation=No	_	_	_	_	_	_
547-6	BOI029	547	6	so:	so	_	_	_	_	_	linguistic	_	ContainsVariation=No	_	_	1x1	_	_	_
547-7	BOI029	547	7	l'	l'	_	_	_	_	_	linguistic	_	ContainsVariation=No	SpaceAfter=No	_	_	_	_	_
547-8	BOI029	547	8	amico	amico	_	_	_	_	_	linguistic	_	ContainsVariation=No	_	_	_	_	_	_
547-9	BOI029	547	9	ritrovato	ritrovato	_	_	_	_	_	linguistic	_	ContainsVariation=No	_	End=2165.33	_	_	_	_
548-0	BOR001	548	0	mh	mh	_	_	_	_	_	linguistic	_	ContainsVariation=No	_	Begin=2165.36|End=2165.62	_	_	_	_
549-0	BOI029	549	0	mh	mh	_	_	_	_	_	linguistic	_	ContainsVariation=No	_	Begin=2166.636	_	_	_	_
549-1	BOI029	549	1	o	o	_	_	_	_	_	linguistic	_	ContainsVariation=No	_	_	_	_	_	_
549-2	BOI029	549	2	un	un	_	_	_	_	_	linguistic	_	ContainsVariation=No	_	_	_	_	_	_
549-3	BOI029	549	3	altra	altra	_	_	_	_	_	linguistic	_	ContainsVariation=No	_	_	_	_	_	_
549-4	BOI029	549	4	cosa	cosa	_	_	_	_	_	linguistic	_	ContainsVariation=No	_	_	_	_	_	_
549-5	BOI029	549	5	io:	io	_	_	_	_	_	linguistic	_	ContainsVariation=No	_	_	1x1	_	_	_
549-6	BOI029	549	6	l'	l'	_	_	_	_	_	linguistic	_	ContainsVariation=No	SpaceAfter=No	_	_	_	_	_
549-7	BOI029	549	7	ho	ho	_	_	_	_	_	linguistic	_	ContainsVariation=No	_	_	_	_	_	_
549-8	BOI029	549	8	fat~	fat~	_	_	_	_	_	linguistic	_	ContainsVariation=No	Interrupted=Yes	_	_	_	_	_
549-9	BOI029	549	9	l'	l'	_	_	_	_	_	linguistic	_	ContainsVariation=No	SpaceAfter=No	_	_	_	_	_
549-10	BOI029	549	10	han	han	_	_	_	_	_	linguistic	_	ContainsVariation=No	_	_	_	_	_	_
549-11	BOI029	549	11	letto	letto	_	_	_	_	_	linguistic	_	ContainsVariation=No	_	_	_	_	_	_
549-12	BOI029	549	12	un	un	_	_	_	_	_	linguistic	_	ContainsVariation=No	_	_	_	_	_	_
549-13	BOI029	549	13	ragazzino	ragazzino	_	_	_	_	_	linguistic	_	ContainsVariation=No	_	_	_	_	_	_
549-14	BOI029	549	14	durante	durante	_	_	_	_	_	linguistic	_	ContainsVariation=No	_	_	_	_	_	_
549-15	BOI029	549	15	le	le	_	_	_	_	_	linguistic	_	ContainsVariation=No	_	_	_	_	_	_
549-16	BOI029	549	16	vacanze	vacanze	_	_	_	_	_	linguistic	_	ContainsVariation=No	_	_	_	_	_	_
549-17	BOI029	549	17	ce	ce	_	_	_	_	_	linguistic	_	ContainsVariation=No	_	_	_	_	_	_
549-18	BOI029	549	18	l'	l'	_	_	_	_	_	linguistic	_	ContainsVariation=No	SpaceAfter=No	_	_	_	_	_
549-19	BOI029	549	19	ha	ha	_	_	_	_	_	linguistic	_	ContainsVariation=No	_	_	_	_	_	_
549-20	BOI029	549	20	presentato	presentato	_	_	_	_	_	linguistic	_	ContainsVariation=No	_	_	_	_	_	_
549-21	BOI029	549	21	l'	l'	_	_	_	_	_	linguistic	_	ContainsVariation=No	SpaceAfter=No	_	_	_	_	_
549-22	BOI029	549	22	altro	altro	_	_	_	_	_	linguistic	_	ContainsVariation=No	_	_	_	_	_	_
549-23	BOI029	549	23	giorno	giorno	_	_	_	_	_	linguistic	_	ContainsVariation=No	_	_	_	_	_	_
549-24	BOI029	549	24	ci	ci	_	_	_	_	_	linguistic	_	ContainsVariation=No	_	_	_	_	_	_
549-25	BOI029	549	25	ha	ha	_	_	_	_	_	linguistic	_	ContainsVariation=No	_	_	_	_	_	_
549-26	BOI029	549	26	letto	letto	_	_	_	_	_	linguistic	_	ContainsVariation=No	_	_	_	_	_	_
549-27	BOI029	549	27	due	due	_	_	_	_	_	linguistic	_	ContainsVariation=No	_	_	_	_	_	_
549-28	BOI029	549	28	pagine	pagine	_	_	_	_	_	linguistic	_	ContainsVariation=No	_	End=2174.06	_	_	_	_
550-0	BOR001	550	0	mh	mh	_	_	_	_	_	linguistic	_	ContainsVariation=No	_	Begin=2174.15|End=2174.44	_	_	_	_
551-0	BOI029	551	0	però	però	_	_	_	_	_	linguistic	_	ContainsVariation=No	_	Begin=2174.49	_	_	_	_
551-1	BOI029	551	1	le	le	_	_	_	_	_	linguistic	_	ContainsVariation=No	_	_	_	_	_	_
551-2	BOI029	551	2	modalità	modalità	_	_	_	_	_	linguistic	_	ContainsVariation=No	_	_	_	_	_	_
551-3	BOI029	551	3	possono	possono	_	_	_	_	_	linguistic	_	ContainsVariation=No	_	_	_	_	_	_
551-4	BOI029	551	4	a~	a~	_	_	_	_	_	linguistic	_	ContainsVariation=No	Interrupted=Yes	_	_	_	_	_
551-5	BOI029	551	5	poi	poi	_	_	_	_	_	linguistic	_	ContainsVariation=No	_	_	_	_	_	_
551-6	BOI029	551	6	leg[gerlo	leggerlo	_	_	_	_	_	linguistic	_	ContainsVariation=No	_	_	_	_	_	3-8(109)
551-7	BOI029	551	7	in	in	_	_	_	_	_	linguistic	_	ContainsVariation=No	_	_	_	_	_	0-2(109)
551-8	BOI029	551	8	cla]sse	classe	_	_	_	_	_	linguistic	_	ContainsVariation=No	_	_	_	_	_	0-3(109)
551-9	BOI029	551	9	poi	poi	_	_	_	_	_	linguistic	_	ContainsVariation=No	_	_	_	_	_	_
551-10	BOI029	551	10	vedere	vedere	_	_	_	_	_	linguistic	_	ContainsVariation=No	_	_	_	_	_	_
551-11	BOI029	551	11	un	un	_	_	_	_	_	linguistic	_	ContainsVariation=No	_	_	_	_	_	_
551-12	BOI029	551	12	film	film	_	_	_	_	_	linguistic	_	ContainsVariation=No	PauseAfter=Yes	_	_	_	_	_
551-13	BOI029	551	13	(.)	(.)	_	_	_	_	_	shortpause	_	ContainsVariation=No	_	_	_	_	_	_
551-14	BOI029	551	14	cioè:	cioè	_	_	_	_	_	linguistic	_	ContainsVariation=No	_	_	3x1	_	_	_
551-15	BOI029	551	15	gli	gli	_	_	_	_	_	linguistic	_	ContainsVariation=No	_	_	_	_	_	_
551-16	BOI029	551	16	approcci	approcci	_	_	_	_	_	linguistic	_	ContainsVariation=No	_	_	_	_	_	_
551-17	BOI029	551	17	sono	sono	_	_	_	_	_	linguistic	_	ContainsVariation=No	_	End=2180.47	_	_	_	_
552-0	BOR001	552	0	[(°varie°)]	varie	_	_	_	_	_	linguistic	_	ContainsVariation=No	Volume=low	Begin=2176.31|End=2176.89	_	_	0-5(0)	0-5(109)
553-0	BOR001	553	0	sì	sì	_	_	_	_	_	linguistic	_	ContainsVariation=No	_	Begin=2181.34|End=2181.57	_	_	_	_
554-0	BOI029	554	0	i	i	_	_	_	_	_	linguistic	_	ContainsVariation=No	_	Begin=2182.04	_	_	_	_
554-1	BOI029	554	1	più	più	_	_	_	_	_	linguistic	_	ContainsVariation=No	_	_	_	_	_	_
554-2	BOI029	554	2	diversi	diversi	_	_	_	_	_	linguistic	_	ContainsVariation=No	_	_	_	_	_	_
554-3	BOI029	554	3	ma	ma	_	_	_	_	_	linguistic	_	ContainsVariation=No	_	_	_	_	_	_
554-4	BOI029	554	4	è	è	_	_	_	_	_	linguistic	_	ContainsVariation=No	_	_	_	_	_	_
554-5	BOI029	554	5	giusto	giusto	_	_	_	_	_	linguistic	_	ContainsVariation=No	_	_	_	_	_	_
554-6	BOI029	554	6	anche	anche	_	_	_	_	_	linguistic	_	ContainsVariation=No	_	_	_	_	_	_
554-7	BOI029	554	7	che	che	_	_	_	_	_	linguistic	_	ContainsVariation=No	_	_	_	_	_	_
554-8	BOI029	554	8	[sia	sia	_	_	_	_	_	linguistic	_	ContainsVariation=No	_	_	_	_	_	0-3(110)
554-9	BOI029	554	9	così]	così	_	_	_	_	_	linguistic	_	ContainsVariation=No	_	_	_	_	_	0-4(110)
554-10	BOI029	554	10	insomma	insomma	_	_	_	_	_	linguistic	_	ContainsVariation=No	_	End=2184.87	_	_	_	_
555-0	BOR001	555	0	mhmh	mhmh	_	_	_	_	_	linguistic	_	ContainsVariation=No	_	Begin=2183.66|End=2184.01	_	_	_	_
556-0	BOR001	556	0	sì	sì	_	_	_	_	_	linguistic	_	ContainsVariation=No	_	Begin=2185.01	_	_	_	_
556-1	BOR001	556	1	sì	sì	_	_	_	_	_	linguistic	_	ContainsVariation=No	_	_	_	_	_	_
556-2	BOR001	556	2	certo	certo	_	_	_	_	_	linguistic	_	ContainsVariation=No	_	End=2185.75	_	_	_	_
557-0	BOR001	557	0	ah	ah	_	_	_	_	_	linguistic	_	ContainsVariation=No	_	Begin=2186.02	_	_	_	_
557-1	BOR001	557	1	però	però	_	_	_	_	_	linguistic	_	ContainsVariation=No	_	_	_	_	_	_
557-2	BOR001	557	2	quindi	quindi	_	_	_	_	_	linguistic	_	ContainsVariation=No	PauseAfter=Yes	_	_	_	_	_
557-3	BOR001	557	3	(.)	(.)	_	_	_	_	_	shortpause	_	ContainsVariation=No	_	_	_	_	_	_
557-4	BOR001	557	4	quasi	quasi	_	_	_	_	_	linguistic	_	ContainsVariation=No	_	_	_	_	_	_
557-5	BOR001	557	5	tutti	tutti	_	_	_	_	_	linguistic	_	ContainsVariation=No	_	_	_	_	_	_
557-6	BOR001	557	6	insomma	insomma	_	_	_	_	_	linguistic	_	ContainsVariation=No	_	_	_	_	_	_
557-7	BOR001	557	7	partecipate	partecipate	_	_	_	_	_	linguistic	_	ContainsVariation=No	_	_	_	_	_	_
557-8	BOR001	557	8	io	io	_	_	_	_	_	linguistic	_	ContainsVariation=No	_	_	_	_	_	_
557-9	BOR001	557	9	>non	non	_	_	_	_	_	linguistic	_	ContainsVariation=No	_	_	_	Fast=0-3(0)	_	_
557-10	BOR001	557	10	so	so	_	_	_	_	_	linguistic	_	ContainsVariation=No	_	_	_	Fast=0-2(0)	_	_
557-11	BOR001	557	11	perché<	perché	_	_	_	_	_	linguistic	_	ContainsVariation=No	_	_	_	Fast=0-6(0)	_	_
557-12	BOR001	557	12	avevo	avevo	_	_	_	_	_	linguistic	_	ContainsVariation=No	_	_	_	_	_	_
557-13	BOR001	557	13	capito	capito	_	_	_	_	_	linguistic	_	ContainsVariation=No	_	_	_	_	_	_
557-14	BOR001	557	14	da	da	_	_	_	_	_	linguistic	_	ContainsVariation=No	_	_	_	_	_	_
557-15	BOR001	557	15	umberto	umberto	_	_	_	_	_	linguistic	_	ContainsVariation=No	_	_	_	_	_	_
557-16	BOR001	557	16	che	che	_	_	_	_	_	linguistic	_	ContainsVariation=No	_	End=2190.9	_	_	_	_
558-0	BOR001	558	0	fosse	fosse	_	_	_	_	_	linguistic	_	ContainsVariation=No	_	Begin=2192.26	_	_	_	_
558-1	BOR001	558	1	principalmente	principalmente	_	_	_	_	_	linguistic	_	ContainsVariation=No	_	_	_	_	_	_
558-2	BOR001	558	2	lei	lei	_	_	_	_	_	linguistic	_	ContainsVariation=No	_	_	_	_	_	_
558-3	BOR001	558	3	che:	che	_	_	_	_	_	linguistic	_	ContainsVariation=No	_	_	2x1	_	_	_
558-4	BOR001	558	4	si	si	_	_	_	_	_	linguistic	_	ContainsVariation=No	_	_	_	_	_	_
558-5	BOR001	558	5	occupava	occupava	_	_	_	_	_	linguistic	_	ContainsVariation=No	_	_	_	_	_	_
558-6	BOR001	558	6	di	di	_	_	_	_	_	linguistic	_	ContainsVariation=No	_	_	_	_	_	_
558-7	BOR001	558	7	queste	queste	_	_	_	_	_	linguistic	_	ContainsVariation=No	_	_	_	_	_	_
558-8	BOR001	558	8	cose	cose	_	_	_	_	_	linguistic	_	ContainsVariation=No	_	_	_	_	_	_
558-9	BOR001	558	9	non	non	_	_	_	_	_	linguistic	_	ContainsVariation=No	_	_	_	_	_	_
558-10	BOR001	558	10	so	so	_	_	_	_	_	linguistic	_	ContainsVariation=No	_	_	_	_	_	_
558-11	BOR001	558	11	se	se	_	_	_	_	_	linguistic	_	ContainsVariation=No	_	_	_	_	_	_
558-12	BOR001	558	12	magari	magari	_	_	_	_	_	linguistic	_	ContainsVariation=No	_	_	_	_	_	_
558-13	BOR001	558	13	perché	perché	_	_	_	_	_	linguistic	_	ContainsVariation=No	_	_	_	_	_	_
558-14	BOR001	558	14	è	è	_	_	_	_	_	linguistic	_	ContainsVariation=No	_	_	_	_	_	_
558-15	BOR001	558	15	la	la	_	_	_	_	_	linguistic	_	ContainsVariation=No	_	_	_	_	_	_
558-16	BOR001	558	16	portavoce	portavoce	_	_	_	_	_	linguistic	_	ContainsVariation=No	_	End=2196.47	_	_	_	_
559-0	BOI029	559	0	allora	allora	_	_	_	_	_	linguistic	_	ContainsVariation=No	_	Begin=2196.51	_	_	_	_
559-1	BOI029	559	1	noi	noi	_	_	_	_	_	linguistic	_	ContainsVariation=No	_	_	_	_	_	_
559-2	BOI029	559	2	siamo	siamo	_	_	_	_	_	linguistic	_	ContainsVariation=No	_	_	_	_	_	_
559-3	BOI029	559	3	in	in	_	_	_	_	_	linguistic	_	ContainsVariation=No	_	_	_	_	_	_
559-4	BOI029	559	4	tan[ti	tanti	_	_	_	_	_	linguistic	_	ContainsVariation=No	_	_	_	_	_	3-5(111)
559-5	BOI029	559	5	q]ua	qua	_	_	_	_	_	linguistic	_	ContainsVariation=No	_	_	_	_	_	0-1(111)
559-6	BOI029	559	6	dentro	dentro	_	_	_	_	_	linguistic	_	ContainsVariation=No	_	_	_	_	_	_
559-7	BOI029	559	7	nel	nel	_	_	_	_	_	linguistic	_	ContainsVariation=No	_	_	_	_	_	_
559-8	BOI029	559	8	senso	senso	_	_	_	_	_	linguistic	_	ContainsVariation=No	_	_	_	_	_	_
559-9	BOI029	559	9	che	che	_	_	_	_	_	linguistic	_	ContainsVariation=No	_	_	_	_	_	_
559-10	BOI029	559	10	abbiamo	abbiamo	_	_	_	_	_	linguistic	_	ContainsVariation=No	_	_	_	_	_	_
559-11	BOI029	559	11	ventiquattro	ventiquattro	_	_	_	_	_	linguistic	_	ContainsVariation=No	_	_	_	_	_	_
559-12	BOI029	559	12	classi	classi	_	_	_	_	_	linguistic	_	ContainsVariation=No	_	End=2200.525	_	_	_	_
560-0	BOR001	560	0	[eh	eh	_	_	_	_	_	linguistic	_	ContainsVariation=No	_	Begin=2197.71	_	_	_	0-2(111)
560-1	BOR001	560	1	ok~]	ok~	_	_	_	_	_	linguistic	_	ContainsVariation=No	Interrupted=Yes	End=2198.12	_	_	_	0-3(111)
561-0	BOR001	561	0	mhmh	mhmh	_	_	_	_	_	linguistic	_	ContainsVariation=No	_	Begin=2200.77|End=2201.493	_	_	_	_
562-0	BOI029	562	0	allora	allora	_	_	_	_	_	linguistic	_	ContainsVariation=No	_	Begin=2202.04	_	_	_	_
562-1	BOI029	562	1	e:h	eh	_	_	_	_	_	linguistic	_	ContainsVariation=No	_	_	0x1	_	_	_
562-2	BOI029	562	2	ognuno	ognuno	_	_	_	_	_	linguistic	_	ContainsVariation=No	_	_	_	_	_	_
562-3	BOI029	562	3	fa	fa	_	_	_	_	_	linguistic	_	ContainsVariation=No	_	_	_	_	_	_
562-4	BOI029	562	4	eh	eh	_	_	_	_	_	linguistic	_	ContainsVariation=No	_	_	_	_	_	_
562-5	BOI029	562	5	di~	di~	_	_	_	_	_	linguistic	_	ContainsVariation=No	Interrupted=Yes	_	_	_	_	_
562-6	BOI029	562	6	a	a	_	_	_	_	_	linguistic	_	ContainsVariation=No	_	_	_	_	_	_
562-7	BOI029	562	7	inizio	inizio	_	_	_	_	_	linguistic	_	ContainsVariation=No	_	_	_	_	_	_
562-8	BOI029	562	8	anno	anno	_	_	_	_	_	linguistic	_	ContainsVariation=No	_	_	_	_	_	_
562-9	BOI029	562	9	quando	quando	_	_	_	_	_	linguistic	_	ContainsVariation=No	_	_	_	_	_	_
562-10	BOI029	562	10	noi	noi	_	_	_	_	_	linguistic	_	ContainsVariation=No	_	_	_	_	_	_
562-11	BOI029	562	11	programmiamo	programmiamo	_	_	_	_	_	linguistic	_	ContainsVariation=No	_	_	_	_	_	_
562-12	BOI029	562	12	le	le	_	_	_	_	_	linguistic	_	ContainsVariation=No	_	_	_	_	_	_
562-13	BOI029	562	13	cose	cose	_	_	_	_	_	linguistic	_	ContainsVariation=No	_	_	_	_	_	_
562-14	BOI029	562	14	dici	dici	_	_	_	_	_	linguistic	_	ContainsVariation=No	_	_	_	_	_	_
562-15	BOI029	562	15	>io	io	_	_	_	_	_	linguistic	_	ContainsVariation=No	_	_	_	Fast=0-2(0)	_	_
562-16	BOI029	562	16	non	non	_	_	_	_	_	linguistic	_	ContainsVariation=No	_	_	_	Fast=0-3(0)	_	_
562-17	BOI029	562	17	so<	so	_	_	_	_	_	linguistic	_	ContainsVariation=No	_	_	_	Fast=0-2(0)	_	_
562-18	BOI029	562	18	quanti	quanti	_	_	_	_	_	linguistic	_	ContainsVariation=No	_	_	_	_	_	_
562-19	BOI029	562	19	fanno	fanno	_	_	_	_	_	linguistic	_	ContainsVariation=No	_	_	_	_	_	_
562-20	BOI029	562	20	teatro,	teatro	_	_	_	_	_	linguistic	_	ContainsVariation=No	Intonation=WeaklyRising	_	_	_	_	_
562-21	BOI029	562	21	quanti	quanti	_	_	_	_	_	linguistic	_	ContainsVariation=No	_	_	_	_	_	_
562-22	BOI029	562	22	fanno	fanno	_	_	_	_	_	linguistic	_	ContainsVariation=No	_	_	_	_	_	_
562-23	BOI029	562	23	qu[esto,	questo	_	_	_	_	_	linguistic	_	ContainsVariation=No	Intonation=WeaklyRising	_	_	_	_	2-6(112)
562-24	BOI029	562	24	la]	la	_	_	_	_	_	linguistic	_	ContainsVariation=No	_	_	_	_	_	0-2(112)
562-25	BOI029	562	25	memoria	memoria	_	_	_	_	_	linguistic	_	ContainsVariation=No	_	_	_	_	_	_
562-26	BOI029	562	26	chi	chi	_	_	_	_	_	linguistic	_	ContainsVariation=No	_	_	_	_	_	_
562-27	BOI029	562	27	lo	lo	_	_	_	_	_	linguistic	_	ContainsVariation=No	_	_	_	_	_	_
562-28	BOI029	562	28	fa,	fa	_	_	_	_	_	linguistic	_	ContainsVariation=No	Intonation=WeaklyRising	_	_	_	_	_
562-29	BOI029	562	29	cosa	cosa	_	_	_	_	_	linguistic	_	ContainsVariation=No	_	_	_	_	_	_
562-30	BOI029	562	30	facciamo	facciamo	_	_	_	_	_	linguistic	_	ContainsVariation=No	_	_	_	_	_	_
562-31	BOI029	562	31	eccetera	eccetera	_	_	_	_	_	linguistic	_	ContainsVariation=No	_	End=2212.82	_	_	_	_
563-0	BOR001	563	0	[mh]	mh	_	_	_	_	_	linguistic	_	ContainsVariation=No	_	Begin=2210.26|End=2210.678	_	_	_	0-2(112)
564-0	BOI029	564	0	ci	ci	_	_	_	_	_	linguistic	_	ContainsVariation=No	_	Begin=2213.22	_	_	_	_
564-1	BOI029	564	1	coordiniamo	coordiniamo	_	_	_	_	_	linguistic	_	ContainsVariation=No	_	End=2214.33	_	_	_	_
565-0	BOR001	565	0	°okay°	okay	_	_	_	_	_	linguistic	_	ContainsVariation=No	Volume=low	Begin=2214.66|End=2215.077	_	_	_	_
566-0	BOI029	566	0	e	e	_	_	_	_	_	linguistic	_	ContainsVariation=No	_	Begin=2215.176	_	_	_	_
566-1	BOI029	566	1	non	non	_	_	_	_	_	linguistic	_	ContainsVariation=No	_	_	_	_	_	_
566-2	BOI029	566	2	so	so	_	_	_	_	_	linguistic	_	ContainsVariation=No	_	_	_	_	_	_
566-3	BOI029	566	3	quest'	quest'	_	_	_	_	_	linguistic	_	ContainsVariation=No	SpaceAfter=No	_	_	_	_	_
566-4	BOI029	566	4	anno	anno	_	_	_	_	_	linguistic	_	ContainsVariation=No	_	_	_	_	_	_
566-5	BOI029	566	5	abbiamo	abbiamo	_	_	_	_	_	linguistic	_	ContainsVariation=No	_	_	_	_	_	_
566-6	BOI029	566	6	una	una	_	_	_	_	_	linguistic	_	ContainsVariation=No	_	_	_	_	_	_
566-7	BOI029	566	7	tabella	tabella	_	_	_	_	_	linguistic	_	ContainsVariation=No	_	_	_	_	_	_
566-8	BOI029	566	8	>non	non	_	_	_	_	_	linguistic	_	ContainsVariation=No	_	_	_	Fast=0-3(0)	_	_
566-9	BOI029	566	9	so<	so	_	_	_	_	_	linguistic	_	ContainsVariation=No	_	_	_	Fast=0-2(0)	_	_
566-10	BOI029	566	10	che	che	_	_	_	_	_	linguistic	_	ContainsVariation=No	_	_	_	_	_	_
566-11	BOI029	566	11	cinque	cinque	_	_	_	_	_	linguistic	_	ContainsVariation=No	_	_	_	_	_	_
566-12	BOI029	566	12	prime	prime	_	_	_	_	_	linguistic	_	ContainsVariation=No	_	_	_	_	_	_
566-13	BOI029	566	13	fanno:	fanno	_	_	_	_	_	linguistic	_	ContainsVariation=No	_	_	4x1	_	_	_
566-14	BOI029	566	14	quella	quella	_	_	_	_	_	linguistic	_	ContainsVariation=No	_	_	_	_	_	_
566-15	BOI029	566	15	cosa	cosa	_	_	_	_	_	linguistic	_	ContainsVariation=No	_	End=2220.35	_	_	_	_
567-0	BOI029	567	0	che	che	_	_	_	_	_	linguistic	_	ContainsVariation=No	_	Begin=2220.73	_	_	_	_
567-1	BOI029	567	1	sei	sei	_	_	_	_	_	linguistic	_	ContainsVariation=No	_	_	_	_	_	_
567-2	BOI029	567	2	seconde	seconde	_	_	_	_	_	linguistic	_	ContainsVariation=No	_	_	_	_	_	_
567-3	BOI029	567	3	partecipano	partecipano	_	_	_	_	_	linguistic	_	ContainsVariation=No	_	_	_	_	_	_
567-4	BOI029	567	4	al	al	_	_	_	_	_	linguistic	_	ContainsVariation=No	_	_	_	_	_	_
567-5	BOI029	567	5	eh	eh	_	_	_	_	_	linguistic	_	ContainsVariation=No	_	_	_	_	_	_
567-6	BOI029	567	6	m::h	mh	_	_	_	_	_	linguistic	_	ContainsVariation=No	_	_	0x2	_	_	_
567-7	BOI029	567	7	al	al	_	_	_	_	_	linguistic	_	ContainsVariation=No	_	_	_	_	_	_
567-8	BOI029	567	8	m:h	mh	_	_	_	_	_	linguistic	_	ContainsVariation=No	_	_	0x1	_	_	_
567-9	BOI029	567	9	graphic	graphic	_	_	_	_	_	linguistic	_	ContainsVariation=No	_	_	_	_	_	_
567-10	BOI029	567	10	novel	novel	_	_	_	_	_	linguistic	_	ContainsVariation=No	_	End=2228.48	_	_	_	_
568-0	BOR001	568	0	mhmh	mhmh	_	_	_	_	_	linguistic	_	ContainsVariation=No	_	Begin=2228.56|End=2228.79	_	_	_	_
569-0	BOI029	569	0	eh	eh	_	_	_	_	_	linguistic	_	ContainsVariation=No	_	Begin=2228.93	_	_	_	_
569-1	BOI029	569	1	che	che	_	_	_	_	_	linguistic	_	ContainsVariation=No	_	_	_	_	_	_
569-2	BOI029	569	2	<tutte	tutte	_	_	_	_	_	linguistic	_	ContainsVariation=No	_	_	_	Slow=0-5(0)	_	_
569-3	BOI029	569	3	otto	otto	_	_	_	_	_	linguistic	_	ContainsVariation=No	_	_	_	Slow=0-4(0)	_	_
569-4	BOI029	569	4	le	le	_	_	_	_	_	linguistic	_	ContainsVariation=No	_	_	_	Slow=0-2(0)	_	_
569-5	BOI029	569	5	terze>	terze	_	_	_	_	_	linguistic	_	ContainsVariation=No	_	_	_	Slow=0-5(0)	_	_
569-6	BOI029	569	6	hanno	hanno	_	_	_	_	_	linguistic	_	ContainsVariation=No	_	_	_	_	_	_
569-7	BOI029	569	7	partecipato	partecipato	_	_	_	_	_	linguistic	_	ContainsVariation=No	_	_	_	_	_	_
569-8	BOI029	569	8	all'	all'	_	_	_	_	_	linguistic	_	ContainsVariation=No	SpaceAfter=No	_	_	_	_	_
569-9	BOI029	569	9	audioguida	audioguida	_	_	_	_	_	linguistic	_	ContainsVariation=No	_	End=2233.59	_	_	_	_
570-0	BOI029	570	0	<e	e	_	_	_	_	_	linguistic	_	ContainsVariation=No	_	Begin=2234.79	_	Slow=0-1(0)	_	_
570-1	BOI029	570	1	che	che	_	_	_	_	_	linguistic	_	ContainsVariation=No	_	_	_	Slow=0-3(0)	_	_
570-2	BOI029	570	2	invece	invece	_	_	_	_	_	linguistic	_	ContainsVariation=No	_	_	_	Slow=0-6(0)	_	_
570-3	BOI029	570	3	solamente	solamente	_	_	_	_	_	linguistic	_	ContainsVariation=No	_	_	_	Slow=0-9(0)	_	_
570-4	BOI029	570	4	sei>	sei	_	_	_	_	_	linguistic	_	ContainsVariation=No	_	_	_	Slow=0-3(0)	_	_
570-5	BOI029	570	5	fanno	fanno	_	_	_	_	_	linguistic	_	ContainsVariation=No	_	_	_	_	_	_
570-6	BOI029	570	6	il	il	_	_	_	_	_	linguistic	_	ContainsVariation=No	_	_	_	_	_	_
570-7	BOI029	570	7	discorso	discorso	_	_	_	_	_	linguistic	_	ContainsVariation=No	_	_	_	_	_	_
570-8	BOI029	570	8	dei	dei	_	_	_	_	_	linguistic	_	ContainsVariation=No	_	_	_	_	_	_
570-9	BOI029	570	9	libri	libri	_	_	_	_	_	linguistic	_	ContainsVariation=No	_	_	_	_	_	_
570-10	BOI029	570	10	viventi	viventi	_	_	_	_	_	linguistic	_	ContainsVariation=No	_	End=2239.84	_	_	_	_
571-0	BOR001	571	0	mh	mh	_	_	_	_	_	linguistic	_	ContainsVariation=No	_	Begin=2240.19|End=2240.41	_	_	_	_
572-0	BOI029	572	0	quindi	quindi	_	_	_	_	_	linguistic	_	ContainsVariation=No	_	Begin=2240.59	_	_	_	_
572-1	BOI029	572	1	c~	c~	_	_	_	_	_	linguistic	_	ContainsVariation=No	Interrupted=Yes	_	_	_	_	_
572-2	BOI029	572	2	anche	anche	_	_	_	_	_	linguistic	_	ContainsVariation=No	_	_	_	_	_	_
572-3	BOI029	572	3	su	su	_	_	_	_	_	linguistic	_	ContainsVariation=No	_	_	_	_	_	_
572-4	BOI029	572	4	quello	quello	_	_	_	_	_	linguistic	_	ContainsVariation=No	_	_	_	_	_	_
572-5	BOI029	572	5	pur	pur	_	_	_	_	_	linguistic	_	ContainsVariation=No	_	_	_	_	_	_
572-6	BOI029	572	6	avendo	avendo	_	_	_	_	_	linguistic	_	ContainsVariation=No	_	_	_	_	_	_
572-7	BOI029	572	7	una	una	_	_	_	_	_	linguistic	_	ContainsVariation=No	_	_	_	_	_	_
572-8	BOI029	572	8	li~	li~	_	_	_	_	_	linguistic	_	ContainsVariation=No	Interrupted=Yes	_	_	_	_	_
572-9	BOI029	572	9	li~	li~	_	_	_	_	_	linguistic	_	ContainsVariation=No	Interrupted=Yes	_	_	_	_	_
572-10	BOI029	572	10	linea	linea	_	_	_	_	_	linguistic	_	ContainsVariation=No	_	_	_	_	_	_
572-11	BOI029	572	11	comune	comune	_	_	_	_	_	linguistic	_	ContainsVariation=No	_	End=2243.727	_	_	_	_
573-0	BOI029	573	0	si	si	_	_	_	_	_	linguistic	_	ContainsVariation=No	_	Begin=2244.367	_	_	_	_
573-1	BOI029	573	1	può	può	_	_	_	_	_	linguistic	_	ContainsVariation=No	_	_	_	_	_	_
573-2	BOI029	573	2	avere	avere	_	_	_	_	_	linguistic	_	ContainsVariation=No	_	_	_	_	_	_
573-3	BOI029	573	3	alcuni	alcuni	_	_	_	_	_	linguistic	_	ContainsVariation=No	_	_	_	_	_	_
573-4	BOI029	573	4	insegnanti	insegnanti	_	_	_	_	_	linguistic	_	ContainsVariation=No	_	_	_	_	_	_
573-5	BOI029	573	5	che	che	_	_	_	_	_	linguistic	_	ContainsVariation=No	_	_	_	_	_	_
573-6	BOI029	573	6	magari	magari	_	_	_	_	_	linguistic	_	ContainsVariation=No	_	_	_	_	_	_
573-7	BOI029	573	7	quest'	quest'	_	_	_	_	_	linguistic	_	ContainsVariation=No	SpaceAfter=No	_	_	_	_	_
573-8	BOI029	573	8	anno	anno	_	_	_	_	_	linguistic	_	ContainsVariation=No	_	_	_	_	_	_
573-9	BOI029	573	9	partecipano	partecipano	_	_	_	_	_	linguistic	_	ContainsVariation=No	_	_	_	_	_	_
573-10	BOI029	573	10	quest'	quest'	_	_	_	_	_	linguistic	_	ContainsVariation=No	SpaceAfter=No	_	_	_	_	_
573-11	BOI029	573	11	altr'anno	altr'anno	_	_	_	_	_	error	_	ContainsVariation=No	_	_	_	_	_	_
573-12	BOI029	573	12	no	no	_	_	_	_	_	linguistic	_	ContainsVariation=No	_	End=2248.773	_	_	_	_
574-0	BOR001	574	0	mhmh	mhmh	_	_	_	_	_	linguistic	_	ContainsVariation=No	_	Begin=2249.11|End=2249.59	_	_	_	_
575-0	BOI029	575	0	perché	perché	_	_	_	_	_	linguistic	_	ContainsVariation=No	_	Begin=2249.8	_	_	_	_
575-1	BOI029	575	1	magari:	magari	_	_	_	_	_	linguistic	_	ContainsVariation=No	_	_	5x1	_	_	_
575-2	BOI029	575	2	>non	non	_	_	_	_	_	linguistic	_	ContainsVariation=No	_	_	_	Fast=0-3(0)	_	_
575-3	BOI029	575	3	so<	so	_	_	_	_	_	linguistic	_	ContainsVariation=No	PauseAfter=Yes	_	_	Fast=0-2(0)	_	_
575-4	BOI029	575	4	(.)	(.)	_	_	_	_	_	shortpause	_	ContainsVariation=No	_	_	_	_	_	_
575-5	BOI029	575	5	mh	mh	_	_	_	_	_	linguistic	_	ContainsVariation=No	_	_	_	_	_	_
575-6	BOI029	575	6	fanno:	fanno	_	_	_	_	_	linguistic	_	ContainsVariation=No	_	_	4x1	_	_	_
575-7	BOI029	575	7	teatro?	teatro	_	_	_	_	_	linguistic	_	ContainsVariation=No	Intonation=Rising	End=2253.95	_	_	_	_
576-0	BOI029	576	0	allora	allora	_	_	_	_	_	linguistic	_	ContainsVariation=No	_	Begin=2254.27	_	_	_	_
576-1	BOI029	576	1	dico	dico	_	_	_	_	_	linguistic	_	ContainsVariation=No	_	_	_	_	_	_
576-2	BOI029	576	2	non	non	_	_	_	_	_	linguistic	_	ContainsVariation=No	_	_	_	_	_	_
576-3	BOI029	576	3	ho	ho	_	_	_	_	_	linguistic	_	ContainsVariation=No	_	_	_	_	_	_
576-4	BOI029	576	4	tempo	tempo	_	_	_	_	_	linguistic	_	ContainsVariation=No	_	_	_	_	_	_
576-5	BOI029	576	5	di	di	_	_	_	_	_	linguistic	_	ContainsVariation=No	_	_	_	_	_	_
576-6	BOI029	576	6	fare	fare	_	_	_	_	_	linguistic	_	ContainsVariation=No	_	_	_	_	_	_
576-7	BOI029	576	7	anche	anche	_	_	_	_	_	linguistic	_	ContainsVariation=No	_	_	_	_	_	_
576-8	BOI029	576	8	quello	quello	_	_	_	_	_	linguistic	_	ContainsVariation=No	_	_	_	_	_	_
576-9	BOI029	576	9	insomma	insomma	_	_	_	_	_	linguistic	_	ContainsVariation=No	_	_	_	_	_	_
576-10	BOI029	576	10	perché	perché	_	_	_	_	_	linguistic	_	ContainsVariation=No	_	_	_	_	_	_
576-11	BOI029	576	11	poi:	poi	_	_	_	_	_	linguistic	_	ContainsVariation=No	_	End=2257.9	2x1	_	_	_
577-0	BOI029	577	0	l'	l'	_	_	_	_	_	linguistic	_	ContainsVariation=No	SpaceAfter=No	Begin=2258.24	_	_	_	_
577-1	BOI029	577	1	economia	economia	_	_	_	_	_	linguistic	_	ContainsVariation=No	_	_	_	_	_	_
577-2	BOI029	577	2	dei	dei	_	_	_	_	_	linguistic	_	ContainsVariation=No	_	_	_	_	_	_
577-3	BOI029	577	3	discorsi	discorsi	_	_	_	_	_	linguistic	_	ContainsVariation=No	_	_	_	_	_	_
577-4	BOI029	577	4	>oppure	oppure	_	_	_	_	_	linguistic	_	ContainsVariation=No	_	_	_	Fast=0-6(0)	_	_
577-5	BOI029	577	5	non	non	_	_	_	_	_	linguistic	_	ContainsVariation=No	_	_	_	Fast=0-3(0)	_	_
577-6	BOI029	577	6	so<	so	_	_	_	_	_	linguistic	_	ContainsVariation=No	_	_	_	Fast=0-2(0)	_	_
577-7	BOI029	577	7	è	è	_	_	_	_	_	linguistic	_	ContainsVariation=No	_	_	_	_	_	_
577-8	BOI029	577	8	un	un	_	_	_	_	_	linguistic	_	ContainsVariation=No	_	_	_	_	_	_
577-9	BOI029	577	9	discorso	discorso	_	_	_	_	_	linguistic	_	ContainsVariation=No	_	_	_	_	_	_
577-10	BOI029	577	10	che	che	_	_	_	_	_	linguistic	_	ContainsVariation=No	_	_	_	_	_	_
577-11	BOI029	577	11	abbiamo	abbiamo	_	_	_	_	_	linguistic	_	ContainsVariation=No	_	_	_	_	_	_
577-12	BOI029	577	12	già	già	_	_	_	_	_	linguistic	_	ContainsVariation=No	_	_	_	_	_	_
577-13	BOI029	577	13	fatto	fatto	_	_	_	_	_	linguistic	_	ContainsVariation=No	_	_	_	_	_	_
577-14	BOI029	577	14	non	non	_	_	_	_	_	linguistic	_	ContainsVariation=No	_	_	_	_	_	_
577-15	BOI029	577	15	torno	torno	_	_	_	_	_	linguistic	_	ContainsVariation=No	_	_	_	_	_	_
577-16	BOI029	577	16	a	a	_	_	_	_	_	linguistic	_	ContainsVariation=No	_	_	_	_	_	_
577-17	BOI029	577	17	rifarlo	rifarlo	_	_	_	_	_	linguistic	_	ContainsVariation=No	_	End=2263.7	_	_	_	_
578-0	BOR001	578	0	mhmh	mhmh	_	_	_	_	_	linguistic	_	ContainsVariation=No	_	Begin=2263.99|End=2264.371	_	_	_	_
579-0	BOI029	579	0	quindi	quindi	_	_	_	_	_	linguistic	_	ContainsVariation=No	_	Begin=2265.067	_	_	_	_
579-1	BOI029	579	1	insomma	insomma	_	_	_	_	_	linguistic	_	ContainsVariation=No	_	_	_	_	_	_
579-2	BOI029	579	2	dopo	dopo	_	_	_	_	_	linguistic	_	ContainsVariation=No	_	_	_	_	_	_
579-3	BOI029	579	3	(di	di	_	_	_	_	_	linguistic	_	ContainsVariation=No	_	_	_	_	0-2(0)	_
579-4	BOI029	579	4	lì)	lì	_	_	_	_	_	linguistic	_	ContainsVariation=No	_	_	_	_	0-2(0)	_
579-5	BOI029	579	5	ciascuno	ciascuno	_	_	_	_	_	linguistic	_	ContainsVariation=No	_	_	_	_	_	_
579-6	BOI029	579	6	vede	vede	_	_	_	_	_	linguistic	_	ContainsVariation=No	_	_	_	_	_	_
579-7	BOI029	579	7	e	e	_	_	_	_	_	linguistic	_	ContainsVariation=No	_	_	_	_	_	_
579-8	BOI029	579	8	il	il	_	_	_	_	_	linguistic	_	ContainsVariation=No	_	_	_	_	_	_
579-9	BOI029	579	9	discorso	discorso	_	_	_	_	_	linguistic	_	ContainsVariation=No	_	End=2268.413	_	_	_	_
580-0	BOI029	580	0	mh	mh	_	_	_	_	_	linguistic	_	ContainsVariation=No	_	Begin=2269.64	_	_	_	_
580-1	BOI029	580	1	per	per	_	_	_	_	_	linguistic	_	ContainsVariation=No	_	_	_	_	_	_
580-2	BOI029	580	2	il	il	_	_	_	_	_	linguistic	_	ContainsVariation=No	_	_	_	_	_	_
580-3	BOI029	580	3	quale	quale	_	_	_	_	_	linguistic	_	ContainsVariation=No	_	_	_	_	_	_
580-4	BOI029	580	4	tu	tu	_	_	_	_	_	linguistic	_	ContainsVariation=No	_	_	_	_	_	_
580-5	BOI029	580	5	sei	sei	_	_	_	_	_	linguistic	_	ContainsVariation=No	_	_	_	_	_	_
580-6	BOI029	580	6	venuta	venuta	_	_	_	_	_	linguistic	_	ContainsVariation=No	_	_	_	_	_	_
580-7	BOI029	580	7	a	a	_	_	_	_	_	linguistic	_	ContainsVariation=No	_	_	_	_	_	_
580-8	BOI029	580	8	parlare	parlare	_	_	_	_	_	linguistic	_	ContainsVariation=No	_	_	_	_	_	_
580-9	BOI029	580	9	con	con	_	_	_	_	_	linguistic	_	ContainsVariation=No	_	_	_	_	_	_
580-10	BOI029	580	10	me	me	_	_	_	_	_	linguistic	_	ContainsVariation=No	_	_	_	_	_	_
580-11	BOI029	580	11	è	è	_	_	_	_	_	linguistic	_	ContainsVariation=No	_	_	_	_	_	_
580-12	BOI029	580	12	perché	perché	_	_	_	_	_	linguistic	_	ContainsVariation=No	_	_	_	_	_	_
580-13	BOI029	580	13	siamo	siamo	_	_	_	_	_	linguistic	_	ContainsVariation=No	_	_	_	_	_	_
580-14	BOI029	580	14	io	io	_	_	_	_	_	linguistic	_	ContainsVariation=No	_	_	_	_	_	_
580-15	BOI029	580	15	e	e	_	_	_	_	_	linguistic	_	ContainsVariation=No	_	_	_	_	_	_
580-16	BOI029	580	16	un'	un'	_	_	_	_	_	linguistic	_	ContainsVariation=No	SpaceAfter=No	_	_	_	_	_
580-17	BOI029	580	17	altra	altra	_	_	_	_	_	linguistic	_	ContainsVariation=No	_	_	_	_	_	_
580-18	BOI029	580	18	collega	collega	_	_	_	_	_	linguistic	_	ContainsVariation=No	_	End=2274.94	_	_	_	_
581-0	BOI029	581	0	che	che	_	_	_	_	_	linguistic	_	ContainsVariation=No	_	Begin=2275.4	_	_	_	_
581-1	BOI029	581	1	ci	ci	_	_	_	_	_	linguistic	_	ContainsVariation=No	_	_	_	_	_	_
581-2	BOI029	581	2	occupiamo	occupiamo	_	_	_	_	_	linguistic	_	ContainsVariation=No	_	_	_	_	_	_
581-3	BOI029	581	3	un	un	_	_	_	_	_	linguistic	_	ContainsVariation=No	_	_	_	_	_	_
581-4	BOI029	581	4	po'	po'	_	_	_	_	_	linguistic	_	ContainsVariation=No	_	_	_	_	_	_
581-5	BOI029	581	5	del	del	_	_	_	_	_	linguistic	_	ContainsVariation=No	_	_	_	_	_	_
581-6	BOI029	581	6	coordinamento	coordinamento	_	_	_	_	_	linguistic	_	ContainsVariation=No	_	_	_	_	_	_
581-7	BOI029	581	7	quindi	quindi	_	_	_	_	_	linguistic	_	ContainsVariation=No	_	_	_	_	_	_
581-8	BOI029	581	8	presentare	presentare	_	_	_	_	_	linguistic	_	ContainsVariation=No	_	_	_	_	_	_
581-9	BOI029	581	9	i	i	_	_	_	_	_	linguistic	_	ContainsVariation=No	_	_	_	_	_	_
581-10	BOI029	581	10	progetti	progetti	_	_	_	_	_	linguistic	_	ContainsVariation=No	_	_	_	_	_	_
581-11	BOI029	581	11	in	in	_	_	_	_	_	linguistic	_	ContainsVariation=No	_	_	_	_	_	_
581-12	BOI029	581	12	comune	comune	_	_	_	_	_	linguistic	_	ContainsVariation=No	_	_	_	_	_	_
581-13	BOI029	581	13	per	per	_	_	_	_	_	linguistic	_	ContainsVariation=No	_	_	_	_	_	_
581-14	BOI029	581	14	avere	avere	_	_	_	_	_	linguistic	_	ContainsVariation=No	_	_	_	_	_	_
581-15	BOI029	581	15	il	il	_	_	_	_	_	linguistic	_	ContainsVariation=No	_	_	_	_	_	_
581-16	BOI029	581	16	finanziamento	finanziamento	_	_	_	_	_	linguistic	_	ContainsVariation=No	_	_	_	_	_	_
581-17	BOI029	581	17	o:	o	_	_	_	_	_	linguistic	_	ContainsVariation=No	_	End=2281.49	0x1	_	_	_
582-0	BOI029	582	0	eh	eh	_	_	_	_	_	linguistic	_	ContainsVariation=No	_	Begin=2281.75	_	_	_	_
582-1	BOI029	582	1	andare:	andare	_	_	_	_	_	linguistic	_	ContainsVariation=No	_	_	5x1	_	_	_
582-2	BOI029	582	2	a~	a~	_	_	_	_	_	linguistic	_	ContainsVariation=No	Interrupted=Yes	_	_	_	_	_
582-3	BOI029	582	3	dall'	dall'	_	_	_	_	_	linguistic	_	ContainsVariation=No	SpaceAfter=No	_	_	_	_	_
582-4	BOI029	582	4	assemblea	assemblea	_	_	_	_	_	linguistic	_	ContainsVariation=No	_	_	_	_	_	_
582-5	BOI029	582	5	legislativa	legislativa	_	_	_	_	_	linguistic	_	ContainsVariation=No	_	_	_	_	_	_
582-6	BOI029	582	6	per	per	_	_	_	_	_	linguistic	_	ContainsVariation=No	_	_	_	_	_	_
582-7	BOI029	582	7	farsi	farsi	_	_	_	_	_	linguistic	_	ContainsVariation=No	_	_	_	_	_	_
582-8	BOI029	582	8	stampare	stampare	_	_	_	_	_	linguistic	_	ContainsVariation=No	_	_	_	_	_	_
582-9	BOI029	582	9	queste	queste	_	_	_	_	_	linguistic	_	ContainsVariation=No	_	_	_	_	_	_
582-10	BOI029	582	10	cose	cose	_	_	_	_	_	linguistic	_	ContainsVariation=No	_	End=2286.29	_	_	_	_
583-0	BOI029	583	0	E	e	_	_	_	_	_	linguistic	_	ContainsVariation=No	PauseAfter=Yes|Volume=high	Begin=2286.68	_	_	_	_
583-1	BOI029	583	1	(.)	(.)	_	_	_	_	_	shortpause	_	ContainsVariation=No	_	_	_	_	_	_
583-2	BOI029	583	2	le	le	_	_	_	_	_	linguistic	_	ContainsVariation=No	_	_	_	_	_	_
583-3	BOI029	583	3	altre	altre	_	_	_	_	_	linguistic	_	ContainsVariation=No	_	_	_	_	_	_
583-4	BOI029	583	4	persone	persone	_	_	_	_	_	linguistic	_	ContainsVariation=No	_	_	_	_	_	_
583-5	BOI029	583	5	s~	s~	_	_	_	_	_	linguistic	_	ContainsVariation=No	Interrupted=Yes	_	_	_	_	_
583-6	BOI029	583	6	s~	s~	_	_	_	_	_	linguistic	_	ContainsVariation=No	Interrupted=Yes	_	_	_	_	_
583-7	BOI029	583	7	fanno	fanno	_	_	_	_	_	linguistic	_	ContainsVariation=No	_	_	_	_	_	_
583-8	BOI029	583	8	le~	le~	_	_	_	_	_	linguistic	_	ContainsVariation=No	Interrupted=Yes	_	_	_	_	_
583-9	BOI029	583	9	l~	l~	_	_	_	_	_	linguistic	_	ContainsVariation=No	Interrupted=Yes	_	_	_	_	_
583-10	BOI029	583	10	l'	l'	_	_	_	_	_	linguistic	_	ContainsVariation=No	SpaceAfter=No	_	_	_	_	_
583-11	BOI029	583	11	iniziativa	iniziativa	_	_	_	_	_	linguistic	_	ContainsVariation=No	_	_	_	_	_	_
583-12	BOI029	583	12	ugualmente	ugualmente	_	_	_	_	_	linguistic	_	ContainsVariation=No	_	_	_	_	_	_
583-13	BOI029	583	13	però	però	_	_	_	_	_	linguistic	_	ContainsVariation=No	_	_	_	_	_	_
583-14	BOI029	583	14	è	è	_	_	_	_	_	linguistic	_	ContainsVariation=No	_	_	_	_	_	_
583-15	BOI029	583	15	chiaro	chiaro	_	_	_	_	_	linguistic	_	ContainsVariation=No	_	_	_	_	_	_
583-16	BOI029	583	16	che	che	_	_	_	_	_	linguistic	_	ContainsVariation=No	_	_	_	_	_	_
583-17	BOI029	583	17	non	non	_	_	_	_	_	linguistic	_	ContainsVariation=No	_	_	_	_	_	_
583-18	BOI029	583	18	hanno	hanno	_	_	_	_	_	linguistic	_	ContainsVariation=No	_	_	_	_	_	_
583-19	BOI029	583	19	questo	questo	_	_	_	_	_	linguistic	_	ContainsVariation=No	_	_	_	_	_	_
583-20	BOI029	583	20	compito	compito	_	_	_	_	_	linguistic	_	ContainsVariation=No	_	_	_	_	_	_
583-21	BOI029	583	21	di	di	_	_	_	_	_	linguistic	_	ContainsVariation=No	_	_	_	_	_	_
583-22	BOI029	583	22	coor[dinamento]	coordinamento	_	_	_	_	_	linguistic	_	ContainsVariation=No	_	_	_	_	_	3-13(113)
583-23	BOI029	583	23	ecco	ecco	_	_	_	_	_	linguistic	_	ContainsVariation=No	_	End=2294.899	_	_	_	_
584-0	BOR001	584	0	[°oka:y°]	okay	_	_	_	_	_	linguistic	_	ContainsVariation=No	Volume=low	Begin=2293.92|End=2294.55	2x1	_	_	0-4(113)
585-0	BOR001	585	0	°ok[ay°]	okay	_	_	_	_	_	linguistic	_	ContainsVariation=No	Volume=low	Begin=2295.0|End=2295.311	_	_	_	2-4(114)
586-0	BOI029	586	0	[d'	d'	_	_	_	_	_	linguistic	_	ContainsVariation=No	SpaceAfter=No	Begin=2295.19	_	_	_	0-2(114)
586-1	BOI029	586	1	a]ltra	altra	_	_	_	_	_	linguistic	_	ContainsVariation=No	_	_	_	_	_	0-1(114)
586-2	BOI029	586	2	parte	parte	_	_	_	_	_	linguistic	_	ContainsVariation=No	_	_	_	_	_	_
586-3	BOI029	586	3	essendo	essendo	_	_	_	_	_	linguistic	_	ContainsVariation=No	_	_	_	_	_	_
586-4	BOI029	586	4	in	in	_	_	_	_	_	linguistic	_	ContainsVariation=No	_	_	_	_	_	_
586-5	BOI029	586	5	tanti	tanti	_	_	_	_	_	linguistic	_	ContainsVariation=No	_	_	_	_	_	_
586-6	BOI029	586	6	non	non	_	_	_	_	_	linguistic	_	ContainsVariation=No	_	_	_	_	_	_
586-7	BOI029	586	7	si	si	_	_	_	_	_	linguistic	_	ContainsVariation=No	_	_	_	_	_	_
586-8	BOI029	586	8	può:	può	_	_	_	_	_	linguistic	_	ContainsVariation=No	_	End=2297.37	2x1	_	_	_
587-0	BOR001	587	0	°no	no	_	_	_	_	_	linguistic	_	ContainsVariation=No	Volume=low	Begin=2297.58	_	_	_	_
587-1	BOR001	587	1	no	no	_	_	_	_	_	linguistic	_	ContainsVariation=No	Volume=low	_	_	_	_	_
587-2	BOR001	587	2	certo°	certo	_	_	_	_	_	linguistic	_	ContainsVariation=No	Volume=low	End=2298.125	_	_	_	_
588-0	BOI029	588	0	fare	fare	_	_	_	_	_	linguistic	_	ContainsVariation=No	_	Begin=2298.25	_	_	_	_
588-1	BOI029	588	1	che	che	_	_	_	_	_	linguistic	_	ContainsVariation=No	_	_	_	_	_	_
588-2	BOI029	588	2	tutti	tutti	_	_	_	_	_	linguistic	_	ContainsVariation=No	_	_	_	_	_	_
588-3	BOI029	588	3	fanno	fanno	_	_	_	_	_	linguistic	_	ContainsVariation=No	_	_	_	_	_	_
588-4	BOI029	588	4	tutti	tutti	_	_	_	_	_	linguistic	_	ContainsVariation=No	_	_	_	_	_	_
588-5	BOI029	588	5	e	e	_	_	_	_	_	linguistic	_	ContainsVariation=No	_	_	_	_	_	_
588-6	BOI029	588	6	dato	dato	_	_	_	_	_	linguistic	_	ContainsVariation=No	_	_	_	_	_	_
588-7	BOI029	588	7	che	che	_	_	_	_	_	linguistic	_	ContainsVariation=No	_	_	_	_	_	_
588-8	BOI029	588	8	facciamo	facciamo	_	_	_	_	_	linguistic	_	ContainsVariation=No	_	_	_	_	_	_
588-9	BOI029	588	9	una	una	_	_	_	_	_	linguistic	_	ContainsVariation=No	_	_	_	_	_	_
588-10	BOI029	588	10	m~	m~	_	_	_	_	_	linguistic	_	ContainsVariation=No	Interrupted=Yes	_	_	_	_	_
588-11	BOI029	588	11	montagna	montagna	_	_	_	_	_	linguistic	_	ContainsVariation=No	_	_	_	_	_	_
588-12	BOI029	588	12	di	di	_	_	_	_	_	linguistic	_	ContainsVariation=No	_	_	_	_	_	_
588-13	BOI029	588	13	cose	cose	_	_	_	_	_	linguistic	_	ContainsVariation=No	_	_	_	_	_	_
588-14	BOI029	588	14	dentro	dentro	_	_	_	_	_	linguistic	_	ContainsVariation=No	_	_	_	_	_	_
588-15	BOI029	588	15	questa	questa	_	_	_	_	_	linguistic	_	ContainsVariation=No	_	_	_	_	_	_
588-16	BOI029	588	16	c~	c~	_	_	_	_	_	linguistic	_	ContainsVariation=No	Interrupted=Yes	_	_	_	_	_
588-17	BOI029	588	17	scuola	scuola	_	_	_	_	_	linguistic	_	ContainsVariation=No	_	End=2303.9	_	_	_	_
589-0	BOR001	589	0	((ride))	((ride))	_	_	_	_	_	nonverbalbehavior	_	ContainsVariation=No	_	Begin=2303.36|End=2303.83	_	_	_	_
590-0	BOI029	590	0	è~	è~	_	_	_	_	_	linguistic	_	ContainsVariation=No	Interrupted=Yes	Begin=2303.94	_	_	_	_
590-1	BOI029	590	1	è	è	_	_	_	_	_	linguistic	_	ContainsVariation=No	_	_	_	_	_	_
590-2	BOI029	590	2	anche	anche	_	_	_	_	_	linguistic	_	ContainsVariation=No	_	_	_	_	_	_
590-3	BOI029	590	3	bene	bene	_	_	_	_	_	linguistic	_	ContainsVariation=No	_	_	_	_	_	_
590-4	BOI029	590	4	che	che	_	_	_	_	_	linguistic	_	ContainsVariation=No	_	_	_	_	_	_
590-5	BOI029	590	5	ciascuno	ciascuno	_	_	_	_	_	linguistic	_	ContainsVariation=No	_	_	_	_	_	_
590-6	BOI029	590	6	seg[ua	segua	_	_	_	_	_	linguistic	_	ContainsVariation=No	_	_	_	_	_	3-5(116)
590-7	BOI029	590	7	qualcosa]	qualcosa	_	_	_	_	_	linguistic	_	ContainsVariation=No	_	_	_	_	_	0-8(116)
590-8	BOI029	590	8	e	e	_	_	_	_	_	linguistic	_	ContainsVariation=No	_	_	_	_	_	_
590-9	BOI029	590	9	faccia	faccia	_	_	_	_	_	linguistic	_	ContainsVariation=No	_	_	_	_	_	_
590-10	BOI029	590	10	girare	girare	_	_	_	_	_	linguistic	_	ContainsVariation=No	_	_	_	_	_	_
590-11	BOI029	590	11	gli	gli	_	_	_	_	_	linguistic	_	ContainsVariation=No	_	_	_	_	_	_
590-12	BOI029	590	12	altri	altri	_	_	_	_	_	linguistic	_	ContainsVariation=No	_	End=2308.608	_	_	_	_
591-0	BOR001	591	0	[xxxx]	xxxx	_	_	_	_	_	unknown	_	ContainsVariation=No	Syllables=4	Begin=2305.95|End=2306.92	_	_	_	0-4(116)
592-0	BOR001	592	0	sì	sì	_	_	_	_	_	linguistic	_	ContainsVariation=No	_	Begin=2309.03	_	_	_	_
592-1	BOR001	592	1	sì	sì	_	_	_	_	_	linguistic	_	ContainsVariation=No	_	_	_	_	_	_
592-2	BOR001	592	2	sì	sì	_	_	_	_	_	linguistic	_	ContainsVariation=No	_	_	_	_	_	_
592-3	BOR001	592	3	no	no	_	_	_	_	_	linguistic	_	ContainsVariation=No	_	_	_	_	_	_
592-4	BOR001	592	4	certo	certo	_	_	_	_	_	linguistic	_	ContainsVariation=No	_	_	_	_	_	_
592-5	BOR001	592	5	certo	certo	_	_	_	_	_	linguistic	_	ContainsVariation=No	_	End=2310.578	_	_	_	_
593-0	BOR001	593	0	e	e	_	_	_	_	_	linguistic	_	ContainsVariation=No	_	Begin=2311.32	_	_	_	_
593-1	BOR001	593	1	quindi	quindi	_	_	_	_	_	linguistic	_	ContainsVariation=No	_	_	_	_	_	_
593-2	BOR001	593	2	son	son	_	_	_	_	_	linguistic	_	ContainsVariation=No	_	_	_	_	_	_
593-3	BOR001	593	3	comunque	comunque	_	_	_	_	_	linguistic	_	ContainsVariation=No	_	_	_	_	_	_
593-4	BOR001	593	4	sono:	sono	_	_	_	_	_	linguistic	_	ContainsVariation=No	_	_	3x1	_	_	_
593-5	BOR001	593	5	tutti	tutti	_	_	_	_	_	linguistic	_	ContainsVariation=No	_	_	_	_	_	_
593-6	BOR001	593	6	finanziati	finanziati	_	_	_	_	_	linguistic	_	ContainsVariation=No	_	_	_	_	_	_
593-7	BOR001	593	7	dal	dal	_	_	_	_	_	linguistic	_	ContainsVariation=No	_	_	_	_	_	_
593-8	BOR001	593	8	comune	comune	_	_	_	_	_	linguistic	_	ContainsVariation=No	_	_	_	_	_	_
593-9	BOR001	593	9	questi	questi	_	_	_	_	_	linguistic	_	ContainsVariation=No	_	_	_	_	_	_
593-10	BOR001	593	10	progettti,	progettti	_	_	_	_	_	linguistic	_	ContainsVariation=No	Intonation=WeaklyRising	End=2314.92	_	_	_	_
594-0	BOI029	594	0	e:h	eh	_	_	_	_	_	linguistic	_	ContainsVariation=No	_	Begin=2314.98	0x1	_	_	_
594-1	BOI029	594	1	((sbuffa))	((sbuffa))	_	_	_	_	_	nonverbalbehavior	_	ContainsVariation=No	_	End=2316.98	_	_	_	_
595-0	BOR001	595	0	xx	xx	_	_	_	_	_	unknown	_	ContainsVariation=No	Syllables=2	Begin=2317.05|End=2317.42	_	_	_	_
596-0	BOI029	596	0	allora	allora	_	_	_	_	_	linguistic	_	ContainsVariation=No	_	Begin=2317.45	_	_	_	_
596-1	BOI029	596	1	in	in	_	_	_	_	_	linguistic	_	ContainsVariation=No	_	_	_	_	_	_
596-2	BOI029	596	2	parte	parte	_	_	_	_	_	linguistic	_	ContainsVariation=No	_	_	_	_	_	_
596-3	BOI029	596	3	s~	s~	_	_	_	_	_	linguistic	_	ContainsVariation=No	Interrupted=Yes	_	_	_	_	_
596-4	BOI029	596	4	dal	dal	_	_	_	_	_	linguistic	_	ContainsVariation=No	_	_	_	_	_	_
596-5	BOI029	596	5	quartiere	quartiere	_	_	_	_	_	linguistic	_	ContainsVariation=No	_	_	_	_	_	_
596-6	BOI029	596	6	porto	porto	_	_	_	_	_	linguistic	_	ContainsVariation=No	_	_	_	_	_	_
596-7	BOI029	596	7	saragozz[a]:	saragozza	_	_	_	_	_	linguistic	_	ContainsVariation=No	_	End=2320.5	8x1	_	_	8-9(117)
597-0	BOR001	597	0	[mh]	mh	_	_	_	_	_	linguistic	_	ContainsVariation=No	_	Begin=2320.28|End=2320.47	_	_	_	0-2(117)
598-0	BOI029	598	0	e:h	eh	_	_	_	_	_	linguistic	_	ContainsVariation=No	_	Begin=2321.56	0x1	_	_	_
598-1	BOI029	598	1	poi	poi	_	_	_	_	_	linguistic	_	ContainsVariation=No	_	_	_	_	_	_
598-2	BOI029	598	2	abbiamo	abbiamo	_	_	_	_	_	linguistic	_	ContainsVariation=No	_	_	_	_	_	_
598-3	BOI029	598	3	vinto	vinto	_	_	_	_	_	linguistic	_	ContainsVariation=No	_	_	_	_	_	_
598-4	BOI029	598	4	alcuni	alcuni	_	_	_	_	_	linguistic	_	ContainsVariation=No	_	_	_	_	_	_
598-5	BOI029	598	5	premi	premi	_	_	_	_	_	linguistic	_	ContainsVariation=No	_	_	_	_	_	_
598-6	BOI029	598	6	co~	co~	_	_	_	_	_	linguistic	_	ContainsVariation=No	Interrupted=Yes	_	_	_	_	_
598-7	BOI029	598	7	con	con	_	_	_	_	_	linguistic	_	ContainsVariation=No	_	_	_	_	_	_
598-8	BOI029	598	8	l'	l'	_	_	_	_	_	linguistic	_	ContainsVariation=No	SpaceAfter=No	_	_	_	_	_
598-9	BOI029	598	9	assemblea	assemblea	_	_	_	_	_	linguistic	_	ContainsVariation=No	_	_	_	_	_	_
598-10	BOI029	598	10	legislativa:	legislativa	_	_	_	_	_	linguistic	_	ContainsVariation=No	_	_	10x1	_	_	_
598-11	BOI029	598	11	della	della	_	_	_	_	_	linguistic	_	ContainsVariation=No	_	_	_	_	_	_
598-12	BOI029	598	12	regione	regione	_	_	_	_	_	linguistic	_	ContainsVariation=No	_	End=2327.32	_	_	_	_
599-0	BOR001	599	0	mh	mh	_	_	_	_	_	linguistic	_	ContainsVariation=No	_	Begin=2327.74|End=2328.05	_	_	_	_
600-0	BOI029	600	0	e:h	eh	_	_	_	_	_	linguistic	_	ContainsVariation=No	_	Begin=2328.68	0x1	_	_	_
600-1	BOI029	600	1	>poi<	poi	_	_	_	_	_	linguistic	_	ContainsVariation=No	_	_	_	Fast=0-3(0)	_	_
600-2	BOI029	600	2	anpi	anpi	_	_	_	_	_	linguistic	_	ContainsVariation=No	_	_	_	Slow=0-4(0)	_	_
600-3	BOI029	600	3	lo	lo	_	_	_	_	_	linguistic	_	ContainsVariation=No	_	_	_	Slow=0-2(0)	_	_
600-4	BOI029	600	4	fa	fa	_	_	_	_	_	linguistic	_	ContainsVariation=No	_	_	_	Slow=0-2(0)	_	_
600-5	BOI029	600	5	gratuita[mente	gratuitamente	_	_	_	_	_	linguistic	_	ContainsVariation=No	_	_	_	Slow=0-13(0)	_	8-13(118)
600-6	BOI029	600	6	co]me	come	_	_	_	_	_	linguistic	_	ContainsVariation=No	_	_	_	Slow=0-4(0)	_	0-2(118)
600-7	BOI029	600	7	volontari	volontari	_	_	_	_	_	linguistic	_	ContainsVariation=No	_	_	_	Slow=0-9(0)	_	_
600-8	BOI029	600	8	quindi:	quindi	_	_	_	_	_	linguistic	_	ContainsVariation=No	_	_	5x1	Slow=0-6(0)	_	_
600-9	BOI029	600	9	bianchi	bianchi	_	_	_	_	_	linguistic	_	ContainsVariation=No	_	_	_	Slow=0-7(0)	_	_
600-10	BOI029	600	10	viene	viene	_	_	_	_	_	linguistic	_	ContainsVariation=No	_	_	_	Slow=0-5(0)	_	_
600-11	BOI029	600	11	per	per	_	_	_	_	_	linguistic	_	ContainsVariation=No	_	_	_	Slow=0-3(0)	_	_
600-12	BOI029	600	12	i	i	_	_	_	_	_	linguistic	_	ContainsVariation=No	_	_	_	Slow=0-1(0)	_	_
600-13	BOI029	600	13	libri	libri	_	_	_	_	_	linguistic	_	ContainsVariation=No	_	_	_	Slow=0-5(0)	_	_
600-14	BOI029	600	14	gratuitamente	gratuitamente	_	_	_	_	_	linguistic	_	ContainsVariation=No	_	_	_	Slow=0-13(0)	_	_
600-15	BOI029	600	15	quindi	quindi	_	_	_	_	_	linguistic	_	ContainsVariation=No	_	_	_	Slow=0-6(0)	_	_
600-16	BOI029	600	16	>insomma<	insomma	_	_	_	_	_	linguistic	_	ContainsVariation=No	_	_	_	Fast=0-7(1)	_	_
600-17	BOI029	600	17	in	in	_	_	_	_	_	linguistic	_	ContainsVariation=No	_	_	_	_	_	_
600-18	BOI029	600	18	realtà	realtà	_	_	_	_	_	linguistic	_	ContainsVariation=No	_	_	_	_	_	_
600-19	BOI029	600	19	un	un	_	_	_	_	_	linguistic	_	ContainsVariation=No	_	_	_	_	_	_
600-20	BOI029	600	20	sistema	sistema	_	_	_	_	_	linguistic	_	ContainsVariation=No	_	_	_	_	_	_
600-21	BOI029	600	21	un	un	_	_	_	_	_	linguistic	_	ContainsVariation=No	_	_	_	_	_	_
600-22	BOI029	600	22	po'	po'	_	_	_	_	_	linguistic	_	ContainsVariation=No	_	_	_	_	_	_
600-23	BOI029	600	23	misto	misto	_	_	_	_	_	linguistic	_	ContainsVariation=No	_	End=2339.08	_	_	_	_
601-0	BOR001	601	0	[ah	ah	_	_	_	_	_	linguistic	_	ContainsVariation=No	_	Begin=2331.4	_	_	_	0-2(118)
601-1	BOR001	601	1	sì]	sì	_	_	_	_	_	linguistic	_	ContainsVariation=No	_	End=2331.777	_	_	_	0-2(118)
602-0	BOR001	602	0	mhmh	mhmh	_	_	_	_	_	linguistic	_	ContainsVariation=No	_	Begin=2339.11|End=2339.423	_	_	_	_
603-0	BOI029	603	0	eh	eh	_	_	_	_	_	linguistic	_	ContainsVariation=No	_	Begin=2340.121	_	_	_	_
603-1	BOI029	603	1	però	però	_	_	_	_	_	linguistic	_	ContainsVariation=No	_	_	_	_	_	_
603-2	BOI029	603	2	è	è	_	_	_	_	_	linguistic	_	ContainsVariation=No	_	_	_	_	_	_
603-3	BOI029	603	3	chiaro	chiaro	_	_	_	_	_	linguistic	_	ContainsVariation=No	_	_	_	_	_	_
603-4	BOI029	603	4	>insomma<	insomma	_	_	_	_	_	linguistic	_	ContainsVariation=No	_	_	_	Fast=0-7(0)	_	_
603-5	BOI029	603	5	devo	devo	_	_	_	_	_	linguistic	_	ContainsVariation=No	_	_	_	_	_	_
603-6	BOI029	603	6	stampare	stampare	_	_	_	_	_	linguistic	_	ContainsVariation=No	_	_	_	_	_	_
603-7	BOI029	603	7	[questo]	questo	_	_	_	_	_	linguistic	_	ContainsVariation=No	_	_	_	_	_	0-6(119)
603-8	BOI029	603	8	mi	mi	_	_	_	_	_	linguistic	_	ContainsVariation=No	_	_	_	_	_	_
603-9	BOI029	603	9	occorrono	occorrono	_	_	_	_	_	linguistic	_	ContainsVariation=No	_	_	_	_	_	_
603-10	BOI029	603	10	ottocento	ottocento	_	_	_	_	_	linguistic	_	ContainsVariation=No	_	_	_	_	_	_
603-11	BOI029	603	11	euro	euro	_	_	_	_	_	linguistic	_	ContainsVariation=No	_	_	_	_	_	_
603-12	BOI029	603	12	quindi	quindi	_	_	_	_	_	linguistic	_	ContainsVariation=No	_	_	_	_	_	_
603-13	BOI029	603	13	o	o	_	_	_	_	_	linguistic	_	ContainsVariation=No	_	_	_	_	_	_
603-14	BOI029	603	14	me	me	_	_	_	_	_	linguistic	_	ContainsVariation=No	_	_	_	_	_	_
603-15	BOI029	603	15	li	li	_	_	_	_	_	linguistic	_	ContainsVariation=No	_	_	_	_	_	_
603-16	BOI029	603	16	stampa	stampa	_	_	_	_	_	linguistic	_	ContainsVariation=No	_	End=2345.49	_	_	_	_
604-0	BOR001	604	0	[mhmh]	mhmh	_	_	_	_	_	linguistic	_	ContainsVariation=No	_	Begin=2342.33|End=2342.82	_	_	_	0-4(119)
605-0	BOI029	605	0	e:h	eh	_	_	_	_	_	linguistic	_	ContainsVariation=No	_	Begin=2345.77	0x1	_	_	_
605-1	BOI029	605	1	l'	l'	_	_	_	_	_	linguistic	_	ContainsVariation=No	SpaceAfter=No	_	_	_	_	_
605-2	BOI029	605	2	assemblea	assemblea	_	_	_	_	_	linguistic	_	ContainsVariation=No	_	_	_	_	_	_
605-3	BOI029	605	3	legislativa	legislativa	_	_	_	_	_	linguistic	_	ContainsVariation=No	_	_	_	_	_	_
605-4	BOI029	605	4	perché	perché	_	_	_	_	_	linguistic	_	ContainsVariation=No	_	_	_	_	_	_
605-5	BOI029	605	5	fa	fa	_	_	_	_	_	linguistic	_	ContainsVariation=No	_	_	_	_	_	_
605-6	BOI029	605	6	parte	parte	_	_	_	_	_	linguistic	_	ContainsVariation=No	_	_	_	_	_	_
605-7	BOI029	605	7	del	del	_	_	_	_	_	linguistic	_	ContainsVariation=No	_	_	_	_	_	_
605-8	BOI029	605	8	suo	suo	_	_	_	_	_	linguistic	_	ContainsVariation=No	_	_	_	_	_	_
605-9	BOI029	605	9	progetto,	progetto	_	_	_	_	_	linguistic	_	ContainsVariation=No	Intonation=WeaklyRising	_	_	_	_	_
605-10	BOI029	605	10	oppure:	oppure	_	_	_	_	_	linguistic	_	ContainsVariation=No	_	_	5x1	_	_	_
605-11	BOI029	605	11	chiedo	chiedo	_	_	_	_	_	linguistic	_	ContainsVariation=No	_	_	_	_	_	_
605-12	BOI029	605	12	al	al	_	_	_	_	_	linguistic	_	ContainsVariation=No	_	_	_	_	_	_
605-13	BOI029	605	13	comune	comune	_	_	_	_	_	linguistic	_	ContainsVariation=No	_	_	_	_	_	_
605-14	BOI029	605	14	se	se	_	_	_	_	_	linguistic	_	ContainsVariation=No	_	_	_	_	_	_
605-15	BOI029	605	15	mi	mi	_	_	_	_	_	linguistic	_	ContainsVariation=No	_	_	_	_	_	_
605-16	BOI029	605	16	da	da	_	_	_	_	_	linguistic	_	ContainsVariation=No	_	_	_	_	_	_
605-17	BOI029	605	17	una	una	_	_	_	_	_	linguistic	_	ContainsVariation=No	_	_	_	_	_	_
605-18	BOI029	605	18	mano,	mano	_	_	_	_	_	linguistic	_	ContainsVariation=No	Intonation=WeaklyRising	_	_	_	_	_
605-19	BOI029	605	19	gli	gli	_	_	_	_	_	linguistic	_	ContainsVariation=No	_	_	_	_	_	_
605-20	BOI029	605	20	esperti	esperti	_	_	_	_	_	linguistic	_	ContainsVariation=No	_	_	_	_	_	_
605-21	BOI029	605	21	esterni,	esterni	_	_	_	_	_	linguistic	_	ContainsVariation=No	Intonation=WeaklyRising	End=2353.79	_	_	_	_
606-0	BOI029	606	0	abbiamo	abbiamo	_	_	_	_	_	linguistic	_	ContainsVariation=No	_	Begin=2353.85	_	_	_	_
606-1	BOI029	606	1	collaborato	collaborato	_	_	_	_	_	linguistic	_	ContainsVariation=No	_	_	_	_	_	_
606-2	BOI029	606	2	con	con	_	_	_	_	_	linguistic	_	ContainsVariation=No	_	_	_	_	_	_
606-3	BOI029	606	3	kepler	kepler	_	_	_	_	_	linguistic	_	ContainsVariation=No	_	_	_	_	_	_
606-4	BOI029	606	4	doveva	doveva	_	_	_	_	_	linguistic	_	ContainsVariation=No	_	_	_	_	_	_
606-5	BOI029	606	5	essere	essere	_	_	_	_	_	linguistic	_	ContainsVariation=No	_	_	_	_	_	_
606-6	BOI029	606	6	pagato,	pagato	_	_	_	_	_	linguistic	_	ContainsVariation=No	Intonation=WeaklyRising	End=2356.562	_	_	_	_
607-0	BOR001	607	0	beh	beh	_	_	_	_	_	linguistic	_	ContainsVariation=No	_	Begin=2357.0	_	_	_	_
607-1	BOR001	607	1	[sì]	sì	_	_	_	_	_	linguistic	_	ContainsVariation=No	_	End=2357.88	_	_	_	0-2(120)
608-0	BOI029	608	0	[e:h	eh	_	_	_	_	_	linguistic	_	ContainsVariation=No	_	Begin=2357.42	0x1	_	_	0-2(120)
608-1	BOI029	608	1	il]	il	_	_	_	_	_	linguistic	_	ContainsVariation=No	_	_	_	_	_	0-2(120)
608-2	BOI029	608	2	noleggio	noleggio	_	_	_	_	_	linguistic	_	ContainsVariation=No	_	_	_	_	_	_
608-3	BOI029	608	3	delle	delle	_	_	_	_	_	linguistic	_	ContainsVariation=No	_	_	_	_	_	_
608-4	BOI029	608	4	cuffie:	cuffie	_	_	_	_	_	linguistic	_	ContainsVariation=No	_	_	5x1	_	_	_
608-5	BOI029	608	5	>eccetera<	eccetera	_	_	_	_	_	linguistic	_	ContainsVariation=No	_	_	_	Fast=0-8(0)	_	_
608-6	BOI029	608	6	deve	deve	_	_	_	_	_	linguistic	_	ContainsVariation=No	_	_	_	_	_	_
608-7	BOI029	608	7	essere	essere	_	_	_	_	_	linguistic	_	ContainsVariation=No	_	_	_	_	_	_
608-8	BOI029	608	8	pagato	pagato	_	_	_	_	_	linguistic	_	ContainsVariation=No	_	_	_	_	_	_
608-9	BOI029	608	9	quindi	quindi	_	_	_	_	_	linguistic	_	ContainsVariation=No	_	_	_	_	_	_
608-10	BOI029	608	10	insomma	insomma	_	_	_	_	_	linguistic	_	ContainsVariation=No	_	End=2361.69	_	_	_	_
609-0	BOI029	609	0	mh	mh	_	_	_	_	_	linguistic	_	ContainsVariation=No	_	Begin=2362.83	_	_	_	_
609-1	BOI029	609	1	noi	noi	_	_	_	_	_	linguistic	_	ContainsVariation=No	_	_	_	_	_	_
609-2	BOI029	609	2	portiamo	portiamo	_	_	_	_	_	linguistic	_	ContainsVariation=No	_	_	_	_	_	_
609-3	BOI029	609	3	avanti	avanti	_	_	_	_	_	linguistic	_	ContainsVariation=No	_	_	_	_	_	_
609-4	BOI029	609	4	il	il	_	_	_	_	_	linguistic	_	ContainsVariation=No	_	_	_	_	_	_
609-5	BOI029	609	5	progetto	progetto	_	_	_	_	_	linguistic	_	ContainsVariation=No	_	_	_	_	_	_
609-6	BOI029	609	6	poi	poi	_	_	_	_	_	linguistic	_	ContainsVariation=No	_	_	_	_	_	_
609-7	BOI029	609	7	trovando	trovando	_	_	_	_	_	linguistic	_	ContainsVariation=No	_	_	_	_	_	_
609-8	BOI029	609	8	i	i	_	_	_	_	_	linguistic	_	ContainsVariation=No	_	_	_	_	_	_
609-9	BOI029	609	9	finanziamenti	finanziamenti	_	_	_	_	_	linguistic	_	ContainsVariation=No	_	_	_	_	_	_
609-10	BOI029	609	10	lo	lo	_	_	_	_	_	linguistic	_	ContainsVariation=No	_	_	_	_	_	_
609-11	BOI029	609	11	attui[amo]	attuiamo	_	_	_	_	_	linguistic	_	ContainsVariation=No	_	End=2367.74	_	_	_	5-8(121)
610-0	BOR001	610	0	[sì	sì	_	_	_	_	_	linguistic	_	ContainsVariation=No	_	Begin=2367.16	_	_	_	0-2(121)
610-1	BOR001	610	1	sì]	sì	_	_	_	_	_	linguistic	_	ContainsVariation=No	_	_	_	_	_	0-2(121)
610-2	BOR001	610	2	ah	ah	_	_	_	_	_	linguistic	_	ContainsVariation=No	_	_	_	_	_	_
610-3	BOR001	610	3	okay	okay	_	_	_	_	_	linguistic	_	ContainsVariation=No	_	_	_	_	_	_
610-4	BOR001	610	4	pensavo	pensavo	_	_	_	_	_	linguistic	_	ContainsVariation=No	_	_	_	_	_	_
610-5	BOR001	610	5	fossero	fossero	_	_	_	_	_	linguistic	_	ContainsVariation=No	_	_	_	_	_	_
610-6	BOR001	610	6	fondi	fondi	_	_	_	_	_	linguistic	_	ContainsVariation=No	_	_	_	_	_	_
610-7	BOR001	610	7	della	della	_	_	_	_	_	linguistic	_	ContainsVariation=No	_	_	_	_	_	_
610-8	BOR001	610	8	scuola	scuola	_	_	_	_	_	linguistic	_	ContainsVariation=No	_	_	_	_	_	_
610-9	BOR001	610	9	in	in	_	_	_	_	_	linguistic	_	ContainsVariation=No	_	_	_	_	_	_
610-10	BOR001	610	10	sé	sé	_	_	_	_	_	linguistic	_	ContainsVariation=No	_	_	_	_	_	_
610-11	BOR001	610	11	[infa]tti	infatti	_	_	_	_	_	linguistic	_	ContainsVariation=No	_	_	_	_	_	0-4(122)
610-12	BOR001	610	12	vedendo	vedendo	_	_	_	_	_	linguistic	_	ContainsVariation=No	_	_	_	_	_	_
610-13	BOR001	610	13	tutti	tutti	_	_	_	_	_	linguistic	_	ContainsVariation=No	_	_	_	_	_	_
610-14	BOR001	610	14	questi	questi	_	_	_	_	_	linguistic	_	ContainsVariation=No	_	_	_	_	_	_
610-15	BOR001	610	15	progetti	progetti	_	_	_	_	_	linguistic	_	ContainsVariation=No	_	_	_	_	_	_
610-16	BOR001	610	16	anche	anche	_	_	_	_	_	linguistic	_	ContainsVariation=No	_	_	_	_	_	_
610-17	BOR001	610	17	dicevo	dicevo	_	_	_	_	_	linguistic	_	ContainsVariation=No	PauseAfter=Yes	_	_	_	_	_
610-18	BOR001	610	18	(.)	(.)	_	_	_	_	_	shortpause	_	ContainsVariation=No	_	_	_	_	_	_
610-19	BOR001	610	19	[°si	si	_	_	_	_	_	linguistic	_	ContainsVariation=No	Volume=low	_	_	_	_	0-2(123)
610-20	BOR001	610	20	vede	vede	_	_	_	_	_	linguistic	_	ContainsVariation=No	Volume=low	_	_	_	_	0-4(123)
610-21	BOR001	610	21	che:°]	che	_	_	_	_	_	linguistic	_	ContainsVariation=No	Volume=low	End=2374.234	2x1	_	_	0-3(123)
611-0	BOI029	611	0	[no]	no	_	_	_	_	_	linguistic	_	ContainsVariation=No	_	Begin=2370.055|End=2370.367	_	_	_	0-2(122)
612-0	BOI029	612	0	[no]	no	_	_	_	_	_	linguistic	_	ContainsVariation=No	PauseAfter=Yes	Begin=2373.491	_	_	_	0-2(123)
612-1	BOI029	612	1	(.)	(.)	_	_	_	_	_	shortpause	_	ContainsVariation=No	_	_	_	_	_	_
612-2	BOI029	612	2	non	non	_	_	_	_	_	linguistic	_	ContainsVariation=No	_	_	_	_	_	_
612-3	BOI029	612	3	chiediamo	chiediamo	_	_	_	_	_	linguistic	_	ContainsVariation=No	_	_	_	_	_	_
612-4	BOI029	612	4	niente	niente	_	_	_	_	_	linguistic	_	ContainsVariation=No	_	_	_	_	_	_
612-5	BOI029	612	5	ai	ai	_	_	_	_	_	linguistic	_	ContainsVariation=No	_	_	_	_	_	_
612-6	BOI029	612	6	genitori	genitori	_	_	_	_	_	linguistic	_	ContainsVariation=No	_	_	_	_	_	_
612-7	BOI029	612	7	ecco	ecco	_	_	_	_	_	linguistic	_	ContainsVariation=No	_	_	_	_	_	_
612-8	BOI029	612	8	questo:	questo	_	_	_	_	_	linguistic	_	ContainsVariation=No	_	End=2376.73	5x1	_	_	_
613-0	BOR001	613	0	sì	sì	_	_	_	_	_	linguistic	_	ContainsVariation=No	_	Begin=2377.81|End=2378.02	_	_	_	_
614-0	BOI029	614	0	è	è	_	_	_	_	_	linguistic	_	ContainsVariation=No	_	Begin=2378.04	_	_	_	_
614-1	BOI029	614	1	già	già	_	_	_	_	_	linguistic	_	ContainsVariation=No	_	_	_	_	_	_
614-2	BOI029	614	2	importante	importante	_	_	_	_	_	linguistic	_	ContainsVariation=No	_	_	_	_	_	_
614-3	BOI029	614	3	insomma	insomma	_	_	_	_	_	linguistic	_	ContainsVariation=No	_	_	_	_	_	_
614-4	BOI029	614	4	ecco	ecco	_	_	_	_	_	linguistic	_	ContainsVariation=No	_	End=2380.08	_	_	_	_
615-0	BOR001	615	0	sì	sì	_	_	_	_	_	linguistic	_	ContainsVariation=No	_	Begin=2380.081	_	_	_	_
615-1	BOR001	615	1	sì	sì	_	_	_	_	_	linguistic	_	ContainsVariation=No	PauseAfter=Yes	_	_	_	_	_
615-2	BOR001	615	2	(.)	(.)	_	_	_	_	_	shortpause	_	ContainsVariation=No	_	_	_	_	_	_
615-3	BOR001	615	3	no	no	_	_	_	_	_	linguistic	_	ContainsVariation=No	_	_	_	_	_	_
615-4	BOR001	615	4	però	però	_	_	_	_	_	linguistic	_	ContainsVariation=No	_	_	_	_	_	_
615-5	BOR001	615	5	mi	mi	_	_	_	_	_	linguistic	_	ContainsVariation=No	_	_	_	_	_	_
615-6	BOR001	615	6	sembra:	sembra	_	_	_	_	_	linguistic	_	ContainsVariation=No	_	_	5x1	_	_	_
615-7	BOR001	615	7	una	una	_	_	_	_	_	linguistic	_	ContainsVariation=No	_	_	_	_	_	_
615-8	BOR001	615	8	scuola	scuola	_	_	_	_	_	linguistic	_	ContainsVariation=No	_	_	_	_	_	_
615-9	BOR001	615	9	molto	molto	_	_	_	_	_	linguistic	_	ContainsVariation=No	_	_	_	_	_	_
615-10	BOR001	615	10	attiva	attiva	_	_	_	_	_	linguistic	_	ContainsVariation=No	_	End=2383.58	_	_	_	_
616-0	BOI029	616	0	°sì	sì	_	_	_	_	_	linguistic	_	ContainsVariation=No	Volume=low	Begin=2383.88	_	_	_	_
616-1	BOI029	616	1	no	no	_	_	_	_	_	linguistic	_	ContainsVariation=No	Volume=low	_	_	_	_	_
616-2	BOI029	616	2	facciamo	facciamo	_	_	_	_	_	linguistic	_	ContainsVariation=No	Volume=low	_	_	_	_	_
616-3	BOI029	616	3	un	un	_	_	_	_	_	linguistic	_	ContainsVariation=No	Volume=low	_	_	_	_	_
616-4	BOI029	616	4	sa[cco	sacco	_	_	_	_	_	linguistic	_	ContainsVariation=No	Volume=low	_	_	_	_	_
616-5	BOI029	616	5	di	di	_	_	_	_	_	linguistic	_	ContainsVariation=No	Volume=low	_	_	_	_	_
616-6	BOI029	616	6	roba°]]	roba	_	_	_	_	_	linguistic	_	ContainsVariation=No	Volume=low	End=2385.358	_	_	_	_
617-0	BOR001	617	0	[no	no	_	_	_	_	_	linguistic	_	ContainsVariation=No	_	Begin=2384.68	_	_	_	0-2(124)
617-1	BOR001	617	1	anche	anche	_	_	_	_	_	linguistic	_	ContainsVariation=No	_	_	_	_	_	0-5(124)
617-2	BOR001	617	2	vede]ndo	vedendo	_	_	_	_	_	linguistic	_	ContainsVariation=No	_	_	_	_	_	0-4(124)
617-3	BOR001	617	3	solo	solo	_	_	_	_	_	linguistic	_	ContainsVariation=No	PauseAfter=Yes	_	_	_	_	_
617-4	BOR001	617	4	(.)	(.)	_	_	_	_	_	shortpause	_	ContainsVariation=No	_	_	_	_	_	_
617-5	BOR001	617	5	le	le	_	_	_	_	_	linguistic	_	ContainsVariation=No	_	_	_	_	_	_
617-6	BOR001	617	6	[pareti	pareti	_	_	_	_	_	linguistic	_	ContainsVariation=No	_	_	_	_	_	0-6(125)
617-7	BOR001	617	7	(passano)	passano	_	_	_	_	_	linguistic	_	ContainsVariation=No	_	_	_	_	0-7(0)	0-7(125)
617-8	BOR001	617	8	xx]	xx	_	_	_	_	_	unknown	_	ContainsVariation=No	Syllables=2	End=2387.89	_	_	_	0-2(125)
618-0	BOI029	618	0	[°certo	certo	_	_	_	_	_	linguistic	_	ContainsVariation=No	Volume=low	Begin=2386.74	_	_	_	0-5(125)
618-1	BOI029	618	1	è	è	_	_	_	_	_	linguistic	_	ContainsVariation=No	Volume=low	_	_	_	_	0-1(125)
618-2	BOI029	618	2	vero°	vero	_	_	_	_	_	linguistic	_	ContainsVariation=No	Volume=low	_	_	_	_	0-4(125)
618-3	BOI029	618	3	an]che	anche	_	_	_	_	_	linguistic	_	ContainsVariation=No	_	_	_	_	_	0-2(125)
618-4	BOI029	618	4	perché	perché	_	_	_	_	_	linguistic	_	ContainsVariation=No	_	_	_	_	_	_
618-5	BOI029	618	5	anche	anche	_	_	_	_	_	linguistic	_	ContainsVariation=No	_	_	_	_	_	_
618-6	BOI029	618	6	il	il	_	_	_	_	_	linguistic	_	ContainsVariation=No	_	_	_	_	_	_
618-7	BOI029	618	7	teatro	teatro	_	_	_	_	_	linguistic	_	ContainsVariation=No	_	_	_	_	_	_
618-8	BOI029	618	8	per	per	_	_	_	_	_	linguistic	_	ContainsVariation=No	_	_	_	_	_	_
618-9	BOI029	618	9	esempio	esempio	_	_	_	_	_	linguistic	_	ContainsVariation=No	_	_	_	_	_	_
618-10	BOI029	618	10	lo	lo	_	_	_	_	_	linguistic	_	ContainsVariation=No	_	_	_	_	_	_
618-11	BOI029	618	11	fanno	fanno	_	_	_	_	_	linguistic	_	ContainsVariation=No	_	_	_	_	_	_
618-12	BOI029	618	12	tutte	tutte	_	_	_	_	_	linguistic	_	ContainsVariation=No	_	_	_	_	_	_
618-13	BOI029	618	13	quasi	quasi	_	_	_	_	_	linguistic	_	ContainsVariation=No	_	_	_	_	_	_
618-14	BOI029	618	14	tutte	tutte	_	_	_	_	_	linguistic	_	ContainsVariation=No	_	_	_	_	_	_
618-15	BOI029	618	15	le	le	_	_	_	_	_	linguistic	_	ContainsVariation=No	_	_	_	_	_	_
618-16	BOI029	618	16	classi	classi	_	_	_	_	_	linguistic	_	ContainsVariation=No	_	End=2391.579	_	_	_	_
619-0	BOI029	619	0	mh	mh	_	_	_	_	_	linguistic	_	ContainsVariation=No	_	Begin=2392.086	_	_	_	_
619-1	BOI029	619	1	un	un	_	_	_	_	_	linguistic	_	ContainsVariation=No	_	_	_	_	_	_
619-2	BOI029	619	2	laboratorio	laboratorio	_	_	_	_	_	linguistic	_	ContainsVariation=No	_	_	_	_	_	_
619-3	BOI029	619	3	teatrale	teatrale	_	_	_	_	_	linguistic	_	ContainsVariation=No	_	_	_	_	_	_
619-4	BOI029	619	4	di	di	_	_	_	_	_	linguistic	_	ContainsVariation=No	_	_	_	_	_	_
619-5	BOI029	619	5	venti	venti	_	_	_	_	_	linguistic	_	ContainsVariation=No	_	_	_	_	_	_
619-6	BOI029	619	6	ore	ore	_	_	_	_	_	linguistic	_	ContainsVariation=No	_	_	_	_	_	_
619-7	BOI029	619	7	all'	all'	_	_	_	_	_	linguistic	_	ContainsVariation=No	SpaceAfter=No	_	_	_	_	_
619-8	BOI029	619	8	anno	anno	_	_	_	_	_	linguistic	_	ContainsVariation=No	_	_	_	_	_	_
619-9	BOI029	619	9	non	non	_	_	_	_	_	linguistic	_	ContainsVariation=No	_	_	_	_	_	_
619-10	BOI029	619	10	è	è	_	_	_	_	_	linguistic	_	ContainsVariation=No	_	_	_	_	_	_
619-11	BOI029	619	11	poca	poca	_	_	_	_	_	linguistic	_	ContainsVariation=No	_	_	_	_	_	_
619-12	BOI029	619	12	cosa	cosa	_	_	_	_	_	linguistic	_	ContainsVariation=No	_	End=2395.44	_	_	_	_
620-0	BOR001	620	0	mh	mh	_	_	_	_	_	linguistic	_	ContainsVariation=No	_	Begin=2395.69|End=2395.897	_	_	_	_
621-0	BOI029	621	0	poi	poi	_	_	_	_	_	linguistic	_	ContainsVariation=No	_	Begin=2396.947	_	_	_	_
621-1	BOI029	621	1	non	non	_	_	_	_	_	linguistic	_	ContainsVariation=No	_	_	_	_	_	_
621-2	BOI029	621	2	so	so	_	_	_	_	_	linguistic	_	ContainsVariation=No	_	_	_	_	_	_
621-3	BOI029	621	3	mh	mh	_	_	_	_	_	linguistic	_	ContainsVariation=No	_	_	_	_	_	_
621-4	BOI029	621	4	eh	eh	_	_	_	_	_	linguistic	_	ContainsVariation=No	_	_	_	_	_	_
621-5	BOI029	621	5	facciamo	facciamo	_	_	_	_	_	linguistic	_	ContainsVariation=No	_	_	_	_	_	_
621-6	BOI029	621	6	attività	attività	_	_	_	_	_	linguistic	_	ContainsVariation=No	_	_	_	_	_	_
621-7	BOI029	621	7	con	con	_	_	_	_	_	linguistic	_	ContainsVariation=No	_	_	_	_	_	_
621-8	BOI029	621	8	un	un	_	_	_	_	_	linguistic	_	ContainsVariation=No	_	_	_	_	_	_
621-9	BOI029	621	9	letto~	letto~	_	_	_	_	_	linguistic	_	ContainsVariation=No	Interrupted=Yes	_	_	_	_	_
621-10	BOI029	621	10	>cioè	cioè	_	_	_	_	_	linguistic	_	ContainsVariation=No	_	_	_	Fast=0-4(0)	_	_
621-11	BOI029	621	11	non<	non	_	_	_	_	_	linguistic	_	ContainsVariation=No	_	_	_	Fast=0-3(0)	_	_
621-12	BOI029	621	12	è	è	_	_	_	_	_	linguistic	_	ContainsVariation=No	_	_	_	_	_	_
621-13	BOI029	621	13	sbagliato	sbagliato	_	_	_	_	_	linguistic	_	ContainsVariation=No	_	_	_	_	_	_
621-14	BOI029	621	14	un	un	_	_	_	_	_	linguistic	_	ContainsVariation=No	_	_	_	_	_	_
621-15	BOI029	621	15	lettore	lettore	_	_	_	_	_	linguistic	_	ContainsVariation=No	_	End=2404.1	_	_	_	_
622-0	BOI029	622	0	è:	è	_	_	_	_	_	linguistic	_	ContainsVariation=No	_	Begin=2404.425	0x1	_	_	_
622-1	BOI029	622	1	<un	un	_	_	_	_	_	linguistic	_	ContainsVariation=No	_	_	_	Slow=0-2(0)	_	_
622-2	BOI029	622	2	attore>	attore	_	_	_	_	_	linguistic	_	ContainsVariation=No	_	_	_	Slow=0-6(0)	_	_
622-3	BOI029	622	3	che	che	_	_	_	_	_	linguistic	_	ContainsVariation=No	_	_	_	_	_	_
622-4	BOI029	622	4	interpreta	interpreta	_	_	_	_	_	linguistic	_	ContainsVariation=No	_	_	_	_	_	_
622-5	BOI029	622	5	dei	dei	_	_	_	_	_	linguistic	_	ContainsVariation=No	_	_	_	_	_	_
622-6	BOI029	622	6	libri	libri	_	_	_	_	_	linguistic	_	ContainsVariation=No	_	_	_	_	_	_
622-7	BOI029	622	7	eh	eh	_	_	_	_	_	linguistic	_	ContainsVariation=No	_	_	_	_	_	_
622-8	BOI029	622	8	nel	nel	_	_	_	_	_	linguistic	_	ContainsVariation=No	_	_	_	_	_	_
622-9	BOI029	622	9	senso	senso	_	_	_	_	_	linguistic	_	ContainsVariation=No	_	_	_	_	_	_
622-10	BOI029	622	10	che	che	_	_	_	_	_	linguistic	_	ContainsVariation=No	_	_	_	_	_	_
622-11	BOI029	622	11	praticamente	praticamente	_	_	_	_	_	linguistic	_	ContainsVariation=No	_	_	_	_	_	_
622-12	BOI029	622	12	lui	lui	_	_	_	_	_	linguistic	_	ContainsVariation=No	_	_	_	_	_	_
622-13	BOI029	622	13	in	in	_	_	_	_	_	linguistic	_	ContainsVariation=No	_	_	_	_	_	_
622-14	BOI029	622	14	un'	un'	_	_	_	_	_	linguistic	_	ContainsVariation=No	SpaceAfter=No	_	_	_	_	_
622-15	BOI029	622	15	ora	ora	_	_	_	_	_	linguistic	_	ContainsVariation=No	_	_	_	_	_	_
622-16	BOI029	622	16	un'	un'	_	_	_	_	_	linguistic	_	ContainsVariation=No	SpaceAfter=No	_	_	_	_	_
622-17	BOI029	622	17	ora	ora	_	_	_	_	_	linguistic	_	ContainsVariation=No	_	_	_	_	_	_
622-18	BOI029	622	18	e	e	_	_	_	_	_	linguistic	_	ContainsVariation=No	_	_	_	_	_	_
622-19	BOI029	622	19	mezzo	mezzo	_	_	_	_	_	linguistic	_	ContainsVariation=No	_	_	_	_	_	_
622-20	BOI029	622	20	ti	ti	_	_	_	_	_	linguistic	_	ContainsVariation=No	_	_	_	_	_	_
622-21	BOI029	622	21	presenta	presenta	_	_	_	_	_	linguistic	_	ContainsVariation=No	_	_	_	_	_	_
622-22	BOI029	622	22	un	un	_	_	_	_	_	linguistic	_	ContainsVariation=No	_	_	_	_	_	_
622-23	BOI029	622	23	libro	libro	_	_	_	_	_	linguistic	_	ContainsVariation=No	_	End=2412.261	_	_	_	_
623-0	BOR001	623	0	sì	sì	_	_	_	_	_	linguistic	_	ContainsVariation=No	_	Begin=2412.462|End=2412.625	_	_	_	_
624-0	BOI029	624	0	m:h	mh	_	_	_	_	_	linguistic	_	ContainsVariation=No	_	Begin=2413.62	0x1	_	_	_
624-1	BOI029	624	1	e	e	_	_	_	_	_	linguistic	_	ContainsVariation=No	_	_	_	_	_	_
624-2	BOI029	624	2	lo	lo	_	_	_	_	_	linguistic	_	ContainsVariation=No	_	_	_	_	_	_
624-3	BOI029	624	3	facciamo	facciamo	_	_	_	_	_	linguistic	_	ContainsVariation=No	_	_	_	_	_	_
624-4	BOI029	624	4	praticamente	praticamente	_	_	_	_	_	linguistic	_	ContainsVariation=No	_	_	_	_	_	_
624-5	BOI029	624	5	tutti	tutti	_	_	_	_	_	linguistic	_	ContainsVariation=No	_	_	_	_	_	_
624-6	BOI029	624	6	insomma	insomma	_	_	_	_	_	linguistic	_	ContainsVariation=No	_	_	_	_	_	_
624-7	BOI029	624	7	quindi	quindi	_	_	_	_	_	linguistic	_	ContainsVariation=No	_	_	_	_	_	_
624-8	BOI029	624	8	in	in	_	_	_	_	_	linguistic	_	ContainsVariation=No	_	_	_	_	_	_
624-9	BOI029	624	9	realtà	realtà	_	_	_	_	_	linguistic	_	ContainsVariation=No	_	_	_	_	_	_
624-10	BOI029	624	10	son	son	_	_	_	_	_	linguistic	_	ContainsVariation=No	_	_	_	_	_	_
624-11	BOI029	624	11	tante	tante	_	_	_	_	_	linguistic	_	ContainsVariation=No	_	_	_	_	_	_
624-12	BOI029	624	12	le	le	_	_	_	_	_	linguistic	_	ContainsVariation=No	_	_	_	_	_	_
624-13	BOI029	624	13	attività	attività	_	_	_	_	_	linguistic	_	ContainsVariation=No	_	_	_	_	_	_
624-14	BOI029	624	14	poi	poi	_	_	_	_	_	linguistic	_	ContainsVariation=No	_	_	_	_	_	_
624-15	BOI029	624	15	quest'	quest'	_	_	_	_	_	linguistic	_	ContainsVariation=No	SpaceAfter=No	_	_	_	_	_
624-16	BOI029	624	16	anno	anno	_	_	_	_	_	linguistic	_	ContainsVariation=No	_	_	_	_	_	_
624-17	BOI029	624	17	abbiamo	abbiamo	_	_	_	_	_	linguistic	_	ContainsVariation=No	_	_	_	_	_	_
624-18	BOI029	624	18	iniziato	iniziato	_	_	_	_	_	linguistic	_	ContainsVariation=No	_	_	_	_	_	_
624-19	BOI029	624	19	un	un	_	_	_	_	_	linguistic	_	ContainsVariation=No	_	_	_	_	_	_
624-20	BOI029	624	20	nuovo	nuovo	_	_	_	_	_	linguistic	_	ContainsVariation=No	_	_	_	_	_	_
624-21	BOI029	624	21	progetto	progetto	_	_	_	_	_	linguistic	_	ContainsVariation=No	_	_	_	_	_	_
624-22	BOI029	624	22	di	di	_	_	_	_	_	linguistic	_	ContainsVariation=No	_	_	_	_	_	_
624-23	BOI029	624	23	orientamento	orientamento	_	_	_	_	_	linguistic	_	ContainsVariation=No	_	End=2422.21	_	_	_	_
625-0	BOI029	625	0	e:h	eh	_	_	_	_	_	linguistic	_	ContainsVariation=No	_	Begin=2423.169	0x1	_	_	_
625-1	BOI029	625	1	con	con	_	_	_	_	_	linguistic	_	ContainsVariation=No	_	_	_	_	_	_
625-2	BOI029	625	2	la	la	_	_	_	_	_	linguistic	_	ContainsVariation=No	_	_	_	_	_	_
625-3	BOI029	625	3	cna	cna	_	_	_	_	_	linguistic	_	ContainsVariation=No	_	_	_	_	_	_
625-4	BOI029	625	4	di	di	_	_	_	_	_	linguistic	_	ContainsVariation=No	_	_	_	_	_	_
625-5	BOI029	625	5	bologna	bologna	_	_	_	_	_	linguistic	_	ContainsVariation=No	_	End=2424.98	_	_	_	_
626-0	BOR001	626	0	mhmh	mhmh	_	_	_	_	_	linguistic	_	ContainsVariation=No	_	Begin=2425.24|End=2425.55	_	_	_	_
627-0	BOI029	627	0	e:h	eh	_	_	_	_	_	linguistic	_	ContainsVariation=No	_	Begin=2425.95	0x1	_	_	_
627-1	BOI029	627	1	sull'	sull'	_	_	_	_	_	linguistic	_	ContainsVariation=No	SpaceAfter=No	_	_	_	_	_
627-2	BOI029	627	2	artigianato	artigianato	_	_	_	_	_	linguistic	_	ContainsVariation=No	_	End=2427.56	_	_	_	_
628-0	BOI029	628	0	e	e	_	_	_	_	_	linguistic	_	ContainsVariation=No	_	Begin=2428.027	_	_	_	_
628-1	BOI029	628	1	spesso	spesso	_	_	_	_	_	linguistic	_	ContainsVariation=No	_	_	_	_	_	_
628-2	BOI029	628	2	trovia~	trovia~	_	_	_	_	_	linguistic	_	ContainsVariation=No	Interrupted=Yes	_	_	_	_	_
628-3	BOI029	628	3	arriviamo	arriviamo	_	_	_	_	_	linguistic	_	ContainsVariation=No	_	_	_	_	_	_
628-4	BOI029	628	4	in	in	_	_	_	_	_	linguistic	_	ContainsVariation=No	_	_	_	_	_	_
628-5	BOI029	628	5	terza	terza	_	_	_	_	_	linguistic	_	ContainsVariation=No	_	_	_	_	_	_
628-6	BOI029	628	6	media	media	_	_	_	_	_	linguistic	_	ContainsVariation=No	_	End=2430.24	_	_	_	_
629-0	BOI029	629	0	che	che	_	_	_	_	_	linguistic	_	ContainsVariation=No	_	Begin=2431.32	_	_	_	_
629-1	BOI029	629	1	i	i	_	_	_	_	_	linguistic	_	ContainsVariation=No	_	_	_	_	_	_
629-2	BOI029	629	2	ragazzi	ragazzi	_	_	_	_	_	linguistic	_	ContainsVariation=No	_	_	_	_	_	_
629-3	BOI029	629	3	vedono	vedono	_	_	_	_	_	linguistic	_	ContainsVariation=No	_	_	_	_	_	_
629-4	BOI029	629	4	LICEO	liceo	_	_	_	_	_	linguistic	_	ContainsVariation=No	Volume=high	_	_	_	_	_
629-5	BOI029	629	5	xx	xx	_	_	_	_	_	unknown	_	ContainsVariation=No	Syllables=2	_	_	_	_	_
629-6	BOI029	629	6	più	più	_	_	_	_	_	linguistic	_	ContainsVariation=No	_	_	_	_	_	_
629-7	BOI029	629	7	qualche	qualche	_	_	_	_	_	linguistic	_	ContainsVariation=No	_	_	_	_	_	_
629-8	BOI029	629	8	professionale	professionale	_	_	_	_	_	linguistic	_	ContainsVariation=No	_	_	_	_	_	_
629-9	BOI029	629	9	eccetera	eccetera	_	_	_	_	_	linguistic	_	ContainsVariation=No	_	End=2435.79	_	_	_	_
630-0	BOI029	630	0	di	di	_	_	_	_	_	linguistic	_	ContainsVariation=No	_	Begin=2436.23	_	_	_	_
630-1	BOI029	630	1	lavori	lavori	_	_	_	_	_	linguistic	_	ContainsVariation=No	_	_	_	_	_	_
630-2	BOI029	630	2	artigianali	artigianali	_	_	_	_	_	linguistic	_	ContainsVariation=No	PauseAfter=Yes	_	_	_	_	_
630-3	BOI029	630	3	(.)	(.)	_	_	_	_	_	shortpause	_	ContainsVariation=No	_	_	_	_	_	_
630-4	BOI029	630	4	[se	se	_	_	_	_	_	linguistic	_	ContainsVariation=No	_	_	_	_	_	0-2(126)
630-5	BOI029	630	5	n'	n'	_	_	_	_	_	linguistic	_	ContainsVariation=No	SpaceAfter=No	_	_	_	_	0-2(126)
630-6	BOI029	630	6	è]	è	_	_	_	_	_	linguistic	_	ContainsVariation=No	_	_	_	_	_	0-1(126)
630-7	BOI029	630	7	persa	persa	_	_	_	_	_	linguistic	_	ContainsVariation=No	_	_	_	_	_	_
630-8	BOI029	630	8	memoria	memoria	_	_	_	_	_	linguistic	_	ContainsVariation=No	_	_	_	_	_	_
630-9	BOI029	630	9	invece	invece	_	_	_	_	_	linguistic	_	ContainsVariation=No	_	_	_	_	_	_
630-10	BOI029	630	10	in	in	_	_	_	_	_	linguistic	_	ContainsVariation=No	_	_	_	_	_	_
630-11	BOI029	630	11	italia	italia	_	_	_	_	_	linguistic	_	ContainsVariation=No	_	_	_	_	_	_
630-12	BOI029	630	12	diciamo	diciamo	_	_	_	_	_	linguistic	_	ContainsVariation=No	_	_	_	_	_	_
630-13	BOI029	630	13	che	che	_	_	_	_	_	linguistic	_	ContainsVariation=No	_	_	_	_	_	_
630-14	BOI029	630	14	il	il	_	_	_	_	_	linguistic	_	ContainsVariation=No	_	_	_	_	_	_
630-15	BOI029	630	15	lavoro	lavoro	_	_	_	_	_	linguistic	_	ContainsVariation=No	_	_	_	_	_	_
630-16	BOI029	630	16	artigianale	artigianale	_	_	_	_	_	linguistic	_	ContainsVariation=No	_	End=2442.41	_	_	_	_
631-0	BOR001	631	0	[mh]	mh	_	_	_	_	_	linguistic	_	ContainsVariation=No	_	Begin=2438.17|End=2438.47	_	_	_	0-2(126)
632-0	BOI029	632	0	eh	eh	_	_	_	_	_	linguistic	_	ContainsVariation=No	_	Begin=2443.03	_	_	_	_
632-1	BOI029	632	1	dalla	dalla	_	_	_	_	_	linguistic	_	ContainsVariation=No	_	_	_	_	_	_
632-2	BOI029	632	2	moda,	moda	_	_	_	_	_	linguistic	_	ContainsVariation=No	Intonation=WeaklyRising	_	_	_	_	_
632-3	BOI029	632	3	a:l	al	_	_	_	_	_	linguistic	_	ContainsVariation=No	_	_	0x1	_	_	_
632-4	BOI029	632	4	vetro,	vetro	_	_	_	_	_	linguistic	_	ContainsVariation=No	Intonation=WeaklyRising	_	_	_	_	_
632-5	BOI029	632	5	alle	alle	_	_	_	_	_	linguistic	_	ContainsVariation=No	_	_	_	_	_	_
632-6	BOI029	632	6	ceramiche	ceramiche	_	_	_	_	_	linguistic	_	ContainsVariation=No	_	_	_	_	_	_
632-7	BOI029	632	7	((ride))	((ride))	_	_	_	_	_	nonverbalbehavior	_	ContainsVariation=No	_	_	_	_	_	_
632-8	BOI029	632	8	ha	ha	_	_	_	_	_	linguistic	_	ContainsVariation=No	_	_	_	_	_	_
632-9	BOI029	632	9	ancora	ancora	_	_	_	_	_	linguistic	_	ContainsVariation=No	_	_	_	_	_	_
632-10	BOI029	632	10	dei	dei	_	_	_	_	_	linguistic	_	ContainsVariation=No	_	_	_	_	_	_
632-11	BOI029	632	11	grossi	grossi	_	_	_	_	_	linguistic	_	ContainsVariation=No	_	_	_	_	_	_
632-12	BOI029	632	12	ruoli	ruoli	_	_	_	_	_	linguistic	_	ContainsVariation=No	_	End=2448.83	_	_	_	_
633-0	BOI029	633	0	e:	e	_	_	_	_	_	linguistic	_	ContainsVariation=No	_	Begin=2449.49	0x1	_	_	_
633-1	BOI029	633	1	e	e	_	_	_	_	_	linguistic	_	ContainsVariation=No	_	_	_	_	_	_
633-2	BOI029	633	2	quest'	quest'	_	_	_	_	_	linguistic	_	ContainsVariation=No	SpaceAfter=No	_	_	_	_	_
633-3	BOI029	633	3	anno	anno	_	_	_	_	_	linguistic	_	ContainsVariation=No	_	_	_	_	_	_
633-4	BOI029	633	4	abbiamo	abbiamo	_	_	_	_	_	linguistic	_	ContainsVariation=No	_	_	_	_	_	_
633-5	BOI029	633	5	inziato	inziato	_	_	_	_	_	linguistic	_	ContainsVariation=No	_	_	_	_	_	_
633-6	BOI029	633	6	questo	questo	_	_	_	_	_	linguistic	_	ContainsVariation=No	_	_	_	_	_	_
633-7	BOI029	633	7	progetto	progetto	_	_	_	_	_	linguistic	_	ContainsVariation=No	_	_	_	_	_	_
633-8	BOI029	633	8	con	con	_	_	_	_	_	linguistic	_	ContainsVariation=No	_	_	_	_	_	_
633-9	BOI029	633	9	la	la	_	_	_	_	_	linguistic	_	ContainsVariation=No	_	_	_	_	_	_
633-10	BOI029	633	10	cna	cna	_	_	_	_	_	linguistic	_	ContainsVariation=No	_	_	_	_	_	_
633-11	BOI029	633	11	per	per	_	_	_	_	_	linguistic	_	ContainsVariation=No	_	_	_	_	_	_
633-12	BOI029	633	12	cui	cui	_	_	_	_	_	linguistic	_	ContainsVariation=No	_	_	_	_	_	_
633-13	BOI029	633	13	tutte	tutte	_	_	_	_	_	linguistic	_	ContainsVariation=No	_	_	_	_	_	_
633-14	BOI029	633	14	le	le	_	_	_	_	_	linguistic	_	ContainsVariation=No	_	_	_	_	_	_
633-15	BOI029	633	15	prime	prime	_	_	_	_	_	linguistic	_	ContainsVariation=No	_	_	_	_	_	_
633-16	BOI029	633	16	abbiamo	abbiamo	_	_	_	_	_	linguistic	_	ContainsVariation=No	_	_	_	_	_	_
633-17	BOI029	633	17	fatto	fatto	_	_	_	_	_	linguistic	_	ContainsVariation=No	_	End=2455.48	_	_	_	_
634-0	BOI029	634	0	quattro	quattro	_	_	_	_	_	linguistic	_	ContainsVariation=No	_	Begin=2455.8	_	_	_	_
634-1	BOI029	634	1	attività	attività	_	_	_	_	_	linguistic	_	ContainsVariation=No	_	_	_	_	_	_
634-2	BOI029	634	2	con	con	_	_	_	_	_	linguistic	_	ContainsVariation=No	_	_	_	_	_	_
634-3	BOI029	634	3	artigiani	artigiani	_	_	_	_	_	linguistic	_	ContainsVariation=No	_	_	_	_	_	_
634-4	BOI029	634	4	cioè	cioè	_	_	_	_	_	linguistic	_	ContainsVariation=No	_	_	_	_	_	_
634-5	BOI029	634	5	nel	nel	_	_	_	_	_	linguistic	_	ContainsVariation=No	_	_	_	_	_	_
634-6	BOI029	634	6	senso	senso	_	_	_	_	_	linguistic	_	ContainsVariation=No	_	_	_	_	_	_
634-7	BOI029	634	7	che	che	_	_	_	_	_	linguistic	_	ContainsVariation=No	_	_	_	_	_	_
634-8	BOI029	634	8	ceramista,	ceramista	_	_	_	_	_	linguistic	_	ContainsVariation=No	Intonation=WeaklyRising	_	_	_	_	_
634-9	BOI029	634	9	sarta,	sarta	_	_	_	_	_	linguistic	_	ContainsVariation=No	Intonation=WeaklyRising	End=2460.407	_	_	_	_
635-0	BOI029	635	0	liuteria	liuteria	_	_	_	_	_	linguistic	_	ContainsVariation=No	_	Begin=2461.04	_	_	_	_
635-1	BOI029	635	1	e	e	_	_	_	_	_	linguistic	_	ContainsVariation=No	_	_	_	_	_	_
635-2	BOI029	635	2	meta~	meta~	_	_	_	_	_	linguistic	_	ContainsVariation=No	Interrupted=Yes	_	_	_	_	_
635-3	BOI029	635	3	lavorazione	lavorazione	_	_	_	_	_	linguistic	_	ContainsVariation=No	_	_	_	_	_	_
635-4	BOI029	635	4	metalli	metalli	_	_	_	_	_	linguistic	_	ContainsVariation=No	_	_	_	_	_	_
635-5	BOI029	635	5	sono	sono	_	_	_	_	_	linguistic	_	ContainsVariation=No	_	_	_	_	_	_
635-6	BOI029	635	6	andati	andati	_	_	_	_	_	linguistic	_	ContainsVariation=No	_	_	_	_	_	_
635-7	BOI029	635	7	in	in	_	_	_	_	_	linguistic	_	ContainsVariation=No	_	_	_	_	_	_
635-8	BOI029	635	8	classe	classe	_	_	_	_	_	linguistic	_	ContainsVariation=No	_	_	_	_	_	_
635-9	BOI029	635	9	e	e	_	_	_	_	_	linguistic	_	ContainsVariation=No	_	_	_	_	_	_
635-10	BOI029	635	10	hanno	hanno	_	_	_	_	_	linguistic	_	ContainsVariation=No	_	_	_	_	_	_
635-11	BOI029	635	11	spiegato	spiegato	_	_	_	_	_	linguistic	_	ContainsVariation=No	PauseAfter=Yes	_	_	_	_	_
635-12	BOI029	635	12	(.)	(.)	_	_	_	_	_	shortpause	_	ContainsVariation=No	_	_	_	_	_	_
635-13	BOI029	635	13	co~	co~	_	_	_	_	_	linguistic	_	ContainsVariation=No	Interrupted=Yes	_	_	_	_	_
635-14	BOI029	635	14	in	in	_	_	_	_	_	linguistic	_	ContainsVariation=No	_	_	_	_	_	_
635-15	BOI029	635	15	che	che	_	_	_	_	_	linguistic	_	ContainsVariation=No	_	_	_	_	_	_
635-16	BOI029	635	16	cosa	cosa	_	_	_	_	_	linguistic	_	ContainsVariation=No	_	_	_	_	_	_
635-17	BOI029	635	17	consiste	consiste	_	_	_	_	_	linguistic	_	ContainsVariation=No	_	_	_	_	_	_
635-18	BOI029	635	18	[il	il	_	_	_	_	_	linguistic	_	ContainsVariation=No	_	_	_	_	_	0-2(127)
635-19	BOI029	635	19	loro	loro	_	_	_	_	_	linguistic	_	ContainsVariation=No	_	_	_	_	_	0-4(127)
635-20	BOI029	635	20	lavo]ro	lavoro	_	_	_	_	_	linguistic	_	ContainsVariation=No	_	End=2467.7	_	_	_	0-4(127)
636-0	BOR001	636	0	[mhmh]	mhmh	_	_	_	_	_	linguistic	_	ContainsVariation=No	_	Begin=2466.96|End=2467.34	_	_	_	0-4(127)
637-0	BOI029	637	0	e	e	_	_	_	_	_	linguistic	_	ContainsVariation=No	_	Begin=2468.44	_	_	_	_
637-1	BOI029	637	1	adesso	adesso	_	_	_	_	_	linguistic	_	ContainsVariation=No	_	_	_	_	_	_
637-2	BOI029	637	2	a	a	_	_	_	_	_	linguistic	_	ContainsVariation=No	_	_	_	_	_	_
637-3	BOI029	637	3	partire	partire	_	_	_	_	_	linguistic	_	ContainsVariation=No	_	_	_	_	_	_
637-4	BOI029	637	4	da	da	_	_	_	_	_	linguistic	_	ContainsVariation=No	_	_	_	_	_	_
637-5	BOI029	637	5	marzo	marzo	_	_	_	_	_	linguistic	_	ContainsVariation=No	_	_	_	_	_	_
637-6	BOI029	637	6	inizieremo	inizieremo	_	_	_	_	_	linguistic	_	ContainsVariation=No	_	_	_	_	_	_
637-7	BOI029	637	7	coi	coi	_	_	_	_	_	linguistic	_	ContainsVariation=No	_	_	_	_	_	_
637-8	BOI029	637	8	laboratori	laboratori	_	_	_	_	_	linguistic	_	ContainsVariation=No	PauseAfter=Yes	_	_	_	_	_
637-9	BOI029	637	9	(.)	(.)	_	_	_	_	_	shortpause	_	ContainsVariation=No	_	_	_	_	_	_
637-10	BOI029	637	10	pomeridiani	pomeridiani	_	_	_	_	_	linguistic	_	ContainsVariation=No	_	End=2472.59	_	_	_	_
638-0	BOR001	638	0	bellissimo	bellissimo	_	_	_	_	_	linguistic	_	ContainsVariation=No	_	Begin=2473.372	_	_	_	_
638-1	BOR001	638	1	anche	anche	_	_	_	_	_	linguistic	_	ContainsVariation=No	_	_	_	_	_	_
638-2	BOR001	638	2	questo	questo	_	_	_	_	_	linguistic	_	ContainsVariation=No	_	End=2474.46	_	_	_	_
639-0	BOI029	639	0	quindi:	quindi	_	_	_	_	_	linguistic	_	ContainsVariation=No	_	Begin=2474.5	5x1	_	_	_
639-1	BOI029	639	1	>insomma<	insomma	_	_	_	_	_	linguistic	_	ContainsVariation=No	_	_	_	Fast=0-7(0)	_	_
639-2	BOI029	639	2	è	è	_	_	_	_	_	linguistic	_	ContainsVariation=No	_	_	_	_	_	_
639-3	BOI029	639	3	un	un	_	_	_	_	_	linguistic	_	ContainsVariation=No	_	_	_	_	_	_
639-4	BOI029	639	4	altro	altro	_	_	_	_	_	linguistic	_	ContainsVariation=No	_	_	_	_	_	_
639-5	BOI029	639	5	tipo	tipo	_	_	_	_	_	linguistic	_	ContainsVariation=No	_	_	_	_	_	_
639-6	BOI029	639	6	di	di	_	_	_	_	_	linguistic	_	ContainsVariation=No	_	_	_	_	_	_
639-7	BOI029	639	7	attività	attività	_	_	_	_	_	linguistic	_	ContainsVariation=No	_	_	_	_	_	_
639-8	BOI029	639	8	di	di	_	_	_	_	_	linguistic	_	ContainsVariation=No	_	_	_	_	_	_
639-9	BOI029	639	9	orientamento	orientamento	_	_	_	_	_	linguistic	_	ContainsVariation=No	_	_	_	_	_	_
639-10	BOI029	639	10	che	che	_	_	_	_	_	linguistic	_	ContainsVariation=No	_	_	_	_	_	_
639-11	BOI029	639	11	vogliamo	vogliamo	_	_	_	_	_	linguistic	_	ContainsVariation=No	_	_	_	_	_	_
639-12	BOI029	639	12	iniziare	iniziare	_	_	_	_	_	linguistic	_	ContainsVariation=No	_	_	_	_	_	_
639-13	BOI029	639	13	dalle	dalle	_	_	_	_	_	linguistic	_	ContainsVariation=No	_	_	_	_	_	_
639-14	BOI029	639	14	prime	prime	_	_	_	_	_	linguistic	_	ContainsVariation=No	_	_	_	_	_	_
639-15	BOI029	639	15	in	in	_	_	_	_	_	linguistic	_	ContainsVariation=No	_	_	_	_	_	_
639-16	BOI029	639	16	modo	modo	_	_	_	_	_	linguistic	_	ContainsVariation=No	_	_	_	_	_	_
639-17	BOI029	639	17	tale	tale	_	_	_	_	_	linguistic	_	ContainsVariation=No	_	_	_	_	_	_
639-18	BOI029	639	18	che	che	_	_	_	_	_	linguistic	_	ContainsVariation=No	_	_	_	_	_	_
639-19	BOI029	639	19	questi	questi	_	_	_	_	_	linguistic	_	ContainsVariation=No	_	_	_	_	_	_
639-20	BOI029	639	20	sappiano	sappiano	_	_	_	_	_	linguistic	_	ContainsVariation=No	_	End=2481.21	_	_	_	_
640-0	BOI029	640	0	che	che	_	_	_	_	_	linguistic	_	ContainsVariation=No	_	Begin=2481.89	_	_	_	_
640-1	BOI029	640	1	esiste	esiste	_	_	_	_	_	linguistic	_	ContainsVariation=No	_	_	_	_	_	_
640-2	BOI029	640	2	anche	anche	_	_	_	_	_	linguistic	_	ContainsVariation=No	_	_	_	_	_	_
640-3	BOI029	640	3	un	un	_	_	_	_	_	linguistic	_	ContainsVariation=No	_	_	_	_	_	_
640-4	BOI029	640	4	[alt~]	alt~	_	_	_	_	_	linguistic	_	ContainsVariation=No	Interrupted=Yes	_	_	_	_	0-4(128)
640-5	BOI029	640	5	alt~	alt~	_	_	_	_	_	linguistic	_	ContainsVariation=No	Interrupted=Yes	_	_	_	_	_
640-6	BOI029	640	6	esistono	esistono	_	_	_	_	_	linguistic	_	ContainsVariation=No	_	_	_	_	_	_
640-7	BOI029	640	7	altre	altre	_	_	_	_	_	linguistic	_	ContainsVariation=No	_	_	_	_	_	_
640-8	BOI029	640	8	possibilità	possibilità	_	_	_	_	_	linguistic	_	ContainsVariation=No	_	_	_	_	_	_
640-9	BOI029	640	9	di	di	_	_	_	_	_	linguistic	_	ContainsVariation=No	_	_	_	_	_	_
640-10	BOI029	640	10	[lavo]ro	lavoro	_	_	_	_	_	linguistic	_	ContainsVariation=No	_	End=2485.45	_	_	_	0-4(129)
641-0	BOR001	641	0	[eh]	eh	_	_	_	_	_	linguistic	_	ContainsVariation=No	_	Begin=2483.01|End=2483.31	_	_	_	0-2(128)
642-0	BOR001	642	0	[sì]	sì	_	_	_	_	_	linguistic	_	ContainsVariation=No	_	Begin=2484.99|End=2485.23	_	_	_	0-2(129)
643-0	BOR001	643	0	sì	sì	_	_	_	_	_	linguistic	_	ContainsVariation=No	_	Begin=2486.61	_	_	_	_
643-1	BOR001	643	1	sì	sì	_	_	_	_	_	linguistic	_	ContainsVariation=No	_	_	_	_	_	_
643-2	BOR001	643	2	infatti	infatti	_	_	_	_	_	linguistic	_	ContainsVariation=No	_	_	_	_	_	_
643-3	BOR001	643	3	no	no	_	_	_	_	_	linguistic	_	ContainsVariation=No	_	_	_	_	_	_
643-4	BOR001	643	4	il	il	_	_	_	_	_	linguistic	_	ContainsVariation=No	_	_	_	_	_	_
643-5	BOR001	643	5	proge~	proge~	_	_	_	_	_	linguistic	_	ContainsVariation=No	Interrupted=Yes	_	_	_	_	_
643-6	BOR001	643	6	cioé	cioé	_	_	_	_	_	linguistic	_	ContainsVariation=No	_	_	_	_	_	_
643-7	BOR001	643	7	sono	sono	_	_	_	_	_	linguistic	_	ContainsVariation=No	_	_	_	_	_	_
643-8	BOR001	643	8	vari	vari	_	_	_	_	_	linguistic	_	ContainsVariation=No	_	_	_	_	_	_
643-9	BOR001	643	9	progetti	progetti	_	_	_	_	_	linguistic	_	ContainsVariation=No	_	_	_	_	_	_
643-10	BOR001	643	10	mi	mi	_	_	_	_	_	linguistic	_	ContainsVariation=No	_	_	_	_	_	_
643-11	BOR001	643	11	sembra	sembra	_	_	_	_	_	linguistic	_	ContainsVariation=No	_	_	_	_	_	_
643-12	BOR001	643	12	tutti	tutti	_	_	_	_	_	linguistic	_	ContainsVariation=No	_	_	_	_	_	_
643-13	BOR001	643	13	su	su	_	_	_	_	_	linguistic	_	ContainsVariation=No	_	_	_	_	_	_
643-14	BOR001	643	14	cose:	cose	_	_	_	_	_	linguistic	_	ContainsVariation=No	_	End=2491.31	3x1	_	_	_
644-0	BOR001	644	0	che:	che	_	_	_	_	_	linguistic	_	ContainsVariation=No	_	Begin=2492.0	2x1	_	_	_
644-1	BOR001	644	1	cioè	cioè	_	_	_	_	_	linguistic	_	ContainsVariation=No	_	_	_	_	_	_
644-2	BOR001	644	2	un	un	_	_	_	_	_	linguistic	_	ContainsVariation=No	_	_	_	_	_	_
644-3	BOR001	644	3	po'	po'	_	_	_	_	_	linguistic	_	ContainsVariation=No	_	_	_	_	_	_
644-4	BOR001	644	4	stanno	stanno	_	_	_	_	_	linguistic	_	ContainsVariation=No	_	_	_	_	_	_
644-5	BOR001	644	5	cadendo:	cadendo	_	_	_	_	_	linguistic	_	ContainsVariation=No	_	_	6x1	_	_	_
644-6	BOR001	644	6	stavano	stavano	_	_	_	_	_	linguistic	_	ContainsVariation=No	_	_	_	_	_	_
644-7	BOR001	644	7	perlomeno	perlomeno	_	_	_	_	_	linguistic	_	ContainsVariation=No	_	_	_	_	_	_
644-8	BOR001	644	8	[cadendo	cadendo	_	_	_	_	_	linguistic	_	ContainsVariation=No	_	_	_	_	_	0-7(130)
644-9	BOR001	644	9	nel]	nel	_	_	_	_	_	linguistic	_	ContainsVariation=No	_	_	_	_	_	0-3(130)
644-10	BOR001	644	10	dimenticato~	dimenticato~	_	_	_	_	_	linguistic	_	ContainsVariation=No	Interrupted=Yes	_	_	_	_	_
644-11	BOR001	644	11	cioè	cioè	_	_	_	_	_	linguistic	_	ContainsVariation=No	_	_	_	_	_	_
644-12	BOR001	644	12	anche	anche	_	_	_	_	_	linguistic	_	ContainsVariation=No	_	_	_	_	_	_
644-13	BOR001	644	13	queste	queste	_	_	_	_	_	linguistic	_	ContainsVariation=No	_	_	_	_	_	_
644-14	BOR001	644	14	cose	cose	_	_	_	_	_	linguistic	_	ContainsVariation=No	_	_	_	_	_	_
644-15	BOR001	644	15	qui	qui	_	_	_	_	_	linguistic	_	ContainsVariation=No	_	_	_	_	_	_
644-16	BOR001	644	16	io	io	_	_	_	_	_	linguistic	_	ContainsVariation=No	_	_	_	_	_	_
644-17	BOR001	644	17	l'	l'	_	_	_	_	_	linguistic	_	ContainsVariation=No	SpaceAfter=No	_	_	_	_	_
644-18	BOR001	644	18	ho	ho	_	_	_	_	_	linguistic	_	ContainsVariation=No	_	_	_	_	_	_
644-19	BOR001	644	19	visto	visto	_	_	_	_	_	linguistic	_	ContainsVariation=No	_	_	_	_	_	_
644-20	BOR001	644	20	anche	anche	_	_	_	_	_	linguistic	_	ContainsVariation=No	_	_	_	_	_	_
644-21	BOR001	644	21	per	per	_	_	_	_	_	linguistic	_	ContainsVariation=No	_	_	_	_	_	_
644-22	BOR001	644	22	l'	l'	_	_	_	_	_	linguistic	_	ContainsVariation=No	SpaceAfter=No	_	_	_	_	_
644-23	BOR001	644	23	università	università	_	_	_	_	_	linguistic	_	ContainsVariation=No	_	_	_	_	_	_
644-24	BOR001	644	24	alla	alla	_	_	_	_	_	linguistic	_	ContainsVariation=No	_	_	_	_	_	_
644-25	BOR001	644	25	fine	fine	_	_	_	_	_	linguistic	_	ContainsVariation=No	_	End=2500.014	_	_	_	_
645-0	BOI029	645	0	[sì]	sì	_	_	_	_	_	linguistic	_	ContainsVariation=No	_	Begin=2496.05|End=2496.46	_	_	_	0-2(130)
646-0	BOR001	646	0	sì	sì	_	_	_	_	_	linguistic	_	ContainsVariation=No	_	Begin=2500.568	_	_	_	_
646-1	BOR001	646	1	magari	magari	_	_	_	_	_	linguistic	_	ContainsVariation=No	_	_	_	_	_	_
646-2	BOR001	646	2	c'	c'	_	_	_	_	_	linguistic	_	ContainsVariation=No	SpaceAfter=No	_	_	_	_	_
646-3	BOR001	646	3	è	è	_	_	_	_	_	linguistic	_	ContainsVariation=No	_	_	_	_	_	_
646-4	BOR001	646	4	orientamento	orientamento	_	_	_	_	_	linguistic	_	ContainsVariation=No	_	_	_	_	_	_
646-5	BOR001	646	5	dopo	dopo	_	_	_	_	_	linguistic	_	ContainsVariation=No	_	_	_	_	_	_
646-6	BOR001	646	6	PERÒ	però	_	_	_	_	_	linguistic	_	ContainsVariation=No	Volume=high	End=2502.561	_	_	_	_
647-0	BOR001	647	0	mh	mh	_	_	_	_	_	linguistic	_	ContainsVariation=No	_	Begin=2503.227	_	_	_	_
647-1	BOR001	647	1	è	è	_	_	_	_	_	linguistic	_	ContainsVariation=No	_	_	_	_	_	_
647-2	BOR001	647	2	più	più	_	_	_	_	_	linguistic	_	ContainsVariation=No	_	_	_	_	_	_
647-3	BOR001	647	3	un	un	_	_	_	_	_	linguistic	_	ContainsVariation=No	_	_	_	_	_	_
647-4	BOR001	647	4	orientamento	orientamento	_	_	_	_	_	linguistic	_	ContainsVariation=No	_	_	_	_	_	_
647-5	BOR001	647	5	per	per	_	_	_	_	_	linguistic	_	ContainsVariation=No	_	_	_	_	_	_
647-6	BOR001	647	6	dire	dire	_	_	_	_	_	linguistic	_	ContainsVariation=No	_	_	_	_	_	_
647-7	BOR001	647	7	nella	nella	_	_	_	_	_	linguistic	_	ContainsVariation=No	_	_	_	_	_	_
647-8	BOR001	647	8	mia	mia	_	_	_	_	_	linguistic	_	ContainsVariation=No	_	_	_	_	_	_
647-9	BOR001	647	9	università	università	_	_	_	_	_	linguistic	_	ContainsVariation=No	_	_	_	_	_	_
647-10	BOR001	647	10	c'	c'	_	_	_	_	_	linguistic	_	ContainsVariation=No	SpaceAfter=No	_	_	_	_	_
647-11	BOR001	647	11	è	è	_	_	_	_	_	linguistic	_	ContainsVariation=No	_	_	_	_	_	_
647-12	BOR001	647	12	>questo	questo	_	_	_	_	_	linguistic	_	ContainsVariation=No	_	_	_	Fast=0-6(0)	_	_
647-13	BOR001	647	13	questo	questo	_	_	_	_	_	linguistic	_	ContainsVariation=No	_	_	_	Fast=0-6(0)	_	_
647-14	BOR001	647	14	quest'	quest'	_	_	_	_	_	linguistic	_	ContainsVariation=No	SpaceAfter=No	_	_	Fast=0-6(0)	_	_
647-15	BOR001	647	15	altro<	altro	_	_	_	_	_	linguistic	_	ContainsVariation=No	_	End=2508.075	_	Fast=0-4(0)	_	_
648-0	BOR001	648	0	ma	ma	_	_	_	_	_	linguistic	_	ContainsVariation=No	_	Begin=2508.33	_	_	_	_
648-1	BOR001	648	1	tu	tu	_	_	_	_	_	linguistic	_	ContainsVariation=No	_	_	_	_	_	_
648-2	BOR001	648	2	non	non	_	_	_	_	_	linguistic	_	ContainsVariation=No	_	_	_	_	_	_
648-3	BOR001	648	3	sai	sai	_	_	_	_	_	linguistic	_	ContainsVariation=No	PauseAfter=Yes	_	_	_	_	_
648-4	BOR001	648	4	(.)	(.)	_	_	_	_	_	shortpause	_	ContainsVariation=No	_	_	_	_	_	_
648-5	BOR001	648	5	cioè	cioè	_	_	_	_	_	linguistic	_	ContainsVariation=No	_	_	_	_	_	_
648-6	BOR001	648	6	io	io	_	_	_	_	_	linguistic	_	ContainsVariation=No	_	_	_	_	_	_
648-7	BOR001	648	7	ho	ho	_	_	_	_	_	linguistic	_	ContainsVariation=No	_	_	_	_	_	_
648-8	BOR001	648	8	fatto	fatto	_	_	_	_	_	linguistic	_	ContainsVariation=No	_	_	_	_	_	_
648-9	BOR001	648	9	lo	lo	_	_	_	_	_	linguistic	_	ContainsVariation=No	_	_	_	_	_	_
648-10	BOR001	648	10	scientifico	scientifico	_	_	_	_	_	linguistic	_	ContainsVariation=No	PauseAfter=Yes	_	_	_	_	_
648-11	BOR001	648	11	(.)	(.)	_	_	_	_	_	shortpause	_	ContainsVariation=No	_	_	_	_	_	_
648-12	BOR001	648	12	se	se	_	_	_	_	_	linguistic	_	ContainsVariation=No	_	_	_	_	_	_
648-13	BOR001	648	13	avessi~	avessi~	_	_	_	_	_	linguistic	_	ContainsVariation=No	Interrupted=Yes	_	_	_	_	_
648-14	BOR001	648	14	o	o	_	_	_	_	_	linguistic	_	ContainsVariation=No	_	_	_	_	_	_
648-15	BOR001	648	15	anche	anche	_	_	_	_	_	linguistic	_	ContainsVariation=No	_	_	_	_	_	_
648-16	BOR001	648	16	i	i	_	_	_	_	_	linguistic	_	ContainsVariation=No	_	_	_	_	_	_
648-17	BOR001	648	17	miei	miei	_	_	_	_	_	linguistic	_	ContainsVariation=No	_	_	_	_	_	_
648-18	BOR001	648	18	compagni	compagni	_	_	_	_	_	linguistic	_	ContainsVariation=No	_	_	_	_	_	_
648-19	BOR001	648	19	che	che	_	_	_	_	_	linguistic	_	ContainsVariation=No	_	_	_	_	_	_
648-20	BOR001	648	20	hanno	hanno	_	_	_	_	_	linguistic	_	ContainsVariation=No	_	_	_	_	_	_
648-21	BOR001	648	21	scelto	scelto	_	_	_	_	_	linguistic	_	ContainsVariation=No	_	_	_	_	_	_
648-22	BOR001	648	22	economia	economia	_	_	_	_	_	linguistic	_	ContainsVariation=No	_	End=2514.24	_	_	_	_
649-0	BOR001	649	0	tu	tu	_	_	_	_	_	linguistic	_	ContainsVariation=No	_	Begin=2514.96	_	_	_	_
649-1	BOR001	649	1	non	non	_	_	_	_	_	linguistic	_	ContainsVariation=No	_	_	_	_	_	_
649-2	BOR001	649	2	hai	hai	_	_	_	_	_	linguistic	_	ContainsVariation=No	_	_	_	_	_	_
649-3	BOR001	649	3	mai	mai	_	_	_	_	_	linguistic	_	ContainsVariation=No	_	_	_	_	_	_
649-4	BOR001	649	4	fatto	fatto	_	_	_	_	_	linguistic	_	ContainsVariation=No	_	_	_	_	_	_
649-5	BOR001	649	5	una	una	_	_	_	_	_	linguistic	_	ContainsVariation=No	_	_	_	_	_	_
649-6	BOR001	649	6	lezione	lezione	_	_	_	_	_	linguistic	_	ContainsVariation=No	_	_	_	_	_	_
649-7	BOR001	649	7	di	di	_	_	_	_	_	linguistic	_	ContainsVariation=No	_	_	_	_	_	_
649-8	BOR001	649	8	economia	economia	_	_	_	_	_	linguistic	_	ContainsVariation=No	_	_	_	_	_	_
649-9	BOR001	649	9	in	in	_	_	_	_	_	linguistic	_	ContainsVariation=No	_	_	_	_	_	_
649-10	BOR001	649	10	vita	vita	_	_	_	_	_	linguistic	_	ContainsVariation=No	_	_	_	_	_	_
649-11	BOR001	649	11	tua	tua	_	_	_	_	_	linguistic	_	ContainsVariation=No	_	End=2517.06	_	_	_	_
650-0	BOI029	650	0	sì	sì	_	_	_	_	_	linguistic	_	ContainsVariation=No	_	Begin=2517.17	_	_	_	_
650-1	BOI029	650	1	sì	sì	_	_	_	_	_	linguistic	_	ContainsVariation=No	_	_	_	_	_	_
650-2	BOI029	650	2	s~	s~	_	_	_	_	_	linguistic	_	ContainsVariation=No	Interrupted=Yes	End=2517.55	_	_	_	_
651-0	BOR001	651	0	quindi	quindi	_	_	_	_	_	linguistic	_	ContainsVariation=No	PauseAfter=Yes	Begin=2517.59	_	_	_	_
651-1	BOR001	651	1	(.)	(.)	_	_	_	_	_	shortpause	_	ContainsVariation=No	_	_	_	_	_	_
651-2	BOR001	651	2	non	non	_	_	_	_	_	linguistic	_	ContainsVariation=No	_	_	_	_	_	_
651-3	BOR001	651	3	è	è	_	_	_	_	_	linguistic	_	ContainsVariation=No	_	_	_	_	_	_
651-4	BOR001	651	4	che	che	_	_	_	_	_	linguistic	_	ContainsVariation=No	_	_	_	_	_	_
651-5	BOR001	651	5	sai	sai	_	_	_	_	_	linguistic	_	ContainsVariation=No	_	_	_	_	_	_
651-6	BOR001	651	6	cos~	cos~	_	_	_	_	_	linguistic	_	ContainsVariation=No	Interrupted=Yes	_	_	_	_	_
651-7	BOR001	651	7	cioè	cioè	_	_	_	_	_	linguistic	_	ContainsVariation=No	_	_	_	_	_	_
651-8	BOR001	651	8	[>magari<]	magari	_	_	_	_	_	linguistic	_	ContainsVariation=No	_	End=2519.841	_	Fast=0-6(0)	_	0-6(131)
652-0	BOI029	652	0	[di	di	_	_	_	_	_	linguistic	_	ContainsVariation=No	_	Begin=2519.63	_	_	_	0-2(131)
652-1	BOI029	652	1	che	che	_	_	_	_	_	linguistic	_	ContainsVariation=No	_	_	_	_	_	0-3(131)
652-2	BOI029	652	2	c]osa	cosa	_	_	_	_	_	linguistic	_	ContainsVariation=No	_	_	_	_	_	0-1(131)
652-3	BOI029	652	3	si	si	_	_	_	_	_	linguistic	_	ContainsVariation=No	_	_	_	_	_	_
652-4	BOI029	652	4	[tratta]	tratta	_	_	_	_	_	linguistic	_	ContainsVariation=No	_	End=2520.767	_	_	_	0-6(132)
653-0	BOR001	653	0	[sì	sì	_	_	_	_	_	linguistic	_	ContainsVariation=No	_	Begin=2520.05	_	_	_	0-2(132)
653-1	BOR001	653	1	eh	eh	_	_	_	_	_	linguistic	_	ContainsVariation=No	_	_	_	_	_	0-2(132)
653-2	BOR001	653	2	ti~]	ti~	_	_	_	_	_	linguistic	_	ContainsVariation=No	Interrupted=Yes	_	_	_	_	0-3(132)
653-3	BOR001	653	3	mi~	mi~	_	_	_	_	_	linguistic	_	ContainsVariation=No	Interrupted=Yes	_	_	_	_	_
653-4	BOR001	653	4	pensi	pensi	_	_	_	_	_	linguistic	_	ContainsVariation=No	_	_	_	_	_	_
653-5	BOR001	653	5	che	che	_	_	_	_	_	linguistic	_	ContainsVariation=No	_	_	_	_	_	_
653-6	BOR001	653	6	ti	ti	_	_	_	_	_	linguistic	_	ContainsVariation=No	_	_	_	_	_	_
653-7	BOR001	653	7	piaccia	piaccia	_	_	_	_	_	linguistic	_	ContainsVariation=No	_	_	_	_	_	_
653-8	BOR001	653	8	però	però	_	_	_	_	_	linguistic	_	ContainsVariation=No	_	_	_	_	_	_
653-9	BOR001	653	9	poi	poi	_	_	_	_	_	linguistic	_	ContainsVariation=No	_	_	_	_	_	_
653-10	BOR001	653	10	vai	vai	_	_	_	_	_	linguistic	_	ContainsVariation=No	_	_	_	_	_	_
653-11	BOR001	653	11	all'	all'	_	_	_	_	_	linguistic	_	ContainsVariation=No	SpaceAfter=No	_	_	_	_	_
653-12	BOR001	653	12	universi[tà	università	_	_	_	_	_	linguistic	_	ContainsVariation=No	_	_	_	_	_	7-10(133)
653-13	BOR001	653	13	e	e	_	_	_	_	_	linguistic	_	ContainsVariation=No	_	_	_	_	_	0-1(133)
653-14	BOR001	653	14	vedi	vedi	_	_	_	_	_	linguistic	_	ContainsVariation=No	_	_	_	_	_	0-4(133)
653-15	BOR001	653	15	che:]	che	_	_	_	_	_	linguistic	_	ContainsVariation=No	_	_	2x1	_	_	0-3(133)
653-16	BOR001	653	16	in	in	_	_	_	_	_	linguistic	_	ContainsVariation=No	_	_	_	_	_	_
653-17	BOR001	653	17	realtà	realtà	_	_	_	_	_	linguistic	_	ContainsVariation=No	_	_	_	_	_	_
653-18	BOR001	653	18	non	non	_	_	_	_	_	linguistic	_	ContainsVariation=No	_	_	_	_	_	_
653-19	BOR001	653	19	è	è	_	_	_	_	_	linguistic	_	ContainsVariation=No	_	_	_	_	_	_
653-20	BOR001	653	20	quello	quello	_	_	_	_	_	linguistic	_	ContainsVariation=No	_	_	_	_	_	_
653-21	BOR001	653	21	c~	c~	_	_	_	_	_	linguistic	_	ContainsVariation=No	Interrupted=Yes	End=2525.08	_	_	_	_
654-0	BOI029	654	0	[sì	sì	_	_	_	_	_	linguistic	_	ContainsVariation=No	_	Begin=2523.134	_	_	_	0-2(133)
654-1	BOI029	654	1	sì	sì	_	_	_	_	_	linguistic	_	ContainsVariation=No	_	_	_	_	_	0-2(133)
654-2	BOI029	654	2	sì	sì	_	_	_	_	_	linguistic	_	ContainsVariation=No	_	_	_	_	_	0-2(133)
654-3	BOI029	654	3	sì]	sì	_	_	_	_	_	linguistic	_	ContainsVariation=No	_	End=2523.98	_	_	_	0-2(133)
655-0	BOI029	655	0	no	no	_	_	_	_	_	linguistic	_	ContainsVariation=No	_	Begin=2525.18	_	_	_	_
655-1	BOI029	655	1	no	no	_	_	_	_	_	linguistic	_	ContainsVariation=No	_	_	_	_	_	_
655-2	BOI029	655	2	ma	ma	_	_	_	_	_	linguistic	_	ContainsVariation=No	_	_	_	_	_	_
655-3	BOI029	655	3	poi	poi	_	_	_	_	_	linguistic	_	ContainsVariation=No	_	_	_	_	_	_
655-4	BOI029	655	4	soprattutto	soprattutto	_	_	_	_	_	linguistic	_	ContainsVariation=No	_	_	_	_	_	_
655-5	BOI029	655	5	per	per	_	_	_	_	_	linguistic	_	ContainsVariation=No	_	_	_	_	_	_
655-6	BOI029	655	6	esempio	esempio	_	_	_	_	_	linguistic	_	ContainsVariation=No	_	_	_	_	_	_
655-7	BOI029	655	7	sul	sul	_	_	_	_	_	linguistic	_	ContainsVariation=No	_	_	_	_	_	_
655-8	BOI029	655	8	discorso	discorso	_	_	_	_	_	linguistic	_	ContainsVariation=No	_	_	_	_	_	_
655-9	BOI029	655	9	dell'	dell'	_	_	_	_	_	linguistic	_	ContainsVariation=No	SpaceAfter=No	_	_	_	_	_
655-10	BOI029	655	10	artigianato	artigianato	_	_	_	_	_	linguistic	_	ContainsVariation=No	_	_	_	_	_	_
655-11	BOI029	655	11	molte	molte	_	_	_	_	_	linguistic	_	ContainsVariation=No	_	_	_	_	_	_
655-12	BOI029	655	12	volte	volte	_	_	_	_	_	linguistic	_	ContainsVariation=No	_	End=2529.31	_	_	_	_
656-0	BOI029	656	0	cioè	cioè	_	_	_	_	_	linguistic	_	ContainsVariation=No	PauseAfter=Yes	Begin=2529.58	_	_	_	_
656-1	BOI029	656	1	(.)	(.)	_	_	_	_	_	shortpause	_	ContainsVariation=No	_	_	_	_	_	_
656-2	BOI029	656	2	cosa	cosa	_	_	_	_	_	linguistic	_	ContainsVariation=No	_	_	_	_	_	_
656-3	BOI029	656	3	fa	fa	_	_	_	_	_	linguistic	_	ContainsVariation=No	_	_	_	_	_	_
656-4	BOI029	656	4	un	un	_	_	_	_	_	linguistic	_	ContainsVariation=No	_	_	_	_	_	_
656-5	BOI029	656	5	liutaio?	liutaio	_	_	_	_	_	linguistic	_	ContainsVariation=No	Intonation=Rising	End=2531.664	_	_	_	_
657-0	BOI029	657	0	°ecco°	ecco	_	_	_	_	_	linguistic	_	ContainsVariation=No	Volume=low	Begin=2531.83	_	_	_	_
657-1	BOI029	657	1	cioè	cioè	_	_	_	_	_	linguistic	_	ContainsVariation=No	_	_	_	_	_	_
657-2	BOI029	657	2	qualcuno	qualcuno	_	_	_	_	_	linguistic	_	ContainsVariation=No	_	_	_	_	_	_
657-3	BOI029	657	3	ceramica	ceramica	_	_	_	_	_	linguistic	_	ContainsVariation=No	_	_	_	_	_	_
657-4	BOI029	657	4	l'	l'	_	_	_	_	_	linguistic	_	ContainsVariation=No	SpaceAfter=No	_	_	_	_	_
657-5	BOI029	657	5	ha	ha	_	_	_	_	_	linguistic	_	ContainsVariation=No	_	_	_	_	_	_
657-6	BOI029	657	6	fatta	fatta	_	_	_	_	_	linguistic	_	ContainsVariation=No	_	_	_	_	_	_
657-7	BOI029	657	7	perché	perché	_	_	_	_	_	linguistic	_	ContainsVariation=No	_	_	_	_	_	_
657-8	BOI029	657	8	magari	magari	_	_	_	_	_	linguistic	_	ContainsVariation=No	_	_	_	_	_	_
657-9	BOI029	657	9	questo	questo	_	_	_	_	_	linguistic	_	ContainsVariation=No	_	_	_	_	_	_
657-10	BOI029	657	10	nelle	nelle	_	_	_	_	_	linguistic	_	ContainsVariation=No	_	_	_	_	_	_
657-11	BOI029	657	11	scuole	scuole	_	_	_	_	_	linguistic	_	ContainsVariation=No	_	_	_	_	_	_
657-12	BOI029	657	12	elementari	elementari	_	_	_	_	_	linguistic	_	ContainsVariation=No	_	_	_	_	_	_
657-13	BOI029	657	13	si	si	_	_	_	_	_	linguistic	_	ContainsVariation=No	_	_	_	_	_	_
657-14	BOI029	657	14	[fa]	fa	_	_	_	_	_	linguistic	_	ContainsVariation=No	_	End=2536.8	_	_	_	0-2(134)
658-0	BOR001	658	0	[xxxx]x	xxxxx	_	_	_	_	_	unknown	_	ContainsVariation=No	Syllables=5	Begin=2536.37|End=2537.05	_	_	_	0-4(134)
659-0	BOI029	659	0	e:h	eh	_	_	_	_	_	linguistic	_	ContainsVariation=No	_	Begin=2537.329	0x1	_	_	_
659-1	BOI029	659	1	però	però	_	_	_	_	_	linguistic	_	ContainsVariation=No	_	_	_	_	_	_
659-2	BOI029	659	2	riuscire	riuscire	_	_	_	_	_	linguistic	_	ContainsVariation=No	_	_	_	_	_	_
659-3	BOI029	659	3	a	a	_	_	_	_	_	linguistic	_	ContainsVariation=No	_	_	_	_	_	_
659-4	BOI029	659	4	capire	capire	_	_	_	_	_	linguistic	_	ContainsVariation=No	_	_	_	_	_	_
659-5	BOI029	659	5	anche	anche	_	_	_	_	_	linguistic	_	ContainsVariation=No	_	_	_	_	_	_
659-6	BOI029	659	6	non	non	_	_	_	_	_	linguistic	_	ContainsVariation=No	_	_	_	_	_	_
659-7	BOI029	659	7	so:	so	_	_	_	_	_	linguistic	_	ContainsVariation=No	_	_	1x1	_	_	_
659-8	BOI029	659	8	la	la	_	_	_	_	_	linguistic	_	ContainsVariation=No	_	_	_	_	_	_
659-9	BOI029	659	9	passione	passione	_	_	_	_	_	linguistic	_	ContainsVariation=No	_	_	_	_	_	_
659-10	BOI029	659	10	<quante>	quante	_	_	_	_	_	linguistic	_	ContainsVariation=No	_	_	_	Slow=0-6(0)	_	_
659-11	BOI029	659	11	competenze	competenze	_	_	_	_	_	linguistic	_	ContainsVariation=No	_	_	_	_	_	_
659-12	BOI029	659	12	ci	ci	_	_	_	_	_	linguistic	_	ContainsVariation=No	_	_	_	_	_	_
659-13	BOI029	659	13	vogliono	vogliono	_	_	_	_	_	linguistic	_	ContainsVariation=No	_	_	_	_	_	_
659-14	BOI029	659	14	nel	nel	_	_	_	_	_	linguistic	_	ContainsVariation=No	_	_	_	_	_	_
659-15	BOI029	659	15	fare	fare	_	_	_	_	_	linguistic	_	ContainsVariation=No	_	_	_	_	_	_
659-16	BOI029	659	16	un	un	_	_	_	_	_	linguistic	_	ContainsVariation=No	_	_	_	_	_	_
659-17	BOI029	659	17	pezzo	pezzo	_	_	_	_	_	linguistic	_	ContainsVariation=No	_	_	_	_	_	_
659-18	BOI029	659	18	manualmente	manualmente	_	_	_	_	_	linguistic	_	ContainsVariation=No	_	End=2545.54	_	_	_	_
660-0	BOR001	660	0	sì	sì	_	_	_	_	_	linguistic	_	ContainsVariation=No	_	Begin=2546.34|End=2546.62	_	_	_	_
661-0	BOI029	661	0	e:h	eh	_	_	_	_	_	linguistic	_	ContainsVariation=No	_	Begin=2546.688	0x1	_	_	_
661-1	BOI029	661	1	abbiam	abbiam	_	_	_	_	_	linguistic	_	ContainsVariation=No	_	_	_	_	_	_
661-2	BOI029	661	2	visto	visto	_	_	_	_	_	linguistic	_	ContainsVariation=No	_	_	_	_	_	_
661-3	BOI029	661	3	insomma	insomma	_	_	_	_	_	linguistic	_	ContainsVariation=No	_	_	_	_	_	_
661-4	BOI029	661	4	che	che	_	_	_	_	_	linguistic	_	ContainsVariation=No	_	_	_	_	_	_
661-5	BOI029	661	5	i	i	_	_	_	_	_	linguistic	_	ContainsVariation=No	_	_	_	_	_	_
661-6	BOI029	661	6	ragazzi	ragazzi	_	_	_	_	_	linguistic	_	ContainsVariation=No	_	_	_	_	_	_
661-7	BOI029	661	7	son	son	_	_	_	_	_	linguistic	_	ContainsVariation=No	_	_	_	_	_	_
661-8	BOI029	661	8	stati	stati	_	_	_	_	_	linguistic	_	ContainsVariation=No	_	_	_	_	_	_
661-9	BOI029	661	9	<molto>	molto	_	_	_	_	_	linguistic	_	ContainsVariation=No	_	_	_	Slow=0-5(0)	_	_
661-10	BOI029	661	10	affascinati	affascinati	_	_	_	_	_	linguistic	_	ContainsVariation=No	_	_	_	_	_	_
661-11	BOI029	661	11	da	da	_	_	_	_	_	linguistic	_	ContainsVariation=No	_	_	_	_	_	_
661-12	BOI029	661	12	questa	questa	_	_	_	_	_	linguistic	_	ContainsVariation=No	_	_	_	_	_	_
661-13	BOI029	661	13	cosa	cosa	_	_	_	_	_	linguistic	_	ContainsVariation=No	_	End=2552.14	_	_	_	_
662-0	BOR001	662	0	quindi	quindi	_	_	_	_	_	linguistic	_	ContainsVariation=No	_	Begin=2554.07	_	_	_	_
662-1	BOR001	662	1	sì	sì	_	_	_	_	_	linguistic	_	ContainsVariation=No	_	_	_	_	_	_
662-2	BOR001	662	2	comunque:	comunque	_	_	_	_	_	linguistic	_	ContainsVariation=No	_	_	7x1	_	_	_
662-3	BOR001	662	3	appunto:	appunto	_	_	_	_	_	linguistic	_	ContainsVariation=No	_	_	6x1	_	_	_
662-4	BOR001	662	4	da	da	_	_	_	_	_	linguistic	_	ContainsVariation=No	_	_	_	_	_	_
662-5	BOR001	662	5	quello	quello	_	_	_	_	_	linguistic	_	ContainsVariation=No	_	_	_	_	_	_
662-6	BOR001	662	6	che	che	_	_	_	_	_	linguistic	_	ContainsVariation=No	_	_	_	_	_	_
662-7	BOR001	662	7	ho	ho	_	_	_	_	_	linguistic	_	ContainsVariation=No	_	_	_	_	_	_
662-8	BOR001	662	8	capito	capito	_	_	_	_	_	linguistic	_	ContainsVariation=No	_	_	_	_	_	_
662-9	BOR001	662	9	in	in	_	_	_	_	_	linguistic	_	ContainsVariation=No	_	_	_	_	_	_
662-10	BOR001	662	10	generale	generale	_	_	_	_	_	linguistic	_	ContainsVariation=No	_	End=2556.894	_	_	_	_
663-0	BOR001	663	0	che	che	_	_	_	_	_	linguistic	_	ContainsVariation=No	_	Begin=2557.314	_	_	_	_
663-1	BOR001	663	1	sia	sia	_	_	_	_	_	linguistic	_	ContainsVariation=No	_	_	_	_	_	_
663-2	BOR001	663	2	il	il	_	_	_	_	_	linguistic	_	ContainsVariation=No	_	_	_	_	_	_
663-3	BOR001	663	3	pro~	pro~	_	_	_	_	_	linguistic	_	ContainsVariation=No	Interrupted=Yes	_	_	_	_	_
663-4	BOR001	663	4	questo	questo	_	_	_	_	_	linguistic	_	ContainsVariation=No	_	_	_	_	_	_
663-5	BOR001	663	5	proge~	proge~	_	_	_	_	_	linguistic	_	ContainsVariation=No	Interrupted=Yes	_	_	_	_	_
663-6	BOR001	663	6	cioè	cioè	_	_	_	_	_	linguistic	_	ContainsVariation=No	_	_	_	_	_	_
663-7	BOR001	663	7	questi	questi	_	_	_	_	_	linguistic	_	ContainsVariation=No	_	_	_	_	_	_
663-8	BOR001	663	8	progetti:	progetti	_	_	_	_	_	linguistic	_	ContainsVariation=No	_	_	7x1	_	_	_
663-9	BOR001	663	9	sulla	sulla	_	_	_	_	_	linguistic	_	ContainsVariation=No	_	_	_	_	_	_
663-10	BOR001	663	10	memoria:	memoria	_	_	_	_	_	linguistic	_	ContainsVariation=No	_	_	6x1	_	_	_
663-11	BOR001	663	11	che	che	_	_	_	_	_	linguistic	_	ContainsVariation=No	_	_	_	_	_	_
663-12	BOR001	663	12	altri	altri	_	_	_	_	_	linguistic	_	ContainsVariation=No	_	_	_	_	_	_
663-13	BOR001	663	13	la	la	_	_	_	_	_	linguistic	_	ContainsVariation=No	_	_	_	_	_	_
663-14	BOR001	663	14	risposta	risposta	_	_	_	_	_	linguistic	_	ContainsVariation=No	_	_	_	_	_	_
663-15	BOR001	663	15	dei	dei	_	_	_	_	_	linguistic	_	ContainsVariation=No	_	_	_	_	_	_
663-16	BOR001	663	16	ragazzi	ragazzi	_	_	_	_	_	linguistic	_	ContainsVariation=No	_	_	_	_	_	_
663-17	BOR001	663	17	è	è	_	_	_	_	_	linguistic	_	ContainsVariation=No	_	_	_	_	_	_
663-18	BOR001	663	18	sempre	sempre	_	_	_	_	_	linguistic	_	ContainsVariation=No	PauseAfter=Yes	_	_	_	_	_
663-19	BOR001	663	19	(.)	(.)	_	_	_	_	_	shortpause	_	ContainsVariation=No	_	_	_	_	_	_
663-20	BOR001	663	20	[positiva]	positiva	_	_	_	_	_	linguistic	_	ContainsVariation=No	_	End=2564.44	_	_	_	0-8(135)
664-0	BOI029	664	0	[sì	sì	_	_	_	_	_	linguistic	_	ContainsVariation=No	_	Begin=2564.07	_	_	_	0-2(135)
664-1	BOI029	664	1	la~	la~	_	_	_	_	_	linguistic	_	ContainsVariation=No	Interrupted=Yes	_	_	_	_	0-3(135)
664-2	BOI029	664	2	la]	la	_	_	_	_	_	linguistic	_	ContainsVariation=No	_	_	_	_	_	0-2(135)
664-3	BOI029	664	3	risposta	risposta	_	_	_	_	_	linguistic	_	ContainsVariation=No	_	_	_	_	_	_
664-4	BOI029	664	4	dei	dei	_	_	_	_	_	linguistic	_	ContainsVariation=No	_	_	_	_	_	_
664-5	BOI029	664	5	ragazzi	ragazzi	_	_	_	_	_	linguistic	_	ContainsVariation=No	_	_	_	_	_	_
664-6	BOI029	664	6	in	in	_	_	_	_	_	linguistic	_	ContainsVariation=No	_	_	_	_	_	_
664-7	BOI029	664	7	genere	genere	_	_	_	_	_	linguistic	_	ContainsVariation=No	_	_	_	_	_	_
664-8	BOI029	664	8	è	è	_	_	_	_	_	linguistic	_	ContainsVariation=No	_	_	_	_	_	_
664-9	BOI029	664	9	positiva	positiva	_	_	_	_	_	linguistic	_	ContainsVariation=No	_	_	_	_	_	_
664-10	BOI029	664	10	sì	sì	_	_	_	_	_	linguistic	_	ContainsVariation=No	_	End=2567.026	_	_	_	_
665-0	BOI029	665	0	anzi	anzi	_	_	_	_	_	linguistic	_	ContainsVariation=No	_	Begin=2567.658	_	_	_	_
665-1	BOI029	665	1	molte	molte	_	_	_	_	_	linguistic	_	ContainsVariation=No	_	_	_	_	_	_
665-2	BOI029	665	2	volte	volte	_	_	_	_	_	linguistic	_	ContainsVariation=No	_	_	_	_	_	_
665-3	BOI029	665	3	sono	sono	_	_	_	_	_	linguistic	_	ContainsVariation=No	_	_	_	_	_	_
665-4	BOI029	665	4	anche	anche	_	_	_	_	_	linguistic	_	ContainsVariation=No	_	_	_	_	_	_
665-5	BOI029	665	5	attività	attività	_	_	_	_	_	linguistic	_	ContainsVariation=No	_	_	_	_	_	_
665-6	BOI029	665	6	che	che	_	_	_	_	_	linguistic	_	ContainsVariation=No	_	_	_	_	_	_
665-7	BOI029	665	7	ci	ci	_	_	_	_	_	linguistic	_	ContainsVariation=No	_	_	_	_	_	_
665-8	BOI029	665	8	consentono	consentono	_	_	_	_	_	linguistic	_	ContainsVariation=No	_	_	_	_	_	_
665-9	BOI029	665	9	di	di	_	_	_	_	_	linguistic	_	ContainsVariation=No	PauseAfter=Yes	_	_	_	_	_
665-10	BOI029	665	10	(.)	(.)	_	_	_	_	_	shortpause	_	ContainsVariation=No	_	_	_	_	_	_
665-11	BOI029	665	11	avere	avere	_	_	_	_	_	linguistic	_	ContainsVariation=No	_	_	_	_	_	_
665-12	BOI029	665	12	un	un	_	_	_	_	_	linguistic	_	ContainsVariation=No	_	_	_	_	_	_
665-13	BOI029	665	13	ruolo	ruolo	_	_	_	_	_	linguistic	_	ContainsVariation=No	_	_	_	_	_	_
665-14	BOI029	665	14	provare	provare	_	_	_	_	_	linguistic	_	ContainsVariation=No	_	_	_	_	_	_
665-15	BOI029	665	15	anche	anche	_	_	_	_	_	linguistic	_	ContainsVariation=No	_	_	_	_	_	_
665-16	BOI029	665	16	quelli	quelli	_	_	_	_	_	linguistic	_	ContainsVariation=No	_	_	_	_	_	_
665-17	BOI029	665	17	che	che	_	_	_	_	_	linguistic	_	ContainsVariation=No	_	_	_	_	_	_
665-18	BOI029	665	18	sono	sono	_	_	_	_	_	linguistic	_	ContainsVariation=No	_	_	_	_	_	_
665-19	BOI029	665	19	più	più	_	_	_	_	_	linguistic	_	ContainsVariation=No	_	_	_	_	_	_
665-20	BOI029	665	20	in	in	_	_	_	_	_	linguistic	_	ContainsVariation=No	_	_	_	_	_	_
665-21	BOI029	665	21	difficoltà	difficoltà	_	_	_	_	_	linguistic	_	ContainsVariation=No	_	End=2575.79	_	_	_	_
666-0	BOR001	666	0	mh	mh	_	_	_	_	_	linguistic	_	ContainsVariation=No	_	Begin=2575.93|End=2576.18	_	_	_	_
667-0	BOI029	667	0	nel	nel	_	_	_	_	_	linguistic	_	ContainsVariation=No	_	Begin=2576.946	_	_	_	_
667-1	BOI029	667	1	senso	senso	_	_	_	_	_	linguistic	_	ContainsVariation=No	_	_	_	_	_	_
667-2	BOI029	667	2	che:	che	_	_	_	_	_	linguistic	_	ContainsVariation=No	_	_	2x1	_	_	_
667-3	BOI029	667	3	magari:	magari	_	_	_	_	_	linguistic	_	ContainsVariation=No	_	_	5x1	_	_	_
667-4	BOI029	667	4	e:h	eh	_	_	_	_	_	linguistic	_	ContainsVariation=No	_	_	0x1	_	_	_
667-5	BOI029	667	5	uno	uno	_	_	_	_	_	linguistic	_	ContainsVariation=No	_	_	_	_	_	_
667-6	BOI029	667	6	ha	ha	_	_	_	_	_	linguistic	_	ContainsVariation=No	_	_	_	_	_	_
667-7	BOI029	667	7	difficoltà	difficoltà	_	_	_	_	_	linguistic	_	ContainsVariation=No	_	_	_	_	_	_
667-8	BOI029	667	8	a	a	_	_	_	_	_	linguistic	_	ContainsVariation=No	_	_	_	_	_	_
667-9	BOI029	667	9	studiare	studiare	_	_	_	_	_	linguistic	_	ContainsVariation=No	_	_	_	_	_	_
667-10	BOI029	667	10	su	su	_	_	_	_	_	linguistic	_	ContainsVariation=No	_	_	_	_	_	_
667-11	BOI029	667	11	un	un	_	_	_	_	_	linguistic	_	ContainsVariation=No	_	_	_	_	_	_
667-12	BOI029	667	12	libro	libro	_	_	_	_	_	linguistic	_	ContainsVariation=No	_	_	_	_	_	_
667-13	BOI029	667	13	però:	però	_	_	_	_	_	linguistic	_	ContainsVariation=No	_	End=2583.17	3x1	_	_	_
668-0	BOI029	668	0	su	su	_	_	_	_	_	linguistic	_	ContainsVariation=No	_	Begin=2583.59	_	_	_	_
668-1	BOI029	668	1	certe	certe	_	_	_	_	_	linguistic	_	ContainsVariation=No	_	_	_	_	_	_
668-2	BOI029	668	2	cose	cose	_	_	_	_	_	linguistic	_	ContainsVariation=No	_	_	_	_	_	_
668-3	BOI029	668	3	è	è	_	_	_	_	_	linguistic	_	ContainsVariation=No	_	_	_	_	_	_
668-4	BOI029	668	4	intuitivo,	intuitivo	_	_	_	_	_	linguistic	_	ContainsVariation=No	Intonation=WeaklyRising	_	_	_	_	_
668-5	BOI029	668	5	su	su	_	_	_	_	_	linguistic	_	ContainsVariation=No	_	_	_	_	_	_
668-6	BOI029	668	6	altre	altre	_	_	_	_	_	linguistic	_	ContainsVariation=No	_	_	_	_	_	_
668-7	BOI029	668	7	ha	ha	_	_	_	_	_	linguistic	_	ContainsVariation=No	_	_	_	_	_	_
668-8	BOI029	668	8	una	una	_	_	_	_	_	linguistic	_	ContainsVariation=No	_	_	_	_	_	_
668-9	BOI029	668	9	buona	buona	_	_	_	_	_	linguistic	_	ContainsVariation=No	_	_	_	_	_	_
668-10	BOI029	668	10	manualità,	manualità	_	_	_	_	_	linguistic	_	ContainsVariation=No	Intonation=WeaklyRising	_	_	_	_	_
668-11	BOI029	668	11	altre	altre	_	_	_	_	_	linguistic	_	ContainsVariation=No	_	_	_	_	_	_
668-12	BOI029	668	12	volte	volte	_	_	_	_	_	linguistic	_	ContainsVariation=No	_	_	_	_	_	_
668-13	BOI029	668	13	sa	sa	_	_	_	_	_	linguistic	_	ContainsVariation=No	_	_	_	_	_	_
668-14	BOI029	668	14	esprimersi	esprimersi	_	_	_	_	_	linguistic	_	ContainsVariation=No	_	_	_	_	_	_
668-15	BOI029	668	15	bene	bene	_	_	_	_	_	linguistic	_	ContainsVariation=No	_	_	_	_	_	_
668-16	BOI029	668	16	>per	per	_	_	_	_	_	linguistic	_	ContainsVariation=No	_	_	_	Fast=0-3(0)	_	_
668-17	BOI029	668	17	esempio<	esempio	_	_	_	_	_	linguistic	_	ContainsVariation=No	_	_	_	Fast=0-7(0)	_	_
668-18	BOI029	668	18	in	in	_	_	_	_	_	linguistic	_	ContainsVariation=No	_	_	_	Slow=0-2(0)	_	_
668-19	BOI029	668	19	un	un	_	_	_	_	_	linguistic	_	ContainsVariation=No	_	_	_	Slow=0-2(0)	_	_
668-20	BOI029	668	20	progetto	progetto	_	_	_	_	_	linguistic	_	ContainsVariation=No	_	_	_	Slow=0-8(0)	_	_
668-21	BOI029	668	21	teatrale	teatrale	_	_	_	_	_	linguistic	_	ContainsVariation=No	_	_	_	Slow=0-8(0)	_	_
668-22	BOI029	668	22	>CIOÈ<	cioè	_	_	_	_	_	linguistic	_	ContainsVariation=No	Volume=high	End=2590.72	_	Fast=0-4(1)	_	_
669-0	BOR001	669	0	sì	sì	_	_	_	_	_	linguistic	_	ContainsVariation=No	_	Begin=2591.06|End=2591.24	_	_	_	_
670-0	BOI029	670	0	quindi	quindi	_	_	_	_	_	linguistic	_	ContainsVariation=No	_	Begin=2591.594	_	_	_	_
670-1	BOI029	670	1	son	son	_	_	_	_	_	linguistic	_	ContainsVariation=No	_	_	_	_	_	_
670-2	BOI029	670	2	tante	tante	_	_	_	_	_	linguistic	_	ContainsVariation=No	_	_	_	_	_	_
670-3	BOI029	670	3	>diciamo<	diciamo	_	_	_	_	_	linguistic	_	ContainsVariation=No	_	_	_	Fast=0-7(0)	_	_
670-4	BOI029	670	4	abilità	abilità	_	_	_	_	_	linguistic	_	ContainsVariation=No	_	_	_	_	_	_
670-5	BOI029	670	5	che	che	_	_	_	_	_	linguistic	_	ContainsVariation=No	_	End=2595.667	_	_	_	_
671-0	BOI029	671	0	e:h	eh	_	_	_	_	_	linguistic	_	ContainsVariation=No	_	Begin=2596.234	0x1	_	_	_
671-1	BOI029	671	1	se	se	_	_	_	_	_	linguistic	_	ContainsVariation=No	_	_	_	_	_	_
671-2	BOI029	671	2	non	non	_	_	_	_	_	linguistic	_	ContainsVariation=No	_	_	_	_	_	_
671-3	BOI029	671	3	hai	hai	_	_	_	_	_	linguistic	_	ContainsVariation=No	_	_	_	_	_	_
671-4	BOI029	671	4	modo	modo	_	_	_	_	_	linguistic	_	ContainsVariation=No	_	_	_	_	_	_
671-5	BOI029	671	5	di	di	_	_	_	_	_	linguistic	_	ContainsVariation=No	_	_	_	_	_	_
671-6	BOI029	671	6	farle	farle	_	_	_	_	_	linguistic	_	ContainsVariation=No	_	_	_	_	_	_
671-7	BOI029	671	7	uscire	uscire	_	_	_	_	_	linguistic	_	ContainsVariation=No	_	_	_	_	_	_
671-8	BOI029	671	8	rimangono	rimangono	_	_	_	_	_	linguistic	_	ContainsVariation=No	_	_	_	_	_	_
671-9	BOI029	671	9	magari	magari	_	_	_	_	_	linguistic	_	ContainsVariation=No	_	_	_	_	_	_
671-10	BOI029	671	10	nascoste,	nascoste	_	_	_	_	_	linguistic	_	ContainsVariation=No	Intonation=WeaklyRising	_	_	_	_	_
671-11	BOI029	671	11	uno	uno	_	_	_	_	_	linguistic	_	ContainsVariation=No	_	_	_	_	_	_
671-12	BOI029	671	12	si	si	_	_	_	_	_	linguistic	_	ContainsVariation=No	_	_	_	_	_	_
671-13	BOI029	671	13	deprime	deprime	_	_	_	_	_	linguistic	_	ContainsVariation=No	_	_	_	_	_	_
671-14	BOI029	671	14	perché	perché	_	_	_	_	_	linguistic	_	ContainsVariation=No	_	_	_	_	_	_
671-15	BOI029	671	15	pren[de	prende	_	_	_	_	_	linguistic	_	ContainsVariation=No	_	_	_	_	_	4-6(136)
671-16	BOI029	671	16	sem]pre	sempre	_	_	_	_	_	linguistic	_	ContainsVariation=No	_	_	_	_	_	0-3(136)
671-17	BOI029	671	17	quattro	quattro	_	_	_	_	_	linguistic	_	ContainsVariation=No	_	_	_	_	_	_
671-18	BOI029	671	18	in	in	_	_	_	_	_	linguistic	_	ContainsVariation=No	_	_	_	_	_	_
671-19	BOI029	671	19	matematica	matematica	_	_	_	_	_	linguistic	_	ContainsVariation=No	_	End=2602.445	_	_	_	_
672-0	BOR001	672	0	[mh]	mh	_	_	_	_	_	linguistic	_	ContainsVariation=No	_	Begin=2601.02|End=2601.36	_	_	_	0-2(136)
673-0	BOR001	673	0	mh	mh	_	_	_	_	_	linguistic	_	ContainsVariation=No	_	Begin=2603.1|End=2603.336	_	_	_	_
674-0	BOI029	674	0	cioè	cioè	_	_	_	_	_	linguistic	_	ContainsVariation=No	_	Begin=2603.51	_	_	_	_
674-1	BOI029	674	1	non	non	_	_	_	_	_	linguistic	_	ContainsVariation=No	_	_	_	_	_	_
674-2	BOI029	674	2	siam	siam	_	_	_	_	_	linguistic	_	ContainsVariation=No	_	_	_	_	_	_
674-3	BOI029	674	3	tutti	tutti	_	_	_	_	_	linguistic	_	ContainsVariation=No	_	_	_	_	_	_
674-4	BOI029	674	4	uguali	uguali	_	_	_	_	_	linguistic	_	ContainsVariation=No	_	_	_	_	_	_
674-5	BOI029	674	5	insomma	insomma	_	_	_	_	_	linguistic	_	ContainsVariation=No	_	End=2605.32	_	_	_	_
675-0	BOR001	675	0	°infatti°	infatti	_	_	_	_	_	linguistic	_	ContainsVariation=No	Volume=low	Begin=2605.44|End=2605.95	_	_	_	_
676-0	BOI029	676	0	eh	eh	_	_	_	_	_	linguistic	_	ContainsVariation=No	_	Begin=2606.68	_	_	_	_
676-1	BOI029	676	1	ma	ma	_	_	_	_	_	linguistic	_	ContainsVariation=No	_	_	_	_	_	_
676-2	BOI029	676	2	questi	questi	_	_	_	_	_	linguistic	_	ContainsVariation=No	_	_	_	_	_	_
676-3	BOI029	676	3	son	son	_	_	_	_	_	linguistic	_	ContainsVariation=No	_	_	_	_	_	_
676-4	BOI029	676	4	discorsi	discorsi	_	_	_	_	_	linguistic	_	ContainsVariation=No	_	_	_	_	_	_
676-5	BOI029	676	5	poi:	poi	_	_	_	_	_	linguistic	_	ContainsVariation=No	_	_	2x1	_	_	_
676-6	BOI029	676	6	molto	molto	_	_	_	_	_	linguistic	_	ContainsVariation=No	_	_	_	_	_	_
676-7	BOI029	676	7	vecchi	vecchi	_	_	_	_	_	linguistic	_	ContainsVariation=No	_	_	_	_	_	_
676-8	BOI029	676	8	nel	nel	_	_	_	_	_	linguistic	_	ContainsVariation=No	_	_	_	_	_	_
676-9	BOI029	676	9	senso	senso	_	_	_	_	_	linguistic	_	ContainsVariation=No	_	_	_	_	_	_
676-10	BOI029	676	10	che	che	_	_	_	_	_	linguistic	_	ContainsVariation=No	_	_	_	_	_	_
676-11	BOI029	676	11	purtroppo	purtroppo	_	_	_	_	_	linguistic	_	ContainsVariation=No	_	_	_	_	_	_
676-12	BOI029	676	12	la	la	_	_	_	_	_	linguistic	_	ContainsVariation=No	_	_	_	_	_	_
676-13	BOI029	676	13	scuola	scuola	_	_	_	_	_	linguistic	_	ContainsVariation=No	_	_	_	_	_	_
676-14	BOI029	676	14	italiana	italiana	_	_	_	_	_	linguistic	_	ContainsVariation=No	_	_	_	_	_	_
676-15	BOI029	676	15	lavora	lavora	_	_	_	_	_	linguistic	_	ContainsVariation=No	_	End=2612.61	_	_	_	_
677-0	BOI029	677	0	eh	eh	_	_	_	_	_	linguistic	_	ContainsVariation=No	_	Begin=2613.153	_	_	_	_
677-1	BOI029	677	1	((ride))	((ride))	_	_	_	_	_	nonverbalbehavior	_	ContainsVariation=No	_	_	_	_	_	_
677-2	BOI029	677	2	non	non	_	_	_	_	_	linguistic	_	ContainsVariation=No	_	_	_	_	_	_
677-3	BOI029	677	3	sui	sui	_	_	_	_	_	linguistic	_	ContainsVariation=No	_	_	_	_	_	_
677-4	BOI029	677	4	diver[genti]ma	divergentima	_	_	_	_	_	linguistic	_	ContainsVariation=No	_	_	_	_	_	5-10(137)
677-5	BOI029	677	5	sui	sui	_	_	_	_	_	linguistic	_	ContainsVariation=No	_	_	_	_	_	_
677-6	BOI029	677	6	co~	co~	_	_	_	_	_	linguistic	_	ContainsVariation=No	Interrupted=Yes	_	_	_	_	_
677-7	BOI029	677	7	eh	eh	_	_	_	_	_	linguistic	_	ContainsVariation=No	_	End=2616.533	_	_	_	_
678-0	BOR001	678	0	[mhmhmh]	mhmhmh	_	_	_	_	_	linguistic	_	ContainsVariation=No	_	Begin=2615.2|End=2615.67	_	_	_	0-6(137)
679-0	BOI029	679	0	s~	s~	_	_	_	_	_	linguistic	_	ContainsVariation=No	Interrupted=Yes	Begin=2616.9	_	_	_	_
679-1	BOI029	679	1	su~	su~	_	_	_	_	_	linguistic	_	ContainsVariation=No	Interrupted=Yes	_	_	_	_	_
679-2	BOI029	679	2	>lavora	lavora	_	_	_	_	_	linguistic	_	ContainsVariation=No	_	_	_	Fast=0-6(0)	_	_
679-3	BOI029	679	3	su<	su	_	_	_	_	_	linguistic	_	ContainsVariation=No	_	_	_	Fast=0-2(0)	_	_
679-4	BOI029	679	4	chi	chi	_	_	_	_	_	linguistic	_	ContainsVariation=No	_	_	_	_	_	_
679-5	BOI029	679	5	va	va	_	_	_	_	_	linguistic	_	ContainsVariation=No	_	_	_	_	_	_
679-6	BOI029	679	6	bene	bene	_	_	_	_	_	linguistic	_	ContainsVariation=No	_	_	_	_	_	_
679-7	BOI029	679	7	in	in	_	_	_	_	_	linguistic	_	ContainsVariation=No	_	_	_	_	_	_
679-8	BOI029	679	8	[tutte	tutte	_	_	_	_	_	linguistic	_	ContainsVariation=No	_	_	_	_	_	0-5(138)
679-9	BOI029	679	9	le]	le	_	_	_	_	_	linguistic	_	ContainsVariation=No	_	_	_	_	_	0-2(138)
679-10	BOI029	679	10	materie	materie	_	_	_	_	_	linguistic	_	ContainsVariation=No	_	_	_	_	_	_
679-11	BOI029	679	11	e	e	_	_	_	_	_	linguistic	_	ContainsVariation=No	_	_	_	_	_	_
679-12	BOI029	679	12	non	non	_	_	_	_	_	linguistic	_	ContainsVariation=No	_	_	_	_	_	_
679-13	BOI029	679	13	chi	chi	_	_	_	_	_	linguistic	_	ContainsVariation=No	_	_	_	_	_	_
679-14	BOI029	679	14	magari	magari	_	_	_	_	_	linguistic	_	ContainsVariation=No	_	_	_	_	_	_
679-15	BOI029	679	15	eccelle	eccelle	_	_	_	_	_	linguistic	_	ContainsVariation=No	_	_	_	_	_	_
679-16	BOI029	679	16	in	in	_	_	_	_	_	linguistic	_	ContainsVariation=No	_	_	_	_	_	_
679-17	BOI029	679	17	una	una	_	_	_	_	_	linguistic	_	ContainsVariation=No	_	_	_	_	_	_
679-18	BOI029	679	18	o	o	_	_	_	_	_	linguistic	_	ContainsVariation=No	_	_	_	_	_	_
679-19	BOI029	679	19	due	due	_	_	_	_	_	linguistic	_	ContainsVariation=No	_	End=2622.29	_	_	_	_
680-0	BOR001	680	0	[mh]	mh	_	_	_	_	_	linguistic	_	ContainsVariation=No	_	Begin=2618.9|End=2619.09	_	_	_	0-2(138)
681-0	BOR001	681	0	mh	mh	_	_	_	_	_	linguistic	_	ContainsVariation=No	_	Begin=2622.46|End=2622.77	_	_	_	_
682-0	BOR001	682	0	sì	sì	_	_	_	_	_	linguistic	_	ContainsVariation=No	_	Begin=2623.17	_	_	_	_
682-1	BOR001	682	1	si	si	_	_	_	_	_	linguistic	_	ContainsVariation=No	_	_	_	_	_	_
682-2	BOR001	682	2	torna	torna	_	_	_	_	_	linguistic	_	ContainsVariation=No	_	_	_	_	_	_
682-3	BOR001	682	3	al	al	_	_	_	_	_	linguistic	_	ContainsVariation=No	_	_	_	_	_	_
682-4	BOR001	682	4	discorso	discorso	_	_	_	_	_	linguistic	_	ContainsVariation=No	_	_	_	_	_	_
682-5	BOR001	682	5	di	di	_	_	_	_	_	linguistic	_	ContainsVariation=No	_	_	_	_	_	_
682-6	BOR001	682	6	prima	prima	_	_	_	_	_	linguistic	_	ContainsVariation=No	_	_	_	_	_	_
682-7	BOR001	682	7	su	su	_	_	_	_	_	linguistic	_	ContainsVariation=No	PauseAfter=Yes	_	_	_	_	_
682-8	BOR001	682	8	(.)	(.)	_	_	_	_	_	shortpause	_	ContainsVariation=No	_	_	_	_	_	_
682-9	BOR001	682	9	sistema	sistema	_	_	_	_	_	linguistic	_	ContainsVariation=No	_	_	_	_	_	_
682-10	BOR001	682	10	in	in	_	_	_	_	_	linguistic	_	ContainsVariation=No	_	_	_	_	_	_
682-11	BOR001	682	11	genera[le	generale	_	_	_	_	_	linguistic	_	ContainsVariation=No	_	_	_	_	_	6-8(139)
682-12	BOR001	682	12	che	che	_	_	_	_	_	linguistic	_	ContainsVariation=No	_	_	_	_	_	0-3(139)
682-13	BOR001	682	13	°adesso°]	adesso	_	_	_	_	_	linguistic	_	ContainsVariation=No	Volume=low	End=2627.89	_	_	_	0-6(139)
683-0	BOI029	683	0	[SI	si	_	_	_	_	_	linguistic	_	ContainsVariation=No	Volume=high	Begin=2626.621	_	_	_	0-2(139)
683-1	BOI029	683	1	ma	ma	_	_	_	_	_	linguistic	_	ContainsVariation=No	_	_	_	_	_	0-2(139)
683-2	BOI029	683	2	non	non	_	_	_	_	_	linguistic	_	ContainsVariation=No	_	_	_	_	_	0-3(139)
683-3	BOI029	683	3	a	a	_	_	_	_	_	linguistic	_	ContainsVariation=No	_	_	_	_	_	0-1(139)
683-4	BOI029	683	4	caso]	caso	_	_	_	_	_	linguistic	_	ContainsVariation=No	_	_	_	_	_	0-4(139)
683-5	BOI029	683	5	i	i	_	_	_	_	_	linguistic	_	ContainsVariation=No	_	_	_	_	_	_
683-6	BOI029	683	6	grandi	grandi	_	_	_	_	_	linguistic	_	ContainsVariation=No	_	_	_	_	_	_
683-7	BOI029	683	7	geni	geni	_	_	_	_	_	linguistic	_	ContainsVariation=No	_	_	_	_	_	_
683-8	BOI029	683	8	andavano	andavano	_	_	_	_	_	linguistic	_	ContainsVariation=No	_	_	_	_	_	_
683-9	BOI029	683	9	male	male	_	_	_	_	_	linguistic	_	ContainsVariation=No	_	_	_	_	_	_
683-10	BOI029	683	10	a	a	_	_	_	_	_	linguistic	_	ContainsVariation=No	_	_	_	_	_	_
683-11	BOI029	683	11	scuola	scuola	_	_	_	_	_	linguistic	_	ContainsVariation=No	_	End=2630.22	_	_	_	_
684-0	BOR001	684	0	°infatti°	infatti	_	_	_	_	_	linguistic	_	ContainsVariation=No	Volume=low	Begin=2630.83|End=2631.14	_	_	_	_
685-0	BOR001	685	0	°xxx°	xxx	_	_	_	_	_	unknown	_	ContainsVariation=No	Volume=low|Syllables=3	Begin=2631.68	_	_	_	_
685-1	BOR001	685	1	((ride))	((ride))	_	_	_	_	_	nonverbalbehavior	_	ContainsVariation=No	_	_	_	_	_	_
685-2	BOR001	685	2	ho	ho	_	_	_	_	_	linguistic	_	ContainsVariation=No	_	_	_	_	_	_
685-3	BOR001	685	3	fatto	fatto	_	_	_	_	_	linguistic	_	ContainsVariation=No	_	_	_	_	_	_
685-4	BOR001	685	4	questo	questo	_	_	_	_	_	linguistic	_	ContainsVariation=No	_	_	_	_	_	_
685-5	BOR001	685	5	discorso	discorso	_	_	_	_	_	linguistic	_	ContainsVariation=No	_	_	_	_	_	_
685-6	BOR001	685	6	ieri	ieri	_	_	_	_	_	linguistic	_	ContainsVariation=No	_	_	_	_	_	_
685-7	BOR001	685	7	con	con	_	_	_	_	_	linguistic	_	ContainsVariation=No	_	_	_	_	_	_
685-8	BOR001	685	8	mia	mia	_	_	_	_	_	linguistic	_	ContainsVariation=No	_	_	_	_	_	_
685-9	BOR001	685	9	sorella	sorella	_	_	_	_	_	linguistic	_	ContainsVariation=No	_	_	_	_	_	_
685-10	BOR001	685	10	che	che	_	_	_	_	_	linguistic	_	ContainsVariation=No	_	_	_	_	_	_
685-11	BOR001	685	11	ha	ha	_	_	_	_	_	linguistic	_	ContainsVariation=No	_	_	_	_	_	_
685-12	BOR001	685	12	preso	preso	_	_	_	_	_	linguistic	_	ContainsVariation=No	PauseAfter=Yes	_	_	_	_	_
685-13	BOR001	685	13	(.)	(.)	_	_	_	_	_	shortpause	_	ContainsVariation=No	_	_	_	_	_	_
685-14	BOR001	685	14	una	una	_	_	_	_	_	linguistic	_	ContainsVariation=No	_	_	_	_	_	_
685-15	BOR001	685	15	pagella:	pagella	_	_	_	_	_	linguistic	_	ContainsVariation=No	_	End=2636.6	6x1	_	_	_
686-0	BOR001	686	0	°e:h°	eh	_	_	_	_	_	linguistic	_	ContainsVariation=No	Volume=low	Begin=2637.62	0x1	_	_	_
686-1	BOR001	686	1	diciamo:	diciamo	_	_	_	_	_	linguistic	_	ContainsVariation=No	_	_	6x1	_	_	_
686-2	BOR001	686	2	NORMA~	norma~	_	_	_	_	_	linguistic	_	ContainsVariation=No	Interrupted=Yes|Volume=high	_	_	_	_	_
686-3	BOR001	686	3	cioè	cioè	_	_	_	_	_	linguistic	_	ContainsVariation=No	_	_	_	_	_	_
686-4	BOR001	686	4	non	non	_	_	_	_	_	linguistic	_	ContainsVariation=No	_	_	_	_	_	_
686-5	BOR001	686	5	brillante	brillante	_	_	_	_	_	linguistic	_	ContainsVariation=No	_	_	_	_	_	_
686-6	BOR001	686	6	aveva	aveva	_	_	_	_	_	linguistic	_	ContainsVariation=No	_	_	_	_	_	_
686-7	BOR001	686	7	un	un	_	_	_	_	_	linguistic	_	ContainsVariation=No	_	_	_	_	_	_
686-8	BOR001	686	8	insufficienza	insufficienza	_	_	_	_	_	linguistic	_	ContainsVariation=No	_	_	_	_	_	_
686-9	BOR001	686	9	lei	lei	_	_	_	_	_	linguistic	_	ContainsVariation=No	_	_	_	_	_	_
686-10	BOR001	686	10	mi	mi	_	_	_	_	_	linguistic	_	ContainsVariation=No	_	_	_	_	_	_
686-11	BOR001	686	11	fa	fa	_	_	_	_	_	linguistic	_	ContainsVariation=No	_	_	_	_	_	_
686-12	BOR001	686	12	eh	eh	_	_	_	_	_	linguistic	_	ContainsVariation=No	_	_	_	_	_	_
686-13	BOR001	686	13	sì	sì	_	_	_	_	_	linguistic	_	ContainsVariation=No	_	_	_	_	_	_
686-14	BOR001	686	14	fa	fa	_	_	_	_	_	linguistic	_	ContainsVariation=No	_	_	_	_	_	_
686-15	BOR001	686	15	schifo	schifo	_	_	_	_	_	linguistic	_	ContainsVariation=No	_	_	_	_	_	_
686-16	BOR001	686	16	la	la	_	_	_	_	_	linguistic	_	ContainsVariation=No	_	_	_	_	_	_
686-17	BOR001	686	17	mia	mia	_	_	_	_	_	linguistic	_	ContainsVariation=No	_	_	_	_	_	_
686-18	BOR001	686	18	pagella	pagella	_	_	_	_	_	linguistic	_	ContainsVariation=No	_	_	_	_	_	_
686-19	BOR001	686	19	le	le	_	_	_	_	_	linguistic	_	ContainsVariation=No	_	_	_	_	_	_
686-20	BOR001	686	20	ho	ho	_	_	_	_	_	linguistic	_	ContainsVariation=No	_	_	_	_	_	_
686-21	BOR001	686	21	detto	detto	_	_	_	_	_	linguistic	_	ContainsVariation=No	_	End=2644.56	_	_	_	_
687-0	BOR001	687	0	appunto	appunto	_	_	_	_	_	linguistic	_	ContainsVariation=No	_	Begin=2645.24	_	_	_	_
687-1	BOR001	687	1	cioè	cioè	_	_	_	_	_	linguistic	_	ContainsVariation=No	_	_	_	_	_	_
687-2	BOR001	687	2	le	le	_	_	_	_	_	linguistic	_	ContainsVariation=No	_	_	_	_	_	_
687-3	BOR001	687	3	ho	ho	_	_	_	_	_	linguistic	_	ContainsVariation=No	_	_	_	_	_	_
687-4	BOR001	687	4	cercato	cercato	_	_	_	_	_	linguistic	_	ContainsVariation=No	_	_	_	_	_	_
687-5	BOR001	687	5	di	di	_	_	_	_	_	linguistic	_	ContainsVariation=No	_	_	_	_	_	_
687-6	BOR001	687	6	dire	dire	_	_	_	_	_	linguistic	_	ContainsVariation=No	_	_	_	_	_	_
687-7	BOR001	687	7	sì	sì	_	_	_	_	_	linguistic	_	ContainsVariation=No	_	_	_	_	_	_
687-8	BOR001	687	8	ovviamente	ovviamente	_	_	_	_	_	linguistic	_	ContainsVariation=No	PauseAfter=Yes	_	_	_	_	_
687-9	BOR001	687	9	(.)	(.)	_	_	_	_	_	shortpause	_	ContainsVariation=No	_	_	_	_	_	_
687-10	BOR001	687	10	cioè	cioè	_	_	_	_	_	linguistic	_	ContainsVariation=No	_	_	_	_	_	_
687-11	BOR001	687	11	cerca	cerca	_	_	_	_	_	linguistic	_	ContainsVariation=No	_	_	_	_	_	_
687-12	BOR001	687	12	di	di	_	_	_	_	_	linguistic	_	ContainsVariation=No	_	_	_	_	_	_
687-13	BOR001	687	13	impegnarti	impegnarti	_	_	_	_	_	linguistic	_	ContainsVariation=No	_	_	_	_	_	_
687-14	BOR001	687	14	[perché	perché	_	_	_	_	_	linguistic	_	ContainsVariation=No	_	_	_	_	_	0-6(140)
687-15	BOR001	687	15	comunque	comunque	_	_	_	_	_	linguistic	_	ContainsVariation=No	_	_	_	_	_	0-8(140)
687-16	BOR001	687	16	è	è	_	_	_	_	_	linguistic	_	ContainsVariation=No	_	_	_	_	_	0-1(140)
687-17	BOR001	687	17	impor]tante	importante	_	_	_	_	_	linguistic	_	ContainsVariation=No	_	_	_	_	_	0-5(140)
687-18	BOR001	687	18	anche	anche	_	_	_	_	_	linguistic	_	ContainsVariation=No	_	_	_	_	_	_
687-19	BOR001	687	19	per	per	_	_	_	_	_	linguistic	_	ContainsVariation=No	_	_	_	_	_	_
687-20	BOR001	687	20	tenerti	tenerti	_	_	_	_	_	linguistic	_	ContainsVariation=No	PauseAfter=Yes	_	_	_	_	_
687-21	BOR001	687	21	(.)	(.)	_	_	_	_	_	shortpause	_	ContainsVariation=No	_	_	_	_	_	_
687-22	BOR001	687	22	aperte	aperte	_	_	_	_	_	linguistic	_	ContainsVariation=No	_	_	_	_	_	_
687-23	BOR001	687	23	un	un	_	_	_	_	_	linguistic	_	ContainsVariation=No	_	_	_	_	_	_
687-24	BOR001	687	24	po'	po'	_	_	_	_	_	linguistic	_	ContainsVariation=No	_	_	_	_	_	_
687-25	BOR001	687	25	tutte	tutte	_	_	_	_	_	linguistic	_	ContainsVariation=No	_	_	_	_	_	_
687-26	BOR001	687	26	le	le	_	_	_	_	_	linguistic	_	ContainsVariation=No	_	_	_	_	_	_
687-27	BOR001	687	27	str[ade]:	strade	_	_	_	_	_	linguistic	_	ContainsVariation=No	_	End=2654.39	5x1	_	_	3-6(141)
688-0	BOI029	688	0	[sì	sì	_	_	_	_	_	linguistic	_	ContainsVariation=No	_	Begin=2649.41	_	_	_	0-2(140)
688-1	BOI029	688	1	sì	sì	_	_	_	_	_	linguistic	_	ContainsVariation=No	_	_	_	_	_	0-2(140)
688-2	BOI029	688	2	sì]	sì	_	_	_	_	_	linguistic	_	ContainsVariation=No	_	End=2650.131	_	_	_	0-2(140)
689-0	BOI029	689	0	[certo]	certo	_	_	_	_	_	linguistic	_	ContainsVariation=No	_	Begin=2653.68|End=2654.14	_	_	_	0-5(141)
690-0	BOR001	690	0	però	però	_	_	_	_	_	linguistic	_	ContainsVariation=No	_	Begin=2654.65	_	_	_	_
690-1	BOR001	690	1	>dico<	dico	_	_	_	_	_	linguistic	_	ContainsVariation=No	_	_	_	Fast=0-4(0)	_	_
690-2	BOR001	690	2	non	non	_	_	_	_	_	linguistic	_	ContainsVariation=No	_	_	_	_	_	_
690-3	BOR001	690	3	è:	è	_	_	_	_	_	linguistic	_	ContainsVariation=No	_	_	0x1	_	_	_
690-4	BOR001	690	4	che:	che	_	_	_	_	_	linguistic	_	ContainsVariation=No	_	End=2656.59	2x1	_	_	_
691-0	BOI029	691	0	sì	sì	_	_	_	_	_	linguistic	_	ContainsVariation=No	_	Begin=2657.373	_	_	_	_
691-1	BOI029	691	1	non	non	_	_	_	_	_	linguistic	_	ContainsVariation=No	_	_	_	_	_	_
691-2	BOI029	691	2	[è	è	_	_	_	_	_	linguistic	_	ContainsVariation=No	_	_	_	_	_	0-1(142)
691-3	BOI029	691	3	co~	co~	_	_	_	_	_	linguistic	_	ContainsVariation=No	Interrupted=Yes	_	_	_	_	0-3(142)
691-4	BOI029	691	4	NON	non	_	_	_	_	_	linguistic	_	ContainsVariation=No	Volume=high	_	_	_	_	0-3(142)
691-5	BOI029	691	5	È	è	_	_	_	_	_	linguistic	_	ContainsVariation=No	Volume=high	_	_	_	_	0-1(142)
691-6	BOI029	691	6	COSÌ]	così	_	_	_	_	_	linguistic	_	ContainsVariation=No	Volume=high	End=2659.219	_	_	_	0-4(142)
692-0	BOR001	692	0	[la~	la~	_	_	_	_	_	linguistic	_	ContainsVariation=No	Interrupted=Yes	Begin=2657.72	_	_	_	0-3(142)
692-1	BOR001	692	1	la	la	_	_	_	_	_	linguistic	_	ContainsVariation=No	_	_	_	_	_	0-2(142)
692-2	BOR001	692	2	valutazione	valutazione	_	_	_	_	_	linguistic	_	ContainsVariation=No	_	_	_	_	_	0-11(142)
692-3	BOR001	692	3	di	di	_	_	_	_	_	linguistic	_	ContainsVariation=No	_	_	_	_	_	0-2(142)
692-4	BOR001	692	4	te	te	_	_	_	_	_	linguistic	_	ContainsVariation=No	_	_	_	_	_	0-2(142)
692-5	BOR001	692	5	ste]ssa	stessa	_	_	_	_	_	linguistic	_	ContainsVariation=No	_	_	_	_	_	0-3(142)
692-6	BOR001	692	6	dipenda	dipenda	_	_	_	_	_	linguistic	_	ContainsVariation=No	PauseAfter=Yes	_	_	_	_	_
692-7	BOR001	692	7	(.)	(.)	_	_	_	_	_	shortpause	_	ContainsVariation=No	_	_	_	_	_	_
692-8	BOR001	692	8	[°ancora	ancora	_	_	_	_	_	linguistic	_	ContainsVariation=No	Volume=low	_	_	_	_	0-6(143)
692-9	BOR001	692	9	da	da	_	_	_	_	_	linguistic	_	ContainsVariation=No	Volume=low	_	_	_	_	0-2(143)
692-10	BOR001	692	10	questo°]	questo	_	_	_	_	_	linguistic	_	ContainsVariation=No	Volume=low	End=2661.377	_	_	_	0-6(143)
693-0	BOI029	693	0	[non	non	_	_	_	_	_	linguistic	_	ContainsVariation=No	_	Begin=2660.05	_	_	_	0-3(143)
693-1	BOI029	693	1	è	è	_	_	_	_	_	linguistic	_	ContainsVariation=No	_	_	_	_	_	0-1(143)
693-2	BOI029	693	2	così	così	_	_	_	_	_	linguistic	_	ContainsVariation=No	_	_	_	_	_	0-4(143)
693-3	BOI029	693	3	determinant]e	determinante	_	_	_	_	_	linguistic	_	ContainsVariation=No	_	_	_	_	_	0-11(143)
693-4	BOI029	693	4	e	e	_	_	_	_	_	linguistic	_	ContainsVariation=No	_	_	_	_	_	_
693-5	BOI029	693	5	poi	poi	_	_	_	_	_	linguistic	_	ContainsVariation=No	_	_	_	_	_	_
693-6	BOI029	693	6	chi	chi	_	_	_	_	_	linguistic	_	ContainsVariation=No	_	_	_	_	_	_
693-7	BOI029	693	7	soprattutto	soprattutto	_	_	_	_	_	linguistic	_	ContainsVariation=No	_	_	_	_	_	_
693-8	BOI029	693	8	ha:	ha	_	_	_	_	_	linguistic	_	ContainsVariation=No	_	_	1x1	_	_	_
693-9	BOI029	693	9	delle	delle	_	_	_	_	_	linguistic	_	ContainsVariation=No	_	_	_	_	_	_
693-10	BOI029	693	10	<genialità>	genialità	_	_	_	_	_	linguistic	_	ContainsVariation=No	_	_	_	Slow=0-9(0)	_	_
693-11	BOI029	693	11	in	in	_	_	_	_	_	linguistic	_	ContainsVariation=No	_	_	_	_	_	_
693-12	BOI029	693	12	materie	materie	_	_	_	_	_	linguistic	_	ContainsVariation=No	_	End=2666.274	_	_	_	_
694-0	BOI029	694	0	e:	e	_	_	_	_	_	linguistic	_	ContainsVariation=No	_	Begin=2667.0	0x1	_	_	_
694-1	BOI029	694	1	e	e	_	_	_	_	_	linguistic	_	ContainsVariation=No	_	_	_	_	_	_
694-2	BOI029	694	2	riesce	riesce	_	_	_	_	_	linguistic	_	ContainsVariation=No	_	_	_	_	_	_
694-3	BOI029	694	3	male	male	_	_	_	_	_	linguistic	_	ContainsVariation=No	_	_	_	_	_	_
694-4	BOI029	694	4	in	in	_	_	_	_	_	linguistic	_	ContainsVariation=No	_	_	_	_	_	_
694-5	BOI029	694	5	altre	altre	_	_	_	_	_	linguistic	_	ContainsVariation=No	_	_	_	_	_	_
694-6	BOI029	694	6	e:h	eh	_	_	_	_	_	linguistic	_	ContainsVariation=No	_	_	0x1	_	_	_
694-7	BOI029	694	7	la	la	_	_	_	_	_	linguistic	_	ContainsVariation=No	_	_	_	_	_	_
694-8	BOI029	694	8	scuola	scuola	_	_	_	_	_	linguistic	_	ContainsVariation=No	_	_	_	_	_	_
694-9	BOI029	694	9	lo	lo	_	_	_	_	_	linguistic	_	ContainsVariation=No	_	_	_	_	_	_
694-10	BOI029	694	10	penalizz[a]	penalizza	_	_	_	_	_	linguistic	_	ContainsVariation=No	_	End=2670.82	_	_	_	8-9(144)
695-0	BOR001	695	0	[mh]mh	mhmh	_	_	_	_	_	linguistic	_	ContainsVariation=No	_	Begin=2670.7|End=2671.184	_	_	_	0-2(144)
696-0	BOI029	696	0	cioè:	cioè	_	_	_	_	_	linguistic	_	ContainsVariation=No	_	Begin=2671.9	3x1	_	_	_
696-1	BOI029	696	1	io	io	_	_	_	_	_	linguistic	_	ContainsVariation=No	_	_	_	_	_	_
696-2	BOI029	696	2	se	se	_	_	_	_	_	linguistic	_	ContainsVariation=No	_	_	_	_	_	_
696-3	BOI029	696	3	ho	ho	_	_	_	_	_	linguistic	_	ContainsVariation=No	_	_	_	_	_	_
696-4	BOI029	696	4	un~	un~	_	_	_	_	_	linguistic	_	ContainsVariation=No	Interrupted=Yes	_	_	_	_	_
696-5	BOI029	696	5	uno	uno	_	_	_	_	_	linguistic	_	ContainsVariation=No	_	_	_	_	_	_
696-6	BOI029	696	6	studente	studente	_	_	_	_	_	linguistic	_	ContainsVariation=No	_	_	_	_	_	_
696-7	BOI029	696	7	che	che	_	_	_	_	_	linguistic	_	ContainsVariation=No	_	_	_	_	_	_
696-8	BOI029	696	8	prende	prende	_	_	_	_	_	linguistic	_	ContainsVariation=No	_	_	_	_	_	_
696-9	BOI029	696	9	dieci	dieci	_	_	_	_	_	linguistic	_	ContainsVariation=No	_	_	_	_	_	_
696-10	BOI029	696	10	in	in	_	_	_	_	_	linguistic	_	ContainsVariation=No	_	_	_	_	_	_
696-11	BOI029	696	11	matematica	matematica	_	_	_	_	_	linguistic	_	ContainsVariation=No	_	_	_	_	_	_
696-12	BOI029	696	12	ma	ma	_	_	_	_	_	linguistic	_	ContainsVariation=No	_	_	_	_	_	_
696-13	BOI029	696	13	prende	prende	_	_	_	_	_	linguistic	_	ContainsVariation=No	_	_	_	_	_	_
696-14	BOI029	696	14	quattro	quattro	_	_	_	_	_	linguistic	_	ContainsVariation=No	_	_	_	_	_	_
696-15	BOI029	696	15	in	in	_	_	_	_	_	linguistic	_	ContainsVariation=No	_	_	_	_	_	_
696-16	BOI029	696	16	italiano	italiano	_	_	_	_	_	linguistic	_	ContainsVariation=No	_	_	_	_	_	_
696-17	BOI029	696	17	per	per	_	_	_	_	_	linguistic	_	ContainsVariation=No	_	_	_	_	_	_
696-18	BOI029	696	18	me	me	_	_	_	_	_	linguistic	_	ContainsVariation=No	_	_	_	_	_	_
696-19	BOI029	696	19	è	è	_	_	_	_	_	linguistic	_	ContainsVariation=No	_	_	_	_	_	_
696-20	BOI029	696	20	uno	uno	_	_	_	_	_	linguistic	_	ContainsVariation=No	_	_	_	_	_	_
696-21	BOI029	696	21	studente	studente	_	_	_	_	_	linguistic	_	ContainsVariation=No	_	_	_	_	_	_
696-22	BOI029	696	22	che	che	_	_	_	_	_	linguistic	_	ContainsVariation=No	_	_	_	_	_	_
696-23	BOI029	696	23	non	non	_	_	_	_	_	linguistic	_	ContainsVariation=No	_	_	_	_	_	_
696-24	BOI029	696	24	va	va	_	_	_	_	_	linguistic	_	ContainsVariation=No	_	_	_	_	_	_
696-25	BOI029	696	25	tanto	tanto	_	_	_	_	_	linguistic	_	ContainsVariation=No	_	_	_	_	_	_
696-26	BOI029	696	26	bene	bene	_	_	_	_	_	linguistic	_	ContainsVariation=No	_	_	_	_	_	_
696-27	BOI029	696	27	invece	invece	_	_	_	_	_	linguistic	_	ContainsVariation=No	_	_	_	_	_	_
696-28	BOI029	696	28	è	è	_	_	_	_	_	linguistic	_	ContainsVariation=No	_	_	_	_	_	_
696-29	BOI029	696	29	sbagliato	sbagliato	_	_	_	_	_	linguistic	_	ContainsVariation=No	_	_	_	_	_	_
696-30	BOI029	696	30	mh	mh	_	_	_	_	_	linguistic	_	ContainsVariation=No	_	_	_	_	_	_
696-31	BOI029	696	31	cioè	cioè	_	_	_	_	_	linguistic	_	ContainsVariation=No	_	End=2680.86	_	_	_	_
697-0	BOR001	697	0	(mhmh)	mhmh	_	_	_	_	_	linguistic	_	ContainsVariation=No	_	Begin=2681.82|End=2682.309	_	_	0-4(0)	_
698-0	BOI029	698	0	ehm	ehm	_	_	_	_	_	linguistic	_	ContainsVariation=No	_	Begin=2682.94	_	_	_	_
698-1	BOI029	698	1	è	è	_	_	_	_	_	linguistic	_	ContainsVariation=No	_	_	_	_	_	_
698-2	BOI029	698	2	uno	uno	_	_	_	_	_	linguistic	_	ContainsVariation=No	_	_	_	_	_	_
698-3	BOI029	698	3	studente	studente	_	_	_	_	_	linguistic	_	ContainsVariation=No	_	_	_	_	_	_
698-4	BOI029	698	4	che	che	_	_	_	_	_	linguistic	_	ContainsVariation=No	_	_	_	_	_	_
698-5	BOI029	698	5	ha	ha	_	_	_	_	_	linguistic	_	ContainsVariation=No	PauseAfter=Yes	_	_	_	_	_
698-6	BOI029	698	6	(.)	(.)	_	_	_	_	_	shortpause	_	ContainsVariation=No	_	_	_	_	_	_
698-7	BOI029	698	7	indicazioni	indicazioni	_	_	_	_	_	linguistic	_	ContainsVariation=No	_	_	_	_	_	_
698-8	BOI029	698	8	molto	molto	_	_	_	_	_	linguistic	_	ContainsVariation=No	_	_	_	_	_	_
698-9	BOI029	698	9	precise	precise	_	_	_	_	_	linguistic	_	ContainsVariation=No	_	_	_	_	_	_
698-10	BOI029	698	10	rispetto	rispetto	_	_	_	_	_	linguistic	_	ContainsVariation=No	_	_	_	_	_	_
698-11	BOI029	698	11	a	a	_	_	_	_	_	linguistic	_	ContainsVariation=No	_	_	_	_	_	_
698-12	BOI029	698	12	competenze	competenze	_	_	_	_	_	linguistic	_	ContainsVariation=No	_	_	_	_	_	_
698-13	BOI029	698	13	lì	lì	_	_	_	_	_	linguistic	_	ContainsVariation=No	_	_	_	_	_	_
698-14	BOI029	698	14	e	e	_	_	_	_	_	linguistic	_	ContainsVariation=No	_	_	_	_	_	_
698-15	BOI029	698	15	non	non	_	_	_	_	_	linguistic	_	ContainsVariation=No	_	_	_	_	_	_
698-16	BOI029	698	16	in	in	_	_	_	_	_	linguistic	_	ContainsVariation=No	_	_	_	_	_	_
698-17	BOI029	698	17	altre	altre	_	_	_	_	_	linguistic	_	ContainsVariation=No	_	_	_	_	_	_
698-18	BOI029	698	18	parti:	parti	_	_	_	_	_	linguistic	_	ContainsVariation=No	_	End=2691.32	4x1	_	_	_
699-0	BOR001	699	0	°sì	sì	_	_	_	_	_	linguistic	_	ContainsVariation=No	Volume=low	Begin=2691.9	_	_	_	_
699-1	BOR001	699	1	anche	anche	_	_	_	_	_	linguistic	_	ContainsVariation=No	Volume=low	_	_	_	_	_
699-2	BOR001	699	2	perché:°	perché	_	_	_	_	_	linguistic	_	ContainsVariation=No	Volume=low	_	5x1	_	_	_
699-3	BOR001	699	3	mh	mh	_	_	_	_	_	linguistic	_	ContainsVariation=No	_	_	_	_	_	_
699-4	BOR001	699	4	non	non	_	_	_	_	_	linguistic	_	ContainsVariation=No	_	_	_	_	_	_
699-5	BOR001	699	5	è	è	_	_	_	_	_	linguistic	_	ContainsVariation=No	_	_	_	_	_	_
699-6	BOR001	699	6	che	che	_	_	_	_	_	linguistic	_	ContainsVariation=No	_	_	_	_	_	_
699-7	BOR001	699	7	si	si	_	_	_	_	_	linguistic	_	ContainsVariation=No	_	_	_	_	_	_
699-8	BOR001	699	8	debba	debba	_	_	_	_	_	linguistic	_	ContainsVariation=No	_	_	_	_	_	_
699-9	BOR001	699	9	per	per	_	_	_	_	_	linguistic	_	ContainsVariation=No	_	_	_	_	_	_
699-10	BOR001	699	10	forz[a:]	forza	_	_	_	_	_	linguistic	_	ContainsVariation=No	_	End=2695.09	4x1	_	_	4-5(145)
700-0	BOI029	700	0	[anda]re	andare	_	_	_	_	_	linguistic	_	ContainsVariation=No	_	Begin=2694.72	_	_	_	0-4(145)
700-1	BOI029	700	1	bene	bene	_	_	_	_	_	linguistic	_	ContainsVariation=No	_	_	_	_	_	_
700-2	BOI029	700	2	[in	in	_	_	_	_	_	linguistic	_	ContainsVariation=No	_	_	_	_	_	0-2(146)
700-3	BOI029	700	3	tutto	tutto	_	_	_	_	_	linguistic	_	ContainsVariation=No	PauseAfter=Yes	_	_	_	_	0-5(146)
700-4	BOI029	700	4	(.)	(.)	_	_	_	_	_	shortpause	_	ContainsVariation=No	_	_	_	_	_	X(146)
700-5	BOI029	700	5	sì]	sì	_	_	_	_	_	linguistic	_	ContainsVariation=No	_	End=2696.217	_	_	_	0-2(146)
701-0	BOR001	701	0	[eccellere	eccellere	_	_	_	_	_	linguistic	_	ContainsVariation=No	_	Begin=2695.4	_	_	_	0-9(146)
701-1	BOR001	701	1	in]	in	_	_	_	_	_	linguistic	_	ContainsVariation=No	_	_	_	_	_	0-2(146)
701-2	BOR001	701	2	materia	materia	_	_	_	_	_	linguistic	_	ContainsVariation=No	_	_	_	_	_	_
701-3	BOR001	701	3	cioò	cioò	_	_	_	_	_	linguistic	_	ContainsVariation=No	_	_	_	_	_	_
701-4	BOR001	701	4	[non]	non	_	_	_	_	_	linguistic	_	ContainsVariation=No	_	End=2697.921	_	_	_	0-3(147)
702-0	BOI029	702	0	[sì	sì	_	_	_	_	_	linguistic	_	ContainsVariation=No	_	Begin=2697.12	_	_	_	0-2(147)
702-1	BOI029	702	1	sì]	sì	_	_	_	_	_	linguistic	_	ContainsVariation=No	_	End=2697.53	_	_	_	0-2(147)
703-0	BOR001	703	0	vabbè	vabbè	_	_	_	_	_	linguistic	_	ContainsVariation=No	_	Begin=2700.4|End=2700.89	_	_	_	_
704-0	BOR001	704	0	((ride))	((ride))	_	_	_	_	_	nonverbalbehavior	_	ContainsVariation=No	_	Begin=2701.61	_	_	_	_
704-1	BOR001	704	1	[xxx	xxx	_	_	_	_	_	unknown	_	ContainsVariation=No	Syllables=3	_	_	_	_	0-3(148)
704-2	BOR001	704	2	sì]	sì	_	_	_	_	_	linguistic	_	ContainsVariation=No	_	End=2704.48	_	_	_	0-2(148)
705-0	BOI029	705	0	((ride))	((ride))	_	_	_	_	_	nonverbalbehavior	_	ContainsVariation=No	_	Begin=2701.78	_	_	_	_
705-1	BOI029	705	1	[siamo	siamo	_	_	_	_	_	linguistic	_	ContainsVariation=No	_	_	_	_	_	0-5(148)
705-2	BOI029	705	2	andati	andati	_	_	_	_	_	linguistic	_	ContainsVariation=No	_	_	_	_	_	0-6(148)
705-3	BOI029	705	3	fuori	fuori	_	_	_	_	_	linguistic	_	ContainsVariation=No	_	_	_	_	_	0-5(148)
705-4	BOI029	705	4	dal	dal	_	_	_	_	_	linguistic	_	ContainsVariation=No	_	_	_	_	_	0-3(148)
705-5	BOI029	705	5	seminato	seminato	_	_	_	_	_	linguistic	_	ContainsVariation=No	_	_	_	_	_	0-8(148)
705-6	BOI029	705	6	ma]	ma	_	_	_	_	_	linguistic	_	ContainsVariation=No	_	_	_	_	_	0-2(148)
705-7	BOI029	705	7	pazienza	pazienza	_	_	_	_	_	linguistic	_	ContainsVariation=No	_	End=2705.44	_	_	_	_
