token_id	speaker	tu_id	unit	id	span	form	lemma	upos	xpos	feats	deprel	type	meta_label	variation	jefferson_feats	align	prolongations	pace	guesses	overlaps
0-0	BOR030	0	0	0	perfetto	perfetto	_	_	_	_	_	linguistic	_	none	PauseAfter=Yes	Begin=0.431	_	_	_	_
0-1	BOR030	0	0	1	{P}	{P}	_	_	_	_	_	shortpause	_	none	_	_	_	_	_	_
0-2	BOR030	0	0	2	dunque	dunque	_	_	_	_	_	linguistic	_	none	_	_	_	_	_	_
0-3	BOR030	0	0	3	io	io	_	_	_	_	_	linguistic	_	none	_	_	_	_	_	_
0-4	BOR030	0	0	4	inizierei	inizierei	_	_	_	_	_	linguistic	_	none	_	_	_	_	_	_
0-5	BOR030	0	0	5	chiedendoti	chiedendoti	_	_	_	_	_	linguistic	_	none	_	_	_	_	_	_
0-6	BOR030	0	0	6	in	in	_	_	_	_	_	linguistic	_	none	_	_	_	_	_	_
0-7	BOR030	0	0	7	che	che	_	_	_	_	_	linguistic	_	none	_	_	_	_	_	_
0-8	BOR030	0	0	8	zona	zona	_	_	_	_	_	linguistic	_	none	_	_	_	_	_	_
0-9	BOR030	0	0	9	di	di	_	_	_	_	_	linguistic	_	none	_	_	_	_	_	_
0-10	BOR030	0	0	10	bologna	bologna	_	_	_	_	_	linguistic	_	none	_	_	_	_	_	_
0-11	BOR030	0	0	11	vivi	vivi	_	_	_	_	_	linguistic	_	none	_	End=4.405	_	_	_	_
1-0	BOI090	1	1	0	all:ra	allra	_	_	_	_	_	linguistic	_	none	_	Begin=4.565	2x1	_	_	_
1-1	BOI090	1	1	1	io	io	_	_	_	_	_	linguistic	_	none	_	_	_	_	_	_
1-2	BOI090	1	1	2	vivo	vivo	_	_	_	_	_	linguistic	_	none	_	_	_	_	_	_
1-3	BOI090	1	1	3	a	a	_	_	_	_	_	linguistic	_	none	_	_	_	_	_	_
1-4	BOI090	1	1	4	sala	sala	_	_	_	_	_	linguistic	_	none	_	_	_	_	_	_
1-5	BOI090	1	1	5	bolognese	bolognese	_	_	_	_	_	linguistic	_	none	_	_	_	_	_	_
1-6	BOI090	1	1	6	che	che	_	_	_	_	_	linguistic	_	none	_	_	_	_	_	_
1-7	BOI090	1	1	7	è	è	_	_	_	_	_	linguistic	_	none	_	_	_	_	_	_
1-8	BOI090	1	1	8	in	in	_	_	_	_	_	linguistic	_	none	_	_	_	_	_	_
1-9	BOI090	1	1	9	provincia	provincia	_	_	_	_	_	linguistic	_	none	_	_	_	_	_	_
1-10	BOI090	1	1	10	di	di	_	_	_	_	_	linguistic	_	none	_	_	_	_	_	_
1-11	BOI090	1	1	11	bologna,	bologna	_	_	_	_	_	linguistic	_	none	Intonation=WeaklyRising	_	_	_	_	_
1-12	BOI090	1	1	12	un	un	_	_	_	_	_	linguistic	_	none	_	_	_	_	_	_
1-13	BOI090	1	1	13	po'	po'	_	_	_	_	_	linguistic	_	none	_	_	_	_	_	_
1-14	BOI090	1	1	14	fuori	fuori	_	_	_	_	_	linguistic	_	none	_	_	_	_	_	_
1-15	BOI090	1	1	15	dal	dal	_	_	_	_	_	linguistic	_	none	_	_	_	_	_	_
1-16	BOI090	1	1	16	centro	centro	_	_	_	_	_	linguistic	_	none	_	End=9.618	_	_	_	_
2-0	BOR030	2	2	0	°okay°	okay	_	_	_	_	_	linguistic	_	none	Volume=low	Begin=9.888|End=10.361	_	_	_	_
3-0	BOR030	3	3	0	e	e	_	_	_	_	_	linguistic	_	none	_	Begin=10.676	_	_	_	_
3-1	BOR030	3	3	1	hai	hai	_	_	_	_	_	linguistic	_	none	_	_	_	_	_	_
3-2	BOR030	3	3	2	sempre	sempre	_	_	_	_	_	linguistic	_	none	_	_	_	_	_	_
3-3	BOR030	3	3	3	vissuto	vissuto	_	_	_	_	_	linguistic	_	none	_	_	_	_	_	_
3-4	BOR030	3	3	4	lì?	lì	_	_	_	_	_	linguistic	_	none	Intonation=Rising	End=11.771	_	_	_	_
4-0	BOI090	4	4	0	sì:	sì	_	_	_	_	_	linguistic	_	none	_	Begin=12.04|End=12.586	1x1	_	_	_
5-0	BOI090	5	5	0	sempre	sempre	_	_	_	_	_	linguistic	_	none	_	Begin=12.808	_	_	_	_
5-1	BOI090	5	5	1	vissuto	vissuto	_	_	_	_	_	linguistic	_	none	_	_	_	_	_	_
5-2	BOI090	5	5	2	qua	qua	_	_	_	_	_	linguistic	_	none	_	End=13.522	_	_	_	_
6-0	BOR030	6	6	0	le	le	_	_	_	_	_	linguistic	_	none	_	Begin=14.176	_	_	_	_
6-1	BOR030	6	6	1	scuole	scuole	_	_	_	_	_	linguistic	_	none	_	_	_	_	_	_
6-2	BOR030	6	6	2	pu:re	pure	_	_	_	_	_	linguistic	_	none	_	_	1x1	_	_	_
6-3	BOR030	6	6	3	le	le	_	_	_	_	_	linguistic	_	none	_	_	_	_	_	_
6-4	BOR030	6	6	4	hai	hai	_	_	_	_	_	linguistic	_	none	_	_	_	_	_	_
6-5	BOR030	6	6	5	frequentate	frequentate	_	_	_	_	_	linguistic	_	none	_	_	_	_	_	_
6-6	BOR030	6	6	6	lì?	lì	_	_	_	_	_	linguistic	_	none	Intonation=Rising	End=16.138	_	_	_	_
7-0	BOI090	7	7	0	sì	sì	_	_	_	_	_	linguistic	_	none	_	Begin=16.547	_	_	_	_
7-1	BOI090	7	7	1	ho	ho	_	_	_	_	_	linguistic	_	none	_	_	_	_	_	_
7-2	BOI090	7	7	2	frequentato:	frequentato	_	_	_	_	_	linguistic	_	none	_	End=18.137	10x1	_	_	_
8-0	BOI090	8	8	0	elementari	elementari	_	_	_	_	_	linguistic	_	none	_	Begin=18.354	_	_	_	_
8-1	BOI090	8	8	1	e	e	_	_	_	_	_	linguistic	_	none	_	_	_	_	_	_
8-2	BOI090	8	8	2	medie,	medie	_	_	_	_	_	linguistic	_	none	Intonation=WeaklyRising	_	_	_	_	_
8-3	BOI090	8	8	3	a	a	_	_	_	_	_	linguistic	_	none	_	_	_	_	_	_
8-4	BOI090	8	8	4	sala	sala	_	_	_	_	_	linguistic	_	none	_	_	_	_	_	_
8-5	BOI090	8	8	5	bolognese	bolognese	_	_	_	_	_	linguistic	_	none	_	_	_	_	_	_
8-6	BOI090	8	8	6	poi	poi	_	_	_	_	_	linguistic	_	none	_	_	_	_	_	_
8-7	BOI090	8	8	7	mi	mi	_	_	_	_	_	linguistic	_	none	_	_	_	_	_	_
8-8	BOI090	8	8	8	sono	sono	_	_	_	_	_	linguistic	_	none	_	_	_	_	_	_
8-9	BOI090	8	8	9	spostata	spostata	_	_	_	_	_	linguistic	_	none	_	_	_	_	_	_
8-10	BOI090	8	8	10	in	in	_	_	_	_	_	linguistic	_	none	_	_	_	_	_	_
8-11	BOI090	8	8	11	un'	un'	_	_	_	_	_	linguistic	_	none	SpaceAfter=No	_	_	_	_	_
8-12	BOI090	8	8	12	altra	altra	_	_	_	_	_	linguistic	_	none	_	_	_	_	_	_
8-13	BOI090	8	8	13	provincia	provincia	_	_	_	_	_	linguistic	_	none	PauseAfter=Yes	_	_	_	_	_
8-14	BOI090	8	8	14	{P}	{P}	_	_	_	_	_	shortpause	_	none	_	_	_	_	_	_
8-15	BOI090	8	8	15	san	san	_	_	_	_	_	linguistic	_	none	_	_	_	_	_	_
8-16	BOI090	8	8	16	giovanni	giovanni	_	_	_	_	_	linguistic	_	none	_	_	_	_	_	_
8-17	BOI090	8	8	17	in	in	_	_	_	_	_	linguistic	_	none	_	_	_	_	_	_
8-18	BOI090	8	8	18	persiceto	persiceto	_	_	_	_	_	linguistic	_	none	_	End=23.961	_	_	_	_
9-0	BOR030	9	9	0	°d'	d'	_	_	_	_	_	linguistic	_	none	SpaceAfter=No|Volume=low	Begin=24.145	_	_	_	_
9-1	BOR030	9	9	1	accordo°	accordo	_	_	_	_	_	linguistic	_	none	Volume=low	End=24.782	_	_	_	_
10-0	BOR030	10	10	0	e:	e	_	_	_	_	_	linguistic	_	none	_	Begin=24.844	0x1	_	_	_
10-1	BOR030	10	10	1	con	con	_	_	_	_	_	linguistic	_	none	_	_	_	_	_	_
10-2	BOR030	10	10	2	i	i	_	_	_	_	_	linguistic	_	none	_	_	_	_	_	_
10-3	BOR030	10	10	3	tuoi	tuoi	_	_	_	_	_	linguistic	_	none	_	_	_	_	_	_
10-4	BOR030	10	10	4	amici	amici	_	_	_	_	_	linguistic	_	none	_	_	_	_	_	_
10-5	BOR030	10	10	5	ti	ti	_	_	_	_	_	linguistic	_	none	_	_	_	_	_	_
10-6	BOR030	10	10	6	senti	senti	_	_	_	_	_	linguistic	_	none	_	_	_	_	_	_
10-7	BOR030	10	10	7	ancora	ancora	_	_	_	_	_	linguistic	_	none	_	_	_	_	_	_
10-8	BOR030	10	10	8	e	e	_	_	_	_	_	linguistic	_	none	_	_	_	_	_	_
10-9	BOR030	10	10	9	sono:	sono	_	_	_	_	_	linguistic	_	none	_	_	3x1	_	_	_
10-10	BOR030	10	10	10	vivono	vivono	_	_	_	_	_	linguistic	_	none	_	_	_	_	_	_
10-11	BOR030	10	10	11	vicino	vicino	_	_	_	_	_	linguistic	_	none	_	_	_	_	_	_
10-12	BOR030	10	10	12	a	a	_	_	_	_	_	linguistic	_	none	_	_	_	_	_	_
10-13	BOR030	10	10	13	te?	te	_	_	_	_	_	linguistic	_	none	Intonation=Rising	End=28.13	_	_	_	_
11-0	BOI090	11	11	0	abbasta:nza	abbastanza	_	_	_	_	_	linguistic	_	none	_	Begin=28.283	6x1	_	_	_
11-1	BOI090	11	11	1	sì	sì	_	_	_	_	_	linguistic	_	none	_	_	_	_	_	_
11-2	BOI090	11	11	2	son	son	_	_	_	_	_	linguistic	_	none	_	_	_	_	_	_
11-3	BOI090	11	11	3	tutti	tutti	_	_	_	_	_	linguistic	_	none	_	_	_	_	_	_
11-4	BOI090	11	11	4	nelle	nelle	_	_	_	_	_	linguistic	_	none	_	_	_	_	_	_
11-5	BOI090	11	11	5	zone	zone	_	_	_	_	_	linguistic	_	none	_	_	_	_	_	_
11-6	BOI090	11	11	6	di	di	_	_	_	_	_	linguistic	_	none	_	_	_	_	_	_
11-7	BOI090	11	11	7	bologna,	bologna	_	_	_	_	_	linguistic	_	none	Intonation=WeaklyRising	_	_	_	_	_
11-8	BOI090	11	11	8	non	non	_	_	_	_	_	linguistic	_	none	_	_	_	_	_	_
11-9	BOI090	11	11	9	nella	nella	_	_	_	_	_	linguistic	_	none	_	_	_	_	_	_
11-10	BOI090	11	11	10	mia	mia	_	_	_	_	_	linguistic	_	none	_	_	_	_	_	_
11-11	BOI090	11	11	11	stessa	stessa	_	_	_	_	_	linguistic	_	none	_	_	_	_	_	_
11-12	BOI090	11	11	12	provincia	provincia	_	_	_	_	_	linguistic	_	none	_	_	_	_	_	_
11-13	BOI090	11	11	13	però:	però	_	_	_	_	_	linguistic	_	none	_	End=33.483	3x1	_	_	_
12-0	BOI090	12	12	0	diciamo	diciamo	_	_	_	_	_	linguistic	_	none	_	Begin=33.662	_	_	_	_
12-1	BOI090	12	12	1	che	che	_	_	_	_	_	linguistic	_	none	_	_	_	_	_	_
12-2	BOI090	12	12	2	siamo	siamo	_	_	_	_	_	linguistic	_	none	_	End=34.6	_	_	_	_
13-0	BOI090	13	13	0	molto	molto	_	_	_	_	_	linguistic	_	none	_	Begin=34.957	_	_	_	_
13-1	BOI090	13	13	1	vicini	vicini	_	_	_	_	_	linguistic	_	none	_	End=35.686	_	_	_	_
14-0	BOR030	14	14	0	e:	e	_	_	_	_	_	linguistic	_	none	_	Begin=36.265	0x1	_	_	_
14-1	BOR030	14	14	1	come	come	_	_	_	_	_	linguistic	_	none	_	_	_	_	_	_
14-2	BOR030	14	14	2	zona	zona	_	_	_	_	_	linguistic	_	none	_	_	_	_	_	_
14-3	BOR030	14	14	3	ti	ti	_	_	_	_	_	linguistic	_	none	_	_	_	_	_	_
14-4	BOR030	14	14	4	trovi:	trovi	_	_	_	_	_	linguistic	_	none	_	_	4x1	_	_	_
14-5	BOR030	14	14	5	bene?	bene	_	_	_	_	_	linguistic	_	none	Intonation=Rising	End=38.382	_	_	_	_
15-0	BOI090	15	15	0	sì:	sì	_	_	_	_	_	linguistic	_	none	_	Begin=38.848|End=39.608	1x1	_	_	_
16-0	BOI090	16	16	0	ha:	ha	_	_	_	_	_	linguistic	_	none	_	Begin=39.641	1x1	_	_	_
16-1	BOI090	16	16	1	più	più	_	_	_	_	_	linguistic	_	none	_	_	_	_	_	_
16-2	BOI090	16	16	2	o	o	_	_	_	_	_	linguistic	_	none	_	_	_	_	_	_
16-3	BOI090	16	16	3	meno	meno	_	_	_	_	_	linguistic	_	none	_	_	_	_	_	_
16-4	BOI090	16	16	4	tu:tto:	tutto	_	_	_	_	_	linguistic	_	none	_	End=41.207	1x1,4x1	_	_	_
17-0	BOI090	17	17	0	certo	certo	_	_	_	_	_	linguistic	_	none	_	Begin=41.352|End=41.887	_	_	_	_
18-0	BOI090	18	18	0	è	è	_	_	_	_	_	linguistic	_	none	_	Begin=42.022	_	_	_	_
18-1	BOI090	18	18	1	un	un	_	_	_	_	_	linguistic	_	none	_	_	_	_	_	_
18-2	BOI090	18	18	2	comune	comune	_	_	_	_	_	linguistic	_	none	_	_	_	_	_	_
18-3	BOI090	18	18	3	piccolino	piccolino	_	_	_	_	_	linguistic	_	none	_	_	_	_	_	_
18-4	BOI090	18	18	4	>però<	però	_	_	_	_	_	linguistic	_	none	_	End=43.825	_	Fast=0-4(0)	_	_
19-0	BOI090	19	19	0	ci	ci	_	_	_	_	_	linguistic	_	none	_	Begin=44.086	_	_	_	_
19-1	BOI090	19	19	1	son	son	_	_	_	_	_	linguistic	_	none	_	_	_	_	_	_
19-2	BOI090	19	19	2	tutte	tutte	_	_	_	_	_	linguistic	_	none	_	_	_	_	_	_
19-3	BOI090	19	19	3	le	le	_	_	_	_	_	linguistic	_	none	_	_	_	_	_	_
19-4	BOI090	19	19	4	comodità	comodità	_	_	_	_	_	linguistic	_	none	_	End=45.24	_	_	_	_
20-0	BOR030	20	20	0	e:	e	_	_	_	_	_	linguistic	_	none	_	Begin=45.736	0x1	_	_	_
20-1	BOR030	20	20	1	ci	ci	_	_	_	_	_	linguistic	_	none	_	_	_	_	_	_
20-2	BOR030	20	20	2	sono	sono	_	_	_	_	_	linguistic	_	none	_	_	_	_	_	_
20-3	BOR030	20	20	3	anche	anche	_	_	_	_	_	linguistic	_	none	_	_	_	_	_	_
20-4	BOR030	20	20	4	proble:mi	problemi	_	_	_	_	_	linguistic	_	none	_	_	5x1	_	_	_
20-5	BOR030	20	20	5	che	che	_	_	_	_	_	linguistic	_	none	_	_	_	_	_	_
20-6	BOR030	20	20	6	magari	magari	_	_	_	_	_	linguistic	_	none	_	_	_	_	_	_
20-7	BOR030	20	20	7	vorresti	vorresti	_	_	_	_	_	linguistic	_	none	_	_	_	_	_	_
20-8	BOR030	20	20	8	migliora:re?	migliorare	_	_	_	_	_	linguistic	_	none	Intonation=Rising	End=48.676	7x1	_	_	_
21-0	BOI090	21	21	0	n:o:	no	_	_	_	_	_	linguistic	_	none	_	Begin=49.081|End=50.021	0x1,1x1	_	_	_
22-0	BOI090	22	22	0	forse:	forse	_	_	_	_	_	linguistic	_	none	_	Begin=50.112	4x1	_	_	_
22-1	BOI090	22	22	1	ci	ci	_	_	_	_	_	linguistic	_	none	_	_	_	_	_	_
22-2	BOI090	22	22	2	sono	sono	_	_	_	_	_	linguistic	_	none	_	_	_	_	_	_
22-3	BOI090	22	22	3	persone	persone	_	_	_	_	_	linguistic	_	none	_	_	_	_	_	_
22-4	BOI090	22	22	4	un	un	_	_	_	_	_	linguistic	_	none	_	_	_	_	_	_
22-5	BOI090	22	22	5	po'	po'	_	_	_	_	_	linguistic	_	none	_	End=52.396	_	_	_	_
23-0	BOI090	23	23	0	diciamo	diciamo	_	_	_	_	_	linguistic	_	none	_	Begin=52.781|End=53.446	_	_	_	_
24-0	BOI090	24	24	0	non	non	_	_	_	_	_	linguistic	_	none	_	Begin=53.805	_	_	_	_
24-1	BOI090	24	24	1	ben	ben	_	_	_	_	_	linguistic	_	none	_	_	_	_	_	_
24-2	BOI090	24	24	2	vi:ste	viste	_	_	_	_	_	linguistic	_	none	_	_	1x1	_	_	_
24-3	BOI090	24	24	3	però:	però	_	_	_	_	_	linguistic	_	none	_	_	3x1	_	_	_
24-4	BOI090	24	24	4	diciamo	diciamo	_	_	_	_	_	linguistic	_	none	_	_	_	_	_	_
24-5	BOI090	24	24	5	che:	che	_	_	_	_	_	linguistic	_	none	_	_	2x1	_	_	_
24-6	BOI090	24	24	6	per	per	_	_	_	_	_	linguistic	_	none	_	_	_	_	_	_
24-7	BOI090	24	24	7	il	il	_	_	_	_	_	linguistic	_	none	_	_	_	_	_	_
24-8	BOI090	24	24	8	resto	resto	_	_	_	_	_	linguistic	_	none	_	_	_	_	_	_
24-9	BOI090	24	24	9	è	è	_	_	_	_	_	linguistic	_	none	_	_	_	_	_	_
24-10	BOI090	24	24	10	tutto	tutto	_	_	_	_	_	linguistic	_	none	_	_	_	_	_	_
24-11	BOI090	24	24	11	abbastanza	abbastanza	_	_	_	_	_	linguistic	_	none	_	_	_	_	_	_
24-12	BOI090	24	24	12	comodo,	comodo	_	_	_	_	_	linguistic	_	none	Intonation=WeaklyRising	_	_	_	_	_
24-13	BOI090	24	24	13	quindi	quindi	_	_	_	_	_	linguistic	_	none	_	_	_	_	_	_
24-14	BOI090	24	24	14	no	no	_	_	_	_	_	linguistic	_	none	_	End=59.396	_	_	_	_
25-0	BOR030	25	25	0	°d'	d'	_	_	_	_	_	linguistic	_	none	SpaceAfter=No|Volume=low	Begin=59.95	_	_	_	_
25-1	BOR030	25	25	1	accordo°	accordo	_	_	_	_	_	linguistic	_	none	Volume=low	End=60.762	_	_	_	_
26-0	BOR030	26	26	0	e:	e	_	_	_	_	_	linguistic	_	none	_	Begin=61.477	0x1	_	_	_
26-1	BOR030	26	26	1	m:h	mh	_	_	_	_	_	linguistic	_	none	_	End=62.77	0x1	_	_	_
27-0	BOR030	27	27	0	trovi	trovi	_	_	_	_	_	linguistic	_	none	_	Begin=62.984	_	_	_	_
27-1	BOR030	27	27	1	tutto	tutto	_	_	_	_	_	linguistic	_	none	_	_	_	_	_	_
27-2	BOR030	27	27	2	quindi	quindi	_	_	_	_	_	linguistic	_	none	_	_	_	_	_	_
27-3	BOR030	27	27	3	nel	nel	_	_	_	_	_	linguistic	_	none	_	_	_	_	_	_
27-4	BOR030	27	27	4	tuo	tuo	_	_	_	_	_	linguistic	_	none	_	_	_	_	_	_
27-5	BOR030	27	27	5	quartiere?	quartiere	_	_	_	_	_	linguistic	_	none	Intonation=Rising	_	_	_	_	_
27-6	BOR030	27	27	6	o	o	_	_	_	_	_	linguistic	_	none	_	_	_	_	_	_
27-7	BOR030	27	27	7	devi	devi	_	_	_	_	_	linguistic	_	none	PauseAfter=Yes	_	_	_	_	_
27-8	BOR030	27	27	8	{P}	{P}	_	_	_	_	_	shortpause	_	none	_	_	_	_	_	_
27-9	BOR030	27	27	9	sposta:rti?	spostarti	_	_	_	_	_	linguistic	_	none	Intonation=Rising	End=67.096	5x1	_	_	_
28-0	BOI090	28	28	0	oka:y	okay	_	_	_	_	_	linguistic	_	none	_	Begin=67.219	2x1	_	_	_
28-1	BOI090	28	28	1	allora	allora	_	_	_	_	_	linguistic	_	none	_	End=68.238	_	_	_	_
29-0	BOI090	29	29	0	per	per	_	_	_	_	_	linguistic	_	none	_	Begin=68.317	_	_	_	_
29-1	BOI090	29	29	1	fare	fare	_	_	_	_	_	linguistic	_	none	_	_	_	_	_	_
29-2	BOI090	29	29	2	la	la	_	_	_	_	_	linguistic	_	none	_	_	_	_	_	_
29-3	BOI090	29	29	3	spe:sa,	spesa	_	_	_	_	_	linguistic	_	none	Intonation=WeaklyRising	_	2x1	_	_	_
29-4	BOI090	29	29	4	i	i	_	_	_	_	_	linguistic	_	none	_	_	_	_	_	_
29-5	BOI090	29	29	5	beni	beni	_	_	_	_	_	linguistic	_	none	_	_	_	_	_	_
29-6	BOI090	29	29	6	di	di	_	_	_	_	_	linguistic	_	none	_	_	_	_	_	_
29-7	BOI090	29	29	7	prima	prima	_	_	_	_	_	linguistic	_	none	_	_	_	_	_	_
29-8	BOI090	29	29	8	necessità	necessità	_	_	_	_	_	linguistic	_	none	_	_	_	_	_	_
29-9	BOI090	29	29	9	fo:rse	forse	_	_	_	_	_	linguistic	_	none	_	_	1x1	_	_	_
29-10	BOI090	29	29	10	è	è	_	_	_	_	_	linguistic	_	none	_	_	_	_	_	_
29-11	BOI090	29	29	11	meglio	meglio	_	_	_	_	_	linguistic	_	none	_	_	_	_	_	_
29-12	BOI090	29	29	12	sposta:rsi	spostarsi	_	_	_	_	_	linguistic	_	none	_	_	5x1	_	_	_
29-13	BOI090	29	29	13	perché	perché	_	_	_	_	_	linguistic	_	none	_	_	_	_	_	_
29-14	BOI090	29	29	14	è	è	_	_	_	_	_	linguistic	_	none	_	_	_	_	_	_
29-15	BOI090	29	29	15	vero	vero	_	_	_	_	_	linguistic	_	none	_	_	_	_	_	_
29-16	BOI090	29	29	16	c'	c'	_	_	_	_	_	linguistic	_	none	SpaceAfter=No	_	_	_	_	_
29-17	BOI090	29	29	17	è	è	_	_	_	_	_	linguistic	_	none	_	_	_	_	_	_
29-18	BOI090	29	29	18	tu:tto	tutto	_	_	_	_	_	linguistic	_	none	_	_	1x1	_	_	_
29-19	BOI090	29	29	19	ma	ma	_	_	_	_	_	linguistic	_	none	_	_	_	_	_	_
29-20	BOI090	29	29	20	è	è	_	_	_	_	_	linguistic	_	none	_	_	_	_	_	_
29-21	BOI090	29	29	21	tutto	tutto	_	_	_	_	_	linguistic	_	none	_	_	_	_	_	_
29-22	BOI090	29	29	22	molto	molto	_	_	_	_	_	linguistic	_	none	_	_	_	_	_	_
29-23	BOI090	29	29	23	piccolo	piccolo	_	_	_	_	_	linguistic	_	none	_	End=75.937	_	_	_	_
30-0	BOI090	30	30	0	quindi:	quindi	_	_	_	_	_	linguistic	_	none	_	Begin=76.175	5x1	_	_	_
30-1	BOI090	30	30	1	ovviamente	ovviamente	_	_	_	_	_	linguistic	_	none	_	_	_	_	_	_
30-2	BOI090	30	30	2	se	se	_	_	_	_	_	linguistic	_	none	_	_	_	_	_	_
30-3	BOI090	30	30	3	bisogna	bisogna	_	_	_	_	_	linguistic	_	none	_	_	_	_	_	_
30-4	BOI090	30	30	4	trovare	trovare	_	_	_	_	_	linguistic	_	none	_	_	_	_	_	_
30-5	BOI090	30	30	5	le	le	_	_	_	_	_	linguistic	_	none	_	_	_	_	_	_
30-6	BOI090	30	30	6	comodità	comodità	_	_	_	_	_	linguistic	_	none	_	End=78.611	_	_	_	_
31-0	BOI090	31	31	0	diciamo	diciamo	_	_	_	_	_	linguistic	_	none	_	Begin=79.261|End=79.899	_	_	_	_
32-0	BOI090	32	32	0	al	al	_	_	_	_	_	linguistic	_	none	_	Begin=80.157	_	_	_	_
32-1	BOI090	32	32	1	cento	cento	_	_	_	_	_	linguistic	_	none	_	_	_	_	_	_
32-2	BOI090	32	32	2	per	per	_	_	_	_	_	linguistic	_	none	_	_	_	_	_	_
32-3	BOI090	32	32	3	cento	cento	_	_	_	_	_	linguistic	_	none	_	_	_	_	_	_
32-4	BOI090	32	32	4	bisogna	bisogna	_	_	_	_	_	linguistic	_	none	_	_	_	_	_	_
32-5	BOI090	32	32	5	un	un	_	_	_	_	_	linguistic	_	none	_	_	_	_	_	_
32-6	BOI090	32	32	6	po'	po'	_	_	_	_	_	linguistic	_	none	_	_	_	_	_	_
32-7	BOI090	32	32	7	spostarsi	spostarsi	_	_	_	_	_	linguistic	_	none	_	_	_	_	_	_
32-8	BOI090	32	32	8	negli	negli	_	_	_	_	_	linguistic	_	none	_	_	_	_	_	_
32-9	BOI090	32	32	9	altri	altri	_	_	_	_	_	linguistic	_	none	_	_	_	_	_	_
32-10	BOI090	32	32	10	comuni	comuni	_	_	_	_	_	linguistic	_	none	_	End=83.292	_	_	_	_
33-0	BOI090	33	33	0	vero	vero	_	_	_	_	_	linguistic	_	none	_	Begin=84.281	_	_	_	_
33-1	BOI090	33	33	1	è	è	_	_	_	_	_	linguistic	_	none	_	_	_	_	_	_
33-2	BOI090	33	33	2	che	che	_	_	_	_	_	linguistic	_	none	_	_	_	_	_	_
33-3	BOI090	33	33	3	comunque	comunque	_	_	_	_	_	linguistic	_	none	_	_	_	_	_	_
33-4	BOI090	33	33	4	c'	c'	_	_	_	_	_	linguistic	_	none	SpaceAfter=No	_	_	_	_	_
33-5	BOI090	33	33	5	è	è	_	_	_	_	_	linguistic	_	none	_	_	_	_	_	_
33-6	BOI090	33	33	6	tu:tto.	tutto	_	_	_	_	_	linguistic	_	none	Intonation=Falling	_	1x1	_	_	_
33-7	BOI090	33	33	7	farmaci:a,	farmacia	_	_	_	_	_	linguistic	_	none	Intonation=WeaklyRising	_	6x1	_	_	_
33-8	BOI090	33	33	8	centri	centri	_	_	_	_	_	linguistic	_	none	_	_	_	_	_	_
33-9	BOI090	33	33	9	commercia:li:,	commerciali	_	_	_	_	_	linguistic	_	none	Intonation=WeaklyRising	End=88.22	8x1,10x1	_	_	_
34-0	BOI090	34	34	0	però:	però	_	_	_	_	_	linguistic	_	none	PauseAfter=Yes	Begin=88.908	3x1	_	_	_
34-1	BOI090	34	34	1	{P}	{P}	_	_	_	_	_	shortpause	_	none	_	_	_	_	_	_
34-2	BOI090	34	34	2	ecco	ecco	_	_	_	_	_	linguistic	_	none	_	_	_	_	_	_
34-3	BOI090	34	34	3	sì	sì	_	_	_	_	_	linguistic	_	none	_	End=90.732	_	_	_	_
35-0	BOR030	35	35	0	e:	e	_	_	_	_	_	linguistic	_	none	_	Begin=91.51	0x1	_	_	_
35-1	BOR030	35	35	1	per	per	_	_	_	_	_	linguistic	_	none	_	_	_	_	_	_
35-2	BOR030	35	35	2	muoverti	muoverti	_	_	_	_	_	linguistic	_	none	_	_	_	_	_	_
35-3	BOR030	35	35	3	che	che	_	_	_	_	_	linguistic	_	none	_	_	_	_	_	_
35-4	BOR030	35	35	4	mezzi	mezzi	_	_	_	_	_	linguistic	_	none	_	_	_	_	_	_
35-5	BOR030	35	35	5	usi?	usi	_	_	_	_	_	linguistic	_	none	Intonation=Rising	End=93.556	_	_	_	_
36-0	BOI090	36	36	0	allo:ra	allora	_	_	_	_	_	linguistic	_	none	_	Begin=93.816	3x1	_	_	_
36-1	BOI090	36	36	1	abbiamo	abbiamo	_	_	_	_	_	linguistic	_	none	_	_	_	_	_	_
36-2	BOI090	36	36	2	il	il	_	_	_	_	_	linguistic	_	none	_	_	_	_	_	_
36-3	BOI090	36	36	3	tre:no	treno	_	_	_	_	_	linguistic	_	none	_	End=95.456	2x1	_	_	_
37-0	BOI090	37	37	0	che	che	_	_	_	_	_	linguistic	_	none	_	Begin=95.748	_	_	_	_
37-1	BOI090	37	37	1	è:	è	_	_	_	_	_	linguistic	_	none	_	_	0x1	_	_	_
37-2	BOI090	37	37	2	comodissimo	comodissimo	_	_	_	_	_	linguistic	_	none	_	_	_	_	_	_
37-3	BOI090	37	37	3	perché	perché	_	_	_	_	_	linguistic	_	none	_	_	_	_	_	_
37-4	BOI090	37	37	4	è	è	_	_	_	_	_	linguistic	_	none	_	_	_	_	_	_
37-5	BOI090	37	37	5	nel	nel	_	_	_	_	_	linguistic	_	none	_	_	_	_	_	_
37-6	BOI090	37	37	6	mio	mio	_	_	_	_	_	linguistic	_	none	_	_	_	_	_	_
37-7	BOI090	37	37	7	comune	comune	_	_	_	_	_	linguistic	_	none	_	End=98.325	_	_	_	_
38-0	BOI090	38	38	0	ci	ci	_	_	_	_	_	linguistic	_	none	_	Begin=99.027	_	_	_	_
38-1	BOI090	38	38	1	sono	sono	_	_	_	_	_	linguistic	_	none	_	_	_	_	_	_
38-2	BOI090	38	38	2	gli	gli	_	_	_	_	_	linguistic	_	none	_	_	_	_	_	_
38-3	BOI090	38	38	3	autobus	autobus	_	_	_	_	_	linguistic	_	none	_	_	_	_	_	_
38-4	BOI090	38	38	4	passano	passano	_	_	_	_	_	linguistic	_	none	_	_	_	_	_	_
38-5	BOI090	38	38	5	sempre	sempre	_	_	_	_	_	linguistic	_	none	_	End=101.288	_	_	_	_
39-0	BOI090	39	39	0	però	però	_	_	_	_	_	linguistic	_	none	_	Begin=101.556	_	_	_	_
39-1	BOI090	39	39	1	direi	direi	_	_	_	_	_	linguistic	_	none	_	_	_	_	_	_
39-2	BOI090	39	39	2	che	che	_	_	_	_	_	linguistic	_	none	_	_	_	_	_	_
39-3	BOI090	39	39	3	il	il	_	_	_	_	_	linguistic	_	none	_	_	_	_	_	_
39-4	BOI090	39	39	4	mezzo	mezzo	_	_	_	_	_	linguistic	_	none	_	_	_	_	_	_
39-5	BOI090	39	39	5	di:	di	_	_	_	_	_	linguistic	_	none	_	_	1x1	_	_	_
39-6	BOI090	39	39	6	m:h	mh	_	_	_	_	_	linguistic	_	none	_	_	0x1	_	_	_
39-7	BOI090	39	39	7	il	il	_	_	_	_	_	linguistic	_	none	_	_	_	_	_	_
39-8	BOI090	39	39	8	mezzo	mezzo	_	_	_	_	_	linguistic	_	none	_	_	_	_	_	_
39-9	BOI090	39	39	9	più	più	_	_	_	_	_	linguistic	_	none	_	_	_	_	_	_
39-10	BOI090	39	39	10	comodo	comodo	_	_	_	_	_	linguistic	_	none	_	_	_	_	_	_
39-11	BOI090	39	39	11	è	è	_	_	_	_	_	linguistic	_	none	_	_	_	_	_	_
39-12	BOI090	39	39	12	il	il	_	_	_	_	_	linguistic	_	none	_	_	_	_	_	_
39-13	BOI090	39	39	13	treno	treno	_	_	_	_	_	linguistic	_	none	_	End=105.02	_	_	_	_
40-0	BOI090	40	40	0	sì	sì	_	_	_	_	_	linguistic	_	none	_	Begin=105.275|End=105.546	_	_	_	_
41-0	BOI090	41	41	0	[io	io	_	_	_	_	_	linguistic	_	none	_	Begin=105.807	_	_	_	0-2(8)
41-1	BOI090	41	41	1	mi	mi	_	_	_	_	_	linguistic	_	none	_	_	_	_	_	0-2(8)
41-2	BOI090	41	41	2	muovo]	muovo	_	_	_	_	_	linguistic	_	none	_	End=106.611	_	_	_	0-5(8)
42-0	BOR030	42	42	0	[e	e	_	_	_	_	_	linguistic	_	none	_	Begin=105.807	_	_	_	0-1(8)
42-1	BOR030	42	42	1	guidi]?	guidi	_	_	_	_	_	linguistic	_	none	Intonation=Rising	End=106.611	_	_	_	0-5(8)
43-0	BOI090	43	43	0	[sì]	sì	_	_	_	_	_	linguistic	_	none	_	Begin=106.857	_	_	_	0-2(9)
43-1	BOI090	43	43	1	a:nche	anche	_	_	_	_	_	linguistic	_	none	PauseAfter=Yes	_	0x1	_	_	_
43-2	BOI090	43	43	2	{P}	{P}	_	_	_	_	_	shortpause	_	none	_	_	_	_	_	_
43-3	BOI090	43	43	3	guido,	guido	_	_	_	_	_	linguistic	_	none	Intonation=WeaklyRising	_	_	_	_	_
43-4	BOI090	43	43	4	ho	ho	_	_	_	_	_	linguistic	_	none	_	_	_	_	_	_
43-5	BOI090	43	43	5	la	la	_	_	_	_	_	linguistic	_	none	_	_	_	_	_	_
43-6	BOI090	43	43	6	macchina	macchina	_	_	_	_	_	linguistic	_	none	_	End=109.704	_	_	_	_
44-0	BOR030	44	44	0	[anche]?	anche	_	_	_	_	_	linguistic	_	none	Intonation=Rising	Begin=106.857|End=107.413	_	_	_	0-5(9)
45-0	BOI090	45	45	0	ed	ed	_	_	_	_	_	linguistic	_	none	_	Begin=110.464	_	_	_	_
45-1	BOI090	45	45	1	è	è	_	_	_	_	_	linguistic	_	none	_	_	_	_	_	_
45-2	BOI090	45	45	2	facilmente	facilmente	_	_	_	_	_	linguistic	_	none	_	_	_	_	_	_
45-3	BOI090	45	45	3	raggiungibile:	raggiungibile	_	_	_	_	_	linguistic	_	none	_	_	12x1	_	_	_
45-4	BOI090	45	45	4	tutto:	tutto	_	_	_	_	_	linguistic	_	none	_	End=113.008	4x1	_	_	_
46-0	BOR030	46	46	0	°d'	d'	_	_	_	_	_	linguistic	_	none	SpaceAfter=No|Volume=low	Begin=113.46	_	_	_	_
46-1	BOR030	46	46	1	accordo°	accordo	_	_	_	_	_	linguistic	_	none	Volume=low	End=114.072	_	_	_	_
47-0	BOR030	47	47	0	bologna	bologna	_	_	_	_	_	linguistic	_	none	_	Begin=114.792	_	_	_	_
47-1	BOR030	47	47	1	è	è	_	_	_	_	_	linguistic	_	none	_	_	_	_	_	_
47-2	BOR030	47	47	2	cambiata	cambiata	_	_	_	_	_	linguistic	_	none	_	_	_	_	_	_
47-3	BOR030	47	47	3	molto	molto	_	_	_	_	_	linguistic	_	none	_	_	_	_	_	_
47-4	BOR030	47	47	4	negli	negli	_	_	_	_	_	linguistic	_	none	_	_	_	_	_	_
47-5	BOR030	47	47	5	ultimi:	ultimi	_	_	_	_	_	linguistic	_	none	_	_	5x1	_	_	_
47-6	BOR030	47	47	6	anni:	anni	_	_	_	_	_	linguistic	_	none	_	End=117.324	3x1	_	_	_
48-0	BOR030	48	48	0	e:	e	_	_	_	_	_	linguistic	_	none	_	Begin=117.517	0x1	_	_	_
48-1	BOR030	48	48	1	volevo	volevo	_	_	_	_	_	linguistic	_	none	_	_	_	_	_	_
48-2	BOR030	48	48	2	chiederti:	chiederti	_	_	_	_	_	linguistic	_	none	_	_	8x1	_	_	_
48-3	BOR030	48	48	3	se	se	_	_	_	_	_	linguistic	_	none	_	_	_	_	_	_
48-4	BOR030	48	48	4	secondo	secondo	_	_	_	_	_	linguistic	_	none	_	_	_	_	_	_
48-5	BOR030	48	48	5	te	te	_	_	_	_	_	linguistic	_	none	_	_	_	_	_	_
48-6	BOR030	48	48	6	in	in	_	_	_	_	_	linguistic	_	none	_	_	_	_	_	_
48-7	BOR030	48	48	7	be:ne	bene	_	_	_	_	_	linguistic	_	none	_	_	1x1	_	_	_
48-8	BOR030	48	48	8	o	o	_	_	_	_	_	linguistic	_	none	_	_	_	_	_	_
48-9	BOR030	48	48	9	in	in	_	_	_	_	_	linguistic	_	none	_	_	_	_	_	_
48-10	BOR030	48	48	10	ma:le	male	_	_	_	_	_	linguistic	_	none	_	End=120.808	1x1	_	_	_
49-0	BOI090	49	49	0	allo:ra	allora	_	_	_	_	_	linguistic	_	none	_	Begin=121.178	3x1	_	_	_
49-1	BOI090	49	49	1	io	io	_	_	_	_	_	linguistic	_	none	_	_	_	_	_	_
49-2	BOI090	49	49	2	poi	poi	_	_	_	_	_	linguistic	_	none	_	End=122.607	_	_	_	_
50-0	BOI090	50	50	0	sono	sono	_	_	_	_	_	linguistic	_	none	_	Begin=122.86	_	_	_	_
50-1	BOI090	50	50	1	piccolina	piccolina	_	_	_	_	_	linguistic	_	none	_	_	_	_	_	_
50-2	BOI090	50	50	2	>nel	nel	_	_	_	_	_	linguistic	_	none	_	_	_	Fast=0-3(0)	_	_
50-3	BOI090	50	50	3	senso	senso	_	_	_	_	_	linguistic	_	none	_	_	_	Fast=0-5(0)	_	_
50-4	BOI090	50	50	4	che<	che	_	_	_	_	_	linguistic	_	none	_	_	_	Fast=0-3(0)	_	_
50-5	BOI090	50	50	5	neg~	neg~	_	_	_	_	_	linguistic	_	none	Interrupted=Yes	_	_	_	_	_
50-6	BOI090	50	50	6	negli	negli	_	_	_	_	_	linguistic	_	none	_	_	_	_	_	_
50-7	BOI090	50	50	7	u:ltimi	ultimi	_	_	_	_	_	linguistic	_	none	_	_	0x1	_	_	_
50-8	BOI090	50	50	8	vent'	vent'	_	_	_	_	_	linguistic	_	none	SpaceAfter=No	_	_	_	_	_
50-9	BOI090	50	50	9	anni	anni	_	_	_	_	_	linguistic	_	none	_	_	_	_	_	_
50-10	BOI090	50	50	10	della	della	_	_	_	_	_	linguistic	_	none	_	_	_	_	_	_
50-11	BOI090	50	50	11	mia	mia	_	_	_	_	_	linguistic	_	none	_	_	_	_	_	_
50-12	BOI090	50	50	12	vi:ta	vita	_	_	_	_	_	linguistic	_	none	_	_	1x1	_	_	_
50-13	BOI090	50	50	13	ecco	ecco	_	_	_	_	_	linguistic	_	none	_	End=127.106	_	_	_	_
51-0	BOI090	51	51	0	devo	devo	_	_	_	_	_	linguistic	_	none	_	Begin=127.39	_	_	_	_
51-1	BOI090	51	51	1	dire	dire	_	_	_	_	_	linguistic	_	none	_	_	_	_	_	_
51-2	BOI090	51	51	2	l'	l'	_	_	_	_	_	linguistic	_	none	SpaceAfter=No	_	_	_	_	_
51-3	BOI090	51	51	3	ho	ho	_	_	_	_	_	linguistic	_	none	_	_	_	_	_	_
51-4	BOI090	51	51	4	sempre	sempre	_	_	_	_	_	linguistic	_	none	_	_	_	_	_	_
51-5	BOI090	51	51	5	vista	vista	_	_	_	_	_	linguistic	_	none	_	_	_	_	_	_
51-6	BOI090	51	51	6	in	in	_	_	_	_	_	linguistic	_	none	_	_	_	_	_	_
51-7	BOI090	51	51	7	questo	questo	_	_	_	_	_	linguistic	_	none	_	_	_	_	_	_
51-8	BOI090	51	51	8	modo	modo	_	_	_	_	_	linguistic	_	none	_	_	_	_	_	_
51-9	BOI090	51	51	9	e	e	_	_	_	_	_	linguistic	_	none	PauseAfter=Yes	_	_	_	_	_
51-10	BOI090	51	51	10	{P}	{P}	_	_	_	_	_	shortpause	_	none	_	_	_	_	_	_
51-11	BOI090	51	51	11	l'	l'	_	_	_	_	_	linguistic	_	none	SpaceAfter=No	_	_	_	_	_
51-12	BOI090	51	51	12	ho	ho	_	_	_	_	_	linguistic	_	none	_	_	_	_	_	_
51-13	BOI090	51	51	13	sempre	sempre	_	_	_	_	_	linguistic	_	none	_	_	_	_	_	_
51-14	BOI090	51	51	14	apprezza:ta	apprezzata	_	_	_	_	_	linguistic	_	none	_	End=131.489	7x1	_	_	_
52-0	BOI090	52	52	0	no:n	non	_	_	_	_	_	linguistic	_	none	_	Begin=131.749	1x1	_	_	_
52-1	BOI090	52	52	1	non	non	_	_	_	_	_	linguistic	_	none	_	_	_	_	_	_
52-2	BOI090	52	52	2	vedo	vedo	_	_	_	_	_	linguistic	_	none	_	_	_	_	_	_
52-3	BOI090	52	52	3	dei	dei	_	_	_	_	_	linguistic	_	none	_	_	_	_	_	_
52-4	BOI090	52	52	4	punti	punti	_	_	_	_	_	linguistic	_	none	_	_	_	_	_	_
52-5	BOI090	52	52	5	negativi	negativi	_	_	_	_	_	linguistic	_	none	_	_	_	_	_	_
52-6	BOI090	52	52	6	così	così	_	_	_	_	_	linguistic	_	none	_	_	_	_	_	_
52-7	BOI090	52	52	7	grandi	grandi	_	_	_	_	_	linguistic	_	none	_	_	_	_	_	_
52-8	BOI090	52	52	8	per	per	_	_	_	_	_	linguistic	_	none	_	_	_	_	_	_
52-9	BOI090	52	52	9	dire	dire	_	_	_	_	_	linguistic	_	none	_	_	_	_	_	_
52-10	BOI090	52	52	10	che	che	_	_	_	_	_	linguistic	_	none	_	_	_	_	_	_
52-11	BOI090	52	52	11	bolo:gna	bologna	_	_	_	_	_	linguistic	_	none	_	_	3x1	_	_	_
52-12	BOI090	52	52	12	sia	sia	_	_	_	_	_	linguistic	_	none	_	_	_	_	_	_
52-13	BOI090	52	52	13	cambiata	cambiata	_	_	_	_	_	linguistic	_	none	_	_	_	_	_	_
52-14	BOI090	52	52	14	in	in	_	_	_	_	_	linguistic	_	none	_	_	_	_	_	_
52-15	BOI090	52	52	15	peggio	peggio	_	_	_	_	_	linguistic	_	none	_	End=136.804	_	_	_	_
53-0	BOR030	53	53	0	però	però	_	_	_	_	_	linguistic	_	none	_	Begin=137.637	_	_	_	_
53-1	BOR030	53	53	1	comunque	comunque	_	_	_	_	_	linguistic	_	none	_	End=138.529	_	_	_	_
54-0	BOR030	54	54	0	tutto	tutto	_	_	_	_	_	linguistic	_	none	_	Begin=138.634	_	_	_	_
54-1	BOR030	54	54	1	sommato	sommato	_	_	_	_	_	linguistic	_	none	_	_	_	_	_	_
54-2	BOR030	54	54	2	sei	sei	_	_	_	_	_	linguistic	_	none	_	_	_	_	_	_
54-3	BOR030	54	54	3	soddisf[a:tta	soddisfatta	_	_	_	_	_	linguistic	_	none	_	_	7x1	_	_	7-11(11)
54-4	BOR030	54	54	4	della	della	_	_	_	_	_	linguistic	_	none	_	_	_	_	_	0-5(11)
54-5	BOR030	54	54	5	città]	città	_	_	_	_	_	linguistic	_	none	_	End=141.022	_	_	_	0-5(11)
55-0	BOI090	55	55	0	[sì:	sì	_	_	_	_	_	linguistic	_	none	_	Begin=140.044	1x1	_	_	0-2(11)
55-1	BOI090	55	55	1	assolu]tamente	assolutamente	_	_	_	_	_	linguistic	_	none	_	_	_	_	_	0-6(11)
55-2	BOI090	55	55	2	assolutamente	assolutamente	_	_	_	_	_	linguistic	_	none	_	_	_	_	_	_
55-3	BOI090	55	55	3	abbiamo	abbiamo	_	_	_	_	_	linguistic	_	none	_	_	_	_	_	_
55-4	BOI090	55	55	4	tu:tto	tutto	_	_	_	_	_	linguistic	_	none	_	_	1x1	_	_	_
55-5	BOI090	55	55	5	e:	e	_	_	_	_	_	linguistic	_	none	_	_	0x1	_	_	_
55-6	BOI090	55	55	6	>non<	non	_	_	_	_	_	linguistic	_	none	_	_	_	Fast=0-3(0)	_	_
55-7	BOI090	55	55	7	non	non	_	_	_	_	_	linguistic	_	none	_	_	_	_	_	_
55-8	BOI090	55	55	8	vedo	vedo	_	_	_	_	_	linguistic	_	none	_	_	_	_	_	_
55-9	BOI090	55	55	9	il	il	_	_	_	_	_	linguistic	_	none	_	_	_	_	_	_
55-10	BOI090	55	55	10	motivo	motivo	_	_	_	_	_	linguistic	_	none	_	_	_	_	_	_
55-11	BOI090	55	55	11	per	per	_	_	_	_	_	linguistic	_	none	_	_	_	_	_	_
55-12	BOI090	55	55	12	il	il	_	_	_	_	_	linguistic	_	none	_	_	_	_	_	_
55-13	BOI090	55	55	13	quale	quale	_	_	_	_	_	linguistic	_	none	_	_	_	_	_	_
55-14	BOI090	55	55	14	dovrei:	dovrei	_	_	_	_	_	linguistic	_	none	_	End=145.47	5x1	_	_	_
56-0	BOI090	56	56	0	disprezza:rla	disprezzarla	_	_	_	_	_	linguistic	_	none	_	Begin=146.113	8x1	_	_	_
56-1	BOI090	56	56	1	ecco	ecco	_	_	_	_	_	linguistic	_	none	_	End=147.53	_	_	_	_
57-0	BOR030	57	57	0	mh	mh	_	_	_	_	_	linguistic	_	none	_	Begin=147.792	_	_	_	_
57-1	BOR030	57	57	1	d'	d'	_	_	_	_	_	linguistic	_	none	SpaceAfter=No	_	_	_	_	_
57-2	BOR030	57	57	2	accordo	accordo	_	_	_	_	_	linguistic	_	none	_	End=149.087	_	_	_	_
58-0	BOR030	58	58	0	e:	e	_	_	_	_	_	linguistic	_	none	_	Begin=149.547	0x1	_	_	_
58-1	BOR030	58	58	1	in	in	_	_	_	_	_	linguistic	_	none	_	_	_	_	_	_
58-2	BOR030	58	58	2	genera:le	generale	_	_	_	_	_	linguistic	_	none	_	_	5x1	_	_	_
58-3	BOR030	58	58	3	io	io	_	_	_	_	_	linguistic	_	none	_	_	_	_	_	_
58-4	BOR030	58	58	4	ti	ti	_	_	_	_	_	linguistic	_	none	_	_	_	_	_	_
58-5	BOR030	58	58	5	chiederei	chiederei	_	_	_	_	_	linguistic	_	none	_	_	_	_	_	_
58-6	BOR030	58	58	6	pure:	pure	_	_	_	_	_	linguistic	_	none	_	_	3x1	_	_	_
58-7	BOR030	58	58	7	{ride}	{ride}	_	_	_	_	_	nonverbalbehavior	_	none	_	_	_	_	_	_
58-8	BOR030	58	58	8	come	come	_	_	_	_	_	linguistic	_	none	_	_	_	_	_	_
58-9	BOR030	58	58	9	possiamo	possiamo	_	_	_	_	_	linguistic	_	none	_	_	_	_	_	_
58-10	BOR030	58	58	10	dire	dire	_	_	_	_	_	linguistic	_	none	_	End=154.606	_	_	_	_
59-0	BOR030	59	59	0	e:	e	_	_	_	_	_	linguistic	_	none	_	Begin=155.113	0x1	_	_	_
59-1	BOR030	59	59	1	delle	delle	_	_	_	_	_	linguistic	_	none	_	_	_	_	_	_
59-2	BOR030	59	59	2	tradizioni	tradizioni	_	_	_	_	_	linguistic	_	none	_	_	_	_	_	_
59-3	BOR030	59	59	3	di	di	_	_	_	_	_	linguistic	_	none	_	_	_	_	_	_
59-4	BOR030	59	59	4	bolo:gna	bologna	_	_	_	_	_	linguistic	_	none	_	End=157.13	3x1	_	_	_
60-0	BOI090	60	60	0	oka:y	okay	_	_	_	_	_	linguistic	_	none	_	Begin=157.13	2x1	_	_	_
60-1	BOI090	60	60	1	[e]	e	_	_	_	_	_	linguistic	_	none	_	End=158.299	_	_	_	0-1(12)
61-0	BOR030	61	61	0	[quindi	quindi	_	_	_	_	_	linguistic	_	none	_	Begin=157.899	_	_	_	0-6(12)
61-1	BOR030	61	61	1	mi	mi	_	_	_	_	_	linguistic	_	none	_	_	_	_	_	0-2(12)
61-2	BOR030	61	61	2	s]posterei	sposterei	_	_	_	_	_	linguistic	_	none	_	_	_	_	_	0-1(12)
61-3	BOR030	61	61	3	più:	più	_	_	_	_	_	linguistic	_	none	_	_	2x1	_	_	_
61-4	BOR030	61	61	4	in	in	_	_	_	_	_	linguistic	_	none	_	_	_	_	_	_
61-5	BOR030	61	61	5	su	su	_	_	_	_	_	linguistic	_	none	_	_	_	_	_	_
61-6	BOR030	61	61	6	questo	questo	_	_	_	_	_	linguistic	_	none	_	_	_	_	_	_
61-7	BOR030	61	61	7	la:to	lato	_	_	_	_	_	linguistic	_	none	_	End=160.431	1x1	_	_	_
62-0	BOI090	62	62	0	ne	ne	_	_	_	_	_	linguistic	_	none	_	Begin=160.431	_	_	_	_
62-1	BOI090	62	62	1	abbiamo	abbiamo	_	_	_	_	_	linguistic	_	none	_	_	_	_	_	_
62-2	BOI090	62	62	2	ta:nte	tante	_	_	_	_	_	linguistic	_	none	_	End=161.718	1x1	_	_	_
63-0	BOR030	63	63	0	esa:t[to]	esatto	_	_	_	_	_	linguistic	_	none	_	Begin=161.816|End=162.613	2x1	_	_	4-6(13)
64-0	BOI090	64	64	0	[più	più	_	_	_	_	_	linguistic	_	none	_	Begin=162.333	_	_	_	0-3(13)
64-1	BOI090	64	64	1	che]	che	_	_	_	_	_	linguistic	_	none	_	_	_	_	_	0-3(13)
64-2	BOI090	64	64	2	tradizio:ni	tradizioni	_	_	_	_	_	linguistic	_	none	_	_	7x1	_	_	_
64-3	BOI090	64	64	3	abbiamo	abbiamo	_	_	_	_	_	linguistic	_	none	_	_	_	_	_	_
64-4	BOI090	64	64	4	tanti	tanti	_	_	_	_	_	linguistic	_	none	_	_	_	_	_	_
64-5	BOI090	64	64	5	sla:ng,	slang	_	_	_	_	_	linguistic	_	none	Intonation=WeaklyRising	_	2x1	_	_	_
64-6	BOI090	64	64	6	abbiamo	abbiamo	_	_	_	_	_	linguistic	_	none	_	_	_	_	_	_
64-7	BOI090	64	64	7	tante:	tante	_	_	_	_	_	linguistic	_	none	_	_	4x1	_	_	_
64-8	BOI090	64	64	8	x	x	_	_	_	_	_	unknown	_	none	Syllables=1	_	_	_	_	_
64-9	BOI090	64	64	9	x	x	_	_	_	_	_	unknown	_	none	Syllables=1	_	_	_	_	_
64-10	BOI090	64	64	10	un	un	_	_	_	_	_	linguistic	_	none	_	_	_	_	_	_
64-11	BOI090	64	64	11	modo	modo	_	_	_	_	_	linguistic	_	none	_	_	_	_	_	_
64-12	BOI090	64	64	12	di	di	_	_	_	_	_	linguistic	_	none	_	_	_	_	_	_
64-13	BOI090	64	64	13	vi:vere	vivere	_	_	_	_	_	linguistic	_	none	_	_	1x1	_	_	_
64-14	BOI090	64	64	14	dive:rso:	diverso	_	_	_	_	_	linguistic	_	none	_	_	3x1,6x1	_	_	_
64-15	BOI090	64	64	15	dalle	dalle	_	_	_	_	_	linguistic	_	none	_	_	_	_	_	_
64-16	BOI090	64	64	16	altre	altre	_	_	_	_	_	linguistic	_	none	_	_	_	_	_	_
64-17	BOI090	64	64	17	province	province	_	_	_	_	_	linguistic	_	none	_	End=170.056	_	_	_	_
65-0	BOI090	65	65	0	nel	nel	_	_	_	_	_	linguistic	_	none	_	Begin=170.45	_	_	_	_
65-1	BOI090	65	65	1	senso	senso	_	_	_	_	_	linguistic	_	none	_	_	_	_	_	_
65-2	BOI090	65	65	2	che	che	_	_	_	_	_	linguistic	_	none	_	_	_	_	_	_
65-3	BOI090	65	65	3	bologna:	bologna	_	_	_	_	_	linguistic	_	none	_	_	6x1	_	_	_
65-4	BOI090	65	65	4	è	è	_	_	_	_	_	linguistic	_	none	_	_	_	_	_	_
65-5	BOI090	65	65	5	un	un	_	_	_	_	_	linguistic	_	none	_	_	_	_	_	_
65-6	BOI090	65	65	6	mondo	mondo	_	_	_	_	_	linguistic	_	none	_	_	_	_	_	_
65-7	BOI090	65	65	7	a	a	_	_	_	_	_	linguistic	_	none	_	_	_	_	_	_
65-8	BOI090	65	65	8	sè	sè	_	_	_	_	_	linguistic	_	none	_	End=172.587	_	_	_	_
66-0	BOI090	66	66	0	abbiamo	abbiamo	_	_	_	_	_	linguistic	_	none	PauseAfter=Yes	Begin=173.137	_	_	_	_
66-1	BOI090	66	66	1	{P}	{P}	_	_	_	_	_	shortpause	_	none	_	_	_	_	_	_
66-2	BOI090	66	66	2	ta:nti	tanti	_	_	_	_	_	linguistic	_	none	_	_	1x1	_	_	_
66-3	BOI090	66	66	3	modi	modi	_	_	_	_	_	linguistic	_	none	_	_	_	_	_	_
66-4	BOI090	66	66	4	di	di	_	_	_	_	_	linguistic	_	none	_	_	_	_	_	_
66-5	BOI090	66	66	5	dire	dire	_	_	_	_	_	linguistic	_	none	_	_	_	_	_	_
66-6	BOI090	66	66	6	che	che	_	_	_	_	_	linguistic	_	none	_	_	_	_	_	_
66-7	BOI090	66	66	7	nessuno	nessuno	_	_	_	_	_	linguistic	_	none	_	_	_	_	_	_
66-8	BOI090	66	66	8	capisce:	capisce	_	_	_	_	_	linguistic	_	none	_	_	6x1	_	_	_
66-9	BOI090	66	66	9	tante:	tante	_	_	_	_	_	linguistic	_	none	_	End=177.316	4x1	_	_	_
67-0	BOI090	67	67	0	è	è	_	_	_	_	_	linguistic	_	none	_	Begin=177.92	_	_	_	_
67-1	BOI090	67	67	1	è	è	_	_	_	_	_	linguistic	_	none	_	_	_	_	_	_
67-2	BOI090	67	67	2	bello	bello	_	_	_	_	_	linguistic	_	none	_	_	_	_	_	_
67-3	BOI090	67	67	3	così	così	_	_	_	_	_	linguistic	_	none	_	_	_	_	_	_
67-4	BOI090	67	67	4	{ride}	{ride}	_	_	_	_	_	nonverbalbehavior	_	none	_	End=179.46	_	_	_	_
68-0	BOR030	68	68	0	#come	#come	_	_	_	_	_	error	_	none	_	Begin=179.605	_	_	_	_
68-1	BOR030	68	68	1	polleg	polleg	_	_	_	_	_	linguistic	_	none	_	End=180.592	_	_	_	_
69-0	BOI090	69	69	0	#esa:tto	#esa:tto	_	_	_	_	_	error	_	none	_	Begin=180.592	_	_	_	_
69-1	BOI090	69	69	1	come	come	_	_	_	_	_	linguistic	_	none	_	_	_	_	_	_
69-2	BOI090	69	69	2	polleg,	polleg	_	_	_	_	_	linguistic	_	none	Intonation=WeaklyRising	_	_	_	_	_
69-3	BOI090	69	69	3	come	come	_	_	_	_	_	linguistic	_	none	_	_	_	_	_	_
69-4	BOI090	69	69	4	rusco	rusco	_	_	_	_	_	linguistic	_	none	_	End=183.185	_	_	_	_
70-0	BOI090	70	70	0	che	che	_	_	_	_	_	linguistic	_	none	_	Begin=183.486	_	_	_	_
70-1	BOI090	70	70	1	è	è	_	_	_	_	_	linguistic	_	none	_	_	_	_	_	_
70-2	BOI090	70	70	2	il	il	_	_	_	_	_	linguistic	_	none	_	_	_	_	_	_
70-3	BOI090	70	70	3	bidone	bidone	_	_	_	_	_	linguistic	_	none	_	_	_	_	_	_
70-4	BOI090	70	70	4	della	della	_	_	_	_	_	linguistic	_	none	_	_	_	_	_	_
70-5	BOI090	70	70	5	spazzatu:ra	spazzatura	_	_	_	_	_	linguistic	_	none	_	End=185.182	7x1	_	_	_
71-0	BOI090	71	71	0	come	come	_	_	_	_	_	linguistic	_	none	_	Begin=185.513	_	_	_	_
71-1	BOI090	71	71	1	il	il	_	_	_	_	_	linguistic	_	none	_	_	_	_	_	_
71-2	BOI090	71	71	2	ti:ro:	tiro	_	_	_	_	_	linguistic	_	none	_	End=186.455	1x1,3x1	_	_	_
72-0	BOI090	72	72	0	che	che	_	_	_	_	_	linguistic	_	none	_	Begin=186.711	_	_	_	_
72-1	BOI090	72	72	1	è	è	_	_	_	_	_	linguistic	_	none	_	End=187.229	_	_	_	_
73-0	BOI090	73	73	0	quello	quello	_	_	_	_	_	linguistic	_	none	_	Begin=187.602	_	_	_	_
73-1	BOI090	73	73	1	che	che	_	_	_	_	_	linguistic	_	none	_	_	_	_	_	_
73-2	BOI090	73	73	2	si	si	_	_	_	_	_	linguistic	_	none	_	_	_	_	_	_
73-3	BOI090	73	73	3	chiede	chiede	_	_	_	_	_	linguistic	_	none	_	_	_	_	_	_
73-4	BOI090	73	73	4	quando	quando	_	_	_	_	_	linguistic	_	none	_	_	_	_	_	_
73-5	BOI090	73	73	5	bisogna	bisogna	_	_	_	_	_	linguistic	_	none	_	_	_	_	_	_
73-6	BOI090	73	73	6	entrare	entrare	_	_	_	_	_	linguistic	_	none	_	_	_	_	_	_
73-7	BOI090	73	73	7	in	in	_	_	_	_	_	linguistic	_	none	_	_	_	_	_	_
73-8	BOI090	73	73	8	ca:sa:	casa	_	_	_	_	_	linguistic	_	none	_	End=190.007	1x1,3x1	_	_	_
74-0	BOI090	74	74	0	ci	ci	_	_	_	_	_	linguistic	_	none	_	Begin=190.128	_	_	_	_
74-1	BOI090	74	74	1	son	son	_	_	_	_	_	linguistic	_	none	_	_	_	_	_	_
74-2	BOI090	74	74	2	tante	tante	_	_	_	_	_	linguistic	_	none	_	_	_	_	_	_
74-3	BOI090	74	74	3	cose	cose	_	_	_	_	_	linguistic	_	none	_	End=191.198	_	_	_	_
75-0	BOR030	75	75	0	interessante	interessante	_	_	_	_	_	linguistic	_	none	_	Begin=191.539|End=192.534	_	_	_	_
76-0	BOR030	76	76	0	e:	e	_	_	_	_	_	linguistic	_	none	_	Begin=193.098	0x1	_	_	_
76-1	BOR030	76	76	1	m:h	mh	_	_	_	_	_	linguistic	_	none	_	End=194.086	0x1	_	_	_
77-0	BOR030	77	77	0	per	per	_	_	_	_	_	linguistic	_	none	_	Begin=194.535	_	_	_	_
77-1	BOR030	77	77	1	caso	caso	_	_	_	_	_	linguistic	_	none	_	_	_	_	_	_
77-2	BOR030	77	77	2	tu:	tu	_	_	_	_	_	linguistic	_	none	_	_	1x1	_	_	_
77-3	BOR030	77	77	3	frequenti	frequenti	_	_	_	_	_	linguistic	_	none	_	_	_	_	_	_
77-4	BOR030	77	77	4	manifestazioni	manifestazioni	_	_	_	_	_	linguistic	_	none	_	_	_	_	_	_
77-5	BOR030	77	77	5	o	o	_	_	_	_	_	linguistic	_	none	_	_	_	_	_	_
77-6	BOR030	77	77	6	eventi	eventi	_	_	_	_	_	linguistic	_	none	_	_	_	_	_	_
77-7	BOR030	77	77	7	che	che	_	_	_	_	_	linguistic	_	none	_	_	_	_	_	_
77-8	BOR030	77	77	8	si	si	_	_	_	_	_	linguistic	_	none	_	_	_	_	_	_
77-9	BOR030	77	77	9	fanno	fanno	_	_	_	_	_	linguistic	_	none	_	_	_	_	_	_
77-10	BOR030	77	77	10	a	a	_	_	_	_	_	linguistic	_	none	_	_	_	_	_	_
77-11	BOR030	77	77	11	bolo:gna?	bologna	_	_	_	_	_	linguistic	_	none	Intonation=Rising	End=198.712	3x1	_	_	_
78-0	BOI090	78	78	0	no:	no	_	_	_	_	_	linguistic	_	none	_	Begin=198.798|End=199.496	1x1	_	_	_
79-0	BOI090	79	79	0	ma	ma	_	_	_	_	_	linguistic	_	none	_	Begin=199.656	_	_	_	_
79-1	BOI090	79	79	1	so	so	_	_	_	_	_	linguistic	_	none	_	_	_	_	_	_
79-2	BOI090	79	79	2	che	che	_	_	_	_	_	linguistic	_	none	_	_	_	_	_	_
79-3	BOI090	79	79	3	ce	ce	_	_	_	_	_	linguistic	_	none	_	_	_	_	_	_
79-4	BOI090	79	79	4	ne	ne	_	_	_	_	_	linguistic	_	none	_	_	_	_	_	_
79-5	BOI090	79	79	5	sono	sono	_	_	_	_	_	linguistic	_	none	_	_	_	_	_	_
79-6	BOI090	79	79	6	ta:nte	tante	_	_	_	_	_	linguistic	_	none	_	End=201.575	1x1	_	_	_
80-0	BOI090	80	80	0	si	si	_	_	_	_	_	linguistic	_	none	_	Begin=201.794	_	_	_	_
80-1	BOI090	80	80	1	fan	fan	_	_	_	_	_	linguistic	_	none	_	_	_	_	_	_
80-2	BOI090	80	80	2	>manifestazioni<	manifestazioni	_	_	_	_	_	linguistic	_	none	_	_	_	Fast=0-14(0)	_	_
80-3	BOI090	80	80	3	ogni	ogni	_	_	_	_	_	linguistic	_	none	_	_	_	_	_	_
80-4	BOI090	80	80	4	motivo	motivo	_	_	_	_	_	linguistic	_	none	_	_	_	_	_	_
80-5	BOI090	80	80	5	è	è	_	_	_	_	_	linguistic	_	none	_	_	_	_	_	_
80-6	BOI090	80	80	6	buono	buono	_	_	_	_	_	linguistic	_	none	_	_	_	_	_	_
80-7	BOI090	80	80	7	per	per	_	_	_	_	_	linguistic	_	none	_	_	_	_	_	_
80-8	BOI090	80	80	8	manifestare	manifestare	_	_	_	_	_	linguistic	_	none	_	_	_	_	_	_
80-9	BOI090	80	80	9	{ride}	{ride}	_	_	_	_	_	nonverbalbehavior	_	none	_	_	_	_	_	_
80-10	BOI090	80	80	10	in	in	_	_	_	_	_	linguistic	_	none	_	_	_	_	_	_
80-11	BOI090	80	80	11	realtà:	realtà	_	_	_	_	_	linguistic	_	none	_	_	5x1	_	_	_
80-12	BOI090	80	80	12	io	io	_	_	_	_	_	linguistic	_	none	_	_	_	_	_	_
80-13	BOI090	80	80	13	non	non	_	_	_	_	_	linguistic	_	none	_	_	_	_	_	_
80-14	BOI090	80	80	14	ne	ne	_	_	_	_	_	linguistic	_	none	_	_	_	_	_	_
80-15	BOI090	80	80	15	ho	ho	_	_	_	_	_	linguistic	_	none	_	_	_	_	_	_
80-16	BOI090	80	80	16	mai	mai	_	_	_	_	_	linguistic	_	none	_	_	_	_	_	_
80-17	BOI090	80	80	17	preso	preso	_	_	_	_	_	linguistic	_	none	_	_	_	_	_	_
80-18	BOI090	80	80	18	parte	parte	_	_	_	_	_	linguistic	_	none	_	_	_	_	_	_
80-19	BOI090	80	80	19	perché	perché	_	_	_	_	_	linguistic	_	none	_	_	_	_	_	_
80-20	BOI090	80	80	20	ho	ho	_	_	_	_	_	linguistic	_	none	_	_	_	_	_	_
80-21	BOI090	80	80	21	sempre	sempre	_	_	_	_	_	linguistic	_	none	_	_	_	_	_	_
80-22	BOI090	80	80	22	avuto	avuto	_	_	_	_	_	linguistic	_	none	_	_	_	_	_	_
80-23	BOI090	80	80	23	un	un	_	_	_	_	_	linguistic	_	none	_	_	_	_	_	_
80-24	BOI090	80	80	24	po'	po'	_	_	_	_	_	linguistic	_	none	_	_	_	_	_	_
80-25	BOI090	80	80	25	paura	paura	_	_	_	_	_	linguistic	_	none	_	_	_	_	_	_
80-26	BOI090	80	80	26	di	di	_	_	_	_	_	linguistic	_	none	_	_	_	_	_	_
80-27	BOI090	80	80	27	questo	questo	_	_	_	_	_	linguistic	_	none	_	_	_	_	_	_
80-28	BOI090	80	80	28	tipo	tipo	_	_	_	_	_	linguistic	_	none	_	_	_	_	_	_
80-29	BOI090	80	80	29	di:	di	_	_	_	_	_	linguistic	_	none	_	_	1x1	_	_	_
80-30	BOI090	80	80	30	di	di	_	_	_	_	_	linguistic	_	none	_	_	_	_	_	_
80-31	BOI090	80	80	31	contesti	contesti	_	_	_	_	_	linguistic	_	none	_	End=210.457	_	_	_	_
81-0	BOR030	81	81	0	m:h	mh	_	_	_	_	_	linguistic	_	none	_	Begin=210.655|End=210.956	0x1	_	_	_
82-0	BOI090	82	82	0	però	però	_	_	_	_	_	linguistic	_	none	_	Begin=210.956	_	_	_	_
82-1	BOI090	82	82	1	so	so	_	_	_	_	_	linguistic	_	none	_	_	_	_	_	_
82-2	BOI090	82	82	2	che	che	_	_	_	_	_	linguistic	_	none	_	_	_	_	_	_
82-3	BOI090	82	82	3	ce	ce	_	_	_	_	_	linguistic	_	none	_	_	_	_	_	_
82-4	BOI090	82	82	4	ne	ne	_	_	_	_	_	linguistic	_	none	_	_	_	_	_	_
82-5	BOI090	82	82	5	sono	sono	_	_	_	_	_	linguistic	_	none	_	_	_	_	_	_
82-6	BOI090	82	82	6	pare:cchie	parecchie	_	_	_	_	_	linguistic	_	none	_	End=212.54	3x1	_	_	_
83-0	BOR030	83	83	0	°d'	d'	_	_	_	_	_	linguistic	_	none	SpaceAfter=No|Volume=low	Begin=213.1	_	_	_	_
83-1	BOR030	83	83	1	accordo°	accordo	_	_	_	_	_	linguistic	_	none	Volume=low	End=213.879	_	_	_	_
84-0	BOR030	84	84	0	però,	però	_	_	_	_	_	linguistic	_	none	Intonation=WeaklyRising	Begin=214.358	_	_	_	_
84-1	BOR030	84	84	1	secondo	secondo	_	_	_	_	_	linguistic	_	none	_	_	_	_	_	_
84-2	BOR030	84	84	2	te	te	_	_	_	_	_	linguistic	_	none	_	_	_	_	_	_
84-3	BOR030	84	84	3	è	è	_	_	_	_	_	linguistic	_	none	_	_	_	_	_	_
84-4	BOR030	84	84	4	un	un	_	_	_	_	_	linguistic	_	none	_	_	_	_	_	_
84-5	BOR030	84	84	5	elemento	elemento	_	_	_	_	_	linguistic	_	none	_	_	_	_	_	_
84-6	BOR030	84	84	6	caratterizzante	caratterizzante	_	_	_	_	_	linguistic	_	none	_	_	_	_	_	_
84-7	BOR030	84	84	7	di	di	_	_	_	_	_	linguistic	_	none	_	_	_	_	_	_
84-8	BOR030	84	84	8	bolo[gna	bologna	_	_	_	_	_	linguistic	_	none	_	_	_	_	_	4-7(18)
84-9	BOR030	84	84	9	questa]	questa	_	_	_	_	_	linguistic	_	none	_	_	_	_	_	0-6(18)
84-10	BOR030	84	84	10	co[sa]?	cosa	_	_	_	_	_	linguistic	_	none	Intonation=Rising	End=219.064	_	_	_	2-4(19)
85-0	BOI090	85	85	0	[sì]	sì	_	_	_	_	_	linguistic	_	none	_	Begin=218.007|End=218.418	_	_	_	0-2(18)
86-0	BOI090	86	86	0	[>sì	sì	_	_	_	_	_	linguistic	_	none	_	Begin=218.804	_	Fast=0-2(0)	_	0-2(19)
86-1	BOI090	86	86	1	s]ì	sì	_	_	_	_	_	linguistic	_	none	_	_	_	Fast=0-2(0)	_	0-1(19)
86-2	BOI090	86	86	2	sì<	sì	_	_	_	_	_	linguistic	_	none	_	End=219.465	_	Fast=0-2(0)	_	_
87-0	BOI090	87	87	0	bologna	bologna	_	_	_	_	_	linguistic	_	none	_	Begin=219.545	_	_	_	_
87-1	BOI090	87	87	1	assolutamente:	assolutamente	_	_	_	_	_	linguistic	_	none	_	End=221.308	12x1	_	_	_
88-0	BOI090	88	88	0	manifesta	manifesta	_	_	_	_	_	linguistic	_	none	_	Begin=221.678	_	_	_	_
88-1	BOI090	88	88	1	per	per	_	_	_	_	_	linguistic	_	none	_	_	_	_	_	_
88-2	BOI090	88	88	2	tutto:	tutto	_	_	_	_	_	linguistic	_	none	_	_	4x1	_	_	_
88-3	BOI090	88	88	3	e	e	_	_	_	_	_	linguistic	_	none	_	_	_	_	_	_
88-4	BOI090	88	88	4	fa	fa	_	_	_	_	_	linguistic	_	none	_	_	_	_	_	_
88-5	BOI090	88	88	5	valere	valere	_	_	_	_	_	linguistic	_	none	_	End=224.255	_	_	_	_
89-0	BOI090	89	89	0	tutte	tutte	_	_	_	_	_	linguistic	_	none	_	Begin=224.58	_	_	_	_
89-1	BOI090	89	89	1	le:	le	_	_	_	_	_	linguistic	_	none	_	_	1x1	_	_	_
89-2	BOI090	89	89	2	l~	l~	_	_	_	_	_	linguistic	_	none	Interrupted=Yes	_	_	_	_	_
89-3	BOI090	89	89	3	i	i	_	_	_	_	_	linguistic	_	none	_	_	_	_	_	_
89-4	BOI090	89	89	4	contesti	contesti	_	_	_	_	_	linguistic	_	none	_	_	_	_	_	_
89-5	BOI090	89	89	5	sociali	sociali	_	_	_	_	_	linguistic	_	none	_	_	_	_	_	_
89-6	BOI090	89	89	6	ecco	ecco	_	_	_	_	_	linguistic	_	none	PauseAfter=Yes	_	_	_	_	_
89-7	BOI090	89	89	7	{P}	{P}	_	_	_	_	_	shortpause	_	none	_	_	_	_	_	_
89-8	BOI090	89	89	8	se	se	_	_	_	_	_	linguistic	_	none	_	_	_	_	_	_
89-9	BOI090	89	89	9	ne:	ne	_	_	_	_	_	linguistic	_	none	_	_	1x1	_	_	_
89-10	BOI090	89	89	10	se	se	_	_	_	_	_	linguistic	_	none	_	_	_	_	_	_
89-11	BOI090	89	89	11	ne	ne	_	_	_	_	_	linguistic	_	none	_	_	_	_	_	_
89-12	BOI090	89	89	12	prende	prende	_	_	_	_	_	linguistic	_	none	_	_	_	_	_	_
89-13	BOI090	89	89	13	molto	molto	_	_	_	_	_	linguistic	_	none	_	_	_	_	_	_
89-14	BOI090	89	89	14	cura	cura	_	_	_	_	_	linguistic	_	none	_	End=229.002	_	_	_	_
90-0	BOR030	90	90	0	hai:	hai	_	_	_	_	_	linguistic	_	none	_	Begin=229.978	2x1	_	_	_
90-1	BOR030	90	90	1	per	per	_	_	_	_	_	linguistic	_	none	_	_	_	_	_	_
90-2	BOR030	90	90	2	caso	caso	_	_	_	_	_	linguistic	_	none	_	_	_	_	_	_
90-3	BOR030	90	90	3	mai	mai	_	_	_	_	_	linguistic	_	none	_	_	_	_	_	_
90-4	BOR030	90	90	4	sentito	sentito	_	_	_	_	_	linguistic	_	none	_	_	_	_	_	_
90-5	BOR030	90	90	5	parlare	parlare	_	_	_	_	_	linguistic	_	none	_	_	_	_	_	_
90-6	BOR030	90	90	6	dei	dei	_	_	_	_	_	linguistic	_	none	_	_	_	_	_	_
90-7	BOR030	90	90	7	sette	sette	_	_	_	_	_	linguistic	_	none	_	_	_	_	_	_
90-8	BOR030	90	90	8	segreti	segreti	_	_	_	_	_	linguistic	_	none	_	_	_	_	_	_
90-9	BOR030	90	90	9	di	di	_	_	_	_	_	linguistic	_	none	_	_	_	_	_	_
90-10	BOR030	90	90	10	bologna?	bologna	_	_	_	_	_	linguistic	_	none	Intonation=Rising	End=233.286	_	_	_	_
91-0	BOI090	91	91	0	N:O	no	_	_	_	_	_	linguistic	_	none	Volume=high	Begin=233.676|End=234.317	0x1	_	_	_
92-0	BOI090	92	92	0	questa	questa	_	_	_	_	_	linguistic	_	none	_	Begin=234.644	_	_	_	_
92-1	BOI090	92	92	1	mi	mi	_	_	_	_	_	linguistic	_	none	_	_	_	_	_	_
92-2	BOI090	92	92	2	è	è	_	_	_	_	_	linguistic	_	none	_	_	_	_	_	_
92-3	BOI090	92	92	3	nuova	nuova	_	_	_	_	_	linguistic	_	none	PauseAfter=Yes	_	_	_	_	_
92-4	BOI090	92	92	4	{P}	{P}	_	_	_	_	_	shortpause	_	none	_	_	_	_	_	_
92-5	BOI090	92	92	5	devo	devo	_	_	_	_	_	linguistic	_	none	_	_	_	_	_	_
92-6	BOI090	92	92	6	dir	dir	_	_	_	_	_	linguistic	_	none	_	_	_	_	_	_
92-7	BOI090	92	92	7	la	la	_	_	_	_	_	linguistic	_	none	_	_	_	_	_	_
92-8	BOI090	92	92	8	verità	verità	_	_	_	_	_	linguistic	_	none	_	_	_	_	_	_
92-9	BOI090	92	92	9	questa	questa	_	_	_	_	_	linguistic	_	none	_	_	_	_	_	_
92-10	BOI090	92	92	10	mi	mi	_	_	_	_	_	linguistic	_	none	_	_	_	_	_	_
92-11	BOI090	92	92	11	è	è	_	_	_	_	_	linguistic	_	none	_	_	_	_	_	_
92-12	BOI090	92	92	12	nuova	nuova	_	_	_	_	_	linguistic	_	none	_	End=237.751	_	_	_	_
93-0	BOR030	93	93	0	sarebbero	sarebbero	_	_	_	_	_	linguistic	_	none	_	Begin=238.035	_	_	_	_
93-1	BOR030	93	93	1	tipo	tipo	_	_	_	_	_	linguistic	_	none	_	_	_	_	_	_
93-2	BOR030	93	93	2	la	la	_	_	_	_	_	linguistic	_	none	_	_	_	_	_	_
93-3	BOR030	93	93	3	porticina	porticina	_	_	_	_	_	linguistic	_	none	_	_	_	_	_	_
93-4	BOR030	93	93	4	per	per	_	_	_	_	_	linguistic	_	none	_	_	_	_	_	_
93-5	BOR030	93	93	5	che:	che	_	_	_	_	_	linguistic	_	none	_	_	2x1	_	_	_
93-6	BOR030	93	93	6	con	con	_	_	_	_	_	linguistic	_	none	_	_	_	_	_	_
93-7	BOR030	93	93	7	cui	cui	_	_	_	_	_	linguistic	_	none	_	_	_	_	_	_
93-8	BOR030	93	93	8	vedi	vedi	_	_	_	_	_	linguistic	_	none	_	_	_	_	_	_
93-9	BOR030	93	93	9	la	la	_	_	_	_	_	linguistic	_	none	_	_	_	_	_	_
93-10	BOR030	93	93	10	piccola	piccola	_	_	_	_	_	linguistic	_	none	_	_	_	_	_	_
93-11	BOR030	93	93	11	vene:[zia:]	venezia	_	_	_	_	_	linguistic	_	none	_	End=241.929	3x1,6x1	_	_	4-7(21)
94-0	BOI090	94	94	0	[a:h]	ah	_	_	_	_	_	linguistic	_	none	_	Begin=241.569	0x1	_	_	0-2(21)
94-1	BOI090	94	94	1	okay	okay	_	_	_	_	_	linguistic	_	none	_	_	_	_	_	_
94-2	BOI090	94	94	2	sì,	sì	_	_	_	_	_	linguistic	_	none	Intonation=WeaklyRising	_	_	_	_	_
94-3	BOI090	94	94	3	sì,	sì	_	_	_	_	_	linguistic	_	none	Intonation=WeaklyRising	_	_	_	_	_
94-4	BOI090	94	94	4	non	non	_	_	_	_	_	linguistic	_	none	_	_	_	_	_	_
94-5	BOI090	94	94	5	la	la	_	_	_	_	_	linguistic	_	none	_	_	_	_	_	_
94-6	BOI090	94	94	6	conoscevo	conoscevo	_	_	_	_	_	linguistic	_	none	_	_	_	_	_	_
94-7	BOI090	94	94	7	così	così	_	_	_	_	_	linguistic	_	none	_	_	_	_	_	_
94-8	BOI090	94	94	8	però	però	_	_	_	_	_	linguistic	_	none	_	_	_	_	_	_
94-9	BOI090	94	94	9	sì	sì	_	_	_	_	_	linguistic	_	none	_	End=245.01	_	_	_	_
95-0	BOI090	95	95	0	c(io)è	cioè	_	_	_	_	_	linguistic	_	none	_	Begin=245.206	_	_	1-3(0)	_
95-1	BOI090	95	95	1	ci	ci	_	_	_	_	_	linguistic	_	none	_	_	_	_	_	_
95-2	BOI090	95	95	2	sono	sono	_	_	_	_	_	linguistic	_	none	_	_	_	_	_	_
95-3	BOI090	95	95	3	luoghi	luoghi	_	_	_	_	_	linguistic	_	none	_	_	_	_	_	_
95-4	BOI090	95	95	4	molto	molto	_	_	_	_	_	linguistic	_	none	_	_	_	_	_	_
95-5	BOI090	95	95	5	caratteristici	caratteristici	_	_	_	_	_	linguistic	_	none	_	_	_	_	_	_
95-6	BOI090	95	95	6	è	è	_	_	_	_	_	linguistic	_	none	_	_	_	_	_	_
95-7	BOI090	95	95	7	vero:	vero	_	_	_	_	_	linguistic	_	none	_	_	3x1	_	_	_
95-8	BOI090	95	95	8	tipo	tipo	_	_	_	_	_	linguistic	_	none	_	_	_	_	_	_
95-9	BOI090	95	95	9	la	la	_	_	_	_	_	linguistic	_	none	_	_	_	_	_	_
95-10	BOI090	95	95	10	la	la	_	_	_	_	_	linguistic	_	none	_	_	_	_	_	_
95-11	BOI090	95	95	11	finestre:lla:	finestrella	_	_	_	_	_	linguistic	_	none	_	End=249.473	7x1,10x1	_	_	_
96-0	BOI090	96	96	0	tipo	tipo	_	_	_	_	_	linguistic	_	none	_	Begin=249.559	_	_	_	_
96-1	BOI090	96	96	1	i	i	_	_	_	_	_	linguistic	_	none	_	_	_	_	_	_
96-2	BOI090	96	96	2	quattro	quattro	_	_	_	_	_	linguistic	_	none	_	_	_	_	_	_
96-3	BOI090	96	96	3	canto:ni	cantoni	_	_	_	_	_	linguistic	_	none	_	_	4x1	_	_	_
96-4	BOI090	96	96	4	che	che	_	_	_	_	_	linguistic	_	none	_	_	_	_	_	_
96-5	BOI090	96	96	5	sono	sono	_	_	_	_	_	linguistic	_	none	_	_	_	_	_	_
96-6	BOI090	96	96	6	in	in	_	_	_	_	_	linguistic	_	none	_	_	_	_	_	_
96-7	BOI090	96	96	7	centro	centro	_	_	_	_	_	linguistic	_	none	_	_	_	_	_	_
96-8	BOI090	96	96	8	>proprio	proprio	_	_	_	_	_	linguistic	_	none	_	_	_	Fast=0-7(0)	_	_
96-9	BOI090	96	96	9	in	in	_	_	_	_	_	linguistic	_	none	_	_	_	Fast=0-2(0)	_	_
96-10	BOI090	96	96	10	centro<	centro	_	_	_	_	_	linguistic	_	none	_	_	_	Fast=0-6(0)	_	_
96-11	BOI090	96	96	11	in	in	_	_	_	_	_	linguistic	_	none	_	_	_	_	_	_
96-12	BOI090	96	96	12	piazza	piazza	_	_	_	_	_	linguistic	_	none	_	_	_	_	_	_
96-13	BOI090	96	96	13	maggiore	maggiore	_	_	_	_	_	linguistic	_	none	_	End=253.699	_	_	_	_
97-0	BOI090	97	97	0	vero	vero	_	_	_	_	_	linguistic	_	none	_	Begin=254.089	_	_	_	_
97-1	BOI090	97	97	1	>vero	vero	_	_	_	_	_	linguistic	_	none	_	_	_	Fast=0-4(0)	_	_
97-2	BOI090	97	97	2	vero<	vero	_	_	_	_	_	linguistic	_	none	_	_	_	Fast=0-4(0)	_	_
97-3	BOI090	97	97	3	non	non	_	_	_	_	_	linguistic	_	none	_	_	_	_	_	_
97-4	BOI090	97	97	4	sapevo	sapevo	_	_	_	_	_	linguistic	_	none	_	_	_	_	_	_
97-5	BOI090	97	97	5	si	si	_	_	_	_	_	linguistic	_	none	_	_	_	_	_	_
97-6	BOI090	97	97	6	chiamassero	chiamassero	_	_	_	_	_	linguistic	_	none	_	_	_	_	_	_
97-7	BOI090	97	97	7	i	i	_	_	_	_	_	linguistic	_	none	_	_	_	_	_	_
97-8	BOI090	97	97	8	sette	sette	_	_	_	_	_	linguistic	_	none	_	_	_	_	_	_
97-9	BOI090	97	97	9	segreti	segreti	_	_	_	_	_	linguistic	_	none	_	_	_	_	_	_
97-10	BOI090	97	97	10	di	di	_	_	_	_	_	linguistic	_	none	_	_	_	_	_	_
97-11	BOI090	97	97	11	bologna	bologna	_	_	_	_	_	linguistic	_	none	_	_	_	_	_	_
97-12	BOI090	97	97	12	buono	buono	_	_	_	_	_	linguistic	_	none	_	_	_	_	_	_
97-13	BOI090	97	97	13	a	a	_	_	_	_	_	linguistic	_	none	_	_	_	_	_	_
97-14	BOI090	97	97	14	sapersi	sapersi	_	_	_	_	_	linguistic	_	none	_	_	_	_	_	_
97-15	BOI090	97	97	15	{ride}	{ride}	_	_	_	_	_	nonverbalbehavior	_	none	_	End=259.117	_	_	_	_
98-0	BOR030	98	98	0	{ride}	{ride}	_	_	_	_	_	nonverbalbehavior	_	none	_	Begin=257.935|End=259.024	_	_	_	_
99-0	BOR030	99	99	0	e:	e	_	_	_	_	_	linguistic	_	none	_	Begin=259.243	0x1	_	_	_
99-1	BOR030	99	99	1	ma:	ma	_	_	_	_	_	linguistic	_	none	_	_	1x1	_	_	_
99-2	BOR030	99	99	2	secondo	secondo	_	_	_	_	_	linguistic	_	none	_	_	_	_	_	_
99-3	BOR030	99	99	3	te:	te	_	_	_	_	_	linguistic	_	none	_	_	1x1	_	_	_
99-4	BOR030	99	99	4	e:	e	_	_	_	_	_	linguistic	_	none	_	_	0x1	_	_	_
99-5	BOR030	99	99	5	sono	sono	_	_	_	_	_	linguistic	_	none	_	_	_	_	_	_
99-6	BOR030	99	99	6	una	una	_	_	_	_	_	linguistic	_	none	_	_	_	_	_	_
99-7	BOR030	99	99	7	cosa	cosa	_	_	_	_	_	linguistic	_	none	_	_	_	_	_	_
99-8	BOR030	99	99	8	>proprio<	proprio	_	_	_	_	_	linguistic	_	none	_	_	_	Fast=0-7(0)	_	_
99-9	BOR030	99	99	9	caratteristica	caratteristica	_	_	_	_	_	linguistic	_	none	_	_	_	_	_	_
99-10	BOR030	99	99	10	di	di	_	_	_	_	_	linguistic	_	none	_	_	_	_	_	_
99-11	BOR030	99	99	11	bologna	bologna	_	_	_	_	_	linguistic	_	none	_	_	_	_	_	_
99-12	BOR030	99	99	12	o	o	_	_	_	_	_	linguistic	_	none	_	_	_	_	_	_
99-13	BOR030	99	99	13	invece	invece	_	_	_	_	_	linguistic	_	none	_	_	_	_	_	_
99-14	BOR030	99	99	14	sono	sono	_	_	_	_	_	linguistic	_	none	_	_	_	_	_	_
99-15	BOR030	99	99	15	più:	più	_	_	_	_	_	linguistic	_	none	_	_	2x1	_	_	_
99-16	BOR030	99	99	16	mirati	mirati	_	_	_	_	_	linguistic	_	none	_	_	_	_	_	_
99-17	BOR030	99	99	17	per	per	_	_	_	_	_	linguistic	_	none	_	_	_	_	_	_
99-18	BOR030	99	99	18	i	i	_	_	_	_	_	linguistic	_	none	_	_	_	_	_	_
99-19	BOR030	99	99	19	turisti:	turisti	_	_	_	_	_	linguistic	_	none	_	End=266.599	6x1	_	_	_
100-0	BOI090	100	100	0	sì	sì	_	_	_	_	_	linguistic	_	none	_	Begin=266.751	_	_	_	_
100-1	BOI090	100	100	1	son	son	_	_	_	_	_	linguistic	_	none	_	_	_	_	_	_
100-2	BOI090	100	100	2	più	più	_	_	_	_	_	linguistic	_	none	_	_	_	_	_	_
100-3	BOI090	100	100	3	mirati	mirati	_	_	_	_	_	linguistic	_	none	_	_	_	_	_	_
100-4	BOI090	100	100	4	per	per	_	_	_	_	_	linguistic	_	none	_	_	_	_	_	_
100-5	BOI090	100	100	5	i	i	_	_	_	_	_	linguistic	_	none	_	_	_	_	_	_
100-6	BOI090	100	100	6	turisti	turisti	_	_	_	_	_	linguistic	_	none	_	_	_	_	_	_
100-7	BOI090	100	100	7	c(io)è	cioè	_	_	_	_	_	linguistic	_	none	_	End=268.794	_	_	1-3(0)	_
101-0	BOI090	101	101	0	magari	magari	_	_	_	_	_	linguistic	_	none	_	Begin=269.352	_	_	_	_
101-1	BOI090	101	101	1	quando	quando	_	_	_	_	_	linguistic	_	none	_	_	_	_	_	_
101-2	BOI090	101	101	2	sono	sono	_	_	_	_	_	linguistic	_	none	_	_	_	_	_	_
101-3	BOI090	101	101	3	state	state	_	_	_	_	_	linguistic	_	none	_	_	_	_	_	_
101-4	BOI090	101	101	4	create	create	_	_	_	_	_	linguistic	_	none	_	_	_	_	_	_
101-5	BOI090	101	101	5	queste	queste	_	_	_	_	_	linguistic	_	none	_	_	_	_	_	_
101-6	BOI090	101	101	6	cose,	cose	_	_	_	_	_	linguistic	_	none	Intonation=WeaklyRising	_	_	_	_	_
101-7	BOI090	101	101	7	quando	quando	_	_	_	_	_	linguistic	_	none	_	_	_	_	_	_
101-8	BOI090	101	101	8	hanno	hanno	_	_	_	_	_	linguistic	_	none	_	_	_	_	_	_
101-9	BOI090	101	101	9	avuto	avuto	_	_	_	_	_	linguistic	_	none	_	_	_	_	_	_
101-10	BOI090	101	101	10	origine:	origine	_	_	_	_	_	linguistic	_	none	_	_	6x1	_	_	_
101-11	BOI090	101	101	11	erano	erano	_	_	_	_	_	linguistic	_	none	_	_	_	_	_	_
101-12	BOI090	101	101	12	caratterizzanti	caratterizzanti	_	_	_	_	_	linguistic	_	none	_	_	_	_	_	_
101-13	BOI090	101	101	13	adesso	adesso	_	_	_	_	_	linguistic	_	none	_	_	_	_	_	_
101-14	BOI090	101	101	14	sono	sono	_	_	_	_	_	linguistic	_	none	_	_	_	_	_	_
101-15	BOI090	101	101	15	più	più	_	_	_	_	_	linguistic	_	none	_	_	_	_	_	_
101-16	BOI090	101	101	16	i	i	_	_	_	_	_	linguistic	_	none	_	_	_	_	_	_
101-17	BOI090	101	101	17	luoghi	luoghi	_	_	_	_	_	linguistic	_	none	_	_	_	_	_	_
101-18	BOI090	101	101	18	che	che	_	_	_	_	_	linguistic	_	none	_	_	_	_	_	_
101-19	BOI090	101	101	19	si	si	_	_	_	_	_	linguistic	_	none	_	_	_	_	_	_
101-20	BOI090	101	101	20	fanno	fanno	_	_	_	_	_	linguistic	_	none	_	_	_	_	_	_
101-21	BOI090	101	101	21	vedere	vedere	_	_	_	_	_	linguistic	_	none	_	_	_	_	_	_
101-22	BOI090	101	101	22	quando:	quando	_	_	_	_	_	linguistic	_	none	_	_	5x1	_	_	_
101-23	BOI090	101	101	23	quando	quando	_	_	_	_	_	linguistic	_	none	_	_	_	_	_	_
101-24	BOI090	101	101	24	appunto	appunto	_	_	_	_	_	linguistic	_	none	_	_	_	_	_	_
101-25	BOI090	101	101	25	ci	ci	_	_	_	_	_	linguistic	_	none	_	_	_	_	_	_
101-26	BOI090	101	101	26	sono	sono	_	_	_	_	_	linguistic	_	none	_	_	_	_	_	_
101-27	BOI090	101	101	27	le	le	_	_	_	_	_	linguistic	_	none	_	_	_	_	_	_
101-28	BOI090	101	101	28	guide	guide	_	_	_	_	_	linguistic	_	none	_	_	_	_	_	_
101-29	BOI090	101	101	29	turistiche,	turistiche	_	_	_	_	_	linguistic	_	none	Intonation=WeaklyRising	_	_	_	_	_
101-30	BOI090	101	101	30	o	o	_	_	_	_	_	linguistic	_	none	_	_	_	_	_	_
101-31	BOI090	101	101	31	così	così	_	_	_	_	_	linguistic	_	none	_	End=279.936	_	_	_	_
102-0	BOI090	102	102	0	diciamo	diciamo	_	_	_	_	_	linguistic	_	none	_	Begin=280.268	_	_	_	_
102-1	BOI090	102	102	1	che	che	_	_	_	_	_	linguistic	_	none	_	_	_	_	_	_
102-2	BOI090	102	102	2	le	le	_	_	_	_	_	linguistic	_	none	_	_	_	_	_	_
102-3	BOI090	102	102	3	meraviglie	meraviglie	_	_	_	_	_	linguistic	_	none	_	_	_	_	_	_
102-4	BOI090	102	102	4	di	di	_	_	_	_	_	linguistic	_	none	_	_	_	_	_	_
102-5	BOI090	102	102	5	bologna	bologna	_	_	_	_	_	linguistic	_	none	_	_	_	_	_	_
102-6	BOI090	102	102	6	secondo	secondo	_	_	_	_	_	linguistic	_	none	_	_	_	_	_	_
102-7	BOI090	102	102	7	me	me	_	_	_	_	_	linguistic	_	none	_	_	_	_	_	_
102-8	BOI090	102	102	8	sono	sono	_	_	_	_	_	linguistic	_	none	_	_	_	_	_	_
102-9	BOI090	102	102	9	altre	altre	_	_	_	_	_	linguistic	_	none	_	End=282.845	_	_	_	_
103-0	BOR030	103	103	0	ad	ad	_	_	_	_	_	linguistic	_	none	_	Begin=283.16	_	_	_	_
103-1	BOR030	103	103	1	esempio?	esempio	_	_	_	_	_	linguistic	_	none	Intonation=Rising	End=283.827	_	_	_	_
104-0	BOI090	104	104	0	tipo	tipo	_	_	_	_	_	linguistic	_	none	_	Begin=283.879	_	_	_	_
104-1	BOI090	104	104	1	le	le	_	_	_	_	_	linguistic	_	none	_	_	_	_	_	_
104-2	BOI090	104	104	2	sette	sette	_	_	_	_	_	linguistic	_	none	_	_	_	_	_	_
104-3	BOI090	104	104	3	chiese	chiese	_	_	_	_	_	linguistic	_	none	_	End=285.239	_	_	_	_
105-0	BOI090	105	105	0	che	che	_	_	_	_	_	linguistic	_	none	_	Begin=285.561	_	_	_	_
105-1	BOI090	105	105	1	è:	è	_	_	_	_	_	linguistic	_	none	_	_	0x1	_	_	_
105-2	BOI090	105	105	2	parte	parte	_	_	_	_	_	linguistic	_	none	_	_	_	_	_	_
105-3	BOI090	105	105	3	da	da	_	_	_	_	_	linguistic	_	none	_	_	_	_	_	_
105-4	BOI090	105	105	4	piazza	piazza	_	_	_	_	_	linguistic	_	none	_	_	_	_	_	_
105-5	BOI090	105	105	5	santo	santo	_	_	_	_	_	linguistic	_	none	_	_	_	_	_	_
105-6	BOI090	105	105	6	stefano	stefano	_	_	_	_	_	linguistic	_	none	_	End=287.976	_	_	_	_
106-0	BOI090	106	106	0	tipo	tipo	_	_	_	_	_	linguistic	_	none	_	Begin=288.418	_	_	_	_
106-1	BOI090	106	106	1	anche	anche	_	_	_	_	_	linguistic	_	none	_	_	_	_	_	_
106-2	BOI090	106	106	2	lo	lo	_	_	_	_	_	linguistic	_	none	_	_	_	_	_	_
106-3	BOI090	106	106	3	stesso	stesso	_	_	_	_	_	linguistic	_	none	_	_	_	_	_	_
106-4	BOI090	106	106	4	nettuno,	nettuno	_	_	_	_	_	linguistic	_	none	Intonation=WeaklyRising	_	_	_	_	_
106-5	BOI090	106	106	5	la	la	_	_	_	_	_	linguistic	_	none	_	_	_	_	_	_
106-6	BOI090	106	106	6	fontana	fontana	_	_	_	_	_	linguistic	_	none	_	End=290.87	_	_	_	_
107-0	BOI090	107	107	0	oppure	oppure	_	_	_	_	_	linguistic	_	none	_	Begin=291.621	_	_	_	_
107-1	BOI090	107	107	1	piazza	piazza	_	_	_	_	_	linguistic	_	none	_	_	_	_	_	_
107-2	BOI090	107	107	2	maggiore	maggiore	_	_	_	_	_	linguistic	_	none	_	_	_	_	_	_
107-3	BOI090	107	107	3	piazza	piazza	_	_	_	_	_	linguistic	_	none	_	_	_	_	_	_
107-4	BOI090	107	107	4	maggiore	maggiore	_	_	_	_	_	linguistic	_	none	_	_	_	_	_	_
107-5	BOI090	107	107	5	è	è	_	_	_	_	_	linguistic	_	none	_	_	_	_	_	_
107-6	BOI090	107	107	6	belli:ssima,	bellissima	_	_	_	_	_	linguistic	_	none	Intonation=WeaklyRising	_	4x1	_	_	_
107-7	BOI090	107	107	7	le	le	_	_	_	_	_	linguistic	_	none	_	_	_	_	_	_
107-8	BOI090	107	107	8	due	due	_	_	_	_	_	linguistic	_	none	_	_	_	_	_	_
107-9	BOI090	107	107	9	to:rri	torri	_	_	_	_	_	linguistic	_	none	_	End=295.432	1x1	_	_	_
108-0	BOI090	108	108	0	son	son	_	_	_	_	_	linguistic	_	none	_	Begin=295.772	_	_	_	_
108-1	BOI090	108	108	1	meraviglio:se	meravigliose	_	_	_	_	_	linguistic	_	none	_	End=296.807	9x1	_	_	_
109-0	BOI090	109	109	0	poi	poi	_	_	_	_	_	linguistic	_	none	_	Begin=297.192	_	_	_	_
109-1	BOI090	109	109	1	ci	ci	_	_	_	_	_	linguistic	_	none	_	_	_	_	_	_
109-2	BOI090	109	109	2	sono	sono	_	_	_	_	_	linguistic	_	none	_	_	_	_	_	_
109-3	BOI090	109	109	3	i	i	_	_	_	_	_	linguistic	_	none	_	_	_	_	_	_
109-4	BOI090	109	109	4	piccoli	piccoli	_	_	_	_	_	linguistic	_	none	_	_	_	_	_	_
109-5	BOI090	109	109	5	vicoletti	vicoletti	_	_	_	_	_	linguistic	_	none	_	_	_	_	_	_
109-6	BOI090	109	109	6	i	i	_	_	_	_	_	linguistic	_	none	_	_	_	_	_	_
109-7	BOI090	109	109	7	portici	portici	_	_	_	_	_	linguistic	_	none	_	_	_	_	_	_
109-8	BOI090	109	109	8	c(io)è:	cioè	_	_	_	_	_	linguistic	_	none	_	_	3x1	_	1-3(0)	_
109-9	BOI090	109	109	9	è	è	_	_	_	_	_	linguistic	_	none	_	_	_	_	_	_
109-10	BOI090	109	109	10	tutto	tutto	_	_	_	_	_	linguistic	_	none	_	_	_	_	_	_
109-11	BOI090	109	109	11	bello	bello	_	_	_	_	_	linguistic	_	none	_	End=301.045	_	_	_	_
110-0	BOR030	110	110	0	dai,	dai	_	_	_	_	_	linguistic	_	none	Intonation=WeaklyRising	Begin=301.375	_	_	_	_
110-1	BOR030	110	110	1	poi	poi	_	_	_	_	_	linguistic	_	none	_	_	_	_	_	_
110-2	BOR030	110	110	2	ci	ci	_	_	_	_	_	linguistic	_	none	_	_	_	_	_	_
110-3	BOR030	110	110	3	andremo:	andremo	_	_	_	_	_	linguistic	_	none	_	_	6x1	_	_	_
110-4	BOR030	110	110	4	(so	so	_	_	_	_	_	linguistic	_	none	_	_	_	_	0-2(0)	_
110-5	BOR030	110	110	5	x)	x	_	_	_	_	_	unknown	_	none	Syllables=1	End=302.99	_	_	0-1(0)	_
111-0	BOI090	111	111	0	o:h	oh	_	_	_	_	_	linguistic	_	none	_	Begin=303.086	0x1	_	_	_
111-1	BOI090	111	111	1	certo	certo	_	_	_	_	_	linguistic	_	none	_	_	_	_	_	_
111-2	BOI090	111	111	2	{ride}	{ride}	_	_	_	_	_	nonverbalbehavior	_	none	_	End=304.861	_	_	_	_
112-0	BOR030	112	112	0	>proprio<	proprio	_	_	_	_	_	linguistic	_	none	_	Begin=304.861	_	Fast=0-7(0)	_	_
112-1	BOR030	112	112	1	le	le	_	_	_	_	_	linguistic	_	none	_	_	_	_	_	_
112-2	BOR030	112	112	2	due	due	_	_	_	_	_	linguistic	_	none	_	_	_	_	_	_
112-3	BOR030	112	112	3	torri	torri	_	_	_	_	_	linguistic	_	none	_	_	_	_	_	_
112-4	BOR030	112	112	4	par[tire:i]	partirei	_	_	_	_	_	linguistic	_	none	_	_	6x1	_	_	3-8(25)
112-5	BOR030	112	112	5	così	così	_	_	_	_	_	linguistic	_	none	_	_	_	_	_	_
112-6	BOR030	112	112	6	e:	e	_	_	_	_	_	linguistic	_	none	_	_	0x1	_	_	_
112-7	BOR030	112	112	7	tu	tu	_	_	_	_	_	linguistic	_	none	_	_	_	_	_	_
112-8	BOR030	112	112	8	cosa	cosa	_	_	_	_	_	linguistic	_	none	_	_	_	_	_	_
112-9	BOR030	112	112	9	ne	ne	_	_	_	_	_	linguistic	_	none	_	_	_	_	_	_
112-10	BOR030	112	112	10	pensi	pensi	_	_	_	_	_	linguistic	_	none	_	_	_	_	_	_
112-11	BOR030	112	112	11	del	del	_	_	_	_	_	linguistic	_	none	_	_	_	_	_	_
112-12	BOR030	112	112	12	fatto	fatto	_	_	_	_	_	linguistic	_	none	_	_	_	_	_	_
112-13	BOR030	112	112	13	che:	che	_	_	_	_	_	linguistic	_	none	_	_	2x1	_	_	_
112-14	BOR030	112	112	14	la	la	_	_	_	_	_	linguistic	_	none	_	_	_	_	_	_
112-15	BOR030	112	112	15	garisenda	garisenda	_	_	_	_	_	linguistic	_	none	_	_	_	_	_	_
112-16	BOR030	112	112	16	stia:	stia	_	_	_	_	_	linguistic	_	none	_	End=310.053	3x1	_	_	_
113-0	BOI090	113	113	0	[sì]	sì	_	_	_	_	_	linguistic	_	none	_	Begin=305.926|End=306.486	_	_	_	0-2(25)
114-0	BOI090	114	114	0	è	è	_	_	_	_	_	linguistic	_	none	_	Begin=310.234	_	_	_	_
114-1	BOI090	114	114	1	un	un	_	_	_	_	_	linguistic	_	none	_	_	_	_	_	_
114-2	BOI090	114	114	2	colpo	colpo	_	_	_	_	_	linguistic	_	none	_	_	_	_	_	_
114-3	BOI090	114	114	3	al	al	_	_	_	_	_	linguistic	_	none	_	_	_	_	_	_
114-4	BOI090	114	114	4	cuo:re	cuore	_	_	_	_	_	linguistic	_	none	_	_	2x1	_	_	_
114-5	BOI090	114	114	5	{ride}	{ride}	_	_	_	_	_	nonverbalbehavior	_	none	_	_	_	_	_	_
114-6	BOI090	114	114	6	è	è	_	_	_	_	_	linguistic	_	none	_	_	_	_	_	_
114-7	BOI090	114	114	7	un	un	_	_	_	_	_	linguistic	_	none	_	_	_	_	_	_
114-8	BOI090	114	114	8	colpo	colpo	_	_	_	_	_	linguistic	_	none	_	_	_	_	_	_
114-9	BOI090	114	114	9	al	al	_	_	_	_	_	linguistic	_	none	_	_	_	_	_	_
114-10	BOI090	114	114	10	cuore	cuore	_	_	_	_	_	linguistic	_	none	_	_	_	_	_	_
114-11	BOI090	114	114	11	e	e	_	_	_	_	_	linguistic	_	none	_	_	_	_	_	_
114-12	BOI090	114	114	12	tutti	tutti	_	_	_	_	_	linguistic	_	none	_	_	_	_	_	_
114-13	BOI090	114	114	13	mi	mi	_	_	_	_	_	linguistic	_	none	_	_	_	_	_	_
114-14	BOI090	114	114	14	prendono	prendono	_	_	_	_	_	linguistic	_	none	_	_	_	_	_	_
114-15	BOI090	114	114	15	in	in	_	_	_	_	_	linguistic	_	none	_	_	_	_	_	_
114-16	BOI090	114	114	16	giro	giro	_	_	_	_	_	linguistic	_	none	_	_	_	_	_	_
114-17	BOI090	114	114	17	però	però	_	_	_	_	_	linguistic	_	none	_	_	_	_	_	_
114-18	BOI090	114	114	18	io	io	_	_	_	_	_	linguistic	_	none	_	_	_	_	_	_
114-19	BOI090	114	114	19	questa	questa	_	_	_	_	_	linguistic	_	none	_	_	_	_	_	_
114-20	BOI090	114	114	20	cosa	cosa	_	_	_	_	_	linguistic	_	none	_	_	_	_	_	_
114-21	BOI090	114	114	21	l'	l'	_	_	_	_	_	linguistic	_	none	SpaceAfter=No	_	_	_	_	_
114-22	BOI090	114	114	22	ho	ho	_	_	_	_	_	linguistic	_	none	_	_	_	_	_	_
114-23	BOI090	114	114	23	presa	presa	_	_	_	_	_	linguistic	_	none	_	_	_	_	_	_
114-24	BOI090	114	114	24	mo:lto	molto	_	_	_	_	_	linguistic	_	none	_	_	1x1	_	_	_
114-25	BOI090	114	114	25	a	a	_	_	_	_	_	linguistic	_	none	_	_	_	_	_	_
114-26	BOI090	114	114	26	cuore	cuore	_	_	_	_	_	linguistic	_	none	_	_	_	_	_	_
114-27	BOI090	114	114	27	perché:	perché	_	_	_	_	_	linguistic	_	none	_	_	5x1	_	_	_
114-28	BOI090	114	114	28	c(io)è	cioè	_	_	_	_	_	linguistic	_	none	_	End=317.396	_	_	0-3(0)	_
115-0	BOI090	115	115	0	è	è	_	_	_	_	_	linguistic	_	none	_	Begin=317.838	_	_	_	_
115-1	BOI090	115	115	1	il	il	_	_	_	_	_	linguistic	_	none	_	_	_	_	_	_
115-2	BOI090	115	115	2	simbolo	simbolo	_	_	_	_	_	linguistic	_	none	_	_	_	_	_	_
115-3	BOI090	115	115	3	di	di	_	_	_	_	_	linguistic	_	none	_	_	_	_	_	_
115-4	BOI090	115	115	4	bologna	bologna	_	_	_	_	_	linguistic	_	none	_	_	_	_	_	_
115-5	BOI090	115	115	5	c(io)è	cioè	_	_	_	_	_	linguistic	_	none	_	_	_	_	1-3(0)	_
115-6	BOI090	115	115	6	come	come	_	_	_	_	_	linguistic	_	none	_	_	_	_	_	_
115-7	BOI090	115	115	7	la	la	_	_	_	_	_	linguistic	_	none	_	_	_	_	_	_
115-8	BOI090	115	115	8	torre	torre	_	_	_	_	_	linguistic	_	none	_	_	_	_	_	_
115-9	BOI090	115	115	9	di	di	_	_	_	_	_	linguistic	_	none	_	_	_	_	_	_
115-10	BOI090	115	115	10	pisa,	pisa	_	_	_	_	_	linguistic	_	none	Intonation=WeaklyRising	_	_	_	_	_
115-11	BOI090	115	115	11	per	per	_	_	_	_	_	linguistic	_	none	_	_	_	_	_	_
115-12	BOI090	115	115	12	pisa,	pisa	_	_	_	_	_	linguistic	_	none	Intonation=WeaklyRising	_	_	_	_	_
115-13	BOI090	115	115	13	per	per	_	_	_	_	_	linguistic	_	none	_	_	_	_	_	_
115-14	BOI090	115	115	14	noi	noi	_	_	_	_	_	linguistic	_	none	_	_	_	_	_	_
115-15	BOI090	115	115	15	le	le	_	_	_	_	_	linguistic	_	none	_	_	_	_	_	_
115-16	BOI090	115	115	16	due	due	_	_	_	_	_	linguistic	_	none	_	_	_	_	_	_
115-17	BOI090	115	115	17	to:rri	torri	_	_	_	_	_	linguistic	_	none	_	_	1x1	_	_	_
115-18	BOI090	115	115	18	sono	sono	_	_	_	_	_	linguistic	_	none	_	_	_	_	_	_
115-19	BOI090	115	115	19	il	il	_	_	_	_	_	linguistic	_	none	_	_	_	_	_	_
115-20	BOI090	115	115	20	simbolo	simbolo	_	_	_	_	_	linguistic	_	none	_	_	_	_	_	_
115-21	BOI090	115	115	21	di	di	_	_	_	_	_	linguistic	_	none	_	_	_	_	_	_
115-22	BOI090	115	115	22	bolo:gna	bologna	_	_	_	_	_	linguistic	_	none	_	End=324.15	3x1	_	_	_
116-0	BOR030	116	116	0	e:	e	_	_	_	_	_	linguistic	_	none	_	Begin=324.323	0x1	_	_	_
116-1	BOR030	116	116	1	secondo	secondo	_	_	_	_	_	linguistic	_	none	_	_	_	_	_	_
116-2	BOR030	116	116	2	te	te	_	_	_	_	_	linguistic	_	none	_	_	_	_	_	_
116-3	BOR030	116	116	3	cosa	cosa	_	_	_	_	_	linguistic	_	none	_	_	_	_	_	_
116-4	BOR030	116	116	4	dovrebbero	dovrebbero	_	_	_	_	_	linguistic	_	none	_	_	_	_	_	_
116-5	BOR030	116	116	5	fare?	fare	_	_	_	_	_	linguistic	_	none	Intonation=Rising	End=326.484	_	_	_	_
117-0	BOI090	117	117	0	(od)dio:	oddio	_	_	_	_	_	linguistic	_	none	_	Begin=326.581|End=327.113	4x1	_	0-2(0)	_
118-0	BOI090	118	118	0	(a)desso	adesso	_	_	_	_	_	linguistic	_	none	_	Begin=327.162	_	_	0-1(0)	_
118-1	BOI090	118	118	1	{ride}	{ride}	_	_	_	_	_	nonverbalbehavior	_	none	_	_	_	_	_	_
118-2	BOI090	118	118	2	da	da	_	_	_	_	_	linguistic	_	none	_	_	_	_	_	_
118-3	BOI090	118	118	3	architetto	architetto	_	_	_	_	_	linguistic	_	none	_	_	_	_	_	_
118-4	BOI090	118	118	4	non	non	_	_	_	_	_	linguistic	_	none	_	_	_	_	_	_
118-5	BOI090	118	118	5	lo	lo	_	_	_	_	_	linguistic	_	none	_	_	_	_	_	_
118-6	BOI090	118	118	6	so	so	_	_	_	_	_	linguistic	_	none	_	End=330.044	_	_	_	_
119-0	BOI090	119	119	0	però:	però	_	_	_	_	_	linguistic	_	none	_	Begin=330.132	3x1	_	_	_
119-1	BOI090	119	119	1	x	x	_	_	_	_	_	unknown	_	none	Syllables=1	_	_	_	_	_
119-2	BOI090	119	119	2	in	in	_	_	_	_	_	linguistic	_	none	_	_	_	_	_	_
119-3	BOI090	119	119	3	qualche	qualche	_	_	_	_	_	linguistic	_	none	_	_	_	_	_	_
119-4	BOI090	119	119	4	modo	modo	_	_	_	_	_	linguistic	_	none	_	_	_	_	_	_
119-5	BOI090	119	119	5	devono	devono	_	_	_	_	_	linguistic	_	none	_	_	_	_	_	_
119-6	BOI090	119	119	6	metterla	metterla	_	_	_	_	_	linguistic	_	none	_	_	_	_	_	_
119-7	BOI090	119	119	7	a	a	_	_	_	_	_	linguistic	_	none	_	_	_	_	_	_
119-8	BOI090	119	119	8	posto	posto	_	_	_	_	_	linguistic	_	none	_	_	_	_	_	_
119-9	BOI090	119	119	9	perché:	perché	_	_	_	_	_	linguistic	_	none	_	_	5x1	_	_	_
119-10	BOI090	119	119	10	c(io)è	cioè	_	_	_	_	_	linguistic	_	none	_	_	_	_	1-3(0)	_
119-11	BOI090	119	119	11	se	se	_	_	_	_	_	linguistic	_	none	_	_	_	_	_	_
119-12	BOI090	119	119	12	crolla	crolla	_	_	_	_	_	linguistic	_	none	_	_	_	_	_	_
119-13	BOI090	119	119	13	la	la	_	_	_	_	_	linguistic	_	none	_	_	_	_	_	_
119-14	BOI090	119	119	14	torre:	torre	_	_	_	_	_	linguistic	_	none	_	End=335.541	4x1	_	_	_
120-0	BOI090	120	120	0	crolla:	crolla	_	_	_	_	_	linguistic	_	none	_	Begin=335.691	5x1	_	_	_
120-1	BOI090	120	120	1	un	un	_	_	_	_	_	linguistic	_	none	_	_	_	_	_	_
120-2	BOI090	120	120	2	pezzo	pezzo	_	_	_	_	_	linguistic	_	none	_	_	_	_	_	_
120-3	BOI090	120	120	3	di	di	_	_	_	_	_	linguistic	_	none	_	_	_	_	_	_
120-4	BOI090	120	120	4	bologna,	bologna	_	_	_	_	_	linguistic	_	none	Intonation=WeaklyRising	_	_	_	_	_
120-5	BOI090	120	120	5	crolla	crolla	_	_	_	_	_	linguistic	_	none	_	_	_	_	_	_
120-6	BOI090	120	120	6	una	una	_	_	_	_	_	linguistic	_	none	_	_	_	_	_	_
120-7	BOI090	120	120	7	parte	parte	_	_	_	_	_	linguistic	_	none	_	_	_	_	_	_
120-8	BOI090	120	120	8	del	del	_	_	_	_	_	linguistic	_	none	_	_	_	_	_	_
120-9	BOI090	120	120	9	nostro	nostro	_	_	_	_	_	linguistic	_	none	_	_	_	_	_	_
120-10	BOI090	120	120	10	cuore	cuore	_	_	_	_	_	linguistic	_	none	_	End=339.702	_	_	_	_
121-0	BOR030	121	121	0	°d'	d'	_	_	_	_	_	linguistic	_	none	SpaceAfter=No|Volume=low	Begin=340.305	_	_	_	_
121-1	BOR030	121	121	1	accordo°	accordo	_	_	_	_	_	linguistic	_	none	Volume=low	End=340.989	_	_	_	_
122-0	BOR030	122	122	0	mentre:	mentre	_	_	_	_	_	linguistic	_	none	_	Begin=341.465	5x1	_	_	_
122-1	BOR030	122	122	1	qui	qui	_	_	_	_	_	linguistic	_	none	_	_	_	_	_	_
122-2	BOR030	122	122	2	dove	dove	_	_	_	_	_	linguistic	_	none	_	_	_	_	_	_
122-3	BOR030	122	122	3	vivi:	vivi	_	_	_	_	_	linguistic	_	none	_	End=343.262	3x1	_	_	_
123-0	BOI090	123	123	0	°sì°	sì	_	_	_	_	_	linguistic	_	none	Volume=low	Begin=343.262|End=343.573	_	_	_	_
124-0	BOR030	124	124	0	ci	ci	_	_	_	_	_	linguistic	_	none	_	Begin=343.573	_	_	_	_
124-1	BOR030	124	124	1	sono	sono	_	_	_	_	_	linguistic	_	none	_	_	_	_	_	_
124-2	BOR030	124	124	2	magari	magari	_	_	_	_	_	linguistic	_	none	_	_	_	_	_	_
124-3	BOR030	124	124	3	piccole	piccole	_	_	_	_	_	linguistic	_	none	_	_	_	_	_	_
124-4	BOR030	124	124	4	tradizioni	tradizioni	_	_	_	_	_	linguistic	_	none	_	_	_	_	_	_
124-5	BOR030	124	124	5	o:	o	_	_	_	_	_	linguistic	_	none	_	End=346.151	0x1	_	_	_
125-0	BOR030	125	125	0	cose	cose	_	_	_	_	_	linguistic	_	none	_	Begin=346.637	_	_	_	_
125-1	BOR030	125	125	1	particolari	particolari	_	_	_	_	_	linguistic	_	none	_	_	_	_	_	_
125-2	BOR030	125	125	2	che	che	_	_	_	_	_	linguistic	_	none	_	_	_	_	_	_
125-3	BOR030	125	125	3	magari:	magari	_	_	_	_	_	linguistic	_	none	_	_	5x1	_	_	_
125-4	BOR030	125	125	4	si	si	_	_	_	_	_	linguistic	_	none	_	_	_	_	_	_
125-5	BOR030	125	125	5	discostano	discostano	_	_	_	_	_	linguistic	_	none	_	_	_	_	_	_
125-6	BOR030	125	125	6	da	da	_	_	_	_	_	linguistic	_	none	_	_	_	_	_	_
125-7	BOR030	125	125	7	bologna?	bologna	_	_	_	_	_	linguistic	_	none	Intonation=Rising	End=349.827	_	_	_	_
126-0	BOR030	126	126	0	o	o	_	_	_	_	_	linguistic	_	none	_	Begin=349.978	_	_	_	_
126-1	BOR030	126	126	1	non	non	_	_	_	_	_	linguistic	_	none	_	_	_	_	_	_
126-2	BOR030	126	126	2	hai	hai	_	_	_	_	_	linguistic	_	none	_	_	_	_	_	_
126-3	BOR030	126	126	3	notato	notato	_	_	_	_	_	linguistic	_	none	_	_	_	_	_	_
126-4	BOR030	126	126	4	null[a]?	nulla	_	_	_	_	_	linguistic	_	none	Intonation=Rising	End=351.05	_	_	_	4-5(28)
127-0	BOI090	127	127	0	[n]o:	no	_	_	_	_	_	linguistic	_	none	_	Begin=350.93|End=351.43	1x1	_	_	0-1(28)
128-0	BOI090	128	128	0	allo:ra:	allora	_	_	_	_	_	linguistic	_	none	_	Begin=351.614	3x1,5x1	_	_	_
128-1	BOI090	128	128	1	cose	cose	_	_	_	_	_	linguistic	_	none	_	_	_	_	_	_
128-2	BOI090	128	128	2	che	che	_	_	_	_	_	linguistic	_	none	_	_	_	_	_	_
128-3	BOI090	128	128	3	si	si	_	_	_	_	_	linguistic	_	none	_	_	_	_	_	_
128-4	BOI090	128	128	4	discostano	discostano	_	_	_	_	_	linguistic	_	none	_	_	_	_	_	_
128-5	BOI090	128	128	5	da	da	_	_	_	_	_	linguistic	_	none	_	_	_	_	_	_
128-6	BOI090	128	128	6	bologna	bologna	_	_	_	_	_	linguistic	_	none	_	_	_	_	_	_
128-7	BOI090	128	128	7	no:	no	_	_	_	_	_	linguistic	_	none	_	End=354.727	1x1	_	_	_
129-0	BOI090	129	129	0	però,	però	_	_	_	_	_	linguistic	_	none	Intonation=WeaklyRising	Begin=354.878	_	_	_	_
129-1	BOI090	129	129	1	una	una	_	_	_	_	_	linguistic	_	none	_	_	_	_	_	_
129-2	BOI090	129	129	2	cosa	cosa	_	_	_	_	_	linguistic	_	none	_	_	_	_	_	_
129-3	BOI090	129	129	3	che	che	_	_	_	_	_	linguistic	_	none	_	_	_	_	_	_
129-4	BOI090	129	129	4	succede	succede	_	_	_	_	_	linguistic	_	none	_	_	_	_	_	_
129-5	BOI090	129	129	5	sempre	sempre	_	_	_	_	_	linguistic	_	none	_	_	_	_	_	_
129-6	BOI090	129	129	6	qui	qui	_	_	_	_	_	linguistic	_	none	_	_	_	_	_	_
129-7	BOI090	129	129	7	è	è	_	_	_	_	_	linguistic	_	none	_	_	_	_	_	_
129-8	BOI090	129	129	8	la:	la	_	_	_	_	_	linguistic	_	none	_	_	1x1	_	_	_
129-9	BOI090	129	129	9	mh	mh	_	_	_	_	_	linguistic	_	none	_	End=358.627	_	_	_	_
130-0	BOI090	130	130	0	mi	mi	_	_	_	_	_	linguistic	_	none	_	Begin=358.796	_	_	_	_
130-1	BOI090	130	130	1	ricordo	ricordo	_	_	_	_	_	linguistic	_	none	_	_	_	_	_	_
130-2	BOI090	130	130	2	esattamente	esattamente	_	_	_	_	_	linguistic	_	none	_	_	_	_	_	_
130-3	BOI090	130	130	3	come	come	_	_	_	_	_	linguistic	_	none	_	_	_	_	_	_
130-4	BOI090	130	130	4	si	si	_	_	_	_	_	linguistic	_	none	_	_	_	_	_	_
130-5	BOI090	130	130	5	chiama	chiama	_	_	_	_	_	linguistic	_	none	_	_	_	_	_	_
130-6	BOI090	130	130	6	però	però	_	_	_	_	_	linguistic	_	none	_	_	_	_	_	_
130-7	BOI090	130	130	7	nella	nella	_	_	_	_	_	linguistic	_	none	_	_	_	_	_	_
130-8	BOI090	130	130	8	zon~	zon~	_	_	_	_	_	linguistic	_	none	Interrupted=Yes	_	_	_	_	_
130-9	BOI090	130	130	9	m:h	mh	_	_	_	_	_	linguistic	_	none	_	_	0x1	_	_	_
130-10	BOI090	130	130	10	circa	circa	_	_	_	_	_	linguistic	_	none	_	_	_	_	_	_
130-11	BOI090	130	130	11	a	a	_	_	_	_	_	linguistic	_	none	_	_	_	_	_	_
130-12	BOI090	130	130	12	ma:ggio	maggio	_	_	_	_	_	linguistic	_	none	_	End=362.808	1x1	_	_	_
131-0	BOI090	131	131	0	c'	c'	_	_	_	_	_	linguistic	_	none	SpaceAfter=No	Begin=362.973	_	_	_	_
131-1	BOI090	131	131	1	è:	è	_	_	_	_	_	linguistic	_	none	_	_	0x1	_	_	_
131-2	BOI090	131	131	2	tipo	tipo	_	_	_	_	_	linguistic	_	none	_	_	_	_	_	_
131-3	BOI090	131	131	3	un	un	_	_	_	_	_	linguistic	_	none	_	_	_	_	_	_
131-4	BOI090	131	131	4	piccolo	piccolo	_	_	_	_	_	linguistic	_	none	_	_	_	_	_	_
131-5	BOI090	131	131	5	pille~	pille~	_	_	_	_	_	linguistic	_	none	Interrupted=Yes	_	_	_	_	_
131-6	BOI090	131	131	6	pellegrinaggio	pellegrinaggio	_	_	_	_	_	linguistic	_	none	_	_	_	_	_	_
131-7	BOI090	131	131	7	per	per	_	_	_	_	_	linguistic	_	none	_	_	_	_	_	_
131-8	BOI090	131	131	8	il	il	_	_	_	_	_	linguistic	_	none	_	_	_	_	_	_
131-9	BOI090	131	131	9	comune	comune	_	_	_	_	_	linguistic	_	none	_	End=366.125	_	_	_	_
132-0	BOI090	132	132	0	che	che	_	_	_	_	_	linguistic	_	none	_	Begin=366.503	_	_	_	_
132-1	BOI090	132	132	1	è	è	_	_	_	_	_	linguistic	_	none	_	_	_	_	_	_
132-2	BOI090	132	132	2	fatto	fatto	_	_	_	_	_	linguistic	_	none	_	_	_	_	_	_
132-3	BOI090	132	132	3	per	per	_	_	_	_	_	linguistic	_	none	_	_	_	_	_	_
132-4	BOI090	132	132	4	la	la	_	_	_	_	_	linguistic	_	none	_	_	_	_	_	_
132-5	BOI090	132	132	5	madonna:	madonna	_	_	_	_	_	linguistic	_	none	_	End=367.8	6x1	_	_	_
133-0	BOI090	133	133	0	pe:r	per	_	_	_	_	_	linguistic	_	none	_	Begin=368.08	1x1	_	_	_
133-1	BOI090	133	133	1	per	per	_	_	_	_	_	linguistic	_	none	_	_	_	_	_	_
133-2	BOI090	133	133	2	il	il	_	_	_	_	_	linguistic	_	none	_	_	_	_	_	_
133-3	BOI090	133	133	3	nostro:	nostro	_	_	_	_	_	linguistic	_	none	_	_	5x1	_	_	_
133-4	BOI090	133	133	4	santo	santo	_	_	_	_	_	linguistic	_	none	_	_	_	_	_	_
133-5	BOI090	133	133	5	che	che	_	_	_	_	_	linguistic	_	none	_	End=370.117	_	_	_	_
134-0	BOI090	134	134	0	è	è	_	_	_	_	_	linguistic	_	none	_	Begin=370.419	_	_	_	_
134-1	BOI090	134	134	1	san	san	_	_	_	_	_	linguistic	_	none	_	_	_	_	_	_
134-2	BOI090	134	134	2	petronio	petronio	_	_	_	_	_	linguistic	_	none	_	_	_	_	_	_
134-3	BOI090	134	134	3	anche	anche	_	_	_	_	_	linguistic	_	none	_	_	_	_	_	_
134-4	BOI090	134	134	4	qui	qui	_	_	_	_	_	linguistic	_	none	_	End=371.783	_	_	_	_
135-0	BOI090	135	135	0	praticamente	praticamente	_	_	_	_	_	linguistic	_	none	_	Begin=372.084	_	_	_	_
135-1	BOI090	135	135	1	fanno	fanno	_	_	_	_	_	linguistic	_	none	_	_	_	_	_	_
135-2	BOI090	135	135	2	scendere	scendere	_	_	_	_	_	linguistic	_	none	_	_	_	_	_	_
135-3	BOI090	135	135	3	la	la	_	_	_	_	_	linguistic	_	none	_	_	_	_	_	_
135-4	BOI090	135	135	4	madonna	madonna	_	_	_	_	_	linguistic	_	none	_	_	_	_	_	_
135-5	BOI090	135	135	5	dalla	dalla	_	_	_	_	_	linguistic	_	none	_	_	_	_	_	_
135-6	BOI090	135	135	6	chiesa	chiesa	_	_	_	_	_	linguistic	_	none	_	End=374.519	_	_	_	_
136-0	BOI090	136	136	0	e	e	_	_	_	_	_	linguistic	_	none	_	Begin=374.934	_	_	_	_
136-1	BOI090	136	136	1	poi	poi	_	_	_	_	_	linguistic	_	none	_	_	_	_	_	_
136-2	BOI090	136	136	2	la	la	_	_	_	_	_	linguistic	_	none	_	_	_	_	_	_
136-3	BOI090	136	136	3	la	la	_	_	_	_	_	linguistic	_	none	_	_	_	_	_	_
136-4	BOI090	136	136	4	portano	portano	_	_	_	_	_	linguistic	_	none	_	_	_	_	_	_
136-5	BOI090	136	136	5	in	in	_	_	_	_	_	linguistic	_	none	_	_	_	_	_	_
136-6	BOI090	136	136	6	giro	giro	_	_	_	_	_	linguistic	_	none	_	_	_	_	_	_
136-7	BOI090	136	136	7	per	per	_	_	_	_	_	linguistic	_	none	_	_	_	_	_	_
136-8	BOI090	136	136	8	osteria	osteria	_	_	_	_	_	linguistic	_	none	_	_	_	_	_	_
136-9	BOI090	136	136	9	nuova,	nuova	_	_	_	_	_	linguistic	_	none	Intonation=WeaklyRising	_	_	_	_	_
136-10	BOI090	136	136	10	per	per	_	_	_	_	_	linguistic	_	none	_	_	_	_	_	_
136-11	BOI090	136	136	11	sala	sala	_	_	_	_	_	linguistic	_	none	_	_	_	_	_	_
136-12	BOI090	136	136	12	bolognese	bolognese	_	_	_	_	_	linguistic	_	none	_	End=378.353	_	_	_	_
137-0	BOI090	137	137	0	e	e	_	_	_	_	_	linguistic	_	none	_	Begin=378.439	_	_	_	_
137-1	BOI090	137	137	1	(d)	d	_	_	_	_	_	linguistic	_	none	_	_	_	_	0-1(0)	_
137-2	BOI090	137	137	2	è	è	_	_	_	_	_	linguistic	_	none	_	End=379.142	_	_	_	_
138-0	BOI090	138	138	0	l'	l'	_	_	_	_	_	linguistic	_	none	SpaceAfter=No	Begin=379.33	_	_	_	_
138-1	BOI090	138	138	1	unica	unica	_	_	_	_	_	linguistic	_	none	_	_	_	_	_	_
138-2	BOI090	138	138	2	tradizione	tradizione	_	_	_	_	_	linguistic	_	none	_	_	_	_	_	_
138-3	BOI090	138	138	3	che	che	_	_	_	_	_	linguistic	_	none	_	_	_	_	_	_
138-4	BOI090	138	138	4	mi	mi	_	_	_	_	_	linguistic	_	none	_	_	_	_	_	_
138-5	BOI090	138	138	5	viene	viene	_	_	_	_	_	linguistic	_	none	_	_	_	_	_	_
138-6	BOI090	138	138	6	in	in	_	_	_	_	_	linguistic	_	none	_	_	_	_	_	_
138-7	BOI090	138	138	7	mente	mente	_	_	_	_	_	linguistic	_	none	_	_	_	_	_	_
138-8	BOI090	138	138	8	perché:	perché	_	_	_	_	_	linguistic	_	none	PauseAfter=Yes	_	5x1	_	_	_
138-9	BOI090	138	138	9	{P}	{P}	_	_	_	_	_	shortpause	_	none	_	_	_	_	_	_
138-10	BOI090	138	138	10	vent'	vent'	_	_	_	_	_	linguistic	_	none	SpaceAfter=No	_	_	_	_	_
138-11	BOI090	138	138	11	anni	anni	_	_	_	_	_	linguistic	_	none	_	_	_	_	_	_
138-12	BOI090	138	138	12	che	che	_	_	_	_	_	linguistic	_	none	_	_	_	_	_	_
138-13	BOI090	138	138	13	sono	sono	_	_	_	_	_	linguistic	_	none	_	_	_	_	_	_
138-14	BOI090	138	138	14	qua	qua	_	_	_	_	_	linguistic	_	none	_	_	_	_	_	_
138-15	BOI090	138	138	15	e	e	_	_	_	_	_	linguistic	_	none	_	_	_	_	_	_
138-16	BOI090	138	138	16	vent'	vent'	_	_	_	_	_	linguistic	_	none	SpaceAfter=No	_	_	_	_	_
138-17	BOI090	138	138	17	anni	anni	_	_	_	_	_	linguistic	_	none	_	_	_	_	_	_
138-18	BOI090	138	138	18	che	che	_	_	_	_	_	linguistic	_	none	_	_	_	_	_	_
138-19	BOI090	138	138	19	la	la	_	_	_	_	_	linguistic	_	none	_	_	_	_	_	_
138-20	BOI090	138	138	20	fanno	fanno	_	_	_	_	_	linguistic	_	none	_	End=383.55	_	_	_	_
139-0	BOI090	139	139	0	però:	però	_	_	_	_	_	linguistic	_	none	_	Begin=383.801	3x1	_	_	_
139-1	BOI090	139	139	1	per	per	_	_	_	_	_	linguistic	_	none	_	_	_	_	_	_
139-2	BOI090	139	139	2	il	il	_	_	_	_	_	linguistic	_	none	_	_	_	_	_	_
139-3	BOI090	139	139	3	resto	resto	_	_	_	_	_	linguistic	_	none	_	_	_	_	_	_
139-4	BOI090	139	139	4	direi	direi	_	_	_	_	_	linguistic	_	none	_	_	_	_	_	_
139-5	BOI090	139	139	5	che	che	_	_	_	_	_	linguistic	_	none	_	End=385.77	_	_	_	_
140-0	BOI090	140	140	0	abbiamo	abbiamo	_	_	_	_	_	linguistic	_	none	_	Begin=385.921	_	_	_	_
140-1	BOI090	140	140	1	le	le	_	_	_	_	_	linguistic	_	none	_	_	_	_	_	_
140-2	BOI090	140	140	2	stesse	stesse	_	_	_	_	_	linguistic	_	none	_	_	_	_	_	_
140-3	BOI090	140	140	3	tradizioni	tradizioni	_	_	_	_	_	linguistic	_	none	_	_	_	_	_	_
140-4	BOI090	140	140	4	di	di	_	_	_	_	_	linguistic	_	none	_	_	_	_	_	_
140-5	BOI090	140	140	5	bologna	bologna	_	_	_	_	_	linguistic	_	none	_	_	_	_	_	_
140-6	BOI090	140	140	6	centro	centro	_	_	_	_	_	linguistic	_	none	_	End=388.211	_	_	_	_
141-0	BOR030	141	141	0	°d'	d'	_	_	_	_	_	linguistic	_	none	SpaceAfter=No|Volume=low	Begin=388.74	_	_	_	_
141-1	BOR030	141	141	1	accordo°	accordo	_	_	_	_	_	linguistic	_	none	Volume=low	End=389.501	_	_	_	_
142-0	BOR030	142	142	0	e:	e	_	_	_	_	_	linguistic	_	none	_	Begin=390.162	0x1	_	_	_
142-1	BOR030	142	142	1	m:h	mh	_	_	_	_	_	linguistic	_	none	_	End=391.257	0x1	_	_	_
143-0	BOR030	143	143	0	>quindi<	quindi	_	_	_	_	_	linguistic	_	none	_	Begin=392.095	_	Fast=0-6(0)	_	_
143-1	BOR030	143	143	1	proprio	proprio	_	_	_	_	_	linguistic	_	none	_	_	_	_	_	_
143-2	BOR030	143	143	2	su	su	_	_	_	_	_	linguistic	_	none	_	_	_	_	_	_
143-3	BOR030	143	143	3	san	san	_	_	_	_	_	linguistic	_	none	_	_	_	_	_	_
143-4	BOR030	143	143	4	petronio:	petronio	_	_	_	_	_	linguistic	_	none	_	_	7x1	_	_	_
143-5	BOR030	143	143	5	e:h	eh	_	_	_	_	_	linguistic	_	none	_	_	0x1	_	_	_
143-6	BOR030	143	143	6	direi	direi	_	_	_	_	_	linguistic	_	none	_	_	_	_	_	_
143-7	BOR030	143	143	7	che	che	_	_	_	_	_	linguistic	_	none	_	_	_	_	_	_
143-8	BOR030	143	143	8	mi	mi	_	_	_	_	_	linguistic	_	none	_	_	_	_	_	_
143-9	BOR030	143	143	9	collego	collego	_	_	_	_	_	linguistic	_	none	_	_	_	_	_	_
143-10	BOR030	143	143	10	lì	lì	_	_	_	_	_	linguistic	_	none	_	End=395.384	_	_	_	_
144-0	BOR030	144	144	0	e:h	eh	_	_	_	_	_	linguistic	_	none	_	Begin=395.759	0x1	_	_	_
144-1	BOR030	144	144	1	tu	tu	_	_	_	_	_	linguistic	_	none	_	_	_	_	_	_
144-2	BOR030	144	144	2	la	la	_	_	_	_	_	linguistic	_	none	_	_	_	_	_	_
144-3	BOR030	144	144	3	festa	festa	_	_	_	_	_	linguistic	_	none	_	_	_	_	_	_
144-4	BOR030	144	144	4	come	come	_	_	_	_	_	linguistic	_	none	_	_	_	_	_	_
144-5	BOR030	144	144	5	la:	la	_	_	_	_	_	linguistic	_	none	_	_	1x1	_	_	_
144-6	BOR030	144	144	6	la	la	_	_	_	_	_	linguistic	_	none	_	_	_	_	_	_
144-7	BOR030	144	144	7	vivevi?	vivevi	_	_	_	_	_	linguistic	_	none	Intonation=Rising	_	_	_	_	_
144-8	BOR030	144	144	8	come	come	_	_	_	_	_	linguistic	_	none	_	_	_	_	_	_
144-9	BOR030	144	144	9	la	la	_	_	_	_	_	linguistic	_	none	_	_	_	_	_	_
144-10	BOR030	144	144	10	vivi?	vivi	_	_	_	_	_	linguistic	_	none	Intonation=Rising	End=398.677	_	_	_	_
145-0	BOI090	145	145	0	allora	allora	_	_	_	_	_	linguistic	_	none	_	Begin=398.878	_	_	_	_
145-1	BOI090	145	145	1	quando:	quando	_	_	_	_	_	linguistic	_	none	_	_	5x1	_	_	_
145-2	BOI090	145	145	2	venivo:	venivo	_	_	_	_	_	linguistic	_	none	_	End=400.996	5x1	_	_	_
146-0	BOI090	146	146	0	nelle	nelle	_	_	_	_	_	linguistic	_	none	_	Begin=401.126	_	_	_	_
146-1	BOI090	146	146	1	scuole	scuole	_	_	_	_	_	linguistic	_	none	_	_	_	_	_	_
146-2	BOI090	146	146	2	qui	qui	_	_	_	_	_	linguistic	_	none	_	_	_	_	_	_
146-3	BOI090	146	146	3	nel	nel	_	_	_	_	_	linguistic	_	none	_	_	_	_	_	_
146-4	BOI090	146	146	4	mio	mio	_	_	_	_	_	linguistic	_	none	_	_	_	_	_	_
146-5	BOI090	146	146	5	comu:ne	comune	_	_	_	_	_	linguistic	_	none	_	End=403.126	3x1	_	_	_
147-0	BOI090	147	147	0	che	che	_	_	_	_	_	linguistic	_	none	_	Begin=403.22|End=403.47	_	_	_	_
148-0	BOI090	148	148	0	casualmente	casualmente	_	_	_	_	_	linguistic	_	none	_	Begin=403.742	_	_	_	_
148-1	BOI090	148	148	1	appunto	appunto	_	_	_	_	_	linguistic	_	none	_	_	_	_	_	_
148-2	BOI090	148	148	2	noi	noi	_	_	_	_	_	linguistic	_	none	_	_	_	_	_	_
148-3	BOI090	148	148	3	abbiamo	abbiamo	_	_	_	_	_	linguistic	_	none	_	_	_	_	_	_
148-4	BOI090	148	148	4	come	come	_	_	_	_	_	linguistic	_	none	_	_	_	_	_	_
148-5	BOI090	148	148	5	santo	santo	_	_	_	_	_	linguistic	_	none	_	_	_	_	_	_
148-6	BOI090	148	148	6	san	san	_	_	_	_	_	linguistic	_	none	_	_	_	_	_	_
148-7	BOI090	148	148	7	petronio	petronio	_	_	_	_	_	linguistic	_	none	_	_	_	_	_	_
148-8	BOI090	148	148	8	era	era	_	_	_	_	_	linguistic	_	none	_	_	_	_	_	_
148-9	BOI090	148	148	9	bellissimo	bellissimo	_	_	_	_	_	linguistic	_	none	_	_	_	_	_	_
148-10	BOI090	148	148	10	perché	perché	_	_	_	_	_	linguistic	_	none	_	_	_	_	_	_
148-11	BOI090	148	148	11	comunque	comunque	_	_	_	_	_	linguistic	_	none	_	End=408.41	_	_	_	_
149-0	BOI090	149	149	0	a	a	_	_	_	_	_	linguistic	_	none	_	Begin=408.741	_	_	_	_
149-1	BOI090	149	149	1	parte	parte	_	_	_	_	_	linguistic	_	none	_	_	_	_	_	_
149-2	BOI090	149	149	2	che	che	_	_	_	_	_	linguistic	_	none	_	_	_	_	_	_
149-3	BOI090	149	149	3	stavi	stavi	_	_	_	_	_	linguistic	_	none	_	_	_	_	_	_
149-4	BOI090	149	149	4	a	a	_	_	_	_	_	linguistic	_	none	_	_	_	_	_	_
149-5	BOI090	149	149	5	casa	casa	_	_	_	_	_	linguistic	_	none	_	_	_	_	_	_
149-6	BOI090	149	149	6	da	da	_	_	_	_	_	linguistic	_	none	_	_	_	_	_	_
149-7	BOI090	149	149	7	scuola	scuola	_	_	_	_	_	linguistic	_	none	_	_	_	_	_	_
149-8	BOI090	149	149	8	ma	ma	_	_	_	_	_	linguistic	_	none	_	End=410.568	_	_	_	_
150-0	BOI090	150	150	0	è	è	_	_	_	_	_	linguistic	_	none	_	Begin=410.76	_	_	_	_
150-1	BOI090	150	150	1	un~	un~	_	_	_	_	_	linguistic	_	none	Interrupted=Yes	_	_	_	_	_
150-2	BOI090	150	150	2	è	è	_	_	_	_	_	linguistic	_	none	_	_	_	_	_	_
150-3	BOI090	150	150	3	la	la	_	_	_	_	_	linguistic	_	none	_	_	_	_	_	_
150-4	BOI090	150	150	4	festa	festa	_	_	_	_	_	linguistic	_	none	_	_	_	_	_	_
150-5	BOI090	150	150	5	di	di	_	_	_	_	_	linguistic	_	none	_	_	_	_	_	_
150-6	BOI090	150	150	6	bolo:gna,	bologna	_	_	_	_	_	linguistic	_	none	Intonation=WeaklyRising	_	3x1	_	_	_
150-7	BOI090	150	150	7	c(io)è	cioè	_	_	_	_	_	linguistic	_	none	_	_	_	_	1-3(0)	_
150-8	BOI090	150	150	8	è	è	_	_	_	_	_	linguistic	_	none	_	_	_	_	_	_
150-9	BOI090	150	150	9	il	il	_	_	_	_	_	linguistic	_	none	_	_	_	_	_	_
150-10	BOI090	150	150	10	santo	santo	_	_	_	_	_	linguistic	_	none	_	_	_	_	_	_
150-11	BOI090	150	150	11	patrono	patrono	_	_	_	_	_	linguistic	_	none	_	_	_	_	_	_
150-12	BOI090	150	150	12	di	di	_	_	_	_	_	linguistic	_	none	_	_	_	_	_	_
150-13	BOI090	150	150	13	bologna	bologna	_	_	_	_	_	linguistic	_	none	_	_	_	_	_	_
150-14	BOI090	150	150	14	quindi	quindi	_	_	_	_	_	linguistic	_	none	_	_	_	_	_	_
150-15	BOI090	150	150	15	è	è	_	_	_	_	_	linguistic	_	none	_	_	_	_	_	_
150-16	BOI090	150	150	16	molto	molto	_	_	_	_	_	linguistic	_	none	_	_	_	_	_	_
150-17	BOI090	150	150	17	bello	bello	_	_	_	_	_	linguistic	_	none	_	End=415.635	_	_	_	_
151-0	BOI090	151	151	0	quando	quando	_	_	_	_	_	linguistic	_	none	_	Begin=416.081	_	_	_	_
151-1	BOI090	151	151	1	ho	ho	_	_	_	_	_	linguistic	_	none	_	_	_	_	_	_
151-2	BOI090	151	151	2	iniziato	iniziato	_	_	_	_	_	linguistic	_	none	_	_	_	_	_	_
151-3	BOI090	151	151	3	>magari<	magari	_	_	_	_	_	linguistic	_	none	_	_	_	Fast=0-6(0)	_	_
151-4	BOI090	151	151	4	ad	ad	_	_	_	_	_	linguistic	_	none	_	_	_	_	_	_
151-5	BOI090	151	151	5	andare	andare	_	_	_	_	_	linguistic	_	none	_	_	_	_	_	_
151-6	BOI090	151	151	6	a	a	_	_	_	_	_	linguistic	_	none	_	_	_	_	_	_
151-7	BOI090	151	151	7	scuola	scuola	_	_	_	_	_	linguistic	_	none	_	_	_	_	_	_
151-8	BOI090	151	151	8	in	in	_	_	_	_	_	linguistic	_	none	_	_	_	_	_	_
151-9	BOI090	151	151	9	un	un	_	_	_	_	_	linguistic	_	none	_	_	_	_	_	_
151-10	BOI090	151	151	10	altro	altro	_	_	_	_	_	linguistic	_	none	_	_	_	_	_	_
151-11	BOI090	151	151	11	comune,	comune	_	_	_	_	_	linguistic	_	none	Intonation=WeaklyRising	_	_	_	_	_
151-12	BOI090	151	151	12	dove	dove	_	_	_	_	_	linguistic	_	none	_	_	_	_	_	_
151-13	BOI090	151	151	13	si	si	_	_	_	_	_	linguistic	_	none	_	_	_	_	_	_
151-14	BOI090	151	151	14	festeggia	festeggia	_	_	_	_	_	linguistic	_	none	_	_	_	_	_	_
151-15	BOI090	151	151	15	un	un	_	_	_	_	_	linguistic	_	none	_	_	_	_	_	_
151-16	BOI090	151	151	16	altro	altro	_	_	_	_	_	linguistic	_	none	_	_	_	_	_	_
151-17	BOI090	151	151	17	santo:	santo	_	_	_	_	_	linguistic	_	none	_	_	4x1	_	_	_
151-18	BOI090	151	151	18	andare	andare	_	_	_	_	_	linguistic	_	none	_	_	_	_	_	_
151-19	BOI090	151	151	19	a	a	_	_	_	_	_	linguistic	_	none	_	_	_	_	_	_
151-20	BOI090	151	151	20	lavoare	lavoare	_	_	_	_	_	linguistic	_	none	_	_	_	_	_	_
151-21	BOI090	151	151	21	che	che	_	_	_	_	_	linguistic	_	none	_	_	_	_	_	_
151-22	BOI090	151	151	22	purtroppo,	purtroppo	_	_	_	_	_	linguistic	_	none	Intonation=WeaklyRising	_	_	_	_	_
151-23	BOI090	151	151	23	non	non	_	_	_	_	_	linguistic	_	none	_	_	_	_	_	_
151-24	BOI090	151	151	24	te	te	_	_	_	_	_	linguistic	_	none	_	_	_	_	_	_
151-25	BOI090	151	151	25	lo	lo	_	_	_	_	_	linguistic	_	none	_	_	_	_	_	_
151-26	BOI090	151	151	26	fanno	fanno	_	_	_	_	_	linguistic	_	none	_	_	_	_	_	_
151-27	BOI090	151	151	27	festeggiare	festeggiare	_	_	_	_	_	linguistic	_	none	_	End=424.565	_	_	_	_
152-0	BOI090	152	152	0	è	è	_	_	_	_	_	linguistic	_	none	_	Begin=425.242	_	_	_	_
152-1	BOI090	152	152	1	venuta	venuta	_	_	_	_	_	linguistic	_	none	_	_	_	_	_	_
152-2	BOI090	152	152	2	un	un	_	_	_	_	_	linguistic	_	none	_	_	_	_	_	_
152-3	BOI090	152	152	3	po'	po'	_	_	_	_	_	linguistic	_	none	_	_	_	_	_	_
152-4	BOI090	152	152	4	a	a	_	_	_	_	_	linguistic	_	none	_	_	_	_	_	_
152-5	BOI090	152	152	5	perdersi	perdersi	_	_	_	_	_	linguistic	_	none	_	_	_	_	_	_
152-6	BOI090	152	152	6	questa	questa	_	_	_	_	_	linguistic	_	none	_	_	_	_	_	_
152-7	BOI090	152	152	7	cosa	cosa	_	_	_	_	_	linguistic	_	none	_	_	_	_	_	_
152-8	BOI090	152	152	8	però	però	_	_	_	_	_	linguistic	_	none	_	_	_	_	_	_
152-9	BOI090	152	152	9	in	in	_	_	_	_	_	linguistic	_	none	_	_	_	_	_	_
152-10	BOI090	152	152	10	generale	generale	_	_	_	_	_	linguistic	_	none	_	_	_	_	_	_
152-11	BOI090	152	152	11	è	è	_	_	_	_	_	linguistic	_	none	_	_	_	_	_	_
152-12	BOI090	152	152	12	molto	molto	_	_	_	_	_	linguistic	_	none	_	_	_	_	_	_
152-13	BOI090	152	152	13	bello	bello	_	_	_	_	_	linguistic	_	none	PauseAfter=Yes	_	_	_	_	_
152-14	BOI090	152	152	14	{P}	{P}	_	_	_	_	_	shortpause	_	none	_	_	_	_	_	_
152-15	BOI090	152	152	15	poi	poi	_	_	_	_	_	linguistic	_	none	_	_	_	_	_	_
152-16	BOI090	152	152	16	so	so	_	_	_	_	_	linguistic	_	none	_	_	_	_	_	_
152-17	BOI090	152	152	17	che	che	_	_	_	_	_	linguistic	_	none	_	_	_	_	_	_
152-18	BOI090	152	152	18	a	a	_	_	_	_	_	linguistic	_	none	_	_	_	_	_	_
152-19	BOI090	152	152	19	bologna	bologna	_	_	_	_	_	linguistic	_	none	_	_	_	_	_	_
152-20	BOI090	152	152	20	fanno	fanno	_	_	_	_	_	linguistic	_	none	_	_	_	_	_	_
152-21	BOI090	152	152	21	tante	tante	_	_	_	_	_	linguistic	_	none	_	_	_	_	_	_
152-22	BOI090	152	152	22	feste	feste	_	_	_	_	_	linguistic	_	none	_	_	_	_	_	_
152-23	BOI090	152	152	23	su:	su	_	_	_	_	_	linguistic	_	none	_	_	1x1	_	_	_
152-24	BOI090	152	152	24	il	il	_	_	_	_	_	linguistic	_	none	_	_	_	_	_	_
152-25	BOI090	152	152	25	quattro	quattro	_	_	_	_	_	linguistic	_	none	_	_	_	_	_	_
152-26	BOI090	152	152	26	di	di	_	_	_	_	_	linguistic	_	none	_	_	_	_	_	_
152-27	BOI090	152	152	27	ottobre	ottobre	_	_	_	_	_	linguistic	_	none	_	_	_	_	_	_
152-28	BOI090	152	152	28	quindi	quindi	_	_	_	_	_	linguistic	_	none	_	End=432.586	_	_	_	_
153-0	BOR030	153	153	0	ad	ad	_	_	_	_	_	linguistic	_	none	_	Begin=433.068	_	_	_	_
153-1	BOR030	153	153	1	esempio?	esempio	_	_	_	_	_	linguistic	_	none	Intonation=Rising	_	_	_	_	_
153-2	BOR030	153	153	2	sai	sai	_	_	_	_	_	linguistic	_	none	_	_	_	_	_	_
153-3	BOR030	153	153	3	qualcosa?	qualcosa	_	_	_	_	_	linguistic	_	none	Intonation=Rising	End=434.719	_	_	_	_
154-0	BOI090	154	154	0	m:h	mh	_	_	_	_	_	linguistic	_	none	_	Begin=434.799	0x1	_	_	_
154-1	BOI090	154	154	1	x	x	_	_	_	_	_	unknown	_	none	Syllables=1	_	_	_	_	_
154-2	BOI090	154	154	2	so	so	_	_	_	_	_	linguistic	_	none	_	_	_	_	_	_
154-3	BOI090	154	154	3	che	che	_	_	_	_	_	linguistic	_	none	_	_	_	_	_	_
154-4	BOI090	154	154	4	comunque	comunque	_	_	_	_	_	linguistic	_	none	_	_	_	_	_	_
154-5	BOI090	154	154	5	delle	delle	_	_	_	_	_	linguistic	_	none	_	_	_	_	_	_
154-6	BOI090	154	154	6	m~	m~	_	_	_	_	_	linguistic	_	none	Interrupted=Yes	_	_	_	_	_
154-7	BOI090	154	154	7	manifestazioni	manifestazioni	_	_	_	_	_	linguistic	_	none	_	_	_	_	_	_
154-8	BOI090	154	154	8	per	per	_	_	_	_	_	linguistic	_	none	_	_	_	_	_	_
154-9	BOI090	154	154	9	l'	l'	_	_	_	_	_	linguistic	_	none	SpaceAfter=No	_	_	_	_	_
154-10	BOI090	154	154	10	appunto	appunto	_	_	_	_	_	linguistic	_	none	_	_	_	_	_	_
154-11	BOI090	154	154	11	{ride}	{ride}	_	_	_	_	_	nonverbalbehavior	_	none	_	_	_	_	_	_
154-12	BOI090	154	154	12	in	in	_	_	_	_	_	linguistic	_	none	_	_	_	_	_	_
154-13	BOI090	154	154	13	piazza:	piazza	_	_	_	_	_	linguistic	_	none	_	_	5x1	_	_	_
154-14	BOI090	154	154	14	e	e	_	_	_	_	_	linguistic	_	none	_	_	_	_	_	_
154-15	BOI090	154	154	15	poi	poi	_	_	_	_	_	linguistic	_	none	_	_	_	_	_	_
154-16	BOI090	154	154	16	se	se	_	_	_	_	_	linguistic	_	none	_	_	_	_	_	_
154-17	BOI090	154	154	17	non	non	_	_	_	_	_	linguistic	_	none	_	_	_	_	_	_
154-18	BOI090	154	154	18	mi	mi	_	_	_	_	_	linguistic	_	none	_	_	_	_	_	_
154-19	BOI090	154	154	19	sbaglio	sbaglio	_	_	_	_	_	linguistic	_	none	_	_	_	_	_	_
154-20	BOI090	154	154	20	fanno	fanno	_	_	_	_	_	linguistic	_	none	_	_	_	_	_	_
154-21	BOI090	154	154	21	una	una	_	_	_	_	_	linguistic	_	none	_	_	_	_	_	_
154-22	BOI090	154	154	22	specie	specie	_	_	_	_	_	linguistic	_	none	_	_	_	_	_	_
154-23	BOI090	154	154	23	di:	di	_	_	_	_	_	linguistic	_	none	_	End=443.053	1x1	_	_	_
155-0	BOI090	155	155	0	come	come	_	_	_	_	_	linguistic	_	none	_	Begin=444.651	_	_	_	_
155-1	BOI090	155	155	1	dire	dire	_	_	_	_	_	linguistic	_	none	_	End=445.23	_	_	_	_
156-0	BOI090	156	156	0	portano	portano	_	_	_	_	_	linguistic	_	none	_	Begin=445.834	_	_	_	_
156-1	BOI090	156	156	1	giù	giù	_	_	_	_	_	linguistic	_	none	_	_	_	_	_	_
156-2	BOI090	156	156	2	il	il	_	_	_	_	_	linguistic	_	none	_	_	_	_	_	_
156-3	BOI090	156	156	3	santo	santo	_	_	_	_	_	linguistic	_	none	_	_	_	_	_	_
156-4	BOI090	156	156	4	anche	anche	_	_	_	_	_	linguistic	_	none	_	_	_	_	_	_
156-5	BOI090	156	156	5	lì	lì	_	_	_	_	_	linguistic	_	none	_	End=447.427	_	_	_	_
157-0	BOI090	157	157	0	quindi:	quindi	_	_	_	_	_	linguistic	_	none	_	Begin=447.775	5x1	_	_	_
157-1	BOI090	157	157	1	un	un	_	_	_	_	_	linguistic	_	none	_	_	_	_	_	_
157-2	BOI090	157	157	2	po'	po'	_	_	_	_	_	linguistic	_	none	_	_	_	_	_	_
157-3	BOI090	157	157	3	quello	quello	_	_	_	_	_	linguistic	_	none	_	_	_	_	_	_
157-4	BOI090	157	157	4	che	che	_	_	_	_	_	linguistic	_	none	_	_	_	_	_	_
157-5	BOI090	157	157	5	fanno	fanno	_	_	_	_	_	linguistic	_	none	_	_	_	_	_	_
157-6	BOI090	157	157	6	qua:	qua	_	_	_	_	_	linguistic	_	none	_	_	2x1	_	_	_
157-7	BOI090	157	157	7	ma	ma	_	_	_	_	_	linguistic	_	none	_	_	_	_	_	_
157-8	BOI090	157	157	8	con	con	_	_	_	_	_	linguistic	_	none	_	_	_	_	_	_
157-9	BOI090	157	157	9	san	san	_	_	_	_	_	linguistic	_	none	_	_	_	_	_	_
157-10	BOI090	157	157	10	petronio	petronio	_	_	_	_	_	linguistic	_	none	PauseAfter=Yes	_	_	_	_	_
157-11	BOI090	157	157	11	{P}	{P}	_	_	_	_	_	shortpause	_	none	_	_	_	_	_	_
157-12	BOI090	157	157	12	se	se	_	_	_	_	_	linguistic	_	none	_	_	_	_	_	_
157-13	BOI090	157	157	13	non	non	_	_	_	_	_	linguistic	_	none	_	_	_	_	_	_
157-14	BOI090	157	157	14	erro	erro	_	_	_	_	_	linguistic	_	none	_	End=451.32	_	_	_	_
158-0	BOR030	158	158	0	°d'	d'	_	_	_	_	_	linguistic	_	none	SpaceAfter=No|Volume=low	Begin=451.55	_	_	_	_
158-1	BOR030	158	158	1	accordo°	accordo	_	_	_	_	_	linguistic	_	none	Volume=low	End=452.221	_	_	_	_
159-0	BOR030	159	159	0	e:h	eh	_	_	_	_	_	linguistic	_	none	_	Begin=452.643	0x1	_	_	_
159-1	BOR030	159	159	1	mi	mi	_	_	_	_	_	linguistic	_	none	_	_	_	_	_	_
159-2	BOR030	159	159	2	dicevi	dicevi	_	_	_	_	_	linguistic	_	none	_	_	_	_	_	_
159-3	BOR030	159	159	3	appunto	appunto	_	_	_	_	_	linguistic	_	none	_	_	_	_	_	_
159-4	BOR030	159	159	4	che:	che	_	_	_	_	_	linguistic	_	none	_	End=454.304	2x1	_	_	_
160-0	BOR030	160	160	0	poi	poi	_	_	_	_	_	linguistic	_	none	_	Begin=454.462	_	_	_	_
160-1	BOR030	160	160	1	però:	però	_	_	_	_	_	linguistic	_	none	_	_	3x1	_	_	_
160-2	BOR030	160	160	2	ti	ti	_	_	_	_	_	linguistic	_	none	_	_	_	_	_	_
160-3	BOR030	160	160	3	sei	sei	_	_	_	_	_	linguistic	_	none	_	_	_	_	_	_
160-4	BOR030	160	160	4	trasferita:	trasferita	_	_	_	_	_	linguistic	_	none	_	_	9x1	_	_	_
160-5	BOR030	160	160	5	a	a	_	_	_	_	_	linguistic	_	none	_	_	_	_	_	_
160-6	BOR030	160	160	6	san	san	_	_	_	_	_	linguistic	_	none	_	_	_	_	_	_
160-7	BOR030	160	160	7	giovanni	giovanni	_	_	_	_	_	linguistic	_	none	_	_	_	_	_	_
160-8	BOR030	160	160	8	per	per	_	_	_	_	_	linguistic	_	none	_	_	_	_	_	_
160-9	BOR030	160	160	9	fare:	fare	_	_	_	_	_	linguistic	_	none	_	_	3x1	_	_	_
160-10	BOR030	160	160	10	il	il	_	_	_	_	_	linguistic	_	none	_	_	_	_	_	_
160-11	BOR030	160	160	11	lice[o]	liceo	_	_	_	_	_	linguistic	_	none	_	End=458.212	_	_	_	4-5(34)
161-0	BOI090	161	161	0	[sì]	sì	_	_	_	_	_	linguistic	_	none	_	Begin=457.935	_	_	_	0-2(34)
161-1	BOI090	161	161	1	esa:tto	esatto	_	_	_	_	_	linguistic	_	none	_	End=458.906	2x1	_	_	_
162-0	BOR030	162	162	0	e	e	_	_	_	_	_	linguistic	_	none	_	Begin=459.003	_	_	_	_
162-1	BOR030	162	162	1	lì:	lì	_	_	_	_	_	linguistic	_	none	_	_	1x1	_	_	_
162-2	BOR030	162	162	2	il	il	_	_	_	_	_	linguistic	_	none	_	_	_	_	_	_
162-3	BOR030	162	162	3	il	il	_	_	_	_	_	linguistic	_	none	_	_	_	_	_	_
162-4	BOR030	162	162	4	patrono	patrono	_	_	_	_	_	linguistic	_	none	_	_	_	_	_	_
162-5	BOR030	162	162	5	è	è	_	_	_	_	_	linguistic	_	none	_	_	_	_	_	_
162-6	BOR030	162	162	6	dive:[rso]	diverso	_	_	_	_	_	linguistic	_	none	_	End=461.019	3x1	_	_	4-7(35)
163-0	BOI090	163	163	0	[e:sa]tto	esatto	_	_	_	_	_	linguistic	_	none	_	Begin=460.699	0x1	_	_	0-3(35)
163-1	BOI090	163	163	1	lì	lì	_	_	_	_	_	linguistic	_	none	_	_	_	_	_	_
163-2	BOI090	163	163	2	appunto	appunto	_	_	_	_	_	linguistic	_	none	_	_	_	_	_	_
163-3	BOI090	163	163	3	c'	c'	_	_	_	_	_	linguistic	_	none	SpaceAfter=No	_	_	_	_	_
163-4	BOI090	163	163	4	è	è	_	_	_	_	_	linguistic	_	none	_	_	_	_	_	_
163-5	BOI090	163	163	5	san	san	_	_	_	_	_	linguistic	_	none	_	_	_	_	_	_
163-6	BOI090	163	163	6	giovanni	giovanni	_	_	_	_	_	linguistic	_	none	_	_	_	_	_	_
163-7	BOI090	163	163	7	come	come	_	_	_	_	_	linguistic	_	none	_	_	_	_	_	_
163-8	BOI090	163	163	8	patrono	patrono	_	_	_	_	_	linguistic	_	none	_	_	_	_	_	_
163-9	BOI090	163	163	9	che	che	_	_	_	_	_	linguistic	_	none	_	_	_	_	_	_
163-10	BOI090	163	163	10	se	se	_	_	_	_	_	linguistic	_	none	_	_	_	_	_	_
163-11	BOI090	163	163	11	non	non	_	_	_	_	_	linguistic	_	none	_	_	_	_	_	_
163-12	BOI090	163	163	12	erro:	erro	_	_	_	_	_	linguistic	_	none	_	_	3x1	_	_	_
163-13	BOI090	163	163	13	viene	viene	_	_	_	_	_	linguistic	_	none	_	_	_	_	_	_
163-14	BOI090	163	163	14	festeggiato	festeggiato	_	_	_	_	_	linguistic	_	none	_	_	_	_	_	_
163-15	BOI090	163	163	15	a	a	_	_	_	_	_	linguistic	_	none	_	_	_	_	_	_
163-16	BOI090	163	163	16	giugno:	giugno	_	_	_	_	_	linguistic	_	none	_	End=466.435	5x1	_	_	_
164-0	BOI090	164	164	0	e	e	_	_	_	_	_	linguistic	_	none	_	Begin=466.816	_	_	_	_
164-1	BOI090	164	164	1	quindi	quindi	_	_	_	_	_	linguistic	_	none	_	_	_	_	_	_
164-2	BOI090	164	164	2	quello	quello	_	_	_	_	_	linguistic	_	none	_	_	_	_	_	_
164-3	BOI090	164	164	3	non	non	_	_	_	_	_	linguistic	_	none	_	_	_	_	_	_
164-4	BOI090	164	164	4	l'	l'	_	_	_	_	_	linguistic	_	none	SpaceAfter=No	_	_	_	_	_
164-5	BOI090	164	164	5	ho	ho	_	_	_	_	_	linguistic	_	none	_	_	_	_	_	_
164-6	BOI090	164	164	6	mai	mai	_	_	_	_	_	linguistic	_	none	_	_	_	_	_	_
164-7	BOI090	164	164	7	potuto:	potuto	_	_	_	_	_	linguistic	_	none	_	_	5x1	_	_	_
164-8	BOI090	164	164	8	vivere	vivere	_	_	_	_	_	linguistic	_	none	_	_	_	_	_	_
164-9	BOI090	164	164	9	perché	perché	_	_	_	_	_	linguistic	_	none	_	_	_	_	_	_
164-10	BOI090	164	164	10	le	le	_	_	_	_	_	linguistic	_	none	_	_	_	_	_	_
164-11	BOI090	164	164	11	scuole	scuole	_	_	_	_	_	linguistic	_	none	_	_	_	_	_	_
164-12	BOI090	164	164	12	ini~	ini~	_	_	_	_	_	linguistic	_	none	Interrupted=Yes	_	_	_	_	_
164-13	BOI090	164	164	13	{ride}	{ride}	_	_	_	_	_	nonverbalbehavior	_	none	_	_	_	_	_	_
164-14	BOI090	164	164	14	finiscono	finiscono	_	_	_	_	_	linguistic	_	none	_	_	_	_	_	_
164-15	BOI090	164	164	15	a	a	_	_	_	_	_	linguistic	_	none	_	_	_	_	_	_
164-16	BOI090	164	164	16	inizio	inizio	_	_	_	_	_	linguistic	_	none	_	_	_	_	_	_
164-17	BOI090	164	164	17	giugno	giugno	_	_	_	_	_	linguistic	_	none	_	_	_	_	_	_
164-18	BOI090	164	164	18	quindi	quindi	_	_	_	_	_	linguistic	_	none	_	_	_	_	_	_
164-19	BOI090	164	164	19	{ride}	{ride}	_	_	_	_	_	nonverbalbehavior	_	none	_	End=472.169	_	_	_	_
165-0	BOR030	165	165	0	giustamente	giustamente	_	_	_	_	_	linguistic	_	none	_	Begin=472.181|End=473.06	_	_	_	_
166-0	BOR030	166	166	0	dunque:	dunque	_	_	_	_	_	linguistic	_	none	_	Begin=473.692	5x1	_	_	_
166-1	BOR030	166	166	1	visto	visto	_	_	_	_	_	linguistic	_	none	_	_	_	_	_	_
166-2	BOR030	166	166	2	che	che	_	_	_	_	_	linguistic	_	none	_	_	_	_	_	_
166-3	BOR030	166	166	3	siamo	siamo	_	_	_	_	_	linguistic	_	none	_	_	_	_	_	_
166-4	BOR030	166	166	4	in	in	_	_	_	_	_	linguistic	_	none	_	_	_	_	_	_
166-5	BOR030	166	166	5	periodo	periodo	_	_	_	_	_	linguistic	_	none	_	_	_	_	_	_
166-6	BOR030	166	166	6	natalizio:	natalizio	_	_	_	_	_	linguistic	_	none	_	End=476.025	8x1	_	_	_
167-0	BOI090	167	167	0	sì:	sì	_	_	_	_	_	linguistic	_	none	_	Begin=476.025|End=476.395	1x1	_	_	_
168-0	BOR030	168	168	0	io	io	_	_	_	_	_	linguistic	_	none	_	Begin=476.395	_	_	_	_
168-1	BOR030	168	168	1	ti	ti	_	_	_	_	_	linguistic	_	none	_	_	_	_	_	_
168-2	BOR030	168	168	2	chiederei	chiederei	_	_	_	_	_	linguistic	_	none	_	_	_	_	_	_
168-3	BOR030	168	168	3	invece	invece	_	_	_	_	_	linguistic	_	none	_	_	_	_	_	_
168-4	BOR030	168	168	4	per	per	_	_	_	_	_	linguistic	_	none	_	_	_	_	_	_
168-5	BOR030	168	168	5	natale	natale	_	_	_	_	_	linguistic	_	none	_	_	_	_	_	_
168-6	BOR030	168	168	6	se	se	_	_	_	_	_	linguistic	_	none	_	_	_	_	_	_
168-7	BOR030	168	168	7	TU	tu	_	_	_	_	_	linguistic	_	none	Volume=high	_	_	_	_	_
168-8	BOR030	168	168	8	hai	hai	_	_	_	_	_	linguistic	_	none	_	_	_	_	_	_
168-9	BOR030	168	168	9	qualche	qualche	_	_	_	_	_	linguistic	_	none	_	_	_	_	_	_
168-10	BOR030	168	168	10	tradizione	tradizione	_	_	_	_	_	linguistic	_	none	_	_	_	_	_	_
168-11	BOR030	168	168	11	particolare	particolare	_	_	_	_	_	linguistic	_	none	PauseAfter=Yes	_	_	_	_	_
168-12	BOR030	168	168	12	{P}	{P}	_	_	_	_	_	shortpause	_	none	_	_	_	_	_	_
168-13	BOR030	168	168	13	[anche	anche	_	_	_	_	_	linguistic	_	none	_	_	_	_	_	0-5(36)
168-14	BOR030	168	168	14	in	in	_	_	_	_	_	linguistic	_	none	_	_	_	_	_	0-2(36)
168-15	BOR030	168	168	15	f]amiglia	famiglia	_	_	_	_	_	linguistic	_	none	_	End=481.873	_	_	_	0-1(36)
169-0	BOI090	169	169	0	[beh]	beh	_	_	_	_	_	linguistic	_	none	_	Begin=480.873|End=481.293	_	_	_	0-3(36)
170-0	BOI090	170	170	0	la	la	_	_	_	_	_	linguistic	_	none	_	Begin=481.944	_	_	_	_
170-1	BOI090	170	170	1	più	più	_	_	_	_	_	linguistic	_	none	_	_	_	_	_	_
170-2	BOI090	170	170	2	famosa	famosa	_	_	_	_	_	linguistic	_	none	_	_	_	_	_	_
170-3	BOI090	170	170	3	i	i	_	_	_	_	_	linguistic	_	none	_	_	_	_	_	_
170-4	BOI090	170	170	4	tortellini	tortellini	_	_	_	_	_	linguistic	_	none	_	End=483.594	_	_	_	_
171-0	BOI090	171	171	0	c(io)è	cioè	_	_	_	_	_	linguistic	_	none	_	Begin=483.858	_	_	1-3(0)	_
171-1	BOI090	171	171	1	è	è	_	_	_	_	_	linguistic	_	none	_	_	_	_	_	_
171-2	BOI090	171	171	2	è	è	_	_	_	_	_	linguistic	_	none	_	_	_	_	_	_
171-3	BOI090	171	171	3	la	la	_	_	_	_	_	linguistic	_	none	_	_	_	_	_	_
171-4	BOI090	171	171	4	tradizione	tradizione	_	_	_	_	_	linguistic	_	none	_	_	_	_	_	_
171-5	BOI090	171	171	5	tipica	tipica	_	_	_	_	_	linguistic	_	none	_	End=486.17	_	_	_	_
172-0	BOI090	172	172	0	noi:	noi	_	_	_	_	_	linguistic	_	none	_	Begin=486.613	2x1	_	_	_
172-1	BOI090	172	172	1	facciamo	facciamo	_	_	_	_	_	linguistic	_	none	_	_	_	_	_	_
172-2	BOI090	172	172	2	i	i	_	_	_	_	_	linguistic	_	none	_	_	_	_	_	_
172-3	BOI090	172	172	3	tortellini,	tortellini	_	_	_	_	_	linguistic	_	none	Intonation=WeaklyRising	_	_	_	_	_
172-4	BOI090	172	172	4	li	li	_	_	_	_	_	linguistic	_	none	_	_	_	_	_	_
172-5	BOI090	172	172	5	facciamo	facciamo	_	_	_	_	_	linguistic	_	none	_	_	_	_	_	_
172-6	BOI090	172	172	6	in	in	_	_	_	_	_	linguistic	_	none	_	_	_	_	_	_
172-7	BOI090	172	172	7	casa	casa	_	_	_	_	_	linguistic	_	none	_	End=489.308	_	_	_	_
173-0	BOI090	173	173	0	come:	come	_	_	_	_	_	linguistic	_	none	_	Begin=489.607|End=489.913	3x1	_	_	_
174-0	BOI090	174	174	0	la	la	_	_	_	_	_	linguistic	_	none	_	Begin=490.097	_	_	_	_
174-1	BOI090	174	174	1	tradizione	tradizione	_	_	_	_	_	linguistic	_	none	_	_	_	_	_	_
174-2	BOI090	174	174	2	vuole	vuole	_	_	_	_	_	linguistic	_	none	_	End=491.375	_	_	_	_
175-0	BOI090	175	175	0	e	e	_	_	_	_	_	linguistic	_	none	_	Begin=491.799	_	_	_	_
175-1	BOI090	175	175	1	li	li	_	_	_	_	_	linguistic	_	none	_	_	_	_	_	_
175-2	BOI090	175	175	2	mangiamo	mangiamo	_	_	_	_	_	linguistic	_	none	_	_	_	_	_	_
175-3	BOI090	175	175	3	a	a	_	_	_	_	_	linguistic	_	none	_	_	_	_	_	_
175-4	BOI090	175	175	4	natale	natale	_	_	_	_	_	linguistic	_	none	_	End=492.951	_	_	_	_
176-0	BOI090	176	176	0	altra	altra	_	_	_	_	_	linguistic	_	none	_	Begin=493.538	_	_	_	_
176-1	BOI090	176	176	1	tradizione	tradizione	_	_	_	_	_	linguistic	_	none	_	End=494.882	_	_	_	_
177-0	BOI090	177	177	0	forse:	forse	_	_	_	_	_	linguistic	_	none	_	Begin=495.052|End=495.803	4x1	_	_	_
178-0	BOI090	178	178	0	cotechino?	cotechino	_	_	_	_	_	linguistic	_	none	Intonation=Rising	Begin=496.748|End=497.584	_	_	_	_
179-0	BOI090	179	179	0	che	che	_	_	_	_	_	linguistic	_	none	_	Begin=497.697	_	_	_	_
179-1	BOI090	179	179	1	so	so	_	_	_	_	_	linguistic	_	none	_	_	_	_	_	_
179-2	BOI090	179	179	2	che	che	_	_	_	_	_	linguistic	_	none	_	_	_	_	_	_
179-3	BOI090	179	179	3	qua	qua	_	_	_	_	_	linguistic	_	none	_	_	_	_	_	_
179-4	BOI090	179	179	4	a	a	_	_	_	_	_	linguistic	_	none	_	_	_	_	_	_
179-5	BOI090	179	179	5	bologna	bologna	_	_	_	_	_	linguistic	_	none	_	_	_	_	_	_
179-6	BOI090	179	179	6	va	va	_	_	_	_	_	linguistic	_	none	_	_	_	_	_	_
179-7	BOI090	179	179	7	molto	molto	_	_	_	_	_	linguistic	_	none	_	End=499.503	_	_	_	_
180-0	BOR030	180	180	0	m:h	mh	_	_	_	_	_	linguistic	_	none	_	Begin=499.762|End=500.043	0x1	_	_	_
181-0	BOI090	181	181	0	po:i:	poi	_	_	_	_	_	linguistic	_	none	_	Begin=500.687	1x1,2x1	_	_	_
181-1	BOI090	181	181	1	vediamo,	vediamo	_	_	_	_	_	linguistic	_	none	Intonation=WeaklyRising	_	_	_	_	_
181-2	BOI090	181	181	2	sto	sto	_	_	_	_	_	linguistic	_	none	_	_	_	_	_	_
181-3	BOI090	181	181	3	pensando,	pensando	_	_	_	_	_	linguistic	_	none	Intonation=WeaklyRising	_	_	_	_	_
181-4	BOI090	181	181	4	poi	poi	_	_	_	_	_	linguistic	_	none	_	_	_	_	_	_
181-5	BOI090	181	181	5	le	le	_	_	_	_	_	linguistic	_	none	_	_	_	_	_	_
181-6	BOI090	181	181	6	altre	altre	_	_	_	_	_	linguistic	_	none	_	_	_	_	_	_
181-7	BOI090	181	181	7	tradizioni	tradizioni	_	_	_	_	_	linguistic	_	none	_	_	_	_	_	_
181-8	BOI090	181	181	8	sono	sono	_	_	_	_	_	linguistic	_	none	_	_	_	_	_	_
181-9	BOI090	181	181	9	in	in	_	_	_	_	_	linguistic	_	none	_	_	_	_	_	_
181-10	BOI090	181	181	10	realtà:	realtà	_	_	_	_	_	linguistic	_	none	_	End=505.29	5x1	_	_	_
182-0	BOI090	182	182	0	molto	molto	_	_	_	_	_	linguistic	_	none	_	Begin=505.363	_	_	_	_
182-1	BOI090	182	182	1	comuni	comuni	_	_	_	_	_	linguistic	_	none	_	_	_	_	_	_
182-2	BOI090	182	182	2	in	in	_	_	_	_	_	linguistic	_	none	_	_	_	_	_	_
182-3	BOI090	182	182	3	tutta	tutta	_	_	_	_	_	linguistic	_	none	_	_	_	_	_	_
182-4	BOI090	182	182	4	italia	italia	_	_	_	_	_	linguistic	_	none	_	End=507.154	_	_	_	_
183-0	BOI090	183	183	0	però:	però	_	_	_	_	_	linguistic	_	none	_	Begin=507.294	3x1	_	_	_
183-1	BOI090	183	183	1	quella	quella	_	_	_	_	_	linguistic	_	none	_	_	_	_	_	_
183-2	BOI090	183	183	2	dei	dei	_	_	_	_	_	linguistic	_	none	_	_	_	_	_	_
183-3	BOI090	183	183	3	tortellini	tortellini	_	_	_	_	_	linguistic	_	none	_	_	_	_	_	_
183-4	BOI090	183	183	4	è	è	_	_	_	_	_	linguistic	_	none	_	_	_	_	_	_
183-5	BOI090	183	183	5	sicuramente	sicuramente	_	_	_	_	_	linguistic	_	none	_	_	_	_	_	_
183-6	BOI090	183	183	6	la	la	_	_	_	_	_	linguistic	_	none	_	_	_	_	_	_
183-7	BOI090	183	183	7	più:	più	_	_	_	_	_	linguistic	_	none	_	_	2x1	_	_	_
183-8	BOI090	183	183	8	la	la	_	_	_	_	_	linguistic	_	none	_	_	_	_	_	_
183-9	BOI090	183	183	9	più	più	_	_	_	_	_	linguistic	_	none	_	_	_	_	_	_
183-10	BOI090	183	183	10	attinente	attinente	_	_	_	_	_	linguistic	_	none	_	_	_	_	_	_
183-11	BOI090	183	183	11	ecco	ecco	_	_	_	_	_	linguistic	_	none	_	_	_	_	_	_
183-12	BOI090	183	183	12	a	a	_	_	_	_	_	linguistic	_	none	_	_	_	_	_	_
183-13	BOI090	183	183	13	bologna	bologna	_	_	_	_	_	linguistic	_	none	_	End=511.682	_	_	_	_
184-0	BOR030	184	184	0	e	e	_	_	_	_	_	linguistic	_	none	_	Begin=511.682	_	_	_	_
184-1	BOR030	184	184	1	voi	voi	_	_	_	_	_	linguistic	_	none	_	_	_	_	_	_
184-2	BOR030	184	184	2	come	come	_	_	_	_	_	linguistic	_	none	_	_	_	_	_	_
184-3	BOR030	184	184	3	li:	li	_	_	_	_	_	linguistic	_	none	_	_	1x1	_	_	_
184-4	BOR030	184	184	4	li	li	_	_	_	_	_	linguistic	_	none	_	_	_	_	_	_
184-5	BOR030	184	184	5	fate?	fate	_	_	_	_	_	linguistic	_	none	Intonation=Rising	End=513.381	_	_	_	_
185-0	BOI090	185	185	0	come	come	_	_	_	_	_	linguistic	_	none	_	Begin=513.696	_	_	_	_
185-1	BOI090	185	185	1	>facciamo	facciamo	_	_	_	_	_	linguistic	_	none	_	_	_	Fast=0-8(0)	_	_
185-2	BOI090	185	185	2	i	i	_	_	_	_	_	linguistic	_	none	_	_	_	Fast=0-1(0)	_	_
185-3	BOI090	185	185	3	tortellini<	tortellini	_	_	_	_	_	linguistic	_	none	_	_	_	Fast=0-10(0)	_	_
185-4	BOI090	185	185	4	[oh	oh	_	_	_	_	_	linguistic	_	none	_	_	_	_	_	0-2(39)
185-5	BOI090	185	185	5	lo	lo	_	_	_	_	_	linguistic	_	none	_	_	_	_	_	0-2(39)
185-6	BOI090	185	185	6	stai	stai	_	_	_	_	_	linguistic	_	none	_	_	_	_	_	0-4(39)
185-7	BOI090	185	185	7	chied]endo	chiedendo	_	_	_	_	_	linguistic	_	none	_	_	_	_	_	0-5(39)
185-8	BOI090	185	185	8	a	a	_	_	_	_	_	linguistic	_	none	_	_	_	_	_	_
185-9	BOI090	185	185	9	una	una	_	_	_	_	_	linguistic	_	none	_	_	_	_	_	_
185-10	BOI090	185	185	10	futura	futura	_	_	_	_	_	linguistic	_	none	_	_	_	_	_	_
185-11	BOI090	185	185	11	sfoglina	sfoglina	_	_	_	_	_	linguistic	_	none	_	_	_	_	_	_
185-12	BOI090	185	185	12	eh	eh	_	_	_	_	_	linguistic	_	none	_	_	_	_	_	_
185-13	BOI090	185	185	13	{ride}	{ride}	_	_	_	_	_	nonverbalbehavior	_	none	_	_	_	_	_	_
185-14	BOI090	185	185	14	allora	allora	_	_	_	_	_	linguistic	_	none	_	_	_	_	_	_
185-15	BOI090	185	185	15	noi	noi	_	_	_	_	_	linguistic	_	none	_	End=519.451	_	_	_	_
186-0	BOR030	186	186	0	[m:h]	mh	_	_	_	_	_	linguistic	_	none	_	Begin=514.78|End=515.236	0x1	_	_	0-2(39)
187-0	BOI090	187	187	0	lo	lo	_	_	_	_	_	linguistic	_	none	_	Begin=519.707	_	_	_	_
187-1	BOI090	187	187	1	facciamo	facciamo	_	_	_	_	_	linguistic	_	none	_	_	_	_	_	_
187-2	BOI090	187	187	2	in	in	_	_	_	_	_	linguistic	_	none	_	_	_	_	_	_
187-3	BOI090	187	187	3	casa	casa	_	_	_	_	_	linguistic	_	none	_	_	_	_	_	_
187-4	BOI090	187	187	4	io,	io	_	_	_	_	_	linguistic	_	none	Intonation=WeaklyRising	_	_	_	_	_
187-5	BOI090	187	187	5	mia	mia	_	_	_	_	_	linguistic	_	none	_	_	_	_	_	_
187-6	BOI090	187	187	6	nonna,	nonna	_	_	_	_	_	linguistic	_	none	Intonation=WeaklyRising	_	_	_	_	_
187-7	BOI090	187	187	7	che	che	_	_	_	_	_	linguistic	_	none	_	_	_	_	_	_
187-8	BOI090	187	187	8	tra	tra	_	_	_	_	_	linguistic	_	none	_	_	_	_	_	_
187-9	BOI090	187	187	9	parentesi	parentesi	_	_	_	_	_	linguistic	_	none	_	_	_	_	_	_
187-10	BOI090	187	187	10	non	non	_	_	_	_	_	linguistic	_	none	_	_	_	_	_	_
187-11	BOI090	187	187	11	è	è	_	_	_	_	_	linguistic	_	none	_	_	_	_	_	_
187-12	BOI090	187	187	12	neanche	neanche	_	_	_	_	_	linguistic	_	none	_	_	_	_	_	_
187-13	BOI090	187	187	13	di	di	_	_	_	_	_	linguistic	_	none	_	_	_	_	_	_
187-14	BOI090	187	187	14	bologna	bologna	_	_	_	_	_	linguistic	_	none	_	End=523.971	_	_	_	_
188-0	BOI090	188	188	0	ma,	ma	_	_	_	_	_	linguistic	_	none	Intonation=WeaklyRising	Begin=524.169	_	_	_	_
188-1	BOI090	188	188	1	essendo	essendo	_	_	_	_	_	linguistic	_	none	_	_	_	_	_	_
188-2	BOI090	188	188	2	qua	qua	_	_	_	_	_	linguistic	_	none	_	_	_	_	_	_
188-3	BOI090	188	188	3	da	da	_	_	_	_	_	linguistic	_	none	_	End=525.194	_	_	_	_
189-0	BOI090	189	189	0	ormai	ormai	_	_	_	_	_	linguistic	_	none	_	Begin=525.554	_	_	_	_
189-1	BOI090	189	189	1	ottant'	ottant'	_	_	_	_	_	linguistic	_	none	SpaceAfter=No	_	_	_	_	_
189-2	BOI090	189	189	2	anni	anni	_	_	_	_	_	linguistic	_	none	_	_	_	_	_	_
189-3	BOI090	189	189	3	ormai	ormai	_	_	_	_	_	linguistic	_	none	_	_	_	_	_	_
189-4	BOI090	189	189	4	ha	ha	_	_	_	_	_	linguistic	_	none	_	_	_	_	_	_
189-5	BOI090	189	189	5	imparato	imparato	_	_	_	_	_	linguistic	_	none	_	_	_	_	_	_
189-6	BOI090	189	189	6	come	come	_	_	_	_	_	linguistic	_	none	_	_	_	_	_	_
189-7	BOI090	189	189	7	farli	farli	_	_	_	_	_	linguistic	_	none	_	End=527.777	_	_	_	_
190-0	BOI090	190	190	0	facciamo	facciamo	_	_	_	_	_	linguistic	_	none	_	Begin=528.014	_	_	_	_
190-1	BOI090	190	190	1	la	la	_	_	_	_	_	linguistic	_	none	_	_	_	_	_	_
190-2	BOI090	190	190	2	sfoglia,	sfoglia	_	_	_	_	_	linguistic	_	none	Intonation=WeaklyRising	_	_	_	_	_
190-3	BOI090	190	190	3	facciamo	facciamo	_	_	_	_	_	linguistic	_	none	_	_	_	_	_	_
190-4	BOI090	190	190	4	il	il	_	_	_	_	_	linguistic	_	none	_	_	_	_	_	_
190-5	BOI090	190	190	5	ripieno,	ripieno	_	_	_	_	_	linguistic	_	none	Intonation=WeaklyRising	_	_	_	_	_
190-6	BOI090	190	190	6	lo	lo	_	_	_	_	_	linguistic	_	none	_	_	_	_	_	_
190-7	BOI090	190	190	7	facciam	facciam	_	_	_	_	_	linguistic	_	none	_	_	_	_	_	_
190-8	BOI090	190	190	8	tutto	tutto	_	_	_	_	_	linguistic	_	none	_	_	_	_	_	_
190-9	BOI090	190	190	9	a	a	_	_	_	_	_	linguistic	_	none	_	_	_	_	_	_
190-10	BOI090	190	190	10	mano	mano	_	_	_	_	_	linguistic	_	none	_	_	_	_	_	_
190-11	BOI090	190	190	11	e	e	_	_	_	_	_	linguistic	_	none	_	_	_	_	_	_
190-12	BOI090	190	190	12	poi	poi	_	_	_	_	_	linguistic	_	none	_	_	_	_	_	_
190-13	BOI090	190	190	13	IO	io	_	_	_	_	_	linguistic	_	none	Volume=high	_	_	_	_	_
190-14	BOI090	190	190	14	li	li	_	_	_	_	_	linguistic	_	none	_	_	_	_	_	_
190-15	BOI090	190	190	15	chiudo	chiudo	_	_	_	_	_	linguistic	_	none	_	End=532.473	_	_	_	_
191-0	BOI090	191	191	0	quindi:	quindi	_	_	_	_	_	linguistic	_	none	_	Begin=532.942	5x1	_	_	_
191-1	BOI090	191	191	1	sì,	sì	_	_	_	_	_	linguistic	_	none	Intonation=WeaklyRising	_	_	_	_	_
191-2	BOI090	191	191	2	e	e	_	_	_	_	_	linguistic	_	none	_	_	_	_	_	_
191-3	BOI090	191	191	3	poi	poi	_	_	_	_	_	linguistic	_	none	_	_	_	_	_	_
191-4	BOI090	191	191	4	li	li	_	_	_	_	_	linguistic	_	none	_	_	_	_	_	_
191-5	BOI090	191	191	5	facciamo	facciamo	_	_	_	_	_	linguistic	_	none	_	_	_	_	_	_
191-6	BOI090	191	191	6	in	in	_	_	_	_	_	linguistic	_	none	_	_	_	_	_	_
191-7	BOI090	191	191	7	brodo	brodo	_	_	_	_	_	linguistic	_	none	_	End=534.732	_	_	_	_
192-0	BOR030	192	192	0	con	con	_	_	_	_	_	linguistic	_	none	_	Begin=535.435	_	_	_	_
192-1	BOR030	192	192	1	il	il	_	_	_	_	_	linguistic	_	none	_	_	_	_	_	_
192-2	BOR030	192	192	2	mignolino	mignolino	_	_	_	_	_	linguistic	_	none	_	_	_	_	_	_
192-3	BOR030	192	192	3	[li	li	_	_	_	_	_	linguistic	_	none	_	_	_	_	_	_
192-4	BOR030	192	192	4	chiu:di?	chiudi	_	_	_	_	_	linguistic	_	none	Intonation=Rising	End=536.741	3x1	_	_	_
193-0	BOI090	193	193	0	[sì:	sì	_	_	_	_	_	linguistic	_	none	_	Begin=536.284	1x1	_	_	_
193-1	BOI090	193	193	1	esa]tto]	esatto	_	_	_	_	_	linguistic	_	none	_	End=537.238	_	_	_	_
194-0	BOI090	194	194	0	devono	devono	_	_	_	_	_	linguistic	_	none	_	Begin=537.327	_	_	_	_
194-1	BOI090	194	194	1	essere	essere	_	_	_	_	_	linguistic	_	none	_	_	_	_	_	_
194-2	BOI090	194	194	2	piccolini	piccolini	_	_	_	_	_	linguistic	_	none	_	End=538.313	_	_	_	_
195-0	BOI090	195	195	0	{ride}	{ride}	_	_	_	_	_	nonverbalbehavior	_	none	_	Begin=538.462|End=539.342	_	_	_	_
196-0	BOR030	196	196	0	no:	no	_	_	_	_	_	linguistic	_	none	_	Begin=538.744	1x1	_	_	_
196-1	BOR030	196	196	1	devo	devo	_	_	_	_	_	linguistic	_	none	_	_	_	_	_	_
196-2	BOR030	196	196	2	ancora	ancora	_	_	_	_	_	linguistic	_	none	_	_	_	_	_	_
196-3	BOR030	196	196	3	imparare	imparare	_	_	_	_	_	linguistic	_	none	_	_	_	_	_	_
196-4	BOR030	196	196	4	a	a	_	_	_	_	_	linguistic	_	none	_	_	_	_	_	_
196-5	BOR030	196	196	5	usarlo	usarlo	_	_	_	_	_	linguistic	_	none	_	End=540.384	_	_	_	_
197-0	BOI090	197	197	0	ti	ti	_	_	_	_	_	linguistic	_	none	_	Begin=540.384	_	_	_	_
197-1	BOI090	197	197	1	insegnerò	insegnerò	_	_	_	_	_	linguistic	_	none	_	End=541.034	_	_	_	_
198-0	BOI090	198	198	0	{ride}	{ride}	_	_	_	_	_	nonverbalbehavior	_	none	_	Begin=541.203|End=541.71	_	_	_	_
199-0	BOR030	199	199	0	°d'	d'	_	_	_	_	_	linguistic	_	none	SpaceAfter=No|Volume=low	Begin=541.71	_	_	_	_
199-1	BOR030	199	199	1	accordo°	accordo	_	_	_	_	_	linguistic	_	none	Volume=low	End=542.257	_	_	_	_
200-0	BOR030	200	200	0	e	e	_	_	_	_	_	linguistic	_	none	_	Begin=542.578	_	_	_	_
200-1	BOR030	200	200	1	il	il	_	_	_	_	_	linguistic	_	none	_	_	_	_	_	_
200-2	BOR030	200	200	2	brodo	brodo	_	_	_	_	_	linguistic	_	none	_	_	_	_	_	_
200-3	BOR030	200	200	3	di~	di~	_	_	_	_	_	linguistic	_	none	Interrupted=Yes	_	_	_	_	_
200-4	BOR030	200	200	4	come	come	_	_	_	_	_	linguistic	_	none	_	_	_	_	_	_
200-5	BOR030	200	200	5	lo	lo	_	_	_	_	_	linguistic	_	none	_	_	_	_	_	_
200-6	BOR030	200	200	6	fate?	fate	_	_	_	_	_	linguistic	_	none	Intonation=Rising	End=544.036	_	_	_	_
201-0	BOI090	201	201	0	il	il	_	_	_	_	_	linguistic	_	none	_	Begin=544.256	_	_	_	_
201-1	BOI090	201	201	1	brodo:	brodo	_	_	_	_	_	linguistic	_	none	_	End=545.324	4x1	_	_	_
202-0	BOI090	202	202	0	EH	eh	_	_	_	_	_	linguistic	_	none	Volume=high	Begin=545.443|End=545.842	_	_	_	_
203-0	BOI090	203	203	0	il	il	_	_	_	_	_	linguistic	_	none	_	Begin=546.16	_	_	_	_
203-1	BOI090	203	203	1	brodo	brodo	_	_	_	_	_	linguistic	_	none	_	_	_	_	_	_
203-2	BOI090	203	203	2	s~	s~	_	_	_	_	_	linguistic	_	none	Interrupted=Yes	_	_	_	_	_
203-3	BOI090	203	203	3	ci	ci	_	_	_	_	_	linguistic	_	none	_	_	_	_	_	_
203-4	BOI090	203	203	4	mettiamo:	mettiamo	_	_	_	_	_	linguistic	_	none	_	_	7x1	_	_	_
203-5	BOI090	203	203	5	l:a	la	_	_	_	_	_	linguistic	_	none	_	_	0x1	_	_	_
203-6	BOI090	203	203	6	gallina	gallina	_	_	_	_	_	linguistic	_	none	_	End=549.355	_	_	_	_
204-0	BOI090	204	204	0	la	la	_	_	_	_	_	linguistic	_	none	_	Begin=549.773	_	_	_	_
204-1	BOI090	204	204	1	gallina	gallina	_	_	_	_	_	linguistic	_	none	_	_	_	_	_	_
204-2	BOI090	204	204	2	e	e	_	_	_	_	_	linguistic	_	none	_	_	_	_	_	_
204-3	BOI090	204	204	3	il	il	_	_	_	_	_	linguistic	_	none	_	_	_	_	_	_
204-4	BOI090	204	204	4	manzo,	manzo	_	_	_	_	_	linguistic	_	none	Intonation=WeaklyRising	_	_	_	_	_
204-5	BOI090	204	204	5	facciamo	facciamo	_	_	_	_	_	linguistic	_	none	_	_	_	_	_	_
204-6	BOI090	204	204	6	un	un	_	_	_	_	_	linguistic	_	none	_	_	_	_	_	_
204-7	BOI090	204	204	7	mix	mix	_	_	_	_	_	linguistic	_	none	_	End=551.942	_	_	_	_
205-0	BOR030	205	205	0	mhmh	mhmh	_	_	_	_	_	linguistic	_	none	_	Begin=552.021|End=552.452	_	_	_	_
206-0	BOI090	206	206	0	mhmh	mhmh	_	_	_	_	_	linguistic	_	none	_	Begin=552.548|End=552.986	_	_	_	_
207-0	BOR030	207	207	0	perché	perché	_	_	_	_	_	linguistic	_	none	_	Begin=553.049	_	_	_	_
207-1	BOR030	207	207	1	so	so	_	_	_	_	_	linguistic	_	none	_	_	_	_	_	_
207-2	BOR030	207	207	2	che	che	_	_	_	_	_	linguistic	_	none	_	_	_	_	_	_
207-3	BOR030	207	207	3	alcuni:	alcuni	_	_	_	_	_	linguistic	_	none	_	_	5x1	_	_	_
207-4	BOR030	207	207	4	lo	lo	_	_	_	_	_	linguistic	_	none	_	_	_	_	_	_
207-5	BOR030	207	207	5	fanno	fanno	_	_	_	_	_	linguistic	_	none	_	_	_	_	_	_
207-6	BOR030	207	207	6	di	di	_	_	_	_	_	linguistic	_	none	_	_	_	_	_	_
207-7	BOR030	207	207	7	cappone	cappone	_	_	_	_	_	linguistic	_	none	_	_	_	_	_	_
207-8	BOR030	207	207	8	o:	o	_	_	_	_	_	linguistic	_	none	_	End=555.881	0x1	_	_	_
208-0	BOI090	208	208	0	no:	no	_	_	_	_	_	linguistic	_	none	_	Begin=556.003	1x1	_	_	_
208-1	BOI090	208	208	1	[noi	noi	_	_	_	_	_	linguistic	_	none	_	_	_	_	_	0-3(44)
208-2	BOI090	208	208	2	facciamo	facciamo	_	_	_	_	_	linguistic	_	none	_	_	_	_	_	0-8(44)
208-3	BOI090	208	208	3	ga]llina	gallina	_	_	_	_	_	linguistic	_	none	_	_	_	_	_	0-2(44)
208-4	BOI090	208	208	4	e	e	_	_	_	_	_	linguistic	_	none	_	_	_	_	_	_
208-5	BOI090	208	208	5	manzo	manzo	_	_	_	_	_	linguistic	_	none	_	_	_	_	_	_
208-6	BOI090	208	208	6	perché	perché	_	_	_	_	_	linguistic	_	none	_	_	_	_	_	_
208-7	BOI090	208	208	7	è	è	_	_	_	_	_	linguistic	_	none	_	_	_	_	_	_
208-8	BOI090	208	208	8	leggermente	leggermente	_	_	_	_	_	linguistic	_	none	_	_	_	_	_	_
208-9	BOI090	208	208	9	più:	più	_	_	_	_	_	linguistic	_	none	_	End=558.866	2x1	_	_	_
209-0	BOR030	209	209	0	[vegetale]	vegetale	_	_	_	_	_	linguistic	_	none	_	Begin=556.309|End=557.065	_	_	_	0-8(44)
210-0	BOI090	210	210	0	c(io)è	cioè	_	_	_	_	_	linguistic	_	none	_	Begin=559.231	_	_	1-3(0)	_
210-1	BOI090	210	210	1	è	è	_	_	_	_	_	linguistic	_	none	_	_	_	_	_	_
210-2	BOI090	210	210	2	più	più	_	_	_	_	_	linguistic	_	none	_	_	_	_	_	_
210-3	BOI090	210	210	3	leggero	leggero	_	_	_	_	_	linguistic	_	none	_	_	_	_	_	_
210-4	BOI090	210	210	4	ecco	ecco	_	_	_	_	_	linguistic	_	none	_	End=560.448	_	_	_	_
211-0	BOR030	211	211	0	°d'	d'	_	_	_	_	_	linguistic	_	none	SpaceAfter=No|Volume=low	Begin=561.017	_	_	_	_
211-1	BOR030	211	211	1	accordo°	accordo	_	_	_	_	_	linguistic	_	none	Volume=low	End=561.679	_	_	_	_
212-0	BOR030	212	212	0	e:	e	_	_	_	_	_	linguistic	_	none	_	Begin=562.405	0x1	_	_	_
212-1	BOR030	212	212	1	per	per	_	_	_	_	_	linguistic	_	none	_	_	_	_	_	_
212-2	BOR030	212	212	2	caso:	caso	_	_	_	_	_	linguistic	_	none	_	_	3x1	_	_	_
212-3	BOR030	212	212	3	fate	fate	_	_	_	_	_	linguistic	_	none	_	_	_	_	_	_
212-4	BOR030	212	212	4	anche	anche	_	_	_	_	_	linguistic	_	none	_	_	_	_	_	_
212-5	BOR030	212	212	5	l'	l'	_	_	_	_	_	linguistic	_	none	SpaceAfter=No	_	_	_	_	_
212-6	BOR030	212	212	6	albero?	albero	_	_	_	_	_	linguistic	_	none	Intonation=Rising	_	_	_	_	_
212-7	BOR030	212	212	7	il	il	_	_	_	_	_	linguistic	_	none	_	_	_	_	_	_
212-8	BOR030	212	212	8	pres[e:pe]?	presepe	_	_	_	_	_	linguistic	_	none	Intonation=Rising	End=565.623	4x1	_	_	3-7(46)
213-0	BOI090	213	213	0	[ce:r]to,	certo	_	_	_	_	_	linguistic	_	none	Intonation=WeaklyRising	Begin=565.092	1x1	_	_	0-3(46)
213-1	BOI090	213	213	1	sì:	sì	_	_	_	_	_	linguistic	_	none	_	_	1x1	_	_	_
213-2	BOI090	213	213	2	facciam	facciam	_	_	_	_	_	linguistic	_	none	_	_	_	_	_	_
213-3	BOI090	213	213	3	l'	l'	_	_	_	_	_	linguistic	_	none	SpaceAfter=No	_	_	_	_	_
213-4	BOI090	213	213	4	albero	albero	_	_	_	_	_	linguistic	_	none	_	_	_	_	_	_
213-5	BOI090	213	213	5	l'	l'	_	_	_	_	_	linguistic	_	none	SpaceAfter=No	_	_	_	_	_
213-6	BOI090	213	213	6	albero	albero	_	_	_	_	_	linguistic	_	none	_	_	_	_	_	_
213-7	BOI090	213	213	7	quest'	quest'	_	_	_	_	_	linguistic	_	none	SpaceAfter=No	_	_	_	_	_
213-8	BOI090	213	213	8	anno	anno	_	_	_	_	_	linguistic	_	none	_	_	_	_	_	_
213-9	BOI090	213	213	9	ne	ne	_	_	_	_	_	linguistic	_	none	_	_	_	_	_	_
213-10	BOI090	213	213	10	abbiamo	abbiamo	_	_	_	_	_	linguistic	_	none	_	_	_	_	_	_
213-11	BOI090	213	213	11	fatti	fatti	_	_	_	_	_	linguistic	_	none	_	_	_	_	_	_
213-12	BOI090	213	213	12	addirittura	addirittura	_	_	_	_	_	linguistic	_	none	_	_	_	_	_	_
213-13	BOI090	213	213	13	due	due	_	_	_	_	_	linguistic	_	none	_	End=569.842	_	_	_	_
214-0	BOI090	214	214	0	perché:	perché	_	_	_	_	_	linguistic	_	none	_	Begin=569.925	5x1	_	_	_
214-1	BOI090	214	214	1	ci	ci	_	_	_	_	_	linguistic	_	none	_	_	_	_	_	_
214-2	BOI090	214	214	2	siamo	siamo	_	_	_	_	_	linguistic	_	none	_	_	_	_	_	_
214-3	BOI090	214	214	3	dati	dati	_	_	_	_	_	linguistic	_	none	_	_	_	_	_	_
214-4	BOI090	214	214	4	proprio	proprio	_	_	_	_	_	linguistic	_	none	_	_	_	_	_	_
214-5	BOI090	214	214	5	da	da	_	_	_	_	_	linguistic	_	none	_	_	_	_	_	_
214-6	BOI090	214	214	6	fare	fare	_	_	_	_	_	linguistic	_	none	_	End=571.793	_	_	_	_
215-0	BOI090	215	215	0	però:	però	_	_	_	_	_	linguistic	_	none	_	Begin=572.193	3x1	_	_	_
215-1	BOI090	215	215	1	sì,	sì	_	_	_	_	_	linguistic	_	none	Intonation=WeaklyRising	_	_	_	_	_
215-2	BOI090	215	215	2	in	in	_	_	_	_	_	linguistic	_	none	_	_	_	_	_	_
215-3	BOI090	215	215	3	genere	genere	_	_	_	_	_	linguistic	_	none	_	_	_	_	_	_
215-4	BOI090	215	215	4	facciamo	facciamo	_	_	_	_	_	linguistic	_	none	_	_	_	_	_	_
215-5	BOI090	215	215	5	l'	l'	_	_	_	_	_	linguistic	_	none	SpaceAfter=No	_	_	_	_	_
215-6	BOI090	215	215	6	albero:	albero	_	_	_	_	_	linguistic	_	none	_	End=574.12	5x1	_	_	_
216-0	BOI090	216	216	0	grande,	grande	_	_	_	_	_	linguistic	_	none	Intonation=WeaklyRising	Begin=574.245	_	_	_	_
216-1	BOI090	216	216	1	enorme	enorme	_	_	_	_	_	linguistic	_	none	_	End=575.233	_	_	_	_
217-0	BOI090	217	217	0	e	e	_	_	_	_	_	linguistic	_	none	_	Begin=575.704	_	_	_	_
217-1	BOI090	217	217	1	il	il	_	_	_	_	_	linguistic	_	none	_	_	_	_	_	_
217-2	BOI090	217	217	2	presepe	presepe	_	_	_	_	_	linguistic	_	none	_	End=576.659	_	_	_	_
218-0	BOI090	218	218	0	che:	che	_	_	_	_	_	linguistic	_	none	_	Begin=576.858	2x1	_	_	_
218-1	BOI090	218	218	1	anche	anche	_	_	_	_	_	linguistic	_	none	_	_	_	_	_	_
218-2	BOI090	218	218	2	quello	quello	_	_	_	_	_	linguistic	_	none	_	_	_	_	_	_
218-3	BOI090	218	218	3	c(io)è	cioè	_	_	_	_	_	linguistic	_	none	_	_	_	_	1-3(0)	_
218-4	BOI090	218	218	4	ci	ci	_	_	_	_	_	linguistic	_	none	_	_	_	_	_	_
218-5	BOI090	218	218	5	diamo	diamo	_	_	_	_	_	linguistic	_	none	_	_	_	_	_	_
218-6	BOI090	218	218	6	proprio:	proprio	_	_	_	_	_	linguistic	_	none	_	_	6x1	_	_	_
218-7	BOI090	218	218	7	alla	alla	_	_	_	_	_	linguistic	_	none	_	_	_	_	_	_
218-8	BOI090	218	218	8	pazza	pazza	_	_	_	_	_	linguistic	_	none	_	_	_	_	_	_
218-9	BOI090	218	218	9	gioia	gioia	_	_	_	_	_	linguistic	_	none	_	_	_	_	_	_
218-10	BOI090	218	218	10	noi	noi	_	_	_	_	_	linguistic	_	none	_	_	_	_	_	_
218-11	BOI090	218	218	11	che	che	_	_	_	_	_	linguistic	_	none	_	_	_	_	_	_
218-12	BOI090	218	218	12	siamo	siamo	_	_	_	_	_	linguistic	_	none	_	_	_	_	_	_
218-13	BOI090	218	218	13	poi	poi	_	_	_	_	_	linguistic	_	none	_	_	_	_	_	_
218-14	BOI090	218	218	14	m~	m~	_	_	_	_	_	linguistic	_	none	Interrupted=Yes	_	_	_	_	_
218-15	BOI090	218	218	15	mezzi	mezzi	_	_	_	_	_	linguistic	_	none	_	_	_	_	_	_
218-16	BOI090	218	218	16	falegna:mi	falegnami	_	_	_	_	_	linguistic	_	none	_	_	6x1	_	_	_
218-17	BOI090	218	218	17	in	in	_	_	_	_	_	linguistic	_	none	_	_	_	_	_	_
218-18	BOI090	218	218	18	casa	casa	_	_	_	_	_	linguistic	_	none	_	_	_	_	_	_
218-19	BOI090	218	218	19	c(io)è	cioè	_	_	_	_	_	linguistic	_	none	_	_	_	_	1-3(1)	_
218-20	BOI090	218	218	20	{ride}	{ride}	_	_	_	_	_	nonverbalbehavior	_	none	_	_	_	_	_	_
218-21	BOI090	218	218	21	facciamo	facciamo	_	_	_	_	_	linguistic	_	none	_	_	_	_	_	_
218-22	BOI090	218	218	22	>un	un	_	_	_	_	_	linguistic	_	none	_	_	_	Fast=0-2(0)	_	_
218-23	BOI090	218	218	23	presepe	presepe	_	_	_	_	_	linguistic	_	none	_	_	_	Fast=0-7(0)	_	_
218-24	BOI090	218	218	24	della	della	_	_	_	_	_	linguistic	_	none	_	_	_	Fast=0-5(0)	_	_
218-25	BOI090	218	218	25	madonna<	madonna	_	_	_	_	_	linguistic	_	none	_	End=584.532	_	Fast=0-7(0)	_	_
219-0	BOR030	219	219	0	ma	ma	_	_	_	_	_	linguistic	_	none	_	Begin=584.689	_	_	_	_
219-1	BOR030	219	219	1	lo	lo	_	_	_	_	_	linguistic	_	none	_	_	_	_	_	_
219-2	BOR030	219	219	2	fate:	fate	_	_	_	_	_	linguistic	_	none	_	_	3x1	_	_	_
219-3	BOR030	219	219	3	religioso	religioso	_	_	_	_	_	linguistic	_	none	_	_	_	_	_	_
219-4	BOR030	219	219	4	o	o	_	_	_	_	_	linguistic	_	none	_	_	_	_	_	_
219-5	BOR030	219	219	5	quello	quello	_	_	_	_	_	linguistic	_	none	_	_	_	_	_	_
219-6	BOR030	219	219	6	laico?	laico	_	_	_	_	_	linguistic	_	none	Intonation=Rising	End=587.172	_	_	_	_
220-0	BOI090	220	220	0	quello	quello	_	_	_	_	_	linguistic	_	none	_	Begin=587.458	_	_	_	_
220-1	BOI090	220	220	1	laico	laico	_	_	_	_	_	linguistic	_	none	_	End=588.362	_	_	_	_
221-0	BOI090	221	221	0	c(io)è	cioè	_	_	_	_	_	linguistic	_	none	_	Begin=588.528|End=588.974	_	_	1-3(0)	_
222-0	BOI090	222	222	0	oddio:	oddio	_	_	_	_	_	linguistic	_	none	_	Begin=589.247|End=589.789	4x1	_	_	_
223-0	BOI090	223	223	0	l~	l~	_	_	_	_	_	linguistic	_	none	Interrupted=Yes	Begin=589.984	_	_	_	_
223-1	BOI090	223	223	1	il	il	_	_	_	_	_	linguistic	_	none	_	_	_	_	_	_
223-2	BOI090	223	223	2	significato	significato	_	_	_	_	_	linguistic	_	none	_	_	_	_	_	_
223-3	BOI090	223	223	3	del	del	_	_	_	_	_	linguistic	_	none	_	_	_	_	_	_
223-4	BOI090	223	223	4	presepe	presepe	_	_	_	_	_	linguistic	_	none	_	_	_	_	_	_
223-5	BOI090	223	223	5	c'	c'	_	_	_	_	_	linguistic	_	none	SpaceAfter=No	_	_	_	_	_
223-6	BOI090	223	223	6	è	è	_	_	_	_	_	linguistic	_	none	_	_	_	_	_	_
223-7	BOI090	223	223	7	sempre	sempre	_	_	_	_	_	linguistic	_	none	_	_	_	_	_	_
223-8	BOI090	223	223	8	ovvio	ovvio	_	_	_	_	_	linguistic	_	none	_	_	_	_	_	_
223-9	BOI090	223	223	9	che	che	_	_	_	_	_	linguistic	_	none	_	End=593.625	_	_	_	_
224-0	BOI090	224	224	0	non:	non	_	_	_	_	_	linguistic	_	none	_	Begin=593.933	2x1	_	_	_
224-1	BOI090	224	224	1	non	non	_	_	_	_	_	linguistic	_	none	_	_	_	_	_	_
224-2	BOI090	224	224	2	stiamo	stiamo	_	_	_	_	_	linguistic	_	none	_	_	_	_	_	_
224-3	BOI090	224	224	3	a	a	_	_	_	_	_	linguistic	_	none	_	_	_	_	_	_
224-4	BOI090	224	224	4	dargli	dargli	_	_	_	_	_	linguistic	_	none	_	_	_	_	_	_
224-5	BOI090	224	224	5	troppo	troppo	_	_	_	_	_	linguistic	_	none	_	_	_	_	_	_
224-6	BOI090	224	224	6	significato	significato	_	_	_	_	_	linguistic	_	none	_	_	_	_	_	_
224-7	BOI090	224	224	7	perché	perché	_	_	_	_	_	linguistic	_	none	_	_	_	_	_	_
224-8	BOI090	224	224	8	ormai	ormai	_	_	_	_	_	linguistic	_	none	_	_	_	_	_	_
224-9	BOI090	224	224	9	è	è	_	_	_	_	_	linguistic	_	none	_	_	_	_	_	_
224-10	BOI090	224	224	10	diventata	diventata	_	_	_	_	_	linguistic	_	none	_	_	_	_	_	_
224-11	BOI090	224	224	11	una	una	_	_	_	_	_	linguistic	_	none	_	_	_	_	_	_
224-12	BOI090	224	224	12	cosa	cosa	_	_	_	_	_	linguistic	_	none	_	_	_	_	_	_
224-13	BOI090	224	224	13	più	più	_	_	_	_	_	linguistic	_	none	_	_	_	_	_	_
224-14	BOI090	224	224	14	pagana	pagana	_	_	_	_	_	linguistic	_	none	_	_	_	_	_	_
224-15	BOI090	224	224	15	che	che	_	_	_	_	_	linguistic	_	none	_	_	_	_	_	_
224-16	BOI090	224	224	16	altro	altro	_	_	_	_	_	linguistic	_	none	_	_	_	_	_	_
224-17	BOI090	224	224	17	il	il	_	_	_	_	_	linguistic	_	none	_	_	_	_	_	_
224-18	BOI090	224	224	18	presepe	presepe	_	_	_	_	_	linguistic	_	none	_	_	_	_	_	_
224-19	BOI090	224	224	19	come	come	_	_	_	_	_	linguistic	_	none	_	_	_	_	_	_
224-20	BOI090	224	224	20	anche	anche	_	_	_	_	_	linguistic	_	none	_	_	_	_	_	_
224-21	BOI090	224	224	21	l'	l'	_	_	_	_	_	linguistic	_	none	SpaceAfter=No	_	_	_	_	_
224-22	BOI090	224	224	22	albero	albero	_	_	_	_	_	linguistic	_	none	_	End=600.685	_	_	_	_
225-0	BOR030	225	225	0	mh	mh	_	_	_	_	_	linguistic	_	none	_	Begin=600.972	_	_	_	_
225-1	BOR030	225	225	1	>mhmh<	mhmh	_	_	_	_	_	linguistic	_	none	_	End=601.618	_	Fast=0-4(0)	_	_
226-0	BOI090	226	226	0	però:	però	_	_	_	_	_	linguistic	_	none	_	Begin=601.75	3x1	_	_	_
226-1	BOI090	226	226	1	sì	sì	_	_	_	_	_	linguistic	_	none	_	End=602.5	_	_	_	_
227-0	BOR030	227	227	0	e:	e	_	_	_	_	_	linguistic	_	none	_	Begin=602.656	0x1	_	_	_
227-1	BOR030	227	227	1	l'	l'	_	_	_	_	_	linguistic	_	none	SpaceAfter=No	_	_	_	_	_
227-2	BOR030	227	227	2	albero:	albero	_	_	_	_	_	linguistic	_	none	_	_	5x1	_	_	_
227-3	BOR030	227	227	3	lo	lo	_	_	_	_	_	linguistic	_	none	_	_	_	_	_	_
227-4	BOR030	227	227	4	fate:	fate	_	_	_	_	_	linguistic	_	none	PauseAfter=Yes	_	3x1	_	_	_
227-5	BOR030	227	227	5	{P}	{P}	_	_	_	_	_	shortpause	_	none	_	_	_	_	_	_
227-6	BOR030	227	227	6	avete	avete	_	_	_	_	_	linguistic	_	none	_	_	_	_	_	_
227-7	BOR030	227	227	7	delle	delle	_	_	_	_	_	linguistic	_	none	_	_	_	_	_	_
227-8	BOR030	227	227	8	tradizio~	tradizio~	_	_	_	_	_	linguistic	_	none	Interrupted=Yes	_	_	_	_	_
227-9	BOR030	227	227	9	tipo	tipo	_	_	_	_	_	linguistic	_	none	_	_	_	_	_	_
227-10	BOR030	227	227	10	siete	siete	_	_	_	_	_	linguistic	_	none	_	_	_	_	_	_
227-11	BOR030	227	227	11	creativi	creativi	_	_	_	_	_	linguistic	_	none	_	_	_	_	_	_
227-12	BOR030	227	227	12	sul	sul	_	_	_	_	_	linguistic	_	none	_	_	_	_	_	_
227-13	BOR030	227	227	13	fare	fare	_	_	_	_	_	linguistic	_	none	_	_	_	_	_	_
227-14	BOR030	227	227	14	l'	l'	_	_	_	_	_	linguistic	_	none	SpaceAfter=No	_	_	_	_	_
227-15	BOR030	227	227	15	albero	albero	_	_	_	_	_	linguistic	_	none	_	_	_	_	_	_
227-16	BOR030	227	227	16	o	o	_	_	_	_	_	linguistic	_	none	_	_	_	_	_	_
227-17	BOR030	227	227	17	rimanete:	rimanete	_	_	_	_	_	linguistic	_	none	_	_	7x1	_	_	_
227-18	BOR030	227	227	18	fer[mi]	fermi	_	_	_	_	_	linguistic	_	none	_	End=609.437	_	_	_	1-4(47)
228-0	BOI090	228	228	0	[al]lo:ra	allora	_	_	_	_	_	linguistic	_	none	_	Begin=609.197	3x1	_	_	0-2(47)
228-1	BOI090	228	228	1	diciamo	diciamo	_	_	_	_	_	linguistic	_	none	_	_	_	_	_	_
228-2	BOI090	228	228	2	che	che	_	_	_	_	_	linguistic	_	none	_	_	_	_	_	_
228-3	BOI090	228	228	3	no:i	noi	_	_	_	_	_	linguistic	_	none	_	_	1x1	_	_	_
228-4	BOI090	228	228	4	sull'	sull'	_	_	_	_	_	linguistic	_	none	SpaceAfter=No	_	_	_	_	_
228-5	BOI090	228	228	5	albero	albero	_	_	_	_	_	linguistic	_	none	_	_	_	_	_	_
228-6	BOI090	228	228	6	c(io)è	cioè	_	_	_	_	_	linguistic	_	none	_	_	_	_	0-3(0)	_
228-7	BOI090	228	228	7	abbiam	abbiam	_	_	_	_	_	linguistic	_	none	_	_	_	_	_	_
228-8	BOI090	228	228	8	sempre:	sempre	_	_	_	_	_	linguistic	_	none	_	_	5x1	_	_	_
228-9	BOI090	228	228	9	lo	lo	_	_	_	_	_	linguistic	_	none	_	_	_	_	_	_
228-10	BOI090	228	228	10	schema	schema	_	_	_	_	_	linguistic	_	none	_	_	_	_	_	_
228-11	BOI090	228	228	11	di	di	_	_	_	_	_	linguistic	_	none	_	_	_	_	_	_
228-12	BOI090	228	228	12	colo:ri	colori	_	_	_	_	_	linguistic	_	none	_	_	3x1	_	_	_
228-13	BOI090	228	228	13	no?	no	_	_	_	_	_	linguistic	_	none	Intonation=Rising	End=614.169	_	_	_	_
229-0	BOI090	229	229	0	ogni	ogni	_	_	_	_	_	linguistic	_	none	_	Begin=614.281	_	_	_	_
229-1	BOI090	229	229	1	anno	anno	_	_	_	_	_	linguistic	_	none	_	_	_	_	_	_
229-2	BOI090	229	229	2	noi	noi	_	_	_	_	_	linguistic	_	none	_	_	_	_	_	_
229-3	BOI090	229	229	3	decidiamo	decidiamo	_	_	_	_	_	linguistic	_	none	_	_	_	_	_	_
229-4	BOI090	229	229	4	un	un	_	_	_	_	_	linguistic	_	none	_	_	_	_	_	_
229-5	BOI090	229	229	5	colore,	colore	_	_	_	_	_	linguistic	_	none	Intonation=WeaklyRising	_	_	_	_	_
229-6	BOI090	229	229	6	quello	quello	_	_	_	_	_	linguistic	_	none	_	_	_	_	_	_
229-7	BOI090	229	229	7	è:	è	_	_	_	_	_	linguistic	_	none	_	End=616.974	0x1	_	_	_
230-0	BOI090	230	230	0	ci	ci	_	_	_	_	_	linguistic	_	none	_	Begin=617.038	_	_	_	_
230-1	BOI090	230	230	1	diam	diam	_	_	_	_	_	linguistic	_	none	_	_	_	_	_	_
230-2	BOI090	230	230	2	da	da	_	_	_	_	_	linguistic	_	none	_	_	_	_	_	_
230-3	BOI090	230	230	3	fare	fare	_	_	_	_	_	linguistic	_	none	_	_	_	_	_	_
230-4	BOI090	230	230	4	facciamo	facciamo	_	_	_	_	_	linguistic	_	none	_	_	_	_	_	_
230-5	BOI090	230	230	5	le	le	_	_	_	_	_	linguistic	_	none	_	_	_	_	_	_
230-6	BOI090	230	230	6	palline	palline	_	_	_	_	_	linguistic	_	none	_	_	_	_	_	_
230-7	BOI090	230	230	7	delle	delle	_	_	_	_	_	linguistic	_	none	_	_	_	_	_	_
230-8	BOI090	230	230	8	volte	volte	_	_	_	_	_	linguistic	_	none	_	_	_	_	_	_
230-9	BOI090	230	230	9	le	le	_	_	_	_	_	linguistic	_	none	_	_	_	_	_	_
230-10	BOI090	230	230	10	facciamo	facciamo	_	_	_	_	_	linguistic	_	none	_	_	_	_	_	_
230-11	BOI090	230	230	11	anche	anche	_	_	_	_	_	linguistic	_	none	_	_	_	_	_	_
230-12	BOI090	230	230	12	noi	noi	_	_	_	_	_	linguistic	_	none	_	_	_	_	_	_
230-13	BOI090	230	230	13	le	le	_	_	_	_	_	linguistic	_	none	_	_	_	_	_	_
230-14	BOI090	230	230	14	palline	palline	_	_	_	_	_	linguistic	_	none	_	_	_	_	_	_
230-15	BOI090	230	230	15	di	di	_	_	_	_	_	linguistic	_	none	_	_	_	_	_	_
230-16	BOI090	230	230	16	nata:le	natale	_	_	_	_	_	linguistic	_	none	_	End=621.757	3x1	_	_	_
231-0	BOI090	231	231	0	poi:	poi	_	_	_	_	_	linguistic	_	none	_	Begin=622.392	2x1	_	_	_
231-1	BOI090	231	231	1	>cioè<	cioè	_	_	_	_	_	linguistic	_	none	_	_	_	Fast=0-4(0)	_	_
231-2	BOI090	231	231	2	x	x	_	_	_	_	_	unknown	_	none	Syllables=1	End=623.541	_	_	_	_
232-0	BOI090	232	232	0	anche	anche	_	_	_	_	_	linguistic	_	none	_	Begin=623.952	_	_	_	_
232-1	BOI090	232	232	1	la	la	_	_	_	_	_	linguistic	_	none	_	_	_	_	_	_
232-2	BOI090	232	232	2	costruzione	costruzione	_	_	_	_	_	linguistic	_	none	_	_	_	_	_	_
232-3	BOI090	232	232	3	dell'	dell'	_	_	_	_	_	linguistic	_	none	SpaceAfter=No	_	_	_	_	_
232-4	BOI090	232	232	4	albero	albero	_	_	_	_	_	linguistic	_	none	_	_	_	_	_	_
232-5	BOI090	232	232	5	che	che	_	_	_	_	_	linguistic	_	none	_	_	_	_	_	_
232-6	BOI090	232	232	6	la	la	_	_	_	_	_	linguistic	_	none	_	_	_	_	_	_
232-7	BOI090	232	232	7	facciam	facciam	_	_	_	_	_	linguistic	_	none	_	_	_	_	_	_
232-8	BOI090	232	232	8	sempre	sempre	_	_	_	_	_	linguistic	_	none	_	_	_	_	_	_
232-9	BOI090	232	232	9	<lo	lo	_	_	_	_	_	linguistic	_	none	_	_	_	Slow=0-2(0)	_	_
232-10	BOI090	232	232	10	stesso	stesso	_	_	_	_	_	linguistic	_	none	_	_	_	Slow=0-6(0)	_	_
232-11	BOI090	232	232	11	giorno,	giorno	_	_	_	_	_	linguistic	_	none	Intonation=WeaklyRising	_	_	Slow=0-6(0)	_	_
232-12	BOI090	232	232	12	nello	nello	_	_	_	_	_	linguistic	_	none	_	_	_	Slow=0-5(0)	_	_
232-13	BOI090	232	232	13	stesso	stesso	_	_	_	_	_	linguistic	_	none	_	_	_	Slow=0-6(0)	_	_
232-14	BOI090	232	232	14	anno>	anno	_	_	_	_	_	linguistic	_	none	_	_	_	Slow=0-4(0)	_	_
232-15	BOI090	232	232	15	c(io)è	cioè	_	_	_	_	_	linguistic	_	none	_	_	_	_	0-3(0)	_
232-16	BOI090	232	232	16	l'	l'	_	_	_	_	_	linguistic	_	none	SpaceAfter=No	_	_	_	_	_
232-17	BOI090	232	232	17	otto	otto	_	_	_	_	_	linguistic	_	none	_	_	_	_	_	_
232-18	BOI090	232	232	18	di	di	_	_	_	_	_	linguistic	_	none	_	_	_	_	_	_
232-19	BOI090	232	232	19	dicembre	dicembre	_	_	_	_	_	linguistic	_	none	_	End=631.082	_	_	_	_
233-0	BOI090	233	233	0	per	per	_	_	_	_	_	linguistic	_	none	_	Begin=631.322	_	_	_	_
233-1	BOI090	233	233	1	noi	noi	_	_	_	_	_	linguistic	_	none	_	End=631.944	_	_	_	_
234-0	BOI090	234	234	0	{ride}	{ride}	_	_	_	_	_	nonverbalbehavior	_	none	_	Begin=632.126	_	_	_	_
234-1	BOI090	234	234	1	è	è	_	_	_	_	_	linguistic	_	none	_	_	_	_	_	_
234-2	BOI090	234	234	2	la	la	_	_	_	_	_	linguistic	_	none	_	_	_	_	_	_
234-3	BOI090	234	234	3	giornata	giornata	_	_	_	_	_	linguistic	_	none	_	_	_	_	_	_
234-4	BOI090	234	234	4	albero	albero	_	_	_	_	_	linguistic	_	none	_	_	_	_	_	_
234-5	BOI090	234	234	5	e	e	_	_	_	_	_	linguistic	_	none	_	_	_	_	_	_
234-6	BOI090	234	234	6	presepe	presepe	_	_	_	_	_	linguistic	_	none	_	End=634.411	_	_	_	_
235-0	BOI090	235	235	0	lo	lo	_	_	_	_	_	linguistic	_	none	_	Begin=635.115	_	_	_	_
235-1	BOI090	235	235	1	facciamo,	facciamo	_	_	_	_	_	linguistic	_	none	Intonation=WeaklyRising	_	_	_	_	_
235-2	BOI090	235	235	2	tutti	tutti	_	_	_	_	_	linguistic	_	none	_	_	_	_	_	_
235-3	BOI090	235	235	3	insieme	insieme	_	_	_	_	_	linguistic	_	none	_	_	_	_	_	_
235-4	BOI090	235	235	4	rigorosamente	rigorosamente	_	_	_	_	_	linguistic	_	none	_	_	_	_	_	_
235-5	BOI090	235	235	5	tutti	tutti	_	_	_	_	_	linguistic	_	none	_	_	_	_	_	_
235-6	BOI090	235	235	6	insieme	insieme	_	_	_	_	_	linguistic	_	none	_	_	_	_	_	_
235-7	BOI090	235	235	7	in	in	_	_	_	_	_	linguistic	_	none	_	_	_	_	_	_
235-8	BOI090	235	235	8	famiglia:	famiglia	_	_	_	_	_	linguistic	_	none	_	_	7x1	_	_	_
235-9	BOI090	235	235	9	e	e	_	_	_	_	_	linguistic	_	none	_	_	_	_	_	_
235-10	BOI090	235	235	10	lo	lo	_	_	_	_	_	linguistic	_	none	_	_	_	_	_	_
235-11	BOI090	235	235	11	facciamo	facciamo	_	_	_	_	_	linguistic	_	none	_	_	_	_	_	_
235-12	BOI090	235	235	12	di	di	_	_	_	_	_	linguistic	_	none	_	_	_	_	_	_
235-13	BOI090	235	235	13	un	un	_	_	_	_	_	linguistic	_	none	_	_	_	_	_	_
235-14	BOI090	235	235	14	colore	colore	_	_	_	_	_	linguistic	_	none	_	_	_	_	_	_
235-15	BOI090	235	235	15	solo	solo	_	_	_	_	_	linguistic	_	none	_	_	_	_	_	_
235-16	BOI090	235	235	16	per	per	_	_	_	_	_	linguistic	_	none	_	_	_	_	_	_
235-17	BOI090	235	235	17	ogni	ogni	_	_	_	_	_	linguistic	_	none	_	_	_	_	_	_
235-18	BOI090	235	235	18	albero	albero	_	_	_	_	_	linguistic	_	none	_	_	_	_	_	_
235-19	BOI090	235	235	19	che	che	_	_	_	_	_	linguistic	_	none	_	_	_	_	_	_
235-20	BOI090	235	235	20	facciamo	facciamo	_	_	_	_	_	linguistic	_	none	_	_	_	_	_	_
235-21	BOI090	235	235	21	insomma	insomma	_	_	_	_	_	linguistic	_	none	_	End=642.768	_	_	_	_
236-0	BOI090	236	236	0	[sì]	sì	_	_	_	_	_	linguistic	_	none	_	Begin=643.189|End=643.46	_	_	_	0-2(52)
237-0	BOR030	237	237	0	[°d'	d'	_	_	_	_	_	linguistic	_	none	SpaceAfter=No|Volume=low	Begin=643.189	_	_	_	0-2(52)
237-1	BOR030	237	237	1	a]ccordo°	accordo	_	_	_	_	_	linguistic	_	none	Volume=low	End=643.94	_	_	_	0-1(52)
238-0	BOR030	238	238	0	e:	e	_	_	_	_	_	linguistic	_	none	_	Begin=644.384	0x1	_	_	_
238-1	BOR030	238	238	1	mentre	mentre	_	_	_	_	_	linguistic	_	none	_	_	_	_	_	_
238-2	BOR030	238	238	2	in	in	_	_	_	_	_	linguistic	_	none	_	_	_	_	_	_
238-3	BOR030	238	238	3	riferimento	riferimento	_	_	_	_	_	linguistic	_	none	_	_	_	_	_	_
238-4	BOR030	238	238	4	sempre	sempre	_	_	_	_	_	linguistic	_	none	_	_	_	_	_	_
238-5	BOR030	238	238	5	al	al	_	_	_	_	_	linguistic	_	none	_	_	_	_	_	_
238-6	BOR030	238	238	6	cibo	cibo	_	_	_	_	_	linguistic	_	none	_	_	_	_	_	_
238-7	BOR030	238	238	7	[natalizio:]	natalizio	_	_	_	_	_	linguistic	_	none	PauseAfter=Yes	_	8x1	_	_	0-9(53)
238-8	BOR030	238	238	8	{P}	{P}	_	_	_	_	_	shortpause	_	none	_	_	_	_	_	_
238-9	BOR030	238	238	9	voi	voi	_	_	_	_	_	linguistic	_	none	_	_	_	_	_	_
238-10	BOR030	238	238	10	siete:	siete	_	_	_	_	_	linguistic	_	none	_	End=648.958	4x1	_	_	_
239-0	BOI090	239	239	0	[a:h	ah	_	_	_	_	_	linguistic	_	none	_	Begin=646.881	0x1	_	_	0-2(53)
239-1	BOI090	239	239	1	a:h]	ah	_	_	_	_	_	linguistic	_	none	_	End=647.83	0x1	_	_	0-2(53)
240-0	BOR030	240	240	0	team	team	_	_	_	_	_	linguistic	_	none	_	Begin=649.314	_	_	_	_
240-1	BOR030	240	240	1	pandoro?	pandoro	_	_	_	_	_	linguistic	_	none	Intonation=Rising	_	_	_	_	_
240-2	BOR030	240	240	2	o	o	_	_	_	_	_	linguistic	_	none	_	_	_	_	_	_
240-3	BOR030	240	240	3	team	team	_	_	_	_	_	linguistic	_	none	_	_	_	_	_	_
240-4	BOR030	240	240	4	panettone?	panettone	_	_	_	_	_	linguistic	_	none	Intonation=Rising	End=651.318	_	_	_	_
241-0	BOI090	241	241	0	e:h	eh	_	_	_	_	_	linguistic	_	none	_	Begin=651.621	0x1	_	_	_
241-1	BOI090	241	241	1	qua	qua	_	_	_	_	_	linguistic	_	none	_	_	_	_	_	_
241-2	BOI090	241	241	2	c'	c'	_	_	_	_	_	linguistic	_	none	SpaceAfter=No	_	_	_	_	_
241-3	BOI090	241	241	3	è	è	_	_	_	_	_	linguistic	_	none	_	_	_	_	_	_
241-4	BOI090	241	241	4	una	una	_	_	_	_	_	linguistic	_	none	_	_	_	_	_	_
241-5	BOI090	241	241	5	disputa	disputa	_	_	_	_	_	linguistic	_	none	_	End=652.983	_	_	_	_
242-0	BOI090	242	242	0	perché:	perché	_	_	_	_	_	linguistic	_	none	_	Begin=653.307	5x1	_	_	_
242-1	BOI090	242	242	1	io	io	_	_	_	_	_	linguistic	_	none	_	_	_	_	_	_
242-2	BOI090	242	242	2	son	son	_	_	_	_	_	linguistic	_	none	_	_	_	_	_	_
242-3	BOI090	242	242	3	team	team	_	_	_	_	_	linguistic	_	none	_	_	_	_	_	_
242-4	BOI090	242	242	4	pandoro	pandoro	_	_	_	_	_	linguistic	_	none	_	End=654.983	_	_	_	_
243-0	BOI090	243	243	0	c(io)è	cioè	_	_	_	_	_	linguistic	_	none	_	Begin=655.231|End=655.545	_	_	1-3(0)	_
244-0	BOI090	244	244	0	proprio:	proprio	_	_	_	_	_	linguistic	_	none	_	Begin=655.785	6x1	_	_	_
244-1	BOI090	244	244	1	easy:	easy	_	_	_	_	_	linguistic	_	none	_	_	3x1	_	_	_
244-2	BOI090	244	244	2	legge:ro:	leggero	_	_	_	_	_	linguistic	_	none	_	End=658.054	4x1,6x1	_	_	_
245-0	BOI090	245	245	0	al	al	_	_	_	_	_	linguistic	_	none	_	Begin=658.75	_	_	_	_
245-1	BOI090	245	245	1	ma:ssimo,	massimo	_	_	_	_	_	linguistic	_	none	Intonation=WeaklyRising	_	1x1	_	_	_
245-2	BOI090	245	245	2	come	come	_	_	_	_	_	linguistic	_	none	_	_	_	_	_	_
245-3	BOI090	245	245	3	anche	anche	_	_	_	_	_	linguistic	_	none	_	_	_	_	_	_
245-4	BOI090	245	245	4	mia	mia	_	_	_	_	_	linguistic	_	none	_	_	_	_	_	_
245-5	BOI090	245	245	5	mamma	mamma	_	_	_	_	_	linguistic	_	none	_	End=660.898	_	_	_	_
246-0	BOI090	246	246	0	tutte	tutte	_	_	_	_	_	linguistic	_	none	_	Begin=661.055	_	_	_	_
246-1	BOI090	246	246	1	le	le	_	_	_	_	_	linguistic	_	none	_	_	_	_	_	_
246-2	BOI090	246	246	2	donne	donne	_	_	_	_	_	linguistic	_	none	_	_	_	_	_	_
246-3	BOI090	246	246	3	della	della	_	_	_	_	_	linguistic	_	none	_	_	_	_	_	_
246-4	BOI090	246	246	4	famiglia	famiglia	_	_	_	_	_	linguistic	_	none	_	_	_	_	_	_
246-5	BOI090	246	246	5	sono	sono	_	_	_	_	_	linguistic	_	none	_	_	_	_	_	_
246-6	BOI090	246	246	6	team	team	_	_	_	_	_	linguistic	_	none	_	_	_	_	_	_
246-7	BOI090	246	246	7	pandoro	pandoro	_	_	_	_	_	linguistic	_	none	_	End=663.017	_	_	_	_
247-0	BOI090	247	247	0	i	i	_	_	_	_	_	linguistic	_	none	_	Begin=663.656	_	_	_	_
247-1	BOI090	247	247	1	maschietti	maschietti	_	_	_	_	_	linguistic	_	none	_	_	_	_	_	_
247-2	BOI090	247	247	2	un	un	_	_	_	_	_	linguistic	_	none	_	_	_	_	_	_
247-3	BOI090	247	247	3	po'	po'	_	_	_	_	_	linguistic	_	none	_	_	_	_	_	_
247-4	BOI090	247	247	4	meno	meno	_	_	_	_	_	linguistic	_	none	_	End=664.984	_	_	_	_
248-0	BOI090	248	248	0	i	i	_	_	_	_	_	linguistic	_	none	_	Begin=665.43	_	_	_	_
248-1	BOI090	248	248	1	maschietti	maschietti	_	_	_	_	_	linguistic	_	none	_	_	_	_	_	_
248-2	BOI090	248	248	2	>a	a	_	_	_	_	_	linguistic	_	none	_	_	_	Fast=0-1(0)	_	_
248-3	BOI090	248	248	3	parte	parte	_	_	_	_	_	linguistic	_	none	_	_	_	Fast=0-5(0)	_	_
248-4	BOI090	248	248	4	che	che	_	_	_	_	_	linguistic	_	none	_	_	_	Fast=0-3(0)	_	_
248-5	BOI090	248	248	5	mangerebbero	mangerebbero	_	_	_	_	_	linguistic	_	none	_	_	_	Fast=0-12(0)	_	_
248-6	BOI090	248	248	6	tutto<	tutto	_	_	_	_	_	linguistic	_	none	_	_	_	Fast=0-5(0)	_	_
248-7	BOI090	248	248	7	però:	però	_	_	_	_	_	linguistic	_	none	_	_	3x1	_	_	_
248-8	BOI090	248	248	8	sono	sono	_	_	_	_	_	linguistic	_	none	_	_	_	_	_	_
248-9	BOI090	248	248	9	più	più	_	_	_	_	_	linguistic	_	none	_	_	_	_	_	_
248-10	BOI090	248	248	10	team	team	_	_	_	_	_	linguistic	_	none	_	_	_	_	_	_
248-11	BOI090	248	248	11	panettone	panettone	_	_	_	_	_	linguistic	_	none	_	End=669.436	_	_	_	_
249-0	BOR030	249	249	0	quello:	quello	_	_	_	_	_	linguistic	_	none	_	Begin=669.652	5x1	_	_	_
249-1	BOR030	249	249	1	tradizionale?	tradizionale	_	_	_	_	_	linguistic	_	none	Intonation=Rising	End=670.881	_	_	_	_
250-0	BOI090	250	250	0	sì	sì	_	_	_	_	_	linguistic	_	none	_	Begin=670.881|End=671.175	_	_	_	_
251-0	BOI090	251	251	0	>sì	sì	_	_	_	_	_	linguistic	_	none	_	Begin=671.552	_	Fast=0-2(0)	_	_
251-1	BOI090	251	251	1	sì	sì	_	_	_	_	_	linguistic	_	none	_	_	_	Fast=0-2(0)	_	_
251-2	BOI090	251	251	2	sì<	sì	_	_	_	_	_	linguistic	_	none	_	_	_	Fast=0-2(0)	_	_
251-3	BOI090	251	251	3	assolutamente	assolutamente	_	_	_	_	_	linguistic	_	none	_	_	_	_	_	_
251-4	BOI090	251	251	4	uve:tta,	uvetta	_	_	_	_	_	linguistic	_	none	Intonation=WeaklyRising	_	2x1	_	_	_
251-5	BOI090	251	251	5	candi:ti:	canditi	_	_	_	_	_	linguistic	_	none	_	_	4x1,6x1	_	_	_
251-6	BOI090	251	251	6	quello	quello	_	_	_	_	_	linguistic	_	none	_	_	_	_	_	_
251-7	BOI090	251	251	7	proprio	proprio	_	_	_	_	_	linguistic	_	none	_	_	_	_	_	_
251-8	BOI090	251	251	8	classico	classico	_	_	_	_	_	linguistic	_	none	_	End=675.946	_	_	_	_
252-0	BOI090	252	252	0	però:	però	_	_	_	_	_	linguistic	_	none	_	Begin=676.376|End=676.882	3x1	_	_	_
253-0	BOI090	253	253	0	x	x	_	_	_	_	_	unknown	_	none	Syllables=1	Begin=677.148|End=677.364	_	_	_	_
254-0	BOI090	254	254	0	è	è	_	_	_	_	_	linguistic	_	none	_	Begin=677.48	_	_	_	_
254-1	BOI090	254	254	1	una	una	_	_	_	_	_	linguistic	_	none	_	_	_	_	_	_
254-2	BOI090	254	254	2	cosa	cosa	_	_	_	_	_	linguistic	_	none	_	_	_	_	_	_
254-3	BOI090	254	254	3	che	che	_	_	_	_	_	linguistic	_	none	_	_	_	_	_	_
254-4	BOI090	254	254	4	a	a	_	_	_	_	_	linguistic	_	none	_	_	_	_	_	_
254-5	BOI090	254	254	5	me	me	_	_	_	_	_	linguistic	_	none	_	_	_	_	_	_
254-6	BOI090	254	254	6	non	non	_	_	_	_	_	linguistic	_	none	_	_	_	_	_	_
254-7	BOI090	254	254	7	piace	piace	_	_	_	_	_	linguistic	_	none	_	_	_	_	_	_
254-8	BOI090	254	254	8	{ride}	{ride}	_	_	_	_	_	nonverbalbehavior	_	none	_	End=679.078	_	_	_	_
255-0	BOR030	255	255	0	tu	tu	_	_	_	_	_	linguistic	_	none	_	Begin=678.993	_	_	_	_
255-1	BOR030	255	255	1	mangi	mangi	_	_	_	_	_	linguistic	_	none	_	_	_	_	_	_
255-2	BOR030	255	255	2	il	il	_	_	_	_	_	linguistic	_	none	_	_	_	_	_	_
255-3	BOR030	255	255	3	pandoro	pandoro	_	_	_	_	_	linguistic	_	none	_	_	_	_	_	_
255-4	BOR030	255	255	4	m[a:]	ma	_	_	_	_	_	linguistic	_	none	_	_	1x1	_	_	1-2(57)
255-5	BOR030	255	255	5	puro	puro	_	_	_	_	_	linguistic	_	none	_	End=680.793	_	_	_	_
256-0	BOI090	256	256	0	[e~]	e~	_	_	_	_	_	linguistic	_	none	Interrupted=Yes	Begin=680.266|End=680.413	_	_	_	0-2(57)
257-0	BOI090	257	257	0	esa:tto	esatto	_	_	_	_	_	linguistic	_	none	PauseAfter=Yes	Begin=680.85	2x1	_	_	_
257-1	BOI090	257	257	1	{P}	{P}	_	_	_	_	_	shortpause	_	none	_	_	_	_	_	_
257-2	BOI090	257	257	2	il	il	_	_	_	_	_	linguistic	_	none	_	_	_	_	_	_
257-3	BOI090	257	257	3	pandoro	pandoro	_	_	_	_	_	linguistic	_	none	_	_	_	_	_	_
257-4	BOI090	257	257	4	puro	puro	_	_	_	_	_	linguistic	_	none	_	End=682.817	_	_	_	_
258-0	BOI090	258	258	0	poi	poi	_	_	_	_	_	linguistic	_	none	_	Begin=683.081	_	_	_	_
258-1	BOI090	258	258	1	magari	magari	_	_	_	_	_	linguistic	_	none	_	_	_	_	_	_
258-2	BOI090	258	258	2	col	col	_	_	_	_	_	linguistic	_	none	_	_	_	_	_	_
258-3	BOI090	258	258	3	mascarpone	mascarpone	_	_	_	_	_	linguistic	_	none	_	_	_	_	_	_
258-4	BOI090	258	258	4	perché	perché	_	_	_	_	_	linguistic	_	none	_	_	_	_	_	_
258-5	BOI090	258	258	5	ogni	ogni	_	_	_	_	_	linguistic	_	none	_	_	_	_	_	_
258-6	BOI090	258	258	6	tanto	tanto	_	_	_	_	_	linguistic	_	none	_	End=685.153	_	_	_	_
259-0	BOI090	259	259	0	si	si	_	_	_	_	_	linguistic	_	none	_	Begin=685.755	_	_	_	_
259-1	BOI090	259	259	1	fa	fa	_	_	_	_	_	linguistic	_	none	_	_	_	_	_	_
259-2	BOI090	259	259	2	anche	anche	_	_	_	_	_	linguistic	_	none	_	_	_	_	_	_
259-3	BOI090	259	259	3	quello	quello	_	_	_	_	_	linguistic	_	none	_	_	_	_	_	_
259-4	BOI090	259	259	4	a	a	_	_	_	_	_	linguistic	_	none	_	_	_	_	_	_
259-5	BOI090	259	259	5	natale	natale	_	_	_	_	_	linguistic	_	none	PauseAfter=Yes	_	_	_	_	_
259-6	BOI090	259	259	6	{P}	{P}	_	_	_	_	_	shortpause	_	none	_	_	_	_	_	_
259-7	BOI090	259	259	7	è	è	_	_	_	_	_	linguistic	_	none	_	_	_	_	_	_
259-8	BOI090	259	259	8	il	il	_	_	_	_	_	linguistic	_	none	_	_	_	_	_	_
259-9	BOI090	259	259	9	dolce	dolce	_	_	_	_	_	linguistic	_	none	_	_	_	_	_	_
259-10	BOI090	259	259	10	tipico	tipico	_	_	_	_	_	linguistic	_	none	_	End=688.099	_	_	_	_
260-0	BOI090	260	260	0	però:	però	_	_	_	_	_	linguistic	_	none	_	Begin=688.647	3x1	_	_	_
260-1	BOI090	260	260	1	°si°	si	_	_	_	_	_	linguistic	_	none	Volume=low	End=689.554	_	_	_	_
261-0	BOR030	261	261	0	d'	d'	_	_	_	_	_	linguistic	_	none	SpaceAfter=No	Begin=689.793	_	_	_	_
261-1	BOR030	261	261	1	accordo	accordo	_	_	_	_	_	linguistic	_	none	_	End=690.406	_	_	_	_
262-0	BOR030	262	262	0	mentre	mentre	_	_	_	_	_	linguistic	_	none	_	Begin=691.027	_	_	_	_
262-1	BOR030	262	262	1	e:h	eh	_	_	_	_	_	linguistic	_	none	_	_	0x1	_	_	_
262-2	BOR030	262	262	2	per	per	_	_	_	_	_	linguistic	_	none	_	_	_	_	_	_
262-3	BOR030	262	262	3	capodanno?	capodanno	_	_	_	_	_	linguistic	_	none	Intonation=Rising	End=692.908	_	_	_	_
263-0	BOI090	263	263	0	sì:?	sì	_	_	_	_	_	linguistic	_	none	Intonation=Rising	Begin=693.098|End=693.584	1x1	_	_	_
264-0	BOR030	264	264	0	e:h	eh	_	_	_	_	_	linguistic	_	none	_	Begin=693.584	0x1	_	_	_
264-1	BOR030	264	264	1	a	a	_	_	_	_	_	linguistic	_	none	_	_	_	_	_	_
264-2	BOR030	264	264	2	te	te	_	_	_	_	_	linguistic	_	none	_	_	_	_	_	_
264-3	BOR030	264	264	3	come	come	_	_	_	_	_	linguistic	_	none	_	_	_	_	_	_
264-4	BOR030	264	264	4	piace	piace	_	_	_	_	_	linguistic	_	none	_	_	_	_	_	_
264-5	BOR030	264	264	5	trascorrerlo?	trascorrerlo	_	_	_	_	_	linguistic	_	none	Intonation=Rising	End=695.374	_	_	_	_
265-0	BOI090	265	265	0	allo:ra	allora	_	_	_	_	_	linguistic	_	none	_	Begin=695.664	3x1	_	_	_
265-1	BOI090	265	265	1	fino	fino	_	_	_	_	_	linguistic	_	none	_	_	_	_	_	_
265-2	BOI090	265	265	2	a	a	_	_	_	_	_	linguistic	_	none	_	_	_	_	_	_
265-3	BOI090	265	265	3	qualche	qualche	_	_	_	_	_	linguistic	_	none	_	_	_	_	_	_
265-4	BOI090	265	265	4	anno	anno	_	_	_	_	_	linguistic	_	none	_	_	_	_	_	_
265-5	BOI090	265	265	5	fa	fa	_	_	_	_	_	linguistic	_	none	_	_	_	_	_	_
265-6	BOI090	265	265	6	in	in	_	_	_	_	_	linguistic	_	none	_	_	_	_	_	_
265-7	BOI090	265	265	7	realtà	realtà	_	_	_	_	_	linguistic	_	none	_	_	_	_	_	_
265-8	BOI090	265	265	8	non	non	_	_	_	_	_	linguistic	_	none	_	_	_	_	_	_
265-9	BOI090	265	265	9	facevo	facevo	_	_	_	_	_	linguistic	_	none	_	_	_	_	_	_
265-10	BOI090	265	265	10	nulla	nulla	_	_	_	_	_	linguistic	_	none	_	_	_	_	_	_
265-11	BOI090	265	265	11	di	di	_	_	_	_	_	linguistic	_	none	_	_	_	_	_	_
265-12	BOI090	265	265	12	che	che	_	_	_	_	_	linguistic	_	none	_	End=699.384	_	_	_	_
266-0	BOI090	266	266	0	>a	a	_	_	_	_	_	linguistic	_	none	_	Begin=699.544	_	Fast=0-1(0)	_	_
266-1	BOI090	266	266	1	capodanno<	capodanno	_	_	_	_	_	linguistic	_	none	_	_	_	Fast=0-9(0)	_	_
266-2	BOI090	266	266	2	son	son	_	_	_	_	_	linguistic	_	none	_	_	_	Slow=0-3(0)	_	_
266-3	BOI090	266	266	3	sempre	sempre	_	_	_	_	_	linguistic	_	none	_	_	_	Slow=0-6(0)	_	_
266-4	BOI090	266	266	4	stata	stata	_	_	_	_	_	linguistic	_	none	_	_	_	Slow=0-5(0)	_	_
266-5	BOI090	266	266	5	in	in	_	_	_	_	_	linguistic	_	none	_	_	_	Slow=0-2(0)	_	_
266-6	BOI090	266	266	6	fami:glia:	famiglia	_	_	_	_	_	linguistic	_	none	_	_	3x1,7x1	Slow=0-8(0)	_	_
266-7	BOI090	266	266	7	o	o	_	_	_	_	_	linguistic	_	none	_	_	_	Slow=0-1(0)	_	_
266-8	BOI090	266	266	8	>comunque	comunque	_	_	_	_	_	linguistic	_	none	_	_	_	Fast=0-8(1)	_	_
266-9	BOI090	266	266	9	magari<	magari	_	_	_	_	_	linguistic	_	none	_	_	_	Fast=0-6(1)	_	_
266-10	BOI090	266	266	10	con	con	_	_	_	_	_	linguistic	_	none	_	_	_	_	_	_
266-11	BOI090	266	266	11	le	le	_	_	_	_	_	linguistic	_	none	_	_	_	_	_	_
266-12	BOI090	266	266	12	mie	mie	_	_	_	_	_	linguistic	_	none	_	_	_	_	_	_
266-13	BOI090	266	266	13	amiche	amiche	_	_	_	_	_	linguistic	_	none	_	_	_	_	_	_
266-14	BOI090	266	266	14	ma	ma	_	_	_	_	_	linguistic	_	none	_	_	_	_	_	_
266-15	BOI090	266	266	15	sempre	sempre	_	_	_	_	_	linguistic	_	none	_	_	_	_	_	_
266-16	BOI090	266	266	16	in	in	_	_	_	_	_	linguistic	_	none	_	_	_	_	_	_
266-17	BOI090	266	266	17	contesto:	contesto	_	_	_	_	_	linguistic	_	none	_	_	7x1	_	_	_
266-18	BOI090	266	266	18	familiare	familiare	_	_	_	_	_	linguistic	_	none	_	End=705.009	_	_	_	_
267-0	BOI090	267	267	0	gli	gli	_	_	_	_	_	linguistic	_	none	_	Begin=705.69	_	_	_	_
267-1	BOI090	267	267	1	ultimi	ultimi	_	_	_	_	_	linguistic	_	none	_	_	_	_	_	_
267-2	BOI090	267	267	2	anni:	anni	_	_	_	_	_	linguistic	_	none	_	_	3x1	_	_	_
267-3	BOI090	267	267	3	da	da	_	_	_	_	_	linguistic	_	none	_	_	_	_	_	_
267-4	BOI090	267	267	4	quando	quando	_	_	_	_	_	linguistic	_	none	_	_	_	_	_	_
267-5	BOI090	267	267	5	son	son	_	_	_	_	_	linguistic	_	none	_	_	_	_	_	_
267-6	BOI090	267	267	6	cresciuta:	cresciuta	_	_	_	_	_	linguistic	_	none	_	End=708.06	8x1	_	_	_
268-0	BOI090	268	268	0	diciamo	diciamo	_	_	_	_	_	linguistic	_	none	_	Begin=708.939	_	_	_	_
268-1	BOI090	268	268	1	con	con	_	_	_	_	_	linguistic	_	none	_	_	_	_	_	_
268-2	BOI090	268	268	2	le	le	_	_	_	_	_	linguistic	_	none	_	_	_	_	_	_
268-3	BOI090	268	268	3	mie	mie	_	_	_	_	_	linguistic	_	none	_	_	_	_	_	_
268-4	BOI090	268	268	4	amiche	amiche	_	_	_	_	_	linguistic	_	none	_	_	_	_	_	_
268-5	BOI090	268	268	5	cerco	cerco	_	_	_	_	_	linguistic	_	none	_	_	_	_	_	_
268-6	BOI090	268	268	6	di	di	_	_	_	_	_	linguistic	_	none	_	_	_	_	_	_
268-7	BOI090	268	268	7	organizzare	organizzare	_	_	_	_	_	linguistic	_	none	_	_	_	_	_	_
268-8	BOI090	268	268	8	sempre	sempre	_	_	_	_	_	linguistic	_	none	_	_	_	_	_	_
268-9	BOI090	268	268	9	qualcosa	qualcosa	_	_	_	_	_	linguistic	_	none	_	_	_	_	_	_
268-10	BOI090	268	268	10	di	di	_	_	_	_	_	linguistic	_	none	_	_	_	_	_	_
268-11	BOI090	268	268	11	un	un	_	_	_	_	_	linguistic	_	none	_	_	_	_	_	_
268-12	BOI090	268	268	12	po'	po'	_	_	_	_	_	linguistic	_	none	_	_	_	_	_	_
268-13	BOI090	268	268	13	più	più	_	_	_	_	_	linguistic	_	none	_	_	_	_	_	_
268-14	BOI090	268	268	14	particolare	particolare	_	_	_	_	_	linguistic	_	none	_	_	_	_	_	_
268-15	BOI090	268	268	15	però	però	_	_	_	_	_	linguistic	_	none	_	End=713.183	_	_	_	_
269-0	BOI090	269	269	0	non	non	_	_	_	_	_	linguistic	_	none	_	Begin=713.417	_	_	_	_
269-1	BOI090	269	269	1	grandi	grandi	_	_	_	_	_	linguistic	_	none	_	_	_	_	_	_
269-2	BOI090	269	269	2	viaggi	viaggi	_	_	_	_	_	linguistic	_	none	_	End=714.585	_	_	_	_
270-0	BOI090	270	270	0	>perché	perché	_	_	_	_	_	linguistic	_	none	_	Begin=715.043	_	Fast=0-6(0)	_	_
270-1	BOI090	270	270	1	penso	penso	_	_	_	_	_	linguistic	_	none	_	_	_	Fast=0-5(0)	_	_
270-2	BOI090	270	270	2	che	che	_	_	_	_	_	linguistic	_	none	_	_	_	Fast=0-3(0)	_	_
270-3	BOI090	270	270	3	alla	alla	_	_	_	_	_	linguistic	_	none	_	_	_	Fast=0-4(0)	_	_
270-4	BOI090	270	270	4	fine<	fine	_	_	_	_	_	linguistic	_	none	_	_	_	Fast=0-4(0)	_	_
270-5	BOI090	270	270	5	anche	anche	_	_	_	_	_	linguistic	_	none	_	_	_	_	_	_
270-6	BOI090	270	270	6	il	il	_	_	_	_	_	linguistic	_	none	_	_	_	_	_	_
270-7	BOI090	270	270	7	capodanno	capodanno	_	_	_	_	_	linguistic	_	none	_	_	_	_	_	_
270-8	BOI090	270	270	8	andarsi	andarsi	_	_	_	_	_	linguistic	_	none	_	_	_	_	_	_
270-9	BOI090	270	270	9	ad	ad	_	_	_	_	_	linguistic	_	none	_	_	_	_	_	_
270-10	BOI090	270	270	10	immischiare	immischiare	_	_	_	_	_	linguistic	_	none	_	_	_	_	_	_
270-11	BOI090	270	270	11	in	in	_	_	_	_	_	linguistic	_	none	_	_	_	_	_	_
270-12	BOI090	270	270	12	grandi	grandi	_	_	_	_	_	linguistic	_	none	_	_	_	_	_	_
270-13	BOI090	270	270	13	feste:	feste	_	_	_	_	_	linguistic	_	none	PauseAfter=Yes	_	4x1	_	_	_
270-14	BOI090	270	270	14	{P}	{P}	_	_	_	_	_	shortpause	_	none	_	_	_	_	_	_
270-15	BOI090	270	270	15	sia	sia	_	_	_	_	_	linguistic	_	none	_	End=720.637	_	_	_	_
271-0	BOI090	271	271	0	>perlomeno<	perlomeno	_	_	_	_	_	linguistic	_	none	_	Begin=721.249	_	Fast=0-9(0)	_	_
271-1	BOI090	271	271	1	un	un	_	_	_	_	_	linguistic	_	none	_	_	_	_	_	_
271-2	BOI090	271	271	2	po'	po'	_	_	_	_	_	linguistic	_	none	_	_	_	_	_	_
271-3	BOI090	271	271	3	pericoloso:	pericoloso	_	_	_	_	_	linguistic	_	none	_	End=722.85	9x1	_	_	_
272-0	BOI090	272	272	0	quindi	quindi	_	_	_	_	_	linguistic	_	none	_	Begin=723.444	_	_	_	_
272-1	BOI090	272	272	1	magari	magari	_	_	_	_	_	linguistic	_	none	_	_	_	_	_	_
272-2	BOI090	272	272	2	evito	evito	_	_	_	_	_	linguistic	_	none	_	End=724.644	_	_	_	_
273-0	BOI090	273	273	0	mi	mi	_	_	_	_	_	linguistic	_	none	_	Begin=725.417	_	_	_	_
273-1	BOI090	273	273	1	ricordo	ricordo	_	_	_	_	_	linguistic	_	none	_	_	_	_	_	_
273-2	BOI090	273	273	2	un	un	_	_	_	_	_	linguistic	_	none	_	_	_	_	_	_
273-3	BOI090	273	273	3	anno	anno	_	_	_	_	_	linguistic	_	none	_	_	_	_	_	_
273-4	BOI090	273	273	4	sono	sono	_	_	_	_	_	linguistic	_	none	_	_	_	_	_	_
273-5	BOI090	273	273	5	andata	andata	_	_	_	_	_	linguistic	_	none	_	_	_	_	_	_
273-6	BOI090	273	273	6	a	a	_	_	_	_	_	linguistic	_	none	_	_	_	_	_	_
273-7	BOI090	273	273	7	mila:no	milano	_	_	_	_	_	linguistic	_	none	_	End=727.473	3x1	_	_	_
274-0	BOI090	274	274	0	che:	che	_	_	_	_	_	linguistic	_	none	_	Begin=727.862|End=728.305	2x1	_	_	_
275-0	BOI090	275	275	0	però,	però	_	_	_	_	_	linguistic	_	none	Intonation=WeaklyRising	Begin=728.689	_	_	_	_
275-1	BOI090	275	275	1	siamo	siamo	_	_	_	_	_	linguistic	_	none	_	_	_	_	_	_
275-2	BOI090	275	275	2	andate	andate	_	_	_	_	_	linguistic	_	none	_	_	_	_	_	_
275-3	BOI090	275	275	3	a	a	_	_	_	_	_	linguistic	_	none	_	_	_	_	_	_
275-4	BOI090	275	275	4	ballare	ballare	_	_	_	_	_	linguistic	_	none	_	_	_	_	_	_
275-5	BOI090	275	275	5	tranquille	tranquille	_	_	_	_	_	linguistic	_	none	_	_	_	_	_	_
275-6	BOI090	275	275	6	c(io)è	cioè	_	_	_	_	_	linguistic	_	none	_	_	_	_	1-3(0)	_
275-7	BOI090	275	275	7	proprio	proprio	_	_	_	_	_	linguistic	_	none	_	_	_	_	_	_
275-8	BOI090	275	275	8	una	una	_	_	_	_	_	linguistic	_	none	_	_	_	_	_	_
275-9	BOI090	275	275	9	cosa	cosa	_	_	_	_	_	linguistic	_	none	_	_	_	_	_	_
275-10	BOI090	275	275	10	tranquillissima	tranquillissima	_	_	_	_	_	linguistic	_	none	_	End=733.026	_	_	_	_
276-0	BOI090	276	276	0	poi	poi	_	_	_	_	_	linguistic	_	none	_	Begin=733.571	_	_	_	_
276-1	BOI090	276	276	1	gli	gli	_	_	_	_	_	linguistic	_	none	_	_	_	_	_	_
276-2	BOI090	276	276	2	anni	anni	_	_	_	_	_	linguistic	_	none	_	_	_	_	_	_
276-3	BOI090	276	276	3	del	del	_	_	_	_	_	linguistic	_	none	_	_	_	_	_	_
276-4	BOI090	276	276	4	covid	covid	_	_	_	_	_	linguistic	_	none	_	_	_	_	_	_
276-5	BOI090	276	276	5	ovviamente	ovviamente	_	_	_	_	_	linguistic	_	none	_	_	_	_	_	_
276-6	BOI090	276	276	6	li	li	_	_	_	_	_	linguistic	_	none	_	_	_	_	_	_
276-7	BOI090	276	276	7	ho	ho	_	_	_	_	_	linguistic	_	none	_	_	_	_	_	_
276-8	BOI090	276	276	8	dovuti	dovuti	_	_	_	_	_	linguistic	_	none	_	_	_	_	_	_
276-9	BOI090	276	276	9	passare	passare	_	_	_	_	_	linguistic	_	none	_	_	_	_	_	_
276-10	BOI090	276	276	10	in	in	_	_	_	_	_	linguistic	_	none	_	_	_	_	_	_
276-11	BOI090	276	276	11	casa	casa	_	_	_	_	_	linguistic	_	none	_	End=736.185	_	_	_	_
277-0	BOI090	277	277	0	come	come	_	_	_	_	_	linguistic	_	none	_	Begin=736.426	_	_	_	_
277-1	BOI090	277	277	1	{ride}	{ride}	_	_	_	_	_	nonverbalbehavior	_	none	_	_	_	_	_	_
277-2	BOI090	277	277	2	come	come	_	_	_	_	_	linguistic	_	none	_	_	_	_	_	_
277-3	BOI090	277	277	3	è	è	_	_	_	_	_	linguistic	_	none	_	_	_	_	_	_
277-4	BOI090	277	277	4	anche	anche	_	_	_	_	_	linguistic	_	none	_	_	_	_	_	_
277-5	BOI090	277	277	5	giusto	giusto	_	_	_	_	_	linguistic	_	none	_	_	_	_	_	_
277-6	BOI090	277	277	6	che	che	_	_	_	_	_	linguistic	_	none	_	_	_	_	_	_
277-7	BOI090	277	277	7	sia	sia	_	_	_	_	_	linguistic	_	none	_	End=738.231	_	_	_	_
278-0	BOI090	278	278	0	quest'	quest'	_	_	_	_	_	linguistic	_	none	SpaceAfter=No	Begin=738.58	_	_	_	_
278-1	BOI090	278	278	1	an:no	anno	_	_	_	_	_	linguistic	_	none	_	End=739.589	1x1	_	_	_
279-0	BOI090	279	279	0	andrò	andrò	_	_	_	_	_	linguistic	_	none	_	Begin=739.835	_	_	_	_
279-1	BOI090	279	279	1	in	in	_	_	_	_	_	linguistic	_	none	_	_	_	_	_	_
279-2	BOI090	279	279	2	montagna	montagna	_	_	_	_	_	linguistic	_	none	_	End=740.916	_	_	_	_
280-0	BOI090	280	280	0	anche	anche	_	_	_	_	_	linguistic	_	none	_	Begin=741.135	_	_	_	_
280-1	BOI090	280	280	1	lì	lì	_	_	_	_	_	linguistic	_	none	_	_	_	_	_	_
280-2	BOI090	280	280	2	molto	molto	_	_	_	_	_	linguistic	_	none	_	_	_	_	_	_
280-3	BOI090	280	280	3	tranquillo:	tranquillo	_	_	_	_	_	linguistic	_	none	PauseAfter=Yes	_	9x1	_	_	_
280-4	BOI090	280	280	4	{P}	{P}	_	_	_	_	_	shortpause	_	none	_	_	_	_	_	_
280-5	BOI090	280	280	5	localino	localino	_	_	_	_	_	linguistic	_	none	_	_	_	_	_	_
280-6	BOI090	280	280	6	>proprio<	proprio	_	_	_	_	_	linguistic	_	none	_	_	_	Fast=0-7(0)	_	_
280-7	BOI090	280	280	7	tranquillissimo	tranquillissimo	_	_	_	_	_	linguistic	_	none	_	_	_	_	_	_
280-8	BOI090	280	280	8	con	con	_	_	_	_	_	linguistic	_	none	_	_	_	_	_	_
280-9	BOI090	280	280	9	le	le	_	_	_	_	_	linguistic	_	none	_	_	_	_	_	_
280-10	BOI090	280	280	10	mie	mie	_	_	_	_	_	linguistic	_	none	_	_	_	_	_	_
280-11	BOI090	280	280	11	ami:che	amiche	_	_	_	_	_	linguistic	_	none	_	End=745.964	2x1	_	_	_
281-0	BOI090	281	281	0	però:	però	_	_	_	_	_	linguistic	_	none	_	Begin=746.698	3x1	_	_	_
281-1	BOI090	281	281	1	sì	sì	_	_	_	_	_	linguistic	_	none	_	_	_	_	_	_
281-2	BOI090	281	281	2	non:	non	_	_	_	_	_	linguistic	_	none	_	_	2x1	_	_	_
281-3	BOI090	281	281	3	non	non	_	_	_	_	_	linguistic	_	none	_	_	_	_	_	_
281-4	BOI090	281	281	4	ho	ho	_	_	_	_	_	linguistic	_	none	_	_	_	_	_	_
281-5	BOI090	281	281	5	mai	mai	_	_	_	_	_	linguistic	_	none	_	_	_	_	_	_
281-6	BOI090	281	281	6	fatto	fatto	_	_	_	_	_	linguistic	_	none	_	_	_	_	_	_
281-7	BOI090	281	281	7	nulla	nulla	_	_	_	_	_	linguistic	_	none	_	_	_	_	_	_
281-8	BOI090	281	281	8	di:	di	_	_	_	_	_	linguistic	_	none	_	_	1x1	_	_	_
281-9	BOI090	281	281	9	di	di	_	_	_	_	_	linguistic	_	none	_	_	_	_	_	_
281-10	BOI090	281	281	10	strabiliante	strabiliante	_	_	_	_	_	linguistic	_	none	_	_	_	_	_	_
281-11	BOI090	281	281	11	a	a	_	_	_	_	_	linguistic	_	none	_	_	_	_	_	_
281-12	BOI090	281	281	12	capodanno	capodanno	_	_	_	_	_	linguistic	_	none	_	End=750.964	_	_	_	_
282-0	BOR030	282	282	0	a	a	_	_	_	_	_	linguistic	_	none	_	Begin=751.391	_	_	_	_
282-1	BOR030	282	282	1	bologna	bologna	_	_	_	_	_	linguistic	_	none	_	_	_	_	_	_
282-2	BOR030	282	282	2	non	non	_	_	_	_	_	linguistic	_	none	_	_	_	_	_	_
282-3	BOR030	282	282	3	sei	sei	_	_	_	_	_	linguistic	_	none	_	_	_	_	_	_
282-4	BOR030	282	282	4	mai	mai	_	_	_	_	_	linguistic	_	none	_	_	_	_	_	_
282-5	BOR030	282	282	5	andata	andata	_	_	_	_	_	linguistic	_	none	_	_	_	_	_	_
282-6	BOR030	282	282	6	a	a	_	_	_	_	_	linguistic	_	none	_	_	_	_	_	_
282-7	BOR030	282	282	7	fe[steggiarlo]?	festeggiarlo	_	_	_	_	_	linguistic	_	none	Intonation=Rising	End=753.592	_	_	_	2-12(60)
283-0	BOI090	283	283	0	[no:]	no	_	_	_	_	_	linguistic	_	none	_	Begin=752.996	1x1	_	_	0-2(60)
283-1	BOI090	283	283	1	a	a	_	_	_	_	_	linguistic	_	none	_	_	_	_	_	_
283-2	BOI090	283	283	2	bologna	bologna	_	_	_	_	_	linguistic	_	none	_	_	_	_	_	_
283-3	BOI090	283	283	3	non	non	_	_	_	_	_	linguistic	_	none	_	_	_	_	_	_
283-4	BOI090	283	283	4	son	son	_	_	_	_	_	linguistic	_	none	_	_	_	_	_	_
283-5	BOI090	283	283	5	mai	mai	_	_	_	_	_	linguistic	_	none	_	_	_	_	_	_
283-6	BOI090	283	283	6	andata	andata	_	_	_	_	_	linguistic	_	none	_	_	_	_	_	_
283-7	BOI090	283	283	7	perché	perché	_	_	_	_	_	linguistic	_	none	_	_	_	_	_	_
283-8	BOI090	283	283	8	so	so	_	_	_	_	_	linguistic	_	none	_	_	_	_	_	_
283-9	BOI090	283	283	9	che	che	_	_	_	_	_	linguistic	_	none	_	_	_	_	_	_
283-10	BOI090	283	283	10	a	a	_	_	_	_	_	linguistic	_	none	_	_	_	_	_	_
283-11	BOI090	283	283	11	bologna:,	bologna	_	_	_	_	_	linguistic	_	none	Intonation=WeaklyRising	_	6x1	_	_	_
283-12	BOI090	283	283	12	capodanno,	capodanno	_	_	_	_	_	linguistic	_	none	Intonation=WeaklyRising	_	_	_	_	_
283-13	BOI090	283	283	13	è	è	_	_	_	_	_	linguistic	_	none	_	_	_	_	_	_
283-14	BOI090	283	283	14	meglio	meglio	_	_	_	_	_	linguistic	_	none	_	_	_	_	_	_
283-15	BOI090	283	283	15	non	non	_	_	_	_	_	linguistic	_	none	_	_	_	_	_	_
283-16	BOI090	283	283	16	metterci	metterci	_	_	_	_	_	linguistic	_	none	_	_	_	_	_	_
283-17	BOI090	283	283	17	piede,	piede	_	_	_	_	_	linguistic	_	none	Intonation=WeaklyRising	_	_	_	_	_
283-18	BOI090	283	283	18	io	io	_	_	_	_	_	linguistic	_	none	_	_	_	_	_	_
283-19	BOI090	283	283	19	mi	mi	_	_	_	_	_	linguistic	_	none	_	_	_	_	_	_
283-20	BOI090	283	283	20	ricordo	ricordo	_	_	_	_	_	linguistic	_	none	_	_	_	_	_	_
283-21	BOI090	283	283	21	un	un	_	_	_	_	_	linguistic	_	none	_	_	_	_	_	_
283-22	BOI090	283	283	22	anno:	anno	_	_	_	_	_	linguistic	_	none	_	_	3x1	_	_	_
283-23	BOI090	283	283	23	che	che	_	_	_	_	_	linguistic	_	none	_	End=760.122	_	_	_	_
284-0	BOI090	284	284	0	lavoravo	lavoravo	_	_	_	_	_	linguistic	_	none	_	Begin=760.226	_	_	_	_
284-1	BOI090	284	284	1	proprio	proprio	_	_	_	_	_	linguistic	_	none	_	_	_	_	_	_
284-2	BOI090	284	284	2	in	in	_	_	_	_	_	linguistic	_	none	_	_	_	_	_	_
284-3	BOI090	284	284	3	centro	centro	_	_	_	_	_	linguistic	_	none	_	_	_	_	_	_
284-4	BOI090	284	284	4	a	a	_	_	_	_	_	linguistic	_	none	_	_	_	_	_	_
284-5	BOI090	284	284	5	bologna:	bologna	_	_	_	_	_	linguistic	_	none	_	_	6x1	_	_	_
284-6	BOI090	284	284	6	e	e	_	_	_	_	_	linguistic	_	none	_	_	_	_	_	_
284-7	BOI090	284	284	7	il	il	_	_	_	_	_	linguistic	_	none	_	_	_	_	_	_
284-8	BOI090	284	284	8	trentuno	trentuno	_	_	_	_	_	linguistic	_	none	_	_	_	_	_	_
284-9	BOI090	284	284	9	ovviamente	ovviamente	_	_	_	_	_	linguistic	_	none	_	End=763.668	_	_	_	_
285-0	BOI090	285	285	0	ho	ho	_	_	_	_	_	linguistic	_	none	_	Begin=764.1	_	_	_	_
285-1	BOI090	285	285	1	finito	finito	_	_	_	_	_	linguistic	_	none	_	_	_	_	_	_
285-2	BOI090	285	285	2	alle	alle	_	_	_	_	_	linguistic	_	none	_	_	_	_	_	_
285-3	BOI090	285	285	3	nove	nove	_	_	_	_	_	linguistic	_	none	_	_	_	_	_	_
285-4	BOI090	285	285	4	di	di	_	_	_	_	_	linguistic	_	none	_	_	_	_	_	_
285-5	BOI090	285	285	5	lavorare,	lavorare	_	_	_	_	_	linguistic	_	none	Intonation=WeaklyRising	_	_	_	_	_
285-6	BOI090	285	285	6	lavoravo	lavoravo	_	_	_	_	_	linguistic	_	none	_	_	_	_	_	_
285-7	BOI090	285	285	7	in	in	_	_	_	_	_	linguistic	_	none	_	_	_	_	_	_
285-8	BOI090	285	285	8	un	un	_	_	_	_	_	linguistic	_	none	_	_	_	_	_	_
285-9	BOI090	285	285	9	negozio	negozio	_	_	_	_	_	linguistic	_	none	_	End=766.948	_	_	_	_
286-0	BOI090	286	286	0	è	è	_	_	_	_	_	linguistic	_	none	_	Begin=767.983	_	_	_	_
286-1	BOI090	286	286	1	stato:	stato	_	_	_	_	_	linguistic	_	none	_	_	4x1	_	_	_
286-2	BOI090	286	286	2	c(io)è	cioè	_	_	_	_	_	linguistic	_	none	_	_	_	_	1-3(0)	_
286-3	BOI090	286	286	3	c'	c'	_	_	_	_	_	linguistic	_	none	SpaceAfter=No	_	_	_	_	_
286-4	BOI090	286	286	4	erano	erano	_	_	_	_	_	linguistic	_	none	_	_	_	_	_	_
286-5	BOI090	286	286	5	i	i	_	_	_	_	_	linguistic	_	none	_	_	_	_	_	_
286-6	BOI090	286	286	6	bambini	bambini	_	_	_	_	_	linguistic	_	none	_	_	_	_	_	_
286-7	BOI090	286	286	7	che	che	_	_	_	_	_	linguistic	_	none	_	_	_	_	_	_
286-8	BOI090	286	286	8	lanciavano	lanciavano	_	_	_	_	_	linguistic	_	none	_	_	_	_	_	_
286-9	BOI090	286	286	9	i	i	_	_	_	_	_	linguistic	_	none	_	_	_	_	_	_
286-10	BOI090	286	286	10	peta:rdi:,	petardi	_	_	_	_	_	linguistic	_	none	Intonation=WeaklyRising	End=771.532	3x1,6x1	_	_	_
287-0	BOI090	287	287	0	nel	nel	_	_	_	_	_	linguistic	_	none	_	Begin=771.647	_	_	_	_
287-1	BOI090	287	287	1	senso	senso	_	_	_	_	_	linguistic	_	none	_	End=772.299	_	_	_	_
288-0	BOI090	288	288	0	è	è	_	_	_	_	_	linguistic	_	none	_	Begin=772.425	_	_	_	_
288-1	BOI090	288	288	1	meglio	meglio	_	_	_	_	_	linguistic	_	none	_	End=773.398	_	_	_	_
289-0	BOI090	289	289	0	<con	con	_	_	_	_	_	linguistic	_	none	_	Begin=773.662	_	Slow=0-3(0)	_	_
289-1	BOI090	289	289	1	queste>	queste	_	_	_	_	_	linguistic	_	none	_	_	_	Slow=0-6(0)	_	_
289-2	BOI090	289	289	2	grandi:	grandi	_	_	_	_	_	linguistic	_	none	_	_	5x1	_	_	_
289-3	BOI090	289	289	3	feste	feste	_	_	_	_	_	linguistic	_	none	_	_	_	_	_	_
289-4	BOI090	289	289	4	non	non	_	_	_	_	_	linguistic	_	none	_	_	_	_	_	_
289-5	BOI090	289	289	5	andare	andare	_	_	_	_	_	linguistic	_	none	_	_	_	_	_	_
289-6	BOI090	289	289	6	in	in	_	_	_	_	_	linguistic	_	none	_	_	_	_	_	_
289-7	BOI090	289	289	7	centro	centro	_	_	_	_	_	linguistic	_	none	_	_	_	_	_	_
289-8	BOI090	289	289	8	perché	perché	_	_	_	_	_	linguistic	_	none	_	_	_	_	_	_
289-9	BOI090	289	289	9	ovviamente	ovviamente	_	_	_	_	_	linguistic	_	none	_	_	_	_	_	_
289-10	BOI090	289	289	10	essendo	essendo	_	_	_	_	_	linguistic	_	none	_	_	_	_	_	_
289-11	BOI090	289	289	11	una	una	_	_	_	_	_	linguistic	_	none	_	_	_	_	_	_
289-12	BOI090	289	289	12	grande	grande	_	_	_	_	_	linguistic	_	none	_	_	_	_	_	_
289-13	BOI090	289	289	13	città	città	_	_	_	_	_	linguistic	_	none	_	_	_	_	_	_
289-14	BOI090	289	289	14	per	per	_	_	_	_	_	linguistic	_	none	_	_	_	_	_	_
289-15	BOI090	289	289	15	quanto	quanto	_	_	_	_	_	linguistic	_	none	_	_	_	_	_	_
289-16	BOI090	289	289	16	bella	bella	_	_	_	_	_	linguistic	_	none	_	_	_	_	_	_
289-17	BOI090	289	289	17	possa	possa	_	_	_	_	_	linguistic	_	none	_	_	_	_	_	_
289-18	BOI090	289	289	18	essere	essere	_	_	_	_	_	linguistic	_	none	_	End=781.094	_	_	_	_
290-0	BOI090	290	290	0	delle	delle	_	_	_	_	_	linguistic	_	none	_	Begin=781.838	_	_	_	_
290-1	BOI090	290	290	1	volte	volte	_	_	_	_	_	linguistic	_	none	_	_	_	_	_	_
290-2	BOI090	290	290	2	è	è	_	_	_	_	_	linguistic	_	none	_	_	_	_	_	_
290-3	BOI090	290	290	3	rischioso	rischioso	_	_	_	_	_	linguistic	_	none	_	End=783.392	_	_	_	_
291-0	BOI090	291	291	0	[>quando<]	quando	_	_	_	_	_	linguistic	_	none	_	Begin=783.823	_	Fast=0-6(0)	_	0-6(63)
291-1	BOI090	291	291	1	soprattutto	soprattutto	_	_	_	_	_	linguistic	_	none	_	_	_	_	_	_
291-2	BOI090	291	291	2	quando	quando	_	_	_	_	_	linguistic	_	none	_	_	_	_	_	_
291-3	BOI090	291	291	3	ci	ci	_	_	_	_	_	linguistic	_	none	_	_	_	_	_	_
291-4	BOI090	291	291	4	son	son	_	_	_	_	_	linguistic	_	none	_	_	_	_	_	_
291-5	BOI090	291	291	5	le	le	_	_	_	_	_	linguistic	_	none	_	_	_	_	_	_
291-6	BOI090	291	291	6	feste,	feste	_	_	_	_	_	linguistic	_	none	Intonation=WeaklyRising	_	_	_	_	_
291-7	BOI090	291	291	7	nottu:rne	notturne	_	_	_	_	_	linguistic	_	none	_	_	4x1	_	_	_
291-8	BOI090	291	291	8	serali	serali	_	_	_	_	_	linguistic	_	none	_	End=787.485	_	_	_	_
292-0	BOR030	292	292	0	[mh]	mh	_	_	_	_	_	linguistic	_	none	_	Begin=783.944|End=784.245	_	_	_	0-2(63)
293-0	BOI090	293	293	0	si	si	_	_	_	_	_	linguistic	_	none	_	Begin=788.612	_	_	_	_
293-1	BOI090	293	293	1	creano:	creano	_	_	_	_	_	linguistic	_	none	_	_	5x1	_	_	_
293-2	BOI090	293	293	2	de	de	_	_	_	_	_	linguistic	_	none	_	_	_	_	_	_
293-3	BOI090	293	293	3	m:h	mh	_	_	_	_	_	linguistic	_	none	_	_	0x1	_	_	_
293-4	BOI090	293	293	4	delle	delle	_	_	_	_	_	linguistic	_	none	_	_	_	_	_	_
293-5	BOI090	293	293	5	situazioni	situazioni	_	_	_	_	_	linguistic	_	none	_	_	_	_	_	_
293-6	BOI090	293	293	6	che	che	_	_	_	_	_	linguistic	_	none	_	_	_	_	_	_
293-7	BOI090	293	293	7	possono	possono	_	_	_	_	_	linguistic	_	none	_	_	_	_	_	_
293-8	BOI090	293	293	8	essere	essere	_	_	_	_	_	linguistic	_	none	_	_	_	_	_	_
293-9	BOI090	293	293	9	molto	molto	_	_	_	_	_	linguistic	_	none	_	_	_	_	_	_
293-10	BOI090	293	293	10	belle:	belle	_	_	_	_	_	linguistic	_	none	_	_	4x1	_	_	_
293-11	BOI090	293	293	11	ma	ma	_	_	_	_	_	linguistic	_	none	_	_	_	_	_	_
293-12	BOI090	293	293	12	che:	che	_	_	_	_	_	linguistic	_	none	_	End=793.103	2x1	_	_	_
294-0	BOI090	294	294	0	possono	possono	_	_	_	_	_	linguistic	_	none	_	Begin=793.601	_	_	_	_
294-1	BOI090	294	294	1	tramutarsi	tramutarsi	_	_	_	_	_	linguistic	_	none	_	_	_	_	_	_
294-2	BOI090	294	294	2	in	in	_	_	_	_	_	linguistic	_	none	_	_	_	_	_	_
294-3	BOI090	294	294	3	rischio	rischio	_	_	_	_	_	linguistic	_	none	_	_	_	_	_	_
294-4	BOI090	294	294	4	in	in	_	_	_	_	_	linguistic	_	none	_	_	_	_	_	_
294-5	BOI090	294	294	5	>davvero<	davvero	_	_	_	_	_	linguistic	_	none	_	_	_	Fast=0-7(0)	_	_
294-6	BOI090	294	294	6	pochissimo	pochissimo	_	_	_	_	_	linguistic	_	none	_	End=796.356	_	_	_	_
295-0	BOR030	295	295	0	mh	mh	_	_	_	_	_	linguistic	_	none	_	Begin=796.745|End=797.009	_	_	_	_
296-0	BOR030	296	296	0	d'	d'	_	_	_	_	_	linguistic	_	none	SpaceAfter=No	Begin=797.5	_	_	_	_
296-1	BOR030	296	296	1	accordo	accordo	_	_	_	_	_	linguistic	_	none	_	End=798.107	_	_	_	_
297-0	BOR030	297	297	0	e:	e	_	_	_	_	_	linguistic	_	none	_	Begin=798.992	0x1	_	_	_
297-1	BOR030	297	297	1	a:llora	allora	_	_	_	_	_	linguistic	_	none	_	_	0x1	_	_	_
297-2	BOR030	297	297	2	per	per	_	_	_	_	_	linguistic	_	none	_	_	_	_	_	_
297-3	BOR030	297	297	3	quanto	quanto	_	_	_	_	_	linguistic	_	none	_	_	_	_	_	_
297-4	BOR030	297	297	4	riguarda	riguarda	_	_	_	_	_	linguistic	_	none	_	_	_	_	_	_
297-5	BOR030	297	297	5	invece	invece	_	_	_	_	_	linguistic	_	none	_	_	_	_	_	_
297-6	BOR030	297	297	6	feste	feste	_	_	_	_	_	linguistic	_	none	_	_	_	_	_	_
297-7	BOR030	297	297	7	più	più	_	_	_	_	_	linguistic	_	none	_	_	_	_	_	_
297-8	BOR030	297	297	8	primaveri:li	primaverili	_	_	_	_	_	linguistic	_	none	_	End=802.835	8x1	_	_	_
298-0	BOI090	298	298	0	m:hm:h	mhmh	_	_	_	_	_	linguistic	_	none	_	Begin=802.853|End=803.491	0x1,2x1	_	_	_
299-0	BOR030	299	299	0	e:	e	_	_	_	_	_	linguistic	_	none	_	Begin=803.571	0x1	_	_	_
299-1	BOR030	299	299	1	ca[rne]va:le	carnevale	_	_	_	_	_	linguistic	_	none	_	End=804.984	6x1	_	_	2-5(64)
300-0	BOI090	300	300	0	[okay]	okay	_	_	_	_	_	linguistic	_	none	_	Begin=803.8|End=804.24	_	_	_	0-4(64)
301-0	BOR030	301	301	0	[ti	ti	_	_	_	_	_	linguistic	_	none	_	Begin=805.156	_	_	_	0-2(65)
301-1	BOR030	301	301	1	sembra	sembra	_	_	_	_	_	linguistic	_	none	_	_	_	_	_	0-6(65)
301-2	BOR030	301	301	2	che]	che	_	_	_	_	_	linguistic	_	none	_	_	_	_	_	0-3(65)
301-3	BOR030	301	301	3	sia	sia	_	_	_	_	_	linguistic	_	none	_	_	_	_	_	_
301-4	BOR030	301	301	4	particolarmente	particolarmente	_	_	_	_	_	linguistic	_	none	_	_	_	_	_	_
301-5	BOR030	301	301	5	festeggia:to	festeggiato	_	_	_	_	_	linguistic	_	none	_	_	8x1	_	_	_
301-6	BOR030	301	301	6	a	a	_	_	_	_	_	linguistic	_	none	_	_	_	_	_	_
301-7	BOR030	301	301	7	bologna?	bologna	_	_	_	_	_	linguistic	_	none	Intonation=Rising	End=808.503	_	_	_	_
302-0	BOI090	302	302	0	[okay]	okay	_	_	_	_	_	linguistic	_	none	_	Begin=805.173|End=805.779	_	_	_	0-4(65)
303-0	BOI090	303	303	0	allo:ra	allora	_	_	_	_	_	linguistic	_	none	_	Begin=808.651	3x1	_	_	_
303-1	BOI090	303	303	1	bologna	bologna	_	_	_	_	_	linguistic	_	none	_	_	_	_	_	_
303-2	BOI090	303	303	2	centro	centro	_	_	_	_	_	linguistic	_	none	_	_	_	_	_	_
303-3	BOI090	303	303	3	no	no	_	_	_	_	_	linguistic	_	none	_	End=810.869	_	_	_	_
304-0	BOI090	304	304	0	carnevale	carnevale	_	_	_	_	_	linguistic	_	none	_	Begin=811.582	_	_	_	_
304-1	BOI090	304	304	1	in	in	_	_	_	_	_	linguistic	_	none	_	_	_	_	_	_
304-2	BOI090	304	304	2	realtà	realtà	_	_	_	_	_	linguistic	_	none	_	_	_	_	_	_
304-3	BOI090	304	304	3	bologna	bologna	_	_	_	_	_	linguistic	_	none	_	_	_	_	_	_
304-4	BOI090	304	304	4	centro	centro	_	_	_	_	_	linguistic	_	none	_	_	_	_	_	_
304-5	BOI090	304	304	5	lo	lo	_	_	_	_	_	linguistic	_	none	_	_	_	_	_	_
304-6	BOI090	304	304	6	festeggian	festeggian	_	_	_	_	_	linguistic	_	none	_	_	_	_	_	_
304-7	BOI090	304	304	7	davvero	davvero	_	_	_	_	_	linguistic	_	none	_	_	_	_	_	_
304-8	BOI090	304	304	8	poco	poco	_	_	_	_	_	linguistic	_	none	_	End=815.195	_	_	_	_
305-0	BOI090	305	305	0	nei	nei	_	_	_	_	_	linguistic	_	none	_	Begin=815.453	_	_	_	_
305-1	BOI090	305	305	1	comuni:	comuni	_	_	_	_	_	linguistic	_	none	_	_	5x1	_	_	_
305-2	BOI090	305	305	2	>però<	però	_	_	_	_	_	linguistic	_	none	_	_	_	Fast=0-4(0)	_	_
305-3	BOI090	305	305	3	limitrofi	limitrofi	_	_	_	_	_	linguistic	_	none	_	End=817.85	_	_	_	_
306-0	BOI090	306	306	0	quindi	quindi	_	_	_	_	_	linguistic	_	none	_	Begin=818.08	_	_	_	_
306-1	BOI090	306	306	1	proprio:	proprio	_	_	_	_	_	linguistic	_	none	_	_	6x1	_	_	_
306-2	BOI090	306	306	2	in	in	_	_	_	_	_	linguistic	_	none	_	_	_	_	_	_
306-3	BOI090	306	306	3	provincia	provincia	_	_	_	_	_	linguistic	_	none	_	End=820.213	_	_	_	_
307-0	BOI090	307	307	0	tanti:ssimo:	tantissimo	_	_	_	_	_	linguistic	_	none	_	Begin=820.874	4x1,9x1	_	_	_
307-1	BOI090	307	307	1	noi	noi	_	_	_	_	_	linguistic	_	none	_	_	_	_	_	_
307-2	BOI090	307	307	2	abbiamo	abbiamo	_	_	_	_	_	linguistic	_	none	_	_	_	_	_	_
307-3	BOI090	307	307	3	appunto	appunto	_	_	_	_	_	linguistic	_	none	_	_	_	_	_	_
307-4	BOI090	307	307	4	san	san	_	_	_	_	_	linguistic	_	none	_	_	_	_	_	_
307-5	BOI090	307	307	5	giovanni	giovanni	_	_	_	_	_	linguistic	_	none	_	_	_	_	_	_
307-6	BOI090	307	307	6	in	in	_	_	_	_	_	linguistic	_	none	_	_	_	_	_	_
307-7	BOI090	307	307	7	persiceto	persiceto	_	_	_	_	_	linguistic	_	none	_	_	_	_	_	_
307-8	BOI090	307	307	8	dove	dove	_	_	_	_	_	linguistic	_	none	_	End=824.426	_	_	_	_
308-0	BOI090	308	308	0	io	io	_	_	_	_	_	linguistic	_	none	_	Begin=824.659	_	_	_	_
308-1	BOI090	308	308	1	ho	ho	_	_	_	_	_	linguistic	_	none	_	_	_	_	_	_
308-2	BOI090	308	308	2	fatto	fatto	_	_	_	_	_	linguistic	_	none	_	_	_	_	_	_
308-3	BOI090	308	308	3	le	le	_	_	_	_	_	linguistic	_	none	_	_	_	_	_	_
308-4	BOI090	308	308	4	scuole	scuole	_	_	_	_	_	linguistic	_	none	_	_	_	_	_	_
308-5	BOI090	308	308	5	superiori	superiori	_	_	_	_	_	linguistic	_	none	_	End=826.217	_	_	_	_
309-0	BOI090	309	309	0	che:	che	_	_	_	_	_	linguistic	_	none	_	Begin=826.857	2x1	_	_	_
309-1	BOI090	309	309	1	lì	lì	_	_	_	_	_	linguistic	_	none	_	_	_	_	_	_
309-2	BOI090	309	309	2	proprio	proprio	_	_	_	_	_	linguistic	_	none	_	_	_	_	_	_
309-3	BOI090	309	309	3	c'	c'	_	_	_	_	_	linguistic	_	none	SpaceAfter=No	_	_	_	_	_
309-4	BOI090	309	309	4	è	è	_	_	_	_	_	linguistic	_	none	_	_	_	_	_	_
309-5	BOI090	309	309	5	la	la	_	_	_	_	_	linguistic	_	none	_	_	_	_	_	_
309-6	BOI090	309	309	6	gara	gara	_	_	_	_	_	linguistic	_	none	_	_	_	_	_	_
309-7	BOI090	309	309	7	dei	dei	_	_	_	_	_	linguistic	_	none	_	_	_	_	_	_
309-8	BOI090	309	309	8	ca:rri	carri	_	_	_	_	_	linguistic	_	none	_	End=829.571	1x1	_	_	_
310-0	BOI090	310	310	0	è:	è	_	_	_	_	_	linguistic	_	none	_	Begin=829.653	0x1	_	_	_
310-1	BOI090	310	310	1	è	è	_	_	_	_	_	linguistic	_	none	_	_	_	_	_	_
310-2	BOI090	310	310	2	bellissimo	bellissimo	_	_	_	_	_	linguistic	_	none	_	End=831.373	_	_	_	_
311-0	BOI090	311	311	0	fanno	fanno	_	_	_	_	_	linguistic	_	none	_	Begin=831.444	_	_	_	_
311-1	BOI090	311	311	1	dei	dei	_	_	_	_	_	linguistic	_	none	_	_	_	_	_	_
311-2	BOI090	311	311	2	carri	carri	_	_	_	_	_	linguistic	_	none	_	_	_	_	_	_
311-3	BOI090	311	311	3	meravigliosi,	meravigliosi	_	_	_	_	_	linguistic	_	none	Intonation=WeaklyRising	_	_	_	_	_
311-4	BOI090	311	311	4	a	a	_	_	_	_	_	linguistic	_	none	_	_	_	_	_	_
311-5	BOI090	311	311	5	san	san	_	_	_	_	_	linguistic	_	none	_	_	_	_	_	_
311-6	BOI090	311	311	6	giovanni	giovanni	_	_	_	_	_	linguistic	_	none	_	_	_	_	_	_
311-7	BOI090	311	311	7	in	in	_	_	_	_	_	linguistic	_	none	_	_	_	_	_	_
311-8	BOI090	311	311	8	persiceto,	persiceto	_	_	_	_	_	linguistic	_	none	Intonation=WeaklyRising	_	_	_	_	_
311-9	BOI090	311	311	9	e	e	_	_	_	_	_	linguistic	_	none	_	_	_	_	_	_
311-10	BOI090	311	311	10	anche	anche	_	_	_	_	_	linguistic	_	none	_	_	_	_	_	_
311-11	BOI090	311	311	11	la	la	_	_	_	_	_	linguistic	_	none	_	_	_	_	_	_
311-12	BOI090	311	311	12	festa	festa	_	_	_	_	_	linguistic	_	none	_	_	_	_	_	_
311-13	BOI090	311	311	13	nonostante	nonostante	_	_	_	_	_	linguistic	_	none	_	_	_	_	_	_
311-14	BOI090	311	311	14	sia	sia	_	_	_	_	_	linguistic	_	none	_	_	_	_	_	_
311-15	BOI090	311	311	15	un	un	_	_	_	_	_	linguistic	_	none	_	_	_	_	_	_
311-16	BOI090	311	311	16	comune	comune	_	_	_	_	_	linguistic	_	none	_	_	_	_	_	_
311-17	BOI090	311	311	17	>comunque<	comunque	_	_	_	_	_	linguistic	_	none	_	_	_	Fast=0-8(0)	_	_
311-18	BOI090	311	311	18	relativamente	relativamente	_	_	_	_	_	linguistic	_	none	_	_	_	_	_	_
311-19	BOI090	311	311	19	piccolo	piccolo	_	_	_	_	_	linguistic	_	none	_	End=838.49	_	_	_	_
312-0	BOI090	312	312	0	c(io)è:	cioè	_	_	_	_	_	linguistic	_	none	_	Begin=838.92	3x1	_	1-3(0)	_
312-1	BOI090	312	312	1	c'	c'	_	_	_	_	_	linguistic	_	none	SpaceAfter=No	_	_	_	_	_
312-2	BOI090	312	312	2	è	è	_	_	_	_	_	linguistic	_	none	_	_	_	_	_	_
312-3	BOI090	312	312	3	tutta	tutta	_	_	_	_	_	linguistic	_	none	_	_	_	_	_	_
312-4	BOI090	312	312	4	la	la	_	_	_	_	_	linguistic	_	none	_	_	_	_	_	_
312-5	BOI090	312	312	5	gara	gara	_	_	_	_	_	linguistic	_	none	_	_	_	_	_	_
312-6	BOI090	312	312	6	dei	dei	_	_	_	_	_	linguistic	_	none	_	_	_	_	_	_
312-7	BOI090	312	312	7	carri	carri	_	_	_	_	_	linguistic	_	none	_	_	_	_	_	_
312-8	BOI090	312	312	8	poi	poi	_	_	_	_	_	linguistic	_	none	_	_	_	_	_	_
312-9	BOI090	312	312	9	presentan	presentan	_	_	_	_	_	linguistic	_	none	_	_	_	_	_	_
312-10	BOI090	312	312	10	delle	delle	_	_	_	_	_	linguistic	_	none	_	_	_	_	_	_
312-11	BOI090	312	312	11	cose	cose	_	_	_	_	_	linguistic	_	none	_	_	_	_	_	_
312-12	BOI090	312	312	12	meravigliose	meravigliose	_	_	_	_	_	linguistic	_	none	_	End=842.779	_	_	_	_
313-0	BOI090	313	313	0	se	se	_	_	_	_	_	linguistic	_	none	_	Begin=843.303	_	_	_	_
313-1	BOI090	313	313	1	no:	no	_	_	_	_	_	linguistic	_	none	_	_	1x1	_	_	_
313-2	BOI090	313	313	2	spostandosi	spostandosi	_	_	_	_	_	linguistic	_	none	_	_	_	_	_	_
313-3	BOI090	313	313	3	un	un	_	_	_	_	_	linguistic	_	none	_	_	_	_	_	_
313-4	BOI090	313	313	4	pochino,	pochino	_	_	_	_	_	linguistic	_	none	Intonation=WeaklyRising	_	_	_	_	_
313-5	BOI090	313	313	5	verso	verso	_	_	_	_	_	linguistic	_	none	_	_	_	_	_	_
313-6	BOI090	313	313	6	quasi	quasi	_	_	_	_	_	linguistic	_	none	_	_	_	_	_	_
313-7	BOI090	313	313	7	ferrara:	ferrara	_	_	_	_	_	linguistic	_	none	_	_	6x1	_	_	_
313-8	BOI090	313	313	8	c'	c'	_	_	_	_	_	linguistic	_	none	SpaceAfter=No	_	_	_	_	_
313-9	BOI090	313	313	9	è	è	_	_	_	_	_	linguistic	_	none	_	_	_	_	_	_
313-10	BOI090	313	313	10	cento	cento	_	_	_	_	_	linguistic	_	none	_	_	_	_	_	_
313-11	BOI090	313	313	11	che	che	_	_	_	_	_	linguistic	_	none	_	_	_	_	_	_
313-12	BOI090	313	313	12	fino	fino	_	_	_	_	_	linguistic	_	none	_	End=848.375	_	_	_	_
314-0	BOI090	314	314	0	a	a	_	_	_	_	_	linguistic	_	none	_	Begin=848.569	_	_	_	_
314-1	BOI090	314	314	1	un	un	_	_	_	_	_	linguistic	_	none	_	_	_	_	_	_
314-2	BOI090	314	314	2	po'	po'	_	_	_	_	_	linguistic	_	none	_	_	_	_	_	_
314-3	BOI090	314	314	3	di	di	_	_	_	_	_	linguistic	_	none	_	_	_	_	_	_
314-4	BOI090	314	314	4	tempo	tempo	_	_	_	_	_	linguistic	_	none	_	_	_	_	_	_
314-5	BOI090	314	314	5	fa	fa	_	_	_	_	_	linguistic	_	none	_	_	_	_	_	_
314-6	BOI090	314	314	6	in	in	_	_	_	_	_	linguistic	_	none	_	_	_	_	_	_
314-7	BOI090	314	314	7	realtà	realtà	_	_	_	_	_	linguistic	_	none	_	_	_	_	_	_
314-8	BOI090	314	314	8	era	era	_	_	_	_	_	linguistic	_	none	_	_	_	_	_	_
314-9	BOI090	314	314	9	provincia	provincia	_	_	_	_	_	linguistic	_	none	_	_	_	_	_	_
314-10	BOI090	314	314	10	di	di	_	_	_	_	_	linguistic	_	none	_	_	_	_	_	_
314-11	BOI090	314	314	11	bologna	bologna	_	_	_	_	_	linguistic	_	none	_	End=851.215	_	_	_	_
315-0	BOI090	315	315	0	poi:	poi	_	_	_	_	_	linguistic	_	none	_	Begin=851.394	2x1	_	_	_
315-1	BOI090	315	315	1	l'	l'	_	_	_	_	_	linguistic	_	none	SpaceAfter=No	_	_	_	_	_
315-2	BOI090	315	315	2	hanno:	hanno	_	_	_	_	_	linguistic	_	none	_	_	4x1	_	_	_
315-3	BOI090	315	315	3	spostata	spostata	_	_	_	_	_	linguistic	_	none	_	_	_	_	_	_
315-4	BOI090	315	315	4	su	su	_	_	_	_	_	linguistic	_	none	_	_	_	_	_	_
315-5	BOI090	315	315	5	ferrara	ferrara	_	_	_	_	_	linguistic	_	none	_	End=853.305	_	_	_	_
316-0	BOI090	316	316	0	che	che	_	_	_	_	_	linguistic	_	none	_	Begin=853.68	_	_	_	_
316-1	BOI090	316	316	1	lì:	lì	_	_	_	_	_	linguistic	_	none	_	_	1x1	_	_	_
316-2	BOI090	316	316	2	>proprio	proprio	_	_	_	_	_	linguistic	_	none	_	_	_	Fast=0-7(0)	_	_
316-3	BOI090	316	316	3	c(io)è<	cioè	_	_	_	_	_	linguistic	_	none	_	_	_	Fast=0-4(0)	1-3(0)	_
316-4	BOI090	316	316	4	è:	è	_	_	_	_	_	linguistic	_	none	_	_	0x1	_	_	_
316-5	BOI090	316	316	5	tipo	tipo	_	_	_	_	_	linguistic	_	none	_	_	_	_	_	_
316-6	BOI090	316	316	6	(il)	il	_	_	_	_	_	linguistic	_	none	_	End=855.562	_	_	0-2(1)	_
317-0	BOI090	317	317	0	secondo	secondo	_	_	_	_	_	linguistic	_	none	_	Begin=855.867	_	_	_	_
317-1	BOI090	317	317	1	carnevale	carnevale	_	_	_	_	_	linguistic	_	none	_	_	_	_	_	_
317-2	BOI090	317	317	2	d'	d'	_	_	_	_	_	linguistic	_	none	SpaceAfter=No	_	_	_	_	_
317-3	BOI090	317	317	3	europa	europa	_	_	_	_	_	linguistic	_	none	_	_	_	_	_	_
317-4	BOI090	317	317	4	cioè:	cioè	_	_	_	_	_	linguistic	_	none	_	_	3x1	_	_	_
317-5	BOI090	317	317	5	fanno:	fanno	_	_	_	_	_	linguistic	_	none	_	End=858.096	4x1	_	_	_
318-0	BOI090	318	318	0	un	un	_	_	_	_	_	linguistic	_	none	_	Begin=858.314	_	_	_	_
318-1	BOI090	318	318	1	festone:	festone	_	_	_	_	_	linguistic	_	none	_	_	6x1	_	_	_
318-2	BOI090	318	318	2	belli:ssimo	bellissimo	_	_	_	_	_	linguistic	_	none	_	End=860.028	4x1	_	_	_
319-0	BOI090	319	319	0	per	per	_	_	_	_	_	linguistic	_	none	_	Begin=860.62	_	_	_	_
319-1	BOI090	319	319	1	[il	il	_	_	_	_	_	linguistic	_	none	_	_	_	_	_	0-2(67)
319-2	BOI090	319	319	2	resto]	resto	_	_	_	_	_	linguistic	_	none	_	End=861.326	_	_	_	0-5(67)
320-0	BOR030	320	320	0	[dovrebbe	dovrebbe	_	_	_	_	_	linguistic	_	none	_	Begin=860.74	_	_	_	0-8(67)
320-1	BOR030	320	320	1	es]sere	essere	_	_	_	_	_	linguistic	_	none	_	_	_	_	_	0-2(67)
320-2	BOR030	320	320	2	gemellato	gemellato	_	_	_	_	_	linguistic	_	none	_	_	_	_	_	_
320-3	BOR030	320	320	3	co:n	con	_	_	_	_	_	linguistic	_	none	_	_	1x1	_	_	_
320-4	BOR030	320	320	4	il	il	_	_	_	_	_	linguistic	_	none	_	_	_	_	_	_
320-5	BOR030	320	320	5	brasile	brasile	_	_	_	_	_	linguistic	_	none	_	End=863.267	_	_	_	_
321-0	BOI090	321	321	0	sì	sì	_	_	_	_	_	linguistic	_	none	_	Begin=863.42|End=863.77	_	_	_	_
322-0	BOI090	322	322	0	esatto	esatto	_	_	_	_	_	linguistic	_	none	_	Begin=863.891	_	_	_	_
322-1	BOI090	322	322	1	>esatto	esatto	_	_	_	_	_	linguistic	_	none	_	_	_	Fast=0-6(0)	_	_
322-2	BOI090	322	322	2	esatto	esatto	_	_	_	_	_	linguistic	_	none	_	_	_	Fast=0-6(0)	_	_
322-3	BOI090	322	322	3	esatto<	esatto	_	_	_	_	_	linguistic	_	none	_	End=866.185	_	Fast=0-6(0)	_	_
323-0	BOI090	323	323	0	c(io)è:	cioè	_	_	_	_	_	linguistic	_	none	_	Begin=866.25	3x1	_	1-3(0)	_
323-1	BOI090	323	323	1	m:h	mh	_	_	_	_	_	linguistic	_	none	_	_	0x1	_	_	_
323-2	BOI090	323	323	2	fanno	fanno	_	_	_	_	_	linguistic	_	none	_	_	_	_	_	_
323-3	BOI090	323	323	3	delle	delle	_	_	_	_	_	linguistic	_	none	_	_	_	_	_	_
323-4	BOI090	323	323	4	cose	cose	_	_	_	_	_	linguistic	_	none	_	_	_	_	_	_
323-5	BOI090	323	323	5	meravigliose,	meravigliose	_	_	_	_	_	linguistic	_	none	Intonation=WeaklyRising	_	_	_	_	_
323-6	BOI090	323	323	6	poi	poi	_	_	_	_	_	linguistic	_	none	_	_	_	_	_	_
323-7	BOI090	323	323	7	ci	ci	_	_	_	_	_	linguistic	_	none	_	_	_	_	_	_
323-8	BOI090	323	323	8	passano	passano	_	_	_	_	_	linguistic	_	none	_	_	_	_	_	_
323-9	BOI090	323	323	9	gli	gli	_	_	_	_	_	linguistic	_	none	_	_	_	_	_	_
323-10	BOI090	323	323	10	anni	anni	_	_	_	_	_	linguistic	_	none	_	_	_	_	_	_
323-11	BOI090	323	323	11	a	a	_	_	_	_	_	linguistic	_	none	_	_	_	_	_	_
323-12	BOI090	323	323	12	fare	fare	_	_	_	_	_	linguistic	_	none	_	_	_	_	_	_
323-13	BOI090	323	323	13	sti	sti	_	_	_	_	_	linguistic	_	none	_	_	_	_	_	_
323-14	BOI090	323	323	14	carri	carri	_	_	_	_	_	linguistic	_	none	_	_	_	_	_	_
323-15	BOI090	323	323	15	è	è	_	_	_	_	_	linguistic	_	none	_	_	_	_	_	_
323-16	BOI090	323	323	16	è	è	_	_	_	_	_	linguistic	_	none	_	_	_	_	_	_
323-17	BOI090	323	323	17	belli:ssimo	bellissimo	_	_	_	_	_	linguistic	_	none	_	End=872.357	4x1	_	_	_
324-0	BOI090	324	324	0	qui	qui	_	_	_	_	_	linguistic	_	none	_	Begin=872.917	_	_	_	_
324-1	BOI090	324	324	1	invece,	invece	_	_	_	_	_	linguistic	_	none	Intonation=WeaklyRising	_	_	_	_	_
324-2	BOI090	324	324	2	so	so	_	_	_	_	_	linguistic	_	none	_	_	_	_	_	_
324-3	BOI090	324	324	3	che	che	_	_	_	_	_	linguistic	_	none	_	_	_	_	_	_
324-4	BOI090	324	324	4	fanno	fanno	_	_	_	_	_	linguistic	_	none	_	_	_	_	_	_
324-5	BOI090	324	324	5	il	il	_	_	_	_	_	linguistic	_	none	_	_	_	_	_	_
324-6	BOI090	324	324	6	carneva:le	carnevale	_	_	_	_	_	linguistic	_	none	PauseAfter=Yes	_	6x1	_	_	_
324-7	BOI090	324	324	7	{P}	{P}	_	_	_	_	_	shortpause	_	none	_	_	_	_	_	_
324-8	BOI090	324	324	8	perché	perché	_	_	_	_	_	linguistic	_	none	_	_	_	_	_	_
324-9	BOI090	324	324	9	lo	lo	_	_	_	_	_	linguistic	_	none	_	_	_	_	_	_
324-10	BOI090	324	324	10	fanno	fanno	_	_	_	_	_	linguistic	_	none	_	_	_	_	_	_
324-11	BOI090	324	324	11	nel	nel	_	_	_	_	_	linguistic	_	none	_	_	_	_	_	_
324-12	BOI090	324	324	12	nostro	nostro	_	_	_	_	_	linguistic	_	none	_	_	_	_	_	_
324-13	BOI090	324	324	13	comune	comune	_	_	_	_	_	linguistic	_	none	_	_	_	_	_	_
324-14	BOI090	324	324	14	che	che	_	_	_	_	_	linguistic	_	none	_	_	_	_	_	_
324-15	BOI090	324	324	15	è	è	_	_	_	_	_	linguistic	_	none	_	_	_	_	_	_
324-16	BOI090	324	324	16	diviso	diviso	_	_	_	_	_	linguistic	_	none	_	_	_	_	_	_
324-17	BOI090	324	324	17	in	in	_	_	_	_	_	linguistic	_	none	_	_	_	_	_	_
324-18	BOI090	324	324	18	frazioni	frazioni	_	_	_	_	_	linguistic	_	none	_	_	_	_	_	_
324-19	BOI090	324	324	19	ne	ne	_	_	_	_	_	linguistic	_	none	_	_	_	_	_	_
324-20	BOI090	324	324	20	fanno:	fanno	_	_	_	_	_	linguistic	_	none	_	_	4x1	_	_	_
324-21	BOI090	324	324	21	una	una	_	_	_	_	_	linguistic	_	none	_	_	_	_	_	_
324-22	BOI090	324	324	22	domenica	domenica	_	_	_	_	_	linguistic	_	none	_	_	_	_	_	_
324-23	BOI090	324	324	23	in	in	_	_	_	_	_	linguistic	_	none	_	_	_	_	_	_
324-24	BOI090	324	324	24	uno:	uno	_	_	_	_	_	linguistic	_	none	_	_	2x1	_	_	_
324-25	BOI090	324	324	25	e	e	_	_	_	_	_	linguistic	_	none	_	_	_	_	_	_
324-26	BOI090	324	324	26	una	una	_	_	_	_	_	linguistic	_	none	_	_	_	_	_	_
324-27	BOI090	324	324	27	domenica	domenica	_	_	_	_	_	linguistic	_	none	_	_	_	_	_	_
324-28	BOI090	324	324	28	nell'	nell'	_	_	_	_	_	linguistic	_	none	SpaceAfter=No	_	_	_	_	_
324-29	BOI090	324	324	29	altro	altro	_	_	_	_	_	linguistic	_	none	_	_	_	_	_	_
324-30	BOI090	324	324	30	comune	comune	_	_	_	_	_	linguistic	_	none	_	End=881.395	_	_	_	_
325-0	BOI090	325	325	0	son	son	_	_	_	_	_	linguistic	_	none	_	Begin=881.89	_	_	_	_
325-1	BOI090	325	325	1	carri	carri	_	_	_	_	_	linguistic	_	none	_	_	_	_	_	_
325-2	BOI090	325	325	2	piccoli	piccoli	_	_	_	_	_	linguistic	_	none	_	_	_	_	_	_
325-3	BOI090	325	325	3	>giusto	giusto	_	_	_	_	_	linguistic	_	none	_	_	_	Fast=0-6(0)	_	_
325-4	BOI090	325	325	4	per	per	_	_	_	_	_	linguistic	_	none	_	_	_	Fast=0-3(0)	_	_
325-5	BOI090	325	325	5	far	far	_	_	_	_	_	linguistic	_	none	_	_	_	Fast=0-3(0)	_	_
325-6	BOI090	325	325	6	f~<	f~	_	_	_	_	_	linguistic	_	none	Interrupted=Yes	End=883.727	_	Fast=0-2(0)	_	_
326-0	BOI090	326	326	0	far	far	_	_	_	_	_	linguistic	_	none	_	Begin=884.062	_	_	_	_
326-1	BOI090	326	326	1	festeggiare	festeggiare	_	_	_	_	_	linguistic	_	none	_	_	_	_	_	_
326-2	BOI090	326	326	2	un	un	_	_	_	_	_	linguistic	_	none	_	_	_	_	_	_
326-3	BOI090	326	326	3	po'	po'	_	_	_	_	_	linguistic	_	none	_	_	_	_	_	_
326-4	BOI090	326	326	4	i	i	_	_	_	_	_	linguistic	_	none	_	_	_	_	_	_
326-5	BOI090	326	326	5	bambi:ni	bambini	_	_	_	_	_	linguistic	_	none	_	_	4x1	_	_	_
326-6	BOI090	326	326	6	però:	però	_	_	_	_	_	linguistic	_	none	_	_	3x1	_	_	_
326-7	BOI090	326	326	7	è	è	_	_	_	_	_	linguistic	_	none	_	_	_	_	_	_
326-8	BOI090	326	326	8	anche	anche	_	_	_	_	_	linguistic	_	none	_	_	_	_	_	_
326-9	BOI090	326	326	9	carino	carino	_	_	_	_	_	linguistic	_	none	_	_	_	_	_	_
326-10	BOI090	326	326	10	>però<	però	_	_	_	_	_	linguistic	_	none	_	_	_	Fast=0-4(0)	_	_
326-11	BOI090	326	326	11	perché:	perché	_	_	_	_	_	linguistic	_	none	_	_	5x1	_	_	_
326-12	BOI090	326	326	12	fanno	fanno	_	_	_	_	_	linguistic	_	none	_	_	_	_	_	_
326-13	BOI090	326	326	13	le	le	_	_	_	_	_	linguistic	_	none	_	_	_	_	_	_
326-14	BOI090	326	326	14	crescenti:ne	crescentine	_	_	_	_	_	linguistic	_	none	_	_	8x1	_	_	_
326-15	BOI090	326	326	15	fanno:	fanno	_	_	_	_	_	linguistic	_	none	_	_	4x1	_	_	_
326-16	BOI090	326	326	16	il	il	_	_	_	_	_	linguistic	_	none	_	_	_	_	_	_
326-17	BOI090	326	326	17	gnocco	gnocco	_	_	_	_	_	linguistic	_	none	_	_	_	_	_	_
326-18	BOI090	326	326	18	fri:tt(o)	fritto	_	_	_	_	_	linguistic	_	none	_	_	2x1	_	5-6(0)	_
326-19	BOI090	326	326	19	è	è	_	_	_	_	_	linguistic	_	none	_	_	_	_	_	_
326-20	BOI090	326	326	20	bello	bello	_	_	_	_	_	linguistic	_	none	_	End=892.144	_	_	_	_
327-0	BOI090	327	327	0	è	è	_	_	_	_	_	linguistic	_	none	_	Begin=892.212	_	_	_	_
327-1	BOI090	327	327	1	bello	bello	_	_	_	_	_	linguistic	_	none	_	_	_	_	_	_
327-2	BOI090	327	327	2	è	è	_	_	_	_	_	linguistic	_	none	_	_	_	_	_	_
327-3	BOI090	327	327	3	bello,	bello	_	_	_	_	_	linguistic	_	none	Intonation=WeaklyRising	_	_	_	_	_
327-4	BOI090	327	327	4	se	se	_	_	_	_	_	linguistic	_	none	_	_	_	_	_	_
327-5	BOI090	327	327	5	sei	sei	_	_	_	_	_	linguistic	_	none	_	_	_	_	_	_
327-6	BOI090	327	327	6	bambino.	bambino	_	_	_	_	_	linguistic	_	none	Intonation=Falling	End=893.7	_	_	_	_
328-0	BOI090	328	328	0	se	se	_	_	_	_	_	linguistic	_	none	_	Begin=893.862	_	_	_	_
328-1	BOI090	328	328	1	sei	sei	_	_	_	_	_	linguistic	_	none	_	_	_	_	_	_
328-2	BOI090	328	328	2	un	un	_	_	_	_	_	linguistic	_	none	_	_	_	_	_	_
328-3	BOI090	328	328	3	po'	po'	_	_	_	_	_	linguistic	_	none	_	_	_	_	_	_
328-4	BOI090	328	328	4	più	più	_	_	_	_	_	linguistic	_	none	_	_	_	_	_	_
328-5	BOI090	328	328	5	adulto	adulto	_	_	_	_	_	linguistic	_	none	_	_	_	_	_	_
328-6	BOI090	328	328	6	devi	devi	_	_	_	_	_	linguistic	_	none	_	_	_	_	_	_
328-7	BOI090	328	328	7	spostarti	spostarti	_	_	_	_	_	linguistic	_	none	_	_	_	_	_	_
328-8	BOI090	328	328	8	perché:	perché	_	_	_	_	_	linguistic	_	none	_	_	5x1	_	_	_
328-9	BOI090	328	328	9	in	in	_	_	_	_	_	linguistic	_	none	_	_	_	_	_	_
328-10	BOI090	328	328	10	questo	questo	_	_	_	_	_	linguistic	_	none	_	_	_	_	_	_
328-11	BOI090	328	328	11	comune:	comune	_	_	_	_	_	linguistic	_	none	_	_	5x1	_	_	_
328-12	BOI090	328	328	12	c(io)è	cioè	_	_	_	_	_	linguistic	_	none	_	_	_	_	1-3(0)	_
328-13	BOI090	328	328	13	non	non	_	_	_	_	_	linguistic	_	none	_	_	_	_	_	_
328-14	BOI090	328	328	14	non	non	_	_	_	_	_	linguistic	_	none	_	_	_	_	_	_
328-15	BOI090	328	328	15	è	è	_	_	_	_	_	linguistic	_	none	_	_	_	_	_	_
328-16	BOI090	328	328	16	una	una	_	_	_	_	_	linguistic	_	none	_	_	_	_	_	_
328-17	BOI090	328	328	17	festa	festa	_	_	_	_	_	linguistic	_	none	_	_	_	_	_	_
328-18	BOI090	328	328	18	da	da	_	_	_	_	_	linguistic	_	none	_	_	_	_	_	_
328-19	BOI090	328	328	19	adulti	adulti	_	_	_	_	_	linguistic	_	none	_	_	_	_	_	_
328-20	BOI090	328	328	20	ecco	ecco	_	_	_	_	_	linguistic	_	none	_	End=899.617	_	_	_	_
329-0	BOR030	329	329	0	capisco	capisco	_	_	_	_	_	linguistic	_	none	_	Begin=899.919|End=900.55	_	_	_	_
330-0	BOR030	330	330	0	e:	e	_	_	_	_	_	linguistic	_	none	_	Begin=900.819	0x1	_	_	_
330-1	BOR030	330	330	1	tu	tu	_	_	_	_	_	linguistic	_	none	_	_	_	_	_	_
330-2	BOR030	330	330	2	hai	hai	_	_	_	_	_	linguistic	_	none	_	_	_	_	_	_
330-3	BOR030	330	330	3	qualche	qualche	_	_	_	_	_	linguistic	_	none	_	_	_	_	_	_
330-4	BOR030	330	330	4	aneddoto	aneddoto	_	_	_	_	_	linguistic	_	none	_	_	_	_	_	_
330-5	BOR030	330	330	5	qualche	qualche	_	_	_	_	_	linguistic	_	none	_	_	_	_	_	_
330-6	BOR030	330	330	6	ricordo	ricordo	_	_	_	_	_	linguistic	_	none	_	_	_	_	_	_
330-7	BOR030	330	330	7	di	di	_	_	_	_	_	linguistic	_	none	_	_	_	_	_	_
330-8	BOR030	330	330	8	queste	queste	_	_	_	_	_	linguistic	_	none	_	_	_	_	_	_
330-9	BOR030	330	330	9	feste	feste	_	_	_	_	_	linguistic	_	none	_	_	_	_	_	_
330-10	BOR030	330	330	10	di	di	_	_	_	_	_	linguistic	_	none	_	_	_	_	_	_
330-11	BOR030	330	330	11	quando	quando	_	_	_	_	_	linguistic	_	none	_	_	_	_	_	_
330-12	BOR030	330	330	12	eri	eri	_	_	_	_	_	linguistic	_	none	_	_	_	_	_	_
330-13	BOR030	330	330	13	piccola	piccola	_	_	_	_	_	linguistic	_	none	_	_	_	_	_	_
330-14	BOR030	330	330	14	e	e	_	_	_	_	_	linguistic	_	none	_	_	_	_	_	_
330-15	BOR030	330	330	15	lo	lo	_	_	_	_	_	linguistic	_	none	_	_	_	_	_	_
330-16	BOR030	330	330	16	[festeggiavi]?	festeggiavi	_	_	_	_	_	linguistic	_	none	Intonation=Rising	End=905.884	_	_	_	0-11(70)
331-0	BOI090	331	331	0	[sì:	sì	_	_	_	_	_	linguistic	_	none	_	Begin=904.825	1x1	_	_	0-2(70)
331-1	BOI090	331	331	1	e:h]	eh	_	_	_	_	_	linguistic	_	none	_	_	0x1	_	_	0-2(70)
331-2	BOI090	331	331	2	io	io	_	_	_	_	_	linguistic	_	none	_	_	_	_	_	_
331-3	BOI090	331	331	3	ci	ci	_	_	_	_	_	linguistic	_	none	_	_	_	_	_	_
331-4	BOI090	331	331	4	andavo	andavo	_	_	_	_	_	linguistic	_	none	_	_	_	_	_	_
331-5	BOI090	331	331	5	sempre	sempre	_	_	_	_	_	linguistic	_	none	_	_	_	_	_	_
331-6	BOI090	331	331	6	con	con	_	_	_	_	_	linguistic	_	none	_	_	_	_	_	_
331-7	BOI090	331	331	7	le	le	_	_	_	_	_	linguistic	_	none	_	_	_	_	_	_
331-8	BOI090	331	331	8	mie	mie	_	_	_	_	_	linguistic	_	none	_	_	_	_	_	_
331-9	BOI090	331	331	9	amichette	amichette	_	_	_	_	_	linguistic	_	none	_	_	_	_	_	_
331-10	BOI090	331	331	10	qui	qui	_	_	_	_	_	linguistic	_	none	_	_	_	_	_	_
331-11	BOI090	331	331	11	nel	nel	_	_	_	_	_	linguistic	_	none	_	_	_	_	_	_
331-12	BOI090	331	331	12	nostro	nostro	_	_	_	_	_	linguistic	_	none	_	_	_	_	_	_
331-13	BOI090	331	331	13	comune	comune	_	_	_	_	_	linguistic	_	none	_	_	_	_	_	_
331-14	BOI090	331	331	14	proprio:	proprio	_	_	_	_	_	linguistic	_	none	_	_	6x1	_	_	_
331-15	BOI090	331	331	15	perché	perché	_	_	_	_	_	linguistic	_	none	_	End=909.798	_	_	_	_
332-0	BOI090	332	332	0	come	come	_	_	_	_	_	linguistic	_	none	_	Begin=909.885	_	_	_	_
332-1	BOI090	332	332	1	dicevo	dicevo	_	_	_	_	_	linguistic	_	none	_	End=910.657	_	_	_	_
333-0	BOI090	333	333	0	per	per	_	_	_	_	_	linguistic	_	none	_	Begin=910.822	_	_	_	_
333-1	BOI090	333	333	1	i	i	_	_	_	_	_	linguistic	_	none	_	_	_	_	_	_
333-2	BOI090	333	333	2	bambini,	bambini	_	_	_	_	_	linguistic	_	none	Intonation=WeaklyRising	_	_	_	_	_
333-3	BOI090	333	333	3	è	è	_	_	_	_	_	linguistic	_	none	_	_	_	_	_	_
333-4	BOI090	333	333	4	mo:lto	molto	_	_	_	_	_	linguistic	_	none	_	_	1x1	_	_	_
333-5	BOI090	333	333	5	bello:	bello	_	_	_	_	_	linguistic	_	none	_	_	4x1	_	_	_
333-6	BOI090	333	333	6	il	il	_	_	_	_	_	linguistic	_	none	_	_	_	_	_	_
333-7	BOI090	333	333	7	carnevale	carnevale	_	_	_	_	_	linguistic	_	none	_	_	_	_	_	_
333-8	BOI090	333	333	8	qui	qui	_	_	_	_	_	linguistic	_	none	_	_	_	_	_	_
333-9	BOI090	333	333	9	perché	perché	_	_	_	_	_	linguistic	_	none	_	_	_	_	_	_
333-10	BOI090	333	333	10	comunque:	comunque	_	_	_	_	_	linguistic	_	none	PauseAfter=Yes	_	7x1	_	_	_
333-11	BOI090	333	333	11	{P}	{P}	_	_	_	_	_	shortpause	_	none	_	_	_	_	_	_
333-12	BOI090	333	333	12	è	è	_	_	_	_	_	linguistic	_	none	_	_	_	_	_	_
333-13	BOI090	333	333	13	divertente	divertente	_	_	_	_	_	linguistic	_	none	_	_	_	_	_	_
333-14	BOI090	333	333	14	poi	poi	_	_	_	_	_	linguistic	_	none	_	_	_	_	_	_
333-15	BOI090	333	333	15	ci	ci	_	_	_	_	_	linguistic	_	none	_	_	_	_	_	_
333-16	BOI090	333	333	16	sono	sono	_	_	_	_	_	linguistic	_	none	_	_	_	_	_	_
333-17	BOI090	333	333	17	i	i	_	_	_	_	_	linguistic	_	none	_	_	_	_	_	_
333-18	BOI090	333	333	18	carri	carri	_	_	_	_	_	linguistic	_	none	PauseAfter=Yes	_	_	_	_	_
333-19	BOI090	333	333	19	{P}	{P}	_	_	_	_	_	shortpause	_	none	_	_	_	_	_	_
333-20	BOI090	333	333	20	a	a	_	_	_	_	_	linguistic	_	none	_	_	_	_	_	_
333-21	BOI090	333	333	21	te:ma,	tema	_	_	_	_	_	linguistic	_	none	Intonation=WeaklyRising	_	1x1	_	_	_
333-22	BOI090	333	333	22	piccoli:ni	piccolini	_	_	_	_	_	linguistic	_	none	_	End=918.177	6x1	_	_	_
334-0	BOI090	334	334	0	non	non	_	_	_	_	_	linguistic	_	none	_	Begin=918.551	_	_	_	_
334-1	BOI090	334	334	1	è	è	_	_	_	_	_	linguistic	_	none	_	_	_	_	_	_
334-2	BOI090	334	334	2	particolarmente	particolarmente	_	_	_	_	_	linguistic	_	none	_	_	_	_	_	_
334-3	BOI090	334	334	3	caotico	caotico	_	_	_	_	_	linguistic	_	none	_	End=920.992	_	_	_	_
335-0	BOI090	335	335	0	e	e	_	_	_	_	_	linguistic	_	none	_	Begin=921.098	_	_	_	_
335-1	BOI090	335	335	1	quindi	quindi	_	_	_	_	_	linguistic	_	none	_	_	_	_	_	_
335-2	BOI090	335	335	2	è	è	_	_	_	_	_	linguistic	_	none	_	_	_	_	_	_
335-3	BOI090	335	335	3	molto	molto	_	_	_	_	_	linguistic	_	none	_	_	_	_	_	_
335-4	BOI090	335	335	4	bello	bello	_	_	_	_	_	linguistic	_	none	_	_	_	_	_	_
335-5	BOI090	335	335	5	io	io	_	_	_	_	_	linguistic	_	none	_	_	_	_	_	_
335-6	BOI090	335	335	6	mi	mi	_	_	_	_	_	linguistic	_	none	_	_	_	_	_	_
335-7	BOI090	335	335	7	ricordo	ricordo	_	_	_	_	_	linguistic	_	none	_	_	_	_	_	_
335-8	BOI090	335	335	8	che	che	_	_	_	_	_	linguistic	_	none	_	_	_	_	_	_
335-9	BOI090	335	335	9	con	con	_	_	_	_	_	linguistic	_	none	_	_	_	_	_	_
335-10	BOI090	335	335	10	le	le	_	_	_	_	_	linguistic	_	none	_	_	_	_	_	_
335-11	BOI090	335	335	11	mie	mie	_	_	_	_	_	linguistic	_	none	_	_	_	_	_	_
335-12	BOI090	335	335	12	amiche	amiche	_	_	_	_	_	linguistic	_	none	_	_	_	_	_	_
335-13	BOI090	335	335	13	mi	mi	_	_	_	_	_	linguistic	_	none	_	_	_	_	_	_
335-14	BOI090	335	335	14	vestivo	vestivo	_	_	_	_	_	linguistic	_	none	_	_	_	_	_	_
335-15	BOI090	335	335	15	sempre	sempre	_	_	_	_	_	linguistic	_	none	_	_	_	_	_	_
335-16	BOI090	335	335	16	da	da	_	_	_	_	_	linguistic	_	none	_	End=924.404	_	_	_	_
336-0	BOI090	336	336	0	o	o	_	_	_	_	_	linguistic	_	none	_	Begin=924.719	_	_	_	_
336-1	BOI090	336	336	1	da	da	_	_	_	_	_	linguistic	_	none	_	_	_	_	_	_
336-2	BOI090	336	336	2	principesse	principesse	_	_	_	_	_	linguistic	_	none	_	_	_	_	_	_
336-3	BOI090	336	336	3	o	o	_	_	_	_	_	linguistic	_	none	_	_	_	_	_	_
336-4	BOI090	336	336	4	facevamo	facevamo	_	_	_	_	_	linguistic	_	none	_	_	_	_	_	_
336-5	BOI090	336	336	5	>tipo<	tipo	_	_	_	_	_	linguistic	_	none	_	_	_	Fast=0-4(0)	_	_
336-6	BOI090	336	336	6	i	i	_	_	_	_	_	linguistic	_	none	_	_	_	_	_	_
336-7	BOI090	336	336	7	gruppi	gruppi	_	_	_	_	_	linguistic	_	none	_	_	_	_	_	_
336-8	BOI090	336	336	8	di	di	_	_	_	_	_	linguistic	_	none	_	_	_	_	_	_
336-9	BOI090	336	336	9	cantanti	cantanti	_	_	_	_	_	linguistic	_	none	_	_	_	_	_	_
336-10	BOI090	336	336	10	{ride}	{ride}	_	_	_	_	_	nonverbalbehavior	_	none	_	_	_	_	_	_
336-11	BOI090	336	336	11	che	che	_	_	_	_	_	linguistic	_	none	_	_	_	_	_	_
336-12	BOI090	336	336	12	ci	ci	_	_	_	_	_	linguistic	_	none	_	_	_	_	_	_
336-13	BOI090	336	336	13	vestivamo	vestivamo	_	_	_	_	_	linguistic	_	none	_	_	_	_	_	_
336-14	BOI090	336	336	14	con	con	_	_	_	_	_	linguistic	_	none	_	_	_	_	_	_
336-15	BOI090	336	336	15	le	le	_	_	_	_	_	linguistic	_	none	_	_	_	_	_	_
336-16	BOI090	336	336	16	parrucche,	parrucche	_	_	_	_	_	linguistic	_	none	Intonation=WeaklyRising	_	_	_	_	_
336-17	BOI090	336	336	17	era	era	_	_	_	_	_	linguistic	_	none	_	_	_	_	_	_
336-18	BOI090	336	336	18	bellissimo	bellissimo	_	_	_	_	_	linguistic	_	none	_	End=931.707	_	_	_	_
337-0	BOI090	337	337	0	poi	poi	_	_	_	_	_	linguistic	_	none	_	Begin=932.007	_	_	_	_
337-1	BOI090	337	337	1	salire	salire	_	_	_	_	_	linguistic	_	none	_	_	_	_	_	_
337-2	BOI090	337	337	2	sui	sui	_	_	_	_	_	linguistic	_	none	_	_	_	_	_	_
337-3	BOI090	337	337	3	carri,	carri	_	_	_	_	_	linguistic	_	none	Intonation=WeaklyRising	_	_	_	_	_
337-4	BOI090	337	337	4	lanciavano	lanciavano	_	_	_	_	_	linguistic	_	none	_	_	_	_	_	_
337-5	BOI090	337	337	5	i	i	_	_	_	_	_	linguistic	_	none	_	_	_	_	_	_
337-6	BOI090	337	337	6	palloni	palloni	_	_	_	_	_	linguistic	_	none	_	_	_	_	_	_
337-7	BOI090	337	337	7	eran~	eran~	_	_	_	_	_	linguistic	_	none	Interrupted=Yes	_	_	_	_	_
337-8	BOI090	337	337	8	lanciavano	lanciavano	_	_	_	_	_	linguistic	_	none	_	_	_	_	_	_
337-9	BOI090	337	337	9	i	i	_	_	_	_	_	linguistic	_	none	_	_	_	_	_	_
337-10	BOI090	337	337	10	peluche	peluche	_	_	_	_	_	linguistic	_	none	_	_	_	_	_	_
337-11	BOI090	337	337	11	dai	dai	_	_	_	_	_	linguistic	_	none	_	_	_	_	_	_
337-12	BOI090	337	337	12	carri	carri	_	_	_	_	_	linguistic	_	none	_	_	_	_	_	_
337-13	BOI090	337	337	13	era	era	_	_	_	_	_	linguistic	_	none	_	_	_	_	_	_
337-14	BOI090	337	337	14	stupendo	stupendo	_	_	_	_	_	linguistic	_	none	_	End=937.007	_	_	_	_
338-0	BOR030	338	338	0	ne	ne	_	_	_	_	_	linguistic	_	none	_	Begin=937.007	_	_	_	_
338-1	BOR030	338	338	1	vincevi?	vincevi	_	_	_	_	_	linguistic	_	none	Intonation=Rising	End=937.785	_	_	_	_
339-0	BOI090	339	339	0	è	è	_	_	_	_	_	linguistic	_	none	_	Begin=938.632	_	_	_	_
339-1	BOI090	339	339	1	successo	successo	_	_	_	_	_	linguistic	_	none	PauseAfter=Yes	_	_	_	_	_
339-2	BOI090	339	339	2	{P}	{P}	_	_	_	_	_	shortpause	_	none	_	_	_	_	_	_
339-3	BOI090	339	339	3	è	è	_	_	_	_	_	linguistic	_	none	_	_	_	_	_	_
339-4	BOI090	339	339	4	successo,	successo	_	_	_	_	_	linguistic	_	none	Intonation=WeaklyRising	_	_	_	_	_
339-5	BOI090	339	339	5	forse	forse	_	_	_	_	_	linguistic	_	none	_	_	_	_	_	_
339-6	BOI090	339	339	6	ce	ce	_	_	_	_	_	linguistic	_	none	_	_	_	_	_	_
339-7	BOI090	339	339	7	li	li	_	_	_	_	_	linguistic	_	none	_	_	_	_	_	_
339-8	BOI090	339	339	8	ho	ho	_	_	_	_	_	linguistic	_	none	_	_	_	_	_	_
339-9	BOI090	339	339	9	ancora	ancora	_	_	_	_	_	linguistic	_	none	_	_	_	_	_	_
339-10	BOI090	339	339	10	in	in	_	_	_	_	_	linguistic	_	none	_	_	_	_	_	_
339-11	BOI090	339	339	11	casa,	casa	_	_	_	_	_	linguistic	_	none	Intonation=WeaklyRising	_	_	_	_	_
339-12	BOI090	339	339	12	devo	devo	_	_	_	_	_	linguistic	_	none	_	_	_	_	_	_
339-13	BOI090	339	339	13	andarli	andarli	_	_	_	_	_	linguistic	_	none	_	_	_	_	_	_
339-14	BOI090	339	339	14	a	a	_	_	_	_	_	linguistic	_	none	_	_	_	_	_	_
339-15	BOI090	339	339	15	cercare	cercare	_	_	_	_	_	linguistic	_	none	_	End=943.217	_	_	_	_
340-0	BOI090	340	340	0	mi	mi	_	_	_	_	_	linguistic	_	none	_	Begin=943.414	_	_	_	_
340-1	BOI090	340	340	1	ha	ha	_	_	_	_	_	linguistic	_	none	_	_	_	_	_	_
340-2	BOI090	340	340	2	fatto	fatto	_	_	_	_	_	linguistic	_	none	_	_	_	_	_	_
340-3	BOI090	340	340	3	venire	venire	_	_	_	_	_	linguistic	_	none	_	_	_	_	_	_
340-4	BOI090	340	340	4	in	in	_	_	_	_	_	linguistic	_	none	_	_	_	_	_	_
340-5	BOI090	340	340	5	mente	mente	_	_	_	_	_	linguistic	_	none	_	_	_	_	_	_
340-6	BOI090	340	340	6	una	una	_	_	_	_	_	linguistic	_	none	_	_	_	_	_	_
340-7	BOI090	340	340	7	cosa	cosa	_	_	_	_	_	linguistic	_	none	_	_	_	_	_	_
340-8	BOI090	340	340	8	{ride}	{ride}	_	_	_	_	_	nonverbalbehavior	_	none	_	End=945.287	_	_	_	_
341-0	BOR030	341	341	0	adesso	adesso	_	_	_	_	_	linguistic	_	none	_	Begin=945.287	_	_	_	_
341-1	BOR030	341	341	1	sono	sono	_	_	_	_	_	linguistic	_	none	_	_	_	_	_	_
341-2	BOR030	341	341	2	curiosa	curiosa	_	_	_	_	_	linguistic	_	none	_	_	_	_	_	_
341-3	BOR030	341	341	3	la	la	_	_	_	_	_	linguistic	_	none	_	_	_	_	_	_
341-4	BOR030	341	341	4	principessa	principessa	_	_	_	_	_	linguistic	_	none	_	_	_	_	_	_
341-5	BOR030	341	341	5	tu	tu	_	_	_	_	_	linguistic	_	none	_	_	_	_	_	_
341-6	BOR030	341	341	6	che	che	_	_	_	_	_	linguistic	_	none	_	_	_	_	_	_
341-7	BOR030	341	341	7	principessa	principessa	_	_	_	_	_	linguistic	_	none	_	_	_	_	_	_
341-8	BOR030	341	341	8	facevi	facevi	_	_	_	_	_	linguistic	_	none	_	_	_	_	_	_
341-9	BOR030	341	341	9	in	in	_	_	_	_	_	linguistic	_	none	_	_	_	_	_	_
341-10	BOR030	341	341	10	gene[re]?	genere	_	_	_	_	_	linguistic	_	none	Intonation=Rising	End=949.075	_	_	_	4-6(71)
342-0	BOI090	342	342	0	[allo:]ra	allora	_	_	_	_	_	linguistic	_	none	_	Begin=948.795|End=949.43	3x1	_	_	0-4(71)
343-0	BOI090	343	343	0	un	un	_	_	_	_	_	linguistic	_	none	_	Begin=949.648	_	_	_	_
343-1	BOI090	343	343	1	anno	anno	_	_	_	_	_	linguistic	_	none	_	_	_	_	_	_
343-2	BOI090	343	343	2	ho	ho	_	_	_	_	_	linguistic	_	none	_	_	_	_	_	_
343-3	BOI090	343	343	3	fatto	fatto	_	_	_	_	_	linguistic	_	none	_	_	_	_	_	_
343-4	BOI090	343	343	4	cenerentola	cenerentola	_	_	_	_	_	linguistic	_	none	_	End=951.369	_	_	_	_
344-0	BOI090	344	344	0	non	non	_	_	_	_	_	linguistic	_	none	_	Begin=952.054	_	_	_	_
344-1	BOI090	344	344	1	si	si	_	_	_	_	_	linguistic	_	none	_	_	_	_	_	_
344-2	BOI090	344	344	2	direbbe	direbbe	_	_	_	_	_	linguistic	_	none	_	_	_	_	_	_
344-3	BOI090	344	344	3	dai	dai	_	_	_	_	_	linguistic	_	none	_	_	_	_	_	_
344-4	BOI090	344	344	4	miei	miei	_	_	_	_	_	linguistic	_	none	_	_	_	_	_	_
344-5	BOI090	344	344	5	capelli	capelli	_	_	_	_	_	linguistic	_	none	_	_	_	_	_	_
344-6	BOI090	344	344	6	{ride}	{ride}	_	_	_	_	_	nonverbalbehavior	_	none	_	_	_	_	_	_
344-7	BOI090	344	344	7	però	però	_	_	_	_	_	linguistic	_	none	_	_	_	_	_	_
344-8	BOI090	344	344	8	ho	ho	_	_	_	_	_	linguistic	_	none	_	_	_	_	_	_
344-9	BOI090	344	344	9	fatto	fatto	_	_	_	_	_	linguistic	_	none	_	_	_	_	_	_
344-10	BOI090	344	344	10	cenerentola	cenerentola	_	_	_	_	_	linguistic	_	none	_	End=955.858	_	_	_	_
345-0	BOI090	345	345	0	ho	ho	_	_	_	_	_	linguistic	_	none	_	Begin=956.248	_	_	_	_
345-1	BOI090	345	345	1	fatto:	fatto	_	_	_	_	_	linguistic	_	none	_	_	4x1	_	_	_
345-2	BOI090	345	345	2	m:h	mh	_	_	_	_	_	linguistic	_	none	_	_	0x1	_	_	_
345-3	BOI090	345	345	3	belle	belle	_	_	_	_	_	linguistic	_	none	PauseAfter=Yes	_	_	_	_	_
345-4	BOI090	345	345	4	{P}	{P}	_	_	_	_	_	shortpause	_	none	_	_	_	_	_	_
345-5	BOI090	345	345	5	quella	quella	_	_	_	_	_	linguistic	_	none	_	_	_	_	_	_
345-6	BOI090	345	345	6	di	di	_	_	_	_	_	linguistic	_	none	_	_	_	_	_	_
345-7	BOI090	345	345	7	bella	bella	_	_	_	_	_	linguistic	_	none	_	_	_	_	_	_
345-8	BOI090	345	345	8	e	e	_	_	_	_	_	linguistic	_	none	_	_	_	_	_	_
345-9	BOI090	345	345	9	la	la	_	_	_	_	_	linguistic	_	none	_	_	_	_	_	_
345-10	BOI090	345	345	10	bestia:	bestia	_	_	_	_	_	linguistic	_	none	_	End=960.405	5x1	_	_	_
346-0	BOI090	346	346	0	po:i	poi	_	_	_	_	_	linguistic	_	none	_	Begin=961.456	1x1	_	_	_
346-1	BOI090	346	346	1	un	un	_	_	_	_	_	linguistic	_	none	_	_	_	_	_	_
346-2	BOI090	346	346	2	anno	anno	_	_	_	_	_	linguistic	_	none	_	_	_	_	_	_
346-3	BOI090	346	346	3	ho	ho	_	_	_	_	_	linguistic	_	none	_	_	_	_	_	_
346-4	BOI090	346	346	4	fatto	fatto	_	_	_	_	_	linguistic	_	none	_	_	_	_	_	_
346-5	BOI090	346	346	5	hanna	hanna	_	_	_	_	_	linguistic	_	none	_	_	_	_	_	_
346-6	BOI090	346	346	6	montana	montana	_	_	_	_	_	linguistic	_	none	_	End=963.976	_	_	_	_
347-0	BOI090	347	347	0	è	è	_	_	_	_	_	linguistic	_	none	_	Begin=964.227	_	_	_	_
347-1	BOI090	347	347	1	stato	stato	_	_	_	_	_	linguistic	_	none	_	_	_	_	_	_
347-2	BOI090	347	347	2	bellissimo	bellissimo	_	_	_	_	_	linguistic	_	none	_	_	_	_	_	_
347-3	BOI090	347	347	3	avevo	avevo	_	_	_	_	_	linguistic	_	none	_	_	_	_	_	_
347-4	BOI090	347	347	4	la	la	_	_	_	_	_	linguistic	_	none	_	_	_	_	_	_
347-5	BOI090	347	347	5	parrucca	parrucca	_	_	_	_	_	linguistic	_	none	_	End=966.301	_	_	_	_
348-0	BOI090	348	348	0	bionda	bionda	_	_	_	_	_	linguistic	_	none	_	Begin=966.544	_	_	_	_
348-1	BOI090	348	348	1	>ero<	ero	_	_	_	_	_	linguistic	_	none	_	_	_	Fast=0-3(0)	_	_
348-2	BOI090	348	348	2	no	no	_	_	_	_	_	linguistic	_	none	_	_	_	_	_	_
348-3	BOI090	348	348	3	vabbè	vabbè	_	_	_	_	_	linguistic	_	none	_	End=967.998	_	_	_	_
349-0	BOI090	349	349	0	mi	mi	_	_	_	_	_	linguistic	_	none	_	Begin=968.222	_	_	_	_
349-1	BOI090	349	349	1	hanno	hanno	_	_	_	_	_	linguistic	_	none	_	_	_	_	_	_
349-2	BOI090	349	349	2	confuso	confuso	_	_	_	_	_	linguistic	_	none	_	_	_	_	_	_
349-3	BOI090	349	349	3	tutti	tutti	_	_	_	_	_	linguistic	_	none	_	_	_	_	_	_
349-4	BOI090	349	349	4	per	per	_	_	_	_	_	linguistic	_	none	_	_	_	_	_	_
349-5	BOI090	349	349	5	altri	altri	_	_	_	_	_	linguistic	_	none	_	_	_	_	_	_
349-6	BOI090	349	349	6	>perché<,	perché	_	_	_	_	_	linguistic	_	none	Intonation=WeaklyRising	_	_	Fast=0-6(0)	_	_
349-7	BOI090	349	349	7	mh,	mh	_	_	_	_	_	linguistic	_	none	Intonation=WeaklyRising	_	_	_	_	_
349-8	BOI090	349	349	8	ad	ad	_	_	_	_	_	linguistic	_	none	_	_	_	_	_	_
349-9	BOI090	349	349	9	hanna	hanna	_	_	_	_	_	linguistic	_	none	_	_	_	_	_	_
349-10	BOI090	349	349	10	montana	montana	_	_	_	_	_	linguistic	_	none	_	_	_	_	_	_
349-11	BOI090	349	349	11	non	non	_	_	_	_	_	linguistic	_	none	_	_	_	_	_	_
349-12	BOI090	349	349	12	ci	ci	_	_	_	_	_	linguistic	_	none	_	_	_	_	_	_
349-13	BOI090	349	349	13	assomigliavo	assomigliavo	_	_	_	_	_	linguistic	_	none	_	_	_	_	_	_
349-14	BOI090	349	349	14	assolutamente	assolutamente	_	_	_	_	_	linguistic	_	none	_	_	_	_	_	_
349-15	BOI090	349	349	15	però	però	_	_	_	_	_	linguistic	_	none	_	_	_	_	_	_
349-16	BOI090	349	349	16	faceva	faceva	_	_	_	_	_	linguistic	_	none	_	_	_	_	_	_
349-17	BOI090	349	349	17	troppo	troppo	_	_	_	_	_	linguistic	_	none	_	_	_	_	_	_
349-18	BOI090	349	349	18	ridere	ridere	_	_	_	_	_	linguistic	_	none	_	End=973.998	_	_	_	_
350-0	BOR030	350	350	0	{ride}	{ride}	_	_	_	_	_	nonverbalbehavior	_	none	_	Begin=973.082|End=973.902	_	_	_	_
351-0	BOR030	351	351	0	d'	d'	_	_	_	_	_	linguistic	_	none	SpaceAfter=No	Begin=974.178	_	_	_	_
351-1	BOR030	351	351	1	a[ccordo]	accordo	_	_	_	_	_	linguistic	_	none	_	End=975.013	_	_	_	0-7(73)
352-0	BOI090	352	352	0	[°no:	no	_	_	_	_	_	linguistic	_	none	Volume=low	Begin=974.481	1x1	_	_	0-2(73)
352-1	BOI090	352	352	1	xx°]	xx	_	_	_	_	_	unknown	_	none	Volume=low|Syllables=2	End=975.244	_	_	_	0-2(73)
353-0	BOR030	353	353	0	e:	e	_	_	_	_	_	linguistic	_	none	_	Begin=975.905	0x1	_	_	_
353-1	BOR030	353	353	1	mentre	mentre	_	_	_	_	_	linguistic	_	none	_	_	_	_	_	_
353-2	BOR030	353	353	2	il	il	_	_	_	_	_	linguistic	_	none	_	_	_	_	_	_
353-3	BOR030	353	353	3	venticinque	venticinque	_	_	_	_	_	linguistic	_	none	_	_	_	_	_	_
353-4	BOR030	353	353	4	di	di	_	_	_	_	_	linguistic	_	none	_	_	_	_	_	_
353-5	BOR030	353	353	5	aprile:	aprile	_	_	_	_	_	linguistic	_	none	_	_	5x1	_	_	_
353-6	BOR030	353	353	6	hai:	hai	_	_	_	_	_	linguistic	_	none	_	_	2x1	_	_	_
353-7	BOR030	353	353	7	qualche:	qualche	_	_	_	_	_	linguistic	_	none	_	_	6x1	_	_	_
353-8	BOR030	353	353	8	commento	commento	_	_	_	_	_	linguistic	_	none	_	_	_	_	_	_
353-9	BOR030	353	353	9	in	in	_	_	_	_	_	linguistic	_	none	_	_	_	_	_	_
353-10	BOR030	353	353	10	merito?	merito	_	_	_	_	_	linguistic	_	none	Intonation=Rising	End=980.738	_	_	_	_
354-0	BOI090	354	354	0	allo:ra	allora	_	_	_	_	_	linguistic	_	none	_	Begin=981.433|End=982.148	3x1	_	_	_
355-0	BOI090	355	355	0	a	a	_	_	_	_	_	linguistic	_	none	_	Begin=982.482	_	_	_	_
355-1	BOI090	355	355	1	bologna:	bologna	_	_	_	_	_	linguistic	_	none	_	_	6x1	_	_	_
355-2	BOI090	355	355	2	è	è	_	_	_	_	_	linguistic	_	none	_	_	_	_	_	_
355-3	BOI090	355	355	3	<particolarmente>	particolarmente	_	_	_	_	_	linguistic	_	none	_	_	_	Slow=0-15(0)	_	_
355-4	BOI090	355	355	4	festeggiato	festeggiato	_	_	_	_	_	linguistic	_	none	_	_	_	_	_	_
355-5	BOI090	355	355	5	se	se	_	_	_	_	_	linguistic	_	none	_	_	_	_	_	_
355-6	BOI090	355	355	6	vogliam	vogliam	_	_	_	_	_	linguistic	_	none	_	_	_	_	_	_
355-7	BOI090	355	355	7	dire	dire	_	_	_	_	_	linguistic	_	none	_	End=987.199	_	_	_	_
356-0	BOI090	356	356	0	nel	nel	_	_	_	_	_	linguistic	_	none	_	Begin=987.254	_	_	_	_
356-1	BOI090	356	356	1	senso	senso	_	_	_	_	_	linguistic	_	none	_	_	_	_	_	_
356-2	BOI090	356	356	2	che:	che	_	_	_	_	_	linguistic	_	none	_	_	2x1	_	_	_
356-3	BOI090	356	356	3	m:h	mh	_	_	_	_	_	linguistic	_	none	_	_	0x1	_	_	_
356-4	BOI090	356	356	4	viene	viene	_	_	_	_	_	linguistic	_	none	_	_	_	_	_	_
356-5	BOI090	356	356	5	presa	presa	_	_	_	_	_	linguistic	_	none	_	_	_	_	_	_
356-6	BOI090	356	356	6	davvero	davvero	_	_	_	_	_	linguistic	_	none	_	_	_	_	_	_
356-7	BOI090	356	356	7	a	a	_	_	_	_	_	linguistic	_	none	_	_	_	_	_	_
356-8	BOI090	356	356	8	cuore	cuore	_	_	_	_	_	linguistic	_	none	_	_	_	_	_	_
356-9	BOI090	356	356	9	questo:	questo	_	_	_	_	_	linguistic	_	none	_	End=990.512	5x1	_	_	_
357-0	BOI090	357	357	0	fanno	fanno	_	_	_	_	_	linguistic	_	none	_	Begin=990.895	_	_	_	_
357-1	BOI090	357	357	1	tante	tante	_	_	_	_	_	linguistic	_	none	_	_	_	_	_	_
357-2	BOI090	357	357	2	manifestazioni	manifestazioni	_	_	_	_	_	linguistic	_	none	_	End=992.762	_	_	_	_
358-0	BOI090	358	358	0	mi	mi	_	_	_	_	_	linguistic	_	none	_	Begin=993.364	_	_	_	_
358-1	BOI090	358	358	1	viene	viene	_	_	_	_	_	linguistic	_	none	_	_	_	_	_	_
358-2	BOI090	358	358	2	sempre	sempre	_	_	_	_	_	linguistic	_	none	_	_	_	_	_	_
358-3	BOI090	358	358	3	in	in	_	_	_	_	_	linguistic	_	none	_	_	_	_	_	_
358-4	BOI090	358	358	4	mente	mente	_	_	_	_	_	linguistic	_	none	_	_	_	_	_	_
358-5	BOI090	358	358	5	san	san	_	_	_	_	_	linguistic	_	none	_	_	_	_	_	_
358-6	BOI090	358	358	6	giovanni	giovanni	_	_	_	_	_	linguistic	_	none	_	_	_	_	_	_
358-7	BOI090	358	358	7	in	in	_	_	_	_	_	linguistic	_	none	_	_	_	_	_	_
358-8	BOI090	358	358	8	persiceto	persiceto	_	_	_	_	_	linguistic	_	none	_	_	_	_	_	_
358-9	BOI090	358	358	9	perché	perché	_	_	_	_	_	linguistic	_	none	_	_	_	_	_	_
358-10	BOI090	358	358	10	lì:	lì	_	_	_	_	_	linguistic	_	none	_	End=996.303	1x1	_	_	_
359-0	BOI090	359	359	0	è	è	_	_	_	_	_	linguistic	_	none	_	Begin=996.401	_	_	_	_
359-1	BOI090	359	359	1	luogo:	luogo	_	_	_	_	_	linguistic	_	none	_	_	4x1	_	_	_
359-2	BOI090	359	359	2	di	di	_	_	_	_	_	linguistic	_	none	_	_	_	_	_	_
359-3	BOI090	359	359	3	TANti	tanti	_	_	_	_	_	linguistic	_	none	Volume=high	_	_	_	_	_
359-4	BOI090	359	359	4	partigia:ni	partigiani	_	_	_	_	_	linguistic	_	none	_	End=998.902	7x1	_	_	_
360-0	BOI090	360	360	0	e	e	_	_	_	_	_	linguistic	_	none	_	Begin=999.522	_	_	_	_
360-1	BOI090	360	360	1	quindi:	quindi	_	_	_	_	_	linguistic	_	none	_	End=1000.368	5x1	_	_	_
361-0	BOI090	361	361	0	se	se	_	_	_	_	_	linguistic	_	none	_	Begin=1000.671	_	_	_	_
361-1	BOI090	361	361	1	tu	tu	_	_	_	_	_	linguistic	_	none	_	End=1001.182	_	_	_	_
362-0	BOI090	362	362	0	giri:	giri	_	_	_	_	_	linguistic	_	none	_	Begin=1001.385	3x1	_	_	_
362-1	BOI090	362	362	1	in	in	_	_	_	_	_	linguistic	_	none	_	_	_	_	_	_
362-2	BOI090	362	362	2	quei	quei	_	_	_	_	_	linguistic	_	none	_	_	_	_	_	_
362-3	BOI090	362	362	3	periodi	periodi	_	_	_	_	_	linguistic	_	none	_	_	_	_	_	_
362-4	BOI090	362	362	4	lì	lì	_	_	_	_	_	linguistic	_	none	_	_	_	_	_	_
362-5	BOI090	362	362	5	vedi	vedi	_	_	_	_	_	linguistic	_	none	_	_	_	_	_	_
362-6	BOI090	362	362	6	sicramente	sicramente	_	_	_	_	_	linguistic	_	none	_	_	_	_	_	_
362-7	BOI090	362	362	7	gli	gli	_	_	_	_	_	linguistic	_	none	_	_	_	_	_	_
362-8	BOI090	362	362	8	striscioni:,	striscioni	_	_	_	_	_	linguistic	_	none	Intonation=WeaklyRising	End=1005.02	9x1	_	_	_
363-0	BOI090	363	363	0	con:	con	_	_	_	_	_	linguistic	_	none	_	Begin=1005.548	2x1	_	_	_
363-1	BOI090	363	363	1	con	con	_	_	_	_	_	linguistic	_	none	_	_	_	_	_	_
363-2	BOI090	363	363	2	la	la	_	_	_	_	_	linguistic	_	none	_	_	_	_	_	_
363-3	BOI090	363	363	3	bandiera	bandiera	_	_	_	_	_	linguistic	_	none	_	_	_	_	_	_
363-4	BOI090	363	363	4	italia:na	italiana	_	_	_	_	_	linguistic	_	none	_	End=1007.863	5x1	_	_	_
364-0	BOI090	364	364	0	è	è	_	_	_	_	_	linguistic	_	none	_	Begin=1008.816|End=1009.032	_	_	_	_
365-0	BOI090	365	365	0	davvero	davvero	_	_	_	_	_	linguistic	_	none	_	Begin=1009.588	_	_	_	_
365-1	BOI090	365	365	1	presa	presa	_	_	_	_	_	linguistic	_	none	_	_	_	_	_	_
365-2	BOI090	365	365	2	a	a	_	_	_	_	_	linguistic	_	none	_	_	_	_	_	_
365-3	BOI090	365	365	3	cuore.	cuore	_	_	_	_	_	linguistic	_	none	Intonation=Falling	_	_	_	_	_
365-4	BOI090	365	365	4	da	da	_	_	_	_	_	linguistic	_	none	_	_	_	_	_	_
365-5	BOI090	365	365	5	bologna,	bologna	_	_	_	_	_	linguistic	_	none	Intonation=WeaklyRising	_	_	_	_	_
365-6	BOI090	365	365	6	questa	questa	_	_	_	_	_	linguistic	_	none	_	_	_	_	_	_
365-7	BOI090	365	365	7	f~	f~	_	_	_	_	_	linguistic	_	none	Interrupted=Yes	_	_	_	_	_
365-8	BOI090	365	365	8	festività	festività	_	_	_	_	_	linguistic	_	none	_	_	_	_	_	_
365-9	BOI090	365	365	9	se	se	_	_	_	_	_	linguistic	_	none	_	_	_	_	_	_
365-10	BOI090	365	365	10	vogliam	vogliam	_	_	_	_	_	linguistic	_	none	_	_	_	_	_	_
365-11	BOI090	365	365	11	chiamarla	chiamarla	_	_	_	_	_	linguistic	_	none	_	_	_	_	_	_
365-12	BOI090	365	365	12	festività	festività	_	_	_	_	_	linguistic	_	none	_	End=1014.617	_	_	_	_
366-0	BOI090	366	366	0	però:	però	_	_	_	_	_	linguistic	_	none	_	Begin=1014.867	3x1	_	_	_
366-1	BOI090	366	366	1	sì	sì	_	_	_	_	_	linguistic	_	none	_	End=1016.311	_	_	_	_
367-0	BOI090	367	367	0	>cioè<	cioè	_	_	_	_	_	linguistic	_	none	_	Begin=1016.614	_	Fast=0-4(0)	_	_
367-1	BOI090	367	367	1	m:h	mh	_	_	_	_	_	linguistic	_	none	_	End=1017.549	0x1	_	_	_
368-0	BOI090	368	368	0	è	è	_	_	_	_	_	linguistic	_	none	_	Begin=1017.9	_	_	_	_
368-1	BOI090	368	368	1	molto	molto	_	_	_	_	_	linguistic	_	none	_	_	_	_	_	_
368-2	BOI090	368	368	2	presa	presa	_	_	_	_	_	linguistic	_	none	_	_	_	_	_	_
368-3	BOI090	368	368	3	a	a	_	_	_	_	_	linguistic	_	none	_	_	_	_	_	_
368-4	BOI090	368	368	4	cuore	cuore	_	_	_	_	_	linguistic	_	none	_	End=1018.932	_	_	_	_
369-0	BOI090	369	369	0	[°sì°]	sì	_	_	_	_	_	linguistic	_	none	Volume=low	Begin=1019.123|End=1019.534	_	_	_	0-2(76)
370-0	BOR030	370	370	0	[mh]	mh	_	_	_	_	_	linguistic	_	none	_	Begin=1019.123|End=1019.534	_	_	_	0-2(76)
371-0	BOR030	371	371	0	tu	tu	_	_	_	_	_	linguistic	_	none	_	Begin=1019.785	_	_	_	_
371-1	BOR030	371	371	1	per	per	_	_	_	_	_	linguistic	_	none	_	_	_	_	_	_
371-2	BOR030	371	371	2	caso	caso	_	_	_	_	_	linguistic	_	none	_	_	_	_	_	_
371-3	BOR030	371	371	3	sei	sei	_	_	_	_	_	linguistic	_	none	_	_	_	_	_	_
371-4	BOR030	371	371	4	mai	mai	_	_	_	_	_	linguistic	_	none	_	_	_	_	_	_
371-5	BOR030	371	371	5	andata	andata	_	_	_	_	_	linguistic	_	none	_	_	_	_	_	_
371-6	BOR030	371	371	6	al	al	_	_	_	_	_	linguistic	_	none	_	_	_	_	_	_
371-7	BOR030	371	371	7	pratello	pratello	_	_	_	_	_	linguistic	_	none	_	_	_	_	_	_
371-8	BOR030	371	371	8	il	il	_	_	_	_	_	linguistic	_	none	_	_	_	_	_	_
371-9	BOR030	371	371	9	venticinque?	venticinque	_	_	_	_	_	linguistic	_	none	Intonation=Rising	End=1022.814	_	_	_	_
372-0	BOI090	372	372	0	no	no	_	_	_	_	_	linguistic	_	none	_	Begin=1022.966|End=1023.44	_	_	_	_
373-0	BOI090	373	373	0	no	no	_	_	_	_	_	linguistic	_	none	_	Begin=1023.746|End=1024.089	_	_	_	_
374-0	BOI090	374	374	0	mai	mai	_	_	_	_	_	linguistic	_	none	PauseAfter=Yes	Begin=1024.184	_	_	_	_
374-1	BOI090	374	374	1	{P}	{P}	_	_	_	_	_	shortpause	_	none	_	_	_	_	_	_
374-2	BOI090	374	374	2	so	so	_	_	_	_	_	linguistic	_	none	_	_	_	_	_	_
374-3	BOI090	374	374	3	che	che	_	_	_	_	_	linguistic	_	none	_	_	_	_	_	_
374-4	BOI090	374	374	4	fanno	fanno	_	_	_	_	_	linguistic	_	none	_	End=1025.819	_	_	_	_
375-0	BOI090	375	375	0	so	so	_	_	_	_	_	linguistic	_	none	_	Begin=1026.136	_	_	_	_
375-1	BOI090	375	375	1	che:	che	_	_	_	_	_	linguistic	_	none	_	_	2x1	_	_	_
375-2	BOI090	375	375	2	m:h	mh	_	_	_	_	_	linguistic	_	none	_	_	0x1	_	_	_
375-3	BOI090	375	375	3	>ci(o)è<	cioè	_	_	_	_	_	linguistic	_	none	_	End=1027.625	_	Fast=0-4(0)	2-3(0)	_
376-0	BOI090	376	376	0	viene	viene	_	_	_	_	_	linguistic	_	none	_	Begin=1028.575	_	_	_	_
376-1	BOI090	376	376	1	manifestato	manifestato	_	_	_	_	_	linguistic	_	none	_	_	_	_	_	_
376-2	BOI090	376	376	2	tanto	tanto	_	_	_	_	_	linguistic	_	none	_	End=1030.393	_	_	_	_
377-0	BOI090	377	377	0	per	per	_	_	_	_	_	linguistic	_	none	_	Begin=1030.692	_	_	_	_
377-1	BOI090	377	377	1	non	non	_	_	_	_	_	linguistic	_	none	_	_	_	_	_	_
377-2	BOI090	377	377	2	ci	ci	_	_	_	_	_	linguistic	_	none	_	_	_	_	_	_
377-3	BOI090	377	377	3	son	son	_	_	_	_	_	linguistic	_	none	_	_	_	_	_	_
377-4	BOI090	377	377	4	mai	mai	_	_	_	_	_	linguistic	_	none	_	_	_	_	_	_
377-5	BOI090	377	377	5	andata	andata	_	_	_	_	_	linguistic	_	none	_	End=1031.973	_	_	_	_
378-0	BOR030	378	378	0	[°va	va	_	_	_	_	_	linguistic	_	none	Volume=low	Begin=1032.198	_	_	_	0-2(77)
378-1	BOR030	378	378	1	(bene)°]	bene	_	_	_	_	_	linguistic	_	none	Volume=low	End=1033.034	_	_	0-4(0)	0-4(77)
379-0	BOI090	379	379	0	[io	io	_	_	_	_	_	linguistic	_	none	_	Begin=1032.223	_	_	_	0-2(77)
379-1	BOI090	379	379	1	poi	poi	_	_	_	_	_	linguistic	_	none	_	_	_	_	_	0-3(77)
379-2	BOI090	379	379	2	non	non	_	_	_	_	_	linguistic	_	none	_	_	_	_	_	0-3(77)
379-3	BOI090	379	379	3	sono	sono	_	_	_	_	_	linguistic	_	none	_	_	_	_	_	0-4(77)
379-4	BOI090	379	379	4	una]	una	_	_	_	_	_	linguistic	_	none	_	_	_	_	_	0-3(77)
379-5	BOI090	379	379	5	persona	persona	_	_	_	_	_	linguistic	_	none	_	_	_	_	_	_
379-6	BOI090	379	379	6	che	che	_	_	_	_	_	linguistic	_	none	_	_	_	_	_	_
379-7	BOI090	379	379	7	prende	prende	_	_	_	_	_	linguistic	_	none	_	_	_	_	_	_
379-8	BOI090	379	379	8	tanto	tanto	_	_	_	_	_	linguistic	_	none	_	_	_	_	_	_
379-9	BOI090	379	379	9	luogo	luogo	_	_	_	_	_	linguistic	_	none	_	_	_	_	_	_
379-10	BOI090	379	379	10	a	a	_	_	_	_	_	linguistic	_	none	_	_	_	_	_	_
379-11	BOI090	379	379	11	queste	queste	_	_	_	_	_	linguistic	_	none	_	_	_	_	_	_
379-12	BOI090	379	379	12	manifestazioni:	manifestazioni	_	_	_	_	_	linguistic	_	none	_	End=1036.188	13x1	_	_	_
380-0	BOI090	380	380	0	evito:	evito	_	_	_	_	_	linguistic	_	none	PauseAfter=Yes	Begin=1036.367	4x1	_	_	_
380-1	BOI090	380	380	1	{P}	{P}	_	_	_	_	_	shortpause	_	none	_	_	_	_	_	_
380-2	BOI090	380	380	2	se	se	_	_	_	_	_	linguistic	_	none	_	_	_	_	_	_
380-3	BOI090	380	380	3	posso	posso	_	_	_	_	_	linguistic	_	none	_	End=1037.692	_	_	_	_
381-0	BOI090	381	381	0	però	però	_	_	_	_	_	linguistic	_	none	_	Begin=1038.355	_	_	_	_
381-1	BOI090	381	381	1	so	so	_	_	_	_	_	linguistic	_	none	_	_	_	_	_	_
381-2	BOI090	381	381	2	che:	che	_	_	_	_	_	linguistic	_	none	_	_	2x1	_	_	_
381-3	BOI090	381	381	3	m:h	mh	_	_	_	_	_	linguistic	_	none	_	End=1039.679	0x1	_	_	_
382-0	BOI090	382	382	0	che	che	_	_	_	_	_	linguistic	_	none	_	Begin=1040.021	_	_	_	_
382-1	BOI090	382	382	1	fanno:	fanno	_	_	_	_	_	linguistic	_	none	_	End=1040.912	4x1	_	_	_
383-0	BOI090	383	383	0	se	se	_	_	_	_	_	linguistic	_	none	_	Begin=1041.113	_	_	_	_
383-1	BOI090	383	383	1	non	non	_	_	_	_	_	linguistic	_	none	_	_	_	_	_	_
383-2	BOI090	383	383	2	mi	mi	_	_	_	_	_	linguistic	_	none	_	_	_	_	_	_
383-3	BOI090	383	383	3	sbaglio	sbaglio	_	_	_	_	_	linguistic	_	none	_	_	_	_	_	_
383-4	BOI090	383	383	4	fanno	fanno	_	_	_	_	_	linguistic	_	none	_	_	_	_	_	_
383-5	BOI090	383	383	5	anche	anche	_	_	_	_	_	linguistic	_	none	_	_	_	_	_	_
383-6	BOI090	383	383	6	tipo	tipo	_	_	_	_	_	linguistic	_	none	_	_	_	_	_	_
383-7	BOI090	383	383	7	una	una	_	_	_	_	_	linguistic	_	none	_	_	_	_	_	_
383-8	BOI090	383	383	8	parata	parata	_	_	_	_	_	linguistic	_	none	_	End=1043.214	_	_	_	_
384-0	BOI090	384	384	0	e:	e	_	_	_	_	_	linguistic	_	none	_	Begin=1043.663	0x1	_	_	_
384-1	BOI090	384	384	1	al	al	_	_	_	_	_	linguistic	_	none	_	_	_	_	_	_
384-2	BOI090	384	384	2	pratello	pratello	_	_	_	_	_	linguistic	_	none	_	_	_	_	_	_
384-3	BOI090	384	384	3	il	il	_	_	_	_	_	linguistic	_	none	_	_	_	_	_	_
384-4	BOI090	384	384	4	venticinque	venticinque	_	_	_	_	_	linguistic	_	none	_	End=1045.364	_	_	_	_
385-0	BOI090	385	385	0	ho	ho	_	_	_	_	_	linguistic	_	none	_	Begin=1045.701	_	_	_	_
385-1	BOI090	385	385	1	visto	visto	_	_	_	_	_	linguistic	_	none	_	_	_	_	_	_
385-2	BOI090	385	385	2	delle	delle	_	_	_	_	_	linguistic	_	none	_	_	_	_	_	_
385-3	BOI090	385	385	3	storie	storie	_	_	_	_	_	linguistic	_	none	_	End=1047.012	_	_	_	_
386-0	BOI090	386	386	0	un	un	_	_	_	_	_	linguistic	_	none	_	Begin=1047.317	_	_	_	_
386-1	BOI090	386	386	1	po'	po'	_	_	_	_	_	linguistic	_	none	_	_	_	_	_	_
386-2	BOI090	386	386	2	di	di	_	_	_	_	_	linguistic	_	none	_	_	_	_	_	_
386-3	BOI090	386	386	3	anni	anni	_	_	_	_	_	linguistic	_	none	_	_	_	_	_	_
386-4	BOI090	386	386	4	fa	fa	_	_	_	_	_	linguistic	_	none	_	End=1048.069	_	_	_	_
387-0	BOI090	387	387	0	>sì	sì	_	_	_	_	_	linguistic	_	none	_	Begin=1048.511	_	Fast=0-2(0)	_	_
387-1	BOI090	387	387	1	sì	sì	_	_	_	_	_	linguistic	_	none	_	_	_	Fast=0-2(0)	_	_
387-2	BOI090	387	387	2	sì<	sì	_	_	_	_	_	linguistic	_	none	_	End=1049.253	_	Fast=0-2(0)	_	_
388-0	BOI090	388	388	0	però	però	_	_	_	_	_	linguistic	_	none	_	Begin=1049.572	_	_	_	_
388-1	BOI090	388	388	1	no,	no	_	_	_	_	_	linguistic	_	none	Intonation=WeaklyRising	_	_	_	_	_
388-2	BOI090	388	388	2	non	non	_	_	_	_	_	linguistic	_	none	_	_	_	_	_	_
388-3	BOI090	388	388	3	ci	ci	_	_	_	_	_	linguistic	_	none	_	_	_	_	_	_
388-4	BOI090	388	388	4	son	son	_	_	_	_	_	linguistic	_	none	_	_	_	_	_	_
388-5	BOI090	388	388	5	mai	mai	_	_	_	_	_	linguistic	_	none	_	_	_	_	_	_
388-6	BOI090	388	388	6	stata	stata	_	_	_	_	_	linguistic	_	none	_	End=1050.91	_	_	_	_
389-0	BOR030	389	389	0	d'	d'	_	_	_	_	_	linguistic	_	none	SpaceAfter=No	Begin=1051.286	_	_	_	_
389-1	BOR030	389	389	1	accordo	accordo	_	_	_	_	_	linguistic	_	none	_	End=1051.931	_	_	_	_
390-0	BOR030	390	390	0	e:	e	_	_	_	_	_	linguistic	_	none	_	Begin=1052.664	0x1	_	_	_
390-1	BOR030	390	390	1	spostiamoci	spostiamoci	_	_	_	_	_	linguistic	_	none	_	_	_	_	_	_
390-2	BOR030	390	390	2	in	in	_	_	_	_	_	linguistic	_	none	_	_	_	_	_	_
390-3	BOR030	390	390	3	estate	estate	_	_	_	_	_	linguistic	_	none	_	End=1054.513	_	_	_	_
391-0	BOI090	391	391	0	okay	okay	_	_	_	_	_	linguistic	_	none	_	Begin=1054.846|End=1055.566	_	_	_	_
392-0	BOI090	392	392	0	[x]	x	_	_	_	_	_	unknown	_	none	Syllables=1	Begin=1055.659|End=1056.123	_	_	_	0-1(78)
393-0	BOR030	393	393	0	[ferrago]:sto	ferragosto	_	_	_	_	_	linguistic	_	none	_	Begin=1055.687|End=1056.698	6x1	_	_	0-7(78)
394-0	BOI090	394	394	0	ferragosto	ferragosto	_	_	_	_	_	linguistic	_	none	_	Begin=1056.703|End=1057.497	_	_	_	_
395-0	BOR030	395	395	0	ferragosto	ferragosto	_	_	_	_	_	linguistic	_	none	_	Begin=1057.497|End=1058.167	_	_	_	_
396-0	BOR030	396	396	0	chiaramente	chiaramente	_	_	_	_	_	linguistic	_	none	_	Begin=1059.404	_	_	_	_
396-1	BOR030	396	396	1	bologna:	bologna	_	_	_	_	_	linguistic	_	none	_	End=1060.973	6x1	_	_	_
397-0	BOR030	397	397	0	ad	ad	_	_	_	_	_	linguistic	_	none	_	Begin=1061.53	_	_	_	_
397-1	BOR030	397	397	1	agosto,	agosto	_	_	_	_	_	linguistic	_	none	Intonation=WeaklyRising	_	_	_	_	_
397-2	BOR030	397	397	2	si	si	_	_	_	_	_	linguistic	_	none	_	_	_	_	_	_
397-3	BOR030	397	397	3	svuo[ta]	svuota	_	_	_	_	_	linguistic	_	none	_	End=1063.105	_	_	_	4-6(79)
398-0	BOI090	398	398	0	[sì]	sì	_	_	_	_	_	linguistic	_	none	_	Begin=1062.785|End=1063.119	_	_	_	0-2(79)
399-0	BOR030	399	399	0	totalmente	totalmente	_	_	_	_	_	linguistic	_	none	_	Begin=1063.18|End=1064.057	_	_	_	_
400-0	BOI090	400	400	0	sì	sì	_	_	_	_	_	linguistic	_	none	_	Begin=1064.076|End=1064.335	_	_	_	_
401-0	BOR030	401	401	0	tu	tu	_	_	_	_	_	linguistic	_	none	_	Begin=1064.616	_	_	_	_
401-1	BOR030	401	401	1	ad	ad	_	_	_	_	_	linguistic	_	none	_	_	_	_	_	_
401-2	BOR030	401	401	2	esempio	esempio	_	_	_	_	_	linguistic	_	none	_	_	_	_	_	_
401-3	BOR030	401	401	3	cosa	cosa	_	_	_	_	_	linguistic	_	none	_	_	_	_	_	_
401-4	BOR030	401	401	4	preferisci	preferisci	_	_	_	_	_	linguistic	_	none	_	_	_	_	_	_
401-5	BOR030	401	401	5	fare?	fare	_	_	_	_	_	linguistic	_	none	Intonation=Rising	End=1066.607	_	_	_	_
402-0	BOR030	402	402	0	d'	d'	_	_	_	_	_	linguistic	_	none	SpaceAfter=No	Begin=1066.669	_	_	_	_
402-1	BOR030	402	402	1	estate?	estate	_	_	_	_	_	linguistic	_	none	Intonation=Rising	_	_	_	_	_
402-2	BOR030	402	402	2	o	o	_	_	_	_	_	linguistic	_	none	_	_	_	_	_	_
402-3	BOR030	402	402	3	comunque	comunque	_	_	_	_	_	linguistic	_	none	_	_	_	_	_	_
402-4	BOR030	402	402	4	in	in	_	_	_	_	_	linguistic	_	none	_	_	_	_	_	_
402-5	BOR030	402	402	5	questa	questa	_	_	_	_	_	linguistic	_	none	_	_	_	_	_	_
402-6	BOR030	402	402	6	festività?	festività	_	_	_	_	_	linguistic	_	none	Intonation=Rising	End=1068.998	_	_	_	_
403-0	BOI090	403	403	0	allora	allora	_	_	_	_	_	linguistic	_	none	_	Begin=1069.108	_	_	_	_
403-1	BOI090	403	403	1	io	io	_	_	_	_	_	linguistic	_	none	_	_	_	_	_	_
403-2	BOI090	403	403	2	a	a	_	_	_	_	_	linguistic	_	none	_	_	_	_	_	_
403-3	BOI090	403	403	3	ferragosto	ferragosto	_	_	_	_	_	linguistic	_	none	_	_	_	_	_	_
403-4	BOI090	403	403	4	ho	ho	_	_	_	_	_	linguistic	_	none	_	_	_	_	_	_
403-5	BOI090	403	403	5	la	la	_	_	_	_	_	linguistic	_	none	_	_	_	_	_	_
403-6	BOI090	403	403	6	MIA	mia	_	_	_	_	_	linguistic	_	none	Volume=high	_	_	_	_	_
403-7	BOI090	403	403	7	tradizione	tradizione	_	_	_	_	_	linguistic	_	none	_	_	_	_	_	_
403-8	BOI090	403	403	8	nel	nel	_	_	_	_	_	linguistic	_	none	_	_	_	_	_	_
403-9	BOI090	403	403	9	senso	senso	_	_	_	_	_	linguistic	_	none	_	_	_	_	_	_
403-10	BOI090	403	403	10	che	che	_	_	_	_	_	linguistic	_	none	_	_	_	_	_	_
403-11	BOI090	403	403	11	tutti	tutti	_	_	_	_	_	linguistic	_	none	_	_	_	_	_	_
403-12	BOI090	403	403	12	i	i	_	_	_	_	_	linguistic	_	none	_	_	_	_	_	_
403-13	BOI090	403	403	13	bolognesi	bolognesi	_	_	_	_	_	linguistic	_	none	_	End=1074.213	_	_	_	_
404-0	BOI090	404	404	0	che	che	_	_	_	_	_	linguistic	_	none	_	Begin=1074.412	_	_	_	_
404-1	BOI090	404	404	1	abitano	abitano	_	_	_	_	_	linguistic	_	none	_	_	_	_	_	_
404-2	BOI090	404	404	2	a	a	_	_	_	_	_	linguistic	_	none	_	_	_	_	_	_
404-3	BOI090	404	404	3	bologna	bologna	_	_	_	_	_	linguistic	_	none	_	_	_	_	_	_
404-4	BOI090	404	404	4	d'	d'	_	_	_	_	_	linguistic	_	none	SpaceAfter=No	_	_	_	_	_
404-5	BOI090	404	404	5	inverno	inverno	_	_	_	_	_	linguistic	_	none	_	_	_	_	_	_
404-6	BOI090	404	404	6	d'	d'	_	_	_	_	_	linguistic	_	none	SpaceAfter=No	_	_	_	_	_
404-7	BOI090	404	404	7	estate	estate	_	_	_	_	_	linguistic	_	none	_	_	_	_	_	_
404-8	BOI090	404	404	8	li	li	_	_	_	_	_	linguistic	_	none	_	_	_	_	_	_
404-9	BOI090	404	404	9	trovi	trovi	_	_	_	_	_	linguistic	_	none	_	_	_	_	_	_
404-10	BOI090	404	404	10	tutti	tutti	_	_	_	_	_	linguistic	_	none	_	_	_	_	_	_
404-11	BOI090	404	404	11	a	a	_	_	_	_	_	linguistic	_	none	_	_	_	_	_	_
404-12	BOI090	404	404	12	lido	lido	_	_	_	_	_	linguistic	_	none	_	_	_	_	_	_
404-13	BOI090	404	404	13	di	di	_	_	_	_	_	linguistic	_	none	_	_	_	_	_	_
404-14	BOI090	404	404	14	spina	spina	_	_	_	_	_	linguistic	_	none	_	End=1077.869	_	_	_	_
405-0	BOI090	405	405	0	sotto	sotto	_	_	_	_	_	linguistic	_	none	_	Begin=1078.198	_	_	_	_
405-1	BOI090	405	405	1	ferrara	ferrara	_	_	_	_	_	linguistic	_	none	_	End=1079.028	_	_	_	_
406-0	BOI090	406	406	0	c(io)è	cioè	_	_	_	_	_	linguistic	_	none	_	Begin=1079.234	_	_	1-3(0)	_
406-1	BOI090	406	406	1	i	i	_	_	_	_	_	linguistic	_	none	_	_	_	_	_	_
406-2	BOI090	406	406	2	lidi	lidi	_	_	_	_	_	linguistic	_	none	_	_	_	_	_	_
406-3	BOI090	406	406	3	ferraresi	ferraresi	_	_	_	_	_	linguistic	_	none	_	_	_	_	_	_
406-4	BOI090	406	406	4	sono:	sono	_	_	_	_	_	linguistic	_	none	_	End=1081.001	3x1	_	_	_
407-0	BOI090	407	407	0	la:	la	_	_	_	_	_	linguistic	_	none	_	Begin=1081.161	1x1	_	_	_
407-1	BOI090	407	407	1	locazione	locazione	_	_	_	_	_	linguistic	_	none	_	_	_	_	_	_
407-2	BOI090	407	407	2	dei	dei	_	_	_	_	_	linguistic	_	none	_	_	_	_	_	_
407-3	BOI090	407	407	3	bolognesi:,	bolognesi	_	_	_	_	_	linguistic	_	none	Intonation=WeaklyRising	_	8x1	_	_	_
407-4	BOI090	407	407	4	d'	d'	_	_	_	_	_	linguistic	_	none	SpaceAfter=No	_	_	_	_	_
407-5	BOI090	407	407	5	estate	estate	_	_	_	_	_	linguistic	_	none	_	End=1084.042	_	_	_	_
408-0	BOI090	408	408	0	mh	mh	_	_	_	_	_	linguistic	_	none	_	Begin=1084.509|End=1084.851	_	_	_	_
409-0	BOI090	409	409	0	ma,	ma	_	_	_	_	_	linguistic	_	none	Intonation=WeaklyRising	Begin=1085.289	_	_	_	_
409-1	BOI090	409	409	1	sicuro.	sicuro	_	_	_	_	_	linguistic	_	none	Intonation=Falling	_	_	_	_	_
409-2	BOI090	409	409	2	c(io)è	cioè	_	_	_	_	_	linguistic	_	none	_	_	_	_	1-3(0)	_
409-3	BOI090	409	409	3	è	è	_	_	_	_	_	linguistic	_	none	_	_	_	_	_	_
409-4	BOI090	409	409	4	m:h	mh	_	_	_	_	_	linguistic	_	none	_	End=1087.655	0x1	_	_	_
410-0	BOI090	410	410	0	è	è	_	_	_	_	_	linguistic	_	none	_	Begin=1088.924	_	_	_	_
410-1	BOI090	410	410	1	sicura	sicura	_	_	_	_	_	linguistic	_	none	_	_	_	_	_	_
410-2	BOI090	410	410	2	questa	questa	_	_	_	_	_	linguistic	_	none	_	_	_	_	_	_
410-3	BOI090	410	410	3	cosa	cosa	_	_	_	_	_	linguistic	_	none	_	End=1090.119	_	_	_	_
411-0	BOI090	411	411	0	io:	io	_	_	_	_	_	linguistic	_	none	_	Begin=1091.27|End=1091.951	1x1	_	_	_
412-0	BOI090	412	412	0	che	che	_	_	_	_	_	linguistic	_	none	_	Begin=1091.989	_	_	_	_
412-1	BOI090	412	412	1	ho	ho	_	_	_	_	_	linguistic	_	none	_	_	_	_	_	_
412-2	BOI090	412	412	2	la	la	_	_	_	_	_	linguistic	_	none	_	_	_	_	_	_
412-3	BOI090	412	412	3	casa	casa	_	_	_	_	_	linguistic	_	none	_	_	_	_	_	_
412-4	BOI090	412	412	4	a	a	_	_	_	_	_	linguistic	_	none	_	_	_	_	_	_
412-5	BOI090	412	412	5	lido	lido	_	_	_	_	_	linguistic	_	none	_	_	_	_	_	_
412-6	BOI090	412	412	6	di	di	_	_	_	_	_	linguistic	_	none	_	_	_	_	_	_
412-7	BOI090	412	412	7	spina	spina	_	_	_	_	_	linguistic	_	none	_	_	_	_	_	_
412-8	BOI090	412	412	8	come	come	_	_	_	_	_	linguistic	_	none	_	_	_	_	_	_
412-9	BOI090	412	412	9	tutti	tutti	_	_	_	_	_	linguistic	_	none	_	_	_	_	_	_
412-10	BOI090	412	412	10	i	i	_	_	_	_	_	linguistic	_	none	_	_	_	_	_	_
412-11	BOI090	412	412	11	bolognesi,	bolognesi	_	_	_	_	_	linguistic	_	none	Intonation=WeaklyRising	_	_	_	_	_
412-12	BOI090	412	412	12	il	il	_	_	_	_	_	linguistic	_	none	_	_	_	_	_	_
412-13	BOI090	412	412	13	ferragosto	ferragosto	_	_	_	_	_	linguistic	_	none	_	_	_	_	_	_
412-14	BOI090	412	412	14	lo	lo	_	_	_	_	_	linguistic	_	none	_	_	_	_	_	_
412-15	BOI090	412	412	15	passo	passo	_	_	_	_	_	linguistic	_	none	_	_	_	_	_	_
412-16	BOI090	412	412	16	lì	lì	_	_	_	_	_	linguistic	_	none	_	End=1096.433	_	_	_	_
413-0	BOI090	413	413	0	e	e	_	_	_	_	_	linguistic	_	none	_	Begin=1096.513	_	_	_	_
413-1	BOI090	413	413	1	penso	penso	_	_	_	_	_	linguistic	_	none	_	_	_	_	_	_
413-2	BOI090	413	413	2	sia	sia	_	_	_	_	_	linguistic	_	none	_	_	_	_	_	_
413-3	BOI090	413	413	3	un	un	_	_	_	_	_	linguistic	_	none	_	_	_	_	_	_
413-4	BOI090	413	413	4	po'	po'	_	_	_	_	_	linguistic	_	none	_	_	_	_	_	_
413-5	BOI090	413	413	5	tradizione	tradizione	_	_	_	_	_	linguistic	_	none	_	_	_	_	_	_
413-6	BOI090	413	413	6	di	di	_	_	_	_	_	linguistic	_	none	_	_	_	_	_	_
413-7	BOI090	413	413	7	tutti	tutti	_	_	_	_	_	linguistic	_	none	_	_	_	_	_	_
413-8	BOI090	413	413	8	in	in	_	_	_	_	_	linguistic	_	none	_	_	_	_	_	_
413-9	BOI090	413	413	9	realtà,	realtà	_	_	_	_	_	linguistic	_	none	Intonation=WeaklyRising	_	_	_	_	_
413-10	BOI090	413	413	10	nel	nel	_	_	_	_	_	linguistic	_	none	_	_	_	_	_	_
413-11	BOI090	413	413	11	senso	senso	_	_	_	_	_	linguistic	_	none	_	_	_	_	_	_
413-12	BOI090	413	413	12	che:	che	_	_	_	_	_	linguistic	_	none	_	End=1099.896	2x1	_	_	_
414-0	BOI090	414	414	0	si	si	_	_	_	_	_	linguistic	_	none	_	Begin=1100.261	_	_	_	_
414-1	BOI090	414	414	1	fa	fa	_	_	_	_	_	linguistic	_	none	_	_	_	_	_	_
414-2	BOI090	414	414	2	il	il	_	_	_	_	_	linguistic	_	none	_	_	_	_	_	_
414-3	BOI090	414	414	3	falò	falò	_	_	_	_	_	linguistic	_	none	PauseAfter=Yes	_	_	_	_	_
414-4	BOI090	414	414	4	{P}	{P}	_	_	_	_	_	shortpause	_	none	_	_	_	_	_	_
414-5	BOI090	414	414	5	ci	ci	_	_	_	_	_	linguistic	_	none	_	_	_	_	_	_
414-6	BOI090	414	414	6	sono	sono	_	_	_	_	_	linguistic	_	none	_	_	_	_	_	_
414-7	BOI090	414	414	7	un	un	_	_	_	_	_	linguistic	_	none	_	_	_	_	_	_
414-8	BOI090	414	414	8	sacco	sacco	_	_	_	_	_	linguistic	_	none	_	_	_	_	_	_
414-9	BOI090	414	414	9	di	di	_	_	_	_	_	linguistic	_	none	_	_	_	_	_	_
414-10	BOI090	414	414	10	feste:	feste	_	_	_	_	_	linguistic	_	none	_	End=1102.913	4x1	_	_	_
415-0	BOI090	415	415	0	si	si	_	_	_	_	_	linguistic	_	none	_	Begin=1103.625	_	_	_	_
415-1	BOI090	415	415	1	può	può	_	_	_	_	_	linguistic	_	none	_	_	_	_	_	_
415-2	BOI090	415	415	2	passare	passare	_	_	_	_	_	linguistic	_	none	_	_	_	_	_	_
415-3	BOI090	415	415	3	anche	anche	_	_	_	_	_	linguistic	_	none	_	_	_	_	_	_
415-4	BOI090	415	415	4	in	in	_	_	_	_	_	linguistic	_	none	_	_	_	_	_	_
415-5	BOI090	415	415	5	tranquillità,	tranquillità	_	_	_	_	_	linguistic	_	none	Intonation=WeaklyRising	_	_	_	_	_
415-6	BOI090	415	415	6	perché	perché	_	_	_	_	_	linguistic	_	none	_	_	_	_	_	_
415-7	BOI090	415	415	7	ci	ci	_	_	_	_	_	linguistic	_	none	_	_	_	_	_	_
415-8	BOI090	415	415	8	sono	sono	_	_	_	_	_	linguistic	_	none	_	_	_	_	_	_
415-9	BOI090	415	415	9	anche	anche	_	_	_	_	_	linguistic	_	none	_	_	_	_	_	_
415-10	BOI090	415	415	10	posti	posti	_	_	_	_	_	linguistic	_	none	_	_	_	_	_	_
415-11	BOI090	415	415	11	tranquilli:	tranquilli	_	_	_	_	_	linguistic	_	none	_	End=1107.464	9x1	_	_	_
416-0	BOI090	416	416	0	poi:	poi	_	_	_	_	_	linguistic	_	none	PauseAfter=Yes	Begin=1107.699	2x1	_	_	_
416-1	BOI090	416	416	1	{P}	{P}	_	_	_	_	_	shortpause	_	none	_	_	_	_	_	_
416-2	BOI090	416	416	2	essendo	essendo	_	_	_	_	_	linguistic	_	none	_	End=1109.072	_	_	_	_
417-0	BOI090	417	417	0	ma:re	mare	_	_	_	_	_	linguistic	_	none	_	Begin=1110.01	1x1	_	_	_
417-1	BOI090	417	417	1	comunque	comunque	_	_	_	_	_	linguistic	_	none	_	End=1111.428	_	_	_	_
418-0	BOI090	418	418	0	c(io)è	cioè	_	_	_	_	_	linguistic	_	none	_	Begin=1111.958	_	_	1-3(0)	_
418-1	BOI090	418	418	1	viene	viene	_	_	_	_	_	linguistic	_	none	_	_	_	_	_	_
418-2	BOI090	418	418	2	presa	presa	_	_	_	_	_	linguistic	_	none	_	_	_	_	_	_
418-3	BOI090	418	418	3	proprio:	proprio	_	_	_	_	_	linguistic	_	none	_	_	6x1	_	_	_
418-4	BOI090	418	418	4	seriamente	seriamente	_	_	_	_	_	linguistic	_	none	_	_	_	_	_	_
418-5	BOI090	418	418	5	la:	la	_	_	_	_	_	linguistic	_	none	_	_	1x1	_	_	_
418-6	BOI090	418	418	6	la	la	_	_	_	_	_	linguistic	_	none	_	_	_	_	_	_
418-7	BOI090	418	418	7	faccenda	faccenda	_	_	_	_	_	linguistic	_	none	_	_	_	_	_	_
418-8	BOI090	418	418	8	ferragosto	ferragosto	_	_	_	_	_	linguistic	_	none	_	_	_	_	_	_
418-9	BOI090	418	418	9	perché	perché	_	_	_	_	_	linguistic	_	none	_	_	_	_	_	_
418-10	BOI090	418	418	10	tutti	tutti	_	_	_	_	_	linguistic	_	none	_	_	_	_	_	_
418-11	BOI090	418	418	11	i	i	_	_	_	_	_	linguistic	_	none	_	_	_	_	_	_
418-12	BOI090	418	418	12	lidi	lidi	_	_	_	_	_	linguistic	_	none	_	_	_	_	_	_
418-13	BOI090	418	418	13	fanno	fanno	_	_	_	_	_	linguistic	_	none	_	_	_	_	_	_
418-14	BOI090	418	418	14	feste:,	feste	_	_	_	_	_	linguistic	_	none	Intonation=WeaklyRising	_	4x1	_	_	_
418-15	BOI090	418	418	15	è:	è	_	_	_	_	_	linguistic	_	none	_	_	0x1	_	_	_
418-16	BOI090	418	418	16	bellissimo	bellissimo	_	_	_	_	_	linguistic	_	none	_	End=1119.118	_	_	_	_
419-0	BOI090	419	419	0	c(io)[è]	cioè	_	_	_	_	_	linguistic	_	none	_	Begin=1119.293	_	_	1-3(0)	3-4(82)
419-1	BOI090	419	419	1	{ride}	{ride}	_	_	_	_	_	nonverbalbehavior	_	none	_	End=1119.828	_	_	_	_
420-0	BOR030	420	420	0	[tu]	tu	_	_	_	_	_	linguistic	_	none	_	Begin=1119.584	_	_	_	0-2(82)
420-1	BOR030	420	420	1	tu	tu	_	_	_	_	_	linguistic	_	none	_	_	_	_	_	_
420-2	BOR030	420	420	2	partecipi	partecipi	_	_	_	_	_	linguistic	_	none	_	_	_	_	_	_
420-3	BOR030	420	420	3	a	a	_	_	_	_	_	linguistic	_	none	_	_	_	_	_	_
420-4	BOR030	420	420	4	queste	queste	_	_	_	_	_	linguistic	_	none	_	_	_	_	_	_
420-5	BOR030	420	420	5	[feste]?	feste	_	_	_	_	_	linguistic	_	none	Intonation=Rising	End=1121.578	_	_	_	0-5(83)
421-0	BOI090	421	421	0	[certo]	certo	_	_	_	_	_	linguistic	_	none	_	Begin=1120.932|End=1121.591	_	_	_	0-5(83)
422-0	BOI090	422	422	0	certo	certo	_	_	_	_	_	linguistic	_	none	_	Begin=1121.804	_	_	_	_
422-1	BOI090	422	422	1	certo	certo	_	_	_	_	_	linguistic	_	none	_	_	_	_	_	_
422-2	BOI090	422	422	2	io	io	_	_	_	_	_	linguistic	_	none	_	_	_	_	_	_
422-3	BOI090	422	422	3	ho	ho	_	_	_	_	_	linguistic	_	none	_	_	_	_	_	_
422-4	BOI090	422	422	4	sempre	sempre	_	_	_	_	_	linguistic	_	none	_	_	_	_	_	_
422-5	BOI090	422	422	5	partecipato:	partecipato	_	_	_	_	_	linguistic	_	none	_	_	10x1	_	_	_
422-6	BOI090	422	422	6	da	da	_	_	_	_	_	linguistic	_	none	_	_	_	_	_	_
422-7	BOI090	422	422	7	che	che	_	_	_	_	_	linguistic	_	none	_	_	_	_	_	_
422-8	BOI090	422	422	8	ne	ne	_	_	_	_	_	linguistic	_	none	_	_	_	_	_	_
422-9	BOI090	422	422	9	ho	ho	_	_	_	_	_	linguistic	_	none	_	_	_	_	_	_
422-10	BOI090	422	422	10	memoria	memoria	_	_	_	_	_	linguistic	_	none	_	End=1125.232	_	_	_	_
423-0	BOI090	423	423	0	prima	prima	_	_	_	_	_	linguistic	_	none	_	Begin=1125.373	_	_	_	_
423-1	BOI090	423	423	1	con	con	_	_	_	_	_	linguistic	_	none	_	_	_	_	_	_
423-2	BOI090	423	423	2	i	i	_	_	_	_	_	linguistic	_	none	_	_	_	_	_	_
423-3	BOI090	423	423	3	miei	miei	_	_	_	_	_	linguistic	_	none	_	_	_	_	_	_
423-4	BOI090	423	423	4	genitori	genitori	_	_	_	_	_	linguistic	_	none	_	_	_	_	_	_
423-5	BOI090	423	423	5	poi	poi	_	_	_	_	_	linguistic	_	none	_	_	_	_	_	_
423-6	BOI090	423	423	6	con	con	_	_	_	_	_	linguistic	_	none	_	_	_	_	_	_
423-7	BOI090	423	423	7	la	la	_	_	_	_	_	linguistic	_	none	_	_	_	_	_	_
423-8	BOI090	423	423	8	mia	mia	_	_	_	_	_	linguistic	_	none	_	_	_	_	_	_
423-9	BOI090	423	423	9	compagna	compagna	_	_	_	_	_	linguistic	_	none	_	_	_	_	_	_
423-10	BOI090	423	423	10	del	del	_	_	_	_	_	linguistic	_	none	_	_	_	_	_	_
423-11	BOI090	423	423	11	mare	mare	_	_	_	_	_	linguistic	_	none	_	End=1128.039	_	_	_	_
424-0	BOI090	424	424	0	siam	siam	_	_	_	_	_	linguistic	_	none	_	Begin=1128.482	_	_	_	_
424-1	BOI090	424	424	1	sempre	sempre	_	_	_	_	_	linguistic	_	none	_	_	_	_	_	_
424-2	BOI090	424	424	2	stati:	stati	_	_	_	_	_	linguistic	_	none	_	_	4x1	_	_	_
424-3	BOI090	424	424	3	ma	ma	_	_	_	_	_	linguistic	_	none	_	End=1129.879	_	_	_	_
425-0	BOI090	425	425	0	non	non	_	_	_	_	_	linguistic	_	none	_	Begin=1130.13	_	_	_	_
425-1	BOI090	425	425	1	per	per	_	_	_	_	_	linguistic	_	none	_	_	_	_	_	_
425-2	BOI090	425	425	2	forza	forza	_	_	_	_	_	linguistic	_	none	_	_	_	_	_	_
425-3	BOI090	425	425	3	festoni:	festoni	_	_	_	_	_	linguistic	_	none	_	_	6x1	_	_	_
425-4	BOI090	425	425	4	<troppo	troppo	_	_	_	_	_	linguistic	_	none	_	_	_	Slow=0-6(0)	_	_
425-5	BOI090	425	425	5	elaborati>	elaborati	_	_	_	_	_	linguistic	_	none	_	_	_	Slow=0-9(0)	_	_
425-6	BOI090	425	425	6	c(io)è	cioè	_	_	_	_	_	linguistic	_	none	_	_	_	_	1-3(0)	_
425-7	BOI090	425	425	7	anche	anche	_	_	_	_	_	linguistic	_	none	_	_	_	_	_	_
425-8	BOI090	425	425	8	stare	stare	_	_	_	_	_	linguistic	_	none	_	_	_	_	_	_
425-9	BOI090	425	425	9	in	in	_	_	_	_	_	linguistic	_	none	_	_	_	_	_	_
425-10	BOI090	425	425	10	spiaggia	spiaggia	_	_	_	_	_	linguistic	_	none	_	_	_	_	_	_
425-11	BOI090	425	425	11	tutta	tutta	_	_	_	_	_	linguistic	_	none	_	_	_	_	_	_
425-12	BOI090	425	425	12	notte:	notte	_	_	_	_	_	linguistic	_	none	_	End=1135.664	4x1	_	_	_
426-0	BOI090	426	426	0	>perché<	perché	_	_	_	_	_	linguistic	_	none	_	Begin=1135.912	_	Fast=0-6(0)	_	_
426-1	BOI090	426	426	1	tu	tu	_	_	_	_	_	linguistic	_	none	_	_	_	_	_	_
426-2	BOI090	426	426	2	sai	sai	_	_	_	_	_	linguistic	_	none	_	_	_	_	_	_
426-3	BOI090	426	426	3	che	che	_	_	_	_	_	linguistic	_	none	_	_	_	_	_	_
426-4	BOI090	426	426	4	tutta	tutta	_	_	_	_	_	linguistic	_	none	_	_	_	_	_	_
426-5	BOI090	426	426	5	notte	notte	_	_	_	_	_	linguistic	_	none	_	_	_	_	_	_
426-6	BOI090	426	426	6	in	in	_	_	_	_	_	linguistic	_	none	_	_	_	_	_	_
426-7	BOI090	426	426	7	spiaggia	spiaggia	_	_	_	_	_	linguistic	_	none	_	_	_	_	_	_
426-8	BOI090	426	426	8	ci	ci	_	_	_	_	_	linguistic	_	none	_	_	_	_	_	_
426-9	BOI090	426	426	9	sarà	sarà	_	_	_	_	_	linguistic	_	none	_	_	_	_	_	_
426-10	BOI090	426	426	10	la	la	_	_	_	_	_	linguistic	_	none	_	_	_	_	_	_
426-11	BOI090	426	426	11	musica:	musica	_	_	_	_	_	linguistic	_	none	_	_	5x1	_	_	_
426-12	BOI090	426	426	12	ci	ci	_	_	_	_	_	linguistic	_	none	_	_	_	_	_	_
426-13	BOI090	426	426	13	saranno	saranno	_	_	_	_	_	linguistic	_	none	_	_	_	_	_	_
426-14	BOI090	426	426	14	i	i	_	_	_	_	_	linguistic	_	none	_	_	_	_	_	_
426-15	BOI090	426	426	15	ba:r	bar	_	_	_	_	_	linguistic	_	none	_	End=1140.197	1x1	_	_	_
427-0	BOI090	427	427	0	posti	posti	_	_	_	_	_	linguistic	_	none	_	Begin=1140.957	_	_	_	_
427-1	BOI090	427	427	1	in	in	_	_	_	_	_	linguistic	_	none	_	_	_	_	_	_
427-2	BOI090	427	427	2	cui	cui	_	_	_	_	_	linguistic	_	none	_	_	_	_	_	_
427-3	BOI090	427	427	3	ci	ci	_	_	_	_	_	linguistic	_	none	_	_	_	_	_	_
427-4	BOI090	427	427	4	si	si	_	_	_	_	_	linguistic	_	none	_	_	_	_	_	_
427-5	BOI090	427	427	5	può	può	_	_	_	_	_	linguistic	_	none	_	_	_	_	_	_
427-6	BOI090	427	427	6	divertire	divertire	_	_	_	_	_	linguistic	_	none	_	_	_	_	_	_
427-7	BOI090	427	427	7	senza	senza	_	_	_	_	_	linguistic	_	none	_	_	_	_	_	_
427-8	BOI090	427	427	8	fare	fare	_	_	_	_	_	linguistic	_	none	_	_	_	_	_	_
427-9	BOI090	427	427	9	danni	danni	_	_	_	_	_	linguistic	_	none	_	_	_	_	_	_
427-10	BOI090	427	427	10	ecco	ecco	_	_	_	_	_	linguistic	_	none	_	End=1144.109	_	_	_	_
428-0	BOI090	428	428	0	quindi:	quindi	_	_	_	_	_	linguistic	_	none	_	Begin=1144.899	5x1	_	_	_
428-1	BOI090	428	428	1	sì	sì	_	_	_	_	_	linguistic	_	none	_	End=1145.541	_	_	_	_
429-0	BOI090	429	429	0	però	però	_	_	_	_	_	linguistic	_	none	_	Begin=1145.707	_	_	_	_
429-1	BOI090	429	429	1	°ecco°	ecco	_	_	_	_	_	linguistic	_	none	Volume=low	_	_	_	_	_
429-2	BOI090	429	429	2	quello	quello	_	_	_	_	_	linguistic	_	none	_	_	_	_	_	_
429-3	BOI090	429	429	3	è	è	_	_	_	_	_	linguistic	_	none	_	_	_	_	_	_
429-4	BOI090	429	429	4	il	il	_	_	_	_	_	linguistic	_	none	_	_	_	_	_	_
429-5	BOI090	429	429	5	luogo	luogo	_	_	_	_	_	linguistic	_	none	_	_	_	_	_	_
429-6	BOI090	429	429	6	dove	dove	_	_	_	_	_	linguistic	_	none	_	_	_	_	_	_
429-7	BOI090	429	429	7	TUTTI	tutti	_	_	_	_	_	linguistic	_	none	Volume=high	_	_	_	_	_
429-8	BOI090	429	429	8	i	i	_	_	_	_	_	linguistic	_	none	_	_	_	_	_	_
429-9	BOI090	429	429	9	bolognesi	bolognesi	_	_	_	_	_	linguistic	_	none	_	_	_	_	_	_
429-10	BOI090	429	429	10	vanno	vanno	_	_	_	_	_	linguistic	_	none	_	_	_	_	_	_
429-11	BOI090	429	429	11	d'	d'	_	_	_	_	_	linguistic	_	none	SpaceAfter=No	_	_	_	_	_
429-12	BOI090	429	429	12	estate	estate	_	_	_	_	_	linguistic	_	none	_	End=1149.196	_	_	_	_
430-0	BOI090	430	430	0	[>quindi<	quindi	_	_	_	_	_	linguistic	_	none	_	Begin=1149.264	_	Fast=0-6(0)	_	0-6(87)
430-1	BOI090	430	430	1	s]e	se	_	_	_	_	_	linguistic	_	none	_	_	_	_	_	0-1(87)
430-2	BOI090	430	430	2	tu	tu	_	_	_	_	_	linguistic	_	none	_	_	_	_	_	_
430-3	BOI090	430	430	3	chiedi	chiedi	_	_	_	_	_	linguistic	_	none	_	_	_	_	_	_
430-4	BOI090	430	430	4	a	a	_	_	_	_	_	linguistic	_	none	_	_	_	_	_	_
430-5	BOI090	430	430	5	un	un	_	_	_	_	_	linguistic	_	none	_	_	_	_	_	_
430-6	BOI090	430	430	6	qualsiasi	qualsiasi	_	_	_	_	_	linguistic	_	none	_	_	_	_	_	_
430-7	BOI090	430	430	7	bolognese	bolognese	_	_	_	_	_	linguistic	_	none	_	_	_	_	_	_
430-8	BOI090	430	430	8	lui	lui	_	_	_	_	_	linguistic	_	none	_	_	_	_	_	_
430-9	BOI090	430	430	9	va	va	_	_	_	_	_	linguistic	_	none	_	_	_	_	_	_
430-10	BOI090	430	430	10	a	a	_	_	_	_	_	linguistic	_	none	_	_	_	_	_	_
430-11	BOI090	430	430	11	lido	lido	_	_	_	_	_	linguistic	_	none	_	_	_	_	_	_
430-12	BOI090	430	430	12	di	di	_	_	_	_	_	linguistic	_	none	_	_	_	_	_	_
430-13	BOI090	430	430	13	spina	spina	_	_	_	_	_	linguistic	_	none	_	_	_	_	_	_
430-14	BOI090	430	430	14	d'	d'	_	_	_	_	_	linguistic	_	none	SpaceAfter=No	_	_	_	_	_
430-15	BOI090	430	430	15	estate	estate	_	_	_	_	_	linguistic	_	none	_	End=1152.589	_	_	_	_
431-0	BOR030	431	431	0	[mh]	mh	_	_	_	_	_	linguistic	_	none	_	Begin=1149.264|End=1149.601	_	_	_	0-2(87)
432-0	BOR030	432	432	0	quindi	quindi	_	_	_	_	_	linguistic	_	none	_	Begin=1153.0	_	_	_	_
432-1	BOR030	432	432	1	tu,	tu	_	_	_	_	_	linguistic	_	none	Intonation=WeaklyRising	_	_	_	_	_
432-2	BOR030	432	432	2	come	come	_	_	_	_	_	linguistic	_	none	_	_	_	_	_	_
432-3	BOR030	432	432	3	la	la	_	_	_	_	_	linguistic	_	none	_	_	_	_	_	_
432-4	BOR030	432	432	4	maggior	maggior	_	_	_	_	_	linguistic	_	none	_	_	_	_	_	_
432-5	BOR030	432	432	5	parte	parte	_	_	_	_	_	linguistic	_	none	_	_	_	_	_	_
432-6	BOR030	432	432	6	dei	dei	_	_	_	_	_	linguistic	_	none	_	_	_	_	_	_
432-7	BOR030	432	432	7	bolognesi	bolognesi	_	_	_	_	_	linguistic	_	none	_	_	_	_	_	_
432-8	BOR030	432	432	8	da	da	_	_	_	_	_	linguistic	_	none	_	_	_	_	_	_
432-9	BOR030	432	432	9	quel	quel	_	_	_	_	_	linguistic	_	none	_	_	_	_	_	_
432-10	BOR030	432	432	10	che	che	_	_	_	_	_	linguistic	_	none	_	_	_	_	_	_
432-11	BOR030	432	432	11	dici:	dici	_	_	_	_	_	linguistic	_	none	_	_	3x1	_	_	_
432-12	BOR030	432	432	12	siete	siete	_	_	_	_	_	linguistic	_	none	_	_	_	_	_	_
432-13	BOR030	432	432	13	per	per	_	_	_	_	_	linguistic	_	none	_	_	_	_	_	_
432-14	BOR030	432	432	14	la	la	_	_	_	_	_	linguistic	_	none	_	_	_	_	_	_
432-15	BOR030	432	432	15	riviera	riviera	_	_	_	_	_	linguistic	_	none	_	_	_	_	_	_
432-16	BOR030	432	432	16	siete	siete	_	_	_	_	_	linguistic	_	none	_	_	_	_	_	_
432-17	BOR030	432	432	17	per	per	_	_	_	_	_	linguistic	_	none	_	_	_	_	_	_
432-18	BOR030	432	432	18	il	il	_	_	_	_	_	linguistic	_	none	_	_	_	_	_	_
432-19	BOR030	432	432	19	ma:re	mare	_	_	_	_	_	linguistic	_	none	_	End=1158.861	1x1	_	_	_
433-0	BOI090	433	433	0	{ride}	{ride}	_	_	_	_	_	nonverbalbehavior	_	none	_	Begin=1155.344|End=1155.887	_	_	_	_
434-0	BOI090	434	434	0	sì	sì	_	_	_	_	_	linguistic	_	none	_	Begin=1158.861|End=1159.222	_	_	_	_
435-0	BOI090	435	435	0	>sì	sì	_	_	_	_	_	linguistic	_	none	_	Begin=1159.407	_	Fast=0-2(0)	_	_
435-1	BOI090	435	435	1	sì	sì	_	_	_	_	_	linguistic	_	none	_	_	_	Fast=0-2(0)	_	_
435-2	BOI090	435	435	2	sì<	sì	_	_	_	_	_	linguistic	_	none	_	End=1160.191	_	Fast=0-2(0)	_	_
436-0	BOI090	436	436	0	c(io)è	cioè	_	_	_	_	_	linguistic	_	none	_	Begin=1160.361	_	_	1-3(0)	_
436-1	BOI090	436	436	1	bologna:	bologna	_	_	_	_	_	linguistic	_	none	_	_	6x1	_	_	_
436-2	BOI090	436	436	2	è	è	_	_	_	_	_	linguistic	_	none	_	_	_	_	_	_
436-3	BOI090	436	436	3	mare	mare	_	_	_	_	_	linguistic	_	none	_	End=1162.834	_	_	_	_
437-0	BOI090	437	437	0	{ride}	{ride}	_	_	_	_	_	nonverbalbehavior	_	none	_	Begin=1162.898	_	_	_	_
437-1	BOI090	437	437	1	nel	nel	_	_	_	_	_	linguistic	_	none	_	_	_	_	_	_
437-2	BOI090	437	437	2	senso	senso	_	_	_	_	_	linguistic	_	none	_	_	_	_	_	_
437-3	BOI090	437	437	3	tutti	tutti	_	_	_	_	_	linguistic	_	none	_	_	_	_	_	_
437-4	BOI090	437	437	4	i	i	_	_	_	_	_	linguistic	_	none	_	_	_	_	_	_
437-5	BOI090	437	437	5	bolognesi	bolognesi	_	_	_	_	_	linguistic	_	none	_	_	_	_	_	_
437-6	BOI090	437	437	6	vanno	vanno	_	_	_	_	_	linguistic	_	none	_	_	_	_	_	_
437-7	BOI090	437	437	7	al	al	_	_	_	_	_	linguistic	_	none	_	_	_	_	_	_
437-8	BOI090	437	437	8	mare	mare	_	_	_	_	_	linguistic	_	none	_	End=1165.724	_	_	_	_
438-0	BOI090	438	438	0	o	o	_	_	_	_	_	linguistic	_	none	_	Begin=1166.027	_	_	_	_
438-1	BOI090	438	438	1	almeno	almeno	_	_	_	_	_	linguistic	_	none	_	_	_	_	_	_
438-2	BOI090	438	438	2	quelli	quelli	_	_	_	_	_	linguistic	_	none	_	_	_	_	_	_
438-3	BOI090	438	438	3	che	che	_	_	_	_	_	linguistic	_	none	_	_	_	_	_	_
438-4	BOI090	438	438	4	conosco	conosco	_	_	_	_	_	linguistic	_	none	_	_	_	_	_	_
438-5	BOI090	438	438	5	io.	io	_	_	_	_	_	linguistic	_	none	Intonation=Falling	_	_	_	_	_
438-6	BOI090	438	438	6	soprattutto	soprattutto	_	_	_	_	_	linguistic	_	none	_	_	_	_	_	_
438-7	BOI090	438	438	7	quelli	quelli	_	_	_	_	_	linguistic	_	none	_	_	_	_	_	_
438-8	BOI090	438	438	8	di	di	_	_	_	_	_	linguistic	_	none	_	_	_	_	_	_
438-9	BOI090	438	438	9	provincia	provincia	_	_	_	_	_	linguistic	_	none	_	End=1169.342	_	_	_	_
439-0	BOI090	439	439	0	non	non	_	_	_	_	_	linguistic	_	none	_	Begin=1169.636	_	_	_	_
439-1	BOI090	439	439	1	dico	dico	_	_	_	_	_	linguistic	_	none	_	_	_	_	_	_
439-2	BOI090	439	439	2	tanto	tanto	_	_	_	_	_	linguistic	_	none	_	_	_	_	_	_
439-3	BOI090	439	439	3	bologna	bologna	_	_	_	_	_	linguistic	_	none	_	_	_	_	_	_
439-4	BOI090	439	439	4	centro	centro	_	_	_	_	_	linguistic	_	none	_	_	_	_	_	_
439-5	BOI090	439	439	5	perché	perché	_	_	_	_	_	linguistic	_	none	_	_	_	_	_	_
439-6	BOI090	439	439	6	magari	magari	_	_	_	_	_	linguistic	_	none	_	End=1171.612	_	_	_	_
440-0	BOI090	440	440	0	ci	ci	_	_	_	_	_	linguistic	_	none	_	Begin=1171.902	_	_	_	_
440-1	BOI090	440	440	1	son	son	_	_	_	_	_	linguistic	_	none	_	_	_	_	_	_
440-2	BOI090	440	440	2	tanti	tanti	_	_	_	_	_	linguistic	_	none	_	_	_	_	_	_
440-3	BOI090	440	440	3	>fuorisede<	fuorisede	_	_	_	_	_	linguistic	_	none	_	_	_	Fast=0-9(0)	_	_
440-4	BOI090	440	440	4	è	è	_	_	_	_	_	linguistic	_	none	_	_	_	_	_	_
440-5	BOI090	440	440	5	diverso	diverso	_	_	_	_	_	linguistic	_	none	_	_	_	_	_	_
440-6	BOI090	440	440	6	no?	no	_	_	_	_	_	linguistic	_	none	Intonation=Rising	_	_	_	_	_
440-7	BOI090	440	440	7	parlare	parlare	_	_	_	_	_	linguistic	_	none	_	_	_	_	_	_
440-8	BOI090	440	440	8	del	del	_	_	_	_	_	linguistic	_	none	_	_	_	_	_	_
440-9	BOI090	440	440	9	centro	centro	_	_	_	_	_	linguistic	_	none	_	End=1175.51	_	_	_	_
441-0	BOI090	441	441	0	è	è	_	_	_	_	_	linguistic	_	none	_	Begin=1175.915	_	_	_	_
441-1	BOI090	441	441	1	vuoto	vuoto	_	_	_	_	_	linguistic	_	none	_	_	_	_	_	_
441-2	BOI090	441	441	2	comunque	comunque	_	_	_	_	_	linguistic	_	none	_	_	_	_	_	_
441-3	BOI090	441	441	3	d'	d'	_	_	_	_	_	linguistic	_	none	SpaceAfter=No	_	_	_	_	_
441-4	BOI090	441	441	4	estate	estate	_	_	_	_	_	linguistic	_	none	_	_	_	_	_	_
441-5	BOI090	441	441	5	il	il	_	_	_	_	_	linguistic	_	none	_	_	_	_	_	_
441-6	BOI090	441	441	6	centro	centro	_	_	_	_	_	linguistic	_	none	_	_	_	_	_	_
441-7	BOI090	441	441	7	di	di	_	_	_	_	_	linguistic	_	none	_	_	_	_	_	_
441-8	BOI090	441	441	8	bologna	bologna	_	_	_	_	_	linguistic	_	none	_	End=1178.075	_	_	_	_
442-0	BOI090	442	442	0	però:	però	_	_	_	_	_	linguistic	_	none	_	Begin=1178.652	3x1	_	_	_
442-1	BOI090	442	442	1	tutti	tutti	_	_	_	_	_	linguistic	_	none	_	_	_	_	_	_
442-2	BOI090	442	442	2	i	i	_	_	_	_	_	linguistic	_	none	_	_	_	_	_	_
442-3	BOI090	442	442	3	provincia:li	provinciali	_	_	_	_	_	linguistic	_	none	_	_	8x1	_	_	_
442-4	BOI090	442	442	4	come	come	_	_	_	_	_	linguistic	_	none	_	_	_	_	_	_
442-5	BOI090	442	442	5	me	me	_	_	_	_	_	linguistic	_	none	_	End=1181.145	_	_	_	_
443-0	BOI090	443	443	0	vanno	vanno	_	_	_	_	_	linguistic	_	none	_	Begin=1181.656	_	_	_	_
443-1	BOI090	443	443	1	al	al	_	_	_	_	_	linguistic	_	none	_	_	_	_	_	_
443-2	BOI090	443	443	2	mare	mare	_	_	_	_	_	linguistic	_	none	_	End=1182.208	_	_	_	_
444-0	BOI090	444	444	0	o	o	_	_	_	_	_	linguistic	_	none	_	Begin=1182.361	_	_	_	_
444-1	BOI090	444	444	1	per	per	_	_	_	_	_	linguistic	_	none	_	_	_	_	_	_
444-2	BOI090	444	444	2	lo	lo	_	_	_	_	_	linguistic	_	none	_	_	_	_	_	_
444-3	BOI090	444	444	3	meno	meno	_	_	_	_	_	linguistic	_	none	_	_	_	_	_	_
444-4	BOI090	444	444	4	la	la	_	_	_	_	_	linguistic	_	none	_	_	_	_	_	_
444-5	BOI090	444	444	5	maggior	maggior	_	_	_	_	_	linguistic	_	none	_	_	_	_	_	_
444-6	BOI090	444	444	6	parte	parte	_	_	_	_	_	linguistic	_	none	_	End=1184.05	_	_	_	_
445-0	BOI090	445	445	0	e:	e	_	_	_	_	_	linguistic	_	none	_	Begin=1184.572	0x1	_	_	_
445-1	BOI090	445	445	1	tutti:	tutti	_	_	_	_	_	linguistic	_	none	_	_	4x1	_	_	_
445-2	BOI090	445	445	2	>diciamo<	diciamo	_	_	_	_	_	linguistic	_	none	_	_	_	Fast=0-7(0)	_	_
445-3	BOI090	445	445	3	nelle	nelle	_	_	_	_	_	linguistic	_	none	_	_	_	_	_	_
445-4	BOI090	445	445	4	zone	zone	_	_	_	_	_	linguistic	_	none	_	_	_	_	_	_
445-5	BOI090	445	445	5	più:	più	_	_	_	_	_	linguistic	_	none	_	_	2x1	_	_	_
445-6	BOI090	445	445	6	e:hm	ehm	_	_	_	_	_	linguistic	_	none	_	_	0x1	_	_	_
445-7	BOI090	445	445	7	verso	verso	_	_	_	_	_	linguistic	_	none	_	_	_	_	_	_
445-8	BOI090	445	445	8	ferrara,	ferrara	_	_	_	_	_	linguistic	_	none	Intonation=WeaklyRising	_	_	_	_	_
445-9	BOI090	445	445	9	comacchio:	comacchio	_	_	_	_	_	linguistic	_	none	_	End=1190.009	8x1	_	_	_
446-0	BOI090	446	446	0	non	non	_	_	_	_	_	linguistic	_	none	_	Begin=1190.085	_	_	_	_
446-1	BOI090	446	446	1	tanto	tanto	_	_	_	_	_	linguistic	_	none	_	_	_	_	_	_
446-2	BOI090	446	446	2	nella	nella	_	_	_	_	_	linguistic	_	none	_	_	_	_	_	_
446-3	BOI090	446	446	3	r~	r~	_	_	_	_	_	linguistic	_	none	Interrupted=Yes	_	_	_	_	_
446-4	BOI090	446	446	4	riviera	riviera	_	_	_	_	_	linguistic	_	none	_	_	_	_	_	_
446-5	BOI090	446	446	5	romagnola	romagnola	_	_	_	_	_	linguistic	_	none	_	_	_	_	_	_
446-6	BOI090	446	446	6	perché	perché	_	_	_	_	_	linguistic	_	none	PauseAfter=Yes	_	_	_	_	_
446-7	BOI090	446	446	7	{P}	{P}	_	_	_	_	_	shortpause	_	none	_	_	_	_	_	_
446-8	BOI090	446	446	8	è	è	_	_	_	_	_	linguistic	_	none	_	_	_	_	_	_
446-9	BOI090	446	446	9	più	più	_	_	_	_	_	linguistic	_	none	_	_	_	_	_	_
446-10	BOI090	446	446	10	scomoda	scomoda	_	_	_	_	_	linguistic	_	none	_	End=1193.488	_	_	_	_
447-0	BOI090	447	447	0	arrivarci	arrivarci	_	_	_	_	_	linguistic	_	none	_	Begin=1193.636|End=1194.409	_	_	_	_
448-0	BOI090	448	448	0	per	per	_	_	_	_	_	linguistic	_	none	_	Begin=1194.925	_	_	_	_
448-1	BOI090	448	448	1	noi	noi	_	_	_	_	_	linguistic	_	none	_	_	_	_	_	_
448-2	BOI090	448	448	2	il	il	_	_	_	_	_	linguistic	_	none	_	_	_	_	_	_
448-3	BOI090	448	448	3	posto	posto	_	_	_	_	_	linguistic	_	none	_	_	_	_	_	_
448-4	BOI090	448	448	4	più	più	_	_	_	_	_	linguistic	_	none	_	_	_	_	_	_
448-5	BOI090	448	448	5	comodo	comodo	_	_	_	_	_	linguistic	_	none	_	End=1196.091	_	_	_	_
449-0	BOI090	449	449	0	da	da	_	_	_	_	_	linguistic	_	none	_	Begin=1196.461	_	_	_	_
449-1	BOI090	449	449	1	arrivarci	arrivarci	_	_	_	_	_	linguistic	_	none	_	_	_	_	_	_
449-2	BOI090	449	449	2	è	è	_	_	_	_	_	linguistic	_	none	_	_	_	_	_	_
449-3	BOI090	449	449	3	a	a	_	_	_	_	_	linguistic	_	none	_	_	_	_	_	_
449-4	BOI090	449	449	4	un'	un'	_	_	_	_	_	linguistic	_	none	SpaceAfter=No	_	_	_	_	_
449-5	BOI090	449	449	5	ora:	ora	_	_	_	_	_	linguistic	_	none	PauseAfter=Yes	_	2x1	_	_	_
449-6	BOI090	449	449	6	{P}	{P}	_	_	_	_	_	shortpause	_	none	_	_	_	_	_	_
449-7	BOI090	449	449	7	da	da	_	_	_	_	_	linguistic	_	none	_	_	_	_	_	_
449-8	BOI090	449	449	8	qui	qui	_	_	_	_	_	linguistic	_	none	_	End=1198.612	_	_	_	_
450-0	BOI090	450	450	0	è	è	_	_	_	_	_	linguistic	_	none	_	Begin=1198.87	_	_	_	_
450-1	BOI090	450	450	1	la	la	_	_	_	_	_	linguistic	_	none	_	_	_	_	_	_
450-2	BOI090	450	450	2	riviera:	riviera	_	_	_	_	_	linguistic	_	none	_	_	6x1	_	_	_
450-3	BOI090	450	450	3	x	x	_	_	_	_	_	unknown	_	none	Syllables=1	_	_	_	_	_
450-4	BOI090	450	450	4	ferrare:se	ferrarese	_	_	_	_	_	linguistic	_	none	_	_	6x1	_	_	_
450-5	BOI090	450	450	5	insomma	insomma	_	_	_	_	_	linguistic	_	none	_	_	_	_	_	_
450-6	BOI090	450	450	6	comacchio	comacchio	_	_	_	_	_	linguistic	_	none	_	_	_	_	_	_
450-7	BOI090	450	450	7	i	i	_	_	_	_	_	linguistic	_	none	_	_	_	_	_	_
450-8	BOI090	450	450	8	lidi	lidi	_	_	_	_	_	linguistic	_	none	_	_	_	_	_	_
450-9	BOI090	450	450	9	di	di	_	_	_	_	_	linguistic	_	none	_	_	_	_	_	_
450-10	BOI090	450	450	10	comacchio	comacchio	_	_	_	_	_	linguistic	_	none	_	End=1203.088	_	_	_	_
451-0	BOR030	451	451	0	d'	d'	_	_	_	_	_	linguistic	_	none	SpaceAfter=No	Begin=1203.815	_	_	_	_
451-1	BOR030	451	451	1	accordo	accordo	_	_	_	_	_	linguistic	_	none	_	End=1204.421	_	_	_	_
452-0	BOR030	452	452	0	quindi	quindi	_	_	_	_	_	linguistic	_	none	_	Begin=1204.664	_	_	_	_
452-1	BOR030	452	452	1	di	di	_	_	_	_	_	linguistic	_	none	_	_	_	_	_	_
452-2	BOR030	452	452	2	montagna:	montagna	_	_	_	_	_	linguistic	_	none	_	_	7x1	_	_	_
452-3	BOR030	452	452	3	poco	poco	_	_	_	_	_	linguistic	_	none	_	_	_	_	_	_
452-4	BOR030	452	452	4	o	o	_	_	_	_	_	linguistic	_	none	_	_	_	_	_	_
452-5	BOR030	452	452	5	niente	niente	_	_	_	_	_	linguistic	_	none	_	End=1206.879	_	_	_	_
453-0	BOI090	453	453	0	io	io	_	_	_	_	_	linguistic	_	none	_	Begin=1206.908	_	_	_	_
453-1	BOI090	453	453	1	per	per	_	_	_	_	_	linguistic	_	none	_	_	_	_	_	_
453-2	BOI090	453	453	2	lo	lo	_	_	_	_	_	linguistic	_	none	_	_	_	_	_	_
453-3	BOI090	453	453	3	meno	meno	_	_	_	_	_	linguistic	_	none	_	_	_	_	_	_
453-4	BOI090	453	453	4	non	non	_	_	_	_	_	linguistic	_	none	_	_	_	_	_	_
453-5	BOI090	453	453	5	saprei	saprei	_	_	_	_	_	linguistic	_	none	_	_	_	_	_	_
453-6	BOI090	453	453	6	cosa	cosa	_	_	_	_	_	linguistic	_	none	_	_	_	_	_	_
453-7	BOI090	453	453	7	dire	dire	_	_	_	_	_	linguistic	_	none	_	_	_	_	_	_
453-8	BOI090	453	453	8	da	da	_	_	_	_	_	linguistic	_	none	_	_	_	_	_	_
453-9	BOI090	453	453	9	montagna	montagna	_	_	_	_	_	linguistic	_	none	_	_	_	_	_	_
453-10	BOI090	453	453	10	perché	perché	_	_	_	_	_	linguistic	_	none	_	_	_	_	_	_
453-11	BOI090	453	453	11	non	non	_	_	_	_	_	linguistic	_	none	_	_	_	_	_	_
453-12	BOI090	453	453	12	ci	ci	_	_	_	_	_	linguistic	_	none	_	_	_	_	_	_
453-13	BOI090	453	453	13	son	son	_	_	_	_	_	linguistic	_	none	_	_	_	_	_	_
453-14	BOI090	453	453	14	mai	mai	_	_	_	_	_	linguistic	_	none	_	_	_	_	_	_
453-15	BOI090	453	453	15	stata:	stata	_	_	_	_	_	linguistic	_	none	_	_	4x1	_	_	_
453-16	BOI090	453	453	16	ma:	ma	_	_	_	_	_	linguistic	_	none	_	_	1x1	_	_	_
453-17	BOI090	453	453	17	ho	ho	_	_	_	_	_	linguistic	_	none	_	_	_	_	_	_
453-18	BOI090	453	453	18	tan	tan	_	_	_	_	_	linguistic	_	none	PauseAfter=Yes	_	_	_	_	_
453-19	BOI090	453	453	19	{P}	{P}	_	_	_	_	_	shortpause	_	none	_	_	_	_	_	_
453-20	BOI090	453	453	20	ti	ti	_	_	_	_	_	linguistic	_	none	_	_	_	_	_	_
453-21	BOI090	453	453	21	amici	amici	_	_	_	_	_	linguistic	_	none	_	_	_	_	_	_
453-22	BOI090	453	453	22	che	che	_	_	_	_	_	linguistic	_	none	_	_	_	_	_	_
453-23	BOI090	453	453	23	come	come	_	_	_	_	_	linguistic	_	none	_	_	_	_	_	_
453-24	BOI090	453	453	24	me	me	_	_	_	_	_	linguistic	_	none	_	_	_	_	_	_
453-25	BOI090	453	453	25	non	non	_	_	_	_	_	linguistic	_	none	_	_	_	_	_	_
453-26	BOI090	453	453	26	ci	ci	_	_	_	_	_	linguistic	_	none	_	_	_	_	_	_
453-27	BOI090	453	453	27	son	son	_	_	_	_	_	linguistic	_	none	_	_	_	_	_	_
453-28	BOI090	453	453	28	mai	mai	_	_	_	_	_	linguistic	_	none	_	_	_	_	_	_
453-29	BOI090	453	453	29	stati	stati	_	_	_	_	_	linguistic	_	none	_	End=1214.488	_	_	_	_
454-0	BOI090	454	454	0	c(io)è	cioè	_	_	_	_	_	linguistic	_	none	_	Begin=1214.761	_	_	1-3(0)	_
454-1	BOI090	454	454	1	preferiscono	preferiscono	_	_	_	_	_	linguistic	_	none	_	_	_	_	_	_
454-2	BOI090	454	454	2	di	di	_	_	_	_	_	linguistic	_	none	_	_	_	_	_	_
454-3	BOI090	454	454	3	gran	gran	_	_	_	_	_	linguistic	_	none	_	_	_	_	_	_
454-4	BOI090	454	454	4	lunga	lunga	_	_	_	_	_	linguistic	_	none	_	_	_	_	_	_
454-5	BOI090	454	454	5	il	il	_	_	_	_	_	linguistic	_	none	_	_	_	_	_	_
454-6	BOI090	454	454	6	mare:	mare	_	_	_	_	_	linguistic	_	none	_	End=1217.119	3x1	_	_	_
455-0	BOI090	455	455	0	e	e	_	_	_	_	_	linguistic	_	none	_	Begin=1217.328	_	_	_	_
455-1	BOI090	455	455	1	tra	tra	_	_	_	_	_	linguistic	_	none	_	_	_	_	_	_
455-2	BOI090	455	455	2	parentesi,	parentesi	_	_	_	_	_	linguistic	_	none	Intonation=WeaklyRising	_	_	_	_	_
455-3	BOI090	455	455	3	è	è	_	_	_	_	_	linguistic	_	none	_	_	_	_	_	_
455-4	BOI090	455	455	4	bello:	bello	_	_	_	_	_	linguistic	_	none	_	End=1219.16	4x1	_	_	_
456-0	BOI090	456	456	0	scoprire	scoprire	_	_	_	_	_	linguistic	_	none	_	Begin=1219.698	_	_	_	_
456-1	BOI090	456	456	1	che,	che	_	_	_	_	_	linguistic	_	none	Intonation=WeaklyRising	_	_	_	_	_
456-2	BOI090	456	456	2	magari	magari	_	_	_	_	_	linguistic	_	none	_	End=1221.099	_	_	_	_
457-0	BOI090	457	457	0	amici	amici	_	_	_	_	_	linguistic	_	none	_	Begin=1221.463	_	_	_	_
457-1	BOI090	457	457	1	quando	quando	_	_	_	_	_	linguistic	_	none	_	_	_	_	_	_
457-2	BOI090	457	457	2	sei	sei	_	_	_	_	_	linguistic	_	none	_	_	_	_	_	_
457-3	BOI090	457	457	3	piccolo	piccolo	_	_	_	_	_	linguistic	_	none	_	_	_	_	_	_
457-4	BOI090	457	457	4	no:	no	_	_	_	_	_	linguistic	_	none	_	End=1223.383	1x1	_	_	_
458-0	BOI090	458	458	0	ti	ti	_	_	_	_	_	linguistic	_	none	_	Begin=1223.516	_	_	_	_
458-1	BOI090	458	458	1	trovi	trovi	_	_	_	_	_	linguistic	_	none	_	_	_	_	_	_
458-2	BOI090	458	458	2	qui:	qui	_	_	_	_	_	linguistic	_	none	_	_	2x1	_	_	_
458-3	BOI090	458	458	3	a	a	_	_	_	_	_	linguistic	_	none	_	_	_	_	_	_
458-4	BOI090	458	458	4	bologna	bologna	_	_	_	_	_	linguistic	_	none	_	_	_	_	_	_
458-5	BOI090	458	458	5	e	e	_	_	_	_	_	linguistic	_	none	_	_	_	_	_	_
458-6	BOI090	458	458	6	poi	poi	_	_	_	_	_	linguistic	_	none	_	_	_	_	_	_
458-7	BOI090	458	458	7	al	al	_	_	_	_	_	linguistic	_	none	_	_	_	_	_	_
458-8	BOI090	458	458	8	mare	mare	_	_	_	_	_	linguistic	_	none	_	_	_	_	_	_
458-9	BOI090	458	458	9	li	li	_	_	_	_	_	linguistic	_	none	_	_	_	_	_	_
458-10	BOI090	458	458	10	ritrovi	ritrovi	_	_	_	_	_	linguistic	_	none	_	_	_	_	_	_
458-11	BOI090	458	458	11	casualmente	casualmente	_	_	_	_	_	linguistic	_	none	_	_	_	_	_	_
458-12	BOI090	458	458	12	nel	nel	_	_	_	_	_	linguistic	_	none	_	_	_	_	_	_
458-13	BOI090	458	458	13	tuo	tuo	_	_	_	_	_	linguistic	_	none	_	_	_	_	_	_
458-14	BOI090	458	458	14	stesso	stesso	_	_	_	_	_	linguistic	_	none	_	_	_	_	_	_
458-15	BOI090	458	458	15	posto	posto	_	_	_	_	_	linguistic	_	none	_	_	_	_	_	_
458-16	BOI090	458	458	16	e	e	_	_	_	_	_	linguistic	_	none	_	_	_	_	_	_
458-17	BOI090	458	458	17	non	non	_	_	_	_	_	linguistic	_	none	_	_	_	_	_	_
458-18	BOI090	458	458	18	sapevi	sapevi	_	_	_	_	_	linguistic	_	none	_	End=1229.059	_	_	_	_
459-0	BOI090	459	459	0	che	che	_	_	_	_	_	linguistic	_	none	_	Begin=1229.178	_	_	_	_
459-1	BOI090	459	459	1	erano	erano	_	_	_	_	_	linguistic	_	none	_	_	_	_	_	_
459-2	BOI090	459	459	2	del	del	_	_	_	_	_	linguistic	_	none	_	_	_	_	_	_
459-3	BOI090	459	459	3	tuo	tuo	_	_	_	_	_	linguistic	_	none	_	_	_	_	_	_
459-4	BOI090	459	459	4	stesso	stesso	_	_	_	_	_	linguistic	_	none	_	_	_	_	_	_
459-5	BOI090	459	459	5	posto	posto	_	_	_	_	_	linguistic	_	none	_	_	_	_	_	_
459-6	BOI090	459	459	6	c(io)è	cioè	_	_	_	_	_	linguistic	_	none	_	_	_	_	1-3(0)	_
459-7	BOI090	459	459	7	è	è	_	_	_	_	_	linguistic	_	none	_	_	_	_	_	_
459-8	BOI090	459	459	8	belli:ssimo	bellissimo	_	_	_	_	_	linguistic	_	none	_	_	4x1	_	_	_
459-9	BOI090	459	459	9	perché	perché	_	_	_	_	_	linguistic	_	none	_	_	_	_	_	_
459-10	BOI090	459	459	10	{ride}	{ride}	_	_	_	_	_	nonverbalbehavior	_	none	_	_	_	_	_	_
459-11	BOI090	459	459	11	è	è	_	_	_	_	_	linguistic	_	none	_	_	_	_	_	_
459-12	BOI090	459	459	12	un	un	_	_	_	_	_	linguistic	_	none	_	_	_	_	_	_
459-13	BOI090	459	459	13	ritrovo	ritrovo	_	_	_	_	_	linguistic	_	none	_	_	_	_	_	_
459-14	BOI090	459	459	14	estivo:	estivo	_	_	_	_	_	linguistic	_	none	_	_	5x1	_	_	_
459-15	BOI090	459	459	15	uguale	uguale	_	_	_	_	_	linguistic	_	none	_	_	_	_	_	_
459-16	BOI090	459	459	16	a	a	_	_	_	_	_	linguistic	_	none	_	_	_	_	_	_
459-17	BOI090	459	459	17	quello	quello	_	_	_	_	_	linguistic	_	none	_	_	_	_	_	_
459-18	BOI090	459	459	18	invernale	invernale	_	_	_	_	_	linguistic	_	none	_	End=1235.319	_	_	_	_
460-0	BOR030	460	460	0	bello	bello	_	_	_	_	_	linguistic	_	none	_	Begin=1235.815	_	_	_	_
460-1	BOR030	460	460	1	bello	bello	_	_	_	_	_	linguistic	_	none	_	End=1236.733	_	_	_	_
461-0	BOR030	461	461	0	però,	però	_	_	_	_	_	linguistic	_	none	Intonation=WeaklyRising	Begin=1237.314	_	_	_	_
461-1	BOR030	461	461	1	secondo	secondo	_	_	_	_	_	linguistic	_	none	_	_	_	_	_	_
461-2	BOR030	461	461	2	te,	te	_	_	_	_	_	linguistic	_	none	Intonation=WeaklyRising	_	_	_	_	_
461-3	BOR030	461	461	3	il	il	_	_	_	_	_	linguistic	_	none	_	_	_	_	_	_
461-4	BOR030	461	461	4	fatto	fatto	_	_	_	_	_	linguistic	_	none	_	_	_	_	_	_
461-5	BOR030	461	461	5	che	che	_	_	_	_	_	linguistic	_	none	_	_	_	_	_	_
461-6	BOR030	461	461	6	bologna	bologna	_	_	_	_	_	linguistic	_	none	_	_	_	_	_	_
461-7	BOR030	461	461	7	si	si	_	_	_	_	_	linguistic	_	none	_	_	_	_	_	_
461-8	BOR030	461	461	8	svuoti	svuoti	_	_	_	_	_	linguistic	_	none	_	End=1240.602	_	_	_	_
462-0	BOI090	462	462	0	[mhmh]	mhmh	_	_	_	_	_	linguistic	_	none	_	Begin=1240.702|End=1241.193	_	_	_	0-4(93)
463-0	BOR030	463	463	0	[soprattut]to	soprattutto	_	_	_	_	_	linguistic	_	none	_	Begin=1240.702	_	_	_	0-9(93)
463-1	BOR030	463	463	1	negli	negli	_	_	_	_	_	linguistic	_	none	_	_	_	_	_	_
463-2	BOR030	463	463	2	ultimi	ultimi	_	_	_	_	_	linguistic	_	none	_	_	_	_	_	_
463-3	BOR030	463	463	3	anni	anni	_	_	_	_	_	linguistic	_	none	_	_	_	_	_	_
463-4	BOR030	463	463	4	è	è	_	_	_	_	_	linguistic	_	none	_	_	_	_	_	_
463-5	BOR030	463	463	5	dettato	dettato	_	_	_	_	_	linguistic	_	none	_	_	_	_	_	_
463-6	BOR030	463	463	6	anche:	anche	_	_	_	_	_	linguistic	_	none	_	_	4x1	_	_	_
463-7	BOR030	463	463	7	dal	dal	_	_	_	_	_	linguistic	_	none	_	_	_	_	_	_
463-8	BOR030	463	463	8	clima	clima	_	_	_	_	_	linguistic	_	none	_	_	_	_	_	_
463-9	BOR030	463	463	9	che	che	_	_	_	_	_	linguistic	_	none	_	_	_	_	_	_
463-10	BOR030	463	463	10	è	è	_	_	_	_	_	linguistic	_	none	_	_	_	_	_	_
463-11	BOR030	463	463	11	diventato:	diventato	_	_	_	_	_	linguistic	_	none	_	End=1245.379	8x1	_	_	_
464-0	BOI090	464	464	0	o:h	oh	_	_	_	_	_	linguistic	_	none	_	Begin=1245.401	0x1	_	_	_
464-1	BOI090	464	464	1	si	si	_	_	_	_	_	linguistic	_	none	_	End=1246.179	_	_	_	_
465-0	BOI090	465	465	0	certo	certo	_	_	_	_	_	linguistic	_	none	_	Begin=1246.457|End=1246.995	_	_	_	_
466-0	BOI090	466	466	0	a	a	_	_	_	_	_	linguistic	_	none	_	Begin=1247.176	_	_	_	_
466-1	BOI090	466	466	1	bologna	bologna	_	_	_	_	_	linguistic	_	none	_	_	_	_	_	_
466-2	BOI090	466	466	2	fa	fa	_	_	_	_	_	linguistic	_	none	_	_	_	_	_	_
466-3	BOI090	466	466	3	caldi:ssimo	caldissimo	_	_	_	_	_	linguistic	_	none	_	_	4x1	_	_	_
466-4	BOI090	466	466	4	d'	d'	_	_	_	_	_	linguistic	_	none	SpaceAfter=No	_	_	_	_	_
466-5	BOI090	466	466	5	estate	estate	_	_	_	_	_	linguistic	_	none	_	_	_	_	_	_
466-6	BOI090	466	466	6	c(io)è	cioè	_	_	_	_	_	linguistic	_	none	_	_	_	_	0-3(0)	_
466-7	BOI090	466	466	7	non:	non	_	_	_	_	_	linguistic	_	none	_	_	2x1	_	_	_
466-8	BOI090	466	466	8	non	non	_	_	_	_	_	linguistic	_	none	_	_	_	_	_	_
466-9	BOI090	466	466	9	ci	ci	_	_	_	_	_	linguistic	_	none	_	_	_	_	_	_
466-10	BOI090	466	466	10	si	si	_	_	_	_	_	linguistic	_	none	_	_	_	_	_	_
466-11	BOI090	466	466	11	può	può	_	_	_	_	_	linguistic	_	none	_	_	_	_	_	_
466-12	BOI090	466	466	12	stare	stare	_	_	_	_	_	linguistic	_	none	_	End=1250.901	_	_	_	_
467-0	BOI090	467	467	0	io	io	_	_	_	_	_	linguistic	_	none	_	Begin=1251.182	_	_	_	_
467-1	BOI090	467	467	1	infatti	infatti	_	_	_	_	_	linguistic	_	none	_	_	_	_	_	_
467-2	BOI090	467	467	2	appena	appena	_	_	_	_	_	linguistic	_	none	_	_	_	_	_	_
467-3	BOI090	467	467	3	arriva	arriva	_	_	_	_	_	linguistic	_	none	_	_	_	_	_	_
467-4	BOI090	467	467	4	giugno	giugno	_	_	_	_	_	linguistic	_	none	_	_	_	_	_	_
467-5	BOI090	467	467	5	corro	corro	_	_	_	_	_	linguistic	_	none	_	_	_	_	_	_
467-6	BOI090	467	467	6	al	al	_	_	_	_	_	linguistic	_	none	_	_	_	_	_	_
467-7	BOI090	467	467	7	mare	mare	_	_	_	_	_	linguistic	_	none	_	End=1253.8	_	_	_	_
468-0	BOI090	468	468	0	ho	ho	_	_	_	_	_	linguistic	_	none	_	Begin=1254.309	_	_	_	_
468-1	BOI090	468	468	1	avuto	avuto	_	_	_	_	_	linguistic	_	none	_	_	_	_	_	_
468-2	BOI090	468	468	2	l'	l'	_	_	_	_	_	linguistic	_	none	SpaceAfter=No	_	_	_	_	_
468-3	BOI090	468	468	3	ultimo	ultimo	_	_	_	_	_	linguistic	_	none	_	_	_	_	_	_
468-4	BOI090	468	468	4	anno	anno	_	_	_	_	_	linguistic	_	none	_	_	_	_	_	_
468-5	BOI090	468	468	5	che	che	_	_	_	_	_	linguistic	_	none	_	_	_	_	_	_
468-6	BOI090	468	468	6	stavo	stavo	_	_	_	_	_	linguistic	_	none	_	_	_	_	_	_
468-7	BOI090	468	468	7	lavorando	lavorando	_	_	_	_	_	linguistic	_	none	_	_	_	_	_	_
468-8	BOI090	468	468	8	qui	qui	_	_	_	_	_	linguistic	_	none	_	_	_	_	_	_
468-9	BOI090	468	468	9	è	è	_	_	_	_	_	linguistic	_	none	_	_	_	_	_	_
468-10	BOI090	468	468	10	stata	stata	_	_	_	_	_	linguistic	_	none	_	_	_	_	_	_
468-11	BOI090	468	468	11	una	una	_	_	_	_	_	linguistic	_	none	_	_	_	_	_	_
468-12	BOI090	468	468	12	tortura	tortura	_	_	_	_	_	linguistic	_	none	_	End=1258.636	_	_	_	_
469-0	BOI090	469	469	0	perché	perché	_	_	_	_	_	linguistic	_	none	_	Begin=1258.729|End=1259.307	_	_	_	_
470-0	BOI090	470	470	0	davvero	davvero	_	_	_	_	_	linguistic	_	none	_	Begin=1259.559|End=1260.109	_	_	_	_
471-0	BOI090	471	471	0	viene	viene	_	_	_	_	_	linguistic	_	none	_	Begin=1260.237	_	_	_	_
471-1	BOI090	471	471	1	il	il	_	_	_	_	_	linguistic	_	none	_	_	_	_	_	_
471-2	BOI090	471	471	2	caldo	caldo	_	_	_	_	_	linguistic	_	none	_	_	_	_	_	_
471-3	BOI090	471	471	3	torrido	torrido	_	_	_	_	_	linguistic	_	none	_	End=1261.98	_	_	_	_
472-0	BOI090	472	472	0	non	non	_	_	_	_	_	linguistic	_	none	_	Begin=1262.413	_	_	_	_
472-1	BOI090	472	472	1	si	si	_	_	_	_	_	linguistic	_	none	_	_	_	_	_	_
472-2	BOI090	472	472	2	respira	respira	_	_	_	_	_	linguistic	_	none	_	End=1263.238	_	_	_	_
473-0	BOI090	473	473	0	c(io)é	cioé	_	_	_	_	_	linguistic	_	none	_	Begin=1263.497	_	_	1-3(0)	_
473-1	BOI090	473	473	1	mh	mh	_	_	_	_	_	linguistic	_	none	_	End=1263.982	_	_	_	_
474-0	BOI090	474	474	0	è:	è	_	_	_	_	_	linguistic	_	none	_	Begin=1264.058	0x1	_	_	_
474-1	BOI090	474	474	1	è	è	_	_	_	_	_	linguistic	_	none	_	_	_	_	_	_
474-2	BOI090	474	474	2	invivibile	invivibile	_	_	_	_	_	linguistic	_	none	_	_	_	_	_	_
474-3	BOI090	474	474	3	bologna	bologna	_	_	_	_	_	linguistic	_	none	_	_	_	_	_	_
474-4	BOI090	474	474	4	d'	d'	_	_	_	_	_	linguistic	_	none	SpaceAfter=No	_	_	_	_	_
474-5	BOI090	474	474	5	estate	estate	_	_	_	_	_	linguistic	_	none	_	End=1266.286	_	_	_	_
475-0	BOI090	475	475	0	ma	ma	_	_	_	_	_	linguistic	_	none	_	Begin=1266.5	_	_	_	_
475-1	BOI090	475	475	1	soprattutto	soprattutto	_	_	_	_	_	linguistic	_	none	_	End=1267.49	_	_	_	_
476-0	BOI090	476	476	0	anche	anche	_	_	_	_	_	linguistic	_	none	_	Begin=1267.616|End=1268.088	_	_	_	_
477-0	BOI090	477	477	0	le	le	_	_	_	_	_	linguistic	_	none	_	Begin=1268.792	_	_	_	_
477-1	BOI090	477	477	1	cose	cose	_	_	_	_	_	linguistic	_	none	_	_	_	_	_	_
477-2	BOI090	477	477	2	più	più	_	_	_	_	_	linguistic	_	none	_	_	_	_	_	_
477-3	BOI090	477	477	3	semplici	semplici	_	_	_	_	_	linguistic	_	none	_	_	_	_	_	_
477-4	BOI090	477	477	4	tipo	tipo	_	_	_	_	_	linguistic	_	none	_	_	_	_	_	_
477-5	BOI090	477	477	5	andare	andare	_	_	_	_	_	linguistic	_	none	_	_	_	_	_	_
477-6	BOI090	477	477	6	in	in	_	_	_	_	_	linguistic	_	none	_	_	_	_	_	_
477-7	BOI090	477	477	7	centro:	centro	_	_	_	_	_	linguistic	_	none	_	End=1271.061	5x1	_	_	_
478-0	BOI090	478	478	0	c(io)é	cioé	_	_	_	_	_	linguistic	_	none	_	Begin=1271.166	_	_	1-3(0)	_
478-1	BOI090	478	478	1	nessuno	nessuno	_	_	_	_	_	linguistic	_	none	_	_	_	_	_	_
478-2	BOI090	478	478	2	oserebbe	oserebbe	_	_	_	_	_	linguistic	_	none	_	_	_	_	_	_
478-3	BOI090	478	478	3	mai	mai	_	_	_	_	_	linguistic	_	none	_	_	_	_	_	_
478-4	BOI090	478	478	4	andare	andare	_	_	_	_	_	linguistic	_	none	_	_	_	_	_	_
478-5	BOI090	478	478	5	in	in	_	_	_	_	_	linguistic	_	none	_	_	_	_	_	_
478-6	BOI090	478	478	6	centro	centro	_	_	_	_	_	linguistic	_	none	_	_	_	_	_	_
478-7	BOI090	478	478	7	d'	d'	_	_	_	_	_	linguistic	_	none	SpaceAfter=No	_	_	_	_	_
478-8	BOI090	478	478	8	estate,	estate	_	_	_	_	_	linguistic	_	none	Intonation=WeaklyRising	_	_	_	_	_
478-9	BOI090	478	478	9	perché	perché	_	_	_	_	_	linguistic	_	none	_	_	_	_	_	_
478-10	BOI090	478	478	10	davvero	davvero	_	_	_	_	_	linguistic	_	none	_	_	_	_	_	_
478-11	BOI090	478	478	11	non	non	_	_	_	_	_	linguistic	_	none	_	_	_	_	_	_
478-12	BOI090	478	478	12	ci	ci	_	_	_	_	_	linguistic	_	none	_	_	_	_	_	_
478-13	BOI090	478	478	13	si	si	_	_	_	_	_	linguistic	_	none	_	_	_	_	_	_
478-14	BOI090	478	478	14	sta	sta	_	_	_	_	_	linguistic	_	none	_	End=1275.532	_	_	_	_
479-0	BOI090	479	479	0	nonostante	nonostante	_	_	_	_	_	linguistic	_	none	_	Begin=1276.083	_	_	_	_
479-1	BOI090	479	479	1	magari	magari	_	_	_	_	_	linguistic	_	none	_	_	_	_	_	_
479-2	BOI090	479	479	2	le	le	_	_	_	_	_	linguistic	_	none	_	_	_	_	_	_
479-3	BOI090	479	479	3	zone	zone	_	_	_	_	_	linguistic	_	none	_	_	_	_	_	_
479-4	BOI090	479	479	4	d'	d'	_	_	_	_	_	linguistic	_	none	SpaceAfter=No	_	_	_	_	_
479-5	BOI090	479	479	5	ombra	ombra	_	_	_	_	_	linguistic	_	none	_	_	_	_	_	_
479-6	BOI090	479	479	6	tipo	tipo	_	_	_	_	_	linguistic	_	none	_	_	_	_	_	_
479-7	BOI090	479	479	7	i	i	_	_	_	_	_	linguistic	_	none	_	_	_	_	_	_
479-8	BOI090	479	479	8	po:rtici	portici	_	_	_	_	_	linguistic	_	none	_	_	1x1	_	_	_
479-9	BOI090	479	479	9	no	no	_	_	_	_	_	linguistic	_	none	_	_	_	_	_	_
479-10	BOI090	479	479	10	dove	dove	_	_	_	_	_	linguistic	_	none	_	End=1279.2	_	_	_	_
480-0	BOI090	480	480	0	pensi	pensi	_	_	_	_	_	linguistic	_	none	_	Begin=1279.396	_	_	_	_
480-1	BOI090	480	480	1	che	che	_	_	_	_	_	linguistic	_	none	_	_	_	_	_	_
480-2	BOI090	480	480	2	ci	ci	_	_	_	_	_	linguistic	_	none	_	_	_	_	_	_
480-3	BOI090	480	480	3	si	si	_	_	_	_	_	linguistic	_	none	_	_	_	_	_	_
480-4	BOI090	480	480	4	possa	possa	_	_	_	_	_	linguistic	_	none	_	_	_	_	_	_
480-5	BOI090	480	480	5	stare	stare	_	_	_	_	_	linguistic	_	none	_	End=1280.86	_	_	_	_
481-0	BOI090	481	481	0	non	non	_	_	_	_	_	linguistic	_	none	_	Begin=1281.031	_	_	_	_
481-1	BOI090	481	481	1	non	non	_	_	_	_	_	linguistic	_	none	_	_	_	_	_	_
481-2	BOI090	481	481	2	si	si	_	_	_	_	_	linguistic	_	none	_	_	_	_	_	_
481-3	BOI090	481	481	3	sta	sta	_	_	_	_	_	linguistic	_	none	_	_	_	_	_	_
481-4	BOI090	481	481	4	bene	bene	_	_	_	_	_	linguistic	_	none	_	_	_	_	_	_
481-5	BOI090	481	481	5	a	a	_	_	_	_	_	linguistic	_	none	_	_	_	_	_	_
481-6	BOI090	481	481	6	bologna	bologna	_	_	_	_	_	linguistic	_	none	_	_	_	_	_	_
481-7	BOI090	481	481	7	d'	d'	_	_	_	_	_	linguistic	_	none	SpaceAfter=No	_	_	_	_	_
481-8	BOI090	481	481	8	estate	estate	_	_	_	_	_	linguistic	_	none	_	_	_	_	_	_
481-9	BOI090	481	481	9	purtroppo	purtroppo	_	_	_	_	_	linguistic	_	none	_	End=1283.682	_	_	_	_
482-0	BOI090	482	482	0	fa	fa	_	_	_	_	_	linguistic	_	none	_	Begin=1284.103	_	_	_	_
482-1	BOI090	482	482	1	ta:nto	tanto	_	_	_	_	_	linguistic	_	none	_	_	1x1	_	_	_
482-2	BOI090	482	482	2	tanto	tanto	_	_	_	_	_	linguistic	_	none	_	_	_	_	_	_
482-3	BOI090	482	482	3	caldo	caldo	_	_	_	_	_	linguistic	_	none	_	End=1285.363	_	_	_	_
483-0	BOR030	483	483	0	però	però	_	_	_	_	_	linguistic	_	none	_	Begin=1286.259	_	_	_	_
483-1	BOR030	483	483	1	se	se	_	_	_	_	_	linguistic	_	none	_	_	_	_	_	_
483-2	BOR030	483	483	2	non	non	_	_	_	_	_	linguistic	_	none	_	_	_	_	_	_
483-3	BOR030	483	483	3	facesse	facesse	_	_	_	_	_	linguistic	_	none	_	_	_	_	_	_
483-4	BOR030	483	483	4	così	così	_	_	_	_	_	linguistic	_	none	_	_	_	_	_	_
483-5	BOR030	483	483	5	caldo:	caldo	_	_	_	_	_	linguistic	_	none	_	End=1288.081	4x1	_	_	_
484-0	BOI090	484	484	0	[è	è	_	_	_	_	_	linguistic	_	none	_	Begin=1288.385	_	_	_	0-1(96)
484-1	BOI090	484	484	1	vivibile]	vivibile	_	_	_	_	_	linguistic	_	none	_	End=1289.225	_	_	_	0-8(96)
485-0	BOR030	485	485	0	[passeresti:]	passeresti	_	_	_	_	_	linguistic	_	none	_	Begin=1288.388|End=1289.414	9x1	_	_	0-10(96)
486-0	BOI090	486	486	0	>sì	sì	_	_	_	_	_	linguistic	_	none	_	Begin=1289.51	_	Fast=0-2(0)	_	_
486-1	BOI090	486	486	1	sì	sì	_	_	_	_	_	linguistic	_	none	_	_	_	Fast=0-2(0)	_	_
486-2	BOI090	486	486	2	sì<	sì	_	_	_	_	_	linguistic	_	none	_	End=1290.17	_	Fast=0-2(0)	_	_
487-0	BOI090	487	487	0	certo	certo	_	_	_	_	_	linguistic	_	none	_	Begin=1290.434|End=1290.95	_	_	_	_
488-0	BOI090	488	488	0	nel	nel	_	_	_	_	_	linguistic	_	none	_	Begin=1291.239	_	_	_	_
488-1	BOI090	488	488	1	senso	senso	_	_	_	_	_	linguistic	_	none	_	_	_	_	_	_
488-2	BOI090	488	488	2	che	che	_	_	_	_	_	linguistic	_	none	_	_	_	_	_	_
488-3	BOI090	488	488	3	comunque	comunque	_	_	_	_	_	linguistic	_	none	_	End=1292.47	_	_	_	_
489-0	BOI090	489	489	0	secondo	secondo	_	_	_	_	_	linguistic	_	none	_	Begin=1292.735	_	_	_	_
489-1	BOI090	489	489	1	me	me	_	_	_	_	_	linguistic	_	none	_	_	_	_	_	_
489-2	BOI090	489	489	2	è	è	_	_	_	_	_	linguistic	_	none	_	_	_	_	_	_
489-3	BOI090	489	489	3	fattibile	fattibile	_	_	_	_	_	linguistic	_	none	_	_	_	_	_	_
489-4	BOI090	489	489	4	gira:re	girare	_	_	_	_	_	linguistic	_	none	_	_	3x1	_	_	_
489-5	BOI090	489	489	5	di~	di~	_	_	_	_	_	linguistic	_	none	Interrupted=Yes	_	_	_	_	_
489-6	BOI090	489	489	6	a	a	_	_	_	_	_	linguistic	_	none	_	_	_	_	_	_
489-7	BOI090	489	489	7	bologna	bologna	_	_	_	_	_	linguistic	_	none	_	_	_	_	_	_
489-8	BOI090	489	489	8	anche	anche	_	_	_	_	_	linguistic	_	none	_	_	_	_	_	_
489-9	BOI090	489	489	9	d'	d'	_	_	_	_	_	linguistic	_	none	SpaceAfter=No	_	_	_	_	_
489-10	BOI090	489	489	10	estate	estate	_	_	_	_	_	linguistic	_	none	_	_	_	_	_	_
489-11	BOI090	489	489	11	no?	no	_	_	_	_	_	linguistic	_	none	Intonation=Rising	End=1297.181	_	_	_	_
490-0	BOI090	490	490	0	peccato	peccato	_	_	_	_	_	linguistic	_	none	_	Begin=1297.593	_	_	_	_
490-1	BOI090	490	490	1	per	per	_	_	_	_	_	linguistic	_	none	_	_	_	_	_	_
490-2	BOI090	490	490	2	il	il	_	_	_	_	_	linguistic	_	none	_	_	_	_	_	_
490-3	BOI090	490	490	3	caldo	caldo	_	_	_	_	_	linguistic	_	none	_	End=1298.745	_	_	_	_
491-0	BOI090	491	491	0	perché	perché	_	_	_	_	_	linguistic	_	none	_	Begin=1298.817	_	_	_	_
491-1	BOI090	491	491	1	proprio	proprio	_	_	_	_	_	linguistic	_	none	_	_	_	_	_	_
491-2	BOI090	491	491	2	è:	è	_	_	_	_	_	linguistic	_	none	_	_	0x1	_	_	_
491-3	BOI090	491	491	3	rende	rende	_	_	_	_	_	linguistic	_	none	_	_	_	_	_	_
491-4	BOI090	491	491	4	tutto:	tutto	_	_	_	_	_	linguistic	_	none	_	_	4x1	_	_	_
491-5	BOI090	491	491	5	completamente	completamente	_	_	_	_	_	linguistic	_	none	_	_	_	_	_	_
491-6	BOI090	491	491	6	invivibile	invivibile	_	_	_	_	_	linguistic	_	none	_	End=1302.661	_	_	_	_
492-0	BOR030	492	492	0	°d'	d'	_	_	_	_	_	linguistic	_	none	SpaceAfter=No|Volume=low	Begin=1303.261	_	_	_	_
492-1	BOR030	492	492	1	accordo°	accordo	_	_	_	_	_	linguistic	_	none	Volume=low	End=1303.813	_	_	_	_
493-0	BOR030	493	493	0	tornerei	tornerei	_	_	_	_	_	linguistic	_	none	_	Begin=1304.793	_	_	_	_
493-1	BOR030	493	493	1	alla	alla	_	_	_	_	_	linguistic	_	none	_	_	_	_	_	_
493-2	BOR030	493	493	2	questione	questione	_	_	_	_	_	linguistic	_	none	_	_	_	_	_	_
493-3	BOR030	493	493	3	cibo	cibo	_	_	_	_	_	linguistic	_	none	_	_	_	_	_	_
493-4	BOR030	493	493	4	adesso	adesso	_	_	_	_	_	linguistic	_	none	_	End=1306.744	_	_	_	_
494-0	BOI090	494	494	0	okay	okay	_	_	_	_	_	linguistic	_	none	_	Begin=1306.744|End=1307.431	_	_	_	_
495-0	BOI090	495	495	0	bello	bello	_	_	_	_	_	linguistic	_	none	_	Begin=1307.67|End=1308.171	_	_	_	_
496-0	BOR030	496	496	0	allora	allora	_	_	_	_	_	linguistic	_	none	_	Begin=1308.392|End=1309.107	_	_	_	_
497-0	BOI090	497	497	0	{ride}	{ride}	_	_	_	_	_	nonverbalbehavior	_	none	_	Begin=1308.735|End=1309.346	_	_	_	_
498-0	BOR030	498	498	0	sappiamo	sappiamo	_	_	_	_	_	linguistic	_	none	_	Begin=1309.4	_	_	_	_
498-1	BOR030	498	498	1	che	che	_	_	_	_	_	linguistic	_	none	_	_	_	_	_	_
498-2	BOR030	498	498	2	bologna	bologna	_	_	_	_	_	linguistic	_	none	_	_	_	_	_	_
498-3	BOR030	498	498	3	è	è	_	_	_	_	_	linguistic	_	none	_	End=1311.191	_	_	_	_
499-0	BOR030	499	499	0	carichissima	carichissima	_	_	_	_	_	linguistic	_	none	_	Begin=1311.416	_	_	_	_
499-1	BOR030	499	499	1	di	di	_	_	_	_	_	linguistic	_	none	_	_	_	_	_	_
499-2	BOR030	499	499	2	una:	una	_	_	_	_	_	linguistic	_	none	_	_	2x1	_	_	_
499-3	BOR030	499	499	3	tradizione	tradizione	_	_	_	_	_	linguistic	_	none	_	_	_	_	_	_
499-4	BOR030	499	499	4	culinaria:	culinaria	_	_	_	_	_	linguistic	_	none	_	End=1314.558	8x1	_	_	_
500-0	BOI090	500	500	0	[sì	sì	_	_	_	_	_	linguistic	_	none	_	Begin=1314.637	_	_	_	0-2(100)
500-1	BOI090	500	500	1	sì]	sì	_	_	_	_	_	linguistic	_	none	_	End=1315.435	_	_	_	0-2(100)
501-0	BOR030	501	501	0	[potente]	potente	_	_	_	_	_	linguistic	_	none	_	Begin=1314.637|End=1315.435	_	_	_	0-7(100)
502-0	BOR030	502	502	0	e:	e	_	_	_	_	_	linguistic	_	none	_	Begin=1315.91	0x1	_	_	_
502-1	BOR030	502	502	1	tu	tu	_	_	_	_	_	linguistic	_	none	_	_	_	_	_	_
502-2	BOR030	502	502	2	per	per	_	_	_	_	_	linguistic	_	none	_	_	_	_	_	_
502-3	BOR030	502	502	3	caso	caso	_	_	_	_	_	linguistic	_	none	_	_	_	_	_	_
502-4	BOR030	502	502	4	conosci	conosci	_	_	_	_	_	linguistic	_	none	_	_	_	_	_	_
502-5	BOR030	502	502	5	osteri:e	osterie	_	_	_	_	_	linguistic	_	none	_	_	5x1	_	_	_
502-6	BOR030	502	502	6	o	o	_	_	_	_	_	linguistic	_	none	_	_	_	_	_	_
502-7	BOR030	502	502	7	trattori:e:	trattorie	_	_	_	_	_	linguistic	_	none	_	_	7x1,8x1	_	_	_
502-8	BOR030	502	502	8	o:	o	_	_	_	_	_	linguistic	_	none	_	_	0x1	_	_	_
502-9	BOR030	502	502	9	posti	posti	_	_	_	_	_	linguistic	_	none	_	_	_	_	_	_
502-10	BOR030	502	502	10	dove	dove	_	_	_	_	_	linguistic	_	none	_	_	_	_	_	_
502-11	BOR030	502	502	11	andare	andare	_	_	_	_	_	linguistic	_	none	_	_	_	_	_	_
502-12	BOR030	502	502	12	a	a	_	_	_	_	_	linguistic	_	none	_	_	_	_	_	_
502-13	BOR030	502	502	13	mangi[a:re]?	mangiare	_	_	_	_	_	linguistic	_	none	Intonation=Rising	End=1321.82	5x1	_	_	5-8(101)
503-0	BOI090	503	503	0	[cer]to	certo	_	_	_	_	_	linguistic	_	none	_	Begin=1321.34|End=1322.031	_	_	_	0-3(101)
504-0	BOI090	504	504	0	certo	certo	_	_	_	_	_	linguistic	_	none	_	Begin=1322.339	_	_	_	_
504-1	BOI090	504	504	1	tantissimi	tantissimi	_	_	_	_	_	linguistic	_	none	_	End=1323.678	_	_	_	_
505-0	BOI090	505	505	0	allora	allora	_	_	_	_	_	linguistic	_	none	_	Begin=1324.059	_	_	_	_
505-1	BOI090	505	505	1	bologna:	bologna	_	_	_	_	_	linguistic	_	none	_	_	6x1	_	_	_
505-2	BOI090	505	505	2	e	e	_	_	_	_	_	linguistic	_	none	_	_	_	_	_	_
505-3	BOI090	505	505	3	parlo	parlo	_	_	_	_	_	linguistic	_	none	_	_	_	_	_	_
505-4	BOI090	505	505	4	proprio	proprio	_	_	_	_	_	linguistic	_	none	_	_	_	_	_	_
505-5	BOI090	505	505	5	del	del	_	_	_	_	_	linguistic	_	none	_	_	_	_	_	_
505-6	BOI090	505	505	6	centro	centro	_	_	_	_	_	linguistic	_	none	_	End=1327.677	_	_	_	_
506-0	BOI090	506	506	0	<ogni	ogni	_	_	_	_	_	linguistic	_	none	_	Begin=1327.946	_	Slow=0-4(0)	_	_
506-1	BOI090	506	506	1	posto>	posto	_	_	_	_	_	linguistic	_	none	_	_	_	Slow=0-5(0)	_	_
506-2	BOI090	506	506	2	in	in	_	_	_	_	_	linguistic	_	none	_	_	_	_	_	_
506-3	BOI090	506	506	3	cui	cui	_	_	_	_	_	linguistic	_	none	_	_	_	_	_	_
506-4	BOI090	506	506	4	vai	vai	_	_	_	_	_	linguistic	_	none	_	_	_	_	_	_
506-5	BOI090	506	506	5	cammini	cammini	_	_	_	_	_	linguistic	_	none	_	_	_	_	_	_
506-6	BOI090	506	506	6	tre	tre	_	_	_	_	_	linguistic	_	none	_	_	_	_	_	_
506-7	BOI090	506	506	7	mentri	mentri	_	_	_	_	_	linguistic	_	none	_	_	_	_	_	_
506-8	BOI090	506	506	8	ne	ne	_	_	_	_	_	linguistic	_	none	_	_	_	_	_	_
506-9	BOI090	506	506	9	trovi	trovi	_	_	_	_	_	linguistic	_	none	_	_	_	_	_	_
506-10	BOI090	506	506	10	una	una	_	_	_	_	_	linguistic	_	none	_	End=1332.31	_	_	_	_
507-0	BOI090	507	507	0	c(io)è	cioè	_	_	_	_	_	linguistic	_	none	_	Begin=1332.938	_	_	1-3(0)	_
507-1	BOI090	507	507	1	te	te	_	_	_	_	_	linguistic	_	none	_	_	_	_	_	_
507-2	BOI090	507	507	2	ne	ne	_	_	_	_	_	linguistic	_	none	_	_	_	_	_	_
507-3	BOI090	507	507	3	potrei	potrei	_	_	_	_	_	linguistic	_	none	_	_	_	_	_	_
507-4	BOI090	507	507	4	citare	citare	_	_	_	_	_	linguistic	_	none	_	_	_	_	_	_
507-5	BOI090	507	507	5	tanti:ssime	tantissime	_	_	_	_	_	linguistic	_	none	_	_	4x1	_	_	_
507-6	BOI090	507	507	6	anche	anche	_	_	_	_	_	linguistic	_	none	PauseAfter=Yes	_	_	_	_	_
507-7	BOI090	507	507	7	{P}	{P}	_	_	_	_	_	shortpause	_	none	_	_	_	_	_	_
507-8	BOI090	507	507	8	solo	solo	_	_	_	_	_	linguistic	_	none	PauseAfter=Yes	_	_	_	_	_
507-9	BOI090	507	507	9	{P}	{P}	_	_	_	_	_	shortpause	_	none	_	_	_	_	_	_
507-10	BOI090	507	507	10	te	te	_	_	_	_	_	linguistic	_	none	_	_	_	_	_	_
507-11	BOI090	507	507	11	ne	ne	_	_	_	_	_	linguistic	_	none	PauseAfter=Yes	_	_	_	_	_
507-12	BOI090	507	507	12	{P}	{P}	_	_	_	_	_	shortpause	_	none	_	_	_	_	_	_
507-13	BOI090	507	507	13	dico	dico	_	_	_	_	_	linguistic	_	none	_	_	_	_	_	_
507-14	BOI090	507	507	14	una	una	_	_	_	_	_	linguistic	_	none	_	_	_	_	_	_
507-15	BOI090	507	507	15	così	così	_	_	_	_	_	linguistic	_	none	_	_	_	_	_	_
507-16	BOI090	507	507	16	molto	molto	_	_	_	_	_	linguistic	_	none	_	_	_	_	_	_
507-17	BOI090	507	507	17	semplice	semplice	_	_	_	_	_	linguistic	_	none	_	_	_	_	_	_
507-18	BOI090	507	507	18	bottega	bottega	_	_	_	_	_	linguistic	_	none	_	_	_	_	_	_
507-19	BOI090	507	507	19	portici	portici	_	_	_	_	_	linguistic	_	none	_	_	_	_	_	_
507-20	BOI090	507	507	20	è	è	_	_	_	_	_	linguistic	_	none	_	_	_	_	_	_
507-21	BOI090	507	507	21	sotto	sotto	_	_	_	_	_	linguistic	_	none	_	_	_	_	_	_
507-22	BOI090	507	507	22	le	le	_	_	_	_	_	linguistic	_	none	_	_	_	_	_	_
507-23	BOI090	507	507	23	due	due	_	_	_	_	_	linguistic	_	none	_	_	_	_	_	_
507-24	BOI090	507	507	24	torri	torri	_	_	_	_	_	linguistic	_	none	_	End=1340.918	_	_	_	_
508-0	BOI090	508	508	0	ed	ed	_	_	_	_	_	linguistic	_	none	_	Begin=1341.688	_	_	_	_
508-1	BOI090	508	508	1	è	è	_	_	_	_	_	linguistic	_	none	_	_	_	_	_	_
508-2	BOI090	508	508	2	in	in	_	_	_	_	_	linguistic	_	none	_	_	_	_	_	_
508-3	BOI090	508	508	3	realtà:	realtà	_	_	_	_	_	linguistic	_	none	_	End=1342.961	5x1	_	_	_
509-0	BOI090	509	509	0	la	la	_	_	_	_	_	linguistic	_	none	_	Begin=1343.204	_	_	_	_
509-1	BOI090	509	509	1	più	più	_	_	_	_	_	linguistic	_	none	_	_	_	_	_	_
509-2	BOI090	509	509	2	famosa	famosa	_	_	_	_	_	linguistic	_	none	_	_	_	_	_	_
509-3	BOI090	509	509	3	perché	perché	_	_	_	_	_	linguistic	_	none	_	_	_	_	_	_
509-4	BOI090	509	509	4	è	è	_	_	_	_	_	linguistic	_	none	_	_	_	_	_	_
509-5	BOI090	509	509	5	simile	simile	_	_	_	_	_	linguistic	_	none	_	_	_	_	_	_
509-6	BOI090	509	509	6	a	a	_	_	_	_	_	linguistic	_	none	_	_	_	_	_	_
509-7	BOI090	509	509	7	un	un	_	_	_	_	_	linguistic	_	none	_	_	_	_	_	_
509-8	BOI090	509	509	8	fast	fast	_	_	_	_	_	linguistic	_	none	_	_	_	_	_	_
509-9	BOI090	509	509	9	food	food	_	_	_	_	_	linguistic	_	none	_	_	_	_	_	_
509-10	BOI090	509	509	10	fatto	fatto	_	_	_	_	_	linguistic	_	none	_	_	_	_	_	_
509-11	BOI090	509	509	11	alla	alla	_	_	_	_	_	linguistic	_	none	_	_	_	_	_	_
509-12	BOI090	509	509	12	bolognese	bolognese	_	_	_	_	_	linguistic	_	none	_	End=1347.18	_	_	_	_
510-0	BOI090	510	510	0	nel	nel	_	_	_	_	_	linguistic	_	none	_	Begin=1347.247	_	_	_	_
510-1	BOI090	510	510	1	senso	senso	_	_	_	_	_	linguistic	_	none	_	_	_	_	_	_
510-2	BOI090	510	510	2	che	che	_	_	_	_	_	linguistic	_	none	_	_	_	_	_	_
510-3	BOI090	510	510	3	tu	tu	_	_	_	_	_	linguistic	_	none	_	_	_	_	_	_
510-4	BOI090	510	510	4	ordini	ordini	_	_	_	_	_	linguistic	_	none	_	_	_	_	_	_
510-5	BOI090	510	510	5	con	con	_	_	_	_	_	linguistic	_	none	_	_	_	_	_	_
510-6	BOI090	510	510	6	le	le	_	_	_	_	_	linguistic	_	none	_	_	_	_	_	_
510-7	BOI090	510	510	7	macchinette	macchinette	_	_	_	_	_	linguistic	_	none	_	_	_	_	_	_
510-8	BOI090	510	510	8	automatiche	automatiche	_	_	_	_	_	linguistic	_	none	_	_	_	_	_	_
510-9	BOI090	510	510	9	il	il	_	_	_	_	_	linguistic	_	none	_	_	_	_	_	_
510-10	BOI090	510	510	10	cibo	cibo	_	_	_	_	_	linguistic	_	none	_	_	_	_	_	_
510-11	BOI090	510	510	11	bolognese	bolognese	_	_	_	_	_	linguistic	_	none	_	End=1351.102	_	_	_	_
511-0	BOI090	511	511	0	te	te	_	_	_	_	_	linguistic	_	none	_	Begin=1351.235	_	_	_	_
511-1	BOI090	511	511	1	lo	lo	_	_	_	_	_	linguistic	_	none	_	_	_	_	_	_
511-2	BOI090	511	511	2	puoi	puoi	_	_	_	_	_	linguistic	_	none	_	_	_	_	_	_
511-3	BOI090	511	511	3	portar	portar	_	_	_	_	_	linguistic	_	none	_	_	_	_	_	_
511-4	BOI090	511	511	4	via	via	_	_	_	_	_	linguistic	_	none	_	End=1352.54	_	_	_	_
512-0	BOI090	512	512	0	lo	lo	_	_	_	_	_	linguistic	_	none	_	Begin=1352.971	_	_	_	_
512-1	BOI090	512	512	1	puoi	puoi	_	_	_	_	_	linguistic	_	none	_	_	_	_	_	_
512-2	BOI090	512	512	2	mangiare	mangiare	_	_	_	_	_	linguistic	_	none	_	_	_	_	_	_
512-3	BOI090	512	512	3	lì	lì	_	_	_	_	_	linguistic	_	none	_	_	_	_	_	_
512-4	BOI090	512	512	4	tra	tra	_	_	_	_	_	linguistic	_	none	_	_	_	_	_	_
512-5	BOI090	512	512	5	l'	l'	_	_	_	_	_	linguistic	_	none	SpaceAfter=No	_	_	_	_	_
512-6	BOI090	512	512	6	altro	altro	_	_	_	_	_	linguistic	_	none	_	_	_	_	_	_
512-7	BOI090	512	512	7	su	su	_	_	_	_	_	linguistic	_	none	_	_	_	_	_	_
512-8	BOI090	512	512	8	una	una	_	_	_	_	_	linguistic	_	none	_	_	_	_	_	_
512-9	BOI090	512	512	9	terrazza	terrazza	_	_	_	_	_	linguistic	_	none	_	_	_	_	_	_
512-10	BOI090	512	512	10	bellissima	bellissima	_	_	_	_	_	linguistic	_	none	_	_	_	_	_	_
512-11	BOI090	512	512	11	che	che	_	_	_	_	_	linguistic	_	none	_	_	_	_	_	_
512-12	BOI090	512	512	12	dà	dà	_	_	_	_	_	linguistic	_	none	_	_	_	_	_	_
512-13	BOI090	512	512	13	sulle	sulle	_	_	_	_	_	linguistic	_	none	_	_	_	_	_	_
512-14	BOI090	512	512	14	due	due	_	_	_	_	_	linguistic	_	none	_	_	_	_	_	_
512-15	BOI090	512	512	15	torri:	torri	_	_	_	_	_	linguistic	_	none	_	_	4x1	_	_	_
512-16	BOI090	512	512	16	è	è	_	_	_	_	_	linguistic	_	none	_	_	_	_	_	_
512-17	BOI090	512	512	17	meraviglioso	meraviglioso	_	_	_	_	_	linguistic	_	none	_	End=1357.644	_	_	_	_
513-0	BOI090	513	513	0	e	e	_	_	_	_	_	linguistic	_	none	_	Begin=1358.406|End=1358.82	_	_	_	_
514-0	BOI090	514	514	0	vendono	vendono	_	_	_	_	_	linguistic	_	none	_	Begin=1359.072	_	_	_	_
514-1	BOI090	514	514	1	anche	anche	_	_	_	_	_	linguistic	_	none	_	_	_	_	_	_
514-2	BOI090	514	514	2	>proprio<	proprio	_	_	_	_	_	linguistic	_	none	_	_	_	Fast=0-7(0)	_	_
514-3	BOI090	514	514	3	i	i	_	_	_	_	_	linguistic	_	none	_	_	_	_	_	_
514-4	BOI090	514	514	4	tortellini	tortellini	_	_	_	_	_	linguistic	_	none	_	_	_	_	_	_
514-5	BOI090	514	514	5	fatti	fatti	_	_	_	_	_	linguistic	_	none	_	_	_	_	_	_
514-6	BOI090	514	514	6	a	a	_	_	_	_	_	linguistic	_	none	_	_	_	_	_	_
514-7	BOI090	514	514	7	in	in	_	_	_	_	_	linguistic	_	none	_	_	_	_	_	_
514-8	BOI090	514	514	8	ca:sa	casa	_	_	_	_	_	linguistic	_	none	_	_	1x1	_	_	_
514-9	BOI090	514	514	9	a	a	_	_	_	_	_	linguistic	_	none	_	_	_	_	_	_
514-10	BOI090	514	514	10	mano,	mano	_	_	_	_	_	linguistic	_	none	Intonation=WeaklyRising	_	_	_	_	_
514-11	BOI090	514	514	11	sul	sul	_	_	_	_	_	linguistic	_	none	_	_	_	_	_	_
514-12	BOI090	514	514	12	momento	momento	_	_	_	_	_	linguistic	_	none	_	_	_	_	_	_
514-13	BOI090	514	514	13	c(io)è	cioè	_	_	_	_	_	linguistic	_	none	_	_	_	_	1-3(0)	_
514-14	BOI090	514	514	14	è	è	_	_	_	_	_	linguistic	_	none	_	_	_	_	_	_
514-15	BOI090	514	514	15	buonissimo	buonissimo	_	_	_	_	_	linguistic	_	none	_	End=1365.518	_	_	_	_
515-0	BOI090	515	515	0	se	se	_	_	_	_	_	linguistic	_	none	_	Begin=1365.86	_	_	_	_
515-1	BOI090	515	515	1	poi	poi	_	_	_	_	_	linguistic	_	none	_	_	_	_	_	_
515-2	BOI090	515	515	2	vogliamo	vogliamo	_	_	_	_	_	linguistic	_	none	_	_	_	_	_	_
515-3	BOI090	515	515	3	andare	andare	_	_	_	_	_	linguistic	_	none	_	_	_	_	_	_
515-4	BOI090	515	515	4	sulle	sulle	_	_	_	_	_	linguistic	_	none	_	_	_	_	_	_
515-5	BOI090	515	515	5	trattorie	trattorie	_	_	_	_	_	linguistic	_	none	_	_	_	_	_	_
515-6	BOI090	515	515	6	quelle	quelle	_	_	_	_	_	linguistic	_	none	_	_	_	_	_	_
515-7	BOI090	515	515	7	un	un	_	_	_	_	_	linguistic	_	none	_	_	_	_	_	_
515-8	BOI090	515	515	8	pochino	pochino	_	_	_	_	_	linguistic	_	none	_	_	_	_	_	_
515-9	BOI090	515	515	9	più:	più	_	_	_	_	_	linguistic	_	none	_	_	2x1	_	_	_
515-10	BOI090	515	515	10	strutturate	strutturate	_	_	_	_	_	linguistic	_	none	_	_	_	_	_	_
515-11	BOI090	515	515	11	ecco	ecco	_	_	_	_	_	linguistic	_	none	_	_	_	_	_	_
515-12	BOI090	515	515	12	t~	t~	_	_	_	_	_	linguistic	_	none	Interrupted=Yes	_	_	_	_	_
515-13	BOI090	515	515	13	ti	ti	_	_	_	_	_	linguistic	_	none	_	_	_	_	_	_
515-14	BOI090	515	515	14	dico	dico	_	_	_	_	_	linguistic	_	none	_	_	_	_	_	_
515-15	BOI090	515	515	15	via	via	_	_	_	_	_	linguistic	_	none	_	_	_	_	_	_
515-16	BOI090	515	515	16	delle	delle	_	_	_	_	_	linguistic	_	none	_	_	_	_	_	_
515-17	BOI090	515	515	17	moline	moline	_	_	_	_	_	linguistic	_	none	_	_	_	_	_	_
515-18	BOI090	515	515	18	è	è	_	_	_	_	_	linguistic	_	none	_	_	_	_	_	_
515-19	BOI090	515	515	19	piena	piena	_	_	_	_	_	linguistic	_	none	_	End=1372.024	_	_	_	_
516-0	BOI090	516	516	0	via	via	_	_	_	_	_	linguistic	_	none	_	Begin=1372.606	_	_	_	_
516-1	BOI090	516	516	1	del	del	_	_	_	_	_	linguistic	_	none	_	_	_	_	_	_
516-2	BOI090	516	516	2	pratello	pratello	_	_	_	_	_	linguistic	_	none	_	_	_	_	_	_
516-3	BOI090	516	516	3	stessa	stessa	_	_	_	_	_	linguistic	_	none	_	_	_	_	_	_
516-4	BOI090	516	516	4	via	via	_	_	_	_	_	linguistic	_	none	_	_	_	_	_	_
516-5	BOI090	516	516	5	del	del	_	_	_	_	_	linguistic	_	none	_	_	_	_	_	_
516-6	BOI090	516	516	6	pratello	pratello	_	_	_	_	_	linguistic	_	none	_	_	_	_	_	_
516-7	BOI090	516	516	7	è	è	_	_	_	_	_	linguistic	_	none	_	End=1374.91	_	_	_	_
517-0	BOI090	517	517	0	il	il	_	_	_	_	_	linguistic	_	none	_	Begin=1375.425	_	_	_	_
517-1	BOI090	517	517	1	luogo	luogo	_	_	_	_	_	linguistic	_	none	_	_	_	_	_	_
517-2	BOI090	517	517	2	delle	delle	_	_	_	_	_	linguistic	_	none	_	_	_	_	_	_
517-3	BOI090	517	517	3	osterie	osterie	_	_	_	_	_	linguistic	_	none	_	_	_	_	_	_
517-4	BOI090	517	517	4	quello	quello	_	_	_	_	_	linguistic	_	none	_	_	_	_	_	_
517-5	BOI090	517	517	5	addirittura,	addirittura	_	_	_	_	_	linguistic	_	none	Intonation=WeaklyRising	_	_	_	_	_
517-6	BOI090	517	517	6	le	le	_	_	_	_	_	linguistic	_	none	_	_	_	_	_	_
517-7	BOI090	517	517	7	osterie	osterie	_	_	_	_	_	linguistic	_	none	_	_	_	_	_	_
517-8	BOI090	517	517	8	vecchie	vecchie	_	_	_	_	_	linguistic	_	none	_	_	_	_	_	_
517-9	BOI090	517	517	9	dove	dove	_	_	_	_	_	linguistic	_	none	_	End=1379.207	_	_	_	_
518-0	BOI090	518	518	0	ti	ti	_	_	_	_	_	linguistic	_	none	_	Begin=1379.617	_	_	_	_
518-1	BOI090	518	518	1	davano	davano	_	_	_	_	_	linguistic	_	none	_	_	_	_	_	_
518-2	BOI090	518	518	2	il	il	_	_	_	_	_	linguistic	_	none	_	_	_	_	_	_
518-3	BOI090	518	518	3	vino	vino	_	_	_	_	_	linguistic	_	none	_	_	_	_	_	_
518-4	BOI090	518	518	4	e	e	_	_	_	_	_	linguistic	_	none	_	_	_	_	_	_
518-5	BOI090	518	518	5	tu	tu	_	_	_	_	_	linguistic	_	none	_	_	_	_	_	_
518-6	BOI090	518	518	6	ti	ti	_	_	_	_	_	linguistic	_	none	_	_	_	_	_	_
518-7	BOI090	518	518	7	portavi	portavi	_	_	_	_	_	linguistic	_	none	_	_	_	_	_	_
518-8	BOI090	518	518	8	il	il	_	_	_	_	_	linguistic	_	none	_	_	_	_	_	_
518-9	BOI090	518	518	9	mangiare	mangiare	_	_	_	_	_	linguistic	_	none	_	_	_	_	_	_
518-10	BOI090	518	518	10	da	da	_	_	_	_	_	linguistic	_	none	_	_	_	_	_	_
518-11	BOI090	518	518	11	casa	casa	_	_	_	_	_	linguistic	_	none	_	_	_	_	_	_
518-12	BOI090	518	518	12	che	che	_	_	_	_	_	linguistic	_	none	_	_	_	_	_	_
518-13	BOI090	518	518	13	adesso	adesso	_	_	_	_	_	linguistic	_	none	_	_	_	_	_	_
518-14	BOI090	518	518	14	sono	sono	_	_	_	_	_	linguistic	_	none	_	_	_	_	_	_
518-15	BOI090	518	518	15	cambiate	cambiate	_	_	_	_	_	linguistic	_	none	_	_	_	_	_	_
518-16	BOI090	518	518	16	>fortunatamente<	fortunatamente	_	_	_	_	_	linguistic	_	none	_	End=1384.121	_	Fast=0-14(0)	_	_
519-0	BOI090	519	519	0	però:	però	_	_	_	_	_	linguistic	_	none	_	Begin=1384.659	3x1	_	_	_
519-1	BOI090	519	519	1	sì	sì	_	_	_	_	_	linguistic	_	none	_	_	_	_	_	_
519-2	BOI090	519	519	2	ce	ce	_	_	_	_	_	linguistic	_	none	_	_	_	_	_	_
519-3	BOI090	519	519	3	ne	ne	_	_	_	_	_	linguistic	_	none	_	_	_	_	_	_
519-4	BOI090	519	519	4	sono	sono	_	_	_	_	_	linguistic	_	none	_	_	_	_	_	_
519-5	BOI090	519	519	5	tantissime	tantissime	_	_	_	_	_	linguistic	_	none	_	End=1386.575	_	_	_	_
520-0	BOR030	520	520	0	d'	d'	_	_	_	_	_	linguistic	_	none	SpaceAfter=No	Begin=1387.502	_	_	_	_
520-1	BOR030	520	520	1	accordo	accordo	_	_	_	_	_	linguistic	_	none	_	End=1388.102	_	_	_	_
521-0	BOR030	521	521	0	e:	e	_	_	_	_	_	linguistic	_	none	_	Begin=1388.421	0x1	_	_	_
521-1	BOR030	521	521	1	tra	tra	_	_	_	_	_	linguistic	_	none	_	_	_	_	_	_
521-2	BOR030	521	521	2	le	le	_	_	_	_	_	linguistic	_	none	_	_	_	_	_	_
521-3	BOR030	521	521	3	varie:	varie	_	_	_	_	_	linguistic	_	none	_	_	4x1	_	_	_
521-4	BOR030	521	521	4	piatti	piatti	_	_	_	_	_	linguistic	_	none	_	_	_	_	_	_
521-5	BOR030	521	521	5	pietanze:	pietanze	_	_	_	_	_	linguistic	_	none	_	_	7x1	_	_	_
521-6	BOR030	521	521	6	bolognesi	bolognesi	_	_	_	_	_	linguistic	_	none	_	_	_	_	_	_
521-7	BOR030	521	521	7	hai	hai	_	_	_	_	_	linguistic	_	none	_	_	_	_	_	_
521-8	BOR030	521	521	8	delle	delle	_	_	_	_	_	linguistic	_	none	_	_	_	_	_	_
521-9	BOR030	521	521	9	prefer[ite]?	preferite	_	_	_	_	_	linguistic	_	none	Intonation=Rising	End=1393.47	_	_	_	6-9(?)
522-0	BOI090	522	522	0	[°oh]	oh	_	_	_	_	_	linguistic	_	none	Volume=low	Begin=1393.549	_	_	_	0-2(?)
522-1	BOI090	522	522	1	certo°	certo	_	_	_	_	_	linguistic	_	none	Volume=low	_	_	_	_	_
522-2	BOI090	522	522	2	{ride}	{ride}	_	_	_	_	_	nonverbalbehavior	_	none	_	_	_	_	_	_
522-3	BOI090	522	522	3	allora	allora	_	_	_	_	_	linguistic	_	none	_	_	_	_	_	_
522-4	BOI090	522	522	4	io	io	_	_	_	_	_	linguistic	_	none	_	_	_	_	_	_
522-5	BOI090	522	522	5	mangerei	mangerei	_	_	_	_	_	linguistic	_	none	_	_	_	_	_	_
522-6	BOI090	522	522	6	tutto	tutto	_	_	_	_	_	linguistic	_	none	_	_	_	_	_	_
522-7	BOI090	522	522	7	il	il	_	_	_	_	_	linguistic	_	none	_	_	_	_	_	_
522-8	BOI090	522	522	8	cibo	cibo	_	_	_	_	_	linguistic	_	none	_	_	_	_	_	_
522-9	BOI090	522	522	9	bolognese	bolognese	_	_	_	_	_	linguistic	_	none	_	_	_	_	_	_
522-10	BOI090	522	522	10	per	per	_	_	_	_	_	linguistic	_	none	_	_	_	_	_	_
522-11	BOI090	522	522	11	me:	me	_	_	_	_	_	linguistic	_	none	_	End=1398.146	1x1	_	_	_
523-0	BOI090	523	523	0	perché	perché	_	_	_	_	_	linguistic	_	none	_	Begin=1398.315	_	_	_	_
523-1	BOI090	523	523	1	è	è	_	_	_	_	_	linguistic	_	none	_	_	_	_	_	_
523-2	BOI090	523	523	2	è	è	_	_	_	_	_	linguistic	_	none	_	_	_	_	_	_
523-3	BOI090	523	523	3	la	la	_	_	_	_	_	linguistic	_	none	_	_	_	_	_	_
523-4	BOI090	523	523	4	patria	patria	_	_	_	_	_	linguistic	_	none	_	_	_	_	_	_
523-5	BOI090	523	523	5	della	della	_	_	_	_	_	linguistic	_	none	_	_	_	_	_	_
523-6	BOI090	523	523	6	pasta	pasta	_	_	_	_	_	linguistic	_	none	PauseAfter=Yes	_	_	_	_	_
523-7	BOI090	523	523	7	{P}	{P}	_	_	_	_	_	shortpause	_	none	_	_	_	_	_	_
523-8	BOI090	523	523	8	un	un	_	_	_	_	_	linguistic	_	none	_	_	_	_	_	_
523-9	BOI090	523	523	9	po'	po'	_	_	_	_	_	linguistic	_	none	_	_	_	_	_	_
523-10	BOI090	523	523	10	come	come	_	_	_	_	_	linguistic	_	none	_	_	_	_	_	_
523-11	BOI090	523	523	11	ro:ma,	roma	_	_	_	_	_	linguistic	_	none	Intonation=WeaklyRising	_	1x1	_	_	_
523-12	BOI090	523	523	12	anche	anche	_	_	_	_	_	linguistic	_	none	_	_	_	_	_	_
523-13	BOI090	523	523	13	bologna	bologna	_	_	_	_	_	linguistic	_	none	_	_	_	_	_	_
523-14	BOI090	523	523	14	ha	ha	_	_	_	_	_	linguistic	_	none	_	_	_	_	_	_
523-15	BOI090	523	523	15	un	un	_	_	_	_	_	linguistic	_	none	_	_	_	_	_	_
523-16	BOI090	523	523	16	sacco	sacco	_	_	_	_	_	linguistic	_	none	_	_	_	_	_	_
523-17	BOI090	523	523	17	di	di	_	_	_	_	_	linguistic	_	none	_	_	_	_	_	_
523-18	BOI090	523	523	18	primi	primi	_	_	_	_	_	linguistic	_	none	_	_	_	_	_	_
523-19	BOI090	523	523	19	piatti	piatti	_	_	_	_	_	linguistic	_	none	_	_	_	_	_	_
523-20	BOI090	523	523	20	che	che	_	_	_	_	_	linguistic	_	none	_	_	_	_	_	_
523-21	BOI090	523	523	21	per	per	_	_	_	_	_	linguistic	_	none	_	_	_	_	_	_
523-22	BOI090	523	523	22	me	me	_	_	_	_	_	linguistic	_	none	_	_	_	_	_	_
523-23	BOI090	523	523	23	sono	sono	_	_	_	_	_	linguistic	_	none	_	End=1405.046	_	_	_	_
524-0	BOI090	524	524	0	devastanti	devastanti	_	_	_	_	_	linguistic	_	none	_	Begin=1405.62	_	_	_	_
524-1	BOI090	524	524	1	buonissimi	buonissimi	_	_	_	_	_	linguistic	_	none	_	End=1407.068	_	_	_	_
525-0	BOI090	525	525	0	tortellini	tortellini	_	_	_	_	_	linguistic	_	none	_	Begin=1407.743	_	_	_	_
525-1	BOI090	525	525	1	(o	o	_	_	_	_	_	linguistic	_	none	_	_	_	_	0-1(0)	_
525-2	BOI090	525	525	2	vero)	vero	_	_	_	_	_	linguistic	_	none	_	_	_	_	0-4(0)	_
525-3	BOI090	525	525	3	o	o	_	_	_	_	_	linguistic	_	none	_	_	_	_	_	_
525-4	BOI090	525	525	4	il	il	_	_	_	_	_	linguistic	_	none	_	_	_	_	_	_
525-5	BOI090	525	525	5	proprio:	proprio	_	_	_	_	_	linguistic	_	none	_	End=1410.138	6x1	_	_	_
526-0	BOI090	526	526	0	<soprattutti:>	soprattutti	_	_	_	_	_	linguistic	_	none	_	Begin=1410.496|End=1411.768	10x1	Slow=0-11(0)	_	_
527-0	BOI090	527	527	0	abbiam	abbiam	_	_	_	_	_	linguistic	_	none	_	Begin=1412.563	_	_	_	_
527-1	BOI090	527	527	1	le	le	_	_	_	_	_	linguistic	_	none	_	_	_	_	_	_
527-2	BOI090	527	527	2	tagliatelle	tagliatelle	_	_	_	_	_	linguistic	_	none	_	End=1413.67	_	_	_	_
528-0	BOI090	528	528	0	le	le	_	_	_	_	_	linguistic	_	none	_	Begin=1413.969	_	_	_	_
528-1	BOI090	528	528	1	lasagne	lasagne	_	_	_	_	_	linguistic	_	none	_	End=1414.935	_	_	_	_
529-0	BOI090	529	529	0	devastanti	devastanti	_	_	_	_	_	linguistic	_	none	_	Begin=1416.704	_	_	_	_
529-1	BOI090	529	529	1	buonissimo	buonissimo	_	_	_	_	_	linguistic	_	none	_	End=1418.136	_	_	_	_
530-0	BOI090	530	530	0	poi	poi	_	_	_	_	_	linguistic	_	none	_	Begin=1418.591	_	_	_	_
530-1	BOI090	530	530	1	se	se	_	_	_	_	_	linguistic	_	none	_	_	_	_	_	_
530-2	BOI090	530	530	2	vogliamo	vogliamo	_	_	_	_	_	linguistic	_	none	_	_	_	_	_	_
530-3	BOI090	530	530	3	andare	andare	_	_	_	_	_	linguistic	_	none	_	_	_	_	_	_
530-4	BOI090	530	530	4	su	su	_	_	_	_	_	linguistic	_	none	_	_	_	_	_	_
530-5	BOI090	530	530	5	cibi	cibi	_	_	_	_	_	linguistic	_	none	_	_	_	_	_	_
530-6	BOI090	530	530	6	un	un	_	_	_	_	_	linguistic	_	none	_	_	_	_	_	_
530-7	BOI090	530	530	7	pochino	pochino	_	_	_	_	_	linguistic	_	none	_	_	_	_	_	_
530-8	BOI090	530	530	8	meno:	meno	_	_	_	_	_	linguistic	_	none	_	_	3x1	_	_	_
530-9	BOI090	530	530	9	strutturati	strutturati	_	_	_	_	_	linguistic	_	none	_	_	_	_	_	_
530-10	BOI090	530	530	10	ecco	ecco	_	_	_	_	_	linguistic	_	none	_	_	_	_	_	_
530-11	BOI090	530	530	11	la	la	_	_	_	_	_	linguistic	_	none	_	_	_	_	_	_
530-12	BOI090	530	530	12	mortadella	mortadella	_	_	_	_	_	linguistic	_	none	_	_	_	_	_	_
530-13	BOI090	530	530	13	c(io)è:	cioè	_	_	_	_	_	linguistic	_	none	_	_	3x1	_	1-3(0)	_
530-14	BOI090	530	530	14	è	è	_	_	_	_	_	linguistic	_	none	_	_	_	_	_	_
530-15	BOI090	530	530	15	il	il	_	_	_	_	_	linguistic	_	none	_	_	_	_	_	_
530-16	BOI090	530	530	16	nostro	nostro	_	_	_	_	_	linguistic	_	none	_	End=1424.209	_	_	_	_
531-0	BOI090	531	531	0	si	si	_	_	_	_	_	linguistic	_	none	_	Begin=1424.413	_	_	_	_
531-1	BOI090	531	531	1	può	può	_	_	_	_	_	linguistic	_	none	_	_	_	_	_	_
531-2	BOI090	531	531	2	mangiar	mangiar	_	_	_	_	_	linguistic	_	none	_	_	_	_	_	_
531-3	BOI090	531	531	3	sempre	sempre	_	_	_	_	_	linguistic	_	none	_	_	_	_	_	_
531-4	BOI090	531	531	4	gnocco	gnocco	_	_	_	_	_	linguistic	_	none	_	_	_	_	_	_
531-5	BOI090	531	531	5	fritto,	fritto	_	_	_	_	_	linguistic	_	none	Intonation=WeaklyRising	End=1426.558	_	_	_	_
532-0	BOI090	532	532	0	la	la	_	_	_	_	_	linguistic	_	none	_	Begin=1427.01	_	_	_	_
532-1	BOI090	532	532	1	crescentina	crescentina	_	_	_	_	_	linguistic	_	none	_	End=1427.95	_	_	_	_
533-0	BOI090	533	533	0	c(io)è:	cioè	_	_	_	_	_	linguistic	_	none	_	Begin=1429.061|End=1429.611	3x1	_	1-3(0)	_
534-0	BOI090	534	534	0	buonissimo	buonissimo	_	_	_	_	_	linguistic	_	none	_	Begin=1430.261	_	_	_	_
534-1	BOI090	534	534	1	il	il	_	_	_	_	_	linguistic	_	none	_	_	_	_	_	_
534-2	BOI090	534	534	2	cibo	cibo	_	_	_	_	_	linguistic	_	none	_	_	_	_	_	_
534-3	BOI090	534	534	3	bolo[gnese]	bolognese	_	_	_	_	_	linguistic	_	none	_	End=1431.781	_	_	_	4-9(3)
535-0	BOR030	535	535	0	[i	i	_	_	_	_	_	linguistic	_	none	_	Begin=1431.381	_	_	_	0-1(3)
535-1	BOR030	535	535	1	torte]llini:	tortellini	_	_	_	_	_	linguistic	_	none	_	_	9x1	_	_	0-5(3)
535-2	BOR030	535	535	2	mi	mi	_	_	_	_	_	linguistic	_	none	_	_	_	_	_	_
535-3	BOR030	535	535	3	chiedevo,	chiedevo	_	_	_	_	_	linguistic	_	none	Intonation=WeaklyRising	_	_	_	_	_
535-4	BOR030	535	535	4	li	li	_	_	_	_	_	linguistic	_	none	_	_	_	_	_	_
535-5	BOR030	535	535	5	mangi	mangi	_	_	_	_	_	linguistic	_	none	_	End=1433.92	_	_	_	_
536-0	BOR030	536	536	0	tipicamente	tipicamente	_	_	_	_	_	linguistic	_	none	_	Begin=1433.994	_	_	_	_
536-1	BOR030	536	536	1	in	in	_	_	_	_	_	linguistic	_	none	_	_	_	_	_	_
536-2	BOR030	536	536	2	brodo	brodo	_	_	_	_	_	linguistic	_	none	_	_	_	_	_	_
536-3	BOR030	536	536	3	o	o	_	_	_	_	_	linguistic	_	none	_	_	_	_	_	_
536-4	BOR030	536	536	4	anche	anche	_	_	_	_	_	linguistic	_	none	_	_	_	_	_	_
536-5	BOR030	536	536	5	in	in	_	_	_	_	_	linguistic	_	none	_	_	_	_	_	_
536-6	BOR030	536	536	6	crema?	crema	_	_	_	_	_	linguistic	_	none	Intonation=Rising	End=1436.269	_	_	_	_
537-0	BOI090	537	537	0	allora	allora	_	_	_	_	_	linguistic	_	none	_	Begin=1436.582|End=1437.269	_	_	_	_
538-0	BOI090	538	538	0	i	i	_	_	_	_	_	linguistic	_	none	_	Begin=1438.099	_	_	_	_
538-1	BOI090	538	538	1	tortellini	tortellini	_	_	_	_	_	linguistic	_	none	_	_	_	_	_	_
538-2	BOI090	538	538	2	andrebbero	andrebbero	_	_	_	_	_	linguistic	_	none	_	_	_	_	_	_
538-3	BOI090	538	538	3	mangiati	mangiati	_	_	_	_	_	linguistic	_	none	_	_	_	_	_	_
538-4	BOI090	538	538	4	sempre	sempre	_	_	_	_	_	linguistic	_	none	_	_	_	_	_	_
538-5	BOI090	538	538	5	in	in	_	_	_	_	_	linguistic	_	none	_	_	_	_	_	_
538-6	BOI090	538	538	6	brodo	brodo	_	_	_	_	_	linguistic	_	none	_	End=1440.465	_	_	_	_
539-0	BOI090	539	539	0	però	però	_	_	_	_	_	linguistic	_	none	_	Begin=1440.911|End=1441.326	_	_	_	_
540-0	BOI090	540	540	0	d'	d'	_	_	_	_	_	linguistic	_	none	SpaceAfter=No	Begin=1441.6	_	_	_	_
540-1	BOI090	540	540	1	estate	estate	_	_	_	_	_	linguistic	_	none	_	_	_	_	_	_
540-2	BOI090	540	540	2	{ride}	{ride}	_	_	_	_	_	nonverbalbehavior	_	none	_	_	_	_	_	_
540-3	BOI090	540	540	3	è	è	_	_	_	_	_	linguistic	_	none	_	_	_	_	_	_
540-4	BOI090	540	540	4	un	un	_	_	_	_	_	linguistic	_	none	_	_	_	_	_	_
540-5	BOI090	540	540	5	po'	po'	_	_	_	_	_	linguistic	_	none	_	_	_	_	_	_
540-6	BOI090	540	540	6	difficile	difficile	_	_	_	_	_	linguistic	_	none	_	_	_	_	_	_
540-7	BOI090	540	540	7	noi	noi	_	_	_	_	_	linguistic	_	none	_	_	_	_	_	_
540-8	BOI090	540	540	8	mangiamo	mangiamo	_	_	_	_	_	linguistic	_	none	_	_	_	_	_	_
540-9	BOI090	540	540	9	i	i	_	_	_	_	_	linguistic	_	none	_	_	_	_	_	_
540-10	BOI090	540	540	10	tortellini	tortellini	_	_	_	_	_	linguistic	_	none	_	_	_	_	_	_
540-11	BOI090	540	540	11	anche	anche	_	_	_	_	_	linguistic	_	none	_	_	_	_	_	_
540-12	BOI090	540	540	12	d'	d'	_	_	_	_	_	linguistic	_	none	SpaceAfter=No	_	_	_	_	_
540-13	BOI090	540	540	13	estate	estate	_	_	_	_	_	linguistic	_	none	_	_	_	_	_	_
540-14	BOI090	540	540	14	perché	perché	_	_	_	_	_	linguistic	_	none	_	_	_	_	_	_
540-15	BOI090	540	540	15	la	la	_	_	_	_	_	linguistic	_	none	_	_	_	_	_	_
540-16	BOI090	540	540	16	tradizione	tradizione	_	_	_	_	_	linguistic	_	none	_	_	_	_	_	_
540-17	BOI090	540	540	17	non	non	_	_	_	_	_	linguistic	_	none	_	_	_	_	_	_
540-18	BOI090	540	540	18	manca	manca	_	_	_	_	_	linguistic	_	none	_	_	_	_	_	_
540-19	BOI090	540	540	19	mai	mai	_	_	_	_	_	linguistic	_	none	_	End=1447.629	_	_	_	_
541-0	BOI090	541	541	0	si	si	_	_	_	_	_	linguistic	_	none	_	Begin=1447.781	_	_	_	_
541-1	BOI090	541	541	1	può	può	_	_	_	_	_	linguistic	_	none	_	_	_	_	_	_
541-2	BOI090	541	541	2	concedere	concedere	_	_	_	_	_	linguistic	_	none	_	_	_	_	_	_
541-3	BOI090	541	541	3	la	la	_	_	_	_	_	linguistic	_	none	_	_	_	_	_	_
541-4	BOI090	541	541	4	panna	panna	_	_	_	_	_	linguistic	_	none	_	End=1449.091	_	_	_	_
542-0	BOI090	542	542	0	<mai>	mai	_	_	_	_	_	linguistic	_	none	_	Begin=1449.174	_	Slow=0-3(0)	_	_
542-1	BOI090	542	542	1	al	al	_	_	_	_	_	linguistic	_	none	_	_	_	_	_	_
542-2	BOI090	542	542	2	ragù	ragù	_	_	_	_	_	linguistic	_	none	_	End=1450.256	_	_	_	_
543-0	BOI090	543	543	0	è	è	_	_	_	_	_	linguistic	_	none	_	Begin=1450.747	_	_	_	_
543-1	BOI090	543	543	1	è	è	_	_	_	_	_	linguistic	_	none	_	_	_	_	_	_
543-2	BOI090	543	543	2	un	un	_	_	_	_	_	linguistic	_	none	_	_	_	_	_	_
543-3	BOI090	543	543	3	insulto	insulto	_	_	_	_	_	linguistic	_	none	_	_	_	_	_	_
543-4	BOI090	543	543	4	alla	alla	_	_	_	_	_	linguistic	_	none	_	_	_	_	_	_
543-5	BOI090	543	543	5	tradizione	tradizione	_	_	_	_	_	linguistic	_	none	_	_	_	_	_	_
543-6	BOI090	543	543	6	mangiarli	mangiarli	_	_	_	_	_	linguistic	_	none	_	_	_	_	_	_
543-7	BOI090	543	543	7	al	al	_	_	_	_	_	linguistic	_	none	_	_	_	_	_	_
543-8	BOI090	543	543	8	ragù	ragù	_	_	_	_	_	linguistic	_	none	_	End=1453.326	_	_	_	_
544-0	BOR030	544	544	0	d'	d'	_	_	_	_	_	linguistic	_	none	SpaceAfter=No	Begin=1453.557	_	_	_	_
544-1	BOR030	544	544	1	accordo	accordo	_	_	_	_	_	linguistic	_	none	_	End=1454.262	_	_	_	_
545-0	BOR030	545	545	0	e:h	eh	_	_	_	_	_	linguistic	_	none	_	Begin=1454.918	0x1	_	_	_
545-1	BOR030	545	545	1	m:h	mh	_	_	_	_	_	linguistic	_	none	_	End=1456.065	0x1	_	_	_
546-0	BOR030	546	546	0	visto	visto	_	_	_	_	_	linguistic	_	none	_	Begin=1456.227	_	_	_	_
546-1	BOR030	546	546	1	che	che	_	_	_	_	_	linguistic	_	none	_	_	_	_	_	_
546-2	BOR030	546	546	2	hai	hai	_	_	_	_	_	linguistic	_	none	_	_	_	_	_	_
546-3	BOR030	546	546	3	detto	detto	_	_	_	_	_	linguistic	_	none	_	_	_	_	_	_
546-4	BOR030	546	546	4	il	il	_	_	_	_	_	linguistic	_	none	_	_	_	_	_	_
546-5	BOR030	546	546	5	ragù	ragù	_	_	_	_	_	linguistic	_	none	_	End=1457.38	_	_	_	_
547-0	BOR030	547	547	0	voi	voi	_	_	_	_	_	linguistic	_	none	_	Begin=1457.703	_	_	_	_
547-1	BOR030	547	547	1	in	in	_	_	_	_	_	linguistic	_	none	_	_	_	_	_	_
547-2	BOR030	547	547	2	casa	casa	_	_	_	_	_	linguistic	_	none	_	_	_	_	_	_
547-3	BOR030	547	547	3	il	il	_	_	_	_	_	linguistic	_	none	_	_	_	_	_	_
547-4	BOR030	547	547	4	ragù	ragù	_	_	_	_	_	linguistic	_	none	_	_	_	_	_	_
547-5	BOR030	547	547	5	lo	lo	_	_	_	_	_	linguistic	_	none	_	_	_	_	_	_
547-6	BOR030	547	547	6	fat[e]?	fate	_	_	_	_	_	linguistic	_	none	Intonation=Rising	End=1459.504	_	_	_	3-4(6)
548-0	BOI090	548	548	0	[cer]to	certo	_	_	_	_	_	linguistic	_	none	_	Begin=1459.144|End=1459.696	_	_	_	0-3(6)
549-0	BOI090	549	549	0	noi	noi	_	_	_	_	_	linguistic	_	none	_	Begin=1459.83	_	_	_	_
549-1	BOI090	549	549	1	il	il	_	_	_	_	_	linguistic	_	none	_	_	_	_	_	_
549-2	BOI090	549	549	2	ragù	ragù	_	_	_	_	_	linguistic	_	none	_	_	_	_	_	_
549-3	BOI090	549	549	3	lo	lo	_	_	_	_	_	linguistic	_	none	_	_	_	_	_	_
549-4	BOI090	549	549	4	facciamo	facciamo	_	_	_	_	_	linguistic	_	none	_	_	_	_	_	_
549-5	BOI090	549	549	5	[°sì	sì	_	_	_	_	_	linguistic	_	none	Volume=low	_	_	_	_	0-2(7)
549-6	BOI090	549	549	6	sì°]	sì	_	_	_	_	_	linguistic	_	none	Volume=low	End=1461.733	_	_	_	0-2(7)
550-0	BOR030	550	550	0	[e	e	_	_	_	_	_	linguistic	_	none	_	Begin=1461.205	_	_	_	0-1(7)
550-1	BOR030	550	550	1	come	come	_	_	_	_	_	linguistic	_	none	_	_	_	_	_	0-4(7)
550-2	BOR030	550	550	2	lo	lo	_	_	_	_	_	linguistic	_	none	_	_	_	_	_	0-2(7)
550-3	BOR030	550	550	3	f]ate?	fate	_	_	_	_	_	linguistic	_	none	Intonation=Rising	End=1462.197	_	_	_	0-1(7)
551-0	BOI090	551	551	0	allora	allora	_	_	_	_	_	linguistic	_	none	_	Begin=1462.327	_	_	_	_
551-1	BOI090	551	551	1	facciamo	facciamo	_	_	_	_	_	linguistic	_	none	_	_	_	_	_	_
551-2	BOI090	551	551	2	un	un	_	_	_	_	_	linguistic	_	none	_	_	_	_	_	_
551-3	BOI090	551	551	3	mix	mix	_	_	_	_	_	linguistic	_	none	_	_	_	_	_	_
551-4	BOI090	551	551	4	di	di	_	_	_	_	_	linguistic	_	none	_	_	_	_	_	_
551-5	BOI090	551	551	5	carne	carne	_	_	_	_	_	linguistic	_	none	_	_	_	_	_	_
551-6	BOI090	551	551	6	la	la	_	_	_	_	_	linguistic	_	none	_	_	_	_	_	_
551-7	BOI090	551	551	7	nonna:	nonna	_	_	_	_	_	linguistic	_	none	_	End=1464.861	4x1	_	_	_
552-0	BOI090	552	552	0	prende	prende	_	_	_	_	_	linguistic	_	none	_	Begin=1464.972	_	_	_	_
552-1	BOI090	552	552	1	tutta	tutta	_	_	_	_	_	linguistic	_	none	_	_	_	_	_	_
552-2	BOI090	552	552	2	la	la	_	_	_	_	_	linguistic	_	none	_	_	_	_	_	_
552-3	BOI090	552	552	3	carne	carne	_	_	_	_	_	linguistic	_	none	_	_	_	_	_	_
552-4	BOI090	552	552	4	di	di	_	_	_	_	_	linguistic	_	none	_	_	_	_	_	_
552-5	BOI090	552	552	5	maiale	maiale	_	_	_	_	_	linguistic	_	none	_	_	_	_	_	_
552-6	BOI090	552	552	6	praticamente,	praticamente	_	_	_	_	_	linguistic	_	none	Intonation=WeaklyRising	_	_	_	_	_
552-7	BOI090	552	552	7	mischia	mischia	_	_	_	_	_	linguistic	_	none	_	_	_	_	_	_
552-8	BOI090	552	552	8	salsiccia:	salsiccia	_	_	_	_	_	linguistic	_	none	_	End=1469.035	8x1	_	_	_
553-0	BOI090	553	553	0	tu~	tu~	_	_	_	_	_	linguistic	_	none	Interrupted=Yes	Begin=1469.936|End=1470.184	_	_	_	_
554-0	BOI090	554	554	0	tutto	tutto	_	_	_	_	_	linguistic	_	none	_	Begin=1470.923	_	_	_	_
554-1	BOI090	554	554	1	il	il	_	_	_	_	_	linguistic	_	none	_	_	_	_	_	_
554-2	BOI090	554	554	2	maiale	maiale	_	_	_	_	_	linguistic	_	none	_	_	_	_	_	_
554-3	BOI090	554	554	3	comunque:	comunque	_	_	_	_	_	linguistic	_	none	_	_	7x1	_	_	_
554-4	BOI090	554	554	4	la	la	_	_	_	_	_	linguistic	_	none	_	_	_	_	_	_
554-5	BOI090	554	554	5	lonza:	lonza	_	_	_	_	_	linguistic	_	none	_	End=1473.666	4x1	_	_	_
555-0	BOI090	555	555	0	ovviamente	ovviamente	_	_	_	_	_	linguistic	_	none	_	Begin=1473.73	_	_	_	_
555-1	BOI090	555	555	1	non	non	_	_	_	_	_	linguistic	_	none	_	_	_	_	_	_
555-2	BOI090	555	555	2	non	non	_	_	_	_	_	linguistic	_	none	_	_	_	_	_	_
555-3	BOI090	555	555	3	lo	lo	_	_	_	_	_	linguistic	_	none	_	_	_	_	_	_
555-4	BOI090	555	555	4	vuole	vuole	_	_	_	_	_	linguistic	_	none	_	_	_	_	_	_
555-5	BOI090	555	555	5	fare	fare	_	_	_	_	_	linguistic	_	none	_	_	_	_	_	_
555-6	BOI090	555	555	6	troppo	troppo	_	_	_	_	_	linguistic	_	none	_	_	_	_	_	_
555-7	BOI090	555	555	7	pesante	pesante	_	_	_	_	_	linguistic	_	none	_	_	_	_	_	_
555-8	BOI090	555	555	8	perché	perché	_	_	_	_	_	linguistic	_	none	_	_	_	_	_	_
555-9	BOI090	555	555	9	in	in	_	_	_	_	_	linguistic	_	none	_	_	_	_	_	_
555-10	BOI090	555	555	10	casa:	casa	_	_	_	_	_	linguistic	_	none	_	End=1477.3	3x1	_	_	_
556-0	BOI090	556	556	0	il	il	_	_	_	_	_	linguistic	_	none	_	Begin=1478.129	_	_	_	_
556-1	BOI090	556	556	1	ragù	ragù	_	_	_	_	_	linguistic	_	none	_	_	_	_	_	_
556-2	BOI090	556	556	2	>proprio<	proprio	_	_	_	_	_	linguistic	_	none	_	_	_	Fast=0-7(0)	_	_
556-3	BOI090	556	556	3	quello	quello	_	_	_	_	_	linguistic	_	none	_	_	_	_	_	_
556-4	BOI090	556	556	4	vero	vero	_	_	_	_	_	linguistic	_	none	_	_	_	_	_	_
556-5	BOI090	556	556	5	bolognese	bolognese	_	_	_	_	_	linguistic	_	none	_	_	_	_	_	_
556-6	BOI090	556	556	6	è	è	_	_	_	_	_	linguistic	_	none	_	_	_	_	_	_
556-7	BOI090	556	556	7	molto	molto	_	_	_	_	_	linguistic	_	none	_	_	_	_	_	_
556-8	BOI090	556	556	8	grasso	grasso	_	_	_	_	_	linguistic	_	none	_	_	_	_	_	_
556-9	BOI090	556	556	9	è	è	_	_	_	_	_	linguistic	_	none	_	_	_	_	_	_
556-10	BOI090	556	556	10	molto	molto	_	_	_	_	_	linguistic	_	none	_	_	_	_	_	_
556-11	BOI090	556	556	11	pesante:	pesante	_	_	_	_	_	linguistic	_	none	_	End=1482.64	6x1	_	_	_
557-0	BOI090	557	557	0	noi	noi	_	_	_	_	_	linguistic	_	none	_	Begin=1483.031	_	_	_	_
557-1	BOI090	557	557	1	cerchiamo	cerchiamo	_	_	_	_	_	linguistic	_	none	_	_	_	_	_	_
557-2	BOI090	557	557	2	di	di	_	_	_	_	_	linguistic	_	none	_	_	_	_	_	_
557-3	BOI090	557	557	3	farlo	farlo	_	_	_	_	_	linguistic	_	none	_	_	_	_	_	_
557-4	BOI090	557	557	4	un	un	_	_	_	_	_	linguistic	_	none	_	_	_	_	_	_
557-5	BOI090	557	557	5	pochino	pochino	_	_	_	_	_	linguistic	_	none	_	_	_	_	_	_
557-6	BOI090	557	557	6	più	più	_	_	_	_	_	linguistic	_	none	_	_	_	_	_	_
557-7	BOI090	557	557	7	leggero	leggero	_	_	_	_	_	linguistic	_	none	_	_	_	_	_	_
557-8	BOI090	557	557	8	magari	magari	_	_	_	_	_	linguistic	_	none	_	_	_	_	_	_
557-9	BOI090	557	557	9	tenendo	tenendo	_	_	_	_	_	linguistic	_	none	_	_	_	_	_	_
557-10	BOI090	557	557	10	più	più	_	_	_	_	_	linguistic	_	none	_	_	_	_	_	_
557-11	BOI090	557	557	11	il	il	_	_	_	_	_	linguistic	_	none	_	_	_	_	_	_
557-12	BOI090	557	557	12	magro	magro	_	_	_	_	_	linguistic	_	none	_	_	_	_	_	_
557-13	BOI090	557	557	13	della	della	_	_	_	_	_	linguistic	_	none	_	_	_	_	_	_
557-14	BOI090	557	557	14	carne:	carne	_	_	_	_	_	linguistic	_	none	_	End=1487.109	4x1	_	_	_
558-0	BOI090	558	558	0	e	e	_	_	_	_	_	linguistic	_	none	_	Begin=1487.684	_	_	_	_
558-1	BOI090	558	558	1	poi	poi	_	_	_	_	_	linguistic	_	none	_	_	_	_	_	_
558-2	BOI090	558	558	2	vabbè	vabbè	_	_	_	_	_	linguistic	_	none	_	_	_	_	_	_
558-3	BOI090	558	558	3	i	i	_	_	_	_	_	linguistic	_	none	_	_	_	_	_	_
558-4	BOI090	558	558	4	soliti	soliti	_	_	_	_	_	linguistic	_	none	_	_	_	_	_	_
558-5	BOI090	558	558	5	odori	odori	_	_	_	_	_	linguistic	_	none	_	_	_	_	_	_
558-6	BOI090	558	558	6	sedano:,	sedano	_	_	_	_	_	linguistic	_	none	Intonation=WeaklyRising	_	5x1	_	_	_
558-7	BOI090	558	558	7	carote:,	carote	_	_	_	_	_	linguistic	_	none	Intonation=WeaklyRising	End=1490.359	5x1	_	_	_
559-0	BOI090	559	559	0	e	e	_	_	_	_	_	linguistic	_	none	_	Begin=1490.735	_	_	_	_
559-1	BOI090	559	559	1	il	il	_	_	_	_	_	linguistic	_	none	_	_	_	_	_	_
559-2	BOI090	559	559	2	sugo	sugo	_	_	_	_	_	linguistic	_	none	_	End=1491.374	_	_	_	_
560-0	BOR030	560	560	0	d'	d'	_	_	_	_	_	linguistic	_	none	SpaceAfter=No	Begin=1492.357	_	_	_	_
560-1	BOR030	560	560	1	accordo	accordo	_	_	_	_	_	linguistic	_	none	_	End=1493.025	_	_	_	_
561-0	BOR030	561	561	0	e:	e	_	_	_	_	_	linguistic	_	none	_	Begin=1493.542	0x1	_	_	_
561-1	BOR030	561	561	1	visto	visto	_	_	_	_	_	linguistic	_	none	_	_	_	_	_	_
561-2	BOR030	561	561	2	che	che	_	_	_	_	_	linguistic	_	none	_	_	_	_	_	_
561-3	BOR030	561	561	3	hai	hai	_	_	_	_	_	linguistic	_	none	_	_	_	_	_	_
561-4	BOR030	561	561	4	detto	detto	_	_	_	_	_	linguistic	_	none	_	_	_	_	_	_
561-5	BOR030	561	561	5	che	che	_	_	_	_	_	linguistic	_	none	_	_	_	_	_	_
561-6	BOR030	561	561	6	tua	tua	_	_	_	_	_	linguistic	_	none	_	_	_	_	_	_
561-7	BOR030	561	561	7	nonna	nonna	_	_	_	_	_	linguistic	_	none	_	_	_	_	_	_
561-8	BOR030	561	561	8	comunque	comunque	_	_	_	_	_	linguistic	_	none	_	_	_	_	_	_
561-9	BOR030	561	561	9	[cucina	cucina	_	_	_	_	_	linguistic	_	none	_	_	_	_	_	0-6(10)
561-10	BOR030	561	561	10	molto	molto	_	_	_	_	_	linguistic	_	none	_	_	_	_	_	0-5(10)
561-11	BOR030	561	561	11	cucinate]	cucinate	_	_	_	_	_	linguistic	_	none	_	_	_	_	_	0-8(10)
561-12	BOR030	561	561	12	molto	molto	_	_	_	_	_	linguistic	_	none	_	_	_	_	_	_
561-13	BOR030	561	561	13	in	in	_	_	_	_	_	linguistic	_	none	_	_	_	_	_	_
561-14	BOR030	561	561	14	casa	casa	_	_	_	_	_	linguistic	_	none	_	_	_	_	_	_
561-15	BOR030	561	561	15	ci	ci	_	_	_	_	_	linguistic	_	none	_	_	_	_	_	_
561-16	BOR030	561	561	16	sono	sono	_	_	_	_	_	linguistic	_	none	_	_	_	_	_	_
561-17	BOR030	561	561	17	dei	dei	_	_	_	_	_	linguistic	_	none	_	_	_	_	_	_
561-18	BOR030	561	561	18	pia:tti	piatti	_	_	_	_	_	linguistic	_	none	_	_	2x1	_	_	_
561-19	BOR030	561	561	19	che:	che	_	_	_	_	_	linguistic	_	none	_	End=1499.445	2x1	_	_	_
562-0	BOI090	562	562	0	[mhmh]	mhmh	_	_	_	_	_	linguistic	_	none	_	Begin=1495.944|End=1496.884	_	_	_	0-4(10)
563-0	BOR030	563	563	0	dici:	dici	_	_	_	_	_	linguistic	_	none	_	Begin=1499.688	3x1	_	_	_
563-1	BOR030	563	563	1	ah	ah	_	_	_	_	_	linguistic	_	none	_	_	_	_	_	_
563-2	BOR030	563	563	2	questo:	questo	_	_	_	_	_	linguistic	_	none	_	_	5x1	_	_	_
563-3	BOR030	563	563	3	è:	è	_	_	_	_	_	linguistic	_	none	_	_	0x1	_	_	_
563-4	BOR030	563	563	4	casa	casa	_	_	_	_	_	linguistic	_	none	_	_	_	_	_	_
563-5	BOR030	563	563	5	mia	mia	_	_	_	_	_	linguistic	_	none	_	_	_	_	_	_
563-6	BOR030	563	563	6	mi	mi	_	_	_	_	_	linguistic	_	none	_	_	_	_	_	_
563-7	BOR030	563	563	7	ricorda	ricorda	_	_	_	_	_	linguistic	_	none	_	_	_	_	_	_
563-8	BOR030	563	563	8	casa	casa	_	_	_	_	_	linguistic	_	none	_	End=1503.2	_	_	_	_
564-0	BOI090	564	564	0	allora	allora	_	_	_	_	_	linguistic	_	none	_	Begin=1503.378|End=1504.398	_	_	_	_
565-0	BOI090	565	565	0	oltre	oltre	_	_	_	_	_	linguistic	_	none	_	Begin=1504.485	_	_	_	_
565-1	BOI090	565	565	1	ai	ai	_	_	_	_	_	linguistic	_	none	_	_	_	_	_	_
565-2	BOI090	565	565	2	tortellini	tortellini	_	_	_	_	_	linguistic	_	none	_	_	_	_	_	_
565-3	BOI090	565	565	3	>perché<	perché	_	_	_	_	_	linguistic	_	none	_	End=1506.57	_	Fast=0-6(0)	_	_
566-0	BOI090	566	566	0	{ride}	{ride}	_	_	_	_	_	nonverbalbehavior	_	none	_	Begin=1506.73	_	_	_	_
566-1	BOI090	566	566	1	p~	p~	_	_	_	_	_	linguistic	_	none	Interrupted=Yes	_	_	_	_	_
566-2	BOI090	566	566	2	purtroppo	purtroppo	_	_	_	_	_	linguistic	_	none	_	_	_	_	_	_
566-3	BOI090	566	566	3	quelli	quelli	_	_	_	_	_	linguistic	_	none	_	_	_	_	_	_
566-4	BOI090	566	566	4	sono	sono	_	_	_	_	_	linguistic	_	none	_	End=1508.973	_	_	_	_
567-0	BOI090	567	567	0	ci	ci	_	_	_	_	_	linguistic	_	none	_	Begin=1509.433	_	_	_	_
567-1	BOI090	567	567	1	dovrei	dovrei	_	_	_	_	_	linguistic	_	none	_	_	_	_	_	_
567-2	BOI090	567	567	2	pensare	pensare	_	_	_	_	_	linguistic	_	none	_	End=1511.052	_	_	_	_
568-0	BOI090	568	568	0	una	una	_	_	_	_	_	linguistic	_	none	_	Begin=1511.102	_	_	_	_
568-1	BOI090	568	568	1	cosa	cosa	_	_	_	_	_	linguistic	_	none	_	_	_	_	_	_
568-2	BOI090	568	568	2	che	che	_	_	_	_	_	linguistic	_	none	_	_	_	_	_	_
568-3	BOI090	568	568	3	mangiam	mangiam	_	_	_	_	_	linguistic	_	none	_	_	_	_	_	_
568-4	BOI090	568	568	4	>spesso<	spesso	_	_	_	_	_	linguistic	_	none	_	_	_	Fast=0-6(0)	_	_
568-5	BOI090	568	568	5	i	i	_	_	_	_	_	linguistic	_	none	_	_	_	_	_	_
568-6	BOI090	568	568	6	passatelli	passatelli	_	_	_	_	_	linguistic	_	none	_	End=1513.585	_	_	_	_
569-0	BOI090	569	569	0	che	che	_	_	_	_	_	linguistic	_	none	_	Begin=1514.254|End=1514.665	_	_	_	_
570-0	BOI090	570	570	0	non	non	_	_	_	_	_	linguistic	_	none	_	Begin=1515.191	_	_	_	_
570-1	BOI090	570	570	1	tutti	tutti	_	_	_	_	_	linguistic	_	none	_	_	_	_	_	_
570-2	BOI090	570	570	2	li	li	_	_	_	_	_	linguistic	_	none	_	_	_	_	_	_
570-3	BOI090	570	570	3	conoscono,	conoscono	_	_	_	_	_	linguistic	_	none	Intonation=WeaklyRising	_	_	_	_	_
570-4	BOI090	570	570	4	è	è	_	_	_	_	_	linguistic	_	none	_	_	_	_	_	_
570-5	BOI090	570	570	5	un	un	_	_	_	_	_	linguistic	_	none	_	_	_	_	_	_
570-6	BOI090	570	570	6	piatto	piatto	_	_	_	_	_	linguistic	_	none	_	_	_	_	_	_
570-7	BOI090	570	570	7	che	che	_	_	_	_	_	linguistic	_	none	_	_	_	_	_	_
570-8	BOI090	570	570	8	in	in	_	_	_	_	_	linguistic	_	none	_	_	_	_	_	_
570-9	BOI090	570	570	9	realtà	realtà	_	_	_	_	_	linguistic	_	none	_	_	_	_	_	_
570-10	BOI090	570	570	10	sarebbe	sarebbe	_	_	_	_	_	linguistic	_	none	_	_	_	_	_	_
570-11	BOI090	570	570	11	romagnolo	romagnolo	_	_	_	_	_	linguistic	_	none	_	End=1519.327	_	_	_	_
571-0	BOI090	571	571	0	ma:	ma	_	_	_	_	_	linguistic	_	none	_	Begin=1520.028	1x1	_	_	_
571-1	BOI090	571	571	1	qua	qua	_	_	_	_	_	linguistic	_	none	_	_	_	_	_	_
571-2	BOI090	571	571	2	a	a	_	_	_	_	_	linguistic	_	none	_	_	_	_	_	_
571-3	BOI090	571	571	3	bologna	bologna	_	_	_	_	_	linguistic	_	none	_	_	_	_	_	_
571-4	BOI090	571	571	4	va	va	_	_	_	_	_	linguistic	_	none	_	_	_	_	_	_
571-5	BOI090	571	571	5	tantissimo	tantissimo	_	_	_	_	_	linguistic	_	none	_	End=1522.09	_	_	_	_
572-0	BOI090	572	572	0	che	che	_	_	_	_	_	linguistic	_	none	_	Begin=1522.188	_	_	_	_
572-1	BOI090	572	572	1	sono	sono	_	_	_	_	_	linguistic	_	none	_	_	_	_	_	_
572-2	BOI090	572	572	2	praticamente:	praticamente	_	_	_	_	_	linguistic	_	none	_	_	11x1	_	_	_
572-3	BOI090	572	572	3	è	è	_	_	_	_	_	linguistic	_	none	_	_	_	_	_	_
572-4	BOI090	572	572	4	un	un	_	_	_	_	_	linguistic	_	none	_	_	_	_	_	_
572-5	BOI090	572	572	5	misto	misto	_	_	_	_	_	linguistic	_	none	_	_	_	_	_	_
572-6	BOI090	572	572	6	di	di	_	_	_	_	_	linguistic	_	none	_	_	_	_	_	_
572-7	BOI090	572	572	7	uova,	uova	_	_	_	_	_	linguistic	_	none	Intonation=WeaklyRising	_	_	_	_	_
572-8	BOI090	572	572	8	formaggio	formaggio	_	_	_	_	_	linguistic	_	none	_	_	_	_	_	_
572-9	BOI090	572	572	9	e	e	_	_	_	_	_	linguistic	_	none	_	_	_	_	_	_
572-10	BOI090	572	572	10	poco	poco	_	_	_	_	_	linguistic	_	none	_	_	_	_	_	_
572-11	BOI090	572	572	11	altro:	altro	_	_	_	_	_	linguistic	_	none	_	End=1526.86	4x1	_	_	_
573-0	BOI090	573	573	0	e	e	_	_	_	_	_	linguistic	_	none	_	Begin=1527.432	_	_	_	_
573-1	BOI090	573	573	1	vengono	vengono	_	_	_	_	_	linguistic	_	none	_	_	_	_	_	_
573-2	BOI090	573	573	2	schiacciati,	schiacciati	_	_	_	_	_	linguistic	_	none	Intonation=WeaklyRising	_	_	_	_	_
573-3	BOI090	573	573	3	praticamente	praticamente	_	_	_	_	_	linguistic	_	none	_	_	_	_	_	_
573-4	BOI090	573	573	4	fatti	fatti	_	_	_	_	_	linguistic	_	none	_	_	_	_	_	_
573-5	BOI090	573	573	5	in	in	_	_	_	_	_	linguistic	_	none	_	_	_	_	_	_
573-6	BOI090	573	573	6	brodo	brodo	_	_	_	_	_	linguistic	_	none	_	End=1529.996	_	_	_	_
574-0	BOI090	574	574	0	è	è	_	_	_	_	_	linguistic	_	none	_	Begin=1530.337	_	_	_	_
574-1	BOI090	574	574	1	un	un	_	_	_	_	_	linguistic	_	none	PauseAfter=Yes	_	_	_	_	_
574-2	BOI090	574	574	2	{P}	{P}	_	_	_	_	_	shortpause	_	none	_	_	_	_	_	_
574-3	BOI090	574	574	3	piatto	piatto	_	_	_	_	_	linguistic	_	none	_	_	_	_	_	_
574-4	BOI090	574	574	4	molto	molto	_	_	_	_	_	linguistic	_	none	_	_	_	_	_	_
574-5	BOI090	574	574	5	povero	povero	_	_	_	_	_	linguistic	_	none	_	_	_	_	_	_
574-6	BOI090	574	574	6	ma	ma	_	_	_	_	_	linguistic	_	none	_	_	_	_	_	_
574-7	BOI090	574	574	7	in	in	_	_	_	_	_	linguistic	_	none	_	_	_	_	_	_
574-8	BOI090	574	574	8	realtà	realtà	_	_	_	_	_	linguistic	_	none	_	_	_	_	_	_
574-9	BOI090	574	574	9	va	va	_	_	_	_	_	linguistic	_	none	_	_	_	_	_	_
574-10	BOI090	574	574	10	tantissimo	tantissimo	_	_	_	_	_	linguistic	_	none	_	End=1533.488	_	_	_	_
575-0	BOR030	575	575	0	d'	d'	_	_	_	_	_	linguistic	_	none	SpaceAfter=No	Begin=1534.054	_	_	_	_
575-1	BOR030	575	575	1	accordo	accordo	_	_	_	_	_	linguistic	_	none	_	End=1534.795	_	_	_	_
576-0	BOR030	576	576	0	per	per	_	_	_	_	_	linguistic	_	none	_	Begin=1535.929	_	_	_	_
576-1	BOR030	576	576	1	quanto	quanto	_	_	_	_	_	linguistic	_	none	_	_	_	_	_	_
576-2	BOR030	576	576	2	riguarda	riguarda	_	_	_	_	_	linguistic	_	none	_	_	_	_	_	_
576-3	BOR030	576	576	3	invece	invece	_	_	_	_	_	linguistic	_	none	_	_	_	_	_	_
576-4	BOR030	576	576	4	le	le	_	_	_	_	_	linguistic	_	none	_	_	_	_	_	_
576-5	BOR030	576	576	5	tradizioni	tradizioni	_	_	_	_	_	linguistic	_	none	_	_	_	_	_	_
576-6	BOR030	576	576	6	contemporane[e]	contemporanee	_	_	_	_	_	linguistic	_	none	_	End=1539.136	_	_	_	12-13(14)
577-0	BOI090	577	577	0	[m:h]m:h	mhmh	_	_	_	_	_	linguistic	_	none	_	Begin=1538.856|End=1539.542	0x1,2x1	_	_	0-2(14)
578-0	BOR030	578	578	0	allora	allora	_	_	_	_	_	linguistic	_	none	_	Begin=1539.858	_	_	_	_
578-1	BOR030	578	578	1	sappiamo	sappiamo	_	_	_	_	_	linguistic	_	none	_	_	_	_	_	_
578-2	BOR030	578	578	2	che	che	_	_	_	_	_	linguistic	_	none	_	_	_	_	_	_
578-3	BOR030	578	578	3	bologna	bologna	_	_	_	_	_	linguistic	_	none	_	_	_	_	_	_
578-4	BOR030	578	578	4	è	è	_	_	_	_	_	linguistic	_	none	_	_	_	_	_	_
578-5	BOR030	578	578	5	famosa	famosa	_	_	_	_	_	linguistic	_	none	_	_	_	_	_	_
578-6	BOR030	578	578	6	anche	anche	_	_	_	_	_	linguistic	_	none	_	_	_	_	_	_
578-7	BOR030	578	578	7	per	per	_	_	_	_	_	linguistic	_	none	_	_	_	_	_	_
578-8	BOR030	578	578	8	i	i	_	_	_	_	_	linguistic	_	none	_	_	_	_	_	_
578-9	BOR030	578	578	9	mercati	mercati	_	_	_	_	_	linguistic	_	none	_	_	_	_	_	_
578-10	BOR030	578	578	10	all'	all'	_	_	_	_	_	linguistic	_	none	SpaceAfter=No	_	_	_	_	_
578-11	BOR030	578	578	11	aperto	aperto	_	_	_	_	_	linguistic	_	none	_	End=1543.11	_	_	_	_
579-0	BOI090	579	579	0	sì	sì	_	_	_	_	_	linguistic	_	none	_	Begin=1543.23|End=1543.489	_	_	_	_
580-0	BOR030	580	580	0	e	e	_	_	_	_	_	linguistic	_	none	_	Begin=1544.025	_	_	_	_
580-1	BOR030	580	580	1	[io	io	_	_	_	_	_	linguistic	_	none	_	_	_	_	_	0-2(15)
580-2	BOR030	580	580	2	ti	ti	_	_	_	_	_	linguistic	_	none	_	_	_	_	_	0-2(15)
580-3	BOR030	580	580	3	chiedev]o	chiedevo	_	_	_	_	_	linguistic	_	none	_	End=1544.903	_	_	_	0-7(15)
581-0	BOI090	581	581	0	[°certo°]	certo	_	_	_	_	_	linguistic	_	none	Volume=low	Begin=1544.143|End=1544.723	_	_	_	0-5(15)
582-0	BOR030	582	582	0	ti	ti	_	_	_	_	_	linguistic	_	none	_	Begin=1545.027	_	_	_	_
582-1	BOR030	582	582	1	capita	capita	_	_	_	_	_	linguistic	_	none	_	_	_	_	_	_
582-2	BOR030	582	582	2	mai	mai	_	_	_	_	_	linguistic	_	none	_	_	_	_	_	_
582-3	BOR030	582	582	3	di	di	_	_	_	_	_	linguistic	_	none	_	_	_	_	_	_
582-4	BOR030	582	582	4	andar[ci]?	andarci	_	_	_	_	_	linguistic	_	none	Intonation=Rising	End=1546.515	_	_	_	5-7(16)
583-0	BOI090	583	583	0	[s]ì	sì	_	_	_	_	_	linguistic	_	none	_	Begin=1546.433	_	_	_	0-1(16)
583-1	BOI090	583	583	1	as[solutamente]	assolutamente	_	_	_	_	_	linguistic	_	none	_	End=1547.666	_	_	_	2-13(17)
584-0	BOR030	584	584	0	[o	o	_	_	_	_	_	linguistic	_	none	_	Begin=1546.821	_	_	_	0-1(17)
584-1	BOR030	584	584	1	di	di	_	_	_	_	_	linguistic	_	none	_	_	_	_	_	0-2(17)
584-2	BOR030	584	584	2	compra:r]ci?	comprarci	_	_	_	_	_	linguistic	_	none	Intonation=Rising	End=1547.988	5x1	_	_	0-7(17)
585-0	BOI090	585	585	0	io	io	_	_	_	_	_	linguistic	_	none	_	Begin=1548.149	_	_	_	_
585-1	BOI090	585	585	1	vado	vado	_	_	_	_	_	linguistic	_	none	_	_	_	_	_	_
585-2	BOI090	585	585	2	sempre	sempre	_	_	_	_	_	linguistic	_	none	_	_	_	_	_	_
585-3	BOI090	585	585	3	in	in	_	_	_	_	_	linguistic	_	none	_	_	_	_	_	_
585-4	BOI090	585	585	4	piazza	piazza	_	_	_	_	_	linguistic	_	none	_	_	_	_	_	_
585-5	BOI090	585	585	5	otto	otto	_	_	_	_	_	linguistic	_	none	_	_	_	_	_	_
585-6	BOI090	585	585	6	agosto	agosto	_	_	_	_	_	linguistic	_	none	_	End=1550.461	_	_	_	_
586-0	BOI090	586	586	0	il	il	_	_	_	_	_	linguistic	_	none	_	Begin=1550.6	_	_	_	_
586-1	BOI090	586	586	1	venerdì	venerdì	_	_	_	_	_	linguistic	_	none	_	End=1551.41	_	_	_	_
587-0	BOI090	587	587	0	il	il	_	_	_	_	_	linguistic	_	none	_	Begin=1551.528	_	_	_	_
587-1	BOI090	587	587	1	venerdì	venerdì	_	_	_	_	_	linguistic	_	none	_	_	_	_	_	_
587-2	BOI090	587	587	2	c'	c'	_	_	_	_	_	linguistic	_	none	SpaceAfter=No	_	_	_	_	_
587-3	BOI090	587	587	3	è	è	_	_	_	_	_	linguistic	_	none	_	_	_	_	_	_
587-4	BOI090	587	587	4	il	il	_	_	_	_	_	linguistic	_	none	_	_	_	_	_	_
587-5	BOI090	587	587	5	mercato	mercato	_	_	_	_	_	linguistic	_	none	_	_	_	_	_	_
587-6	BOI090	587	587	6	quello	quello	_	_	_	_	_	linguistic	_	none	_	_	_	_	_	_
587-7	BOI090	587	587	7	>proprio<	proprio	_	_	_	_	_	linguistic	_	none	_	End=1553.233	_	Fast=0-7(0)	_	_
588-0	BOI090	588	588	0	<gra:nde>	grande	_	_	_	_	_	linguistic	_	none	_	Begin=1553.552	2x1	Slow=0-6(0)	_	_
588-1	BOI090	588	588	1	di:	di	_	_	_	_	_	linguistic	_	none	_	_	1x1	_	_	_
588-2	BOI090	588	588	2	di	di	_	_	_	_	_	linguistic	_	none	_	_	_	_	_	_
588-3	BOI090	588	588	3	piazza	piazza	_	_	_	_	_	linguistic	_	none	_	_	_	_	_	_
588-4	BOI090	588	588	4	otto	otto	_	_	_	_	_	linguistic	_	none	_	_	_	_	_	_
588-5	BOI090	588	588	5	agosto	agosto	_	_	_	_	_	linguistic	_	none	_	End=1556.217	_	_	_	_
589-0	BOI090	589	589	0	e	e	_	_	_	_	_	linguistic	_	none	_	Begin=1556.625	_	_	_	_
589-1	BOI090	589	589	1	c'	c'	_	_	_	_	_	linguistic	_	none	SpaceAfter=No	_	_	_	_	_
589-2	BOI090	589	589	2	è	è	_	_	_	_	_	linguistic	_	none	_	_	_	_	_	_
589-3	BOI090	589	589	3	di	di	_	_	_	_	_	linguistic	_	none	_	_	_	_	_	_
589-4	BOI090	589	589	4	tutto	tutto	_	_	_	_	_	linguistic	_	none	_	End=1557.497	_	_	_	_
590-0	BOI090	590	590	0	c(io)è:	cioè	_	_	_	_	_	linguistic	_	none	_	Begin=1557.998	3x1	_	1-3(0)	_
590-1	BOI090	590	590	1	si	si	_	_	_	_	_	linguistic	_	none	_	_	_	_	_	_
590-2	BOI090	590	590	2	può	può	_	_	_	_	_	linguistic	_	none	_	_	_	_	_	_
590-3	BOI090	590	590	3	trovare	trovare	_	_	_	_	_	linguistic	_	none	_	_	_	_	_	_
590-4	BOI090	590	590	4	a	a	_	_	_	_	_	linguistic	_	none	_	_	_	_	_	_
590-5	BOI090	590	590	5	parte	parte	_	_	_	_	_	linguistic	_	none	_	_	_	_	_	_
590-6	BOI090	590	590	6	delle	delle	_	_	_	_	_	linguistic	_	none	_	_	_	_	_	_
590-7	BOI090	590	590	7	offerte	offerte	_	_	_	_	_	linguistic	_	none	_	_	_	_	_	_
590-8	BOI090	590	590	8	incredibili	incredibili	_	_	_	_	_	linguistic	_	none	_	_	_	_	_	_
590-9	BOI090	590	590	9	ma	ma	_	_	_	_	_	linguistic	_	none	_	_	_	_	_	_
590-10	BOI090	590	590	10	non	non	_	_	_	_	_	linguistic	_	none	_	_	_	_	_	_
590-11	BOI090	590	590	11	solo	solo	_	_	_	_	_	linguistic	_	none	_	_	_	_	_	_
590-12	BOI090	590	590	12	in	in	_	_	_	_	_	linguistic	_	none	_	_	_	_	_	_
590-13	BOI090	590	590	13	realtà	realtà	_	_	_	_	_	linguistic	_	none	_	End=1562.881	_	_	_	_
591-0	BOI090	591	591	0	perché	perché	_	_	_	_	_	linguistic	_	none	_	Begin=1563.289	_	_	_	_
591-1	BOI090	591	591	1	ci	ci	_	_	_	_	_	linguistic	_	none	_	_	_	_	_	_
591-2	BOI090	591	591	2	sono	sono	_	_	_	_	_	linguistic	_	none	_	_	_	_	_	_
591-3	BOI090	591	591	3	anche	anche	_	_	_	_	_	linguistic	_	none	_	_	_	_	_	_
591-4	BOI090	591	591	4	tanti	tanti	_	_	_	_	_	linguistic	_	none	_	_	_	_	_	_
591-5	BOI090	591	591	5	commercianti	commercianti	_	_	_	_	_	linguistic	_	none	_	_	_	_	_	_
591-6	BOI090	591	591	6	che	che	_	_	_	_	_	linguistic	_	none	_	_	_	_	_	_
591-7	BOI090	591	591	7	sono	sono	_	_	_	_	_	linguistic	_	none	_	_	_	_	_	_
591-8	BOI090	591	591	8	proprio:	proprio	_	_	_	_	_	linguistic	_	none	_	End=1565.905	6x1	_	_	_
592-0	BOI090	592	592	0	c(io)è	cioè	_	_	_	_	_	linguistic	_	none	_	Begin=1566.309	_	_	1-3(0)	_
592-1	BOI090	592	592	1	fedeli	fedeli	_	_	_	_	_	linguistic	_	none	_	_	_	_	_	_
592-2	BOI090	592	592	2	al	al	_	_	_	_	_	linguistic	_	none	_	_	_	_	_	_
592-3	BOI090	592	592	3	mercato:	mercato	_	_	_	_	_	linguistic	_	none	_	_	6x1	_	_	_
592-4	BOI090	592	592	4	e	e	_	_	_	_	_	linguistic	_	none	_	_	_	_	_	_
592-5	BOI090	592	592	5	vendono	vendono	_	_	_	_	_	linguistic	_	none	_	_	_	_	_	_
592-6	BOI090	592	592	6	cose	cose	_	_	_	_	_	linguistic	_	none	_	End=1568.892	_	_	_	_
593-0	BOI090	593	593	0	BELLE	belle	_	_	_	_	_	linguistic	_	none	Volume=high	Begin=1569.35|End=1569.951	_	_	_	_
594-0	BOI090	594	594	0	io	io	_	_	_	_	_	linguistic	_	none	_	Begin=1570.386	_	_	_	_
594-1	BOI090	594	594	1	poi	poi	_	_	_	_	_	linguistic	_	none	_	_	_	_	_	_
594-2	BOI090	594	594	2	vado	vado	_	_	_	_	_	linguistic	_	none	_	_	_	_	_	_
594-3	BOI090	594	594	3	a	a	_	_	_	_	_	linguistic	_	none	_	_	_	_	_	_
594-4	BOI090	594	594	4	cercare	cercare	_	_	_	_	_	linguistic	_	none	_	_	_	_	_	_
594-5	BOI090	594	594	5	il	il	_	_	_	_	_	linguistic	_	none	_	_	_	_	_	_
594-6	BOI090	594	594	6	t~	t~	_	_	_	_	_	linguistic	_	none	Interrupted=Yes	_	_	_	_	_
594-7	BOI090	594	594	7	i	i	_	_	_	_	_	linguistic	_	none	_	_	_	_	_	_
594-8	BOI090	594	594	8	tessuti	tessuti	_	_	_	_	_	linguistic	_	none	_	_	_	_	_	_
594-9	BOI090	594	594	9	in	in	_	_	_	_	_	linguistic	_	none	_	_	_	_	_	_
594-10	BOI090	594	594	10	realtà	realtà	_	_	_	_	_	linguistic	_	none	_	_	_	_	_	_
594-11	BOI090	594	594	11	{ride}	{ride}	_	_	_	_	_	nonverbalbehavior	_	none	_	_	_	_	_	_
594-12	BOI090	594	594	12	in	in	_	_	_	_	_	linguistic	_	none	_	_	_	_	_	_
594-13	BOI090	594	594	13	piazza	piazza	_	_	_	_	_	linguistic	_	none	_	_	_	_	_	_
594-14	BOI090	594	594	14	otto	otto	_	_	_	_	_	linguistic	_	none	_	_	_	_	_	_
594-15	BOI090	594	594	15	agosto	agosto	_	_	_	_	_	linguistic	_	none	_	_	_	_	_	_
594-16	BOI090	594	594	16	perché	perché	_	_	_	_	_	linguistic	_	none	_	_	_	_	_	_
594-17	BOI090	594	594	17	ci	ci	_	_	_	_	_	linguistic	_	none	_	_	_	_	_	_
594-18	BOI090	594	594	18	sono	sono	_	_	_	_	_	linguistic	_	none	_	_	_	_	_	_
594-19	BOI090	594	594	19	anche	anche	_	_	_	_	_	linguistic	_	none	_	_	_	_	_	_
594-20	BOI090	594	594	20	tanti	tanti	_	_	_	_	_	linguistic	_	none	_	_	_	_	_	_
594-21	BOI090	594	594	21	tessutai	tessutai	_	_	_	_	_	linguistic	_	none	_	End=1575.747	_	_	_	_
595-0	BOI090	595	595	0	in	in	_	_	_	_	_	linguistic	_	none	_	Begin=1576.232	_	_	_	_
595-1	BOI090	595	595	1	parallelo	parallelo	_	_	_	_	_	linguistic	_	none	_	_	_	_	_	_
595-2	BOI090	595	595	2	a	a	_	_	_	_	_	linguistic	_	none	_	_	_	_	_	_
595-3	BOI090	595	595	3	pia~	pia~	_	_	_	_	_	linguistic	_	none	Interrupted=Yes	_	_	_	_	_
595-4	BOI090	595	595	4	a	a	_	_	_	_	_	linguistic	_	none	_	_	_	_	_	_
595-5	BOI090	595	595	5	a	a	_	_	_	_	_	linguistic	_	none	_	_	_	_	_	_
595-6	BOI090	595	595	6	a	a	_	_	_	_	_	linguistic	_	none	_	_	_	_	_	_
595-7	BOI090	595	595	7	piazza	piazza	_	_	_	_	_	linguistic	_	none	_	_	_	_	_	_
595-8	BOI090	595	595	8	otto	otto	_	_	_	_	_	linguistic	_	none	_	_	_	_	_	_
595-9	BOI090	595	595	9	agosto	agosto	_	_	_	_	_	linguistic	_	none	_	_	_	_	_	_
595-10	BOI090	595	595	10	c'	c'	_	_	_	_	_	linguistic	_	none	SpaceAfter=No	_	_	_	_	_
595-11	BOI090	595	595	11	è	è	_	_	_	_	_	linguistic	_	none	_	_	_	_	_	_
595-12	BOI090	595	595	12	anche	anche	_	_	_	_	_	linguistic	_	none	_	_	_	_	_	_
595-13	BOI090	595	595	13	quello	quello	_	_	_	_	_	linguistic	_	none	_	_	_	_	_	_
595-14	BOI090	595	595	14	della	della	_	_	_	_	_	linguistic	_	none	_	_	_	_	_	_
595-15	BOI090	595	595	15	montagnola	montagnola	_	_	_	_	_	linguistic	_	none	_	End=1580.032	_	_	_	_
596-0	BOI090	596	596	0	di	di	_	_	_	_	_	linguistic	_	none	_	Begin=1580.137	_	_	_	_
596-1	BOI090	596	596	1	fianco	fianco	_	_	_	_	_	linguistic	_	none	_	End=1580.957	_	_	_	_
597-0	BOI090	597	597	0	sempre	sempre	_	_	_	_	_	linguistic	_	none	_	Begin=1581.303	_	_	_	_
597-1	BOI090	597	597	1	il	il	_	_	_	_	_	linguistic	_	none	_	_	_	_	_	_
597-2	BOI090	597	597	2	venerdì	venerdì	_	_	_	_	_	linguistic	_	none	_	_	_	_	_	_
597-3	BOI090	597	597	3	è	è	_	_	_	_	_	linguistic	_	none	_	_	_	_	_	_
597-4	BOI090	597	597	4	un	un	_	_	_	_	_	linguistic	_	none	_	_	_	_	_	_
597-5	BOI090	597	597	5	pochino	pochino	_	_	_	_	_	linguistic	_	none	_	_	_	_	_	_
597-6	BOI090	597	597	6	più	più	_	_	_	_	_	linguistic	_	none	_	_	_	_	_	_
597-7	BOI090	597	597	7	piccolo	piccolo	_	_	_	_	_	linguistic	_	none	_	_	_	_	_	_
597-8	BOI090	597	597	8	lì	lì	_	_	_	_	_	linguistic	_	none	_	_	_	_	_	_
597-9	BOI090	597	597	9	è	è	_	_	_	_	_	linguistic	_	none	_	_	_	_	_	_
597-10	BOI090	597	597	10	più	più	_	_	_	_	_	linguistic	_	none	_	_	_	_	_	_
597-11	BOI090	597	597	11	un:	un	_	_	_	_	_	linguistic	_	none	_	_	1x1	_	_	_
597-12	BOI090	597	597	12	mercatino	mercatino	_	_	_	_	_	linguistic	_	none	_	_	_	_	_	_
597-13	BOI090	597	597	13	dell'	dell'	_	_	_	_	_	linguistic	_	none	SpaceAfter=No	_	_	_	_	_
597-14	BOI090	597	597	14	usato	usato	_	_	_	_	_	linguistic	_	none	_	_	_	_	_	_
597-15	BOI090	597	597	15	se	se	_	_	_	_	_	linguistic	_	none	_	_	_	_	_	_
597-16	BOI090	597	597	16	possiam	possiam	_	_	_	_	_	linguistic	_	none	_	_	_	_	_	_
597-17	BOI090	597	597	17	chiamarlo	chiamarlo	_	_	_	_	_	linguistic	_	none	_	_	_	_	_	_
597-18	BOI090	597	597	18	così	così	_	_	_	_	_	linguistic	_	none	_	End=1587.035	_	_	_	_
598-0	BOI090	598	598	0	ci	ci	_	_	_	_	_	linguistic	_	none	_	Begin=1587.338	_	_	_	_
598-1	BOI090	598	598	1	son	son	_	_	_	_	_	linguistic	_	none	_	_	_	_	_	_
598-2	BOI090	598	598	2	tante	tante	_	_	_	_	_	linguistic	_	none	_	_	_	_	_	_
598-3	BOI090	598	598	3	firme	firme	_	_	_	_	_	linguistic	_	none	_	_	_	_	_	_
598-4	BOI090	598	598	4	magari	magari	_	_	_	_	_	linguistic	_	none	_	End=1589.125	_	_	_	_
599-0	BOI090	599	599	0	di	di	_	_	_	_	_	linguistic	_	none	_	Begin=1589.341	_	_	_	_
599-1	BOI090	599	599	1	seconda	seconda	_	_	_	_	_	linguistic	_	none	_	_	_	_	_	_
599-2	BOI090	599	599	2	mano	mano	_	_	_	_	_	linguistic	_	none	_	_	_	_	_	_
599-3	BOI090	599	599	3	però:	però	_	_	_	_	_	linguistic	_	none	_	_	3x1	_	_	_
599-4	BOI090	599	599	4	sì	sì	_	_	_	_	_	linguistic	_	none	_	End=1591.008	_	_	_	_
600-0	BOI090	600	600	0	direi	direi	_	_	_	_	_	linguistic	_	none	_	Begin=1591.244	_	_	_	_
600-1	BOI090	600	600	1	che	che	_	_	_	_	_	linguistic	_	none	_	_	_	_	_	_
600-2	BOI090	600	600	2	quello	quello	_	_	_	_	_	linguistic	_	none	_	_	_	_	_	_
600-3	BOI090	600	600	3	di	di	_	_	_	_	_	linguistic	_	none	_	_	_	_	_	_
600-4	BOI090	600	600	4	otto	otto	_	_	_	_	_	linguistic	_	none	_	_	_	_	_	_
600-5	BOI090	600	600	5	agosto	agosto	_	_	_	_	_	linguistic	_	none	_	_	_	_	_	_
600-6	BOI090	600	600	6	il	il	_	_	_	_	_	linguistic	_	none	_	_	_	_	_	_
600-7	BOI090	600	600	7	venerdì	venerdì	_	_	_	_	_	linguistic	_	none	_	_	_	_	_	_
600-8	BOI090	600	600	8	è	è	_	_	_	_	_	linguistic	_	none	_	_	_	_	_	_
600-9	BOI090	600	600	9	il	il	_	_	_	_	_	linguistic	_	none	_	_	_	_	_	_
600-10	BOI090	600	600	10	più	più	_	_	_	_	_	linguistic	_	none	_	_	_	_	_	_
600-11	BOI090	600	600	11	famoso	famoso	_	_	_	_	_	linguistic	_	none	_	End=1593.962	_	_	_	_
601-0	BOR030	601	601	0	e	e	_	_	_	_	_	linguistic	_	none	_	Begin=1594.124	_	_	_	_
601-1	BOR030	601	601	1	hai	hai	_	_	_	_	_	linguistic	_	none	_	_	_	_	_	_
601-2	BOR030	601	601	2	mai:	mai	_	_	_	_	_	linguistic	_	none	_	_	2x1	_	_	_
601-3	BOR030	601	601	3	trovato	trovato	_	_	_	_	_	linguistic	_	none	_	_	_	_	_	_
601-4	BOR030	601	601	4	cose	cose	_	_	_	_	_	linguistic	_	none	_	_	_	_	_	_
601-5	BOR030	601	601	5	interess[anti	interessanti	_	_	_	_	_	linguistic	_	none	_	_	_	_	_	8-12(20)
601-6	BOR030	601	601	6	che	che	_	_	_	_	_	linguistic	_	none	_	_	_	_	_	0-3(20)
601-7	BOR030	601	601	7	poi	poi	_	_	_	_	_	linguistic	_	none	_	_	_	_	_	0-3(20)
601-8	BOR030	601	601	8	hai	hai	_	_	_	_	_	linguistic	_	none	_	_	_	_	_	0-3(20)
601-9	BOR030	601	601	9	comprato]?	comprato	_	_	_	_	_	linguistic	_	none	Intonation=Rising	End=1597.267	_	_	_	0-8(20)
602-0	BOI090	602	602	0	[sì	sì	_	_	_	_	_	linguistic	_	none	_	Begin=1595.798	_	_	_	0-2(20)
602-1	BOI090	602	602	1	assolutamente]	assolutamente	_	_	_	_	_	linguistic	_	none	_	End=1597.268	_	_	_	0-13(20)
603-0	BOI090	603	603	0	>sì	sì	_	_	_	_	_	linguistic	_	none	_	Begin=1597.408	_	Fast=0-2(0)	_	_
603-1	BOI090	603	603	1	sì	sì	_	_	_	_	_	linguistic	_	none	_	_	_	Fast=0-2(0)	_	_
603-2	BOI090	603	603	2	sì<	sì	_	_	_	_	_	linguistic	_	none	_	_	_	Fast=0-2(0)	_	_
603-3	BOI090	603	603	3	assolutamente	assolutamente	_	_	_	_	_	linguistic	_	none	_	End=1598.92	_	_	_	_
604-0	BOI090	604	604	0	apparte	apparte	_	_	_	_	_	linguistic	_	none	_	Begin=1599.29	_	_	_	_
604-1	BOI090	604	604	1	i	i	_	_	_	_	_	linguistic	_	none	_	_	_	_	_	_
604-2	BOI090	604	604	2	tessuti	tessuti	_	_	_	_	_	linguistic	_	none	_	_	_	_	_	_
604-3	BOI090	604	604	3	comunque	comunque	_	_	_	_	_	linguistic	_	none	_	End=1601.032	_	_	_	_
605-0	BOI090	605	605	0	ci	ci	_	_	_	_	_	linguistic	_	none	_	Begin=1601.259	_	_	_	_
605-1	BOI090	605	605	1	sono	sono	_	_	_	_	_	linguistic	_	none	_	_	_	_	_	_
605-2	BOI090	605	605	2	tantissimi	tantissimi	_	_	_	_	_	linguistic	_	none	_	_	_	_	_	_
605-3	BOI090	605	605	3	vestiti.	vestiti	_	_	_	_	_	linguistic	_	none	Intonation=Falling	_	_	_	_	_
605-4	BOI090	605	605	4	sca:rpe	scarpe	_	_	_	_	_	linguistic	_	none	_	End=1603.876	2x1	_	_	_
606-0	BOI090	606	606	0	offerte	offerte	_	_	_	_	_	linguistic	_	none	_	Begin=1604.365|End=1605.355	_	_	_	_
607-0	BOI090	607	607	0	c(io)è	cioè	_	_	_	_	_	linguistic	_	none	_	Begin=1605.46	_	_	1-3(0)	_
607-1	BOI090	607	607	1	occasioni	occasioni	_	_	_	_	_	linguistic	_	none	_	_	_	_	_	_
607-2	BOI090	607	607	2	proprio:	proprio	_	_	_	_	_	linguistic	_	none	_	End=1607.053	6x1	_	_	_
608-0	BOI090	608	608	0	trovi	trovi	_	_	_	_	_	linguistic	_	none	_	Begin=1607.211	_	_	_	_
608-1	BOI090	608	608	1	dei	dei	_	_	_	_	_	linguistic	_	none	_	_	_	_	_	_
608-2	BOI090	608	608	2	vestiti	vestiti	_	_	_	_	_	linguistic	_	none	_	_	_	_	_	_
608-3	BOI090	608	608	3	magari	magari	_	_	_	_	_	linguistic	_	none	_	_	_	_	_	_
608-4	BOI090	608	608	4	di	di	_	_	_	_	_	linguistic	_	none	_	_	_	_	_	_
608-5	BOI090	608	608	5	grandi	grandi	_	_	_	_	_	linguistic	_	none	_	_	_	_	_	_
608-6	BOI090	608	608	6	marche:	marche	_	_	_	_	_	linguistic	_	none	_	_	5x1	_	_	_
608-7	BOI090	608	608	7	è	è	_	_	_	_	_	linguistic	_	none	PauseAfter=Yes	_	_	_	_	_
608-8	BOI090	608	608	8	{P}	{P}	_	_	_	_	_	shortpause	_	none	_	_	_	_	_	_
608-9	BOI090	608	608	9	comodo	comodo	_	_	_	_	_	linguistic	_	none	_	End=1610.885	_	_	_	_
609-0	BOR030	609	609	0	d'	d'	_	_	_	_	_	linguistic	_	none	SpaceAfter=No	Begin=1611.811	_	_	_	_
609-1	BOR030	609	609	1	accordo	accordo	_	_	_	_	_	linguistic	_	none	_	End=1612.43	_	_	_	_
610-0	BOR030	610	610	0	e:	e	_	_	_	_	_	linguistic	_	none	_	Begin=1613.067	0x1	_	_	_
610-1	BOR030	610	610	1	ti	ti	_	_	_	_	_	linguistic	_	none	_	_	_	_	_	_
610-2	BOR030	610	610	2	chiederei	chiederei	_	_	_	_	_	linguistic	_	none	_	_	_	_	_	_
610-3	BOR030	610	610	3	se	se	_	_	_	_	_	linguistic	_	none	_	_	_	_	_	_
610-4	BOR030	610	610	4	per	per	_	_	_	_	_	linguistic	_	none	_	_	_	_	_	_
610-5	BOR030	610	610	5	caso	caso	_	_	_	_	_	linguistic	_	none	_	_	_	_	_	_
610-6	BOR030	610	610	6	tu	tu	_	_	_	_	_	linguistic	_	none	_	_	_	_	_	_
610-7	BOR030	610	610	7	conosci	conosci	_	_	_	_	_	linguistic	_	none	_	_	_	_	_	_
610-8	BOR030	610	610	8	l'	l'	_	_	_	_	_	linguistic	_	none	SpaceAfter=No	_	_	_	_	_
610-9	BOR030	610	610	9	iniziativa	iniziativa	_	_	_	_	_	linguistic	_	none	_	_	_	_	_	_
610-10	BOR030	610	610	10	della:	della	_	_	_	_	_	linguistic	_	none	_	_	4x1	_	_	_
610-11	BOR030	610	610	11	cineteca	cineteca	_	_	_	_	_	linguistic	_	none	_	_	_	_	_	_
610-12	BOR030	610	610	12	di	di	_	_	_	_	_	linguistic	_	none	_	_	_	_	_	_
610-13	BOR030	610	610	13	bologna.	bologna	_	_	_	_	_	linguistic	_	none	Intonation=Falling	_	_	_	_	_
610-14	BOR030	610	610	14	il	il	_	_	_	_	_	linguistic	_	none	_	_	_	_	_	_
610-15	BOR030	610	610	15	maxi	maxi	_	_	_	_	_	linguistic	_	none	_	_	_	_	_	_
610-16	BOR030	610	610	16	schermo	schermo	_	_	_	_	_	linguistic	_	none	_	_	_	_	_	_
610-17	BOR030	610	610	17	che	che	_	_	_	_	_	linguistic	_	none	_	_	_	_	_	_
610-18	BOR030	610	610	18	fanno	fanno	_	_	_	_	_	linguistic	_	none	_	_	_	_	_	_
610-19	BOR030	610	610	19	in	in	_	_	_	_	_	linguistic	_	none	_	_	_	_	_	_
610-20	BOR030	610	610	20	pi[azza	piazza	_	_	_	_	_	linguistic	_	none	_	_	_	_	_	1-6(22)
610-21	BOR030	610	610	21	maggiore]	maggiore	_	_	_	_	_	linguistic	_	none	_	End=1620.682	_	_	_	0-8(22)
611-0	BOI090	611	611	0	[sì:]	sì	_	_	_	_	_	linguistic	_	none	_	Begin=1619.926	1x1	_	_	0-2(22)
611-1	BOI090	611	611	1	assolutamente	assolutamente	_	_	_	_	_	linguistic	_	none	_	_	_	_	_	_
611-2	BOI090	611	611	2	ci	ci	_	_	_	_	_	linguistic	_	none	_	_	_	_	_	_
611-3	BOI090	611	611	3	sono	sono	_	_	_	_	_	linguistic	_	none	_	_	_	_	_	_
611-4	BOI090	611	611	4	anche	anche	_	_	_	_	_	linguistic	_	none	_	_	_	_	_	_
611-5	BOI090	611	611	5	stata	stata	_	_	_	_	_	linguistic	_	none	_	End=1622.743	_	_	_	_
612-0	BOR030	612	612	0	m:h	mh	_	_	_	_	_	linguistic	_	none	_	Begin=1622.86	0x1	_	_	_
612-1	BOR030	612	612	1	che	che	_	_	_	_	_	linguistic	_	none	_	_	_	_	_	_
612-2	BOR030	612	612	2	[film	film	_	_	_	_	_	linguistic	_	none	_	_	_	_	_	0-4(23)
612-3	BOR030	612	612	3	hai	hai	_	_	_	_	_	linguistic	_	none	_	_	_	_	_	0-3(23)
612-4	BOR030	612	612	4	vis]to?	visto	_	_	_	_	_	linguistic	_	none	Intonation=Rising	End=1624.33	_	_	_	0-3(23)
613-0	BOI090	613	613	0	[l'	l'	_	_	_	_	_	linguistic	_	none	SpaceAfter=No	Begin=1623.401	_	_	_	0-2(23)
613-1	BOI090	613	613	1	anno]	anno	_	_	_	_	_	linguistic	_	none	_	End=1624.068	_	_	_	0-4(23)
614-0	BOI090	614	614	0	allora	allora	_	_	_	_	_	linguistic	_	none	_	Begin=1624.54|End=1625.426	_	_	_	_
615-0	BOI090	615	615	0	quell'	quell'	_	_	_	_	_	linguistic	_	none	SpaceAfter=No	Begin=1625.71	_	_	_	_
615-1	BOI090	615	615	1	anno:,	anno	_	_	_	_	_	linguistic	_	none	Intonation=WeaklyRising	_	3x1	_	_	_
615-2	BOI090	615	615	2	sai	sai	_	_	_	_	_	linguistic	_	none	_	_	_	_	_	_
615-3	BOI090	615	615	3	che	che	_	_	_	_	_	linguistic	_	none	_	_	_	_	_	_
615-4	BOI090	615	615	4	non	non	_	_	_	_	_	linguistic	_	none	_	_	_	_	_	_
615-5	BOI090	615	615	5	me	me	_	_	_	_	_	linguistic	_	none	_	_	_	_	_	_
615-6	BOI090	615	615	6	lo	lo	_	_	_	_	_	linguistic	_	none	_	_	_	_	_	_
615-7	BOI090	615	615	7	ricordo,	ricordo	_	_	_	_	_	linguistic	_	none	Intonation=WeaklyRising	End=1628.303	_	_	_	_
616-0	BOI090	616	616	0	non	non	_	_	_	_	_	linguistic	_	none	_	Begin=1628.611	_	_	_	_
616-1	BOI090	616	616	1	me	me	_	_	_	_	_	linguistic	_	none	_	_	_	_	_	_
616-2	BOI090	616	616	2	lo	lo	_	_	_	_	_	linguistic	_	none	_	_	_	_	_	_
616-3	BOI090	616	616	3	ricordo	ricordo	_	_	_	_	_	linguistic	_	none	_	_	_	_	_	_
616-4	BOI090	616	616	4	però	però	_	_	_	_	_	linguistic	_	none	_	_	_	_	_	_
616-5	BOI090	616	616	5	ci	ci	_	_	_	_	_	linguistic	_	none	_	_	_	_	_	_
616-6	BOI090	616	616	6	sono	sono	_	_	_	_	_	linguistic	_	none	_	_	_	_	_	_
616-7	BOI090	616	616	7	stata	stata	_	_	_	_	_	linguistic	_	none	_	End=1631.281	_	_	_	_
617-0	BOI090	617	617	0	ed	ed	_	_	_	_	_	linguistic	_	none	_	Begin=1632.048	_	_	_	_
617-1	BOI090	617	617	1	è	è	_	_	_	_	_	linguistic	_	none	_	_	_	_	_	_
617-2	BOI090	617	617	2	stato	stato	_	_	_	_	_	linguistic	_	none	_	_	_	_	_	_
617-3	BOI090	617	617	3	<bellissimo>	bellissimo	_	_	_	_	_	linguistic	_	none	_	End=1633.909	_	Slow=0-10(0)	_	_
618-0	BOI090	618	618	0	non	non	_	_	_	_	_	linguistic	_	none	_	Begin=1634.175	_	_	_	_
618-1	BOI090	618	618	1	mi	mi	_	_	_	_	_	linguistic	_	none	_	_	_	_	_	_
618-2	BOI090	618	618	2	ricordo	ricordo	_	_	_	_	_	linguistic	_	none	_	_	_	_	_	_
618-3	BOI090	618	618	3	che	che	_	_	_	_	_	linguistic	_	none	_	_	_	_	_	_
618-4	BOI090	618	618	4	film	film	_	_	_	_	_	linguistic	_	none	_	_	_	_	_	_
618-5	BOI090	618	618	5	ho	ho	_	_	_	_	_	linguistic	_	none	_	_	_	_	_	_
618-6	BOI090	618	618	6	visto,	visto	_	_	_	_	_	linguistic	_	none	Intonation=WeaklyRising	_	_	_	_	_
618-7	BOI090	618	618	7	ci	ci	_	_	_	_	_	linguistic	_	none	_	_	_	_	_	_
618-8	BOI090	618	618	8	dovrei	dovrei	_	_	_	_	_	linguistic	_	none	_	_	_	_	_	_
618-9	BOI090	618	618	9	pensare	pensare	_	_	_	_	_	linguistic	_	none	_	End=1636.592	_	_	_	_
619-0	BOR030	619	619	0	ma	ma	_	_	_	_	_	linguistic	_	none	PauseAfter=Yes	Begin=1636.646	_	_	_	_
619-1	BOR030	619	619	1	{P}	{P}	_	_	_	_	_	shortpause	_	none	_	_	_	_	_	_
619-2	BOR030	619	619	2	tanti	tanti	_	_	_	_	_	linguistic	_	none	_	_	_	_	_	_
619-3	BOR030	619	619	3	anni	anni	_	_	_	_	_	linguistic	_	none	_	_	_	_	_	_
619-4	BOR030	619	619	4	fa	fa	_	_	_	_	_	linguistic	_	none	_	_	_	_	_	_
619-5	BOR030	619	619	5	è	è	_	_	_	_	_	linguistic	_	none	_	_	_	_	_	_
619-6	BOR030	619	619	6	successo?	successo	_	_	_	_	_	linguistic	_	none	Intonation=Rising	End=1638.175	_	_	_	_
620-0	BOI090	620	620	0	l'	l'	_	_	_	_	_	linguistic	_	none	SpaceAfter=No	Begin=1638.332	_	_	_	_
620-1	BOI090	620	620	1	anno	anno	_	_	_	_	_	linguistic	_	none	_	_	_	_	_	_
620-2	BOI090	620	620	2	scorso	scorso	_	_	_	_	_	linguistic	_	none	_	End=1639.069	_	_	_	_
621-0	BOR030	621	621	0	ah	ah	_	_	_	_	_	linguistic	_	none	_	Begin=1639.071	_	_	_	_
621-1	BOR030	621	621	1	l'	l'	_	_	_	_	_	linguistic	_	none	SpaceAfter=No	_	_	_	_	_
621-2	BOR030	621	621	2	anno	anno	_	_	_	_	_	linguistic	_	none	_	_	_	_	_	_
621-3	BOR030	621	621	3	[scorso]	scorso	_	_	_	_	_	linguistic	_	none	_	End=1640.011	_	_	_	0-6(24)
622-0	BOI090	622	622	0	[>[NO	no	_	_	_	_	_	linguistic	_	none	Volume=high	Begin=1639.586	_	Fast=0-2(0)	_	_
622-1	BOI090	622	622	1	NO	no	_	_	_	_	_	linguistic	_	none	Volume=high	_	_	Fast=0-2(0)	_	_
622-2	BOI090	622	622	2	N]O<	no	_	_	_	_	_	linguistic	_	none	Volume=high	_	_	Fast=0-2(0)	_	_
622-3	BOI090	622	622	3	sì	sì	_	_	_	_	_	linguistic	_	none	_	_	_	_	_	_
622-4	BOI090	622	622	4	c(io)è	cioè	_	_	_	_	_	linguistic	_	none	_	_	_	_	1-3(0)	_
622-5	BOI090	622	622	5	sì	sì	_	_	_	_	_	linguistic	_	none	_	_	_	_	_	_
622-6	BOI090	622	622	6	ci	ci	_	_	_	_	_	linguistic	_	none	_	_	_	_	_	_
622-7	BOI090	622	622	7	son	son	_	_	_	_	_	linguistic	_	none	_	_	_	_	_	_
622-8	BOI090	622	622	8	stata	stata	_	_	_	_	_	linguistic	_	none	_	_	_	_	_	_
622-9	BOI090	622	622	9	anche	anche	_	_	_	_	_	linguistic	_	none	_	_	_	_	_	_
622-10	BOI090	622	622	10	perché	perché	_	_	_	_	_	linguistic	_	none	_	_	_	_	_	_
622-11	BOI090	622	622	11	prima	prima	_	_	_	_	_	linguistic	_	none	_	_	_	_	_	_
622-12	BOI090	622	622	12	c'	c'	_	_	_	_	_	linguistic	_	none	SpaceAfter=No	_	_	_	_	_
622-13	BOI090	622	622	13	era	era	_	_	_	_	_	linguistic	_	none	_	_	_	_	_	_
622-14	BOI090	622	622	14	il	il	_	_	_	_	_	linguistic	_	none	_	_	_	_	_	_
622-15	BOI090	622	622	15	covid	covid	_	_	_	_	_	linguistic	_	none	_	_	_	_	_	_
622-16	BOI090	622	622	16	quindi	quindi	_	_	_	_	_	linguistic	_	none	_	_	_	_	_	_
622-17	BOI090	622	622	17	per	per	_	_	_	_	_	linguistic	_	none	_	_	_	_	_	_
622-18	BOI090	622	622	18	qualche	qualche	_	_	_	_	_	linguistic	_	none	_	_	_	_	_	_
622-19	BOI090	622	622	19	anno	anno	_	_	_	_	_	linguistic	_	none	_	_	_	_	_	_
622-20	BOI090	622	622	20	si	si	_	_	_	_	_	linguistic	_	none	_	_	_	_	_	_
622-21	BOI090	622	622	21	son	son	_	_	_	_	_	linguistic	_	none	_	_	_	_	_	_
622-22	BOI090	622	622	22	fermati	fermati	_	_	_	_	_	linguistic	_	none	_	End=1644.736	_	_	_	_
623-0	BOR030	623	623	0	giusto	giusto	_	_	_	_	_	linguistic	_	none	_	Begin=1644.809|End=1645.29	_	_	_	_
624-0	BOI090	624	624	0	però:	però	_	_	_	_	_	linguistic	_	none	_	Begin=1645.496	3x1	_	_	_
624-1	BOI090	624	624	1	è	è	_	_	_	_	_	linguistic	_	none	_	_	_	_	_	_
624-2	BOI090	624	624	2	stato	stato	_	_	_	_	_	linguistic	_	none	PauseAfter=Yes	_	_	_	_	_
624-3	BOI090	624	624	3	{P}	{P}	_	_	_	_	_	shortpause	_	none	_	_	_	_	_	_
624-4	BOI090	624	624	4	bello.	bello	_	_	_	_	_	linguistic	_	none	Intonation=Falling	_	_	_	_	_
624-5	BOI090	624	624	5	c(io)è	cioè	_	_	_	_	_	linguistic	_	none	_	_	_	_	1-3(0)	_
624-6	BOI090	624	624	6	proprio	proprio	_	_	_	_	_	linguistic	_	none	_	_	_	_	_	_
624-7	BOI090	624	624	7	una	una	_	_	_	_	_	linguistic	_	none	_	End=1648.301	_	_	_	_
625-0	BOI090	625	625	0	una	una	_	_	_	_	_	linguistic	_	none	_	Begin=1648.564	_	_	_	_
625-1	BOI090	625	625	1	bella	bella	_	_	_	_	_	linguistic	_	none	_	_	_	_	_	_
625-2	BOI090	625	625	2	atmosfera	atmosfera	_	_	_	_	_	linguistic	_	none	_	_	_	_	_	_
625-3	BOI090	625	625	3	anche	anche	_	_	_	_	_	linguistic	_	none	_	_	_	_	_	_
625-4	BOI090	625	625	4	perché	perché	_	_	_	_	_	linguistic	_	none	_	_	_	_	_	_
625-5	BOI090	625	625	5	lo	lo	_	_	_	_	_	linguistic	_	none	_	_	_	_	_	_
625-6	BOI090	625	625	6	fanno	fanno	_	_	_	_	_	linguistic	_	none	_	_	_	_	_	_
625-7	BOI090	625	625	7	in	in	_	_	_	_	_	linguistic	_	none	_	_	_	_	_	_
625-8	BOI090	625	625	8	piazza	piazza	_	_	_	_	_	linguistic	_	none	_	_	_	_	_	_
625-9	BOI090	625	625	9	maggiore	maggiore	_	_	_	_	_	linguistic	_	none	_	End=1651.396	_	_	_	_
626-0	BOI090	626	626	0	con	con	_	_	_	_	_	linguistic	_	none	_	Begin=1651.638|End=1652.016	_	_	_	_
627-0	BOI090	627	627	0	l~	l~	_	_	_	_	_	linguistic	_	none	Interrupted=Yes	Begin=1652.553	_	_	_	_
627-1	BOI090	627	627	1	la:	la	_	_	_	_	_	linguistic	_	none	_	_	1x1	_	_	_
627-2	BOI090	627	627	2	m:h	mh	_	_	_	_	_	linguistic	_	none	_	_	0x1	_	_	_
627-3	BOI090	627	627	3	la	la	_	_	_	_	_	linguistic	_	none	_	_	_	_	_	_
627-4	BOI090	627	627	4	chiesa	chiesa	_	_	_	_	_	linguistic	_	none	_	_	_	_	_	_
627-5	BOI090	627	627	5	da	da	_	_	_	_	_	linguistic	_	none	_	_	_	_	_	_
627-6	BOI090	627	627	6	un	un	_	_	_	_	_	linguistic	_	none	_	_	_	_	_	_
627-7	BOI090	627	627	7	lato:	lato	_	_	_	_	_	linguistic	_	none	_	_	3x1	_	_	_
627-8	BOI090	627	627	8	c(io)è	cioè	_	_	_	_	_	linguistic	_	none	_	_	_	_	1-3(0)	_
627-9	BOI090	627	627	9	è	è	_	_	_	_	_	linguistic	_	none	_	_	_	_	_	_
627-10	BOI090	627	627	10	bellissimo	bellissimo	_	_	_	_	_	linguistic	_	none	_	End=1655.989	_	_	_	_
628-0	BOI090	628	628	0	[io	io	_	_	_	_	_	linguistic	_	none	_	Begin=1656.172	_	_	_	0-2(26)
628-1	BOI090	628	628	1	ci	ci	_	_	_	_	_	linguistic	_	none	_	_	_	_	_	0-2(26)
628-2	BOI090	628	628	2	son	son	_	_	_	_	_	linguistic	_	none	_	_	_	_	_	0-3(26)
628-3	BOI090	628	628	3	s]tata	stata	_	_	_	_	_	linguistic	_	none	_	_	_	_	_	0-1(26)
628-4	BOI090	628	628	4	e:	e	_	_	_	_	_	linguistic	_	none	_	_	0x1	_	_	_
628-5	BOI090	628	628	5	molto	molto	_	_	_	_	_	linguistic	_	none	_	_	_	_	_	_
628-6	BOI090	628	628	6	bello	bello	_	_	_	_	_	linguistic	_	none	_	End=1658.144	_	_	_	_
629-0	BOR030	629	629	0	[mhmh]	mhmh	_	_	_	_	_	linguistic	_	none	_	Begin=1656.172|End=1656.78	_	_	_	0-4(26)
630-0	BOI090	630	630	0	poi	poi	_	_	_	_	_	linguistic	_	none	_	Begin=1658.255	_	_	_	_
630-1	BOI090	630	630	1	queste	queste	_	_	_	_	_	linguistic	_	none	_	_	_	_	_	_
630-2	BOI090	630	630	2	iniziative	iniziative	_	_	_	_	_	linguistic	_	none	_	_	_	_	_	_
630-3	BOI090	630	630	3	qui	qui	_	_	_	_	_	linguistic	_	none	_	_	_	_	_	_
630-4	BOI090	630	630	4	in	in	_	_	_	_	_	linguistic	_	none	_	_	_	_	_	_
630-5	BOI090	630	630	5	piazza	piazza	_	_	_	_	_	linguistic	_	none	_	_	_	_	_	_
630-6	BOI090	630	630	6	maggiore	maggiore	_	_	_	_	_	linguistic	_	none	_	_	_	_	_	_
630-7	BOI090	630	630	7	son	son	_	_	_	_	_	linguistic	_	none	_	_	_	_	_	_
630-8	BOI090	630	630	8	bellissime	bellissime	_	_	_	_	_	linguistic	_	none	_	_	_	_	_	_
630-9	BOI090	630	630	9	come	come	_	_	_	_	_	linguistic	_	none	_	_	_	_	_	_
630-10	BOI090	630	630	10	anche	anche	_	_	_	_	_	linguistic	_	none	_	_	_	_	_	_
630-11	BOI090	630	630	11	tipo	tipo	_	_	_	_	_	linguistic	_	none	_	_	_	_	_	_
630-12	BOI090	630	630	12	la	la	_	_	_	_	_	linguistic	_	none	_	_	_	_	_	_
630-13	BOI090	630	630	13	festa	festa	_	_	_	_	_	linguistic	_	none	_	_	_	_	_	_
630-14	BOI090	630	630	14	del	del	_	_	_	_	_	linguistic	_	none	_	_	_	_	_	_
630-15	BOI090	630	630	15	primo	primo	_	_	_	_	_	linguistic	_	none	_	_	_	_	_	_
630-16	BOI090	630	630	16	maggio	maggio	_	_	_	_	_	linguistic	_	none	_	End=1662.978	_	_	_	_
631-0	BOR030	631	631	0	m:h	mh	_	_	_	_	_	linguistic	_	none	_	Begin=1663.059|End=1663.427	0x1	_	_	_
632-0	BOI090	632	632	0	la	la	_	_	_	_	_	linguistic	_	none	_	Begin=1663.578	_	_	_	_
632-1	BOI090	632	632	1	fanno	fanno	_	_	_	_	_	linguistic	_	none	_	_	_	_	_	_
632-2	BOI090	632	632	2	in	in	_	_	_	_	_	linguistic	_	none	_	_	_	_	_	_
632-3	BOI090	632	632	3	piazza	piazza	_	_	_	_	_	linguistic	_	none	_	_	_	_	_	_
632-4	BOI090	632	632	4	maggio:re,	maggiore	_	_	_	_	_	linguistic	_	none	Intonation=WeaklyRising	_	5x1	_	_	_
632-5	BOI090	632	632	5	e:	e	_	_	_	_	_	linguistic	_	none	_	_	0x1	_	_	_
632-6	BOI090	632	632	6	sempre	sempre	_	_	_	_	_	linguistic	_	none	_	End=1666.393	_	_	_	_
633-0	BOI090	633	633	0	atmosfera	atmosfera	_	_	_	_	_	linguistic	_	none	_	Begin=1666.559	_	_	_	_
633-1	BOI090	633	633	1	magica	magica	_	_	_	_	_	linguistic	_	none	_	_	_	_	_	_
633-2	BOI090	633	633	2	perché:	perché	_	_	_	_	_	linguistic	_	none	_	_	5x1	_	_	_
633-3	BOI090	633	633	3	è	è	_	_	_	_	_	linguistic	_	none	_	_	_	_	_	_
633-4	BOI090	633	633	4	tutta	tutta	_	_	_	_	_	linguistic	_	none	_	_	_	_	_	_
633-5	BOI090	633	633	5	all'	all'	_	_	_	_	_	linguistic	_	none	SpaceAfter=No	_	_	_	_	_
633-6	BOI090	633	633	6	aperto	aperto	_	_	_	_	_	linguistic	_	none	_	_	_	_	_	_
633-7	BOI090	633	633	7	e	e	_	_	_	_	_	linguistic	_	none	_	_	_	_	_	_
633-8	BOI090	633	633	8	poi	poi	_	_	_	_	_	linguistic	_	none	_	_	_	_	_	_
633-9	BOI090	633	633	9	vedi	vedi	_	_	_	_	_	linguistic	_	none	_	End=1669.842	_	_	_	_
634-0	BOI090	634	634	0	{ride}	{ride}	_	_	_	_	_	nonverbalbehavior	_	none	_	Begin=1670.154	_	_	_	_
634-1	BOI090	634	634	1	la	la	_	_	_	_	_	linguistic	_	none	_	_	_	_	_	_
634-2	BOI090	634	634	2	chiesa	chiesa	_	_	_	_	_	linguistic	_	none	_	_	_	_	_	_
634-3	BOI090	634	634	3	bella	bella	_	_	_	_	_	linguistic	_	none	_	_	_	_	_	_
634-4	BOI090	634	634	4	di	di	_	_	_	_	_	linguistic	_	none	_	_	_	_	_	_
634-5	BOI090	634	634	5	fianco	fianco	_	_	_	_	_	linguistic	_	none	_	_	_	_	_	_
634-6	BOI090	634	634	6	dall'	dall'	_	_	_	_	_	linguistic	_	none	SpaceAfter=No	_	_	_	_	_
634-7	BOI090	634	634	7	altra	altra	_	_	_	_	_	linguistic	_	none	_	_	_	_	_	_
634-8	BOI090	634	634	8	parte,	parte	_	_	_	_	_	linguistic	_	none	Intonation=WeaklyRising	_	_	_	_	_
634-9	BOI090	634	634	9	i	i	_	_	_	_	_	linguistic	_	none	_	_	_	_	_	_
634-10	BOI090	634	634	10	portici	portici	_	_	_	_	_	linguistic	_	none	_	_	_	_	_	_
634-11	BOI090	634	634	11	illumina:ti	illuminati	_	_	_	_	_	linguistic	_	none	_	_	7x1	_	_	_
634-12	BOI090	634	634	12	stupendo	stupendo	_	_	_	_	_	linguistic	_	none	_	End=1674.679	_	_	_	_
635-0	BOR030	635	635	0	e:h	eh	_	_	_	_	_	linguistic	_	none	_	Begin=1674.887|End=1675.181	0x1	_	_	_
636-0	BOR030	636	636	0	e:h	eh	_	_	_	_	_	linguistic	_	none	_	Begin=1675.466	0x1	_	_	_
636-1	BOR030	636	636	1	a	a	_	_	_	_	_	linguistic	_	none	_	_	_	_	_	_
636-2	BOR030	636	636	2	proposito	proposito	_	_	_	_	_	linguistic	_	none	_	_	_	_	_	_
636-3	BOR030	636	636	3	dei	dei	_	_	_	_	_	linguistic	_	none	_	_	_	_	_	_
636-4	BOR030	636	636	4	portici:	portici	_	_	_	_	_	linguistic	_	none	_	End=1677.042	6x1	_	_	_
637-0	BOI090	637	637	0	s[ì]	sì	_	_	_	_	_	linguistic	_	none	_	Begin=1677.044|End=1677.495	_	_	_	1-2(27)
638-0	BOR030	638	638	0	[che	che	_	_	_	_	_	linguistic	_	none	_	Begin=1677.242	_	_	_	0-3(27)
638-1	BOR030	638	638	1	s]ono:	sono	_	_	_	_	_	linguistic	_	none	_	_	3x1	_	_	0-1(27)
638-2	BOR030	638	638	2	patrimonio	patrimonio	_	_	_	_	_	linguistic	_	none	_	_	_	_	_	_
638-3	BOR030	638	638	3	dell'	dell'	_	_	_	_	_	linguistic	_	none	SpaceAfter=No	_	_	_	_	_
638-4	BOR030	638	638	4	une:[sco:]	unesco	_	_	_	_	_	linguistic	_	none	_	End=1679.424	2x1,5x1	_	_	3-6(29)
639-0	BOI090	639	639	0	[sì]	sì	_	_	_	_	_	linguistic	_	none	_	Begin=1679.033|End=1679.424	_	_	_	0-2(29)
640-0	BOR030	640	640	0	secondo	secondo	_	_	_	_	_	linguistic	_	none	_	Begin=1679.865	_	_	_	_
640-1	BOR030	640	640	1	te	te	_	_	_	_	_	linguistic	_	none	_	_	_	_	_	_
640-2	BOR030	640	640	2	quindi	quindi	_	_	_	_	_	linguistic	_	none	_	_	_	_	_	_
640-3	BOR030	640	640	3	appunto	appunto	_	_	_	_	_	linguistic	_	none	_	_	_	_	_	_
640-4	BOR030	640	640	4	sono	sono	_	_	_	_	_	linguistic	_	none	_	_	_	_	_	_
640-5	BOR030	640	640	5	un	un	_	_	_	_	_	linguistic	_	none	_	_	_	_	_	_
640-6	BOR030	640	640	6	simbolo	simbolo	_	_	_	_	_	linguistic	_	none	_	_	_	_	_	_
640-7	BOR030	640	640	7	[importan]ti:s[simo]	importantissimo	_	_	_	_	_	linguistic	_	none	_	End=1683.751	9x1	_	_	0-8(30),11-15(31)
641-0	BOI090	641	641	0	[certo]	certo	_	_	_	_	_	linguistic	_	none	_	Begin=1682.416|End=1682.933	_	_	_	0-5(30)
642-0	BOI090	642	642	0	[ne	ne	_	_	_	_	_	linguistic	_	none	_	Begin=1683.23	_	_	_	0-2(31)
642-1	BOI090	642	642	1	andiam	andiam	_	_	_	_	_	linguistic	_	none	_	_	_	_	_	0-6(31)
642-2	BOI090	642	642	2	t]utti	tutti	_	_	_	_	_	linguistic	_	none	_	_	_	_	_	0-1(31)
642-3	BOI090	642	642	3	molto	molto	_	_	_	_	_	linguistic	_	none	_	_	_	_	_	_
642-4	BOI090	642	642	4	fieri	fieri	_	_	_	_	_	linguistic	_	none	_	_	_	_	_	_
642-5	BOI090	642	642	5	dei	dei	_	_	_	_	_	linguistic	_	none	_	_	_	_	_	_
642-6	BOI090	642	642	6	portici	portici	_	_	_	_	_	linguistic	_	none	_	_	_	_	_	_
642-7	BOI090	642	642	7	di	di	_	_	_	_	_	linguistic	_	none	_	_	_	_	_	_
642-8	BOI090	642	642	8	bologna	bologna	_	_	_	_	_	linguistic	_	none	_	End=1685.893	_	_	_	_
643-0	BOR030	643	643	0	esatto	esatto	_	_	_	_	_	linguistic	_	none	_	Begin=1685.987|End=1686.494	_	_	_	_
644-0	BOR030	644	644	0	e	e	_	_	_	_	_	linguistic	_	none	_	Begin=1686.556	_	_	_	_
644-1	BOR030	644	644	1	cosa	cosa	_	_	_	_	_	linguistic	_	none	_	_	_	_	_	_
644-2	BOR030	644	644	2	pensi	pensi	_	_	_	_	_	linguistic	_	none	_	_	_	_	_	_
644-3	BOR030	644	644	3	del	del	_	_	_	_	_	linguistic	_	none	_	_	_	_	_	_
644-4	BOR030	644	644	4	loro	loro	_	_	_	_	_	linguistic	_	none	_	_	_	_	_	_
644-5	BOR030	644	644	5	stato	stato	_	_	_	_	_	linguistic	_	none	_	_	_	_	_	_
644-6	BOR030	644	644	6	attuale	attuale	_	_	_	_	_	linguistic	_	none	_	End=1688.629	_	_	_	_
645-0	BOI090	645	645	0	ma	ma	_	_	_	_	_	linguistic	_	none	_	Begin=1689.306|End=1689.662	_	_	_	_
646-0	BOI090	646	646	0	ti	ti	_	_	_	_	_	linguistic	_	none	_	Begin=1689.773	_	_	_	_
646-1	BOI090	646	646	1	dirò:	dirò	_	_	_	_	_	linguistic	_	none	_	_	3x1	_	_	_
646-2	BOI090	646	646	2	io:	io	_	_	_	_	_	linguistic	_	none	_	End=1690.694	1x1	_	_	_
647-0	BOI090	647	647	0	li	li	_	_	_	_	_	linguistic	_	none	_	Begin=1690.801	_	_	_	_
647-1	BOI090	647	647	1	ho	ho	_	_	_	_	_	linguistic	_	none	_	_	_	_	_	_
647-2	BOI090	647	647	2	sempre	sempre	_	_	_	_	_	linguistic	_	none	_	_	_	_	_	_
647-3	BOI090	647	647	3	trovati	trovati	_	_	_	_	_	linguistic	_	none	_	_	_	_	_	_
647-4	BOI090	647	647	4	come	come	_	_	_	_	_	linguistic	_	none	_	End=1692.095	_	_	_	_
648-0	BOI090	648	648	0	c(io)è	cioè	_	_	_	_	_	linguistic	_	none	_	Begin=1692.191|End=1692.437	_	_	1-3(0)	_
649-0	BOI090	649	649	0	la	la	_	_	_	_	_	linguistic	_	none	_	Begin=1692.611	_	_	_	_
649-1	BOI090	649	649	1	meraviglia:	meraviglia	_	_	_	_	_	linguistic	_	none	_	_	9x1	_	_	_
649-2	BOI090	649	649	2	di	di	_	_	_	_	_	linguistic	_	none	_	_	_	_	_	_
649-3	BOI090	649	649	3	bologna	bologna	_	_	_	_	_	linguistic	_	none	_	_	_	_	_	_
649-4	BOI090	649	649	4	nel	nel	_	_	_	_	_	linguistic	_	none	_	_	_	_	_	_
649-5	BOI090	649	649	5	senso	senso	_	_	_	_	_	linguistic	_	none	_	_	_	_	_	_
649-6	BOI090	649	649	6	a	a	_	_	_	_	_	linguistic	_	none	_	_	_	_	_	_
649-7	BOI090	649	649	7	parte	parte	_	_	_	_	_	linguistic	_	none	_	_	_	_	_	_
649-8	BOI090	649	649	8	la	la	_	_	_	_	_	linguistic	_	none	_	_	_	_	_	_
649-9	BOI090	649	649	9	comodità	comodità	_	_	_	_	_	linguistic	_	none	_	End=1696.003	_	_	_	_
650-0	BOI090	650	650	0	perché:	perché	_	_	_	_	_	linguistic	_	none	_	Begin=1696.363	5x1	_	_	_
650-1	BOI090	650	650	1	chi	chi	_	_	_	_	_	linguistic	_	none	_	_	_	_	_	_
650-2	BOI090	650	650	2	non	non	_	_	_	_	_	linguistic	_	none	_	_	_	_	_	_
650-3	BOI090	650	650	3	ha	ha	_	_	_	_	_	linguistic	_	none	_	_	_	_	_	_
650-4	BOI090	650	650	4	i	i	_	_	_	_	_	linguistic	_	none	_	_	_	_	_	_
650-5	BOI090	650	650	5	portici	portici	_	_	_	_	_	linguistic	_	none	_	_	_	_	_	_
650-6	BOI090	650	650	6	non	non	_	_	_	_	_	linguistic	_	none	_	_	_	_	_	_
650-7	BOI090	650	650	7	può	può	_	_	_	_	_	linguistic	_	none	_	_	_	_	_	_
650-8	BOI090	650	650	8	capire	capire	_	_	_	_	_	linguistic	_	none	_	_	_	_	_	_
650-9	BOI090	650	650	9	la	la	_	_	_	_	_	linguistic	_	none	_	_	_	_	_	_
650-10	BOI090	650	650	10	comodità	comodità	_	_	_	_	_	linguistic	_	none	_	_	_	_	_	_
650-11	BOI090	650	650	11	di	di	_	_	_	_	_	linguistic	_	none	_	_	_	_	_	_
650-12	BOI090	650	650	12	quando	quando	_	_	_	_	_	linguistic	_	none	_	_	_	_	_	_
650-13	BOI090	650	650	13	piove	piove	_	_	_	_	_	linguistic	_	none	_	_	_	_	_	_
650-14	BOI090	650	650	14	e	e	_	_	_	_	_	linguistic	_	none	_	_	_	_	_	_
650-15	BOI090	650	650	15	sei	sei	_	_	_	_	_	linguistic	_	none	_	_	_	_	_	_
650-16	BOI090	650	650	16	in	in	_	_	_	_	_	linguistic	_	none	_	_	_	_	_	_
650-17	BOI090	650	650	17	centro	centro	_	_	_	_	_	linguistic	_	none	_	_	_	_	_	_
650-18	BOI090	650	650	18	a	a	_	_	_	_	_	linguistic	_	none	_	_	_	_	_	_
650-19	BOI090	650	650	19	bologna	bologna	_	_	_	_	_	linguistic	_	none	_	_	_	_	_	_
650-20	BOI090	650	650	20	e	e	_	_	_	_	_	linguistic	_	none	_	_	_	_	_	_
650-21	BOI090	650	650	21	ti	ti	_	_	_	_	_	linguistic	_	none	_	_	_	_	_	_
650-22	BOI090	650	650	22	puoi	puoi	_	_	_	_	_	linguistic	_	none	_	_	_	_	_	_
650-23	BOI090	650	650	23	riparare	riparare	_	_	_	_	_	linguistic	_	none	_	_	_	_	_	_
650-24	BOI090	650	650	24	sotto	sotto	_	_	_	_	_	linguistic	_	none	_	_	_	_	_	_
650-25	BOI090	650	650	25	i	i	_	_	_	_	_	linguistic	_	none	_	_	_	_	_	_
650-26	BOI090	650	650	26	portici	portici	_	_	_	_	_	linguistic	_	none	_	End=1703.16	_	_	_	_
651-0	BOI090	651	651	0	io	io	_	_	_	_	_	linguistic	_	none	_	Begin=1703.76	_	_	_	_
651-1	BOI090	651	651	1	non	non	_	_	_	_	_	linguistic	_	none	_	_	_	_	_	_
651-2	BOI090	651	651	2	li	li	_	_	_	_	_	linguistic	_	none	_	_	_	_	_	_
651-3	BOI090	651	651	3	ho	ho	_	_	_	_	_	linguistic	_	none	_	_	_	_	_	_
651-4	BOI090	651	651	4	mai	mai	_	_	_	_	_	linguistic	_	none	_	_	_	_	_	_
651-5	BOI090	651	651	5	visti	visti	_	_	_	_	_	linguistic	_	none	_	_	_	_	_	_
651-6	BOI090	651	651	6	male	male	_	_	_	_	_	linguistic	_	none	_	_	_	_	_	_
651-7	BOI090	651	651	7	so	so	_	_	_	_	_	linguistic	_	none	_	_	_	_	_	_
651-8	BOI090	651	651	8	che	che	_	_	_	_	_	linguistic	_	none	_	_	_	_	_	_
651-9	BOI090	651	651	9	ne	ne	_	_	_	_	_	linguistic	_	none	_	_	_	_	_	_
651-10	BOI090	651	651	10	parlano	parlano	_	_	_	_	_	linguistic	_	none	_	End=1706.613	_	_	_	_
652-0	BOI090	652	652	0	diciamo	diciamo	_	_	_	_	_	linguistic	_	none	_	Begin=1706.85|End=1707.476	_	_	_	_
653-0	BOI090	653	653	0	ristrutturazioni	ristrutturazioni	_	_	_	_	_	linguistic	_	none	_	Begin=1708.164	_	_	_	_
653-1	BOI090	653	653	1	cose	cose	_	_	_	_	_	linguistic	_	none	_	_	_	_	_	_
653-2	BOI090	653	653	2	poi	poi	_	_	_	_	_	linguistic	_	none	_	_	_	_	_	_
653-3	BOI090	653	653	3	negli	negli	_	_	_	_	_	linguistic	_	none	_	_	_	_	_	_
653-4	BOI090	653	653	4	ultimi	ultimi	_	_	_	_	_	linguistic	_	none	_	_	_	_	_	_
653-5	BOI090	653	653	5	anni	anni	_	_	_	_	_	linguistic	_	none	_	End=1710.77	_	_	_	_
654-0	BOI090	654	654	0	altro	altro	_	_	_	_	_	linguistic	_	none	_	Begin=1711.059	_	_	_	_
654-1	BOI090	654	654	1	che	che	_	_	_	_	_	linguistic	_	none	_	End=1711.645	_	_	_	_
655-0	BOI090	655	655	0	però:	però	_	_	_	_	_	linguistic	_	none	_	Begin=1712.301	3x1	_	_	_
655-1	BOI090	655	655	1	per	per	_	_	_	_	_	linguistic	_	none	_	_	_	_	_	_
655-2	BOI090	655	655	2	me	me	_	_	_	_	_	linguistic	_	none	_	_	_	_	_	_
655-3	BOI090	655	655	3	son	son	_	_	_	_	_	linguistic	_	none	_	_	_	_	_	_
655-4	BOI090	655	655	4	sempre	sempre	_	_	_	_	_	linguistic	_	none	_	_	_	_	_	_
655-5	BOI090	655	655	5	il	il	_	_	_	_	_	linguistic	_	none	_	_	_	_	_	_
655-6	BOI090	655	655	6	simbolo	simbolo	_	_	_	_	_	linguistic	_	none	_	_	_	_	_	_
655-7	BOI090	655	655	7	e	e	_	_	_	_	_	linguistic	_	none	_	_	_	_	_	_
655-8	BOI090	655	655	8	così	così	_	_	_	_	_	linguistic	_	none	_	_	_	_	_	_
655-9	BOI090	655	655	9	devono	devono	_	_	_	_	_	linguistic	_	none	_	_	_	_	_	_
655-10	BOI090	655	655	10	rimanere	rimanere	_	_	_	_	_	linguistic	_	none	_	End=1715.568	_	_	_	_
656-0	BOR030	656	656	0	mh	mh	_	_	_	_	_	linguistic	_	none	_	Begin=1715.786	_	_	_	_
656-1	BOR030	656	656	1	anche	anche	_	_	_	_	_	linguistic	_	none	_	_	_	_	_	_
656-2	BOR030	656	656	2	le	le	_	_	_	_	_	linguistic	_	none	_	_	_	_	_	_
656-3	BOR030	656	656	3	scritte?	scritte	_	_	_	_	_	linguistic	_	none	Intonation=Rising	End=1717.137	_	_	_	_
657-0	BOI090	657	657	0	ecco	ecco	_	_	_	_	_	linguistic	_	none	_	Begin=1717.665	_	_	_	_
657-1	BOI090	657	657	1	quello	quello	_	_	_	_	_	linguistic	_	none	_	_	_	_	_	_
657-2	BOI090	657	657	2	magari	magari	_	_	_	_	_	linguistic	_	none	_	_	_	_	_	_
657-3	BOI090	657	657	3	c(io)è	cioè	_	_	_	_	_	linguistic	_	none	_	_	_	_	1-3(0)	_
657-4	BOI090	657	657	4	quello	quello	_	_	_	_	_	linguistic	_	none	_	_	_	_	_	_
657-5	BOI090	657	657	5	però	però	_	_	_	_	_	linguistic	_	none	_	_	_	_	_	_
657-6	BOI090	657	657	6	sta	sta	_	_	_	_	_	linguistic	_	none	_	_	_	_	_	_
657-7	BOI090	657	657	7	nel	nel	_	_	_	_	_	linguistic	_	none	_	_	_	_	_	_
657-8	BOI090	657	657	8	buon	buon	_	_	_	_	_	linguistic	_	none	_	_	_	_	_	_
657-9	BOI090	657	657	9	senso	senso	_	_	_	_	_	linguistic	_	none	_	_	_	_	_	_
657-10	BOI090	657	657	10	della	della	_	_	_	_	_	linguistic	_	none	_	_	_	_	_	_
657-11	BOI090	657	657	11	gente	gente	_	_	_	_	_	linguistic	_	none	_	End=1721.509	_	_	_	_
658-0	BOI090	658	658	0	nel	nel	_	_	_	_	_	linguistic	_	none	_	Begin=1721.61	_	_	_	_
658-1	BOI090	658	658	1	senso	senso	_	_	_	_	_	linguistic	_	none	_	_	_	_	_	_
658-2	BOI090	658	658	2	che	che	_	_	_	_	_	linguistic	_	none	_	End=1722.55	_	_	_	_
659-0	BOI090	659	659	0	non	non	_	_	_	_	_	linguistic	_	none	_	Begin=1722.695	_	_	_	_
659-1	BOI090	659	659	1	è	è	_	_	_	_	_	linguistic	_	none	_	_	_	_	_	_
659-2	BOI090	659	659	2	colpa	colpa	_	_	_	_	_	linguistic	_	none	_	_	_	_	_	_
659-3	BOI090	659	659	3	della	della	_	_	_	_	_	linguistic	_	none	_	_	_	_	_	_
659-4	BOI090	659	659	4	città	città	_	_	_	_	_	linguistic	_	none	_	_	_	_	_	_
659-5	BOI090	659	659	5	in	in	_	_	_	_	_	linguistic	_	none	_	_	_	_	_	_
659-6	BOI090	659	659	6	sè:	sè	_	_	_	_	_	linguistic	_	none	_	_	1x1	_	_	_
659-7	BOI090	659	659	7	ma	ma	_	_	_	_	_	linguistic	_	none	_	_	_	_	_	_
659-8	BOI090	659	659	8	magari	magari	_	_	_	_	_	linguistic	_	none	_	End=1725.589	_	_	_	_
660-0	BOI090	660	660	0	di	di	_	_	_	_	_	linguistic	_	none	_	Begin=1725.853	_	_	_	_
660-1	BOI090	660	660	1	persone	persone	_	_	_	_	_	linguistic	_	none	_	_	_	_	_	_
660-2	BOI090	660	660	2	che	che	_	_	_	_	_	linguistic	_	none	_	_	_	_	_	_
660-3	BOI090	660	660	3	dovrebbero	dovrebbero	_	_	_	_	_	linguistic	_	none	_	_	_	_	_	_
660-4	BOI090	660	660	4	ragionarci	ragionarci	_	_	_	_	_	linguistic	_	none	_	_	_	_	_	_
660-5	BOI090	660	660	5	più	più	_	_	_	_	_	linguistic	_	none	_	_	_	_	_	_
660-6	BOI090	660	660	6	su	su	_	_	_	_	_	linguistic	_	none	_	End=1727.994	_	_	_	_
661-0	BOI090	661	661	0	perché	perché	_	_	_	_	_	linguistic	_	none	PauseAfter=Yes	Begin=1728.2	_	_	_	_
661-1	BOI090	661	661	1	{P}	{P}	_	_	_	_	_	shortpause	_	none	_	_	_	_	_	_
661-2	BOI090	661	661	2	[per	per	_	_	_	_	_	linguistic	_	none	_	_	_	_	_	0-3(32)
661-3	BOI090	661	661	3	me:]	me	_	_	_	_	_	linguistic	_	none	_	End=1729.457	1x1	_	_	0-2(32)
662-0	BOR030	662	662	0	[m:h]	mh	_	_	_	_	_	linguistic	_	none	_	Begin=1728.596|End=1729.099	0x1	_	_	0-2(32)
663-0	BOI090	663	663	0	c(io)é	cioé	_	_	_	_	_	linguistic	_	none	_	Begin=1730.365|End=1730.665	_	_	1-3(0)	_
664-0	BOI090	664	664	0	sfregiare	sfregiare	_	_	_	_	_	linguistic	_	none	_	Begin=1731.396	_	_	_	_
664-1	BOI090	664	664	1	un	un	_	_	_	_	_	linguistic	_	none	_	_	_	_	_	_
664-2	BOI090	664	664	2	patrimonio	patrimonio	_	_	_	_	_	linguistic	_	none	_	_	_	_	_	_
664-3	BOI090	664	664	3	dell'	dell'	_	_	_	_	_	linguistic	_	none	SpaceAfter=No	_	_	_	_	_
664-4	BOI090	664	664	4	unesco:	unesco	_	_	_	_	_	linguistic	_	none	_	End=1733.694	5x1	_	_	_
665-0	BOI090	665	665	0	è	è	_	_	_	_	_	linguistic	_	none	_	Begin=1733.893	_	_	_	_
665-1	BOI090	665	665	1	è	è	_	_	_	_	_	linguistic	_	none	_	_	_	_	_	_
665-2	BOI090	665	665	2	è	è	_	_	_	_	_	linguistic	_	none	_	_	_	_	_	_
665-3	BOI090	665	665	3	sacrilegio	sacrilegio	_	_	_	_	_	linguistic	_	none	_	_	_	_	_	_
665-4	BOI090	665	665	4	dai	dai	_	_	_	_	_	linguistic	_	none	_	End=1735.609	_	_	_	_
666-0	BOR030	666	666	0	mh	mh	_	_	_	_	_	linguistic	_	none	_	Begin=1735.941|End=1736.181	_	_	_	_
667-0	BOI090	667	667	0	poi	poi	_	_	_	_	_	linguistic	_	none	_	Begin=1736.181	_	_	_	_
667-1	BOI090	667	667	1	andare	andare	_	_	_	_	_	linguistic	_	none	_	_	_	_	_	_
667-2	BOI090	667	667	2	a	a	_	_	_	_	_	linguistic	_	none	_	_	_	_	_	_
667-3	BOI090	667	667	3	scrivere	scrivere	_	_	_	_	_	linguistic	_	none	_	_	_	_	_	_
667-4	BOI090	667	667	4	sui	sui	_	_	_	_	_	linguistic	_	none	_	_	_	_	_	_
667-5	BOI090	667	667	5	portici	portici	_	_	_	_	_	linguistic	_	none	_	_	_	_	_	_
667-6	BOI090	667	667	6	di	di	_	_	_	_	_	linguistic	_	none	_	_	_	_	_	_
667-7	BOI090	667	667	7	bologna	bologna	_	_	_	_	_	linguistic	_	none	_	_	_	_	_	_
667-8	BOI090	667	667	8	ma	ma	_	_	_	_	_	linguistic	_	none	_	_	_	_	_	_
667-9	BOI090	667	667	9	come	come	_	_	_	_	_	linguistic	_	none	_	_	_	_	_	_
667-10	BOI090	667	667	10	sei	sei	_	_	_	_	_	linguistic	_	none	_	_	_	_	_	_
667-11	BOI090	667	667	11	messo	messo	_	_	_	_	_	linguistic	_	none	_	_	_	_	_	_
667-12	BOI090	667	667	12	{ride}	{ride}	_	_	_	_	_	nonverbalbehavior	_	none	_	End=1740.376	_	_	_	_
668-0	BOR030	668	668	0	ci	ci	_	_	_	_	_	linguistic	_	none	_	Begin=1740.571	_	_	_	_
668-1	BOR030	668	668	1	sono	sono	_	_	_	_	_	linguistic	_	none	_	_	_	_	_	_
668-2	BOR030	668	668	2	frasi	frasi	_	_	_	_	_	linguistic	_	none	_	_	_	_	_	_
668-3	BOR030	668	668	3	che	che	_	_	_	_	_	linguistic	_	none	_	_	_	_	_	_
668-4	BOR030	668	668	4	ti	ti	_	_	_	_	_	linguistic	_	none	_	_	_	_	_	_
668-5	BOR030	668	668	5	ricordi?	ricordi	_	_	_	_	_	linguistic	_	none	Intonation=Rising	End=1742.218	_	_	_	_
669-0	BOR030	669	669	0	che	che	_	_	_	_	_	linguistic	_	none	_	Begin=1742.386	_	_	_	_
669-1	BOR030	669	669	1	ti	ti	_	_	_	_	_	linguistic	_	none	_	_	_	_	_	_
669-2	BOR030	669	669	2	sono:	sono	_	_	_	_	_	linguistic	_	none	_	_	3x1	_	_	_
669-3	BOR030	669	669	3	rimaste	rimaste	_	_	_	_	_	linguistic	_	none	_	_	_	_	_	_
669-4	BOR030	669	669	4	segna:[te]	segnate	_	_	_	_	_	linguistic	_	none	_	End=1744.319	4x1	_	_	5-7(33)
670-0	BOI090	670	670	0	[no]	no	_	_	_	_	_	linguistic	_	none	_	Begin=1744.079	_	_	_	0-2(33)
670-1	BOI090	670	670	1	però:	però	_	_	_	_	_	linguistic	_	none	_	_	3x1	_	_	_
670-2	BOI090	670	670	2	vedo	vedo	_	_	_	_	_	linguistic	_	none	_	_	_	_	_	_
670-3	BOI090	670	670	3	tanti	tanti	_	_	_	_	_	linguistic	_	none	_	_	_	_	_	_
670-4	BOI090	670	670	4	sticker	sticker	_	_	_	_	_	linguistic	_	none	_	End=1746.357	_	_	_	_
671-0	BOI090	671	671	0	c(io)è	cioè	_	_	_	_	_	linguistic	_	none	_	Begin=1746.565	_	_	1-3(0)	_
671-1	BOI090	671	671	1	una	una	_	_	_	_	_	linguistic	_	none	_	_	_	_	_	_
671-2	BOI090	671	671	2	cosa	cosa	_	_	_	_	_	linguistic	_	none	_	_	_	_	_	_
671-3	BOI090	671	671	3	che	che	_	_	_	_	_	linguistic	_	none	_	_	_	_	_	_
671-4	BOI090	671	671	4	vedo	vedo	_	_	_	_	_	linguistic	_	none	_	_	_	_	_	_
671-5	BOI090	671	671	5	su:l	sul	_	_	_	_	_	linguistic	_	none	_	_	1x1	_	_	_
671-6	BOI090	671	671	6	sui	sui	_	_	_	_	_	linguistic	_	none	_	_	_	_	_	_
671-7	BOI090	671	671	7	portici	portici	_	_	_	_	_	linguistic	_	none	_	_	_	_	_	_
671-8	BOI090	671	671	8	di	di	_	_	_	_	_	linguistic	_	none	_	_	_	_	_	_
671-9	BOI090	671	671	9	bologna	bologna	_	_	_	_	_	linguistic	_	none	_	_	_	_	_	_
671-10	BOI090	671	671	10	e	e	_	_	_	_	_	linguistic	_	none	_	_	_	_	_	_
671-11	BOI090	671	671	11	che	che	_	_	_	_	_	linguistic	_	none	_	_	_	_	_	_
671-12	BOI090	671	671	12	ultimamente	ultimamente	_	_	_	_	_	linguistic	_	none	_	_	_	_	_	_
671-13	BOI090	671	671	13	va	va	_	_	_	_	_	linguistic	_	none	_	_	_	_	_	_
671-14	BOI090	671	671	14	un	un	_	_	_	_	_	linguistic	_	none	_	_	_	_	_	_
671-15	BOI090	671	671	15	sacco	sacco	_	_	_	_	_	linguistic	_	none	_	_	_	_	_	_
671-16	BOI090	671	671	16	di	di	_	_	_	_	_	linguistic	_	none	_	_	_	_	_	_
671-17	BOI090	671	671	17	moda:	moda	_	_	_	_	_	linguistic	_	none	_	End=1751.91	3x1	_	_	_
672-0	BOI090	672	672	0	secondo	secondo	_	_	_	_	_	linguistic	_	none	_	Begin=1752.137	_	_	_	_
672-1	BOI090	672	672	1	me	me	_	_	_	_	_	linguistic	_	none	_	End=1752.958	_	_	_	_
673-0	BOI090	673	673	0	è	è	_	_	_	_	_	linguistic	_	none	_	Begin=1753.201	_	_	_	_
673-1	BOI090	673	673	1	uno	uno	_	_	_	_	_	linguistic	_	none	_	_	_	_	_	_
673-2	BOI090	673	673	2	schifo:	schifo	_	_	_	_	_	linguistic	_	none	_	End=1754.127	5x1	_	_	_
674-0	BOI090	674	674	0	totale	totale	_	_	_	_	_	linguistic	_	none	_	Begin=1754.377	_	_	_	_
674-1	BOI090	674	674	1	perché	perché	_	_	_	_	_	linguistic	_	none	_	_	_	_	_	_
674-2	BOI090	674	674	2	c(io)è:	cioè	_	_	_	_	_	linguistic	_	none	_	_	3x1	_	1-3(0)	_
674-3	BOI090	674	674	3	anche	anche	_	_	_	_	_	linguistic	_	none	_	_	_	_	_	_
674-4	BOI090	674	674	4	no	no	_	_	_	_	_	linguistic	_	none	_	End=1756.431	_	_	_	_
675-0	BOI090	675	675	0	sono	sono	_	_	_	_	_	linguistic	_	none	_	Begin=1756.866	_	_	_	_
675-1	BOI090	675	675	1	gli	gli	_	_	_	_	_	linguistic	_	none	_	_	_	_	_	_
675-2	BOI090	675	675	2	sticker	sticker	_	_	_	_	_	linguistic	_	none	_	End=1757.841	_	_	_	_
676-0	BOI090	676	676	0	sticker	sticker	_	_	_	_	_	linguistic	_	none	_	Begin=1758.095	_	_	_	_
676-1	BOI090	676	676	1	sempre	sempre	_	_	_	_	_	linguistic	_	none	_	End=1759.076	_	_	_	_
677-0	BOI090	677	677	0	poi	poi	_	_	_	_	_	linguistic	_	none	_	Begin=1759.8	_	_	_	_
677-1	BOI090	677	677	1	ovviamente	ovviamente	_	_	_	_	_	linguistic	_	none	_	_	_	_	_	_
677-2	BOI090	677	677	2	non	non	_	_	_	_	_	linguistic	_	none	_	_	_	_	_	_
677-3	BOI090	677	677	3	non	non	_	_	_	_	_	linguistic	_	none	_	_	_	_	_	_
677-4	BOI090	677	677	4	sticker	sticker	_	_	_	_	_	linguistic	_	none	_	_	_	_	_	_
677-5	BOI090	677	677	5	messi	messi	_	_	_	_	_	linguistic	_	none	_	_	_	_	_	_
677-6	BOI090	677	677	6	a	a	_	_	_	_	_	linguistic	_	none	_	_	_	_	_	_
677-7	BOI090	677	677	7	caso	caso	_	_	_	_	_	linguistic	_	none	_	_	_	_	_	_
677-8	BOI090	677	677	8	nel	nel	_	_	_	_	_	linguistic	_	none	_	_	_	_	_	_
677-9	BOI090	677	677	9	senso	senso	_	_	_	_	_	linguistic	_	none	_	_	_	_	_	_
677-10	BOI090	677	677	10	che	che	_	_	_	_	_	linguistic	_	none	_	_	_	_	_	_
677-11	BOI090	677	677	11	molto	molto	_	_	_	_	_	linguistic	_	none	_	_	_	_	_	_
677-12	BOI090	677	677	12	spesso	spesso	_	_	_	_	_	linguistic	_	none	_	_	_	_	_	_
677-13	BOI090	677	677	13	sono	sono	_	_	_	_	_	linguistic	_	none	_	_	_	_	_	_
677-14	BOI090	677	677	14	cose	cose	_	_	_	_	_	linguistic	_	none	_	End=1765.225	_	_	_	_
678-0	BOI090	678	678	0	riguardanti	riguardanti	_	_	_	_	_	linguistic	_	none	_	Begin=1765.656	_	_	_	_
678-1	BOI090	678	678	1	manifestazioni:	manifestazioni	_	_	_	_	_	linguistic	_	none	_	End=1767.496	13x1	_	_	_
679-0	BOI090	679	679	0	ca(u)se	cause	_	_	_	_	_	linguistic	_	none	_	Begin=1767.707	_	_	2-3(0)	_
679-1	BOI090	679	679	1	attua:li:	attuali	_	_	_	_	_	linguistic	_	none	_	_	4x1,6x1	_	_	_
679-2	BOI090	679	679	2	il	il	_	_	_	_	_	linguistic	_	none	_	_	_	_	_	_
679-3	BOI090	679	679	3	soc~	soc~	_	_	_	_	_	linguistic	_	none	Interrupted=Yes	_	_	_	_	_
679-4	BOI090	679	679	4	il	il	_	_	_	_	_	linguistic	_	none	_	_	_	_	_	_
679-5	BOI090	679	679	5	sociale	sociale	_	_	_	_	_	linguistic	_	none	_	_	_	_	_	_
679-6	BOI090	679	679	6	insomma	insomma	_	_	_	_	_	linguistic	_	none	_	End=1770.504	_	_	_	_
680-0	BOI090	680	680	0	secondo	secondo	_	_	_	_	_	linguistic	_	none	_	Begin=1771.146	_	_	_	_
680-1	BOI090	680	680	1	me	me	_	_	_	_	_	linguistic	_	none	_	_	_	_	_	_
680-2	BOI090	680	680	2	è	è	_	_	_	_	_	linguistic	_	none	_	_	_	_	_	_
680-3	BOI090	680	680	3	come	come	_	_	_	_	_	linguistic	_	none	_	_	_	_	_	_
680-4	BOI090	680	680	4	l'	l'	_	_	_	_	_	linguistic	_	none	SpaceAfter=No	_	_	_	_	_
680-5	BOI090	680	680	5	attivismo	attivismo	_	_	_	_	_	linguistic	_	none	_	_	_	_	_	_
680-6	BOI090	680	680	6	no?	no	_	_	_	_	_	linguistic	_	none	Intonation=Rising	_	_	_	_	_
680-7	BOI090	680	680	7	come	come	_	_	_	_	_	linguistic	_	none	_	_	_	_	_	_
680-8	BOI090	680	680	8	l~	l~	_	_	_	_	_	linguistic	_	none	Interrupted=Yes	_	_	_	_	_
680-9	BOI090	680	680	9	lo	lo	_	_	_	_	_	linguistic	_	none	_	_	_	_	_	_
680-10	BOI090	680	680	10	sfregiare:	sfregiare	_	_	_	_	_	linguistic	_	none	_	End=1774.471	8x1	_	_	_
681-0	BOI090	681	681	0	le	le	_	_	_	_	_	linguistic	_	none	_	Begin=1774.831	_	_	_	_
681-1	BOI090	681	681	1	cose	cose	_	_	_	_	_	linguistic	_	none	_	_	_	_	_	_
681-2	BOI090	681	681	2	con	con	_	_	_	_	_	linguistic	_	none	_	_	_	_	_	_
681-3	BOI090	681	681	3	la	la	_	_	_	_	_	linguistic	_	none	_	_	_	_	_	_
681-4	BOI090	681	681	4	vernice	vernice	_	_	_	_	_	linguistic	_	none	_	_	_	_	_	_
681-5	BOI090	681	681	5	c(io)è	cioè	_	_	_	_	_	linguistic	_	none	_	_	_	_	1-3(0)	_
681-6	BOI090	681	681	6	una	una	_	_	_	_	_	linguistic	_	none	_	_	_	_	_	_
681-7	BOI090	681	681	7	cosa	cosa	_	_	_	_	_	linguistic	_	none	_	_	_	_	_	_
681-8	BOI090	681	681	8	che	che	_	_	_	_	_	linguistic	_	none	_	_	_	_	_	_
681-9	BOI090	681	681	9	non	non	_	_	_	_	_	linguistic	_	none	_	_	_	_	_	_
681-10	BOI090	681	681	10	andrebbe	andrebbe	_	_	_	_	_	linguistic	_	none	_	_	_	_	_	_
681-11	BOI090	681	681	11	fatta	fatta	_	_	_	_	_	linguistic	_	none	_	End=1777.855	_	_	_	_
682-0	BOR030	682	682	0	[mh]	mh	_	_	_	_	_	linguistic	_	none	_	Begin=1777.998|End=1778.539	_	_	_	0-2(37)
683-0	BOI090	683	683	0	[in	in	_	_	_	_	_	linguistic	_	none	_	Begin=1778.134	_	_	_	0-2(37)
683-1	BOI090	683	683	1	luoghi]	luoghi	_	_	_	_	_	linguistic	_	none	_	_	_	_	_	0-6(37)
683-2	BOI090	683	683	2	come	come	_	_	_	_	_	linguistic	_	none	_	_	_	_	_	_
683-3	BOI090	683	683	3	importanti	importanti	_	_	_	_	_	linguistic	_	none	_	_	_	_	_	_
683-4	BOI090	683	683	4	come	come	_	_	_	_	_	linguistic	_	none	_	_	_	_	_	_
683-5	BOI090	683	683	5	questi	questi	_	_	_	_	_	linguistic	_	none	_	End=1780.298	_	_	_	_
684-0	BOR030	684	684	0	tu	tu	_	_	_	_	_	linguistic	_	none	_	Begin=1781.299	_	_	_	_
684-1	BOR030	684	684	1	per	per	_	_	_	_	_	linguistic	_	none	_	_	_	_	_	_
684-2	BOR030	684	684	2	caso:	caso	_	_	_	_	_	linguistic	_	none	_	_	3x1	_	_	_
684-3	BOR030	684	684	3	sai	sai	_	_	_	_	_	linguistic	_	none	_	_	_	_	_	_
684-4	BOR030	684	684	4	l'	l'	_	_	_	_	_	linguistic	_	none	SpaceAfter=No	_	_	_	_	_
684-5	BOR030	684	684	5	origine	origine	_	_	_	_	_	linguistic	_	none	_	_	_	_	_	_
684-6	BOR030	684	684	6	dei	dei	_	_	_	_	_	linguistic	_	none	_	_	_	_	_	_
684-7	BOR030	684	684	7	portici?	portici	_	_	_	_	_	linguistic	_	none	Intonation=Rising	End=1783.729	_	_	_	_
685-0	BOI090	685	685	0	no:	no	_	_	_	_	_	linguistic	_	none	_	Begin=1784.335|End=1784.882	1x1	_	_	_
686-0	BOI090	686	686	0	questa	questa	_	_	_	_	_	linguistic	_	none	_	Begin=1785.162	_	_	_	_
686-1	BOI090	686	686	1	non	non	_	_	_	_	_	linguistic	_	none	_	_	_	_	_	_
686-2	BOI090	686	686	2	la	la	_	_	_	_	_	linguistic	_	none	_	_	_	_	_	_
686-3	BOI090	686	686	3	so	so	_	_	_	_	_	linguistic	_	none	_	End=1786.126	_	_	_	_
687-0	BOI090	687	687	0	no	no	_	_	_	_	_	linguistic	_	none	_	Begin=1786.424|End=1786.667	_	_	_	_
688-0	BOR030	688	688	0	ma	ma	_	_	_	_	_	linguistic	_	none	_	Begin=1786.965	_	_	_	_
688-1	BOR030	688	688	1	secondo	secondo	_	_	_	_	_	linguistic	_	none	_	_	_	_	_	_
688-2	BOR030	688	688	2	te:	te	_	_	_	_	_	linguistic	_	none	_	_	1x1	_	_	_
688-3	BOR030	688	688	3	per	per	_	_	_	_	_	linguistic	_	none	_	_	_	_	_	_
688-4	BOR030	688	688	4	cosa	cosa	_	_	_	_	_	linguistic	_	none	_	_	_	_	_	_
688-5	BOR030	688	688	5	sarebbe	sarebbe	_	_	_	_	_	linguistic	_	none	_	_	_	_	_	_
688-6	BOR030	688	688	6	dovu~	dovu~	_	_	_	_	_	linguistic	_	none	Interrupted=Yes	_	_	_	_	_
688-7	BOR030	688	688	7	c(io)è	cioè	_	_	_	_	_	linguistic	_	none	_	_	_	_	1-3(0)	_
688-8	BOR030	688	688	8	[la	la	_	_	_	_	_	linguistic	_	none	_	_	_	_	_	0-2(38)
688-9	BOR030	688	688	9	x]	x	_	_	_	_	_	unknown	_	none	Syllables=1	End=1790.777	_	_	_	0-1(38)
689-0	BOI090	689	689	0	[oddio]	oddio	_	_	_	_	_	linguistic	_	none	_	Begin=1790.097|End=1790.785	_	_	_	0-5(38)
690-0	BOI090	690	690	0	per	per	_	_	_	_	_	linguistic	_	none	_	Begin=1790.932	_	_	_	_
690-1	BOI090	690	690	1	me:	me	_	_	_	_	_	linguistic	_	none	_	End=1791.599	1x1	_	_	_
691-0	BOI090	691	691	0	c(io)è	cioè	_	_	_	_	_	linguistic	_	none	_	Begin=1791.711	_	_	1-3(0)	_
691-1	BOI090	691	691	1	per	per	_	_	_	_	_	linguistic	_	none	_	_	_	_	_	_
691-2	BOI090	691	691	2	come	come	_	_	_	_	_	linguistic	_	none	_	_	_	_	_	_
691-3	BOI090	691	691	3	la	la	_	_	_	_	_	linguistic	_	none	_	_	_	_	_	_
691-4	BOI090	691	691	4	vedo	vedo	_	_	_	_	_	linguistic	_	none	_	_	_	_	_	_
691-5	BOI090	691	691	5	io	io	_	_	_	_	_	linguistic	_	none	_	End=1793.139	_	_	_	_
692-0	BOI090	692	692	0	è	è	_	_	_	_	_	linguistic	_	none	_	Begin=1793.233	_	_	_	_
692-1	BOI090	692	692	1	più	più	_	_	_	_	_	linguistic	_	none	_	_	_	_	_	_
692-2	BOI090	692	692	2	una	una	_	_	_	_	_	linguistic	_	none	_	_	_	_	_	_
692-3	BOI090	692	692	3	questione	questione	_	_	_	_	_	linguistic	_	none	_	_	_	_	_	_
692-4	BOI090	692	692	4	di	di	_	_	_	_	_	linguistic	_	none	_	_	_	_	_	_
692-5	BOI090	692	692	5	utilità	utilità	_	_	_	_	_	linguistic	_	none	_	_	_	_	_	_
692-6	BOI090	692	692	6	che	che	_	_	_	_	_	linguistic	_	none	_	_	_	_	_	_
692-7	BOI090	692	692	7	di	di	_	_	_	_	_	linguistic	_	none	_	_	_	_	_	_
692-8	BOI090	692	692	8	altro	altro	_	_	_	_	_	linguistic	_	none	_	End=1795.749	_	_	_	_
693-0	BOI090	693	693	0	nel	nel	_	_	_	_	_	linguistic	_	none	_	Begin=1795.921	_	_	_	_
693-1	BOI090	693	693	1	senso	senso	_	_	_	_	_	linguistic	_	none	_	_	_	_	_	_
693-2	BOI090	693	693	2	che:	che	_	_	_	_	_	linguistic	_	none	_	_	2x1	_	_	_
693-3	BOI090	693	693	3	ovviamente	ovviamente	_	_	_	_	_	linguistic	_	none	_	_	_	_	_	_
693-4	BOI090	693	693	4	è	è	_	_	_	_	_	linguistic	_	none	_	_	_	_	_	_
693-5	BOI090	693	693	5	è	è	_	_	_	_	_	linguistic	_	none	_	_	_	_	_	_
693-6	BOI090	693	693	6	la	la	_	_	_	_	_	linguistic	_	none	_	_	_	_	_	_
693-7	BOI090	693	693	7	comodità	comodità	_	_	_	_	_	linguistic	_	none	_	_	_	_	_	_
693-8	BOI090	693	693	8	che	che	_	_	_	_	_	linguistic	_	none	_	_	_	_	_	_
693-9	BOI090	693	693	9	fa	fa	_	_	_	_	_	linguistic	_	none	_	End=1799.442	_	_	_	_
694-0	BOI090	694	694	0	a	a	_	_	_	_	_	linguistic	_	none	_	Begin=1799.883	_	_	_	_
694-1	BOI090	694	694	1	bologna	bologna	_	_	_	_	_	linguistic	_	none	_	_	_	_	_	_
694-2	BOI090	694	694	2	il	il	_	_	_	_	_	linguistic	_	none	_	_	_	_	_	_
694-3	BOI090	694	694	3	portico	portico	_	_	_	_	_	linguistic	_	none	_	End=1801.259	_	_	_	_
695-0	BOI090	695	695	0	poi	poi	_	_	_	_	_	linguistic	_	none	_	Begin=1801.72	_	_	_	_
695-1	BOI090	695	695	1	son	son	_	_	_	_	_	linguistic	_	none	_	_	_	_	_	_
695-2	BOI090	695	695	2	molto	molto	_	_	_	_	_	linguistic	_	none	_	_	_	_	_	_
695-3	BOI090	695	695	3	belli	belli	_	_	_	_	_	linguistic	_	none	_	_	_	_	_	_
695-4	BOI090	695	695	4	sì	sì	_	_	_	_	_	linguistic	_	none	_	_	_	_	_	_
695-5	BOI090	695	695	5	però	però	_	_	_	_	_	linguistic	_	none	_	End=1803.404	_	_	_	_
696-0	BOI090	696	696	0	c(io)è	cioè	_	_	_	_	_	linguistic	_	none	_	Begin=1803.573|End=1803.834	_	_	1-3(0)	_
697-0	BOI090	697	697	0	se	se	_	_	_	_	_	linguistic	_	none	_	Begin=1804.116	_	_	_	_
697-1	BOI090	697	697	1	devo	devo	_	_	_	_	_	linguistic	_	none	_	_	_	_	_	_
697-2	BOI090	697	697	2	immaginare	immaginare	_	_	_	_	_	linguistic	_	none	_	_	_	_	_	_
697-3	BOI090	697	697	3	l'	l'	_	_	_	_	_	linguistic	_	none	SpaceAfter=No	_	_	_	_	_
697-4	BOI090	697	697	4	utilità	utilità	_	_	_	_	_	linguistic	_	none	_	_	_	_	_	_
697-5	BOI090	697	697	5	di	di	_	_	_	_	_	linguistic	_	none	_	_	_	_	_	_
697-6	BOI090	697	697	6	del	del	_	_	_	_	_	linguistic	_	none	_	_	_	_	_	_
697-7	BOI090	697	697	7	port~	port~	_	_	_	_	_	linguistic	_	none	Interrupted=Yes	_	_	_	_	_
697-8	BOI090	697	697	8	dei	dei	_	_	_	_	_	linguistic	_	none	_	_	_	_	_	_
697-9	BOI090	697	697	9	po:rtici:	portici	_	_	_	_	_	linguistic	_	none	_	_	1x1,6x1	_	_	_
697-10	BOI090	697	697	10	è	è	_	_	_	_	_	linguistic	_	none	_	_	_	_	_	_
697-11	BOI090	697	697	11	poi	poi	_	_	_	_	_	linguistic	_	none	_	_	_	_	_	_
697-12	BOI090	697	697	12	quella	quella	_	_	_	_	_	linguistic	_	none	_	_	_	_	_	_
697-13	BOI090	697	697	13	che	che	_	_	_	_	_	linguistic	_	none	_	_	_	_	_	_
697-14	BOI090	697	697	14	dicevo	dicevo	_	_	_	_	_	linguistic	_	none	_	_	_	_	_	_
697-15	BOI090	697	697	15	prima	prima	_	_	_	_	_	linguistic	_	none	_	_	_	_	_	_
697-16	BOI090	697	697	16	alla	alla	_	_	_	_	_	linguistic	_	none	_	_	_	_	_	_
697-17	BOI090	697	697	17	fine	fine	_	_	_	_	_	linguistic	_	none	_	End=1809.599	_	_	_	_
698-0	BOI090	698	698	0	quella	quella	_	_	_	_	_	linguistic	_	none	_	Begin=1810.133	_	_	_	_
698-1	BOI090	698	698	1	del	del	_	_	_	_	_	linguistic	_	none	_	_	_	_	_	_
698-2	BOI090	698	698	2	ripara:rsi,	ripararsi	_	_	_	_	_	linguistic	_	none	Intonation=WeaklyRising	_	5x1	_	_	_
698-3	BOI090	698	698	3	quella	quella	_	_	_	_	_	linguistic	_	none	_	_	_	_	_	_
698-4	BOI090	698	698	4	di	di	_	_	_	_	_	linguistic	_	none	_	_	_	_	_	_
698-5	BOI090	698	698	5	stare	stare	_	_	_	_	_	linguistic	_	none	_	End=1812.166	_	_	_	_
699-0	BOI090	699	699	0	diciamo	diciamo	_	_	_	_	_	linguistic	_	none	_	Begin=1812.485|End=1812.9	_	_	_	_
700-0	BOI090	700	700	0	comodi	comodi	_	_	_	_	_	linguistic	_	none	_	Begin=1813.319	_	_	_	_
700-1	BOI090	700	700	1	ecco	ecco	_	_	_	_	_	linguistic	_	none	_	_	_	_	_	_
700-2	BOI090	700	700	2	a	a	_	_	_	_	_	linguistic	_	none	_	_	_	_	_	_
700-3	BOI090	700	700	3	bologna	bologna	_	_	_	_	_	linguistic	_	none	_	End=1814.907	_	_	_	_
701-0	BOR030	701	701	0	d'	d'	_	_	_	_	_	linguistic	_	none	SpaceAfter=No	Begin=1815.708	_	_	_	_
701-1	BOR030	701	701	1	accordo	accordo	_	_	_	_	_	linguistic	_	none	_	End=1816.275	_	_	_	_
702-0	BOR030	702	702	0	eh	eh	_	_	_	_	_	linguistic	_	none	_	Begin=1816.876	_	_	_	_
702-1	BOR030	702	702	1	ti	ti	_	_	_	_	_	linguistic	_	none	_	_	_	_	_	_
702-2	BOR030	702	702	2	chiederei	chiederei	_	_	_	_	_	linguistic	_	none	_	_	_	_	_	_
702-3	BOR030	702	702	3	visto	visto	_	_	_	_	_	linguistic	_	none	_	_	_	_	_	_
702-4	BOR030	702	702	4	che	che	_	_	_	_	_	linguistic	_	none	_	_	_	_	_	_
702-5	BOR030	702	702	5	i	i	_	_	_	_	_	linguistic	_	none	_	_	_	_	_	_
702-6	BOR030	702	702	6	portici:	portici	_	_	_	_	_	linguistic	_	none	_	End=1819.217	6x1	_	_	_
703-0	BOR030	703	703	0	giungono	giungono	_	_	_	_	_	linguistic	_	none	_	Begin=1820.055	_	_	_	_
703-1	BOR030	703	703	1	un	un	_	_	_	_	_	linguistic	_	none	_	_	_	_	_	_
703-2	BOR030	703	703	2	po'	po'	_	_	_	_	_	linguistic	_	none	_	_	_	_	_	_
703-3	BOR030	703	703	3	a	a	_	_	_	_	_	linguistic	_	none	_	_	_	_	_	_
703-4	BOR030	703	703	4	tut[te	tutte	_	_	_	_	_	linguistic	_	none	_	_	_	_	_	3-5(40)
703-5	BOR030	703	703	5	le	le	_	_	_	_	_	linguistic	_	none	_	_	_	_	_	0-2(40)
703-6	BOR030	703	703	6	part]i	parti	_	_	_	_	_	linguistic	_	none	_	_	_	_	_	0-4(40)
703-7	BOR030	703	703	7	di	di	_	_	_	_	_	linguistic	_	none	_	_	_	_	_	_
703-8	BOR030	703	703	8	bologna,	bologna	_	_	_	_	_	linguistic	_	none	Intonation=WeaklyRising	_	_	_	_	_
703-9	BOR030	703	703	9	se	se	_	_	_	_	_	linguistic	_	none	_	_	_	_	_	_
703-10	BOR030	703	703	10	tu	tu	_	_	_	_	_	linguistic	_	none	_	_	_	_	_	_
703-11	BOR030	703	703	11	per	per	_	_	_	_	_	linguistic	_	none	_	_	_	_	_	_
703-12	BOR030	703	703	12	caso	caso	_	_	_	_	_	linguistic	_	none	_	_	_	_	_	_
703-13	BOR030	703	703	13	sei	sei	_	_	_	_	_	linguistic	_	none	_	_	_	_	_	_
703-14	BOR030	703	703	14	mai	mai	_	_	_	_	_	linguistic	_	none	_	_	_	_	_	_
703-15	BOR030	703	703	15	stata	stata	_	_	_	_	_	linguistic	_	none	_	_	_	_	_	_
703-16	BOR030	703	703	16	a	a	_	_	_	_	_	linguistic	_	none	_	_	_	_	_	_
703-17	BOR030	703	703	17	san	san	_	_	_	_	_	linguistic	_	none	_	_	_	_	_	_
703-18	BOR030	703	703	18	luca	luca	_	_	_	_	_	linguistic	_	none	_	End=1825.053	_	_	_	_
704-0	BOI090	704	704	0	[sì:]	sì	_	_	_	_	_	linguistic	_	none	_	Begin=1821.095|End=1821.616	1x1	_	_	0-2(40)
705-0	BOI090	705	705	0	sì	sì	_	_	_	_	_	linguistic	_	none	_	Begin=1825.267|End=1825.662	_	_	_	_
706-0	BOI090	706	706	0	certo	certo	_	_	_	_	_	linguistic	_	none	_	Begin=1825.87|End=1826.373	_	_	_	_
707-0	BOI090	707	707	0	ci	ci	_	_	_	_	_	linguistic	_	none	_	Begin=1826.733	_	_	_	_
707-1	BOI090	707	707	1	sono	sono	_	_	_	_	_	linguistic	_	none	_	_	_	_	_	_
707-2	BOI090	707	707	2	andata	andata	_	_	_	_	_	linguistic	_	none	_	_	_	_	_	_
707-3	BOI090	707	707	3	a	a	_	_	_	_	_	linguistic	_	none	_	_	_	_	_	_
707-4	BOI090	707	707	4	piedi	piedi	_	_	_	_	_	linguistic	_	none	_	End=1827.718	_	_	_	_
708-0	BOI090	708	708	0	ci	ci	_	_	_	_	_	linguistic	_	none	_	Begin=1827.88	_	_	_	_
708-1	BOI090	708	708	1	[vado	vado	_	_	_	_	_	linguistic	_	none	_	_	_	_	_	0-4(42)
708-2	BOI090	708	708	2	s]pe:sso	spesso	_	_	_	_	_	linguistic	_	none	_	_	2x1	_	_	0-1(42)
708-3	BOI090	708	708	3	a	a	_	_	_	_	_	linguistic	_	none	_	_	_	_	_	_
708-4	BOI090	708	708	4	piedi	piedi	_	_	_	_	_	linguistic	_	none	_	End=1829.373	_	_	_	_
709-0	BOR030	709	709	0	[mh]	mh	_	_	_	_	_	linguistic	_	none	_	Begin=1827.996|End=1828.374	_	_	_	0-2(42)
710-0	BOI090	710	710	0	una	una	_	_	_	_	_	linguistic	_	none	_	Begin=1830.318	_	_	_	_
710-1	BOI090	710	710	1	quantità	quantità	_	_	_	_	_	linguistic	_	none	_	_	_	_	_	_
710-2	BOI090	710	710	2	di	di	_	_	_	_	_	linguistic	_	none	_	_	_	_	_	_
710-3	BOI090	710	710	3	scalini	scalini	_	_	_	_	_	linguistic	_	none	_	_	_	_	_	_
710-4	BOI090	710	710	4	infinita	infinita	_	_	_	_	_	linguistic	_	none	_	End=1832.297	_	_	_	_
711-0	BOI090	711	711	0	comodo	comodo	_	_	_	_	_	linguistic	_	none	_	Begin=1833.243	_	_	_	_
711-1	BOI090	711	711	1	perché	perché	_	_	_	_	_	linguistic	_	none	_	_	_	_	_	_
711-2	BOI090	711	711	2	ci	ci	_	_	_	_	_	linguistic	_	none	_	_	_	_	_	_
711-3	BOI090	711	711	3	sono	sono	_	_	_	_	_	linguistic	_	none	_	_	_	_	_	_
711-4	BOI090	711	711	4	i	i	_	_	_	_	_	linguistic	_	none	_	_	_	_	_	_
711-5	BOI090	711	711	5	portici	portici	_	_	_	_	_	linguistic	_	none	_	_	_	_	_	_
711-6	BOI090	711	711	6	appunto	appunto	_	_	_	_	_	linguistic	_	none	_	_	_	_	_	_
711-7	BOI090	711	711	7	perché	perché	_	_	_	_	_	linguistic	_	none	_	_	_	_	_	_
711-8	BOI090	711	711	8	se	se	_	_	_	_	_	linguistic	_	none	_	_	_	_	_	_
711-9	BOI090	711	711	9	no	no	_	_	_	_	_	linguistic	_	none	_	_	_	_	_	_
711-10	BOI090	711	711	10	sarebbe	sarebbe	_	_	_	_	_	linguistic	_	none	_	_	_	_	_	_
711-11	BOI090	711	711	11	impossi~	impossi~	_	_	_	_	_	linguistic	_	none	Interrupted=Yes	_	_	_	_	_
711-12	BOI090	711	711	12	infattibile	infattibile	_	_	_	_	_	linguistic	_	none	_	_	_	_	_	_
711-13	BOI090	711	711	13	andarci	andarci	_	_	_	_	_	linguistic	_	none	_	End=1838.162	_	_	_	_
712-0	BOI090	712	712	0	però	però	_	_	_	_	_	linguistic	_	none	_	Begin=1838.742	_	_	_	_
712-1	BOI090	712	712	1	è	è	_	_	_	_	_	linguistic	_	none	_	_	_	_	_	_
712-2	BOI090	712	712	2	belli:ssimo	bellissimo	_	_	_	_	_	linguistic	_	none	_	_	4x1	_	_	_
712-3	BOI090	712	712	3	san	san	_	_	_	_	_	linguistic	_	none	_	_	_	_	_	_
712-4	BOI090	712	712	4	luca	luca	_	_	_	_	_	linguistic	_	none	_	End=1840.323	_	_	_	_
713-0	BOI090	713	713	0	ecco	ecco	_	_	_	_	_	linguistic	_	none	_	Begin=1840.538	_	_	_	_
713-1	BOI090	713	713	1	un	un	_	_	_	_	_	linguistic	_	none	_	_	_	_	_	_
713-2	BOI090	713	713	2	altro:	altro	_	_	_	_	_	linguistic	_	none	_	_	4x1	_	_	_
713-3	BOI090	713	713	3	un	un	_	_	_	_	_	linguistic	_	none	_	_	_	_	_	_
713-4	BOI090	713	713	4	altro	altro	_	_	_	_	_	linguistic	_	none	_	_	_	_	_	_
713-5	BOI090	713	713	5	simbolo	simbolo	_	_	_	_	_	linguistic	_	none	_	_	_	_	_	_
713-6	BOI090	713	713	6	di	di	_	_	_	_	_	linguistic	_	none	_	_	_	_	_	_
713-7	BOI090	713	713	7	bologna	bologna	_	_	_	_	_	linguistic	_	none	_	_	_	_	_	_
713-8	BOI090	713	713	8	è	è	_	_	_	_	_	linguistic	_	none	_	_	_	_	_	_
713-9	BOI090	713	713	9	san	san	_	_	_	_	_	linguistic	_	none	_	_	_	_	_	_
713-10	BOI090	713	713	10	luca	luca	_	_	_	_	_	linguistic	_	none	_	_	_	_	_	_
713-11	BOI090	713	713	11	secondo	secondo	_	_	_	_	_	linguistic	_	none	_	_	_	_	_	_
713-12	BOI090	713	713	12	me	me	_	_	_	_	_	linguistic	_	none	_	End=1844.453	_	_	_	_
714-0	BOI090	714	714	0	una	una	_	_	_	_	_	linguistic	_	none	_	Begin=1844.549	_	_	_	_
714-1	BOI090	714	714	1	cosa	cosa	_	_	_	_	_	linguistic	_	none	_	_	_	_	_	_
714-2	BOI090	714	714	2	che	che	_	_	_	_	_	linguistic	_	none	_	_	_	_	_	_
714-3	BOI090	714	714	3	nessuno	nessuno	_	_	_	_	_	linguistic	_	none	_	End=1845.617	_	_	_	_
715-0	BOI090	715	715	0	tiene	tiene	_	_	_	_	_	linguistic	_	none	_	Begin=1845.697	_	_	_	_
715-1	BOI090	715	715	1	mai	mai	_	_	_	_	_	linguistic	_	none	_	_	_	_	_	_
715-2	BOI090	715	715	2	in	in	_	_	_	_	_	linguistic	_	none	_	_	_	_	_	_
715-3	BOI090	715	715	3	considerazione	considerazione	_	_	_	_	_	linguistic	_	none	_	_	_	_	_	_
715-4	BOI090	715	715	4	ma	ma	_	_	_	_	_	linguistic	_	none	_	_	_	_	_	_
715-5	BOI090	715	715	5	che	che	_	_	_	_	_	linguistic	_	none	_	End=1847.462	_	_	_	_
716-0	BOI090	716	716	0	almeno	almeno	_	_	_	_	_	linguistic	_	none	_	Begin=1847.786	_	_	_	_
716-1	BOI090	716	716	1	una	una	_	_	_	_	_	linguistic	_	none	_	_	_	_	_	_
716-2	BOI090	716	716	2	volta	volta	_	_	_	_	_	linguistic	_	none	_	_	_	_	_	_
716-3	BOI090	716	716	3	bisogna	bisogna	_	_	_	_	_	linguistic	_	none	_	_	_	_	_	_
716-4	BOI090	716	716	4	visitare	visitare	_	_	_	_	_	linguistic	_	none	_	End=1849.553	_	_	_	_
717-0	BOR030	717	717	0	e	e	_	_	_	_	_	linguistic	_	none	_	Begin=1850.178	_	_	_	_
717-1	BOR030	717	717	1	tu	tu	_	_	_	_	_	linguistic	_	none	_	_	_	_	_	_
717-2	BOR030	717	717	2	in	in	_	_	_	_	_	linguistic	_	none	_	_	_	_	_	_
717-3	BOR030	717	717	3	genere	genere	_	_	_	_	_	linguistic	_	none	_	_	_	_	_	_
717-4	BOR030	717	717	4	quando	quando	_	_	_	_	_	linguistic	_	none	_	_	_	_	_	_
717-5	BOR030	717	717	5	sali:	sali	_	_	_	_	_	linguistic	_	none	_	End=1852.092	3x1	_	_	_
718-0	BOR030	718	718	0	a	a	_	_	_	_	_	linguistic	_	none	_	Begin=1852.436	_	_	_	_
718-1	BOR030	718	718	1	san	san	_	_	_	_	_	linguistic	_	none	_	_	_	_	_	_
718-2	BOR030	718	718	2	luca	luca	_	_	_	_	_	linguistic	_	none	_	_	_	_	_	_
718-3	BOR030	718	718	3	oppure	oppure	_	_	_	_	_	linguistic	_	none	_	_	_	_	_	_
718-4	BOR030	718	718	4	sui	sui	_	_	_	_	_	linguistic	_	none	_	_	_	_	_	_
718-5	BOR030	718	718	5	colli	colli	_	_	_	_	_	linguistic	_	none	_	_	_	_	_	_
718-6	BOR030	718	718	6	bolo[gnesi:]	bolognesi	_	_	_	_	_	linguistic	_	none	_	End=1854.955	8x1	_	_	4-9(43)
719-0	BOI090	719	719	0	[mhmh]	mhmh	_	_	_	_	_	linguistic	_	none	_	Begin=1854.267|End=1854.927	_	_	_	0-4(43)
720-0	BOR030	720	720	0	cosa	cosa	_	_	_	_	_	linguistic	_	none	_	Begin=1855.233	_	_	_	_
720-1	BOR030	720	720	1	fate?	fate	_	_	_	_	_	linguistic	_	none	Intonation=Rising	End=1856.043	_	_	_	_
721-0	BOR030	721	721	0	°principalme:[nte]°	principalmente	_	_	_	_	_	linguistic	_	none	Volume=low	Begin=1856.188|End=1857.428	10x1	_	_	11-14(45)
722-0	BOI090	722	722	0	[allora	allora	_	_	_	_	_	linguistic	_	none	_	Begin=1856.852	_	_	_	0-6(45)
722-1	BOI090	722	722	1	s]e	se	_	_	_	_	_	linguistic	_	none	_	End=1857.969	_	_	_	0-1(45)
723-0	BOI090	723	723	0	allora	allora	_	_	_	_	_	linguistic	_	none	_	Begin=1858.463	_	_	_	_
723-1	BOI090	723	723	1	quando	quando	_	_	_	_	_	linguistic	_	none	_	_	_	_	_	_
723-2	BOI090	723	723	2	vado	vado	_	_	_	_	_	linguistic	_	none	_	_	_	_	_	_
723-3	BOI090	723	723	3	a	a	_	_	_	_	_	linguistic	_	none	_	_	_	_	_	_
723-4	BOI090	723	723	4	san	san	_	_	_	_	_	linguistic	_	none	_	_	_	_	_	_
723-5	BOI090	723	723	5	luca:	luca	_	_	_	_	_	linguistic	_	none	_	_	3x1	_	_	_
723-6	BOI090	723	723	6	è	è	_	_	_	_	_	linguistic	_	none	_	_	_	_	_	_
723-7	BOI090	723	723	7	più	più	_	_	_	_	_	linguistic	_	none	_	_	_	_	_	_
723-8	BOI090	723	723	8	per	per	_	_	_	_	_	linguistic	_	none	_	End=1860.816	_	_	_	_
724-0	BOI090	724	724	0	visita:re	visitare	_	_	_	_	_	linguistic	_	none	_	Begin=1861.14|End=1862.2	5x1	_	_	_
725-0	BOI090	725	725	0	ecco	ecco	_	_	_	_	_	linguistic	_	none	_	Begin=1862.281	_	_	_	_
725-1	BOI090	725	725	1	perché	perché	_	_	_	_	_	linguistic	_	none	_	_	_	_	_	_
725-2	BOI090	725	725	2	è	è	_	_	_	_	_	linguistic	_	none	_	_	_	_	_	_
725-3	BOI090	725	725	3	comunque	comunque	_	_	_	_	_	linguistic	_	none	_	_	_	_	_	_
725-4	BOI090	725	725	4	un	un	_	_	_	_	_	linguistic	_	none	_	_	_	_	_	_
725-5	BOI090	725	725	5	posto	posto	_	_	_	_	_	linguistic	_	none	_	_	_	_	_	_
725-6	BOI090	725	725	6	molto	molto	_	_	_	_	_	linguistic	_	none	_	_	_	_	_	_
725-7	BOI090	725	725	7	carino	carino	_	_	_	_	_	linguistic	_	none	_	_	_	_	_	_
725-8	BOI090	725	725	8	c'	c'	_	_	_	_	_	linguistic	_	none	SpaceAfter=No	_	_	_	_	_
725-9	BOI090	725	725	9	è	è	_	_	_	_	_	linguistic	_	none	_	_	_	_	_	_
725-10	BOI090	725	725	10	il	il	_	_	_	_	_	linguistic	_	none	_	_	_	_	_	_
725-11	BOI090	725	725	11	parchetto	parchetto	_	_	_	_	_	linguistic	_	none	_	_	_	_	_	_
725-12	BOI090	725	725	12	ci	ci	_	_	_	_	_	linguistic	_	none	_	_	_	_	_	_
725-13	BOI090	725	725	13	sono:	sono	_	_	_	_	_	linguistic	_	none	_	_	3x1	_	_	_
725-14	BOI090	725	725	14	la	la	_	_	_	_	_	linguistic	_	none	_	_	_	_	_	_
725-15	BOI090	725	725	15	panchine	panchine	_	_	_	_	_	linguistic	_	none	_	_	_	_	_	_
725-16	BOI090	725	725	16	è	è	_	_	_	_	_	linguistic	_	none	_	_	_	_	_	_
725-17	BOI090	725	725	17	bello	bello	_	_	_	_	_	linguistic	_	none	_	End=1867.239	_	_	_	_
726-0	BOI090	726	726	0	poi	poi	_	_	_	_	_	linguistic	_	none	_	Begin=1867.7	_	_	_	_
726-1	BOI090	726	726	1	so:	so	_	_	_	_	_	linguistic	_	none	_	_	1x1	_	_	_
726-2	BOI090	726	726	2	che	che	_	_	_	_	_	linguistic	_	none	_	_	_	_	_	_
726-3	BOI090	726	726	3	quest'	quest'	_	_	_	_	_	linguistic	_	none	SpaceAfter=No	_	_	_	_	_
726-4	BOI090	726	726	4	estate:	estate	_	_	_	_	_	linguistic	_	none	_	End=1869.58	5x1	_	_	_
727-0	BOI090	727	727	0	e:	e	_	_	_	_	_	linguistic	_	none	_	Begin=1869.677	0x1	_	_	_
727-1	BOI090	727	727	1	cremonini	cremonini	_	_	_	_	_	linguistic	_	none	_	_	_	_	_	_
727-2	BOI090	727	727	2	ha	ha	_	_	_	_	_	linguistic	_	none	_	_	_	_	_	_
727-3	BOI090	727	727	3	fatto	fatto	_	_	_	_	_	linguistic	_	none	_	_	_	_	_	_
727-4	BOI090	727	727	4	una:	una	_	_	_	_	_	linguistic	_	none	_	_	2x1	_	_	_
727-5	BOI090	727	727	5	un'	un'	_	_	_	_	_	linguistic	_	none	SpaceAfter=No	_	_	_	_	_
727-6	BOI090	727	727	6	iniziativa	iniziativa	_	_	_	_	_	linguistic	_	none	_	_	_	_	_	_
727-7	BOI090	727	727	7	a	a	_	_	_	_	_	linguistic	_	none	_	_	_	_	_	_
727-8	BOI090	727	727	8	san	san	_	_	_	_	_	linguistic	_	none	_	_	_	_	_	_
727-9	BOI090	727	727	9	luca	luca	_	_	_	_	_	linguistic	_	none	_	_	_	_	_	_
727-10	BOI090	727	727	10	con	con	_	_	_	_	_	linguistic	_	none	_	_	_	_	_	_
727-11	BOI090	727	727	11	i	i	_	_	_	_	_	linguistic	_	none	_	_	_	_	_	_
727-12	BOI090	727	727	12	portici	portici	_	_	_	_	_	linguistic	_	none	_	_	_	_	_	_
727-13	BOI090	727	727	13	colora:ti	colorati	_	_	_	_	_	linguistic	_	none	_	_	5x1	_	_	_
727-14	BOI090	727	727	14	le	le	_	_	_	_	_	linguistic	_	none	_	_	_	_	_	_
727-15	BOI090	727	727	15	sue	sue	_	_	_	_	_	linguistic	_	none	_	_	_	_	_	_
727-16	BOI090	727	727	16	canzoni	canzoni	_	_	_	_	_	linguistic	_	none	_	_	_	_	_	_
727-17	BOI090	727	727	17	quindi	quindi	_	_	_	_	_	linguistic	_	none	_	_	_	_	_	_
727-18	BOI090	727	727	18	era	era	_	_	_	_	_	linguistic	_	none	_	_	_	_	_	_
727-19	BOI090	727	727	19	molto	molto	_	_	_	_	_	linguistic	_	none	_	_	_	_	_	_
727-20	BOI090	727	727	20	bello	bello	_	_	_	_	_	linguistic	_	none	_	End=1876.074	_	_	_	_
728-0	BOI090	728	728	0	se	se	_	_	_	_	_	linguistic	_	none	_	Begin=1876.628	_	_	_	_
728-1	BOI090	728	728	1	devo	devo	_	_	_	_	_	linguistic	_	none	_	_	_	_	_	_
728-2	BOI090	728	728	2	andare	andare	_	_	_	_	_	linguistic	_	none	_	_	_	_	_	_
728-3	BOI090	728	728	3	invece	invece	_	_	_	_	_	linguistic	_	none	_	_	_	_	_	_
728-4	BOI090	728	728	4	sui	sui	_	_	_	_	_	linguistic	_	none	_	_	_	_	_	_
728-5	BOI090	728	728	5	colli:	colli	_	_	_	_	_	linguistic	_	none	_	End=1878.377	4x1	_	_	_
729-0	BOI090	729	729	0	che	che	_	_	_	_	_	linguistic	_	none	_	Begin=1878.488	_	_	_	_
729-1	BOI090	729	729	1	son	son	_	_	_	_	_	linguistic	_	none	_	_	_	_	_	_
729-2	BOI090	729	729	2	sempre	sempre	_	_	_	_	_	linguistic	_	none	PauseAfter=Yes	_	_	_	_	_
729-3	BOI090	729	729	3	{P}	{P}	_	_	_	_	_	shortpause	_	none	_	_	_	_	_	_
729-4	BOI090	729	729	4	zona	zona	_	_	_	_	_	linguistic	_	none	_	_	_	_	_	_
729-5	BOI090	729	729	5	san	san	_	_	_	_	_	linguistic	_	none	_	_	_	_	_	_
729-6	BOI090	729	729	6	luca	luca	_	_	_	_	_	linguistic	_	none	_	_	_	_	_	_
729-7	BOI090	729	729	7	però	però	_	_	_	_	_	linguistic	_	none	_	_	_	_	_	_
729-8	BOI090	729	729	8	magari	magari	_	_	_	_	_	linguistic	_	none	_	_	_	_	_	_
729-9	BOI090	729	729	9	è	è	_	_	_	_	_	linguistic	_	none	_	_	_	_	_	_
729-10	BOI090	729	729	10	un	un	_	_	_	_	_	linguistic	_	none	_	_	_	_	_	_
729-11	BOI090	729	729	11	po'	po'	_	_	_	_	_	linguistic	_	none	_	_	_	_	_	_
729-12	BOI090	729	729	12	più	più	_	_	_	_	_	linguistic	_	none	_	_	_	_	_	_
729-13	BOI090	729	729	13	tranquillo	tranquillo	_	_	_	_	_	linguistic	_	none	_	_	_	_	_	_
729-14	BOI090	729	729	14	lì	lì	_	_	_	_	_	linguistic	_	none	_	_	_	_	_	_
729-15	BOI090	729	729	15	c'	c'	_	_	_	_	_	linguistic	_	none	SpaceAfter=No	_	_	_	_	_
729-16	BOI090	729	729	16	è	è	_	_	_	_	_	linguistic	_	none	_	_	_	_	_	_
729-17	BOI090	729	729	17	s~	s~	_	_	_	_	_	linguistic	_	none	Interrupted=Yes	End=1882.34	_	_	_	_
730-0	BOI090	730	730	0	ci	ci	_	_	_	_	_	linguistic	_	none	_	Begin=1882.673	_	_	_	_
730-1	BOI090	730	730	1	si	si	_	_	_	_	_	linguistic	_	none	_	_	_	_	_	_
730-2	BOI090	730	730	2	può	può	_	_	_	_	_	linguistic	_	none	_	_	_	_	_	_
730-3	BOI090	730	730	3	sbizzarri:re	sbizzarrire	_	_	_	_	_	linguistic	_	none	_	End=1884.016	8x1	_	_	_
731-0	BOI090	731	731	0	pic	pic	_	_	_	_	_	linguistic	_	none	_	Begin=1884.382	_	_	_	_
731-1	BOI090	731	731	1	ni:c	nic	_	_	_	_	_	linguistic	_	none	_	_	1x1	_	_	_
731-2	BOI090	731	731	2	sui	sui	_	_	_	_	_	linguistic	_	none	_	_	_	_	_	_
731-3	BOI090	731	731	3	colli:	colli	_	_	_	_	_	linguistic	_	none	_	_	4x1	_	_	_
731-4	BOI090	731	731	4	ci	ci	_	_	_	_	_	linguistic	_	none	_	_	_	_	_	_
731-5	BOI090	731	731	5	sono	sono	_	_	_	_	_	linguistic	_	none	_	_	_	_	_	_
731-6	BOI090	731	731	6	i	i	_	_	_	_	_	linguistic	_	none	_	_	_	_	_	_
731-7	BOI090	731	731	7	trecento	trecento	_	_	_	_	_	linguistic	_	none	_	_	_	_	_	_
731-8	BOI090	731	731	8	scalini	scalini	_	_	_	_	_	linguistic	_	none	_	_	_	_	_	_
731-9	BOI090	731	731	9	che	che	_	_	_	_	_	linguistic	_	none	_	_	_	_	_	_
731-10	BOI090	731	731	10	è	è	_	_	_	_	_	linguistic	_	none	_	_	_	_	_	_
731-11	BOI090	731	731	11	bellissimo:	bellissimo	_	_	_	_	_	linguistic	_	none	_	End=1888.291	9x1	_	_	_
732-0	BOI090	732	732	0	che	che	_	_	_	_	_	linguistic	_	none	_	Begin=1888.903|End=1889.103	_	_	_	_
733-0	BOI090	733	733	0	poi	poi	_	_	_	_	_	linguistic	_	none	_	Begin=1889.182	_	_	_	_
733-1	BOI090	733	733	1	si	si	_	_	_	_	_	linguistic	_	none	_	_	_	_	_	_
733-2	BOI090	733	733	2	vede	vede	_	_	_	_	_	linguistic	_	none	_	_	_	_	_	_
733-3	BOI090	733	733	3	tutta	tutta	_	_	_	_	_	linguistic	_	none	_	_	_	_	_	_
733-4	BOI090	733	733	4	bolo:gna	bologna	_	_	_	_	_	linguistic	_	none	_	_	3x1	_	_	_
733-5	BOI090	733	733	5	da	da	_	_	_	_	_	linguistic	_	none	_	_	_	_	_	_
733-6	BOI090	733	733	6	su:	su	_	_	_	_	_	linguistic	_	none	_	End=1891.115	1x1	_	_	_
734-0	BOI090	734	734	0	è	è	_	_	_	_	_	linguistic	_	none	_	Begin=1891.23	_	_	_	_
734-1	BOI090	734	734	1	molto	molto	_	_	_	_	_	linguistic	_	none	_	_	_	_	_	_
734-2	BOI090	734	734	2	bello	bello	_	_	_	_	_	linguistic	_	none	_	_	_	_	_	_
734-3	BOI090	734	734	3	però	però	_	_	_	_	_	linguistic	_	none	_	_	_	_	_	_
734-4	BOI090	734	734	4	in	in	_	_	_	_	_	linguistic	_	none	_	_	_	_	_	_
734-5	BOI090	734	734	5	realtà:	realtà	_	_	_	_	_	linguistic	_	none	_	End=1892.894	5x1	_	_	_
735-0	BOI090	735	735	0	quando	quando	_	_	_	_	_	linguistic	_	none	_	Begin=1892.997	_	_	_	_
735-1	BOI090	735	735	1	ci	ci	_	_	_	_	_	linguistic	_	none	_	_	_	_	_	_
735-2	BOI090	735	735	2	vado	vado	_	_	_	_	_	linguistic	_	none	_	_	_	_	_	_
735-3	BOI090	735	735	3	è	è	_	_	_	_	_	linguistic	_	none	_	_	_	_	_	_
735-4	BOI090	735	735	4	per	per	_	_	_	_	_	linguistic	_	none	_	_	_	_	_	_
735-5	BOI090	735	735	5	stare	stare	_	_	_	_	_	linguistic	_	none	_	_	_	_	_	_
735-6	BOI090	735	735	6	in	in	_	_	_	_	_	linguistic	_	none	_	_	_	_	_	_
735-7	BOI090	735	735	7	tranquillità	tranquillità	_	_	_	_	_	linguistic	_	none	_	End=1894.846	_	_	_	_
736-0	BOI090	736	736	0	non	non	_	_	_	_	_	linguistic	_	none	_	Begin=1895.695	_	_	_	_
736-1	BOI090	736	736	1	per	per	_	_	_	_	_	linguistic	_	none	_	_	_	_	_	_
736-2	BOI090	736	736	2	fare:	fare	_	_	_	_	_	linguistic	_	none	_	_	3x1	_	_	_
736-3	BOI090	736	736	3	cose:	cose	_	_	_	_	_	linguistic	_	none	_	End=1897.069	3x1	_	_	_
737-0	BOI090	737	737	0	ta:nto	tanto	_	_	_	_	_	linguistic	_	none	_	Begin=1897.262	1x1	_	_	_
737-1	BOI090	737	737	1	elaborate	elaborate	_	_	_	_	_	linguistic	_	none	_	_	_	_	_	_
737-2	BOI090	737	737	2	ecco	ecco	_	_	_	_	_	linguistic	_	none	_	End=1898.809	_	_	_	_
738-0	BOR030	738	738	0	°d'	d'	_	_	_	_	_	linguistic	_	none	SpaceAfter=No|Volume=low	Begin=1899.373	_	_	_	_
738-1	BOR030	738	738	1	accordo°	accordo	_	_	_	_	_	linguistic	_	none	Volume=low	End=1900.134	_	_	_	_
739-0	BOR030	739	739	0	allora	allora	_	_	_	_	_	linguistic	_	none	_	Begin=1900.6	_	_	_	_
739-1	BOR030	739	739	1	io	io	_	_	_	_	_	linguistic	_	none	_	_	_	_	_	_
739-2	BOR030	739	739	2	concluderei	concluderei	_	_	_	_	_	linguistic	_	none	_	_	_	_	_	_
739-3	BOR030	739	739	3	con	con	_	_	_	_	_	linguistic	_	none	_	_	_	_	_	_
739-4	BOR030	739	739	4	le	le	_	_	_	_	_	linguistic	_	none	_	_	_	_	_	_
739-5	BOR030	739	739	5	tradizio:n[i]	tradizioni	_	_	_	_	_	linguistic	_	none	_	End=1902.923	7x1	_	_	9-10(48)
740-0	BOI090	740	740	0	[m]h[mh]	mhmh	_	_	_	_	_	linguistic	_	none	_	Begin=1902.855|End=1903.397	_	_	_	0-1(48),2-4(49)
741-0	BOR030	741	741	0	[ti	ti	_	_	_	_	_	linguistic	_	none	_	Begin=1903.169	_	_	_	0-2(49)
741-1	BOR030	741	741	1	f]arei	farei	_	_	_	_	_	linguistic	_	none	_	_	_	_	_	0-1(49)
741-2	BOR030	741	741	2	domande	domande	_	_	_	_	_	linguistic	_	none	_	_	_	_	_	_
741-3	BOR030	741	741	3	un	un	_	_	_	_	_	linguistic	_	none	_	_	_	_	_	_
741-4	BOR030	741	741	4	po'	po'	_	_	_	_	_	linguistic	_	none	_	_	_	_	_	_
741-5	BOR030	741	741	5	più	più	_	_	_	_	_	linguistic	_	none	_	End=1904.847	_	_	_	_
742-0	BOR030	742	742	0	speci[fiche	specifiche	_	_	_	_	_	linguistic	_	none	_	Begin=1905.13	_	_	_	5-10(50)
742-1	BOR030	742	742	1	su	su	_	_	_	_	_	linguistic	_	none	_	_	_	_	_	0-2(50)
742-2	BOR030	742	742	2	di]	di	_	_	_	_	_	linguistic	_	none	_	_	_	_	_	0-2(50)
742-3	BOR030	742	742	3	te	te	_	_	_	_	_	linguistic	_	none	_	End=1906.435	_	_	_	_
743-0	BOI090	743	743	0	[okay]	okay	_	_	_	_	_	linguistic	_	none	_	Begin=1905.584|End=1906.185	_	_	_	0-4(50)
744-0	BOR030	744	744	0	ti	ti	_	_	_	_	_	linguistic	_	none	_	Begin=1906.768	_	_	_	_
744-1	BOR030	744	744	1	chiedo	chiedo	_	_	_	_	_	linguistic	_	none	_	_	_	_	_	_
744-2	BOR030	744	744	2	innanzitutto	innanzitutto	_	_	_	_	_	linguistic	_	none	_	_	_	_	_	_
744-3	BOR030	744	744	3	se	se	_	_	_	_	_	linguistic	_	none	PauseAfter=Yes	_	_	_	_	_
744-4	BOR030	744	744	4	{P}	{P}	_	_	_	_	_	shortpause	_	none	_	_	_	_	_	_
744-5	BOR030	744	744	5	lavo:ri	lavori	_	_	_	_	_	linguistic	_	none	_	_	3x1	_	_	_
744-6	BOR030	744	744	6	in	in	_	_	_	_	_	linguistic	_	none	_	_	_	_	_	_
744-7	BOR030	744	744	7	questo	questo	_	_	_	_	_	linguistic	_	none	_	_	_	_	_	_
744-8	BOR030	744	744	8	mome:[nto:]	momento	_	_	_	_	_	linguistic	_	none	_	End=1909.848	3x1,6x1	_	_	4-7(51)
745-0	BOI090	745	745	0	[in]	in	_	_	_	_	_	linguistic	_	none	_	Begin=1909.636	_	_	_	0-2(51)
745-1	BOI090	745	745	1	questo	questo	_	_	_	_	_	linguistic	_	none	_	_	_	_	_	_
745-2	BOI090	745	745	2	momento	momento	_	_	_	_	_	linguistic	_	none	_	_	_	_	_	_
745-3	BOI090	745	745	3	no,	no	_	_	_	_	_	linguistic	_	none	Intonation=WeaklyRising	_	_	_	_	_
745-4	BOI090	745	745	4	in	in	_	_	_	_	_	linguistic	_	none	_	_	_	_	_	_
745-5	BOI090	745	745	5	questo	questo	_	_	_	_	_	linguistic	_	none	_	_	_	_	_	_
745-6	BOI090	745	745	6	momento	momento	_	_	_	_	_	linguistic	_	none	_	_	_	_	_	_
745-7	BOI090	745	745	7	studio	studio	_	_	_	_	_	linguistic	_	none	_	End=1912.302	_	_	_	_
746-0	BOI090	746	746	0	faccio	faccio	_	_	_	_	_	linguistic	_	none	_	Begin=1912.721	_	_	_	_
746-1	BOI090	746	746	1	moda	moda	_	_	_	_	_	linguistic	_	none	_	End=1913.665	_	_	_	_
747-0	BOI090	747	747	0	a	a	_	_	_	_	_	linguistic	_	none	_	Begin=1914.157	_	_	_	_
747-1	BOI090	747	747	1	breve	breve	_	_	_	_	_	linguistic	_	none	_	_	_	_	_	_
747-2	BOI090	747	747	2	finisco	finisco	_	_	_	_	_	linguistic	_	none	_	_	_	_	_	_
747-3	BOI090	747	747	3	il	il	_	_	_	_	_	linguistic	_	none	_	_	_	_	_	_
747-4	BOI090	747	747	4	corso	corso	_	_	_	_	_	linguistic	_	none	_	_	_	_	_	_
747-5	BOI090	747	747	5	e	e	_	_	_	_	_	linguistic	_	none	_	_	_	_	_	_
747-6	BOI090	747	747	6	poi	poi	_	_	_	_	_	linguistic	_	none	_	_	_	_	_	_
747-7	BOI090	747	747	7	andrò	andrò	_	_	_	_	_	linguistic	_	none	_	_	_	_	_	_
747-8	BOI090	747	747	8	a	a	_	_	_	_	_	linguistic	_	none	_	_	_	_	_	_
747-9	BOI090	747	747	9	lavorare	lavorare	_	_	_	_	_	linguistic	_	none	_	End=1916.957	_	_	_	_
748-0	BOR030	748	748	0	d'	d'	_	_	_	_	_	linguistic	_	none	SpaceAfter=No	Begin=1917.284	_	_	_	_
748-1	BOR030	748	748	1	accordo	accordo	_	_	_	_	_	linguistic	_	none	_	End=1918.017	_	_	_	_
749-0	BOR030	749	749	0	e:	e	_	_	_	_	_	linguistic	_	none	_	Begin=1918.504|End=1919.188	0x1	_	_	_
750-0	BOR030	750	750	0	però	però	_	_	_	_	_	linguistic	_	none	_	Begin=1919.259	_	_	_	_
750-1	BOR030	750	750	1	lavoravi	lavoravi	_	_	_	_	_	linguistic	_	none	_	_	_	_	_	_
750-2	BOR030	750	750	2	pri:[ma]	prima	_	_	_	_	_	linguistic	_	none	_	End=1920.588	2x1	_	_	3-5(54)
751-0	BOI090	751	751	0	[s]ì:	sì	_	_	_	_	_	linguistic	_	none	_	Begin=1920.391|End=1920.892	1x1	_	_	0-1(54)
752-0	BOI090	752	752	0	assolutamente	assolutamente	_	_	_	_	_	linguistic	_	none	_	Begin=1921.062	_	_	_	_
752-1	BOI090	752	752	1	ho	ho	_	_	_	_	_	linguistic	_	none	_	_	_	_	_	_
752-2	BOI090	752	752	2	fatto:	fatto	_	_	_	_	_	linguistic	_	none	_	_	4x1	_	_	_
752-3	BOI090	752	752	3	un	un	_	_	_	_	_	linguistic	_	none	_	_	_	_	_	_
752-4	BOI090	752	752	4	anno	anno	_	_	_	_	_	linguistic	_	none	_	_	_	_	_	_
752-5	BOI090	752	752	5	in	in	_	_	_	_	_	linguistic	_	none	_	_	_	_	_	_
752-6	BOI090	752	752	6	un	un	_	_	_	_	_	linguistic	_	none	_	_	_	_	_	_
752-7	BOI090	752	752	7	industria	industria	_	_	_	_	_	linguistic	_	none	_	_	_	_	_	_
752-8	BOI090	752	752	8	farmaceutica:,	farmaceutica	_	_	_	_	_	linguistic	_	none	Intonation=WeaklyRising	_	11x1	_	_	_
752-9	BOI090	752	752	9	ho	ho	_	_	_	_	_	linguistic	_	none	_	_	_	_	_	_
752-10	BOI090	752	752	10	lavorato	lavorato	_	_	_	_	_	linguistic	_	none	_	_	_	_	_	_
752-11	BOI090	752	752	11	come	come	_	_	_	_	_	linguistic	_	none	_	_	_	_	_	_
752-12	BOI090	752	752	12	commessa	commessa	_	_	_	_	_	linguistic	_	none	_	End=1926.871	_	_	_	_
753-0	BOR030	753	753	0	d'	d'	_	_	_	_	_	linguistic	_	none	SpaceAfter=No	Begin=1927.552	_	_	_	_
753-1	BOR030	753	753	1	accordo	accordo	_	_	_	_	_	linguistic	_	none	_	End=1928.31	_	_	_	_
754-0	BOR030	754	754	0	e:	e	_	_	_	_	_	linguistic	_	none	_	Begin=1928.838	0x1	_	_	_
754-1	BOR030	754	754	1	per	per	_	_	_	_	_	linguistic	_	none	_	_	_	_	_	_
754-2	BOR030	754	754	2	caso	caso	_	_	_	_	_	linguistic	_	none	_	_	_	_	_	_
754-3	BOR030	754	754	3	abiti	abiti	_	_	_	_	_	linguistic	_	none	_	_	_	_	_	_
754-4	BOR030	754	754	4	con	con	_	_	_	_	_	linguistic	_	none	_	_	_	_	_	_
754-5	BOR030	754	754	5	i	i	_	_	_	_	_	linguistic	_	none	_	_	_	_	_	_
754-6	BOR030	754	754	6	tuoi	tuoi	_	_	_	_	_	linguistic	_	none	_	_	_	_	_	_
754-7	BOR030	754	754	7	gena~	gena~	_	_	_	_	_	linguistic	_	none	Interrupted=Yes	_	_	_	_	_
754-8	BOR030	754	754	8	genito:ri:,	genitori	_	_	_	_	_	linguistic	_	none	Intonation=WeaklyRising	_	5x1,7x1	_	_	_
754-9	BOR030	754	754	9	da	da	_	_	_	_	_	linguistic	_	none	_	_	_	_	_	_
754-10	BOR030	754	754	10	so:la:	sola	_	_	_	_	_	linguistic	_	none	_	End=1932.32	1x1,3x1	_	_	_
755-0	BOI090	755	755	0	sì	sì	_	_	_	_	_	linguistic	_	none	_	Begin=1932.32	_	_	_	_
755-1	BOI090	755	755	1	abito	abito	_	_	_	_	_	linguistic	_	none	_	_	_	_	_	_
755-2	BOI090	755	755	2	con	con	_	_	_	_	_	linguistic	_	none	_	_	_	_	_	_
755-3	BOI090	755	755	3	i	i	_	_	_	_	_	linguistic	_	none	_	_	_	_	_	_
755-4	BOI090	755	755	4	miei	miei	_	_	_	_	_	linguistic	_	none	_	_	_	_	_	_
755-5	BOI090	755	755	5	genitori,	genitori	_	_	_	_	_	linguistic	_	none	Intonation=WeaklyRising	_	_	_	_	_
755-6	BOI090	755	755	6	con	con	_	_	_	_	_	linguistic	_	none	_	_	_	_	_	_
755-7	BOI090	755	755	7	mio	mio	_	_	_	_	_	linguistic	_	none	_	_	_	_	_	_
755-8	BOI090	755	755	8	fratello	fratello	_	_	_	_	_	linguistic	_	none	_	End=1934.748	_	_	_	_
756-0	BOI090	756	756	0	e	e	_	_	_	_	_	linguistic	_	none	_	Begin=1934.847	_	_	_	_
756-1	BOI090	756	756	1	il	il	_	_	_	_	_	linguistic	_	none	_	_	_	_	_	_
756-2	BOI090	756	756	2	[cane]	cane	_	_	_	_	_	linguistic	_	none	_	End=1935.496	_	_	_	0-4(55)
757-0	BOR030	757	757	0	[d'	d'	_	_	_	_	_	linguistic	_	none	SpaceAfter=No	Begin=1935.056	_	_	_	0-2(55)
757-1	BOR030	757	757	1	accor]do	accordo	_	_	_	_	_	linguistic	_	none	_	_	_	_	_	0-5(55)
757-2	BOR030	757	757	2	e	e	_	_	_	_	_	linguistic	_	none	_	_	_	_	_	_
757-3	BOR030	757	757	3	siete:	siete	_	_	_	_	_	linguistic	_	none	_	_	4x1	_	_	_
757-4	BOR030	757	757	4	in	in	_	_	_	_	_	linguistic	_	none	_	_	_	_	_	_
757-5	BOR030	757	757	5	affitto	affitto	_	_	_	_	_	linguistic	_	none	_	_	_	_	_	_
757-6	BOR030	757	757	6	o	o	_	_	_	_	_	linguistic	_	none	_	_	_	_	_	_
757-7	BOR030	757	757	7	in	in	_	_	_	_	_	linguistic	_	none	_	_	_	_	_	_
757-8	BOR030	757	757	8	proprietà?	proprietà	_	_	_	_	_	linguistic	_	none	Intonation=Rising	End=1937.505	_	_	_	_
758-0	BOI090	758	758	0	{ride}	{ride}	_	_	_	_	_	nonverbalbehavior	_	none	_	Begin=1935.6|End=1936.534	_	_	_	_
759-0	BOI090	759	759	0	in	in	_	_	_	_	_	linguistic	_	none	_	Begin=1937.663	_	_	_	_
759-1	BOI090	759	759	1	proprietà	proprietà	_	_	_	_	_	linguistic	_	none	_	End=1938.219	_	_	_	_
760-0	BOR030	760	760	0	in	in	_	_	_	_	_	linguistic	_	none	_	Begin=1938.546	_	_	_	_
760-1	BOR030	760	760	1	proprietà,	proprietà	_	_	_	_	_	linguistic	_	none	Intonation=WeaklyRising	_	_	_	_	_
760-2	BOR030	760	760	2	°d'	d'	_	_	_	_	_	linguistic	_	none	SpaceAfter=No|Volume=low	_	_	_	_	_
760-3	BOR030	760	760	3	accordo°	accordo	_	_	_	_	_	linguistic	_	none	Volume=low	End=1939.824	_	_	_	_
761-0	BOR030	761	761	0	secondo	secondo	_	_	_	_	_	linguistic	_	none	_	Begin=1940.345	_	_	_	_
761-1	BOR030	761	761	1	te:	te	_	_	_	_	_	linguistic	_	none	_	_	1x1	_	_	_
761-2	BOR030	761	761	2	com'	com'	_	_	_	_	_	linguistic	_	none	SpaceAfter=No	_	_	_	_	_
761-3	BOR030	761	761	3	è	è	_	_	_	_	_	linguistic	_	none	_	_	_	_	_	_
761-4	BOR030	761	761	4	il	il	_	_	_	_	_	linguistic	_	none	_	_	_	_	_	_
761-5	BOR030	761	761	5	mercato	mercato	_	_	_	_	_	linguistic	_	none	_	_	_	_	_	_
761-6	BOR030	761	761	6	immobiliare	immobiliare	_	_	_	_	_	linguistic	_	none	_	_	_	_	_	_
761-7	BOR030	761	761	7	qui	qui	_	_	_	_	_	linguistic	_	none	_	_	_	_	_	_
761-8	BOR030	761	761	8	a	a	_	_	_	_	_	linguistic	_	none	_	_	_	_	_	_
761-9	BOR030	761	761	9	bologna?	bologna	_	_	_	_	_	linguistic	_	none	Intonation=Rising	End=1943.767	_	_	_	_
762-0	BOI090	762	762	0	e:h	eh	_	_	_	_	_	linguistic	_	none	_	Begin=1944.34|End=1944.772	0x1	_	_	_
763-0	BOI090	763	763	0	è	è	_	_	_	_	_	linguistic	_	none	_	Begin=1945.092	_	_	_	_
763-1	BOI090	763	763	1	caro	caro	_	_	_	_	_	linguistic	_	none	_	End=1945.796	_	_	_	_
764-0	BOI090	764	764	0	nel	nel	_	_	_	_	_	linguistic	_	none	_	Begin=1946.131	_	_	_	_
764-1	BOI090	764	764	1	senso	senso	_	_	_	_	_	linguistic	_	none	_	_	_	_	_	_
764-2	BOI090	764	764	2	che:	che	_	_	_	_	_	linguistic	_	none	_	_	2x1	_	_	_
764-3	BOI090	764	764	3	>vabbè<	vabbè	_	_	_	_	_	linguistic	_	none	_	_	_	Fast=0-5(0)	_	_
764-4	BOI090	764	764	4	in	in	_	_	_	_	_	linguistic	_	none	_	_	_	_	_	_
764-5	BOI090	764	764	5	provincia	provincia	_	_	_	_	_	linguistic	_	none	_	_	_	_	_	_
764-6	BOI090	764	764	6	non	non	_	_	_	_	_	linguistic	_	none	_	_	_	_	_	_
764-7	BOI090	764	764	7	tanto	tanto	_	_	_	_	_	linguistic	_	none	_	End=1949.095	_	_	_	_
765-0	BOI090	765	765	0	nel	nel	_	_	_	_	_	linguistic	_	none	_	Begin=1949.195	_	_	_	_
765-1	BOI090	765	765	1	senso	senso	_	_	_	_	_	linguistic	_	none	_	_	_	_	_	_
765-2	BOI090	765	765	2	che:	che	_	_	_	_	_	linguistic	_	none	_	_	2x1	_	_	_
765-3	BOI090	765	765	3	noi	noi	_	_	_	_	_	linguistic	_	none	_	_	_	_	_	_
765-4	BOI090	765	765	4	comunque	comunque	_	_	_	_	_	linguistic	_	none	_	_	_	_	_	_
765-5	BOI090	765	765	5	la	la	_	_	_	_	_	linguistic	_	none	_	_	_	_	_	_
765-6	BOI090	765	765	6	nostra	nostra	_	_	_	_	_	linguistic	_	none	_	_	_	_	_	_
765-7	BOI090	765	765	7	casa:	casa	_	_	_	_	_	linguistic	_	none	_	End=1952.25	3x1	_	_	_
766-0	BOI090	766	766	0	quando	quando	_	_	_	_	_	linguistic	_	none	_	Begin=1952.321	_	_	_	_
766-1	BOI090	766	766	1	ci	ci	_	_	_	_	_	linguistic	_	none	_	_	_	_	_	_
766-2	BOI090	766	766	2	siam	siam	_	_	_	_	_	linguistic	_	none	_	_	_	_	_	_
766-3	BOI090	766	766	3	trasferiti	trasferiti	_	_	_	_	_	linguistic	_	none	_	_	_	_	_	_
766-4	BOI090	766	766	4	adesso	adesso	_	_	_	_	_	linguistic	_	none	_	_	_	_	_	_
766-5	BOI090	766	766	5	parlo	parlo	_	_	_	_	_	linguistic	_	none	_	_	_	_	_	_
766-6	BOI090	766	766	6	di	di	_	_	_	_	_	linguistic	_	none	_	_	_	_	_	_
766-7	BOI090	766	766	7	trasferirsi	trasferirsi	_	_	_	_	_	linguistic	_	none	_	_	_	_	_	_
766-8	BOI090	766	766	8	perché	perché	_	_	_	_	_	linguistic	_	none	_	End=1955.399	_	_	_	_
767-0	BOI090	767	767	0	ci	ci	_	_	_	_	_	linguistic	_	none	_	Begin=1955.621	_	_	_	_
767-1	BOI090	767	767	1	siam	siam	_	_	_	_	_	linguistic	_	none	_	_	_	_	_	_
767-2	BOI090	767	767	2	trasferiti	trasferiti	_	_	_	_	_	linguistic	_	none	_	_	_	_	_	_
767-3	BOI090	767	767	3	da	da	_	_	_	_	_	linguistic	_	none	_	_	_	_	_	_
767-4	BOI090	767	767	4	poco	poco	_	_	_	_	_	linguistic	_	none	_	_	_	_	_	_
767-5	BOI090	767	767	5	da	da	_	_	_	_	_	linguistic	_	none	_	_	_	_	_	_
767-6	BOI090	767	767	6	una	una	_	_	_	_	_	linguistic	_	none	_	_	_	_	_	_
767-7	BOI090	767	767	7	casa	casa	_	_	_	_	_	linguistic	_	none	_	_	_	_	_	_
767-8	BOI090	767	767	8	all'	all'	_	_	_	_	_	linguistic	_	none	SpaceAfter=No	_	_	_	_	_
767-9	BOI090	767	767	9	altra	altra	_	_	_	_	_	linguistic	_	none	_	_	_	_	_	_
767-10	BOI090	767	767	10	sempre	sempre	_	_	_	_	_	linguistic	_	none	_	_	_	_	_	_
767-11	BOI090	767	767	11	nello	nello	_	_	_	_	_	linguistic	_	none	_	_	_	_	_	_
767-12	BOI090	767	767	12	stesso	stesso	_	_	_	_	_	linguistic	_	none	_	_	_	_	_	_
767-13	BOI090	767	767	13	comune	comune	_	_	_	_	_	linguistic	_	none	_	End=1959.023	_	_	_	_
768-0	BOI090	768	768	0	diciamo	diciamo	_	_	_	_	_	linguistic	_	none	_	Begin=1959.472	_	_	_	_
768-1	BOI090	768	768	1	lo	lo	_	_	_	_	_	linguistic	_	none	_	_	_	_	_	_
768-2	BOI090	768	768	2	scambio	scambio	_	_	_	_	_	linguistic	_	none	_	_	_	_	_	_
768-3	BOI090	768	768	3	immobiliare	immobiliare	_	_	_	_	_	linguistic	_	none	_	_	_	_	_	_
768-4	BOI090	768	768	4	è	è	_	_	_	_	_	linguistic	_	none	_	_	_	_	_	_
768-5	BOI090	768	768	5	stato	stato	_	_	_	_	_	linguistic	_	none	_	End=1961.583	_	_	_	_
769-0	BOI090	769	769	0	facile:	facile	_	_	_	_	_	linguistic	_	none	_	Begin=1961.933	5x1	_	_	_
769-1	BOI090	769	769	1	è	è	_	_	_	_	_	linguistic	_	none	_	_	_	_	_	_
769-2	BOI090	769	769	2	stato	stato	_	_	_	_	_	linguistic	_	none	_	_	_	_	_	_
769-3	BOI090	769	769	3	tutto	tutto	_	_	_	_	_	linguistic	_	none	_	_	_	_	_	_
769-4	BOI090	769	769	4	abbastanza	abbastanza	_	_	_	_	_	linguistic	_	none	_	_	_	_	_	_
769-5	BOI090	769	769	5	abbordabile	abbordabile	_	_	_	_	_	linguistic	_	none	_	_	_	_	_	_
769-6	BOI090	769	769	6	ecco	ecco	_	_	_	_	_	linguistic	_	none	_	End=1964.724	_	_	_	_
770-0	BOI090	770	770	0	se	se	_	_	_	_	_	linguistic	_	none	_	Begin=1965.554	_	_	_	_
770-1	BOI090	770	770	1	devo	devo	_	_	_	_	_	linguistic	_	none	_	_	_	_	_	_
770-2	BOI090	770	770	2	pensare	pensare	_	_	_	_	_	linguistic	_	none	_	_	_	_	_	_
770-3	BOI090	770	770	3	anche	anche	_	_	_	_	_	linguistic	_	none	_	_	_	_	_	_
770-4	BOI090	770	770	4	solo	solo	_	_	_	_	_	linguistic	_	none	_	_	_	_	_	_
770-5	BOI090	770	770	5	un	un	_	_	_	_	_	linguistic	_	none	_	_	_	_	_	_
770-6	BOI090	770	770	6	affitto	affitto	_	_	_	_	_	linguistic	_	none	_	_	_	_	_	_
770-7	BOI090	770	770	7	in	in	_	_	_	_	_	linguistic	_	none	_	_	_	_	_	_
770-8	BOI090	770	770	8	centro	centro	_	_	_	_	_	linguistic	_	none	_	_	_	_	_	_
770-9	BOI090	770	770	9	a	a	_	_	_	_	_	linguistic	_	none	_	_	_	_	_	_
770-10	BOI090	770	770	10	bologna,	bologna	_	_	_	_	_	linguistic	_	none	Intonation=WeaklyRising	_	_	_	_	_
770-11	BOI090	770	770	11	ecco	ecco	_	_	_	_	_	linguistic	_	none	_	_	_	_	_	_
770-12	BOI090	770	770	12	quello:	quello	_	_	_	_	_	linguistic	_	none	_	End=1969.747	5x1	_	_	_
771-0	BOI090	771	771	0	è	è	_	_	_	_	_	linguistic	_	none	_	Begin=1970.02	_	_	_	_
771-1	BOI090	771	771	1	un	un	_	_	_	_	_	linguistic	_	none	_	_	_	_	_	_
771-2	BOI090	771	771	2	po'	po'	_	_	_	_	_	linguistic	_	none	_	_	_	_	_	_
771-3	BOI090	771	771	3	meno	meno	_	_	_	_	_	linguistic	_	none	_	_	_	_	_	_
771-4	BOI090	771	771	4	sostenibile	sostenibile	_	_	_	_	_	linguistic	_	none	_	End=1971.823	_	_	_	_
772-0	BOI090	772	772	0	nel	nel	_	_	_	_	_	linguistic	_	none	_	Begin=1972.152	_	_	_	_
772-1	BOI090	772	772	1	senso	senso	_	_	_	_	_	linguistic	_	none	_	_	_	_	_	_
772-2	BOI090	772	772	2	che	che	_	_	_	_	_	linguistic	_	none	_	_	_	_	_	_
772-3	BOI090	772	772	3	costan	costan	_	_	_	_	_	linguistic	_	none	_	_	_	_	_	_
772-4	BOI090	772	772	4	davvero	davvero	_	_	_	_	_	linguistic	_	none	_	_	_	_	_	_
772-5	BOI090	772	772	5	tanto	tanto	_	_	_	_	_	linguistic	_	none	_	_	_	_	_	_
772-6	BOI090	772	772	6	gli	gli	_	_	_	_	_	linguistic	_	none	_	_	_	_	_	_
772-7	BOI090	772	772	7	affitti	affitti	_	_	_	_	_	linguistic	_	none	_	_	_	_	_	_
772-8	BOI090	772	772	8	in	in	_	_	_	_	_	linguistic	_	none	_	_	_	_	_	_
772-9	BOI090	772	772	9	centro	centro	_	_	_	_	_	linguistic	_	none	_	_	_	_	_	_
772-10	BOI090	772	772	10	a	a	_	_	_	_	_	linguistic	_	none	_	_	_	_	_	_
772-11	BOI090	772	772	11	bologna	bologna	_	_	_	_	_	linguistic	_	none	_	End=1975.219	_	_	_	_
773-0	BOR030	773	773	0	°okay°	okay	_	_	_	_	_	linguistic	_	none	Volume=low	Begin=1975.82|End=1976.369	_	_	_	_
774-0	BOR030	774	774	0	e:	e	_	_	_	_	_	linguistic	_	none	_	Begin=1977.243|End=1977.729	0x1	_	_	_
775-0	BOR030	775	775	0	ti	ti	_	_	_	_	_	linguistic	_	none	_	Begin=1978.339	_	_	_	_
775-1	BOR030	775	775	1	chiedo:	chiedo	_	_	_	_	_	linguistic	_	none	_	End=1979.282	5x1	_	_	_
776-0	BOR030	776	776	0	al	al	_	_	_	_	_	linguistic	_	none	_	Begin=1979.459	_	_	_	_
776-1	BOR030	776	776	1	di	di	_	_	_	_	_	linguistic	_	none	_	_	_	_	_	_
776-2	BOR030	776	776	2	là	là	_	_	_	_	_	linguistic	_	none	_	_	_	_	_	_
776-3	BOR030	776	776	3	de:l	del	_	_	_	_	_	linguistic	_	none	_	_	1x1	_	_	_
776-4	BOR030	776	776	4	>quindi<	quindi	_	_	_	_	_	linguistic	_	none	_	_	_	Fast=0-6(0)	_	_
776-5	BOR030	776	776	5	del	del	_	_	_	_	_	linguistic	_	none	_	_	_	_	_	_
776-6	BOR030	776	776	6	mercato	mercato	_	_	_	_	_	linguistic	_	none	_	_	_	_	_	_
776-7	BOR030	776	776	7	immobiliare	immobiliare	_	_	_	_	_	linguistic	_	none	_	End=1982.105	_	_	_	_
777-0	BOI090	777	777	0	mh[mh]	mhmh	_	_	_	_	_	linguistic	_	none	_	Begin=1982.114|End=1982.605	_	_	_	2-4(58)
778-0	BOR030	778	778	0	[ch]e	che	_	_	_	_	_	linguistic	_	none	_	Begin=1982.46	_	_	_	0-2(58)
778-1	BOR030	778	778	1	poi,	poi	_	_	_	_	_	linguistic	_	none	Intonation=WeaklyRising	_	_	_	_	_
778-2	BOR030	778	778	2	mi	mi	_	_	_	_	_	linguistic	_	none	_	_	_	_	_	_
778-3	BOR030	778	778	3	domando,	domando	_	_	_	_	_	linguistic	_	none	Intonation=WeaklyRising	_	_	_	_	_
778-4	BOR030	778	778	4	se	se	_	_	_	_	_	linguistic	_	none	_	_	_	_	_	_
778-5	BOR030	778	778	5	tu	tu	_	_	_	_	_	linguistic	_	none	_	_	_	_	_	_
778-6	BOR030	778	778	6	pote:ssi	potessi	_	_	_	_	_	linguistic	_	none	_	_	3x1	_	_	_
778-7	BOR030	778	778	7	ti	ti	_	_	_	_	_	linguistic	_	none	_	_	_	_	_	_
778-8	BOR030	778	778	8	vorresti	vorresti	_	_	_	_	_	linguistic	_	none	_	_	_	_	_	_
778-9	BOR030	778	778	9	anche	anche	_	_	_	_	_	linguistic	_	none	_	_	_	_	_	_
778-10	BOR030	778	778	10	trasferi:re	trasferire	_	_	_	_	_	linguistic	_	none	_	_	7x1	_	_	_
778-11	BOR030	778	778	11	magari:	magari	_	_	_	_	_	linguistic	_	none	_	End=1986.683	5x1	_	_	_
779-0	BOR030	779	779	0	in	in	_	_	_	_	_	linguistic	_	none	_	Begin=1986.844	_	_	_	_
779-1	BOR030	779	779	1	centro,	centro	_	_	_	_	_	linguistic	_	none	Intonation=WeaklyRising	_	_	_	_	_
779-2	BOR030	779	779	2	o	o	_	_	_	_	_	linguistic	_	none	_	_	_	_	_	_
779-3	BOR030	779	779	3	rimanere	rimanere	_	_	_	_	_	linguistic	_	none	_	End=1988.538	_	_	_	_
780-0	BOI090	780	780	0	allo:ra	allora	_	_	_	_	_	linguistic	_	none	_	Begin=1988.566	3x1	_	_	_
780-1	BOI090	780	780	1	magari:	magari	_	_	_	_	_	linguistic	_	none	_	End=1990.542	5x1	_	_	_
781-0	BOI090	781	781	0	non	non	_	_	_	_	_	linguistic	_	none	_	Begin=1990.897	_	_	_	_
781-1	BOI090	781	781	1	dico	dico	_	_	_	_	_	linguistic	_	none	_	_	_	_	_	_
781-2	BOI090	781	781	2	proprio	proprio	_	_	_	_	_	linguistic	_	none	_	_	_	_	_	_
781-3	BOI090	781	781	3	in	in	_	_	_	_	_	linguistic	_	none	_	_	_	_	_	_
781-4	BOI090	781	781	4	centro,	centro	_	_	_	_	_	linguistic	_	none	Intonation=WeaklyRising	_	_	_	_	_
781-5	BOI090	781	781	5	un	un	_	_	_	_	_	linguistic	_	none	_	_	_	_	_	_
781-6	BOI090	781	781	6	po'	po'	_	_	_	_	_	linguistic	_	none	_	_	_	_	_	_
781-7	BOI090	781	781	7	più	più	_	_	_	_	_	linguistic	_	none	_	_	_	_	_	_
781-8	BOI090	781	781	8	vicina	vicina	_	_	_	_	_	linguistic	_	none	_	_	_	_	_	_
781-9	BOI090	781	781	9	al	al	_	_	_	_	_	linguistic	_	none	_	_	_	_	_	_
781-10	BOI090	781	781	10	centro	centro	_	_	_	_	_	linguistic	_	none	_	End=1994.414	_	_	_	_
782-0	BOI090	782	782	0	nel	nel	_	_	_	_	_	linguistic	_	none	_	Begin=1994.495	_	_	_	_
782-1	BOI090	782	782	1	senso	senso	_	_	_	_	_	linguistic	_	none	_	_	_	_	_	_
782-2	BOI090	782	782	2	che	che	_	_	_	_	_	linguistic	_	none	_	_	_	_	_	_
782-3	BOI090	782	782	3	io	io	_	_	_	_	_	linguistic	_	none	_	_	_	_	_	_
782-4	BOI090	782	782	4	nel	nel	_	_	_	_	_	linguistic	_	none	_	_	_	_	_	_
782-5	BOI090	782	782	5	comune	comune	_	_	_	_	_	linguistic	_	none	_	_	_	_	_	_
782-6	BOI090	782	782	6	dove	dove	_	_	_	_	_	linguistic	_	none	_	_	_	_	_	_
782-7	BOI090	782	782	7	sono	sono	_	_	_	_	_	linguistic	_	none	_	_	_	_	_	_
782-8	BOI090	782	782	8	sono	sono	_	_	_	_	_	linguistic	_	none	_	End=1996.831	_	_	_	_
783-0	BOI090	783	783	0	<un	un	_	_	_	_	_	linguistic	_	none	_	Begin=1997.343	_	Slow=0-2(0)	_	_
783-1	BOI090	783	783	1	po'	po'	_	_	_	_	_	linguistic	_	none	_	_	_	Slow=0-3(0)	_	_
783-2	BOI090	783	783	2	spostata>	spostata	_	_	_	_	_	linguistic	_	none	_	_	_	Slow=0-8(0)	_	_
783-3	BOI090	783	783	3	dal	dal	_	_	_	_	_	linguistic	_	none	_	_	_	_	_	_
783-4	BOI090	783	783	4	centro	centro	_	_	_	_	_	linguistic	_	none	_	_	_	_	_	_
783-5	BOI090	783	783	5	>ecco<	ecco	_	_	_	_	_	linguistic	_	none	_	_	_	Fast=0-4(0)	_	_
783-6	BOI090	783	783	6	ci	ci	_	_	_	_	_	linguistic	_	none	_	_	_	_	_	_
783-7	BOI090	783	783	7	son	son	_	_	_	_	_	linguistic	_	none	_	_	_	_	_	_
783-8	BOI090	783	783	8	tanti	tanti	_	_	_	_	_	linguistic	_	none	_	_	_	_	_	_
783-9	BOI090	783	783	9	comuni	comuni	_	_	_	_	_	linguistic	_	none	_	_	_	_	_	_
783-10	BOI090	783	783	10	che	che	_	_	_	_	_	linguistic	_	none	_	_	_	_	_	_
783-11	BOI090	783	783	11	sono	sono	_	_	_	_	_	linguistic	_	none	_	End=2000.961	_	_	_	_
784-0	BOI090	784	784	0	un	un	_	_	_	_	_	linguistic	_	none	_	Begin=2001.169	_	_	_	_
784-1	BOI090	784	784	1	po'	po'	_	_	_	_	_	linguistic	_	none	_	_	_	_	_	_
784-2	BOI090	784	784	2	più	più	_	_	_	_	_	linguistic	_	none	_	_	_	_	_	_
784-3	BOI090	784	784	3	comodi	comodi	_	_	_	_	_	linguistic	_	none	_	_	_	_	_	_
784-4	BOI090	784	784	4	perché:	perché	_	_	_	_	_	linguistic	_	none	_	End=2002.534	5x1	_	_	_
785-0	BOI090	785	785	0	ovviamente	ovviamente	_	_	_	_	_	linguistic	_	none	_	Begin=2002.866	_	_	_	_
785-1	BOI090	785	785	1	raggiungi	raggiungi	_	_	_	_	_	linguistic	_	none	_	_	_	_	_	_
785-2	BOI090	785	785	2	il	il	_	_	_	_	_	linguistic	_	none	_	_	_	_	_	_
785-3	BOI090	785	785	3	centro	centro	_	_	_	_	_	linguistic	_	none	_	_	_	_	_	_
785-4	BOI090	785	785	4	di	di	_	_	_	_	_	linguistic	_	none	_	_	_	_	_	_
785-5	BOI090	785	785	5	bologna	bologna	_	_	_	_	_	linguistic	_	none	_	_	_	_	_	_
785-6	BOI090	785	785	6	in	in	_	_	_	_	_	linguistic	_	none	_	_	_	_	_	_
785-7	BOI090	785	785	7	meno	meno	_	_	_	_	_	linguistic	_	none	_	_	_	_	_	_
785-8	BOI090	785	785	8	tempo:	tempo	_	_	_	_	_	linguistic	_	none	_	End=2005.645	4x1	_	_	_
786-0	BOI090	786	786	0	ed	ed	_	_	_	_	_	linguistic	_	none	_	Begin=2006.182	_	_	_	_
786-1	BOI090	786	786	1	è	è	_	_	_	_	_	linguistic	_	none	_	_	_	_	_	_
786-2	BOI090	786	786	2	comodo.	comodo	_	_	_	_	_	linguistic	_	none	Intonation=Falling	_	_	_	_	_
786-3	BOI090	786	786	3	perché:	perché	_	_	_	_	_	linguistic	_	none	_	_	5x1	_	_	_
786-4	BOI090	786	786	4	bologna	bologna	_	_	_	_	_	linguistic	_	none	_	_	_	_	_	_
786-5	BOI090	786	786	5	>comunque<	comunque	_	_	_	_	_	linguistic	_	none	_	_	_	Fast=0-8(0)	_	_
786-6	BOI090	786	786	6	è	è	_	_	_	_	_	linguistic	_	none	_	_	_	_	_	_
786-7	BOI090	786	786	7	anche	anche	_	_	_	_	_	linguistic	_	none	_	_	_	_	_	_
786-8	BOI090	786	786	8	nucleo	nucleo	_	_	_	_	_	linguistic	_	none	_	_	_	_	_	_
786-9	BOI090	786	786	9	di:	di	_	_	_	_	_	linguistic	_	none	_	End=2009.289	1x1	_	_	_
787-0	BOI090	787	787	0	co~	co~	_	_	_	_	_	linguistic	_	none	Interrupted=Yes	Begin=2010.208	_	_	_	_
787-1	BOI090	787	787	1	m:h	mh	_	_	_	_	_	linguistic	_	none	_	_	0x1	_	_	_
787-2	BOI090	787	787	2	comodità	comodità	_	_	_	_	_	linguistic	_	none	_	_	_	_	_	_
787-3	BOI090	787	787	3	diciamo	diciamo	_	_	_	_	_	linguistic	_	none	_	_	_	_	_	_
787-4	BOI090	787	787	4	primarie,	primarie	_	_	_	_	_	linguistic	_	none	Intonation=WeaklyRising	_	_	_	_	_
787-5	BOI090	787	787	5	di	di	_	_	_	_	_	linguistic	_	none	_	_	_	_	_	_
787-6	BOI090	787	787	6	uso	uso	_	_	_	_	_	linguistic	_	none	_	_	_	_	_	_
787-7	BOI090	787	787	7	primario	primario	_	_	_	_	_	linguistic	_	none	PauseAfter=Yes	_	_	_	_	_
787-8	BOI090	787	787	8	{P}	{P}	_	_	_	_	_	shortpause	_	none	_	_	_	_	_	_
787-9	BOI090	787	787	9	ospedali:,	ospedali	_	_	_	_	_	linguistic	_	none	Intonation=WeaklyRising	End=2014.171	7x1	_	_	_
788-0	BOI090	788	788	0	centri	centri	_	_	_	_	_	linguistic	_	none	_	Begin=2014.911	_	_	_	_
788-1	BOI090	788	788	1	commerciali,	commerciali	_	_	_	_	_	linguistic	_	none	Intonation=WeaklyRising	_	_	_	_	_
788-2	BOI090	788	788	2	quindi	quindi	_	_	_	_	_	linguistic	_	none	_	_	_	_	_	_
788-3	BOI090	788	788	3	magari:	magari	_	_	_	_	_	linguistic	_	none	_	_	5x1	_	_	_
788-4	BOI090	788	788	4	un	un	_	_	_	_	_	linguistic	_	none	_	_	_	_	_	_
788-5	BOI090	788	788	5	pochino	pochino	_	_	_	_	_	linguistic	_	none	_	_	_	_	_	_
788-6	BOI090	788	788	6	più	più	_	_	_	_	_	linguistic	_	none	_	_	_	_	_	_
788-7	BOI090	788	788	7	vicina	vicina	_	_	_	_	_	linguistic	_	none	_	_	_	_	_	_
788-8	BOI090	788	788	8	al	al	_	_	_	_	_	linguistic	_	none	_	_	_	_	_	_
788-9	BOI090	788	788	9	centro	centro	_	_	_	_	_	linguistic	_	none	_	_	_	_	_	_
788-10	BOI090	788	788	10	forse	forse	_	_	_	_	_	linguistic	_	none	_	_	_	_	_	_
788-11	BOI090	788	788	11	sì	sì	_	_	_	_	_	linguistic	_	none	PauseAfter=Yes	_	_	_	_	_
788-12	BOI090	788	788	12	{P}	{P}	_	_	_	_	_	shortpause	_	none	_	_	_	_	_	_
788-13	BOI090	788	788	13	in	in	_	_	_	_	_	linguistic	_	none	_	_	_	_	_	_
788-14	BOI090	788	788	14	centro,	centro	_	_	_	_	_	linguistic	_	none	Intonation=WeaklyRising	_	_	_	_	_
788-15	BOI090	788	788	15	no	no	_	_	_	_	_	linguistic	_	none	_	End=2020.487	_	_	_	_
789-0	BOR030	789	789	0	°okay°	okay	_	_	_	_	_	linguistic	_	none	Volume=low	Begin=2020.893|End=2021.276	_	_	_	_
790-0	BOR030	790	790	0	e	e	_	_	_	_	_	linguistic	_	none	_	Begin=2021.794	_	_	_	_
790-1	BOR030	790	790	1	secondo	secondo	_	_	_	_	_	linguistic	_	none	_	_	_	_	_	_
790-2	BOR030	790	790	2	te	te	_	_	_	_	_	linguistic	_	none	_	_	_	_	_	_
790-3	BOR030	790	790	3	però	però	_	_	_	_	_	linguistic	_	none	_	_	_	_	_	_
790-4	BOR030	790	790	4	bologna	bologna	_	_	_	_	_	linguistic	_	none	_	_	_	_	_	_
790-5	BOR030	790	790	5	è	è	_	_	_	_	_	linguistic	_	none	_	_	_	_	_	_
790-6	BOR030	790	790	6	un	un	_	_	_	_	_	linguistic	_	none	_	_	_	_	_	_
790-7	BOR030	790	790	7	buon	buon	_	_	_	_	_	linguistic	_	none	_	_	_	_	_	_
790-8	BOR030	790	790	8	posto	posto	_	_	_	_	_	linguistic	_	none	_	_	_	_	_	_
790-9	BOR030	790	790	9	per	per	_	_	_	_	_	linguistic	_	none	_	_	_	_	_	_
790-10	BOR030	790	790	10	lavora:[re]	lavorare	_	_	_	_	_	linguistic	_	none	_	End=2025.452	5x1	_	_	6-8(59)
791-0	BOI090	791	791	0	[sì]	sì	_	_	_	_	_	linguistic	_	none	_	Begin=2025.091|End=2025.45	_	_	_	0-2(59)
792-0	BOI090	792	792	0	>sì	sì	_	_	_	_	_	linguistic	_	none	_	Begin=2025.821	_	Fast=0-2(0)	_	_
792-1	BOI090	792	792	1	sì	sì	_	_	_	_	_	linguistic	_	none	_	_	_	Fast=0-2(0)	_	_
792-2	BOI090	792	792	2	sì<	sì	_	_	_	_	_	linguistic	_	none	_	_	_	Fast=0-2(0)	_	_
792-3	BOI090	792	792	3	assolutamente	assolutamente	_	_	_	_	_	linguistic	_	none	_	_	_	_	_	_
792-4	BOI090	792	792	4	di	di	_	_	_	_	_	linguistic	_	none	_	_	_	_	_	_
792-5	BOI090	792	792	5	questo	questo	_	_	_	_	_	linguistic	_	none	_	_	_	_	_	_
792-6	BOI090	792	792	6	sono:	sono	_	_	_	_	_	linguistic	_	none	_	End=2027.879	3x1	_	_	_
793-0	BOI090	793	793	0	convinta	convinta	_	_	_	_	_	linguistic	_	none	_	Begin=2028.241	_	_	_	_
793-1	BOI090	793	793	1	c(io)è	cioè	_	_	_	_	_	linguistic	_	none	_	_	_	_	1-3(0)	_
793-2	BOI090	793	793	2	io	io	_	_	_	_	_	linguistic	_	none	_	End=2029.565	_	_	_	_
794-0	BOI090	794	794	0	senza	senza	_	_	_	_	_	linguistic	_	none	_	Begin=2030.216	_	_	_	_
794-1	BOI090	794	794	1	esperienza:	esperienza	_	_	_	_	_	linguistic	_	none	_	End=2031.765	9x1	_	_	_
795-0	BOI090	795	795	0	negli	negli	_	_	_	_	_	linguistic	_	none	_	Begin=2031.865	_	_	_	_
795-1	BOI090	795	795	1	ultimi	ultimi	_	_	_	_	_	linguistic	_	none	_	End=2032.546	_	_	_	_
796-0	BOI090	796	796	0	due	due	_	_	_	_	_	linguistic	_	none	_	Begin=2033.141	_	_	_	_
796-1	BOI090	796	796	1	anni	anni	_	_	_	_	_	linguistic	_	none	_	_	_	_	_	_
796-2	BOI090	796	796	2	ho	ho	_	_	_	_	_	linguistic	_	none	_	_	_	_	_	_
796-3	BOI090	796	796	3	trovato	trovato	_	_	_	_	_	linguistic	_	none	_	_	_	_	_	_
796-4	BOI090	796	796	4	ben	ben	_	_	_	_	_	linguistic	_	none	_	_	_	_	_	_
796-5	BOI090	796	796	5	tre	tre	_	_	_	_	_	linguistic	_	none	_	_	_	_	_	_
796-6	BOI090	796	796	6	lavori	lavori	_	_	_	_	_	linguistic	_	none	_	End=2035.095	_	_	_	_
797-0	BOI090	797	797	0	quindi	quindi	_	_	_	_	_	linguistic	_	none	_	Begin=2035.398	_	_	_	_
797-1	BOI090	797	797	1	se	se	_	_	_	_	_	linguistic	_	none	_	_	_	_	_	_
797-2	BOI090	797	797	2	ce	ce	_	_	_	_	_	linguistic	_	none	_	_	_	_	_	_
797-3	BOI090	797	797	3	l'	l'	_	_	_	_	_	linguistic	_	none	SpaceAfter=No	_	_	_	_	_
797-4	BOI090	797	797	4	ho	ho	_	_	_	_	_	linguistic	_	none	_	_	_	_	_	_
797-5	BOI090	797	797	5	fatta	fatta	_	_	_	_	_	linguistic	_	none	_	_	_	_	_	_
797-6	BOI090	797	797	6	io	io	_	_	_	_	_	linguistic	_	none	_	_	_	_	_	_
797-7	BOI090	797	797	7	che	che	_	_	_	_	_	linguistic	_	none	_	_	_	_	_	_
797-8	BOI090	797	797	8	non	non	_	_	_	_	_	linguistic	_	none	_	_	_	_	_	_
797-9	BOI090	797	797	9	avevo	avevo	_	_	_	_	_	linguistic	_	none	_	_	_	_	_	_
797-10	BOI090	797	797	10	esperienza	esperienza	_	_	_	_	_	linguistic	_	none	_	_	_	_	_	_
797-11	BOI090	797	797	11	in	in	_	_	_	_	_	linguistic	_	none	_	_	_	_	_	_
797-12	BOI090	797	797	12	nessun	nessun	_	_	_	_	_	linguistic	_	none	_	_	_	_	_	_
797-13	BOI090	797	797	13	tipo	tipo	_	_	_	_	_	linguistic	_	none	_	_	_	_	_	_
797-14	BOI090	797	797	14	di	di	_	_	_	_	_	linguistic	_	none	_	_	_	_	_	_
797-15	BOI090	797	797	15	campo:	campo	_	_	_	_	_	linguistic	_	none	_	_	4x1	_	_	_
797-16	BOI090	797	797	16	ci	ci	_	_	_	_	_	linguistic	_	none	_	_	_	_	_	_
797-17	BOI090	797	797	17	riescono	riescono	_	_	_	_	_	linguistic	_	none	_	_	_	_	_	_
797-18	BOI090	797	797	18	tutti	tutti	_	_	_	_	_	linguistic	_	none	_	End=2040.41	_	_	_	_
798-0	BOI090	798	798	0	[parer	parer	_	_	_	_	_	linguistic	_	none	_	Begin=2040.672	_	_	_	0-5(61)
798-1	BOI090	798	798	1	mio]	mio	_	_	_	_	_	linguistic	_	none	_	End=2041.269	_	_	_	0-3(61)
799-0	BOR030	799	799	0	[che	che	_	_	_	_	_	linguistic	_	none	_	Begin=2040.672	_	_	_	0-3(61)
799-1	BOR030	799	799	1	tipi	tipi	_	_	_	_	_	linguistic	_	none	_	_	_	_	_	0-4(61)
799-2	BOR030	799	799	2	di]	di	_	_	_	_	_	linguistic	_	none	_	_	_	_	_	0-2(61)
799-3	BOR030	799	799	3	lavori	lavori	_	_	_	_	_	linguistic	_	none	_	_	_	_	_	_
799-4	BOR030	799	799	4	hai	hai	_	_	_	_	_	linguistic	_	none	_	_	_	_	_	_
799-5	BOR030	799	799	5	fatto	fatto	_	_	_	_	_	linguistic	_	none	_	_	_	_	_	_
799-6	BOR030	799	799	6	se	se	_	_	_	_	_	linguistic	_	none	_	_	_	_	_	_
799-7	BOR030	799	799	7	puoi	puoi	_	_	_	_	_	linguistic	_	none	_	_	_	_	_	_
799-8	BOR030	799	799	8	andare	andare	_	_	_	_	_	linguistic	_	none	_	_	_	_	_	_
799-9	BOR030	799	799	9	un	un	_	_	_	_	_	linguistic	_	none	_	_	_	_	_	_
799-10	BOR030	799	799	10	po'	po'	_	_	_	_	_	linguistic	_	none	_	_	_	_	_	_
799-11	BOR030	799	799	11	[più	più	_	_	_	_	_	linguistic	_	none	_	_	_	_	_	0-3(62)
799-12	BOR030	799	799	12	nel	nel	_	_	_	_	_	linguistic	_	none	_	_	_	_	_	0-3(62)
799-13	BOR030	799	799	13	detta]:glio	dettaglio	_	_	_	_	_	linguistic	_	none	_	End=2043.626	4x1	_	_	0-5(62)
800-0	BOI090	800	800	0	[sì]	sì	_	_	_	_	_	linguistic	_	none	_	Begin=2042.901|End=2043.426	_	_	_	0-2(62)
801-0	BOI090	801	801	0	allora	allora	_	_	_	_	_	linguistic	_	none	_	Begin=2043.632	_	_	_	_
801-1	BOI090	801	801	1	come	come	_	_	_	_	_	linguistic	_	none	_	_	_	_	_	_
801-2	BOI090	801	801	2	primo	primo	_	_	_	_	_	linguistic	_	none	_	_	_	_	_	_
801-3	BOI090	801	801	3	lavoro:	lavoro	_	_	_	_	_	linguistic	_	none	_	End=2045.482	5x1	_	_	_
802-0	BOI090	802	802	0	dovevo	dovevo	_	_	_	_	_	linguistic	_	none	_	Begin=2045.796|End=2046.393	_	_	_	_
803-0	BOI090	803	803	0	mantenermi	mantenermi	_	_	_	_	_	linguistic	_	none	_	Begin=2046.578	_	_	_	_
803-1	BOI090	803	803	1	in	in	_	_	_	_	_	linguistic	_	none	_	_	_	_	_	_
803-2	BOI090	803	803	2	una:	una	_	_	_	_	_	linguistic	_	none	_	_	2x1	_	_	_
803-3	BOI090	803	803	3	situazione	situazione	_	_	_	_	_	linguistic	_	none	_	_	_	_	_	_
803-4	BOI090	803	803	4	diciamo	diciamo	_	_	_	_	_	linguistic	_	none	_	_	_	_	_	_
803-5	BOI090	803	803	5	così	così	_	_	_	_	_	linguistic	_	none	_	End=2049.195	_	_	_	_
804-0	BOI090	804	804	0	temporale	temporale	_	_	_	_	_	linguistic	_	none	_	Begin=2049.35|End=2050.206	_	_	_	_
805-0	BOI090	805	805	0	ho	ho	_	_	_	_	_	linguistic	_	none	_	Begin=2050.85	_	_	_	_
805-1	BOI090	805	805	1	fatto	fatto	_	_	_	_	_	linguistic	_	none	_	_	_	_	_	_
805-2	BOI090	805	805	2	la	la	_	_	_	_	_	linguistic	_	none	_	_	_	_	_	_
805-3	BOI090	805	805	3	commessa	commessa	_	_	_	_	_	linguistic	_	none	_	End=2052.126	_	_	_	_
806-0	BOI090	806	806	0	prima	prima	_	_	_	_	_	linguistic	_	none	_	Begin=2052.405	_	_	_	_
806-1	BOI090	806	806	1	in	in	_	_	_	_	_	linguistic	_	none	_	_	_	_	_	_
806-2	BOI090	806	806	2	un	un	_	_	_	_	_	linguistic	_	none	_	_	_	_	_	_
806-3	BOI090	806	806	3	centro	centro	_	_	_	_	_	linguistic	_	none	_	_	_	_	_	_
806-4	BOI090	806	806	4	commercia:le	commerciale	_	_	_	_	_	linguistic	_	none	_	End=2053.966	8x1	_	_	_
807-0	BOI090	807	807	0	l'	l'	_	_	_	_	_	linguistic	_	none	SpaceAfter=No	Begin=2054.596	_	_	_	_
807-1	BOI090	807	807	1	ho	ho	_	_	_	_	_	linguistic	_	none	_	_	_	_	_	_
807-2	BOI090	807	807	2	fatta	fatta	_	_	_	_	_	linguistic	_	none	_	_	_	_	_	_
807-3	BOI090	807	807	3	per	per	_	_	_	_	_	linguistic	_	none	_	_	_	_	_	_
807-4	BOI090	807	807	4	qualche	qualche	_	_	_	_	_	linguistic	_	none	_	_	_	_	_	_
807-5	BOI090	807	807	5	mese:	mese	_	_	_	_	_	linguistic	_	none	_	_	3x1	_	_	_
807-6	BOI090	807	807	6	poi	poi	_	_	_	_	_	linguistic	_	none	_	_	_	_	_	_
807-7	BOI090	807	807	7	ho	ho	_	_	_	_	_	linguistic	_	none	_	_	_	_	_	_
807-8	BOI090	807	807	8	cambiato	cambiato	_	_	_	_	_	linguistic	_	none	_	_	_	_	_	_
807-9	BOI090	807	807	9	lavoro	lavoro	_	_	_	_	_	linguistic	_	none	_	End=2057.321	_	_	_	_
808-0	BOI090	808	808	0	sono	sono	_	_	_	_	_	linguistic	_	none	_	Begin=2057.514	_	_	_	_
808-1	BOI090	808	808	1	andata:	andata	_	_	_	_	_	linguistic	_	none	_	_	5x1	_	_	_
808-2	BOI090	808	808	2	in	in	_	_	_	_	_	linguistic	_	none	_	_	_	_	_	_
808-3	BOI090	808	808	3	un'	un'	_	_	_	_	_	linguistic	_	none	SpaceAfter=No	_	_	_	_	_
808-4	BOI090	808	808	4	industria	industria	_	_	_	_	_	linguistic	_	none	_	_	_	_	_	_
808-5	BOI090	808	808	5	farmaceutica	farmaceutica	_	_	_	_	_	linguistic	_	none	_	End=2059.951	_	_	_	_
809-0	BOI090	809	809	0	c'	c'	_	_	_	_	_	linguistic	_	none	SpaceAfter=No	Begin=2060.023	_	_	_	_
809-1	BOI090	809	809	1	ho	ho	_	_	_	_	_	linguistic	_	none	_	_	_	_	_	_
809-2	BOI090	809	809	2	lavorato	lavorato	_	_	_	_	_	linguistic	_	none	_	_	_	_	_	_
809-3	BOI090	809	809	3	ben	ben	_	_	_	_	_	linguistic	_	none	_	_	_	_	_	_
809-4	BOI090	809	809	4	un	un	_	_	_	_	_	linguistic	_	none	_	_	_	_	_	_
809-5	BOI090	809	809	5	anno	anno	_	_	_	_	_	linguistic	_	none	_	End=2061.438	_	_	_	_
810-0	BOI090	810	810	0	e	e	_	_	_	_	_	linguistic	_	none	_	Begin=2061.978|End=2062.379	_	_	_	_
811-0	BOI090	811	811	0	parliamo	parliamo	_	_	_	_	_	linguistic	_	none	_	Begin=2062.641	_	_	_	_
811-1	BOI090	811	811	1	di	di	_	_	_	_	_	linguistic	_	none	_	_	_	_	_	_
811-2	BOI090	811	811	2	un	un	_	_	_	_	_	linguistic	_	none	_	_	_	_	_	_
811-3	BOI090	811	811	3	contratto	contratto	_	_	_	_	_	linguistic	_	none	_	_	_	_	_	_
811-4	BOI090	811	811	4	che	che	_	_	_	_	_	linguistic	_	none	_	_	_	_	_	_
811-5	BOI090	811	811	5	stava	stava	_	_	_	_	_	linguistic	_	none	_	_	_	_	_	_
811-6	BOI090	811	811	6	andando	andando	_	_	_	_	_	linguistic	_	none	_	_	_	_	_	_
811-7	BOI090	811	811	7	a	a	_	_	_	_	_	linguistic	_	none	_	_	_	_	_	_
811-8	BOI090	811	811	8	tempo	tempo	_	_	_	_	_	linguistic	_	none	_	_	_	_	_	_
811-9	BOI090	811	811	9	indeterminato	indeterminato	_	_	_	_	_	linguistic	_	none	_	End=2065.668	_	_	_	_
812-0	BOI090	812	812	0	quindi	quindi	_	_	_	_	_	linguistic	_	none	_	Begin=2065.795	_	_	_	_
812-1	BOI090	812	812	1	la	la	_	_	_	_	_	linguistic	_	none	_	_	_	_	_	_
812-2	BOI090	812	812	2	possibilità	possibilità	_	_	_	_	_	linguistic	_	none	_	_	_	_	_	_
812-3	BOI090	812	812	3	c'	c'	_	_	_	_	_	linguistic	_	none	SpaceAfter=No	_	_	_	_	_
812-4	BOI090	812	812	4	è:	è	_	_	_	_	_	linguistic	_	none	_	End=2067.438	0x1	_	_	_
813-0	BOI090	813	813	0	poi	poi	_	_	_	_	_	linguistic	_	none	_	Begin=2067.978	_	_	_	_
813-1	BOI090	813	813	1	ho	ho	_	_	_	_	_	linguistic	_	none	_	_	_	_	_	_
813-2	BOI090	813	813	2	iniziato	iniziato	_	_	_	_	_	linguistic	_	none	_	_	_	_	_	_
813-3	BOI090	813	813	3	a	a	_	_	_	_	_	linguistic	_	none	_	_	_	_	_	_
813-4	BOI090	813	813	4	studiare	studiare	_	_	_	_	_	linguistic	_	none	_	_	_	_	_	_
813-5	BOI090	813	813	5	e	e	_	_	_	_	_	linguistic	_	none	_	_	_	_	_	_
813-6	BOI090	813	813	6	nel	nel	_	_	_	_	_	linguistic	_	none	_	_	_	_	_	_
813-7	BOI090	813	813	7	mentre	mentre	_	_	_	_	_	linguistic	_	none	_	_	_	_	_	_
813-8	BOI090	813	813	8	ho	ho	_	_	_	_	_	linguistic	_	none	_	_	_	_	_	_
813-9	BOI090	813	813	9	lavorato	lavorato	_	_	_	_	_	linguistic	_	none	_	_	_	_	_	_
813-10	BOI090	813	813	10	anche	anche	_	_	_	_	_	linguistic	_	none	_	End=2070.724	_	_	_	_
814-0	BOI090	814	814	0	sono	sono	_	_	_	_	_	linguistic	_	none	_	Begin=2070.868	_	_	_	_
814-1	BOI090	814	814	1	tornata	tornata	_	_	_	_	_	linguistic	_	none	_	_	_	_	_	_
814-2	BOI090	814	814	2	a	a	_	_	_	_	_	linguistic	_	none	_	_	_	_	_	_
814-3	BOI090	814	814	3	fare	fare	_	_	_	_	_	linguistic	_	none	_	_	_	_	_	_
814-4	BOI090	814	814	4	la	la	_	_	_	_	_	linguistic	_	none	_	_	_	_	_	_
814-5	BOI090	814	814	5	commessa	commessa	_	_	_	_	_	linguistic	_	none	_	_	_	_	_	_
814-6	BOI090	814	814	6	per	per	_	_	_	_	_	linguistic	_	none	_	_	_	_	_	_
814-7	BOI090	814	814	7	un	un	_	_	_	_	_	linguistic	_	none	_	_	_	_	_	_
814-8	BOI090	814	814	8	altro	altro	_	_	_	_	_	linguistic	_	none	_	_	_	_	_	_
814-9	BOI090	814	814	9	negozio:	negozio	_	_	_	_	_	linguistic	_	none	_	End=2073.42	6x1	_	_	_
815-0	BOI090	815	815	0	di	di	_	_	_	_	_	linguistic	_	none	_	Begin=2074.141	_	_	_	_
815-1	BOI090	815	815	1	intimo	intimo	_	_	_	_	_	linguistic	_	none	_	_	_	_	_	_
815-2	BOI090	815	815	2	sempre	sempre	_	_	_	_	_	linguistic	_	none	_	_	_	_	_	_
815-3	BOI090	815	815	3	nello	nello	_	_	_	_	_	linguistic	_	none	_	_	_	_	_	_
815-4	BOI090	815	815	4	stesso	stesso	_	_	_	_	_	linguistic	_	none	_	End=2075.848	_	_	_	_
816-0	BOI090	816	816	0	centro	centro	_	_	_	_	_	linguistic	_	none	_	Begin=2075.987	_	_	_	_
816-1	BOI090	816	816	1	commerciale	commerciale	_	_	_	_	_	linguistic	_	none	_	_	_	_	_	_
816-2	BOI090	816	816	2	dove	dove	_	_	_	_	_	linguistic	_	none	_	_	_	_	_	_
816-3	BOI090	816	816	3	lavoravo	lavoravo	_	_	_	_	_	linguistic	_	none	_	_	_	_	_	_
816-4	BOI090	816	816	4	prima	prima	_	_	_	_	_	linguistic	_	none	_	End=2077.67	_	_	_	_
817-0	BOI090	817	817	0	e:	e	_	_	_	_	_	linguistic	_	none	_	Begin=2078.841|End=2079.426	0x1	_	_	_
818-0	BOI090	818	818	0	nel	nel	_	_	_	_	_	linguistic	_	none	_	Begin=2079.896	_	_	_	_
818-1	BOI090	818	818	1	mentre	mentre	_	_	_	_	_	linguistic	_	none	_	_	_	_	_	_
818-2	BOI090	818	818	2	di	di	_	_	_	_	_	linguistic	_	none	_	_	_	_	_	_
818-3	BOI090	818	818	3	questi	questi	_	_	_	_	_	linguistic	_	none	_	_	_	_	_	_
818-4	BOI090	818	818	4	tre	tre	_	_	_	_	_	linguistic	_	none	_	_	_	_	_	_
818-5	BOI090	818	818	5	lavori	lavori	_	_	_	_	_	linguistic	_	none	_	_	_	_	_	_
818-6	BOI090	818	818	6	l'	l'	_	_	_	_	_	linguistic	_	none	SpaceAfter=No	_	_	_	_	_
818-7	BOI090	818	818	7	opportunità	opportunità	_	_	_	_	_	linguistic	_	none	_	_	_	_	_	_
818-8	BOI090	818	818	8	lavorativa	lavorativa	_	_	_	_	_	linguistic	_	none	_	_	_	_	_	_
818-9	BOI090	818	818	9	c'	c'	_	_	_	_	_	linguistic	_	none	SpaceAfter=No	_	_	_	_	_
818-10	BOI090	818	818	10	era,	era	_	_	_	_	_	linguistic	_	none	Intonation=WeaklyRising	_	_	_	_	_
818-11	BOI090	818	818	11	nel	nel	_	_	_	_	_	linguistic	_	none	_	_	_	_	_	_
818-12	BOI090	818	818	12	senso	senso	_	_	_	_	_	linguistic	_	none	_	_	_	_	_	_
818-13	BOI090	818	818	13	che	che	_	_	_	_	_	linguistic	_	none	_	_	_	_	_	_
818-14	BOI090	818	818	14	io	io	_	_	_	_	_	linguistic	_	none	_	_	_	_	_	_
818-15	BOI090	818	818	15	continuavo	continuavo	_	_	_	_	_	linguistic	_	none	_	_	_	_	_	_
818-16	BOI090	818	818	16	a	a	_	_	_	_	_	linguistic	_	none	_	_	_	_	_	_
818-17	BOI090	818	818	17	cercare	cercare	_	_	_	_	_	linguistic	_	none	_	_	_	_	_	_
818-18	BOI090	818	818	18	e	e	_	_	_	_	_	linguistic	_	none	_	_	_	_	_	_
818-19	BOI090	818	818	19	mi	mi	_	_	_	_	_	linguistic	_	none	_	_	_	_	_	_
818-20	BOI090	818	818	20	arrivavano	arrivavano	_	_	_	_	_	linguistic	_	none	_	_	_	_	_	_
818-21	BOI090	818	818	21	costantemente	costantemente	_	_	_	_	_	linguistic	_	none	_	_	_	_	_	_
818-22	BOI090	818	818	22	altre	altre	_	_	_	_	_	linguistic	_	none	_	_	_	_	_	_
818-23	BOI090	818	818	23	offerte	offerte	_	_	_	_	_	linguistic	_	none	_	_	_	_	_	_
818-24	BOI090	818	818	24	lavorative	lavorative	_	_	_	_	_	linguistic	_	none	_	End=2088.388	_	_	_	_
819-0	BOR030	819	819	0	°d'	d'	_	_	_	_	_	linguistic	_	none	SpaceAfter=No|Volume=low	Begin=2088.786	_	_	_	_
819-1	BOR030	819	819	1	accordo°	accordo	_	_	_	_	_	linguistic	_	none	Volume=low	End=2089.489	_	_	_	_
820-0	BOR030	820	820	0	e	e	_	_	_	_	_	linguistic	_	none	PauseAfter=Yes	Begin=2089.744	_	_	_	_
820-1	BOR030	820	820	1	{P}	{P}	_	_	_	_	_	shortpause	_	none	_	_	_	_	_	_
820-2	BOR030	820	820	2	ti	ti	_	_	_	_	_	linguistic	_	none	_	_	_	_	_	_
820-3	BOR030	820	820	3	chiedo	chiedo	_	_	_	_	_	linguistic	_	none	_	End=2090.706	_	_	_	_
821-0	BOR030	821	821	0	tu	tu	_	_	_	_	_	linguistic	_	none	_	Begin=2091.011	_	_	_	_
821-1	BOR030	821	821	1	adesso	adesso	_	_	_	_	_	linguistic	_	none	_	_	_	_	_	_
821-2	BOR030	821	821	2	hai	hai	_	_	_	_	_	linguistic	_	none	_	_	_	_	_	_
821-3	BOR030	821	821	3	detto	detto	_	_	_	_	_	linguistic	_	none	_	_	_	_	_	_
821-4	BOR030	821	821	4	che	che	_	_	_	_	_	linguistic	_	none	_	_	_	_	_	_
821-5	BOR030	821	821	5	stai	stai	_	_	_	_	_	linguistic	_	none	_	_	_	_	_	_
821-6	BOR030	821	821	6	studiando	studiando	_	_	_	_	_	linguistic	_	none	_	_	_	_	_	_
821-7	BOR030	821	821	7	puoi	puoi	_	_	_	_	_	linguistic	_	none	_	_	_	_	_	_
821-8	BOR030	821	821	8	[dire	dire	_	_	_	_	_	linguistic	_	none	_	_	_	_	_	0-4(66)
821-9	BOR030	821	821	9	esa]ttamente	esattamente	_	_	_	_	_	linguistic	_	none	_	_	_	_	_	0-3(66)
821-10	BOR030	821	821	10	cosa	cosa	_	_	_	_	_	linguistic	_	none	_	_	_	_	_	_
821-11	BOR030	821	821	11	stai	stai	_	_	_	_	_	linguistic	_	none	_	_	_	_	_	_
821-12	BOR030	821	821	12	facendo,	facendo	_	_	_	_	_	linguistic	_	none	Intonation=WeaklyRising	_	_	_	_	_
821-13	BOR030	821	821	13	dei	dei	_	_	_	_	_	linguistic	_	none	_	_	_	_	_	_
821-14	BOR030	821	821	14	corsi?	corsi	_	_	_	_	_	linguistic	_	none	Intonation=Rising	End=2095.553	_	_	_	_
822-0	BOI090	822	822	0	[°sì°]	sì	_	_	_	_	_	linguistic	_	none	Volume=low	Begin=2092.993|End=2093.344	_	_	_	0-2(66)
823-0	BOI090	823	823	0	sì,	sì	_	_	_	_	_	linguistic	_	none	Intonation=WeaklyRising	Begin=2095.646	_	_	_	_
823-1	BOI090	823	823	1	allora	allora	_	_	_	_	_	linguistic	_	none	_	_	_	_	_	_
823-2	BOI090	823	823	2	io	io	_	_	_	_	_	linguistic	_	none	_	_	_	_	_	_
823-3	BOI090	823	823	3	sono	sono	_	_	_	_	_	linguistic	_	none	_	_	_	_	_	_
823-4	BOI090	823	823	4	in	in	_	_	_	_	_	linguistic	_	none	_	_	_	_	_	_
823-5	BOI090	823	823	5	un	un	_	_	_	_	_	linguistic	_	none	_	_	_	_	_	_
823-6	BOI090	823	823	6	istituto	istituto	_	_	_	_	_	linguistic	_	none	_	_	_	_	_	_
823-7	BOI090	823	823	7	privato	privato	_	_	_	_	_	linguistic	_	none	_	End=2098.326	_	_	_	_
824-0	BOI090	824	824	0	a	a	_	_	_	_	_	linguistic	_	none	_	Begin=2098.527	_	_	_	_
824-1	BOI090	824	824	1	ferrara	ferrara	_	_	_	_	_	linguistic	_	none	_	End=2099.335	_	_	_	_
825-0	BOI090	825	825	0	studio	studio	_	_	_	_	_	linguistic	_	none	_	Begin=2099.502	_	_	_	_
825-1	BOI090	825	825	1	modellistica	modellistica	_	_	_	_	_	linguistic	_	none	_	_	_	_	_	_
825-2	BOI090	825	825	2	sartoriale	sartoriale	_	_	_	_	_	linguistic	_	none	_	_	_	_	_	_
825-3	BOI090	825	825	3	e	e	_	_	_	_	_	linguistic	_	none	PauseAfter=Yes	_	_	_	_	_
825-4	BOI090	825	825	4	{P}	{P}	_	_	_	_	_	shortpause	_	none	_	_	_	_	_	_
825-5	BOI090	825	825	5	industriale	industriale	_	_	_	_	_	linguistic	_	none	_	End=2102.319	_	_	_	_
826-0	BOI090	826	826	0	quindi:	quindi	_	_	_	_	_	linguistic	_	none	_	Begin=2102.47	5x1	_	_	_
826-1	BOI090	826	826	1	col	col	_	_	_	_	_	linguistic	_	none	_	_	_	_	_	_
826-2	BOI090	826	826	2	cad	cad	_	_	_	_	_	linguistic	_	none	_	_	_	_	_	_
826-3	BOI090	826	826	3	e,	e	_	_	_	_	_	linguistic	_	none	Intonation=WeaklyRising	_	_	_	_	_
826-4	BOI090	826	826	4	a	a	_	_	_	_	_	linguistic	_	none	_	_	_	_	_	_
826-5	BOI090	826	826	5	mano	mano	_	_	_	_	_	linguistic	_	none	_	End=2105.192	_	_	_	_
827-0	BOI090	827	827	0	l'	l'	_	_	_	_	_	linguistic	_	none	SpaceAfter=No	Begin=2105.586	_	_	_	_
827-1	BOI090	827	827	1	obiettivo	obiettivo	_	_	_	_	_	linguistic	_	none	_	_	_	_	_	_
827-2	BOI090	827	827	2	sarebbe	sarebbe	_	_	_	_	_	linguistic	_	none	_	_	_	_	_	_
827-3	BOI090	827	827	3	quello	quello	_	_	_	_	_	linguistic	_	none	_	_	_	_	_	_
827-4	BOI090	827	827	4	di	di	_	_	_	_	_	linguistic	_	none	_	_	_	_	_	_
827-5	BOI090	827	827	5	diventare	diventare	_	_	_	_	_	linguistic	_	none	_	_	_	_	_	_
827-6	BOI090	827	827	6	una	una	_	_	_	_	_	linguistic	_	none	_	_	_	_	_	_
827-7	BOI090	827	827	7	modellista	modellista	_	_	_	_	_	linguistic	_	none	_	_	_	_	_	_
827-8	BOI090	827	827	8	e	e	_	_	_	_	_	linguistic	_	none	_	_	_	_	_	_
827-9	BOI090	827	827	9	o	o	_	_	_	_	_	linguistic	_	none	_	_	_	_	_	_
827-10	BOI090	827	827	10	una	una	_	_	_	_	_	linguistic	_	none	_	_	_	_	_	_
827-11	BOI090	827	827	11	sarta	sarta	_	_	_	_	_	linguistic	_	none	_	End=2109.823	_	_	_	_
828-0	BOR030	828	828	0	mhmh	mhmh	_	_	_	_	_	linguistic	_	none	_	Begin=2110.049|End=2110.42	_	_	_	_
829-0	BOI090	829	829	0	sono	sono	_	_	_	_	_	linguistic	_	none	_	Begin=2110.42	_	_	_	_
829-1	BOI090	829	829	1	corsi	corsi	_	_	_	_	_	linguistic	_	none	_	_	_	_	_	_
829-2	BOI090	829	829	2	privati:	privati	_	_	_	_	_	linguistic	_	none	_	End=2111.923	6x1	_	_	_
830-0	BOI090	830	830	0	è	è	_	_	_	_	_	linguistic	_	none	_	Begin=2112.123	_	_	_	_
830-1	BOI090	830	830	1	una	una	_	_	_	_	_	linguistic	_	none	_	_	_	_	_	_
830-2	BOI090	830	830	2	scuola	scuola	_	_	_	_	_	linguistic	_	none	_	_	_	_	_	_
830-3	BOI090	830	830	3	privata	privata	_	_	_	_	_	linguistic	_	none	_	_	_	_	_	_
830-4	BOI090	830	830	4	che	che	_	_	_	_	_	linguistic	_	none	_	_	_	_	_	_
830-5	BOI090	830	830	5	alla	alla	_	_	_	_	_	linguistic	_	none	_	_	_	_	_	_
830-6	BOI090	830	830	6	fine	fine	_	_	_	_	_	linguistic	_	none	_	_	_	_	_	_
830-7	BOI090	830	830	7	del	del	_	_	_	_	_	linguistic	_	none	_	_	_	_	_	_
830-8	BOI090	830	830	8	coso:	coso	_	_	_	_	_	linguistic	_	none	_	_	3x1	_	_	_
830-9	BOI090	830	830	9	dopo	dopo	_	_	_	_	_	linguistic	_	none	_	_	_	_	_	_
830-10	BOI090	830	830	10	un	un	_	_	_	_	_	linguistic	_	none	_	_	_	_	_	_
830-11	BOI090	830	830	11	esame	esame	_	_	_	_	_	linguistic	_	none	_	_	_	_	_	_
830-12	BOI090	830	830	12	mi	mi	_	_	_	_	_	linguistic	_	none	_	_	_	_	_	_
830-13	BOI090	830	830	13	danno:	danno	_	_	_	_	_	linguistic	_	none	_	_	4x1	_	_	_
830-14	BOI090	830	830	14	il:	il	_	_	_	_	_	linguistic	_	none	_	_	1x1	_	_	_
830-15	BOI090	830	830	15	diploma	diploma	_	_	_	_	_	linguistic	_	none	_	_	_	_	_	_
830-16	BOI090	830	830	16	professionale,	professionale	_	_	_	_	_	linguistic	_	none	Intonation=WeaklyRising	_	_	_	_	_
830-17	BOI090	830	830	17	quindi	quindi	_	_	_	_	_	linguistic	_	none	_	_	_	_	_	_
830-18	BOI090	830	830	18	una	una	_	_	_	_	_	linguistic	_	none	_	_	_	_	_	_
830-19	BOI090	830	830	19	qualifica	qualifica	_	_	_	_	_	linguistic	_	none	_	_	_	_	_	_
830-20	BOI090	830	830	20	professionale	professionale	_	_	_	_	_	linguistic	_	none	_	_	_	_	_	_
830-21	BOI090	830	830	21	tramite	tramite	_	_	_	_	_	linguistic	_	none	_	_	_	_	_	_
830-22	BOI090	830	830	22	il	il	_	_	_	_	_	linguistic	_	none	_	_	_	_	_	_
830-23	BOI090	830	830	23	quale	quale	_	_	_	_	_	linguistic	_	none	_	_	_	_	_	_
830-24	BOI090	830	830	24	io	io	_	_	_	_	_	linguistic	_	none	_	_	_	_	_	_
830-25	BOI090	830	830	25	posso:	posso	_	_	_	_	_	linguistic	_	none	_	End=2120.75	4x1	_	_	_
831-0	BOI090	831	831	0	andare	andare	_	_	_	_	_	linguistic	_	none	_	Begin=2121.205	_	_	_	_
831-1	BOI090	831	831	1	a	a	_	_	_	_	_	linguistic	_	none	_	_	_	_	_	_
831-2	BOI090	831	831	2	lavorare:	lavorare	_	_	_	_	_	linguistic	_	none	_	_	7x1	_	_	_
831-3	BOI090	831	831	3	o,	o	_	_	_	_	_	linguistic	_	none	Intonation=WeaklyRising	_	_	_	_	_
831-4	BOI090	831	831	4	darmi	darmi	_	_	_	_	_	linguistic	_	none	_	_	_	_	_	_
831-5	BOI090	831	831	5	anche	anche	_	_	_	_	_	linguistic	_	none	_	_	_	_	_	_
831-6	BOI090	831	831	6	all'	all'	_	_	_	_	_	linguistic	_	none	SpaceAfter=No	_	_	_	_	_
831-7	BOI090	831	831	7	insegnamento	insegnamento	_	_	_	_	_	linguistic	_	none	_	End=2124.02	_	_	_	_
832-0	BOI090	832	832	0	per[ché	perché	_	_	_	_	_	linguistic	_	none	_	Begin=2124.176	_	_	_	3-6(68)
832-1	BOI090	832	832	1	per]	per	_	_	_	_	_	linguistic	_	none	_	_	_	_	_	0-3(68)
832-2	BOI090	832	832	2	questo	questo	_	_	_	_	_	linguistic	_	none	_	_	_	_	_	_
832-3	BOI090	832	832	3	tipo	tipo	_	_	_	_	_	linguistic	_	none	_	_	_	_	_	_
832-4	BOI090	832	832	4	di:	di	_	_	_	_	_	linguistic	_	none	_	End=2125.997	1x1	_	_	_
833-0	BOR030	833	833	0	[da]	da	_	_	_	_	_	linguistic	_	none	_	Begin=2124.315|End=2124.6	_	_	_	0-2(68)
834-0	BOI090	834	834	0	di	di	_	_	_	_	_	linguistic	_	none	_	Begin=2126.224	_	_	_	_
834-1	BOI090	834	834	1	corsi	corsi	_	_	_	_	_	linguistic	_	none	_	_	_	_	_	_
834-2	BOI090	834	834	2	ecco	ecco	_	_	_	_	_	linguistic	_	none	_	End=2127.452	_	_	_	_
835-0	BOI090	835	835	0	non	non	_	_	_	_	_	linguistic	_	none	_	Begin=2127.74	_	_	_	_
835-1	BOI090	835	835	1	serve	serve	_	_	_	_	_	linguistic	_	none	_	_	_	_	_	_
835-2	BOI090	835	835	2	una	una	_	_	_	_	_	linguistic	_	none	_	_	_	_	_	_
835-3	BOI090	835	835	3	laurea	laurea	_	_	_	_	_	linguistic	_	none	_	_	_	_	_	_
835-4	BOI090	835	835	4	per	per	_	_	_	_	_	linguistic	_	none	_	_	_	_	_	_
835-5	BOI090	835	835	5	inse~	inse~	_	_	_	_	_	linguistic	_	none	Interrupted=Yes	_	_	_	_	_
835-6	BOI090	835	835	6	per	per	_	_	_	_	_	linguistic	_	none	_	_	_	_	_	_
835-7	BOI090	835	835	7	insegnare	insegnare	_	_	_	_	_	linguistic	_	none	_	End=2130.279	_	_	_	_
836-0	BOR030	836	836	0	d'	d'	_	_	_	_	_	linguistic	_	none	SpaceAfter=No	Begin=2130.676	_	_	_	_
836-1	BOR030	836	836	1	accordo	accordo	_	_	_	_	_	linguistic	_	none	_	End=2131.352	_	_	_	_
837-0	BOR030	837	837	0	e:	e	_	_	_	_	_	linguistic	_	none	_	Begin=2131.778	0x1	_	_	_
837-1	BOR030	837	837	1	rimarresti	rimarresti	_	_	_	_	_	linguistic	_	none	_	_	_	_	_	_
837-2	BOR030	837	837	2	in	in	_	_	_	_	_	linguistic	_	none	_	_	_	_	_	_
837-3	BOR030	837	837	3	italia	italia	_	_	_	_	_	linguistic	_	none	_	_	_	_	_	_
837-4	BOR030	837	837	4	poi	poi	_	_	_	_	_	linguistic	_	none	_	_	_	_	_	_
837-5	BOR030	837	837	5	a	a	_	_	_	_	_	linguistic	_	none	_	_	_	_	_	_
837-6	BOR030	837	837	6	fare:	fare	_	_	_	_	_	linguistic	_	none	_	_	3x1	_	_	_
837-7	BOR030	837	837	7	>quindi<	quindi	_	_	_	_	_	linguistic	_	none	_	End=2135.115	_	Fast=0-6(0)	_	_
838-0	BOR030	838	838	0	su	su	_	_	_	_	_	linguistic	_	none	_	Begin=2135.294	_	_	_	_
838-1	BOR030	838	838	1	cosa:	cosa	_	_	_	_	_	linguistic	_	none	_	_	3x1	_	_	_
838-2	BOR030	838	838	2	ti	ti	_	_	_	_	_	linguistic	_	none	_	_	_	_	_	_
838-3	BOR030	838	838	3	vorresti	vorresti	_	_	_	_	_	linguistic	_	none	_	_	_	_	_	_
838-4	BOR030	838	838	4	principalmente	principalmente	_	_	_	_	_	linguistic	_	none	_	_	_	_	_	_
838-5	BOR030	838	838	5	ambientare	ambientare	_	_	_	_	_	linguistic	_	none	_	_	_	_	_	_
838-6	BOR030	838	838	6	poi	poi	_	_	_	_	_	linguistic	_	none	_	_	_	_	_	_
838-7	BOR030	838	838	7	lavorativa[mente]?	lavorativamente	_	_	_	_	_	linguistic	_	none	Intonation=Rising	End=2138.77	_	_	_	10-15(69)
839-0	BOI090	839	839	0	[allo:]ra	allora	_	_	_	_	_	linguistic	_	none	_	Begin=2138.275|End=2139.1	3x1	_	_	0-4(69)
840-0	BOI090	840	840	0	io	io	_	_	_	_	_	linguistic	_	none	_	Begin=2139.164	_	_	_	_
840-1	BOI090	840	840	1	>come	come	_	_	_	_	_	linguistic	_	none	_	_	_	Fast=0-4(0)	_	_
840-2	BOI090	840	840	2	dicevo<	dicevo	_	_	_	_	_	linguistic	_	none	_	_	_	Fast=0-6(0)	_	_
840-3	BOI090	840	840	3	ho	ho	_	_	_	_	_	linguistic	_	none	_	End=2140.69	_	_	_	_
841-0	BOI090	841	841	0	diciamo	diciamo	_	_	_	_	_	linguistic	_	none	_	Begin=2140.818	_	_	_	_
841-1	BOI090	841	841	1	que:llo	quello	_	_	_	_	_	linguistic	_	none	_	_	2x1	_	_	_
841-2	BOI090	841	841	2	scopo	scopo	_	_	_	_	_	linguistic	_	none	_	_	_	_	_	_
841-3	BOI090	841	841	3	lì	lì	_	_	_	_	_	linguistic	_	none	_	End=2142.492	_	_	_	_
842-0	BOI090	842	842	0	ovvero	ovvero	_	_	_	_	_	linguistic	_	none	_	Begin=2142.588	_	_	_	_
842-1	BOI090	842	842	1	andare	andare	_	_	_	_	_	linguistic	_	none	_	_	_	_	_	_
842-2	BOI090	842	842	2	a	a	_	_	_	_	_	linguistic	_	none	_	_	_	_	_	_
842-3	BOI090	842	842	3	fare	fare	_	_	_	_	_	linguistic	_	none	_	_	_	_	_	_
842-4	BOI090	842	842	4	la	la	_	_	_	_	_	linguistic	_	none	_	_	_	_	_	_
842-5	BOI090	842	842	5	modellista:	modellista	_	_	_	_	_	linguistic	_	none	_	_	9x1	_	_	_
842-6	BOI090	842	842	6	o	o	_	_	_	_	_	linguistic	_	none	PauseAfter=Yes	_	_	_	_	_
842-7	BOI090	842	842	7	{P}	{P}	_	_	_	_	_	shortpause	_	none	_	_	_	_	_	_
842-8	BOI090	842	842	8	la	la	_	_	_	_	_	linguistic	_	none	_	_	_	_	_	_
842-9	BOI090	842	842	9	sarta	sarta	_	_	_	_	_	linguistic	_	none	_	_	_	_	_	_
842-10	BOI090	842	842	10	quindi	quindi	_	_	_	_	_	linguistic	_	none	_	_	_	_	_	_
842-11	BOI090	842	842	11	o	o	_	_	_	_	_	linguistic	_	none	_	_	_	_	_	_
842-12	BOI090	842	842	12	lavorare	lavorare	_	_	_	_	_	linguistic	_	none	_	_	_	_	_	_
842-13	BOI090	842	842	13	in	in	_	_	_	_	_	linguistic	_	none	_	_	_	_	_	_
842-14	BOI090	842	842	14	produzione:	produzione	_	_	_	_	_	linguistic	_	none	_	End=2147.881	9x1	_	_	_
843-0	BOI090	843	843	0	o	o	_	_	_	_	_	linguistic	_	none	_	Begin=2147.978	_	_	_	_
843-1	BOI090	843	843	1	comunque	comunque	_	_	_	_	_	linguistic	_	none	_	_	_	_	_	_
843-2	BOI090	843	843	2	fare	fare	_	_	_	_	_	linguistic	_	none	_	_	_	_	_	_
843-3	BOI090	843	843	3	la	la	_	_	_	_	_	linguistic	_	none	_	_	_	_	_	_
843-4	BOI090	843	843	4	progettista	progettista	_	_	_	_	_	linguistic	_	none	_	_	_	_	_	_
843-5	BOI090	843	843	5	di	di	_	_	_	_	_	linguistic	_	none	_	_	_	_	_	_
843-6	BOI090	843	843	6	modelli	modelli	_	_	_	_	_	linguistic	_	none	_	End=2150.628	_	_	_	_
844-0	BOI090	844	844	0	per	per	_	_	_	_	_	linguistic	_	none	_	Begin=2150.892	_	_	_	_
844-1	BOI090	844	844	1	i	i	_	_	_	_	_	linguistic	_	none	_	_	_	_	_	_
844-2	BOI090	844	844	2	vestiti	vestiti	_	_	_	_	_	linguistic	_	none	_	End=2151.669	_	_	_	_
845-0	BOI090	845	845	0	è	è	_	_	_	_	_	linguistic	_	none	_	Begin=2152.509	_	_	_	_
845-1	BOI090	845	845	1	un	un	_	_	_	_	_	linguistic	_	none	_	_	_	_	_	_
845-2	BOI090	845	845	2	lavoro	lavoro	_	_	_	_	_	linguistic	_	none	_	_	_	_	_	_
845-3	BOI090	845	845	3	che	che	_	_	_	_	_	linguistic	_	none	_	_	_	_	_	_
845-4	BOI090	845	845	4	qui	qui	_	_	_	_	_	linguistic	_	none	_	_	_	_	_	_
845-5	BOI090	845	845	5	in	in	_	_	_	_	_	linguistic	_	none	_	_	_	_	_	_
845-6	BOI090	845	845	6	italia:	italia	_	_	_	_	_	linguistic	_	none	_	_	5x1	_	_	_
845-7	BOI090	845	845	7	non	non	_	_	_	_	_	linguistic	_	none	_	_	_	_	_	_
845-8	BOI090	845	845	8	pensavo	pensavo	_	_	_	_	_	linguistic	_	none	_	End=2155.377	_	_	_	_
846-0	BOI090	846	846	0	perché	perché	_	_	_	_	_	linguistic	_	none	_	Begin=2155.472	_	_	_	_
846-1	BOI090	846	846	1	all'	all'	_	_	_	_	_	linguistic	_	none	SpaceAfter=No	_	_	_	_	_
846-2	BOI090	846	846	2	inizio	inizio	_	_	_	_	_	linguistic	_	none	_	_	_	_	_	_
846-3	BOI090	846	846	3	ero	ero	_	_	_	_	_	linguistic	_	none	_	_	_	_	_	_
846-4	BOI090	846	846	4	partita	partita	_	_	_	_	_	linguistic	_	none	_	_	_	_	_	_
846-5	BOI090	846	846	5	con	con	_	_	_	_	_	linguistic	_	none	_	_	_	_	_	_
846-6	BOI090	846	846	6	l'	l'	_	_	_	_	_	linguistic	_	none	SpaceAfter=No	_	_	_	_	_
846-7	BOI090	846	846	7	idea	idea	_	_	_	_	_	linguistic	_	none	_	_	_	_	_	_
846-8	BOI090	846	846	8	che	che	_	_	_	_	_	linguistic	_	none	_	End=2157.414	_	_	_	_
847-0	BOI090	847	847	0	qua	qua	_	_	_	_	_	linguistic	_	none	_	Begin=2157.596	_	_	_	_
847-1	BOI090	847	847	1	in	in	_	_	_	_	_	linguistic	_	none	_	_	_	_	_	_
847-2	BOI090	847	847	2	italia	italia	_	_	_	_	_	linguistic	_	none	_	_	_	_	_	_
847-3	BOI090	847	847	3	non	non	_	_	_	_	_	linguistic	_	none	_	_	_	_	_	_
847-4	BOI090	847	847	4	andasse	andasse	_	_	_	_	_	linguistic	_	none	_	_	_	_	_	_
847-5	BOI090	847	847	5	molto	molto	_	_	_	_	_	linguistic	_	none	_	_	_	_	_	_
847-6	BOI090	847	847	6	o	o	_	_	_	_	_	linguistic	_	none	_	_	_	_	_	_
847-7	BOI090	847	847	7	meglio	meglio	_	_	_	_	_	linguistic	_	none	_	_	_	_	_	_
847-8	BOI090	847	847	8	solo	solo	_	_	_	_	_	linguistic	_	none	_	_	_	_	_	_
847-9	BOI090	847	847	9	magari	magari	_	_	_	_	_	linguistic	_	none	_	End=2160.381	_	_	_	_
848-0	BOI090	848	848	0	nelle	nelle	_	_	_	_	_	linguistic	_	none	_	Begin=2160.493	_	_	_	_
848-1	BOI090	848	848	1	grandi	grandi	_	_	_	_	_	linguistic	_	none	_	_	_	_	_	_
848-2	BOI090	848	848	2	città	città	_	_	_	_	_	linguistic	_	none	_	_	_	_	_	_
848-3	BOI090	848	848	3	come	come	_	_	_	_	_	linguistic	_	none	_	_	_	_	_	_
848-4	BOI090	848	848	4	mila:no,	milano	_	_	_	_	_	linguistic	_	none	Intonation=WeaklyRising	_	3x1	_	_	_
848-5	BOI090	848	848	5	ro:ma	roma	_	_	_	_	_	linguistic	_	none	_	End=2162.892	1x1	_	_	_
849-0	BOI090	849	849	0	in	in	_	_	_	_	_	linguistic	_	none	_	Begin=2163.333	_	_	_	_
849-1	BOI090	849	849	1	realtà:	realtà	_	_	_	_	_	linguistic	_	none	_	End=2164.313	5x1	_	_	_
850-0	BOI090	850	850	0	bologna:	bologna	_	_	_	_	_	linguistic	_	none	_	Begin=2164.408	6x1	_	_	_
850-1	BOI090	850	850	1	o	o	_	_	_	_	_	linguistic	_	none	_	_	_	_	_	_
850-2	BOI090	850	850	2	la	la	_	_	_	_	_	linguistic	_	none	_	_	_	_	_	_
850-3	BOI090	850	850	3	nos~	nos~	_	_	_	_	_	linguistic	_	none	Interrupted=Yes	_	_	_	_	_
850-4	BOI090	850	850	4	mh	mh	_	_	_	_	_	linguistic	_	none	_	_	_	_	_	_
850-5	BOI090	850	850	5	l'	l'	_	_	_	_	_	linguistic	_	none	SpaceAfter=No	_	_	_	_	_
850-6	BOI090	850	850	6	emilia	emilia	_	_	_	_	_	linguistic	_	none	_	_	_	_	_	_
850-7	BOI090	850	850	7	romagna	romagna	_	_	_	_	_	linguistic	_	none	_	_	_	_	_	_
850-8	BOI090	850	850	8	in	in	_	_	_	_	_	linguistic	_	none	_	_	_	_	_	_
850-9	BOI090	850	850	9	generale	generale	_	_	_	_	_	linguistic	_	none	_	_	_	_	_	_
850-10	BOI090	850	850	10	è	è	_	_	_	_	_	linguistic	_	none	_	_	_	_	_	_
850-11	BOI090	850	850	11	piena	piena	_	_	_	_	_	linguistic	_	none	_	End=2168.821	_	_	_	_
851-0	BOI090	851	851	0	di	di	_	_	_	_	_	linguistic	_	none	_	Begin=2168.99	_	_	_	_
851-1	BOI090	851	851	1	modellisti:	modellisti	_	_	_	_	_	linguistic	_	none	_	End=2170.103	9x1	_	_	_
852-0	BOI090	852	852	0	e	e	_	_	_	_	_	linguistic	_	none	_	Begin=2170.464	_	_	_	_
852-1	BOI090	852	852	1	di	di	_	_	_	_	_	linguistic	_	none	_	_	_	_	_	_
852-2	BOI090	852	852	2	sarti,	sarti	_	_	_	_	_	linguistic	_	none	Intonation=WeaklyRising	_	_	_	_	_
852-3	BOI090	852	852	3	è	è	_	_	_	_	_	linguistic	_	none	_	_	_	_	_	_
852-4	BOI090	852	852	4	una	una	_	_	_	_	_	linguistic	_	none	_	_	_	_	_	_
852-5	BOI090	852	852	5	cosa	cosa	_	_	_	_	_	linguistic	_	none	_	_	_	_	_	_
852-6	BOI090	852	852	6	che	che	_	_	_	_	_	linguistic	_	none	_	_	_	_	_	_
852-7	BOI090	852	852	7	io	io	_	_	_	_	_	linguistic	_	none	_	_	_	_	_	_
852-8	BOI090	852	852	8	non	non	_	_	_	_	_	linguistic	_	none	_	_	_	_	_	_
852-9	BOI090	852	852	9	credevo	credevo	_	_	_	_	_	linguistic	_	none	_	_	_	_	_	_
852-10	BOI090	852	852	10	l'	l'	_	_	_	_	_	linguistic	_	none	SpaceAfter=No	_	_	_	_	_
852-11	BOI090	852	852	11	ho	ho	_	_	_	_	_	linguistic	_	none	_	_	_	_	_	_
852-12	BOI090	852	852	12	scoperto	scoperto	_	_	_	_	_	linguistic	_	none	_	_	_	_	_	_
852-13	BOI090	852	852	13	col	col	_	_	_	_	_	linguistic	_	none	_	_	_	_	_	_
852-14	BOI090	852	852	14	tempo:	tempo	_	_	_	_	_	linguistic	_	none	_	End=2174.124	4x1	_	_	_
853-0	BOI090	853	853	0	e	e	_	_	_	_	_	linguistic	_	none	_	Begin=2174.853	_	_	_	_
853-1	BOI090	853	853	1	in	in	_	_	_	_	_	linguistic	_	none	_	_	_	_	_	_
853-2	BOI090	853	853	2	realtà,	realtà	_	_	_	_	_	linguistic	_	none	Intonation=WeaklyRising	_	_	_	_	_
853-3	BOI090	853	853	3	è	è	_	_	_	_	_	linguistic	_	none	_	_	_	_	_	_
853-4	BOI090	853	853	4	molto	molto	_	_	_	_	_	linguistic	_	none	_	_	_	_	_	_
853-5	BOI090	853	853	5	facile	facile	_	_	_	_	_	linguistic	_	none	_	_	_	_	_	_
853-6	BOI090	853	853	6	anche	anche	_	_	_	_	_	linguistic	_	none	_	_	_	_	_	_
853-7	BOI090	853	853	7	trovare	trovare	_	_	_	_	_	linguistic	_	none	_	_	_	_	_	_
853-8	BOI090	853	853	8	lavoro	lavoro	_	_	_	_	_	linguistic	_	none	_	_	_	_	_	_
853-9	BOI090	853	853	9	su	su	_	_	_	_	_	linguistic	_	none	_	_	_	_	_	_
853-10	BOI090	853	853	10	questo	questo	_	_	_	_	_	linguistic	_	none	_	_	_	_	_	_
853-11	BOI090	853	853	11	settore	settore	_	_	_	_	_	linguistic	_	none	_	_	_	_	_	_
853-12	BOI090	853	853	12	qui	qui	_	_	_	_	_	linguistic	_	none	_	End=2178.908	_	_	_	_
854-0	BOI090	854	854	0	[quindi]	quindi	_	_	_	_	_	linguistic	_	none	_	Begin=2179.239	_	_	_	0-6(72)
854-1	BOI090	854	854	1	i:o	io	_	_	_	_	_	linguistic	_	none	_	_	0x1	_	_	_
854-2	BOI090	854	854	2	personalmente	personalmente	_	_	_	_	_	linguistic	_	none	_	_	_	_	_	_
854-3	BOI090	854	854	3	non	non	_	_	_	_	_	linguistic	_	none	_	_	_	_	_	_
854-4	BOI090	854	854	4	mi	mi	_	_	_	_	_	linguistic	_	none	_	_	_	_	_	_
854-5	BOI090	854	854	5	muoverei	muoverei	_	_	_	_	_	linguistic	_	none	_	_	_	_	_	_
854-6	BOI090	854	854	6	né	né	_	_	_	_	_	linguistic	_	none	_	_	_	_	_	_
854-7	BOI090	854	854	7	all'	all'	_	_	_	_	_	linguistic	_	none	SpaceAfter=No	_	_	_	_	_
854-8	BOI090	854	854	8	estero	estero	_	_	_	_	_	linguistic	_	none	_	_	_	_	_	_
854-9	BOI090	854	854	9	e	e	_	_	_	_	_	linguistic	_	none	_	_	_	_	_	_
854-10	BOI090	854	854	10	né	né	_	_	_	_	_	linguistic	_	none	_	_	_	_	_	_
854-11	BOI090	854	854	11	tantomeno	tantomeno	_	_	_	_	_	linguistic	_	none	_	_	_	_	_	_
854-12	BOI090	854	854	12	in	in	_	_	_	_	_	linguistic	_	none	_	_	_	_	_	_
854-13	BOI090	854	854	13	italia	italia	_	_	_	_	_	linguistic	_	none	_	End=2183.58	_	_	_	_
855-0	BOR030	855	855	0	[mh]	mh	_	_	_	_	_	linguistic	_	none	_	Begin=2179.239|End=2179.502	_	_	_	0-2(72)
856-0	BOR030	856	856	0	d'	d'	_	_	_	_	_	linguistic	_	none	SpaceAfter=No	Begin=2184.153	_	_	_	_
856-1	BOR030	856	856	1	acco:rdo	accordo	_	_	_	_	_	linguistic	_	none	_	End=2184.96	3x1	_	_	_
857-0	BOR030	857	857	0	allora:	allora	_	_	_	_	_	linguistic	_	none	_	Begin=2185.626	5x1	_	_	_
857-1	BOR030	857	857	1	passo	passo	_	_	_	_	_	linguistic	_	none	_	_	_	_	_	_
857-2	BOR030	857	857	2	alle	alle	_	_	_	_	_	linguistic	_	none	_	_	_	_	_	_
857-3	BOR030	857	857	3	domande	domande	_	_	_	_	_	linguistic	_	none	_	_	_	_	_	_
857-4	BOR030	857	857	4	invece	invece	_	_	_	_	_	linguistic	_	none	_	_	_	_	_	_
857-5	BOR030	857	857	5	sul	sul	_	_	_	_	_	linguistic	_	none	_	_	_	_	_	_
857-6	BOR030	857	857	6	tempo	tempo	_	_	_	_	_	linguistic	_	none	_	_	_	_	_	_
857-7	BOR030	857	857	7	libero	libero	_	_	_	_	_	linguistic	_	none	_	End=2187.893	_	_	_	_
858-0	BOI090	858	858	0	mhmh	mhmh	_	_	_	_	_	linguistic	_	none	_	Begin=2187.893|End=2188.26	_	_	_	_
859-0	BOI090	859	859	0	okay	okay	_	_	_	_	_	linguistic	_	none	_	Begin=2188.65|End=2189.03	_	_	_	_
860-0	BOR030	860	860	0	e:	e	_	_	_	_	_	linguistic	_	none	_	Begin=2189.245	0x1	_	_	_
860-1	BOR030	860	860	1	ti	ti	_	_	_	_	_	linguistic	_	none	_	_	_	_	_	_
860-2	BOR030	860	860	2	chiedo	chiedo	_	_	_	_	_	linguistic	_	none	_	_	_	_	_	_
860-3	BOR030	860	860	3	innanzitutto	innanzitutto	_	_	_	_	_	linguistic	_	none	_	_	_	_	_	_
860-4	BOR030	860	860	4	e:h	eh	_	_	_	_	_	linguistic	_	none	_	_	0x1	_	_	_
860-5	BOR030	860	860	5	m:h	mh	_	_	_	_	_	linguistic	_	none	_	End=2191.966	0x1	_	_	_
861-0	BOR030	861	861	0	durante	durante	_	_	_	_	_	linguistic	_	none	_	Begin=2193.1	_	_	_	_
861-1	BOR030	861	861	1	magari:	magari	_	_	_	_	_	linguistic	_	none	_	_	5x1	_	_	_
861-2	BOR030	861	861	2	e:h	eh	_	_	_	_	_	linguistic	_	none	_	_	0x1	_	_	_
861-3	BOR030	861	861	3	le	le	_	_	_	_	_	linguistic	_	none	_	_	_	_	_	_
861-4	BOR030	861	861	4	tue:	tue	_	_	_	_	_	linguistic	_	none	_	_	2x1	_	_	_
861-5	BOR030	861	861	5	usci:te:,	uscite	_	_	_	_	_	linguistic	_	none	Intonation=WeaklyRising	_	3x1,5x1	_	_	_
861-6	BOR030	861	861	6	[>così<	così	_	_	_	_	_	linguistic	_	none	_	_	_	Fast=0-4(0)	_	0-4(74)
861-7	BOR030	861	861	7	cosa	cosa	_	_	_	_	_	linguistic	_	none	_	_	_	_	_	0-4(74)
861-8	BOR030	861	861	8	ti]	ti	_	_	_	_	_	linguistic	_	none	_	_	_	_	_	0-2(74)
861-9	BOR030	861	861	9	piace	piace	_	_	_	_	_	linguistic	_	none	_	_	_	_	_	_
861-10	BOR030	861	861	10	fa:re,	fare	_	_	_	_	_	linguistic	_	none	Intonation=WeaklyRising	_	1x1	_	_	_
861-11	BOR030	861	861	11	quante	quante	_	_	_	_	_	linguistic	_	none	_	_	_	_	_	_
861-12	BOR030	861	861	12	volte	volte	_	_	_	_	_	linguistic	_	none	_	_	_	_	_	_
861-13	BOR030	861	861	13	e:sci:	esci	_	_	_	_	_	linguistic	_	none	_	End=2199.866	0x1,3x1	_	_	_
862-0	BOI090	862	862	0	[mhmh	mhmh	_	_	_	_	_	linguistic	_	none	_	Begin=2196.589	_	_	_	0-4(74)
862-1	BOI090	862	862	1	oc~]	oc~	_	_	_	_	_	linguistic	_	none	Interrupted=Yes	End=2197.416	_	_	_	0-3(74)
863-0	BOI090	863	863	0	allora	allora	_	_	_	_	_	linguistic	_	none	_	Begin=2200.053	_	_	_	_
863-1	BOI090	863	863	1	ultimamente	ultimamente	_	_	_	_	_	linguistic	_	none	_	_	_	_	_	_
863-2	BOI090	863	863	2	poco	poco	_	_	_	_	_	linguistic	_	none	PauseAfter=Yes	_	_	_	_	_
863-3	BOI090	863	863	3	{P}	{P}	_	_	_	_	_	shortpause	_	none	_	_	_	_	_	_
863-4	BOI090	863	863	4	nel	nel	_	_	_	_	_	linguistic	_	none	_	_	_	_	_	_
863-5	BOI090	863	863	5	senso	senso	_	_	_	_	_	linguistic	_	none	_	_	_	_	_	_
863-6	BOI090	863	863	6	che:	che	_	_	_	_	_	linguistic	_	none	_	_	2x1	_	_	_
863-7	BOI090	863	863	7	lo	lo	_	_	_	_	_	linguistic	_	none	_	_	_	_	_	_
863-8	BOI090	863	863	8	studio	studio	_	_	_	_	_	linguistic	_	none	_	_	_	_	_	_
863-9	BOI090	863	863	9	prende	prende	_	_	_	_	_	linguistic	_	none	_	End=2203.751	_	_	_	_
864-0	BOI090	864	864	0	una	una	_	_	_	_	_	linguistic	_	none	_	Begin=2203.87	_	_	_	_
864-1	BOI090	864	864	1	grande	grande	_	_	_	_	_	linguistic	_	none	_	_	_	_	_	_
864-2	BOI090	864	864	2	parte	parte	_	_	_	_	_	linguistic	_	none	_	_	_	_	_	_
864-3	BOI090	864	864	3	della	della	_	_	_	_	_	linguistic	_	none	_	_	_	_	_	_
864-4	BOI090	864	864	4	mia	mia	_	_	_	_	_	linguistic	_	none	_	_	_	_	_	_
864-5	BOI090	864	864	5	giorna:ta	giornata	_	_	_	_	_	linguistic	_	none	_	_	5x1	_	_	_
864-6	BOI090	864	864	6	e	e	_	_	_	_	_	linguistic	_	none	_	_	_	_	_	_
864-7	BOI090	864	864	7	quindi	quindi	_	_	_	_	_	linguistic	_	none	_	End=2206.394	_	_	_	_
865-0	BOI090	865	865	0	è	è	_	_	_	_	_	linguistic	_	none	_	Begin=2207.181	_	_	_	_
865-1	BOI090	865	865	1	anche	anche	_	_	_	_	_	linguistic	_	none	_	_	_	_	_	_
865-2	BOI090	865	865	2	difficile	difficile	_	_	_	_	_	linguistic	_	none	_	_	_	_	_	_
865-3	BOI090	865	865	3	organizzarsi	organizzarsi	_	_	_	_	_	linguistic	_	none	_	_	_	_	_	_
865-4	BOI090	865	865	4	poi:	poi	_	_	_	_	_	linguistic	_	none	_	_	2x1	_	_	_
865-5	BOI090	865	865	5	c'	c'	_	_	_	_	_	linguistic	_	none	SpaceAfter=No	_	_	_	_	_
865-6	BOI090	865	865	6	è	è	_	_	_	_	_	linguistic	_	none	_	_	_	_	_	_
865-7	BOI090	865	865	7	da	da	_	_	_	_	_	linguistic	_	none	_	_	_	_	_	_
865-8	BOI090	865	865	8	dire	dire	_	_	_	_	_	linguistic	_	none	_	_	_	_	_	_
865-9	BOI090	865	865	9	che	che	_	_	_	_	_	linguistic	_	none	_	_	_	_	_	_
865-10	BOI090	865	865	10	più	più	_	_	_	_	_	linguistic	_	none	_	_	_	_	_	_
865-11	BOI090	865	865	11	si	si	_	_	_	_	_	linguistic	_	none	_	_	_	_	_	_
865-12	BOI090	865	865	12	cresce	cresce	_	_	_	_	_	linguistic	_	none	_	_	_	_	_	_
865-13	BOI090	865	865	13	più	più	_	_	_	_	_	linguistic	_	none	_	End=2211.308	_	_	_	_
866-0	BOI090	866	866	0	le	le	_	_	_	_	_	linguistic	_	none	_	Begin=2211.722	_	_	_	_
866-1	BOI090	866	866	1	persone	persone	_	_	_	_	_	linguistic	_	none	_	_	_	_	_	_
866-2	BOI090	866	866	2	con	con	_	_	_	_	_	linguistic	_	none	_	_	_	_	_	_
866-3	BOI090	866	866	3	cui	cui	_	_	_	_	_	linguistic	_	none	_	_	_	_	_	_
866-4	BOI090	866	866	4	sei	sei	_	_	_	_	_	linguistic	_	none	_	_	_	_	_	_
866-5	BOI090	866	866	5	legata	legata	_	_	_	_	_	linguistic	_	none	_	_	_	_	_	_
866-6	BOI090	866	866	6	hanno	hanno	_	_	_	_	_	linguistic	_	none	_	_	_	_	_	_
866-7	BOI090	866	866	7	altre	altre	_	_	_	_	_	linguistic	_	none	_	_	_	_	_	_
866-8	BOI090	866	866	8	ambizio:ni	ambizioni	_	_	_	_	_	linguistic	_	none	_	End=2214.722	6x1	_	_	_
867-0	BOI090	867	867	0	comunque	comunque	_	_	_	_	_	linguistic	_	none	_	Begin=2215.161	_	_	_	_
867-1	BOI090	867	867	1	siam	siam	_	_	_	_	_	linguistic	_	none	_	_	_	_	_	_
867-2	BOI090	867	867	2	messi	messi	_	_	_	_	_	linguistic	_	none	_	_	_	_	_	_
867-3	BOI090	867	867	3	tutti	tutti	_	_	_	_	_	linguistic	_	none	_	_	_	_	_	_
867-4	BOI090	867	867	4	nella	nella	_	_	_	_	_	linguistic	_	none	_	_	_	_	_	_
867-5	BOI090	867	867	5	stessa	stessa	_	_	_	_	_	linguistic	_	none	_	_	_	_	_	_
867-6	BOI090	867	867	6	situazione	situazione	_	_	_	_	_	linguistic	_	none	_	_	_	_	_	_
867-7	BOI090	867	867	7	alla	alla	_	_	_	_	_	linguistic	_	none	_	_	_	_	_	_
867-8	BOI090	867	867	8	fine	fine	_	_	_	_	_	linguistic	_	none	_	End=2218.003	_	_	_	_
868-0	BOI090	868	868	0	io	io	_	_	_	_	_	linguistic	_	none	_	Begin=2218.468	_	_	_	_
868-1	BOI090	868	868	1	non	non	_	_	_	_	_	linguistic	_	none	_	_	_	_	_	_
868-2	BOI090	868	868	2	sono	sono	_	_	_	_	_	linguistic	_	none	_	_	_	_	_	_
868-3	BOI090	868	868	3	una	una	_	_	_	_	_	linguistic	_	none	_	_	_	_	_	_
868-4	BOI090	868	868	4	persona	persona	_	_	_	_	_	linguistic	_	none	_	_	_	_	_	_
868-5	BOI090	868	868	5	troppo	troppo	_	_	_	_	_	linguistic	_	none	_	_	_	_	_	_
868-6	BOI090	868	868	6	festaiola,	festaiola	_	_	_	_	_	linguistic	_	none	Intonation=WeaklyRising	_	_	_	_	_
868-7	BOI090	868	868	7	nel	nel	_	_	_	_	_	linguistic	_	none	_	_	_	_	_	_
868-8	BOI090	868	868	8	senso	senso	_	_	_	_	_	linguistic	_	none	_	_	_	_	_	_
868-9	BOI090	868	868	9	che	che	_	_	_	_	_	linguistic	_	none	_	_	_	_	_	_
868-10	BOI090	868	868	10	a	a	_	_	_	_	_	linguistic	_	none	_	_	_	_	_	_
868-11	BOI090	868	868	11	me	me	_	_	_	_	_	linguistic	_	none	_	_	_	_	_	_
868-12	BOI090	868	868	12	piace:	piace	_	_	_	_	_	linguistic	_	none	_	_	4x1	_	_	_
868-13	BOI090	868	868	13	andare	andare	_	_	_	_	_	linguistic	_	none	_	_	_	_	_	_
868-14	BOI090	868	868	14	alle	alle	_	_	_	_	_	linguistic	_	none	_	_	_	_	_	_
868-15	BOI090	868	868	15	feste:	feste	_	_	_	_	_	linguistic	_	none	_	End=2223.835	4x1	_	_	_
869-0	BOI090	869	869	0	però:	però	_	_	_	_	_	linguistic	_	none	_	Begin=2224.41	3x1	_	_	_
869-1	BOI090	869	869	1	non	non	_	_	_	_	_	linguistic	_	none	_	End=2226.004	_	_	_	_
870-0	BOI090	870	870	0	<festo:ni>	festoni	_	_	_	_	_	linguistic	_	none	_	Begin=2226.14	4x1	Slow=0-7(0)	_	_
870-1	BOI090	870	870	1	cose	cose	_	_	_	_	_	linguistic	_	none	_	_	_	_	_	_
870-2	BOI090	870	870	2	troppo	troppo	_	_	_	_	_	linguistic	_	none	_	_	_	_	_	_
870-3	BOI090	870	870	3	elaborate	elaborate	_	_	_	_	_	linguistic	_	none	_	_	_	_	_	_
870-4	BOI090	870	870	4	c(io)è	cioè	_	_	_	_	_	linguistic	_	none	_	_	_	_	1-3(0)	_
870-5	BOI090	870	870	5	io	io	_	_	_	_	_	linguistic	_	none	_	_	_	_	_	_
870-6	BOI090	870	870	6	preferisco	preferisco	_	_	_	_	_	linguistic	_	none	_	_	_	_	_	_
870-7	BOI090	870	870	7	quasi	quasi	_	_	_	_	_	linguistic	_	none	_	_	_	_	_	_
870-8	BOI090	870	870	8	la	la	_	_	_	_	_	linguistic	_	none	_	_	_	_	_	_
870-9	BOI090	870	870	9	serata	serata	_	_	_	_	_	linguistic	_	none	_	_	_	_	_	_
870-10	BOI090	870	870	10	in	in	_	_	_	_	_	linguistic	_	none	_	_	_	_	_	_
870-11	BOI090	870	870	11	casa	casa	_	_	_	_	_	linguistic	_	none	_	_	_	_	_	_
870-12	BOI090	870	870	12	con	con	_	_	_	_	_	linguistic	_	none	_	_	_	_	_	_
870-13	BOI090	870	870	13	amici:	amici	_	_	_	_	_	linguistic	_	none	_	_	4x1	_	_	_
870-14	BOI090	870	870	14	che:	che	_	_	_	_	_	linguistic	_	none	_	_	2x1	_	_	_
870-15	BOI090	870	870	15	andare	andare	_	_	_	_	_	linguistic	_	none	_	_	_	_	_	_
870-16	BOI090	870	870	16	a	a	_	_	_	_	_	linguistic	_	none	_	_	_	_	_	_
870-17	BOI090	870	870	17	una	una	_	_	_	_	_	linguistic	_	none	_	_	_	_	_	_
870-18	BOI090	870	870	18	festa	festa	_	_	_	_	_	linguistic	_	none	_	_	_	_	_	_
870-19	BOI090	870	870	19	magari	magari	_	_	_	_	_	linguistic	_	none	_	_	_	_	_	_
870-20	BOI090	870	870	20	anche	anche	_	_	_	_	_	linguistic	_	none	_	_	_	_	_	_
870-21	BOI090	870	870	21	perché	perché	_	_	_	_	_	linguistic	_	none	_	End=2233.985	_	_	_	_
871-0	BOI090	871	871	0	ultimamente	ultimamente	_	_	_	_	_	linguistic	_	none	_	Begin=2234.279	_	_	_	_
871-1	BOI090	871	871	1	son	son	_	_	_	_	_	linguistic	_	none	_	End=2235.291	_	_	_	_
872-0	BOI090	872	872	0	le	le	_	_	_	_	_	linguistic	_	none	_	Begin=2235.572	_	_	_	_
872-1	BOI090	872	872	1	organizzazioni	organizzazioni	_	_	_	_	_	linguistic	_	none	_	_	_	_	_	_
872-2	BOI090	872	872	2	di	di	_	_	_	_	_	linguistic	_	none	_	_	_	_	_	_
872-3	BOI090	872	872	3	feste	feste	_	_	_	_	_	linguistic	_	none	_	_	_	_	_	_
872-4	BOI090	872	872	4	in	in	_	_	_	_	_	linguistic	_	none	_	_	_	_	_	_
872-5	BOI090	872	872	5	locali	locali	_	_	_	_	_	linguistic	_	none	_	_	_	_	_	_
872-6	BOI090	872	872	6	sono,	sono	_	_	_	_	_	linguistic	_	none	Intonation=WeaklyRising	_	_	_	_	_
872-7	BOI090	872	872	7	davvero	davvero	_	_	_	_	_	linguistic	_	none	_	_	_	_	_	_
872-8	BOI090	872	872	8	pessime	pessime	_	_	_	_	_	linguistic	_	none	_	End=2239.406	_	_	_	_
873-0	BOI090	873	873	0	questo	questo	_	_	_	_	_	linguistic	_	none	_	Begin=2239.775	_	_	_	_
873-1	BOI090	873	873	1	lo	lo	_	_	_	_	_	linguistic	_	none	_	_	_	_	_	_
873-2	BOI090	873	873	2	devo	devo	_	_	_	_	_	linguistic	_	none	_	_	_	_	_	_
873-3	BOI090	873	873	3	dire	dire	_	_	_	_	_	linguistic	_	none	_	_	_	_	_	_
873-4	BOI090	873	873	4	purtroppo	purtroppo	_	_	_	_	_	linguistic	_	none	_	End=2241.607	_	_	_	_
874-0	BOI090	874	874	0	quindi	quindi	_	_	_	_	_	linguistic	_	none	_	Begin=2241.926	_	_	_	_
874-1	BOI090	874	874	1	preferisco	preferisco	_	_	_	_	_	linguistic	_	none	_	_	_	_	_	_
874-2	BOI090	874	874	2	piuttosto	piuttosto	_	_	_	_	_	linguistic	_	none	_	_	_	_	_	_
874-3	BOI090	874	874	3	fare	fare	_	_	_	_	_	linguistic	_	none	_	_	_	_	_	_
874-4	BOI090	874	874	4	la	la	_	_	_	_	_	linguistic	_	none	_	_	_	_	_	_
874-5	BOI090	874	874	5	cena	cena	_	_	_	_	_	linguistic	_	none	_	_	_	_	_	_
874-6	BOI090	874	874	6	a	a	_	_	_	_	_	linguistic	_	none	_	_	_	_	_	_
874-7	BOI090	874	874	7	casa	casa	_	_	_	_	_	linguistic	_	none	_	_	_	_	_	_
874-8	BOI090	874	874	8	con	con	_	_	_	_	_	linguistic	_	none	_	_	_	_	_	_
874-9	BOI090	874	874	9	amici	amici	_	_	_	_	_	linguistic	_	none	_	_	_	_	_	_
874-10	BOI090	874	874	10	o	o	_	_	_	_	_	linguistic	_	none	_	_	_	_	_	_
874-11	BOI090	874	874	11	andare	andare	_	_	_	_	_	linguistic	_	none	_	_	_	_	_	_
874-12	BOI090	874	874	12	in	in	_	_	_	_	_	linguistic	_	none	_	_	_	_	_	_
874-13	BOI090	874	874	13	un	un	_	_	_	_	_	linguistic	_	none	_	_	_	_	_	_
874-14	BOI090	874	874	14	bar	bar	_	_	_	_	_	linguistic	_	none	_	_	_	_	_	_
874-15	BOI090	874	874	15	tranquillamente	tranquillamente	_	_	_	_	_	linguistic	_	none	_	End=2247.172	_	_	_	_
875-0	BOI090	875	875	0	c'	c'	_	_	_	_	_	linguistic	_	none	SpaceAfter=No	Begin=2247.308	_	_	_	_
875-1	BOI090	875	875	1	è	è	_	_	_	_	_	linguistic	_	none	_	_	_	_	_	_
875-2	BOI090	875	875	2	modo	modo	_	_	_	_	_	linguistic	_	none	_	_	_	_	_	_
875-3	BOI090	875	875	3	di	di	_	_	_	_	_	linguistic	_	none	_	_	_	_	_	_
875-4	BOI090	875	875	4	divertirsi	divertirsi	_	_	_	_	_	linguistic	_	none	_	_	_	_	_	_
875-5	BOI090	875	875	5	lo	lo	_	_	_	_	_	linguistic	_	none	_	_	_	_	_	_
875-6	BOI090	875	875	6	stesso	stesso	_	_	_	_	_	linguistic	_	none	_	_	_	_	_	_
875-7	BOI090	875	875	7	ecco	ecco	_	_	_	_	_	linguistic	_	none	_	End=2249.173	_	_	_	_
876-0	BOR030	876	876	0	d'	d'	_	_	_	_	_	linguistic	_	none	SpaceAfter=No	Begin=2249.526	_	_	_	_
876-1	BOR030	876	876	1	accordo	accordo	_	_	_	_	_	linguistic	_	none	_	End=2250.19	_	_	_	_
877-0	BOR030	877	877	0	e:	e	_	_	_	_	_	linguistic	_	none	_	Begin=2250.445	0x1	_	_	_
877-1	BOR030	877	877	1	in:	in	_	_	_	_	_	linguistic	_	none	_	_	1x1	_	_	_
877-2	BOR030	877	877	2	zona	zona	_	_	_	_	_	linguistic	_	none	_	_	_	_	_	_
877-3	BOR030	877	877	3	universitaria	universitaria	_	_	_	_	_	linguistic	_	none	_	_	_	_	_	_
877-4	BOR030	877	877	4	ad	ad	_	_	_	_	_	linguistic	_	none	_	_	_	_	_	_
877-5	BOR030	877	877	5	esempio	esempio	_	_	_	_	_	linguistic	_	none	_	_	_	_	_	_
877-6	BOR030	877	877	6	non	non	_	_	_	_	_	linguistic	_	none	_	_	_	_	_	_
877-7	BOR030	877	877	7	andate	andate	_	_	_	_	_	linguistic	_	none	_	_	_	_	_	_
877-8	BOR030	877	877	8	mai?	mai	_	_	_	_	_	linguistic	_	none	Intonation=Rising	End=2253.601	_	_	_	_
878-0	BOI090	878	878	0	n:o	no	_	_	_	_	_	linguistic	_	none	_	Begin=2253.69|End=2254.29	0x1	_	_	_
879-0	BOI090	879	879	0	allora	allora	_	_	_	_	_	linguistic	_	none	_	Begin=2254.321	_	_	_	_
879-1	BOI090	879	879	1	non	non	_	_	_	_	_	linguistic	_	none	_	_	_	_	_	_
879-2	BOI090	879	879	2	mi	mi	_	_	_	_	_	linguistic	_	none	_	_	_	_	_	_
879-3	BOI090	879	879	3	è	è	_	_	_	_	_	linguistic	_	none	_	_	_	_	_	_
879-4	BOI090	879	879	4	mai	mai	_	_	_	_	_	linguistic	_	none	_	_	_	_	_	_
879-5	BOI090	879	879	5	capitato	capitato	_	_	_	_	_	linguistic	_	none	_	_	_	_	_	_
879-6	BOI090	879	879	6	di	di	_	_	_	_	_	linguistic	_	none	_	_	_	_	_	_
879-7	BOI090	879	879	7	andare	andare	_	_	_	_	_	linguistic	_	none	_	_	_	_	_	_
879-8	BOI090	879	879	8	in	in	_	_	_	_	_	linguistic	_	none	_	_	_	_	_	_
879-9	BOI090	879	879	9	zona	zona	_	_	_	_	_	linguistic	_	none	_	_	_	_	_	_
879-10	BOI090	879	879	10	universitaria	universitaria	_	_	_	_	_	linguistic	_	none	_	_	_	_	_	_
879-11	BOI090	879	879	11	a	a	_	_	_	_	_	linguistic	_	none	_	_	_	_	_	_
879-12	BOI090	879	879	12	bologna	bologna	_	_	_	_	_	linguistic	_	none	_	End=2257.53	_	_	_	_
880-0	BOI090	880	880	0	[perch]é:	perché	_	_	_	_	_	linguistic	_	none	_	Begin=2257.723	5x1	_	_	0-5(75)
880-1	BOI090	880	880	1	non:	non	_	_	_	_	_	linguistic	_	none	_	_	2x1	_	_	_
880-2	BOI090	880	880	2	mh	mh	_	_	_	_	_	linguistic	_	none	_	_	_	_	_	_
880-3	BOI090	880	880	3	i	i	_	_	_	_	_	linguistic	_	none	_	_	_	_	_	_
880-4	BOI090	880	880	4	miei	miei	_	_	_	_	_	linguistic	_	none	_	_	_	_	_	_
880-5	BOI090	880	880	5	amici	amici	_	_	_	_	_	linguistic	_	none	_	_	_	_	_	_
880-6	BOI090	880	880	6	a	a	_	_	_	_	_	linguistic	_	none	_	_	_	_	_	_
880-7	BOI090	880	880	7	parte	parte	_	_	_	_	_	linguistic	_	none	_	_	_	_	_	_
880-8	BOI090	880	880	8	che	che	_	_	_	_	_	linguistic	_	none	_	_	_	_	_	_
880-9	BOI090	880	880	9	studian	studian	_	_	_	_	_	linguistic	_	none	_	_	_	_	_	_
880-10	BOI090	880	880	10	tutti	tutti	_	_	_	_	_	linguistic	_	none	_	_	_	_	_	_
880-11	BOI090	880	880	11	da	da	_	_	_	_	_	linguistic	_	none	_	_	_	_	_	_
880-12	BOI090	880	880	12	fuori	fuori	_	_	_	_	_	linguistic	_	none	_	_	_	_	_	_
880-13	BOI090	880	880	13	sede	sede	_	_	_	_	_	linguistic	_	none	_	End=2262.098	_	_	_	_
881-0	BOR030	881	881	0	[mh]	mh	_	_	_	_	_	linguistic	_	none	_	Begin=2257.723|End=2257.958	_	_	_	0-2(75)
882-0	BOI090	882	882	0	più	più	_	_	_	_	_	linguistic	_	none	_	Begin=2262.439	_	_	_	_
882-1	BOI090	882	882	1	o	o	_	_	_	_	_	linguistic	_	none	_	_	_	_	_	_
882-2	BOI090	882	882	2	meno	meno	_	_	_	_	_	linguistic	_	none	_	_	_	_	_	_
882-3	BOI090	882	882	3	tutti	tutti	_	_	_	_	_	linguistic	_	none	_	_	_	_	_	_
882-4	BOI090	882	882	4	da	da	_	_	_	_	_	linguistic	_	none	_	_	_	_	_	_
882-5	BOI090	882	882	5	fuori	fuori	_	_	_	_	_	linguistic	_	none	_	_	_	_	_	_
882-6	BOI090	882	882	6	sede	sede	_	_	_	_	_	linguistic	_	none	_	_	_	_	_	_
882-7	BOI090	882	882	7	>quindi<	quindi	_	_	_	_	_	linguistic	_	none	_	End=2264.161	_	Fast=0-6(0)	_	_
883-0	BOI090	883	883	0	diciamo	diciamo	_	_	_	_	_	linguistic	_	none	_	Begin=2264.662	_	_	_	_
883-1	BOI090	883	883	1	che:	che	_	_	_	_	_	linguistic	_	none	_	_	2x1	_	_	_
883-2	BOI090	883	883	2	la	la	_	_	_	_	_	linguistic	_	none	_	_	_	_	_	_
883-3	BOI090	883	883	3	zona	zona	_	_	_	_	_	linguistic	_	none	_	_	_	_	_	_
883-4	BOI090	883	883	4	universitaria	universitaria	_	_	_	_	_	linguistic	_	none	_	_	_	_	_	_
883-5	BOI090	883	883	5	a	a	_	_	_	_	_	linguistic	_	none	_	_	_	_	_	_
883-6	BOI090	883	883	6	parte	parte	_	_	_	_	_	linguistic	_	none	_	_	_	_	_	_
883-7	BOI090	883	883	7	che	che	_	_	_	_	_	linguistic	_	none	_	_	_	_	_	_
883-8	BOI090	883	883	8	è	è	_	_	_	_	_	linguistic	_	none	_	_	_	_	_	_
883-9	BOI090	883	883	9	un	un	_	_	_	_	_	linguistic	_	none	_	_	_	_	_	_
883-10	BOI090	883	883	10	po'	po'	_	_	_	_	_	linguistic	_	none	_	_	_	_	_	_
883-11	BOI090	883	883	11	scomodo	scomodo	_	_	_	_	_	linguistic	_	none	_	_	_	_	_	_
883-12	BOI090	883	883	12	raggiungerla	raggiungerla	_	_	_	_	_	linguistic	_	none	_	_	_	_	_	_
883-13	BOI090	883	883	13	di	di	_	_	_	_	_	linguistic	_	none	_	_	_	_	_	_
883-14	BOI090	883	883	14	sera	sera	_	_	_	_	_	linguistic	_	none	_	End=2269.224	_	_	_	_
884-0	BOI090	884	884	0	però:	però	_	_	_	_	_	linguistic	_	none	_	Begin=2269.953	3x1	_	_	_
884-1	BOI090	884	884	1	non:	non	_	_	_	_	_	linguistic	_	none	_	_	2x1	_	_	_
884-2	BOI090	884	884	2	non	non	_	_	_	_	_	linguistic	_	none	_	_	_	_	_	_
884-3	BOI090	884	884	3	è	è	_	_	_	_	_	linguistic	_	none	_	_	_	_	_	_
884-4	BOI090	884	884	4	una	una	_	_	_	_	_	linguistic	_	none	_	_	_	_	_	_
884-5	BOI090	884	884	5	cosa	cosa	_	_	_	_	_	linguistic	_	none	_	_	_	_	_	_
884-6	BOI090	884	884	6	diciamo	diciamo	_	_	_	_	_	linguistic	_	none	_	_	_	_	_	_
884-7	BOI090	884	884	7	che:	che	_	_	_	_	_	linguistic	_	none	_	_	2x1	_	_	_
884-8	BOI090	884	884	8	che	che	_	_	_	_	_	linguistic	_	none	_	_	_	_	_	_
884-9	BOI090	884	884	9	va	va	_	_	_	_	_	linguistic	_	none	_	_	_	_	_	_
884-10	BOI090	884	884	10	tanto	tanto	_	_	_	_	_	linguistic	_	none	_	_	_	_	_	_
884-11	BOI090	884	884	11	di	di	_	_	_	_	_	linguistic	_	none	_	_	_	_	_	_
884-12	BOI090	884	884	12	moda	moda	_	_	_	_	_	linguistic	_	none	_	_	_	_	_	_
884-13	BOI090	884	884	13	nel	nel	_	_	_	_	_	linguistic	_	none	_	_	_	_	_	_
884-14	BOI090	884	884	14	nostro	nostro	_	_	_	_	_	linguistic	_	none	_	_	_	_	_	_
884-15	BOI090	884	884	15	gruppetto	gruppetto	_	_	_	_	_	linguistic	_	none	_	_	_	_	_	_
884-16	BOI090	884	884	16	ecco	ecco	_	_	_	_	_	linguistic	_	none	_	End=2275.982	_	_	_	_
885-0	BOR030	885	885	0	certo	certo	_	_	_	_	_	linguistic	_	none	_	Begin=2276.123|End=2276.595	_	_	_	_
886-0	BOR030	886	886	0	e:	e	_	_	_	_	_	linguistic	_	none	_	Begin=2277.113	0x1	_	_	_
886-1	BOR030	886	886	1	m:h	mh	_	_	_	_	_	linguistic	_	none	_	End=2278.131	0x1	_	_	_
887-0	BOR030	887	887	0	ritieni	ritieni	_	_	_	_	_	linguistic	_	none	_	Begin=2278.668	_	_	_	_
887-1	BOR030	887	887	1	che	che	_	_	_	_	_	linguistic	_	none	_	_	_	_	_	_
887-2	BOR030	887	887	2	sia	sia	_	_	_	_	_	linguistic	_	none	_	_	_	_	_	_
887-3	BOR030	887	887	3	sicura	sicura	_	_	_	_	_	linguistic	_	none	_	_	_	_	_	_
887-4	BOR030	887	887	4	bologna	bologna	_	_	_	_	_	linguistic	_	none	_	_	_	_	_	_
887-5	BOR030	887	887	5	la	la	_	_	_	_	_	linguistic	_	none	_	_	_	_	_	_
887-6	BOR030	887	887	6	sera?	sera	_	_	_	_	_	linguistic	_	none	Intonation=Rising	End=2281.056	_	_	_	_
888-0	BOI090	888	888	0	no	no	_	_	_	_	_	linguistic	_	none	_	Begin=2281.207|End=2281.503	_	_	_	_
889-0	BOI090	889	889	0	c(io)è	cioè	_	_	_	_	_	linguistic	_	none	_	Begin=2282.125	_	_	1-3(0)	_
889-1	BOI090	889	889	1	x	x	_	_	_	_	_	unknown	_	none	Syllables=1	_	_	_	_	_
889-2	BOI090	889	889	2	come	come	_	_	_	_	_	linguistic	_	none	_	_	_	_	_	_
889-3	BOI090	889	889	3	è	è	_	_	_	_	_	linguistic	_	none	_	_	_	_	_	_
889-4	BOI090	889	889	4	sicura	sicura	_	_	_	_	_	linguistic	_	none	_	_	_	_	_	_
889-5	BOI090	889	889	5	di	di	_	_	_	_	_	linguistic	_	none	_	_	_	_	_	_
889-6	BOI090	889	889	6	gio:rno:	giorno	_	_	_	_	_	linguistic	_	none	_	End=2284.526	2x1,5x1	_	_	_
890-0	BOI090	890	890	0	perché:	perché	_	_	_	_	_	linguistic	_	none	_	Begin=2284.635	5x1	_	_	_
890-1	BOI090	890	890	1	di	di	_	_	_	_	_	linguistic	_	none	_	_	_	_	_	_
890-2	BOI090	890	890	2	giorno:	giorno	_	_	_	_	_	linguistic	_	none	_	_	5x1	_	_	_
890-3	BOI090	890	890	3	si	si	_	_	_	_	_	linguistic	_	none	_	_	_	_	_	_
890-4	BOI090	890	890	4	si	si	_	_	_	_	_	linguistic	_	none	_	_	_	_	_	_
890-5	BOI090	890	890	5	respira	respira	_	_	_	_	_	linguistic	_	none	_	_	_	_	_	_
890-6	BOI090	890	890	6	aria	aria	_	_	_	_	_	linguistic	_	none	_	_	_	_	_	_
890-7	BOI090	890	890	7	di	di	_	_	_	_	_	linguistic	_	none	_	_	_	_	_	_
890-8	BOI090	890	890	8	sicurezza	sicurezza	_	_	_	_	_	linguistic	_	none	_	_	_	_	_	_
890-9	BOI090	890	890	9	a	a	_	_	_	_	_	linguistic	_	none	_	_	_	_	_	_
890-10	BOI090	890	890	10	bologna	bologna	_	_	_	_	_	linguistic	_	none	_	_	_	_	_	_
890-11	BOI090	890	890	11	devo	devo	_	_	_	_	_	linguistic	_	none	_	_	_	_	_	_
890-12	BOI090	890	890	12	dire	dire	_	_	_	_	_	linguistic	_	none	_	_	_	_	_	_
890-13	BOI090	890	890	13	c(io)è	cioè	_	_	_	_	_	linguistic	_	none	_	_	_	_	1-3(0)	_
890-14	BOI090	890	890	14	rispetto	rispetto	_	_	_	_	_	linguistic	_	none	_	_	_	_	_	_
890-15	BOI090	890	890	15	ad	ad	_	_	_	_	_	linguistic	_	none	_	_	_	_	_	_
890-16	BOI090	890	890	16	altre	altre	_	_	_	_	_	linguistic	_	none	_	_	_	_	_	_
890-17	BOI090	890	890	17	città:	città	_	_	_	_	_	linguistic	_	none	_	End=2290.218	4x1	_	_	_
891-0	BOI090	891	891	0	°è°	è	_	_	_	_	_	linguistic	_	none	Volume=low	Begin=2290.446	_	_	_	_
891-1	BOI090	891	891	1	sicura	sicura	_	_	_	_	_	linguistic	_	none	_	End=2291.331	_	_	_	_
892-0	BOI090	892	892	0	di	di	_	_	_	_	_	linguistic	_	none	_	Begin=2292.044	_	_	_	_
892-1	BOI090	892	892	1	notte:	notte	_	_	_	_	_	linguistic	_	none	_	_	4x1	_	_	_
892-2	BOI090	892	892	2	c(io)è	cioè	_	_	_	_	_	linguistic	_	none	_	_	_	_	1-3(0)	_
892-3	BOI090	892	892	3	per	per	_	_	_	_	_	linguistic	_	none	_	_	_	_	_	_
892-4	BOI090	892	892	4	me:	me	_	_	_	_	_	linguistic	_	none	_	_	1x1	_	_	_
892-5	BOI090	892	892	5	è	è	_	_	_	_	_	linguistic	_	none	_	_	_	_	_	_
892-6	BOI090	892	892	6	come	come	_	_	_	_	_	linguistic	_	none	_	_	_	_	_	_
892-7	BOI090	892	892	7	la	la	_	_	_	_	_	linguistic	_	none	_	_	_	_	_	_
892-8	BOI090	892	892	8	storia	storia	_	_	_	_	_	linguistic	_	none	_	_	_	_	_	_
892-9	BOI090	892	892	9	di	di	_	_	_	_	_	linguistic	_	none	_	_	_	_	_	_
892-10	BOI090	892	892	10	capodanno:	capodanno	_	_	_	_	_	linguistic	_	none	_	_	8x1	_	_	_
892-11	BOI090	892	892	11	che	che	_	_	_	_	_	linguistic	_	none	_	_	_	_	_	_
892-12	BOI090	892	892	12	raccontavo	raccontavo	_	_	_	_	_	linguistic	_	none	_	_	_	_	_	_
892-13	BOI090	892	892	13	prima:	prima	_	_	_	_	_	linguistic	_	none	_	End=2296.995	4x1	_	_	_
893-0	BOI090	893	893	0	per	per	_	_	_	_	_	linguistic	_	none	_	Begin=2297.214	_	_	_	_
893-1	BOI090	893	893	1	me	me	_	_	_	_	_	linguistic	_	none	_	_	_	_	_	_
893-2	BOI090	893	893	2	bologna	bologna	_	_	_	_	_	linguistic	_	none	_	_	_	_	_	_
893-3	BOI090	893	893	3	di	di	_	_	_	_	_	linguistic	_	none	_	_	_	_	_	_
893-4	BOI090	893	893	4	se:ra:	sera	_	_	_	_	_	linguistic	_	none	_	_	1x1,3x1	_	_	_
893-5	BOI090	893	893	5	c(io)è	cioè	_	_	_	_	_	linguistic	_	none	_	_	_	_	1-3(0)	_
893-6	BOI090	893	893	6	s~	s~	_	_	_	_	_	linguistic	_	none	Interrupted=Yes	End=2299.256	_	_	_	_
894-0	BOI090	894	894	0	cambia	cambia	_	_	_	_	_	linguistic	_	none	_	Begin=2299.808	_	_	_	_
894-1	BOI090	894	894	1	completamente	completamente	_	_	_	_	_	linguistic	_	none	_	End=2301.016	_	_	_	_
895-0	BOI090	895	895	0	fuorché	fuorché	_	_	_	_	_	linguistic	_	none	_	Begin=2301.431	_	_	_	_
895-1	BOI090	895	895	1	magari	magari	_	_	_	_	_	linguistic	_	none	_	_	_	_	_	_
895-2	BOI090	895	895	2	quando	quando	_	_	_	_	_	linguistic	_	none	_	_	_	_	_	_
895-3	BOI090	895	895	3	ci	ci	_	_	_	_	_	linguistic	_	none	_	_	_	_	_	_
895-4	BOI090	895	895	4	sono	sono	_	_	_	_	_	linguistic	_	none	PauseAfter=Yes	_	_	_	_	_
895-5	BOI090	895	895	5	{P}	{P}	_	_	_	_	_	shortpause	_	none	_	_	_	_	_	_
895-6	BOI090	895	895	6	quelle	quelle	_	_	_	_	_	linguistic	_	none	_	_	_	_	_	_
895-7	BOI090	895	895	7	manifestazioni	manifestazioni	_	_	_	_	_	linguistic	_	none	_	_	_	_	_	_
895-8	BOI090	895	895	8	come	come	_	_	_	_	_	linguistic	_	none	_	_	_	_	_	_
895-9	BOI090	895	895	9	il	il	_	_	_	_	_	linguistic	_	none	_	_	_	_	_	_
895-10	BOI090	895	895	10	primo	primo	_	_	_	_	_	linguistic	_	none	_	_	_	_	_	_
895-11	BOI090	895	895	11	maggio:	maggio	_	_	_	_	_	linguistic	_	none	_	_	5x1	_	_	_
895-12	BOI090	895	895	12	no?	no	_	_	_	_	_	linguistic	_	none	Intonation=Rising	_	_	_	_	_
895-13	BOI090	895	895	13	che	che	_	_	_	_	_	linguistic	_	none	_	_	_	_	_	_
895-14	BOI090	895	895	14	magari	magari	_	_	_	_	_	linguistic	_	none	_	_	_	_	_	_
895-15	BOI090	895	895	15	è	è	_	_	_	_	_	linguistic	_	none	_	_	_	_	_	_
895-16	BOI090	895	895	16	piena	piena	_	_	_	_	_	linguistic	_	none	_	_	_	_	_	_
895-17	BOI090	895	895	17	di:	di	_	_	_	_	_	linguistic	_	none	_	End=2306.451	1x1	_	_	_
896-0	BOI090	896	896	0	di	di	_	_	_	_	_	linguistic	_	none	_	Begin=2307.161	_	_	_	_
896-1	BOI090	896	896	1	sicurezza	sicurezza	_	_	_	_	_	linguistic	_	none	_	_	_	_	_	_
896-2	BOI090	896	896	2	proprio	proprio	_	_	_	_	_	linguistic	_	none	_	_	_	_	_	_
896-3	BOI090	896	896	3	nel	nel	_	_	_	_	_	linguistic	_	none	_	_	_	_	_	_
896-4	BOI090	896	896	4	vero	vero	_	_	_	_	_	linguistic	_	none	_	_	_	_	_	_
896-5	BOI090	896	896	5	senso	senso	_	_	_	_	_	linguistic	_	none	_	_	_	_	_	_
896-6	BOI090	896	896	6	della	della	_	_	_	_	_	linguistic	_	none	_	_	_	_	_	_
896-7	BOI090	896	896	7	parola:	parola	_	_	_	_	_	linguistic	_	none	_	_	5x1	_	_	_
896-8	BOI090	896	896	8	però	però	_	_	_	_	_	linguistic	_	none	_	_	_	_	_	_
896-9	BOI090	896	896	9	le	le	_	_	_	_	_	linguistic	_	none	_	_	_	_	_	_
896-10	BOI090	896	896	10	feste	feste	_	_	_	_	_	linguistic	_	none	_	_	_	_	_	_
896-11	BOI090	896	896	11	tipo	tipo	_	_	_	_	_	linguistic	_	none	_	_	_	_	_	_
896-12	BOI090	896	896	12	capodanno,	capodanno	_	_	_	_	_	linguistic	_	none	Intonation=WeaklyRising	_	_	_	_	_
896-13	BOI090	896	896	13	o	o	_	_	_	_	_	linguistic	_	none	_	End=2311.988	_	_	_	_
897-0	BOI090	897	897	0	le	le	_	_	_	_	_	linguistic	_	none	_	Begin=2312.8	_	_	_	_
897-1	BOI090	897	897	1	serate	serate	_	_	_	_	_	linguistic	_	none	_	_	_	_	_	_
897-2	BOI090	897	897	2	normali,	normali	_	_	_	_	_	linguistic	_	none	Intonation=WeaklyRising	_	_	_	_	_
897-3	BOI090	897	897	3	come	come	_	_	_	_	_	linguistic	_	none	_	_	_	_	_	_
897-4	BOI090	897	897	4	il	il	_	_	_	_	_	linguistic	_	none	_	_	_	_	_	_
897-5	BOI090	897	897	5	sabato	sabato	_	_	_	_	_	linguistic	_	none	_	_	_	_	_	_
897-6	BOI090	897	897	6	sera:	sera	_	_	_	_	_	linguistic	_	none	_	End=2315.189	3x1	_	_	_
898-0	BOI090	898	898	0	meglio	meglio	_	_	_	_	_	linguistic	_	none	_	Begin=2315.833	_	_	_	_
898-1	BOI090	898	898	1	evitarla	evitarla	_	_	_	_	_	linguistic	_	none	_	_	_	_	_	_
898-2	BOI090	898	898	2	bologna	bologna	_	_	_	_	_	linguistic	_	none	_	End=2317.243	_	_	_	_
899-0	BOR030	899	899	0	d'	d'	_	_	_	_	_	linguistic	_	none	SpaceAfter=No	Begin=2317.477	_	_	_	_
899-1	BOR030	899	899	1	accordo	accordo	_	_	_	_	_	linguistic	_	none	_	End=2318.239	_	_	_	_
900-0	BOR030	900	900	0	quindi	quindi	_	_	_	_	_	linguistic	_	none	_	Begin=2319.042	_	_	_	_
900-1	BOR030	900	900	1	anche,	anche	_	_	_	_	_	linguistic	_	none	Intonation=WeaklyRising	_	_	_	_	_
900-2	BOR030	900	900	2	data	data	_	_	_	_	_	linguistic	_	none	_	_	_	_	_	_
900-3	BOR030	900	900	3	la	la	_	_	_	_	_	linguistic	_	none	_	_	_	_	_	_
900-4	BOR030	900	900	4	situazione	situazione	_	_	_	_	_	linguistic	_	none	_	_	_	_	_	_
900-5	BOR030	900	900	5	sanita:ria:	sanitaria	_	_	_	_	_	linguistic	_	none	_	End=2321.526	5x1,8x1	_	_	_
901-0	BOR030	901	901	0	preferisci	preferisci	_	_	_	_	_	linguistic	_	none	_	Begin=2321.655	_	_	_	_
901-1	BOR030	901	901	1	evitare	evitare	_	_	_	_	_	linguistic	_	none	_	_	_	_	_	_
901-2	BOR030	901	901	2	luoghi:	luoghi	_	_	_	_	_	linguistic	_	none	_	End=2323.363	5x1	_	_	_
902-0	BOR030	902	902	0	affolla:ti:	affollati	_	_	_	_	_	linguistic	_	none	_	Begin=2323.578|End=2324.918	6x1,8x1	_	_	_
903-0	BOI090	903	903	0	sì	sì	_	_	_	_	_	linguistic	_	none	_	Begin=2325.168|End=2325.708	_	_	_	_
904-0	BOI090	904	904	0	sì	sì	_	_	_	_	_	linguistic	_	none	_	Begin=2325.882	_	_	_	_
904-1	BOI090	904	904	1	diciamo	diciamo	_	_	_	_	_	linguistic	_	none	_	_	_	_	_	_
904-2	BOI090	904	904	2	di	di	_	_	_	_	_	linguistic	_	none	_	_	_	_	_	_
904-3	BOI090	904	904	3	sì	sì	_	_	_	_	_	linguistic	_	none	PauseAfter=Yes	_	_	_	_	_
904-4	BOI090	904	904	4	{P}	{P}	_	_	_	_	_	shortpause	_	none	_	_	_	_	_	_
904-5	BOI090	904	904	5	anche	anche	_	_	_	_	_	linguistic	_	none	_	_	_	_	_	_
904-6	BOI090	904	904	6	perché:	perché	_	_	_	_	_	linguistic	_	none	_	End=2327.997	5x1	_	_	_
905-0	BOI090	905	905	0	sì	sì	_	_	_	_	_	linguistic	_	none	_	Begin=2328.607	_	_	_	_
905-1	BOI090	905	905	1	>cioè<	cioè	_	_	_	_	_	linguistic	_	none	_	_	_	Fast=0-4(0)	_	_
905-2	BOI090	905	905	2	non	non	_	_	_	_	_	linguistic	_	none	_	_	_	_	_	_
905-3	BOI090	905	905	3	si	si	_	_	_	_	_	linguistic	_	none	_	_	_	_	_	_
905-4	BOI090	905	905	4	sa	sa	_	_	_	_	_	linguistic	_	none	_	_	_	_	_	_
905-5	BOI090	905	905	5	mai	mai	_	_	_	_	_	linguistic	_	none	_	_	_	_	_	_
905-6	BOI090	905	905	6	cosa	cosa	_	_	_	_	_	linguistic	_	none	_	_	_	_	_	_
905-7	BOI090	905	905	7	può	può	_	_	_	_	_	linguistic	_	none	_	_	_	_	_	_
905-8	BOI090	905	905	8	gira:re	girare	_	_	_	_	_	linguistic	_	none	_	_	3x1	_	_	_
905-9	BOI090	905	905	9	o	o	_	_	_	_	_	linguistic	_	none	_	_	_	_	_	_
905-10	BOI090	905	905	10	chi	chi	_	_	_	_	_	linguistic	_	none	_	_	_	_	_	_
905-11	BOI090	905	905	11	può	può	_	_	_	_	_	linguistic	_	none	_	_	_	_	_	_
905-12	BOI090	905	905	12	gira:re:	girare	_	_	_	_	_	linguistic	_	none	_	_	3x1,5x1	_	_	_
905-13	BOI090	905	905	13	in	in	_	_	_	_	_	linguistic	_	none	_	_	_	_	_	_
905-14	BOI090	905	905	14	centro	centro	_	_	_	_	_	linguistic	_	none	_	_	_	_	_	_
905-15	BOI090	905	905	15	a	a	_	_	_	_	_	linguistic	_	none	_	_	_	_	_	_
905-16	BOI090	905	905	16	bologna:	bologna	_	_	_	_	_	linguistic	_	none	_	End=2333.602	6x1	_	_	_
906-0	BOI090	906	906	0	la	la	_	_	_	_	_	linguistic	_	none	_	Begin=2334.143	_	_	_	_
906-1	BOI090	906	906	1	sera	sera	_	_	_	_	_	linguistic	_	none	_	_	_	_	_	_
906-2	BOI090	906	906	2	soprattutto	soprattutto	_	_	_	_	_	linguistic	_	none	_	_	_	_	_	_
906-3	BOI090	906	906	3	{ride}	{ride}	_	_	_	_	_	nonverbalbehavior	_	none	_	_	_	_	_	_
906-4	BOI090	906	906	4	c(io)è	cioè	_	_	_	_	_	linguistic	_	none	_	_	_	_	1-3(0)	_
906-5	BOI090	906	906	5	penso	penso	_	_	_	_	_	linguistic	_	none	_	_	_	_	_	_
906-6	BOI090	906	906	6	di	di	_	_	_	_	_	linguistic	_	none	_	_	_	_	_	_
906-7	BOI090	906	906	7	esserci	esserci	_	_	_	_	_	linguistic	_	none	_	_	_	_	_	_
906-8	BOI090	906	906	8	stata	stata	_	_	_	_	_	linguistic	_	none	_	_	_	_	_	_
906-9	BOI090	906	906	9	una	una	_	_	_	_	_	linguistic	_	none	_	_	_	_	_	_
906-10	BOI090	906	906	10	volta:	volta	_	_	_	_	_	linguistic	_	none	_	End=2338.762	4x1	_	_	_
907-0	BOI090	907	907	0	l'	l'	_	_	_	_	_	linguistic	_	none	SpaceAfter=No	Begin=2339.242	_	_	_	_
907-1	BOI090	907	907	1	anno	anno	_	_	_	_	_	linguistic	_	none	_	_	_	_	_	_
907-2	BOI090	907	907	2	scorso	scorso	_	_	_	_	_	linguistic	_	none	_	_	_	_	_	_
907-3	BOI090	907	907	3	e	e	_	_	_	_	_	linguistic	_	none	_	_	_	_	_	_
907-4	BOI090	907	907	4	ho	ho	_	_	_	_	_	linguistic	_	none	_	_	_	_	_	_
907-5	BOI090	907	907	5	detto	detto	_	_	_	_	_	linguistic	_	none	_	_	_	_	_	_
907-6	BOI090	907	907	6	bene	bene	_	_	_	_	_	linguistic	_	none	PauseAfter=Yes	_	_	_	_	_
907-7	BOI090	907	907	7	{P}	{P}	_	_	_	_	_	shortpause	_	none	_	_	_	_	_	_
907-8	BOI090	907	907	8	bologna	bologna	_	_	_	_	_	linguistic	_	none	_	_	_	_	_	_
907-9	BOI090	907	907	9	di	di	_	_	_	_	_	linguistic	_	none	_	_	_	_	_	_
907-10	BOI090	907	907	10	sera	sera	_	_	_	_	_	linguistic	_	none	_	_	_	_	_	_
907-11	BOI090	907	907	11	non	non	_	_	_	_	_	linguistic	_	none	_	_	_	_	_	_
907-12	BOI090	907	907	12	la	la	_	_	_	_	_	linguistic	_	none	_	_	_	_	_	_
907-13	BOI090	907	907	13	voglio	voglio	_	_	_	_	_	linguistic	_	none	_	_	_	_	_	_
907-14	BOI090	907	907	14	più	più	_	_	_	_	_	linguistic	_	none	_	_	_	_	_	_
907-15	BOI090	907	907	15	{ride}	{ride}	_	_	_	_	_	nonverbalbehavior	_	none	_	_	_	_	_	_
907-16	BOI090	907	907	16	vedere	vedere	_	_	_	_	_	linguistic	_	none	_	End=2343.147	_	_	_	_
908-0	BOR030	908	908	0	d'	d'	_	_	_	_	_	linguistic	_	none	SpaceAfter=No	Begin=2343.794	_	_	_	_
908-1	BOR030	908	908	1	accordo	accordo	_	_	_	_	_	linguistic	_	none	_	End=2344.463	_	_	_	_
909-0	BOR030	909	909	0	e:	e	_	_	_	_	_	linguistic	_	none	_	Begin=2345.116	0x1	_	_	_
909-1	BOR030	909	909	1	fai	fai	_	_	_	_	_	linguistic	_	none	_	_	_	_	_	_
909-2	BOR030	909	909	2	sport	sport	_	_	_	_	_	linguistic	_	none	_	_	_	_	_	_
909-3	BOR030	909	909	3	per	per	_	_	_	_	_	linguistic	_	none	_	_	_	_	_	_
909-4	BOR030	909	909	4	caso?	caso	_	_	_	_	_	linguistic	_	none	Intonation=Rising	End=2346.795	_	_	_	_
910-0	BOI090	910	910	0	adesso	adesso	_	_	_	_	_	linguistic	_	none	_	Begin=2346.948	_	_	_	_
910-1	BOI090	910	910	1	no	no	_	_	_	_	_	linguistic	_	none	_	End=2347.643	_	_	_	_
911-0	BOI090	911	911	0	ho	ho	_	_	_	_	_	linguistic	_	none	_	Begin=2347.84	_	_	_	_
911-1	BOI090	911	911	1	ballato	ballato	_	_	_	_	_	linguistic	_	none	_	_	_	_	_	_
911-2	BOI090	911	911	2	per	per	_	_	_	_	_	linguistic	_	none	_	_	_	_	_	_
911-3	BOI090	911	911	3	tanti	tanti	_	_	_	_	_	linguistic	_	none	_	_	_	_	_	_
911-4	BOI090	911	911	4	anni	anni	_	_	_	_	_	linguistic	_	none	_	End=2349.432	_	_	_	_
912-0	BOI090	912	912	0	ho	ho	_	_	_	_	_	linguistic	_	none	_	Begin=2349.78	_	_	_	_
912-1	BOI090	912	912	1	fatto	fatto	_	_	_	_	_	linguistic	_	none	_	_	_	_	_	_
912-2	BOI090	912	912	2	danza	danza	_	_	_	_	_	linguistic	_	none	_	_	_	_	_	_
912-3	BOI090	912	912	3	per	per	_	_	_	_	_	linguistic	_	none	_	_	_	_	_	_
912-4	BOI090	912	912	4	tanti	tanti	_	_	_	_	_	linguistic	_	none	_	_	_	_	_	_
912-5	BOI090	912	912	5	anni	anni	_	_	_	_	_	linguistic	_	none	_	_	_	_	_	_
912-6	BOI090	912	912	6	ma	ma	_	_	_	_	_	linguistic	_	none	_	_	_	_	_	_
912-7	BOI090	912	912	7	adesso	adesso	_	_	_	_	_	linguistic	_	none	_	_	_	_	_	_
912-8	BOI090	912	912	8	sono	sono	_	_	_	_	_	linguistic	_	none	_	_	_	_	_	_
912-9	BOI090	912	912	9	ferma	ferma	_	_	_	_	_	linguistic	_	none	_	End=2352.117	_	_	_	_
913-0	BOR030	913	913	0	°d'	d'	_	_	_	_	_	linguistic	_	none	SpaceAfter=No|Volume=low	Begin=2352.425	_	_	_	_
913-1	BOR030	913	913	1	accordo°	accordo	_	_	_	_	_	linguistic	_	none	Volume=low	End=2353.098	_	_	_	_
914-0	BOR030	914	914	0	e:	e	_	_	_	_	_	linguistic	_	none	_	Begin=2353.569	0x1	_	_	_
914-1	BOR030	914	914	1	secondo	secondo	_	_	_	_	_	linguistic	_	none	_	_	_	_	_	_
914-2	BOR030	914	914	2	te	te	_	_	_	_	_	linguistic	_	none	_	_	_	_	_	_
914-3	BOR030	914	914	3	i:l	il	_	_	_	_	_	linguistic	_	none	_	_	0x1	_	_	_
914-4	BOR030	914	914	4	basket	basket	_	_	_	_	_	linguistic	_	none	_	_	_	_	_	_
914-5	BOR030	914	914	5	è	è	_	_	_	_	_	linguistic	_	none	_	_	_	_	_	_
914-6	BOR030	914	914	6	uno	uno	_	_	_	_	_	linguistic	_	none	_	_	_	_	_	_
914-7	BOR030	914	914	7	sport	sport	_	_	_	_	_	linguistic	_	none	_	_	_	_	_	_
914-8	BOR030	914	914	8	popolare	popolare	_	_	_	_	_	linguistic	_	none	_	_	_	_	_	_
914-9	BOR030	914	914	9	a	a	_	_	_	_	_	linguistic	_	none	_	_	_	_	_	_
914-10	BOR030	914	914	10	bol[ogna]?	bologna	_	_	_	_	_	linguistic	_	none	Intonation=Rising	End=2357.485	_	_	_	3-7(80)
915-0	BOI090	915	915	0	[sì]	sì	_	_	_	_	_	linguistic	_	none	_	Begin=2357.092|End=2357.488	_	_	_	0-2(80)
916-0	BOI090	916	916	0	mo:lto	molto	_	_	_	_	_	linguistic	_	none	_	Begin=2357.668|End=2358.33	1x1	_	_	_
917-0	BOI090	917	917	0	molto	molto	_	_	_	_	_	linguistic	_	none	_	Begin=2358.596	_	_	_	_
917-1	BOI090	917	917	1	molto	molto	_	_	_	_	_	linguistic	_	none	_	_	_	_	_	_
917-2	BOI090	917	917	2	a	a	_	_	_	_	_	linguistic	_	none	_	_	_	_	_	_
917-3	BOI090	917	917	3	bologna	bologna	_	_	_	_	_	linguistic	_	none	_	_	_	_	_	_
917-4	BOI090	917	917	4	addirittura,	addirittura	_	_	_	_	_	linguistic	_	none	Intonation=WeaklyRising	_	_	_	_	_
917-5	BOI090	917	917	5	c(io)è	cioè	_	_	_	_	_	linguistic	_	none	_	_	_	_	1-3(0)	_
917-6	BOI090	917	917	6	a	a	_	_	_	_	_	linguistic	_	none	_	_	_	_	_	_
917-7	BOI090	917	917	7	parte	parte	_	_	_	_	_	linguistic	_	none	_	_	_	_	_	_
917-8	BOI090	917	917	8	la	la	_	_	_	_	_	linguistic	_	none	_	_	_	_	_	_
917-9	BOI090	917	917	9	virtus	virtus	_	_	_	_	_	linguistic	_	none	_	End=2362.475	_	_	_	_
918-0	BOI090	918	918	0	c'	c'	_	_	_	_	_	linguistic	_	none	SpaceAfter=No	Begin=2362.833	_	_	_	_
918-1	BOI090	918	918	1	è	è	_	_	_	_	_	linguistic	_	none	_	_	_	_	_	_
918-2	BOI090	918	918	2	sempre	sempre	_	_	_	_	_	linguistic	_	none	_	_	_	_	_	_
918-3	BOI090	918	918	3	un	un	_	_	_	_	_	linguistic	_	none	_	_	_	_	_	_
918-4	BOI090	918	918	4	po'	po'	_	_	_	_	_	linguistic	_	none	_	_	_	_	_	_
918-5	BOI090	918	918	5	il	il	_	_	_	_	_	linguistic	_	none	_	_	_	_	_	_
918-6	BOI090	918	918	6	e:	e	_	_	_	_	_	linguistic	_	none	_	_	0x1	_	_	_
918-7	BOI090	918	918	7	{ride}	{ride}	_	_	_	_	_	nonverbalbehavior	_	none	_	_	_	_	_	_
918-8	BOI090	918	918	8	diciamo	diciamo	_	_	_	_	_	linguistic	_	none	_	_	_	_	_	_
918-9	BOI090	918	918	9	la	la	_	_	_	_	_	linguistic	_	none	_	_	_	_	_	_
918-10	BOI090	918	918	10	diatriba	diatriba	_	_	_	_	_	linguistic	_	none	_	_	_	_	_	_
918-11	BOI090	918	918	11	tra	tra	_	_	_	_	_	linguistic	_	none	_	_	_	_	_	_
918-12	BOI090	918	918	12	virtus	virtus	_	_	_	_	_	linguistic	_	none	_	_	_	_	_	_
918-13	BOI090	918	918	13	e	e	_	_	_	_	_	linguistic	_	none	_	_	_	_	_	_
918-14	BOI090	918	918	14	fortitudo	fortitudo	_	_	_	_	_	linguistic	_	none	_	End=2368.013	_	_	_	_
919-0	BOI090	919	919	0	il	il	_	_	_	_	_	linguistic	_	none	_	Begin=2368.193	_	_	_	_
919-1	BOI090	919	919	1	basket	basket	_	_	_	_	_	linguistic	_	none	_	_	_	_	_	_
919-2	BOI090	919	919	2	in	in	_	_	_	_	_	linguistic	_	none	_	_	_	_	_	_
919-3	BOI090	919	919	3	generale	generale	_	_	_	_	_	linguistic	_	none	_	_	_	_	_	_
919-4	BOI090	919	919	4	a	a	_	_	_	_	_	linguistic	_	none	_	_	_	_	_	_
919-5	BOI090	919	919	5	bologna	bologna	_	_	_	_	_	linguistic	_	none	_	_	_	_	_	_
919-6	BOI090	919	919	6	è	è	_	_	_	_	_	linguistic	_	none	_	_	_	_	_	_
919-7	BOI090	919	919	7	mo:lto	molto	_	_	_	_	_	linguistic	_	none	_	_	1x1	_	_	_
919-8	BOI090	919	919	8	molto	molto	_	_	_	_	_	linguistic	_	none	_	_	_	_	_	_
919-9	BOI090	919	919	9	frequentato	frequentato	_	_	_	_	_	linguistic	_	none	_	_	_	_	_	_
919-10	BOI090	919	919	10	come	come	_	_	_	_	_	linguistic	_	none	_	_	_	_	_	_
919-11	BOI090	919	919	11	anche	anche	_	_	_	_	_	linguistic	_	none	_	_	_	_	_	_
919-12	BOI090	919	919	12	il	il	_	_	_	_	_	linguistic	_	none	_	_	_	_	_	_
919-13	BOI090	919	919	13	calcio	calcio	_	_	_	_	_	linguistic	_	none	_	End=2372.548	_	_	_	_
920-0	BOI090	920	920	0	però:	però	_	_	_	_	_	linguistic	_	none	_	Begin=2373.085	3x1	_	_	_
920-1	BOI090	920	920	1	sì	sì	_	_	_	_	_	linguistic	_	none	_	End=2374.078	_	_	_	_
921-0	BOI090	921	921	0	m:h	mh	_	_	_	_	_	linguistic	_	none	_	Begin=2374.262|End=2374.832	0x1	_	_	_
922-0	BOI090	922	922	0	poi:	poi	_	_	_	_	_	linguistic	_	none	_	Begin=2375.084	2x1	_	_	_
922-1	BOI090	922	922	1	abbiamo	abbiamo	_	_	_	_	_	linguistic	_	none	_	_	_	_	_	_
922-2	BOI090	922	922	2	tanti	tanti	_	_	_	_	_	linguistic	_	none	_	_	_	_	_	_
922-3	BOI090	922	922	3	giocatori	giocatori	_	_	_	_	_	linguistic	_	none	_	End=2377.011	_	_	_	_
923-0	BOI090	923	923	0	che	che	_	_	_	_	_	linguistic	_	none	_	Begin=2377.188	_	_	_	_
923-1	BOI090	923	923	1	comunque:	comunque	_	_	_	_	_	linguistic	_	none	_	_	7x1	_	_	_
923-2	BOI090	923	923	2	sono	sono	_	_	_	_	_	linguistic	_	none	_	_	_	_	_	_
923-3	BOI090	923	923	3	nati	nati	_	_	_	_	_	linguistic	_	none	_	_	_	_	_	_
923-4	BOI090	923	923	4	e	e	_	_	_	_	_	linguistic	_	none	_	_	_	_	_	_
923-5	BOI090	923	923	5	e	e	_	_	_	_	_	linguistic	_	none	_	_	_	_	_	_
923-6	BOI090	923	923	6	cresciuti	cresciuti	_	_	_	_	_	linguistic	_	none	_	_	_	_	_	_
923-7	BOI090	923	923	7	a	a	_	_	_	_	_	linguistic	_	none	_	_	_	_	_	_
923-8	BOI090	923	923	8	bologna:	bologna	_	_	_	_	_	linguistic	_	none	_	_	6x1	_	_	_
923-9	BOI090	923	923	9	e:	e	_	_	_	_	_	linguistic	_	none	_	_	0x1	_	_	_
923-10	BOI090	923	923	10	è	è	_	_	_	_	_	linguistic	_	none	_	_	_	_	_	_
923-11	BOI090	923	923	11	proprio	proprio	_	_	_	_	_	linguistic	_	none	_	_	_	_	_	_
923-12	BOI090	923	923	12	il	il	_	_	_	_	_	linguistic	_	none	_	_	_	_	_	_
923-13	BOI090	923	923	13	culto	culto	_	_	_	_	_	linguistic	_	none	_	End=2381.732	_	_	_	_
924-0	BOR030	924	924	0	[mh]	mh	_	_	_	_	_	linguistic	_	none	_	Begin=2382.181|End=2382.514	_	_	_	0-2(81)
925-0	BOI090	925	925	0	[assolu]tamente	assolutamente	_	_	_	_	_	linguistic	_	none	_	Begin=2382.191|End=2383.219	_	_	_	0-6(81)
926-0	BOR030	926	926	0	tu	tu	_	_	_	_	_	linguistic	_	none	_	Begin=2383.734	_	_	_	_
926-1	BOR030	926	926	1	tra	tra	_	_	_	_	_	linguistic	_	none	_	_	_	_	_	_
926-2	BOR030	926	926	2	le	le	_	_	_	_	_	linguistic	_	none	_	_	_	_	_	_
926-3	BOR030	926	926	3	due	due	_	_	_	_	_	linguistic	_	none	_	_	_	_	_	_
926-4	BOR030	926	926	4	squadre:	squadre	_	_	_	_	_	linguistic	_	none	_	_	6x1	_	_	_
926-5	BOR030	926	926	5	se	se	_	_	_	_	_	linguistic	_	none	_	_	_	_	_	_
926-6	BOR030	926	926	6	dovessi:	dovessi	_	_	_	_	_	linguistic	_	none	_	_	6x1	_	_	_
926-7	BOR030	926	926	7	seguire?	seguire	_	_	_	_	_	linguistic	_	none	Intonation=Rising	End=2386.959	_	_	_	_
927-0	BOI090	927	927	0	virtus	virtus	_	_	_	_	_	linguistic	_	none	_	Begin=2387.356|End=2388.17	_	_	_	_
928-0	BOR030	928	928	0	virtus	virtus	_	_	_	_	_	linguistic	_	none	_	Begin=2388.17|End=2388.855	_	_	_	_
929-0	BOI090	929	929	0	sì:	sì	_	_	_	_	_	linguistic	_	none	_	Begin=2388.855	1x1	_	_	_
929-1	BOI090	929	929	1	in	in	_	_	_	_	_	linguistic	_	none	_	_	_	_	_	_
929-2	BOI090	929	929	2	casa	casa	_	_	_	_	_	linguistic	_	none	_	_	_	_	_	_
929-3	BOI090	929	929	3	son	son	_	_	_	_	_	linguistic	_	none	_	_	_	_	_	_
929-4	BOI090	929	929	4	tutti	tutti	_	_	_	_	_	linguistic	_	none	_	_	_	_	_	_
929-5	BOI090	929	929	5	della	della	_	_	_	_	_	linguistic	_	none	_	_	_	_	_	_
929-6	BOI090	929	929	6	virtus	virtus	_	_	_	_	_	linguistic	_	none	_	End=2390.635	_	_	_	_
930-0	BOR030	930	930	0	d'	d'	_	_	_	_	_	linguistic	_	none	SpaceAfter=No	Begin=2390.839	_	_	_	_
930-1	BOR030	930	930	1	accordo	accordo	_	_	_	_	_	linguistic	_	none	_	End=2391.572	_	_	_	_
931-0	BOR030	931	931	0	e:	e	_	_	_	_	_	linguistic	_	none	_	Begin=2392.155	0x1	_	_	_
931-1	BOR030	931	931	1	ti	ti	_	_	_	_	_	linguistic	_	none	_	_	_	_	_	_
931-2	BOR030	931	931	2	chiedo	chiedo	_	_	_	_	_	linguistic	_	none	_	_	_	_	_	_
931-3	BOR030	931	931	3	invece	invece	_	_	_	_	_	linguistic	_	none	_	_	_	_	_	_
931-4	BOR030	931	931	4	il	il	_	_	_	_	_	linguistic	_	none	_	_	_	_	_	_
931-5	BOR030	931	931	5	calcio:?	calcio	_	_	_	_	_	linguistic	_	none	Intonation=Rising	End=2394.648	5x1	_	_	_
932-0	BOI090	932	932	0	mhmh	mhmh	_	_	_	_	_	linguistic	_	none	_	Begin=2394.855	_	_	_	_
932-1	BOI090	932	932	1	okay	okay	_	_	_	_	_	linguistic	_	none	_	_	_	_	_	_
932-2	BOI090	932	932	2	{ride}	{ride}	_	_	_	_	_	nonverbalbehavior	_	none	_	End=2396.061	_	_	_	_
933-0	BOR030	933	933	0	visto	visto	_	_	_	_	_	linguistic	_	none	_	Begin=2396.061	_	_	_	_
933-1	BOR030	933	933	1	che	che	_	_	_	_	_	linguistic	_	none	_	_	_	_	_	_
933-2	BOR030	933	933	2	abbiam	abbiam	_	_	_	_	_	linguistic	_	none	_	_	_	_	_	_
933-3	BOR030	933	933	3	parlato	parlato	_	_	_	_	_	linguistic	_	none	_	_	_	_	_	_
933-4	BOR030	933	933	4	de:l	del	_	_	_	_	_	linguistic	_	none	_	_	1x1	_	_	_
933-5	BOR030	933	933	5	del	del	_	_	_	_	_	linguistic	_	none	_	_	_	_	_	_
933-6	BOR030	933	933	6	baske:t	basket	_	_	_	_	_	linguistic	_	none	_	End=2398.673	4x1	_	_	_
934-0	BOI090	934	934	0	il	il	_	_	_	_	_	linguistic	_	none	_	Begin=2398.803	_	_	_	_
934-1	BOI090	934	934	1	calcio	calcio	_	_	_	_	_	linguistic	_	none	_	_	_	_	_	_
934-2	BOI090	934	934	2	in	in	_	_	_	_	_	linguistic	_	none	_	_	_	_	_	_
934-3	BOI090	934	934	3	casa	casa	_	_	_	_	_	linguistic	_	none	_	_	_	_	_	_
934-4	BOI090	934	934	4	siamo	siamo	_	_	_	_	_	linguistic	_	none	_	_	_	_	_	_
934-5	BOI090	934	934	5	tutti	tutti	_	_	_	_	_	linguistic	_	none	_	_	_	_	_	_
934-6	BOI090	934	934	6	tifosi	tifosi	_	_	_	_	_	linguistic	_	none	_	End=2401.11	_	_	_	_
935-0	BOI090	935	935	0	[bologn]a:	bologna	_	_	_	_	_	linguistic	_	none	_	Begin=2401.163	6x1	_	_	0-6(84)
935-1	BOI090	935	935	1	proprio:	proprio	_	_	_	_	_	linguistic	_	none	_	_	6x1	_	_	_
935-2	BOI090	935	935	2	anche	anche	_	_	_	_	_	linguistic	_	none	_	_	_	_	_	_
935-3	BOI090	935	935	3	quello	quello	_	_	_	_	_	linguistic	_	none	_	_	_	_	_	_
935-4	BOI090	935	935	4	è	è	_	_	_	_	_	linguistic	_	none	_	_	_	_	_	_
935-5	BOI090	935	935	5	il	il	_	_	_	_	_	linguistic	_	none	_	_	_	_	_	_
935-6	BOI090	935	935	6	è	è	_	_	_	_	_	linguistic	_	none	_	_	_	_	_	_
935-7	BOI090	935	935	7	il	il	_	_	_	_	_	linguistic	_	none	_	_	_	_	_	_
935-8	BOI090	935	935	8	culto	culto	_	_	_	_	_	linguistic	_	none	_	End=2405.19	_	_	_	_
936-0	BOR030	936	936	0	[okay]	okay	_	_	_	_	_	linguistic	_	none	_	Begin=2401.163|End=2401.746	_	_	_	0-4(84)
937-0	BOI090	937	937	0	c(io)è	cioè	_	_	_	_	_	linguistic	_	none	_	Begin=2405.399	_	_	1-3(0)	_
937-1	BOI090	937	937	1	>purtroppo<	purtroppo	_	_	_	_	_	linguistic	_	none	_	_	_	Fast=0-9(0)	_	_
937-2	BOI090	937	937	2	e	e	_	_	_	_	_	linguistic	_	none	_	_	_	_	_	_
937-3	BOI090	937	937	3	mi	mi	_	_	_	_	_	linguistic	_	none	_	_	_	_	_	_
937-4	BOI090	937	937	4	tocca	tocca	_	_	_	_	_	linguistic	_	none	_	_	_	_	_	_
937-5	BOI090	937	937	5	dirlo	dirlo	_	_	_	_	_	linguistic	_	none	_	_	_	_	_	_
937-6	BOI090	937	937	6	perché	perché	_	_	_	_	_	linguistic	_	none	_	_	_	_	_	_
937-7	BOI090	937	937	7	per	per	_	_	_	_	_	linguistic	_	none	_	_	_	_	_	_
937-8	BOI090	937	937	8	me	me	_	_	_	_	_	linguistic	_	none	_	_	_	_	_	_
937-9	BOI090	937	937	9	il	il	_	_	_	_	_	linguistic	_	none	_	_	_	_	_	_
937-10	BOI090	937	937	10	calcio	calcio	_	_	_	_	_	linguistic	_	none	_	_	_	_	_	_
937-11	BOI090	937	937	11	non	non	_	_	_	_	_	linguistic	_	none	_	_	_	_	_	_
937-12	BOI090	937	937	12	è	è	_	_	_	_	_	linguistic	_	none	_	_	_	_	_	_
937-13	BOI090	937	937	13	proprio:	proprio	_	_	_	_	_	linguistic	_	none	_	_	6x1	_	_	_
937-14	BOI090	937	937	14	la	la	_	_	_	_	_	linguistic	_	none	_	_	_	_	_	_
937-15	BOI090	937	937	15	la	la	_	_	_	_	_	linguistic	_	none	_	_	_	_	_	_
937-16	BOI090	937	937	16	forma	forma	_	_	_	_	_	linguistic	_	none	_	_	_	_	_	_
937-17	BOI090	937	937	17	migliore	migliore	_	_	_	_	_	linguistic	_	none	_	_	_	_	_	_
937-18	BOI090	937	937	18	di	di	_	_	_	_	_	linguistic	_	none	_	_	_	_	_	_
937-19	BOI090	937	937	19	sport	sport	_	_	_	_	_	linguistic	_	none	_	_	_	_	_	_
937-20	BOI090	937	937	20	e	e	_	_	_	_	_	linguistic	_	none	_	_	_	_	_	_
937-21	BOI090	937	937	21	di	di	_	_	_	_	_	linguistic	_	none	_	_	_	_	_	_
937-22	BOI090	937	937	22	sportività	sportività	_	_	_	_	_	linguistic	_	none	_	_	_	_	_	_
937-23	BOI090	937	937	23	in	in	_	_	_	_	_	linguistic	_	none	_	_	_	_	_	_
937-24	BOI090	937	937	24	generale	generale	_	_	_	_	_	linguistic	_	none	_	_	_	_	_	_
937-25	BOI090	937	937	25	però:	però	_	_	_	_	_	linguistic	_	none	_	End=2413.526	3x1	_	_	_
938-0	BOI090	938	938	0	per	per	_	_	_	_	_	linguistic	_	none	_	Begin=2414.096	_	_	_	_
938-1	BOI090	938	938	1	me	me	_	_	_	_	_	linguistic	_	none	_	_	_	_	_	_
938-2	BOI090	938	938	2	il	il	_	_	_	_	_	linguistic	_	none	_	_	_	_	_	_
938-3	BOI090	938	938	3	calcio:	calcio	_	_	_	_	_	linguistic	_	none	_	_	5x1	_	_	_
938-4	BOI090	938	938	4	i~	i~	_	_	_	_	_	linguistic	_	none	Interrupted=Yes	_	_	_	_	_
938-5	BOI090	938	938	5	in	in	_	_	_	_	_	linguistic	_	none	_	_	_	_	_	_
938-6	BOI090	938	938	6	casa	casa	_	_	_	_	_	linguistic	_	none	_	_	_	_	_	_
938-7	BOI090	938	938	7	come	come	_	_	_	_	_	linguistic	_	none	_	_	_	_	_	_
938-8	BOI090	938	938	8	in	in	_	_	_	_	_	linguistic	_	none	_	_	_	_	_	_
938-9	BOI090	938	938	9	tutta	tutta	_	_	_	_	_	linguistic	_	none	_	_	_	_	_	_
938-10	BOI090	938	938	10	bologna	bologna	_	_	_	_	_	linguistic	_	none	_	_	_	_	_	_
938-11	BOI090	938	938	11	proprio:	proprio	_	_	_	_	_	linguistic	_	none	_	_	6x1	_	_	_
938-12	BOI090	938	938	12	culto	culto	_	_	_	_	_	linguistic	_	none	_	End=2418.347	_	_	_	_
939-0	BOR030	939	939	0	mhmh	mhmh	_	_	_	_	_	linguistic	_	none	_	Begin=2418.595	_	_	_	_
939-1	BOR030	939	939	1	e	e	_	_	_	_	_	linguistic	_	none	_	_	_	_	_	_
939-2	BOR030	939	939	2	avete	avete	_	_	_	_	_	linguistic	_	none	_	_	_	_	_	_
939-3	BOR030	939	939	3	scelto:	scelto	_	_	_	_	_	linguistic	_	none	_	_	5x1	_	_	_
939-4	BOR030	939	939	4	c(io)é	cioé	_	_	_	_	_	linguistic	_	none	_	_	_	_	1-3(0)	_
939-5	BOR030	939	939	5	hai	hai	_	_	_	_	_	linguistic	_	none	_	_	_	_	_	_
939-6	BOR030	939	939	6	sce:lto	scelto	_	_	_	_	_	linguistic	_	none	_	_	2x1	_	_	_
939-7	BOR030	939	939	7	di	di	_	_	_	_	_	linguistic	_	none	_	_	_	_	_	_
939-8	BOR030	939	939	8	tifare	tifare	_	_	_	_	_	linguistic	_	none	_	_	_	_	_	_
939-9	BOR030	939	939	9	il	il	_	_	_	_	_	linguistic	_	none	_	_	_	_	_	_
939-10	BOR030	939	939	10	bologna:	bologna	_	_	_	_	_	linguistic	_	none	_	End=2422.359	6x1	_	_	_
940-0	BOR030	940	940	0	perché	perché	_	_	_	_	_	linguistic	_	none	_	Begin=2422.761	_	_	_	_
940-1	BOR030	940	940	1	sei	sei	_	_	_	_	_	linguistic	_	none	_	_	_	_	_	_
940-2	BOR030	940	940	2	stata	stata	_	_	_	_	_	linguistic	_	none	_	_	_	_	_	_
940-3	BOR030	940	940	3	un	un	_	_	_	_	_	linguistic	_	none	_	_	_	_	_	_
940-4	BOR030	940	940	4	po'	po'	_	_	_	_	_	linguistic	_	none	_	_	_	_	_	_
940-5	BOR030	940	940	5	convinta	convinta	_	_	_	_	_	linguistic	_	none	_	_	_	_	_	_
940-6	BOR030	940	940	6	dalla	dalla	_	_	_	_	_	linguistic	_	none	_	_	_	_	_	_
940-7	BOR030	940	940	7	[famiglia	famiglia	_	_	_	_	_	linguistic	_	none	_	_	_	_	_	0-8(85)
940-8	BOR030	940	940	8	o	o	_	_	_	_	_	linguistic	_	none	_	_	_	_	_	0-1(85)
940-9	BOR030	940	940	9	ci	ci	_	_	_	_	_	linguistic	_	none	_	_	_	_	_	0-2(85)
940-10	BOR030	940	940	10	sono	sono	_	_	_	_	_	linguistic	_	none	_	_	_	_	_	0-4(85)
940-11	BOR030	940	940	11	degli]	degli	_	_	_	_	_	linguistic	_	none	_	_	_	_	_	0-5(85)
940-12	BOR030	940	940	12	aneddoti	aneddoti	_	_	_	_	_	linguistic	_	none	_	_	_	_	_	_
940-13	BOR030	940	940	13	particol[ari]	particolari	_	_	_	_	_	linguistic	_	none	_	End=2427.17	_	_	_	8-11(86)
941-0	BOI090	941	941	0	[sì,	sì	_	_	_	_	_	linguistic	_	none	Intonation=WeaklyRising	Begin=2424.284	_	_	_	0-2(85)
941-1	BOI090	941	941	1	è	è	_	_	_	_	_	linguistic	_	none	_	_	_	_	_	0-1(85)
941-2	BOI090	941	941	2	più:]	più	_	_	_	_	_	linguistic	_	none	_	End=2425.427	2x1	_	_	0-3(85)
942-0	BOI090	942	942	0	[no:]	no	_	_	_	_	_	linguistic	_	none	_	Begin=2426.704	1x1	_	_	0-2(86)
942-1	BOI090	942	942	1	no:	no	_	_	_	_	_	linguistic	_	none	_	_	1x1	_	_	_
942-2	BOI090	942	942	2	è	è	_	_	_	_	_	linguistic	_	none	_	_	_	_	_	_
942-3	BOI090	942	942	3	più	più	_	_	_	_	_	linguistic	_	none	_	_	_	_	_	_
942-4	BOI090	942	942	4	tifoseria	tifoseria	_	_	_	_	_	linguistic	_	none	_	_	_	_	_	_
942-5	BOI090	942	942	5	morale	morale	_	_	_	_	_	linguistic	_	none	_	_	_	_	_	_
942-6	BOI090	942	942	6	ecco	ecco	_	_	_	_	_	linguistic	_	none	_	End=2429.295	_	_	_	_
943-0	BOI090	943	943	0	perché:	perché	_	_	_	_	_	linguistic	_	none	_	Begin=2429.464	5x1	_	_	_
943-1	BOI090	943	943	1	tutti	tutti	_	_	_	_	_	linguistic	_	none	_	_	_	_	_	_
943-2	BOI090	943	943	2	tifano	tifano	_	_	_	_	_	linguistic	_	none	_	_	_	_	_	_
943-3	BOI090	943	943	3	bologna,	bologna	_	_	_	_	_	linguistic	_	none	Intonation=WeaklyRising	_	_	_	_	_
943-4	BOI090	943	943	4	ovviamente	ovviamente	_	_	_	_	_	linguistic	_	none	_	End=2431.976	_	_	_	_
944-0	BOI090	944	944	0	i	i	_	_	_	_	_	linguistic	_	none	_	Begin=2432.271	_	_	_	_
944-1	BOI090	944	944	1	mie:i,	miei	_	_	_	_	_	linguistic	_	none	Intonation=WeaklyRising	_	2x1	_	_	_
944-2	BOI090	944	944	2	mio	mio	_	_	_	_	_	linguistic	_	none	_	_	_	_	_	_
944-3	BOI090	944	944	3	fratello,	fratello	_	_	_	_	_	linguistic	_	none	Intonation=WeaklyRising	_	_	_	_	_
944-4	BOI090	944	944	4	sono	sono	_	_	_	_	_	linguistic	_	none	_	_	_	_	_	_
944-5	BOI090	944	944	5	molto	molto	_	_	_	_	_	linguistic	_	none	_	_	_	_	_	_
944-6	BOI090	944	944	6	più	più	_	_	_	_	_	linguistic	_	none	_	End=2434.543	_	_	_	_
945-0	BOI090	945	945	0	inglobati	inglobati	_	_	_	_	_	linguistic	_	none	_	Begin=2434.807	_	_	_	_
945-1	BOI090	945	945	1	in	in	_	_	_	_	_	linguistic	_	none	_	_	_	_	_	_
945-2	BOI090	945	945	2	questa	questa	_	_	_	_	_	linguistic	_	none	_	_	_	_	_	_
945-3	BOI090	945	945	3	cosa	cosa	_	_	_	_	_	linguistic	_	none	_	_	_	_	_	_
945-4	BOI090	945	945	4	che	che	_	_	_	_	_	linguistic	_	none	_	_	_	_	_	_
945-5	BOI090	945	945	5	è	è	_	_	_	_	_	linguistic	_	none	_	_	_	_	_	_
945-6	BOI090	945	945	6	il	il	_	_	_	_	_	linguistic	_	none	_	_	_	_	_	_
945-7	BOI090	945	945	7	calcio:	calcio	_	_	_	_	_	linguistic	_	none	_	_	5x1	_	_	_
945-8	BOI090	945	945	8	io:	io	_	_	_	_	_	linguistic	_	none	_	End=2437.522	1x1	_	_	_
946-0	BOI090	946	946	0	tifo	tifo	_	_	_	_	_	linguistic	_	none	_	Begin=2437.777	_	_	_	_
946-1	BOI090	946	946	1	bologna	bologna	_	_	_	_	_	linguistic	_	none	_	_	_	_	_	_
946-2	BOI090	946	946	2	perché	perché	_	_	_	_	_	linguistic	_	none	_	_	_	_	_	_
946-3	BOI090	946	946	3	i	i	_	_	_	_	_	linguistic	_	none	_	_	_	_	_	_
946-4	BOI090	946	946	4	miei	miei	_	_	_	_	_	linguistic	_	none	_	_	_	_	_	_
946-5	BOI090	946	946	5	tifano	tifano	_	_	_	_	_	linguistic	_	none	_	_	_	_	_	_
946-6	BOI090	946	946	6	bologna	bologna	_	_	_	_	_	linguistic	_	none	_	End=2440.11	_	_	_	_
947-0	BOI090	947	947	0	[è	è	_	_	_	_	_	linguistic	_	none	_	Begin=2440.358	_	_	_	0-1(88)
947-1	BOI090	947	947	1	è	è	_	_	_	_	_	linguistic	_	none	_	_	_	_	_	0-1(88)
947-2	BOI090	947	947	2	quel]lo	quello	_	_	_	_	_	linguistic	_	none	_	End=2441.282	_	_	_	0-4(88)
948-0	BOR030	948	948	0	[°d'	d'	_	_	_	_	_	linguistic	_	none	SpaceAfter=No|Volume=low	Begin=2440.358	_	_	_	0-2(88)
948-1	BOR030	948	948	1	accordo°]	accordo	_	_	_	_	_	linguistic	_	none	Volume=low	End=2441.057	_	_	_	0-7(88)
949-0	BOR030	949	949	0	e:	e	_	_	_	_	_	linguistic	_	none	_	Begin=2441.756	0x1	_	_	_
949-1	BOR030	949	949	1	sei	sei	_	_	_	_	_	linguistic	_	none	_	_	_	_	_	_
949-2	BOR030	949	949	2	mai	mai	_	_	_	_	_	linguistic	_	none	_	_	_	_	_	_
949-3	BOR030	949	949	3	andata	andata	_	_	_	_	_	linguistic	_	none	_	_	_	_	_	_
949-4	BOR030	949	949	4	a	a	_	_	_	_	_	linguistic	_	none	_	_	_	_	_	_
949-5	BOR030	949	949	5	vedere	vedere	_	_	_	_	_	linguistic	_	none	_	_	_	_	_	_
949-6	BOR030	949	949	6	le	le	_	_	_	_	_	linguistic	_	none	_	_	_	_	_	_
949-7	BOR030	949	949	7	partite	partite	_	_	_	_	_	linguistic	_	none	_	_	_	_	_	_
949-8	BOR030	949	949	8	dal	dal	_	_	_	_	_	linguistic	_	none	_	_	_	_	_	_
949-9	BOR030	949	949	9	vivo	vivo	_	_	_	_	_	linguistic	_	none	_	_	_	_	_	_
949-10	BOR030	949	949	10	o	o	_	_	_	_	_	linguistic	_	none	_	_	_	_	_	_
949-11	BOR030	949	949	11	preferisci:	preferisci	_	_	_	_	_	linguistic	_	none	_	_	9x1	_	_	_
949-12	BOR030	949	949	12	televisio[ne]?	televisione	_	_	_	_	_	linguistic	_	none	Intonation=Rising	End=2446.065	_	_	_	9-11(89)
950-0	BOI090	950	950	0	[te]levisione	televisione	_	_	_	_	_	linguistic	_	none	_	Begin=2445.908|End=2446.675	_	_	_	0-2(89)
951-0	BOI090	951	951	0	c(io)è	cioè	_	_	_	_	_	linguistic	_	none	_	Begin=2446.802	_	_	1-3(0)	_
951-1	BOI090	951	951	1	io	io	_	_	_	_	_	linguistic	_	none	_	_	_	_	_	_
951-2	BOI090	951	951	2	non	non	_	_	_	_	_	linguistic	_	none	_	_	_	_	_	_
951-3	BOI090	951	951	3	ci	ci	_	_	_	_	_	linguistic	_	none	_	_	_	_	_	_
951-4	BOI090	951	951	4	son	son	_	_	_	_	_	linguistic	_	none	_	_	_	_	_	_
951-5	BOI090	951	951	5	mai	mai	_	_	_	_	_	linguistic	_	none	_	_	_	_	_	_
951-6	BOI090	951	951	6	stata	stata	_	_	_	_	_	linguistic	_	none	_	_	_	_	_	_
951-7	BOI090	951	951	7	allo	allo	_	_	_	_	_	linguistic	_	none	_	_	_	_	_	_
951-8	BOI090	951	951	8	stadio	stadio	_	_	_	_	_	linguistic	_	none	_	_	_	_	_	_
951-9	BOI090	951	951	9	devo	devo	_	_	_	_	_	linguistic	_	none	_	_	_	_	_	_
951-10	BOI090	951	951	10	dire	dire	_	_	_	_	_	linguistic	_	none	_	_	_	_	_	_
951-11	BOI090	951	951	11	è	è	_	_	_	_	_	linguistic	_	none	_	_	_	_	_	_
951-12	BOI090	951	951	12	un'	un'	_	_	_	_	_	linguistic	_	none	SpaceAfter=No	_	_	_	_	_
951-13	BOI090	951	951	13	esperienza	esperienza	_	_	_	_	_	linguistic	_	none	_	_	_	_	_	_
951-14	BOI090	951	951	14	che	che	_	_	_	_	_	linguistic	_	none	PauseAfter=Yes	_	_	_	_	_
951-15	BOI090	951	951	15	{P}	{P}	_	_	_	_	_	shortpause	_	none	_	_	_	_	_	_
951-16	BOI090	951	951	16	dovrei	dovrei	_	_	_	_	_	linguistic	_	none	_	_	_	_	_	_
951-17	BOI090	951	951	17	fa:re	fare	_	_	_	_	_	linguistic	_	none	_	End=2451.166	1x1	_	_	_
952-0	BOI090	952	952	0	vorrei	vorrei	_	_	_	_	_	linguistic	_	none	_	Begin=2451.245	_	_	_	_
952-1	BOI090	952	952	1	e	e	_	_	_	_	_	linguistic	_	none	_	_	_	_	_	_
952-2	BOI090	952	952	2	dovrei	dovrei	_	_	_	_	_	linguistic	_	none	_	_	_	_	_	_
952-3	BOI090	952	952	3	fare	fare	_	_	_	_	_	linguistic	_	none	_	_	_	_	_	_
952-4	BOI090	952	952	4	ma	ma	_	_	_	_	_	linguistic	_	none	_	_	_	_	_	_
952-5	BOI090	952	952	5	in	in	_	_	_	_	_	linguistic	_	none	_	_	_	_	_	_
952-6	BOI090	952	952	6	realtà	realtà	_	_	_	_	_	linguistic	_	none	_	_	_	_	_	_
952-7	BOI090	952	952	7	io	io	_	_	_	_	_	linguistic	_	none	_	_	_	_	_	_
952-8	BOI090	952	952	8	non	non	_	_	_	_	_	linguistic	_	none	_	_	_	_	_	_
952-9	BOI090	952	952	9	ci	ci	_	_	_	_	_	linguistic	_	none	_	_	_	_	_	_
952-10	BOI090	952	952	10	son	son	_	_	_	_	_	linguistic	_	none	_	_	_	_	_	_
952-11	BOI090	952	952	11	mai	mai	_	_	_	_	_	linguistic	_	none	_	_	_	_	_	_
952-12	BOI090	952	952	12	stata	stata	_	_	_	_	_	linguistic	_	none	_	End=2454.932	_	_	_	_
953-0	BOR030	953	953	0	d'	d'	_	_	_	_	_	linguistic	_	none	SpaceAfter=No	Begin=2455.282	_	_	_	_
953-1	BOR030	953	953	1	accordo	accordo	_	_	_	_	_	linguistic	_	none	_	End=2456.041	_	_	_	_
954-0	BOR030	954	954	0	ti	ti	_	_	_	_	_	linguistic	_	none	_	Begin=2456.942	_	_	_	_
954-1	BOR030	954	954	1	chiedo	chiedo	_	_	_	_	_	linguistic	_	none	_	_	_	_	_	_
954-2	BOR030	954	954	2	invece:	invece	_	_	_	_	_	linguistic	_	none	_	_	5x1	_	_	_
954-3	BOR030	954	954	3	della	della	_	_	_	_	_	linguistic	_	none	_	_	_	_	_	_
954-4	BOR030	954	954	4	musica	musica	_	_	_	_	_	linguistic	_	none	_	_	_	_	_	_
954-5	BOR030	954	954	5	allora:	allora	_	_	_	_	_	linguistic	_	none	_	End=2459.009	5x1	_	_	_
955-0	BOI090	955	955	0	oka:y	okay	_	_	_	_	_	linguistic	_	none	_	Begin=2459.009|End=2459.796	2x1	_	_	_
956-0	BOR030	956	956	0	quali	quali	_	_	_	_	_	linguistic	_	none	_	Begin=2459.845	_	_	_	_
956-1	BOR030	956	956	1	generi	generi	_	_	_	_	_	linguistic	_	none	_	_	_	_	_	_
956-2	BOR030	956	956	2	preferisci?	preferisci	_	_	_	_	_	linguistic	_	none	Intonation=Rising	End=2461.246	_	_	_	_
957-0	BOI090	957	957	0	allora	allora	_	_	_	_	_	linguistic	_	none	_	Begin=2461.513	_	_	_	_
957-1	BOI090	957	957	1	io	io	_	_	_	_	_	linguistic	_	none	_	_	_	_	_	_
957-2	BOI090	957	957	2	ascolto	ascolto	_	_	_	_	_	linguistic	_	none	_	_	_	_	_	_
957-3	BOI090	957	957	3	{ride}	{ride}	_	_	_	_	_	nonverbalbehavior	_	none	_	_	_	_	_	_
957-4	BOI090	957	957	4	di	di	_	_	_	_	_	linguistic	_	none	_	_	_	_	_	_
957-5	BOI090	957	957	5	tutto:	tutto	_	_	_	_	_	linguistic	_	none	_	_	4x1	_	_	_
957-6	BOI090	957	957	6	dal	dal	_	_	_	_	_	linguistic	_	none	_	_	_	_	_	_
957-7	BOI090	957	957	7	ra:p	rap	_	_	_	_	_	linguistic	_	none	_	End=2465.242	1x1	_	_	_
958-0	BOI090	958	958	0	all'	all'	_	_	_	_	_	linguistic	_	none	SpaceAfter=No	Begin=2465.953	_	_	_	_
958-1	BOI090	958	958	1	indie	indie	_	_	_	_	_	linguistic	_	none	_	End=2466.769	_	_	_	_
959-0	BOI090	959	959	0	che:	che	_	_	_	_	_	linguistic	_	none	_	Begin=2466.955	2x1	_	_	_
959-1	BOI090	959	959	1	qui	qui	_	_	_	_	_	linguistic	_	none	_	_	_	_	_	_
959-2	BOI090	959	959	2	tra	tra	_	_	_	_	_	linguistic	_	none	_	_	_	_	_	_
959-3	BOI090	959	959	3	l'	l'	_	_	_	_	_	linguistic	_	none	SpaceAfter=No	_	_	_	_	_
959-4	BOI090	959	959	4	altro	altro	_	_	_	_	_	linguistic	_	none	_	_	_	_	_	_
959-5	BOI090	959	959	5	va	va	_	_	_	_	_	linguistic	_	none	_	_	_	_	_	_
959-6	BOI090	959	959	6	molto,	molto	_	_	_	_	_	linguistic	_	none	Intonation=WeaklyRising	_	_	_	_	_
959-7	BOI090	959	959	7	va	va	_	_	_	_	_	linguistic	_	none	_	_	_	_	_	_
959-8	BOI090	959	959	8	davvero	davvero	_	_	_	_	_	linguistic	_	none	_	_	_	_	_	_
959-9	BOI090	959	959	9	tanto	tanto	_	_	_	_	_	linguistic	_	none	_	End=2470.16	_	_	_	_
960-0	BOI090	960	960	0	però:	però	_	_	_	_	_	linguistic	_	none	_	Begin=2470.6	3x1	_	_	_
960-1	BOI090	960	960	1	sì	sì	_	_	_	_	_	linguistic	_	none	_	_	_	_	_	_
960-2	BOI090	960	960	2	ascolto	ascolto	_	_	_	_	_	linguistic	_	none	_	_	_	_	_	_
960-3	BOI090	960	960	3	generi	generi	_	_	_	_	_	linguistic	_	none	_	_	_	_	_	_
960-4	BOI090	960	960	4	abbastanza:	abbastanza	_	_	_	_	_	linguistic	_	none	_	_	9x1	_	_	_
960-5	BOI090	960	960	5	come	come	_	_	_	_	_	linguistic	_	none	_	_	_	_	_	_
960-6	BOI090	960	960	6	dire	dire	_	_	_	_	_	linguistic	_	none	_	_	_	_	_	_
960-7	BOI090	960	960	7	tranquilli	tranquilli	_	_	_	_	_	linguistic	_	none	_	_	_	_	_	_
960-8	BOI090	960	960	8	ecco:	ecco	_	_	_	_	_	linguistic	_	none	_	End=2474.775	3x1	_	_	_
961-0	BOR030	961	961	0	m:h	mh	_	_	_	_	_	linguistic	_	none	_	Begin=2474.817|End=2475.187	0x1	_	_	_
962-0	BOR030	962	962	0	e:	e	_	_	_	_	_	linguistic	_	none	_	Begin=2475.863	0x1	_	_	_
962-1	BOR030	962	962	1	vai	vai	_	_	_	_	_	linguistic	_	none	_	_	_	_	_	_
962-2	BOR030	962	962	2	anche	anche	_	_	_	_	_	linguistic	_	none	_	_	_	_	_	_
962-3	BOR030	962	962	3	a	a	_	_	_	_	_	linguistic	_	none	_	_	_	_	_	_
962-4	BOR030	962	962	4	conce:rti	concerti	_	_	_	_	_	linguistic	_	none	_	_	4x1	_	_	_
962-5	BOR030	962	962	5	[immagino]	immagino	_	_	_	_	_	linguistic	_	none	_	End=2477.895	_	_	_	0-8(91)
963-0	BOI090	963	963	0	[sì]	sì	_	_	_	_	_	linguistic	_	none	_	Begin=2477.455|End=2477.91	_	_	_	0-2(91)
964-0	BOI090	964	964	0	assolutamente	assolutamente	_	_	_	_	_	linguistic	_	none	_	Begin=2477.96	_	_	_	_
964-1	BOI090	964	964	1	sono:	sono	_	_	_	_	_	linguistic	_	none	_	_	3x1	_	_	_
964-2	BOI090	964	964	2	una	una	_	_	_	_	_	linguistic	_	none	_	_	_	_	_	_
964-3	BOI090	964	964	3	patita	patita	_	_	_	_	_	linguistic	_	none	_	_	_	_	_	_
964-4	BOI090	964	964	4	di	di	_	_	_	_	_	linguistic	_	none	_	_	_	_	_	_
964-5	BOI090	964	964	5	conce:rti	concerti	_	_	_	_	_	linguistic	_	none	_	End=2480.796	4x1	_	_	_
965-0	BOR030	965	965	0	a:	a	_	_	_	_	_	linguistic	_	none	_	Begin=2481.109	0x1	_	_	_
965-1	BOR030	965	965	1	quali	quali	_	_	_	_	_	linguistic	_	none	_	_	_	_	_	_
965-2	BOR030	965	965	2	sei	sei	_	_	_	_	_	linguistic	_	none	_	_	_	_	_	_
965-3	BOR030	965	965	3	andata	andata	_	_	_	_	_	linguistic	_	none	_	_	_	_	_	_
965-4	BOR030	965	965	4	recenteme[nte]?	recentemente	_	_	_	_	_	linguistic	_	none	Intonation=Rising	End=2482.988	_	_	_	9-12(92)
966-0	BOI090	966	966	0	[recente]me:nte	recentemente	_	_	_	_	_	linguistic	_	none	_	Begin=2482.588	8x1	_	_	0-7(92)
966-1	BOI090	966	966	1	ne	ne	_	_	_	_	_	linguistic	_	none	_	_	_	_	_	_
966-2	BOI090	966	966	2	ho	ho	_	_	_	_	_	linguistic	_	none	_	_	_	_	_	_
966-3	BOI090	966	966	3	fatti:	fatti	_	_	_	_	_	linguistic	_	none	_	_	4x1	_	_	_
966-4	BOI090	966	966	4	tre	tre	_	_	_	_	_	linguistic	_	none	_	End=2484.45	_	_	_	_
967-0	BOI090	967	967	0	mi	mi	_	_	_	_	_	linguistic	_	none	_	Begin=2484.71	_	_	_	_
967-1	BOI090	967	967	1	pare	pare	_	_	_	_	_	linguistic	_	none	PauseAfter=Yes	_	_	_	_	_
967-2	BOI090	967	967	2	{P}	{P}	_	_	_	_	_	shortpause	_	none	_	_	_	_	_	_
967-3	BOI090	967	967	3	due	due	_	_	_	_	_	linguistic	_	none	_	_	_	_	_	_
967-4	BOI090	967	967	4	o	o	_	_	_	_	_	linguistic	_	none	_	_	_	_	_	_
967-5	BOI090	967	967	5	tre	tre	_	_	_	_	_	linguistic	_	none	_	_	_	_	_	_
967-6	BOI090	967	967	6	ho	ho	_	_	_	_	_	linguistic	_	none	_	_	_	_	_	_
967-7	BOI090	967	967	7	fatto	fatto	_	_	_	_	_	linguistic	_	none	_	_	_	_	_	_
967-8	BOI090	967	967	8	quello	quello	_	_	_	_	_	linguistic	_	none	_	_	_	_	_	_
967-9	BOI090	967	967	9	di	di	_	_	_	_	_	linguistic	_	none	_	_	_	_	_	_
967-10	BOI090	967	967	10	tedua	tedua	_	_	_	_	_	linguistic	_	none	_	End=2487.313	_	_	_	_
968-0	BOI090	968	968	0	qualche	qualche	_	_	_	_	_	linguistic	_	none	_	Begin=2487.596	_	_	_	_
968-1	BOI090	968	968	1	giorno	giorno	_	_	_	_	_	linguistic	_	none	_	_	_	_	_	_
968-2	BOI090	968	968	2	fa	fa	_	_	_	_	_	linguistic	_	none	_	End=2488.59	_	_	_	_
969-0	BOI090	969	969	0	ho	ho	_	_	_	_	_	linguistic	_	none	_	Begin=2489.291	_	_	_	_
969-1	BOI090	969	969	1	fatto:	fatto	_	_	_	_	_	linguistic	_	none	_	_	4x1	_	_	_
969-2	BOI090	969	969	2	a	a	_	_	_	_	_	linguistic	_	none	_	_	_	_	_	_
969-3	BOI090	969	969	3	settembre	settembre	_	_	_	_	_	linguistic	_	none	_	_	_	_	_	_
969-4	BOI090	969	969	4	quello	quello	_	_	_	_	_	linguistic	_	none	_	_	_	_	_	_
969-5	BOI090	969	969	5	dei	dei	_	_	_	_	_	linguistic	_	none	_	_	_	_	_	_
969-6	BOI090	969	969	6	pinguini	pinguini	_	_	_	_	_	linguistic	_	none	_	_	_	_	_	_
969-7	BOI090	969	969	7	tattici	tattici	_	_	_	_	_	linguistic	_	none	_	_	_	_	_	_
969-8	BOI090	969	969	8	nucleari	nucleari	_	_	_	_	_	linguistic	_	none	_	End=2492.861	_	_	_	_
970-0	BOI090	970	970	0	a	a	_	_	_	_	_	linguistic	_	none	_	Begin=2492.925	_	_	_	_
970-1	BOI090	970	970	1	gennaio	gennaio	_	_	_	_	_	linguistic	_	none	_	_	_	_	_	_
970-2	BOI090	970	970	2	quello	quello	_	_	_	_	_	linguistic	_	none	_	_	_	_	_	_
970-3	BOI090	970	970	3	di	di	_	_	_	_	_	linguistic	_	none	_	_	_	_	_	_
970-4	BOI090	970	970	4	coez	coez	_	_	_	_	_	linguistic	_	none	_	_	_	_	_	_
970-5	BOI090	970	970	5	e	e	_	_	_	_	_	linguistic	_	none	_	_	_	_	_	_
970-6	BOI090	970	970	6	frah	frah	_	_	_	_	_	linguistic	_	none	_	_	_	_	_	_
970-7	BOI090	970	970	7	quintale	quintale	_	_	_	_	_	linguistic	_	none	_	_	_	_	_	_
970-8	BOI090	970	970	8	>insomma<	insomma	_	_	_	_	_	linguistic	_	none	_	End=2495.696	_	Fast=0-7(0)	_	_
971-0	BOI090	971	971	0	{ride}	{ride}	_	_	_	_	_	nonverbalbehavior	_	none	_	Begin=2495.889	_	_	_	_
971-1	BOI090	971	971	1	il	il	_	_	_	_	_	linguistic	_	none	_	_	_	_	_	_
971-2	BOI090	971	971	2	genere	genere	_	_	_	_	_	linguistic	_	none	_	_	_	_	_	_
971-3	BOI090	971	971	3	è	è	_	_	_	_	_	linguistic	_	none	_	_	_	_	_	_
971-4	BOI090	971	971	4	sempre	sempre	_	_	_	_	_	linguistic	_	none	_	_	_	_	_	_
971-5	BOI090	971	971	5	più	più	_	_	_	_	_	linguistic	_	none	_	_	_	_	_	_
971-6	BOI090	971	971	6	o	o	_	_	_	_	_	linguistic	_	none	_	_	_	_	_	_
971-7	BOI090	971	971	7	meno	meno	_	_	_	_	_	linguistic	_	none	_	_	_	_	_	_
971-8	BOI090	971	971	8	que:llo	quello	_	_	_	_	_	linguistic	_	none	_	End=2497.888	2x1	_	_	_
972-0	BOR030	972	972	0	d'	d'	_	_	_	_	_	linguistic	_	none	SpaceAfter=No	Begin=2497.888	_	_	_	_
972-1	BOR030	972	972	1	accordo,	accordo	_	_	_	_	_	linguistic	_	none	Intonation=WeaklyRising	_	_	_	_	_
972-2	BOR030	972	972	2	e:	e	_	_	_	_	_	linguistic	_	none	_	_	0x1	_	_	_
972-3	BOR030	972	972	3	di	di	_	_	_	_	_	linguistic	_	none	_	_	_	_	_	_
972-4	BOR030	972	972	4	cantanti	cantanti	_	_	_	_	_	linguistic	_	none	_	_	_	_	_	_
972-5	BOR030	972	972	5	bolognesi	bolognesi	_	_	_	_	_	linguistic	_	none	_	_	_	_	_	_
972-6	BOR030	972	972	6	ne	ne	_	_	_	_	_	linguistic	_	none	_	_	_	_	_	_
972-7	BOR030	972	972	7	ascolti?	ascolti	_	_	_	_	_	linguistic	_	none	Intonation=Rising	End=2500.83	_	_	_	_
973-0	BOI090	973	973	0	no	no	_	_	_	_	_	linguistic	_	none	_	Begin=2500.965|End=2501.568	_	_	_	_
974-0	BOI090	974	974	0	o	o	_	_	_	_	_	linguistic	_	none	_	Begin=2501.867	_	_	_	_
974-1	BOI090	974	974	1	meglio:	meglio	_	_	_	_	_	linguistic	_	none	_	_	5x1	_	_	_
974-2	BOI090	974	974	2	non	non	_	_	_	_	_	linguistic	_	none	_	_	_	_	_	_
974-3	BOI090	974	974	3	non	non	_	_	_	_	_	linguistic	_	none	_	_	_	_	_	_
974-4	BOI090	974	974	4	vado	vado	_	_	_	_	_	linguistic	_	none	_	_	_	_	_	_
974-5	BOI090	974	974	5	pazza	pazza	_	_	_	_	_	linguistic	_	none	_	_	_	_	_	_
974-6	BOI090	974	974	6	per	per	_	_	_	_	_	linguistic	_	none	_	_	_	_	_	_
974-7	BOI090	974	974	7	>il	il	_	_	_	_	_	linguistic	_	none	_	_	_	Fast=0-2(0)	_	_
974-8	BOI090	974	974	8	tipo	tipo	_	_	_	_	_	linguistic	_	none	_	_	_	Fast=0-4(0)	_	_
974-9	BOI090	974	974	9	di	di	_	_	_	_	_	linguistic	_	none	_	_	_	Fast=0-2(0)	_	_
974-10	BOI090	974	974	10	musica<	musica	_	_	_	_	_	linguistic	_	none	_	_	_	Fast=0-6(0)	_	_
974-11	BOI090	974	974	11	che	che	_	_	_	_	_	linguistic	_	none	_	_	_	_	_	_
974-12	BOI090	974	974	12	fanno	fanno	_	_	_	_	_	linguistic	_	none	_	End=2505.681	_	_	_	_
975-0	BOI090	975	975	0	c(io)è	cioè	_	_	_	_	_	linguistic	_	none	_	Begin=2505.82	_	_	1-3(0)	_
975-1	BOI090	975	975	1	bologna	bologna	_	_	_	_	_	linguistic	_	none	_	_	_	_	_	_
975-2	BOI090	975	975	2	è	è	_	_	_	_	_	linguistic	_	none	_	_	_	_	_	_
975-3	BOI090	975	975	3	piena	piena	_	_	_	_	_	linguistic	_	none	_	_	_	_	_	_
975-4	BOI090	975	975	4	di	di	_	_	_	_	_	linguistic	_	none	_	_	_	_	_	_
975-5	BOI090	975	975	5	cantanti:	cantanti	_	_	_	_	_	linguistic	_	none	_	_	7x1	_	_	_
975-6	BOI090	975	975	6	molto	molto	_	_	_	_	_	linguistic	_	none	_	_	_	_	_	_
975-7	BOI090	975	975	7	famosi	famosi	_	_	_	_	_	linguistic	_	none	_	End=2508.886	_	_	_	_
976-0	BOI090	976	976	0	morandi,	morandi	_	_	_	_	_	linguistic	_	none	Intonation=WeaklyRising	Begin=2509.374	_	_	_	_
976-1	BOI090	976	976	1	dalla,	dalla	_	_	_	_	_	linguistic	_	none	Intonation=WeaklyRising	_	_	_	_	_
976-2	BOI090	976	976	2	cremonini	cremonini	_	_	_	_	_	linguistic	_	none	_	End=2511.559	_	_	_	_
977-0	BOI090	977	977	0	c(io)è	cioè	_	_	_	_	_	linguistic	_	none	_	Begin=2511.862	_	_	1-3(0)	_
977-1	BOI090	977	977	1	che	che	_	_	_	_	_	linguistic	_	none	_	_	_	_	_	_
977-2	BOI090	977	977	2	cremonini	cremonini	_	_	_	_	_	linguistic	_	none	_	_	_	_	_	_
977-3	BOI090	977	977	3	in	in	_	_	_	_	_	linguistic	_	none	_	_	_	_	_	_
977-4	BOI090	977	977	4	casa:	casa	_	_	_	_	_	linguistic	_	none	_	_	3x1	_	_	_
977-5	BOI090	977	977	5	è:	è	_	_	_	_	_	linguistic	_	none	_	_	0x1	_	_	_
977-6	BOI090	977	977	6	la	la	_	_	_	_	_	linguistic	_	none	_	_	_	_	_	_
977-7	BOI090	977	977	7	divinità:	divinità	_	_	_	_	_	linguistic	_	none	_	_	7x1	_	_	_
977-8	BOI090	977	977	8	mia	mia	_	_	_	_	_	linguistic	_	none	_	_	_	_	_	_
977-9	BOI090	977	977	9	mamma	mamma	_	_	_	_	_	linguistic	_	none	_	_	_	_	_	_
977-10	BOI090	977	977	10	ormai	ormai	_	_	_	_	_	linguistic	_	none	_	_	_	_	_	_
977-11	BOI090	977	977	11	ci	ci	_	_	_	_	_	linguistic	_	none	_	_	_	_	_	_
977-12	BOI090	977	977	12	costruisce	costruisce	_	_	_	_	_	linguistic	_	none	_	_	_	_	_	_
977-13	BOI090	977	977	13	il	il	_	_	_	_	_	linguistic	_	none	_	_	_	_	_	_
977-14	BOI090	977	977	14	t~	t~	_	_	_	_	_	linguistic	_	none	Interrupted=Yes	_	_	_	_	_
977-15	BOI090	977	977	15	il	il	_	_	_	_	_	linguistic	_	none	_	_	_	_	_	_
977-16	BOI090	977	977	16	santino	santino	_	_	_	_	_	linguistic	_	none	_	_	_	_	_	_
977-17	BOI090	977	977	17	di	di	_	_	_	_	_	linguistic	_	none	_	_	_	_	_	_
977-18	BOI090	977	977	18	cremonini	cremonini	_	_	_	_	_	linguistic	_	none	_	End=2517.256	_	_	_	_
978-0	BOI090	978	978	0	io	io	_	_	_	_	_	linguistic	_	none	_	Begin=2518.124	_	_	_	_
978-1	BOI090	978	978	1	personalmente:	personalmente	_	_	_	_	_	linguistic	_	none	_	_	12x1	_	_	_
978-2	BOI090	978	978	2	non:	non	_	_	_	_	_	linguistic	_	none	_	_	2x1	_	_	_
978-3	BOI090	978	978	3	non	non	_	_	_	_	_	linguistic	_	none	_	_	_	_	_	_
978-4	BOI090	978	978	4	mi	mi	_	_	_	_	_	linguistic	_	none	_	_	_	_	_	_
978-5	BOI090	978	978	5	fanno	fanno	_	_	_	_	_	linguistic	_	none	_	_	_	_	_	_
978-6	BOI090	978	978	6	impazzire	impazzire	_	_	_	_	_	linguistic	_	none	_	_	_	_	_	_
978-7	BOI090	978	978	7	ma	ma	_	_	_	_	_	linguistic	_	none	_	_	_	_	_	_
978-8	BOI090	978	978	8	è	è	_	_	_	_	_	linguistic	_	none	_	_	_	_	_	_
978-9	BOI090	978	978	9	più	più	_	_	_	_	_	linguistic	_	none	_	_	_	_	_	_
978-10	BOI090	978	978	10	il	il	_	_	_	_	_	linguistic	_	none	_	_	_	_	_	_
978-11	BOI090	978	978	11	genere:	genere	_	_	_	_	_	linguistic	_	none	_	_	5x1	_	_	_
978-12	BOI090	978	978	12	che	che	_	_	_	_	_	linguistic	_	none	_	_	_	_	_	_
978-13	BOI090	978	978	13	altro	altro	_	_	_	_	_	linguistic	_	none	_	End=2522.413	_	_	_	_
979-0	BOR030	979	979	0	>mhmh<	mhmh	_	_	_	_	_	linguistic	_	none	_	Begin=2522.413|End=2522.82	_	Fast=0-4(0)	_	_
980-0	BOR030	980	980	0	per	per	_	_	_	_	_	linguistic	_	none	_	Begin=2523.206	_	_	_	_
980-1	BOR030	980	980	1	caso	caso	_	_	_	_	_	linguistic	_	none	_	_	_	_	_	_
980-2	BOR030	980	980	2	hai	hai	_	_	_	_	_	linguistic	_	none	_	_	_	_	_	_
980-3	BOR030	980	980	3	mai	mai	_	_	_	_	_	linguistic	_	none	_	_	_	_	_	_
980-4	BOR030	980	980	4	visto	visto	_	_	_	_	_	linguistic	_	none	_	_	_	_	_	_
980-5	BOR030	980	980	5	le:	le	_	_	_	_	_	linguistic	_	none	_	_	1x1	_	_	_
980-6	BOR030	980	980	6	luminarie	luminarie	_	_	_	_	_	linguistic	_	none	_	_	_	_	_	_
980-7	BOR030	980	980	7	in	in	_	_	_	_	_	linguistic	_	none	_	_	_	_	_	_
980-8	BOR030	980	980	8	via	via	_	_	_	_	_	linguistic	_	none	_	_	_	_	_	_
980-9	BOR030	980	980	9	d'	d'	_	_	_	_	_	linguistic	_	none	SpaceAfter=No	_	_	_	_	_
980-10	BOR030	980	980	10	azeglio?	azeglio	_	_	_	_	_	linguistic	_	none	Intonation=Rising	End=2526.112	_	_	_	_
981-0	BOI090	981	981	0	sì,	sì	_	_	_	_	_	linguistic	_	none	Intonation=WeaklyRising	Begin=2526.673	_	_	_	_
981-1	BOI090	981	981	1	assolutamente	assolutamente	_	_	_	_	_	linguistic	_	none	_	End=2528.379	_	_	_	_
982-0	BOI090	982	982	0	[pro]prio	proprio	_	_	_	_	_	linguistic	_	none	_	Begin=2528.703	_	_	_	0-3(94)
982-1	BOI090	982	982	1	le	le	_	_	_	_	_	linguistic	_	none	_	_	_	_	_	_
982-2	BOI090	982	982	2	pri:me	prime	_	_	_	_	_	linguistic	_	none	PauseAfter=Yes	_	2x1	_	_	_
982-3	BOI090	982	982	3	{P}	{P}	_	_	_	_	_	shortpause	_	none	_	_	_	_	_	_
982-4	BOI090	982	982	4	luminarie	luminarie	_	_	_	_	_	linguistic	_	none	_	_	_	_	_	_
982-5	BOI090	982	982	5	proprio	proprio	_	_	_	_	_	linguistic	_	none	_	_	_	_	_	_
982-6	BOI090	982	982	6	quelle	quelle	_	_	_	_	_	linguistic	_	none	_	_	_	_	_	_
982-7	BOI090	982	982	7	con	con	_	_	_	_	_	linguistic	_	none	_	_	_	_	_	_
982-8	BOI090	982	982	8	la	la	_	_	_	_	_	linguistic	_	none	_	_	_	_	_	_
982-9	BOI090	982	982	9	f~	f~	_	_	_	_	_	linguistic	_	none	Interrupted=Yes	_	_	_	_	_
982-10	BOI090	982	982	10	con	con	_	_	_	_	_	linguistic	_	none	_	_	_	_	_	_
982-11	BOI090	982	982	11	le	le	_	_	_	_	_	linguistic	_	none	_	_	_	_	_	_
982-12	BOI090	982	982	12	frasi	frasi	_	_	_	_	_	linguistic	_	none	_	_	_	_	_	_
982-13	BOI090	982	982	13	di	di	_	_	_	_	_	linguistic	_	none	_	_	_	_	_	_
982-14	BOI090	982	982	14	dalla	dalla	_	_	_	_	_	linguistic	_	none	_	_	_	_	_	_
982-15	BOI090	982	982	15	perché	perché	_	_	_	_	_	linguistic	_	none	_	_	_	_	_	_
982-16	BOI090	982	982	16	poi	poi	_	_	_	_	_	linguistic	_	none	_	_	_	_	_	_
982-17	BOI090	982	982	17	le	le	_	_	_	_	_	linguistic	_	none	_	_	_	_	_	_
982-18	BOI090	982	982	18	hanno	hanno	_	_	_	_	_	linguistic	_	none	_	_	_	_	_	_
982-19	BOI090	982	982	19	cambia:te	cambiate	_	_	_	_	_	linguistic	_	none	_	_	5x1	_	_	_
982-20	BOI090	982	982	20	hanno	hanno	_	_	_	_	_	linguistic	_	none	_	_	_	_	_	_
982-21	BOI090	982	982	21	messo	messo	_	_	_	_	_	linguistic	_	none	_	_	_	_	_	_
982-22	BOI090	982	982	22	anche	anche	_	_	_	_	_	linguistic	_	none	_	_	_	_	_	_
982-23	BOI090	982	982	23	la	la	_	_	_	_	_	linguistic	_	none	_	_	_	_	_	_
982-24	BOI090	982	982	24	carrà:	carrà	_	_	_	_	_	linguistic	_	none	_	_	4x1	_	_	_
982-25	BOI090	982	982	25	mh	mh	_	_	_	_	_	linguistic	_	none	_	_	_	_	_	_
982-26	BOI090	982	982	26	>(i)nsomma<	insomma	_	_	_	_	_	linguistic	_	none	_	End=2535.807	_	Fast=0-7(0)	0-1(0)	_
983-0	BOR030	983	983	0	[e]	e	_	_	_	_	_	linguistic	_	none	_	Begin=2528.747|End=2529.047	_	_	_	0-1(94)
984-0	BOI090	984	984	0	ogni	ogni	_	_	_	_	_	linguistic	_	none	_	Begin=2536.07	_	_	_	_
984-1	BOI090	984	984	1	tanto	tanto	_	_	_	_	_	linguistic	_	none	_	_	_	_	_	_
984-2	BOI090	984	984	2	gli	gli	_	_	_	_	_	linguistic	_	none	_	_	_	_	_	_
984-3	BOI090	984	984	3	piace:	piace	_	_	_	_	_	linguistic	_	none	_	_	4x1	_	_	_
984-4	BOI090	984	984	4	>diciamo<	diciamo	_	_	_	_	_	linguistic	_	none	_	_	_	Fast=0-7(0)	_	_
984-5	BOI090	984	984	5	cambiarle	cambiarle	_	_	_	_	_	linguistic	_	none	_	End=2538.686	_	_	_	_
985-0	BOI090	985	985	0	io	io	_	_	_	_	_	linguistic	_	none	_	Begin=2538.87	_	_	_	_
985-1	BOI090	985	985	1	ho	ho	_	_	_	_	_	linguistic	_	none	_	_	_	_	_	_
985-2	BOI090	985	985	2	visto	visto	_	_	_	_	_	linguistic	_	none	_	_	_	_	_	_
985-3	BOI090	985	985	3	proprio	proprio	_	_	_	_	_	linguistic	_	none	_	_	_	_	_	_
985-4	BOI090	985	985	4	le	le	_	_	_	_	_	linguistic	_	none	_	_	_	_	_	_
985-5	BOI090	985	985	5	prime:	prime	_	_	_	_	_	linguistic	_	none	_	_	4x1	_	_	_
985-6	BOI090	985	985	6	>prime	prime	_	_	_	_	_	linguistic	_	none	_	_	_	Fast=0-5(0)	_	_
985-7	BOI090	985	985	7	prime<	prime	_	_	_	_	_	linguistic	_	none	_	_	_	Fast=0-5(0)	_	_
985-8	BOI090	985	985	8	son	son	_	_	_	_	_	linguistic	_	none	_	_	_	_	_	_
985-9	BOI090	985	985	9	belli:ssime	bellissime	_	_	_	_	_	linguistic	_	none	_	End=2542.114	4x1	_	_	_
986-0	BOR030	986	986	0	e:	e	_	_	_	_	_	linguistic	_	none	_	Begin=2542.528	0x1	_	_	_
986-1	BOR030	986	986	1	c'	c'	_	_	_	_	_	linguistic	_	none	SpaceAfter=No	_	_	_	_	_
986-2	BOR030	986	986	2	è	è	_	_	_	_	_	linguistic	_	none	_	_	_	_	_	_
986-3	BOR030	986	986	3	una	una	_	_	_	_	_	linguistic	_	none	_	_	_	_	_	_
986-4	BOR030	986	986	4	canzone	canzone	_	_	_	_	_	linguistic	_	none	_	_	_	_	_	_
986-5	BOR030	986	986	5	che	che	_	_	_	_	_	linguistic	_	none	_	_	_	_	_	_
986-6	BOR030	986	986	6	vorresti	vorresti	_	_	_	_	_	linguistic	_	none	_	_	_	_	_	_
986-7	BOR030	986	986	7	vedere	vedere	_	_	_	_	_	linguistic	_	none	_	_	_	_	_	_
986-8	BOR030	986	986	8	quest'	quest'	_	_	_	_	_	linguistic	_	none	SpaceAfter=No	_	_	_	_	_
986-9	BOR030	986	986	9	anno?	anno	_	_	_	_	_	linguistic	_	none	Intonation=Rising	End=2545.441	_	_	_	_
987-0	BOI090	987	987	0	quest'	quest'	_	_	_	_	_	linguistic	_	none	SpaceAfter=No	Begin=2545.757	_	_	_	_
987-1	BOI090	987	987	1	a:nno:	anno	_	_	_	_	_	linguistic	_	none	_	End=2547.304	0x1,3x1	_	_	_
988-0	BOI090	988	988	0	m:h	mh	_	_	_	_	_	linguistic	_	none	_	Begin=2547.792|End=2548.259	0x1	_	_	_
989-0	BOI090	989	989	0	mi	mi	_	_	_	_	_	linguistic	_	none	_	Begin=2549.239	_	_	_	_
989-1	BOI090	989	989	1	ricordo	ricordo	_	_	_	_	_	linguistic	_	none	_	_	_	_	_	_
989-2	BOI090	989	989	2	che	che	_	_	_	_	_	linguistic	_	none	_	_	_	_	_	_
989-3	BOI090	989	989	3	avevano	avevano	_	_	_	_	_	linguistic	_	none	_	_	_	_	_	_
989-4	BOI090	989	989	4	messo	messo	_	_	_	_	_	linguistic	_	none	_	_	_	_	_	_
989-5	BOI090	989	989	5	quella	quella	_	_	_	_	_	linguistic	_	none	_	_	_	_	_	_
989-6	BOI090	989	989	6	di	di	_	_	_	_	_	linguistic	_	none	_	_	_	_	_	_
989-7	BOI090	989	989	7	john	john	_	_	_	_	_	linguistic	_	none	_	_	_	_	_	_
989-8	BOI090	989	989	8	lennon	lennon	_	_	_	_	_	linguistic	_	none	PauseAfter=Yes	_	_	_	_	_
989-9	BOI090	989	989	9	{P}	{P}	_	_	_	_	_	shortpause	_	none	_	_	_	_	_	_
989-10	BOI090	989	989	10	imagine,	imagine	_	_	_	_	_	linguistic	_	none	Intonation=WeaklyRising	_	_	_	_	_
989-11	BOI090	989	989	11	che,	che	_	_	_	_	_	linguistic	_	none	Intonation=WeaklyRising	_	_	_	_	_
989-12	BOI090	989	989	12	quella	quella	_	_	_	_	_	linguistic	_	none	_	_	_	_	_	_
989-13	BOI090	989	989	13	>secondo	secondo	_	_	_	_	_	linguistic	_	none	_	_	_	Fast=0-7(0)	_	_
989-14	BOI090	989	989	14	me<	me	_	_	_	_	_	linguistic	_	none	_	_	_	Fast=0-2(0)	_	_
989-15	BOI090	989	989	15	ci	ci	_	_	_	_	_	linguistic	_	none	_	_	_	_	_	_
989-16	BOI090	989	989	16	poteva	poteva	_	_	_	_	_	linguistic	_	none	_	_	_	_	_	_
989-17	BOI090	989	989	17	stare,	stare	_	_	_	_	_	linguistic	_	none	Intonation=WeaklyRising	_	_	_	_	_
989-18	BOI090	989	989	18	era	era	_	_	_	_	_	linguistic	_	none	_	_	_	_	_	_
989-19	BOI090	989	989	19	la	la	_	_	_	_	_	linguistic	_	none	_	_	_	_	_	_
989-20	BOI090	989	989	20	migliore	migliore	_	_	_	_	_	linguistic	_	none	_	_	_	_	_	_
989-21	BOI090	989	989	21	tra	tra	_	_	_	_	_	linguistic	_	none	_	_	_	_	_	_
989-22	BOI090	989	989	22	tutte	tutte	_	_	_	_	_	linguistic	_	none	_	End=2556.102	_	_	_	_
990-0	BOI090	990	990	0	una	una	_	_	_	_	_	linguistic	_	none	_	Begin=2556.338	_	_	_	_
990-1	BOI090	990	990	1	canzone	canzone	_	_	_	_	_	linguistic	_	none	_	_	_	_	_	_
990-2	BOI090	990	990	2	che	che	_	_	_	_	_	linguistic	_	none	_	_	_	_	_	_
990-3	BOI090	990	990	3	forse	forse	_	_	_	_	_	linguistic	_	none	PauseAfter=Yes	_	_	_	_	_
990-4	BOI090	990	990	4	{P}	{P}	_	_	_	_	_	shortpause	_	none	_	_	_	_	_	_
990-5	BOI090	990	990	5	oddio	oddio	_	_	_	_	_	linguistic	_	none	_	_	_	_	_	_
990-6	BOI090	990	990	6	c(io)è	cioè	_	_	_	_	_	linguistic	_	none	_	End=2558.766	_	_	1-3(0)	_
991-0	BOI090	991	991	0	tra	tra	_	_	_	_	_	linguistic	_	none	_	Begin=2558.932	_	_	_	_
991-1	BOI090	991	991	1	i	i	_	_	_	_	_	linguistic	_	none	_	_	_	_	_	_
991-2	BOI090	991	991	2	generi	generi	_	_	_	_	_	linguistic	_	none	_	_	_	_	_	_
991-3	BOI090	991	991	3	che	che	_	_	_	_	_	linguistic	_	none	_	_	_	_	_	_
991-4	BOI090	991	991	4	ascolto	ascolto	_	_	_	_	_	linguistic	_	none	_	_	_	_	_	_
991-5	BOI090	991	991	5	è	è	_	_	_	_	_	linguistic	_	none	_	_	_	_	_	_
991-6	BOI090	991	991	6	meglio	meglio	_	_	_	_	_	linguistic	_	none	_	_	_	_	_	_
991-7	BOI090	991	991	7	che	che	_	_	_	_	_	linguistic	_	none	_	_	_	_	_	_
991-8	BOI090	991	991	8	le	le	_	_	_	_	_	linguistic	_	none	_	_	_	_	_	_
991-9	BOI090	991	991	9	canzoni	canzoni	_	_	_	_	_	linguistic	_	none	_	_	_	_	_	_
991-10	BOI090	991	991	10	che	che	_	_	_	_	_	linguistic	_	none	_	_	_	_	_	_
991-11	BOI090	991	991	11	ascolto	ascolto	_	_	_	_	_	linguistic	_	none	_	_	_	_	_	_
991-12	BOI090	991	991	12	io	io	_	_	_	_	_	linguistic	_	none	_	_	_	_	_	_
991-13	BOI090	991	991	13	non	non	_	_	_	_	_	linguistic	_	none	_	_	_	_	_	_
991-14	BOI090	991	991	14	le	le	_	_	_	_	_	linguistic	_	none	_	_	_	_	_	_
991-15	BOI090	991	991	15	mettano	mettano	_	_	_	_	_	linguistic	_	none	_	_	_	_	_	_
991-16	BOI090	991	991	16	in	in	_	_	_	_	_	linguistic	_	none	_	_	_	_	_	_
991-17	BOI090	991	991	17	via	via	_	_	_	_	_	linguistic	_	none	_	_	_	_	_	_
991-18	BOI090	991	991	18	d'	d'	_	_	_	_	_	linguistic	_	none	SpaceAfter=No	_	_	_	_	_
991-19	BOI090	991	991	19	azeglio	azeglio	_	_	_	_	_	linguistic	_	none	_	_	_	_	_	_
991-20	BOI090	991	991	20	perche	perche	_	_	_	_	_	linguistic	_	none	_	_	_	_	_	_
991-21	BOI090	991	991	21	so~	so~	_	_	_	_	_	linguistic	_	none	Interrupted=Yes	_	_	_	_	_
991-22	BOI090	991	991	22	{ride}	{ride}	_	_	_	_	_	nonverbalbehavior	_	none	_	End=2564.22	_	_	_	_
992-0	BOR030	992	992	0	{ride}	{ride}	_	_	_	_	_	nonverbalbehavior	_	none	_	Begin=2562.223|End=2563.029	_	_	_	_
993-0	BOI090	993	993	0	quindi:	quindi	_	_	_	_	_	linguistic	_	none	_	Begin=2564.281	5x1	_	_	_
993-1	BOI090	993	993	1	direi	direi	_	_	_	_	_	linguistic	_	none	_	_	_	_	_	_
993-2	BOI090	993	993	2	che	che	_	_	_	_	_	linguistic	_	none	_	_	_	_	_	_
993-3	BOI090	993	993	3	quelle	quelle	_	_	_	_	_	linguistic	_	none	_	_	_	_	_	_
993-4	BOI090	993	993	4	che	che	_	_	_	_	_	linguistic	_	none	_	_	_	_	_	_
993-5	BOI090	993	993	5	hanno	hanno	_	_	_	_	_	linguistic	_	none	_	_	_	_	_	_
993-6	BOI090	993	993	6	messo	messo	_	_	_	_	_	linguistic	_	none	_	_	_	_	_	_
993-7	BOI090	993	993	7	vanno	vanno	_	_	_	_	_	linguistic	_	none	_	_	_	_	_	_
993-8	BOI090	993	993	8	benissi[mo]	benissimo	_	_	_	_	_	linguistic	_	none	_	_	_	_	_	7-9(95)
993-9	BOI090	993	993	9	{ride}	{ride}	_	_	_	_	_	nonverbalbehavior	_	none	_	End=2567.06	_	_	_	_
994-0	BOR030	994	994	0	[d'	d'	_	_	_	_	_	linguistic	_	none	SpaceAfter=No	Begin=2566.9	_	_	_	_
994-1	BOR030	994	994	1	]accordo]	accordo	_	_	_	_	_	linguistic	_	none	_	End=2567.931	_	_	_	_
995-0	BOR030	995	995	0	e:	e	_	_	_	_	_	linguistic	_	none	_	Begin=2568.319	0x1	_	_	_
995-1	BOR030	995	995	1	ti	ti	_	_	_	_	_	linguistic	_	none	_	_	_	_	_	_
995-2	BOR030	995	995	2	chiedo	chiedo	_	_	_	_	_	linguistic	_	none	_	_	_	_	_	_
995-3	BOR030	995	995	3	invece	invece	_	_	_	_	_	linguistic	_	none	_	_	_	_	_	_
995-4	BOR030	995	995	4	sul	sul	_	_	_	_	_	linguistic	_	none	_	_	_	_	_	_
995-5	BOR030	995	995	5	cinema	cinema	_	_	_	_	_	linguistic	_	none	_	End=2570.07	_	_	_	_
996-0	BOI090	996	996	0	okay	okay	_	_	_	_	_	linguistic	_	none	_	Begin=2570.07	_	_	_	_
996-1	BOI090	996	996	1	[°sì°]	sì	_	_	_	_	_	linguistic	_	none	Volume=low	End=2571.196	_	_	_	0-2(97)
997-0	BOR030	997	997	0	[s]e:	se	_	_	_	_	_	linguistic	_	none	_	Begin=2570.956	1x1	_	_	0-1(97)
997-1	BOR030	997	997	1	ci	ci	_	_	_	_	_	linguistic	_	none	_	_	_	_	_	_
997-2	BOR030	997	997	2	sono	sono	_	_	_	_	_	linguistic	_	none	_	_	_	_	_	_
997-3	BOR030	997	997	3	dei:	dei	_	_	_	_	_	linguistic	_	none	_	_	2x1	_	_	_
997-4	BOR030	997	997	4	>delle<	delle	_	_	_	_	_	linguistic	_	none	_	_	_	Fast=0-5(0)	_	_
997-5	BOR030	997	997	5	dei	dei	_	_	_	_	_	linguistic	_	none	_	_	_	_	_	_
997-6	BOR030	997	997	6	ti:pi	tipi	_	_	_	_	_	linguistic	_	none	_	_	1x1	_	_	_
997-7	BOR030	997	997	7	di	di	_	_	_	_	_	linguistic	_	none	_	_	_	_	_	_
997-8	BOR030	997	997	8	film	film	_	_	_	_	_	linguistic	_	none	_	_	_	_	_	_
997-9	BOR030	997	997	9	che	che	_	_	_	_	_	linguistic	_	none	_	_	_	_	_	_
997-10	BOR030	997	997	10	ti	ti	_	_	_	_	_	linguistic	_	none	_	_	_	_	_	_
997-11	BOR030	997	997	11	piacciono	piacciono	_	_	_	_	_	linguistic	_	none	_	_	_	_	_	_
997-12	BOR030	997	997	12	particolarmente	particolarmente	_	_	_	_	_	linguistic	_	none	_	End=2575.455	_	_	_	_
998-0	BOI090	998	998	0	allora	allora	_	_	_	_	_	linguistic	_	none	_	Begin=2575.922	_	_	_	_
998-1	BOI090	998	998	1	io	io	_	_	_	_	_	linguistic	_	none	_	_	_	_	_	_
998-2	BOI090	998	998	2	non	non	_	_	_	_	_	linguistic	_	none	_	_	_	_	_	_
998-3	BOI090	998	998	3	sono	sono	_	_	_	_	_	linguistic	_	none	_	_	_	_	_	_
998-4	BOI090	998	998	4	una	una	_	_	_	_	_	linguistic	_	none	_	_	_	_	_	_
998-5	BOI090	998	998	5	<gra:nde	grande	_	_	_	_	_	linguistic	_	none	_	_	2x1	Slow=0-6(0)	_	_
998-6	BOI090	998	998	6	ama:nte>	amante	_	_	_	_	_	linguistic	_	none	_	_	2x1	Slow=0-6(0)	_	_
998-7	BOI090	998	998	7	del	del	_	_	_	_	_	linguistic	_	none	_	_	_	_	_	_
998-8	BOI090	998	998	8	cinema	cinema	_	_	_	_	_	linguistic	_	none	PauseAfter=Yes	_	_	_	_	_
998-9	BOI090	998	998	9	{P}	{P}	_	_	_	_	_	shortpause	_	none	_	_	_	_	_	_
998-10	BOI090	998	998	10	devo	devo	_	_	_	_	_	linguistic	_	none	_	_	_	_	_	_
998-11	BOI090	998	998	11	dire	dire	_	_	_	_	_	linguistic	_	none	_	_	_	_	_	_
998-12	BOI090	998	998	12	nel	nel	_	_	_	_	_	linguistic	_	none	_	_	_	_	_	_
998-13	BOI090	998	998	13	senso	senso	_	_	_	_	_	linguistic	_	none	_	_	_	_	_	_
998-14	BOI090	998	998	14	che	che	_	_	_	_	_	linguistic	_	none	_	End=2580.321	_	_	_	_
999-0	BOI090	999	999	0	a	a	_	_	_	_	_	linguistic	_	none	_	Begin=2580.6	_	_	_	_
999-1	BOI090	999	999	1	parte	parte	_	_	_	_	_	linguistic	_	none	_	_	_	_	_	_
999-2	BOI090	999	999	2	che	che	_	_	_	_	_	linguistic	_	none	_	_	_	_	_	_
999-3	BOI090	999	999	3	preferisco	preferisco	_	_	_	_	_	linguistic	_	none	_	_	_	_	_	_
999-4	BOI090	999	999	4	molto	molto	_	_	_	_	_	linguistic	_	none	_	_	_	_	_	_
999-5	BOI090	999	999	5	di	di	_	_	_	_	_	linguistic	_	none	_	_	_	_	_	_
999-6	BOI090	999	999	6	più	più	_	_	_	_	_	linguistic	_	none	_	_	_	_	_	_
999-7	BOI090	999	999	7	le	le	_	_	_	_	_	linguistic	_	none	_	_	_	_	_	_
999-8	BOI090	999	999	8	serie	serie	_	_	_	_	_	linguistic	_	none	_	_	_	_	_	_
999-9	BOI090	999	999	9	tv	tv	_	_	_	_	_	linguistic	_	none	_	_	_	_	_	_
999-10	BOI090	999	999	10	ai	ai	_	_	_	_	_	linguistic	_	none	_	_	_	_	_	_
999-11	BOI090	999	999	11	film	film	_	_	_	_	_	linguistic	_	none	_	End=2583.457	_	_	_	_
1000-0	BOI090	1000	1000	0	però:	però	_	_	_	_	_	linguistic	_	none	_	Begin=2584.062	3x1	_	_	_
1000-1	BOI090	1000	1000	1	non:	non	_	_	_	_	_	linguistic	_	none	_	_	2x1	_	_	_
1000-2	BOI090	1000	1000	2	x	x	_	_	_	_	_	unknown	_	none	Syllables=1	_	_	_	_	_
1000-3	BOI090	1000	1000	3	diciamo	diciamo	_	_	_	_	_	linguistic	_	none	_	_	_	_	_	_
1000-4	BOI090	1000	1000	4	che	che	_	_	_	_	_	linguistic	_	none	_	_	_	_	_	_
1000-5	BOI090	1000	1000	5	se	se	_	_	_	_	_	linguistic	_	none	_	_	_	_	_	_
1000-6	BOI090	1000	1000	6	devo	devo	_	_	_	_	_	linguistic	_	none	_	_	_	_	_	_
1000-7	BOI090	1000	1000	7	dire	dire	_	_	_	_	_	linguistic	_	none	_	_	_	_	_	_
1000-8	BOI090	1000	1000	8	un	un	_	_	_	_	_	linguistic	_	none	_	End=2587.272	_	_	_	_
1001-0	BOI090	1001	1001	0	un	un	_	_	_	_	_	linguistic	_	none	_	Begin=2587.674	_	_	_	_
1001-1	BOI090	1001	1001	1	tipo	tipo	_	_	_	_	_	linguistic	_	none	_	_	_	_	_	_
1001-2	BOI090	1001	1001	2	di	di	_	_	_	_	_	linguistic	_	none	_	_	_	_	_	_
1001-3	BOI090	1001	1001	3	film	film	_	_	_	_	_	linguistic	_	none	_	_	_	_	_	_
1001-4	BOI090	1001	1001	4	che	che	_	_	_	_	_	linguistic	_	none	_	_	_	_	_	_
1001-5	BOI090	1001	1001	5	guardo	guardo	_	_	_	_	_	linguistic	_	none	_	_	_	_	_	_
1001-6	BOI090	1001	1001	6	x	x	_	_	_	_	_	unknown	_	none	Syllables=1	_	_	_	_	_
1001-7	BOI090	1001	1001	7	[più	più	_	_	_	_	_	linguistic	_	none	_	_	_	_	_	0-3(98)
1001-8	BOI090	1001	1001	8	spe:sso:]	spesso	_	_	_	_	_	linguistic	_	none	_	End=2590.098	2x1,5x1	_	_	0-6(98)
1002-0	BOR030	1002	1002	0	[ma	ma	_	_	_	_	_	linguistic	_	none	_	Begin=2589.581	_	_	_	0-2(98)
1002-1	BOR030	1002	1002	1	anche	anche	_	_	_	_	_	linguistic	_	none	_	_	_	_	_	0-5(98)
1002-2	BOR030	1002	1002	2	di	di	_	_	_	_	_	linguistic	_	none	_	_	_	_	_	0-2(98)
1002-3	BOR030	1002	1002	3	s]erie	serie	_	_	_	_	_	linguistic	_	none	_	_	_	_	_	0-1(98)
1002-4	BOR030	1002	1002	4	tv	tv	_	_	_	_	_	linguistic	_	none	_	End=2590.894	_	_	_	_
1003-0	BOI090	1003	1003	0	sono:	sono	_	_	_	_	_	linguistic	_	none	_	Begin=2591.091	3x1	_	_	_
1003-1	BOI090	1003	1003	1	diciamo:	diciamo	_	_	_	_	_	linguistic	_	none	_	_	6x1	_	_	_
1003-2	BOI090	1003	1003	2	i:	i	_	_	_	_	_	linguistic	_	none	_	End=2593.542	0x1	_	_	_
1004-0	BOI090	1004	1004	0	quelli:	quelli	_	_	_	_	_	linguistic	_	none	_	Begin=2593.79	5x1	_	_	_
1004-1	BOI090	1004	1004	1	per	per	_	_	_	_	_	linguistic	_	none	_	_	_	_	_	_
1004-2	BOI090	1004	1004	2	raga:zzi	ragazzi	_	_	_	_	_	linguistic	_	none	_	_	3x1	_	_	_
1004-3	BOI090	1004	1004	3	ecco	ecco	_	_	_	_	_	linguistic	_	none	_	_	_	_	_	_
1004-4	BOI090	1004	1004	4	non	non	_	_	_	_	_	linguistic	_	none	_	_	_	_	_	_
1004-5	BOI090	1004	1004	5	sono	sono	_	_	_	_	_	linguistic	_	none	_	_	_	_	_	_
1004-6	BOI090	1004	1004	6	un'	un'	_	_	_	_	_	linguistic	_	none	SpaceAfter=No	_	_	_	_	_
1004-7	BOI090	1004	1004	7	amate	amate	_	_	_	_	_	linguistic	_	none	_	_	_	_	_	_
1004-8	BOI090	1004	1004	8	di	di	_	_	_	_	_	linguistic	_	none	_	_	_	_	_	_
1004-9	BOI090	1004	1004	9	m:h	mh	_	_	_	_	_	linguistic	_	none	_	_	0x1	_	_	_
1004-10	BOI090	1004	1004	10	film	film	_	_	_	_	_	linguistic	_	none	_	_	_	_	_	_
1004-11	BOI090	1004	1004	11	d'	d'	_	_	_	_	_	linguistic	_	none	SpaceAfter=No	_	_	_	_	_
1004-12	BOI090	1004	1004	12	azione,	azione	_	_	_	_	_	linguistic	_	none	Intonation=WeaklyRising	_	_	_	_	_
1004-13	BOI090	1004	1004	13	in	in	_	_	_	_	_	linguistic	_	none	_	_	_	_	_	_
1004-14	BOI090	1004	1004	14	particolar	particolar	_	_	_	_	_	linguistic	_	none	_	_	_	_	_	_
1004-15	BOI090	1004	1004	15	modo	modo	_	_	_	_	_	linguistic	_	none	_	_	_	_	_	_
1004-16	BOI090	1004	1004	16	fantascienza	fantascienza	_	_	_	_	_	linguistic	_	none	_	_	_	_	_	_
1004-17	BOI090	1004	1004	17	non	non	_	_	_	_	_	linguistic	_	none	_	_	_	_	_	_
1004-18	BOI090	1004	1004	18	mi	mi	_	_	_	_	_	linguistic	_	none	_	_	_	_	_	_
1004-19	BOI090	1004	1004	19	piacciono	piacciono	_	_	_	_	_	linguistic	_	none	_	_	_	_	_	_
1004-20	BOI090	1004	1004	20	assolutamente	assolutamente	_	_	_	_	_	linguistic	_	none	_	End=2602.979	_	_	_	_
1005-0	BOI090	1005	1005	0	magari	magari	_	_	_	_	_	linguistic	_	none	_	Begin=2603.543	_	_	_	_
1005-1	BOI090	1005	1005	1	ecco	ecco	_	_	_	_	_	linguistic	_	none	_	_	_	_	_	_
1005-2	BOI090	1005	1005	2	una	una	_	_	_	_	_	linguistic	_	none	_	_	_	_	_	_
1005-3	BOI090	1005	1005	3	cosa	cosa	_	_	_	_	_	linguistic	_	none	_	_	_	_	_	_
1005-4	BOI090	1005	1005	4	che	che	_	_	_	_	_	linguistic	_	none	_	_	_	_	_	_
1005-5	BOI090	1005	1005	5	guardo	guardo	_	_	_	_	_	linguistic	_	none	_	_	_	_	_	_
1005-6	BOI090	1005	1005	6	sempre	sempre	_	_	_	_	_	linguistic	_	none	_	_	_	_	_	_
1005-7	BOI090	1005	1005	7	sono:	sono	_	_	_	_	_	linguistic	_	none	_	_	3x1	_	_	_
1005-8	BOI090	1005	1005	8	i	i	_	_	_	_	_	linguistic	_	none	_	_	_	_	_	_
1005-9	BOI090	1005	1005	9	docufilm	docufilm	_	_	_	_	_	linguistic	_	none	_	_	_	_	_	_
1005-10	BOI090	1005	1005	10	su:	su	_	_	_	_	_	linguistic	_	none	_	_	1x1	_	_	_
1005-11	BOI090	1005	1005	11	i	i	_	_	_	_	_	linguistic	_	none	_	_	_	_	_	_
1005-12	BOI090	1005	1005	12	serial	serial	_	_	_	_	_	linguistic	_	none	_	_	_	_	_	_
1005-13	BOI090	1005	1005	13	killer,	killer	_	_	_	_	_	linguistic	_	none	Intonation=WeaklyRising	_	_	_	_	_
1005-14	BOI090	1005	1005	14	su	su	_	_	_	_	_	linguistic	_	none	_	_	_	_	_	_
1005-15	BOI090	1005	1005	15	quelle	quelle	_	_	_	_	_	linguistic	_	none	_	_	_	_	_	_
1005-16	BOI090	1005	1005	16	cose	cose	_	_	_	_	_	linguistic	_	none	_	_	_	_	_	_
1005-17	BOI090	1005	1005	17	un	un	_	_	_	_	_	linguistic	_	none	_	_	_	_	_	_
1005-18	BOI090	1005	1005	18	po':	po'	_	_	_	_	_	linguistic	_	none	_	_	1x1	_	_	_
1005-19	BOI090	1005	1005	19	un	un	_	_	_	_	_	linguistic	_	none	_	_	_	_	_	_
1005-20	BOI090	1005	1005	20	po'	po'	_	_	_	_	_	linguistic	_	none	_	_	_	_	_	_
1005-21	BOI090	1005	1005	21	i	i	_	_	_	_	_	linguistic	_	none	_	_	_	_	_	_
1005-22	BOI090	1005	1005	22	thriller	thriller	_	_	_	_	_	linguistic	_	none	_	_	_	_	_	_
1005-23	BOI090	1005	1005	23	>ecco<	ecco	_	_	_	_	_	linguistic	_	none	_	_	_	Fast=0-4(0)	_	_
1005-24	BOI090	1005	1005	24	quelli	quelli	_	_	_	_	_	linguistic	_	none	_	_	_	_	_	_
1005-25	BOI090	1005	1005	25	mi	mi	_	_	_	_	_	linguistic	_	none	_	_	_	_	_	_
1005-26	BOI090	1005	1005	26	piacciono	piacciono	_	_	_	_	_	linguistic	_	none	_	_	_	_	_	_
1005-27	BOI090	1005	1005	27	tanto	tanto	_	_	_	_	_	linguistic	_	none	_	End=2612.287	_	_	_	_
1006-0	BOR030	1006	1006	0	d'	d'	_	_	_	_	_	linguistic	_	none	SpaceAfter=No	Begin=2612.363	_	_	_	_
1006-1	BOR030	1006	1006	1	accordo	accordo	_	_	_	_	_	linguistic	_	none	_	End=2613.128	_	_	_	_
1007-0	BOR030	1007	1007	0	quindi	quindi	_	_	_	_	_	linguistic	_	none	_	Begin=2613.335	_	_	_	_
1007-1	BOR030	1007	1007	1	al	al	_	_	_	_	_	linguistic	_	none	_	_	_	_	_	_
1007-2	BOR030	1007	1007	2	cinema	cinema	_	_	_	_	_	linguistic	_	none	_	End=2614.451	_	_	_	_
1008-0	BOR030	1008	1008	0	comunque	comunque	_	_	_	_	_	linguistic	_	none	_	Begin=2614.538	_	_	_	_
1008-1	BOR030	1008	1008	1	non	non	_	_	_	_	_	linguistic	_	none	_	_	_	_	_	_
1008-2	BOR030	1008	1008	2	ci	ci	_	_	_	_	_	linguistic	_	none	_	_	_	_	_	_
1008-3	BOR030	1008	1008	3	va:i	vai	_	_	_	_	_	linguistic	_	none	_	_	1x1	_	_	_
1008-4	BOR030	1008	1008	4	[tanto]	tanto	_	_	_	_	_	linguistic	_	none	_	End=2616.137	_	_	_	0-5(99)
1009-0	BOI090	1009	1009	0	[no]	no	_	_	_	_	_	linguistic	_	none	_	Begin=2615.423|End=2615.901	_	_	_	0-2(99)
1010-0	BOI090	1010	1010	0	n[o]	no	_	_	_	_	_	linguistic	_	none	_	Begin=2616.211|End=2616.437	_	_	_	1-2(102)
1011-0	BOR030	1011	1011	0	[>d'	d'	_	_	_	_	_	linguistic	_	none	SpaceAfter=No	Begin=2616.373	_	Fast=0-2(0)	_	0-2(102)
1011-1	BOR030	1011	1011	1	a]ccordo<	accordo	_	_	_	_	_	linguistic	_	none	_	End=2616.857	_	Fast=0-7(0)	_	0-1(102)
1012-0	BOR030	1012	1012	0	però:	però	_	_	_	_	_	linguistic	_	none	_	Begin=2616.962	3x1	_	_	_
1012-1	BOR030	1012	1012	1	quello	quello	_	_	_	_	_	linguistic	_	none	_	_	_	_	_	_
1012-2	BOR030	1012	1012	2	dell'	dell'	_	_	_	_	_	linguistic	_	none	SpaceAfter=No	_	_	_	_	_
1012-3	BOR030	1012	1012	3	aperto:,	aperto	_	_	_	_	_	linguistic	_	none	Intonation=WeaklyRising	_	5x1	_	_	_
1012-4	BOR030	1012	1012	4	sì	sì	_	_	_	_	_	linguistic	_	none	_	_	_	_	_	_
1012-5	BOR030	1012	1012	5	[ci	ci	_	_	_	_	_	linguistic	_	none	_	_	_	_	_	0-2(103)
1012-6	BOR030	1012	1012	6	sei	sei	_	_	_	_	_	linguistic	_	none	_	_	_	_	_	0-3(103)
1012-7	BOR030	1012	1012	7	stata]	stata	_	_	_	_	_	linguistic	_	none	_	End=2619.646	_	_	_	0-5(103)
1013-0	BOI090	1013	1013	0	[sì	sì	_	_	_	_	_	linguistic	_	none	_	Begin=2618.646	_	_	_	0-2(103)
1013-1	BOI090	1013	1013	1	assoluta]mente	assolutamente	_	_	_	_	_	linguistic	_	none	_	_	_	_	_	0-8(103)
1013-2	BOI090	1013	1013	2	perché	perché	_	_	_	_	_	linguistic	_	none	_	_	_	_	_	_
1013-3	BOI090	1013	1013	3	quello	quello	_	_	_	_	_	linguistic	_	none	_	_	_	_	_	_
1013-4	BOI090	1013	1013	4	proprio	proprio	_	_	_	_	_	linguistic	_	none	_	_	_	_	_	_
1013-5	BOI090	1013	1013	5	è:	è	_	_	_	_	_	linguistic	_	none	_	_	0x1	_	_	_
1013-6	BOI090	1013	1013	6	un	un	_	_	_	_	_	linguistic	_	none	_	_	_	_	_	_
1013-7	BOI090	1013	1013	7	tipo	tipo	_	_	_	_	_	linguistic	_	none	_	_	_	_	_	_
1013-8	BOI090	1013	1013	8	di	di	_	_	_	_	_	linguistic	_	none	_	_	_	_	_	_
1013-9	BOI090	1013	1013	9	cinema	cinema	_	_	_	_	_	linguistic	_	none	_	_	_	_	_	_
1013-10	BOI090	1013	1013	10	diverso	diverso	_	_	_	_	_	linguistic	_	none	_	_	_	_	_	_
1013-11	BOI090	1013	1013	11	ecco	ecco	_	_	_	_	_	linguistic	_	none	_	_	_	_	_	_
1013-12	BOI090	1013	1013	12	è	è	_	_	_	_	_	linguistic	_	none	_	_	_	_	_	_
1013-13	BOI090	1013	1013	13	più	più	_	_	_	_	_	linguistic	_	none	_	_	_	_	_	_
1013-14	BOI090	1013	1013	14	un'	un'	_	_	_	_	_	linguistic	_	none	SpaceAfter=No	_	_	_	_	_
1013-15	BOI090	1013	1013	15	attrazione	attrazione	_	_	_	_	_	linguistic	_	none	_	_	_	_	_	_
1013-16	BOI090	1013	1013	16	che:	che	_	_	_	_	_	linguistic	_	none	_	_	2x1	_	_	_
1013-17	BOI090	1013	1013	17	[che	che	_	_	_	_	_	linguistic	_	none	_	_	_	_	_	0-3(104)
1013-18	BOI090	1013	1013	18	u:	u	_	_	_	_	_	linguistic	_	none	_	_	0x1	_	_	0-1(104)
1013-19	BOI090	1013	1013	19	un]	un	_	_	_	_	_	linguistic	_	none	_	_	_	_	_	0-2(104)
1013-20	BOI090	1013	1013	20	cinema	cinema	_	_	_	_	_	linguistic	_	none	_	End=2625.631	_	_	_	_
1014-0	BOR030	1014	1014	0	[mhmh]	mhmh	_	_	_	_	_	linguistic	_	none	_	Begin=2624.444|End=2624.954	_	_	_	0-4(104)
1015-0	BOR030	1015	1015	0	e	e	_	_	_	_	_	linguistic	_	none	_	Begin=2625.719	_	_	_	_
1015-1	BOR030	1015	1015	1	quindi	quindi	_	_	_	_	_	linguistic	_	none	_	_	_	_	_	_
1015-2	BOR030	1015	1015	2	una	una	_	_	_	_	_	linguistic	_	none	PauseAfter=Yes	_	_	_	_	_
1015-3	BOR030	1015	1015	3	{P}	{P}	_	_	_	_	_	shortpause	_	none	_	_	_	_	_	_
1015-4	BOR030	1015	1015	4	c(io)è,	cioè	_	_	_	_	_	linguistic	_	none	Intonation=WeaklyRising	_	_	_	1-3(0)	_
1015-5	BOR030	1015	1015	5	valuti	valuti	_	_	_	_	_	linguistic	_	none	_	_	_	_	_	_
1015-6	BOR030	1015	1015	6	bene	bene	_	_	_	_	_	linguistic	_	none	_	_	_	_	_	_
1015-7	BOR030	1015	1015	7	l'	l'	_	_	_	_	_	linguistic	_	none	SpaceAfter=No	_	_	_	_	_
1015-8	BOR030	1015	1015	8	esperie:n[za]	esperienza	_	_	_	_	_	linguistic	_	none	_	End=2628.368	6x1	_	_	7-10(90)
1016-0	BOI090	1016	1016	0	[sì	sì	_	_	_	_	_	linguistic	_	none	_	Begin=2627.957	_	_	_	0-2(90)
1016-1	BOI090	1016	1016	1	as]solutamente	assolutamente	_	_	_	_	_	linguistic	_	none	_	End=2629.127	_	_	_	0-2(90)
1017-0	BOR030	1017	1017	0	d'	d'	_	_	_	_	_	linguistic	_	none	SpaceAfter=No	Begin=2629.28	_	_	_	_
1017-1	BOR030	1017	1017	1	accordo	accordo	_	_	_	_	_	linguistic	_	none	_	End=2629.884	_	_	_	_
1018-0	BOR030	1018	1018	0	mentre	mentre	_	_	_	_	_	linguistic	_	none	PauseAfter=Yes	Begin=2630.24	_	_	_	_
1018-1	BOR030	1018	1018	1	{P}	{P}	_	_	_	_	_	shortpause	_	none	_	_	_	_	_	_
1018-2	BOR030	1018	1018	2	in	in	_	_	_	_	_	linguistic	_	none	_	_	_	_	_	_
1018-3	BOR030	1018	1018	3	televisione:	televisione	_	_	_	_	_	linguistic	_	none	_	_	10x1	_	_	_
1018-4	BOR030	1018	1018	4	ci	ci	_	_	_	_	_	linguistic	_	none	_	_	_	_	_	_
1018-5	BOR030	1018	1018	5	sono:	sono	_	_	_	_	_	linguistic	_	none	_	_	3x1	_	_	_
1018-6	BOR030	1018	1018	6	programmi	programmi	_	_	_	_	_	linguistic	_	none	_	_	_	_	_	_
1018-7	BOR030	1018	1018	7	che	che	_	_	_	_	_	linguistic	_	none	_	_	_	_	_	_
1018-8	BOR030	1018	1018	8	guardi	guardi	_	_	_	_	_	linguistic	_	none	_	_	_	_	_	_
1018-9	BOR030	1018	1018	9	maga[ri]	magari	_	_	_	_	_	linguistic	_	none	_	End=2634.537	_	_	_	4-6(1)
1019-0	BOI090	1019	1019	0	[cer]to	certo	_	_	_	_	_	linguistic	_	none	_	Begin=2634.217	_	_	_	0-3(1)
1019-1	BOI090	1019	1019	1	{ride}	{ride}	_	_	_	_	_	nonverbalbehavior	_	none	_	End=2635.751	_	_	_	_
1020-0	BOI090	1020	1020	0	certo	certo	_	_	_	_	_	linguistic	_	none	_	Begin=2635.83	_	_	_	_
1020-1	BOI090	1020	1020	1	io	io	_	_	_	_	_	linguistic	_	none	_	_	_	_	_	_
1020-2	BOI090	1020	1020	2	sono:	sono	_	_	_	_	_	linguistic	_	none	_	_	3x1	_	_	_
1020-3	BOI090	1020	1020	3	io	io	_	_	_	_	_	linguistic	_	none	_	_	_	_	_	_
1020-4	BOI090	1020	1020	4	sono	sono	_	_	_	_	_	linguistic	_	none	_	_	_	_	_	_
1020-5	BOI090	1020	1020	5	amante	amante	_	_	_	_	_	linguistic	_	none	_	_	_	_	_	_
1020-6	BOI090	1020	1020	6	del	del	_	_	_	_	_	linguistic	_	none	_	_	_	_	_	_
1020-7	BOI090	1020	1020	7	gossip	gossip	_	_	_	_	_	linguistic	_	none	_	_	_	_	_	_
1020-8	BOI090	1020	1020	8	devo	devo	_	_	_	_	_	linguistic	_	none	_	_	_	_	_	_
1020-9	BOI090	1020	1020	9	dirlo	dirlo	_	_	_	_	_	linguistic	_	none	_	_	_	_	_	_
1020-10	BOI090	1020	1020	10	quindi:	quindi	_	_	_	_	_	linguistic	_	none	_	_	5x1	_	_	_
1020-11	BOI090	1020	1020	11	tipo	tipo	_	_	_	_	_	linguistic	_	none	_	_	_	_	_	_
1020-12	BOI090	1020	1020	12	tutte:	tutte	_	_	_	_	_	linguistic	_	none	_	_	4x1	_	_	_
1020-13	BOI090	1020	1020	13	tutti	tutti	_	_	_	_	_	linguistic	_	none	_	_	_	_	_	_
1020-14	BOI090	1020	1020	14	i	i	_	_	_	_	_	linguistic	_	none	_	_	_	_	_	_
1020-15	BOI090	1020	1020	15	talent,	talent	_	_	_	_	_	linguistic	_	none	Intonation=WeaklyRising	_	_	_	_	_
1020-16	BOI090	1020	1020	16	tutti	tutti	_	_	_	_	_	linguistic	_	none	_	_	_	_	_	_
1020-17	BOI090	1020	1020	17	i	i	_	_	_	_	_	linguistic	_	none	_	_	_	_	_	_
1020-18	BOI090	1020	1020	18	reality	reality	_	_	_	_	_	linguistic	_	none	_	_	_	_	_	_
1020-19	BOI090	1020	1020	19	sho:w	show	_	_	_	_	_	linguistic	_	none	_	_	2x1	_	_	_
1020-20	BOI090	1020	1020	20	per	per	_	_	_	_	_	linguistic	_	none	_	_	_	_	_	_
1020-21	BOI090	1020	1020	21	me	me	_	_	_	_	_	linguistic	_	none	_	_	_	_	_	_
1020-22	BOI090	1020	1020	22	sono:	sono	_	_	_	_	_	linguistic	_	none	_	End=2645.397	3x1	_	_	_
1021-0	BOI090	1021	1021	0	c(io)è:	cioè	_	_	_	_	_	linguistic	_	none	_	Begin=2645.953	3x1	_	1-3(0)	_
1021-1	BOI090	1021	1021	1	è	è	_	_	_	_	_	linguistic	_	none	_	_	_	_	_	_
1021-2	BOI090	1021	1021	2	il	il	_	_	_	_	_	linguistic	_	none	_	_	_	_	_	_
1021-3	BOI090	1021	1021	3	mio	mio	_	_	_	_	_	linguistic	_	none	_	_	_	_	_	_
1021-4	BOI090	1021	1021	4	venerdì	venerdì	_	_	_	_	_	linguistic	_	none	_	_	_	_	_	_
1021-5	BOI090	1021	1021	5	sera	sera	_	_	_	_	_	linguistic	_	none	_	_	_	_	_	_
1021-6	BOI090	1021	1021	6	come	come	_	_	_	_	_	linguistic	_	none	_	_	_	_	_	_
1021-7	BOI090	1021	1021	7	il	il	_	_	_	_	_	linguistic	_	none	_	_	_	_	_	_
1021-8	BOI090	1021	1021	8	mio	mio	_	_	_	_	_	linguistic	_	none	_	_	_	_	_	_
1021-9	BOI090	1021	1021	9	martedì	martedì	_	_	_	_	_	linguistic	_	none	_	_	_	_	_	_
1021-10	BOI090	1021	1021	10	sera	sera	_	_	_	_	_	linguistic	_	none	_	End=2649.803	_	_	_	_
1022-0	BOI090	1022	1022	0	assolutamente,	assolutamente	_	_	_	_	_	linguistic	_	none	Intonation=WeaklyRising	Begin=2649.887	_	_	_	_
1022-1	BOI090	1022	1022	1	guardo	guardo	_	_	_	_	_	linguistic	_	none	_	_	_	_	_	_
1022-2	BOI090	1022	1022	2	sempre	sempre	_	_	_	_	_	linguistic	_	none	_	End=2651.835	_	_	_	_
1023-0	BOR030	1023	1023	0	quindi	quindi	_	_	_	_	_	linguistic	_	none	_	Begin=2652.018	_	_	_	_
1023-1	BOR030	1023	1023	1	in	in	_	_	_	_	_	linguistic	_	none	_	_	_	_	_	_
1023-2	BOR030	1023	1023	2	quei	quei	_	_	_	_	_	linguistic	_	none	_	_	_	_	_	_
1023-3	BOR030	1023	1023	3	due	due	_	_	_	_	_	linguistic	_	none	_	_	_	_	_	_
1023-4	BOR030	1023	1023	4	periodi	periodi	_	_	_	_	_	linguistic	_	none	_	_	_	_	_	_
1023-5	BOR030	1023	1023	5	della:	della	_	_	_	_	_	linguistic	_	none	_	End=2654.23	4x1	_	_	_
1024-0	BOR030	1024	1024	0	della	della	_	_	_	_	_	linguistic	_	none	_	Begin=2654.663	_	_	_	_
1024-1	BOR030	1024	1024	1	settimana	settimana	_	_	_	_	_	linguistic	_	none	_	_	_	_	_	_
1024-2	BOR030	1024	1024	2	guardi	guardi	_	_	_	_	_	linguistic	_	none	_	_	_	_	_	_
1024-3	BOR030	1024	1024	3	la	la	_	_	_	_	_	linguistic	_	none	_	_	_	_	_	_
1024-4	BOR030	1024	1024	4	[se:ra]	sera	_	_	_	_	_	linguistic	_	none	_	_	1x1	_	_	0-4(0)
1024-5	BOR030	1024	1024	5	di	di	_	_	_	_	_	linguistic	_	none	_	End=2656.86	_	_	_	_
1025-0	BOI090	1025	1025	0	[ce~]	ce~	_	_	_	_	_	linguistic	_	none	Interrupted=Yes	Begin=2655.934|End=2656.462	_	_	_	0-3(0)
1026-0	BOI090	1026	1026	0	sì	sì	_	_	_	_	_	linguistic	_	none	_	Begin=2656.96	_	_	_	_
1026-1	BOI090	1026	1026	1	esatto	esatto	_	_	_	_	_	linguistic	_	none	_	_	_	_	_	_
1026-2	BOI090	1026	1026	2	esatto,	esatto	_	_	_	_	_	linguistic	_	none	Intonation=WeaklyRising	_	_	_	_	_
1026-3	BOI090	1026	1026	3	assolutamente	assolutamente	_	_	_	_	_	linguistic	_	none	_	_	_	_	_	_
1026-4	BOI090	1026	1026	4	poi	poi	_	_	_	_	_	linguistic	_	none	_	_	_	_	_	_
1026-5	BOI090	1026	1026	5	in	in	_	_	_	_	_	linguistic	_	none	_	_	_	_	_	_
1026-6	BOI090	1026	1026	6	realtà	realtà	_	_	_	_	_	linguistic	_	none	_	_	_	_	_	_
1026-7	BOI090	1026	1026	7	quando	quando	_	_	_	_	_	linguistic	_	none	_	_	_	_	_	_
1026-8	BOI090	1026	1026	8	ci	ci	_	_	_	_	_	linguistic	_	none	_	_	_	_	_	_
1026-9	BOI090	1026	1026	9	sono	sono	_	_	_	_	_	linguistic	_	none	_	_	_	_	_	_
1026-10	BOI090	1026	1026	10	nel	nel	_	_	_	_	_	linguistic	_	none	_	_	_	_	_	_
1026-11	BOI090	1026	1026	11	senso	senso	_	_	_	_	_	linguistic	_	none	_	_	_	_	_	_
1026-12	BOI090	1026	1026	12	che	che	_	_	_	_	_	linguistic	_	none	_	_	_	_	_	_
1026-13	BOI090	1026	1026	13	più:	più	_	_	_	_	_	linguistic	_	none	_	_	2x1	_	_	_
1026-14	BOI090	1026	1026	14	più	più	_	_	_	_	_	linguistic	_	none	_	_	_	_	_	_
1026-15	BOI090	1026	1026	15	reality	reality	_	_	_	_	_	linguistic	_	none	_	_	_	_	_	_
1026-16	BOI090	1026	1026	16	gua:rdo	guardo	_	_	_	_	_	linguistic	_	none	_	_	2x1	_	_	_
1026-17	BOI090	1026	1026	17	meglio	meglio	_	_	_	_	_	linguistic	_	none	_	_	_	_	_	_
1026-18	BOI090	1026	1026	18	è	è	_	_	_	_	_	linguistic	_	none	_	End=2663.629	_	_	_	_
1027-0	BOI090	1027	1027	0	x	x	_	_	_	_	_	unknown	_	none	Syllables=1	Begin=2663.818	_	_	_	_
1027-1	BOI090	1027	1027	1	x	x	_	_	_	_	_	unknown	_	none	Syllables=1	_	_	_	_	_
1027-2	BOI090	1027	1027	2	{ride}	{ride}	_	_	_	_	_	nonverbalbehavior	_	none	_	_	_	_	_	_
1027-3	BOI090	1027	1027	3	modo	modo	_	_	_	_	_	linguistic	_	none	_	_	_	_	_	_
1027-4	BOI090	1027	1027	4	per	per	_	_	_	_	_	linguistic	_	none	_	_	_	_	_	_
1027-5	BOI090	1027	1027	5	(passarmi	passarmi	_	_	_	_	_	linguistic	_	none	_	_	_	_	0-8(0)	_
1027-6	BOI090	1027	1027	6	il)	il	_	_	_	_	_	linguistic	_	none	_	_	_	_	0-2(0)	_
1027-7	BOI090	1027	1027	7	tempo	tempo	_	_	_	_	_	linguistic	_	none	_	End=2666.035	_	_	_	_
1028-0	BOR030	1028	1028	0	d'	d'	_	_	_	_	_	linguistic	_	none	SpaceAfter=No	Begin=2666.131	_	_	_	_
1028-1	BOR030	1028	1028	1	accordo	accordo	_	_	_	_	_	linguistic	_	none	_	End=2667.128	_	_	_	_
1029-0	BOR030	1029	1029	0	e:	e	_	_	_	_	_	linguistic	_	none	_	Begin=2667.271	0x1	_	_	_
1029-1	BOR030	1029	1029	1	usi	usi	_	_	_	_	_	linguistic	_	none	_	_	_	_	_	_
1029-2	BOR030	1029	1029	2	la	la	_	_	_	_	_	linguistic	_	none	_	_	_	_	_	_
1029-3	BOR030	1029	1029	3	televisione	televisione	_	_	_	_	_	linguistic	_	none	_	_	_	_	_	_
1029-4	BOR030	1029	1029	4	anche	anche	_	_	_	_	_	linguistic	_	none	_	_	_	_	_	_
1029-5	BOR030	1029	1029	5	per	per	_	_	_	_	_	linguistic	_	none	_	_	_	_	_	_
1029-6	BOR030	1029	1029	6	informarti	informarti	_	_	_	_	_	linguistic	_	none	_	_	_	_	_	_
1029-7	BOR030	1029	1029	7	di	di	_	_	_	_	_	linguistic	_	none	_	_	_	_	_	_
1029-8	BOR030	1029	1029	8	quello	quello	_	_	_	_	_	linguistic	_	none	_	_	_	_	_	_
1029-9	BOR030	1029	1029	9	che	che	_	_	_	_	_	linguistic	_	none	_	_	_	_	_	_
1029-10	BOR030	1029	1029	10	succede	succede	_	_	_	_	_	linguistic	_	none	_	_	_	_	_	_
1029-11	BOR030	1029	1029	11	magari	magari	_	_	_	_	_	linguistic	_	none	_	_	_	_	_	_
1029-12	BOR030	1029	1029	12	con	con	_	_	_	_	_	linguistic	_	none	_	_	_	_	_	_
1029-13	BOR030	1029	1029	13	i	i	_	_	_	_	_	linguistic	_	none	_	_	_	_	_	_
1029-14	BOR030	1029	1029	14	telegiorna:li,	telegiornali	_	_	_	_	_	linguistic	_	none	Intonation=WeaklyRising	_	9x1	_	_	_
1029-15	BOR030	1029	1029	15	o	o	_	_	_	_	_	linguistic	_	none	_	End=2672.447	_	_	_	_
1030-0	BOI090	1030	1030	0	poco	poco	_	_	_	_	_	linguistic	_	none	_	Begin=2672.609|End=2673.188	_	_	_	_
1031-0	BOI090	1031	1031	0	poco,	poco	_	_	_	_	_	linguistic	_	none	Intonation=WeaklyRising	Begin=2673.474	_	_	_	_
1031-1	BOI090	1031	1031	1	nel	nel	_	_	_	_	_	linguistic	_	none	_	_	_	_	_	_
1031-2	BOI090	1031	1031	2	senso	senso	_	_	_	_	_	linguistic	_	none	_	_	_	_	_	_
1031-3	BOI090	1031	1031	3	che	che	_	_	_	_	_	linguistic	_	none	_	_	_	_	_	_
1031-4	BOI090	1031	1031	4	magari	magari	_	_	_	_	_	linguistic	_	none	_	_	_	_	_	_
1031-5	BOI090	1031	1031	5	sì	sì	_	_	_	_	_	linguistic	_	none	_	_	_	_	_	_
1031-6	BOI090	1031	1031	6	il	il	_	_	_	_	_	linguistic	_	none	_	_	_	_	_	_
1031-7	BOI090	1031	1031	7	telegiornale	telegiornale	_	_	_	_	_	linguistic	_	none	_	_	_	_	_	_
1031-8	BOI090	1031	1031	8	lo	lo	_	_	_	_	_	linguistic	_	none	_	_	_	_	_	_
1031-9	BOI090	1031	1031	9	guardi	guardi	_	_	_	_	_	linguistic	_	none	_	_	_	_	_	_
1031-10	BOI090	1031	1031	10	la	la	_	_	_	_	_	linguistic	_	none	_	_	_	_	_	_
1031-11	BOI090	1031	1031	11	sera	sera	_	_	_	_	_	linguistic	_	none	_	_	_	_	_	_
1031-12	BOI090	1031	1031	12	quando	quando	_	_	_	_	_	linguistic	_	none	_	_	_	_	_	_
1031-13	BOI090	1031	1031	13	ceni	ceni	_	_	_	_	_	linguistic	_	none	_	_	_	_	_	_
1031-14	BOI090	1031	1031	14	con	con	_	_	_	_	_	linguistic	_	none	_	_	_	_	_	_
1031-15	BOI090	1031	1031	15	la	la	_	_	_	_	_	linguistic	_	none	_	_	_	_	_	_
1031-16	BOI090	1031	1031	16	tua	tua	_	_	_	_	_	linguistic	_	none	_	_	_	_	_	_
1031-17	BOI090	1031	1031	17	famiglia	famiglia	_	_	_	_	_	linguistic	_	none	_	End=2678.991	_	_	_	_
1032-0	BOI090	1032	1032	0	io	io	_	_	_	_	_	linguistic	_	none	_	Begin=2679.46	_	_	_	_
1032-1	BOI090	1032	1032	1	però	però	_	_	_	_	_	linguistic	_	none	PauseAfter=Yes	_	_	_	_	_
1032-2	BOI090	1032	1032	2	{P}	{P}	_	_	_	_	_	shortpause	_	none	_	_	_	_	_	_
1032-3	BOI090	1032	1032	3	preferisco	preferisco	_	_	_	_	_	linguistic	_	none	_	_	_	_	_	_
1032-4	BOI090	1032	1032	4	informarmi	informarmi	_	_	_	_	_	linguistic	_	none	_	_	_	_	_	_
1032-5	BOI090	1032	1032	5	magari	magari	_	_	_	_	_	linguistic	_	none	_	_	_	_	_	_
1032-6	BOI090	1032	1032	6	su	su	_	_	_	_	_	linguistic	_	none	_	_	_	_	_	_
1032-7	BOI090	1032	1032	7	internet	internet	_	_	_	_	_	linguistic	_	none	_	End=2682.927	_	_	_	_
1033-0	BOR030	1033	1033	0	>mhmh<	mhmh	_	_	_	_	_	linguistic	_	none	_	Begin=2683.017|End=2683.347	_	Fast=0-4(0)	_	_
1034-0	BOI090	1034	1034	0	capitano	capitano	_	_	_	_	_	linguistic	_	none	_	Begin=2683.352	_	_	_	_
1034-1	BOI090	1034	1034	1	le	le	_	_	_	_	_	linguistic	_	none	_	_	_	_	_	_
1034-2	BOI090	1034	1034	2	notizie	notizie	_	_	_	_	_	linguistic	_	none	_	_	_	_	_	_
1034-3	BOI090	1034	1034	3	anche	anche	_	_	_	_	_	linguistic	_	none	_	_	_	_	_	_
1034-4	BOI090	1034	1034	4	solo	solo	_	_	_	_	_	linguistic	_	none	_	_	_	_	_	_
1034-5	BOI090	1034	1034	5	sui	sui	_	_	_	_	_	linguistic	_	none	_	_	_	_	_	_
1034-6	BOI090	1034	1034	6	social	social	_	_	_	_	_	linguistic	_	none	_	_	_	_	_	_
1034-7	BOI090	1034	1034	7	non	non	_	_	_	_	_	linguistic	_	none	_	_	_	_	_	_
1034-8	BOI090	1034	1034	8	dico	dico	_	_	_	_	_	linguistic	_	none	_	_	_	_	_	_
1034-9	BOI090	1034	1034	9	per	per	_	_	_	_	_	linguistic	_	none	_	_	_	_	_	_
1034-10	BOI090	1034	1034	10	forza	forza	_	_	_	_	_	linguistic	_	none	_	_	_	_	_	_
1034-11	BOI090	1034	1034	11	andare	andare	_	_	_	_	_	linguistic	_	none	_	_	_	_	_	_
1034-12	BOI090	1034	1034	12	su:	su	_	_	_	_	_	linguistic	_	none	_	_	1x1	_	_	_
1034-13	BOI090	1034	1034	13	i	i	_	_	_	_	_	linguistic	_	none	_	_	_	_	_	_
1034-14	BOI090	1034	1034	14	siti	siti	_	_	_	_	_	linguistic	_	none	_	_	_	_	_	_
1034-15	BOI090	1034	1034	15	internet	internet	_	_	_	_	_	linguistic	_	none	_	_	_	_	_	_
1034-16	BOI090	1034	1034	16	proprio	proprio	_	_	_	_	_	linguistic	_	none	_	_	_	_	_	_
1034-17	BOI090	1034	1034	17	ma:	ma	_	_	_	_	_	linguistic	_	none	_	_	1x1	_	_	_
1034-18	BOI090	1034	1034	18	magari	magari	_	_	_	_	_	linguistic	_	none	_	_	_	_	_	_
1034-19	BOI090	1034	1034	19	dal	dal	_	_	_	_	_	linguistic	_	none	_	_	_	_	_	_
1034-20	BOI090	1034	1034	20	social	social	_	_	_	_	_	linguistic	_	none	_	_	_	_	_	_
1034-21	BOI090	1034	1034	21	scopri:	scopri	_	_	_	_	_	linguistic	_	none	_	End=2691.319	5x1	_	_	_
1035-0	BOI090	1035	1035	0	certi	certi	_	_	_	_	_	linguistic	_	none	_	Begin=2691.592	_	_	_	_
1035-1	BOI090	1035	1035	1	fatti	fatti	_	_	_	_	_	linguistic	_	none	_	_	_	_	_	_
1035-2	BOI090	1035	1035	2	di	di	_	_	_	_	_	linguistic	_	none	_	_	_	_	_	_
1035-3	BOI090	1035	1035	3	attualità	attualità	_	_	_	_	_	linguistic	_	none	_	_	_	_	_	_
1035-4	BOI090	1035	1035	4	e	e	_	_	_	_	_	linguistic	_	none	_	_	_	_	_	_
1035-5	BOI090	1035	1035	5	poi	poi	_	_	_	_	_	linguistic	_	none	_	_	_	_	_	_
1035-6	BOI090	1035	1035	6	ti	ti	_	_	_	_	_	linguistic	_	none	_	_	_	_	_	_
1035-7	BOI090	1035	1035	7	sposti	sposti	_	_	_	_	_	linguistic	_	none	_	_	_	_	_	_
1035-8	BOI090	1035	1035	8	[°ecco°]	ecco	_	_	_	_	_	linguistic	_	none	Volume=low	End=2694.024	_	_	_	0-4(2)
1036-0	BOR030	1036	1036	0	[mhmh]	mhmh	_	_	_	_	_	linguistic	_	none	_	Begin=2693.759|End=2694.046	_	_	_	0-4(2)
1037-0	BOR030	1037	1037	0	oltre	oltre	_	_	_	_	_	linguistic	_	none	_	Begin=2694.431	_	_	_	_
1037-1	BOR030	1037	1037	1	la	la	_	_	_	_	_	linguistic	_	none	_	_	_	_	_	_
1037-2	BOR030	1037	1037	2	televisione	televisione	_	_	_	_	_	linguistic	_	none	_	_	_	_	_	_
1037-3	BOR030	1037	1037	3	preferisci:	preferisci	_	_	_	_	_	linguistic	_	none	_	_	9x1	_	_	_
1037-4	BOR030	1037	1037	4	altre	altre	_	_	_	_	_	linguistic	_	none	_	_	_	_	_	_
1037-5	BOR030	1037	1037	5	piattaforme	piattaforme	_	_	_	_	_	linguistic	_	none	_	_	_	_	_	_
1037-6	BOR030	1037	1037	6	per	per	_	_	_	_	_	linguistic	_	none	_	_	_	_	_	_
1037-7	BOR030	1037	1037	7	in:	in	_	_	_	_	_	linguistic	_	none	_	_	1x1	_	_	_
1037-8	BOR030	1037	1037	8	per	per	_	_	_	_	_	linguistic	_	none	_	_	_	_	_	_
1037-9	BOR030	1037	1037	9	l'	l'	_	_	_	_	_	linguistic	_	none	SpaceAfter=No	_	_	_	_	_
1037-10	BOR030	1037	1037	10	intrattenimento?	intrattenimento	_	_	_	_	_	linguistic	_	none	Intonation=Rising	End=2699.301	_	_	_	_
1038-0	BOI090	1038	1038	0	>per	per	_	_	_	_	_	linguistic	_	none	_	Begin=2699.55	_	Fast=0-3(0)	_	_
1038-1	BOI090	1038	1038	1	l'	l'	_	_	_	_	_	linguistic	_	none	SpaceAfter=No	_	_	Fast=0-2(0)	_	_
1038-2	BOI090	1038	1038	2	intrattenimento<	intrattenimento	_	_	_	_	_	linguistic	_	none	_	_	_	Fast=0-15(0)	_	_
1038-3	BOI090	1038	1038	3	allora	allora	_	_	_	_	_	linguistic	_	none	_	_	_	_	_	_
1038-4	BOI090	1038	1038	4	son	son	_	_	_	_	_	linguistic	_	none	_	_	_	_	_	_
1038-5	BOI090	1038	1038	5	sempre	sempre	_	_	_	_	_	linguistic	_	none	_	_	_	_	_	_
1038-6	BOI090	1038	1038	6	legate	legate	_	_	_	_	_	linguistic	_	none	_	_	_	_	_	_
1038-7	BOI090	1038	1038	7	comunque	comunque	_	_	_	_	_	linguistic	_	none	_	_	_	_	_	_
1038-8	BOI090	1038	1038	8	alla	alla	_	_	_	_	_	linguistic	_	none	_	_	_	_	_	_
1038-9	BOI090	1038	1038	9	televisione	televisione	_	_	_	_	_	linguistic	_	none	_	End=2703.291	_	_	_	_
1039-0	BOI090	1039	1039	0	nel	nel	_	_	_	_	_	linguistic	_	none	_	Begin=2703.434	_	_	_	_
1039-1	BOI090	1039	1039	1	senso	senso	_	_	_	_	_	linguistic	_	none	_	_	_	_	_	_
1039-2	BOI090	1039	1039	2	che	che	_	_	_	_	_	linguistic	_	none	_	_	_	_	_	_
1039-3	BOI090	1039	1039	3	magari	magari	_	_	_	_	_	linguistic	_	none	_	_	_	_	_	_
1039-4	BOI090	1039	1039	4	sono	sono	_	_	_	_	_	linguistic	_	none	_	_	_	_	_	_
1039-5	BOI090	1039	1039	5	i	i	_	_	_	_	_	linguistic	_	none	_	_	_	_	_	_
1039-6	BOI090	1039	1039	6	siti:	siti	_	_	_	_	_	linguistic	_	none	_	End=2705.6	3x1	_	_	_
1040-0	BOI090	1040	1040	0	e:h	eh	_	_	_	_	_	linguistic	_	none	_	Begin=2706.126	0x1	_	_	_
1040-1	BOI090	1040	1040	1	tipo	tipo	_	_	_	_	_	linguistic	_	none	_	_	_	_	_	_
1040-2	BOI090	1040	1040	2	netflix	netflix	_	_	_	_	_	linguistic	_	none	_	End=2708.041	_	_	_	_
1041-0	BOI090	1041	1041	0	non	non	_	_	_	_	_	linguistic	_	none	_	Begin=2708.642	_	_	_	_
1041-1	BOI090	1041	1041	1	so	so	_	_	_	_	_	linguistic	_	none	_	_	_	_	_	_
1041-2	BOI090	1041	1041	2	se:	se	_	_	_	_	_	linguistic	_	none	_	_	1x1	_	_	_
1041-3	BOI090	1041	1041	3	x	x	_	_	_	_	_	unknown	_	none	Syllables=1	_	_	_	_	_
1041-4	BOI090	1041	1041	4	netflix	netflix	_	_	_	_	_	linguistic	_	none	_	_	_	_	_	_
1041-5	BOI090	1041	1041	5	o	o	_	_	_	_	_	linguistic	_	none	_	_	_	_	_	_
1041-6	BOI090	1041	1041	6	comunque	comunque	_	_	_	_	_	linguistic	_	none	_	_	_	_	_	_
1041-7	BOI090	1041	1041	7	tu:tti:	tutti	_	_	_	_	_	linguistic	_	none	_	_	1x1,4x1	_	_	_
1041-8	BOI090	1041	1041	8	i:	i	_	_	_	_	_	linguistic	_	none	_	_	0x1	_	_	_
1041-9	BOI090	1041	1041	9	posti	posti	_	_	_	_	_	linguistic	_	none	_	_	_	_	_	_
1041-10	BOI090	1041	1041	10	dove	dove	_	_	_	_	_	linguistic	_	none	_	_	_	_	_	_
1041-11	BOI090	1041	1041	11	puoi	puoi	_	_	_	_	_	linguistic	_	none	_	_	_	_	_	_
1041-12	BOI090	1041	1041	12	guardare	guardare	_	_	_	_	_	linguistic	_	none	_	_	_	_	_	_
1041-13	BOI090	1041	1041	13	serie	serie	_	_	_	_	_	linguistic	_	none	_	_	_	_	_	_
1041-14	BOI090	1041	1041	14	tv	tv	_	_	_	_	_	linguistic	_	none	_	End=2714.608	_	_	_	_
1042-0	BOI090	1042	1042	0	magari	magari	_	_	_	_	_	linguistic	_	none	_	Begin=2714.862	_	_	_	_
1042-1	BOI090	1042	1042	1	quelli	quelli	_	_	_	_	_	linguistic	_	none	_	End=2715.702	_	_	_	_
1043-0	BOI090	1043	1043	0	sì	sì	_	_	_	_	_	linguistic	_	none	_	Begin=2715.988	_	_	_	_
1043-1	BOI090	1043	1043	1	son	son	_	_	_	_	_	linguistic	_	none	_	_	_	_	_	_
1043-2	BOI090	1043	1043	2	sempre	sempre	_	_	_	_	_	linguistic	_	none	_	_	_	_	_	_
1043-3	BOI090	1043	1043	3	comunque	comunque	_	_	_	_	_	linguistic	_	none	_	_	_	_	_	_
1043-4	BOI090	1043	1043	4	legati	legati	_	_	_	_	_	linguistic	_	none	_	_	_	_	_	_
1043-5	BOI090	1043	1043	5	alla	alla	_	_	_	_	_	linguistic	_	none	_	_	_	_	_	_
1043-6	BOI090	1043	1043	6	televisione	televisione	_	_	_	_	_	linguistic	_	none	_	_	_	_	_	_
1043-7	BOI090	1043	1043	7	ma	ma	_	_	_	_	_	linguistic	_	none	_	End=2718.607	_	_	_	_
1044-0	BOI090	1044	1044	0	puoi	puoi	_	_	_	_	_	linguistic	_	none	_	Begin=2718.958	_	_	_	_
1044-1	BOI090	1044	1044	1	guardarli	guardarli	_	_	_	_	_	linguistic	_	none	_	_	_	_	_	_
1044-2	BOI090	1044	1044	2	anche	anche	_	_	_	_	_	linguistic	_	none	_	_	_	_	_	_
1044-3	BOI090	1044	1044	3	sul	sul	_	_	_	_	_	linguistic	_	none	_	_	_	_	_	_
1044-4	BOI090	1044	1044	4	telefono:	telefono	_	_	_	_	_	linguistic	_	none	_	_	7x1	_	_	_
1044-5	BOI090	1044	1044	5	smartphone	smartphone	_	_	_	_	_	linguistic	_	none	_	_	_	_	_	_
1044-6	BOI090	1044	1044	6	e	e	_	_	_	_	_	linguistic	_	none	_	_	_	_	_	_
1044-7	BOI090	1044	1044	7	così	così	_	_	_	_	_	linguistic	_	none	_	_	_	_	_	_
1044-8	BOI090	1044	1044	8	via	via	_	_	_	_	_	linguistic	_	none	_	End=2722.005	_	_	_	_
1045-0	BOI090	1045	1045	0	comunque	comunque	_	_	_	_	_	linguistic	_	none	_	Begin=2722.958	_	_	_	_
1045-1	BOI090	1045	1045	1	sì	sì	_	_	_	_	_	linguistic	_	none	PauseAfter=Yes	_	_	_	_	_
1045-2	BOI090	1045	1045	2	{P}	{P}	_	_	_	_	_	shortpause	_	none	_	_	_	_	_	_
1045-3	BOI090	1045	1045	3	quello	quello	_	_	_	_	_	linguistic	_	none	_	_	_	_	_	_
1045-4	BOI090	1045	1045	4	ecco	ecco	_	_	_	_	_	linguistic	_	none	_	End=2724.657	_	_	_	_
1046-0	BOR030	1046	1046	0	d'	d'	_	_	_	_	_	linguistic	_	none	SpaceAfter=No	Begin=2725.109	_	_	_	_
1046-1	BOR030	1046	1046	1	accordo	accordo	_	_	_	_	_	linguistic	_	none	_	End=2726.086	_	_	_	_
1047-0	BOR030	1047	1047	0	va	va	_	_	_	_	_	linguistic	_	none	_	Begin=2726.394	_	_	_	_
1047-1	BOR030	1047	1047	1	bene	bene	_	_	_	_	_	linguistic	_	none	_	_	_	_	_	_
1047-2	BOR030	1047	1047	2	allora	allora	_	_	_	_	_	linguistic	_	none	_	_	_	_	_	_
1047-3	BOR030	1047	1047	3	direi	direi	_	_	_	_	_	linguistic	_	none	_	_	_	_	_	_
1047-4	BOR030	1047	1047	4	che:	che	_	_	_	_	_	linguistic	_	none	_	_	2x1	_	_	_
1047-5	BOR030	1047	1047	5	abbiamo	abbiamo	_	_	_	_	_	linguistic	_	none	_	_	_	_	_	_
1047-6	BOR030	1047	1047	6	finito	finito	_	_	_	_	_	linguistic	_	none	_	End=2728.479	_	_	_	_
1048-0	BOI090	1048	1048	0	oka:[y]	okay	_	_	_	_	_	linguistic	_	none	_	Begin=2728.479|End=2729.039	2x1	_	_	3-4(4)
1049-0	BOR030	1049	1049	0	[e:]	e	_	_	_	_	_	linguistic	_	none	_	Begin=2728.919	0x1	_	_	0-1(4)
1049-1	BOR030	1049	1049	1	io	io	_	_	_	_	_	linguistic	_	none	_	_	_	_	_	_
1049-2	BOR030	1049	1049	2	ti	ti	_	_	_	_	_	linguistic	_	none	_	_	_	_	_	_
1049-3	BOR030	1049	1049	3	ringra:z[io]	ringrazio	_	_	_	_	_	linguistic	_	none	_	End=2730.245	5x1	_	_	7-9(5)
1050-0	BOI090	1050	1050	0	[gra]zie	grazie	_	_	_	_	_	linguistic	_	none	_	Begin=2730.047	_	_	_	0-3(5)
1050-1	BOI090	1050	1050	1	mille	mille	_	_	_	_	_	linguistic	_	none	_	End=2730.818	_	_	_	_
